season,game_id,game_date,home_team_abbrev,away_team_abbrev,home_win_probability,away_win_probability,predicted_winner_abbrev,actual_home_win,actual_winner_abbrev,is_correct_pick
20222023,2022020001,2022-10-07,NSH,SJS,0.6239,0.3761,NSH,1,NSH,1
20222023,2022020002,2022-10-08,SJS,NSH,0.081821,0.918179,NSH,0,NSH,1
20222023,2022020003,2022-10-11,NYR,TBL,0.517384,0.482616,NYR,1,NYR,1
20222023,2022020004,2022-10-11,LAK,VGK,0.531655,0.468345,LAK,0,VGK,0
20222023,2022020005,2022-10-12,WSH,BOS,0.472823,0.527177,BOS,0,BOS,1
20222023,2022020006,2022-10-12,CAR,CBJ,0.520656,0.479344,CAR,1,CAR,1
20222023,2022020007,2022-10-12,MTL,TOR,0.524747,0.475253,MTL,1,MTL,1
20222023,2022020008,2022-10-12,COL,CHI,0.613061,0.386939,COL,1,COL,1
20222023,2022020009,2022-10-12,ANA,SEA,0.55537,0.44463,ANA,1,ANA,1
20222023,2022020010,2022-10-12,EDM,VAN,0.840164,0.159836,EDM,1,EDM,1
20222023,2022020011,2022-10-13,PIT,UTA,0.610867,0.389133,PIT,1,PIT,1
20222023,2022020012,2022-10-13,PHI,NJD,0.642424,0.357576,PHI,1,PHI,1
20222023,2022020013,2022-10-13,BUF,OTT,0.474889,0.525111,OTT,1,BUF,0
20222023,2022020014,2022-10-13,NYI,FLA,0.65285,0.34715,NYI,0,FLA,0
20222023,2022020015,2022-10-13,TOR,WSH,0.623201,0.376799,TOR,1,TOR,1
20222023,2022020016,2022-10-13,NSH,DAL,0.578911,0.421089,NSH,0,DAL,0
20222023,2022020017,2022-10-13,MIN,NYR,0.566487,0.433513,MIN,0,NYR,0
20222023,2022020018,2022-10-13,CGY,COL,0.675468,0.324532,CGY,1,CGY,1
20222023,2022020019,2022-10-13,VGK,CHI,0.920952,0.079048,VGK,1,VGK,1
20222023,2022020020,2022-10-13,LAK,SEA,0.691629,0.308371,LAK,0,SEA,0
20222023,2022020021,2022-10-14,CBJ,TBL,0.441544,0.558456,TBL,0,TBL,1
20222023,2022020022,2022-10-14,DET,MTL,0.588884,0.411116,DET,1,DET,1
20222023,2022020023,2022-10-14,WPG,NYR,0.704698,0.295302,WPG,1,WPG,1
20222023,2022020024,2022-10-14,SJS,CAR,0.151353,0.848647,CAR,0,CAR,1
20222023,2022020025,2022-10-15,BUF,FLA,0.618626,0.381374,BUF,0,FLA,0
20222023,2022020026,2022-10-15,PHI,VAN,0.83366,0.16634,PHI,1,PHI,1
20222023,2022020027,2022-10-15,BOS,UTA,0.900148,0.099852,BOS,1,BOS,1
20222023,2022020028,2022-10-15,NJD,DET,0.160044,0.839956,DET,0,DET,1
20222023,2022020029,2022-10-15,WSH,MTL,0.443118,0.556882,MTL,1,WSH,0
20222023,2022020030,2022-10-15,TOR,OTT,0.728329,0.271671,TOR,1,TOR,1
20222023,2022020031,2022-10-15,PIT,TBL,0.821956,0.178044,PIT,1,PIT,1
20222023,2022020032,2022-10-15,NYI,ANA,0.515606,0.484394,NYI,1,NYI,1
20222023,2022020033,2022-10-15,STL,CBJ,0.69616,0.30384,STL,1,STL,1
20222023,2022020034,2022-10-15,MIN,LAK,0.158559,0.841441,LAK,0,LAK,1
20222023,2022020035,2022-10-15,DAL,NSH,0.679657,0.320343,DAL,1,DAL,1
20222023,2022020036,2022-10-15,EDM,CGY,0.224611,0.775389,CGY,0,CGY,1
20222023,2022020037,2022-10-15,SEA,VGK,0.18353,0.81647,VGK,0,VGK,1
20222023,2022020038,2022-10-15,SJS,CHI,0.362724,0.637276,CHI,0,CHI,1
20222023,2022020039,2022-10-17,NYR,ANA,0.893226,0.106774,NYR,1,NYR,1
20222023,2022020040,2022-10-17,TOR,UTA,0.818859,0.181141,TOR,0,UTA,0
20222023,2022020041,2022-10-17,BOS,FLA,0.359728,0.640272,FLA,1,BOS,0
20222023,2022020042,2022-10-17,MTL,PIT,0.187987,0.812013,PIT,1,MTL,0
20222023,2022020043,2022-10-17,WSH,VAN,0.492899,0.507101,VAN,1,WSH,0
20222023,2022020044,2022-10-17,DET,LAK,0.794607,0.205393,DET,0,LAK,0
20222023,2022020045,2022-10-17,MIN,COL,0.325869,0.674131,COL,0,COL,1
20222023,2022020046,2022-10-17,DAL,WPG,0.536295,0.463705,DAL,1,DAL,1
20222023,2022020047,2022-10-17,SEA,CAR,0.313354,0.686646,CAR,0,CAR,1
20222023,2022020048,2022-10-18,NJD,ANA,0.418447,0.581553,ANA,1,NJD,0
20222023,2022020049,2022-10-18,OTT,BOS,0.573884,0.426116,OTT,1,OTT,1
20222023,2022020050,2022-10-18,CBJ,VAN,0.517807,0.482193,CBJ,1,CBJ,1
20222023,2022020051,2022-10-18,NYI,SJS,0.809248,0.190752,NYI,1,NYI,1
20222023,2022020052,2022-10-18,NSH,LAK,0.61752,0.38248,NSH,0,LAK,0
20222023,2022020053,2022-10-18,TBL,PHI,0.391336,0.608664,PHI,0,PHI,1
20222023,2022020054,2022-10-18,EDM,BUF,0.577085,0.422915,EDM,0,BUF,0
20222023,2022020055,2022-10-18,CGY,VGK,0.645826,0.354174,CGY,1,CGY,1
20222023,2022020056,2022-10-19,FLA,PHI,0.451508,0.548492,PHI,1,FLA,0
20222023,2022020057,2022-10-19,COL,WPG,0.592052,0.407948,COL,0,WPG,0
20222023,2022020058,2022-10-19,SEA,STL,0.214613,0.785387,STL,0,STL,1
20222023,2022020059,2022-10-20,BOS,ANA,0.729377,0.270623,BOS,1,BOS,1
20222023,2022020060,2022-10-20,MTL,UTA,0.667135,0.332865,MTL,1,MTL,1
20222023,2022020061,2022-10-20,TOR,DAL,0.280838,0.719162,DAL,1,TOR,0
20222023,2022020062,2022-10-20,PIT,LAK,0.877029,0.122971,PIT,1,PIT,1
20222023,2022020063,2022-10-20,CBJ,NSH,0.390183,0.609817,NSH,1,CBJ,0
20222023,2022020064,2022-10-20,NYR,SJS,0.846988,0.153012,NYR,0,SJS,0
20222023,2022020065,2022-10-20,OTT,WSH,0.630219,0.369781,OTT,1,OTT,1
20222023,2022020066,2022-10-20,NYI,NJD,0.807956,0.192044,NYI,0,NJD,0
20222023,2022020067,2022-10-20,MIN,VAN,0.450418,0.549582,VAN,1,MIN,0
20222023,2022020068,2022-10-20,CGY,BUF,0.402564,0.597436,BUF,0,BUF,1
20222023,2022020069,2022-10-20,EDM,CAR,0.309761,0.690239,CAR,1,EDM,0
20222023,2022020070,2022-10-20,VGK,WPG,0.646758,0.353242,VGK,1,VGK,1
20222023,2022020071,2022-10-21,FLA,TBL,0.606268,0.393732,FLA,0,TBL,0
20222023,2022020072,2022-10-21,CHI,DET,0.100699,0.899301,DET,1,CHI,0
20222023,2022020073,2022-10-21,COL,SEA,0.867457,0.132543,COL,0,SEA,0
20222023,2022020074,2022-10-22,BOS,MIN,0.750509,0.249491,BOS,1,BOS,1
20222023,2022020075,2022-10-22,NJD,SJS,0.739178,0.260822,NJD,1,NJD,1
20222023,2022020076,2022-10-22,OTT,UTA,0.795748,0.204252,OTT,1,OTT,1
20222023,2022020077,2022-10-22,EDM,STL,0.407507,0.592493,STL,0,STL,1
20222023,2022020078,2022-10-22,MTL,DAL,0.364606,0.635394,DAL,0,DAL,1
20222023,2022020079,2022-10-22,WSH,LAK,0.423989,0.576011,LAK,1,WSH,0
20222023,2022020080,2022-10-22,TBL,NYI,0.3315,0.6685,NYI,1,TBL,0
20222023,2022020081,2022-10-22,CBJ,PIT,0.295149,0.704851,PIT,0,PIT,1
20222023,2022020082,2022-10-22,WPG,TOR,0.539993,0.460007,WPG,0,TOR,0
20222023,2022020083,2022-10-22,NSH,PHI,0.378252,0.621748,PHI,0,PHI,1
20222023,2022020084,2022-10-22,VAN,BUF,0.264076,0.735924,BUF,0,BUF,1
20222023,2022020085,2022-10-22,CGY,CAR,0.524688,0.475312,CGY,1,CGY,1
20222023,2022020086,2022-10-22,VGK,COL,0.729981,0.270019,VGK,0,COL,0
20222023,2022020087,2022-10-23,CHI,SEA,0.579505,0.420495,CHI,1,CHI,1
20222023,2022020088,2022-10-23,DET,ANA,0.662537,0.337463,DET,1,DET,1
20222023,2022020089,2022-10-23,NYR,CBJ,0.754804,0.245196,NYR,0,CBJ,0
20222023,2022020090,2022-10-23,FLA,NYI,0.578231,0.421769,FLA,1,FLA,1
20222023,2022020091,2022-10-23,PHI,SJS,0.724689,0.275311,PHI,0,SJS,0
20222023,2022020092,2022-10-24,OTT,DAL,0.470734,0.529266,DAL,1,OTT,0
20222023,2022020093,2022-10-24,NJD,WSH,0.293149,0.706851,WSH,0,WSH,1
20222023,2022020094,2022-10-24,EDM,PIT,0.374046,0.625954,PIT,1,EDM,0
20222023,2022020095,2022-10-24,WPG,STL,0.326595,0.673405,STL,1,WPG,0
20222023,2022020096,2022-10-24,VGK,TOR,0.621003,0.378997,VGK,1,VGK,1
20222023,2022020097,2022-10-24,VAN,CAR,0.221486,0.778514,CAR,0,CAR,1
20222023,2022020098,2022-10-25,CBJ,UTA,0.375026,0.624974,UTA,0,UTA,1
20222023,2022020099,2022-10-25,NYR,COL,0.539475,0.460525,NYR,0,COL,0
20222023,2022020100,2022-10-25,BOS,DAL,0.684035,0.315965,BOS,1,BOS,1
20222023,2022020101,2022-10-25,MTL,MIN,0.551165,0.448835,MTL,0,MIN,0
20222023,2022020102,2022-10-25,DET,NJD,0.799522,0.200478,DET,0,NJD,0
20222023,2022020103,2022-10-25,CHI,FLA,0.53311,0.46689,CHI,1,CHI,1
20222023,2022020104,2022-10-25,CGY,PIT,0.573045,0.426955,CGY,1,CGY,1
20222023,2022020105,2022-10-25,SEA,BUF,0.274926,0.725074,BUF,1,SEA,0
20222023,2022020106,2022-10-25,LAK,TBL,0.495815,0.504185,TBL,1,LAK,0
20222023,2022020107,2022-10-25,SJS,VGK,0.377498,0.622502,VGK,0,VGK,1
20222023,2022020108,2022-10-26,NYI,NYR,0.620565,0.379435,NYI,1,NYI,1
20222023,2022020109,2022-10-26,STL,EDM,0.590776,0.409224,STL,0,EDM,0
20222023,2022020110,2022-10-26,ANA,TBL,0.443585,0.556415,TBL,0,TBL,1
20222023,2022020111,2022-10-27,BOS,DET,0.670751,0.329249,BOS,1,BOS,1
20222023,2022020112,2022-10-27,PHI,FLA,0.447921,0.552079,FLA,1,PHI,0
20222023,2022020113,2022-10-27,OTT,MIN,0.722069,0.277931,OTT,0,MIN,0
20222023,2022020114,2022-10-27,BUF,MTL,0.686461,0.313539,BUF,0,MTL,0
20222023,2022020115,2022-10-27,NSH,STL,0.465642,0.534358,STL,1,NSH,0
20222023,2022020116,2022-10-27,CHI,EDM,0.574938,0.425062,CHI,0,EDM,0
20222023,2022020117,2022-10-27,DAL,WSH,0.621339,0.378661,DAL,1,DAL,1
20222023,2022020118,2022-10-27,SEA,VAN,0.660566,0.339434,SEA,0,VAN,0
20222023,2022020119,2022-10-27,SJS,TOR,0.379101,0.620899,TOR,1,SJS,0
20222023,2022020120,2022-10-27,LAK,WPG,0.558447,0.441553,LAK,0,WPG,0
20222023,2022020121,2022-10-28,VGK,ANA,0.913801,0.086199,VGK,1,VGK,1
20222023,2022020122,2022-10-28,CBJ,BOS,0.141573,0.858427,BOS,0,BOS,1
20222023,2022020123,2022-10-28,NJD,COL,0.509778,0.490222,NJD,1,NJD,1
20222023,2022020124,2022-10-28,CAR,NYI,0.565579,0.434421,CAR,0,NYI,0
20222023,2022020125,2022-10-28,VAN,PIT,0.166553,0.833447,PIT,1,VAN,0
20222023,2022020126,2022-10-28,UTA,WPG,0.449205,0.550795,WPG,0,WPG,1
20222023,2022020127,2022-10-29,DAL,NYR,0.308126,0.691874,NYR,0,NYR,1
20222023,2022020128,2022-10-29,FLA,OTT,0.42885,0.57115,OTT,1,FLA,0
20222023,2022020129,2022-10-29,SJS,TBL,0.412966,0.587034,TBL,0,TBL,1
20222023,2022020130,2022-10-29,PHI,CAR,0.600116,0.399884,PHI,0,CAR,0
20222023,2022020131,2022-10-29,BUF,CHI,0.593645,0.406355,BUF,1,BUF,1
20222023,2022020132,2022-10-29,DET,MIN,0.553028,0.446972,DET,1,DET,1
20222023,2022020133,2022-10-29,STL,MTL,0.580034,0.419966,STL,0,MTL,0
20222023,2022020134,2022-10-29,LAK,TOR,0.519019,0.480981,LAK,1,LAK,1
20222023,2022020135,2022-10-29,NYI,COL,0.604132,0.395868,NYI,1,NYI,1
20222023,2022020136,2022-10-29,NSH,WSH,0.578045,0.421955,NSH,0,WSH,0
20222023,2022020137,2022-10-29,CGY,EDM,0.651275,0.348725,CGY,0,EDM,0
20222023,2022020138,2022-10-29,SEA,PIT,0.459466,0.540534,PIT,1,SEA,0
20222023,2022020139,2022-10-30,NJD,CBJ,0.580553,0.419447,NJD,1,NJD,1
20222023,2022020140,2022-10-30,CHI,MIN,0.426511,0.573489,MIN,0,MIN,1
20222023,2022020141,2022-10-30,UTA,NYR,0.497985,0.502015,NYR,0,NYR,1
20222023,2022020142,2022-10-30,ANA,TOR,0.431636,0.568364,TOR,1,ANA,0
20222023,2022020143,2022-10-30,VGK,WPG,0.652942,0.347058,VGK,1,VGK,1
20222023,2022020144,2022-10-31,BUF,DET,0.646746,0.353254,BUF,1,BUF,1
20222023,2022020145,2022-10-31,CAR,WSH,0.657285,0.342715,CAR,1,CAR,1
20222023,2022020146,2022-10-31,STL,LAK,0.16606,0.83394,LAK,0,LAK,1
20222023,2022020147,2022-11-01,PIT,BOS,0.701404,0.298596,PIT,0,BOS,0
20222023,2022020148,2022-11-01,TBL,OTT,0.495332,0.504668,OTT,1,TBL,0
20222023,2022020149,2022-11-01,NYR,PHI,0.571079,0.428921,NYR,1,NYR,1
20222023,2022020150,2022-11-01,WSH,VGK,0.25448,0.74552,VGK,0,VGK,1
20222023,2022020151,2022-11-01,MIN,MTL,0.571949,0.428051,MIN,1,MIN,1
20222023,2022020152,2022-11-01,CHI,NYI,0.139889,0.860111,NYI,0,NYI,1
20222023,2022020153,2022-11-01,DAL,LAK,0.637603,0.362397,DAL,1,DAL,1
20222023,2022020154,2022-11-01,EDM,NSH,0.687333,0.312667,EDM,1,EDM,1
20222023,2022020155,2022-11-01,CGY,SEA,0.675539,0.324461,CGY,0,SEA,0
20222023,2022020156,2022-11-01,UTA,FLA,0.356939,0.643061,FLA,1,UTA,0
20222023,2022020157,2022-11-01,VAN,NJD,0.487482,0.512518,NJD,0,NJD,1
20222023,2022020158,2022-11-01,SJS,ANA,0.539088,0.460912,SJS,0,ANA,0
20222023,2022020159,2022-11-02,TOR,PHI,0.571314,0.428686,TOR,1,TOR,1
20222023,2022020160,2022-11-02,BUF,PIT,0.674862,0.325138,BUF,1,BUF,1
20222023,2022020161,2022-11-03,NYR,BOS,0.411611,0.588389,BOS,0,BOS,1
20222023,2022020162,2022-11-03,TBL,CAR,0.603921,0.396079,TBL,0,CAR,0
20222023,2022020163,2022-11-03,OTT,VGK,0.177086,0.822914,VGK,0,VGK,1
20222023,2022020164,2022-11-03,DET,WSH,0.523042,0.476958,DET,1,DET,1
20222023,2022020165,2022-11-03,WPG,MTL,0.619259,0.380741,WPG,1,WPG,1
20222023,2022020166,2022-11-03,STL,NYI,0.310772,0.689228,NYI,0,NYI,1
20222023,2022020167,2022-11-03,MIN,SEA,0.563314,0.436686,MIN,0,SEA,0
20222023,2022020168,2022-11-03,CHI,LAK,0.422437,0.577563,LAK,1,CHI,0
20222023,2022020169,2022-11-03,CGY,NSH,0.629743,0.370257,CGY,0,NSH,0
20222023,2022020170,2022-11-03,EDM,NJD,0.900315,0.099685,EDM,0,NJD,0
20222023,2022020171,2022-11-03,VAN,ANA,0.555145,0.444855,VAN,1,VAN,1
20222023,2022020172,2022-11-03,UTA,DAL,0.108141,0.891859,DAL,0,DAL,1
20222023,2022020173,2022-11-03,SJS,FLA,0.391591,0.608409,FLA,0,FLA,1
20222023,2022020174,2022-11-04,CAR,BUF,0.356281,0.643719,BUF,1,CAR,0
20222023,2022020175,2022-11-04,COL,CBJ,0.5167,0.4833,COL,1,COL,1
20222023,2022020176,2022-11-05,WPG,CHI,0.901892,0.098108,WPG,1,WPG,1
20222023,2022020177,2022-11-05,EDM,DAL,0.519607,0.480393,EDM,0,DAL,0
20222023,2022020178,2022-11-05,WSH,UTA,0.589043,0.410957,WSH,0,UTA,0
20222023,2022020179,2022-11-05,TOR,BOS,0.125193,0.874807,BOS,1,TOR,0
20222023,2022020180,2022-11-05,TBL,BUF,0.579784,0.420216,TBL,1,TBL,1
20222023,2022020181,2022-11-05,DET,NYI,0.713746,0.286254,DET,1,DET,1
20222023,2022020182,2022-11-05,OTT,PHI,0.559403,0.440597,OTT,0,PHI,0
20222023,2022020183,2022-11-05,PIT,SEA,0.464552,0.535448,SEA,0,SEA,1
20222023,2022020184,2022-11-05,MTL,VGK,0.363919,0.636081,VGK,0,VGK,1
20222023,2022020185,2022-11-05,CBJ,COL,0.377957,0.622043,COL,0,COL,1
20222023,2022020186,2022-11-05,VAN,NSH,0.510051,0.489949,VAN,0,NSH,0
20222023,2022020187,2022-11-05,CGY,NJD,0.534102,0.465898,CGY,0,NJD,0
20222023,2022020188,2022-11-05,SJS,ANA,0.496452,0.503548,ANA,0,ANA,1
20222023,2022020189,2022-11-05,LAK,FLA,0.57303,0.42697,LAK,1,LAK,1
20222023,2022020190,2022-11-06,NYR,DET,0.574918,0.425082,NYR,0,DET,0
20222023,2022020191,2022-11-06,CAR,TOR,0.749636,0.250364,CAR,0,TOR,0
20222023,2022020192,2022-11-06,ANA,FLA,0.429976,0.570024,FLA,0,FLA,1
20222023,2022020193,2022-11-07,NYI,CGY,0.57607,0.42393,NYI,1,NYI,1
20222023,2022020194,2022-11-07,BOS,STL,0.755418,0.244582,BOS,1,BOS,1
20222023,2022020195,2022-11-07,WSH,EDM,0.333881,0.666119,EDM,1,WSH,0
20222023,2022020196,2022-11-08,BUF,UTA,0.765551,0.234449,BUF,0,UTA,0
20222023,2022020197,2022-11-08,NJD,CGY,0.679152,0.320848,NJD,1,NJD,1
20222023,2022020198,2022-11-08,NYR,NYI,0.43552,0.56448,NYI,0,NYI,1
20222023,2022020199,2022-11-08,PHI,STL,0.67924,0.32076,PHI,1,PHI,1
20222023,2022020200,2022-11-08,OTT,VAN,0.476181,0.523819,VAN,0,VAN,1
20222023,2022020201,2022-11-08,TOR,VGK,0.452161,0.547839,VGK,0,VGK,1
20222023,2022020202,2022-11-08,TBL,EDM,0.610021,0.389979,TBL,0,EDM,0
20222023,2022020203,2022-11-08,DET,MTL,0.617785,0.382215,DET,0,MTL,0
20222023,2022020204,2022-11-08,WPG,DAL,0.484439,0.515561,DAL,1,WPG,0
20222023,2022020205,2022-11-08,SEA,NSH,0.854626,0.145374,SEA,1,SEA,1
20222023,2022020206,2022-11-08,LAK,MIN,0.585162,0.414838,LAK,1,LAK,1
20222023,2022020207,2022-11-09,FLA,CAR,0.461105,0.538895,CAR,1,FLA,0
20222023,2022020208,2022-11-09,WSH,PIT,0.4019,0.5981,PIT,0,PIT,1
20222023,2022020209,2022-11-09,MTL,VAN,0.386117,0.613883,VAN,1,MTL,0
20222023,2022020210,2022-11-09,ANA,MIN,0.554794,0.445206,ANA,0,MIN,0
20222023,2022020211,2022-11-10,BOS,CGY,0.711856,0.288144,BOS,1,BOS,1
20222023,2022020212,2022-11-10,CAR,EDM,0.33095,0.66905,EDM,1,CAR,0
20222023,2022020213,2022-11-10,NJD,OTT,0.337624,0.662376,OTT,1,NJD,0
20222023,2022020214,2022-11-10,CBJ,PHI,0.35171,0.64829,PHI,1,CBJ,0
20222023,2022020215,2022-11-10,BUF,VGK,0.525815,0.474185,BUF,0,VGK,0
20222023,2022020216,2022-11-10,NYI,UTA,0.825647,0.174353,NYI,0,UTA,0
20222023,2022020217,2022-11-10,DET,NYR,0.596681,0.403319,DET,0,NYR,0
20222023,2022020218,2022-11-10,STL,SJS,0.449182,0.550818,SJS,1,STL,0
20222023,2022020219,2022-11-10,COL,NSH,0.615611,0.384389,COL,1,COL,1
20222023,2022020220,2022-11-10,LAK,CHI,0.690882,0.309118,LAK,1,LAK,1
20222023,2022020221,2022-11-11,TOR,PIT,0.505408,0.494592,TOR,0,PIT,0
20222023,2022020222,2022-11-11,WSH,TBL,0.383443,0.616557,TBL,1,WSH,0
20222023,2022020223,2022-11-11,DAL,SJS,0.79568,0.20432,DAL,0,SJS,0
20222023,2022020224,2022-11-11,SEA,MIN,0.684469,0.315531,SEA,0,MIN,0
20222023,2022020225,2022-11-12,PHI,OTT,0.458623,0.541377,OTT,0,OTT,1
20222023,2022020226,2022-11-12,FLA,EDM,0.578642,0.421358,FLA,0,EDM,0
20222023,2022020227,2022-11-12,NJD,UTA,0.829425,0.170575,NJD,1,NJD,1
20222023,2022020228,2022-11-12,BUF,BOS,0.367671,0.632329,BOS,0,BOS,1
20222023,2022020229,2022-11-12,MTL,PIT,0.590989,0.409011,MTL,1,MTL,1
20222023,2022020230,2022-11-12,TOR,VAN,0.341404,0.658596,VAN,1,TOR,0
20222023,2022020231,2022-11-12,NYI,CBJ,0.786421,0.213579,NYI,1,NYI,1
20222023,2022020232,2022-11-12,NSH,NYR,0.585734,0.414266,NSH,1,NSH,1
20222023,2022020233,2022-11-12,COL,CAR,0.555899,0.444101,COL,1,COL,1
20222023,2022020234,2022-11-12,ANA,CHI,0.521684,0.478316,ANA,0,CHI,0
20222023,2022020235,2022-11-12,VGK,STL,0.8367,0.1633,VGK,0,STL,0
20222023,2022020236,2022-11-12,CGY,WPG,0.378749,0.621251,WPG,1,CGY,0
20222023,2022020237,2022-11-12,LAK,DET,0.602993,0.397007,LAK,1,LAK,1
20222023,2022020238,2022-11-13,PHI,DAL,0.215782,0.784218,DAL,0,DAL,1
20222023,2022020239,2022-11-13,NYR,UTA,0.564823,0.435177,NYR,1,NYR,1
20222023,2022020240,2022-11-13,MIN,SJS,0.611515,0.388485,MIN,0,SJS,0
20222023,2022020241,2022-11-13,BOS,VAN,0.685231,0.314769,BOS,1,BOS,1
20222023,2022020242,2022-11-13,TBL,WSH,0.867949,0.132051,TBL,1,TBL,1
20222023,2022020243,2022-11-13,SEA,WPG,0.634866,0.365134,SEA,0,WPG,0
20222023,2022020244,2022-11-14,OTT,NYI,0.40503,0.59497,NYI,0,NYI,1
20222023,2022020245,2022-11-14,CHI,CAR,0.433765,0.566235,CAR,0,CAR,1
20222023,2022020246,2022-11-14,CGY,LAK,0.556499,0.443501,CGY,1,CGY,1
20222023,2022020247,2022-11-14,COL,STL,0.762904,0.237096,COL,0,STL,0
20222023,2022020248,2022-11-15,TBL,DAL,0.489482,0.510518,DAL,1,TBL,0
20222023,2022020249,2022-11-15,MTL,NJD,0.470278,0.529722,NJD,0,NJD,1
20222023,2022020250,2022-11-15,CBJ,PHI,0.140293,0.859707,PHI,1,CBJ,0
20222023,2022020251,2022-11-15,PIT,TOR,0.606879,0.393121,PIT,0,TOR,0
20222023,2022020252,2022-11-15,BUF,VAN,0.492586,0.507414,VAN,0,VAN,1
20222023,2022020253,2022-11-15,FLA,WSH,0.615538,0.384462,FLA,1,FLA,1
20222023,2022020254,2022-11-15,NSH,MIN,0.598994,0.401006,NSH,1,NSH,1
20222023,2022020255,2022-11-15,ANA,DET,0.362447,0.637553,DET,1,ANA,0
20222023,2022020256,2022-11-15,VGK,SJS,0.694713,0.305287,VGK,0,SJS,0
20222023,2022020257,2022-11-16,OTT,BUF,0.814098,0.185902,OTT,1,OTT,1
20222023,2022020258,2022-11-16,CHI,STL,0.452504,0.547496,STL,0,STL,1
20222023,2022020259,2022-11-16,EDM,LAK,0.502013,0.497987,EDM,0,LAK,0
20222023,2022020260,2022-11-17,TBL,CGY,0.641337,0.358663,TBL,1,TBL,1
20222023,2022020261,2022-11-17,CAR,COL,0.533756,0.466244,CAR,0,COL,0
20222023,2022020262,2022-11-17,FLA,DAL,0.772783,0.227217,FLA,0,DAL,0
20222023,2022020263,2022-11-17,CBJ,MTL,0.466883,0.533117,MTL,1,CBJ,0
20222023,2022020264,2022-11-17,TOR,NJD,0.457419,0.542581,NJD,0,NJD,1
20222023,2022020265,2022-11-17,BOS,PHI,0.784705,0.215295,BOS,1,BOS,1
20222023,2022020266,2022-11-17,WPG,ANA,0.720606,0.279394,WPG,1,WPG,1
20222023,2022020267,2022-11-17,NSH,NYI,0.45259,0.54741,NYI,1,NSH,0
20222023,2022020268,2022-11-17,MIN,PIT,0.393541,0.606459,PIT,0,PIT,1
20222023,2022020269,2022-11-17,STL,WSH,0.455531,0.544469,WSH,1,STL,0
20222023,2022020270,2022-11-17,VGK,UTA,0.759722,0.240278,VGK,1,VGK,1
20222023,2022020271,2022-11-17,SEA,NYR,0.597701,0.402299,SEA,1,SEA,1
20222023,2022020272,2022-11-17,SJS,DET,0.458147,0.541853,DET,0,DET,1
20222023,2022020273,2022-11-18,VAN,LAK,0.476905,0.523095,LAK,1,VAN,0
20222023,2022020274,2022-11-19,OTT,NJD,0.151176,0.848824,NJD,0,NJD,1
20222023,2022020275,2022-11-19,FLA,CGY,0.544935,0.455065,FLA,0,CGY,0
20222023,2022020276,2022-11-19,TOR,BUF,0.509044,0.490956,TOR,1,TOR,1
20222023,2022020277,2022-11-19,BOS,CHI,0.867301,0.132699,BOS,1,BOS,1
20222023,2022020278,2022-11-19,WSH,COL,0.385379,0.614621,COL,0,COL,1
20222023,2022020279,2022-11-19,CBJ,DET,0.361198,0.638802,DET,0,DET,1
20222023,2022020280,2022-11-19,MTL,PHI,0.519329,0.480671,MTL,1,MTL,1
20222023,2022020281,2022-11-19,WPG,PIT,0.603611,0.396389,WPG,0,PIT,0
20222023,2022020282,2022-11-19,STL,ANA,0.859974,0.140026,STL,1,STL,1
20222023,2022020283,2022-11-19,MIN,CAR,0.394751,0.605249,CAR,1,MIN,0
20222023,2022020284,2022-11-19,DAL,NYI,0.500444,0.499556,DAL,1,DAL,1
20222023,2022020285,2022-11-19,NSH,TBL,0.553289,0.446711,NSH,0,TBL,0
20222023,2022020286,2022-11-19,SEA,LAK,0.64812,0.35188,SEA,1,SEA,1
20222023,2022020287,2022-11-19,EDM,VGK,0.409305,0.590695,VGK,1,EDM,0
20222023,2022020288,2022-11-19,SJS,NYR,0.457548,0.542452,NYR,0,NYR,1
20222023,2022020289,2022-11-20,CBJ,FLA,0.230965,0.769035,FLA,1,CBJ,0
20222023,2022020290,2022-11-20,CHI,PIT,0.218116,0.781884,PIT,0,PIT,1
20222023,2022020291,2022-11-21,TBL,BOS,0.509027,0.490973,TBL,0,BOS,0
20222023,2022020292,2022-11-21,PHI,CGY,0.377198,0.622802,CGY,0,CGY,1
20222023,2022020293,2022-11-21,NJD,EDM,0.811267,0.188733,NJD,1,NJD,1
20222023,2022020294,2022-11-21,WPG,CAR,0.579321,0.420679,WPG,1,WPG,1
20222023,2022020295,2022-11-21,TOR,NYI,0.391093,0.608907,NYI,0,NYI,1
20222023,2022020296,2022-11-21,STL,ANA,0.663682,0.336318,STL,1,STL,1
20222023,2022020297,2022-11-21,NSH,UTA,0.63203,0.36797,NSH,1,NSH,1
20222023,2022020298,2022-11-21,DAL,COL,0.650073,0.349927,DAL,0,COL,0
20222023,2022020299,2022-11-21,SJS,OTT,0.809443,0.190557,SJS,1,SJS,1
20222023,2022020300,2022-11-21,VAN,VGK,0.43074,0.56926,VGK,0,VGK,1
20222023,2022020301,2022-11-22,MTL,BUF,0.494243,0.505757,BUF,0,BUF,1
20222023,2022020302,2022-11-22,LAK,NYR,0.521711,0.478289,LAK,0,NYR,0
20222023,2022020303,2022-11-23,CAR,UTA,0.643522,0.356478,CAR,0,UTA,0
20222023,2022020304,2022-11-23,FLA,BOS,0.341331,0.658669,BOS,1,FLA,0
20222023,2022020305,2022-11-23,PIT,CGY,0.645424,0.354576,PIT,1,PIT,1
20222023,2022020306,2022-11-23,CBJ,MTL,0.563808,0.436192,CBJ,0,MTL,0
20222023,2022020307,2022-11-23,BUF,STL,0.420561,0.579439,STL,1,BUF,0
20222023,2022020308,2022-11-23,NJD,TOR,0.767739,0.232261,NJD,0,TOR,0
20222023,2022020309,2022-11-23,MIN,WPG,0.437014,0.562986,WPG,1,MIN,0
20222023,2022020310,2022-11-23,NYI,EDM,0.702894,0.297106,NYI,1,NYI,1
20222023,2022020311,2022-11-23,DET,NSH,0.636422,0.363578,DET,1,DET,1
20222023,2022020312,2022-11-23,WSH,PHI,0.496425,0.503575,PHI,1,WSH,0
20222023,2022020313,2022-11-23,DAL,CHI,0.761752,0.238248,DAL,1,DAL,1
20222023,2022020314,2022-11-23,ANA,NYR,0.492889,0.507111,NYR,1,ANA,0
20222023,2022020315,2022-11-23,VGK,OTT,0.711381,0.288619,VGK,1,VGK,1
20222023,2022020316,2022-11-23,SEA,SJS,0.698271,0.301729,SEA,1,SEA,1
20222023,2022020317,2022-11-23,COL,VAN,0.664456,0.335544,COL,0,VAN,0
20222023,2022020318,2022-11-25,BOS,CAR,0.382283,0.617717,CAR,1,BOS,0
20222023,2022020319,2022-11-25,WSH,CGY,0.441327,0.558673,CGY,1,WSH,0
20222023,2022020321,2022-11-25,CHI,MTL,0.395109,0.604891,MTL,0,MTL,1
20222023,2022020322,2022-11-25,MIN,TOR,0.586667,0.413333,MIN,0,TOR,0
20222023,2022020323,2022-11-25,ANA,OTT,0.509281,0.490719,ANA,0,OTT,0
20222023,2022020324,2022-11-25,PHI,PIT,0.094548,0.905452,PIT,0,PIT,1
20222023,2022020325,2022-11-25,DET,UTA,0.770515,0.229485,DET,1,DET,1
20222023,2022020326,2022-11-25,CBJ,NYI,0.335252,0.664748,NYI,0,NYI,1
20222023,2022020327,2022-11-25,BUF,NJD,0.472297,0.527703,NJD,0,NJD,1
20222023,2022020328,2022-11-25,TBL,STL,0.614703,0.385297,TBL,1,TBL,1
20222023,2022020329,2022-11-25,VGK,SEA,0.616157,0.383843,VGK,0,SEA,0
20222023,2022020330,2022-11-25,DAL,WPG,0.695517,0.304483,DAL,0,WPG,0
20222023,2022020331,2022-11-25,SJS,LAK,0.458868,0.541132,LAK,0,LAK,1
20222023,2022020332,2022-11-26,NYR,EDM,0.555063,0.444937,NYR,0,EDM,0
20222023,2022020333,2022-11-26,CAR,CGY,0.361326,0.638674,CGY,1,CAR,0
20222023,2022020334,2022-11-26,FLA,STL,0.882665,0.117335,FLA,0,STL,0
20222023,2022020335,2022-11-26,PIT,TOR,0.668234,0.331766,PIT,0,TOR,0
20222023,2022020336,2022-11-26,NJD,WSH,0.679019,0.320981,NJD,1,NJD,1
20222023,2022020337,2022-11-26,NYI,PHI,0.626789,0.373211,NYI,1,NYI,1
20222023,2022020339,2022-11-26,COL,DAL,0.456291,0.543709,DAL,1,COL,0
20222023,2022020340,2022-11-26,VGK,VAN,0.503831,0.496169,VGK,0,VAN,0
20222023,2022020341,2022-11-27,MIN,UTA,0.615432,0.384568,MIN,1,MIN,1
20222023,2022020342,2022-11-27,CHI,WPG,0.311157,0.688843,WPG,0,WPG,1
20222023,2022020343,2022-11-27,ANA,SEA,0.13882,0.86118,SEA,0,SEA,1
20222023,2022020344,2022-11-27,SJS,VAN,0.530537,0.469463,SJS,0,VAN,0
20222023,2022020345,2022-11-27,LAK,OTT,0.62405,0.37595,LAK,0,OTT,0
20222023,2022020346,2022-11-28,NYR,NJD,0.431955,0.568045,NJD,0,NJD,1
20222023,2022020347,2022-11-28,BUF,TBL,0.423586,0.576414,TBL,0,TBL,1
20222023,2022020348,2022-11-28,DET,TOR,0.388652,0.611348,TOR,0,TOR,1
20222023,2022020349,2022-11-28,CBJ,VGK,0.316748,0.683252,VGK,0,VGK,1
20222023,2022020350,2022-11-28,STL,DAL,0.382837,0.617163,DAL,0,DAL,1
20222023,2022020351,2022-11-28,EDM,FLA,0.55301,0.44699,EDM,1,EDM,1
20222023,2022020352,2022-11-29,PIT,CAR,0.607374,0.392626,PIT,0,CAR,0
20222023,2022020353,2022-11-29,PHI,NYI,0.288311,0.711689,NYI,1,PHI,0
20222023,2022020354,2022-11-29,MTL,SJS,0.505826,0.494174,MTL,0,SJS,0
20222023,2022020355,2022-11-29,BOS,TBL,0.718645,0.281355,BOS,1,BOS,1
20222023,2022020356,2022-11-29,NSH,ANA,0.604219,0.395781,NSH,1,NSH,1
20222023,2022020357,2022-11-29,WPG,COL,0.563793,0.436207,WPG,1,WPG,1
20222023,2022020358,2022-11-29,CGY,FLA,0.577785,0.422215,CGY,1,CGY,1
20222023,2022020359,2022-11-29,VAN,WSH,0.682247,0.317753,VAN,0,WSH,0
20222023,2022020360,2022-11-29,LAK,SEA,0.213262,0.786738,SEA,0,SEA,1
20222023,2022020361,2022-11-30,DET,BUF,0.579306,0.420694,DET,0,BUF,0
20222023,2022020362,2022-11-30,OTT,NYR,0.486086,0.513914,NYR,0,NYR,1
20222023,2022020363,2022-11-30,TOR,SJS,0.697348,0.302652,TOR,1,TOR,1
20222023,2022020364,2022-11-30,CHI,EDM,0.327262,0.672738,EDM,0,EDM,1
20222023,2022020365,2022-12-01,BUF,COL,0.404819,0.595181,COL,0,COL,1
20222023,2022020366,2022-12-01,NJD,NSH,0.701598,0.298402,NJD,0,NSH,0
20222023,2022020367,2022-12-01,PHI,TBL,0.371247,0.628753,TBL,0,TBL,1
20222023,2022020368,2022-12-01,PIT,VGK,0.538859,0.461141,PIT,1,PIT,1
20222023,2022020369,2022-12-01,STL,CAR,0.82279,0.17721,STL,0,CAR,0
20222023,2022020370,2022-12-01,MIN,EDM,0.649363,0.350637,MIN,1,MIN,1
20222023,2022020371,2022-12-01,DAL,ANA,0.769112,0.230888,DAL,1,DAL,1
20222023,2022020372,2022-12-01,CGY,MTL,0.673317,0.326683,CGY,0,MTL,0
20222023,2022020373,2022-12-01,VAN,FLA,0.223171,0.776829,FLA,0,FLA,1
20222023,2022020374,2022-12-01,SEA,WSH,0.794021,0.205979,SEA,1,SEA,1
20222023,2022020375,2022-12-01,LAK,UTA,0.667326,0.332674,LAK,1,LAK,1
20222023,2022020376,2022-12-02,NYR,OTT,0.608273,0.391727,NYR,0,OTT,0
20222023,2022020377,2022-12-02,NYI,NSH,0.734345,0.265655,NYI,0,NSH,0
20222023,2022020378,2022-12-02,WPG,CBJ,0.751209,0.248791,WPG,0,CBJ,0
20222023,2022020379,2022-12-03,MIN,ANA,0.686566,0.313434,MIN,1,MIN,1
20222023,2022020380,2022-12-03,BOS,COL,0.742131,0.257869,BOS,1,BOS,1
20222023,2022020381,2022-12-03,EDM,MTL,0.644307,0.355693,EDM,1,EDM,1
20222023,2022020382,2022-12-03,PHI,NJD,0.352809,0.647191,NJD,0,NJD,1
20222023,2022020383,2022-12-03,OTT,SJS,0.383412,0.616588,SJS,1,OTT,0
20222023,2022020384,2022-12-03,PIT,STL,0.888433,0.111567,PIT,1,PIT,1
20222023,2022020385,2022-12-03,TBL,TOR,0.688707,0.311293,TBL,1,TBL,1
20222023,2022020386,2022-12-03,DET,VGK,0.496095,0.503905,VGK,0,VGK,1
20222023,2022020387,2022-12-03,NYR,CHI,0.770853,0.229147,NYR,0,CHI,0
20222023,2022020388,2022-12-03,VAN,UTA,0.599974,0.400026,VAN,1,VAN,1
20222023,2022020389,2022-12-03,SEA,FLA,0.402182,0.597818,FLA,0,FLA,1
20222023,2022020390,2022-12-03,CGY,WSH,0.878654,0.121346,CGY,1,CGY,1
20222023,2022020391,2022-12-03,LAK,CAR,0.636782,0.363218,LAK,0,CAR,0
20222023,2022020392,2022-12-04,WPG,ANA,0.756421,0.243579,WPG,1,WPG,1
20222023,2022020393,2022-12-04,DAL,MIN,0.439653,0.560347,MIN,0,MIN,1
20222023,2022020394,2022-12-04,CBJ,DET,0.519447,0.480553,CBJ,0,DET,0
20222023,2022020395,2022-12-04,BUF,SJS,0.668067,0.331933,BUF,1,BUF,1
20222023,2022020396,2022-12-04,NYI,CHI,0.794048,0.205952,NYI,1,NYI,1
20222023,2022020397,2022-12-05,PHI,COL,0.360823,0.639177,COL,1,PHI,0
20222023,2022020398,2022-12-05,NYR,STL,0.484641,0.515359,STL,1,NYR,0
20222023,2022020399,2022-12-05,BOS,VGK,0.747241,0.252759,BOS,0,VGK,0
20222023,2022020400,2022-12-05,EDM,WSH,0.66686,0.33314,EDM,0,WSH,0
20222023,2022020401,2022-12-05,CGY,UTA,0.651697,0.348303,CGY,1,CGY,1
20222023,2022020402,2022-12-05,VAN,MTL,0.293959,0.706041,MTL,1,VAN,0
20222023,2022020403,2022-12-06,NJD,CHI,0.792913,0.207087,NJD,1,NJD,1
20222023,2022020404,2022-12-06,PIT,CBJ,0.637293,0.362707,PIT,1,PIT,1
20222023,2022020405,2022-12-06,TBL,DET,0.663097,0.336903,TBL,0,DET,0
20222023,2022020406,2022-12-06,OTT,LAK,0.191484,0.808516,LAK,0,LAK,1
20222023,2022020407,2022-12-06,NYI,STL,0.724281,0.275719,NYI,0,STL,0
20222023,2022020408,2022-12-06,WPG,FLA,0.894917,0.105083,WPG,1,WPG,1
20222023,2022020409,2022-12-06,DAL,TOR,0.628351,0.371649,DAL,0,TOR,0
20222023,2022020410,2022-12-06,ANA,CAR,0.367764,0.632236,CAR,1,ANA,0
20222023,2022020411,2022-12-06,SEA,MTL,0.761685,0.238315,SEA,0,MTL,0
20222023,2022020412,2022-12-07,CBJ,BUF,0.085827,0.914173,BUF,0,BUF,1
20222023,2022020413,2022-12-07,PHI,WSH,0.611678,0.388322,PHI,0,WSH,0
20222023,2022020414,2022-12-07,CGY,MIN,0.607469,0.392531,CGY,1,CGY,1
20222023,2022020415,2022-12-07,COL,BOS,0.322154,0.677846,BOS,0,BOS,1
20222023,2022020416,2022-12-07,EDM,UTA,0.584582,0.415418,EDM,1,EDM,1
20222023,2022020417,2022-12-07,VGK,NYR,0.564655,0.435345,VGK,0,NYR,0
20222023,2022020418,2022-12-07,SJS,VAN,0.14877,0.85123,VAN,0,VAN,1
20222023,2022020419,2022-12-08,FLA,DET,0.562513,0.437487,FLA,1,FLA,1
20222023,2022020420,2022-12-08,TOR,LAK,0.507861,0.492139,TOR,1,TOR,1
20222023,2022020421,2022-12-08,TBL,NSH,0.637857,0.362143,TBL,1,TBL,1
20222023,2022020422,2022-12-08,STL,WPG,0.387216,0.612784,WPG,0,WPG,1
20222023,2022020423,2022-12-08,DAL,OTT,0.688389,0.311611,DAL,1,DAL,1
20222023,2022020424,2022-12-09,CBJ,CGY,0.128649,0.871351,CGY,1,CBJ,0
20222023,2022020425,2022-12-09,NJD,NYI,0.263123,0.736877,NYI,0,NYI,1
20222023,2022020426,2022-12-09,BUF,PIT,0.590878,0.409122,BUF,0,PIT,0
20222023,2022020427,2022-12-09,WSH,SEA,0.365569,0.634431,SEA,1,WSH,0
20222023,2022020428,2022-12-09,CHI,WPG,0.319911,0.680089,WPG,0,WPG,1
20222023,2022020429,2022-12-09,EDM,MIN,0.582582,0.417418,EDM,1,EDM,1
20222023,2022020430,2022-12-09,COL,NYR,0.46051,0.53949,NYR,0,NYR,1
20222023,2022020431,2022-12-09,UTA,BOS,0.232654,0.767346,BOS,1,UTA,0
20222023,2022020432,2022-12-09,VGK,PHI,0.630528,0.369472,VGK,1,VGK,1
20222023,2022020433,2022-12-09,ANA,SJS,0.18176,0.81824,SJS,0,SJS,1
20222023,2022020434,2022-12-10,NSH,OTT,0.576098,0.423902,NSH,0,OTT,0
20222023,2022020435,2022-12-10,DAL,DET,0.665448,0.334552,DAL,1,DAL,1
20222023,2022020436,2022-12-10,TBL,FLA,0.610555,0.389445,TBL,1,TBL,1
20222023,2022020437,2022-12-10,PIT,BUF,0.557091,0.442909,PIT,1,PIT,1
20222023,2022020438,2022-12-10,TOR,CGY,0.531846,0.468154,TOR,1,TOR,1
20222023,2022020439,2022-12-10,MTL,LAK,0.400427,0.599573,LAK,0,LAK,1
20222023,2022020440,2022-12-10,NYI,CAR,0.433163,0.566837,CAR,0,CAR,1
20222023,2022020441,2022-12-10,VAN,MIN,0.576109,0.423891,VAN,0,MIN,0
20222023,2022020442,2022-12-11,STL,COL,0.495623,0.504377,COL,0,COL,1
20222023,2022020443,2022-12-11,CBJ,LAK,0.536503,0.463497,CBJ,1,CBJ,1
20222023,2022020444,2022-12-11,FLA,SEA,0.303812,0.696188,SEA,0,SEA,1
20222023,2022020445,2022-12-11,UTA,PHI,0.515899,0.484101,UTA,1,UTA,1
20222023,2022020446,2022-12-11,WPG,WSH,0.743726,0.256274,WPG,0,WSH,0
20222023,2022020447,2022-12-11,VGK,BOS,0.37759,0.62241,BOS,0,BOS,1
20222023,2022020448,2022-12-12,MTL,CGY,0.378118,0.621882,CGY,1,MTL,0
20222023,2022020449,2022-12-12,PIT,DAL,0.578705,0.421295,PIT,1,PIT,1
20222023,2022020450,2022-12-12,NYR,NJD,0.458159,0.541841,NJD,1,NYR,0
20222023,2022020451,2022-12-12,OTT,ANA,0.661988,0.338012,OTT,1,OTT,1
20222023,2022020452,2022-12-12,MIN,EDM,0.544213,0.455787,MIN,1,MIN,1
20222023,2022020453,2022-12-12,STL,NSH,0.236907,0.763093,NSH,1,STL,0
20222023,2022020454,2022-12-13,TOR,ANA,0.921302,0.078698,TOR,1,TOR,1
20222023,2022020455,2022-12-13,FLA,CBJ,0.613149,0.386851,FLA,1,FLA,1
20222023,2022020456,2022-12-13,NJD,DAL,0.44078,0.55922,DAL,0,DAL,1
20222023,2022020457,2022-12-13,BUF,LAK,0.507153,0.492847,BUF,1,BUF,1
20222023,2022020458,2022-12-13,BOS,NYI,0.692757,0.307243,BOS,1,BOS,1
20222023,2022020459,2022-12-13,TBL,SEA,0.881475,0.118525,TBL,1,TBL,1
20222023,2022020460,2022-12-13,DET,CAR,0.53025,0.46975,DET,0,CAR,0
20222023,2022020461,2022-12-13,NSH,EDM,0.336769,0.663231,EDM,0,EDM,1
20222023,2022020462,2022-12-13,WPG,VGK,0.647739,0.352261,WPG,0,VGK,0
20222023,2022020463,2022-12-13,CHI,WSH,0.400533,0.599467,WSH,0,WSH,1
20222023,2022020464,2022-12-13,COL,PHI,0.542959,0.457041,COL,1,COL,1
20222023,2022020465,2022-12-13,SJS,UTA,0.574701,0.425299,SJS,1,SJS,1
20222023,2022020466,2022-12-14,OTT,MTL,0.668655,0.331345,OTT,1,OTT,1
20222023,2022020467,2022-12-14,MIN,DET,0.707689,0.292311,MIN,1,MIN,1
20222023,2022020468,2022-12-14,CGY,VAN,0.58441,0.41559,CGY,0,VAN,0
20222023,2022020469,2022-12-15,MTL,ANA,0.365782,0.634218,ANA,0,ANA,1
20222023,2022020470,2022-12-15,TBL,CBJ,0.744788,0.255212,TBL,1,TBL,1
20222023,2022020471,2022-12-15,WSH,DAL,0.493862,0.506138,DAL,0,DAL,1
20222023,2022020472,2022-12-15,BOS,LAK,0.730208,0.269792,BOS,0,LAK,0
20222023,2022020473,2022-12-15,NJD,PHI,0.628986,0.371014,NJD,0,PHI,0
20222023,2022020474,2022-12-15,FLA,PIT,0.820538,0.179462,FLA,0,PIT,0
20222023,2022020475,2022-12-15,CAR,SEA,0.509088,0.490912,CAR,1,CAR,1
20222023,2022020476,2022-12-15,NYR,TOR,0.565017,0.434983,NYR,1,NYR,1
20222023,2022020477,2022-12-15,WPG,NSH,0.631772,0.368228,WPG,1,WPG,1
20222023,2022020478,2022-12-15,CHI,VGK,0.3598,0.6402,VGK,0,VGK,1
20222023,2022020479,2022-12-15,COL,BUF,0.230482,0.769518,BUF,0,BUF,1
20222023,2022020480,2022-12-15,EDM,STL,0.658575,0.341425,EDM,0,STL,0
20222023,2022020481,2022-12-16,MIN,CHI,0.818945,0.181055,MIN,1,MIN,1
20222023,2022020482,2022-12-16,CGY,STL,0.678022,0.321978,CGY,0,STL,0
20222023,2022020483,2022-12-16,UTA,NYI,0.351076,0.648924,NYI,1,UTA,0
20222023,2022020484,2022-12-17,BOS,CBJ,0.773678,0.226322,BOS,1,BOS,1
20222023,2022020485,2022-12-17,DET,OTT,0.521464,0.478536,DET,0,OTT,0
20222023,2022020486,2022-12-17,EDM,ANA,0.698802,0.301198,EDM,0,ANA,0
20222023,2022020487,2022-12-17,CAR,DAL,0.533294,0.466706,CAR,1,CAR,1
20222023,2022020488,2022-12-17,NJD,FLA,0.533286,0.466714,NJD,0,FLA,0
20222023,2022020489,2022-12-17,PHI,NYR,0.433309,0.566691,NYR,0,NYR,1
20222023,2022020490,2022-12-17,MTL,TBL,0.338314,0.661686,TBL,0,TBL,1
20222023,2022020491,2022-12-17,WSH,TOR,0.444284,0.555716,TOR,1,WSH,0
20222023,2022020492,2022-12-17,UTA,BUF,0.322431,0.677569,BUF,0,BUF,1
20222023,2022020493,2022-12-17,COL,NSH,0.513492,0.486508,COL,1,COL,1
20222023,2022020494,2022-12-17,VGK,NYI,0.858864,0.141136,VGK,0,NYI,0
20222023,2022020495,2022-12-17,VAN,WPG,0.48947,0.51053,WPG,0,WPG,1
20222023,2022020496,2022-12-17,LAK,SJS,0.614413,0.385587,LAK,1,LAK,1
20222023,2022020497,2022-12-18,MIN,OTT,0.777373,0.222627,MIN,1,MIN,1
20222023,2022020498,2022-12-18,CAR,PIT,0.422401,0.577599,PIT,1,CAR,0
20222023,2022020499,2022-12-18,CHI,NYR,0.344489,0.655511,NYR,0,NYR,1
20222023,2022020500,2022-12-18,SEA,WPG,0.607805,0.392195,SEA,1,SEA,1
20222023,2022020501,2022-12-18,SJS,CGY,0.264807,0.735193,CGY,0,CGY,1
20222023,2022020502,2022-12-19,CBJ,DAL,0.32915,0.67085,DAL,0,DAL,1
20222023,2022020503,2022-12-19,WSH,DET,0.576422,0.423578,WSH,1,WSH,1
20222023,2022020504,2022-12-19,BOS,FLA,0.740823,0.259177,BOS,1,BOS,1
20222023,2022020505,2022-12-19,NSH,EDM,0.370314,0.629686,EDM,1,NSH,0
20222023,2022020506,2022-12-19,COL,NYI,0.491184,0.508816,NYI,1,COL,0
20222023,2022020507,2022-12-19,VGK,BUF,0.532541,0.467459,VGK,0,BUF,0
20222023,2022020508,2022-12-19,UTA,MTL,0.517969,0.482031,UTA,0,MTL,0
20222023,2022020509,2022-12-19,VAN,STL,0.530303,0.469697,VAN,0,STL,0
20222023,2022020510,2022-12-20,PHI,CBJ,0.674301,0.325699,PHI,1,PHI,1
20222023,2022020511,2022-12-20,PIT,NYR,0.58699,0.41301,PIT,1,PIT,1
20222023,2022020512,2022-12-20,CAR,NJD,0.824249,0.175751,CAR,1,CAR,1
20222023,2022020513,2022-12-20,TOR,TBL,0.446215,0.553785,TBL,1,TOR,0
20222023,2022020514,2022-12-20,WPG,OTT,0.631318,0.368682,WPG,1,WPG,1
20222023,2022020515,2022-12-20,SEA,STL,0.744332,0.255668,SEA,1,SEA,1
20222023,2022020516,2022-12-20,LAK,ANA,0.643018,0.356982,LAK,1,LAK,1
20222023,2022020517,2022-12-20,SJS,CGY,0.417699,0.582301,CGY,0,CGY,1
20222023,2022020518,2022-12-21,FLA,NJD,0.549851,0.450149,FLA,0,NJD,0
20222023,2022020519,2022-12-21,DET,TBL,0.351394,0.648606,TBL,1,DET,0
20222023,2022020520,2022-12-21,COL,MTL,0.671237,0.328763,COL,1,COL,1
20222023,2022020521,2022-12-21,CHI,NSH,0.299918,0.700082,NSH,0,NSH,1
20222023,2022020522,2022-12-21,DAL,EDM,0.570989,0.429011,DAL,0,EDM,0
20222023,2022020523,2022-12-21,VGK,UTA,0.604939,0.395061,VGK,1,VGK,1
20222023,2022020524,2022-12-21,ANA,MIN,0.232532,0.767468,MIN,0,MIN,1
20222023,2022020525,2022-12-22,TOR,PHI,0.62996,0.37004,TOR,1,TOR,1
20222023,2022020526,2022-12-22,PIT,CAR,0.653734,0.346266,PIT,0,CAR,0
20222023,2022020527,2022-12-22,NYR,NYI,0.553618,0.446382,NYR,1,NYR,1
20222023,2022020528,2022-12-22,OTT,WSH,0.506278,0.493722,OTT,0,WSH,0
20222023,2022020529,2022-12-22,BOS,WPG,0.67812,0.32188,BOS,1,BOS,1
20222023,2022020530,2022-12-22,VAN,SEA,0.449474,0.550526,SEA,1,VAN,0
20222023,2022020531,2022-12-22,LAK,CGY,0.547061,0.452939,LAK,1,LAK,1
20222023,2022020532,2022-12-22,SJS,MIN,0.487332,0.512668,MIN,1,SJS,0
20222023,2022020533,2022-12-23,NJD,BOS,0.170336,0.829664,BOS,0,BOS,1
20222023,2022020535,2022-12-23,CAR,PHI,0.900897,0.099103,CAR,1,CAR,1
20222023,2022020537,2022-12-23,WSH,WPG,0.423954,0.576046,WPG,1,WSH,0
20222023,2022020538,2022-12-23,NYI,FLA,0.447765,0.552235,FLA,1,NYI,0
20222023,2022020539,2022-12-23,NSH,COL,0.609844,0.390156,NSH,0,COL,0
20222023,2022020540,2022-12-23,CHI,CBJ,0.710354,0.289646,CHI,1,CHI,1
20222023,2022020541,2022-12-23,DAL,MTL,0.719938,0.280062,DAL,1,DAL,1
20222023,2022020542,2022-12-23,EDM,VAN,0.725844,0.274156,EDM,0,VAN,0
20222023,2022020543,2022-12-23,UTA,LAK,0.508106,0.491894,UTA,1,UTA,1
20222023,2022020544,2022-12-23,ANA,CGY,0.420978,0.579022,CGY,0,CGY,1
20222023,2022020545,2022-12-23,VGK,STL,0.608594,0.391406,VGK,1,VGK,1
20222023,2022020546,2022-12-27,OTT,BOS,0.307962,0.692038,BOS,1,OTT,0
20222023,2022020548,2022-12-27,CAR,CHI,0.842491,0.157509,CAR,1,CAR,1
20222023,2022020549,2022-12-27,NYR,WSH,0.610669,0.389331,NYR,0,WSH,0
20222023,2022020550,2022-12-27,NYI,PIT,0.535183,0.464817,NYI,1,NYI,1
20222023,2022020551,2022-12-27,NSH,DAL,0.359429,0.640571,DAL,0,DAL,1
20222023,2022020552,2022-12-27,WPG,MIN,0.484912,0.515088,MIN,0,MIN,1
20222023,2022020553,2022-12-27,STL,TOR,0.482794,0.517206,TOR,0,TOR,1
20222023,2022020554,2022-12-27,UTA,COL,0.530714,0.469286,UTA,1,UTA,1
20222023,2022020555,2022-12-27,CGY,EDM,0.586186,0.413814,CGY,0,EDM,0
20222023,2022020556,2022-12-27,VAN,SJS,0.559655,0.440345,VAN,1,VAN,1
20222023,2022020557,2022-12-27,LAK,VGK,0.499988,0.500012,VGK,1,LAK,0
20222023,2022020558,2022-12-28,NJD,BOS,0.390266,0.609734,BOS,0,BOS,1
20222023,2022020559,2022-12-28,TBL,MTL,0.763523,0.236477,TBL,1,TBL,1
20222023,2022020560,2022-12-28,PIT,DET,0.769249,0.230751,PIT,0,DET,0
20222023,2022020561,2022-12-28,SEA,CGY,0.575189,0.424811,SEA,0,CGY,0
20222023,2022020562,2022-12-28,ANA,VGK,0.761285,0.238715,ANA,1,ANA,1
20222023,2022020563,2022-12-29,BUF,DET,0.703329,0.296671,BUF,1,BUF,1
20222023,2022020564,2022-12-29,FLA,MTL,0.726509,0.273491,FLA,1,FLA,1
20222023,2022020565,2022-12-29,TBL,NYR,0.447906,0.552094,NYR,1,TBL,0
20222023,2022020566,2022-12-29,WSH,OTT,0.654972,0.345028,WSH,0,OTT,0
20222023,2022020567,2022-12-29,NYI,CBJ,0.806261,0.193739,NYI,1,NYI,1
20222023,2022020568,2022-12-29,STL,CHI,0.658882,0.341118,STL,1,STL,1
20222023,2022020569,2022-12-29,MIN,DAL,0.541765,0.458235,MIN,0,DAL,0
20222023,2022020570,2022-12-29,WPG,VAN,0.553972,0.446028,WPG,1,WPG,1
20222023,2022020571,2022-12-29,COL,LAK,0.479427,0.520573,LAK,0,LAK,1
20222023,2022020572,2022-12-29,UTA,TOR,0.415406,0.584594,TOR,1,UTA,0
20222023,2022020573,2022-12-29,SJS,PHI,0.500105,0.499895,SJS,0,PHI,0
20222023,2022020574,2022-12-30,ANA,NSH,0.437443,0.562557,NSH,0,NSH,1
20222023,2022020575,2022-12-30,CAR,FLA,0.762455,0.237545,CAR,1,CAR,1
20222023,2022020576,2022-12-30,PIT,NJD,0.56216,0.43784,PIT,0,NJD,0
20222023,2022020577,2022-12-30,SEA,EDM,0.235046,0.764954,EDM,0,EDM,1
20222023,2022020578,2022-12-31,BOS,BUF,0.733991,0.266009,BOS,0,BUF,0
20222023,2022020579,2022-12-31,VGK,NSH,0.605997,0.394003,VGK,1,VGK,1
20222023,2022020580,2022-12-31,WSH,MTL,0.748784,0.251216,WSH,1,WSH,1
20222023,2022020581,2022-12-31,LAK,PHI,0.658445,0.341555,LAK,0,PHI,0
20222023,2022020582,2022-12-31,TBL,UTA,0.773314,0.226686,TBL,1,TBL,1
20222023,2022020583,2022-12-31,CBJ,CHI,0.460307,0.539693,CHI,1,CBJ,0
20222023,2022020584,2022-12-31,DET,OTT,0.533903,0.466097,DET,1,DET,1
20222023,2022020585,2022-12-31,COL,TOR,0.15827,0.84173,TOR,0,TOR,1
20222023,2022020586,2022-12-31,DAL,SJS,0.684228,0.315772,DAL,1,DAL,1
20222023,2022020587,2022-12-31,CGY,VAN,0.601343,0.398657,CGY,1,CGY,1
20222023,2022020588,2022-12-31,EDM,WPG,0.405651,0.594349,WPG,0,WPG,1
20222023,2022020589,2022-12-31,STL,MIN,0.458055,0.541945,MIN,0,MIN,1
20222023,2022020590,2023-01-01,NJD,CAR,0.522796,0.477204,NJD,0,CAR,0
20222023,2022020591,2023-01-01,FLA,NYR,0.449586,0.550414,NYR,0,NYR,1
20222023,2022020592,2023-01-01,OTT,BUF,0.398973,0.601027,BUF,1,OTT,0
20222023,2022020593,2023-01-01,CHI,SJS,0.282464,0.717536,SJS,0,SJS,1
20222023,2022020594,2023-01-01,SEA,NYI,0.440015,0.559985,NYI,1,SEA,0
20222023,2022020595,2023-01-02,BOS,PIT,0.891552,0.108448,BOS,1,BOS,1
20222023,2022020596,2023-01-02,COL,VGK,0.409321,0.590679,VGK,0,VGK,1
20222023,2022020597,2023-01-02,ANA,PHI,0.45606,0.54394,PHI,0,PHI,1
20222023,2022020598,2023-01-03,FLA,UTA,0.570008,0.429992,FLA,1,FLA,1
20222023,2022020599,2023-01-03,WSH,BUF,0.563183,0.436817,WSH,0,BUF,0
20222023,2022020600,2023-01-03,NYR,CAR,0.594635,0.405365,NYR,1,NYR,1
20222023,2022020601,2023-01-03,OTT,CBJ,0.698822,0.301178,OTT,1,OTT,1
20222023,2022020602,2023-01-03,TOR,STL,0.715107,0.284893,TOR,0,STL,0
20222023,2022020603,2023-01-03,WPG,CGY,0.540803,0.459197,WPG,1,WPG,1
20222023,2022020604,2023-01-03,NSH,MTL,0.699951,0.300049,NSH,1,NSH,1
20222023,2022020605,2023-01-03,CHI,TBL,0.221306,0.778694,TBL,0,TBL,1
20222023,2022020606,2023-01-03,EDM,SEA,0.252466,0.747534,SEA,0,SEA,1
20222023,2022020607,2023-01-03,VAN,NYI,0.464983,0.535017,NYI,0,NYI,1
20222023,2022020608,2023-01-03,LAK,DAL,0.479592,0.520408,DAL,1,LAK,0
20222023,2022020609,2023-01-04,DET,NJD,0.591255,0.408745,DET,0,NJD,0
20222023,2022020610,2023-01-04,MIN,TBL,0.293361,0.706639,TBL,1,MIN,0
20222023,2022020611,2023-01-04,ANA,DAL,0.366788,0.633212,DAL,1,ANA,0
20222023,2022020612,2023-01-05,PHI,UTA,0.614234,0.385766,PHI,1,PHI,1
20222023,2022020613,2023-01-05,MTL,NYR,0.290684,0.709316,NYR,0,NYR,1
20222023,2022020614,2023-01-05,CAR,NSH,0.575595,0.424405,CAR,0,NSH,0
20222023,2022020615,2023-01-05,TOR,SEA,0.643087,0.356913,TOR,0,SEA,0
20222023,2022020616,2023-01-05,NJD,STL,0.494292,0.505708,STL,0,STL,1
20222023,2022020617,2023-01-05,CBJ,WSH,0.348478,0.651522,WSH,0,WSH,1
20222023,2022020618,2023-01-05,EDM,NYI,0.484721,0.515279,NYI,1,EDM,0
20222023,2022020619,2023-01-05,VAN,COL,0.511457,0.488543,VAN,1,VAN,1
20222023,2022020620,2023-01-05,VGK,PIT,0.615921,0.384079,VGK,1,VGK,1
20222023,2022020621,2023-01-05,LAK,BOS,0.444466,0.555534,BOS,0,BOS,1
20222023,2022020622,2023-01-06,WSH,NSH,0.455556,0.544444,NSH,0,NSH,1
20222023,2022020623,2023-01-06,DET,FLA,0.581009,0.418991,DET,0,FLA,0
20222023,2022020624,2023-01-06,WPG,TBL,0.61053,0.38947,WPG,1,WPG,1
20222023,2022020625,2023-01-06,CHI,UTA,0.37488,0.62512,UTA,1,CHI,0
20222023,2022020626,2023-01-06,CGY,NYI,0.623847,0.376153,CGY,1,CGY,1
20222023,2022020627,2023-01-06,ANA,SJS,0.508147,0.491853,ANA,1,ANA,1
20222023,2022020628,2023-01-07,NJD,NYR,0.55465,0.44535,NJD,1,NJD,1
20222023,2022020629,2023-01-07,CBJ,CAR,0.276589,0.723411,CAR,1,CBJ,0
20222023,2022020630,2023-01-07,TOR,DET,0.714184,0.285816,TOR,1,TOR,1
20222023,2022020631,2023-01-07,BUF,MIN,0.564597,0.435403,BUF,1,BUF,1
20222023,2022020632,2023-01-07,OTT,SEA,0.227665,0.772335,SEA,0,SEA,1
20222023,2022020633,2023-01-07,MTL,STL,0.287026,0.712974,STL,1,MTL,0
20222023,2022020634,2023-01-07,EDM,COL,0.575893,0.424107,EDM,0,COL,0
20222023,2022020635,2023-01-07,VGK,LAK,0.275851,0.724149,LAK,0,LAK,1
20222023,2022020636,2023-01-07,SJS,BOS,0.21425,0.78575,BOS,0,BOS,1
20222023,2022020637,2023-01-08,DAL,FLA,0.616456,0.383544,DAL,1,DAL,1
20222023,2022020638,2023-01-08,WPG,VAN,0.895355,0.104645,WPG,1,WPG,1
20222023,2022020639,2023-01-08,WSH,CBJ,0.767762,0.232238,WSH,1,WSH,1
20222023,2022020640,2023-01-08,CHI,CGY,0.594586,0.405414,CHI,1,CHI,1
20222023,2022020641,2023-01-08,UTA,PIT,0.423535,0.576465,PIT,0,PIT,1
20222023,2022020642,2023-01-08,MIN,STL,0.521145,0.478855,MIN,0,STL,0
20222023,2022020643,2023-01-08,PHI,TOR,0.545395,0.454605,PHI,0,TOR,0
20222023,2022020644,2023-01-08,ANA,BOS,0.403279,0.596721,BOS,0,BOS,1
20222023,2022020645,2023-01-09,OTT,NSH,0.487562,0.512438,NSH,0,NSH,1
20222023,2022020646,2023-01-09,MTL,SEA,0.354064,0.645936,SEA,0,SEA,1
20222023,2022020647,2023-01-09,LAK,EDM,0.831362,0.168638,LAK,1,LAK,1
20222023,2022020990,2023-01-09,BUF,PHI,0.698166,0.301834,BUF,0,PHI,0
20222023,2022020648,2023-01-10,TBL,CBJ,0.722071,0.277929,TBL,1,TBL,1
20222023,2022020649,2023-01-10,NYR,MIN,0.478945,0.521055,MIN,1,NYR,0
20222023,2022020650,2023-01-10,CAR,NJD,0.561466,0.438534,CAR,0,NJD,0
20222023,2022020651,2023-01-10,BUF,SEA,0.408041,0.591959,SEA,0,SEA,1
20222023,2022020652,2023-01-10,PIT,VAN,0.2248,0.7752,VAN,1,PIT,0
20222023,2022020653,2023-01-10,NYI,DAL,0.520174,0.479826,NYI,0,DAL,0
20222023,2022020654,2023-01-10,DET,WPG,0.435287,0.564713,WPG,1,DET,0
20222023,2022020655,2023-01-10,STL,CGY,0.462595,0.537405,CGY,1,STL,0
20222023,2022020656,2023-01-10,COL,FLA,0.532687,0.467313,COL,0,FLA,0
20222023,2022020657,2023-01-10,UTA,SJS,0.504538,0.495462,UTA,0,SJS,0
20222023,2022020658,2023-01-11,TOR,NSH,0.66137,0.33863,TOR,1,TOR,1
20222023,2022020659,2023-01-11,PHI,WSH,0.536192,0.463808,PHI,1,PHI,1
20222023,2022020660,2023-01-11,ANA,EDM,0.36815,0.63185,EDM,0,EDM,1
20222023,2022020661,2023-01-11,LAK,SJS,0.72164,0.27836,LAK,1,LAK,1
20222023,2022020662,2023-01-12,CBJ,CAR,0.287744,0.712256,CAR,0,CAR,1
20222023,2022020663,2023-01-12,NYR,DAL,0.542696,0.457304,NYR,1,NYR,1
20222023,2022020664,2023-01-12,MTL,NSH,0.332989,0.667011,NSH,1,MTL,0
20222023,2022020665,2023-01-12,BOS,SEA,0.687873,0.312127,BOS,0,SEA,0
20222023,2022020666,2023-01-12,DET,TOR,0.605824,0.394176,DET,1,DET,1
20222023,2022020667,2023-01-12,TBL,VAN,0.630055,0.369945,TBL,1,TBL,1
20222023,2022020668,2023-01-12,BUF,WPG,0.444437,0.555563,WPG,0,WPG,1
20222023,2022020669,2023-01-12,NYI,MIN,0.46897,0.53103,MIN,0,MIN,1
20222023,2022020670,2023-01-12,STL,CGY,0.498617,0.501383,CGY,0,CGY,1
20222023,2022020671,2023-01-12,CHI,COL,0.370045,0.629955,COL,1,CHI,0
20222023,2022020672,2023-01-12,UTA,OTT,0.398804,0.601196,OTT,0,OTT,1
20222023,2022020673,2023-01-12,VGK,FLA,0.644059,0.355941,VGK,1,VGK,1
20222023,2022020674,2023-01-13,PIT,WPG,0.544186,0.455814,PIT,0,WPG,0
20222023,2022020675,2023-01-13,ANA,NJD,0.383442,0.616558,NJD,0,NJD,1
20222023,2022020676,2023-01-13,SJS,EDM,0.506953,0.493047,SJS,0,EDM,0
20222023,2022020677,2023-01-14,DAL,CGY,0.517965,0.482035,DAL,0,CGY,0
20222023,2022020678,2023-01-14,DET,CBJ,0.667868,0.332132,DET,0,CBJ,0
20222023,2022020679,2023-01-14,NYI,MTL,0.712075,0.287925,NYI,1,NYI,1
20222023,2022020680,2023-01-14,COL,OTT,0.50519,0.49481,COL,1,COL,1
20222023,2022020681,2023-01-14,WSH,PHI,0.483171,0.516829,PHI,0,PHI,1
20222023,2022020682,2023-01-14,CAR,PIT,0.628826,0.371174,CAR,1,CAR,1
20222023,2022020683,2023-01-14,BOS,TOR,0.608461,0.391539,BOS,1,BOS,1
20222023,2022020684,2023-01-14,FLA,VAN,0.493146,0.506854,VAN,1,FLA,0
20222023,2022020685,2023-01-14,MIN,UTA,0.70479,0.29521,MIN,1,MIN,1
20222023,2022020686,2023-01-14,NSH,BUF,0.479005,0.520995,BUF,0,BUF,1
20222023,2022020687,2023-01-14,CHI,SEA,0.119661,0.880339,SEA,0,SEA,1
20222023,2022020688,2023-01-14,STL,TBL,0.447174,0.552826,TBL,0,TBL,1
20222023,2022020689,2023-01-14,VGK,EDM,0.642102,0.357898,VGK,0,EDM,0
20222023,2022020690,2023-01-14,LAK,NJD,0.680531,0.319469,LAK,0,NJD,0
20222023,2022020691,2023-01-15,NYR,MTL,0.796083,0.203917,NYR,0,MTL,0
20222023,2022020692,2023-01-15,CAR,VAN,0.500996,0.499004,CAR,0,VAN,0
20222023,2022020693,2023-01-15,WPG,UTA,0.817116,0.182884,WPG,1,WPG,1
20222023,2022020694,2023-01-16,BUF,FLA,0.619127,0.380873,BUF,0,FLA,0
20222023,2022020695,2023-01-16,BOS,PHI,0.902269,0.097731,BOS,1,BOS,1
20222023,2022020696,2023-01-16,COL,DET,0.821787,0.178213,COL,1,COL,1
20222023,2022020697,2023-01-16,SJS,NJD,0.387251,0.612749,NJD,0,NJD,1
20222023,2022020698,2023-01-16,SEA,TBL,0.708822,0.291178,SEA,0,TBL,0
20222023,2022020699,2023-01-16,VGK,DAL,0.503921,0.496079,VGK,0,DAL,0
20222023,2022020700,2023-01-16,PIT,ANA,0.683859,0.316141,PIT,1,PIT,1
20222023,2022020701,2023-01-16,CBJ,NYR,0.457455,0.542545,NYR,0,NYR,1
20222023,2022020702,2023-01-16,NYI,WSH,0.570328,0.429672,NYI,0,WSH,0
20222023,2022020703,2023-01-16,NSH,CGY,0.46114,0.53886,CGY,1,NSH,0
20222023,2022020704,2023-01-16,STL,OTT,0.522232,0.477768,STL,1,STL,1
20222023,2022020338,2023-01-17,NSH,CBJ,0.616955,0.383045,NSH,1,NSH,1
20222023,2022020705,2023-01-17,PHI,ANA,0.520985,0.479015,PHI,1,PHI,1
20222023,2022020706,2023-01-17,TOR,FLA,0.364968,0.635032,FLA,1,TOR,0
20222023,2022020707,2023-01-17,WSH,MIN,0.305543,0.694457,MIN,0,MIN,1
20222023,2022020708,2023-01-17,MTL,WPG,0.274278,0.725722,WPG,1,MTL,0
20222023,2022020709,2023-01-17,CHI,BUF,0.443166,0.556834,BUF,1,CHI,0
20222023,2022020710,2023-01-17,UTA,DET,0.352592,0.647408,DET,1,UTA,0
20222023,2022020711,2023-01-17,EDM,SEA,0.57359,0.42641,EDM,1,EDM,1
20222023,2022020712,2023-01-18,OTT,PIT,0.473197,0.526803,PIT,1,OTT,0
20222023,2022020713,2023-01-18,NYI,BOS,0.469097,0.530903,BOS,0,BOS,1
20222023,2022020714,2023-01-18,CGY,COL,0.629916,0.370084,CGY,0,COL,0
20222023,2022020715,2023-01-18,VAN,TBL,0.185891,0.814109,TBL,0,TBL,1
20222023,2022020716,2023-01-18,SJS,DAL,0.39251,0.60749,DAL,1,SJS,0
20222023,2022020717,2023-01-19,CBJ,ANA,0.775008,0.224992,CBJ,0,ANA,0
20222023,2022020718,2023-01-19,NYR,BOS,0.522603,0.477397,NYR,0,BOS,0
20222023,2022020719,2023-01-19,PHI,CHI,0.696216,0.303784,PHI,0,CHI,0
20222023,2022020720,2023-01-19,MTL,FLA,0.463604,0.536396,FLA,0,FLA,1
20222023,2022020721,2023-01-19,CAR,MIN,0.526002,0.473998,CAR,1,CAR,1
20222023,2022020722,2023-01-19,BUF,NYI,0.58106,0.41894,BUF,1,BUF,1
20222023,2022020723,2023-01-19,TOR,WPG,0.438339,0.561661,WPG,1,TOR,0
20222023,2022020724,2023-01-19,STL,NSH,0.513774,0.486226,STL,1,STL,1
20222023,2022020725,2023-01-19,EDM,TBL,0.623521,0.376479,EDM,1,EDM,1
20222023,2022020726,2023-01-19,UTA,WSH,0.434344,0.565656,WSH,0,WSH,1
20222023,2022020727,2023-01-19,VGK,DET,0.484969,0.515031,DET,0,DET,1
20222023,2022020728,2023-01-19,SEA,NJD,0.540787,0.459213,SEA,1,SEA,1
20222023,2022020729,2023-01-19,LAK,DAL,0.25379,0.74621,DAL,0,DAL,1
20222023,2022020730,2023-01-20,PIT,OTT,0.555752,0.444248,PIT,1,PIT,1
20222023,2022020731,2023-01-20,VAN,COL,0.542241,0.457759,VAN,0,COL,0
20222023,2022020732,2023-01-21,BUF,ANA,0.673069,0.326931,BUF,1,BUF,1
20222023,2022020733,2023-01-21,CGY,TBL,0.50394,0.49606,CGY,1,CGY,1
20222023,2022020734,2023-01-21,FLA,MIN,0.487542,0.512458,MIN,1,FLA,0
20222023,2022020735,2023-01-21,DET,PHI,0.553142,0.446858,DET,0,PHI,0
20222023,2022020736,2023-01-21,CBJ,SJS,0.423144,0.576856,SJS,1,CBJ,0
20222023,2022020737,2023-01-21,MTL,TOR,0.335369,0.664631,TOR,1,MTL,0
20222023,2022020738,2023-01-21,OTT,WPG,0.243716,0.756284,WPG,0,WPG,1
20222023,2022020739,2023-01-21,NYI,CAR,0.432444,0.567556,CAR,0,CAR,1
20222023,2022020740,2023-01-21,DAL,UTA,0.765141,0.234859,DAL,1,DAL,1
20222023,2022020741,2023-01-21,STL,CHI,0.680201,0.319799,STL,0,CHI,0
20222023,2022020742,2023-01-21,NSH,LAK,0.801322,0.198678,NSH,1,NSH,1
20222023,2022020743,2023-01-21,SEA,COL,0.701067,0.298933,SEA,0,COL,0
20222023,2022020744,2023-01-21,VAN,EDM,0.334143,0.665857,EDM,0,EDM,1
20222023,2022020745,2023-01-21,VGK,WSH,0.841157,0.158843,VGK,1,VGK,1
20222023,2022020746,2023-01-22,NJD,PIT,0.654534,0.345466,NJD,1,NJD,1
20222023,2022020747,2023-01-22,CHI,LAK,0.331003,0.668997,LAK,0,LAK,1
20222023,2022020748,2023-01-22,BOS,SJS,0.584899,0.415101,BOS,1,BOS,1
20222023,2022020749,2023-01-22,PHI,WPG,0.327305,0.672695,WPG,0,WPG,1
20222023,2022020750,2023-01-22,UTA,VGK,0.274877,0.725123,VGK,1,UTA,0
20222023,2022020751,2023-01-23,NYR,FLA,0.570481,0.429519,NYR,1,NYR,1
20222023,2022020752,2023-01-23,TOR,NYI,0.512678,0.487322,TOR,1,TOR,1
20222023,2022020753,2023-01-23,DAL,BUF,0.662429,0.337571,DAL,0,BUF,0
20222023,2022020754,2023-01-23,CGY,CBJ,0.755582,0.244418,CGY,1,CGY,1
20222023,2022020755,2023-01-24,MTL,BOS,0.284112,0.715888,BOS,0,BOS,1
20222023,2022020756,2023-01-24,PIT,FLA,0.667436,0.332564,PIT,1,PIT,1
20222023,2022020757,2023-01-24,PHI,LAK,0.460573,0.539427,LAK,0,LAK,1
20222023,2022020758,2023-01-24,TBL,MIN,0.527883,0.472117,TBL,1,TBL,1
20222023,2022020759,2023-01-24,NJD,VGK,0.681836,0.318164,NJD,1,NJD,1
20222023,2022020760,2023-01-24,DET,SJS,0.560053,0.439947,DET,1,DET,1
20222023,2022020761,2023-01-24,STL,BUF,0.589809,0.410191,STL,0,BUF,0
20222023,2022020762,2023-01-24,NSH,WPG,0.458559,0.541441,WPG,1,NSH,0
20222023,2022020763,2023-01-24,UTA,ANA,0.545964,0.454036,UTA,0,ANA,0
20222023,2022020764,2023-01-24,COL,WSH,0.602288,0.397712,COL,1,COL,1
20222023,2022020765,2023-01-24,VAN,CHI,0.52483,0.47517,VAN,1,VAN,1
20222023,2022020766,2023-01-25,OTT,NYI,0.158473,0.841527,NYI,1,OTT,0
20222023,2022020767,2023-01-25,TOR,NYR,0.477506,0.522494,NYR,1,TOR,0
20222023,2022020768,2023-01-25,DAL,CAR,0.863748,0.136252,DAL,0,CAR,0
20222023,2022020769,2023-01-25,EDM,CBJ,0.799407,0.200593,EDM,0,CBJ,0
20222023,2022020770,2023-01-25,SEA,VAN,0.640676,0.359324,SEA,1,SEA,1
20222023,2022020771,2023-01-26,TBL,BOS,0.522667,0.477333,TBL,1,TBL,1
20222023,2022020772,2023-01-26,MTL,DET,0.416433,0.583567,DET,0,DET,1
20222023,2022020773,2023-01-26,WSH,PIT,0.39912,0.60088,PIT,1,WSH,0
20222023,2022020774,2023-01-26,WPG,BUF,0.615758,0.384242,WPG,0,BUF,0
20222023,2022020775,2023-01-26,NSH,NJD,0.49351,0.50649,NJD,1,NSH,0
20222023,2022020776,2023-01-26,COL,ANA,0.703104,0.296896,COL,0,ANA,0
20222023,2022020777,2023-01-26,CGY,CHI,0.747839,0.252161,CGY,0,CHI,0
20222023,2022020778,2023-01-26,MIN,PHI,0.5701,0.4299,MIN,1,MIN,1
20222023,2022020779,2023-01-26,UTA,STL,0.403386,0.596614,STL,1,UTA,0
20222023,2022020780,2023-01-27,NYI,DET,0.527359,0.472641,NYI,1,NYI,1
20222023,2022020781,2023-01-27,FLA,LAK,0.506369,0.493631,FLA,0,LAK,0
20222023,2022020782,2023-01-27,TOR,OTT,0.599372,0.400628,TOR,0,OTT,0
20222023,2022020783,2023-01-27,CAR,SJS,0.668732,0.331268,CAR,1,CAR,1
20222023,2022020784,2023-01-27,NYR,VGK,0.556504,0.443496,NYR,1,NYR,1
20222023,2022020785,2023-01-27,DAL,NJD,0.645299,0.354701,DAL,0,NJD,0
20222023,2022020786,2023-01-27,SEA,CGY,0.621456,0.378544,SEA,0,CGY,0
20222023,2022020787,2023-01-27,VAN,CBJ,0.647488,0.352512,VAN,1,VAN,1
20222023,2022020788,2023-01-28,COL,STL,0.570855,0.429145,COL,1,COL,1
20222023,2022020789,2023-01-28,FLA,BOS,0.236237,0.763763,BOS,1,FLA,0
20222023,2022020790,2023-01-28,TBL,LAK,0.761306,0.238694,TBL,1,TBL,1
20222023,2022020791,2023-01-28,OTT,MTL,0.475579,0.524421,MTL,1,OTT,0
20222023,2022020792,2023-01-28,WPG,PHI,0.32638,0.67362,PHI,0,PHI,1
20222023,2022020793,2023-01-28,PIT,SJS,0.747051,0.252949,PIT,0,SJS,0
20222023,2022020794,2023-01-28,NYI,VGK,0.406473,0.593527,VGK,1,NYI,0
20222023,2022020795,2023-01-28,MIN,BUF,0.621452,0.378548,MIN,1,MIN,1
20222023,2022020796,2023-01-28,ANA,UTA,0.655573,0.344427,ANA,1,ANA,1
20222023,2022020797,2023-01-28,EDM,CHI,0.328866,0.671134,CHI,1,EDM,0
20222023,2022020798,2023-01-28,SEA,CBJ,0.669444,0.330556,SEA,1,SEA,1
20222023,2022020799,2023-01-29,CAR,BOS,0.548554,0.451446,CAR,1,CAR,1
20222023,2022020800,2023-01-29,TOR,WSH,0.852863,0.147137,TOR,1,TOR,1
20222023,2022020801,2023-01-30,WPG,STL,0.606276,0.393724,WPG,1,WPG,1
20222023,2022020802,2023-01-31,CAR,LAK,0.632225,0.367775,CAR,1,CAR,1
20222023,2022020803,2023-01-31,MTL,OTT,0.392789,0.607211,OTT,0,OTT,1
20222023,2022020804,2023-01-31,CBJ,WSH,0.427287,0.572713,WSH,0,WSH,1
20222023,2022020805,2023-02-01,BUF,CAR,0.614792,0.385208,BUF,0,CAR,0
20222023,2022020806,2023-02-01,TOR,BOS,0.385644,0.614356,BOS,0,BOS,1
20222023,2022020807,2023-02-06,PHI,NYI,0.563327,0.436673,PHI,0,NYI,0
20222023,2022020808,2023-02-06,FLA,TBL,0.481272,0.518728,TBL,1,FLA,0
20222023,2022020809,2023-02-06,NYR,CGY,0.521337,0.478663,NYR,1,NYR,1
20222023,2022020810,2023-02-06,NJD,VAN,0.687909,0.312091,NJD,1,NJD,1
20222023,2022020811,2023-02-06,DAL,ANA,0.683235,0.316765,DAL,1,DAL,1
20222023,2022020812,2023-02-06,UTA,MIN,0.424498,0.575502,MIN,1,UTA,0
20222023,2022020813,2023-02-07,PIT,COL,0.517137,0.482863,PIT,1,PIT,1
20222023,2022020814,2023-02-07,TBL,SJS,0.6049,0.3951,TBL,0,SJS,0
20222023,2022020815,2023-02-07,DET,EDM,0.433761,0.566239,EDM,0,EDM,1
20222023,2022020816,2023-02-07,NYI,SEA,0.314539,0.685461,SEA,1,NYI,0
20222023,2022020817,2023-02-07,NSH,VGK,0.587834,0.412166,NSH,0,VGK,0
20222023,2022020818,2023-02-07,CHI,ANA,0.518129,0.481871,CHI,0,ANA,0
20222023,2022020819,2023-02-08,NYR,VAN,0.636996,0.363004,NYR,1,NYR,1
20222023,2022020820,2023-02-08,DAL,MIN,0.63302,0.36698,DAL,1,DAL,1
20222023,2022020821,2023-02-09,TBL,COL,0.585216,0.414784,TBL,1,TBL,1
20222023,2022020822,2023-02-09,PHI,EDM,0.421828,0.578172,EDM,1,PHI,0
20222023,2022020823,2023-02-09,FLA,SJS,0.660411,0.339589,FLA,1,FLA,1
20222023,2022020824,2023-02-09,NJD,SEA,0.528852,0.471148,NJD,1,NJD,1
20222023,2022020825,2023-02-09,DET,CGY,0.398045,0.601955,CGY,1,DET,0
20222023,2022020826,2023-02-09,NYI,VAN,0.661672,0.338328,NYI,0,VAN,0
20222023,2022020827,2023-02-09,MIN,VGK,0.359498,0.640502,VGK,0,VGK,1
20222023,2022020828,2023-02-10,NYR,SEA,0.656347,0.343653,NYR,1,NYR,1
20222023,2022020829,2023-02-10,CBJ,TOR,0.379332,0.620668,TOR,0,TOR,1
20222023,2022020830,2023-02-10,CHI,UTA,0.559948,0.440052,CHI,1,CHI,1
20222023,2022020831,2023-02-10,ANA,PIT,0.456048,0.543952,PIT,0,PIT,1
20222023,2022020832,2023-02-11,DET,VAN,0.535932,0.464068,DET,1,DET,1
20222023,2022020833,2023-02-11,BUF,CGY,0.483206,0.516794,CGY,0,CGY,1
20222023,2022020834,2023-02-11,OTT,EDM,0.200486,0.799514,EDM,0,EDM,1
20222023,2022020835,2023-02-11,MTL,NYI,0.31571,0.68429,NYI,1,MTL,0
20222023,2022020836,2023-02-11,PHI,NSH,0.46768,0.53232,NSH,0,NSH,1
20222023,2022020837,2023-02-11,DAL,TBL,0.571422,0.428578,DAL,0,TBL,0
20222023,2022020838,2023-02-11,BOS,WSH,0.75565,0.24435,BOS,0,WSH,0
20222023,2022020839,2023-02-11,FLA,COL,0.566584,0.433416,FLA,0,COL,0
20222023,2022020840,2023-02-11,TOR,CBJ,0.537519,0.462481,TOR,0,CBJ,0
20222023,2022020841,2023-02-11,CAR,NYR,0.733683,0.266317,CAR,0,NYR,0
20222023,2022020842,2023-02-11,STL,UTA,0.637342,0.362658,STL,1,STL,1
20222023,2022020843,2023-02-11,MIN,NJD,0.488929,0.511071,NJD,1,MIN,0
20222023,2022020844,2023-02-11,WPG,CHI,0.782429,0.217571,WPG,1,WPG,1
20222023,2022020845,2023-02-11,LAK,PIT,0.822748,0.177252,LAK,1,LAK,1
20222023,2022020846,2023-02-12,MTL,EDM,0.276961,0.723039,EDM,1,MTL,0
20222023,2022020847,2023-02-12,WSH,SJS,0.755657,0.244343,WSH,0,SJS,0
20222023,2022020848,2023-02-12,PHI,SEA,0.286256,0.713744,SEA,0,SEA,1
20222023,2022020849,2023-02-12,VGK,ANA,0.649602,0.350398,VGK,1,VGK,1
20222023,2022020850,2023-02-13,OTT,CGY,0.441459,0.558541,CGY,1,OTT,0
20222023,2022020851,2023-02-13,NSH,UTA,0.665588,0.334412,NSH,0,UTA,0
20222023,2022020852,2023-02-13,MIN,FLA,0.484002,0.515998,FLA,0,FLA,1
20222023,2022020853,2023-02-13,VAN,DET,0.547171,0.452829,VAN,0,DET,0
20222023,2022020854,2023-02-13,LAK,BUF,0.495265,0.504735,BUF,1,LAK,0
20222023,2022020855,2023-02-14,WSH,CAR,0.353381,0.646619,CAR,0,CAR,1
20222023,2022020856,2023-02-14,MTL,CHI,0.580079,0.419921,MTL,1,MTL,1
20222023,2022020857,2023-02-14,CBJ,NJD,0.410589,0.589411,NJD,0,NJD,1
20222023,2022020858,2023-02-14,NYI,OTT,0.639575,0.360425,NYI,0,OTT,0
20222023,2022020859,2023-02-14,STL,FLA,0.536708,0.463292,STL,1,STL,1
20222023,2022020860,2023-02-14,WPG,SEA,0.655007,0.344993,WPG,1,WPG,1
20222023,2022020861,2023-02-14,DAL,BOS,0.464908,0.535092,BOS,0,BOS,1
20222023,2022020862,2023-02-14,COL,TBL,0.496578,0.503422,TBL,0,TBL,1
20222023,2022020863,2023-02-14,SJS,PIT,0.435971,0.564029,PIT,0,PIT,1
20222023,2022020864,2023-02-15,TOR,CHI,0.700084,0.299916,TOR,1,TOR,1
20222023,2022020865,2023-02-15,UTA,TBL,0.401707,0.598293,TBL,1,UTA,0
20222023,2022020866,2023-02-15,MIN,COL,0.610584,0.389416,MIN,0,COL,0
20222023,2022020867,2023-02-15,EDM,DET,0.653478,0.346522,EDM,0,DET,0
20222023,2022020868,2023-02-15,ANA,BUF,0.378607,0.621393,BUF,0,BUF,1
20222023,2022020869,2023-02-15,VAN,NYR,0.425889,0.574111,NYR,0,NYR,1
20222023,2022020870,2023-02-16,WSH,FLA,0.502339,0.497661,WSH,0,FLA,0
20222023,2022020871,2023-02-16,CAR,MTL,0.739921,0.260079,CAR,1,CAR,1
20222023,2022020872,2023-02-16,CBJ,WPG,0.345335,0.654665,WPG,1,CBJ,0
20222023,2022020873,2023-02-16,NSH,BOS,0.400006,0.599994,BOS,0,BOS,1
20222023,2022020874,2023-02-16,STL,NJD,0.533385,0.466615,STL,1,STL,1
20222023,2022020875,2023-02-16,CGY,DET,0.734673,0.265327,CGY,0,DET,0
20222023,2022020876,2023-02-16,SEA,PHI,0.819929,0.180071,SEA,1,SEA,1
20222023,2022020877,2023-02-16,VGK,SJS,0.636048,0.363952,VGK,1,VGK,1
20222023,2022020878,2023-02-17,OTT,CHI,0.676277,0.323723,OTT,0,CHI,0
20222023,2022020879,2023-02-17,NYI,PIT,0.507185,0.492815,NYI,1,NYI,1
20222023,2022020880,2023-02-17,MIN,DAL,0.395766,0.604234,DAL,1,MIN,0
20222023,2022020881,2023-02-17,EDM,NYR,0.815334,0.184666,EDM,0,NYR,0
20222023,2022020882,2023-02-17,ANA,LAK,0.723677,0.276323,ANA,0,LAK,0
20222023,2022020883,2023-02-18,STL,COL,0.518423,0.481577,STL,0,COL,0
20222023,2022020884,2023-02-18,NSH,FLA,0.822073,0.177927,NSH,1,NSH,1
20222023,2022020885,2023-02-18,BOS,NYI,0.735711,0.264289,BOS,1,BOS,1
20222023,2022020886,2023-02-18,PIT,NJD,0.406198,0.593802,NJD,0,NJD,1
20222023,2022020887,2023-02-18,DAL,CBJ,0.577958,0.422042,DAL,0,CBJ,0
20222023,2022020888,2023-02-18,TOR,MTL,0.709525,0.290475,TOR,1,TOR,1
20222023,2022020889,2023-02-18,CAR,WSH,0.738419,0.261581,CAR,1,CAR,1
20222023,2022020890,2023-02-18,CGY,NYR,0.569937,0.430063,CGY,1,CGY,1
20222023,2022020891,2023-02-18,VAN,PHI,0.489521,0.510479,PHI,1,VAN,0
20222023,2022020892,2023-02-18,LAK,UTA,0.842854,0.157146,LAK,1,LAK,1
20222023,2022020893,2023-02-18,SJS,BUF,0.397191,0.602809,BUF,0,BUF,1
20222023,2022020894,2023-02-18,SEA,DET,0.587468,0.412532,SEA,1,SEA,1
20222023,2022020895,2023-02-18,VGK,TBL,0.49238,0.50762,TBL,1,VGK,0
20222023,2022020896,2023-02-19,MIN,NSH,0.63444,0.36556,MIN,1,MIN,1
20222023,2022020897,2023-02-19,OTT,STL,0.648878,0.351122,OTT,1,OTT,1
20222023,2022020898,2023-02-19,COL,EDM,0.098371,0.901629,EDM,1,COL,0
20222023,2022020899,2023-02-19,CHI,TOR,0.441298,0.558702,TOR,1,CHI,0
20222023,2022020900,2023-02-19,NJD,WPG,0.307981,0.692019,WPG,1,NJD,0
20222023,2022020901,2023-02-19,UTA,CBJ,0.481179,0.518821,CBJ,1,UTA,0
20222023,2022020902,2023-02-20,FLA,ANA,0.588843,0.411157,FLA,1,FLA,1
20222023,2022020903,2023-02-20,BOS,OTT,0.811195,0.188805,BOS,1,BOS,1
20222023,2022020904,2023-02-20,CGY,PHI,0.663653,0.336347,CGY,0,PHI,0
20222023,2022020905,2023-02-20,SJS,SEA,0.337719,0.662281,SEA,1,SJS,0
20222023,2022020906,2023-02-20,PIT,NYI,0.470695,0.529305,NYI,0,NYI,1
20222023,2022020907,2023-02-20,NYR,WPG,0.631415,0.368585,NYR,0,WPG,0
20222023,2022020908,2023-02-21,TBL,ANA,0.753461,0.246539,TBL,1,TBL,1
20222023,2022020909,2023-02-21,WSH,DET,0.389878,0.610122,DET,0,DET,1
20222023,2022020910,2023-02-21,NJD,MTL,0.673495,0.326505,NJD,0,MTL,0
20222023,2022020911,2023-02-21,CAR,STL,0.708213,0.291787,CAR,1,CAR,1
20222023,2022020912,2023-02-21,BUF,TOR,0.209832,0.790168,TOR,0,TOR,1
20222023,2022020913,2023-02-21,MIN,LAK,0.52847,0.47153,MIN,1,MIN,1
20222023,2022020914,2023-02-21,NSH,VAN,0.611036,0.388964,NSH,1,NSH,1
20222023,2022020915,2023-02-21,CHI,VGK,0.377074,0.622926,VGK,1,CHI,0
20222023,2022020916,2023-02-21,EDM,PHI,0.672906,0.327094,EDM,1,EDM,1
20222023,2022020917,2023-02-22,NYI,WPG,0.494587,0.505413,WPG,1,NYI,0
20222023,2022020918,2023-02-22,DAL,CHI,0.794471,0.205529,DAL,0,CHI,0
20222023,2022020919,2023-02-22,UTA,CGY,0.391159,0.608841,CGY,0,CGY,1
20222023,2022020920,2023-02-23,WSH,ANA,0.475618,0.524382,ANA,0,ANA,1
20222023,2022020921,2023-02-23,TBL,BUF,0.622434,0.377566,TBL,0,BUF,0
20222023,2022020922,2023-02-23,PIT,EDM,0.200631,0.799369,EDM,0,EDM,1
20222023,2022020923,2023-02-23,NJD,LAK,0.474235,0.525765,LAK,1,NJD,0
20222023,2022020924,2023-02-23,CBJ,MIN,0.481671,0.518329,MIN,0,MIN,1
20222023,2022020925,2023-02-23,DET,NYR,0.447417,0.552583,NYR,1,DET,0
20222023,2022020926,2023-02-23,STL,VAN,0.487786,0.512214,VAN,0,VAN,1
20222023,2022020927,2023-02-23,SEA,BOS,0.402534,0.597466,BOS,0,BOS,1
20222023,2022020928,2023-02-23,VGK,CGY,0.588811,0.411189,VGK,1,VGK,1
20222023,2022020929,2023-02-23,SJS,NSH,0.445981,0.554019,NSH,0,NSH,1
20222023,2022020930,2023-02-24,FLA,BUF,0.586875,0.413125,FLA,0,BUF,0
20222023,2022020931,2023-02-24,TOR,MIN,0.757101,0.242899,TOR,1,TOR,1
20222023,2022020932,2023-02-24,PHI,MTL,0.598186,0.401814,PHI,0,MTL,0
20222023,2022020933,2023-02-24,CAR,OTT,0.646455,0.353545,CAR,1,CAR,1
20222023,2022020934,2023-02-24,NYI,LAK,0.612998,0.387002,NYI,0,LAK,0
20222023,2022020935,2023-02-24,WPG,COL,0.315013,0.684987,COL,0,COL,1
20222023,2022020936,2023-02-25,CBJ,EDM,0.645101,0.354899,CBJ,1,CBJ,1
20222023,2022020937,2023-02-25,WSH,NYR,0.586508,0.413492,WSH,1,WSH,1
20222023,2022020938,2023-02-25,CAR,ANA,0.579262,0.420738,CAR,0,ANA,0
20222023,2022020939,2023-02-25,VAN,BOS,0.381056,0.618944,BOS,0,BOS,1
20222023,2022020940,2023-02-25,MTL,OTT,0.381699,0.618301,OTT,0,OTT,1
20222023,2022020941,2023-02-25,NJD,PHI,0.710783,0.289217,NJD,1,NJD,1
20222023,2022020942,2023-02-25,DET,TBL,0.421861,0.578139,TBL,0,TBL,1
20222023,2022020943,2023-02-25,STL,PIT,0.388968,0.611032,PIT,0,PIT,1
20222023,2022020944,2023-02-25,COL,CGY,0.368603,0.631397,CGY,1,COL,0
20222023,2022020945,2023-02-25,VGK,DAL,0.495431,0.504569,DAL,0,DAL,1
20222023,2022020946,2023-02-25,SJS,CHI,0.560226,0.439774,SJS,0,CHI,0
20222023,2022020947,2023-02-26,BUF,WSH,0.907015,0.092985,BUF,1,BUF,1
20222023,2022020948,2023-02-26,MIN,CBJ,0.691275,0.308725,MIN,1,MIN,1
20222023,2022020949,2023-02-26,WPG,NYI,0.532734,0.467266,WPG,0,NYI,0
20222023,2022020950,2023-02-26,NYR,LAK,0.680772,0.319228,NYR,1,NYR,1
20222023,2022020951,2023-02-26,PIT,TBL,0.391303,0.608697,TBL,1,PIT,0
20222023,2022020952,2023-02-26,UTA,NSH,0.157114,0.842886,NSH,0,NSH,1
20222023,2022020953,2023-02-26,SEA,TOR,0.17795,0.82205,TOR,0,TOR,1
20222023,2022020534,2023-02-27,OTT,DET,0.546582,0.453418,OTT,1,OTT,1
20222023,2022020954,2023-02-27,EDM,BOS,0.476376,0.523624,BOS,0,BOS,1
20222023,2022020955,2023-02-27,DAL,VAN,0.669192,0.330808,DAL,0,VAN,0
20222023,2022020956,2023-02-27,COL,VGK,0.600852,0.399148,COL,1,COL,1
20222023,2022020957,2023-02-27,ANA,CHI,0.714225,0.285775,ANA,1,ANA,1
20222023,2022020958,2023-02-28,BUF,CBJ,0.64471,0.35529,BUF,0,CBJ,0
20222023,2022020959,2023-02-28,OTT,DET,0.455114,0.544886,DET,1,OTT,0
20222023,2022020960,2023-02-28,TBL,FLA,0.678837,0.321163,TBL,0,FLA,0
20222023,2022020961,2023-02-28,WPG,LAK,0.467551,0.532449,LAK,0,LAK,1
20222023,2022020962,2023-02-28,MIN,NYI,0.526566,0.473434,MIN,1,MIN,1
20222023,2022020963,2023-02-28,NSH,PIT,0.606882,0.393118,NSH,0,PIT,0
20222023,2022020964,2023-02-28,STL,SEA,0.386518,0.613482,SEA,0,SEA,1
20222023,2022020965,2023-02-28,CGY,BOS,0.234531,0.765469,BOS,0,BOS,1
20222023,2022020966,2023-02-28,UTA,CHI,0.68456,0.31544,UTA,1,UTA,1
20222023,2022020967,2023-02-28,SJS,MTL,0.495798,0.504202,MTL,0,MTL,1
20222023,2022020968,2023-03-01,PHI,NYR,0.133355,0.866645,NYR,0,NYR,1
20222023,2022020969,2023-03-01,EDM,TOR,0.49713,0.50287,TOR,1,EDM,0
20222023,2022020970,2023-03-01,DAL,UTA,0.758507,0.241493,DAL,1,DAL,1
20222023,2022020971,2023-03-01,COL,NJD,0.860913,0.139087,COL,0,NJD,0
20222023,2022020972,2023-03-01,VGK,CAR,0.4524,0.5476,CAR,1,VGK,0
20222023,2022020973,2023-03-01,ANA,WSH,0.563674,0.436326,ANA,0,WSH,0
20222023,2022020974,2023-03-02,BOS,BUF,0.751019,0.248981,BOS,1,BOS,1
20222023,2022020975,2023-03-02,FLA,NSH,0.576653,0.423347,FLA,0,NSH,0
20222023,2022020976,2023-03-02,NYR,OTT,0.751585,0.248415,NYR,0,OTT,0
20222023,2022020977,2023-03-02,TBL,PIT,0.615787,0.384213,TBL,0,PIT,0
20222023,2022020978,2023-03-02,DET,SEA,0.771801,0.228199,DET,0,SEA,0
20222023,2022020979,2023-03-02,CHI,DAL,0.291188,0.708812,DAL,0,DAL,1
20222023,2022020980,2023-03-02,CGY,TOR,0.606652,0.393348,CGY,0,TOR,0
20222023,2022020981,2023-03-02,VAN,MIN,0.544163,0.455837,VAN,0,MIN,0
20222023,2022020982,2023-03-02,LAK,MTL,0.713429,0.286571,LAK,1,LAK,1
20222023,2022020983,2023-03-02,SJS,STL,0.420822,0.579178,STL,0,STL,1
20222023,2022020984,2023-03-03,CBJ,SEA,0.508234,0.491766,CBJ,0,SEA,0
20222023,2022020985,2023-03-03,EDM,WPG,0.809164,0.190836,EDM,1,EDM,1
20222023,2022020986,2023-03-03,UTA,CAR,0.403164,0.596836,CAR,0,CAR,1
20222023,2022020987,2023-03-03,ANA,MTL,0.616891,0.383109,ANA,1,ANA,1
20222023,2022020988,2023-03-03,VGK,NJD,0.540868,0.459132,VGK,1,VGK,1
20222023,2022020536,2023-03-04,BUF,TBL,0.428655,0.571345,TBL,1,BUF,0
20222023,2022020989,2023-03-04,NYI,DET,0.607745,0.392255,NYI,1,NYI,1
20222023,2022020991,2023-03-04,BOS,NYR,0.410727,0.589273,NYR,1,BOS,0
20222023,2022020992,2023-03-04,FLA,PIT,0.520968,0.479032,FLA,1,FLA,1
20222023,2022020993,2023-03-04,SJS,WSH,0.37353,0.62647,WSH,0,WSH,1
20222023,2022020994,2023-03-04,OTT,CBJ,0.940351,0.059649,OTT,1,OTT,1
20222023,2022020995,2023-03-04,WPG,EDM,0.40252,0.59748,EDM,1,WPG,0
20222023,2022020996,2023-03-04,VAN,TOR,0.385691,0.614309,TOR,1,VAN,0
20222023,2022020997,2023-03-04,DAL,COL,0.849468,0.150532,DAL,1,DAL,1
20222023,2022020998,2023-03-04,CHI,NSH,0.330065,0.669935,NSH,0,NSH,1
20222023,2022020999,2023-03-04,CGY,MIN,0.61797,0.38203,CGY,0,MIN,0
20222023,2022021000,2023-03-04,LAK,STL,0.660797,0.339203,LAK,1,LAK,1
20222023,2022021001,2023-03-05,CAR,TBL,0.593649,0.406351,CAR,1,CAR,1
20222023,2022021002,2023-03-05,PHI,DET,0.522005,0.477995,PHI,1,PHI,1
20222023,2022021003,2023-03-05,VGK,MTL,0.663296,0.336704,VGK,1,VGK,1
20222023,2022021004,2023-03-05,UTA,NJD,0.338726,0.661274,NJD,0,NJD,1
20222023,2022021005,2023-03-05,COL,SEA,0.424307,0.575693,SEA,0,SEA,1
20222023,2022021006,2023-03-06,BUF,EDM,0.512847,0.487153,BUF,0,EDM,0
20222023,2022021007,2023-03-06,WPG,SJS,0.702531,0.297469,WPG,0,SJS,0
20222023,2022021008,2023-03-06,DAL,CGY,0.615332,0.384668,DAL,0,CGY,0
20222023,2022021009,2023-03-06,CHI,OTT,0.248232,0.751768,OTT,1,CHI,0
20222023,2022021010,2023-03-06,VAN,NSH,0.57183,0.42817,VAN,1,VAN,1
20222023,2022021011,2023-03-06,LAK,WSH,0.631517,0.368483,LAK,1,LAK,1
20222023,2022021012,2023-03-07,MTL,CAR,0.625985,0.374015,MTL,0,CAR,0
20222023,2022021013,2023-03-07,PIT,CBJ,0.702328,0.297672,PIT,1,PIT,1
20222023,2022021014,2023-03-07,TBL,PHI,0.658945,0.341055,TBL,1,TBL,1
20222023,2022021015,2023-03-07,NJD,TOR,0.611281,0.388719,NJD,0,TOR,0
20222023,2022021016,2023-03-07,FLA,VGK,0.56368,0.43632,FLA,1,FLA,1
20222023,2022021017,2023-03-07,NYI,BUF,0.625727,0.374273,NYI,1,NYI,1
20222023,2022021018,2023-03-07,MIN,CGY,0.640229,0.359771,MIN,0,CGY,0
20222023,2022021019,2023-03-07,COL,SJS,0.935664,0.064336,COL,1,COL,1
20222023,2022021020,2023-03-07,UTA,STL,0.483223,0.516777,STL,1,UTA,0
20222023,2022021021,2023-03-07,SEA,ANA,0.71889,0.28111,SEA,1,SEA,1
20222023,2022021022,2023-03-08,DET,CHI,0.63869,0.36131,DET,1,DET,1
20222023,2022021023,2023-03-08,WPG,MIN,0.644523,0.355477,WPG,0,MIN,0
20222023,2022021024,2023-03-08,VAN,ANA,0.677397,0.322603,VAN,1,VAN,1
20222023,2022021025,2023-03-09,BUF,DAL,0.414789,0.585211,DAL,0,DAL,1
20222023,2022021026,2023-03-09,BOS,EDM,0.75669,0.24331,BOS,0,EDM,0
20222023,2022021027,2023-03-09,PIT,NYI,0.580387,0.419613,PIT,0,NYI,0
20222023,2022021028,2023-03-09,MTL,NYR,0.260922,0.739078,NYR,0,NYR,1
20222023,2022021029,2023-03-09,WSH,NJD,0.491191,0.508809,NJD,0,NJD,1
20222023,2022021030,2023-03-09,CAR,PHI,0.751079,0.248921,CAR,1,CAR,1
20222023,2022021031,2023-03-09,TBL,VGK,0.59383,0.40617,TBL,0,VGK,0
20222023,2022021032,2023-03-09,STL,SJS,0.581527,0.418473,STL,1,STL,1
20222023,2022021033,2023-03-09,COL,LAK,0.679232,0.320768,COL,0,LAK,0
20222023,2022021034,2023-03-09,UTA,NSH,0.454641,0.545359,NSH,1,UTA,0
20222023,2022021035,2023-03-09,SEA,OTT,0.570512,0.429488,SEA,0,OTT,0
20222023,2022021036,2023-03-10,FLA,CHI,0.738331,0.261669,FLA,1,FLA,1
20222023,2022021037,2023-03-10,CGY,ANA,0.687949,0.312051,CGY,0,ANA,0
20222023,2022021038,2023-03-11,BOS,DET,0.78896,0.21104,BOS,1,BOS,1
20222023,2022021039,2023-03-11,PIT,PHI,0.710741,0.289259,PIT,1,PIT,1
20222023,2022021040,2023-03-11,BUF,NYR,0.479883,0.520117,NYR,0,NYR,1
20222023,2022021041,2023-03-11,COL,UTA,0.705397,0.294603,COL,1,COL,1
20222023,2022021042,2023-03-11,TBL,CHI,0.81624,0.18376,TBL,1,TBL,1
20222023,2022021043,2023-03-11,TOR,EDM,0.568119,0.431881,TOR,1,TOR,1
20222023,2022021044,2023-03-11,MTL,NJD,0.282277,0.717723,NJD,0,NJD,1
20222023,2022021045,2023-03-11,CBJ,STL,0.508728,0.491272,CBJ,0,STL,0
20222023,2022021046,2023-03-11,CAR,VGK,0.662785,0.337215,CAR,0,VGK,0
20222023,2022021047,2023-03-11,FLA,WPG,0.320189,0.679811,WPG,0,WPG,1
20222023,2022021048,2023-03-11,NYI,WSH,0.609477,0.390523,NYI,0,WSH,0
20222023,2022021049,2023-03-11,SEA,DAL,0.487144,0.512856,DAL,0,DAL,1
20222023,2022021050,2023-03-11,VAN,OTT,0.474526,0.525474,OTT,1,VAN,0
20222023,2022021051,2023-03-11,SJS,MIN,0.371046,0.628954,MIN,0,MIN,1
20222023,2022021052,2023-03-11,LAK,NSH,0.539222,0.460778,LAK,0,NSH,0
20222023,2022021053,2023-03-12,DET,BOS,0.221214,0.778786,BOS,1,DET,0
20222023,2022021054,2023-03-12,PIT,NYR,0.538798,0.461202,PIT,1,PIT,1
20222023,2022021055,2023-03-12,NJD,CAR,0.431516,0.568484,CAR,1,NJD,0
20222023,2022021056,2023-03-12,STL,VGK,0.398304,0.601696,VGK,0,VGK,1
20222023,2022021057,2023-03-12,TBL,WPG,0.48443,0.51557,WPG,0,WPG,1
20222023,2022021058,2023-03-12,UTA,MIN,0.353635,0.646365,MIN,1,UTA,0
20222023,2022021059,2023-03-12,CGY,OTT,0.646014,0.353986,CGY,1,CGY,1
20222023,2022021060,2023-03-12,ANA,NSH,0.566842,0.433158,ANA,0,NSH,0
20222023,2022021061,2023-03-13,TOR,BUF,0.571116,0.428884,TOR,0,BUF,0
20222023,2022021062,2023-03-13,MTL,COL,0.090008,0.909992,COL,0,COL,1
20222023,2022021063,2023-03-13,SEA,DAL,0.487674,0.512326,DAL,0,DAL,1
20222023,2022021064,2023-03-14,PIT,MTL,0.489336,0.510664,MTL,0,MTL,1
20222023,2022021065,2023-03-14,NJD,TBL,0.600721,0.399279,NJD,0,TBL,0
20222023,2022021066,2023-03-14,PHI,VGK,0.386103,0.613897,VGK,0,VGK,1
20222023,2022021067,2023-03-14,NYR,WSH,0.620071,0.379929,NYR,1,NYR,1
20222023,2022021068,2023-03-14,CAR,WPG,0.54035,0.45965,CAR,1,CAR,1
20222023,2022021069,2023-03-14,NSH,DET,0.64517,0.35483,NSH,1,NSH,1
20222023,2022021070,2023-03-14,CHI,BOS,0.046369,0.953631,BOS,1,CHI,0
20222023,2022021071,2023-03-14,EDM,OTT,0.565235,0.434765,EDM,1,EDM,1
20222023,2022021072,2023-03-14,UTA,CGY,0.409334,0.590666,CGY,1,UTA,0
20222023,2022021073,2023-03-14,VAN,DAL,0.552311,0.447689,VAN,1,VAN,1
20222023,2022021074,2023-03-14,SJS,CBJ,0.425328,0.574672,CBJ,0,CBJ,1
20222023,2022021075,2023-03-14,LAK,NYI,0.473653,0.526347,NYI,1,LAK,0
20222023,2022021076,2023-03-15,WSH,BUF,0.329383,0.670617,BUF,1,WSH,0
20222023,2022021077,2023-03-15,TOR,COL,0.557163,0.442837,TOR,0,COL,0
20222023,2022021078,2023-03-15,STL,MIN,0.172597,0.827403,MIN,0,MIN,1
20222023,2022021079,2023-03-15,ANA,NYI,0.484689,0.515311,NYI,0,NYI,1
20222023,2022021080,2023-03-16,OTT,COL,0.598561,0.401439,OTT,0,COL,0
20222023,2022021081,2023-03-16,FLA,MTL,0.88562,0.11438,FLA,1,FLA,1
20222023,2022021082,2023-03-16,NYR,PIT,0.50149,0.49851,NYR,1,NYR,1
20222023,2022021083,2023-03-16,NJD,TBL,0.511484,0.488516,NJD,0,TBL,0
20222023,2022021084,2023-03-16,WPG,BOS,0.408085,0.591915,BOS,0,BOS,1
20222023,2022021085,2023-03-16,NSH,CHI,0.745332,0.254668,NSH,0,CHI,0
20222023,2022021086,2023-03-16,EDM,DAL,0.453332,0.546668,DAL,1,EDM,0
20222023,2022021087,2023-03-16,VGK,CGY,0.54774,0.45226,VGK,0,CGY,0
20222023,2022021088,2023-03-16,UTA,VAN,0.510987,0.489013,UTA,1,UTA,1
20222023,2022021089,2023-03-16,LAK,CBJ,0.896923,0.103077,LAK,1,LAK,1
20222023,2022021090,2023-03-16,SJS,SEA,0.316337,0.683663,SEA,0,SEA,1
20222023,2022021091,2023-03-17,PHI,BUF,0.339225,0.660775,BUF,1,PHI,0
20222023,2022021092,2023-03-17,TOR,CAR,0.507059,0.492941,TOR,1,TOR,1
20222023,2022021093,2023-03-17,WSH,STL,0.610413,0.389587,WSH,0,STL,0
20222023,2022021094,2023-03-17,ANA,CBJ,0.613312,0.386688,ANA,1,ANA,1
20222023,2022021095,2023-03-18,DET,COL,0.161166,0.838834,COL,0,COL,1
20222023,2022021096,2023-03-18,MIN,BOS,0.408444,0.591556,BOS,0,BOS,1
20222023,2022021097,2023-03-18,NSH,WPG,0.413676,0.586324,WPG,0,WPG,1
20222023,2022021098,2023-03-18,SEA,EDM,0.243647,0.756353,EDM,0,EDM,1
20222023,2022021099,2023-03-18,PHI,CAR,0.311173,0.688827,CAR,0,CAR,1
20222023,2022021100,2023-03-18,FLA,NJD,0.491248,0.508752,NJD,1,FLA,0
20222023,2022021101,2023-03-18,TBL,MTL,0.422157,0.577843,MTL,1,TBL,0
20222023,2022021102,2023-03-18,OTT,TOR,0.555827,0.444173,OTT,0,TOR,0
20222023,2022021103,2023-03-18,NYR,PIT,0.826574,0.173426,NYR,1,NYR,1
20222023,2022021104,2023-03-18,CGY,DAL,0.455833,0.544167,DAL,0,DAL,1
20222023,2022021105,2023-03-18,LAK,VAN,0.58812,0.41188,LAK,0,VAN,0
20222023,2022021106,2023-03-18,UTA,CHI,0.66719,0.33281,UTA,1,UTA,1
20222023,2022021107,2023-03-18,SJS,NYI,0.351293,0.648707,NYI,0,NYI,1
20222023,2022021108,2023-03-19,BUF,BOS,0.498285,0.501715,BOS,0,BOS,1
20222023,2022021109,2023-03-19,MIN,WSH,0.436856,0.563144,WSH,1,MIN,0
20222023,2022021110,2023-03-19,VGK,CBJ,0.883488,0.116512,VGK,1,VGK,1
20222023,2022021111,2023-03-19,NYR,NSH,0.865374,0.134626,NYR,1,NYR,1
20222023,2022021112,2023-03-19,TBL,NJD,0.500376,0.499624,TBL,0,NJD,0
20222023,2022021113,2023-03-19,STL,WPG,0.211339,0.788661,WPG,1,STL,0
20222023,2022021114,2023-03-19,ANA,VAN,0.568803,0.431197,ANA,0,VAN,0
20222023,2022021115,2023-03-20,PIT,OTT,0.490417,0.509583,OTT,0,OTT,1
20222023,2022021116,2023-03-20,DET,FLA,0.457963,0.542037,FLA,0,FLA,1
20222023,2022021117,2023-03-20,COL,CHI,0.745284,0.254716,COL,1,COL,1
20222023,2022021118,2023-03-20,EDM,SJS,0.761675,0.238325,EDM,1,EDM,1
20222023,2022021119,2023-03-20,LAK,CGY,0.78337,0.21663,LAK,1,LAK,1
20222023,2022021120,2023-03-21,NYR,CAR,0.670608,0.329392,NYR,0,CAR,0
20222023,2022021121,2023-03-21,WSH,CBJ,0.584564,0.415436,WSH,0,CBJ,0
20222023,2022021122,2023-03-21,PHI,FLA,0.458064,0.541936,FLA,1,PHI,0
20222023,2022021123,2023-03-21,NJD,MIN,0.560179,0.439821,NJD,0,MIN,0
20222023,2022021124,2023-03-21,BUF,NSH,0.238695,0.761305,NSH,0,NSH,1
20222023,2022021125,2023-03-21,BOS,OTT,0.829321,0.170679,BOS,1,BOS,1
20222023,2022021126,2023-03-21,MTL,TBL,0.321342,0.678658,TBL,1,MTL,0
20222023,2022021127,2023-03-21,NYI,TOR,0.575239,0.424761,NYI,1,NYI,1
20222023,2022021128,2023-03-21,WPG,UTA,0.30278,0.69722,UTA,1,WPG,0
20222023,2022021129,2023-03-21,STL,DET,0.682908,0.317092,STL,0,DET,0
20222023,2022021130,2023-03-21,DAL,SEA,0.565556,0.434444,DAL,0,SEA,0
20222023,2022021131,2023-03-21,ANA,CGY,0.490149,0.509851,CGY,0,CGY,1
20222023,2022021132,2023-03-21,VAN,VGK,0.512655,0.487345,VAN,0,VGK,0
20222023,2022021133,2023-03-22,COL,PIT,0.543584,0.456416,COL,0,PIT,0
20222023,2022021134,2023-03-22,EDM,UTA,0.739269,0.260731,EDM,1,EDM,1
20222023,2022021135,2023-03-23,WSH,CHI,0.73558,0.26442,WSH,1,WSH,1
20222023,2022021136,2023-03-23,PHI,MIN,0.387836,0.612164,MIN,1,PHI,0
20222023,2022021137,2023-03-23,BOS,MTL,0.817392,0.182608,BOS,1,BOS,1
20222023,2022021138,2023-03-23,CAR,NYR,0.488366,0.511634,NYR,0,NYR,1
20222023,2022021139,2023-03-23,OTT,TBL,0.402602,0.597398,TBL,1,OTT,0
20222023,2022021140,2023-03-23,FLA,TOR,0.540304,0.459696,FLA,0,TOR,0
20222023,2022021141,2023-03-23,DET,STL,0.235053,0.764947,STL,0,STL,1
20222023,2022021142,2023-03-23,NSH,SEA,0.436772,0.563228,SEA,1,NSH,0
20222023,2022021143,2023-03-23,DAL,PIT,0.740168,0.259832,DAL,1,DAL,1
20222023,2022021144,2023-03-23,CGY,VGK,0.867077,0.132923,CGY,0,VGK,0
20222023,2022021145,2023-03-23,VAN,SJS,0.604874,0.395126,VAN,1,VAN,1
20222023,2022021146,2023-03-23,ANA,WPG,0.363971,0.636029,WPG,0,WPG,1
20222023,2022021147,2023-03-24,CBJ,NYI,0.383886,0.616114,NYI,1,CBJ,0
20222023,2022021148,2023-03-24,BUF,NJD,0.760468,0.239532,BUF,1,BUF,1
20222023,2022021149,2023-03-24,COL,UTA,0.567893,0.432107,COL,1,COL,1
20222023,2022021150,2023-03-25,PHI,DET,0.536956,0.463044,PHI,1,PHI,1
20222023,2022021151,2023-03-25,BOS,TBL,0.687743,0.312257,BOS,1,BOS,1
20222023,2022021152,2023-03-25,NSH,SEA,0.432905,0.567095,SEA,0,SEA,1
20222023,2022021153,2023-03-25,CGY,SJS,0.692192,0.307808,CGY,1,CGY,1
20222023,2022021154,2023-03-25,LAK,WPG,0.53952,0.46048,LAK,1,LAK,1
20222023,2022021155,2023-03-25,MIN,CHI,0.761969,0.238031,MIN,1,MIN,1
20222023,2022021156,2023-03-25,FLA,NYR,0.447557,0.552443,NYR,0,NYR,1
20222023,2022021157,2023-03-25,NYI,BUF,0.590622,0.409378,NYI,0,BUF,0
20222023,2022021158,2023-03-25,MTL,CBJ,0.881437,0.118563,MTL,1,MTL,1
20222023,2022021159,2023-03-25,NJD,OTT,0.41587,0.58413,OTT,1,NJD,0
20222023,2022021160,2023-03-25,CAR,TOR,0.543804,0.456196,CAR,1,CAR,1
20222023,2022021161,2023-03-25,DAL,VAN,0.700769,0.299231,DAL,0,VAN,0
20222023,2022021162,2023-03-25,PIT,WSH,0.521148,0.478852,PIT,1,PIT,1
20222023,2022021163,2023-03-25,EDM,VGK,0.684085,0.315915,EDM,0,VGK,0
20222023,2022021164,2023-03-25,ANA,STL,0.460784,0.539216,STL,0,STL,1
20222023,2022021165,2023-03-26,UTA,COL,0.799765,0.200235,UTA,0,COL,0
20222023,2022021166,2023-03-26,CAR,BOS,0.446322,0.553678,BOS,0,BOS,1
20222023,2022021167,2023-03-26,NSH,TOR,0.354855,0.645145,TOR,0,TOR,1
20222023,2022021168,2023-03-26,CHI,VAN,0.225523,0.774477,VAN,0,VAN,1
20222023,2022021169,2023-03-26,LAK,STL,0.851434,0.148566,LAK,1,LAK,1
20222023,2022021170,2023-03-27,OTT,FLA,0.494636,0.505364,FLA,1,OTT,0
20222023,2022021171,2023-03-27,BUF,MTL,0.649811,0.350189,BUF,0,MTL,0
20222023,2022021172,2023-03-27,NYI,NJD,0.614163,0.385837,NYI,1,NYI,1
20222023,2022021173,2023-03-27,MIN,SEA,0.81918,0.18082,MIN,1,MIN,1
20222023,2022021174,2023-03-27,ANA,COL,0.465405,0.534595,COL,0,COL,1
20222023,2022021175,2023-03-27,UTA,EDM,0.212781,0.787219,EDM,0,EDM,1
20222023,2022021176,2023-03-28,NYR,CBJ,0.767985,0.232015,NYR,1,NYR,1
20222023,2022021177,2023-03-28,PHI,MTL,0.660982,0.339018,PHI,1,PHI,1
20222023,2022021178,2023-03-28,BOS,NSH,0.801475,0.198525,BOS,0,NSH,0
20222023,2022021179,2023-03-28,CAR,TBL,0.478053,0.521947,TBL,0,TBL,1
20222023,2022021180,2023-03-28,DET,PIT,0.418984,0.581016,PIT,1,DET,0
20222023,2022021181,2023-03-28,STL,VAN,0.608119,0.391881,STL,1,STL,1
20222023,2022021182,2023-03-28,CHI,DAL,0.065355,0.934645,DAL,0,DAL,1
20222023,2022021183,2023-03-28,CGY,LAK,0.544021,0.455979,CGY,1,CGY,1
20222023,2022021184,2023-03-28,VGK,EDM,0.249391,0.750609,EDM,0,EDM,1
20222023,2022021185,2023-03-28,SJS,WPG,0.231202,0.768798,WPG,1,SJS,0
20222023,2022021186,2023-03-29,TOR,FLA,0.576624,0.423376,TOR,0,FLA,0
20222023,2022021187,2023-03-29,WSH,NYI,0.422876,0.577124,NYI,0,NYI,1
20222023,2022021188,2023-03-29,COL,MIN,0.558492,0.441508,COL,0,MIN,0
20222023,2022021189,2023-03-30,BOS,CBJ,0.778503,0.221497,BOS,1,BOS,1
20222023,2022021190,2023-03-30,MTL,FLA,0.494123,0.505877,FLA,0,FLA,1
20222023,2022021191,2023-03-30,NJD,NYR,0.482858,0.517142,NYR,1,NJD,0
20222023,2022021192,2023-03-30,PIT,NSH,0.6228,0.3772,PIT,1,PIT,1
20222023,2022021193,2023-03-30,OTT,PHI,0.65222,0.34778,OTT,1,OTT,1
20222023,2022021194,2023-03-30,TBL,WSH,0.662723,0.337277,TBL,1,TBL,1
20222023,2022021195,2023-03-30,DET,CAR,0.48174,0.51826,CAR,1,DET,0
20222023,2022021196,2023-03-30,CHI,STL,0.317635,0.682365,STL,0,STL,1
20222023,2022021197,2023-03-30,EDM,LAK,0.564798,0.435202,EDM,1,EDM,1
20222023,2022021198,2023-03-30,SEA,ANA,0.679269,0.320731,SEA,1,SEA,1
20222023,2022021199,2023-03-30,SJS,VGK,0.451205,0.548795,VGK,1,SJS,0
20222023,2022021200,2023-03-31,BUF,NYR,0.484767,0.515233,NYR,1,BUF,0
20222023,2022021201,2023-03-31,WPG,DET,0.680681,0.319319,WPG,1,WPG,1
20222023,2022021202,2023-03-31,VAN,CGY,0.441845,0.558155,CGY,0,CGY,1
20222023,2022021203,2023-03-31,UTA,DAL,0.305798,0.694202,DAL,0,DAL,1
20222023,2022021204,2023-04-01,NSH,STL,0.513881,0.486119,NSH,1,NSH,1
20222023,2022021205,2023-04-01,PIT,BOS,0.457855,0.542145,BOS,0,BOS,1
20222023,2022021206,2023-04-01,PHI,BUF,0.657747,0.342253,PHI,0,BUF,0
20222023,2022021207,2023-04-01,MTL,CAR,0.361104,0.638896,CAR,0,CAR,1
20222023,2022021208,2023-04-01,CBJ,FLA,0.409685,0.590315,FLA,0,FLA,1
20222023,2022021209,2023-04-01,TBL,NYI,0.828978,0.171022,TBL,1,TBL,1
20222023,2022021210,2023-04-01,OTT,TOR,0.207494,0.792506,TOR,0,TOR,1
20222023,2022021211,2023-04-01,CHI,NJD,0.259019,0.740981,NJD,0,NJD,1
20222023,2022021212,2023-04-01,COL,DAL,0.569409,0.430591,COL,1,COL,1
20222023,2022021213,2023-04-01,EDM,ANA,0.917382,0.082618,EDM,1,EDM,1
20222023,2022021214,2023-04-01,SEA,LAK,0.519546,0.480454,SEA,0,LAK,0
20222023,2022021215,2023-04-01,VGK,MIN,0.471991,0.528009,MIN,1,VGK,0
20222023,2022021216,2023-04-01,UTA,SJS,0.299943,0.700057,SJS,0,SJS,1
20222023,2022021217,2023-04-02,WSH,NYR,0.400373,0.599627,NYR,0,NYR,1
20222023,2022021218,2023-04-02,STL,BOS,0.420182,0.579818,BOS,0,BOS,1
20222023,2022021219,2023-04-02,CAR,NYI,0.392133,0.607867,NYI,1,CAR,0
20222023,2022021220,2023-04-02,CBJ,OTT,0.240265,0.759735,OTT,1,CBJ,0
20222023,2022021221,2023-04-02,PIT,PHI,0.471156,0.528844,PHI,1,PIT,0
20222023,2022021222,2023-04-02,TOR,DET,0.380853,0.619147,DET,0,DET,1
20222023,2022021223,2023-04-02,WPG,NJD,0.896398,0.103602,WPG,1,WPG,1
20222023,2022021224,2023-04-02,CGY,ANA,0.496836,0.503164,ANA,1,CGY,0
20222023,2022021225,2023-04-02,VAN,LAK,0.61763,0.38237,VAN,0,LAK,0
20222023,2022021226,2023-04-03,MIN,VGK,0.545099,0.454901,MIN,0,VGK,0
20222023,2022021227,2023-04-03,DAL,NSH,0.687451,0.312549,DAL,1,DAL,1
20222023,2022021228,2023-04-03,SEA,UTA,0.605921,0.394079,SEA,1,SEA,1
20222023,2022021229,2023-04-04,FLA,BUF,0.634933,0.365067,FLA,1,FLA,1
20222023,2022021230,2023-04-04,TOR,CBJ,0.710206,0.289794,TOR,1,TOR,1
20222023,2022021231,2023-04-04,MTL,DET,0.451474,0.548526,DET,0,DET,1
20222023,2022021232,2023-04-04,CAR,OTT,0.582219,0.417781,CAR,1,CAR,1
20222023,2022021233,2023-04-04,NJD,PIT,0.565127,0.434873,NJD,1,NJD,1
20222023,2022021234,2023-04-04,STL,PHI,0.503101,0.496899,STL,1,STL,1
20222023,2022021235,2023-04-04,NSH,VGK,0.339866,0.660134,VGK,1,NSH,0
20222023,2022021236,2023-04-04,CGY,CHI,0.800519,0.199481,CGY,0,CHI,0
20222023,2022021237,2023-04-04,LAK,EDM,0.510505,0.489495,LAK,0,EDM,0
20222023,2022021238,2023-04-04,VAN,SEA,0.573497,0.426503,VAN,0,SEA,0
20222023,2022021239,2023-04-04,SJS,COL,0.467867,0.532133,COL,0,COL,1
20222023,2022021240,2023-04-05,WPG,CGY,0.632651,0.367349,WPG,0,CGY,0
20222023,2022021241,2023-04-05,NYR,TBL,0.563153,0.436847,NYR,1,NYR,1
20222023,2022021242,2023-04-05,ANA,EDM,0.393227,0.606773,EDM,0,EDM,1
20222023,2022021243,2023-04-06,NJD,CBJ,0.914031,0.085969,NJD,1,NJD,1
20222023,2022021244,2023-04-06,PIT,MIN,0.460258,0.539742,MIN,1,PIT,0
20222023,2022021245,2023-04-06,FLA,OTT,0.868829,0.131171,FLA,1,FLA,1
20222023,2022021246,2023-04-06,BOS,TOR,0.66206,0.33794,BOS,1,BOS,1
20222023,2022021247,2023-04-06,MTL,WSH,0.110856,0.889144,WSH,1,MTL,0
20222023,2022021248,2023-04-06,DET,BUF,0.548872,0.451128,DET,0,BUF,0
20222023,2022021249,2023-04-06,NYI,TBL,0.607756,0.392244,NYI,1,NYI,1
20222023,2022021250,2023-04-06,NSH,CAR,0.55977,0.44023,NSH,1,NSH,1
20222023,2022021251,2023-04-06,STL,NYR,0.550141,0.449859,STL,1,STL,1
20222023,2022021252,2023-04-06,DAL,PHI,0.642665,0.357335,DAL,1,DAL,1
20222023,2022021253,2023-04-06,SEA,UTA,0.641659,0.358341,SEA,1,SEA,1
20222023,2022021254,2023-04-06,VAN,CHI,0.713513,0.286487,VAN,1,VAN,1
20222023,2022021255,2023-04-06,VGK,LAK,0.847854,0.152146,VGK,1,VGK,1
20222023,2022021256,2023-04-06,SJS,COL,0.137245,0.862755,COL,0,COL,1
20222023,2022021257,2023-04-08,BUF,CAR,0.540634,0.459366,BUF,1,BUF,1
20222023,2022021258,2023-04-08,MIN,STL,0.563379,0.436621,MIN,1,MIN,1
20222023,2022021259,2023-04-08,SJS,EDM,0.330055,0.669945,EDM,0,EDM,1
20222023,2022021260,2023-04-08,UTA,ANA,0.404143,0.595857,ANA,1,UTA,0
20222023,2022021261,2023-04-08,WSH,FLA,0.730145,0.269855,WSH,0,FLA,0
20222023,2022021262,2023-04-08,TOR,MTL,0.282173,0.717827,MTL,1,TOR,0
20222023,2022021263,2023-04-08,CBJ,NYR,0.24753,0.75247,NYR,0,NYR,1
20222023,2022021264,2023-04-08,WPG,NSH,0.675159,0.324841,WPG,1,WPG,1
20222023,2022021265,2023-04-08,BOS,NJD,0.681966,0.318034,BOS,1,BOS,1
20222023,2022021266,2023-04-08,DET,PIT,0.524418,0.475582,DET,0,PIT,0
20222023,2022021267,2023-04-08,OTT,TBL,0.359475,0.640525,TBL,1,OTT,0
20222023,2022021268,2023-04-08,NYI,PHI,0.877423,0.122577,NYI,1,NYI,1
20222023,2022021269,2023-04-08,DAL,VGK,0.617973,0.382027,DAL,1,DAL,1
20222023,2022021270,2023-04-08,VAN,CGY,0.401448,0.598552,CGY,1,VAN,0
20222023,2022021271,2023-04-08,SEA,CHI,0.511738,0.488262,SEA,1,SEA,1
20222023,2022021272,2023-04-08,LAK,COL,0.518007,0.481993,LAK,0,COL,0
20222023,2022021273,2023-04-09,PHI,BOS,0.254256,0.745744,BOS,0,BOS,1
20222023,2022021274,2023-04-09,ANA,COL,0.303484,0.696516,COL,0,COL,1
20222023,2022021275,2023-04-10,NYR,BUF,0.653779,0.346221,NYR,0,BUF,0
20222023,2022021276,2023-04-10,OTT,CAR,0.454078,0.545922,CAR,1,OTT,0
20222023,2022021277,2023-04-10,WSH,NYI,0.675833,0.324167,WSH,1,WSH,1
20222023,2022021278,2023-04-10,WPG,SJS,0.666222,0.333778,WPG,1,WPG,1
20222023,2022021279,2023-04-10,FLA,TOR,0.605429,0.394571,FLA,0,TOR,0
20222023,2022021280,2023-04-10,DET,DAL,0.418632,0.581368,DAL,0,DAL,1
20222023,2022021281,2023-04-10,CHI,MIN,0.271992,0.728008,MIN,0,MIN,1
20222023,2022021282,2023-04-10,CGY,NSH,0.660208,0.339792,CGY,0,NSH,0
20222023,2022021283,2023-04-10,UTA,SEA,0.759233,0.240767,UTA,0,SEA,0
20222023,2022021284,2023-04-10,LAK,VAN,0.597986,0.402014,LAK,1,LAK,1
20222023,2022021285,2023-04-11,NJD,BUF,0.705161,0.294839,NJD,1,NJD,1
20222023,2022021286,2023-04-11,PIT,CHI,0.818608,0.181392,PIT,0,CHI,0
20222023,2022021287,2023-04-11,PHI,CBJ,0.231086,0.768914,CBJ,1,PHI,0
20222023,2022021288,2023-04-11,CAR,DET,0.477554,0.522446,DET,1,CAR,0
20222023,2022021289,2023-04-11,TBL,TOR,0.363659,0.636341,TOR,0,TOR,1
20222023,2022021290,2023-04-11,BOS,WSH,0.848407,0.151593,BOS,1,BOS,1
20222023,2022021291,2023-04-11,MIN,WPG,0.425406,0.574594,WPG,0,WPG,1
20222023,2022021292,2023-04-11,COL,EDM,0.610237,0.389763,COL,0,EDM,0
20222023,2022021293,2023-04-11,VGK,SEA,0.607511,0.392489,VGK,1,VGK,1
20222023,2022021294,2023-04-11,ANA,VAN,0.487293,0.512707,VAN,0,VAN,1
20222023,2022021295,2023-04-12,NYI,MTL,0.716744,0.283256,NYI,1,NYI,1
20222023,2022021296,2023-04-12,STL,DAL,0.563979,0.436021,STL,0,DAL,0
20222023,2022021297,2023-04-12,CGY,SJS,0.679299,0.320701,CGY,1,CGY,1
20222023,2022021298,2023-04-13,MTL,BOS,0.212244,0.787756,BOS,0,BOS,1
20222023,2022021299,2023-04-13,FLA,CAR,0.566543,0.433457,FLA,0,CAR,0
20222023,2022021300,2023-04-13,TBL,DET,0.482157,0.517843,DET,1,TBL,0
20222023,2022021301,2023-04-13,WSH,NJD,0.738171,0.261829,WSH,0,NJD,0
20222023,2022021302,2023-04-13,BUF,OTT,0.58918,0.41082,BUF,1,BUF,1
20222023,2022021303,2023-04-13,CBJ,PIT,0.295381,0.704619,PIT,1,CBJ,0
20222023,2022021304,2023-04-13,NYR,TOR,0.684737,0.315263,NYR,0,TOR,0
20222023,2022021305,2023-04-13,NSH,MIN,0.526065,0.473935,NSH,1,NSH,1
20222023,2022021306,2023-04-13,CHI,PHI,0.396285,0.603715,PHI,0,PHI,1
20222023,2022021307,2023-04-13,DAL,STL,0.603521,0.396479,DAL,1,DAL,1
20222023,2022021308,2023-04-13,EDM,SJS,0.820307,0.179693,EDM,1,EDM,1
20222023,2022021309,2023-04-13,COL,WPG,0.651051,0.348949,COL,1,COL,1
20222023,2022021310,2023-04-13,ANA,LAK,0.319269,0.680731,LAK,0,LAK,1
20222023,2022021311,2023-04-13,UTA,VAN,0.471177,0.528823,VAN,0,VAN,1
20222023,2022021312,2023-04-13,SEA,VGK,0.538939,0.461061,SEA,0,VGK,0
20222023,2022020320,2023-04-14,NSH,COL,0.388296,0.611704,COL,0,COL,1
20222023,2022020547,2023-04-14,CBJ,BUF,0.096608,0.903392,BUF,0,BUF,1
20232024,2023020001,2023-10-10,TBL,NSH,0.600032,0.399968,TBL,1,TBL,1
20232024,2023020002,2023-10-10,PIT,CHI,0.61829,0.38171,PIT,0,CHI,0
20232024,2023020003,2023-10-10,VGK,SEA,0.556598,0.443402,VGK,1,VGK,1
20232024,2023020004,2023-10-11,CAR,OTT,0.327014,0.672986,OTT,1,CAR,0
20232024,2023020005,2023-10-11,TOR,MTL,0.536659,0.463341,TOR,1,TOR,1
20232024,2023020006,2023-10-11,BOS,CHI,0.674045,0.325955,BOS,1,BOS,1
20232024,2023020007,2023-10-11,CGY,WPG,0.481469,0.518531,WPG,1,CGY,0
20232024,2023020008,2023-10-11,LAK,COL,0.472071,0.527929,COL,0,COL,1
20232024,2023020009,2023-10-11,VAN,EDM,0.438568,0.561432,EDM,1,VAN,0
20232024,2023020010,2023-10-12,BUF,NYR,0.521125,0.478875,BUF,0,NYR,0
20232024,2023020011,2023-10-12,CBJ,PHI,0.505416,0.494584,CBJ,0,PHI,0
20232024,2023020012,2023-10-12,NJD,DET,0.556328,0.443672,NJD,1,NJD,1
20232024,2023020013,2023-10-12,DAL,STL,0.556258,0.443742,DAL,1,DAL,1
20232024,2023020014,2023-10-12,MIN,FLA,0.514152,0.485848,MIN,1,MIN,1
20232024,2023020015,2023-10-12,NSH,SEA,0.498157,0.501843,SEA,1,NSH,0
20232024,2023020016,2023-10-12,SJS,VGK,0.40894,0.59106,VGK,0,VGK,1
20232024,2023020017,2023-10-13,NJD,UTA,0.469794,0.530206,UTA,0,UTA,1
20232024,2023020018,2023-10-13,WSH,PIT,0.418352,0.581648,PIT,0,PIT,1
20232024,2023020019,2023-10-14,OTT,PHI,0.230608,0.769392,PHI,1,OTT,0
20232024,2023020020,2023-10-14,WPG,FLA,0.579116,0.420884,WPG,1,WPG,1
20232024,2023020021,2023-10-14,BOS,NSH,0.710181,0.289819,BOS,1,BOS,1
20232024,2023020022,2023-10-14,CBJ,NYR,0.048151,0.951849,NYR,1,CBJ,0
20232024,2023020023,2023-10-14,DET,TBL,0.27013,0.72987,TBL,1,DET,0
20232024,2023020024,2023-10-14,MTL,CHI,0.479311,0.520689,CHI,1,MTL,0
20232024,2023020025,2023-10-14,PIT,CGY,0.319285,0.680715,CGY,1,PIT,0
20232024,2023020026,2023-10-14,TOR,MIN,0.543574,0.456426,TOR,1,TOR,1
20232024,2023020027,2023-10-14,NYI,BUF,0.535214,0.464786,NYI,1,NYI,1
20232024,2023020028,2023-10-14,STL,SEA,0.542572,0.457428,STL,1,STL,1
20232024,2023020029,2023-10-14,EDM,VAN,0.203387,0.796613,VAN,0,VAN,1
20232024,2023020030,2023-10-14,SJS,COL,0.119548,0.880452,COL,0,COL,1
20232024,2023020031,2023-10-14,VGK,ANA,0.525388,0.474612,VGK,1,VGK,1
20232024,2023020032,2023-10-14,LAK,CAR,0.174047,0.825953,CAR,0,CAR,1
20232024,2023020033,2023-10-15,OTT,TBL,0.459745,0.540255,TBL,1,OTT,0
20232024,2023020034,2023-10-15,ANA,CAR,0.16291,0.83709,CAR,1,ANA,0
20232024,2023020035,2023-10-16,CBJ,DET,0.421708,0.578292,DET,0,DET,1
20232024,2023020036,2023-10-16,NJD,FLA,0.691456,0.308544,NJD,0,FLA,0
20232024,2023020037,2023-10-16,NYR,UTA,0.501922,0.498078,NYR,1,NYR,1
20232024,2023020038,2023-10-16,TOR,CHI,0.805168,0.194832,TOR,0,CHI,0
20232024,2023020039,2023-10-16,WSH,CGY,0.254456,0.745544,CGY,1,WSH,0
20232024,2023020040,2023-10-17,BUF,TBL,0.381418,0.618582,TBL,1,BUF,0
20232024,2023020041,2023-10-17,MTL,MIN,0.296575,0.703425,MIN,0,MIN,1
20232024,2023020042,2023-10-17,PHI,VAN,0.241468,0.758532,VAN,1,PHI,0
20232024,2023020043,2023-10-17,NYI,UTA,0.782076,0.217924,NYI,1,NYI,1
20232024,2023020044,2023-10-17,NSH,EDM,0.414815,0.585185,EDM,0,EDM,1
20232024,2023020045,2023-10-17,WPG,LAK,0.703596,0.296404,WPG,0,LAK,0
20232024,2023020046,2023-10-17,SEA,COL,0.169244,0.830756,COL,0,COL,1
20232024,2023020047,2023-10-17,SJS,CAR,0.506332,0.493668,SJS,0,CAR,0
20232024,2023020048,2023-10-17,VGK,DAL,0.561143,0.438857,VGK,1,VGK,1
20232024,2023020049,2023-10-18,OTT,WSH,0.709812,0.290188,OTT,1,OTT,1
20232024,2023020050,2023-10-18,DET,PIT,0.5222,0.4778,DET,1,DET,1
20232024,2023020051,2023-10-19,BUF,CGY,0.520397,0.479603,BUF,0,CGY,0
20232024,2023020052,2023-10-19,FLA,TOR,0.371923,0.628077,TOR,1,FLA,0
20232024,2023020053,2023-10-19,NYR,NSH,0.485463,0.514537,NSH,0,NSH,1
20232024,2023020054,2023-10-19,PHI,EDM,0.56191,0.43809,PHI,1,PHI,1
20232024,2023020055,2023-10-19,TBL,VAN,0.386002,0.613998,VAN,1,TBL,0
20232024,2023020056,2023-10-19,MIN,LAK,0.549434,0.450566,MIN,0,LAK,0
20232024,2023020057,2023-10-19,STL,UTA,0.6168,0.3832,STL,0,UTA,0
20232024,2023020058,2023-10-19,WPG,VGK,0.273683,0.726317,VGK,0,VGK,1
20232024,2023020059,2023-10-19,ANA,DAL,0.502363,0.497637,ANA,0,DAL,0
20232024,2023020060,2023-10-19,SEA,CAR,0.438609,0.561391,CAR,1,SEA,0
20232024,2023020061,2023-10-19,COL,CHI,0.75289,0.24711,COL,1,COL,1
20232024,2023020062,2023-10-19,SJS,BOS,0.183311,0.816689,BOS,0,BOS,1
20232024,2023020063,2023-10-20,CBJ,CGY,0.453206,0.546794,CGY,1,CBJ,0
20232024,2023020064,2023-10-20,NYI,NJD,0.659005,0.340995,NYI,0,NJD,0
20232024,2023020065,2023-10-21,OTT,DET,0.5463,0.4537,OTT,0,DET,0
20232024,2023020066,2023-10-21,UTA,ANA,0.598777,0.401223,UTA,1,UTA,1
20232024,2023020067,2023-10-21,BUF,NYI,0.420861,0.579139,NYI,1,BUF,0
20232024,2023020068,2023-10-21,FLA,VAN,0.514975,0.485025,FLA,0,VAN,0
20232024,2023020069,2023-10-21,MTL,WSH,0.562377,0.437623,MTL,1,MTL,1
20232024,2023020070,2023-10-21,TBL,TOR,0.741791,0.258209,TBL,0,TOR,0
20232024,2023020071,2023-10-21,CHI,VGK,0.264453,0.735547,VGK,0,VGK,1
20232024,2023020072,2023-10-21,DAL,PHI,0.597893,0.402107,DAL,1,DAL,1
20232024,2023020073,2023-10-21,MIN,CBJ,0.647881,0.352119,MIN,0,CBJ,0
20232024,2023020074,2023-10-21,NSH,SJS,0.707454,0.292546,NSH,1,NSH,1
20232024,2023020075,2023-10-21,STL,PIT,0.290038,0.709962,PIT,1,STL,0
20232024,2023020076,2023-10-21,COL,CAR,0.682426,0.317574,COL,1,COL,1
20232024,2023020077,2023-10-21,EDM,WPG,0.536041,0.463959,EDM,0,WPG,0
20232024,2023020078,2023-10-21,SEA,NYR,0.366741,0.633259,NYR,0,NYR,1
20232024,2023020079,2023-10-21,LAK,BOS,0.385487,0.614513,BOS,0,BOS,1
20232024,2023020080,2023-10-22,DET,CGY,0.560817,0.439183,DET,1,DET,1
20232024,2023020081,2023-10-22,ANA,BOS,0.247767,0.752233,BOS,0,BOS,1
20232024,2023020082,2023-10-23,BUF,MTL,0.552173,0.447827,BUF,0,MTL,0
20232024,2023020083,2023-10-24,WSH,TOR,0.312594,0.687406,TOR,0,TOR,1
20232024,2023020084,2023-10-24,CBJ,ANA,0.635006,0.364994,CBJ,0,ANA,0
20232024,2023020085,2023-10-24,OTT,BUF,0.437827,0.562173,BUF,0,BUF,1
20232024,2023020086,2023-10-24,TBL,CAR,0.430965,0.569035,CAR,1,TBL,0
20232024,2023020087,2023-10-24,MTL,NJD,0.327861,0.672139,NJD,0,NJD,1
20232024,2023020088,2023-10-24,PIT,DAL,0.421706,0.578294,DAL,0,DAL,1
20232024,2023020089,2023-10-24,FLA,SJS,0.725774,0.274226,FLA,1,FLA,1
20232024,2023020090,2023-10-24,NYI,COL,0.316565,0.683435,COL,0,COL,1
20232024,2023020091,2023-10-24,DET,SEA,0.813429,0.186571,DET,0,SEA,0
20232024,2023020092,2023-10-24,CHI,BOS,0.237621,0.762379,BOS,0,BOS,1
20232024,2023020093,2023-10-24,WPG,STL,0.613938,0.386062,WPG,1,WPG,1
20232024,2023020094,2023-10-24,MIN,EDM,0.521114,0.478886,MIN,1,MIN,1
20232024,2023020095,2023-10-24,NSH,VAN,0.494985,0.505015,VAN,0,VAN,1
20232024,2023020096,2023-10-24,CGY,NYR,0.353892,0.646108,NYR,0,NYR,1
20232024,2023020097,2023-10-24,LAK,UTA,0.76395,0.23605,LAK,1,LAK,1
20232024,2023020098,2023-10-24,VGK,PHI,0.727992,0.272008,VGK,1,VGK,1
20232024,2023020099,2023-10-25,NJD,WSH,0.735643,0.264357,NJD,0,WSH,0
20232024,2023020100,2023-10-26,BOS,ANA,0.762284,0.237716,BOS,0,ANA,0
20232024,2023020101,2023-10-26,CAR,SEA,0.681331,0.318669,CAR,1,CAR,1
20232024,2023020102,2023-10-26,DET,WPG,0.603043,0.396957,DET,0,WPG,0
20232024,2023020103,2023-10-26,MTL,CBJ,0.502524,0.497476,MTL,1,MTL,1
20232024,2023020104,2023-10-26,PHI,MIN,0.500428,0.499572,PHI,1,PHI,1
20232024,2023020105,2023-10-26,PIT,COL,0.515915,0.484085,PIT,1,PIT,1
20232024,2023020106,2023-10-26,TBL,SJS,0.917541,0.082459,TBL,1,TBL,1
20232024,2023020107,2023-10-26,NYI,OTT,0.488604,0.511396,OTT,1,NYI,0
20232024,2023020108,2023-10-26,DAL,TOR,0.562087,0.437913,DAL,0,TOR,0
20232024,2023020109,2023-10-26,CGY,STL,0.576877,0.423123,CGY,0,STL,0
20232024,2023020110,2023-10-26,EDM,NYR,0.366485,0.633515,NYR,0,NYR,1
20232024,2023020111,2023-10-27,VGK,CHI,0.843563,0.156437,VGK,0,CHI,0
20232024,2023020112,2023-10-27,CAR,SJS,0.805923,0.194077,CAR,1,CAR,1
20232024,2023020113,2023-10-27,NJD,BUF,0.824309,0.175691,NJD,1,NJD,1
20232024,2023020114,2023-10-27,WSH,MIN,0.468874,0.531126,MIN,1,WSH,0
20232024,2023020115,2023-10-27,UTA,LAK,0.673868,0.326132,UTA,0,LAK,0
20232024,2023020116,2023-10-27,VAN,STL,0.780771,0.219229,VAN,1,VAN,1
20232024,2023020117,2023-10-28,PHI,ANA,0.645226,0.354774,PHI,0,ANA,0
20232024,2023020118,2023-10-28,FLA,SEA,0.609843,0.390157,FLA,1,FLA,1
20232024,2023020119,2023-10-28,BOS,DET,0.55196,0.44804,BOS,1,BOS,1
20232024,2023020120,2023-10-28,CBJ,NYI,0.43041,0.56959,NYI,0,NYI,1
20232024,2023020121,2023-10-28,MTL,WPG,0.421974,0.578026,WPG,1,MTL,0
20232024,2023020122,2023-10-28,NSH,TOR,0.35205,0.64795,TOR,1,NSH,0
20232024,2023020123,2023-10-28,PIT,OTT,0.553346,0.446654,PIT,0,OTT,0
20232024,2023020124,2023-10-28,VAN,NYR,0.411832,0.588168,NYR,0,NYR,1
20232024,2023020125,2023-10-28,LAK,VGK,0.35705,0.64295,VGK,0,VGK,1
20232024,2023020126,2023-10-29,BUF,COL,0.288193,0.711807,COL,1,BUF,0
20232024,2023020127,2023-10-29,NJD,MIN,0.660848,0.339152,NJD,1,NJD,1
20232024,2023020128,2023-10-29,WSH,SJS,0.746549,0.253451,WSH,1,WSH,1
20232024,2023020129,2023-10-29,EDM,CGY,0.530193,0.469807,EDM,1,EDM,1
20232024,2023020130,2023-10-30,BOS,FLA,0.682027,0.317973,BOS,1,BOS,1
20232024,2023020131,2023-10-30,PHI,CAR,0.454496,0.545504,CAR,0,CAR,1
20232024,2023020132,2023-10-30,PIT,ANA,0.769715,0.230285,PIT,0,ANA,0
20232024,2023020133,2023-10-30,TBL,SEA,0.684948,0.315052,TBL,0,SEA,0
20232024,2023020134,2023-10-30,NYI,DET,0.514362,0.485638,NYI,0,DET,0
20232024,2023020135,2023-10-30,WPG,NYR,0.389207,0.610793,NYR,0,NYR,1
20232024,2023020136,2023-10-30,DAL,CBJ,0.683468,0.316532,DAL,1,DAL,1
20232024,2023020137,2023-10-30,UTA,CHI,0.836851,0.163149,UTA,1,UTA,1
20232024,2023020138,2023-10-30,VGK,MTL,0.69639,0.30361,VGK,1,VGK,1
20232024,2023020139,2023-10-31,TOR,LAK,0.552911,0.447089,TOR,0,LAK,0
20232024,2023020140,2023-10-31,VAN,NSH,0.529187,0.470813,VAN,1,VAN,1
20232024,2023020141,2023-11-01,PHI,BUF,0.243737,0.756263,BUF,0,BUF,1
20232024,2023020142,2023-11-01,CGY,DAL,0.287942,0.712058,DAL,0,DAL,1
20232024,2023020143,2023-11-01,COL,STL,0.715299,0.284701,COL,1,COL,1
20232024,2023020144,2023-11-01,ANA,UTA,0.468555,0.531445,UTA,1,ANA,0
20232024,2023020145,2023-11-02,BOS,TOR,0.628638,0.371362,BOS,1,BOS,1
20232024,2023020146,2023-11-02,CBJ,TBL,0.364095,0.635905,TBL,1,CBJ,0
20232024,2023020147,2023-11-02,DET,FLA,0.585038,0.414962,DET,0,FLA,0
20232024,2023020148,2023-11-02,NYR,CAR,0.539705,0.460295,NYR,1,NYR,1
20232024,2023020149,2023-11-02,OTT,LAK,0.453281,0.546719,LAK,0,LAK,1
20232024,2023020150,2023-11-02,WSH,NYI,0.45744,0.54256,NYI,0,NYI,1
20232024,2023020151,2023-11-02,MIN,NJD,0.355992,0.644008,NJD,0,NJD,1
20232024,2023020152,2023-11-02,EDM,DAL,0.466804,0.533196,DAL,0,DAL,1
20232024,2023020153,2023-11-02,UTA,MTL,0.42106,0.57894,MTL,1,UTA,0
20232024,2023020154,2023-11-02,SEA,NSH,0.462829,0.537171,NSH,1,SEA,0
20232024,2023020155,2023-11-02,VGK,WPG,0.677538,0.322462,VGK,1,VGK,1
20232024,2023020156,2023-11-02,SJS,VAN,0.053933,0.946067,VAN,0,VAN,1
20232024,2023020157,2023-11-03,BUF,PHI,0.621068,0.378932,BUF,0,PHI,0
20232024,2023020158,2023-11-03,STL,NJD,0.359176,0.640824,NJD,1,STL,0
20232024,2023020159,2023-11-04,EDM,NSH,0.52363,0.47637,EDM,0,NSH,0
20232024,2023020160,2023-11-04,UTA,WPG,0.52846,0.47154,UTA,0,WPG,0
20232024,2023020161,2023-11-04,DET,BOS,0.402713,0.597287,BOS,1,DET,0
20232024,2023020162,2023-11-04,OTT,TBL,0.256484,0.743516,TBL,0,TBL,1
20232024,2023020163,2023-11-04,PHI,LAK,0.290676,0.709324,LAK,0,LAK,1
20232024,2023020164,2023-11-04,STL,MTL,0.413926,0.586074,MTL,1,STL,0
20232024,2023020165,2023-11-04,TOR,BUF,0.597986,0.402014,TOR,0,BUF,0
20232024,2023020166,2023-11-04,WSH,CBJ,0.565817,0.434183,WSH,1,WSH,1
20232024,2023020167,2023-11-04,NYI,CAR,0.480734,0.519266,CAR,0,CAR,1
20232024,2023020168,2023-11-04,CHI,FLA,0.338025,0.661975,FLA,1,CHI,0
20232024,2023020169,2023-11-04,MIN,NYR,0.16698,0.83302,NYR,1,MIN,0
20232024,2023020170,2023-11-04,SEA,CGY,0.588505,0.411495,SEA,0,CGY,0
20232024,2023020171,2023-11-04,SJS,PIT,0.080734,0.919266,PIT,0,PIT,1
20232024,2023020172,2023-11-04,VAN,DAL,0.541077,0.458923,VAN,1,VAN,1
20232024,2023020173,2023-11-04,VGK,COL,0.557198,0.442802,VGK,1,VGK,1
20232024,2023020174,2023-11-05,CHI,NJD,0.240045,0.759955,NJD,0,NJD,1
20232024,2023020175,2023-11-05,ANA,VGK,0.463489,0.536511,VGK,1,ANA,0
20232024,2023020176,2023-11-06,FLA,CBJ,0.836646,0.163354,FLA,1,FLA,1
20232024,2023020177,2023-11-06,TOR,TBL,0.278382,0.721618,TBL,1,TOR,0
20232024,2023020178,2023-11-06,DAL,BOS,0.459283,0.540717,BOS,0,BOS,1
20232024,2023020179,2023-11-06,VAN,EDM,0.749472,0.250528,VAN,1,VAN,1
20232024,2023020180,2023-11-07,CAR,BUF,0.597138,0.402862,CAR,1,CAR,1
20232024,2023020181,2023-11-07,MTL,TBL,0.239567,0.760433,TBL,0,TBL,1
20232024,2023020182,2023-11-07,NYI,MIN,0.495939,0.504061,MIN,0,MIN,1
20232024,2023020183,2023-11-07,NYR,DET,0.5441,0.4559,NYR,1,NYR,1
20232024,2023020184,2023-11-07,STL,WPG,0.446708,0.553292,WPG,0,WPG,1
20232024,2023020185,2023-11-07,UTA,SEA,0.57892,0.42108,UTA,1,UTA,1
20232024,2023020186,2023-11-07,CGY,NSH,0.414505,0.585495,NSH,1,CGY,0
20232024,2023020187,2023-11-07,ANA,PIT,0.774322,0.225678,ANA,0,PIT,0
20232024,2023020188,2023-11-07,COL,NJD,0.508849,0.491151,COL,1,COL,1
20232024,2023020189,2023-11-07,SJS,PHI,0.197791,0.802209,PHI,1,SJS,0
20232024,2023020190,2023-11-08,TOR,OTT,0.573694,0.426306,TOR,0,OTT,0
20232024,2023020191,2023-11-08,WSH,FLA,0.44273,0.55727,FLA,0,FLA,1
20232024,2023020192,2023-11-08,VGK,LAK,0.602129,0.397871,VGK,0,LAK,0
20232024,2023020193,2023-11-09,BOS,NYI,0.667128,0.332872,BOS,1,BOS,1
20232024,2023020194,2023-11-09,CBJ,DAL,0.314432,0.685568,DAL,0,DAL,1
20232024,2023020195,2023-11-09,DET,MTL,0.658539,0.341461,DET,0,MTL,0
20232024,2023020196,2023-11-09,NYR,MIN,0.609096,0.390904,NYR,1,NYR,1
20232024,2023020197,2023-11-09,OTT,VAN,0.299765,0.700235,VAN,0,VAN,1
20232024,2023020198,2023-11-09,TBL,CHI,0.721653,0.278347,TBL,0,CHI,0
20232024,2023020199,2023-11-09,STL,UTA,0.487182,0.512818,UTA,1,STL,0
20232024,2023020200,2023-11-09,WPG,NSH,0.60183,0.39817,WPG,1,WPG,1
20232024,2023020201,2023-11-09,COL,SEA,0.656428,0.343572,COL,0,SEA,0
20232024,2023020202,2023-11-09,LAK,PIT,0.492341,0.507659,PIT,0,PIT,1
20232024,2023020203,2023-11-09,SJS,EDM,0.337542,0.662458,EDM,1,SJS,0
20232024,2023020204,2023-11-10,BUF,MIN,0.58315,0.41685,BUF,1,BUF,1
20232024,2023020205,2023-11-10,FLA,CAR,0.460903,0.539097,CAR,1,FLA,0
20232024,2023020206,2023-11-10,NJD,WSH,0.388072,0.611928,WSH,0,WSH,1
20232024,2023020207,2023-11-10,TOR,CGY,0.588847,0.411153,TOR,1,TOR,1
20232024,2023020208,2023-11-10,ANA,PHI,0.555147,0.444853,ANA,0,PHI,0
20232024,2023020209,2023-11-10,VGK,SJS,0.892753,0.107247,VGK,1,VGK,1
20232024,2023020210,2023-11-11,DET,CBJ,0.684818,0.315182,DET,1,DET,1
20232024,2023020211,2023-11-11,WPG,DAL,0.470051,0.529949,DAL,0,DAL,1
20232024,2023020212,2023-11-11,MTL,BOS,0.32576,0.67424,BOS,1,MTL,0
20232024,2023020213,2023-11-11,OTT,CGY,0.694263,0.305737,OTT,1,OTT,1
20232024,2023020214,2023-11-11,TBL,CAR,0.534577,0.465423,TBL,0,CAR,0
20232024,2023020215,2023-11-11,TOR,VAN,0.306899,0.693101,VAN,1,TOR,0
20232024,2023020216,2023-11-11,NYI,WSH,0.65508,0.34492,NYI,0,WSH,0
20232024,2023020217,2023-11-11,PIT,BUF,0.606336,0.393664,PIT,1,PIT,1
20232024,2023020218,2023-11-11,NSH,UTA,0.524141,0.475859,NSH,0,UTA,0
20232024,2023020219,2023-11-11,COL,STL,0.374842,0.625158,STL,0,STL,1
20232024,2023020220,2023-11-11,SEA,EDM,0.298901,0.701099,EDM,0,EDM,1
20232024,2023020221,2023-11-11,LAK,PHI,0.714614,0.285386,LAK,0,PHI,0
20232024,2023020222,2023-11-12,FLA,CHI,0.71433,0.28567,FLA,1,FLA,1
20232024,2023020223,2023-11-12,MIN,DAL,0.447785,0.552215,DAL,0,DAL,1
20232024,2023020224,2023-11-12,MTL,VAN,0.283331,0.716669,VAN,0,VAN,1
20232024,2023020225,2023-11-12,NYR,CBJ,0.790936,0.209064,NYR,1,NYR,1
20232024,2023020226,2023-11-12,ANA,SJS,0.80366,0.19634,ANA,1,ANA,1
20232024,2023020227,2023-11-13,EDM,NYI,0.480352,0.519648,NYI,1,EDM,0
20232024,2023020228,2023-11-13,SEA,COL,0.380622,0.619378,COL,0,COL,1
20232024,2023020229,2023-11-14,BUF,BOS,0.156759,0.843241,BOS,0,BOS,1
20232024,2023020230,2023-11-14,CBJ,PIT,0.291242,0.708758,PIT,0,PIT,1
20232024,2023020231,2023-11-14,MTL,CGY,0.486651,0.513349,CGY,0,CGY,1
20232024,2023020232,2023-11-14,WSH,VGK,0.320526,0.679474,VGK,1,WSH,0
20232024,2023020233,2023-11-14,DAL,UTA,0.638241,0.361759,DAL,1,DAL,1
20232024,2023020234,2023-11-14,NSH,ANA,0.481646,0.518354,ANA,0,ANA,1
20232024,2023020235,2023-11-14,STL,TBL,0.491312,0.508688,TBL,1,STL,0
20232024,2023020236,2023-11-14,WPG,NJD,0.521934,0.478066,WPG,1,WPG,1
20232024,2023020237,2023-11-14,SJS,FLA,0.226106,0.773894,FLA,0,FLA,1
20232024,2023020238,2023-11-15,CAR,PHI,0.631771,0.368229,CAR,0,PHI,0
20232024,2023020239,2023-11-15,EDM,SEA,0.560988,0.439012,EDM,1,EDM,1
20232024,2023020240,2023-11-15,COL,ANA,0.638439,0.361561,COL,1,COL,1
20232024,2023020241,2023-11-15,VAN,NYI,0.654799,0.345201,VAN,1,VAN,1
20232024,2023020242,2023-11-16,OTT,DET,0.531761,0.468239,OTT,1,OTT,1
20232024,2023020243,2023-11-16,CBJ,UTA,0.328452,0.671548,UTA,0,UTA,1
20232024,2023020244,2023-11-16,MTL,VGK,0.318311,0.681689,VGK,0,VGK,1
20232024,2023020245,2023-11-16,PIT,NJD,0.604014,0.395986,PIT,0,NJD,0
20232024,2023020246,2023-11-16,CHI,TBL,0.372827,0.627173,TBL,0,TBL,1
20232024,2023020247,2023-11-16,CGY,VAN,0.405821,0.594179,VAN,1,CGY,0
20232024,2023020248,2023-11-16,SEA,NYI,0.492916,0.507084,NYI,1,SEA,0
20232024,2023020249,2023-11-16,LAK,FLA,0.530193,0.469807,LAK,1,LAK,1
20232024,2023020250,2023-11-16,SJS,STL,0.480176,0.519824,STL,1,SJS,0
20232024,2023020251,2023-11-17,DET,TOR,0.311048,0.688952,TOR,0,TOR,1
20232024,2023020252,2023-11-17,WPG,BUF,0.660214,0.339786,WPG,1,WPG,1
20232024,2023020253,2023-11-17,ANA,FLA,0.471079,0.528921,FLA,0,FLA,1
20232024,2023020254,2023-11-18,OTT,MIN,0.598999,0.401001,OTT,1,OTT,1
20232024,2023020255,2023-11-18,PHI,VGK,0.387835,0.612165,VGK,1,PHI,0
20232024,2023020256,2023-11-18,NSH,CHI,0.557689,0.442311,NSH,1,NSH,1
20232024,2023020257,2023-11-18,TBL,EDM,0.546721,0.453279,TBL,1,TBL,1
20232024,2023020258,2023-11-18,BOS,MTL,0.730216,0.269784,BOS,1,BOS,1
20232024,2023020259,2023-11-18,CAR,PIT,0.535696,0.464304,CAR,1,CAR,1
20232024,2023020260,2023-11-18,CGY,NYI,0.508063,0.491937,CGY,0,NYI,0
20232024,2023020261,2023-11-18,NJD,NYR,0.497791,0.502209,NYR,0,NYR,1
20232024,2023020262,2023-11-18,WPG,UTA,0.473798,0.526202,UTA,1,WPG,0
20232024,2023020263,2023-11-18,WSH,CBJ,0.618527,0.381473,WSH,1,WSH,1
20232024,2023020264,2023-11-18,DAL,COL,0.574985,0.425015,DAL,0,COL,0
20232024,2023020265,2023-11-18,VAN,SEA,0.651015,0.348985,VAN,0,SEA,0
20232024,2023020266,2023-11-18,LAK,STL,0.607094,0.392906,LAK,1,LAK,1
20232024,2023020267,2023-11-19,MIN,TOR,0.27113,0.72887,TOR,0,TOR,1
20232024,2023020268,2023-11-19,PHI,CBJ,0.651506,0.348494,PHI,1,PHI,1
20232024,2023020269,2023-11-19,PIT,VGK,0.360912,0.639088,VGK,1,PIT,0
20232024,2023020270,2023-11-19,CHI,BUF,0.264603,0.735397,BUF,0,BUF,1
20232024,2023020271,2023-11-19,ANA,STL,0.552723,0.447277,ANA,0,STL,0
20232024,2023020272,2023-11-20,FLA,EDM,0.616105,0.383895,FLA,1,FLA,1
20232024,2023020273,2023-11-20,TBL,BOS,0.387748,0.612252,BOS,1,TBL,0
20232024,2023020274,2023-11-20,DAL,NYR,0.498527,0.501473,NYR,1,DAL,0
20232024,2023020275,2023-11-20,NSH,COL,0.363924,0.636076,COL,1,NSH,0
20232024,2023020276,2023-11-20,UTA,LAK,0.381396,0.618604,LAK,0,LAK,1
20232024,2023020277,2023-11-20,SEA,CGY,0.295948,0.704052,CGY,0,CGY,1
20232024,2023020278,2023-11-20,VAN,SJS,0.842026,0.157974,VAN,1,VAN,1
20232024,2023020279,2023-11-22,CAR,EDM,0.657515,0.342485,CAR,1,CAR,1
20232024,2023020280,2023-11-22,CBJ,CHI,0.697508,0.302492,CBJ,1,CBJ,1
20232024,2023020281,2023-11-22,DET,NJD,0.471913,0.528087,NJD,1,DET,0
20232024,2023020282,2023-11-22,FLA,BOS,0.451118,0.548882,BOS,0,BOS,1
20232024,2023020283,2023-11-22,PIT,NYR,0.419937,0.580063,NYR,0,NYR,1
20232024,2023020284,2023-11-22,TBL,WPG,0.472118,0.527882,WPG,0,WPG,1
20232024,2023020285,2023-11-22,WSH,BUF,0.493121,0.506879,BUF,1,WSH,0
20232024,2023020286,2023-11-22,NYI,PHI,0.485956,0.514044,PHI,1,NYI,0
20232024,2023020287,2023-11-22,UTA,STL,0.482193,0.517807,STL,0,STL,1
20232024,2023020288,2023-11-22,NSH,CGY,0.575326,0.424674,NSH,1,NSH,1
20232024,2023020289,2023-11-22,DAL,VGK,0.534203,0.465797,DAL,0,VGK,0
20232024,2023020290,2023-11-22,ANA,MTL,0.513113,0.486887,ANA,0,MTL,0
20232024,2023020291,2023-11-22,COL,VAN,0.509399,0.490601,COL,1,COL,1
20232024,2023020292,2023-11-22,SEA,SJS,0.885083,0.114917,SEA,1,SEA,1
20232024,2023020293,2023-11-24,BOS,DET,0.657066,0.342934,BOS,0,DET,0
20232024,2023020294,2023-11-24,PHI,NYR,0.427364,0.572636,NYR,0,NYR,1
20232024,2023020295,2023-11-24,CHI,TOR,0.307024,0.692976,TOR,1,CHI,0
20232024,2023020296,2023-11-24,NJD,CBJ,0.647082,0.352918,NJD,0,CBJ,0
20232024,2023020297,2023-11-24,STL,NSH,0.275794,0.724206,NSH,0,NSH,1
20232024,2023020298,2023-11-24,WSH,EDM,0.55017,0.44983,WSH,0,EDM,0
20232024,2023020299,2023-11-24,ANA,LAK,0.376997,0.623003,LAK,0,LAK,1
20232024,2023020300,2023-11-24,SJS,MTL,0.317276,0.682724,MTL,0,MTL,1
20232024,2023020301,2023-11-24,BUF,PIT,0.515416,0.484584,BUF,1,BUF,1
20232024,2023020302,2023-11-24,OTT,NYI,0.573372,0.426628,OTT,0,NYI,0
20232024,2023020303,2023-11-24,CAR,TBL,0.636596,0.363404,CAR,0,TBL,0
20232024,2023020304,2023-11-24,FLA,WPG,0.46815,0.53185,WPG,0,WPG,1
20232024,2023020305,2023-11-24,DAL,CGY,0.686508,0.313492,DAL,0,CGY,0
20232024,2023020306,2023-11-24,MIN,COL,0.373703,0.626297,COL,0,COL,1
20232024,2023020307,2023-11-24,SEA,VAN,0.442572,0.557428,VAN,0,VAN,1
20232024,2023020308,2023-11-25,NYR,BOS,0.416128,0.583872,BOS,1,NYR,0
20232024,2023020309,2023-11-25,LAK,MTL,0.653874,0.346126,LAK,1,LAK,1
20232024,2023020310,2023-11-25,NJD,BUF,0.461853,0.538147,BUF,1,NJD,0
20232024,2023020311,2023-11-25,PIT,TOR,0.368715,0.631285,TOR,1,PIT,0
20232024,2023020312,2023-11-25,NYI,PHI,0.502459,0.497541,NYI,0,PHI,0
20232024,2023020313,2023-11-25,COL,CGY,0.597449,0.402551,COL,1,COL,1
20232024,2023020314,2023-11-25,SJS,VAN,0.170264,0.829736,VAN,1,SJS,0
20232024,2023020315,2023-11-25,VGK,UTA,0.650819,0.349181,VGK,0,UTA,0
20232024,2023020316,2023-11-26,DET,MIN,0.561985,0.438015,DET,1,DET,1
20232024,2023020317,2023-11-26,CHI,STL,0.363037,0.636963,STL,0,STL,1
20232024,2023020318,2023-11-26,CAR,CBJ,0.701886,0.298114,CAR,1,CAR,1
20232024,2023020319,2023-11-26,NSH,WPG,0.405942,0.594058,WPG,1,NSH,0
20232024,2023020320,2023-11-26,EDM,ANA,0.790943,0.209057,EDM,1,EDM,1
20232024,2023020321,2023-11-27,CBJ,BOS,0.42035,0.57965,BOS,1,CBJ,0
20232024,2023020322,2023-11-27,NYR,BUF,0.716905,0.283095,NYR,0,BUF,0
20232024,2023020323,2023-11-27,OTT,FLA,0.458766,0.541234,FLA,0,FLA,1
20232024,2023020324,2023-11-27,COL,TBL,0.604853,0.395147,COL,1,COL,1
20232024,2023020325,2023-11-27,CGY,VGK,0.414341,0.585659,VGK,1,CGY,0
20232024,2023020326,2023-11-27,SJS,WSH,0.287288,0.712712,WSH,1,SJS,0
20232024,2023020327,2023-11-28,NJD,NYI,0.315147,0.684853,NYI,1,NJD,0
20232024,2023020328,2023-11-28,PHI,CAR,0.470705,0.529295,CAR,0,CAR,1
20232024,2023020329,2023-11-28,TOR,FLA,0.627225,0.372775,TOR,1,TOR,1
20232024,2023020330,2023-11-28,MIN,STL,0.4521,0.5479,STL,1,MIN,0
20232024,2023020331,2023-11-28,NSH,PIT,0.575998,0.424002,NSH,1,NSH,1
20232024,2023020332,2023-11-28,WPG,DAL,0.43926,0.56074,DAL,0,DAL,1
20232024,2023020333,2023-11-28,CHI,SEA,0.38219,0.61781,SEA,1,CHI,0
20232024,2023020334,2023-11-28,UTA,TBL,0.537909,0.462091,UTA,1,UTA,1
20232024,2023020335,2023-11-28,EDM,VGK,0.509649,0.490351,EDM,1,EDM,1
20232024,2023020336,2023-11-28,VAN,ANA,0.702957,0.297043,VAN,1,VAN,1
20232024,2023020337,2023-11-29,CBJ,MTL,0.492718,0.507282,MTL,0,MTL,1
20232024,2023020338,2023-11-29,NYR,DET,0.608271,0.391729,NYR,1,NYR,1
20232024,2023020339,2023-11-29,LAK,WSH,0.690921,0.309079,LAK,0,WSH,0
20232024,2023020340,2023-11-30,BOS,SJS,0.806137,0.193863,BOS,1,BOS,1
20232024,2023020341,2023-11-30,CAR,NYI,0.645806,0.354194,CAR,0,NYI,0
20232024,2023020342,2023-11-30,DET,CHI,0.557125,0.442875,DET,1,DET,1
20232024,2023020343,2023-11-30,MTL,FLA,0.27071,0.72929,FLA,0,FLA,1
20232024,2023020344,2023-11-30,PHI,NJD,0.451836,0.548164,NJD,0,NJD,1
20232024,2023020345,2023-11-30,TBL,PIT,0.543817,0.456183,TBL,0,PIT,0
20232024,2023020346,2023-11-30,TOR,SEA,0.62414,0.37586,TOR,1,TOR,1
20232024,2023020347,2023-11-30,NSH,MIN,0.340927,0.659073,MIN,0,MIN,1
20232024,2023020348,2023-11-30,STL,BUF,0.527816,0.472184,STL,1,STL,1
20232024,2023020349,2023-11-30,WPG,EDM,0.535871,0.464129,WPG,0,EDM,0
20232024,2023020350,2023-11-30,UTA,COL,0.415234,0.584766,COL,1,UTA,0
20232024,2023020351,2023-11-30,CGY,DAL,0.372814,0.627186,DAL,1,CGY,0
20232024,2023020352,2023-11-30,ANA,WSH,0.511191,0.488809,ANA,0,WSH,0
20232024,2023020353,2023-11-30,VAN,VGK,0.809375,0.190625,VAN,0,VGK,0
20232024,2023020354,2023-12-01,CBJ,OTT,0.363867,0.636133,OTT,1,CBJ,0
20232024,2023020355,2023-12-01,NJD,SJS,0.735271,0.264729,NJD,0,SJS,0
20232024,2023020356,2023-12-02,DAL,TBL,0.835405,0.164595,DAL,1,DAL,1
20232024,2023020357,2023-12-02,WPG,CHI,0.681496,0.318504,WPG,1,WPG,1
20232024,2023020358,2023-12-02,NSH,NYR,0.366141,0.633859,NYR,0,NYR,1
20232024,2023020359,2023-12-02,FLA,NYI,0.583996,0.416004,FLA,0,NYI,0
20232024,2023020360,2023-12-02,CAR,BUF,0.624426,0.375574,CAR,1,CAR,1
20232024,2023020361,2023-12-02,MTL,DET,0.337046,0.662954,DET,0,DET,1
20232024,2023020362,2023-12-02,OTT,SEA,0.390777,0.609223,SEA,1,OTT,0
20232024,2023020363,2023-12-02,PIT,PHI,0.598905,0.401095,PIT,0,PHI,0
20232024,2023020364,2023-12-02,TOR,BOS,0.429716,0.570284,BOS,0,BOS,1
20232024,2023020365,2023-12-02,UTA,STL,0.4927,0.5073,STL,1,UTA,0
20232024,2023020366,2023-12-02,ANA,COL,0.335076,0.664924,COL,1,ANA,0
20232024,2023020367,2023-12-02,CGY,VAN,0.467711,0.532289,VAN,0,VAN,1
20232024,2023020368,2023-12-02,VGK,WSH,0.609071,0.390929,VGK,1,VGK,1
20232024,2023020369,2023-12-03,MIN,CHI,0.688595,0.311405,MIN,1,MIN,1
20232024,2023020370,2023-12-03,NYR,SJS,0.736983,0.263017,NYR,1,NYR,1
20232024,2023020371,2023-12-03,BOS,CBJ,0.609269,0.390731,BOS,1,BOS,1
20232024,2023020372,2023-12-03,BUF,NSH,0.444529,0.555471,NSH,0,NSH,1
20232024,2023020373,2023-12-03,LAK,COL,0.615876,0.384124,LAK,1,LAK,1
20232024,2023020374,2023-12-04,PHI,PIT,0.469385,0.530615,PIT,1,PHI,0
20232024,2023020375,2023-12-04,TBL,DAL,0.353605,0.646395,DAL,1,TBL,0
20232024,2023020376,2023-12-04,MTL,SEA,0.394312,0.605688,SEA,1,MTL,0
20232024,2023020377,2023-12-04,WPG,CAR,0.443661,0.556339,CAR,1,WPG,0
20232024,2023020378,2023-12-04,UTA,WSH,0.787799,0.212201,UTA,1,UTA,1
20232024,2023020379,2023-12-04,VGK,STL,0.596025,0.403975,VGK,0,STL,0
20232024,2023020380,2023-12-05,BUF,DET,0.467596,0.532404,DET,0,DET,1
20232024,2023020381,2023-12-05,CBJ,LAK,0.280206,0.719794,LAK,0,LAK,1
20232024,2023020382,2023-12-05,OTT,NYR,0.374867,0.625133,NYR,1,OTT,0
20232024,2023020383,2023-12-05,NYI,SJS,0.732481,0.267519,NYI,0,SJS,0
20232024,2023020384,2023-12-05,CHI,NSH,0.356635,0.643365,NSH,0,NSH,1
20232024,2023020385,2023-12-05,CGY,MIN,0.255029,0.744971,MIN,0,MIN,1
20232024,2023020386,2023-12-05,COL,ANA,0.603726,0.396274,COL,1,COL,1
20232024,2023020387,2023-12-05,VAN,NJD,0.535114,0.464886,VAN,0,NJD,0
20232024,2023020388,2023-12-06,FLA,DAL,0.38983,0.61017,DAL,1,FLA,0
20232024,2023020389,2023-12-06,TBL,PIT,0.544606,0.455394,TBL,1,TBL,1
20232024,2023020390,2023-12-06,STL,VGK,0.471203,0.528797,VGK,0,VGK,1
20232024,2023020391,2023-12-06,EDM,CAR,0.704696,0.295304,EDM,1,EDM,1
20232024,2023020392,2023-12-07,BOS,BUF,0.692163,0.307837,BOS,0,BUF,0
20232024,2023020393,2023-12-07,DET,SJS,0.914142,0.085858,DET,0,SJS,0
20232024,2023020394,2023-12-07,MTL,LAK,0.286923,0.713077,LAK,0,LAK,1
20232024,2023020395,2023-12-07,OTT,TOR,0.745955,0.254045,OTT,0,TOR,0
20232024,2023020396,2023-12-07,WSH,DAL,0.383944,0.616056,DAL,0,DAL,1
20232024,2023020397,2023-12-07,NYI,CBJ,0.649231,0.350769,NYI,1,NYI,1
20232024,2023020398,2023-12-07,NSH,TBL,0.594539,0.405461,NSH,1,NSH,1
20232024,2023020399,2023-12-07,CHI,ANA,0.463523,0.536477,ANA,1,CHI,0
20232024,2023020400,2023-12-07,UTA,PHI,0.541076,0.458924,UTA,0,PHI,0
20232024,2023020401,2023-12-07,CGY,CAR,0.487301,0.512699,CAR,1,CGY,0
20232024,2023020402,2023-12-07,COL,WPG,0.569934,0.430066,COL,0,WPG,0
20232024,2023020403,2023-12-07,SEA,NJD,0.392015,0.607985,NJD,0,NJD,1
20232024,2023020404,2023-12-07,VAN,MIN,0.601811,0.398189,VAN,1,VAN,1
20232024,2023020405,2023-12-08,CBJ,STL,0.247033,0.752967,STL,1,CBJ,0
20232024,2023020406,2023-12-08,FLA,PIT,0.586945,0.413055,FLA,1,FLA,1
20232024,2023020407,2023-12-08,EDM,MIN,0.700305,0.299695,EDM,1,EDM,1
20232024,2023020408,2023-12-09,BOS,UTA,0.610646,0.389354,BOS,1,BOS,1
20232024,2023020409,2023-12-09,CGY,NJD,0.442252,0.557748,NJD,0,NJD,1
20232024,2023020410,2023-12-09,DAL,VGK,0.549067,0.450933,DAL,0,VGK,0
20232024,2023020411,2023-12-09,BUF,MTL,0.62796,0.37204,BUF,0,MTL,0
20232024,2023020412,2023-12-09,DET,OTT,0.532752,0.467248,DET,0,OTT,0
20232024,2023020413,2023-12-09,TOR,NSH,0.563679,0.436321,TOR,1,TOR,1
20232024,2023020414,2023-12-09,WSH,NYR,0.325722,0.674278,NYR,1,WSH,0
20232024,2023020415,2023-12-09,NYI,LAK,0.381392,0.618608,LAK,1,NYI,0
20232024,2023020416,2023-12-09,CHI,STL,0.47155,0.52845,STL,1,CHI,0
20232024,2023020417,2023-12-09,COL,PHI,0.581282,0.418718,COL,0,PHI,0
20232024,2023020418,2023-12-09,SEA,TBL,0.243574,0.756426,TBL,0,TBL,1
20232024,2023020419,2023-12-09,VAN,CAR,0.531255,0.468745,VAN,1,VAN,1
20232024,2023020420,2023-12-10,CBJ,FLA,0.330281,0.669719,FLA,0,FLA,1
20232024,2023020421,2023-12-10,EDM,NJD,0.591097,0.408903,EDM,1,EDM,1
20232024,2023020422,2023-12-10,CHI,WSH,0.339474,0.660526,WSH,0,WSH,1
20232024,2023020423,2023-12-10,MTL,NSH,0.357545,0.642455,NSH,0,NSH,1
20232024,2023020424,2023-12-10,NYR,LAK,0.434562,0.565438,LAK,1,NYR,0
20232024,2023020425,2023-12-10,ANA,WPG,0.371837,0.628163,WPG,0,WPG,1
20232024,2023020426,2023-12-10,SEA,MIN,0.349815,0.650185,MIN,0,MIN,1
20232024,2023020427,2023-12-10,VGK,SJS,0.649405,0.350595,VGK,1,VGK,1
20232024,2023020428,2023-12-11,BUF,UTA,0.482582,0.517418,UTA,1,BUF,0
20232024,2023020429,2023-12-11,NYI,TOR,0.514213,0.485787,NYI,1,NYI,1
20232024,2023020430,2023-12-11,DAL,DET,0.588182,0.411818,DAL,1,DAL,1
20232024,2023020431,2023-12-11,COL,CGY,0.3205,0.6795,CGY,1,COL,0
20232024,2023020432,2023-12-12,NYR,TOR,0.647464,0.352536,NYR,0,TOR,0
20232024,2023020433,2023-12-12,OTT,CAR,0.460437,0.539563,CAR,0,CAR,1
20232024,2023020434,2023-12-12,PIT,UTA,0.576418,0.423582,PIT,1,PIT,1
20232024,2023020435,2023-12-12,NSH,PHI,0.563111,0.436889,NSH,1,NSH,1
20232024,2023020436,2023-12-12,STL,DET,0.562998,0.437002,STL,0,DET,0
20232024,2023020437,2023-12-12,EDM,CHI,0.766182,0.233818,EDM,1,EDM,1
20232024,2023020438,2023-12-12,SEA,FLA,0.409435,0.590565,FLA,1,SEA,0
20232024,2023020439,2023-12-12,VAN,TBL,0.597377,0.402623,VAN,1,VAN,1
20232024,2023020440,2023-12-12,VGK,CGY,0.711784,0.288216,VGK,1,VGK,1
20232024,2023020441,2023-12-12,SJS,WPG,0.298887,0.701113,WPG,1,SJS,0
20232024,2023020442,2023-12-13,MTL,PIT,0.465411,0.534589,PIT,0,PIT,1
20232024,2023020443,2023-12-13,NJD,BOS,0.451814,0.548186,BOS,1,NJD,0
20232024,2023020444,2023-12-13,NYI,ANA,0.696558,0.303442,NYI,1,NYI,1
20232024,2023020445,2023-12-13,COL,BUF,0.600355,0.399645,COL,1,COL,1
20232024,2023020446,2023-12-13,LAK,WPG,0.673158,0.326842,LAK,0,WPG,0
20232024,2023020447,2023-12-14,DET,CAR,0.488312,0.511688,CAR,0,CAR,1
20232024,2023020448,2023-12-14,PHI,WSH,0.53681,0.46319,PHI,1,PHI,1
20232024,2023020449,2023-12-14,TOR,CBJ,0.716664,0.283336,TOR,0,CBJ,0
20232024,2023020450,2023-12-14,MIN,CGY,0.540024,0.459976,MIN,1,MIN,1
20232024,2023020451,2023-12-14,STL,OTT,0.432654,0.567346,OTT,1,STL,0
20232024,2023020452,2023-12-14,EDM,TBL,0.655731,0.344269,EDM,0,TBL,0
20232024,2023020453,2023-12-14,SEA,CHI,0.836386,0.163614,SEA,1,SEA,1
20232024,2023020454,2023-12-14,VAN,FLA,0.794667,0.205333,VAN,1,VAN,1
20232024,2023020455,2023-12-15,CAR,NSH,0.482706,0.517294,NSH,0,NSH,1
20232024,2023020456,2023-12-15,NYR,ANA,0.71744,0.28256,NYR,1,NYR,1
20232024,2023020457,2023-12-15,NYI,BOS,0.510363,0.489637,NYI,0,BOS,0
20232024,2023020458,2023-12-15,DAL,OTT,0.506998,0.493002,DAL,1,DAL,1
20232024,2023020459,2023-12-15,UTA,SJS,0.701469,0.298531,UTA,1,UTA,1
20232024,2023020460,2023-12-15,VGK,BUF,0.686406,0.313594,VGK,0,BUF,0
20232024,2023020461,2023-12-16,MIN,VAN,0.428429,0.571571,VAN,1,MIN,0
20232024,2023020462,2023-12-16,BOS,NYR,0.474971,0.525029,NYR,0,NYR,1
20232024,2023020463,2023-12-16,CBJ,NJD,0.398069,0.601931,NJD,0,NJD,1
20232024,2023020464,2023-12-16,MTL,NYI,0.398009,0.601991,NYI,1,MTL,0
20232024,2023020465,2023-12-16,PHI,DET,0.702741,0.297259,PHI,1,PHI,1
20232024,2023020466,2023-12-16,TOR,PIT,0.805746,0.194254,TOR,1,TOR,1
20232024,2023020467,2023-12-16,WPG,COL,0.513131,0.486869,WPG,1,WPG,1
20232024,2023020468,2023-12-16,NSH,WSH,0.489538,0.510462,WSH,1,NSH,0
20232024,2023020469,2023-12-16,STL,DAL,0.459413,0.540587,DAL,1,STL,0
20232024,2023020470,2023-12-16,UTA,BUF,0.488633,0.511367,BUF,1,UTA,0
20232024,2023020471,2023-12-16,CGY,TBL,0.441012,0.558988,TBL,1,CGY,0
20232024,2023020472,2023-12-16,EDM,FLA,0.551234,0.448766,EDM,0,FLA,0
20232024,2023020473,2023-12-16,SEA,LAK,0.357614,0.642386,LAK,0,LAK,1
20232024,2023020474,2023-12-17,CHI,VAN,0.316543,0.683457,VAN,0,VAN,1
20232024,2023020475,2023-12-17,CAR,WSH,0.691719,0.308281,CAR,0,WSH,0
20232024,2023020476,2023-12-17,NJD,ANA,0.785751,0.214249,NJD,0,ANA,0
20232024,2023020477,2023-12-17,COL,SJS,0.621211,0.378789,COL,1,COL,1
20232024,2023020478,2023-12-17,VGK,OTT,0.638745,0.361255,VGK,1,VGK,1
20232024,2023020479,2023-12-18,DET,ANA,0.479126,0.520874,ANA,0,ANA,1
20232024,2023020480,2023-12-18,PIT,MIN,0.521504,0.478496,PIT,1,PIT,1
20232024,2023020481,2023-12-18,WPG,MTL,0.701322,0.298678,WPG,0,MTL,0
20232024,2023020482,2023-12-18,DAL,SEA,0.68768,0.31232,DAL,1,DAL,1
20232024,2023020483,2023-12-18,CGY,FLA,0.461556,0.538444,FLA,1,CGY,0
20232024,2023020484,2023-12-19,BOS,MIN,0.722295,0.277705,BOS,0,MIN,0
20232024,2023020485,2023-12-19,BUF,CBJ,0.324868,0.675132,CBJ,0,CBJ,1
20232024,2023020486,2023-12-19,CAR,VGK,0.75942,0.24058,CAR,1,CAR,1
20232024,2023020487,2023-12-19,NJD,PHI,0.531761,0.468239,NJD,0,PHI,0
20232024,2023020488,2023-12-19,TBL,STL,0.79235,0.20765,TBL,1,TBL,1
20232024,2023020489,2023-12-19,TOR,NYR,0.544965,0.455035,TOR,0,NYR,0
20232024,2023020490,2023-12-19,NYI,EDM,0.523071,0.476929,NYI,1,NYI,1
20232024,2023020491,2023-12-19,NSH,VAN,0.252821,0.747179,VAN,0,VAN,1
20232024,2023020492,2023-12-19,CHI,COL,0.273525,0.726475,COL,1,CHI,0
20232024,2023020493,2023-12-19,UTA,OTT,0.255338,0.744662,OTT,1,UTA,0
20232024,2023020494,2023-12-19,SJS,LAK,0.261924,0.738076,LAK,0,LAK,1
20232024,2023020495,2023-12-20,WPG,DET,0.570897,0.429103,WPG,1,WPG,1
20232024,2023020496,2023-12-20,WSH,NYI,0.542635,0.457365,WSH,1,WSH,1
20232024,2023020497,2023-12-20,LAK,SEA,0.574958,0.425042,LAK,0,SEA,0
20232024,2023020498,2023-12-21,BUF,TOR,0.654743,0.345257,BUF,1,BUF,1
20232024,2023020499,2023-12-21,CBJ,WSH,0.545213,0.454787,CBJ,0,WSH,0
20232024,2023020500,2023-12-21,FLA,STL,0.605928,0.394072,FLA,0,STL,0
20232024,2023020501,2023-12-21,NJD,EDM,0.277118,0.722882,EDM,0,EDM,1
20232024,2023020502,2023-12-21,PHI,NSH,0.52034,0.47966,PHI,0,NSH,0
20232024,2023020503,2023-12-21,PIT,CAR,0.459211,0.540789,CAR,1,PIT,0
20232024,2023020504,2023-12-21,TBL,VGK,0.428279,0.571721,VGK,1,TBL,0
20232024,2023020505,2023-12-21,DAL,VAN,0.572013,0.427987,DAL,1,DAL,1
20232024,2023020506,2023-12-21,MIN,MTL,0.572801,0.427199,MIN,1,MIN,1
20232024,2023020507,2023-12-21,COL,OTT,0.640435,0.359565,COL,1,COL,1
20232024,2023020508,2023-12-21,ANA,CGY,0.438769,0.561231,CGY,0,CGY,1
20232024,2023020509,2023-12-21,SJS,UTA,0.332965,0.667035,UTA,0,UTA,1
20232024,2023020510,2023-12-22,DET,PHI,0.660166,0.339834,DET,1,DET,1
20232024,2023020511,2023-12-22,NYR,EDM,0.658567,0.341433,NYR,0,EDM,0
20232024,2023020512,2023-12-22,WPG,BOS,0.498875,0.501125,BOS,1,WPG,0
20232024,2023020513,2023-12-22,CHI,MTL,0.502657,0.497343,CHI,0,MTL,0
20232024,2023020514,2023-12-23,FLA,VGK,0.428562,0.571438,VGK,1,FLA,0
20232024,2023020515,2023-12-23,NSH,DAL,0.388982,0.611018,DAL,0,DAL,1
20232024,2023020516,2023-12-23,CAR,NYI,0.553038,0.446962,CAR,0,NYI,0
20232024,2023020517,2023-12-23,CBJ,TOR,0.369005,0.630995,TOR,0,TOR,1
20232024,2023020518,2023-12-23,MIN,BOS,0.515872,0.484128,MIN,1,MIN,1
20232024,2023020519,2023-12-23,NJD,DET,0.558281,0.441719,NJD,1,NJD,1
20232024,2023020520,2023-12-23,OTT,PIT,0.437395,0.562605,PIT,1,OTT,0
20232024,2023020521,2023-12-23,WSH,TBL,0.451732,0.548268,TBL,0,TBL,1
20232024,2023020522,2023-12-23,NYR,BUF,0.478319,0.521681,BUF,1,NYR,0
20232024,2023020523,2023-12-23,ANA,SEA,0.471691,0.528309,SEA,0,SEA,1
20232024,2023020524,2023-12-23,STL,CHI,0.777394,0.222606,STL,1,STL,1
20232024,2023020525,2023-12-23,COL,UTA,0.616003,0.383997,COL,1,COL,1
20232024,2023020526,2023-12-23,LAK,CGY,0.602704,0.397296,LAK,1,LAK,1
20232024,2023020527,2023-12-23,VAN,SJS,0.774709,0.225291,VAN,1,VAN,1
20232024,2023020528,2023-12-27,NJD,CBJ,0.578009,0.421991,NJD,1,NJD,1
20232024,2023020529,2023-12-27,NYR,WSH,0.65791,0.34209,NYR,1,NYR,1
20232024,2023020530,2023-12-27,TBL,FLA,0.565467,0.434533,TBL,0,FLA,0
20232024,2023020531,2023-12-27,TOR,OTT,0.610259,0.389741,TOR,0,OTT,0
20232024,2023020532,2023-12-27,BUF,BOS,0.446454,0.553546,BOS,0,BOS,1
20232024,2023020533,2023-12-27,NYI,PIT,0.33247,0.66753,PIT,0,PIT,1
20232024,2023020534,2023-12-27,MIN,DET,0.510907,0.489093,MIN,1,MIN,1
20232024,2023020535,2023-12-27,NSH,CAR,0.212808,0.787192,CAR,0,CAR,1
20232024,2023020536,2023-12-27,STL,DAL,0.415103,0.584897,DAL,1,STL,0
20232024,2023020537,2023-12-27,UTA,COL,0.431401,0.568599,COL,1,UTA,0
20232024,2023020538,2023-12-27,CHI,WPG,0.288523,0.711477,WPG,1,CHI,0
20232024,2023020539,2023-12-27,CGY,SEA,0.530005,0.469995,CGY,0,SEA,0
20232024,2023020540,2023-12-27,ANA,VGK,0.330783,0.669217,VGK,1,ANA,0
20232024,2023020541,2023-12-27,LAK,SJS,0.763617,0.236383,LAK,1,LAK,1
20232024,2023020542,2023-12-28,CAR,MTL,0.56731,0.43269,CAR,1,CAR,1
20232024,2023020543,2023-12-28,VAN,PHI,0.853649,0.146351,VAN,0,PHI,0
20232024,2023020544,2023-12-28,VGK,LAK,0.466717,0.533283,LAK,1,VGK,0
20232024,2023020545,2023-12-28,SJS,EDM,0.085729,0.914271,EDM,0,EDM,1
20232024,2023020546,2023-12-29,CBJ,TOR,0.168072,0.831928,TOR,1,CBJ,0
20232024,2023020547,2023-12-29,DET,NSH,0.462113,0.537887,NSH,1,DET,0
20232024,2023020548,2023-12-29,FLA,NYR,0.43275,0.56725,NYR,1,FLA,0
20232024,2023020549,2023-12-29,OTT,NJD,0.525123,0.474877,OTT,0,NJD,0
20232024,2023020550,2023-12-29,NYI,WSH,0.830732,0.169268,NYI,1,NYI,1
20232024,2023020551,2023-12-29,DAL,CHI,0.772252,0.227748,DAL,1,DAL,1
20232024,2023020552,2023-12-29,STL,COL,0.488179,0.511821,COL,0,COL,1
20232024,2023020553,2023-12-29,ANA,UTA,0.417734,0.582266,UTA,0,UTA,1
20232024,2023020554,2023-12-29,SEA,PHI,0.579501,0.420499,SEA,1,SEA,1
20232024,2023020555,2023-12-30,WPG,MIN,0.792699,0.207301,WPG,1,WPG,1
20232024,2023020556,2023-12-30,BUF,CBJ,0.68001,0.31999,BUF,1,BUF,1
20232024,2023020557,2023-12-30,BOS,NJD,0.710624,0.289376,BOS,1,BOS,1
20232024,2023020558,2023-12-30,FLA,MTL,0.523907,0.476093,FLA,1,FLA,1
20232024,2023020559,2023-12-30,PIT,STL,0.690437,0.309563,PIT,1,PIT,1
20232024,2023020560,2023-12-30,TBL,NYR,0.486743,0.513257,NYR,0,NYR,1
20232024,2023020561,2023-12-30,TOR,CAR,0.328157,0.671843,CAR,0,CAR,1
20232024,2023020562,2023-12-30,WSH,NSH,0.386422,0.613578,NSH,0,NSH,1
20232024,2023020563,2023-12-30,LAK,EDM,0.538582,0.461418,LAK,0,EDM,0
20232024,2023020564,2023-12-31,MIN,WPG,0.383176,0.616824,WPG,0,WPG,1
20232024,2023020565,2023-12-31,DET,BOS,0.555315,0.444685,DET,0,BOS,0
20232024,2023020566,2023-12-31,OTT,BUF,0.579967,0.420033,OTT,1,OTT,1
20232024,2023020567,2023-12-31,PIT,NYI,0.356267,0.643733,NYI,1,PIT,0
20232024,2023020568,2023-12-31,TBL,MTL,0.566211,0.433789,TBL,1,TBL,1
20232024,2023020569,2023-12-31,ANA,EDM,0.466776,0.533224,EDM,0,EDM,1
20232024,2023020570,2023-12-31,CGY,PHI,0.532651,0.467349,CGY,1,CGY,1
20232024,2023020571,2023-12-31,COL,SJS,0.758617,0.241383,COL,1,COL,1
20232024,2023020572,2023-12-31,DAL,CHI,0.908177,0.091823,DAL,1,DAL,1
20232024,2023020573,2024-01-01,SEA,VGK,0.401685,0.598315,VGK,1,SEA,0
20232024,2023020574,2024-01-02,CBJ,BOS,0.357127,0.642873,BOS,0,BOS,1
20232024,2023020575,2024-01-02,NYR,CAR,0.537517,0.462483,NYR,0,CAR,0
20232024,2023020576,2024-01-02,PIT,WSH,0.402086,0.597914,WSH,0,WSH,1
20232024,2023020577,2024-01-02,DAL,MTL,0.71106,0.28894,DAL,0,MTL,0
20232024,2023020578,2024-01-02,MIN,CGY,0.518125,0.481875,MIN,0,CGY,0
20232024,2023020579,2024-01-02,NSH,CHI,0.708181,0.291819,NSH,1,NSH,1
20232024,2023020580,2024-01-02,WPG,TBL,0.594469,0.405531,WPG,1,WPG,1
20232024,2023020581,2024-01-02,UTA,FLA,0.466898,0.533102,FLA,0,FLA,1
20232024,2023020582,2024-01-02,COL,NYI,0.817799,0.182201,COL,1,COL,1
20232024,2023020583,2024-01-02,EDM,PHI,0.617792,0.382208,EDM,1,EDM,1
20232024,2023020584,2024-01-02,VAN,OTT,0.8108,0.1892,VAN,1,VAN,1
20232024,2023020585,2024-01-02,LAK,TOR,0.488048,0.511952,TOR,0,TOR,1
20232024,2023020586,2024-01-02,SJS,DET,0.262857,0.737143,DET,0,DET,1
20232024,2023020587,2024-01-03,WSH,NJD,0.337047,0.662953,NJD,0,NJD,1
20232024,2023020588,2024-01-03,ANA,TOR,0.429907,0.570093,TOR,0,TOR,1
20232024,2023020589,2024-01-04,BOS,PIT,0.598446,0.401554,BOS,0,PIT,0
20232024,2023020590,2024-01-04,MTL,BUF,0.448549,0.551451,BUF,0,BUF,1
20232024,2023020591,2024-01-04,NYR,CHI,0.782188,0.217812,NYR,1,NYR,1
20232024,2023020592,2024-01-04,PHI,CBJ,0.614183,0.385817,PHI,0,CBJ,0
20232024,2023020593,2024-01-04,DAL,COL,0.530363,0.469637,DAL,0,COL,0
20232024,2023020594,2024-01-04,MIN,TBL,0.447811,0.552189,TBL,0,TBL,1
20232024,2023020595,2024-01-04,NSH,CGY,0.328815,0.671185,CGY,0,CGY,1
20232024,2023020596,2024-01-04,STL,VAN,0.358869,0.641131,VAN,1,STL,0
20232024,2023020597,2024-01-04,UTA,NYI,0.473456,0.526544,NYI,0,NYI,1
20232024,2023020598,2024-01-04,SEA,OTT,0.528987,0.471013,SEA,1,SEA,1
20232024,2023020599,2024-01-04,VGK,FLA,0.536529,0.463471,VGK,0,FLA,0
20232024,2023020600,2024-01-04,LAK,DET,0.564581,0.435419,LAK,0,DET,0
20232024,2023020601,2024-01-04,SJS,WPG,0.244603,0.755397,WPG,0,WPG,1
20232024,2023020602,2024-01-05,NJD,CHI,0.766404,0.233596,NJD,1,NJD,1
20232024,2023020603,2024-01-05,WSH,CAR,0.375127,0.624873,CAR,0,CAR,1
20232024,2023020604,2024-01-05,ANA,WPG,0.403645,0.596355,WPG,0,WPG,1
20232024,2023020605,2024-01-06,PHI,CGY,0.462406,0.537594,CGY,1,PHI,0
20232024,2023020606,2024-01-06,COL,FLA,0.330509,0.669491,FLA,0,FLA,1
20232024,2023020607,2024-01-06,BOS,TBL,0.618908,0.381092,BOS,1,BOS,1
20232024,2023020608,2024-01-06,CAR,STL,0.547794,0.452206,CAR,0,STL,0
20232024,2023020609,2024-01-06,CBJ,MIN,0.446257,0.553743,MIN,0,MIN,1
20232024,2023020610,2024-01-06,MTL,NYR,0.336609,0.663391,NYR,1,MTL,0
20232024,2023020611,2024-01-06,NJD,VAN,0.325552,0.674448,VAN,0,VAN,1
20232024,2023020612,2024-01-06,PIT,BUF,0.567567,0.432433,PIT,0,BUF,0
20232024,2023020613,2024-01-06,SJS,TOR,0.277447,0.722553,TOR,0,TOR,1
20232024,2023020614,2024-01-06,DAL,NSH,0.627675,0.372325,DAL,0,NSH,0
20232024,2023020615,2024-01-06,EDM,OTT,0.650742,0.349258,EDM,1,EDM,1
20232024,2023020616,2024-01-06,VGK,NYI,0.569829,0.430171,VGK,1,VGK,1
20232024,2023020617,2024-01-07,CHI,CGY,0.386036,0.613964,CGY,1,CHI,0
20232024,2023020618,2024-01-07,WSH,LAK,0.37777,0.62223,LAK,1,WSH,0
20232024,2023020619,2024-01-07,UTA,WPG,0.383777,0.616223,WPG,0,WPG,1
20232024,2023020620,2024-01-07,ANA,DET,0.356165,0.643835,DET,0,DET,1
20232024,2023020621,2024-01-08,NYR,VAN,0.506067,0.493933,NYR,0,VAN,0
20232024,2023020622,2024-01-08,PHI,PIT,0.445815,0.554185,PIT,0,PIT,1
20232024,2023020623,2024-01-08,MIN,DAL,0.356999,0.643001,DAL,0,DAL,1
20232024,2023020624,2024-01-08,COL,BOS,0.467966,0.532034,BOS,1,COL,0
20232024,2023020625,2024-01-09,BUF,SEA,0.547246,0.452754,BUF,0,SEA,0
20232024,2023020626,2024-01-09,TBL,LAK,0.440726,0.559274,LAK,1,TBL,0
20232024,2023020627,2024-01-09,TOR,SJS,0.902733,0.097267,TOR,1,TOR,1
20232024,2023020628,2024-01-09,NYI,VAN,0.531349,0.468651,NYI,0,VAN,0
20232024,2023020629,2024-01-09,NSH,ANA,0.669483,0.330517,NSH,0,ANA,0
20232024,2023020630,2024-01-09,STL,FLA,0.396909,0.603091,FLA,0,FLA,1
20232024,2023020631,2024-01-09,WPG,CBJ,0.752025,0.247975,WPG,1,WPG,1
20232024,2023020632,2024-01-09,CHI,EDM,0.29121,0.70879,EDM,0,EDM,1
20232024,2023020633,2024-01-09,UTA,BOS,0.717795,0.282205,UTA,1,UTA,1
20232024,2023020634,2024-01-09,CGY,OTT,0.518677,0.481323,CGY,1,CGY,1
20232024,2023020635,2024-01-10,PHI,MTL,0.592275,0.407725,PHI,1,PHI,1
20232024,2023020636,2024-01-10,DAL,MIN,0.644967,0.355033,DAL,1,DAL,1
20232024,2023020637,2024-01-10,COL,VGK,0.583902,0.416098,COL,1,COL,1
20232024,2023020638,2024-01-11,BUF,OTT,0.781046,0.218954,BUF,1,BUF,1
20232024,2023020639,2024-01-11,CAR,ANA,0.654679,0.345321,CAR,1,CAR,1
20232024,2023020640,2024-01-11,DET,EDM,0.462695,0.537305,EDM,0,EDM,1
20232024,2023020641,2024-01-11,FLA,LAK,0.566585,0.433415,FLA,1,FLA,1
20232024,2023020642,2024-01-11,MTL,SJS,0.536555,0.463445,MTL,0,SJS,0
20232024,2023020643,2024-01-11,PIT,VAN,0.234887,0.765113,VAN,0,VAN,1
20232024,2023020644,2024-01-11,TBL,NJD,0.512017,0.487983,TBL,1,TBL,1
20232024,2023020645,2024-01-11,WSH,SEA,0.492521,0.507479,SEA,0,SEA,1
20232024,2023020646,2024-01-11,NYI,TOR,0.450225,0.549775,TOR,1,NYI,0
20232024,2023020647,2024-01-11,STL,NYR,0.378587,0.621413,NYR,1,STL,0
20232024,2023020648,2024-01-11,WPG,CHI,0.78924,0.21076,WPG,1,WPG,1
20232024,2023020649,2024-01-11,UTA,CGY,0.228873,0.771127,CGY,0,CGY,1
20232024,2023020650,2024-01-11,VGK,BOS,0.24063,0.75937,BOS,1,VGK,0
20232024,2023020651,2024-01-12,DAL,NSH,0.669098,0.330902,DAL,0,NSH,0
20232024,2023020652,2024-01-12,MIN,PHI,0.505406,0.494594,MIN,0,PHI,0
20232024,2023020653,2024-01-13,WSH,NYR,0.342458,0.657542,NYR,1,WSH,0
20232024,2023020654,2024-01-13,BUF,VAN,0.392813,0.607187,VAN,0,VAN,1
20232024,2023020655,2024-01-13,OTT,SJS,0.674415,0.325585,OTT,1,OTT,1
20232024,2023020656,2024-01-13,FLA,NJD,0.606269,0.393731,FLA,0,NJD,0
20232024,2023020657,2024-01-13,CAR,PIT,0.561205,0.438795,CAR,1,CAR,1
20232024,2023020658,2024-01-13,CBJ,SEA,0.408278,0.591722,SEA,0,SEA,1
20232024,2023020659,2024-01-13,DET,LAK,0.722552,0.277448,DET,1,DET,1
20232024,2023020660,2024-01-13,MTL,EDM,0.369661,0.630339,EDM,0,EDM,1
20232024,2023020661,2024-01-13,TBL,ANA,0.66634,0.33366,TBL,1,TBL,1
20232024,2023020662,2024-01-13,TOR,COL,0.465092,0.534908,COL,0,COL,1
20232024,2023020663,2024-01-13,WPG,PHI,0.750003,0.249997,WPG,0,PHI,0
20232024,2023020664,2024-01-13,CHI,DAL,0.589364,0.410636,CHI,0,DAL,0
20232024,2023020665,2024-01-13,MIN,UTA,0.195577,0.804423,UTA,0,UTA,1
20232024,2023020666,2024-01-13,NSH,NYI,0.390514,0.609486,NYI,1,NSH,0
20232024,2023020667,2024-01-13,STL,BOS,0.378432,0.621568,BOS,0,BOS,1
20232024,2023020668,2024-01-13,VGK,CGY,0.516955,0.483045,VGK,0,CGY,0
20232024,2023020669,2024-01-14,NYR,WSH,0.630791,0.369209,NYR,1,NYR,1
20232024,2023020670,2024-01-14,TOR,DET,0.516044,0.483956,TOR,0,DET,0
20232024,2023020671,2024-01-15,BOS,NJD,0.65583,0.34417,BOS,1,BOS,1
20232024,2023020672,2024-01-15,BUF,SJS,0.687478,0.312522,BUF,1,BUF,1
20232024,2023020673,2024-01-15,CBJ,VAN,0.270822,0.729178,VAN,1,CBJ,0
20232024,2023020674,2024-01-15,FLA,ANA,0.667774,0.332226,FLA,0,ANA,0
20232024,2023020675,2024-01-15,CAR,LAK,0.31939,0.68061,LAK,0,LAK,1
20232024,2023020676,2024-01-15,MIN,NYI,0.751866,0.248134,MIN,1,MIN,1
20232024,2023020677,2024-01-15,PIT,SEA,0.579821,0.420179,PIT,1,PIT,1
20232024,2023020678,2024-01-15,MTL,COL,0.327461,0.672539,COL,1,MTL,0
20232024,2023020679,2024-01-15,STL,PHI,0.533605,0.466395,STL,0,PHI,0
20232024,2023020680,2024-01-15,VGK,NSH,0.52007,0.47993,VGK,1,VGK,1
20232024,2023020681,2024-01-16,NYR,SEA,0.743994,0.256006,NYR,1,NYR,1
20232024,2023020682,2024-01-16,OTT,COL,0.481675,0.518325,COL,0,COL,1
20232024,2023020683,2024-01-16,WSH,ANA,0.610662,0.389338,WSH,1,WSH,1
20232024,2023020684,2024-01-16,DAL,LAK,0.685104,0.314896,DAL,1,DAL,1
20232024,2023020685,2024-01-16,WPG,NYI,0.731044,0.268956,WPG,1,WPG,1
20232024,2023020686,2024-01-16,CHI,SJS,0.658177,0.341823,CHI,1,CHI,1
20232024,2023020687,2024-01-16,CGY,UTA,0.604585,0.395415,CGY,1,CGY,1
20232024,2023020688,2024-01-16,EDM,TOR,0.616565,0.383435,EDM,1,EDM,1
20232024,2023020689,2024-01-17,FLA,DET,0.606171,0.393829,FLA,0,DET,0
20232024,2023020690,2024-01-17,NJD,MTL,0.635789,0.364211,NJD,0,MTL,0
20232024,2023020691,2024-01-18,BUF,CHI,0.683244,0.316756,BUF,1,BUF,1
20232024,2023020692,2024-01-18,BOS,COL,0.616833,0.383167,BOS,1,BOS,1
20232024,2023020693,2024-01-18,OTT,MTL,0.676443,0.323557,OTT,1,OTT,1
20232024,2023020694,2024-01-18,PHI,DAL,0.375664,0.624336,DAL,1,PHI,0
20232024,2023020695,2024-01-18,TBL,MIN,0.589974,0.410026,TBL,1,TBL,1
20232024,2023020696,2024-01-18,WSH,STL,0.478999,0.521001,STL,1,WSH,0
20232024,2023020697,2024-01-18,CGY,TOR,0.505464,0.494536,CGY,0,TOR,0
20232024,2023020698,2024-01-18,EDM,SEA,0.700745,0.299255,EDM,1,EDM,1
20232024,2023020699,2024-01-18,LAK,NSH,0.565295,0.434705,LAK,0,NSH,0
20232024,2023020700,2024-01-18,VAN,UTA,0.687057,0.312943,VAN,1,VAN,1
20232024,2023020701,2024-01-18,VGK,NYR,0.455598,0.544402,NYR,1,VGK,0
20232024,2023020702,2024-01-19,CAR,DET,0.562536,0.437464,CAR,1,CAR,1
20232024,2023020703,2024-01-19,CBJ,NJD,0.395899,0.604101,NJD,0,NJD,1
20232024,2023020704,2024-01-19,FLA,MIN,0.646242,0.353758,FLA,0,MIN,0
20232024,2023020705,2024-01-19,CHI,NYI,0.21444,0.78556,NYI,1,CHI,0
20232024,2023020706,2024-01-20,BUF,TBL,0.415545,0.584455,TBL,0,TBL,1
20232024,2023020707,2024-01-20,PHI,COL,0.230305,0.769695,COL,0,COL,1
20232024,2023020708,2024-01-20,UTA,NSH,0.447904,0.552096,NSH,1,UTA,0
20232024,2023020709,2024-01-20,OTT,WPG,0.399733,0.600267,WPG,0,WPG,1
20232024,2023020710,2024-01-20,BOS,MTL,0.884853,0.115147,BOS,1,BOS,1
20232024,2023020711,2024-01-20,NJD,DAL,0.32672,0.67328,DAL,0,DAL,1
20232024,2023020712,2024-01-20,VAN,TOR,0.605836,0.394164,VAN,1,VAN,1
20232024,2023020713,2024-01-20,STL,WSH,0.550736,0.449264,STL,1,STL,1
20232024,2023020714,2024-01-20,CGY,EDM,0.486604,0.513396,EDM,0,EDM,1
20232024,2023020715,2024-01-20,SJS,ANA,0.337287,0.662713,ANA,1,SJS,0
20232024,2023020716,2024-01-20,VGK,PIT,0.500296,0.499704,VGK,1,VGK,1
20232024,2023020717,2024-01-20,LAK,NYR,0.454459,0.545541,NYR,1,LAK,0
20232024,2023020718,2024-01-21,PHI,OTT,0.464397,0.535603,OTT,0,OTT,1
20232024,2023020719,2024-01-21,CAR,MIN,0.575881,0.424119,CAR,0,MIN,0
20232024,2023020720,2024-01-21,DET,TBL,0.541039,0.458961,DET,1,DET,1
20232024,2023020721,2024-01-21,NYI,DAL,0.422299,0.577701,DAL,1,NYI,0
20232024,2023020722,2024-01-21,ANA,NYR,0.293644,0.706356,NYR,0,NYR,1
20232024,2023020723,2024-01-21,SEA,TOR,0.461822,0.538178,TOR,0,TOR,1
20232024,2023020724,2024-01-22,BOS,WPG,0.624901,0.375099,BOS,1,BOS,1
20232024,2023020725,2024-01-22,NJD,VGK,0.556016,0.443984,NJD,1,NJD,1
20232024,2023020726,2024-01-22,NSH,FLA,0.470085,0.529915,FLA,0,FLA,1
20232024,2023020727,2024-01-22,UTA,PIT,0.431723,0.568277,PIT,1,UTA,0
20232024,2023020728,2024-01-22,VAN,CHI,0.806779,0.193221,VAN,1,VAN,1
20232024,2023020729,2024-01-22,LAK,SJS,0.743434,0.256566,LAK,0,SJS,0
20232024,2023020730,2024-01-23,DET,DAL,0.173414,0.826586,DAL,0,DAL,1
20232024,2023020731,2024-01-23,MTL,OTT,0.388801,0.611199,OTT,0,OTT,1
20232024,2023020732,2024-01-23,PHI,TBL,0.465997,0.534003,TBL,0,TBL,1
20232024,2023020733,2024-01-23,NYI,VGK,0.54113,0.45887,NYI,0,VGK,0
20232024,2023020734,2024-01-23,MIN,WSH,0.592102,0.407898,MIN,1,MIN,1
20232024,2023020735,2024-01-23,CGY,STL,0.588515,0.411485,CGY,0,STL,0
20232024,2023020736,2024-01-23,EDM,CBJ,0.772987,0.227013,EDM,1,EDM,1
20232024,2023020737,2024-01-23,ANA,BUF,0.449738,0.550262,BUF,1,ANA,0
20232024,2023020738,2024-01-23,SJS,NYR,0.172195,0.827805,NYR,1,SJS,0
20232024,2023020739,2024-01-24,FLA,UTA,0.634766,0.365234,FLA,1,FLA,1
20232024,2023020740,2024-01-24,TOR,WPG,0.548322,0.451678,TOR,1,TOR,1
20232024,2023020741,2024-01-24,BOS,CAR,0.676921,0.323079,BOS,0,CAR,0
20232024,2023020742,2024-01-24,COL,WSH,0.746769,0.253231,COL,1,COL,1
20232024,2023020743,2024-01-24,SEA,CHI,0.689401,0.310599,SEA,1,SEA,1
20232024,2023020744,2024-01-24,VAN,STL,0.763764,0.236236,VAN,0,STL,0
20232024,2023020745,2024-01-24,LAK,BUF,0.667524,0.332476,LAK,0,BUF,0
20232024,2023020746,2024-01-25,CAR,NJD,0.697851,0.302149,CAR,1,CAR,1
20232024,2023020747,2024-01-25,DET,PHI,0.551085,0.448915,DET,1,DET,1
20232024,2023020748,2024-01-25,MTL,NYI,0.438329,0.561671,NYI,1,MTL,0
20232024,2023020749,2024-01-25,OTT,BOS,0.494108,0.505892,BOS,0,BOS,1
20232024,2023020750,2024-01-25,TBL,UTA,0.696037,0.303963,TBL,1,TBL,1
20232024,2023020751,2024-01-25,DAL,ANA,0.71578,0.28422,DAL,1,DAL,1
20232024,2023020752,2024-01-25,MIN,NSH,0.608671,0.391329,MIN,0,NSH,0
20232024,2023020753,2024-01-25,CGY,CBJ,0.666787,0.333213,CGY,0,CBJ,0
20232024,2023020754,2024-01-25,EDM,CHI,0.86336,0.13664,EDM,1,EDM,1
20232024,2023020755,2024-01-26,NYR,VGK,0.507206,0.492794,NYR,0,VGK,0
20232024,2023020756,2024-01-26,PIT,FLA,0.417512,0.582488,FLA,0,FLA,1
20232024,2023020757,2024-01-26,COL,LAK,0.847502,0.152498,COL,1,COL,1
20232024,2023020758,2024-01-26,SEA,STL,0.567791,0.432209,SEA,0,STL,0
20232024,2023020759,2024-01-27,PHI,BOS,0.168054,0.831946,BOS,0,BOS,1
20232024,2023020760,2024-01-27,DAL,WSH,0.703554,0.296446,DAL,1,DAL,1
20232024,2023020761,2024-01-27,EDM,NSH,0.687556,0.312444,EDM,1,EDM,1
20232024,2023020762,2024-01-27,SJS,BUF,0.376578,0.623422,BUF,0,BUF,1
20232024,2023020763,2024-01-27,CAR,UTA,0.629223,0.370777,CAR,1,CAR,1
20232024,2023020764,2024-01-27,DET,VGK,0.533961,0.466039,DET,1,DET,1
20232024,2023020765,2024-01-27,OTT,NYR,0.250824,0.749176,NYR,0,NYR,1
20232024,2023020766,2024-01-27,PIT,MTL,0.518704,0.481296,PIT,1,PIT,1
20232024,2023020767,2024-01-27,TBL,NJD,0.586118,0.413882,TBL,1,TBL,1
20232024,2023020768,2024-01-27,WPG,TOR,0.489871,0.510129,TOR,0,TOR,1
20232024,2023020769,2024-01-27,NYI,FLA,0.514798,0.485202,NYI,0,FLA,0
20232024,2023020770,2024-01-27,MIN,ANA,0.630776,0.369224,MIN,0,ANA,0
20232024,2023020771,2024-01-27,CGY,CHI,0.717963,0.282037,CGY,1,CGY,1
20232024,2023020772,2024-01-27,VAN,CBJ,0.739637,0.260363,VAN,1,VAN,1
20232024,2023020773,2024-01-28,STL,LAK,0.501565,0.498435,STL,1,STL,1
20232024,2023020774,2024-01-28,SEA,CBJ,0.722354,0.277646,SEA,1,SEA,1
20232024,2023020775,2024-01-29,OTT,NSH,0.22452,0.77548,NSH,1,OTT,0
20232024,2023020776,2024-01-30,STL,CBJ,0.699901,0.300099,STL,0,CBJ,0
20232024,2023020777,2024-01-30,SJS,SEA,0.29382,0.70618,SEA,1,SJS,0
20232024,2023020778,2024-01-31,DET,OTT,0.533297,0.466703,DET,0,OTT,0
20232024,2023020779,2024-01-31,NSH,LAK,0.451298,0.548702,LAK,0,LAK,1
20232024,2023020780,2024-01-31,ANA,SJS,0.742749,0.257251,ANA,1,ANA,1
20232024,2023020781,2024-02-05,NYR,COL,0.460595,0.539405,COL,1,NYR,0
20232024,2023020782,2024-02-05,TOR,NYI,0.612483,0.387517,TOR,0,NYI,0
20232024,2023020783,2024-02-06,BOS,CGY,0.662216,0.337784,BOS,0,CGY,0
20232024,2023020784,2024-02-06,BUF,DAL,0.347281,0.652719,DAL,0,DAL,1
20232024,2023020785,2024-02-06,CAR,VAN,0.514864,0.485136,CAR,0,VAN,0
20232024,2023020786,2024-02-06,FLA,PHI,0.635427,0.364573,FLA,0,PHI,0
20232024,2023020787,2024-02-06,NJD,COL,0.485292,0.514708,COL,1,NJD,0
20232024,2023020788,2024-02-06,PIT,WPG,0.438854,0.561146,WPG,1,PIT,0
20232024,2023020789,2024-02-06,WSH,MTL,0.569869,0.430131,WSH,0,MTL,0
20232024,2023020790,2024-02-06,VGK,EDM,0.549491,0.450509,VGK,1,VGK,1
20232024,2023020791,2024-02-07,NYR,TBL,0.583217,0.416783,NYR,1,NYR,1
20232024,2023020792,2024-02-07,TOR,DAL,0.550133,0.449867,TOR,1,TOR,1
20232024,2023020793,2024-02-07,CHI,MIN,0.316249,0.683751,MIN,0,MIN,1
20232024,2023020794,2024-02-08,BOS,VAN,0.531232,0.468768,BOS,1,BOS,1
20232024,2023020795,2024-02-08,FLA,WSH,0.681003,0.318997,FLA,1,FLA,1
20232024,2023020796,2024-02-08,NJD,CGY,0.55802,0.44198,NJD,0,CGY,0
20232024,2023020797,2024-02-08,PHI,WPG,0.424823,0.575177,WPG,1,PHI,0
20232024,2023020798,2024-02-08,NYI,TBL,0.52331,0.47669,NYI,1,NYI,1
20232024,2023020799,2024-02-08,CAR,COL,0.256414,0.743586,COL,1,CAR,0
20232024,2023020800,2024-02-08,UTA,VGK,0.18513,0.81487,VGK,0,VGK,1
20232024,2023020801,2024-02-09,MIN,PIT,0.503367,0.496633,MIN,1,MIN,1
20232024,2023020802,2024-02-09,CHI,NYR,0.263662,0.736338,NYR,0,NYR,1
20232024,2023020803,2024-02-09,ANA,EDM,0.166498,0.833502,EDM,0,EDM,1
20232024,2023020804,2024-02-10,BUF,STL,0.541948,0.458052,BUF,0,STL,0
20232024,2023020805,2024-02-10,DET,VAN,0.396864,0.603136,VAN,1,DET,0
20232024,2023020806,2024-02-10,MTL,DAL,0.325728,0.674272,DAL,0,DAL,1
20232024,2023020807,2024-02-10,NYI,CGY,0.556277,0.443723,NYI,0,CGY,0
20232024,2023020808,2024-02-10,BOS,WSH,0.66907,0.33093,BOS,0,WSH,0
20232024,2023020809,2024-02-10,FLA,COL,0.491468,0.508532,COL,1,FLA,0
20232024,2023020810,2024-02-10,CAR,NJD,0.587432,0.412568,CAR,1,CAR,1
20232024,2023020811,2024-02-10,CBJ,TBL,0.376624,0.623376,TBL,0,TBL,1
20232024,2023020812,2024-02-10,OTT,TOR,0.439472,0.560528,TOR,1,OTT,0
20232024,2023020813,2024-02-10,PHI,SEA,0.523539,0.476461,PHI,1,PHI,1
20232024,2023020814,2024-02-10,WPG,PIT,0.661896,0.338104,WPG,1,WPG,1
20232024,2023020815,2024-02-10,NSH,UTA,0.528202,0.471798,NSH,1,NSH,1
20232024,2023020816,2024-02-10,LAK,EDM,0.514743,0.485257,LAK,1,LAK,1
20232024,2023020817,2024-02-11,MTL,STL,0.363687,0.636313,STL,0,STL,1
20232024,2023020818,2024-02-11,WSH,VAN,0.324256,0.675744,VAN,0,VAN,1
20232024,2023020819,2024-02-12,NJD,SEA,0.547776,0.452224,NJD,1,NJD,1
20232024,2023020820,2024-02-12,NYR,CGY,0.620366,0.379634,NYR,1,NYR,1
20232024,2023020821,2024-02-12,PHI,UTA,0.598176,0.401824,PHI,1,PHI,1
20232024,2023020822,2024-02-12,VGK,MIN,0.638822,0.361178,VGK,0,MIN,0
20232024,2023020823,2024-02-13,BOS,TBL,0.610655,0.389345,BOS,0,TBL,0
20232024,2023020824,2024-02-13,BUF,LAK,0.698609,0.301391,BUF,1,BUF,1
20232024,2023020825,2024-02-13,MTL,ANA,0.55281,0.44719,MTL,1,MTL,1
20232024,2023020826,2024-02-13,OTT,CBJ,0.833086,0.166914,OTT,1,OTT,1
20232024,2023020827,2024-02-13,TOR,STL,0.50287,0.49713,TOR,1,TOR,1
20232024,2023020828,2024-02-13,WSH,COL,0.410557,0.589443,COL,0,COL,1
20232024,2023020829,2024-02-13,NYI,SEA,0.565338,0.434662,NYI,0,SEA,0
20232024,2023020830,2024-02-13,DAL,CAR,0.538387,0.461613,DAL,1,DAL,1
20232024,2023020831,2024-02-13,NSH,NJD,0.567804,0.432196,NSH,0,NJD,0
20232024,2023020832,2024-02-13,CHI,VAN,0.225932,0.774068,VAN,0,VAN,1
20232024,2023020833,2024-02-13,EDM,DET,0.806482,0.193518,EDM,1,EDM,1
20232024,2023020834,2024-02-14,PIT,FLA,0.419866,0.580134,FLA,0,FLA,1
20232024,2023020835,2024-02-14,WPG,SJS,0.757353,0.242647,WPG,1,WPG,1
20232024,2023020836,2024-02-14,UTA,MIN,0.250501,0.749499,MIN,0,MIN,1
20232024,2023020837,2024-02-15,BOS,SEA,0.637352,0.362648,BOS,0,SEA,0
20232024,2023020838,2024-02-15,BUF,FLA,0.544879,0.455121,BUF,0,FLA,0
20232024,2023020839,2024-02-15,NJD,LAK,0.550321,0.449679,NJD,0,LAK,0
20232024,2023020840,2024-02-15,NYR,MTL,0.67226,0.32774,NYR,1,NYR,1
20232024,2023020841,2024-02-15,OTT,ANA,0.822443,0.177557,OTT,0,ANA,0
20232024,2023020842,2024-02-15,TBL,COL,0.470688,0.529312,COL,1,TBL,0
20232024,2023020843,2024-02-15,TOR,PHI,0.529265,0.470735,TOR,1,TOR,1
20232024,2023020844,2024-02-15,STL,EDM,0.411286,0.588714,EDM,1,STL,0
20232024,2023020845,2024-02-15,CHI,PIT,0.361489,0.638511,PIT,0,PIT,1
20232024,2023020846,2024-02-15,CGY,SJS,0.773388,0.226612,CGY,0,SJS,0
20232024,2023020847,2024-02-15,NSH,DAL,0.37028,0.62972,DAL,0,DAL,1
20232024,2023020848,2024-02-15,VAN,DET,0.632365,0.367635,VAN,1,VAN,1
20232024,2023020849,2024-02-16,UTA,CAR,0.170659,0.829341,CAR,0,CAR,1
20232024,2023020850,2024-02-17,DAL,EDM,0.544119,0.455881,DAL,0,EDM,0
20232024,2023020851,2024-02-17,CHI,OTT,0.320309,0.679691,OTT,1,CHI,0
20232024,2023020852,2024-02-17,CGY,DET,0.276635,0.723365,DET,0,DET,1
20232024,2023020853,2024-02-17,BOS,LAK,0.611073,0.388927,BOS,0,LAK,0
20232024,2023020854,2024-02-17,MIN,BUF,0.578346,0.421654,MIN,0,BUF,0
20232024,2023020855,2024-02-17,STL,NSH,0.51842,0.48158,STL,0,NSH,0
20232024,2023020856,2024-02-17,TBL,FLA,0.285593,0.714407,FLA,0,FLA,1
20232024,2023020857,2024-02-17,MTL,WSH,0.471808,0.528192,WSH,0,WSH,1
20232024,2023020858,2024-02-17,TOR,ANA,0.813548,0.186452,TOR,1,TOR,1
20232024,2023020859,2024-02-17,NJD,PHI,0.522348,0.477652,NJD,1,NJD,1
20232024,2023020860,2024-02-17,VAN,WPG,0.531566,0.468434,VAN,0,WPG,0
20232024,2023020861,2024-02-17,SJS,CBJ,0.436479,0.563521,CBJ,0,CBJ,1
20232024,2023020862,2024-02-17,VGK,CAR,0.54879,0.45121,VGK,0,CAR,0
20232024,2023020863,2024-02-18,NYI,NYR,0.387231,0.612769,NYR,0,NYR,1
20232024,2023020864,2024-02-18,COL,UTA,0.642786,0.357214,COL,1,COL,1
20232024,2023020865,2024-02-18,PIT,LAK,0.545372,0.454628,PIT,0,LAK,0
20232024,2023020866,2024-02-19,BUF,ANA,0.584163,0.415837,BUF,0,ANA,0
20232024,2023020867,2024-02-19,BOS,DAL,0.505056,0.494944,BOS,1,BOS,1
20232024,2023020868,2024-02-19,STL,TOR,0.476948,0.523052,TOR,0,TOR,1
20232024,2023020869,2024-02-19,MIN,VAN,0.198607,0.801393,VAN,1,MIN,0
20232024,2023020870,2024-02-19,SEA,DET,0.491844,0.508156,DET,0,DET,1
20232024,2023020871,2024-02-19,UTA,EDM,0.205837,0.794163,EDM,0,EDM,1
20232024,2023020872,2024-02-19,CGY,WPG,0.413448,0.586552,WPG,1,CGY,0
20232024,2023020873,2024-02-19,SJS,VGK,0.275252,0.724748,VGK,0,VGK,1
20232024,2023020874,2024-02-19,CAR,CHI,0.751393,0.248607,CAR,1,CAR,1
20232024,2023020875,2024-02-19,TBL,OTT,0.619383,0.380617,TBL,0,OTT,0
20232024,2023020876,2024-02-20,FLA,OTT,0.736637,0.263363,FLA,1,FLA,1
20232024,2023020877,2024-02-20,NYR,DAL,0.597336,0.402664,NYR,1,NYR,1
20232024,2023020878,2024-02-20,PIT,NYI,0.475649,0.524351,NYI,0,NYI,1
20232024,2023020879,2024-02-20,WSH,NJD,0.470766,0.529234,NJD,1,WSH,0
20232024,2023020880,2024-02-20,WPG,MIN,0.53713,0.46287,WPG,1,WPG,1
20232024,2023020881,2024-02-20,COL,VAN,0.556819,0.443181,COL,1,COL,1
20232024,2023020882,2024-02-20,VGK,NSH,0.478476,0.521524,NSH,0,NSH,1
20232024,2023020883,2024-02-20,LAK,CBJ,0.68036,0.31964,LAK,1,LAK,1
20232024,2023020884,2024-02-21,MTL,BUF,0.4179,0.5821,BUF,0,BUF,1
20232024,2023020885,2024-02-21,CHI,PHI,0.333538,0.666462,PHI,0,PHI,1
20232024,2023020886,2024-02-21,ANA,CBJ,0.817813,0.182187,ANA,0,CBJ,0
20232024,2023020887,2024-02-21,UTA,TOR,0.386134,0.613866,TOR,0,TOR,1
20232024,2023020888,2024-02-21,EDM,BOS,0.496917,0.503083,BOS,0,BOS,1
20232024,2023020889,2024-02-22,CAR,FLA,0.54145,0.45855,CAR,1,CAR,1
20232024,2023020890,2024-02-22,DET,COL,0.500475,0.499525,DET,1,DET,1
20232024,2023020891,2024-02-22,NJD,NYR,0.483764,0.516236,NYR,0,NYR,1
20232024,2023020892,2024-02-22,OTT,DAL,0.625002,0.374998,OTT,1,OTT,1
20232024,2023020893,2024-02-22,PIT,MTL,0.689289,0.310711,PIT,1,PIT,1
20232024,2023020894,2024-02-22,TBL,WSH,0.613017,0.386983,TBL,0,WSH,0
20232024,2023020895,2024-02-22,STL,NYI,0.518054,0.481946,STL,1,STL,1
20232024,2023020896,2024-02-22,CGY,BOS,0.524226,0.475774,CGY,1,CGY,1
20232024,2023020897,2024-02-22,SEA,VAN,0.444571,0.555429,VAN,1,SEA,0
20232024,2023020898,2024-02-22,VGK,TOR,0.356137,0.643863,TOR,0,TOR,1
20232024,2023020899,2024-02-22,LAK,NSH,0.535835,0.464165,LAK,0,NSH,0
20232024,2023020900,2024-02-23,CBJ,BUF,0.424875,0.575125,BUF,0,BUF,1
20232024,2023020901,2024-02-23,CHI,WPG,0.284905,0.715095,WPG,0,WPG,1
20232024,2023020902,2024-02-23,EDM,MIN,0.628012,0.371988,EDM,0,MIN,0
20232024,2023020903,2024-02-24,NJD,MTL,0.614307,0.385693,NJD,1,NJD,1
20232024,2023020904,2024-02-24,NYI,TBL,0.4451,0.5549,TBL,0,TBL,1
20232024,2023020905,2024-02-24,PHI,NYR,0.413738,0.586262,NYR,0,NYR,1
20232024,2023020906,2024-02-24,FLA,WSH,0.630608,0.369392,FLA,1,FLA,1
20232024,2023020907,2024-02-24,CAR,DAL,0.491657,0.508343,DAL,0,DAL,1
20232024,2023020908,2024-02-24,COL,TOR,0.545884,0.454116,COL,0,TOR,0
20232024,2023020909,2024-02-24,DET,STL,0.759284,0.240716,DET,1,DET,1
20232024,2023020910,2024-02-24,OTT,VGK,0.396858,0.603142,VGK,1,OTT,0
20232024,2023020911,2024-02-24,VAN,BOS,0.483636,0.516364,BOS,1,VAN,0
20232024,2023020912,2024-02-24,EDM,CGY,0.506741,0.493259,EDM,0,CGY,0
20232024,2023020913,2024-02-24,SEA,MIN,0.312629,0.687371,MIN,0,MIN,1
20232024,2023020914,2024-02-24,SJS,NSH,0.288398,0.711602,NSH,0,NSH,1
20232024,2023020915,2024-02-24,LAK,ANA,0.566792,0.433208,LAK,1,LAK,1
20232024,2023020916,2024-02-25,NJD,TBL,0.497952,0.502048,TBL,0,TBL,1
20232024,2023020917,2024-02-25,PIT,PHI,0.64239,0.35761,PIT,1,PIT,1
20232024,2023020918,2024-02-25,BUF,CAR,0.499151,0.500849,CAR,1,BUF,0
20232024,2023020919,2024-02-25,CBJ,NYR,0.479365,0.520635,NYR,1,CBJ,0
20232024,2023020920,2024-02-25,CHI,DET,0.384404,0.615596,DET,0,DET,1
20232024,2023020921,2024-02-25,WPG,UTA,0.674617,0.325383,WPG,1,WPG,1
20232024,2023020922,2024-02-25,ANA,NSH,0.336443,0.663557,NSH,0,NSH,1
20232024,2023020923,2024-02-26,WSH,OTT,0.716113,0.283887,WSH,1,WSH,1
20232024,2023020924,2024-02-26,DAL,NYI,0.638376,0.361624,DAL,0,NYI,0
20232024,2023020925,2024-02-26,EDM,LAK,0.63294,0.36706,EDM,1,EDM,1
20232024,2023020926,2024-02-26,SEA,BOS,0.408024,0.591976,BOS,1,SEA,0
20232024,2023020927,2024-02-27,DET,WSH,0.707289,0.292711,DET,1,DET,1
20232024,2023020928,2024-02-27,FLA,BUF,0.615607,0.384393,FLA,1,FLA,1
20232024,2023020929,2024-02-27,MTL,UTA,0.502694,0.497306,MTL,1,MTL,1
20232024,2023020930,2024-02-27,PHI,TBL,0.432503,0.567497,TBL,1,PHI,0
20232024,2023020931,2024-02-27,TOR,VGK,0.5312,0.4688,TOR,0,VGK,0
20232024,2023020932,2024-02-27,MIN,CAR,0.469281,0.530719,CAR,0,CAR,1
20232024,2023020933,2024-02-27,NSH,OTT,0.687599,0.312401,NSH,1,NSH,1
20232024,2023020934,2024-02-27,WPG,STL,0.654102,0.345898,WPG,1,WPG,1
20232024,2023020935,2024-02-27,CGY,LAK,0.611534,0.388466,CGY,1,CGY,1
20232024,2023020936,2024-02-27,COL,DAL,0.602378,0.397622,COL,1,COL,1
20232024,2023020937,2024-02-27,VAN,PIT,0.573743,0.426257,VAN,0,PIT,0
20232024,2023020938,2024-02-27,SJS,NJD,0.124874,0.875126,NJD,0,NJD,1
20232024,2023020939,2024-02-28,NYR,CBJ,0.652545,0.347455,NYR,1,NYR,1
20232024,2023020940,2024-02-28,EDM,STL,0.729612,0.270388,EDM,1,EDM,1
20232024,2023020941,2024-02-29,BOS,VGK,0.51373,0.48627,BOS,1,BOS,1
20232024,2023020942,2024-02-29,CBJ,CAR,0.255524,0.744476,CAR,0,CAR,1
20232024,2023020943,2024-02-29,DET,NYI,0.566203,0.433797,DET,0,NYI,0
20232024,2023020944,2024-02-29,FLA,MTL,0.716326,0.283674,FLA,1,FLA,1
20232024,2023020945,2024-02-29,TBL,BUF,0.598808,0.401192,TBL,0,BUF,0
20232024,2023020946,2024-02-29,TOR,UTA,0.656914,0.343086,TOR,1,TOR,1
20232024,2023020947,2024-02-29,DAL,WPG,0.553169,0.446831,DAL,1,DAL,1
20232024,2023020948,2024-02-29,NSH,MIN,0.518777,0.481223,NSH,1,NSH,1
20232024,2023020949,2024-02-29,CHI,COL,0.304654,0.695346,COL,0,COL,1
20232024,2023020950,2024-02-29,SEA,PIT,0.512431,0.487569,SEA,1,SEA,1
20232024,2023020951,2024-02-29,VAN,LAK,0.569408,0.430592,VAN,0,LAK,0
20232024,2023020952,2024-02-29,SJS,ANA,0.358522,0.641478,ANA,0,ANA,1
20232024,2023020953,2024-03-01,OTT,UTA,0.668668,0.331332,OTT,0,UTA,0
20232024,2023020954,2024-03-01,WSH,PHI,0.533,0.467,WSH,1,WSH,1
20232024,2023020955,2024-03-01,ANA,NJD,0.56448,0.43552,ANA,1,ANA,1
20232024,2023020956,2024-03-02,CAR,WPG,0.535447,0.464553,CAR,0,WPG,0
20232024,2023020957,2024-03-02,NYI,BOS,0.462964,0.537036,BOS,1,NYI,0
20232024,2023020958,2024-03-02,SEA,EDM,0.398234,0.601766,EDM,0,EDM,1
20232024,2023020959,2024-03-02,NSH,COL,0.493733,0.506267,COL,1,NSH,0
20232024,2023020960,2024-03-02,BUF,VGK,0.410639,0.589361,VGK,1,BUF,0
20232024,2023020961,2024-03-02,DET,FLA,0.451152,0.548848,FLA,0,FLA,1
20232024,2023020962,2024-03-02,PHI,OTT,0.484999,0.515001,OTT,1,PHI,0
20232024,2023020963,2024-03-02,TBL,MTL,0.63581,0.36419,TBL,1,TBL,1
20232024,2023020964,2024-03-02,TOR,NYR,0.585625,0.414375,TOR,1,TOR,1
20232024,2023020965,2024-03-02,CHI,CBJ,0.421712,0.578288,CBJ,0,CBJ,1
20232024,2023020966,2024-03-02,DAL,SJS,0.771923,0.228077,DAL,1,DAL,1
20232024,2023020967,2024-03-02,STL,MIN,0.478781,0.521219,MIN,1,STL,0
20232024,2023020968,2024-03-02,CGY,PIT,0.476729,0.523271,PIT,1,CGY,0
20232024,2023020969,2024-03-03,WSH,UTA,0.592373,0.407627,WSH,0,UTA,0
20232024,2023020970,2024-03-03,LAK,NJD,0.716252,0.283748,LAK,1,LAK,1
20232024,2023020971,2024-03-03,BUF,WPG,0.356527,0.643473,WPG,0,WPG,1
20232024,2023020972,2024-03-03,MIN,SJS,0.629571,0.370429,MIN,1,MIN,1
20232024,2023020973,2024-03-03,ANA,VAN,0.360022,0.639978,VAN,0,VAN,1
20232024,2023020974,2024-03-03,EDM,PIT,0.567997,0.432003,EDM,1,EDM,1
20232024,2023020975,2024-03-04,CBJ,VGK,0.355574,0.644426,VGK,1,CBJ,0
20232024,2023020976,2024-03-04,NYR,FLA,0.516318,0.483682,NYR,0,FLA,0
20232024,2023020977,2024-03-04,PHI,STL,0.477744,0.522256,STL,0,STL,1
20232024,2023020978,2024-03-04,TOR,BOS,0.517079,0.482921,TOR,0,BOS,0
20232024,2023020979,2024-03-04,COL,CHI,0.71908,0.28092,COL,1,COL,1
20232024,2023020980,2024-03-04,CGY,SEA,0.555376,0.444624,CGY,0,SEA,0
20232024,2023020981,2024-03-05,BOS,EDM,0.403499,0.596501,EDM,0,EDM,1
20232024,2023020982,2024-03-05,NJD,FLA,0.538806,0.461194,NJD,0,FLA,0
20232024,2023020983,2024-03-05,PIT,CBJ,0.713753,0.286247,PIT,1,PIT,1
20232024,2023020984,2024-03-05,NYI,STL,0.67386,0.32614,NYI,1,NYI,1
20232024,2023020985,2024-03-05,NSH,MTL,0.697746,0.302254,NSH,0,MTL,0
20232024,2023020986,2024-03-05,WPG,SEA,0.710731,0.289269,WPG,0,SEA,0
20232024,2023020987,2024-03-05,UTA,CHI,0.750667,0.249333,UTA,0,CHI,0
20232024,2023020988,2024-03-05,LAK,VAN,0.463446,0.536554,VAN,0,VAN,1
20232024,2023020989,2024-03-05,SJS,DAL,0.240261,0.759739,DAL,0,DAL,1
20232024,2023020990,2024-03-06,TOR,BUF,0.625694,0.374306,TOR,1,TOR,1
20232024,2023020991,2024-03-06,COL,DET,0.785161,0.214839,COL,1,COL,1
20232024,2023020992,2024-03-06,ANA,OTT,0.389543,0.610457,OTT,1,ANA,0
20232024,2023020993,2024-03-07,BOS,TOR,0.630128,0.369872,BOS,1,BOS,1
20232024,2023020994,2024-03-07,CAR,MTL,0.650157,0.349843,CAR,1,CAR,1
20232024,2023020995,2024-03-07,CBJ,EDM,0.326189,0.673811,EDM,1,CBJ,0
20232024,2023020996,2024-03-07,FLA,PHI,0.686937,0.313063,FLA,0,PHI,0
20232024,2023020997,2024-03-07,NJD,STL,0.550859,0.449141,NJD,1,NJD,1
20232024,2023020998,2024-03-07,PIT,WSH,0.353512,0.646488,WSH,0,WSH,1
20232024,2023020999,2024-03-07,TBL,CGY,0.595411,0.404589,TBL,0,CGY,0
20232024,2023021000,2024-03-07,NSH,BUF,0.650236,0.349764,NSH,1,NSH,1
20232024,2023021001,2024-03-07,UTA,MIN,0.48032,0.51968,MIN,0,MIN,1
20232024,2023021002,2024-03-07,VGK,VAN,0.504029,0.495971,VGK,0,VAN,0
20232024,2023021003,2024-03-07,LAK,OTT,0.67143,0.32857,LAK,1,LAK,1
20232024,2023021004,2024-03-07,SJS,NYI,0.277426,0.722574,NYI,0,NYI,1
20232024,2023021005,2024-03-08,UTA,DET,0.276978,0.723022,DET,1,UTA,0
20232024,2023021006,2024-03-08,COL,MIN,0.723208,0.276792,COL,1,COL,1
20232024,2023021007,2024-03-08,ANA,DAL,0.337951,0.662049,DAL,0,DAL,1
20232024,2023021008,2024-03-08,SEA,WPG,0.436638,0.563362,WPG,0,WPG,1
20232024,2023021009,2024-03-09,BUF,EDM,0.359464,0.640536,EDM,1,BUF,0
20232024,2023021010,2024-03-09,CBJ,NSH,0.634149,0.365851,CBJ,0,NSH,0
20232024,2023021011,2024-03-09,NJD,CAR,0.488595,0.511405,CAR,0,CAR,1
20232024,2023021012,2024-03-09,BOS,PIT,0.615556,0.384444,BOS,1,BOS,1
20232024,2023021013,2024-03-09,FLA,CGY,0.638654,0.361346,FLA,1,FLA,1
20232024,2023021014,2024-03-09,MTL,TOR,0.384514,0.615486,TOR,0,TOR,1
20232024,2023021015,2024-03-09,SJS,OTT,0.340656,0.659344,OTT,1,SJS,0
20232024,2023021016,2024-03-09,TBL,PHI,0.797336,0.202664,TBL,1,TBL,1
20232024,2023021017,2024-03-09,WSH,CHI,0.673946,0.326054,WSH,1,WSH,1
20232024,2023021018,2024-03-09,NYR,STL,0.606969,0.393031,NYR,1,NYR,1
20232024,2023021019,2024-03-09,VAN,WPG,0.3216,0.6784,WPG,1,VAN,0
20232024,2023021020,2024-03-09,VGK,DET,0.66841,0.33159,VGK,1,VGK,1
20232024,2023021021,2024-03-09,LAK,DAL,0.535222,0.464778,LAK,0,DAL,0
20232024,2023021022,2024-03-10,PIT,EDM,0.610085,0.389915,PIT,0,EDM,0
20232024,2023021023,2024-03-10,MIN,NSH,0.604495,0.395505,MIN,1,MIN,1
20232024,2023021024,2024-03-10,CAR,CGY,0.569817,0.430183,CAR,1,CAR,1
20232024,2023021025,2024-03-10,CHI,UTA,0.264328,0.735672,UTA,1,CHI,0
20232024,2023021026,2024-03-10,ANA,NYI,0.381369,0.618631,NYI,0,NYI,1
20232024,2023021027,2024-03-11,BOS,STL,0.637445,0.362555,BOS,0,STL,0
20232024,2023021028,2024-03-11,NYR,NJD,0.595129,0.404871,NYR,1,NYR,1
20232024,2023021029,2024-03-11,WPG,WSH,0.661077,0.338923,WPG,1,WPG,1
20232024,2023021030,2024-03-11,LAK,NYI,0.617776,0.382224,LAK,1,LAK,1
20232024,2023021031,2024-03-12,BUF,DET,0.757612,0.242388,BUF,1,BUF,1
20232024,2023021032,2024-03-12,CAR,NYR,0.636912,0.363088,CAR,0,NYR,0
20232024,2023021033,2024-03-12,MTL,CBJ,0.751577,0.248423,MTL,1,MTL,1
20232024,2023021034,2024-03-12,OTT,PIT,0.430593,0.569407,PIT,1,OTT,0
20232024,2023021035,2024-03-12,PHI,SJS,0.699826,0.300174,PHI,1,PHI,1
20232024,2023021036,2024-03-12,DAL,FLA,0.601329,0.398671,DAL,0,FLA,0
20232024,2023021037,2024-03-12,MIN,UTA,0.624189,0.375811,MIN,1,MIN,1
20232024,2023021038,2024-03-12,CHI,ANA,0.749012,0.250988,CHI,1,CHI,1
20232024,2023021039,2024-03-12,CGY,COL,0.196985,0.803015,COL,0,COL,1
20232024,2023021040,2024-03-12,SEA,VGK,0.388101,0.611899,VGK,0,VGK,1
20232024,2023021041,2024-03-13,STL,LAK,0.430544,0.569456,LAK,1,STL,0
20232024,2023021042,2024-03-13,WPG,NSH,0.609342,0.390658,WPG,0,NSH,0
20232024,2023021043,2024-03-13,EDM,WSH,0.643778,0.356222,EDM,1,EDM,1
20232024,2023021044,2024-03-13,VAN,COL,0.603926,0.396074,VAN,0,COL,0
20232024,2023021045,2024-03-14,BUF,NYI,0.474926,0.525074,NYI,1,BUF,0
20232024,2023021046,2024-03-14,CAR,FLA,0.49485,0.50515,FLA,1,CAR,0
20232024,2023021047,2024-03-14,CBJ,OTT,0.479656,0.520344,OTT,0,OTT,1
20232024,2023021048,2024-03-14,DET,UTA,0.609642,0.390358,DET,0,UTA,0
20232024,2023021049,2024-03-14,MTL,BOS,0.360355,0.639645,BOS,0,BOS,1
20232024,2023021050,2024-03-14,PHI,TOR,0.229015,0.770985,TOR,0,TOR,1
20232024,2023021051,2024-03-14,PIT,SJS,0.702048,0.297952,PIT,1,PIT,1
20232024,2023021052,2024-03-14,TBL,NYR,0.45007,0.54993,NYR,1,TBL,0
20232024,2023021053,2024-03-14,DAL,NJD,0.366765,0.633235,NJD,0,NJD,1
20232024,2023021054,2024-03-14,MIN,ANA,0.644127,0.355873,MIN,1,MIN,1
20232024,2023021055,2024-03-14,CGY,VGK,0.404387,0.595613,VGK,1,CGY,0
20232024,2023021056,2024-03-14,SEA,WSH,0.617468,0.382532,SEA,0,WSH,0
20232024,2023021057,2024-03-15,WPG,ANA,0.768336,0.231664,WPG,1,WPG,1
20232024,2023021058,2024-03-15,CHI,LAK,0.150584,0.849416,LAK,0,LAK,1
20232024,2023021059,2024-03-16,DET,BUF,0.475243,0.524757,BUF,1,DET,0
20232024,2023021060,2024-03-16,NYI,OTT,0.625357,0.374643,NYI,0,OTT,0
20232024,2023021061,2024-03-16,PIT,NYR,0.194564,0.805436,NYR,0,NYR,1
20232024,2023021062,2024-03-16,UTA,NJD,0.725994,0.274006,UTA,1,UTA,1
20232024,2023021063,2024-03-16,FLA,TBL,0.526734,0.473266,FLA,0,TBL,0
20232024,2023021064,2024-03-16,BOS,PHI,0.598277,0.401723,BOS,1,BOS,1
20232024,2023021065,2024-03-16,CBJ,SJS,0.599025,0.400975,CBJ,1,CBJ,1
20232024,2023021066,2024-03-16,CGY,MTL,0.643323,0.356677,CGY,1,CGY,1
20232024,2023021067,2024-03-16,TOR,CAR,0.480116,0.519884,CAR,0,CAR,1
20232024,2023021068,2024-03-16,DAL,LAK,0.671887,0.328113,DAL,1,DAL,1
20232024,2023021069,2024-03-16,STL,MIN,0.482844,0.517156,MIN,1,STL,0
20232024,2023021070,2024-03-16,EDM,COL,0.476045,0.523955,COL,0,COL,1
20232024,2023021071,2024-03-16,SEA,NSH,0.488151,0.511849,NSH,0,NSH,1
20232024,2023021072,2024-03-16,VAN,WSH,0.649098,0.350902,VAN,0,WSH,0
20232024,2023021073,2024-03-17,NYR,NYI,0.563591,0.436409,NYR,1,NYR,1
20232024,2023021074,2024-03-17,VGK,NJD,0.623429,0.376571,VGK,1,VGK,1
20232024,2023021075,2024-03-17,CBJ,WPG,0.224668,0.775332,WPG,0,WPG,1
20232024,2023021076,2024-03-17,CHI,SJS,0.65123,0.34877,CHI,1,CHI,1
20232024,2023021077,2024-03-17,OTT,CAR,0.426676,0.573324,CAR,0,CAR,1
20232024,2023021078,2024-03-17,PIT,DET,0.47327,0.52673,DET,1,PIT,0
20232024,2023021079,2024-03-17,STL,ANA,0.513104,0.486896,STL,1,STL,1
20232024,2023021080,2024-03-18,CGY,WSH,0.60031,0.39969,CGY,0,WSH,0
20232024,2023021081,2024-03-18,SEA,BUF,0.2745,0.7255,BUF,0,BUF,1
20232024,2023021082,2024-03-19,BOS,OTT,0.630403,0.369597,BOS,1,BOS,1
20232024,2023021083,2024-03-19,DET,CBJ,0.670293,0.329707,DET,1,DET,1
20232024,2023021084,2024-03-19,NJD,PIT,0.512611,0.487389,NJD,1,NJD,1
20232024,2023021085,2024-03-19,NYR,WPG,0.535358,0.464642,NYR,0,WPG,0
20232024,2023021086,2024-03-19,PHI,TOR,0.461107,0.538893,TOR,1,PHI,0
20232024,2023021087,2024-03-19,NYI,CAR,0.427914,0.572086,CAR,0,CAR,1
20232024,2023021088,2024-03-19,NSH,SJS,0.763109,0.236891,NSH,1,NSH,1
20232024,2023021089,2024-03-19,STL,COL,0.421171,0.578829,COL,0,COL,1
20232024,2023021090,2024-03-19,EDM,MTL,0.706389,0.293611,EDM,1,EDM,1
20232024,2023021091,2024-03-19,ANA,MIN,0.392729,0.607271,MIN,0,MIN,1
20232024,2023021092,2024-03-19,LAK,CHI,0.686306,0.313694,LAK,1,LAK,1
20232024,2023021093,2024-03-19,VAN,BUF,0.618775,0.381225,VAN,1,VAN,1
20232024,2023021094,2024-03-19,VGK,TBL,0.540108,0.459892,VGK,0,TBL,0
20232024,2023021095,2024-03-20,WSH,TOR,0.506776,0.493224,WSH,0,TOR,0
20232024,2023021096,2024-03-20,DAL,UTA,0.724342,0.275658,DAL,1,DAL,1
20232024,2023021097,2024-03-20,LAK,MIN,0.801021,0.198979,LAK,1,LAK,1
20232024,2023021098,2024-03-21,BOS,NYR,0.554623,0.445377,BOS,0,NYR,0
20232024,2023021099,2024-03-21,CAR,PHI,0.590114,0.409886,CAR,1,CAR,1
20232024,2023021100,2024-03-21,DET,NYI,0.510264,0.489736,DET,1,DET,1
20232024,2023021101,2024-03-21,FLA,NSH,0.528506,0.471494,FLA,0,NSH,0
20232024,2023021102,2024-03-21,NJD,WPG,0.447549,0.552451,WPG,1,NJD,0
20232024,2023021103,2024-03-21,OTT,STL,0.557646,0.442354,OTT,0,STL,0
20232024,2023021104,2024-03-21,EDM,BUF,0.632317,0.367683,EDM,1,EDM,1
20232024,2023021105,2024-03-21,ANA,CHI,0.467498,0.532502,CHI,1,ANA,0
20232024,2023021106,2024-03-21,VAN,MTL,0.704626,0.295374,VAN,1,VAN,1
20232024,2023021107,2024-03-21,VGK,SEA,0.631703,0.368297,VGK,1,VGK,1
20232024,2023021108,2024-03-21,SJS,TBL,0.253985,0.746015,TBL,0,TBL,1
20232024,2023021109,2024-03-22,WSH,CAR,0.190341,0.809659,CAR,1,WSH,0
20232024,2023021110,2024-03-22,DAL,PIT,0.868837,0.131163,DAL,1,DAL,1
20232024,2023021111,2024-03-22,COL,CBJ,0.752499,0.247501,COL,1,COL,1
20232024,2023021112,2024-03-22,UTA,SEA,0.512088,0.487912,UTA,1,UTA,1
20232024,2023021113,2024-03-23,NYI,WPG,0.644592,0.355408,NYI,1,NYI,1
20232024,2023021114,2024-03-23,PHI,BOS,0.444236,0.555764,BOS,1,PHI,0
20232024,2023021115,2024-03-23,MIN,STL,0.543158,0.456842,MIN,0,STL,0
20232024,2023021116,2024-03-23,NSH,DET,0.602183,0.397817,NSH,1,NSH,1
20232024,2023021117,2024-03-23,NJD,OTT,0.562883,0.437117,NJD,0,OTT,0
20232024,2023021118,2024-03-23,TOR,EDM,0.483906,0.516094,EDM,1,TOR,0
20232024,2023021119,2024-03-23,NYR,FLA,0.588953,0.411047,NYR,1,NYR,1
20232024,2023021120,2024-03-23,VAN,CGY,0.594129,0.405871,VAN,1,VAN,1
20232024,2023021121,2024-03-23,LAK,TBL,0.540829,0.459171,LAK,1,LAK,1
20232024,2023021122,2024-03-23,SJS,CHI,0.415728,0.584272,CHI,0,CHI,1
20232024,2023021123,2024-03-23,VGK,CBJ,0.526249,0.473751,VGK,1,VGK,1
20232024,2023021124,2024-03-24,WSH,WPG,0.427096,0.572904,WPG,1,WSH,0
20232024,2023021125,2024-03-24,COL,PIT,0.871247,0.128753,COL,1,COL,1
20232024,2023021126,2024-03-24,NYI,NJD,0.475089,0.524911,NJD,0,NJD,1
20232024,2023021127,2024-03-24,CAR,TOR,0.654824,0.345176,CAR,1,CAR,1
20232024,2023021128,2024-03-24,OTT,EDM,0.348336,0.651664,EDM,1,OTT,0
20232024,2023021129,2024-03-24,PHI,FLA,0.400708,0.599292,FLA,0,FLA,1
20232024,2023021130,2024-03-24,UTA,DAL,0.366532,0.633468,DAL,0,DAL,1
20232024,2023021131,2024-03-24,ANA,TBL,0.432222,0.567778,TBL,0,TBL,1
20232024,2023021132,2024-03-24,CGY,BUF,0.346854,0.653146,BUF,0,BUF,1
20232024,2023021133,2024-03-24,SEA,MTL,0.316214,0.683786,MTL,0,MTL,1
20232024,2023021134,2024-03-25,STL,VGK,0.469265,0.530735,VGK,0,VGK,1
20232024,2023021135,2024-03-25,VAN,LAK,0.511599,0.488401,VAN,0,LAK,0
20232024,2023021136,2024-03-26,FLA,BOS,0.51663,0.48337,FLA,0,BOS,0
20232024,2023021137,2024-03-26,NYR,PHI,0.671145,0.328855,NYR,1,NYR,1
20232024,2023021138,2024-03-26,PIT,CAR,0.373241,0.626759,CAR,1,PIT,0
20232024,2023021139,2024-03-26,TOR,NJD,0.556527,0.443473,TOR,0,NJD,0
20232024,2023021140,2024-03-26,WSH,DET,0.425363,0.574637,DET,1,WSH,0
20232024,2023021141,2024-03-26,NSH,VGK,0.635155,0.364845,NSH,1,NSH,1
20232024,2023021142,2024-03-26,WPG,EDM,0.472052,0.527948,EDM,0,EDM,1
20232024,2023021143,2024-03-26,CHI,CGY,0.359464,0.640536,CGY,1,CHI,0
20232024,2023021144,2024-03-26,COL,MTL,0.758351,0.241649,COL,0,MTL,0
20232024,2023021145,2024-03-26,UTA,CBJ,0.603818,0.396182,UTA,1,UTA,1
20232024,2023021146,2024-03-26,SEA,ANA,0.59328,0.40672,SEA,1,SEA,1
20232024,2023021147,2024-03-26,SJS,DAL,0.240252,0.759748,DAL,0,DAL,1
20232024,2023021148,2024-03-27,BUF,OTT,0.342849,0.657151,OTT,0,OTT,1
20232024,2023021149,2024-03-27,TBL,BOS,0.609336,0.390664,TBL,1,TBL,1
20232024,2023021150,2024-03-28,CAR,DET,0.618297,0.381703,CAR,1,CAR,1
20232024,2023021151,2024-03-28,FLA,NYI,0.615938,0.384062,FLA,0,NYI,0
20232024,2023021152,2024-03-28,MTL,PHI,0.443904,0.556096,PHI,1,MTL,0
20232024,2023021153,2024-03-28,OTT,CHI,0.538214,0.461786,OTT,1,OTT,1
20232024,2023021154,2024-03-28,PIT,CBJ,0.685281,0.314719,PIT,1,PIT,1
20232024,2023021155,2024-03-28,TOR,WSH,0.624926,0.375074,TOR,1,TOR,1
20232024,2023021156,2024-03-28,MIN,SJS,0.68343,0.31657,MIN,1,MIN,1
20232024,2023021157,2024-03-28,STL,CGY,0.508738,0.491262,STL,1,STL,1
20232024,2023021158,2024-03-28,WPG,VGK,0.538827,0.461173,WPG,0,VGK,0
20232024,2023021159,2024-03-28,COL,NYR,0.531232,0.468768,COL,0,NYR,0
20232024,2023021160,2024-03-28,EDM,LAK,0.615133,0.384867,EDM,1,EDM,1
20232024,2023021161,2024-03-28,UTA,NSH,0.648867,0.351133,UTA,1,UTA,1
20232024,2023021162,2024-03-28,SEA,ANA,0.641693,0.358307,SEA,1,SEA,1
20232024,2023021163,2024-03-28,VAN,DAL,0.429703,0.570297,DAL,0,DAL,1
20232024,2023021164,2024-03-29,BUF,NJD,0.490258,0.509742,NJD,1,BUF,0
20232024,2023021165,2024-03-30,FLA,DET,0.604491,0.395509,FLA,1,FLA,1
20232024,2023021166,2024-03-30,MIN,VGK,0.476147,0.523853,VGK,0,VGK,1
20232024,2023021167,2024-03-30,EDM,ANA,0.746292,0.253708,EDM,1,EDM,1
20232024,2023021168,2024-03-30,UTA,NYR,0.36187,0.63813,NYR,0,NYR,1
20232024,2023021169,2024-03-30,COL,NSH,0.305073,0.694927,NSH,1,COL,0
20232024,2023021170,2024-03-30,BUF,TOR,0.341412,0.658588,TOR,0,TOR,1
20232024,2023021171,2024-03-30,CBJ,PIT,0.41954,0.58046,PIT,1,CBJ,0
20232024,2023021172,2024-03-30,MTL,CAR,0.337702,0.662298,CAR,0,CAR,1
20232024,2023021173,2024-03-30,PHI,CHI,0.666514,0.333486,PHI,0,CHI,0
20232024,2023021174,2024-03-30,TBL,NYI,0.634348,0.365652,TBL,1,TBL,1
20232024,2023021175,2024-03-30,WPG,OTT,0.649009,0.350991,WPG,0,OTT,0
20232024,2023021176,2024-03-30,WSH,BOS,0.39551,0.60449,BOS,0,BOS,1
20232024,2023021177,2024-03-30,STL,SJS,0.714236,0.285764,STL,0,SJS,0
20232024,2023021178,2024-03-30,CGY,LAK,0.41414,0.58586,LAK,1,CGY,0
20232024,2023021179,2024-03-30,SEA,DAL,0.371547,0.628453,DAL,0,DAL,1
20232024,2023021180,2024-03-31,VAN,ANA,0.785428,0.214572,VAN,1,VAN,1
20232024,2023021181,2024-04-01,CBJ,COL,0.3273,0.6727,COL,1,CBJ,0
20232024,2023021182,2024-04-01,NYR,PIT,0.692754,0.307246,NYR,0,PIT,0
20232024,2023021183,2024-04-01,PHI,NYI,0.226256,0.773744,NYI,0,NYI,1
20232024,2023021184,2024-04-01,TBL,DET,0.602038,0.397962,TBL,0,DET,0
20232024,2023021185,2024-04-01,TOR,FLA,0.750112,0.249888,TOR,1,TOR,1
20232024,2023021186,2024-04-01,STL,EDM,0.400913,0.599087,EDM,1,STL,0
20232024,2023021187,2024-04-01,WPG,LAK,0.443325,0.556675,LAK,1,WPG,0
20232024,2023021188,2024-04-01,SJS,SEA,0.338713,0.661287,SEA,0,SEA,1
20232024,2023021189,2024-04-02,BUF,WSH,0.819241,0.180759,BUF,1,BUF,1
20232024,2023021190,2024-04-02,MTL,FLA,0.409567,0.590433,FLA,1,MTL,0
20232024,2023021191,2024-04-02,NJD,PIT,0.626254,0.373746,NJD,0,PIT,0
20232024,2023021192,2024-04-02,NYI,CHI,0.574147,0.425853,NYI,1,NYI,1
20232024,2023021193,2024-04-02,MIN,OTT,0.554873,0.445127,MIN,1,MIN,1
20232024,2023021194,2024-04-02,NSH,BOS,0.500329,0.499671,NSH,0,BOS,0
20232024,2023021195,2024-04-02,CGY,ANA,0.677869,0.322131,CGY,0,ANA,0
20232024,2023021196,2024-04-02,VGK,VAN,0.51709,0.48291,VGK,1,VGK,1
20232024,2023021197,2024-04-03,TOR,TBL,0.585733,0.414267,TOR,0,TBL,0
20232024,2023021198,2024-04-03,NYR,NJD,0.679951,0.320049,NYR,1,NYR,1
20232024,2023021199,2024-04-03,DAL,EDM,0.538465,0.461535,DAL,1,DAL,1
20232024,2023021200,2024-04-03,UTA,VAN,0.500354,0.499646,UTA,0,VAN,0
20232024,2023021201,2024-04-03,LAK,SEA,0.564174,0.435826,LAK,1,LAK,1
20232024,2023021202,2024-04-04,CAR,BOS,0.527977,0.472023,CAR,0,BOS,0
20232024,2023021203,2024-04-04,CBJ,NYI,0.161923,0.838077,NYI,0,NYI,1
20232024,2023021204,2024-04-04,MTL,TBL,0.452588,0.547412,TBL,0,TBL,1
20232024,2023021205,2024-04-04,OTT,FLA,0.16574,0.83426,FLA,0,FLA,1
20232024,2023021206,2024-04-04,WSH,PIT,0.414843,0.585157,PIT,0,PIT,1
20232024,2023021207,2024-04-04,MIN,COL,0.391996,0.608004,COL,0,COL,1
20232024,2023021208,2024-04-04,NSH,STL,0.576777,0.423223,NSH,1,NSH,1
20232024,2023021209,2024-04-04,WPG,CGY,0.670913,0.329087,WPG,1,WPG,1
20232024,2023021210,2024-04-04,SJS,LAK,0.388563,0.611437,LAK,0,LAK,1
20232024,2023021211,2024-04-05,BUF,PHI,0.616146,0.383854,BUF,1,BUF,1
20232024,2023021212,2024-04-05,CAR,WSH,0.609835,0.390165,CAR,1,CAR,1
20232024,2023021213,2024-04-05,DET,NYR,0.423498,0.576502,NYR,0,NYR,1
20232024,2023021214,2024-04-05,EDM,COL,0.574318,0.425682,EDM,1,EDM,1
20232024,2023021215,2024-04-05,ANA,SEA,0.354551,0.645449,SEA,0,SEA,1
20232024,2023021216,2024-04-05,UTA,VGK,0.442828,0.557172,VGK,1,UTA,0
20232024,2023021217,2024-04-06,PIT,TBL,0.482412,0.517588,TBL,1,PIT,0
20232024,2023021218,2024-04-06,BOS,FLA,0.52702,0.47298,BOS,1,BOS,1
20232024,2023021219,2024-04-06,MIN,WPG,0.380378,0.619622,WPG,0,WPG,1
20232024,2023021220,2024-04-06,CHI,DAL,0.253246,0.746754,DAL,1,CHI,0
20232024,2023021221,2024-04-06,SJS,STL,0.35876,0.64124,STL,1,SJS,0
20232024,2023021222,2024-04-06,CBJ,PHI,0.452657,0.547343,PHI,1,CBJ,0
20232024,2023021223,2024-04-06,MTL,TOR,0.14226,0.85774,TOR,0,TOR,1
20232024,2023021224,2024-04-06,OTT,NJD,0.205986,0.794014,NJD,0,NJD,1
20232024,2023021225,2024-04-06,NYI,NSH,0.528359,0.471641,NYI,1,NYI,1
20232024,2023021226,2024-04-06,CGY,EDM,0.465212,0.534788,EDM,0,EDM,1
20232024,2023021227,2024-04-06,LAK,VAN,0.534597,0.465403,LAK,1,LAK,1
20232024,2023021228,2024-04-07,DET,BUF,0.46628,0.53372,BUF,1,DET,0
20232024,2023021229,2024-04-07,CHI,MIN,0.321983,0.678017,MIN,0,MIN,1
20232024,2023021230,2024-04-07,CAR,CBJ,0.769265,0.230735,CAR,1,CAR,1
20232024,2023021231,2024-04-07,SJS,UTA,0.241615,0.758385,UTA,0,UTA,1
20232024,2023021232,2024-04-07,WSH,OTT,0.553555,0.446445,WSH,0,OTT,0
20232024,2023021233,2024-04-07,NJD,NSH,0.225556,0.774444,NSH,0,NSH,1
20232024,2023021234,2024-04-07,NYR,MTL,0.769514,0.230486,NYR,1,NYR,1
20232024,2023021235,2024-04-07,ANA,STL,0.463377,0.536623,STL,0,STL,1
20232024,2023021236,2024-04-07,COL,DAL,0.601033,0.398967,COL,0,DAL,0
20232024,2023021237,2024-04-08,TOR,PIT,0.624611,0.375389,TOR,1,TOR,1
20232024,2023021238,2024-04-08,VAN,VGK,0.491719,0.508281,VGK,1,VAN,0
20232024,2023021239,2024-04-09,BOS,CAR,0.554743,0.445257,BOS,0,CAR,0
20232024,2023021240,2024-04-09,DET,WSH,0.58056,0.41944,DET,0,WSH,0
20232024,2023021241,2024-04-09,FLA,OTT,0.646042,0.353958,FLA,1,FLA,1
20232024,2023021242,2024-04-09,MTL,PHI,0.707776,0.292224,MTL,1,MTL,1
20232024,2023021243,2024-04-09,NJD,TOR,0.533448,0.466552,NJD,0,TOR,0
20232024,2023021244,2024-04-09,NYI,NYR,0.402825,0.597175,NYR,1,NYI,0
20232024,2023021245,2024-04-09,TBL,CBJ,0.693155,0.306845,TBL,1,TBL,1
20232024,2023021246,2024-04-09,DAL,BUF,0.635128,0.364872,DAL,1,DAL,1
20232024,2023021247,2024-04-09,NSH,WPG,0.429592,0.570408,WPG,0,WPG,1
20232024,2023021248,2024-04-09,COL,MIN,0.644588,0.355412,COL,1,COL,1
20232024,2023021249,2024-04-09,ANA,LAK,0.332917,0.667083,LAK,1,ANA,0
20232024,2023021250,2024-04-09,SEA,UTA,0.540043,0.459957,SEA,1,SEA,1
20232024,2023021251,2024-04-09,SJS,CGY,0.328494,0.671506,CGY,0,CGY,1
20232024,2023021252,2024-04-10,STL,CHI,0.867841,0.132159,STL,1,STL,1
20232024,2023021253,2024-04-10,EDM,VGK,0.519574,0.480426,EDM,1,EDM,1
20232024,2023021254,2024-04-10,VAN,UTA,0.737576,0.262424,VAN,0,UTA,0
20232024,2023021255,2024-04-11,BUF,WSH,0.612978,0.387022,BUF,1,BUF,1
20232024,2023021256,2024-04-11,FLA,CBJ,0.697811,0.302189,FLA,1,FLA,1
20232024,2023021257,2024-04-11,NYR,PHI,0.662783,0.337217,NYR,0,PHI,0
20232024,2023021258,2024-04-11,PIT,DET,0.549605,0.450395,PIT,1,PIT,1
20232024,2023021259,2024-04-11,TBL,OTT,0.673678,0.326322,TBL,0,OTT,0
20232024,2023021260,2024-04-11,TOR,NJD,0.583898,0.416102,TOR,0,NJD,0
20232024,2023021261,2024-04-11,NYI,MTL,0.644431,0.355569,NYI,1,NYI,1
20232024,2023021262,2024-04-11,DAL,WPG,0.583984,0.416016,DAL,0,WPG,0
20232024,2023021263,2024-04-11,SEA,SJS,0.722732,0.277268,SEA,0,SJS,0
20232024,2023021264,2024-04-11,LAK,CGY,0.604235,0.395765,LAK,1,LAK,1
20232024,2023021265,2024-04-12,STL,CAR,0.433367,0.566633,CAR,0,CAR,1
20232024,2023021266,2024-04-12,CHI,NSH,0.361662,0.638338,NSH,0,NSH,1
20232024,2023021267,2024-04-12,EDM,UTA,0.642652,0.357348,EDM,0,UTA,0
20232024,2023021268,2024-04-12,ANA,CGY,0.533973,0.466027,ANA,0,CGY,0
20232024,2023021269,2024-04-12,VGK,MIN,0.581953,0.418047,VGK,1,VGK,1
20232024,2023021270,2024-04-13,NYR,NYI,0.622266,0.377734,NYR,1,NYR,1
20232024,2023021271,2024-04-13,DAL,SEA,0.657124,0.342876,DAL,1,DAL,1
20232024,2023021272,2024-04-13,COL,WPG,0.296297,0.703703,WPG,0,WPG,1
20232024,2023021273,2024-04-13,FLA,BUF,0.578863,0.421137,FLA,1,FLA,1
20232024,2023021274,2024-04-13,PHI,NJD,0.502422,0.497578,PHI,1,PHI,1
20232024,2023021275,2024-04-13,WSH,TBL,0.382794,0.617206,TBL,1,WSH,0
20232024,2023021276,2024-04-13,OTT,MTL,0.570373,0.429627,OTT,1,OTT,1
20232024,2023021277,2024-04-13,TOR,DET,0.597389,0.402611,TOR,0,DET,0
20232024,2023021278,2024-04-13,NSH,CBJ,0.293452,0.706548,CBJ,1,NSH,0
20232024,2023021279,2024-04-13,PIT,BOS,0.229986,0.770014,BOS,0,BOS,1
20232024,2023021280,2024-04-13,EDM,VAN,0.386127,0.613873,VAN,0,VAN,1
20232024,2023021281,2024-04-13,LAK,ANA,0.726872,0.273128,LAK,1,LAK,1
20232024,2023021282,2024-04-13,SJS,MIN,0.446401,0.553599,MIN,0,MIN,1
20232024,2023021283,2024-04-14,STL,SEA,0.598209,0.401791,STL,1,STL,1
20232024,2023021284,2024-04-14,VGK,COL,0.582429,0.417571,VGK,1,VGK,1
20232024,2023021285,2024-04-14,CHI,CAR,0.341337,0.658663,CAR,0,CAR,1
20232024,2023021286,2024-04-14,CGY,UTA,0.801916,0.198084,CGY,1,CGY,1
20232024,2023021287,2024-04-15,DET,MTL,0.610304,0.389696,DET,1,DET,1
20232024,2023021288,2024-04-15,NJD,NYI,0.543047,0.456953,NJD,0,NYI,0
20232024,2023021289,2024-04-15,PIT,NSH,0.478456,0.521544,NSH,1,PIT,0
20232024,2023021290,2024-04-15,TBL,BUF,0.59035,0.40965,TBL,0,BUF,0
20232024,2023021291,2024-04-15,WSH,BOS,0.374484,0.625516,BOS,1,WSH,0
20232024,2023021292,2024-04-15,NYR,OTT,0.67314,0.32686,NYR,1,NYR,1
20232024,2023021293,2024-04-15,EDM,SJS,0.902413,0.097587,EDM,1,EDM,1
20232024,2023021294,2024-04-15,LAK,MIN,0.634077,0.365923,LAK,0,MIN,0
20232024,2023021295,2024-04-16,BOS,OTT,0.578599,0.421401,BOS,0,OTT,0
20232024,2023021296,2024-04-16,CBJ,CAR,0.410156,0.589844,CAR,1,CBJ,0
20232024,2023021297,2024-04-16,FLA,TOR,0.507556,0.492444,FLA,1,FLA,1
20232024,2023021298,2024-04-16,MTL,DET,0.366814,0.633186,DET,0,DET,1
20232024,2023021299,2024-04-16,PHI,WSH,0.614534,0.385466,PHI,0,WSH,0
20232024,2023021300,2024-04-16,WPG,SEA,0.674337,0.325663,WPG,1,WPG,1
20232024,2023021301,2024-04-16,VGK,CHI,0.71145,0.28855,VGK,1,VGK,1
20232024,2023021302,2024-04-16,VAN,CGY,0.608782,0.391218,VAN,1,VAN,1
20232024,2023021303,2024-04-17,NYI,PIT,0.549835,0.450165,NYI,1,NYI,1
20232024,2023021304,2024-04-17,TBL,TOR,0.766779,0.233221,TBL,1,TBL,1
20232024,2023021305,2024-04-17,DAL,STL,0.63997,0.36003,DAL,1,DAL,1
20232024,2023021306,2024-04-17,UTA,EDM,0.407068,0.592932,EDM,1,UTA,0
20232024,2023021307,2024-04-18,MIN,SEA,0.557107,0.442893,MIN,0,SEA,0
20232024,2023021308,2024-04-18,WPG,VAN,0.599403,0.400597,WPG,1,WPG,1
20232024,2023021309,2024-04-18,CGY,SJS,0.871116,0.128884,CGY,1,CGY,1
20232024,2023021310,2024-04-18,COL,EDM,0.697974,0.302026,COL,1,COL,1
20232024,2023021311,2024-04-18,VGK,ANA,0.622615,0.377385,VGK,0,ANA,0
20232024,2023021312,2024-04-18,LAK,CHI,0.728981,0.271019,LAK,1,LAK,1
20242025,2024020001,2024-10-04,BUF,NJD,0.526718,0.473282,BUF,0,NJD,0
20242025,2024020002,2024-10-05,NJD,BUF,0.798357,0.201643,NJD,1,NJD,1
20242025,2024020003,2024-10-08,SEA,STL,0.494107,0.505893,STL,0,STL,1
20242025,2024020004,2024-10-08,FLA,BOS,0.586895,0.413105,FLA,1,FLA,1
20242025,2024020005,2024-10-08,UTA,CHI,0.565807,0.434193,UTA,1,UTA,1
20242025,2024020006,2024-10-09,MTL,TOR,0.513807,0.486193,MTL,1,MTL,1
20242025,2024020007,2024-10-09,PIT,NYR,0.504164,0.495836,PIT,0,NYR,0
20242025,2024020008,2024-10-09,EDM,WPG,0.279787,0.720213,WPG,0,WPG,1
20242025,2024020009,2024-10-09,VAN,CGY,0.561453,0.438547,VAN,0,CGY,0
20242025,2024020010,2024-10-09,VGK,COL,0.473865,0.526135,COL,1,VGK,0
20242025,2024020011,2024-10-10,BOS,MTL,0.411216,0.588784,MTL,1,BOS,0
20242025,2024020012,2024-10-10,BUF,LAK,0.516129,0.483871,BUF,0,LAK,0
20242025,2024020013,2024-10-10,OTT,FLA,0.428807,0.571193,FLA,1,OTT,0
20242025,2024020014,2024-10-10,DET,PIT,0.580385,0.419615,DET,0,PIT,0
20242025,2024020015,2024-10-10,NJD,TOR,0.817069,0.182931,NJD,0,TOR,0
20242025,2024020016,2024-10-10,NYI,UTA,0.577697,0.422303,NYI,0,UTA,0
20242025,2024020017,2024-10-10,NSH,DAL,0.461185,0.538815,DAL,0,DAL,1
20242025,2024020018,2024-10-10,MIN,CBJ,0.585849,0.414151,MIN,1,MIN,1
20242025,2024020019,2024-10-10,SJS,STL,0.406821,0.593179,STL,0,STL,1
20242025,2024020020,2024-10-11,CAR,TBL,0.493441,0.506559,TBL,0,TBL,1
20242025,2024020021,2024-10-11,WPG,CHI,0.906471,0.093529,WPG,1,WPG,1
20242025,2024020022,2024-10-11,VAN,PHI,0.566607,0.433393,VAN,0,PHI,0
20242025,2024020023,2024-10-11,VGK,STL,0.688278,0.311722,VGK,1,VGK,1
20242025,2024020024,2024-10-12,BOS,LAK,0.402452,0.597548,LAK,1,BOS,0
20242025,2024020025,2024-10-12,BUF,FLA,0.313387,0.686613,FLA,1,BUF,0
20242025,2024020026,2024-10-12,TOR,PIT,0.57253,0.42747,TOR,1,TOR,1
20242025,2024020027,2024-10-12,MTL,OTT,0.37589,0.62411,OTT,1,MTL,0
20242025,2024020028,2024-10-12,DET,NSH,0.434579,0.565421,NSH,1,DET,0
20242025,2024020030,2024-10-12,NYR,UTA,0.731802,0.268198,NYR,0,UTA,0
20242025,2024020031,2024-10-12,WSH,NJD,0.477484,0.522516,NJD,0,NJD,1
20242025,2024020032,2024-10-12,DAL,NYI,0.713221,0.286779,DAL,1,DAL,1
20242025,2024020033,2024-10-12,MIN,SEA,0.724578,0.275422,MIN,0,SEA,0
20242025,2024020034,2024-10-12,COL,CBJ,0.264205,0.735795,CBJ,0,CBJ,1
20242025,2024020035,2024-10-12,CGY,PHI,0.595331,0.404669,CGY,1,CGY,1
20242025,2024020036,2024-10-12,EDM,CHI,0.596073,0.403927,EDM,0,CHI,0
20242025,2024020037,2024-10-12,SJS,ANA,0.481996,0.518004,ANA,0,ANA,1
20242025,2024020038,2024-10-13,WPG,MIN,0.810248,0.189752,WPG,1,WPG,1
20242025,2024020039,2024-10-13,DAL,SEA,0.700883,0.299117,DAL,1,DAL,1
20242025,2024020040,2024-10-13,EDM,CGY,0.227595,0.772405,CGY,0,CGY,1
20242025,2024020041,2024-10-13,VGK,ANA,0.704351,0.295649,VGK,1,VGK,1
20242025,2024020042,2024-10-14,BOS,FLA,0.620268,0.379732,BOS,0,FLA,0
20242025,2024020043,2024-10-14,OTT,LAK,0.215834,0.784166,LAK,1,OTT,0
20242025,2024020044,2024-10-14,NJD,UTA,0.482864,0.517136,UTA,1,NJD,0
20242025,2024020045,2024-10-14,NYR,DET,0.652549,0.347451,NYR,1,NYR,1
20242025,2024020046,2024-10-14,MTL,PIT,0.598228,0.401772,MTL,0,PIT,0
20242025,2024020047,2024-10-14,COL,NYI,0.488028,0.511972,NYI,0,NYI,1
20242025,2024020048,2024-10-15,TBL,VAN,0.770683,0.229317,TBL,1,TBL,1
20242025,2024020049,2024-10-15,WSH,VGK,0.232397,0.767603,VGK,1,WSH,0
20242025,2024020050,2024-10-15,CAR,NJD,0.34447,0.65553,NJD,1,CAR,0
20242025,2024020051,2024-10-15,CBJ,FLA,0.544926,0.455074,CBJ,0,FLA,0
20242025,2024020052,2024-10-15,STL,MIN,0.635546,0.364454,STL,0,MIN,0
20242025,2024020053,2024-10-15,NSH,SEA,0.494465,0.505535,SEA,0,SEA,1
20242025,2024020054,2024-10-15,DAL,SJS,0.848993,0.151007,DAL,1,DAL,1
20242025,2024020055,2024-10-15,CGY,CHI,0.7626,0.2374,CGY,1,CGY,1
20242025,2024020056,2024-10-15,EDM,PHI,0.471351,0.528649,PHI,1,EDM,0
20242025,2024020057,2024-10-16,PIT,BUF,0.297221,0.702779,BUF,1,PIT,0
20242025,2024020058,2024-10-16,TOR,LAK,0.869097,0.130903,TOR,1,TOR,1
20242025,2024020059,2024-10-16,COL,BOS,0.394371,0.605629,BOS,0,BOS,1
20242025,2024020060,2024-10-16,ANA,UTA,0.428036,0.571964,UTA,1,ANA,0
20242025,2024020061,2024-10-17,MTL,LAK,0.635204,0.364796,MTL,0,LAK,0
20242025,2024020062,2024-10-17,OTT,NJD,0.491641,0.508359,NJD,0,NJD,1
20242025,2024020063,2024-10-17,DET,NYR,0.123939,0.876061,NYR,0,NYR,1
20242025,2024020064,2024-10-17,TBL,VGK,0.64748,0.35252,TBL,1,TBL,1
20242025,2024020065,2024-10-17,FLA,VAN,0.658913,0.341087,FLA,0,VAN,0
20242025,2024020066,2024-10-17,WSH,DAL,0.313272,0.686728,DAL,1,WSH,0
20242025,2024020067,2024-10-17,CBJ,BUF,0.604572,0.395428,CBJ,1,CBJ,1
20242025,2024020068,2024-10-17,STL,NYI,0.493967,0.506033,NYI,1,STL,0
20242025,2024020069,2024-10-17,NSH,EDM,0.495596,0.504404,EDM,0,EDM,1
20242025,2024020070,2024-10-17,CHI,SJS,0.563541,0.436459,CHI,1,CHI,1
20242025,2024020071,2024-10-17,SEA,PHI,0.830618,0.169382,SEA,1,SEA,1
20242025,2024020072,2024-10-18,PIT,CAR,0.540571,0.459429,PIT,0,CAR,0
20242025,2024020073,2024-10-18,WPG,SJS,0.9706,0.0294,WPG,1,WPG,1
20242025,2024020074,2024-10-18,COL,ANA,0.456505,0.543495,ANA,1,COL,0
20242025,2024020075,2024-10-19,OTT,TBL,0.32248,0.67752,TBL,1,OTT,0
20242025,2024020076,2024-10-19,NSH,DET,0.484572,0.515428,DET,0,DET,1
20242025,2024020077,2024-10-19,DAL,EDM,0.643721,0.356279,DAL,1,DAL,1
20242025,2024020078,2024-10-19,FLA,VGK,0.760489,0.239511,FLA,1,FLA,1
20242025,2024020079,2024-10-19,TOR,NYR,0.45003,0.54997,NYR,0,NYR,1
20242025,2024020080,2024-10-19,NJD,WSH,0.587584,0.412416,NJD,0,WSH,0
20242025,2024020081,2024-10-19,NYI,MTL,0.613621,0.386379,NYI,1,NYI,1
20242025,2024020082,2024-10-19,PHI,VAN,0.427077,0.572923,VAN,0,VAN,1
20242025,2024020083,2024-10-19,CBJ,MIN,0.469118,0.530882,MIN,0,MIN,1
20242025,2024020084,2024-10-19,STL,CAR,0.527664,0.472336,STL,1,STL,1
20242025,2024020085,2024-10-19,CHI,BUF,0.520137,0.479863,CHI,0,BUF,0
20242025,2024020086,2024-10-19,UTA,BOS,0.482865,0.517135,BOS,1,UTA,0
20242025,2024020087,2024-10-19,SEA,CGY,0.382941,0.617059,CGY,1,SEA,0
20242025,2024020088,2024-10-20,WPG,PIT,0.763938,0.236062,WPG,1,WPG,1
20242025,2024020089,2024-10-20,SJS,COL,0.363925,0.636075,COL,0,COL,1
20242025,2024020090,2024-10-20,ANA,LAK,0.467132,0.532868,LAK,0,LAK,1
20242025,2024020091,2024-10-21,TOR,TBL,0.740693,0.259307,TOR,1,TOR,1
20242025,2024020092,2024-10-22,PHI,WSH,0.367759,0.632241,WSH,0,WSH,1
20242025,2024020093,2024-10-22,FLA,MIN,0.269179,0.730821,MIN,0,MIN,1
20242025,2024020094,2024-10-22,NJD,TBL,0.586614,0.413386,NJD,0,TBL,0
20242025,2024020095,2024-10-22,BUF,DAL,0.344527,0.655473,DAL,1,BUF,0
20242025,2024020096,2024-10-22,MTL,NYR,0.089387,0.910613,NYR,0,NYR,1
20242025,2024020097,2024-10-22,CBJ,TOR,0.428391,0.571609,TOR,1,CBJ,0
20242025,2024020098,2024-10-22,NYI,DET,0.550361,0.449639,NYI,0,DET,0
20242025,2024020099,2024-10-22,STL,WPG,0.319129,0.680871,WPG,0,WPG,1
20242025,2024020100,2024-10-22,CHI,VAN,0.380475,0.619525,VAN,0,VAN,1
20242025,2024020101,2024-10-22,NSH,BOS,0.412487,0.587513,BOS,1,NSH,0
20242025,2024020102,2024-10-22,CGY,PIT,0.644976,0.355024,CGY,1,CGY,1
20242025,2024020103,2024-10-22,EDM,CAR,0.462446,0.537554,CAR,0,CAR,1
20242025,2024020104,2024-10-22,UTA,OTT,0.285494,0.714506,OTT,0,OTT,1
20242025,2024020105,2024-10-22,ANA,SJS,0.672409,0.327591,ANA,1,ANA,1
20242025,2024020106,2024-10-22,SEA,COL,0.599028,0.400972,SEA,0,COL,0
20242025,2024020107,2024-10-22,VGK,LAK,0.545418,0.454582,VGK,1,VGK,1
20242025,2024020108,2024-10-23,WSH,PHI,0.688585,0.311415,WSH,1,WSH,1
20242025,2024020109,2024-10-24,BOS,DAL,0.377064,0.622936,DAL,0,DAL,1
20242025,2024020110,2024-10-24,TOR,STL,0.598049,0.401951,TOR,0,STL,0
20242025,2024020111,2024-10-24,DET,NJD,0.474554,0.525446,NJD,1,DET,0
20242025,2024020112,2024-10-24,TBL,MIN,0.559354,0.440646,TBL,0,MIN,0
20242025,2024020113,2024-10-24,NYR,FLA,0.701292,0.298708,NYR,0,FLA,0
20242025,2024020114,2024-10-24,CGY,CAR,0.545263,0.454737,CGY,0,CAR,0
20242025,2024020115,2024-10-24,UTA,COL,0.521018,0.478982,UTA,0,COL,0
20242025,2024020116,2024-10-24,SEA,WPG,0.313878,0.686122,WPG,0,WPG,1
20242025,2024020117,2024-10-24,LAK,SJS,0.739946,0.260054,LAK,1,LAK,1
20242025,2024020118,2024-10-25,VGK,OTT,0.585264,0.414736,VGK,1,VGK,1
20242025,2024020119,2024-10-25,NJD,NYI,0.438338,0.561662,NYI,0,NYI,1
20242025,2024020120,2024-10-25,CHI,NSH,0.430346,0.569654,NSH,0,NSH,1
20242025,2024020121,2024-10-25,EDM,PIT,0.545913,0.454087,EDM,1,EDM,1
20242025,2024020122,2024-10-26,BUF,DET,0.506969,0.493031,BUF,1,BUF,1
20242025,2024020123,2024-10-26,PHI,MIN,0.305688,0.694312,MIN,1,PHI,0
20242025,2024020124,2024-10-26,LAK,UTA,0.538773,0.461227,LAK,1,LAK,1
20242025,2024020125,2024-10-26,BOS,TOR,0.464395,0.535605,TOR,1,BOS,0
20242025,2024020126,2024-10-26,MTL,STL,0.389311,0.610689,STL,1,MTL,0
20242025,2024020127,2024-10-26,TBL,WSH,0.551374,0.448626,TBL,1,TBL,1
20242025,2024020128,2024-10-26,NYR,ANA,0.765021,0.234979,NYR,1,NYR,1
20242025,2024020129,2024-10-26,CGY,WPG,0.35688,0.64312,WPG,0,WPG,1
20242025,2024020130,2024-10-26,NYI,FLA,0.385582,0.614418,FLA,0,FLA,1
20242025,2024020131,2024-10-26,NSH,CBJ,0.398968,0.601032,CBJ,1,NSH,0
20242025,2024020132,2024-10-26,DAL,CHI,0.850718,0.149282,DAL,1,DAL,1
20242025,2024020133,2024-10-26,VAN,PIT,0.700342,0.299658,VAN,1,VAN,1
20242025,2024020134,2024-10-26,VGK,SJS,0.762264,0.237736,VGK,1,VGK,1
20242025,2024020135,2024-10-26,SEA,CAR,0.435107,0.564893,CAR,0,CAR,1
20242025,2024020136,2024-10-27,DET,EDM,0.405424,0.594576,EDM,0,EDM,1
20242025,2024020137,2024-10-27,NJD,ANA,0.697427,0.302573,NJD,1,NJD,1
20242025,2024020138,2024-10-27,PHI,MTL,0.473329,0.526671,MTL,0,MTL,1
20242025,2024020139,2024-10-27,COL,OTT,0.810145,0.189855,COL,1,COL,1
20242025,2024020140,2024-10-28,BUF,FLA,0.444961,0.555039,FLA,0,FLA,1
20242025,2024020141,2024-10-28,TBL,NSH,0.656236,0.343764,TBL,1,TBL,1
20242025,2024020142,2024-10-28,CBJ,EDM,0.546873,0.453127,CBJ,1,CBJ,1
20242025,2024020143,2024-10-28,WPG,TOR,0.752272,0.247728,WPG,0,TOR,0
20242025,2024020144,2024-10-28,COL,CHI,0.649627,0.350373,COL,0,CHI,0
20242025,2024020145,2024-10-28,UTA,SJS,0.739768,0.260232,UTA,0,SJS,0
20242025,2024020146,2024-10-28,VAN,CAR,0.45159,0.54841,CAR,0,CAR,1
20242025,2024020147,2024-10-28,VGK,CGY,0.608998,0.391002,VGK,1,VGK,1
20242025,2024020148,2024-10-29,BOS,PHI,0.642613,0.357387,BOS,0,PHI,0
20242025,2024020149,2024-10-29,MTL,SEA,0.227842,0.772158,SEA,0,SEA,1
20242025,2024020150,2024-10-29,OTT,STL,0.770834,0.229166,OTT,1,OTT,1
20242025,2024020151,2024-10-29,WSH,NYR,0.385811,0.614189,NYR,1,WSH,0
20242025,2024020152,2024-10-29,NYI,ANA,0.637263,0.362737,NYI,0,ANA,0
20242025,2024020153,2024-10-29,PIT,MIN,0.362385,0.637615,MIN,0,MIN,1
20242025,2024020154,2024-10-29,SJS,LAK,0.225152,0.774848,LAK,1,SJS,0
20242025,2024020155,2024-10-30,CBJ,NYI,0.621657,0.378343,CBJ,1,CBJ,1
20242025,2024020156,2024-10-30,DET,WPG,0.300848,0.699152,WPG,0,WPG,1
20242025,2024020157,2024-10-30,COL,TBL,0.393655,0.606345,TBL,0,TBL,1
20242025,2024020158,2024-10-30,UTA,CGY,0.503272,0.496728,UTA,1,UTA,1
20242025,2024020159,2024-10-30,VAN,NJD,0.539051,0.460949,VAN,0,NJD,0
20242025,2024020160,2024-10-30,LAK,VGK,0.300685,0.699315,VGK,1,LAK,0
20242025,2024020161,2024-10-31,TOR,SEA,0.567541,0.432459,TOR,1,TOR,1
20242025,2024020162,2024-10-31,PHI,STL,0.446224,0.553776,STL,1,PHI,0
20242025,2024020163,2024-10-31,PIT,ANA,0.547848,0.452152,PIT,1,PIT,1
20242025,2024020164,2024-10-31,WSH,MTL,0.670385,0.329615,WSH,1,WSH,1
20242025,2024020165,2024-10-31,CAR,BOS,0.885301,0.114699,CAR,1,CAR,1
20242025,2024020166,2024-10-31,NSH,EDM,0.504465,0.495535,NSH,0,EDM,0
20242025,2024020167,2024-10-31,SJS,CHI,0.449045,0.550955,CHI,1,SJS,0
20242025,2024020168,2024-11-01,DAL,FLA,0.57265,0.42735,DAL,0,FLA,0
20242025,2024020169,2024-11-01,BUF,NYI,0.583387,0.416613,BUF,0,NYI,0
20242025,2024020170,2024-11-01,NYR,OTT,0.657045,0.342955,NYR,1,NYR,1
20242025,2024020171,2024-11-01,CBJ,WPG,0.312691,0.687309,WPG,0,WPG,1
20242025,2024020172,2024-11-01,MIN,TBL,0.470074,0.529926,TBL,1,MIN,0
20242025,2024020173,2024-11-01,CGY,NJD,0.439237,0.560763,NJD,1,CGY,0
20242025,2024020174,2024-11-02,FLA,DAL,0.483579,0.516421,DAL,1,FLA,0
20242025,2024020175,2024-11-02,PHI,BOS,0.248487,0.751513,BOS,0,BOS,1
20242025,2024020176,2024-11-02,LAK,CHI,0.705406,0.294594,LAK,0,CHI,0
20242025,2024020177,2024-11-02,WSH,CBJ,0.708146,0.291854,WSH,1,WSH,1
20242025,2024020178,2024-11-02,OTT,SEA,0.435126,0.564874,SEA,1,OTT,0
20242025,2024020179,2024-11-02,DET,BUF,0.59291,0.40709,DET,1,DET,1
20242025,2024020180,2024-11-02,PIT,MTL,0.570278,0.429722,PIT,1,PIT,1
20242025,2024020181,2024-11-02,STL,TOR,0.450716,0.549284,TOR,1,STL,0
20242025,2024020182,2024-11-02,NSH,COL,0.490555,0.509445,COL,1,NSH,0
20242025,2024020183,2024-11-02,VGK,UTA,0.671704,0.328296,VGK,1,VGK,1
20242025,2024020184,2024-11-02,SJS,VAN,0.342679,0.657321,VAN,0,VAN,1
20242025,2024020185,2024-11-03,NYR,NYI,0.738072,0.261928,NYR,1,NYR,1
20242025,2024020186,2024-11-03,WPG,TBL,0.662769,0.337231,WPG,1,WPG,1
20242025,2024020187,2024-11-03,BOS,SEA,0.468351,0.531649,SEA,1,BOS,0
20242025,2024020188,2024-11-03,CAR,WSH,0.65634,0.34366,CAR,1,CAR,1
20242025,2024020189,2024-11-03,MIN,TOR,0.661794,0.338206,MIN,1,MIN,1
20242025,2024020190,2024-11-03,CGY,EDM,0.514761,0.485239,CGY,0,EDM,0
20242025,2024020191,2024-11-03,ANA,CHI,0.632009,0.367991,ANA,0,CHI,0
20242025,2024020192,2024-11-04,NSH,LAK,0.479629,0.520371,LAK,0,LAK,1
20242025,2024020193,2024-11-04,EDM,NJD,0.385551,0.614449,NJD,0,NJD,1
20242025,2024020194,2024-11-05,BUF,OTT,0.462024,0.537976,OTT,1,BUF,0
20242025,2024020195,2024-11-05,TOR,BOS,0.565139,0.434861,TOR,1,TOR,1
20242025,2024020196,2024-11-05,MTL,CGY,0.459957,0.540043,CGY,0,CGY,1
20242025,2024020197,2024-11-05,CAR,PHI,0.74993,0.25007,CAR,1,CAR,1
20242025,2024020198,2024-11-05,NYI,PIT,0.52569,0.47431,NYI,1,NYI,1
20242025,2024020199,2024-11-05,STL,TBL,0.447708,0.552292,TBL,1,STL,0
20242025,2024020200,2024-11-05,MIN,LAK,0.672529,0.327471,MIN,0,LAK,0
20242025,2024020201,2024-11-05,WPG,UTA,0.793226,0.206774,WPG,1,WPG,1
20242025,2024020202,2024-11-05,COL,SEA,0.52319,0.47681,COL,1,COL,1
20242025,2024020203,2024-11-05,ANA,VAN,0.378303,0.621697,VAN,0,VAN,1
20242025,2024020204,2024-11-05,SJS,CBJ,0.418952,0.581048,CBJ,1,SJS,0
20242025,2024020205,2024-11-06,WSH,NSH,0.652399,0.347601,WSH,1,WSH,1
20242025,2024020206,2024-11-06,CHI,DET,0.422977,0.577023,DET,0,DET,1
20242025,2024020207,2024-11-06,EDM,VGK,0.421712,0.578288,VGK,0,VGK,1
20242025,2024020208,2024-11-07,BOS,CGY,0.494428,0.505572,CGY,1,BOS,0
20242025,2024020209,2024-11-07,OTT,NYI,0.566626,0.433374,OTT,0,NYI,0
20242025,2024020210,2024-11-07,TBL,PHI,0.665432,0.334568,TBL,0,PHI,0
20242025,2024020211,2024-11-07,FLA,NSH,0.764462,0.235538,FLA,1,FLA,1
20242025,2024020212,2024-11-07,NJD,MTL,0.684052,0.315948,NJD,1,NJD,1
20242025,2024020213,2024-11-07,NYR,BUF,0.435061,0.564939,BUF,0,BUF,1
20242025,2024020214,2024-11-07,CAR,PIT,0.74575,0.25425,CAR,1,CAR,1
20242025,2024020215,2024-11-07,STL,UTA,0.562121,0.437879,STL,0,UTA,0
20242025,2024020216,2024-11-07,DAL,CHI,0.814211,0.185789,DAL,1,DAL,1
20242025,2024020217,2024-11-07,WPG,COL,0.740214,0.259786,WPG,1,WPG,1
20242025,2024020218,2024-11-07,LAK,VAN,0.524512,0.475488,LAK,0,VAN,0
20242025,2024020219,2024-11-07,SJS,MIN,0.319264,0.680736,MIN,0,MIN,1
20242025,2024020220,2024-11-08,TOR,DET,0.570161,0.429839,TOR,1,TOR,1
20242025,2024020221,2024-11-08,WSH,PIT,0.758361,0.241639,WSH,0,PIT,0
20242025,2024020222,2024-11-08,ANA,MIN,0.385485,0.614515,MIN,0,MIN,1
20242025,2024020223,2024-11-08,SEA,VGK,0.385052,0.614948,VGK,1,SEA,0
20242025,2024020224,2024-11-09,BUF,CGY,0.587386,0.412614,BUF,1,BUF,1
20242025,2024020225,2024-11-09,FLA,PHI,0.746522,0.253478,FLA,1,FLA,1
20242025,2024020226,2024-11-09,BOS,OTT,0.516133,0.483867,BOS,0,OTT,0
20242025,2024020227,2024-11-09,TOR,MTL,0.597487,0.402513,TOR,1,TOR,1
20242025,2024020228,2024-11-09,DET,NYR,0.27927,0.72073,NYR,0,NYR,1
20242025,2024020229,2024-11-09,STL,WSH,0.487986,0.512014,WSH,0,WSH,1
20242025,2024020230,2024-11-09,WPG,DAL,0.846631,0.153369,WPG,1,WPG,1
20242025,2024020231,2024-11-09,NYI,NJD,0.444952,0.555048,NJD,0,NJD,1
20242025,2024020232,2024-11-09,NSH,UTA,0.546836,0.453164,NSH,1,NSH,1
20242025,2024020233,2024-11-09,COL,CAR,0.333636,0.666364,CAR,1,COL,0
20242025,2024020234,2024-11-09,LAK,CBJ,0.650683,0.349317,LAK,1,LAK,1
20242025,2024020235,2024-11-09,VAN,EDM,0.283509,0.716491,EDM,0,EDM,1
20242025,2024020236,2024-11-10,NJD,SJS,0.647865,0.352135,NJD,0,SJS,0
20242025,2024020237,2024-11-10,CHI,MIN,0.297607,0.702393,MIN,1,CHI,0
20242025,2024020238,2024-11-10,ANA,CBJ,0.549134,0.450866,ANA,1,ANA,1
20242025,2024020239,2024-11-11,BUF,MTL,0.713141,0.286859,BUF,0,MTL,0
20242025,2024020240,2024-11-11,PHI,SJS,0.673919,0.326081,PHI,1,PHI,1
20242025,2024020241,2024-11-11,PIT,DAL,0.153261,0.846739,DAL,0,DAL,1
20242025,2024020242,2024-11-11,CGY,LAK,0.470176,0.529824,LAK,1,CGY,0
20242025,2024020243,2024-11-11,COL,NSH,0.556148,0.443852,COL,1,COL,1
20242025,2024020244,2024-11-11,VGK,CAR,0.216468,0.783532,CAR,0,CAR,1
20242025,2024020245,2024-11-12,TOR,OTT,0.599117,0.400883,TOR,0,OTT,0
20242025,2024020246,2024-11-12,FLA,NJD,0.611367,0.388633,FLA,0,NJD,0
20242025,2024020247,2024-11-12,NYR,WPG,0.457729,0.542271,WPG,0,WPG,1
20242025,2024020248,2024-11-12,STL,BOS,0.510102,0.489898,STL,0,BOS,0
20242025,2024020249,2024-11-12,EDM,NYI,0.580033,0.419967,EDM,1,EDM,1
20242025,2024020250,2024-11-12,VAN,CGY,0.662382,0.337618,VAN,1,VAN,1
20242025,2024020251,2024-11-12,SEA,CBJ,0.619433,0.380567,SEA,1,SEA,1
20242025,2024020252,2024-11-13,PIT,DET,0.482795,0.517205,DET,0,DET,1
20242025,2024020253,2024-11-13,WSH,TOR,0.673156,0.326844,WSH,0,TOR,0
20242025,2024020254,2024-11-13,UTA,CAR,0.623234,0.376766,UTA,1,UTA,1
20242025,2024020255,2024-11-13,COL,LAK,0.765884,0.234116,COL,1,COL,1
20242025,2024020256,2024-11-13,ANA,VGK,0.316454,0.683546,VGK,0,VGK,1
20242025,2024020257,2024-11-14,BUF,STL,0.603331,0.396669,BUF,1,BUF,1
20242025,2024020258,2024-11-14,OTT,PHI,0.603688,0.396312,OTT,0,PHI,0
20242025,2024020259,2024-11-14,TBL,WPG,0.354111,0.645889,WPG,1,TBL,0
20242025,2024020260,2024-11-14,FLA,NJD,0.575696,0.424304,FLA,0,NJD,0
20242025,2024020261,2024-11-14,NYR,SJS,0.804648,0.195352,NYR,1,NYR,1
20242025,2024020262,2024-11-14,DAL,BOS,0.691168,0.308832,DAL,1,DAL,1
20242025,2024020263,2024-11-14,MIN,MTL,0.735702,0.264298,MIN,1,MIN,1
20242025,2024020264,2024-11-14,EDM,NSH,0.580214,0.419786,EDM,1,EDM,1
20242025,2024020265,2024-11-14,VAN,NYI,0.60313,0.39687,VAN,0,NYI,0
20242025,2024020266,2024-11-14,SEA,CHI,0.612627,0.387373,SEA,1,SEA,1
20242025,2024020267,2024-11-15,CBJ,PIT,0.459825,0.540175,PIT,1,CBJ,0
20242025,2024020268,2024-11-15,COL,WSH,0.217198,0.782802,WSH,0,WSH,1
20242025,2024020269,2024-11-15,CGY,NSH,0.640346,0.359654,CGY,1,CGY,1
20242025,2024020270,2024-11-15,UTA,VGK,0.396451,0.603549,VGK,0,VGK,1
20242025,2024020271,2024-11-15,ANA,DET,0.402584,0.597416,DET,1,ANA,0
20242025,2024020272,2024-11-16,BOS,STL,0.540974,0.459026,BOS,0,STL,0
20242025,2024020273,2024-11-16,SEA,NYI,0.523072,0.476928,SEA,1,SEA,1
20242025,2024020274,2024-11-16,TOR,EDM,0.515401,0.484599,TOR,1,TOR,1
20242025,2024020275,2024-11-16,MTL,CBJ,0.552194,0.447806,MTL,1,MTL,1
20242025,2024020276,2024-11-16,TBL,NJD,0.520428,0.479572,TBL,1,TBL,1
20242025,2024020277,2024-11-16,FLA,WPG,0.440549,0.559451,WPG,1,FLA,0
20242025,2024020278,2024-11-16,PHI,BUF,0.421583,0.578417,BUF,1,PHI,0
20242025,2024020279,2024-11-16,PIT,SJS,0.517076,0.482924,PIT,1,PIT,1
20242025,2024020280,2024-11-16,CAR,OTT,0.687698,0.312302,CAR,1,CAR,1
20242025,2024020281,2024-11-16,MIN,DAL,0.460392,0.539608,DAL,0,DAL,1
20242025,2024020282,2024-11-16,LAK,DET,0.665847,0.334153,LAK,1,LAK,1
20242025,2024020283,2024-11-16,VAN,CHI,0.706168,0.293832,VAN,1,VAN,1
20242025,2024020284,2024-11-17,CAR,STL,0.680383,0.319617,CAR,1,CAR,1
20242025,2024020285,2024-11-17,VAN,NSH,0.536663,0.463337,VAN,0,NSH,0
20242025,2024020286,2024-11-17,VGK,WSH,0.537074,0.462926,VGK,0,WSH,0
20242025,2024020287,2024-11-17,SEA,NYR,0.321802,0.678198,NYR,0,NYR,1
20242025,2024020288,2024-11-18,BOS,CBJ,0.598393,0.401607,BOS,0,CBJ,0
20242025,2024020289,2024-11-18,PHI,COL,0.461606,0.538394,COL,0,COL,1
20242025,2024020290,2024-11-18,MTL,EDM,0.369069,0.630931,EDM,1,MTL,0
20242025,2024020291,2024-11-18,DAL,ANA,0.777816,0.222184,DAL,0,ANA,0
20242025,2024020292,2024-11-18,UTA,WSH,0.200103,0.799897,WSH,0,WSH,1
20242025,2024020293,2024-11-18,SJS,DET,0.38784,0.61216,DET,1,SJS,0
20242025,2024020294,2024-11-19,OTT,EDM,0.576789,0.423211,OTT,0,EDM,0
20242025,2024020295,2024-11-19,PIT,TBL,0.420828,0.579172,TBL,0,TBL,1
20242025,2024020296,2024-11-19,STL,MIN,0.438006,0.561994,MIN,0,MIN,1
20242025,2024020297,2024-11-19,WPG,FLA,0.572166,0.427834,WPG,1,WPG,1
20242025,2024020298,2024-11-19,CHI,ANA,0.560523,0.439477,CHI,0,ANA,0
20242025,2024020299,2024-11-19,CGY,NYI,0.533771,0.466229,CGY,1,CGY,1
20242025,2024020300,2024-11-19,VAN,NYR,0.412942,0.587058,NYR,0,NYR,1
20242025,2024020301,2024-11-20,TOR,VGK,0.516093,0.483907,TOR,1,TOR,1
20242025,2024020302,2024-11-20,PHI,CAR,0.316123,0.683877,CAR,0,CAR,1
20242025,2024020303,2024-11-20,DAL,SJS,0.78273,0.21727,DAL,1,DAL,1
20242025,2024020304,2024-11-20,SEA,NSH,0.559332,0.440668,SEA,1,SEA,1
20242025,2024020305,2024-11-20,LAK,BUF,0.588822,0.411178,LAK,0,BUF,0
20242025,2024020306,2024-11-21,BOS,UTA,0.530613,0.469387,BOS,1,BOS,1
20242025,2024020307,2024-11-21,OTT,VGK,0.544238,0.455762,OTT,0,VGK,0
20242025,2024020308,2024-11-21,DET,NYI,0.503649,0.496351,DET,1,DET,1
20242025,2024020309,2024-11-21,NJD,CAR,0.46898,0.53102,CAR,1,NJD,0
20242025,2024020310,2024-11-21,WSH,COL,0.594495,0.405505,WSH,0,COL,0
20242025,2024020311,2024-11-21,CBJ,TBL,0.372232,0.627768,TBL,1,CBJ,0
20242025,2024020312,2024-11-21,STL,SJS,0.73431,0.26569,STL,1,STL,1
20242025,2024020313,2024-11-21,CHI,FLA,0.285622,0.714378,FLA,1,CHI,0
20242025,2024020314,2024-11-21,CGY,NYR,0.355499,0.644501,NYR,1,CGY,0
20242025,2024020315,2024-11-21,EDM,MIN,0.490562,0.509438,MIN,0,MIN,1
20242025,2024020316,2024-11-22,PIT,WPG,0.316649,0.683351,WPG,0,WPG,1
20242025,2024020317,2024-11-22,ANA,BUF,0.420823,0.579177,BUF,0,BUF,1
20242025,2024020318,2024-11-23,PHI,CHI,0.6218,0.3782,PHI,1,PHI,1
20242025,2024020319,2024-11-23,CGY,MIN,0.481715,0.518285,MIN,1,CGY,0
20242025,2024020320,2024-11-23,LAK,SEA,0.568213,0.431787,LAK,1,LAK,1
20242025,2024020321,2024-11-23,FLA,COL,0.577327,0.422673,FLA,0,COL,0
20242025,2024020322,2024-11-23,MTL,VGK,0.16219,0.83781,VGK,0,VGK,1
20242025,2024020323,2024-11-23,OTT,VAN,0.434941,0.565059,VAN,0,VAN,1
20242025,2024020324,2024-11-23,DET,BOS,0.519534,0.480466,DET,0,BOS,0
20242025,2024020325,2024-11-23,TBL,DAL,0.439814,0.560186,DAL,0,DAL,1
20242025,2024020326,2024-11-23,PIT,UTA,0.427237,0.572763,UTA,0,UTA,1
20242025,2024020327,2024-11-23,WSH,NJD,0.57321,0.42679,WSH,0,NJD,0
20242025,2024020328,2024-11-23,CBJ,CAR,0.614515,0.385485,CBJ,1,CBJ,1
20242025,2024020329,2024-11-23,NSH,WPG,0.381451,0.618549,WPG,1,NSH,0
20242025,2024020330,2024-11-23,NYI,STL,0.539465,0.460535,NYI,1,NYI,1
20242025,2024020331,2024-11-23,SJS,BUF,0.412504,0.587496,BUF,0,BUF,1
20242025,2024020332,2024-11-23,EDM,NYR,0.454517,0.545483,NYR,1,EDM,0
20242025,2024020333,2024-11-24,TOR,UTA,0.70827,0.29173,TOR,1,TOR,1
20242025,2024020334,2024-11-25,TBL,COL,0.768065,0.231935,TBL,1,TBL,1
20242025,2024020335,2024-11-25,FLA,WSH,0.514225,0.485775,FLA,0,WSH,0
20242025,2024020336,2024-11-25,NJD,NSH,0.83949,0.16051,NJD,1,NJD,1
20242025,2024020337,2024-11-25,NYR,STL,0.697449,0.302551,NYR,0,STL,0
20242025,2024020338,2024-11-25,PHI,VGK,0.427692,0.572308,VGK,0,VGK,1
20242025,2024020339,2024-11-25,CAR,DAL,0.545605,0.454395,CAR,1,CAR,1
20242025,2024020340,2024-11-25,OTT,CGY,0.480509,0.519491,CGY,1,OTT,0
20242025,2024020341,2024-11-25,NYI,DET,0.563871,0.436129,NYI,0,DET,0
20242025,2024020342,2024-11-25,MIN,WPG,0.40219,0.59781,WPG,0,WPG,1
20242025,2024020343,2024-11-25,ANA,SEA,0.448192,0.551808,SEA,0,SEA,1
20242025,2024020344,2024-11-25,SJS,LAK,0.310046,0.689954,LAK,1,SJS,0
20242025,2024020345,2024-11-26,BOS,VAN,0.435047,0.564953,VAN,0,VAN,1
20242025,2024020346,2024-11-26,MTL,UTA,0.46158,0.53842,UTA,0,UTA,1
20242025,2024020347,2024-11-27,BUF,MIN,0.534705,0.465295,BUF,0,MIN,0
20242025,2024020348,2024-11-27,NJD,STL,0.593913,0.406087,NJD,0,STL,0
20242025,2024020349,2024-11-27,CAR,NYR,0.584705,0.415295,CAR,1,CAR,1
20242025,2024020350,2024-11-27,DET,CGY,0.517454,0.482546,DET,1,DET,1
20242025,2024020351,2024-11-27,TBL,WSH,0.511087,0.488913,TBL,0,WSH,0
20242025,2024020352,2024-11-27,FLA,TOR,0.544454,0.455546,FLA,1,FLA,1
20242025,2024020353,2024-11-27,NYI,BOS,0.632877,0.367123,NYI,0,BOS,0
20242025,2024020354,2024-11-27,PIT,VAN,0.480071,0.519929,VAN,1,PIT,0
20242025,2024020355,2024-11-27,CBJ,MTL,0.643166,0.356834,CBJ,0,MTL,0
20242025,2024020356,2024-11-27,NSH,PHI,0.561399,0.438601,NSH,0,PHI,0
20242025,2024020357,2024-11-27,CHI,DAL,0.265011,0.734989,DAL,1,CHI,0
20242025,2024020358,2024-11-27,COL,VGK,0.514898,0.485102,COL,1,COL,1
20242025,2024020359,2024-11-27,LAK,WPG,0.384524,0.615476,WPG,1,LAK,0
20242025,2024020360,2024-11-27,SEA,ANA,0.620194,0.379806,SEA,0,ANA,0
20242025,2024020361,2024-11-27,SJS,OTT,0.377787,0.622213,OTT,0,OTT,1
20242025,2024020362,2024-11-29,PHI,NYR,0.367559,0.632441,NYR,1,PHI,0
20242025,2024020363,2024-11-29,MIN,CHI,0.716472,0.283528,MIN,1,MIN,1
20242025,2024020364,2024-11-29,BUF,VAN,0.490795,0.509205,VAN,0,VAN,1
20242025,2024020365,2024-11-29,DET,NJD,0.477561,0.522439,NJD,0,NJD,1
20242025,2024020366,2024-11-29,WSH,NYI,0.648041,0.351959,WSH,1,WSH,1
20242025,2024020367,2024-11-29,CAR,FLA,0.604736,0.395264,CAR,0,FLA,0
20242025,2024020368,2024-11-29,CBJ,CGY,0.498465,0.501535,CGY,1,CBJ,0
20242025,2024020369,2024-11-29,NSH,TBL,0.413982,0.586018,TBL,0,TBL,1
20242025,2024020370,2024-11-29,ANA,LAK,0.70179,0.29821,ANA,0,LAK,0
20242025,2024020371,2024-11-29,SJS,SEA,0.360394,0.639606,SEA,1,SJS,0
20242025,2024020372,2024-11-29,BOS,PIT,0.545135,0.454865,BOS,0,PIT,0
20242025,2024020373,2024-11-29,DAL,COL,0.608199,0.391801,DAL,1,DAL,1
20242025,2024020374,2024-11-29,VGK,WPG,0.418172,0.581828,WPG,1,VGK,0
20242025,2024020375,2024-11-29,UTA,EDM,0.421147,0.578853,EDM,0,EDM,1
20242025,2024020376,2024-11-30,NYR,MTL,0.590607,0.409393,NYR,1,NYR,1
20242025,2024020377,2024-11-30,FLA,CAR,0.697441,0.302559,FLA,1,FLA,1
20242025,2024020378,2024-11-30,TBL,TOR,0.425284,0.574716,TOR,0,TOR,1
20242025,2024020379,2024-11-30,NJD,WSH,0.418535,0.581465,WSH,0,WSH,1
20242025,2024020380,2024-11-30,PIT,CGY,0.457632,0.542368,CGY,1,PIT,0
20242025,2024020381,2024-11-30,STL,PHI,0.628811,0.371189,STL,0,PHI,0
20242025,2024020382,2024-11-30,LAK,OTT,0.44178,0.55822,OTT,1,LAK,0
20242025,2024020383,2024-11-30,NYI,BUF,0.439473,0.560527,BUF,1,NYI,0
20242025,2024020384,2024-11-30,MIN,NSH,0.591096,0.408904,MIN,1,MIN,1
20242025,2024020385,2024-11-30,COL,EDM,0.448493,0.551507,EDM,0,EDM,1
20242025,2024020386,2024-11-30,VGK,UTA,0.60823,0.39177,VGK,0,UTA,0
20242025,2024020387,2024-11-30,SEA,SJS,0.602165,0.397835,SEA,0,SJS,0
20242025,2024020388,2024-12-01,DET,VAN,0.197893,0.802107,VAN,0,VAN,1
20242025,2024020389,2024-12-01,BOS,MTL,0.651565,0.348435,BOS,1,BOS,1
20242025,2024020390,2024-12-01,CHI,CBJ,0.416649,0.583351,CBJ,0,CBJ,1
20242025,2024020391,2024-12-01,DAL,WPG,0.525315,0.474685,DAL,1,DAL,1
20242025,2024020392,2024-12-01,ANA,OTT,0.510746,0.489254,ANA,1,ANA,1
20242025,2024020393,2024-12-02,NYR,NJD,0.547195,0.452805,NYR,0,NJD,0
20242025,2024020394,2024-12-02,TOR,CHI,0.791642,0.208358,TOR,1,TOR,1
20242025,2024020395,2024-12-02,UTA,DAL,0.451083,0.548917,DAL,0,DAL,1
20242025,2024020396,2024-12-03,BOS,DET,0.477711,0.522289,DET,1,BOS,0
20242025,2024020397,2024-12-03,BUF,COL,0.772267,0.227733,BUF,0,COL,0
20242025,2024020398,2024-12-03,MTL,NYI,0.412955,0.587045,NYI,1,MTL,0
20242025,2024020399,2024-12-03,PIT,FLA,0.35502,0.64498,FLA,1,PIT,0
20242025,2024020400,2024-12-03,WSH,SJS,0.731399,0.268601,WSH,0,SJS,0
20242025,2024020401,2024-12-03,CAR,SEA,0.656488,0.343512,CAR,0,SEA,0
20242025,2024020402,2024-12-03,MIN,VAN,0.499114,0.500886,VAN,1,MIN,0
20242025,2024020403,2024-12-03,WPG,STL,0.673643,0.326357,WPG,0,STL,0
20242025,2024020404,2024-12-03,CGY,CBJ,0.5374,0.4626,CGY,1,CGY,1
20242025,2024020405,2024-12-03,VGK,EDM,0.499491,0.500509,EDM,1,VGK,0
20242025,2024020406,2024-12-04,TOR,NSH,0.631377,0.368623,TOR,1,TOR,1
20242025,2024020407,2024-12-04,CHI,BOS,0.456376,0.543624,BOS,0,BOS,1
20242025,2024020408,2024-12-04,ANA,VGK,0.476829,0.523171,VGK,0,VGK,1
20242025,2024020409,2024-12-04,LAK,DAL,0.432315,0.567685,DAL,1,LAK,0
20242025,2024020410,2024-12-05,BUF,WPG,0.403153,0.596847,WPG,0,WPG,1
20242025,2024020411,2024-12-05,MTL,NSH,0.564157,0.435843,MTL,1,MTL,1
20242025,2024020412,2024-12-05,OTT,DET,0.539196,0.460804,OTT,1,OTT,1
20242025,2024020413,2024-12-05,TBL,SJS,0.888277,0.111723,TBL,1,TBL,1
20242025,2024020414,2024-12-05,PHI,FLA,0.165225,0.834775,FLA,0,FLA,1
20242025,2024020415,2024-12-05,CAR,COL,0.624819,0.375181,CAR,1,CAR,1
20242025,2024020416,2024-12-05,NYI,SEA,0.244779,0.755221,SEA,0,SEA,1
20242025,2024020417,2024-12-05,CGY,STL,0.536827,0.463173,CGY,0,STL,0
20242025,2024020418,2024-12-05,EDM,CBJ,0.619818,0.380182,EDM,1,EDM,1
20242025,2024020419,2024-12-06,TOR,WSH,0.501327,0.498673,TOR,0,WSH,0
20242025,2024020420,2024-12-06,NJD,SEA,0.650422,0.349578,NJD,1,NJD,1
20242025,2024020421,2024-12-06,NYR,PIT,0.644879,0.355121,NYR,1,NYR,1
20242025,2024020422,2024-12-06,VAN,CBJ,0.705247,0.294753,VAN,1,VAN,1
20242025,2024020423,2024-12-06,VGK,DAL,0.461483,0.538517,DAL,1,VGK,0
20242025,2024020424,2024-12-06,ANA,MIN,0.385471,0.614529,MIN,0,MIN,1
20242025,2024020425,2024-12-07,BOS,PHI,0.555208,0.444792,BOS,1,BOS,1
20242025,2024020426,2024-12-07,BUF,UTA,0.513852,0.486148,BUF,0,UTA,0
20242025,2024020427,2024-12-07,CHI,WPG,0.104432,0.895568,WPG,0,WPG,1
20242025,2024020428,2024-12-07,NYI,CAR,0.390343,0.609657,CAR,1,NYI,0
20242025,2024020429,2024-12-07,FLA,SJS,0.745591,0.254409,FLA,1,FLA,1
20242025,2024020430,2024-12-07,MTL,WSH,0.451547,0.548453,WSH,0,WSH,1
20242025,2024020431,2024-12-07,OTT,NSH,0.583104,0.416896,OTT,1,OTT,1
20242025,2024020432,2024-12-07,DET,COL,0.445634,0.554366,COL,0,COL,1
20242025,2024020433,2024-12-07,PIT,TOR,0.379362,0.620638,TOR,1,PIT,0
20242025,2024020434,2024-12-07,LAK,MIN,0.568348,0.431652,LAK,1,LAK,1
20242025,2024020435,2024-12-07,EDM,STL,0.608484,0.391516,EDM,1,EDM,1
20242025,2024020436,2024-12-08,NYR,SEA,0.574137,0.425863,NYR,0,SEA,0
20242025,2024020437,2024-12-08,VAN,TBL,0.517737,0.482263,VAN,0,TBL,0
20242025,2024020438,2024-12-08,OTT,NYI,0.480655,0.519345,NYI,0,NYI,1
20242025,2024020439,2024-12-08,WPG,CBJ,0.58193,0.41807,WPG,0,CBJ,0
20242025,2024020440,2024-12-08,NJD,COL,0.634558,0.365442,NJD,0,COL,0
20242025,2024020441,2024-12-08,PHI,UTA,0.45699,0.54301,UTA,0,UTA,1
20242025,2024020442,2024-12-08,DAL,CGY,0.674159,0.325841,DAL,1,DAL,1
20242025,2024020443,2024-12-09,BUF,DET,0.769987,0.230013,BUF,0,DET,0
20242025,2024020444,2024-12-09,NYR,CHI,0.6604,0.3396,NYR,0,CHI,0
20242025,2024020445,2024-12-09,MTL,ANA,0.522327,0.477673,MTL,1,MTL,1
20242025,2024020446,2024-12-10,NJD,TOR,0.535627,0.464373,NJD,0,TOR,0
20242025,2024020447,2024-12-10,PIT,COL,0.461128,0.538872,COL,0,COL,1
20242025,2024020448,2024-12-10,CAR,SJS,0.743246,0.256754,CAR,1,CAR,1
20242025,2024020449,2024-12-10,CBJ,PHI,0.540305,0.459695,CBJ,0,PHI,0
20242025,2024020450,2024-12-10,NYI,LAK,0.502882,0.497118,NYI,0,LAK,0
20242025,2024020451,2024-12-10,NSH,CGY,0.486296,0.513704,CGY,0,CGY,1
20242025,2024020452,2024-12-10,WPG,BOS,0.638175,0.361825,WPG,1,WPG,1
20242025,2024020453,2024-12-10,EDM,TBL,0.544122,0.455878,EDM,1,EDM,1
20242025,2024020454,2024-12-10,UTA,MIN,0.474968,0.525032,MIN,0,MIN,1
20242025,2024020455,2024-12-10,VAN,STL,0.565636,0.434364,VAN,0,STL,0
20242025,2024020456,2024-12-10,SEA,FLA,0.424564,0.575436,FLA,0,FLA,1
20242025,2024020457,2024-12-11,BUF,NYR,0.409895,0.590105,NYR,0,NYR,1
20242025,2024020458,2024-12-11,OTT,ANA,0.610696,0.389304,OTT,1,OTT,1
20242025,2024020459,2024-12-12,TOR,ANA,0.501823,0.498177,TOR,1,TOR,1
20242025,2024020460,2024-12-12,MTL,PIT,0.225978,0.774022,PIT,0,PIT,1
20242025,2024020461,2024-12-12,NJD,LAK,0.551412,0.448588,NJD,1,NJD,1
20242025,2024020462,2024-12-12,PHI,DET,0.509123,0.490877,PHI,1,PHI,1
20242025,2024020463,2024-12-12,CBJ,WSH,0.382484,0.617516,WSH,0,WSH,1
20242025,2024020464,2024-12-12,NYI,CHI,0.85782,0.14218,NYI,1,NYI,1
20242025,2024020465,2024-12-12,STL,SJS,0.664238,0.335762,STL,0,SJS,0
20242025,2024020466,2024-12-12,DAL,NSH,0.749843,0.250157,DAL,0,NSH,0
20242025,2024020467,2024-12-12,MIN,EDM,0.226731,0.773269,EDM,0,EDM,1
20242025,2024020468,2024-12-12,WPG,VGK,0.60572,0.39428,WPG,0,VGK,0
20242025,2024020469,2024-12-12,COL,UTA,0.591367,0.408633,COL,0,UTA,0
20242025,2024020470,2024-12-12,CGY,TBL,0.463533,0.536467,TBL,0,TBL,1
20242025,2024020471,2024-12-12,VAN,FLA,0.472129,0.527871,FLA,1,VAN,0
20242025,2024020472,2024-12-12,SEA,BOS,0.570642,0.429358,SEA,1,SEA,1
20242025,2024020473,2024-12-13,CAR,OTT,0.685836,0.314164,CAR,0,OTT,0
20242025,2024020474,2024-12-14,NJD,CHI,0.754884,0.245116,NJD,1,NJD,1
20242025,2024020475,2024-12-14,NYR,LAK,0.318287,0.681713,LAK,0,LAK,1
20242025,2024020476,2024-12-14,MIN,PHI,0.593016,0.406984,MIN,1,MIN,1
20242025,2024020477,2024-12-14,EDM,VGK,0.544901,0.455099,EDM,1,EDM,1
20242025,2024020478,2024-12-14,OTT,PIT,0.39548,0.60452,PIT,1,OTT,0
20242025,2024020479,2024-12-14,DET,TOR,0.471087,0.528913,TOR,1,DET,0
20242025,2024020480,2024-12-14,WSH,BUF,0.656292,0.343708,WSH,1,WSH,1
20242025,2024020481,2024-12-14,CBJ,ANA,0.602788,0.397212,CBJ,0,ANA,0
20242025,2024020482,2024-12-14,WPG,MTL,0.740355,0.259645,WPG,1,WPG,1
20242025,2024020483,2024-12-14,DAL,STL,0.640147,0.359853,DAL,1,DAL,1
20242025,2024020484,2024-12-14,COL,NSH,0.645354,0.354646,COL,1,COL,1
20242025,2024020485,2024-12-14,CGY,FLA,0.409302,0.590698,FLA,1,CGY,0
20242025,2024020486,2024-12-14,VAN,BOS,0.602859,0.397141,VAN,0,BOS,0
20242025,2024020487,2024-12-14,SJS,UTA,0.426591,0.573409,UTA,0,UTA,1
20242025,2024020488,2024-12-14,SEA,TBL,0.479961,0.520039,TBL,0,TBL,1
20242025,2024020489,2024-12-15,CHI,NYI,0.270257,0.729743,NYI,1,CHI,0
20242025,2024020490,2024-12-15,TOR,BUF,0.556885,0.443115,TOR,1,TOR,1
20242025,2024020491,2024-12-15,CAR,CBJ,0.748204,0.251796,CAR,1,CAR,1
20242025,2024020492,2024-12-15,STL,NYR,0.431761,0.568239,NYR,1,STL,0
20242025,2024020493,2024-12-15,MIN,VGK,0.480226,0.519774,VGK,0,VGK,1
20242025,2024020494,2024-12-16,DAL,WSH,0.553744,0.446256,DAL,1,DAL,1
20242025,2024020495,2024-12-16,EDM,FLA,0.540818,0.459182,EDM,0,FLA,0
20242025,2024020496,2024-12-16,VAN,COL,0.528737,0.471263,VAN,1,VAN,1
20242025,2024020497,2024-12-17,MTL,BUF,0.746184,0.253816,MTL,1,MTL,1
20242025,2024020498,2024-12-17,TBL,CBJ,0.700792,0.299208,TBL,1,TBL,1
20242025,2024020499,2024-12-17,PIT,LAK,0.493528,0.506472,LAK,1,PIT,0
20242025,2024020500,2024-12-17,CAR,NYI,0.847742,0.152258,CAR,1,CAR,1
20242025,2024020501,2024-12-17,STL,NJD,0.477175,0.522825,NJD,0,NJD,1
20242025,2024020502,2024-12-17,NSH,NYR,0.409976,0.590024,NYR,1,NSH,0
20242025,2024020503,2024-12-17,CHI,WSH,0.380455,0.619545,WSH,1,CHI,0
20242025,2024020504,2024-12-17,CGY,BOS,0.506609,0.493391,CGY,0,BOS,0
20242025,2024020505,2024-12-17,SEA,OTT,0.576625,0.423375,SEA,0,OTT,0
20242025,2024020506,2024-12-17,SJS,WPG,0.272174,0.727826,WPG,0,WPG,1
20242025,2024020507,2024-12-18,DET,PHI,0.542988,0.457012,DET,1,DET,1
20242025,2024020508,2024-12-18,DAL,TOR,0.306763,0.693237,TOR,0,TOR,1
20242025,2024020509,2024-12-18,MIN,FLA,0.48155,0.51845,FLA,0,FLA,1
20242025,2024020510,2024-12-18,UTA,VAN,0.435923,0.564077,VAN,1,UTA,0
20242025,2024020511,2024-12-18,ANA,WPG,0.361926,0.638074,WPG,1,ANA,0
20242025,2024020512,2024-12-19,TBL,STL,0.838044,0.161956,TBL,1,TBL,1
20242025,2024020513,2024-12-19,PHI,LAK,0.350102,0.649898,LAK,0,LAK,1
20242025,2024020514,2024-12-19,CBJ,NJD,0.38416,0.61584,NJD,1,CBJ,0
20242025,2024020515,2024-12-19,NSH,PIT,0.497832,0.502168,PIT,0,PIT,1
20242025,2024020516,2024-12-19,CHI,SEA,0.378103,0.621897,SEA,1,CHI,0
20242025,2024020517,2024-12-19,CGY,OTT,0.561459,0.438541,CGY,0,OTT,0
20242025,2024020518,2024-12-19,EDM,BOS,0.589733,0.410267,EDM,1,EDM,1
20242025,2024020519,2024-12-19,VGK,VAN,0.591037,0.408963,VGK,1,VGK,1
20242025,2024020520,2024-12-19,SJS,COL,0.355532,0.644468,COL,0,COL,1
20242025,2024020521,2024-12-20,BUF,TOR,0.201648,0.798352,TOR,0,TOR,1
20242025,2024020522,2024-12-20,DET,MTL,0.609598,0.390402,DET,0,MTL,0
20242025,2024020523,2024-12-20,FLA,STL,0.713323,0.286677,FLA,1,FLA,1
20242025,2024020524,2024-12-20,WSH,CAR,0.491623,0.508377,CAR,1,WSH,0
20242025,2024020525,2024-12-20,DAL,NYR,0.582688,0.417312,DAL,0,NYR,0
20242025,2024020526,2024-12-20,MIN,UTA,0.568752,0.431248,MIN,0,UTA,0
20242025,2024020527,2024-12-20,ANA,COL,0.440812,0.559188,COL,0,COL,1
20242025,2024020528,2024-12-21,NSH,LAK,0.499977,0.500023,LAK,1,NSH,0
20242025,2024020529,2024-12-21,CGY,CHI,0.63872,0.36128,CGY,1,CGY,1
20242025,2024020530,2024-12-21,EDM,SJS,0.760386,0.239614,EDM,1,EDM,1
20242025,2024020531,2024-12-21,BOS,BUF,0.677752,0.322248,BOS,1,BOS,1
20242025,2024020532,2024-12-21,TOR,NYI,0.449504,0.550496,NYI,0,NYI,1
20242025,2024020533,2024-12-21,MTL,DET,0.41978,0.58022,DET,1,MTL,0
20242025,2024020534,2024-12-21,NJD,PIT,0.562998,0.437002,NJD,1,NJD,1
20242025,2024020535,2024-12-21,PHI,CBJ,0.562173,0.437827,PHI,1,PHI,1
20242025,2024020536,2024-12-21,WPG,MIN,0.706111,0.293889,WPG,1,WPG,1
20242025,2024020537,2024-12-21,VAN,OTT,0.571379,0.428621,VAN,0,OTT,0
20242025,2024020538,2024-12-21,VGK,SEA,0.541688,0.458312,VGK,1,VGK,1
20242025,2024020539,2024-12-22,NYR,CAR,0.495147,0.504853,CAR,0,CAR,1
20242025,2024020540,2024-12-22,TBL,FLA,0.511859,0.488141,TBL,0,FLA,0
20242025,2024020541,2024-12-22,WSH,LAK,0.685519,0.314481,WSH,1,WSH,1
20242025,2024020542,2024-12-22,UTA,ANA,0.630591,0.369409,UTA,0,ANA,0
20242025,2024020543,2024-12-22,COL,SEA,0.66305,0.33695,COL,1,COL,1
20242025,2024020544,2024-12-22,EDM,OTT,0.82375,0.17625,EDM,1,EDM,1
20242025,2024020545,2024-12-23,NJD,NYR,0.598992,0.401008,NJD,1,NJD,1
20242025,2024020546,2024-12-23,TOR,WPG,0.439761,0.560239,WPG,0,WPG,1
20242025,2024020547,2024-12-23,BOS,WSH,0.550362,0.449638,BOS,1,BOS,1
20242025,2024020548,2024-12-23,DET,STL,0.489521,0.510479,STL,0,STL,1
20242025,2024020549,2024-12-23,FLA,TBL,0.509734,0.490266,FLA,0,TBL,0
20242025,2024020550,2024-12-23,PIT,PHI,0.794695,0.205305,PIT,1,PIT,1
20242025,2024020551,2024-12-23,CBJ,MTL,0.545199,0.454801,CBJ,1,CBJ,1
20242025,2024020552,2024-12-23,NYI,BUF,0.58323,0.41677,NYI,0,BUF,0
20242025,2024020553,2024-12-23,NSH,CAR,0.485401,0.514599,CAR,1,NSH,0
20242025,2024020554,2024-12-23,MIN,CHI,0.678403,0.321597,MIN,1,MIN,1
20242025,2024020555,2024-12-23,VAN,SJS,0.753469,0.246531,VAN,1,VAN,1
20242025,2024020556,2024-12-23,UTA,DAL,0.317843,0.682157,DAL,0,DAL,1
20242025,2024020557,2024-12-23,VGK,ANA,0.898328,0.101672,VGK,1,VGK,1
20242025,2024020558,2024-12-27,BUF,CHI,0.85877,0.14123,BUF,1,BUF,1
20242025,2024020559,2024-12-27,DET,TOR,0.204969,0.795031,TOR,0,TOR,1
20242025,2024020560,2024-12-27,NJD,CAR,0.49773,0.50227,CAR,1,NJD,0
20242025,2024020561,2024-12-27,CBJ,BOS,0.431598,0.568402,BOS,1,CBJ,0
20242025,2024020562,2024-12-27,STL,NSH,0.775929,0.224071,STL,1,STL,1
20242025,2024020563,2024-12-27,DAL,MIN,0.617271,0.382729,DAL,0,MIN,0
20242025,2024020564,2024-12-27,UTA,COL,0.440497,0.559503,COL,0,COL,1
20242025,2024020565,2024-12-27,SJS,VGK,0.325995,0.674005,VGK,0,VGK,1
20242025,2024020566,2024-12-28,FLA,MTL,0.667949,0.332051,FLA,0,MTL,0
20242025,2024020567,2024-12-28,VAN,SEA,0.559924,0.440076,VAN,0,SEA,0
20242025,2024020568,2024-12-28,ANA,PHI,0.423246,0.576754,PHI,0,PHI,1
20242025,2024020569,2024-12-28,LAK,EDM,0.452589,0.547411,EDM,1,LAK,0
20242025,2024020570,2024-12-28,BOS,CBJ,0.57558,0.42442,BOS,1,BOS,1
20242025,2024020571,2024-12-28,TOR,WSH,0.390058,0.609942,WSH,0,WSH,1
20242025,2024020572,2024-12-28,TBL,NYR,0.812884,0.187116,TBL,1,TBL,1
20242025,2024020573,2024-12-28,CAR,NJD,0.478248,0.521752,NJD,1,CAR,0
20242025,2024020574,2024-12-28,WPG,OTT,0.650295,0.349705,WPG,1,WPG,1
20242025,2024020575,2024-12-28,NYI,PIT,0.52848,0.47152,NYI,1,NYI,1
20242025,2024020576,2024-12-28,SJS,CGY,0.238861,0.761139,CGY,0,CGY,1
20242025,2024020577,2024-12-29,CHI,DAL,0.287174,0.712826,DAL,0,DAL,1
20242025,2024020578,2024-12-29,ANA,EDM,0.302303,0.697697,EDM,1,ANA,0
20242025,2024020579,2024-12-29,DET,WSH,0.492375,0.507625,WSH,1,DET,0
20242025,2024020580,2024-12-29,TBL,MTL,0.64161,0.35839,TBL,0,MTL,0
20242025,2024020581,2024-12-29,PIT,NYI,0.520152,0.479848,PIT,1,PIT,1
20242025,2024020582,2024-12-29,STL,BUF,0.516821,0.483179,STL,0,BUF,0
20242025,2024020583,2024-12-29,MIN,OTT,0.638644,0.361356,MIN,0,OTT,0
20242025,2024020584,2024-12-29,VGK,CGY,0.660069,0.339931,VGK,1,VGK,1
20242025,2024020585,2024-12-29,LAK,PHI,0.526546,0.473454,LAK,1,LAK,1
20242025,2024020586,2024-12-30,FLA,NYR,0.565796,0.434204,FLA,1,FLA,1
20242025,2024020587,2024-12-30,WPG,NSH,0.680409,0.319591,WPG,1,WPG,1
20242025,2024020588,2024-12-30,SEA,UTA,0.541753,0.458247,SEA,1,SEA,1
20242025,2024020589,2024-12-31,WSH,BOS,0.573612,0.426388,WSH,1,WSH,1
20242025,2024020590,2024-12-31,TOR,NYI,0.587319,0.412681,TOR,1,TOR,1
20242025,2024020591,2024-12-31,VGK,MTL,0.659889,0.340111,VGK,0,MTL,0
20242025,2024020592,2024-12-31,CHI,STL,0.424409,0.575591,STL,0,STL,1
20242025,2024020593,2024-12-31,DET,PIT,0.523737,0.476263,DET,1,DET,1
20242025,2024020594,2024-12-31,CBJ,CAR,0.406832,0.593168,CAR,1,CBJ,0
20242025,2024020595,2024-12-31,DAL,BUF,0.612896,0.387104,DAL,1,DAL,1
20242025,2024020596,2024-12-31,MIN,NSH,0.649681,0.350319,MIN,1,MIN,1
20242025,2024020597,2024-12-31,COL,WPG,0.524282,0.475718,COL,1,COL,1
20242025,2024020598,2024-12-31,ANA,NJD,0.383543,0.616457,NJD,1,ANA,0
20242025,2024020599,2024-12-31,SJS,PHI,0.630482,0.369518,SJS,0,PHI,0
20242025,2024020600,2024-12-31,CGY,VAN,0.484024,0.515976,VAN,1,CGY,0
20242025,2024020601,2024-12-31,EDM,UTA,0.733396,0.266604,EDM,1,EDM,1
20242025,2024020602,2025-01-01,LAK,NJD,0.594628,0.405372,LAK,1,LAK,1
20242025,2024020603,2025-01-02,FLA,CAR,0.542178,0.457822,FLA,0,CAR,0
20242025,2024020604,2025-01-02,NYR,BOS,0.554435,0.445565,NYR,1,NYR,1
20242025,2024020605,2025-01-02,WSH,MIN,0.569462,0.430538,WSH,0,MIN,0
20242025,2024020606,2025-01-02,CBJ,DET,0.467998,0.532002,DET,0,DET,1
20242025,2024020607,2025-01-02,NYI,TOR,0.468592,0.531408,TOR,0,TOR,1
20242025,2024020608,2025-01-02,DAL,OTT,0.649017,0.350983,DAL,1,DAL,1
20242025,2024020609,2025-01-02,WPG,ANA,0.736126,0.263874,WPG,0,ANA,0
20242025,2024020610,2025-01-02,COL,BUF,0.325879,0.674121,BUF,1,COL,0
20242025,2024020611,2025-01-02,CGY,UTA,0.573578,0.426422,CGY,0,UTA,0
20242025,2024020612,2025-01-02,VGK,PHI,0.617545,0.382455,VGK,1,VGK,1
20242025,2024020613,2025-01-02,SEA,VAN,0.766638,0.233362,SEA,0,VAN,0
20242025,2024020614,2025-01-02,SJS,TBL,0.253962,0.746038,TBL,1,SJS,0
20242025,2024020615,2025-01-03,FLA,PIT,0.516477,0.483523,FLA,1,FLA,1
20242025,2024020616,2025-01-03,CHI,MTL,0.477102,0.522898,MTL,1,CHI,0
20242025,2024020617,2025-01-03,STL,OTT,0.604474,0.395526,STL,1,STL,1
20242025,2024020618,2025-01-03,EDM,ANA,0.780183,0.219817,EDM,1,EDM,1
20242025,2024020619,2025-01-03,VAN,NSH,0.444663,0.555337,NSH,0,NSH,1
20242025,2024020620,2025-01-04,WSH,NYR,0.548279,0.451721,WSH,1,WSH,1
20242025,2024020621,2025-01-04,WPG,DET,0.665518,0.334482,WPG,0,DET,0
20242025,2024020622,2025-01-04,SJS,NJD,0.321087,0.678913,NJD,1,SJS,0
20242025,2024020623,2025-01-04,TOR,BOS,0.591879,0.408121,TOR,1,TOR,1
20242025,2024020624,2025-01-04,CAR,MIN,0.594268,0.405732,CAR,0,MIN,0
20242025,2024020625,2025-01-04,CBJ,STL,0.517178,0.482822,CBJ,1,CBJ,1
20242025,2024020626,2025-01-04,COL,MTL,0.746186,0.253814,COL,0,MTL,0
20242025,2024020627,2025-01-04,CGY,NSH,0.632061,0.367939,CGY,0,NSH,0
20242025,2024020628,2025-01-04,DAL,UTA,0.672471,0.327529,DAL,1,DAL,1
20242025,2024020629,2025-01-04,LAK,TBL,0.511618,0.488382,LAK,1,LAK,1
20242025,2024020630,2025-01-04,VGK,BUF,0.608819,0.391181,VGK,1,VGK,1
20242025,2024020631,2025-01-04,SEA,EDM,0.493079,0.506921,EDM,0,EDM,1
20242025,2024020632,2025-01-05,CHI,NYR,0.46156,0.53844,NYR,0,NYR,1
20242025,2024020633,2025-01-05,BOS,NYI,0.439294,0.560706,NYI,0,NYI,1
20242025,2024020634,2025-01-05,CAR,PIT,0.492246,0.507754,PIT,1,CAR,0
20242025,2024020635,2025-01-05,TOR,PHI,0.513906,0.486094,TOR,1,TOR,1
20242025,2024020636,2025-01-05,ANA,TBL,0.413759,0.586241,TBL,1,ANA,0
20242025,2024020637,2025-01-06,BUF,WSH,0.437038,0.562962,WSH,1,BUF,0
20242025,2024020638,2025-01-06,MTL,VAN,0.438663,0.561337,VAN,1,MTL,0
20242025,2024020639,2025-01-06,COL,FLA,0.529772,0.470228,COL,1,COL,1
20242025,2024020640,2025-01-06,SEA,NJD,0.481596,0.518404,NJD,0,NJD,1
20242025,2024020029,2025-01-07,TBL,CAR,0.531327,0.468673,TBL,1,TBL,1
20242025,2024020641,2025-01-07,BOS,EDM,0.706248,0.293752,BOS,0,EDM,0
20242025,2024020642,2025-01-07,DET,OTT,0.26495,0.73505,OTT,1,DET,0
20242025,2024020643,2025-01-07,NYR,DAL,0.454447,0.545553,DAL,0,DAL,1
20242025,2024020644,2025-01-07,PHI,TOR,0.441742,0.558258,TOR,0,TOR,1
20242025,2024020645,2025-01-07,PIT,CBJ,0.57137,0.42863,PIT,0,CBJ,0
20242025,2024020646,2025-01-07,MIN,STL,0.274136,0.725864,STL,1,MIN,0
20242025,2024020647,2025-01-07,WPG,NSH,0.65343,0.34657,WPG,1,WPG,1
20242025,2024020648,2025-01-07,ANA,CGY,0.430969,0.569031,CGY,0,CGY,1
20242025,2024020649,2025-01-07,SJS,VGK,0.294463,0.705537,VGK,0,VGK,1
20242025,2024020650,2025-01-08,WSH,VAN,0.553729,0.446271,WSH,1,WSH,1
20242025,2024020651,2025-01-08,CHI,COL,0.362133,0.637867,COL,1,CHI,0
20242025,2024020652,2025-01-08,UTA,FLA,0.453472,0.546528,FLA,0,FLA,1
20242025,2024020654,2025-01-09,OTT,BUF,0.51564,0.48436,OTT,0,BUF,0
20242025,2024020655,2025-01-09,TBL,BOS,0.617704,0.382296,TBL,1,TBL,1
20242025,2024020656,2025-01-09,NYR,NJD,0.519247,0.480753,NYR,1,NYR,1
20242025,2024020657,2025-01-09,PHI,DAL,0.379555,0.620445,DAL,0,DAL,1
20242025,2024020658,2025-01-09,PIT,EDM,0.405318,0.594682,EDM,1,PIT,0
20242025,2024020659,2025-01-09,CAR,TOR,0.543642,0.456358,CAR,1,CAR,1
20242025,2024020660,2025-01-09,CBJ,SEA,0.493139,0.506861,SEA,1,CBJ,0
20242025,2024020661,2025-01-09,STL,ANA,0.83628,0.16372,STL,1,STL,1
20242025,2024020662,2025-01-09,MIN,COL,0.560588,0.439412,MIN,0,COL,0
20242025,2024020663,2025-01-09,VGK,NYI,0.614115,0.385885,VGK,0,NYI,0
20242025,2024020664,2025-01-10,DET,CHI,0.675991,0.324009,DET,1,DET,1
20242025,2024020665,2025-01-10,WSH,MTL,0.399693,0.600307,MTL,0,MTL,1
20242025,2024020666,2025-01-10,CAR,VAN,0.465675,0.534325,VAN,1,CAR,0
20242025,2024020667,2025-01-10,WPG,LAK,0.564832,0.435168,WPG,0,LAK,0
20242025,2024020668,2025-01-10,UTA,SJS,0.670949,0.329051,UTA,1,UTA,1
20242025,2024020669,2025-01-11,FLA,BOS,0.608134,0.391866,FLA,0,BOS,0
20242025,2024020670,2025-01-11,BUF,SEA,0.583566,0.416434,BUF,0,SEA,0
20242025,2024020671,2025-01-11,PIT,OTT,0.275714,0.724286,OTT,0,OTT,1
20242025,2024020672,2025-01-11,TOR,VAN,0.642519,0.357481,TOR,0,VAN,0
20242025,2024020673,2025-01-11,MTL,DAL,0.255537,0.744463,DAL,0,DAL,1
20242025,2024020674,2025-01-11,NJD,TBL,0.496054,0.503946,TBL,1,NJD,0
20242025,2024020675,2025-01-11,PHI,ANA,0.606981,0.393019,PHI,1,PHI,1
20242025,2024020676,2025-01-11,CHI,EDM,0.212917,0.787083,EDM,0,EDM,1
20242025,2024020677,2025-01-11,STL,CBJ,0.619214,0.380786,STL,0,CBJ,0
20242025,2024020678,2025-01-11,WPG,COL,0.457169,0.542831,COL,1,WPG,0
20242025,2024020679,2025-01-11,NSH,WSH,0.497119,0.502881,WSH,0,WSH,1
20242025,2024020680,2025-01-11,UTA,NYI,0.415044,0.584956,NYI,0,NYI,1
20242025,2024020681,2025-01-11,CGY,LAK,0.504391,0.495609,CGY,1,CGY,1
20242025,2024020682,2025-01-11,VGK,NYR,0.572802,0.427198,VGK,0,NYR,0
20242025,2024020683,2025-01-11,SJS,MIN,0.247328,0.752672,MIN,0,MIN,1
20242025,2024020684,2025-01-12,DET,SEA,0.849281,0.150719,DET,1,DET,1
20242025,2024020685,2025-01-12,OTT,DAL,0.344575,0.655425,DAL,1,OTT,0
20242025,2024020686,2025-01-12,PIT,TBL,0.393607,0.606393,TBL,0,TBL,1
20242025,2024020687,2025-01-12,CAR,ANA,0.787901,0.212099,CAR,0,ANA,0
20242025,2024020688,2025-01-12,VGK,MIN,0.533927,0.466073,VGK,1,VGK,1
20242025,2024020689,2025-01-13,PHI,FLA,0.417656,0.582344,FLA,1,PHI,0
20242025,2024020690,2025-01-13,CHI,CGY,0.413585,0.586415,CGY,0,CGY,1
20242025,2024020691,2025-01-13,EDM,LAK,0.573221,0.426779,EDM,1,EDM,1
20242025,2024020692,2025-01-14,BOS,TBL,0.442841,0.557159,TBL,1,BOS,0
20242025,2024020693,2025-01-14,TOR,DAL,0.480316,0.519684,DAL,0,DAL,1
20242025,2024020694,2025-01-14,DET,SJS,0.707696,0.292304,DET,0,SJS,0
20242025,2024020695,2025-01-14,NJD,FLA,0.578909,0.421091,NJD,0,FLA,0
20242025,2024020696,2025-01-14,PIT,SEA,0.545383,0.454617,PIT,0,SEA,0
20242025,2024020697,2025-01-14,WSH,ANA,0.707288,0.292712,WSH,1,WSH,1
20242025,2024020698,2025-01-14,CBJ,PHI,0.600587,0.399413,CBJ,1,CBJ,1
20242025,2024020699,2025-01-14,NYI,OTT,0.541856,0.458144,NYI,0,OTT,0
20242025,2024020700,2025-01-14,STL,CGY,0.623258,0.376742,STL,1,STL,1
20242025,2024020701,2025-01-14,NSH,VGK,0.424973,0.575027,VGK,1,NSH,0
20242025,2024020702,2025-01-14,WPG,VAN,0.59303,0.40697,WPG,1,WPG,1
20242025,2024020703,2025-01-14,COL,NYR,0.518061,0.481939,COL,1,COL,1
20242025,2024020704,2025-01-14,UTA,MTL,0.543861,0.456139,UTA,0,MTL,0
20242025,2024020705,2025-01-15,BUF,CAR,0.444902,0.555098,CAR,1,BUF,0
20242025,2024020706,2025-01-15,MIN,EDM,0.454754,0.545246,EDM,0,EDM,1
20242025,2024020707,2025-01-16,TOR,NJD,0.542663,0.457337,TOR,1,TOR,1
20242025,2024020708,2025-01-16,OTT,WSH,0.418115,0.581885,WSH,0,WSH,1
20242025,2024020709,2025-01-16,TBL,ANA,0.700268,0.299732,TBL,1,TBL,1
20242025,2024020710,2025-01-16,FLA,DET,0.314702,0.685298,DET,0,DET,1
20242025,2024020711,2025-01-16,CBJ,SJS,0.642078,0.357922,CBJ,1,CBJ,1
20242025,2024020712,2025-01-16,NYI,PHI,0.579584,0.420416,NYI,0,PHI,0
20242025,2024020713,2025-01-16,STL,CGY,0.580864,0.419136,STL,1,STL,1
20242025,2024020714,2025-01-16,NSH,CHI,0.675305,0.324695,NSH,1,NSH,1
20242025,2024020715,2025-01-16,DAL,MTL,0.680946,0.319054,DAL,0,MTL,0
20242025,2024020716,2025-01-16,WPG,SEA,0.685064,0.314936,WPG,1,WPG,1
20242025,2024020717,2025-01-16,UTA,NYR,0.409294,0.590706,NYR,0,NYR,1
20242025,2024020718,2025-01-16,COL,EDM,0.549076,0.450924,COL,0,EDM,0
20242025,2024020719,2025-01-16,VAN,LAK,0.527751,0.472249,VAN,0,LAK,0
20242025,2024020720,2025-01-17,BUF,PIT,0.541274,0.458726,BUF,0,PIT,0
20242025,2024020721,2025-01-17,CAR,VGK,0.545881,0.454119,CAR,1,CAR,1
20242025,2024020722,2025-01-18,NJD,PHI,0.601807,0.398193,NJD,0,PHI,0
20242025,2024020723,2025-01-18,OTT,BOS,0.465727,0.534273,BOS,1,OTT,0
20242025,2024020724,2025-01-18,COL,DAL,0.491082,0.508918,DAL,1,COL,0
20242025,2024020725,2025-01-18,FLA,ANA,0.680509,0.319491,FLA,1,FLA,1
20242025,2024020726,2025-01-18,MTL,TOR,0.438314,0.561686,TOR,0,TOR,1
20242025,2024020727,2025-01-18,TBL,DET,0.831285,0.168715,TBL,1,TBL,1
20242025,2024020728,2025-01-18,NYR,CBJ,0.623338,0.376662,NYR,1,NYR,1
20242025,2024020729,2025-01-18,WSH,PIT,0.687412,0.312588,WSH,1,WSH,1
20242025,2024020730,2025-01-18,WPG,CGY,0.688474,0.311526,WPG,0,CGY,0
20242025,2024020731,2025-01-18,NYI,SJS,0.686352,0.313648,NYI,1,NYI,1
20242025,2024020732,2025-01-18,CHI,VGK,0.405551,0.594449,VGK,1,CHI,0
20242025,2024020733,2025-01-18,NSH,MIN,0.522443,0.477557,NSH,1,NSH,1
20242025,2024020734,2025-01-18,UTA,STL,0.461591,0.538409,STL,1,UTA,0
20242025,2024020735,2025-01-18,VAN,EDM,0.46523,0.53477,EDM,1,VAN,0
20242025,2024020736,2025-01-18,SEA,LAK,0.453986,0.546014,LAK,1,SEA,0
20242025,2024020737,2025-01-19,NJD,OTT,0.503628,0.496372,NJD,0,OTT,0
20242025,2024020738,2025-01-19,MTL,NYR,0.345129,0.654871,NYR,1,MTL,0
20242025,2024020739,2025-01-19,DAL,DET,0.590883,0.409117,DAL,1,DAL,1
20242025,2024020740,2025-01-20,BOS,SJS,0.703774,0.296226,BOS,1,BOS,1
20242025,2024020741,2025-01-20,COL,MIN,0.573704,0.426296,COL,0,MIN,0
20242025,2024020742,2025-01-20,SEA,BUF,0.508024,0.491976,SEA,1,SEA,1
20242025,2024020743,2025-01-20,VGK,STL,0.56867,0.43133,VGK,0,STL,0
20242025,2024020744,2025-01-20,TOR,TBL,0.495738,0.504262,TBL,1,TOR,0
20242025,2024020745,2025-01-20,NYI,CBJ,0.58933,0.41067,NYI,1,NYI,1
20242025,2024020746,2025-01-20,CHI,CAR,0.308954,0.691046,CAR,0,CAR,1
20242025,2024020747,2025-01-20,UTA,WPG,0.366936,0.633064,WPG,1,UTA,0
20242025,2024020748,2025-01-20,LAK,PIT,0.595543,0.404457,LAK,0,PIT,0
20242025,2024020749,2025-01-21,MTL,TBL,0.479859,0.520141,TBL,1,MTL,0
20242025,2024020750,2025-01-21,NYR,OTT,0.828269,0.171731,NYR,1,NYR,1
20242025,2024020751,2025-01-21,PHI,DET,0.519508,0.480492,PHI,1,PHI,1
20242025,2024020752,2025-01-21,NSH,SJS,0.516104,0.483896,NSH,1,NSH,1
20242025,2024020753,2025-01-21,DAL,CAR,0.607374,0.392626,DAL,0,CAR,0
20242025,2024020754,2025-01-21,EDM,WSH,0.519929,0.480071,EDM,0,WSH,0
20242025,2024020755,2025-01-21,VAN,BUF,0.668313,0.331687,VAN,0,BUF,0
20242025,2024020756,2025-01-21,ANA,FLA,0.346883,0.653117,FLA,0,FLA,1
20242025,2024020757,2025-01-22,TOR,CBJ,0.626876,0.373124,TOR,0,CBJ,0
20242025,2024020758,2025-01-22,NJD,BOS,0.539915,0.460085,NJD,1,NJD,1
20242025,2024020759,2025-01-22,COL,WPG,0.45263,0.54737,WPG,0,WPG,1
20242025,2024020760,2025-01-22,LAK,FLA,0.556845,0.443155,LAK,1,LAK,1
20242025,2024020761,2025-01-23,BOS,OTT,0.446206,0.553794,OTT,1,BOS,0
20242025,2024020762,2025-01-23,DET,MTL,0.547973,0.452027,DET,1,DET,1
20242025,2024020763,2025-01-23,NYR,PHI,0.619012,0.380988,NYR,1,NYR,1
20242025,2024020764,2025-01-23,CAR,CBJ,0.741565,0.258435,CAR,1,CAR,1
20242025,2024020765,2025-01-23,STL,VGK,0.502149,0.497851,STL,0,VGK,0
20242025,2024020766,2025-01-23,MIN,UTA,0.585728,0.414272,MIN,0,UTA,0
20242025,2024020767,2025-01-23,CGY,BUF,0.538503,0.461497,CGY,1,CGY,1
20242025,2024020768,2025-01-23,EDM,VAN,0.584994,0.415006,EDM,1,EDM,1
20242025,2024020769,2025-01-23,ANA,PIT,0.431607,0.568393,PIT,1,ANA,0
20242025,2024020770,2025-01-23,SEA,WSH,0.42449,0.57551,WSH,0,WSH,1
20242025,2024020771,2025-01-23,SJS,NSH,0.340043,0.659957,NSH,0,NSH,1
20242025,2024020772,2025-01-24,NYI,PHI,0.644998,0.355002,NYI,1,NYI,1
20242025,2024020773,2025-01-24,CHI,TBL,0.309167,0.690833,TBL,0,TBL,1
20242025,2024020774,2025-01-24,DAL,VGK,0.630811,0.369189,DAL,1,DAL,1
20242025,2024020775,2025-01-24,WPG,UTA,0.73795,0.26205,WPG,1,WPG,1
20242025,2024020776,2025-01-25,BOS,COL,0.471169,0.528831,COL,1,BOS,0
20242025,2024020777,2025-01-25,EDM,BUF,0.641125,0.358875,EDM,1,EDM,1
20242025,2024020778,2025-01-25,SEA,PIT,0.537431,0.462569,SEA,1,SEA,1
20242025,2024020779,2025-01-25,MTL,NJD,0.431288,0.568712,NJD,0,NJD,1
20242025,2024020780,2025-01-25,OTT,TOR,0.439396,0.560604,TOR,1,OTT,0
20242025,2024020781,2025-01-25,DET,TBL,0.522656,0.477344,DET,1,DET,1
20242025,2024020782,2025-01-25,CBJ,LAK,0.463537,0.536463,LAK,1,CBJ,0
20242025,2024020783,2025-01-25,STL,DAL,0.52085,0.47915,STL,0,DAL,0
20242025,2024020784,2025-01-25,MIN,CGY,0.563406,0.436594,MIN,0,CGY,0
20242025,2024020785,2025-01-25,NYI,CAR,0.135249,0.864751,CAR,1,NYI,0
20242025,2024020786,2025-01-25,VAN,WSH,0.479659,0.520341,WSH,1,VAN,0
20242025,2024020787,2025-01-25,ANA,NSH,0.168255,0.831745,NSH,1,ANA,0
20242025,2024020788,2025-01-25,SJS,FLA,0.100492,0.899508,FLA,0,FLA,1
20242025,2024020789,2025-01-26,NYR,COL,0.597486,0.402514,NYR,0,COL,0
20242025,2024020790,2025-01-26,OTT,UTA,0.395522,0.604478,UTA,1,OTT,0
20242025,2024020791,2025-01-26,WPG,CGY,0.732133,0.267867,WPG,1,WPG,1
20242025,2024020792,2025-01-26,CHI,MIN,0.418685,0.581315,MIN,0,MIN,1
20242025,2024020793,2025-01-26,VGK,FLA,0.622121,0.377879,VGK,1,VGK,1
20242025,2024020794,2025-01-27,DET,LAK,0.523422,0.476578,DET,1,DET,1
20242025,2024020795,2025-01-27,PHI,NJD,0.479433,0.520567,NJD,1,PHI,0
20242025,2024020796,2025-01-27,STL,VAN,0.255972,0.744028,VAN,0,VAN,1
20242025,2024020797,2025-01-27,EDM,SEA,0.643984,0.356016,EDM,1,EDM,1
20242025,2024020798,2025-01-27,SJS,PIT,0.380484,0.619516,PIT,1,SJS,0
20242025,2024020799,2025-01-28,BUF,BOS,0.502131,0.497869,BUF,1,BUF,1
20242025,2024020800,2025-01-28,MTL,WPG,0.350655,0.649345,WPG,0,WPG,1
20242025,2024020801,2025-01-28,TBL,CHI,0.744317,0.255683,TBL,0,CHI,0
20242025,2024020802,2025-01-28,NYR,CAR,0.487177,0.512823,CAR,0,CAR,1
20242025,2024020803,2025-01-28,NYI,COL,0.443021,0.556979,COL,1,NYI,0
20242025,2024020804,2025-01-28,CGY,WSH,0.451309,0.548691,WSH,0,WSH,1
20242025,2024020805,2025-01-28,VGK,DAL,0.485978,0.514022,DAL,0,DAL,1
20242025,2024020806,2025-01-28,SEA,ANA,0.523866,0.476134,SEA,0,ANA,0
20242025,2024020807,2025-01-29,TOR,MIN,0.573538,0.426462,TOR,0,MIN,0
20242025,2024020808,2025-01-29,FLA,LAK,0.591133,0.408867,FLA,1,FLA,1
20242025,2024020809,2025-01-29,NJD,PHI,0.814955,0.185045,NJD,1,NJD,1
20242025,2024020810,2025-01-29,NSH,VAN,0.496801,0.503199,VAN,0,VAN,1
20242025,2024020811,2025-01-29,UTA,PIT,0.547528,0.452472,UTA,0,PIT,0
20242025,2024020812,2025-01-30,BOS,WPG,0.391695,0.608305,WPG,0,WPG,1
20242025,2024020813,2025-01-30,MTL,MIN,0.541826,0.458174,MTL,0,MIN,0
20242025,2024020814,2025-01-30,OTT,WSH,0.461654,0.538346,WSH,1,OTT,0
20242025,2024020815,2025-01-30,TBL,LAK,0.644214,0.355786,TBL,1,TBL,1
20242025,2024020816,2025-01-30,PHI,NYI,0.362629,0.637371,NYI,0,NYI,1
20242025,2024020817,2025-01-30,CAR,CHI,0.740877,0.259123,CAR,1,CAR,1
20242025,2024020818,2025-01-30,CGY,ANA,0.586532,0.413468,CGY,1,CGY,1
20242025,2024020819,2025-01-30,EDM,DET,0.646189,0.353811,EDM,0,DET,0
20242025,2024020820,2025-01-30,VGK,CBJ,0.657083,0.342917,VGK,0,CBJ,0
20242025,2024020821,2025-01-30,SEA,SJS,0.861922,0.138078,SEA,1,SEA,1
20242025,2024020822,2025-01-31,BUF,NSH,0.547169,0.452831,BUF,1,BUF,1
20242025,2024020823,2025-01-31,DAL,VAN,0.591384,0.408616,DAL,1,DAL,1
20242025,2024020824,2025-01-31,COL,STL,0.597293,0.402707,COL,1,COL,1
20242025,2024020825,2025-01-31,UTA,CBJ,0.610168,0.389832,UTA,0,CBJ,0
20242025,2024020826,2025-02-01,FLA,CHI,0.742027,0.257973,FLA,1,FLA,1
20242025,2024020827,2025-02-01,BOS,NYR,0.485135,0.514865,NYR,1,BOS,0
20242025,2024020828,2025-02-01,OTT,MIN,0.494132,0.505868,MIN,1,OTT,0
20242025,2024020829,2025-02-01,TBL,NYI,0.594612,0.405388,TBL,0,NYI,0
20242025,2024020830,2025-02-01,PIT,NSH,0.555099,0.444901,PIT,1,PIT,1
20242025,2024020831,2025-02-01,WSH,WPG,0.412984,0.587016,WPG,0,WPG,1
20242025,2024020832,2025-02-01,CAR,LAK,0.609482,0.390518,CAR,0,LAK,0
20242025,2024020833,2025-02-01,EDM,TOR,0.559071,0.440929,EDM,0,TOR,0
20242025,2024020834,2025-02-01,CGY,DET,0.505498,0.494502,CGY,0,DET,0
20242025,2024020835,2025-02-02,BUF,NJD,0.761903,0.238097,BUF,1,BUF,1
20242025,2024020836,2025-02-02,COL,PHI,0.652785,0.347215,COL,1,COL,1
20242025,2024020837,2025-02-02,ANA,MTL,0.465167,0.534833,MTL,1,ANA,0
20242025,2024020838,2025-02-02,FLA,NYI,0.59472,0.40528,FLA,1,FLA,1
20242025,2024020839,2025-02-02,NYR,VGK,0.399003,0.600997,VGK,1,NYR,0
20242025,2024020840,2025-02-02,DAL,CBJ,0.685399,0.314601,DAL,1,DAL,1
20242025,2024020841,2025-02-02,UTA,STL,0.475317,0.524683,STL,0,STL,1
20242025,2024020842,2025-02-02,VAN,DET,0.600025,0.399975,VAN,0,DET,0
20242025,2024020843,2025-02-02,SEA,CGY,0.617714,0.382286,SEA,0,CGY,0
20242025,2024020844,2025-02-03,NSH,OTT,0.55149,0.44851,NSH,0,OTT,0
20242025,2024020845,2025-02-04,BOS,MIN,0.549628,0.450372,BOS,1,BOS,1
20242025,2024020846,2025-02-04,BUF,CBJ,0.594948,0.405052,BUF,1,BUF,1
20242025,2024020847,2025-02-04,TBL,OTT,0.679738,0.320262,TBL,1,TBL,1
20242025,2024020848,2025-02-04,PIT,NJD,0.482057,0.517943,NJD,0,NJD,1
20242025,2024020849,2025-02-04,WSH,FLA,0.468904,0.531096,FLA,1,WSH,0
20242025,2024020850,2025-02-04,NYI,VGK,0.441312,0.558688,VGK,1,NYI,0
20242025,2024020851,2025-02-04,STL,EDM,0.442658,0.557342,EDM,0,EDM,1
20242025,2024020852,2025-02-04,WPG,CAR,0.587335,0.412665,WPG,1,WPG,1
20242025,2024020853,2025-02-04,CGY,TOR,0.442992,0.557008,TOR,0,TOR,1
20242025,2024020854,2025-02-04,UTA,PHI,0.567242,0.432758,UTA,1,UTA,1
20242025,2024020855,2025-02-04,VAN,COL,0.486103,0.513897,COL,1,VAN,0
20242025,2024020856,2025-02-04,ANA,DAL,0.316862,0.683138,DAL,1,ANA,0
20242025,2024020857,2025-02-04,SEA,DET,0.488809,0.511191,DET,0,DET,1
20242025,2024020858,2025-02-04,SJS,MTL,0.427534,0.572466,MTL,0,MTL,1
20242025,2024020859,2025-02-05,NYR,BOS,0.652174,0.347826,NYR,1,NYR,1
20242025,2024020860,2025-02-05,CHI,EDM,0.363716,0.636284,EDM,0,EDM,1
20242025,2024020861,2025-02-05,LAK,MTL,0.68454,0.31546,LAK,1,LAK,1
20242025,2024020862,2025-02-06,TBL,OTT,0.623157,0.376843,TBL,1,TBL,1
20242025,2024020863,2025-02-06,NJD,VGK,0.490164,0.509836,VGK,0,VGK,1
20242025,2024020864,2025-02-06,PHI,WSH,0.397632,0.602368,WSH,0,WSH,1
20242025,2024020865,2025-02-06,CBJ,UTA,0.51088,0.48912,CBJ,0,UTA,0
20242025,2024020866,2025-02-06,STL,FLA,0.442354,0.557646,FLA,0,FLA,1
20242025,2024020867,2025-02-06,MIN,CAR,0.448862,0.551138,CAR,1,MIN,0
20242025,2024020868,2025-02-06,CGY,COL,0.470989,0.529011,COL,0,COL,1
20242025,2024020869,2025-02-06,SEA,TOR,0.42602,0.57398,TOR,0,TOR,1
20242025,2024020870,2025-02-06,SJS,VAN,0.323576,0.676424,VAN,0,VAN,1
20242025,2024020871,2025-02-07,NYR,PIT,0.659652,0.340348,NYR,0,PIT,0
20242025,2024020872,2025-02-07,WPG,NYI,0.697626,0.302374,WPG,1,WPG,1
20242025,2024020873,2025-02-07,CHI,NSH,0.356488,0.643512,NSH,1,CHI,0
20242025,2024020874,2025-02-07,EDM,COL,0.384611,0.615389,COL,0,COL,1
20242025,2024020875,2025-02-07,LAK,DAL,0.446193,0.553807,DAL,1,LAK,0
20242025,2024020876,2025-02-08,MTL,NJD,0.437624,0.562376,NJD,0,NJD,1
20242025,2024020877,2025-02-08,DET,TBL,0.473111,0.526889,TBL,0,TBL,1
20242025,2024020878,2025-02-08,CAR,UTA,0.631536,0.368464,CAR,1,CAR,1
20242025,2024020879,2025-02-08,BOS,VGK,0.480507,0.519493,VGK,0,VGK,1
20242025,2024020880,2025-02-08,FLA,OTT,0.656887,0.343113,FLA,1,FLA,1
20242025,2024020881,2025-02-08,PHI,PIT,0.562684,0.437316,PHI,1,PHI,1
20242025,2024020882,2025-02-08,CBJ,NYR,0.462898,0.537102,NYR,0,NYR,1
20242025,2024020883,2025-02-08,STL,CHI,0.716809,0.283191,STL,1,STL,1
20242025,2024020884,2025-02-08,VAN,TOR,0.221836,0.778164,TOR,1,VAN,0
20242025,2024020885,2025-02-08,NSH,BUF,0.364922,0.635078,BUF,1,NSH,0
20242025,2024020886,2025-02-08,MIN,NYI,0.627563,0.372437,MIN,1,MIN,1
20242025,2024020887,2025-02-08,CGY,SEA,0.519791,0.480209,CGY,0,SEA,0
20242025,2024020888,2025-02-08,LAK,ANA,0.532091,0.467909,LAK,0,ANA,0
20242025,2024020889,2025-02-08,SJS,DAL,0.349158,0.650842,DAL,0,DAL,1
20242025,2024020890,2025-02-09,WSH,UTA,0.88712,0.11288,WSH,0,UTA,0
20242025,2024020891,2025-02-09,MTL,TBL,0.144047,0.855953,TBL,0,TBL,1
20242025,2024020892,2025-02-22,PHI,EDM,0.362336,0.637664,EDM,1,PHI,0
20242025,2024020893,2025-02-22,PIT,WSH,0.171927,0.828073,WSH,0,WSH,1
20242025,2024020894,2025-02-22,DET,MIN,0.522389,0.477611,DET,0,MIN,0
20242025,2024020895,2025-02-22,BUF,NYR,0.718562,0.281438,BUF,1,BUF,1
20242025,2024020896,2025-02-22,FLA,SEA,0.61624,0.38376,FLA,0,SEA,0
20242025,2024020897,2025-02-22,NJD,DAL,0.443772,0.556228,DAL,0,DAL,1
20242025,2024020898,2025-02-22,NSH,COL,0.432118,0.567882,COL,1,NSH,0
20242025,2024020899,2025-02-22,BOS,ANA,0.83721,0.16279,BOS,0,ANA,0
20242025,2024020900,2025-02-22,TOR,CAR,0.496279,0.503721,CAR,1,TOR,0
20242025,2024020901,2025-02-22,OTT,MTL,0.302064,0.697936,MTL,0,MTL,1
20242025,2024020902,2025-02-22,CBJ,CHI,0.647211,0.352789,CBJ,1,CBJ,1
20242025,2024020903,2025-02-22,STL,WPG,0.382414,0.617586,WPG,0,WPG,1
20242025,2024020904,2025-02-22,LAK,UTA,0.581645,0.418355,LAK,1,LAK,1
20242025,2024020905,2025-02-22,VGK,VAN,0.543489,0.456511,VGK,1,VGK,1
20242025,2024020906,2025-02-23,WSH,EDM,0.496828,0.503172,EDM,1,WSH,0
20242025,2024020907,2025-02-23,PIT,NYR,0.373567,0.626433,NYR,0,NYR,1
20242025,2024020908,2025-02-23,DET,ANA,0.600627,0.399373,DET,1,DET,1
20242025,2024020909,2025-02-23,TBL,SEA,0.694718,0.305282,TBL,1,TBL,1
20242025,2024020910,2025-02-23,STL,COL,0.427787,0.572213,COL,1,STL,0
20242025,2024020911,2025-02-23,NSH,NJD,0.492091,0.507909,NJD,0,NJD,1
20242025,2024020912,2025-02-23,CHI,TOR,0.29274,0.70726,TOR,0,TOR,1
20242025,2024020913,2025-02-23,NYI,DAL,0.468851,0.531149,DAL,0,DAL,1
20242025,2024020914,2025-02-23,CGY,SJS,0.700513,0.299487,CGY,1,CGY,1
20242025,2024020915,2025-02-23,UTA,VAN,0.464431,0.535569,VAN,1,UTA,0
20242025,2024020916,2025-02-24,WPG,SJS,0.876155,0.123845,WPG,1,WPG,1
20242025,2024020917,2025-02-24,LAK,VGK,0.51059,0.48941,LAK,1,LAK,1
20242025,2024020918,2025-02-25,BOS,TOR,0.483775,0.516225,TOR,0,TOR,1
20242025,2024020919,2025-02-25,BUF,ANA,0.642558,0.357442,BUF,1,BUF,1
20242025,2024020920,2025-02-25,MTL,CAR,0.379888,0.620112,CAR,1,MTL,0
20242025,2024020921,2025-02-25,TBL,EDM,0.510595,0.489405,TBL,1,TBL,1
20242025,2024020922,2025-02-25,PHI,PIT,0.534547,0.465453,PHI,1,PHI,1
20242025,2024020923,2025-02-25,WSH,CGY,0.655256,0.344744,WSH,0,CGY,0
20242025,2024020924,2025-02-25,CBJ,DAL,0.3708,0.6292,DAL,1,CBJ,0
20242025,2024020925,2025-02-25,NYI,NYR,0.196951,0.803049,NYR,0,NYR,1
20242025,2024020926,2025-02-25,STL,SEA,0.785394,0.214606,STL,1,STL,1
20242025,2024020927,2025-02-25,NSH,FLA,0.447999,0.552001,FLA,0,FLA,1
20242025,2024020928,2025-02-25,MIN,DET,0.520798,0.479202,MIN,0,DET,0
20242025,2024020929,2025-02-25,UTA,CHI,0.655372,0.344628,UTA,1,UTA,1
20242025,2024020930,2025-02-26,OTT,WPG,0.359307,0.640693,WPG,0,WPG,1
20242025,2024020931,2025-02-26,COL,NJD,0.814402,0.185598,COL,1,COL,1
20242025,2024020932,2025-02-26,LAK,VAN,0.549723,0.450277,LAK,0,VAN,0
20242025,2024020933,2025-02-27,BOS,NYI,0.513785,0.486215,BOS,0,NYI,0
20242025,2024020934,2025-02-27,MTL,SJS,0.628459,0.371541,MTL,1,MTL,1
20242025,2024020935,2025-02-27,DET,CBJ,0.592349,0.407651,DET,0,CBJ,0
20242025,2024020936,2025-02-27,TBL,CGY,0.635009,0.364991,TBL,1,TBL,1
20242025,2024020937,2025-02-27,FLA,EDM,0.521721,0.478279,FLA,1,FLA,1
20242025,2024020938,2025-02-27,PIT,PHI,0.266415,0.733585,PHI,1,PIT,0
20242025,2024020939,2025-02-27,WSH,STL,0.623076,0.376924,WSH,0,STL,0
20242025,2024020940,2025-02-27,CAR,BUF,0.822849,0.177151,CAR,1,CAR,1
20242025,2024020941,2025-02-27,NSH,WPG,0.42534,0.57466,WPG,1,NSH,0
20242025,2024020942,2025-02-27,UTA,MIN,0.508964,0.491036,UTA,1,UTA,1
20242025,2024020943,2025-02-27,VGK,CHI,0.883846,0.116154,VGK,1,VGK,1
20242025,2024020944,2025-02-27,ANA,VAN,0.481028,0.518972,VAN,1,ANA,0
20242025,2024020945,2025-02-28,NYR,TOR,0.523644,0.476356,NYR,0,TOR,0
20242025,2024020946,2025-02-28,DAL,LAK,0.639382,0.360618,DAL,1,DAL,1
20242025,2024020947,2025-02-28,COL,MIN,0.682634,0.317366,COL,1,COL,1
20242025,2024020948,2025-03-01,CBJ,DET,0.479858,0.520142,DET,1,CBJ,0
20242025,2024020949,2025-03-01,NYI,NSH,0.576413,0.423587,NYI,1,NYI,1
20242025,2024020950,2025-03-01,WSH,TBL,0.54489,0.45511,WSH,0,TBL,0
20242025,2024020951,2025-03-01,FLA,CGY,0.646025,0.353975,FLA,1,FLA,1
20242025,2024020952,2025-03-01,PIT,BOS,0.510496,0.489504,PIT,0,BOS,0
20242025,2024020953,2025-03-01,BUF,MTL,0.606678,0.393322,BUF,0,MTL,0
20242025,2024020954,2025-03-01,OTT,SJS,0.720097,0.279903,OTT,1,OTT,1
20242025,2024020955,2025-03-01,CAR,EDM,0.545998,0.454002,CAR,0,EDM,0
20242025,2024020956,2025-03-01,WPG,PHI,0.721592,0.278408,WPG,0,PHI,0
20242025,2024020957,2025-03-01,STL,LAK,0.576946,0.423054,STL,1,STL,1
20242025,2024020958,2025-03-01,UTA,NJD,0.50366,0.49634,UTA,0,NJD,0
20242025,2024020959,2025-03-01,ANA,CHI,0.614436,0.385564,ANA,0,CHI,0
20242025,2024020960,2025-03-01,SEA,VAN,0.509404,0.490596,SEA,1,SEA,1
20242025,2024020961,2025-03-02,PIT,TOR,0.329515,0.670485,TOR,0,TOR,1
20242025,2024020962,2025-03-02,MIN,BOS,0.607545,0.392455,MIN,1,MIN,1
20242025,2024020963,2025-03-02,CAR,CGY,0.604831,0.395169,CAR,1,CAR,1
20242025,2024020964,2025-03-02,DAL,STL,0.886493,0.113507,DAL,1,DAL,1
20242025,2024020965,2025-03-02,NYR,NSH,0.681337,0.318663,NYR,1,NYR,1
20242025,2024020966,2025-03-02,VGK,NJD,0.586787,0.413213,VGK,1,VGK,1
20242025,2024020967,2025-03-03,WSH,OTT,0.608651,0.391349,WSH,1,WSH,1
20242025,2024020968,2025-03-03,MTL,BUF,0.460129,0.539871,BUF,1,MTL,0
20242025,2024020969,2025-03-03,FLA,TBL,0.523024,0.476976,FLA,1,FLA,1
20242025,2024020970,2025-03-03,NYR,NYI,0.427383,0.572617,NYI,1,NYR,0
20242025,2024020971,2025-03-03,TOR,SJS,0.676487,0.323513,TOR,0,SJS,0
20242025,2024020972,2025-03-03,CHI,LAK,0.340812,0.659188,LAK,1,CHI,0
20242025,2024020973,2025-03-04,BOS,NSH,0.582885,0.417115,BOS,0,NSH,0
20242025,2024020974,2025-03-04,BUF,SJS,0.6737,0.3263,BUF,0,SJS,0
20242025,2024020975,2025-03-04,DET,CAR,0.472007,0.527993,CAR,0,CAR,1
20242025,2024020976,2025-03-04,TBL,CBJ,0.551815,0.448185,TBL,1,TBL,1
20242025,2024020977,2025-03-04,PHI,CGY,0.268747,0.731253,CGY,0,CGY,1
20242025,2024020978,2025-03-04,NYI,WPG,0.303335,0.696665,WPG,1,NYI,0
20242025,2024020979,2025-03-04,DAL,NJD,0.643201,0.356799,DAL,1,DAL,1
20242025,2024020980,2025-03-04,COL,PIT,0.644088,0.355912,COL,1,COL,1
20242025,2024020981,2025-03-04,EDM,ANA,0.412045,0.587955,ANA,0,ANA,1
20242025,2024020982,2025-03-04,SEA,MIN,0.499407,0.500593,MIN,0,MIN,1
20242025,2024020983,2025-03-05,NYR,WSH,0.448357,0.551643,WSH,0,WSH,1
20242025,2024020984,2025-03-05,CHI,OTT,0.367863,0.632137,OTT,0,OTT,1
20242025,2024020985,2025-03-05,VGK,TOR,0.760781,0.239219,VGK,1,VGK,1
20242025,2024020986,2025-03-05,VAN,ANA,0.859715,0.140285,VAN,1,VAN,1
20242025,2024020987,2025-03-05,LAK,STL,0.542857,0.457143,LAK,0,STL,0
20242025,2024020988,2025-03-06,DET,UTA,0.573441,0.426559,DET,0,UTA,0
20242025,2024020989,2025-03-06,TBL,BUF,0.614146,0.385854,TBL,1,TBL,1
20242025,2024020990,2025-03-06,FLA,CBJ,0.66539,0.33461,FLA,1,FLA,1
20242025,2024020991,2025-03-06,PHI,WPG,0.412723,0.587277,WPG,0,WPG,1
20242025,2024020992,2025-03-06,CAR,BOS,0.623504,0.376496,CAR,1,CAR,1
20242025,2024020993,2025-03-06,NSH,SEA,0.492009,0.507991,SEA,1,NSH,0
20242025,2024020994,2025-03-06,DAL,CGY,0.6941,0.3059,DAL,1,DAL,1
20242025,2024020995,2025-03-06,EDM,MTL,0.662644,0.337356,EDM,1,EDM,1
20242025,2024020996,2025-03-06,COL,SJS,0.761589,0.238411,COL,1,COL,1
20242025,2024020997,2025-03-07,NJD,WPG,0.49275,0.50725,WPG,0,WPG,1
20242025,2024020998,2025-03-07,WSH,DET,0.711989,0.288011,WSH,1,WSH,1
20242025,2024020999,2025-03-07,CHI,UTA,0.469672,0.530328,UTA,1,CHI,0
20242025,2024021000,2025-03-07,VAN,MIN,0.486659,0.513341,MIN,1,VAN,0
20242025,2024021001,2025-03-07,VGK,PIT,0.615604,0.384396,VGK,1,VGK,1
20242025,2024021002,2025-03-07,ANA,STL,0.429649,0.570351,STL,0,STL,1
20242025,2024021003,2025-03-08,OTT,NYR,0.514644,0.485356,OTT,1,OTT,1
20242025,2024021004,2025-03-08,PHI,SEA,0.507624,0.492376,PHI,0,SEA,0
20242025,2024021005,2025-03-08,TBL,BOS,0.646571,0.353429,TBL,0,BOS,0
20242025,2024021006,2025-03-08,FLA,BUF,0.63874,0.36126,FLA,1,FLA,1
20242025,2024021007,2025-03-08,COL,TOR,0.559779,0.440221,COL,1,COL,1
20242025,2024021008,2025-03-08,CGY,MTL,0.548073,0.451927,CGY,1,CGY,1
20242025,2024021009,2025-03-08,NSH,CHI,0.713324,0.286676,NSH,1,NSH,1
20242025,2024021010,2025-03-08,LAK,STL,0.628635,0.371365,LAK,1,LAK,1
20242025,2024021011,2025-03-08,EDM,DAL,0.472402,0.527598,DAL,1,EDM,0
20242025,2024021012,2025-03-08,SJS,NYI,0.332849,0.667151,NYI,0,NYI,1
20242025,2024021013,2025-03-09,PHI,NJD,0.384518,0.615482,NJD,0,NJD,1
20242025,2024021014,2025-03-09,WSH,SEA,0.739923,0.260077,WSH,1,WSH,1
20242025,2024021015,2025-03-09,MIN,PIT,0.57991,0.42009,MIN,0,PIT,0
20242025,2024021016,2025-03-09,CAR,WPG,0.465668,0.534332,WPG,1,CAR,0
20242025,2024021017,2025-03-09,NYR,CBJ,0.503354,0.496646,NYR,0,CBJ,0
20242025,2024021018,2025-03-09,VGK,LAK,0.62255,0.37745,VGK,0,LAK,0
20242025,2024021019,2025-03-09,VAN,DAL,0.495546,0.504454,DAL,0,DAL,1
20242025,2024021020,2025-03-09,ANA,NYI,0.545688,0.454312,ANA,1,ANA,1
20242025,2024021021,2025-03-10,BUF,EDM,0.452084,0.547916,EDM,1,BUF,0
20242025,2024021022,2025-03-10,OTT,DET,0.52654,0.47346,OTT,1,OTT,1
20242025,2024021023,2025-03-10,COL,CHI,0.75836,0.24164,COL,1,COL,1
20242025,2024021024,2025-03-10,UTA,TOR,0.425283,0.574717,TOR,0,TOR,1
20242025,2024021025,2025-03-11,BOS,FLA,0.448754,0.551246,FLA,1,BOS,0
20242025,2024021026,2025-03-11,NJD,CBJ,0.585484,0.414516,NJD,1,NJD,1
20242025,2024021027,2025-03-11,PHI,OTT,0.561357,0.438643,PHI,0,OTT,0
20242025,2024021028,2025-03-11,PIT,VGK,0.442807,0.557193,VGK,1,PIT,0
20242025,2024021029,2025-03-11,CAR,TBL,0.508107,0.491893,CAR,1,CAR,1
20242025,2024021030,2025-03-11,MIN,COL,0.505322,0.494678,MIN,1,MIN,1
20242025,2024021031,2025-03-11,WPG,NYR,0.63248,0.36752,WPG,1,WPG,1
20242025,2024021032,2025-03-11,VAN,MTL,0.574366,0.425634,VAN,0,MTL,0
20242025,2024021033,2025-03-11,ANA,WSH,0.35704,0.64296,WSH,0,WSH,1
20242025,2024021034,2025-03-11,LAK,NYI,0.592606,0.407394,LAK,1,LAK,1
20242025,2024021035,2025-03-11,SJS,NSH,0.39198,0.60802,NSH,0,NSH,1
20242025,2024021036,2025-03-12,DET,BUF,0.514821,0.485179,DET,1,DET,1
20242025,2024021037,2025-03-12,CGY,VAN,0.574606,0.425394,CGY,0,VAN,0
20242025,2024021038,2025-03-12,UTA,ANA,0.644765,0.355235,UTA,1,UTA,1
20242025,2024021039,2025-03-12,SEA,MTL,0.634337,0.365663,SEA,1,SEA,1
20242025,2024021040,2025-03-13,TOR,FLA,0.542219,0.457781,TOR,0,FLA,0
20242025,2024021041,2025-03-13,OTT,BOS,0.783385,0.216615,OTT,1,OTT,1
20242025,2024021042,2025-03-13,NJD,EDM,0.445347,0.554653,EDM,1,NJD,0
20242025,2024021043,2025-03-13,PHI,TBL,0.42668,0.57332,TBL,1,PHI,0
20242025,2024021044,2025-03-13,PIT,STL,0.738015,0.261985,PIT,1,PIT,1
20242025,2024021045,2025-03-13,CBJ,VGK,0.455925,0.544075,VGK,0,VGK,1
20242025,2024021046,2025-03-13,MIN,NYR,0.500982,0.499018,MIN,0,NYR,0
20242025,2024021047,2025-03-13,LAK,WSH,0.444532,0.555468,WSH,1,LAK,0
20242025,2024021048,2025-03-13,SJS,CHI,0.516613,0.483387,SJS,1,SJS,1
20242025,2024021049,2025-03-14,CAR,DET,0.601083,0.398917,CAR,1,CAR,1
20242025,2024021050,2025-03-14,NYI,EDM,0.504384,0.495616,NYI,0,EDM,0
20242025,2024021051,2025-03-14,WPG,DAL,0.534401,0.465599,WPG,1,WPG,1
20242025,2024021052,2025-03-14,CGY,COL,0.394456,0.605544,COL,0,COL,1
20242025,2024021053,2025-03-14,ANA,NSH,0.47363,0.52637,NSH,1,ANA,0
20242025,2024021054,2025-03-14,SEA,UTA,0.561584,0.438416,SEA,1,SEA,1
20242025,2024021055,2025-03-15,BUF,VGK,0.471615,0.528385,VGK,1,BUF,0
20242025,2024021056,2025-03-15,PIT,NJD,0.479403,0.520597,NJD,1,PIT,0
20242025,2024021057,2025-03-15,SJS,WSH,0.116249,0.883751,WSH,0,WSH,1
20242025,2024021058,2025-03-15,BOS,TBL,0.44129,0.55871,TBL,0,TBL,1
20242025,2024021059,2025-03-15,TOR,OTT,0.596311,0.403689,TOR,0,OTT,0
20242025,2024021060,2025-03-15,MTL,FLA,0.404755,0.595245,FLA,1,MTL,0
20242025,2024021061,2025-03-15,PHI,CAR,0.525546,0.474454,PHI,0,CAR,0
20242025,2024021062,2025-03-15,CBJ,NYR,0.428608,0.571392,NYR,0,NYR,1
20242025,2024021063,2025-03-15,MIN,STL,0.503526,0.496474,MIN,0,STL,0
20242025,2024021064,2025-03-15,LAK,NSH,0.670953,0.329047,LAK,1,LAK,1
20242025,2024021065,2025-03-15,VAN,CHI,0.697552,0.302448,VAN,1,VAN,1
20242025,2024021066,2025-03-16,DET,VGK,0.526705,0.473295,DET,1,DET,1
20242025,2024021067,2025-03-16,COL,DAL,0.501074,0.498926,COL,1,COL,1
20242025,2024021068,2025-03-16,STL,ANA,0.769108,0.230892,STL,1,STL,1
20242025,2024021069,2025-03-16,NYR,EDM,0.386833,0.613167,EDM,0,EDM,1
20242025,2024021070,2025-03-16,NYI,FLA,0.500383,0.499617,NYI,1,NYI,1
20242025,2024021071,2025-03-16,VAN,UTA,0.441097,0.558903,UTA,0,UTA,1
20242025,2024021072,2025-03-16,SEA,WPG,0.659931,0.340069,SEA,0,WPG,0
20242025,2024021073,2025-03-17,BOS,BUF,0.518063,0.481937,BOS,0,BUF,0
20242025,2024021074,2025-03-17,TBL,PHI,0.705627,0.294373,TBL,1,TBL,1
20242025,2024021075,2025-03-17,CBJ,NJD,0.472721,0.527279,NJD,0,NJD,1
20242025,2024021076,2025-03-17,TOR,CGY,0.859387,0.140613,TOR,1,TOR,1
20242025,2024021077,2025-03-17,MIN,LAK,0.506721,0.493279,MIN,1,MIN,1
20242025,2024021078,2025-03-18,MTL,OTT,0.476508,0.523492,OTT,1,MTL,0
20242025,2024021079,2025-03-18,NYR,CGY,0.692347,0.307653,NYR,0,CGY,0
20242025,2024021080,2025-03-18,PIT,NYI,0.539599,0.460401,PIT,0,NYI,0
20242025,2024021081,2025-03-18,WSH,DET,0.632833,0.367167,WSH,1,WSH,1
20242025,2024021082,2025-03-18,NSH,STL,0.480258,0.519742,STL,0,STL,1
20242025,2024021083,2025-03-18,DAL,ANA,0.70662,0.29338,DAL,1,DAL,1
20242025,2024021084,2025-03-18,CHI,SEA,0.359462,0.640538,SEA,0,SEA,1
20242025,2024021085,2025-03-18,EDM,UTA,0.849346,0.150654,EDM,1,EDM,1
20242025,2024021086,2025-03-18,VAN,WPG,0.383411,0.616589,WPG,1,VAN,0
20242025,2024021087,2025-03-19,TOR,COL,0.514742,0.485258,TOR,1,TOR,1
20242025,2024021088,2025-03-19,MIN,SEA,0.564019,0.435981,MIN,1,MIN,1
20242025,2024021089,2025-03-20,OTT,COL,0.245167,0.754833,COL,0,COL,1
20242025,2024021090,2025-03-20,NJD,CGY,0.608034,0.391966,NJD,0,CGY,0
20242025,2024021091,2025-03-20,NYR,TOR,0.570754,0.429246,NYR,0,TOR,0
20242025,2024021092,2025-03-20,WSH,PHI,0.691571,0.308429,WSH,1,WSH,1
20242025,2024021093,2025-03-20,CBJ,FLA,0.399183,0.600817,FLA,0,FLA,1
20242025,2024021094,2025-03-20,NYI,MTL,0.550864,0.449136,NYI,1,NYI,1
20242025,2024021095,2025-03-20,STL,VAN,0.559849,0.440151,STL,1,STL,1
20242025,2024021096,2025-03-20,NSH,ANA,0.557014,0.442986,NSH,0,ANA,0
20242025,2024021097,2025-03-20,DAL,TBL,0.551454,0.448546,DAL,0,TBL,0
20242025,2024021098,2025-03-20,CHI,LAK,0.351023,0.648977,LAK,0,LAK,1
20242025,2024021099,2025-03-20,EDM,WPG,0.219688,0.780312,WPG,0,WPG,1
20242025,2024021100,2025-03-20,UTA,BUF,0.503128,0.496872,UTA,1,UTA,1
20242025,2024021101,2025-03-20,VGK,BOS,0.635185,0.364815,VGK,1,VGK,1
20242025,2024021102,2025-03-20,SJS,CAR,0.31142,0.68858,CAR,0,CAR,1
20242025,2024021103,2025-03-21,PIT,CBJ,0.632005,0.367995,PIT,1,PIT,1
20242025,2024021104,2025-03-22,NYR,VAN,0.543265,0.456735,NYR,1,NYR,1
20242025,2024021105,2025-03-22,DAL,PHI,0.901121,0.098879,DAL,1,DAL,1
20242025,2024021106,2025-03-22,MIN,BUF,0.548607,0.451393,MIN,1,MIN,1
20242025,2024021107,2025-03-22,STL,CHI,0.724641,0.275359,STL,1,STL,1
20242025,2024021108,2025-03-22,NYI,CGY,0.556418,0.443582,NYI,0,CGY,0
20242025,2024021109,2025-03-22,LAK,CAR,0.52068,0.47932,LAK,1,LAK,1
20242025,2024021110,2025-03-22,WSH,FLA,0.548656,0.451344,WSH,1,WSH,1
20242025,2024021111,2025-03-22,UTA,TBL,0.400989,0.599011,TBL,1,UTA,0
20242025,2024021112,2025-03-22,MTL,COL,0.394227,0.605773,COL,0,COL,1
20242025,2024021113,2025-03-22,NJD,OTT,0.541274,0.458726,NJD,0,OTT,0
20242025,2024021114,2025-03-22,NSH,TOR,0.403957,0.596043,TOR,1,NSH,0
20242025,2024021115,2025-03-22,VGK,DET,0.599723,0.400277,VGK,1,VGK,1
20242025,2024021116,2025-03-22,EDM,SEA,0.638347,0.361653,EDM,1,EDM,1
20242025,2024021117,2025-03-22,SJS,BOS,0.406646,0.593354,BOS,1,SJS,0
20242025,2024021118,2025-03-23,CHI,PHI,0.386446,0.613554,PHI,1,CHI,0
20242025,2024021119,2025-03-23,WPG,BUF,0.752676,0.247324,WPG,0,BUF,0
20242025,2024021120,2025-03-23,FLA,PIT,0.538388,0.461612,FLA,1,FLA,1
20242025,2024021121,2025-03-23,STL,NSH,0.580764,0.419236,STL,1,STL,1
20242025,2024021122,2025-03-23,VGK,TBL,0.485484,0.514516,TBL,1,VGK,0
20242025,2024021123,2025-03-23,ANA,CAR,0.514445,0.485555,ANA,0,CAR,0
20242025,2024021124,2025-03-23,LAK,BOS,0.566736,0.433264,LAK,1,LAK,1
20242025,2024021125,2025-03-24,NJD,VAN,0.577029,0.422971,NJD,0,VAN,0
20242025,2024021126,2025-03-24,NYI,CBJ,0.586307,0.413693,NYI,0,CBJ,0
20242025,2024021127,2025-03-24,DAL,MIN,0.663431,0.336569,DAL,1,DAL,1
20242025,2024021128,2025-03-24,UTA,DET,0.770788,0.229212,UTA,0,DET,0
20242025,2024021129,2025-03-25,BUF,OTT,0.491136,0.508864,OTT,1,BUF,0
20242025,2024021130,2025-03-25,TOR,PHI,0.695167,0.304833,TOR,1,TOR,1
20242025,2024021131,2025-03-25,TBL,PIT,0.859866,0.140134,TBL,1,TBL,1
20242025,2024021132,2025-03-25,CAR,NSH,0.644194,0.355806,CAR,0,NSH,0
20242025,2024021133,2025-03-25,STL,MTL,0.842699,0.157301,STL,1,STL,1
20242025,2024021134,2025-03-25,MIN,VGK,0.345026,0.654974,VGK,0,VGK,1
20242025,2024021135,2025-03-25,WPG,WSH,0.562403,0.437597,WPG,1,WPG,1
20242025,2024021136,2025-03-25,COL,DET,0.697615,0.302385,COL,1,COL,1
20242025,2024021137,2025-03-25,CGY,SEA,0.533466,0.466534,CGY,1,CGY,1
20242025,2024021138,2025-03-25,LAK,NYR,0.506904,0.493096,LAK,1,LAK,1
20242025,2024021139,2025-03-26,NYI,VAN,0.25004,0.74996,VAN,0,VAN,1
20242025,2024021140,2025-03-26,CHI,NJD,0.361459,0.638541,NJD,0,NJD,1
20242025,2024021141,2025-03-26,EDM,DAL,0.234759,0.765241,DAL,0,DAL,1
20242025,2024021142,2025-03-26,ANA,BOS,0.501542,0.498458,ANA,1,ANA,1
20242025,2024021143,2025-03-27,BUF,PIT,0.773527,0.226473,BUF,1,BUF,1
20242025,2024021144,2025-03-27,DET,OTT,0.24136,0.75864,OTT,0,OTT,1
20242025,2024021145,2025-03-27,TBL,UTA,0.849613,0.150387,TBL,1,TBL,1
20242025,2024021146,2025-03-27,PHI,MTL,0.76208,0.23792,PHI,1,PHI,1
20242025,2024021147,2025-03-27,NSH,STL,0.462231,0.537769,STL,0,STL,1
20242025,2024021148,2025-03-27,MIN,WSH,0.433042,0.566958,WSH,1,MIN,0
20242025,2024021149,2025-03-27,COL,LAK,0.599299,0.400701,COL,1,COL,1
20242025,2024021150,2025-03-27,CGY,DAL,0.467999,0.532001,DAL,0,DAL,1
20242025,2024021151,2025-03-27,SEA,EDM,0.766614,0.233386,SEA,1,SEA,1
20242025,2024021152,2025-03-27,SJS,TOR,0.321051,0.678949,TOR,1,SJS,0
20242025,2024021153,2025-03-28,FLA,UTA,0.71959,0.28041,FLA,1,FLA,1
20242025,2024021154,2025-03-28,CAR,MTL,0.712357,0.287643,CAR,1,CAR,1
20242025,2024021155,2025-03-28,CBJ,VAN,0.448851,0.551149,VAN,1,CBJ,0
20242025,2024021156,2025-03-28,WPG,NJD,0.663228,0.336772,WPG,1,WPG,1
20242025,2024021157,2025-03-28,CHI,VGK,0.312708,0.687292,VGK,0,VGK,1
20242025,2024021158,2025-03-28,ANA,NYR,0.396433,0.603567,NYR,1,ANA,0
20242025,2024021159,2025-03-29,PHI,BUF,0.498333,0.501667,BUF,1,PHI,0
20242025,2024021160,2025-03-29,TBL,NYI,0.643945,0.356055,TBL,1,TBL,1
20242025,2024021161,2025-03-29,COL,STL,0.563996,0.436004,COL,0,STL,0
20242025,2024021162,2025-03-29,MIN,NJD,0.584256,0.415744,MIN,0,NJD,0
20242025,2024021163,2025-03-29,NSH,VGK,0.491883,0.508117,VGK,0,VGK,1
20242025,2024021164,2025-03-29,OTT,CBJ,0.68485,0.31515,OTT,1,OTT,1
20242025,2024021165,2025-03-29,LAK,TOR,0.490601,0.509399,TOR,0,TOR,1
20242025,2024021166,2025-03-29,DET,BOS,0.554124,0.445876,DET,1,DET,1
20242025,2024021167,2025-03-29,EDM,CGY,0.603988,0.396012,EDM,1,EDM,1
20242025,2024021168,2025-03-29,SJS,NYR,0.359146,0.640854,NYR,0,NYR,1
20242025,2024021169,2025-03-29,SEA,DAL,0.389084,0.610916,DAL,0,DAL,1
20242025,2024021170,2025-03-30,FLA,MTL,0.670537,0.329463,FLA,0,MTL,0
20242025,2024021171,2025-03-30,WSH,BUF,0.707385,0.292615,WSH,0,BUF,0
20242025,2024021172,2025-03-30,WPG,VAN,0.654123,0.345877,WPG,1,WPG,1
20242025,2024021173,2025-03-30,CHI,UTA,0.4079,0.5921,UTA,0,UTA,1
20242025,2024021174,2025-03-30,PIT,OTT,0.61843,0.38157,PIT,1,PIT,1
20242025,2024021175,2025-03-30,CAR,NYI,0.700699,0.299301,CAR,1,CAR,1
20242025,2024021176,2025-03-30,ANA,TOR,0.469095,0.530905,TOR,0,TOR,1
20242025,2024021177,2025-03-30,LAK,SJS,0.715458,0.284542,LAK,1,LAK,1
20242025,2024021178,2025-03-31,NJD,MIN,0.548659,0.451341,NJD,1,NJD,1
20242025,2024021179,2025-03-31,PHI,NSH,0.556582,0.443418,PHI,1,PHI,1
20242025,2024021180,2025-03-31,COL,CGY,0.623551,0.376449,COL,0,CGY,0
20242025,2024021181,2025-03-31,SEA,DAL,0.414386,0.585614,DAL,0,DAL,1
20242025,2024021182,2025-04-01,BOS,WSH,0.438057,0.561943,WSH,0,WSH,1
20242025,2024021183,2025-04-01,MTL,FLA,0.424995,0.575005,FLA,1,MTL,0
20242025,2024021184,2025-04-01,OTT,BUF,0.534313,0.465687,OTT,0,BUF,0
20242025,2024021185,2025-04-01,CBJ,NSH,0.810614,0.189386,CBJ,1,CBJ,1
20242025,2024021186,2025-04-01,NYI,TBL,0.41503,0.58497,TBL,0,TBL,1
20242025,2024021187,2025-04-01,STL,DET,0.611002,0.388998,STL,1,STL,1
20242025,2024021188,2025-04-01,UTA,CGY,0.573149,0.426851,UTA,1,UTA,1
20242025,2024021189,2025-04-01,VGK,EDM,0.538869,0.461131,VGK,0,EDM,0
20242025,2024021190,2025-04-01,ANA,SJS,0.661475,0.338525,ANA,1,ANA,1
20242025,2024021191,2025-04-01,LAK,WPG,0.437898,0.562102,WPG,1,LAK,0
20242025,2024021192,2025-04-02,NYR,MIN,0.623314,0.376686,NYR,1,NYR,1
20242025,2024021193,2025-04-02,CAR,WSH,0.826471,0.173529,CAR,1,CAR,1
20242025,2024021194,2025-04-02,TOR,FLA,0.624739,0.375261,TOR,1,TOR,1
20242025,2024021195,2025-04-02,CHI,COL,0.305952,0.694048,COL,0,COL,1
20242025,2024021196,2025-04-02,VAN,SEA,0.560111,0.439889,VAN,0,SEA,0
20242025,2024021197,2025-04-03,MTL,BOS,0.547838,0.452162,MTL,1,MTL,1
20242025,2024021198,2025-04-03,OTT,TBL,0.408137,0.591863,TBL,1,OTT,0
20242025,2024021199,2025-04-03,CBJ,COL,0.220371,0.779629,COL,0,COL,1
20242025,2024021200,2025-04-03,STL,PIT,0.593294,0.406706,STL,1,STL,1
20242025,2024021201,2025-04-03,DAL,NSH,0.720676,0.279324,DAL,1,DAL,1
20242025,2024021202,2025-04-03,UTA,LAK,0.461938,0.538062,LAK,0,LAK,1
20242025,2024021203,2025-04-03,CGY,ANA,0.815475,0.184525,CGY,1,CGY,1
20242025,2024021204,2025-04-03,VGK,WPG,0.219055,0.780945,WPG,0,WPG,1
20242025,2024021205,2025-04-03,SJS,EDM,0.267923,0.732077,EDM,0,EDM,1
20242025,2024021206,2025-04-04,DET,CAR,0.415223,0.584777,CAR,1,DET,0
20242025,2024021207,2025-04-04,WSH,CHI,0.759109,0.240891,WSH,1,WSH,1
20242025,2024021208,2025-04-04,NYI,MIN,0.525422,0.474578,NYI,1,NYI,1
20242025,2024021209,2025-04-05,NJD,NYR,0.474386,0.525614,NYR,1,NJD,0
20242025,2024021210,2025-04-05,OTT,FLA,0.428048,0.571952,FLA,1,OTT,0
20242025,2024021211,2025-04-05,DAL,PIT,0.670005,0.329995,DAL,0,PIT,0
20242025,2024021212,2025-04-05,VAN,ANA,0.634934,0.365066,VAN,1,VAN,1
20242025,2024021213,2025-04-05,LAK,EDM,0.528193,0.471807,LAK,1,LAK,1
20242025,2024021214,2025-04-05,BOS,CAR,0.522259,0.477741,BOS,1,BOS,1
20242025,2024021215,2025-04-05,BUF,TBL,0.447272,0.552728,TBL,1,BUF,0
20242025,2024021216,2025-04-05,TOR,CBJ,0.642348,0.357652,TOR,1,TOR,1
20242025,2024021217,2025-04-05,MTL,PHI,0.501599,0.498401,MTL,1,MTL,1
20242025,2024021218,2025-04-05,STL,COL,0.501373,0.498627,STL,1,STL,1
20242025,2024021219,2025-04-05,UTA,WPG,0.376857,0.623143,WPG,1,UTA,0
20242025,2024021220,2025-04-05,CGY,VGK,0.46814,0.53186,VGK,0,VGK,1
20242025,2024021221,2025-04-05,SJS,SEA,0.127423,0.872577,SEA,0,SEA,1
20242025,2024021222,2025-04-06,NYI,WSH,0.451173,0.548827,WSH,1,NYI,0
20242025,2024021223,2025-04-06,MIN,DAL,0.479289,0.520711,DAL,1,MIN,0
20242025,2024021224,2025-04-06,OTT,CBJ,0.786492,0.213508,OTT,1,OTT,1
20242025,2024021225,2025-04-06,DET,FLA,0.567384,0.432616,DET,1,DET,1
20242025,2024021226,2025-04-06,BUF,BOS,0.535383,0.464617,BUF,1,BUF,1
20242025,2024021227,2025-04-06,CHI,PIT,0.470408,0.529592,PIT,1,CHI,0
20242025,2024021228,2025-04-06,NSH,MTL,0.619475,0.380525,NSH,0,MTL,0
20242025,2024021229,2025-04-06,VAN,VGK,0.453568,0.546432,VGK,0,VGK,1
20242025,2024021230,2025-04-07,NYR,TBL,0.494338,0.505662,TBL,0,TBL,1
20242025,2024021231,2025-04-07,WPG,STL,0.580674,0.419326,WPG,1,WPG,1
20242025,2024021232,2025-04-07,ANA,EDM,0.161451,0.838549,EDM,1,ANA,0
20242025,2024021233,2025-04-07,LAK,SEA,0.573923,0.426077,LAK,0,SEA,0
20242025,2024021234,2025-04-07,SJS,CGY,0.339798,0.660202,CGY,0,CGY,1
20242025,2024021235,2025-04-08,BUF,CAR,0.447976,0.552024,CAR,1,BUF,0
20242025,2024021236,2025-04-08,MTL,DET,0.507574,0.492426,MTL,1,MTL,1
20242025,2024021237,2025-04-08,FLA,TOR,0.533279,0.466721,FLA,1,FLA,1
20242025,2024021238,2025-04-08,NJD,BOS,0.302299,0.697701,BOS,0,BOS,1
20242025,2024021239,2025-04-08,CBJ,OTT,0.523135,0.476865,CBJ,1,CBJ,1
20242025,2024021240,2025-04-08,PIT,CHI,0.676094,0.323906,PIT,1,PIT,1
20242025,2024021241,2025-04-08,NSH,NYI,0.745872,0.254128,NSH,1,NSH,1
20242025,2024021242,2025-04-08,DAL,VAN,0.623011,0.376989,DAL,0,VAN,0
20242025,2024021243,2025-04-08,UTA,SEA,0.795915,0.204085,UTA,1,UTA,1
20242025,2024021244,2025-04-08,COL,VGK,0.567279,0.432721,COL,1,COL,1
20242025,2024021245,2025-04-09,TBL,TOR,0.635051,0.364949,TBL,0,TOR,0
20242025,2024021246,2025-04-09,NYR,PHI,0.619696,0.380304,NYR,0,PHI,0
20242025,2024021247,2025-04-09,MIN,SJS,0.747829,0.252171,MIN,1,MIN,1
20242025,2024021248,2025-04-09,EDM,STL,0.814311,0.185689,EDM,1,EDM,1
20242025,2024021249,2025-04-09,ANA,CGY,0.498261,0.501739,CGY,1,ANA,0
20242025,2024021250,2025-04-10,BOS,CHI,0.657044,0.342956,BOS,0,CHI,0
20242025,2024021251,2025-04-10,FLA,DET,0.629823,0.370177,FLA,1,FLA,1
20242025,2024021252,2025-04-10,WSH,CAR,0.553226,0.446774,WSH,1,WSH,1
20242025,2024021253,2025-04-10,CBJ,BUF,0.467075,0.532925,BUF,1,CBJ,0
20242025,2024021254,2025-04-10,NYI,NYR,0.27423,0.72577,NYR,0,NYR,1
20242025,2024021255,2025-04-10,DAL,WPG,0.513167,0.486833,DAL,0,WPG,0
20242025,2024021256,2025-04-10,COL,VAN,0.537036,0.462964,COL,0,VAN,0
20242025,2024021257,2025-04-10,UTA,NSH,0.516508,0.483492,UTA,0,NSH,0
20242025,2024021258,2025-04-10,VGK,SEA,0.589257,0.410743,VGK,1,VGK,1
20242025,2024021259,2025-04-10,LAK,ANA,0.706622,0.293378,LAK,1,LAK,1
20242025,2024021260,2025-04-11,OTT,MTL,0.520399,0.479601,OTT,1,OTT,1
20242025,2024021261,2025-04-11,TBL,DET,0.712011,0.287989,TBL,0,DET,0
20242025,2024021262,2025-04-11,NJD,PIT,0.560213,0.439787,NJD,0,PIT,0
20242025,2024021263,2025-04-11,EDM,SJS,0.7811,0.2189,EDM,1,EDM,1
20242025,2024021264,2025-04-11,CGY,MIN,0.733486,0.266514,CGY,1,CGY,1
20242025,2024021265,2025-04-12,PHI,NYI,0.487092,0.512908,NYI,1,PHI,0
20242025,2024021266,2025-04-12,CAR,NYR,0.531236,0.468764,CAR,1,CAR,1
20242025,2024021267,2025-04-12,LAK,COL,0.529864,0.470136,LAK,1,LAK,1
20242025,2024021268,2025-04-12,FLA,BUF,0.570415,0.429585,FLA,1,FLA,1
20242025,2024021269,2025-04-12,TOR,MTL,0.887361,0.112639,TOR,1,TOR,1
20242025,2024021270,2025-04-12,CBJ,WSH,0.442338,0.557662,WSH,1,CBJ,0
20242025,2024021271,2025-04-12,CHI,WPG,0.258723,0.741277,WPG,0,WPG,1
20242025,2024021272,2025-04-12,DAL,UTA,0.675922,0.324078,DAL,0,UTA,0
20242025,2024021273,2025-04-12,VAN,MIN,0.63597,0.36403,VAN,0,MIN,0
20242025,2024021274,2025-04-12,VGK,NSH,0.617635,0.382365,VGK,1,VGK,1
20242025,2024021275,2025-04-12,SEA,STL,0.468744,0.531256,STL,1,SEA,0
20242025,2024021276,2025-04-13,OTT,PHI,0.575718,0.424282,OTT,1,OTT,1
20242025,2024021277,2025-04-13,NJD,NYI,0.609432,0.390568,NJD,0,NYI,0
20242025,2024021278,2025-04-13,PIT,BOS,0.510929,0.489071,PIT,0,BOS,0
20242025,2024021279,2025-04-13,CAR,TOR,0.514269,0.485731,CAR,0,TOR,0
20242025,2024021280,2025-04-13,TBL,BUF,0.67646,0.32354,TBL,1,TBL,1
20242025,2024021281,2025-04-13,WSH,CBJ,0.588067,0.411933,WSH,0,CBJ,0
20242025,2024021282,2025-04-13,WPG,EDM,0.435954,0.564046,EDM,0,EDM,1
20242025,2024021283,2025-04-13,CGY,SJS,0.709515,0.290485,CGY,1,CGY,1
20242025,2024021284,2025-04-13,ANA,COL,0.521317,0.478683,ANA,0,COL,0
20242025,2024021285,2025-04-14,MTL,CHI,0.640667,0.359333,MTL,0,CHI,0
20242025,2024021286,2025-04-14,DET,DAL,0.420558,0.579442,DAL,1,DET,0
20242025,2024021287,2025-04-14,FLA,NYR,0.537216,0.462784,FLA,0,NYR,0
20242025,2024021288,2025-04-14,NSH,UTA,0.546921,0.453079,NSH,0,UTA,0
20242025,2024021289,2025-04-14,EDM,LAK,0.42667,0.57333,LAK,0,LAK,1
20242025,2024021290,2025-04-14,VAN,SJS,0.84903,0.15097,VAN,1,VAN,1
20242025,2024021291,2025-04-15,BOS,NJD,0.521311,0.478689,BOS,0,NJD,0
20242025,2024021292,2025-04-15,BUF,TOR,0.481601,0.518399,TOR,0,TOR,1
20242025,2024021293,2025-04-15,OTT,CHI,0.726065,0.273935,OTT,0,CHI,0
20242025,2024021294,2025-04-15,TBL,FLA,0.661998,0.338002,TBL,1,TBL,1
20242025,2024021295,2025-04-15,PHI,CBJ,0.535022,0.464978,PHI,0,CBJ,0
20242025,2024021296,2025-04-15,NYI,WSH,0.463598,0.536402,WSH,0,WSH,1
20242025,2024021297,2025-04-15,STL,UTA,0.664443,0.335557,STL,1,STL,1
20242025,2024021298,2025-04-15,MIN,ANA,0.631464,0.368536,MIN,1,MIN,1
20242025,2024021299,2025-04-15,CGY,VGK,0.464921,0.535079,VGK,1,CGY,0
20242025,2024021300,2025-04-15,SEA,LAK,0.568198,0.431802,SEA,0,LAK,0
20242025,2024021301,2025-04-16,MTL,CAR,0.434403,0.565597,CAR,1,MTL,0
20242025,2024021302,2025-04-16,WPG,ANA,0.784359,0.215641,WPG,1,WPG,1
20242025,2024021303,2025-04-16,NJD,DET,0.335267,0.664733,DET,0,DET,1
20242025,2024021304,2025-04-16,NSH,DAL,0.680314,0.319686,NSH,1,NSH,1
20242025,2024021305,2025-04-16,VAN,VGK,0.335758,0.664242,VGK,0,VGK,1
20242025,2024021306,2025-04-16,SJS,EDM,0.116688,0.883312,EDM,0,EDM,1
20242025,2024020653,2025-04-17,LAK,CGY,0.584356,0.415644,LAK,0,CGY,0
20242025,2024021307,2025-04-17,BUF,PHI,0.539058,0.460942,BUF,1,BUF,1
20242025,2024021308,2025-04-17,TOR,DET,0.662625,0.337375,TOR,1,TOR,1
20242025,2024021309,2025-04-17,OTT,CAR,0.531779,0.468221,OTT,1,OTT,1
20242025,2024021310,2025-04-17,NYR,TBL,0.51712,0.48288,NYR,1,NYR,1
20242025,2024021311,2025-04-17,PIT,WSH,0.451884,0.548116,WSH,1,PIT,0
20242025,2024021312,2025-04-17,CBJ,NYI,0.499302,0.500698,NYI,1,CBJ,0
20252026,2025020001,2025-10-07,FLA,CHI,0.662499,0.337501,FLA,1,FLA,1
20252026,2025020002,2025-10-07,NYR,PIT,0.597551,0.402449,NYR,0,PIT,0
20252026,2025020003,2025-10-07,LAK,COL,0.556474,0.443526,LAK,0,COL,0
20252026,2025020004,2025-10-08,TOR,MTL,0.594878,0.405122,TOR,1,TOR,1
20252026,2025020005,2025-10-08,WSH,BOS,0.619109,0.380891,WSH,0,BOS,0
20252026,2025020006,2025-10-08,EDM,CGY,0.592012,0.407988,EDM,0,CGY,0
20252026,2025020007,2025-10-08,VGK,LAK,0.583487,0.416513,VGK,0,LAK,0
20252026,2025020008,2025-10-09,BOS,CHI,0.671602,0.328398,BOS,1,BOS,1
20252026,2025020009,2025-10-09,BUF,NYR,0.495388,0.504612,NYR,0,NYR,1
20252026,2025020010,2025-10-09,DET,MTL,0.623073,0.376927,DET,0,MTL,0
20252026,2025020011,2025-10-09,TBL,OTT,0.594459,0.405541,TBL,0,OTT,0
20252026,2025020012,2025-10-09,FLA,PHI,0.602631,0.397369,FLA,1,FLA,1
20252026,2025020013,2025-10-09,PIT,NYI,0.512871,0.487129,PIT,1,PIT,1
20252026,2025020014,2025-10-09,CAR,NJD,0.562364,0.437636,CAR,1,CAR,1
20252026,2025020015,2025-10-09,STL,MIN,0.543479,0.456521,STL,0,MIN,0
20252026,2025020016,2025-10-09,NSH,CBJ,0.519476,0.480524,NSH,1,NSH,1
20252026,2025020017,2025-10-09,WPG,DAL,0.548537,0.451463,WPG,0,DAL,0
20252026,2025020018,2025-10-09,COL,UTA,0.55857,0.44143,COL,1,COL,1
20252026,2025020019,2025-10-09,VAN,CGY,0.600502,0.399498,VAN,1,VAN,1
20252026,2025020020,2025-10-09,SJS,VGK,0.45272,0.54728,VGK,0,VGK,1
20252026,2025020021,2025-10-09,SEA,ANA,0.542243,0.457757,SEA,1,SEA,1
20252026,2025020022,2025-10-11,WPG,LAK,0.485467,0.514533,LAK,1,WPG,0
20252026,2025020023,2025-10-11,CGY,STL,0.654452,0.345548,CGY,0,STL,0
20252026,2025020024,2025-10-11,BOS,BUF,0.788265,0.211735,BOS,1,BOS,1
20252026,2025020025,2025-10-11,DET,TOR,0.23104,0.76896,TOR,1,DET,0
20252026,2025020026,2025-10-11,TBL,NJD,0.646916,0.353084,TBL,0,NJD,0
20252026,2025020027,2025-10-11,FLA,OTT,0.546084,0.453916,FLA,1,FLA,1
20252026,2025020028,2025-10-11,NYI,WSH,0.465257,0.534743,WSH,0,WSH,1
20252026,2025020029,2025-10-11,PIT,NYR,0.587079,0.412921,PIT,0,NYR,0
20252026,2025020030,2025-10-11,CAR,PHI,0.810843,0.189157,CAR,1,CAR,1
20252026,2025020031,2025-10-11,CHI,MTL,0.375054,0.624946,MTL,0,MTL,1
20252026,2025020032,2025-10-11,NSH,UTA,0.654381,0.345619,NSH,0,UTA,0
20252026,2025020033,2025-10-11,MIN,CBJ,0.797015,0.202985,MIN,0,CBJ,0
20252026,2025020034,2025-10-11,COL,DAL,0.532806,0.467194,COL,0,DAL,0
20252026,2025020035,2025-10-11,EDM,VAN,0.342535,0.657465,VAN,1,EDM,0
20252026,2025020036,2025-10-11,SJS,ANA,0.57135,0.42865,SJS,0,ANA,0
20252026,2025020037,2025-10-11,SEA,VGK,0.575203,0.424797,SEA,1,SEA,1
20252026,2025020038,2025-10-12,NYR,WSH,0.518198,0.481802,NYR,0,WSH,0
20252026,2025020039,2025-10-13,BUF,COL,0.267344,0.732656,COL,0,COL,1
20252026,2025020040,2025-10-13,BOS,TBL,0.613726,0.386274,BOS,0,TBL,0
20252026,2025020041,2025-10-13,OTT,NSH,0.52149,0.47851,OTT,0,NSH,0
20252026,2025020042,2025-10-13,NYI,WPG,0.353975,0.646025,WPG,0,WPG,1
20252026,2025020043,2025-10-13,TOR,DET,0.621807,0.378193,TOR,0,DET,0
20252026,2025020044,2025-10-13,PHI,FLA,0.299014,0.700986,FLA,1,PHI,0
20252026,2025020045,2025-10-13,CBJ,NJD,0.807632,0.192368,CBJ,0,NJD,0
20252026,2025020046,2025-10-13,VAN,STL,0.5554,0.4446,VAN,0,STL,0
20252026,2025020047,2025-10-13,MIN,LAK,0.575968,0.424032,MIN,1,MIN,1
20252026,2025020048,2025-10-13,CHI,UTA,0.361132,0.638868,UTA,1,CHI,0
20252026,2025020049,2025-10-14,TOR,NSH,0.532336,0.467664,TOR,1,TOR,1
20252026,2025020050,2025-10-14,MTL,SEA,0.489517,0.510483,SEA,1,MTL,0
20252026,2025020051,2025-10-14,NYR,EDM,0.484459,0.515541,EDM,0,EDM,1
20252026,2025020052,2025-10-14,WSH,TBL,0.604566,0.395434,WSH,1,WSH,1
20252026,2025020053,2025-10-14,CGY,VGK,0.720006,0.279994,CGY,0,VGK,0
20252026,2025020054,2025-10-14,DAL,MIN,0.663285,0.336715,DAL,1,DAL,1
20252026,2025020055,2025-10-14,SJS,CAR,0.266723,0.733277,CAR,0,CAR,1
20252026,2025020056,2025-10-14,ANA,PIT,0.536404,0.463596,ANA,1,ANA,1
20252026,2025020057,2025-10-15,BUF,OTT,0.385657,0.614343,OTT,1,BUF,0
20252026,2025020058,2025-10-15,DET,FLA,0.484802,0.515198,FLA,1,DET,0
20252026,2025020059,2025-10-15,STL,CHI,0.382796,0.617204,CHI,0,CHI,1
20252026,2025020060,2025-10-15,UTA,CGY,0.672651,0.327349,UTA,1,UTA,1
20252026,2025020061,2025-10-16,TOR,NYR,0.603516,0.396484,TOR,1,TOR,1
20252026,2025020062,2025-10-16,MTL,NSH,0.582386,0.417614,MTL,1,MTL,1
20252026,2025020063,2025-10-16,OTT,SEA,0.382949,0.617051,SEA,1,OTT,0
20252026,2025020064,2025-10-16,NJD,FLA,0.621033,0.378967,NJD,1,NJD,1
20252026,2025020065,2025-10-16,NYI,EDM,0.302525,0.697475,EDM,1,NYI,0
20252026,2025020066,2025-10-16,PHI,WPG,0.401169,0.598831,WPG,0,WPG,1
20252026,2025020067,2025-10-16,CBJ,COL,0.432084,0.567916,COL,0,COL,1
20252026,2025020068,2025-10-16,DAL,VAN,0.717933,0.282067,DAL,0,VAN,0
20252026,2025020069,2025-10-16,VGK,BOS,0.538377,0.461623,VGK,1,VGK,1
20252026,2025020070,2025-10-16,ANA,CAR,0.342562,0.657438,CAR,0,CAR,1
20252026,2025020071,2025-10-16,LAK,PIT,0.568162,0.431838,LAK,0,PIT,0
20252026,2025020072,2025-10-17,DET,TBL,0.557884,0.442116,DET,1,DET,1
20252026,2025020073,2025-10-17,WSH,MIN,0.581698,0.418302,WSH,1,WSH,1
20252026,2025020074,2025-10-17,CHI,VAN,0.562039,0.437961,CHI,0,VAN,0
20252026,2025020075,2025-10-17,UTA,SJS,0.724492,0.275508,UTA,1,UTA,1
20252026,2025020076,2025-10-18,BUF,FLA,0.427077,0.572923,FLA,1,BUF,0
20252026,2025020077,2025-10-18,OTT,NYI,0.615092,0.384908,OTT,0,NYI,0
20252026,2025020078,2025-10-18,NJD,EDM,0.566558,0.433442,NJD,1,NJD,1
20252026,2025020079,2025-10-18,TOR,SEA,0.662897,0.337103,TOR,0,SEA,0
20252026,2025020080,2025-10-18,MTL,NYR,0.599749,0.400251,MTL,0,NYR,0
20252026,2025020081,2025-10-18,PHI,MIN,0.563934,0.436066,PHI,1,PHI,1
20252026,2025020082,2025-10-18,CBJ,TBL,0.586147,0.413853,CBJ,1,CBJ,1
20252026,2025020083,2025-10-18,STL,DAL,0.39821,0.60179,DAL,1,STL,0
20252026,2025020084,2025-10-18,WPG,NSH,0.716616,0.283384,WPG,1,WPG,1
20252026,2025020085,2025-10-18,COL,BOS,0.657449,0.342551,COL,1,COL,1
20252026,2025020086,2025-10-18,LAK,CAR,0.346314,0.653686,CAR,0,CAR,1
20252026,2025020087,2025-10-18,VGK,CGY,0.901783,0.098217,VGK,1,VGK,1
20252026,2025020088,2025-10-18,SJS,PIT,0.268219,0.731781,PIT,0,PIT,1
20252026,2025020089,2025-10-19,WSH,VAN,0.658033,0.341967,WSH,0,VAN,0
20252026,2025020090,2025-10-19,DET,EDM,0.671459,0.328541,DET,1,DET,1
20252026,2025020091,2025-10-19,CHI,ANA,0.503344,0.496656,CHI,1,CHI,1
20252026,2025020092,2025-10-19,UTA,BOS,0.700966,0.299034,UTA,1,UTA,1
20252026,2025020093,2025-10-20,NYR,MIN,0.555961,0.444039,NYR,0,MIN,0
20252026,2025020094,2025-10-20,PHI,SEA,0.743831,0.256169,PHI,1,PHI,1
20252026,2025020095,2025-10-20,MTL,BUF,0.623065,0.376935,MTL,1,MTL,1
20252026,2025020096,2025-10-20,CGY,WPG,0.257281,0.742719,WPG,0,WPG,1
20252026,2025020097,2025-10-20,VGK,CAR,0.469945,0.530055,CAR,1,VGK,0
20252026,2025020098,2025-10-21,TOR,NJD,0.529229,0.470771,TOR,0,NJD,0
20252026,2025020099,2025-10-21,OTT,EDM,0.52946,0.47054,OTT,0,EDM,0
20252026,2025020100,2025-10-21,NYI,SJS,0.712346,0.287654,NYI,1,NYI,1
20252026,2025020101,2025-10-21,PIT,VAN,0.545998,0.454002,PIT,1,PIT,1
20252026,2025020102,2025-10-21,WSH,SEA,0.743644,0.256356,WSH,1,WSH,1
20252026,2025020103,2025-10-21,BOS,FLA,0.494753,0.505247,FLA,0,FLA,1
20252026,2025020104,2025-10-21,STL,LAK,0.567545,0.432455,STL,0,LAK,0
20252026,2025020105,2025-10-21,NSH,ANA,0.552708,0.447292,NSH,0,ANA,0
20252026,2025020106,2025-10-21,DAL,CBJ,0.601772,0.398228,DAL,0,CBJ,0
20252026,2025020107,2025-10-21,UTA,COL,0.461054,0.538946,COL,1,UTA,0
20252026,2025020108,2025-10-22,NJD,MIN,0.540982,0.459018,NJD,1,NJD,1
20252026,2025020109,2025-10-22,BUF,DET,0.40853,0.59147,DET,1,BUF,0
20252026,2025020110,2025-10-22,CGY,MTL,0.392892,0.607108,MTL,0,MTL,1
20252026,2025020111,2025-10-23,BOS,ANA,0.526405,0.473595,BOS,0,ANA,0
20252026,2025020112,2025-10-23,OTT,PHI,0.531296,0.468704,OTT,1,OTT,1
20252026,2025020113,2025-10-23,TBL,CHI,0.63249,0.36751,TBL,0,CHI,0
20252026,2025020114,2025-10-23,FLA,PIT,0.546422,0.453578,FLA,0,PIT,0
20252026,2025020115,2025-10-23,NYI,DET,0.57469,0.42531,NYI,1,NYI,1
20252026,2025020116,2025-10-23,NYR,SJS,0.729873,0.270127,NYR,0,SJS,0
20252026,2025020117,2025-10-23,STL,UTA,0.226232,0.773768,UTA,0,UTA,1
20252026,2025020118,2025-10-23,NSH,VAN,0.465057,0.534943,VAN,1,NSH,0
20252026,2025020119,2025-10-23,DAL,LAK,0.564612,0.435388,DAL,0,LAK,0
20252026,2025020120,2025-10-23,WPG,SEA,0.757593,0.242407,WPG,0,SEA,0
20252026,2025020121,2025-10-23,COL,CAR,0.490559,0.509441,CAR,0,CAR,1
20252026,2025020122,2025-10-23,EDM,MTL,0.569001,0.430999,EDM,1,EDM,1
20252026,2025020123,2025-10-24,BUF,TOR,0.445823,0.554177,TOR,1,BUF,0
20252026,2025020124,2025-10-24,NJD,SJS,0.859142,0.140858,NJD,1,NJD,1
20252026,2025020125,2025-10-24,CBJ,WSH,0.448367,0.551633,WSH,0,WSH,1
20252026,2025020126,2025-10-24,WPG,CGY,0.681077,0.318923,WPG,1,WPG,1
20252026,2025020127,2025-10-25,PHI,NYI,0.467931,0.532069,NYI,1,PHI,0
20252026,2025020128,2025-10-25,BOS,COL,0.372168,0.627832,COL,1,BOS,0
20252026,2025020129,2025-10-25,TBL,ANA,0.574685,0.425315,TBL,1,TBL,1
20252026,2025020130,2025-10-25,FLA,VGK,0.382164,0.617836,VGK,1,FLA,0
20252026,2025020131,2025-10-25,MIN,UTA,0.451249,0.548751,UTA,0,UTA,1
20252026,2025020132,2025-10-25,TOR,BUF,0.579075,0.420925,TOR,1,TOR,1
20252026,2025020133,2025-10-25,DET,STL,0.526071,0.473929,DET,1,DET,1
20252026,2025020134,2025-10-25,PIT,CBJ,0.65263,0.34737,PIT,0,CBJ,0
20252026,2025020135,2025-10-25,WSH,OTT,0.59348,0.40652,WSH,0,OTT,0
20252026,2025020136,2025-10-25,VAN,MTL,0.47568,0.52432,MTL,0,MTL,1
20252026,2025020137,2025-10-25,NSH,LAK,0.419041,0.580959,LAK,1,NSH,0
20252026,2025020138,2025-10-25,DAL,CAR,0.4774,0.5226,CAR,1,DAL,0
20252026,2025020139,2025-10-25,SEA,EDM,0.502757,0.497243,SEA,1,SEA,1
20252026,2025020140,2025-10-26,NJD,COL,0.685659,0.314341,NJD,1,NJD,1
20252026,2025020141,2025-10-26,TBL,VGK,0.404505,0.595495,VGK,1,TBL,0
20252026,2025020142,2025-10-26,MIN,SJS,0.56897,0.43103,MIN,0,SJS,0
20252026,2025020143,2025-10-26,WPG,UTA,0.65295,0.34705,WPG,0,UTA,0
20252026,2025020144,2025-10-26,CHI,LAK,0.527547,0.472453,CHI,0,LAK,0
20252026,2025020145,2025-10-26,NSH,DAL,0.421911,0.578089,DAL,0,DAL,1
20252026,2025020146,2025-10-26,CGY,NYR,0.388228,0.611772,NYR,1,CGY,0
20252026,2025020147,2025-10-26,VAN,EDM,0.410355,0.589645,EDM,1,VAN,0
20252026,2025020148,2025-10-27,PIT,STL,0.548101,0.451899,PIT,1,PIT,1
20252026,2025020149,2025-10-27,OTT,BOS,0.609357,0.390643,OTT,1,OTT,1
20252026,2025020150,2025-10-28,PHI,PIT,0.581697,0.418303,PHI,1,PHI,1
20252026,2025020151,2025-10-28,TOR,CGY,0.697153,0.302847,TOR,1,TOR,1
20252026,2025020152,2025-10-28,BUF,CBJ,0.48652,0.51348,CBJ,0,CBJ,1
20252026,2025020153,2025-10-28,FLA,ANA,0.572352,0.427648,FLA,0,ANA,0
20252026,2025020154,2025-10-28,BOS,NYI,0.382301,0.617699,NYI,1,BOS,0
20252026,2025020155,2025-10-28,CAR,VGK,0.546429,0.453571,CAR,0,VGK,0
20252026,2025020156,2025-10-28,NSH,TBL,0.421994,0.578006,TBL,0,TBL,1
20252026,2025020157,2025-10-28,MIN,WPG,0.358668,0.641332,WPG,0,WPG,1
20252026,2025020158,2025-10-28,STL,DET,0.35134,0.64866,DET,0,DET,1
20252026,2025020159,2025-10-28,DAL,WSH,0.481535,0.518465,WSH,1,DAL,0
20252026,2025020160,2025-10-28,CHI,OTT,0.487035,0.512965,OTT,1,CHI,0
20252026,2025020161,2025-10-28,COL,NJD,0.462972,0.537028,NJD,1,COL,0
20252026,2025020162,2025-10-28,EDM,UTA,0.452162,0.547838,UTA,1,EDM,0
20252026,2025020163,2025-10-28,VAN,NYR,0.535892,0.464108,VAN,0,NYR,0
20252026,2025020164,2025-10-28,SEA,MTL,0.512792,0.487208,SEA,0,MTL,0
20252026,2025020165,2025-10-28,SJS,LAK,0.338225,0.661775,LAK,0,LAK,1
20252026,2025020166,2025-10-29,CBJ,TOR,0.467155,0.532845,TOR,1,CBJ,0
20252026,2025020167,2025-10-30,BOS,BUF,0.530535,0.469465,BOS,1,BOS,1
20252026,2025020168,2025-10-30,OTT,CGY,0.665382,0.334618,OTT,1,OTT,1
20252026,2025020169,2025-10-30,TBL,DAL,0.538428,0.461572,TBL,1,TBL,1
20252026,2025020170,2025-10-30,PHI,NSH,0.6282,0.3718,PHI,1,PHI,1
20252026,2025020171,2025-10-30,CAR,NYI,0.592028,0.407972,CAR,1,CAR,1
20252026,2025020172,2025-10-30,STL,VAN,0.532729,0.467271,STL,0,VAN,0
20252026,2025020173,2025-10-30,MIN,PIT,0.465218,0.534782,PIT,0,PIT,1
20252026,2025020174,2025-10-30,WPG,CHI,0.705426,0.294574,WPG,1,WPG,1
20252026,2025020175,2025-10-30,EDM,NYR,0.590476,0.409524,EDM,0,NYR,0
20252026,2025020176,2025-10-30,SJS,NJD,0.306144,0.693856,NJD,1,SJS,0
20252026,2025020177,2025-10-30,LAK,DET,0.529558,0.470442,LAK,0,DET,0
20252026,2025020178,2025-10-31,VGK,COL,0.538958,0.461042,VGK,0,COL,0
20252026,2025020179,2025-10-31,WSH,NYI,0.701187,0.298813,WSH,0,NYI,0
20252026,2025020180,2025-10-31,ANA,DET,0.585305,0.414695,ANA,1,ANA,1
20252026,2025020181,2025-11-01,BOS,CAR,0.474026,0.525974,CAR,1,BOS,0
20252026,2025020182,2025-11-01,WPG,PIT,0.639375,0.360625,WPG,1,WPG,1
20252026,2025020183,2025-11-01,NSH,CGY,0.795384,0.204616,NSH,1,NSH,1
20252026,2025020184,2025-11-01,SJS,COL,0.362308,0.637692,COL,1,SJS,0
20252026,2025020185,2025-11-01,FLA,DAL,0.514448,0.485552,FLA,1,FLA,1
20252026,2025020186,2025-11-01,BUF,WSH,0.518013,0.481987,BUF,1,BUF,1
20252026,2025020187,2025-11-01,MTL,OTT,0.585173,0.414827,MTL,1,MTL,1
20252026,2025020188,2025-11-01,PHI,TOR,0.229509,0.770491,TOR,0,TOR,1
20252026,2025020189,2025-11-01,CBJ,STL,0.608414,0.391586,CBJ,1,CBJ,1
20252026,2025020190,2025-11-01,MIN,VAN,0.538201,0.461799,MIN,1,MIN,1
20252026,2025020191,2025-11-01,LAK,NJD,0.487313,0.512687,NJD,0,NJD,1
20252026,2025020192,2025-11-01,EDM,CHI,0.647859,0.352141,EDM,1,EDM,1
20252026,2025020193,2025-11-01,SEA,NYR,0.557653,0.442347,SEA,0,NYR,0
20252026,2025020194,2025-11-02,UTA,TBL,0.57816,0.42184,UTA,0,TBL,0
20252026,2025020195,2025-11-02,NYI,CBJ,0.581816,0.418184,NYI,1,NYI,1
20252026,2025020196,2025-11-02,PHI,CGY,0.563589,0.436411,PHI,0,CGY,0
20252026,2025020197,2025-11-02,ANA,NJD,0.537281,0.462719,ANA,1,ANA,1
20252026,2025020198,2025-11-02,SJS,DET,0.292264,0.707736,DET,0,DET,1
20252026,2025020199,2025-11-03,TOR,PIT,0.576055,0.423945,TOR,1,TOR,1
20252026,2025020200,2025-11-03,STL,EDM,0.40833,0.59167,EDM,1,STL,0
20252026,2025020201,2025-11-03,NSH,VAN,0.513361,0.486639,NSH,0,VAN,0
20252026,2025020202,2025-11-03,SEA,CHI,0.617535,0.382465,SEA,1,SEA,1
20252026,2025020203,2025-11-04,BUF,UTA,0.456745,0.543255,UTA,0,UTA,1
20252026,2025020204,2025-11-04,MTL,PHI,0.679204,0.320796,MTL,0,PHI,0
20252026,2025020205,2025-11-04,NYI,BOS,0.559662,0.440338,NYI,0,BOS,0
20252026,2025020206,2025-11-04,NYR,CAR,0.493868,0.506132,CAR,0,CAR,1
20252026,2025020207,2025-11-04,DAL,EDM,0.598256,0.401744,DAL,1,DAL,1
20252026,2025020208,2025-11-04,MIN,NSH,0.673836,0.326164,MIN,1,MIN,1
20252026,2025020209,2025-11-04,COL,TBL,0.590493,0.409507,COL,1,COL,1
20252026,2025020210,2025-11-04,VGK,DET,0.61833,0.38167,VGK,1,VGK,1
20252026,2025020211,2025-11-04,ANA,FLA,0.528244,0.471756,ANA,1,ANA,1
20252026,2025020212,2025-11-04,LAK,WPG,0.380356,0.619644,WPG,1,LAK,0
20252026,2025020213,2025-11-05,TOR,UTA,0.631148,0.368852,TOR,1,TOR,1
20252026,2025020214,2025-11-05,WSH,STL,0.854481,0.145519,WSH,1,WSH,1
20252026,2025020215,2025-11-05,CGY,CBJ,0.444159,0.555841,CBJ,1,CGY,0
20252026,2025020216,2025-11-05,VAN,CHI,0.601911,0.398089,VAN,0,CHI,0
20252026,2025020217,2025-11-05,SEA,SJS,0.357293,0.642707,SJS,0,SJS,1
20252026,2025020218,2025-11-06,BOS,OTT,0.454972,0.545028,OTT,1,BOS,0
20252026,2025020219,2025-11-06,BUF,STL,0.611385,0.388615,BUF,0,STL,0
20252026,2025020220,2025-11-06,NJD,MTL,0.576022,0.423978,NJD,1,NJD,1
20252026,2025020221,2025-11-06,PIT,WSH,0.544409,0.455591,PIT,1,PIT,1
20252026,2025020222,2025-11-06,CAR,MIN,0.598907,0.401093,CAR,1,CAR,1
20252026,2025020223,2025-11-06,NSH,PHI,0.478788,0.521212,PHI,0,PHI,1
20252026,2025020224,2025-11-06,DAL,ANA,0.562877,0.437123,DAL,0,ANA,0
20252026,2025020225,2025-11-06,VGK,TBL,0.558905,0.441095,VGK,0,TBL,0
20252026,2025020226,2025-11-06,LAK,FLA,0.528252,0.471748,LAK,0,FLA,0
20252026,2025020227,2025-11-07,DET,NYR,0.555692,0.444308,DET,0,NYR,0
20252026,2025020228,2025-11-07,NYI,MIN,0.611315,0.388685,NYI,0,MIN,0
20252026,2025020229,2025-11-07,CGY,CHI,0.550812,0.449188,CGY,0,CHI,0
20252026,2025020230,2025-11-07,SJS,WPG,0.278201,0.721799,WPG,1,SJS,0
20252026,2025020231,2025-11-08,NJD,PIT,0.594224,0.405776,NJD,1,NJD,1
20252026,2025020232,2025-11-08,PHI,OTT,0.479913,0.520087,OTT,0,OTT,1
20252026,2025020233,2025-11-08,NSH,DAL,0.396671,0.603329,DAL,0,DAL,1
20252026,2025020234,2025-11-08,TOR,BOS,0.361493,0.638507,BOS,0,BOS,1
20252026,2025020235,2025-11-08,MTL,UTA,0.555624,0.444376,MTL,1,MTL,1
20252026,2025020236,2025-11-08,TBL,WSH,0.521349,0.478651,TBL,1,TBL,1
20252026,2025020237,2025-11-08,NYR,NYI,0.529803,0.470197,NYR,0,NYI,0
20252026,2025020238,2025-11-08,CAR,BUF,0.661882,0.338118,CAR,1,CAR,1
20252026,2025020239,2025-11-08,STL,SEA,0.565099,0.434901,STL,0,SEA,0
20252026,2025020240,2025-11-08,EDM,COL,0.214739,0.785261,COL,0,COL,1
20252026,2025020241,2025-11-08,VAN,CBJ,0.497657,0.502343,CBJ,1,VAN,0
20252026,2025020242,2025-11-08,VGK,ANA,0.559956,0.440044,VGK,0,ANA,0
20252026,2025020243,2025-11-08,SJS,FLA,0.306356,0.693644,FLA,1,SJS,0
20252026,2025020244,2025-11-09,DET,CHI,0.623581,0.376419,DET,0,CHI,0
20252026,2025020245,2025-11-09,PIT,LAK,0.419586,0.580414,LAK,0,LAK,1
20252026,2025020246,2025-11-09,TOR,CAR,0.503462,0.496538,TOR,0,CAR,0
20252026,2025020247,2025-11-09,OTT,UTA,0.52911,0.47089,OTT,1,OTT,1
20252026,2025020248,2025-11-09,DAL,SEA,0.573892,0.426108,DAL,1,DAL,1
20252026,2025020249,2025-11-09,MIN,CGY,0.61579,0.38421,MIN,1,MIN,1
20252026,2025020250,2025-11-09,VAN,COL,0.374105,0.625895,COL,0,COL,1
20252026,2025020251,2025-11-09,ANA,WPG,0.363596,0.636404,WPG,1,ANA,0
20252026,2025020252,2025-11-10,NJD,NYI,0.596884,0.403116,NJD,0,NYI,0
20252026,2025020253,2025-11-10,NYR,NSH,0.835795,0.164205,NYR,1,NYR,1
20252026,2025020254,2025-11-10,EDM,CBJ,0.569229,0.430771,EDM,1,EDM,1
20252026,2025020255,2025-11-10,VGK,FLA,0.573341,0.426659,VGK,0,FLA,0
20252026,2025020256,2025-11-11,BOS,TOR,0.757105,0.242895,BOS,1,BOS,1
20252026,2025020257,2025-11-11,MTL,LAK,0.607852,0.392148,MTL,0,LAK,0
20252026,2025020258,2025-11-11,OTT,DAL,0.533849,0.466151,OTT,0,DAL,0
20252026,2025020259,2025-11-11,CAR,WSH,0.273538,0.726462,WSH,0,WSH,1
20252026,2025020260,2025-11-11,STL,CGY,0.618104,0.381896,STL,1,STL,1
20252026,2025020261,2025-11-11,MIN,SJS,0.622538,0.377462,MIN,0,SJS,0
20252026,2025020262,2025-11-11,COL,ANA,0.602292,0.397708,COL,1,COL,1
20252026,2025020263,2025-11-11,VAN,WPG,0.153325,0.846675,WPG,0,WPG,1
20252026,2025020264,2025-11-11,SEA,CBJ,0.58864,0.41136,SEA,0,CBJ,0
20252026,2025020265,2025-11-12,TBL,NYR,0.264326,0.735674,NYR,0,NYR,1
20252026,2025020266,2025-11-12,PHI,EDM,0.503022,0.496978,PHI,0,EDM,0
20252026,2025020267,2025-11-12,UTA,BUF,0.637154,0.362846,UTA,1,UTA,1
20252026,2025020268,2025-11-12,CHI,NJD,0.437307,0.562693,NJD,0,NJD,1
20252026,2025020269,2025-11-13,TOR,LAK,0.547628,0.452372,TOR,0,LAK,0
20252026,2025020270,2025-11-13,MTL,DAL,0.222774,0.777226,DAL,0,DAL,1
20252026,2025020271,2025-11-13,OTT,BOS,0.572472,0.427528,OTT,1,OTT,1
20252026,2025020272,2025-11-13,DET,ANA,0.247055,0.752945,ANA,1,DET,0
20252026,2025020273,2025-11-13,FLA,WSH,0.514115,0.485885,FLA,1,FLA,1
20252026,2025020274,2025-11-13,CBJ,EDM,0.585998,0.414002,CBJ,1,CBJ,1
20252026,2025020275,2025-11-13,COL,BUF,0.934458,0.065542,COL,1,COL,1
20252026,2025020276,2025-11-13,CGY,SJS,0.541664,0.458336,CGY,1,CGY,1
20252026,2025020277,2025-11-13,VGK,NYI,0.611711,0.388289,VGK,0,NYI,0
20252026,2025020278,2025-11-13,SEA,WPG,0.364385,0.635615,WPG,1,SEA,0
20252026,2025020279,2025-11-14,CAR,VAN,0.650629,0.349371,CAR,1,CAR,1
20252026,2025020280,2025-11-14,STL,PHI,0.558868,0.441132,STL,0,PHI,0
20252026,2025020281,2025-11-14,NSH,PIT,0.453131,0.546869,PIT,1,NSH,0
20252026,2025020282,2025-11-14,UTA,NYI,0.646414,0.353586,UTA,0,NYI,0
20252026,2025020283,2025-11-15,FLA,TBL,0.557229,0.442771,FLA,0,TBL,0
20252026,2025020284,2025-11-15,MIN,ANA,0.522337,0.477663,MIN,1,MIN,1
20252026,2025020285,2025-11-15,MTL,BOS,0.621026,0.378974,MTL,0,BOS,0
20252026,2025020286,2025-11-15,OTT,LAK,0.531124,0.468876,OTT,0,LAK,0
20252026,2025020287,2025-11-15,DET,BUF,0.648283,0.351717,DET,0,BUF,0
20252026,2025020288,2025-11-15,WSH,NJD,0.536865,0.463135,WSH,0,NJD,0
20252026,2025020289,2025-11-15,CAR,EDM,0.49035,0.50965,EDM,0,EDM,1
20252026,2025020290,2025-11-15,CBJ,NYR,0.498247,0.501753,NYR,0,NYR,1
20252026,2025020291,2025-11-15,CHI,TOR,0.457236,0.542764,TOR,1,CHI,0
20252026,2025020292,2025-11-15,STL,VGK,0.334945,0.665055,VGK,0,VGK,1
20252026,2025020293,2025-11-15,DAL,PHI,0.719205,0.280795,DAL,1,DAL,1
20252026,2025020294,2025-11-15,CGY,WPG,0.332445,0.667555,WPG,0,WPG,1
20252026,2025020295,2025-11-15,SEA,SJS,0.316759,0.683241,SJS,1,SEA,0
20252026,2025020296,2025-11-16,PIT,NSH,0.59309,0.40691,PIT,1,PIT,1
20252026,2025020297,2025-11-16,TBL,VAN,0.466133,0.533867,VAN,0,VAN,1
20252026,2025020298,2025-11-16,MIN,VGK,0.424584,0.575416,VGK,1,MIN,0
20252026,2025020299,2025-11-16,NYR,DET,0.50066,0.49934,NYR,0,DET,0
20252026,2025020300,2025-11-16,COL,NYI,0.658233,0.341767,COL,1,COL,1
20252026,2025020301,2025-11-17,BOS,CAR,0.396741,0.603259,CAR,0,CAR,1
20252026,2025020302,2025-11-17,BUF,EDM,0.423455,0.576545,EDM,1,BUF,0
20252026,2025020303,2025-11-17,FLA,VAN,0.664258,0.335742,FLA,1,FLA,1
20252026,2025020304,2025-11-17,WSH,LAK,0.570612,0.429388,WSH,1,WSH,1
20252026,2025020305,2025-11-17,CBJ,MTL,0.509639,0.490361,CBJ,1,CBJ,1
20252026,2025020306,2025-11-17,ANA,UTA,0.537354,0.462646,ANA,1,ANA,1
20252026,2025020307,2025-11-18,TOR,STL,0.570192,0.429808,TOR,1,TOR,1
20252026,2025020308,2025-11-18,DET,SEA,0.542096,0.457904,DET,1,DET,1
20252026,2025020309,2025-11-18,TBL,NJD,0.489884,0.510116,NJD,1,TBL,0
20252026,2025020310,2025-11-18,DAL,NYI,0.64257,0.35743,DAL,0,NYI,0
20252026,2025020311,2025-11-18,WPG,CBJ,0.727549,0.272451,WPG,1,WPG,1
20252026,2025020312,2025-11-18,CHI,CGY,0.536451,0.463549,CHI,1,CHI,1
20252026,2025020313,2025-11-18,VGK,NYR,0.572731,0.427269,VGK,1,VGK,1
20252026,2025020314,2025-11-18,SJS,UTA,0.4879,0.5121,UTA,1,SJS,0
20252026,2025020315,2025-11-19,WSH,EDM,0.567375,0.432625,WSH,1,WSH,1
20252026,2025020316,2025-11-19,BUF,CGY,0.648829,0.351171,BUF,0,CGY,0
20252026,2025020317,2025-11-19,MIN,CAR,0.443317,0.556683,CAR,1,MIN,0
20252026,2025020318,2025-11-19,ANA,BOS,0.610953,0.389047,ANA,1,ANA,1
20252026,2025020319,2025-11-20,TOR,CBJ,0.594531,0.405469,TOR,0,CBJ,0
20252026,2025020320,2025-11-20,MTL,WSH,0.252232,0.747768,WSH,0,WSH,1
20252026,2025020321,2025-11-20,DET,NYI,0.584466,0.415534,DET,0,NYI,0
20252026,2025020322,2025-11-20,TBL,EDM,0.625972,0.374028,TBL,1,TBL,1
20252026,2025020323,2025-11-20,FLA,NJD,0.569447,0.430553,FLA,1,FLA,1
20252026,2025020324,2025-11-20,PHI,STL,0.576593,0.423407,PHI,1,PHI,1
20252026,2025020325,2025-11-20,CHI,SEA,0.478943,0.521057,SEA,0,SEA,1
20252026,2025020326,2025-11-20,COL,NYR,0.652526,0.347474,COL,1,COL,1
20252026,2025020327,2025-11-20,UTA,VGK,0.480409,0.519591,VGK,0,VGK,1
20252026,2025020328,2025-11-20,VAN,DAL,0.428126,0.571874,DAL,0,DAL,1
20252026,2025020329,2025-11-20,ANA,OTT,0.357879,0.642121,OTT,0,OTT,1
20252026,2025020330,2025-11-20,SJS,LAK,0.369955,0.630045,LAK,1,SJS,0
20252026,2025020331,2025-11-21,BUF,CHI,0.625211,0.374789,BUF,1,BUF,1
20252026,2025020332,2025-11-21,PIT,MIN,0.266529,0.733471,MIN,0,MIN,1
20252026,2025020333,2025-11-21,WPG,CAR,0.594973,0.405027,WPG,0,CAR,0
20252026,2025020334,2025-11-21,LAK,BOS,0.513546,0.486454,LAK,0,BOS,0
20252026,2025020335,2025-11-22,DET,CBJ,0.527936,0.472064,DET,1,DET,1
20252026,2025020336,2025-11-22,NYI,STL,0.583735,0.416265,NYI,0,STL,0
20252026,2025020337,2025-11-22,MTL,TOR,0.526764,0.473236,MTL,1,MTL,1
20252026,2025020338,2025-11-22,FLA,EDM,0.542507,0.457493,FLA,0,EDM,0
20252026,2025020339,2025-11-22,PHI,NJD,0.468656,0.531344,NJD,1,PHI,0
20252026,2025020340,2025-11-22,PIT,SEA,0.411604,0.588396,SEA,0,SEA,1
20252026,2025020341,2025-11-22,WSH,TBL,0.284874,0.715126,TBL,0,TBL,1
20252026,2025020342,2025-11-22,SJS,OTT,0.369527,0.630473,OTT,0,OTT,1
20252026,2025020343,2025-11-22,NSH,COL,0.393967,0.606033,COL,0,COL,1
20252026,2025020344,2025-11-22,UTA,NYR,0.535237,0.464763,UTA,1,UTA,1
20252026,2025020345,2025-11-22,CGY,DAL,0.403251,0.596749,DAL,1,CGY,0
20252026,2025020346,2025-11-22,ANA,VGK,0.471131,0.528869,VGK,1,ANA,0
20252026,2025020347,2025-11-23,BUF,CAR,0.416345,0.583655,CAR,1,BUF,0
20252026,2025020348,2025-11-23,WPG,MIN,0.654191,0.345809,WPG,0,MIN,0
20252026,2025020349,2025-11-23,NYI,SEA,0.505914,0.494086,NYI,1,NYI,1
20252026,2025020350,2025-11-23,CHI,COL,0.41127,0.58873,COL,0,COL,1
20252026,2025020351,2025-11-23,SJS,BOS,0.343899,0.656101,BOS,1,SJS,0
20252026,2025020352,2025-11-23,VAN,CGY,0.646322,0.353678,VAN,0,CGY,0
20252026,2025020353,2025-11-24,TBL,PHI,0.582007,0.417993,TBL,1,TBL,1
20252026,2025020354,2025-11-24,NJD,DET,0.58752,0.41248,NJD,1,NJD,1
20252026,2025020355,2025-11-24,NYR,STL,0.550285,0.449715,NYR,1,NYR,1
20252026,2025020356,2025-11-24,WSH,CBJ,0.63262,0.36738,WSH,1,WSH,1
20252026,2025020357,2025-11-24,NSH,FLA,0.194473,0.805527,FLA,0,FLA,1
20252026,2025020358,2025-11-24,UTA,VGK,0.450238,0.549762,VGK,1,UTA,0
20252026,2025020359,2025-11-24,LAK,OTT,0.514082,0.485918,LAK,1,LAK,1
20252026,2025020360,2025-11-25,EDM,DAL,0.215091,0.784909,DAL,0,DAL,1
20252026,2025020361,2025-11-26,DET,NSH,0.635835,0.364165,DET,0,NSH,0
20252026,2025020362,2025-11-26,TBL,CGY,0.857166,0.142834,TBL,1,TBL,1
20252026,2025020363,2025-11-26,FLA,PHI,0.619034,0.380966,FLA,0,PHI,0
20252026,2025020364,2025-11-26,NJD,STL,0.617038,0.382962,NJD,1,NJD,1
20252026,2025020365,2025-11-26,NYI,BOS,0.581716,0.418284,NYI,0,BOS,0
20252026,2025020366,2025-11-26,PIT,BUF,0.580498,0.419502,PIT,1,PIT,1
20252026,2025020367,2025-11-26,WSH,WPG,0.476177,0.523823,WPG,1,WSH,0
20252026,2025020368,2025-11-26,CAR,NYR,0.587713,0.412287,CAR,0,NYR,0
20252026,2025020369,2025-11-26,CBJ,TOR,0.464695,0.535305,TOR,0,TOR,1
20252026,2025020370,2025-11-26,CHI,MIN,0.425378,0.574622,MIN,0,MIN,1
20252026,2025020371,2025-11-26,COL,SJS,0.923013,0.076987,COL,1,COL,1
20252026,2025020372,2025-11-26,UTA,MTL,0.489715,0.510285,MTL,0,MTL,1
20252026,2025020373,2025-11-26,VGK,OTT,0.59194,0.40806,VGK,0,OTT,0
20252026,2025020374,2025-11-26,ANA,VAN,0.591878,0.408122,ANA,0,VAN,0
20252026,2025020375,2025-11-26,SEA,DAL,0.554247,0.445753,SEA,0,DAL,0
20252026,2025020376,2025-11-28,BOS,NYR,0.441425,0.558575,NYR,0,NYR,1
20252026,2025020377,2025-11-28,DET,TBL,0.480978,0.519022,TBL,0,TBL,1
20252026,2025020378,2025-11-28,MIN,COL,0.431525,0.568475,COL,1,MIN,0
20252026,2025020379,2025-11-28,BUF,NJD,0.511148,0.488852,BUF,0,NJD,0
20252026,2025020380,2025-11-28,FLA,CGY,0.621944,0.378056,FLA,0,CGY,0
20252026,2025020381,2025-11-28,NYI,PHI,0.559203,0.440797,NYI,0,PHI,0
20252026,2025020382,2025-11-28,STL,OTT,0.456757,0.543243,OTT,1,STL,0
20252026,2025020383,2025-11-28,VGK,MTL,0.562757,0.437243,VGK,0,MTL,0
20252026,2025020384,2025-11-28,ANA,LAK,0.503,0.497,ANA,1,ANA,1
20252026,2025020385,2025-11-28,SJS,VAN,0.395202,0.604798,VAN,1,SJS,0
20252026,2025020386,2025-11-28,WSH,TOR,0.609625,0.390375,WSH,1,WSH,1
20252026,2025020387,2025-11-28,CAR,WPG,0.46234,0.53766,WPG,1,CAR,0
20252026,2025020388,2025-11-28,CBJ,PIT,0.518858,0.481142,CBJ,0,PIT,0
20252026,2025020389,2025-11-28,CHI,NSH,0.498203,0.501797,NSH,0,NSH,1
20252026,2025020390,2025-11-28,DAL,UTA,0.60813,0.39187,DAL,1,DAL,1
20252026,2025020391,2025-11-29,NYR,TBL,0.427778,0.572222,TBL,0,TBL,1
20252026,2025020392,2025-11-29,COL,MTL,0.609334,0.390666,COL,1,COL,1
20252026,2025020393,2025-11-29,SEA,EDM,0.515052,0.484948,SEA,0,EDM,0
20252026,2025020394,2025-11-29,BOS,DET,0.436996,0.563004,DET,1,BOS,0
20252026,2025020395,2025-11-29,NJD,PHI,0.604438,0.395562,NJD,0,PHI,0
20252026,2025020396,2025-11-29,PIT,TOR,0.200103,0.799897,TOR,0,TOR,1
20252026,2025020397,2025-11-29,NSH,WPG,0.339672,0.660328,WPG,0,WPG,1
20252026,2025020398,2025-11-29,STL,UTA,0.464822,0.535178,UTA,1,STL,0
20252026,2025020399,2025-11-29,MIN,BUF,0.580109,0.419891,MIN,0,BUF,0
20252026,2025020400,2025-11-29,VGK,SJS,0.679874,0.320126,VGK,1,VGK,1
20252026,2025020401,2025-11-29,LAK,VAN,0.530118,0.469882,LAK,1,LAK,1
20252026,2025020402,2025-11-30,NYI,WSH,0.379354,0.620646,WSH,0,WSH,1
20252026,2025020403,2025-11-30,CHI,ANA,0.727716,0.272284,CHI,1,CHI,1
20252026,2025020404,2025-11-30,CAR,CGY,0.651823,0.348177,CAR,1,CAR,1
20252026,2025020405,2025-11-30,DAL,OTT,0.593683,0.406317,DAL,1,DAL,1
20252026,2025020406,2025-12-01,NJD,CBJ,0.607011,0.392989,NJD,0,CBJ,0
20252026,2025020407,2025-12-01,PHI,PIT,0.571557,0.428443,PHI,0,PIT,0
20252026,2025020408,2025-12-01,BUF,WPG,0.71275,0.28725,BUF,1,BUF,1
20252026,2025020409,2025-12-01,STL,ANA,0.245626,0.754374,ANA,0,ANA,1
20252026,2025020410,2025-12-01,SJS,UTA,0.711563,0.288437,SJS,1,SJS,1
20252026,2025020411,2025-12-02,MTL,OTT,0.559081,0.440919,MTL,0,OTT,0
20252026,2025020412,2025-12-02,DET,BOS,0.836426,0.163574,DET,1,DET,1
20252026,2025020413,2025-12-02,FLA,TOR,0.528567,0.471433,FLA,0,TOR,0
20252026,2025020414,2025-12-02,NYI,TBL,0.392643,0.607357,TBL,1,NYI,0
20252026,2025020415,2025-12-02,NYR,DAL,0.450078,0.549922,DAL,1,NYR,0
20252026,2025020416,2025-12-02,NSH,CGY,0.784007,0.215993,NSH,1,NSH,1
20252026,2025020417,2025-12-02,COL,VAN,0.394582,0.605418,VAN,1,COL,0
20252026,2025020418,2025-12-02,EDM,MIN,0.569097,0.430903,EDM,0,MIN,0
20252026,2025020419,2025-12-02,VGK,CHI,0.65942,0.34058,VGK,1,VGK,1
20252026,2025020420,2025-12-02,LAK,WSH,0.435941,0.564059,WSH,0,WSH,1
20252026,2025020421,2025-12-03,NJD,DAL,0.578257,0.421743,NJD,0,DAL,0
20252026,2025020422,2025-12-03,MTL,WPG,0.334415,0.665585,WPG,1,MTL,0
20252026,2025020423,2025-12-03,PHI,BUF,0.509791,0.490209,PHI,1,PHI,1
20252026,2025020424,2025-12-03,ANA,UTA,0.572292,0.427708,ANA,0,UTA,0
20252026,2025020425,2025-12-03,SJS,WSH,0.162112,0.837888,WSH,0,WSH,1
20252026,2025020426,2025-12-04,BOS,STL,0.467264,0.532736,STL,1,BOS,0
20252026,2025020427,2025-12-04,OTT,NYR,0.506955,0.493045,OTT,0,NYR,0
20252026,2025020428,2025-12-04,TBL,PIT,0.642303,0.357697,TBL,0,PIT,0
20252026,2025020429,2025-12-04,FLA,NSH,0.656745,0.343255,FLA,0,NSH,0
20252026,2025020430,2025-12-04,NYI,COL,0.365781,0.634219,COL,1,NYI,0
20252026,2025020431,2025-12-04,CAR,TOR,0.825606,0.174394,CAR,0,TOR,0
20252026,2025020432,2025-12-04,CBJ,DET,0.53526,0.46474,CBJ,1,CBJ,1
20252026,2025020433,2025-12-04,CGY,MIN,0.497902,0.502098,MIN,1,CGY,0
20252026,2025020434,2025-12-04,EDM,SEA,0.812862,0.187138,EDM,1,EDM,1
20252026,2025020435,2025-12-04,LAK,CHI,0.607173,0.392827,LAK,0,CHI,0
20252026,2025020436,2025-12-05,NJD,VGK,0.514071,0.485929,NJD,0,VGK,0
20252026,2025020437,2025-12-05,WPG,BUF,0.642905,0.357095,WPG,1,WPG,1
20252026,2025020438,2025-12-05,DAL,SJS,0.730284,0.269716,DAL,1,DAL,1
20252026,2025020439,2025-12-05,VAN,UTA,0.487497,0.512503,UTA,0,UTA,1
20252026,2025020440,2025-12-05,ANA,WSH,0.491417,0.508583,WSH,1,ANA,0
20252026,2025020441,2025-12-06,NYR,COL,0.42583,0.57417,COL,0,COL,1
20252026,2025020442,2025-12-06,FLA,CBJ,0.591738,0.408262,FLA,1,FLA,1
20252026,2025020443,2025-12-06,BOS,NJD,0.555965,0.444035,BOS,1,BOS,1
20252026,2025020444,2025-12-06,TOR,MTL,0.582663,0.417337,TOR,0,MTL,0
20252026,2025020445,2025-12-06,OTT,STL,0.57017,0.42983,OTT,0,STL,0
20252026,2025020446,2025-12-06,TBL,NYI,0.644402,0.355598,TBL,0,NYI,0
20252026,2025020447,2025-12-06,CAR,NSH,0.865313,0.134687,CAR,1,CAR,1
20252026,2025020448,2025-12-06,CGY,UTA,0.614898,0.385102,CGY,1,CGY,1
20252026,2025020449,2025-12-06,LAK,CHI,0.599952,0.400048,LAK,1,LAK,1
20252026,2025020450,2025-12-06,EDM,WPG,0.819715,0.180285,EDM,1,EDM,1
20252026,2025020451,2025-12-06,VAN,MIN,0.365416,0.634584,MIN,1,VAN,0
20252026,2025020452,2025-12-06,SEA,DET,0.494754,0.505246,DET,0,DET,1
20252026,2025020453,2025-12-07,PHI,COL,0.497429,0.502571,COL,0,COL,1
20252026,2025020454,2025-12-07,FLA,NYI,0.597339,0.402661,FLA,1,FLA,1
20252026,2025020455,2025-12-07,CAR,SJS,0.604374,0.395626,CAR,0,SJS,0
20252026,2025020456,2025-12-07,DAL,PIT,0.652332,0.347668,DAL,1,DAL,1
20252026,2025020457,2025-12-07,MTL,STL,0.538584,0.461416,MTL,0,STL,0
20252026,2025020458,2025-12-07,NYR,VGK,0.364705,0.635295,VGK,0,VGK,1
20252026,2025020459,2025-12-07,WSH,CBJ,0.702542,0.297458,WSH,1,WSH,1
20252026,2025020460,2025-12-07,ANA,CHI,0.744385,0.255615,ANA,1,ANA,1
20252026,2025020461,2025-12-08,TOR,TBL,0.489714,0.510286,TBL,1,TOR,0
20252026,2025020462,2025-12-08,UTA,LAK,0.507086,0.492914,UTA,0,LAK,0
20252026,2025020463,2025-12-08,CGY,BUF,0.79413,0.20587,CGY,1,CGY,1
20252026,2025020464,2025-12-08,VAN,DET,0.212459,0.787541,DET,0,DET,1
20252026,2025020465,2025-12-08,SEA,MIN,0.484619,0.515381,MIN,0,MIN,1
20252026,2025020466,2025-12-09,MTL,TBL,0.251014,0.748986,TBL,0,TBL,1
20252026,2025020467,2025-12-09,OTT,NJD,0.526631,0.473369,OTT,0,NJD,0
20252026,2025020468,2025-12-09,NYI,VGK,0.441184,0.558816,VGK,1,NYI,0
20252026,2025020469,2025-12-09,PHI,SJS,0.633644,0.366356,PHI,1,PHI,1
20252026,2025020470,2025-12-09,PIT,ANA,0.443304,0.556696,ANA,0,ANA,1
20252026,2025020471,2025-12-09,CAR,CBJ,0.577575,0.422425,CAR,1,CAR,1
20252026,2025020472,2025-12-09,STL,BOS,0.508756,0.491244,STL,0,BOS,0
20252026,2025020473,2025-12-09,WPG,DAL,0.55719,0.44281,WPG,0,DAL,0
20252026,2025020474,2025-12-09,EDM,BUF,0.903307,0.096693,EDM,0,BUF,0
20252026,2025020475,2025-12-09,NSH,COL,0.649052,0.350948,NSH,1,NSH,1
20252026,2025020476,2025-12-10,CHI,NYR,0.459349,0.540651,NYR,1,CHI,0
20252026,2025020477,2025-12-10,CGY,DET,0.493228,0.506772,DET,0,DET,1
20252026,2025020478,2025-12-10,UTA,FLA,0.452185,0.547815,FLA,0,FLA,1
20252026,2025020479,2025-12-10,SEA,LAK,0.462683,0.537317,LAK,1,SEA,0
20252026,2025020480,2025-12-11,TOR,SJS,0.690706,0.309294,TOR,0,SJS,0
20252026,2025020481,2025-12-11,NJD,TBL,0.239987,0.760013,TBL,0,TBL,1
20252026,2025020482,2025-12-11,NYI,ANA,0.466619,0.533381,ANA,1,NYI,0
20252026,2025020483,2025-12-11,PHI,VGK,0.462181,0.537819,VGK,0,VGK,1
20252026,2025020484,2025-12-11,PIT,MTL,0.518731,0.481269,PIT,0,MTL,0
20252026,2025020485,2025-12-11,WSH,CAR,0.608189,0.391811,WSH,0,CAR,0
20252026,2025020486,2025-12-11,CBJ,OTT,0.23743,0.76257,OTT,0,OTT,1
20252026,2025020487,2025-12-11,NSH,STL,0.775142,0.224858,NSH,1,NSH,1
20252026,2025020488,2025-12-11,MIN,DAL,0.426181,0.573819,DAL,1,MIN,0
20252026,2025020489,2025-12-11,WPG,BOS,0.667394,0.332606,WPG,0,BOS,0
20252026,2025020490,2025-12-11,COL,FLA,0.702536,0.297464,COL,1,COL,1
20252026,2025020491,2025-12-11,EDM,DET,0.647548,0.352452,EDM,1,EDM,1
20252026,2025020492,2025-12-11,VAN,BUF,0.514876,0.485124,VAN,0,BUF,0
20252026,2025020493,2025-12-12,STL,CHI,0.446965,0.553035,CHI,1,STL,0
20252026,2025020494,2025-12-12,UTA,SEA,0.599125,0.400875,UTA,1,UTA,1
20252026,2025020495,2025-12-13,NJD,ANA,0.516281,0.483719,NJD,1,NJD,1
20252026,2025020496,2025-12-13,MIN,OTT,0.501332,0.498668,MIN,1,MIN,1
20252026,2025020497,2025-12-13,PIT,SJS,0.634944,0.365056,PIT,0,SJS,0
20252026,2025020498,2025-12-13,NYI,TBL,0.720969,0.279031,NYI,1,NYI,1
20252026,2025020499,2025-12-13,TOR,EDM,0.280144,0.719856,EDM,0,EDM,1
20252026,2025020500,2025-12-13,NYR,MTL,0.56483,0.43517,NYR,1,NYR,1
20252026,2025020501,2025-12-13,PHI,CAR,0.464833,0.535167,CAR,0,CAR,1
20252026,2025020502,2025-12-13,CBJ,VGK,0.440879,0.559121,VGK,0,VGK,1
20252026,2025020503,2025-12-13,WPG,WSH,0.539636,0.460364,WPG,1,WPG,1
20252026,2025020504,2025-12-13,CHI,DET,0.352142,0.647858,DET,0,DET,1
20252026,2025020505,2025-12-13,DAL,FLA,0.593734,0.406266,DAL,0,FLA,0
20252026,2025020506,2025-12-13,COL,NSH,0.726308,0.273692,COL,1,COL,1
20252026,2025020507,2025-12-13,LAK,CGY,0.573717,0.426283,LAK,0,CGY,0
20252026,2025020508,2025-12-14,NJD,VAN,0.505023,0.494977,NJD,0,VAN,0
20252026,2025020509,2025-12-14,PIT,UTA,0.412281,0.587719,UTA,0,UTA,1
20252026,2025020510,2025-12-14,CAR,PHI,0.587635,0.412365,CAR,1,CAR,1
20252026,2025020511,2025-12-14,MIN,BOS,0.447547,0.552453,BOS,1,MIN,0
20252026,2025020512,2025-12-14,MTL,EDM,0.427514,0.572486,EDM,1,MTL,0
20252026,2025020513,2025-12-14,SEA,BUF,0.496549,0.503451,BUF,0,BUF,1
20252026,2025020514,2025-12-15,TBL,FLA,0.528794,0.471206,TBL,0,FLA,0
20252026,2025020515,2025-12-15,NYR,ANA,0.50108,0.49892,NYR,0,ANA,0
20252026,2025020516,2025-12-15,WPG,OTT,0.613436,0.386564,WPG,0,OTT,0
20252026,2025020517,2025-12-15,STL,NSH,0.563441,0.436559,STL,0,NSH,0
20252026,2025020518,2025-12-15,DAL,LAK,0.84725,0.15275,DAL,1,DAL,1
20252026,2025020519,2025-12-16,BOS,UTA,0.512145,0.487855,BOS,1,BOS,1
20252026,2025020520,2025-12-16,TOR,CHI,0.701572,0.298428,TOR,1,TOR,1
20252026,2025020521,2025-12-16,MTL,PHI,0.524237,0.475763,MTL,0,PHI,0
20252026,2025020522,2025-12-16,DET,NYI,0.549757,0.450243,DET,1,DET,1
20252026,2025020523,2025-12-16,NYR,VAN,0.459499,0.540501,VAN,0,VAN,1
20252026,2025020524,2025-12-16,PIT,EDM,0.45197,0.54803,EDM,0,EDM,1
20252026,2025020525,2025-12-16,CBJ,ANA,0.599565,0.400435,CBJ,1,CBJ,1
20252026,2025020526,2025-12-16,MIN,WSH,0.435282,0.564718,WSH,1,MIN,0
20252026,2025020527,2025-12-16,SJS,CGY,0.503752,0.496248,SJS,1,SJS,1
20252026,2025020528,2025-12-16,SEA,COL,0.334606,0.665394,COL,0,COL,1
20252026,2025020529,2025-12-17,FLA,LAK,0.587062,0.412938,FLA,1,FLA,1
20252026,2025020530,2025-12-17,DET,UTA,0.525835,0.474165,DET,0,UTA,0
20252026,2025020531,2025-12-17,STL,WPG,0.384423,0.615577,WPG,1,STL,0
20252026,2025020532,2025-12-17,NSH,CAR,0.408976,0.591024,CAR,0,CAR,1
20252026,2025020533,2025-12-17,VGK,NJD,0.5959,0.4041,VGK,0,NJD,0
20252026,2025020534,2025-12-18,BOS,EDM,0.758879,0.241121,BOS,0,EDM,0
20252026,2025020535,2025-12-18,BUF,PHI,0.533116,0.466884,BUF,1,BUF,1
20252026,2025020536,2025-12-18,MTL,CHI,0.634881,0.365119,MTL,1,MTL,1
20252026,2025020537,2025-12-18,OTT,PIT,0.564888,0.435112,OTT,1,OTT,1
20252026,2025020538,2025-12-18,TBL,LAK,0.855935,0.144065,TBL,0,LAK,0
20252026,2025020539,2025-12-18,WSH,TOR,0.546824,0.453176,WSH,1,WSH,1
20252026,2025020540,2025-12-18,CBJ,MIN,0.481485,0.518515,MIN,0,MIN,1
20252026,2025020541,2025-12-18,STL,NYR,0.415161,0.584839,NYR,0,NYR,1
20252026,2025020542,2025-12-18,CGY,SEA,0.552799,0.447201,CGY,1,CGY,1
20252026,2025020543,2025-12-18,SJS,DAL,0.343228,0.656772,DAL,0,DAL,1
20252026,2025020544,2025-12-19,FLA,CAR,0.551803,0.448197,FLA,1,FLA,1
20252026,2025020545,2025-12-19,NYI,VAN,0.567814,0.432186,NYI,0,VAN,0
20252026,2025020546,2025-12-19,COL,WPG,0.603996,0.396004,COL,1,COL,1
20252026,2025020547,2025-12-19,UTA,NJD,0.559007,0.440993,UTA,0,NJD,0
20252026,2025020548,2025-12-19,ANA,DAL,0.249662,0.750338,DAL,0,DAL,1
20252026,2025020549,2025-12-20,NYR,PHI,0.52862,0.47138,NYR,1,NYR,1
20252026,2025020550,2025-12-20,WSH,DET,0.622221,0.377779,WSH,0,DET,0
20252026,2025020551,2025-12-20,OTT,CHI,0.712634,0.287366,OTT,1,OTT,1
20252026,2025020552,2025-12-20,MIN,EDM,0.551806,0.448194,MIN,1,MIN,1
20252026,2025020553,2025-12-20,BUF,NYI,0.605113,0.394887,BUF,1,BUF,1
20252026,2025020554,2025-12-20,FLA,STL,0.545699,0.454301,FLA,0,STL,0
20252026,2025020555,2025-12-20,BOS,VAN,0.656568,0.343432,BOS,0,VAN,0
20252026,2025020556,2025-12-20,MTL,PIT,0.531819,0.468181,MTL,1,MTL,1
20252026,2025020557,2025-12-20,TBL,CAR,0.623416,0.376584,TBL,1,TBL,1
20252026,2025020558,2025-12-20,NSH,TOR,0.463633,0.536367,TOR,1,NSH,0
20252026,2025020559,2025-12-20,CGY,VGK,0.460782,0.539218,VGK,1,CGY,0
20252026,2025020560,2025-12-20,ANA,CBJ,0.442101,0.557899,CBJ,1,ANA,0
20252026,2025020561,2025-12-20,SJS,SEA,0.494896,0.505104,SEA,0,SEA,1
20252026,2025020562,2025-12-21,DET,WSH,0.409511,0.590489,WSH,1,DET,0
20252026,2025020563,2025-12-21,MIN,COL,0.344335,0.655665,COL,0,COL,1
20252026,2025020564,2025-12-21,BOS,OTT,0.179685,0.820315,OTT,0,OTT,1
20252026,2025020565,2025-12-21,NJD,BUF,0.662689,0.337311,NJD,0,BUF,0
20252026,2025020566,2025-12-21,PIT,MTL,0.530523,0.469477,PIT,1,PIT,1
20252026,2025020567,2025-12-21,NSH,NYR,0.481762,0.518238,NYR,1,NSH,0
20252026,2025020568,2025-12-21,DAL,TOR,0.697431,0.302569,DAL,1,DAL,1
20252026,2025020569,2025-12-21,UTA,WPG,0.462767,0.537233,WPG,1,UTA,0
20252026,2025020570,2025-12-21,EDM,VGK,0.55394,0.44606,EDM,1,EDM,1
20252026,2025020571,2025-12-22,TBL,STL,0.608139,0.391861,TBL,1,TBL,1
20252026,2025020572,2025-12-22,PHI,VAN,0.584159,0.415841,PHI,1,PHI,1
20252026,2025020573,2025-12-22,ANA,SEA,0.599539,0.400461,ANA,0,SEA,0
20252026,2025020574,2025-12-22,LAK,CBJ,0.616868,0.383132,LAK,0,CBJ,0
20252026,2025020575,2025-12-23,TOR,PIT,0.547049,0.452951,TOR,1,TOR,1
20252026,2025020576,2025-12-23,WSH,NYR,0.612384,0.387616,WSH,0,NYR,0
20252026,2025020577,2025-12-23,BOS,MTL,0.539053,0.460947,BOS,0,MTL,0
20252026,2025020578,2025-12-23,OTT,BUF,0.627837,0.372163,OTT,0,BUF,0
20252026,2025020579,2025-12-23,DET,DAL,0.413851,0.586149,DAL,1,DET,0
20252026,2025020580,2025-12-23,NYI,NJD,0.468402,0.531598,NJD,1,NYI,0
20252026,2025020581,2025-12-23,CAR,FLA,0.52778,0.47222,CAR,0,FLA,0
20252026,2025020582,2025-12-23,MIN,NSH,0.665091,0.334909,MIN,0,NSH,0
20252026,2025020583,2025-12-23,CHI,PHI,0.503027,0.496973,CHI,0,PHI,0
20252026,2025020584,2025-12-23,COL,UTA,0.674049,0.325951,COL,1,COL,1
20252026,2025020585,2025-12-23,EDM,CGY,0.618831,0.381169,EDM,1,EDM,1
20252026,2025020586,2025-12-23,VGK,SJS,0.848543,0.151457,VGK,1,VGK,1
20252026,2025020587,2025-12-23,LAK,SEA,0.558497,0.441503,LAK,0,SEA,0
20252026,2025020588,2025-12-27,NYI,NYR,0.524354,0.475646,NYI,1,NYI,1
20252026,2025020589,2025-12-27,BUF,BOS,0.53831,0.46169,BUF,1,BUF,1
20252026,2025020590,2025-12-27,TOR,OTT,0.756896,0.243104,TOR,1,TOR,1
20252026,2025020591,2025-12-27,FLA,TBL,0.502921,0.497079,FLA,0,TBL,0
20252026,2025020592,2025-12-27,NJD,WSH,0.475388,0.524612,WSH,0,WSH,1
20252026,2025020593,2025-12-27,CAR,DET,0.578736,0.421264,CAR,1,CAR,1
20252026,2025020594,2025-12-27,WPG,MIN,0.572007,0.427993,WPG,0,MIN,0
20252026,2025020595,2025-12-27,STL,NSH,0.547261,0.452739,STL,1,STL,1
20252026,2025020596,2025-12-27,DAL,CHI,0.767346,0.232654,DAL,0,CHI,0
20252026,2025020597,2025-12-27,LAK,ANA,0.517605,0.482395,LAK,1,LAK,1
20252026,2025020598,2025-12-27,CGY,EDM,0.434726,0.565274,EDM,1,CGY,0
20252026,2025020599,2025-12-27,VAN,SJS,0.557755,0.442245,VAN,0,SJS,0
20252026,2025020600,2025-12-27,VGK,COL,0.427932,0.572068,COL,0,COL,1
20252026,2025020601,2025-12-28,DET,TOR,0.49615,0.50385,TOR,1,DET,0
20252026,2025020602,2025-12-28,TBL,MTL,0.514932,0.485068,TBL,1,TBL,1
20252026,2025020603,2025-12-28,CBJ,NYI,0.642823,0.357177,CBJ,1,CBJ,1
20252026,2025020604,2025-12-28,CHI,PIT,0.102677,0.897323,PIT,0,PIT,1
20252026,2025020605,2025-12-28,SEA,PHI,0.518467,0.481533,SEA,1,SEA,1
20252026,2025020606,2025-12-29,OTT,CBJ,0.684574,0.315426,OTT,0,CBJ,0
20252026,2025020607,2025-12-29,FLA,WSH,0.493101,0.506899,WSH,1,FLA,0
20252026,2025020608,2025-12-29,CAR,NYR,0.596985,0.403015,CAR,1,CAR,1
20252026,2025020609,2025-12-29,WPG,EDM,0.578707,0.421293,WPG,0,EDM,0
20252026,2025020610,2025-12-29,STL,BUF,0.534371,0.465629,STL,0,BUF,0
20252026,2025020611,2025-12-29,COL,LAK,0.684035,0.315965,COL,1,COL,1
20252026,2025020612,2025-12-29,UTA,NSH,0.643032,0.356968,UTA,0,NSH,0
20252026,2025020613,2025-12-29,CGY,BOS,0.550956,0.449044,CGY,1,CGY,1
20252026,2025020614,2025-12-29,VGK,MIN,0.232485,0.767515,MIN,0,MIN,1
20252026,2025020615,2025-12-29,ANA,SJS,0.312812,0.687188,SJS,0,SJS,1
20252026,2025020616,2025-12-29,SEA,VAN,0.455719,0.544281,VAN,0,VAN,1
20252026,2025020617,2025-12-30,TOR,NJD,0.509713,0.490287,TOR,1,TOR,1
20252026,2025020618,2025-12-30,FLA,MTL,0.481874,0.518126,MTL,0,MTL,1
20252026,2025020619,2025-12-30,PIT,CAR,0.533593,0.466407,PIT,1,PIT,1
20252026,2025020620,2025-12-30,CHI,NYI,0.45703,0.54297,NYI,0,NYI,1
20252026,2025020621,2025-12-30,VAN,PHI,0.364785,0.635215,PHI,0,PHI,1
20252026,2025020622,2025-12-31,WSH,NYR,0.607392,0.392608,WSH,1,WSH,1
20252026,2025020623,2025-12-31,VGK,NSH,0.653146,0.346854,VGK,0,NSH,0
20252026,2025020624,2025-12-31,ANA,TBL,0.44537,0.55463,TBL,0,TBL,1
20252026,2025020625,2025-12-31,SJS,MIN,0.364783,0.635217,MIN,1,SJS,0
20252026,2025020626,2025-12-31,DET,WPG,0.448971,0.551029,WPG,1,DET,0
20252026,2025020627,2025-12-31,CBJ,NJD,0.579323,0.420677,CBJ,0,NJD,0
20252026,2025020628,2025-12-31,DAL,BUF,0.669607,0.330393,DAL,0,BUF,0
20252026,2025020629,2025-12-31,COL,STL,0.726257,0.273743,COL,1,COL,1
20252026,2025020630,2025-12-31,CGY,PHI,0.61744,0.38256,CGY,1,CGY,1
20252026,2025020631,2025-12-31,EDM,BOS,0.636754,0.363246,EDM,0,BOS,0
20252026,2025020632,2026-01-01,OTT,WSH,0.581194,0.418806,OTT,1,OTT,1
20252026,2025020633,2026-01-01,NYI,UTA,0.208806,0.791194,UTA,0,UTA,1
20252026,2025020634,2026-01-01,TOR,WPG,0.257502,0.742498,WPG,1,TOR,0
20252026,2025020635,2026-01-01,PIT,DET,0.578906,0.421094,PIT,1,PIT,1
20252026,2025020636,2026-01-01,CAR,MTL,0.558751,0.441249,CAR,0,MTL,0
20252026,2025020637,2026-01-01,CHI,DAL,0.39299,0.60701,DAL,1,CHI,0
20252026,2025020638,2026-01-01,SEA,NSH,0.614421,0.385579,SEA,1,SEA,1
20252026,2025020639,2026-01-01,LAK,TBL,0.508523,0.491477,LAK,0,TBL,0
20252026,2025020640,2026-01-02,STL,VGK,0.391825,0.608175,VGK,1,STL,0
20252026,2025020641,2026-01-02,FLA,NYR,0.622771,0.377229,FLA,0,NYR,0
20252026,2025020642,2026-01-02,VAN,SEA,0.579127,0.420873,VAN,0,SEA,0
20252026,2025020643,2026-01-02,ANA,MIN,0.461008,0.538992,MIN,0,MIN,1
20252026,2025020644,2026-01-03,DET,PIT,0.564699,0.435301,DET,0,PIT,0
20252026,2025020645,2026-01-03,NJD,UTA,0.528472,0.471528,NJD,1,NJD,1
20252026,2025020646,2026-01-03,CBJ,BUF,0.512201,0.487799,CBJ,1,CBJ,1
20252026,2025020647,2026-01-03,EDM,PHI,0.575874,0.424126,EDM,0,PHI,0
20252026,2025020648,2026-01-03,STL,MTL,0.377967,0.622033,MTL,1,STL,0
20252026,2025020649,2026-01-03,SJS,TBL,0.130527,0.869473,TBL,0,TBL,1
20252026,2025020650,2026-01-03,OTT,WPG,0.49108,0.50892,WPG,1,OTT,0
20252026,2025020651,2026-01-03,NYI,TOR,0.461528,0.538472,TOR,1,NYI,0
20252026,2025020652,2026-01-03,WSH,CHI,0.732148,0.267852,WSH,0,CHI,0
20252026,2025020653,2026-01-03,CAR,COL,0.440951,0.559049,COL,0,COL,1
20252026,2025020654,2026-01-03,CGY,NSH,0.588666,0.411334,CGY,0,NSH,0
20252026,2025020655,2026-01-03,LAK,MIN,0.534687,0.465313,LAK,1,LAK,1
20252026,2025020656,2026-01-03,VAN,BOS,0.347651,0.652349,BOS,0,BOS,1
20252026,2025020657,2026-01-04,DAL,MTL,0.693048,0.306952,DAL,0,MTL,0
20252026,2025020658,2026-01-04,CBJ,PIT,0.523556,0.476444,CBJ,0,PIT,0
20252026,2025020659,2026-01-04,FLA,COL,0.499839,0.500161,COL,1,FLA,0
20252026,2025020660,2026-01-04,NJD,CAR,0.441013,0.558987,CAR,0,CAR,1
20252026,2025020661,2026-01-04,CHI,VGK,0.263742,0.736258,VGK,1,CHI,0
20252026,2025020662,2026-01-05,NYR,UTA,0.24591,0.75409,UTA,0,UTA,1
20252026,2025020663,2026-01-05,WSH,ANA,0.840774,0.159226,WSH,1,WSH,1
20252026,2025020664,2026-01-05,OTT,DET,0.290447,0.709553,DET,0,DET,1
20252026,2025020665,2026-01-05,CGY,SEA,0.566574,0.433426,CGY,0,SEA,0
20252026,2025020666,2026-01-05,LAK,MIN,0.481921,0.518079,MIN,1,LAK,0
20252026,2025020667,2026-01-06,BUF,VAN,0.626858,0.373142,BUF,1,BUF,1
20252026,2025020668,2026-01-06,TBL,COL,0.533155,0.466845,TBL,1,TBL,1
20252026,2025020669,2026-01-06,NYI,NJD,0.516256,0.483744,NYI,1,NYI,1
20252026,2025020670,2026-01-06,PHI,ANA,0.620474,0.379526,PHI,1,PHI,1
20252026,2025020671,2026-01-06,CAR,DAL,0.778489,0.221511,CAR,1,CAR,1
20252026,2025020672,2026-01-06,TOR,FLA,0.554448,0.445552,TOR,1,TOR,1
20252026,2025020673,2026-01-06,WPG,VGK,0.540396,0.459604,WPG,0,VGK,0
20252026,2025020674,2026-01-06,EDM,NSH,0.62296,0.37704,EDM,1,EDM,1
20252026,2025020675,2026-01-06,SJS,CBJ,0.459751,0.540249,CBJ,1,SJS,0
20252026,2025020676,2026-01-06,SEA,BOS,0.393916,0.606084,BOS,1,SEA,0
20252026,2025020677,2026-01-07,WSH,DAL,0.591932,0.408068,WSH,0,DAL,0
20252026,2025020678,2026-01-07,MTL,CGY,0.564346,0.435654,MTL,1,MTL,1
20252026,2025020679,2026-01-07,CHI,STL,0.444444,0.555556,STL,1,CHI,0
20252026,2025020680,2026-01-07,UTA,OTT,0.511771,0.488229,UTA,1,UTA,1
20252026,2025020681,2026-01-07,LAK,SJS,0.684197,0.315803,LAK,0,SJS,0
20252026,2025020682,2026-01-08,BOS,CGY,0.617315,0.382685,BOS,1,BOS,1
20252026,2025020683,2026-01-08,MTL,FLA,0.40781,0.59219,FLA,1,MTL,0
20252026,2025020684,2026-01-08,DET,VAN,0.628486,0.371514,DET,1,DET,1
20252026,2025020685,2026-01-08,NYR,BUF,0.551907,0.448093,NYR,0,BUF,0
20252026,2025020686,2026-01-08,PHI,TOR,0.419118,0.580882,TOR,0,TOR,1
20252026,2025020687,2026-01-08,PIT,NJD,0.564688,0.435312,PIT,1,PIT,1
20252026,2025020688,2026-01-08,CAR,ANA,0.686124,0.313876,CAR,1,CAR,1
20252026,2025020689,2026-01-08,NSH,NYI,0.491962,0.508038,NYI,1,NSH,0
20252026,2025020690,2026-01-08,WPG,EDM,0.607363,0.392637,WPG,0,EDM,0
20252026,2025020691,2026-01-08,COL,OTT,0.889698,0.110302,COL,1,COL,1
20252026,2025020692,2026-01-08,VGK,CBJ,0.340202,0.659798,CBJ,1,VGK,0
20252026,2025020693,2026-01-08,SEA,MIN,0.414349,0.585651,MIN,0,MIN,1
20252026,2025020694,2026-01-09,CHI,WSH,0.355252,0.644748,WSH,0,WSH,1
20252026,2025020695,2026-01-09,WPG,LAK,0.771397,0.228603,WPG,1,WPG,1
20252026,2025020696,2026-01-09,UTA,STL,0.624033,0.375967,UTA,1,UTA,1
20252026,2025020697,2026-01-10,BOS,NYR,0.787029,0.212971,BOS,1,BOS,1
20252026,2025020698,2026-01-10,PIT,CGY,0.573351,0.426649,PIT,0,CGY,0
20252026,2025020699,2026-01-10,COL,CBJ,0.661224,0.338776,COL,1,COL,1
20252026,2025020700,2026-01-10,SJS,DAL,0.345973,0.654027,DAL,1,SJS,0
20252026,2025020701,2026-01-10,BUF,ANA,0.636056,0.363944,BUF,1,BUF,1
20252026,2025020702,2026-01-10,TOR,VAN,0.878835,0.121165,TOR,1,TOR,1
20252026,2025020703,2026-01-10,MTL,DET,0.547076,0.452924,MTL,0,DET,0
20252026,2025020704,2026-01-10,OTT,FLA,0.544851,0.455149,OTT,0,FLA,0
20252026,2025020705,2026-01-10,PHI,TBL,0.373384,0.626616,TBL,0,TBL,1
20252026,2025020706,2026-01-10,CAR,SEA,0.674285,0.325715,CAR,1,CAR,1
20252026,2025020707,2026-01-10,NSH,CHI,0.658632,0.341368,NSH,0,CHI,0
20252026,2025020708,2026-01-10,MIN,NYI,0.62865,0.37135,MIN,0,NYI,0
20252026,2025020709,2026-01-10,EDM,LAK,0.660309,0.339691,EDM,0,LAK,0
20252026,2025020710,2026-01-10,VGK,STL,0.727953,0.272047,VGK,1,VGK,1
20252026,2025020711,2026-01-11,WPG,NJD,0.619469,0.380531,WPG,1,WPG,1
20252026,2025020712,2026-01-11,BOS,PIT,0.522883,0.477117,BOS,1,BOS,1
20252026,2025020713,2026-01-11,NSH,WSH,0.279923,0.720077,WSH,1,NSH,0
20252026,2025020714,2026-01-11,UTA,CBJ,0.645881,0.354119,UTA,0,CBJ,0
20252026,2025020715,2026-01-11,SJS,VGK,0.341461,0.658539,VGK,0,VGK,1
20252026,2025020716,2026-01-12,BUF,FLA,0.50839,0.49161,BUF,0,FLA,0
20252026,2025020717,2026-01-12,DET,CAR,0.458679,0.541321,CAR,1,DET,0
20252026,2025020718,2026-01-12,NYR,SEA,0.600042,0.399958,NYR,0,SEA,0
20252026,2025020719,2026-01-12,PHI,TBL,0.374977,0.625023,TBL,0,TBL,1
20252026,2025020720,2026-01-12,MTL,VAN,0.605377,0.394623,MTL,1,MTL,1
20252026,2025020721,2026-01-12,MIN,NJD,0.668064,0.331936,MIN,0,NJD,0
20252026,2025020722,2026-01-12,CHI,EDM,0.368368,0.631632,EDM,0,EDM,1
20252026,2025020723,2026-01-12,COL,TOR,0.596631,0.403369,COL,0,TOR,0
20252026,2025020724,2026-01-12,LAK,DAL,0.464616,0.535384,DAL,0,DAL,1
20252026,2025020725,2026-01-13,OTT,VAN,0.723667,0.276333,OTT,1,OTT,1
20252026,2025020726,2026-01-13,PIT,TBL,0.481799,0.518201,TBL,0,TBL,1
20252026,2025020727,2026-01-13,WSH,MTL,0.648387,0.351613,WSH,1,WSH,1
20252026,2025020728,2026-01-13,CBJ,CGY,0.55281,0.44719,CBJ,1,CBJ,1
20252026,2025020729,2026-01-13,BOS,DET,0.579998,0.420002,BOS,1,BOS,1
20252026,2025020730,2026-01-13,STL,CAR,0.468425,0.531575,CAR,1,STL,0
20252026,2025020731,2026-01-13,NSH,EDM,0.502419,0.497581,NSH,1,NSH,1
20252026,2025020732,2026-01-13,WPG,NYI,0.642226,0.357774,WPG,1,WPG,1
20252026,2025020733,2026-01-13,UTA,TOR,0.560086,0.439914,UTA,1,UTA,1
20252026,2025020734,2026-01-13,ANA,DAL,0.460736,0.539264,DAL,1,ANA,0
20252026,2025020735,2026-01-14,NJD,SEA,0.559555,0.440445,NJD,1,NJD,1
20252026,2025020736,2026-01-14,BUF,PHI,0.82362,0.17638,BUF,1,BUF,1
20252026,2025020737,2026-01-14,NYR,OTT,0.280987,0.719013,OTT,0,OTT,1
20252026,2025020738,2026-01-14,LAK,VGK,0.456517,0.543483,VGK,0,VGK,1
20252026,2025020739,2026-01-15,BOS,SEA,0.616518,0.383482,BOS,1,BOS,1
20252026,2025020740,2026-01-15,BUF,MTL,0.403548,0.596452,MTL,1,BUF,0
20252026,2025020741,2026-01-15,PIT,PHI,0.843153,0.156847,PIT,1,PIT,1
20252026,2025020742,2026-01-15,WSH,SJS,0.676808,0.323192,WSH,0,SJS,0
20252026,2025020743,2026-01-15,CBJ,VAN,0.642898,0.357102,CBJ,1,CBJ,1
20252026,2025020744,2026-01-15,MIN,WPG,0.250849,0.749151,WPG,0,WPG,1
20252026,2025020745,2026-01-15,CHI,CGY,0.477637,0.522363,CGY,0,CGY,1
20252026,2025020746,2026-01-15,UTA,DAL,0.449281,0.550719,DAL,1,UTA,0
20252026,2025020747,2026-01-15,EDM,NYI,0.595246,0.404754,EDM,0,NYI,0
20252026,2025020748,2026-01-15,VGK,TOR,0.457927,0.542073,TOR,1,VGK,0
20252026,2025020749,2026-01-16,DET,SJS,0.724871,0.275129,DET,1,DET,1
20252026,2025020750,2026-01-16,CAR,FLA,0.556931,0.443069,CAR,1,CAR,1
20252026,2025020751,2026-01-16,STL,TBL,0.368308,0.631692,TBL,1,STL,0
20252026,2025020752,2026-01-16,COL,NSH,0.710666,0.289334,COL,0,NSH,0
20252026,2025020753,2026-01-16,LAK,ANA,0.605462,0.394538,LAK,0,ANA,0
20252026,2025020754,2026-01-17,BUF,MIN,0.542047,0.457953,BUF,0,MIN,0
20252026,2025020755,2026-01-17,PHI,NYR,0.197601,0.802399,NYR,0,NYR,1
20252026,2025020756,2026-01-17,CGY,NYI,0.492095,0.507905,NYI,1,CGY,0
20252026,2025020757,2026-01-17,UTA,SEA,0.57507,0.42493,UTA,1,UTA,1
20252026,2025020758,2026-01-17,OTT,MTL,0.553421,0.446579,OTT,0,MTL,0
20252026,2025020759,2026-01-17,NJD,CAR,0.537538,0.462462,NJD,0,CAR,0
20252026,2025020760,2026-01-17,PIT,CBJ,0.468681,0.531319,CBJ,0,CBJ,1
20252026,2025020761,2026-01-17,WSH,FLA,0.675292,0.324708,WSH,0,FLA,0
20252026,2025020762,2026-01-17,WPG,TOR,0.589586,0.410414,WPG,0,TOR,0
20252026,2025020763,2026-01-17,CHI,BOS,0.434654,0.565346,BOS,0,BOS,1
20252026,2025020764,2026-01-17,VAN,EDM,0.372866,0.627134,EDM,0,EDM,1
20252026,2025020765,2026-01-17,VGK,NSH,0.739856,0.260144,VGK,1,VGK,1
20252026,2025020766,2026-01-17,ANA,LAK,0.451766,0.548234,LAK,1,ANA,0
20252026,2025020767,2026-01-18,DAL,TBL,0.574693,0.425307,DAL,0,TBL,0
20252026,2025020768,2026-01-18,DET,OTT,0.605833,0.394167,DET,1,DET,1
20252026,2025020769,2026-01-18,EDM,STL,0.531285,0.468715,EDM,1,EDM,1
20252026,2025020770,2026-01-19,CAR,BUF,0.576946,0.423054,CAR,1,CAR,1
20252026,2025020771,2026-01-19,COL,WSH,0.584893,0.415107,COL,1,COL,1
20252026,2025020772,2026-01-19,SEA,PIT,0.554995,0.445005,SEA,0,PIT,0
20252026,2025020773,2026-01-19,FLA,SJS,0.650922,0.349078,FLA,0,SJS,0
20252026,2025020774,2026-01-19,TOR,MIN,0.257178,0.742822,MIN,0,MIN,1
20252026,2025020775,2026-01-19,VGK,PHI,0.666651,0.333349,VGK,0,PHI,0
20252026,2025020776,2026-01-19,CHI,WPG,0.302026,0.697974,WPG,1,CHI,0
20252026,2025020777,2026-01-19,CGY,NJD,0.471116,0.528884,NJD,0,NJD,1
20252026,2025020778,2026-01-19,VAN,NYI,0.453701,0.546299,NYI,0,NYI,1
20252026,2025020779,2026-01-19,ANA,NYR,0.458576,0.541424,NYR,1,ANA,0
20252026,2025020780,2026-01-20,MTL,MIN,0.59742,0.40258,MTL,1,MTL,1
20252026,2025020781,2026-01-20,TBL,SJS,0.767326,0.232674,TBL,1,TBL,1
20252026,2025020782,2026-01-20,CBJ,OTT,0.245023,0.754977,OTT,0,OTT,1
20252026,2025020783,2026-01-20,DAL,BOS,0.850477,0.149523,DAL,1,DAL,1
20252026,2025020784,2026-01-20,NSH,BUF,0.277666,0.722334,BUF,0,BUF,1
20252026,2025020785,2026-01-20,WPG,STL,0.618833,0.381167,WPG,1,WPG,1
20252026,2025020786,2026-01-20,EDM,NJD,0.65545,0.34455,EDM,0,NJD,0
20252026,2025020787,2026-01-20,LAK,NYR,0.303942,0.696058,NYR,1,LAK,0
20252026,2025020788,2026-01-21,TOR,DET,0.542984,0.457016,TOR,0,DET,0
20252026,2025020789,2026-01-21,COL,ANA,0.711464,0.288536,COL,0,ANA,0
20252026,2025020790,2026-01-21,UTA,PHI,0.652502,0.347498,UTA,1,UTA,1
20252026,2025020791,2026-01-21,CGY,PIT,0.523737,0.476263,CGY,0,PIT,0
20252026,2025020792,2026-01-21,VAN,WSH,0.343464,0.656536,WSH,1,VAN,0
20252026,2025020793,2026-01-21,SEA,NYI,0.536148,0.463852,SEA,1,SEA,1
20252026,2025020794,2026-01-22,BOS,VGK,0.445383,0.554617,VGK,1,BOS,0
20252026,2025020795,2026-01-22,MTL,BUF,0.536516,0.463484,MTL,0,BUF,0
20252026,2025020796,2026-01-22,CAR,CHI,0.746143,0.253857,CAR,0,CHI,0
20252026,2025020797,2026-01-22,CBJ,DAL,0.440553,0.559447,DAL,1,CBJ,0
20252026,2025020798,2026-01-22,NSH,OTT,0.454372,0.545628,OTT,1,NSH,0
20252026,2025020799,2026-01-22,WPG,FLA,0.591837,0.408163,WPG,0,FLA,0
20252026,2025020800,2026-01-22,EDM,PIT,0.687258,0.312742,EDM,0,PIT,0
20252026,2025020801,2026-01-22,MIN,DET,0.647617,0.352383,MIN,1,MIN,1
20252026,2025020802,2026-01-23,TOR,VGK,0.58789,0.41211,TOR,0,VGK,0
20252026,2025020803,2026-01-23,CHI,TBL,0.248185,0.751815,TBL,0,TBL,1
20252026,2025020804,2026-01-23,DAL,STL,0.59316,0.40684,DAL,1,DAL,1
20252026,2025020805,2026-01-23,COL,PHI,0.712459,0.287541,COL,0,PHI,0
20252026,2025020806,2026-01-23,CGY,WSH,0.389931,0.610069,WSH,0,WSH,1
20252026,2025020807,2026-01-23,VAN,NJD,0.433927,0.566073,NJD,0,NJD,1
20252026,2025020808,2026-01-23,SJS,NYR,0.432312,0.567688,NYR,1,SJS,0
20252026,2025020809,2026-01-23,SEA,ANA,0.590253,0.409747,SEA,0,ANA,0
20252026,2025020810,2026-01-24,NYI,BUF,0.544256,0.455744,NYI,0,BUF,0
20252026,2025020811,2026-01-24,NSH,UTA,0.477448,0.522552,UTA,0,UTA,1
20252026,2025020812,2026-01-24,BOS,MTL,0.512479,0.487521,BOS,1,BOS,1
20252026,2025020813,2026-01-24,OTT,CAR,0.525453,0.474547,OTT,0,CAR,0
20252026,2025020814,2026-01-24,CBJ,TBL,0.496107,0.503893,TBL,1,CBJ,0
20252026,2025020815,2026-01-24,WPG,DET,0.607673,0.392327,WPG,0,DET,0
20252026,2025020816,2026-01-24,STL,LAK,0.307526,0.692474,LAK,0,LAK,1
20252026,2025020817,2026-01-24,MIN,FLA,0.564416,0.435584,MIN,0,FLA,0
20252026,2025020818,2026-01-24,EDM,WSH,0.261137,0.738863,WSH,1,EDM,0
20252026,2025020819,2026-01-25,TOR,COL,0.420568,0.579432,COL,0,COL,1
20252026,2025020820,2026-01-25,SEA,NJD,0.528137,0.471863,SEA,1,SEA,1
20252026,2025020821,2026-01-25,OTT,VGK,0.422011,0.577989,VGK,1,OTT,0
20252026,2025020822,2026-01-25,VAN,PIT,0.453587,0.546413,PIT,0,PIT,1
20252026,2025020823,2026-01-25,CHI,FLA,0.446494,0.553506,FLA,0,FLA,1
20252026,2025020824,2026-01-25,CGY,ANA,0.562451,0.437549,CGY,0,ANA,0
20252026,2025020825,2026-01-26,TBL,UTA,0.58873,0.41127,TBL,1,TBL,1
20252026,2025020826,2026-01-26,NYR,BOS,0.572753,0.427247,NYR,1,NYR,1
20252026,2025020827,2026-01-26,PHI,NYI,0.513418,0.486582,PHI,0,NYI,0
20252026,2025020829,2026-01-26,EDM,ANA,0.749554,0.250446,EDM,1,EDM,1
20252026,2025020830,2026-01-27,BOS,NSH,0.445326,0.554674,NSH,1,BOS,0
20252026,2025020831,2026-01-27,TOR,BUF,0.797347,0.202653,TOR,0,BUF,0
20252026,2025020832,2026-01-27,MTL,VGK,0.534407,0.465593,MTL,1,MTL,1
20252026,2025020833,2026-01-27,DET,LAK,0.528143,0.471857,DET,0,LAK,0
20252026,2025020834,2026-01-27,FLA,UTA,0.651125,0.348875,FLA,0,UTA,0
20252026,2025020835,2026-01-27,NJD,WPG,0.462753,0.537247,WPG,0,WPG,1
20252026,2025020836,2026-01-27,STL,DAL,0.384788,0.615212,DAL,0,DAL,1
20252026,2025020837,2026-01-27,MIN,CHI,0.739263,0.260737,MIN,1,MIN,1
20252026,2025020838,2026-01-27,VAN,SJS,0.225818,0.774182,SJS,0,SJS,1
20252026,2025020839,2026-01-27,SEA,WSH,0.427538,0.572462,WSH,1,SEA,0
20252026,2025020840,2026-01-28,CBJ,PHI,0.611572,0.388428,CBJ,1,CBJ,1
20252026,2025020841,2026-01-28,OTT,COL,0.441354,0.558646,COL,1,OTT,0
20252026,2025020842,2026-01-28,NYI,NYR,0.577007,0.422993,NYI,1,NYI,1
20252026,2025020843,2026-01-29,BOS,PHI,0.861843,0.138157,BOS,1,BOS,1
20252026,2025020844,2026-01-29,BUF,LAK,0.540605,0.459395,BUF,1,BUF,1
20252026,2025020845,2026-01-29,MTL,COL,0.533974,0.466026,MTL,1,MTL,1
20252026,2025020846,2026-01-29,DET,WSH,0.465764,0.534236,WSH,0,WSH,1
20252026,2025020847,2026-01-29,TBL,WPG,0.570509,0.429491,TBL,1,TBL,1
20252026,2025020848,2026-01-29,NJD,NSH,0.593254,0.406746,NJD,1,NJD,1
20252026,2025020849,2026-01-29,NYR,NYI,0.492153,0.507847,NYI,0,NYI,1
20252026,2025020850,2026-01-29,PIT,CHI,0.648817,0.351183,PIT,1,PIT,1
20252026,2025020851,2026-01-29,CAR,UTA,0.619413,0.380587,CAR,1,CAR,1
20252026,2025020852,2026-01-29,STL,FLA,0.463112,0.536888,FLA,1,STL,0
20252026,2025020853,2026-01-29,MIN,CGY,0.650827,0.349173,MIN,1,MIN,1
20252026,2025020854,2026-01-29,EDM,SJS,0.703904,0.296096,EDM,1,EDM,1
20252026,2025020855,2026-01-29,VAN,ANA,0.22035,0.77965,ANA,1,VAN,0
20252026,2025020856,2026-01-29,VGK,DAL,0.506176,0.493824,VGK,0,DAL,0
20252026,2025020857,2026-01-29,SEA,TOR,0.493132,0.506868,TOR,1,SEA,0
20252026,2025020858,2026-01-30,CHI,CBJ,0.2958,0.7042,CBJ,0,CBJ,1
20252026,2025020859,2026-01-31,PHI,LAK,0.472352,0.527648,LAK,0,LAK,1
20252026,2025020860,2026-01-31,DET,COL,0.194947,0.805053,COL,0,COL,1
20252026,2025020861,2026-01-31,PIT,NYR,0.546212,0.453788,PIT,1,PIT,1
20252026,2025020862,2026-01-31,FLA,WPG,0.496594,0.503406,WPG,0,WPG,1
20252026,2025020863,2026-01-31,CGY,SJS,0.619591,0.380409,CGY,1,CGY,1
20252026,2025020864,2026-01-31,WSH,CAR,0.528798,0.471202,WSH,1,WSH,1
20252026,2025020865,2026-01-31,BUF,MTL,0.541239,0.458761,BUF,0,MTL,0
20252026,2025020866,2026-01-31,OTT,NJD,0.6,0.4,OTT,1,OTT,1
20252026,2025020867,2026-01-31,NYI,NSH,0.565736,0.434264,NYI,0,NSH,0
20252026,2025020868,2026-01-31,STL,CBJ,0.593924,0.406076,STL,0,CBJ,0
20252026,2025020869,2026-01-31,VAN,TOR,0.382346,0.617654,TOR,0,TOR,1
20252026,2025020870,2026-01-31,UTA,DAL,0.494293,0.505707,DAL,0,DAL,1
20252026,2025020871,2026-01-31,EDM,MIN,0.260638,0.739362,MIN,0,MIN,1
20252026,2025020872,2026-01-31,VGK,SEA,0.581735,0.418265,VGK,0,SEA,0
20252026,2025020873,2026-02-01,TBL,BOS,0.665327,0.334673,TBL,1,TBL,1
20252026,2025020874,2026-02-01,CAR,LAK,0.558758,0.441242,CAR,1,CAR,1
20252026,2025020875,2026-02-01,ANA,VGK,0.503099,0.496901,ANA,1,ANA,1
20252026,2025020876,2026-02-02,FLA,BUF,0.554945,0.445055,FLA,0,BUF,0
20252026,2025020877,2026-02-02,PIT,OTT,0.463469,0.536531,OTT,0,OTT,1
20252026,2025020878,2026-02-02,WSH,NYI,0.594347,0.405653,WSH,1,WSH,1
20252026,2025020879,2026-02-02,MIN,MTL,0.594799,0.405201,MIN,1,MIN,1
20252026,2025020880,2026-02-02,NSH,STL,0.251751,0.748249,STL,1,NSH,0
20252026,2025020881,2026-02-02,CHI,SJS,0.787045,0.212955,CHI,1,CHI,1
20252026,2025020882,2026-02-02,DAL,WPG,0.574123,0.425877,DAL,1,DAL,1
20252026,2025020883,2026-02-02,COL,DET,0.625227,0.374773,COL,0,DET,0
20252026,2025020884,2026-02-02,UTA,VAN,0.653291,0.346709,UTA,1,UTA,1
20252026,2025020885,2026-02-02,CGY,TOR,0.423804,0.576196,TOR,0,TOR,1
20252026,2025020886,2026-02-03,TBL,BUF,0.670719,0.329281,TBL,1,TBL,1
20252026,2025020887,2026-02-03,NJD,CBJ,0.521488,0.478512,NJD,0,CBJ,0
20252026,2025020888,2026-02-03,NYI,PIT,0.50653,0.49347,NYI,1,NYI,1
20252026,2025020889,2026-02-03,PHI,WSH,0.507268,0.492732,PHI,1,PHI,1
20252026,2025020890,2026-02-03,CAR,OTT,0.641512,0.358488,CAR,1,CAR,1
20252026,2025020891,2026-02-03,EDM,TOR,0.652301,0.347699,EDM,0,TOR,0
20252026,2025020892,2026-02-03,ANA,SEA,0.473337,0.526663,SEA,1,ANA,0
20252026,2025020893,2026-02-04,FLA,BOS,0.605431,0.394569,FLA,1,FLA,1
20252026,2025020894,2026-02-04,CBJ,CHI,0.551303,0.448697,CBJ,1,CBJ,1
20252026,2025020895,2026-02-04,WPG,MTL,0.562495,0.437505,WPG,0,MTL,0
20252026,2025020896,2026-02-04,NSH,MIN,0.424091,0.575909,MIN,0,MIN,1
20252026,2025020897,2026-02-04,COL,SJS,0.727428,0.272572,COL,1,COL,1
20252026,2025020898,2026-02-04,UTA,DET,0.5442,0.4558,UTA,1,UTA,1
20252026,2025020899,2026-02-04,DAL,STL,0.656567,0.343433,DAL,1,DAL,1
20252026,2025020900,2026-02-04,CGY,EDM,0.470649,0.529351,EDM,1,CGY,0
20252026,2025020901,2026-02-04,VGK,VAN,0.670099,0.329901,VGK,1,VGK,1
20252026,2025020902,2026-02-04,LAK,SEA,0.648027,0.351973,LAK,0,SEA,0
20252026,2025020903,2026-02-05,BUF,PIT,0.578211,0.421789,BUF,0,PIT,0
20252026,2025020904,2026-02-05,TBL,FLA,0.874076,0.125924,TBL,1,TBL,1
20252026,2025020905,2026-02-05,NJD,NYI,0.532263,0.467737,NJD,0,NYI,0
20252026,2025020906,2026-02-05,NYR,CAR,0.458386,0.541614,CAR,0,CAR,1
20252026,2025020907,2026-02-05,PHI,OTT,0.435105,0.564895,OTT,0,OTT,1
20252026,2025020908,2026-02-05,WSH,NSH,0.732139,0.267861,WSH,1,WSH,1
20252026,2025020909,2026-02-05,VGK,LAK,0.580426,0.419574,VGK,1,VGK,1
20252026,2025020910,2026-02-25,NJD,BUF,0.497903,0.502097,BUF,0,BUF,1
20252026,2025020911,2026-02-25,WSH,PHI,0.653029,0.346971,WSH,1,WSH,1
20252026,2025020912,2026-02-25,TBL,TOR,0.566068,0.433932,TBL,1,TBL,1
20252026,2025020913,2026-02-25,DAL,SEA,0.611387,0.388613,DAL,1,DAL,1
20252026,2025020914,2026-02-25,UTA,COL,0.491623,0.508377,COL,0,COL,1
20252026,2025020915,2026-02-25,VAN,WPG,0.39389,0.60611,WPG,0,WPG,1
20252026,2025020916,2026-02-25,LAK,VGK,0.496902,0.503098,VGK,0,VGK,1
20252026,2025020917,2026-02-25,ANA,EDM,0.70703,0.29297,ANA,1,ANA,1
20252026,2025020918,2026-02-26,BOS,CBJ,0.23292,0.76708,CBJ,1,BOS,0
20252026,2025020919,2026-02-26,MTL,NYI,0.596204,0.403796,MTL,0,NYI,0
20252026,2025020920,2026-02-26,OTT,DET,0.569648,0.430352,OTT,0,DET,0
20252026,2025020921,2026-02-26,FLA,TOR,0.623587,0.376413,FLA,1,FLA,1
20252026,2025020922,2026-02-26,PIT,NJD,0.663057,0.336943,PIT,1,PIT,1
20252026,2025020923,2026-02-26,CAR,TBL,0.608748,0.391252,CAR,1,CAR,1
20252026,2025020924,2026-02-26,NYR,PHI,0.652647,0.347353,NYR,0,PHI,0
20252026,2025020925,2026-02-26,STL,SEA,0.652987,0.347013,STL,1,STL,1
20252026,2025020926,2026-02-26,NSH,CHI,0.59225,0.40775,NSH,1,NSH,1
20252026,2025020927,2026-02-26,COL,MIN,0.729019,0.270981,COL,0,MIN,0
20252026,2025020928,2026-02-26,SJS,CGY,0.474749,0.525251,CGY,0,CGY,1
20252026,2025020929,2026-02-26,LAK,EDM,0.176153,0.823847,EDM,0,EDM,1
20252026,2025020930,2026-02-27,FLA,BUF,0.453698,0.546302,BUF,0,BUF,1
20252026,2025020931,2026-02-27,WSH,VGK,0.532611,0.467389,WSH,1,WSH,1
20252026,2025020932,2026-02-27,UTA,MIN,0.567531,0.432469,UTA,1,UTA,1
20252026,2025020933,2026-02-27,ANA,WPG,0.432636,0.567364,WPG,1,ANA,0
20252026,2025020934,2026-02-28,NYR,PIT,0.466131,0.533869,PIT,1,NYR,0
20252026,2025020935,2026-02-28,PHI,BOS,0.471708,0.528292,BOS,1,PHI,0
20252026,2025020936,2026-02-28,SJS,EDM,0.315801,0.684199,EDM,1,SJS,0
20252026,2025020937,2026-02-28,CBJ,NYI,0.530609,0.469391,CBJ,0,NYI,0
20252026,2025020938,2026-02-28,COL,CHI,0.741906,0.258094,COL,1,COL,1
20252026,2025020939,2026-02-28,TOR,OTT,0.250855,0.749145,OTT,0,OTT,1
20252026,2025020940,2026-02-28,MTL,WSH,0.570607,0.429393,MTL,1,MTL,1
20252026,2025020941,2026-02-28,TBL,BUF,0.396082,0.603918,BUF,0,BUF,1
20252026,2025020942,2026-02-28,CAR,DET,0.596935,0.403065,CAR,1,CAR,1
20252026,2025020943,2026-02-28,STL,NJD,0.539562,0.460438,STL,0,NJD,0
20252026,2025020944,2026-02-28,LAK,CGY,0.562589,0.437411,LAK,1,LAK,1
20252026,2025020945,2026-02-28,DAL,NSH,0.646696,0.353304,DAL,1,DAL,1
20252026,2025020946,2026-02-28,SEA,VAN,0.548838,0.451162,SEA,1,SEA,1
20252026,2025020947,2026-03-01,PIT,VGK,0.344903,0.655097,VGK,1,PIT,0
20252026,2025020948,2026-03-01,NYI,FLA,0.401825,0.598175,FLA,1,NYI,0
20252026,2025020949,2026-03-01,UTA,CHI,0.774075,0.225925,UTA,0,CHI,0
20252026,2025020950,2026-03-01,SJS,WPG,0.257542,0.742458,WPG,1,SJS,0
20252026,2025020951,2026-03-01,MIN,STL,0.67906,0.32094,MIN,0,STL,0
20252026,2025020952,2026-03-01,ANA,CGY,0.638222,0.361778,ANA,1,ANA,1
20252026,2025020953,2026-03-02,NYR,CBJ,0.505965,0.494035,NYR,0,CBJ,0
20252026,2025020954,2026-03-02,TOR,PHI,0.644949,0.355051,TOR,0,PHI,0
20252026,2025020955,2026-03-02,NSH,DET,0.783236,0.216764,NSH,0,DET,0
20252026,2025020956,2026-03-02,VAN,DAL,0.348865,0.651135,DAL,0,DAL,1
20252026,2025020957,2026-03-02,SEA,CAR,0.443167,0.556833,CAR,1,SEA,0
20252026,2025020958,2026-03-02,LAK,COL,0.425238,0.574762,COL,0,COL,1
20252026,2025020959,2026-03-03,BOS,PIT,0.532638,0.467362,BOS,1,BOS,1
20252026,2025020960,2026-03-03,BUF,VGK,0.525941,0.474059,BUF,1,BUF,1
20252026,2025020961,2026-03-03,NJD,FLA,0.49601,0.50399,FLA,1,NJD,0
20252026,2025020962,2026-03-03,WSH,UTA,0.513364,0.486636,WSH,0,UTA,0
20252026,2025020963,2026-03-03,CBJ,NSH,0.258842,0.741158,NSH,1,CBJ,0
20252026,2025020964,2026-03-03,WPG,CHI,0.696736,0.303264,WPG,1,WPG,1
20252026,2025020965,2026-03-03,CGY,DAL,0.215245,0.784755,DAL,0,DAL,1
20252026,2025020966,2026-03-03,EDM,OTT,0.556522,0.443478,EDM,1,EDM,1
20252026,2025020967,2026-03-03,MIN,TBL,0.451334,0.548666,TBL,1,MIN,0
20252026,2025020968,2026-03-03,ANA,COL,0.481356,0.518644,COL,0,COL,1
20252026,2025020969,2026-03-03,SJS,MTL,0.389602,0.610398,MTL,1,SJS,0
20252026,2025020970,2026-03-04,DET,VGK,0.570664,0.429336,DET,0,VGK,0
20252026,2025020971,2026-03-04,NJD,TOR,0.402397,0.597603,TOR,1,NJD,0
20252026,2025020972,2026-03-04,VAN,CAR,0.162529,0.837471,CAR,0,CAR,1
20252026,2025020973,2026-03-04,ANA,NYI,0.38609,0.61391,NYI,1,ANA,0
20252026,2025020974,2026-03-04,SEA,STL,0.514099,0.485901,SEA,0,STL,0
20252026,2025020975,2026-03-05,NYR,TOR,0.548328,0.451672,NYR,1,NYR,1
20252026,2025020976,2026-03-05,PHI,UTA,0.424608,0.575392,UTA,0,UTA,1
20252026,2025020977,2026-03-05,PIT,BUF,0.484752,0.515248,BUF,0,BUF,1
20252026,2025020978,2026-03-05,CBJ,FLA,0.518972,0.481028,CBJ,1,CBJ,1
20252026,2025020979,2026-03-05,NSH,BOS,0.492877,0.507123,BOS,1,NSH,0
20252026,2025020980,2026-03-05,WPG,TBL,0.459963,0.540037,TBL,1,WPG,0
20252026,2025020981,2026-03-05,CGY,OTT,0.429943,0.570057,OTT,0,OTT,1
20252026,2025020982,2026-03-05,LAK,NYI,0.626457,0.373543,LAK,1,LAK,1
20252026,2025020983,2026-03-06,DET,FLA,0.584303,0.415697,DET,0,FLA,0
20252026,2025020984,2026-03-06,DAL,COL,0.806804,0.193196,DAL,0,COL,0
20252026,2025020985,2026-03-06,CHI,VAN,0.538638,0.461362,CHI,0,VAN,0
20252026,2025020986,2026-03-06,EDM,CAR,0.57553,0.42447,EDM,0,CAR,0
20252026,2025020987,2026-03-06,ANA,MTL,0.479829,0.520171,MTL,1,ANA,0
20252026,2025020988,2026-03-06,VGK,MIN,0.522106,0.477894,VGK,0,MIN,0
20252026,2025020989,2026-03-06,SJS,STL,0.434829,0.565171,STL,0,STL,1
20252026,2025020990,2026-03-07,BOS,WSH,0.462218,0.537782,WSH,1,BOS,0
20252026,2025020991,2026-03-07,NJD,NYR,0.58552,0.41448,NJD,1,NJD,1
20252026,2025020992,2026-03-07,BUF,NSH,0.637922,0.362078,BUF,1,BUF,1
20252026,2025020993,2026-03-07,PIT,PHI,0.592678,0.407322,PIT,0,PHI,0
20252026,2025020994,2026-03-07,TOR,TBL,0.396574,0.603426,TBL,0,TBL,1
20252026,2025020995,2026-03-07,CBJ,UTA,0.507233,0.492767,CBJ,0,UTA,0
20252026,2025020996,2026-03-07,WPG,VAN,0.748039,0.251961,WPG,1,WPG,1
20252026,2025020997,2026-03-07,LAK,MTL,0.59337,0.40663,LAK,0,MTL,0
20252026,2025020998,2026-03-07,CGY,CAR,0.478617,0.521383,CAR,1,CGY,0
20252026,2025020999,2026-03-07,SJS,NYI,0.322128,0.677872,NYI,0,NYI,1
20252026,2025021000,2026-03-07,SEA,OTT,0.449984,0.550016,OTT,0,OTT,1
20252026,2025021001,2026-03-08,COL,MIN,0.586766,0.413234,COL,1,COL,1
20252026,2025021002,2026-03-08,PIT,BOS,0.475024,0.524976,BOS,1,PIT,0
20252026,2025021003,2026-03-08,BUF,TBL,0.427621,0.572379,TBL,1,BUF,0
20252026,2025021004,2026-03-08,DAL,CHI,0.752292,0.247708,DAL,1,DAL,1
20252026,2025021005,2026-03-08,NJD,DET,0.737423,0.262577,NJD,0,DET,0
20252026,2025021006,2026-03-08,ANA,STL,0.549056,0.450944,ANA,0,STL,0
20252026,2025021007,2026-03-08,VGK,EDM,0.511047,0.488953,VGK,0,EDM,0
20252026,2025020828,2026-03-09,CBJ,LAK,0.549535,0.450465,CBJ,0,LAK,0
20252026,2025021008,2026-03-09,PHI,NYR,0.210557,0.789443,NYR,0,NYR,1
20252026,2025021009,2026-03-09,WSH,CGY,0.639813,0.360187,WSH,1,WSH,1
20252026,2025021010,2026-03-09,CHI,UTA,0.296639,0.703361,UTA,1,CHI,0
20252026,2025021011,2026-03-09,VAN,OTT,0.406,0.594,OTT,0,OTT,1
20252026,2025021012,2026-03-10,BOS,LAK,0.591867,0.408133,BOS,1,BOS,1
20252026,2025021013,2026-03-10,BUF,SJS,0.69158,0.30842,BUF,1,BUF,1
20252026,2025021014,2026-03-10,MTL,TOR,0.556543,0.443457,MTL,1,MTL,1
20252026,2025021015,2026-03-10,TBL,CBJ,0.686043,0.313957,TBL,0,CBJ,0
20252026,2025021016,2026-03-10,FLA,DET,0.586876,0.413124,FLA,1,FLA,1
20252026,2025021017,2026-03-10,NYR,CGY,0.550778,0.449222,NYR,1,NYR,1
20252026,2025021018,2026-03-10,CAR,PIT,0.650314,0.349686,CAR,1,CAR,1
20252026,2025021019,2026-03-10,STL,NYI,0.510601,0.489399,STL,0,NYI,0
20252026,2025021020,2026-03-10,DAL,VGK,0.580581,0.419419,DAL,1,DAL,1
20252026,2025021021,2026-03-10,MIN,UTA,0.646287,0.353713,MIN,1,MIN,1
20252026,2025021022,2026-03-10,WPG,ANA,0.619998,0.380002,WPG,0,ANA,0
20252026,2025021023,2026-03-10,COL,EDM,0.83209,0.16791,COL,0,EDM,0
20252026,2025021024,2026-03-10,SEA,NSH,0.567007,0.432993,SEA,0,NSH,0
20252026,2025021025,2026-03-11,OTT,MTL,0.63929,0.36071,OTT,0,MTL,0
20252026,2025021026,2026-03-11,PHI,WSH,0.428201,0.571799,WSH,1,PHI,0
20252026,2025021027,2026-03-12,BOS,SJS,0.655656,0.344344,BOS,0,SJS,0
20252026,2025021028,2026-03-12,BUF,WSH,0.62154,0.37846,BUF,0,WSH,0
20252026,2025021029,2026-03-12,TOR,ANA,0.572294,0.427706,TOR,1,TOR,1
20252026,2025021030,2026-03-12,TBL,DET,0.670355,0.329645,TBL,1,TBL,1
20252026,2025021031,2026-03-12,FLA,CBJ,0.537585,0.462415,FLA,1,FLA,1
20252026,2025021032,2026-03-12,NJD,CGY,0.628597,0.371403,NJD,0,CGY,0
20252026,2025021033,2026-03-12,CAR,STL,0.630582,0.369418,CAR,0,STL,0
20252026,2025021034,2026-03-12,DAL,EDM,0.543052,0.456948,DAL,1,DAL,1
20252026,2025021035,2026-03-12,MIN,PHI,0.74032,0.25968,MIN,0,PHI,0
20252026,2025021036,2026-03-12,WPG,NYR,0.593234,0.406766,WPG,0,NYR,0
20252026,2025021037,2026-03-12,UTA,CHI,0.669334,0.330666,UTA,0,CHI,0
20252026,2025021038,2026-03-12,VAN,NSH,0.489437,0.510563,NSH,1,VAN,0
20252026,2025021039,2026-03-12,VGK,PIT,0.634706,0.365294,VGK,1,VGK,1
20252026,2025021040,2026-03-12,SEA,COL,0.167077,0.832923,COL,0,COL,1
20252026,2025021041,2026-03-13,NYI,LAK,0.534448,0.465552,NYI,0,LAK,0
20252026,2025021042,2026-03-13,STL,EDM,0.425657,0.574343,EDM,1,STL,0
20252026,2025021043,2026-03-14,OTT,ANA,0.624085,0.375915,OTT,1,OTT,1
20252026,2025021044,2026-03-14,WSH,BOS,0.592261,0.407739,WSH,0,BOS,0
20252026,2025021045,2026-03-14,WPG,COL,0.477084,0.522916,COL,1,WPG,0
20252026,2025021046,2026-03-14,MIN,NYR,0.58979,0.41021,MIN,0,NYR,0
20252026,2025021047,2026-03-14,BUF,TOR,0.552151,0.447849,BUF,1,BUF,1
20252026,2025021048,2026-03-14,MTL,SJS,0.684496,0.315504,MTL,0,SJS,0
20252026,2025021049,2026-03-14,TBL,CAR,0.562477,0.437523,TBL,0,CAR,0
20252026,2025021050,2026-03-14,NJD,LAK,0.609415,0.390585,NJD,1,NJD,1
20252026,2025021051,2026-03-14,NYI,CGY,0.776588,0.223412,NYI,1,NYI,1
20252026,2025021052,2026-03-14,PHI,CBJ,0.436957,0.563043,CBJ,0,CBJ,1
20252026,2025021053,2026-03-14,DAL,DET,0.652259,0.347741,DAL,1,DAL,1
20252026,2025021054,2026-03-14,UTA,PIT,0.599565,0.400435,UTA,0,PIT,0
20252026,2025021055,2026-03-14,VAN,SEA,0.45108,0.54892,SEA,0,SEA,1
20252026,2025021056,2026-03-14,VGK,CHI,0.719155,0.280845,VGK,1,VGK,1
20252026,2025021057,2026-03-15,WPG,STL,0.488275,0.511725,STL,1,WPG,0
20252026,2025021058,2026-03-15,OTT,SJS,0.708296,0.291704,OTT,1,OTT,1
20252026,2025021059,2026-03-15,MTL,ANA,0.543063,0.456937,MTL,0,ANA,0
20252026,2025021060,2026-03-15,MIN,TOR,0.562569,0.437431,MIN,0,TOR,0
20252026,2025021061,2026-03-15,EDM,NSH,0.656326,0.343674,EDM,1,EDM,1
20252026,2025021062,2026-03-15,SEA,FLA,0.39241,0.60759,FLA,1,SEA,0
20252026,2025021063,2026-03-16,DET,CGY,0.579332,0.420668,DET,1,DET,1
20252026,2025021064,2026-03-16,NJD,BOS,0.570431,0.429569,NJD,1,NJD,1
20252026,2025021065,2026-03-16,NYR,LAK,0.541102,0.458898,NYR,0,LAK,0
20252026,2025021066,2026-03-16,DAL,UTA,0.613478,0.386522,DAL,0,UTA,0
20252026,2025021067,2026-03-16,COL,PIT,0.322781,0.677219,PIT,0,PIT,1
20252026,2025021068,2026-03-17,TOR,NYI,0.543065,0.456935,TOR,0,NYI,0
20252026,2025021069,2026-03-17,MTL,BOS,0.652896,0.347104,MTL,1,MTL,1
20252026,2025021070,2026-03-17,CBJ,CAR,0.483891,0.516109,CAR,1,CBJ,0
20252026,2025021071,2026-03-17,WPG,NSH,0.639213,0.360787,WPG,0,NSH,0
20252026,2025021072,2026-03-17,CHI,MIN,0.670519,0.329481,CHI,0,MIN,0
20252026,2025021073,2026-03-17,EDM,SJS,0.684046,0.315954,EDM,1,EDM,1
20252026,2025021074,2026-03-17,VAN,FLA,0.432736,0.567264,FLA,1,VAN,0
20252026,2025021075,2026-03-17,VGK,BUF,0.590843,0.409157,VGK,0,BUF,0
20252026,2025021076,2026-03-17,SEA,TBL,0.367464,0.632536,TBL,0,TBL,1
20252026,2025021077,2026-03-18,NYR,NJD,0.472107,0.527893,NJD,0,NJD,1
20252026,2025021078,2026-03-18,CAR,PIT,0.516633,0.483367,CAR,1,CAR,1
20252026,2025021079,2026-03-18,WSH,OTT,0.54891,0.45109,WSH,1,WSH,1
20252026,2025021080,2026-03-18,COL,DAL,0.544983,0.455017,COL,0,DAL,0
20252026,2025021081,2026-03-18,CGY,STL,0.533052,0.466948,CGY,1,CGY,1
20252026,2025021082,2026-03-18,ANA,PHI,0.59134,0.40866,ANA,0,PHI,0
20252026,2025021083,2026-03-19,BOS,WPG,0.47768,0.52232,WPG,1,BOS,0
20252026,2025021084,2026-03-19,OTT,NYI,0.464453,0.535547,NYI,1,OTT,0
20252026,2025021085,2026-03-19,DET,MTL,0.525213,0.474787,DET,1,DET,1
20252026,2025021086,2026-03-19,CBJ,NYR,0.675791,0.324209,CBJ,1,CBJ,1
20252026,2025021087,2026-03-19,NSH,SEA,0.497203,0.502797,SEA,1,NSH,0
20252026,2025021088,2026-03-19,MIN,CHI,0.695955,0.304045,MIN,0,CHI,0
20252026,2025021089,2026-03-19,EDM,FLA,0.560405,0.439595,EDM,0,FLA,0
20252026,2025021090,2026-03-19,VAN,TBL,0.298312,0.701688,TBL,0,TBL,1
20252026,2025021091,2026-03-19,VGK,UTA,0.248725,0.751275,UTA,0,UTA,1
20252026,2025021092,2026-03-19,SJS,BUF,0.381073,0.618927,BUF,0,BUF,1
20252026,2025021093,2026-03-19,LAK,PHI,0.675269,0.324731,LAK,0,PHI,0
20252026,2025021094,2026-03-20,TOR,CAR,0.451228,0.548772,CAR,0,CAR,1
20252026,2025021095,2026-03-20,WSH,NJD,0.552663,0.447337,WSH,1,WSH,1
20252026,2025021096,2026-03-20,CHI,COL,0.21283,0.78717,COL,0,COL,1
20252026,2025021097,2026-03-20,CGY,FLA,0.537522,0.462478,CGY,1,CGY,1
20252026,2025021098,2026-03-20,UTA,ANA,0.46506,0.53494,ANA,0,ANA,1
20252026,2025021099,2026-03-21,PIT,WPG,0.517356,0.482644,PIT,1,PIT,1
20252026,2025021100,2026-03-21,NSH,VGK,0.426815,0.573185,VGK,1,NSH,0
20252026,2025021101,2026-03-21,MIN,DAL,0.487475,0.512525,DAL,1,MIN,0
20252026,2025021102,2026-03-21,LAK,BUF,0.511678,0.488322,LAK,0,BUF,0
20252026,2025021103,2026-03-21,SJS,PHI,0.495643,0.504357,PHI,0,PHI,1
20252026,2025021104,2026-03-21,CBJ,SEA,0.602505,0.397495,CBJ,1,CBJ,1
20252026,2025021105,2026-03-21,MTL,NYI,0.810236,0.189764,MTL,1,MTL,1
20252026,2025021106,2026-03-21,OTT,TOR,0.648271,0.351729,OTT,1,OTT,1
20252026,2025021107,2026-03-21,VAN,STL,0.455159,0.544841,STL,0,STL,1
20252026,2025021108,2026-03-21,DET,BOS,0.555757,0.444243,DET,0,BOS,0
20252026,2025021109,2026-03-21,EDM,TBL,0.40905,0.59095,TBL,0,TBL,1
20252026,2025021110,2026-03-22,NYR,WPG,0.551541,0.448459,NYR,0,WPG,0
20252026,2025021111,2026-03-22,WSH,COL,0.431867,0.568133,COL,0,COL,1
20252026,2025021112,2026-03-22,PIT,CAR,0.363769,0.636231,CAR,0,CAR,1
20252026,2025021113,2026-03-22,CHI,NSH,0.538819,0.461181,CHI,0,NSH,0
20252026,2025021114,2026-03-22,NYI,CBJ,0.459982,0.540018,CBJ,1,NYI,0
20252026,2025021115,2026-03-22,DAL,VGK,0.523296,0.476704,DAL,0,VGK,0
20252026,2025021116,2026-03-22,CGY,TBL,0.421933,0.578067,TBL,1,CGY,0
20252026,2025021117,2026-03-22,ANA,BUF,0.571083,0.428917,ANA,1,ANA,1
20252026,2025021118,2026-03-22,UTA,LAK,0.616715,0.383285,UTA,1,UTA,1
20252026,2025021119,2026-03-23,NYR,OTT,0.365941,0.634059,OTT,0,OTT,1
20252026,2025021120,2026-03-24,BOS,TOR,0.54706,0.45294,BOS,0,TOR,0
20252026,2025021121,2026-03-24,MTL,CAR,0.47693,0.52307,CAR,1,MTL,0
20252026,2025021122,2026-03-24,DET,OTT,0.599652,0.400348,DET,0,OTT,0
20252026,2025021123,2026-03-24,FLA,SEA,0.538601,0.461399,FLA,1,FLA,1
20252026,2025021124,2026-03-24,NYI,CHI,0.670769,0.329231,NYI,0,CHI,0
20252026,2025021125,2026-03-24,PHI,CBJ,0.45521,0.54479,CBJ,0,CBJ,1
20252026,2025021126,2026-03-24,PIT,COL,0.426401,0.573599,COL,0,COL,1
20252026,2025021127,2026-03-24,TBL,MIN,0.590432,0.409568,TBL,1,TBL,1
20252026,2025021128,2026-03-24,STL,WSH,0.4738,0.5262,WSH,1,STL,0
20252026,2025021129,2026-03-24,NSH,SJS,0.607067,0.392933,NSH,1,NSH,1
20252026,2025021130,2026-03-24,DAL,NJD,0.270541,0.729459,NJD,0,NJD,1
20252026,2025021131,2026-03-24,WPG,VGK,0.504554,0.495446,WPG,1,WPG,1
20252026,2025021132,2026-03-24,UTA,EDM,0.238579,0.761421,EDM,0,EDM,1
20252026,2025021133,2026-03-24,CGY,LAK,0.454322,0.545678,LAK,1,CGY,0
20252026,2025021134,2026-03-24,VAN,ANA,0.449408,0.550592,ANA,0,ANA,1
20252026,2025021135,2026-03-25,BUF,BOS,0.654692,0.345308,BUF,0,BOS,0
20252026,2025021136,2026-03-25,TOR,NYR,0.441377,0.558623,NYR,1,TOR,0
20252026,2025021137,2026-03-26,MTL,CBJ,0.523034,0.476966,MTL,1,MTL,1
20252026,2025021138,2026-03-26,OTT,PIT,0.549946,0.450054,OTT,0,PIT,0
20252026,2025021139,2026-03-26,TBL,SEA,0.69353,0.30647,TBL,0,SEA,0
20252026,2025021140,2026-03-26,FLA,MIN,0.470236,0.529764,MIN,0,MIN,1
20252026,2025021141,2026-03-26,NYI,DAL,0.422736,0.577264,DAL,1,NYI,0
20252026,2025021142,2026-03-26,PHI,CHI,0.603055,0.396945,PHI,1,PHI,1
20252026,2025021143,2026-03-26,STL,SJS,0.84537,0.15463,STL,1,STL,1
20252026,2025021144,2026-03-26,NSH,NJD,0.433772,0.566228,NJD,0,NJD,1
20252026,2025021145,2026-03-26,WPG,COL,0.464985,0.535015,COL,0,COL,1
20252026,2025021146,2026-03-26,UTA,WSH,0.235478,0.764522,WSH,0,WSH,1
20252026,2025021147,2026-03-26,CGY,ANA,0.489269,0.510731,ANA,0,ANA,1
20252026,2025021148,2026-03-26,VGK,EDM,0.58988,0.41012,VGK,0,EDM,0
20252026,2025021149,2026-03-26,VAN,LAK,0.39698,0.60302,LAK,0,LAK,1
20252026,2025021150,2026-03-27,BUF,DET,0.550176,0.449824,BUF,0,DET,0
20252026,2025021151,2026-03-27,NYR,CHI,0.734498,0.265502,NYR,1,NYR,1
20252026,2025021152,2026-03-28,TBL,OTT,0.63415,0.36585,TBL,1,TBL,1
20252026,2025021153,2026-03-28,NYI,FLA,0.541529,0.458471,NYI,1,NYI,1
20252026,2025021154,2026-03-28,EDM,ANA,0.565409,0.434591,EDM,1,EDM,1
20252026,2025021155,2026-03-28,BOS,MIN,0.467341,0.532659,MIN,1,BOS,0
20252026,2025021156,2026-03-28,PIT,DAL,0.423643,0.576357,DAL,0,DAL,1
20252026,2025021157,2026-03-28,CAR,NJD,0.613332,0.386668,CAR,1,CAR,1
20252026,2025021158,2026-03-28,CBJ,SJS,0.649909,0.350091,CBJ,0,SJS,0
20252026,2025021159,2026-03-28,BUF,SEA,0.455359,0.544641,SEA,1,BUF,0
20252026,2025021160,2026-03-28,STL,TOR,0.473684,0.526316,TOR,1,STL,0
20252026,2025021161,2026-03-28,NSH,MTL,0.465543,0.534457,MTL,0,MTL,1
20252026,2025021162,2026-03-28,COL,WPG,0.613639,0.386361,COL,0,WPG,0
20252026,2025021163,2026-03-28,DET,PHI,0.22047,0.77953,PHI,0,PHI,1
20252026,2025021164,2026-03-28,LAK,UTA,0.252006,0.747994,UTA,0,UTA,1
20252026,2025021165,2026-03-28,CGY,VAN,0.802846,0.197154,CGY,1,CGY,1
20252026,2025021166,2026-03-28,VGK,WSH,0.617666,0.382334,VGK,0,WSH,0
20252026,2025021167,2026-03-29,NYR,FLA,0.635217,0.364783,NYR,1,NYR,1
20252026,2025021168,2026-03-29,TBL,NSH,0.687573,0.312427,TBL,1,TBL,1
20252026,2025021169,2026-03-29,CAR,MTL,0.601445,0.398555,CAR,0,MTL,0
20252026,2025021170,2026-03-29,CBJ,BOS,0.51583,0.48417,CBJ,0,BOS,0
20252026,2025021171,2026-03-29,NJD,CHI,0.605172,0.394828,NJD,1,NJD,1
20252026,2025021172,2026-03-29,PHI,DAL,0.385435,0.614565,DAL,1,PHI,0
20252026,2025021173,2026-03-30,NYI,PIT,0.225324,0.774676,PIT,0,PIT,1
20252026,2025021174,2026-03-30,COL,CGY,0.900141,0.099859,COL,1,COL,1
20252026,2025021175,2026-03-30,VGK,VAN,0.699526,0.300474,VGK,1,VGK,1
20252026,2025021176,2026-03-30,ANA,TOR,0.513016,0.486984,ANA,0,TOR,0
20252026,2025021177,2026-03-30,SJS,STL,0.448511,0.551489,STL,1,SJS,0
20252026,2025021178,2026-03-31,BOS,DAL,0.427662,0.572338,DAL,1,BOS,0
20252026,2025021179,2026-03-31,BUF,NYI,0.653149,0.346851,BUF,1,BUF,1
20252026,2025021180,2026-03-31,TBL,MTL,0.651056,0.348944,TBL,0,MTL,0
20252026,2025021181,2026-03-31,FLA,OTT,0.764581,0.235419,FLA,1,FLA,1
20252026,2025021182,2026-03-31,NYR,NJD,0.483561,0.516439,NJD,1,NYR,0
20252026,2025021183,2026-03-31,PIT,DET,0.690775,0.309225,PIT,1,PIT,1
20252026,2025021184,2026-03-31,WSH,PHI,0.57581,0.42419,WSH,1,WSH,1
20252026,2025021185,2026-03-31,CBJ,CAR,0.448667,0.551333,CAR,0,CAR,1
20252026,2025021186,2026-03-31,CHI,WPG,0.339924,0.660076,WPG,0,WPG,1
20252026,2025021187,2026-03-31,EDM,SEA,0.573997,0.426003,EDM,1,EDM,1
20252026,2025021188,2026-04-01,COL,VAN,0.422552,0.577448,VAN,0,VAN,1
20252026,2025021189,2026-04-01,LAK,STL,0.595291,0.404709,LAK,1,LAK,1
20252026,2025021190,2026-04-01,SJS,ANA,0.409865,0.590135,ANA,1,SJS,0
20252026,2025021191,2026-04-02,OTT,BUF,0.543749,0.456251,OTT,1,OTT,1
20252026,2025021192,2026-04-02,TBL,PIT,0.637548,0.362452,TBL,1,TBL,1
20252026,2025021193,2026-04-02,FLA,BOS,0.53954,0.46046,FLA,1,FLA,1
20252026,2025021194,2026-04-02,NJD,WSH,0.530279,0.469721,NJD,1,NJD,1
20252026,2025021195,2026-04-02,NYR,MTL,0.489028,0.510972,MTL,0,MTL,1
20252026,2025021196,2026-04-02,PHI,DET,0.44896,0.55104,DET,0,DET,1
20252026,2025021197,2026-04-02,CAR,CBJ,0.613065,0.386935,CAR,1,CAR,1
20252026,2025021198,2026-04-02,DAL,WPG,0.59811,0.40189,DAL,1,DAL,1
20252026,2025021199,2026-04-02,MIN,VAN,0.770299,0.229701,MIN,1,MIN,1
20252026,2025021200,2026-04-02,EDM,CHI,0.898217,0.101783,EDM,1,EDM,1
20252026,2025021201,2026-04-02,VGK,CGY,0.688137,0.311863,VGK,1,VGK,1
20252026,2025021202,2026-04-02,SJS,TOR,0.31297,0.68703,TOR,1,SJS,0
20252026,2025021203,2026-04-02,SEA,UTA,0.483582,0.516418,UTA,0,UTA,1
20252026,2025021204,2026-04-02,LAK,NSH,0.489658,0.510342,NSH,0,NSH,1
20252026,2025021205,2026-04-03,NYI,PHI,0.623357,0.376643,NYI,0,PHI,0
20252026,2025021206,2026-04-03,ANA,STL,0.566723,0.433277,ANA,0,STL,0
20252026,2025021207,2026-04-04,NYR,DET,0.458803,0.541197,DET,1,NYR,0
20252026,2025021208,2026-04-04,OTT,MIN,0.489109,0.510891,MIN,0,MIN,1
20252026,2025021209,2026-04-04,DAL,COL,0.470793,0.529207,COL,0,COL,1
20252026,2025021210,2026-04-04,TBL,BOS,0.65011,0.34989,TBL,1,TBL,1
20252026,2025021211,2026-04-04,PIT,FLA,0.814678,0.185322,PIT,1,PIT,1
20252026,2025021212,2026-04-04,NJD,MTL,0.550324,0.449676,NJD,0,MTL,0
20252026,2025021213,2026-04-04,WSH,BUF,0.818286,0.181714,WSH,1,WSH,1
20252026,2025021214,2026-04-04,CAR,NYI,0.678954,0.321046,CAR,1,CAR,1
20252026,2025021215,2026-04-04,CBJ,WPG,0.466741,0.533259,WPG,0,WPG,1
20252026,2025021216,2026-04-04,VAN,UTA,0.43358,0.56642,UTA,0,UTA,1
20252026,2025021217,2026-04-04,LAK,TOR,0.553945,0.446055,LAK,1,LAK,1
20252026,2025021218,2026-04-04,EDM,VGK,0.4924,0.5076,VGK,0,VGK,1
20252026,2025021219,2026-04-04,ANA,CGY,0.493983,0.506017,CGY,0,CGY,1
20252026,2025021220,2026-04-04,SJS,NSH,0.467099,0.532901,NSH,0,NSH,1
20252026,2025021221,2026-04-04,SEA,CHI,0.659582,0.340418,SEA,0,CHI,0
20252026,2025021222,2026-04-05,DET,MIN,0.42286,0.57714,MIN,0,MIN,1
20252026,2025021223,2026-04-05,PIT,FLA,0.54709,0.45291,PIT,1,PIT,1
20252026,2025021224,2026-04-05,PHI,BOS,0.592017,0.407983,PHI,1,PHI,1
20252026,2025021225,2026-04-05,OTT,CAR,0.466201,0.533799,CAR,1,OTT,0
20252026,2025021226,2026-04-05,MTL,NJD,0.514378,0.485622,MTL,0,NJD,0
20252026,2025021227,2026-04-05,NYR,WSH,0.429981,0.570019,WSH,1,NYR,0
20252026,2025021228,2026-04-05,COL,STL,0.597276,0.402724,COL,0,STL,0
20252026,2025021229,2026-04-06,BUF,TBL,0.442328,0.557672,TBL,1,BUF,0
20252026,2025021230,2026-04-06,WPG,SEA,0.853725,0.146275,WPG,1,WPG,1
20252026,2025021231,2026-04-06,SJS,CHI,0.560825,0.439175,SJS,1,SJS,1
20252026,2025021232,2026-04-06,LAK,NSH,0.613926,0.386074,LAK,1,LAK,1
20252026,2025021233,2026-04-07,MTL,FLA,0.553421,0.446579,MTL,1,MTL,1
20252026,2025021234,2026-04-07,OTT,TBL,0.568606,0.431394,OTT,1,OTT,1
20252026,2025021235,2026-04-07,DET,CBJ,0.525202,0.474798,DET,0,CBJ,0
20252026,2025021236,2026-04-07,NJD,PHI,0.581863,0.418137,NJD,0,PHI,0
20252026,2025021237,2026-04-07,CAR,BOS,0.85016,0.14984,CAR,1,CAR,1
20252026,2025021238,2026-04-07,STL,COL,0.40762,0.59238,COL,0,COL,1
20252026,2025021239,2026-04-07,DAL,CGY,0.699809,0.300191,DAL,1,DAL,1
20252026,2025021240,2026-04-07,MIN,SEA,0.690483,0.309517,MIN,1,MIN,1
20252026,2025021241,2026-04-07,UTA,EDM,0.560104,0.439896,UTA,1,UTA,1
20252026,2025021242,2026-04-07,VAN,VGK,0.339832,0.660168,VGK,0,VGK,1
20252026,2025021243,2026-04-07,ANA,NSH,0.668011,0.331989,ANA,0,NSH,0
20252026,2025021244,2026-04-08,NYR,BUF,0.517156,0.482844,NYR,0,BUF,0
20252026,2025021245,2026-04-08,TOR,WSH,0.470419,0.529581,WSH,0,WSH,1
20252026,2025021246,2026-04-08,SJS,EDM,0.775308,0.224692,SJS,0,EDM,0
20252026,2025021247,2026-04-09,BUF,CBJ,0.427157,0.572843,CBJ,1,BUF,0
20252026,2025021248,2026-04-09,MTL,TBL,0.436232,0.563768,TBL,1,MTL,0
20252026,2025021249,2026-04-09,OTT,FLA,0.616547,0.383453,OTT,1,OTT,1
20252026,2025021250,2026-04-09,DET,PHI,0.564111,0.435889,DET,1,DET,1
20252026,2025021251,2026-04-09,NJD,PIT,0.504929,0.495071,NJD,0,PIT,0
20252026,2025021252,2026-04-09,NYI,TOR,0.674131,0.325869,NYI,1,NYI,1
20252026,2025021253,2026-04-09,STL,WPG,0.423313,0.576687,WPG,0,WPG,1
20252026,2025021254,2026-04-09,DAL,MIN,0.550127,0.449873,DAL,1,DAL,1
20252026,2025021255,2026-04-09,CHI,CAR,0.398892,0.601108,CAR,0,CAR,1
20252026,2025021256,2026-04-09,COL,CGY,0.726262,0.273738,COL,1,COL,1
20252026,2025021257,2026-04-09,UTA,NSH,0.649187,0.350813,UTA,1,UTA,1
20252026,2025021258,2026-04-09,ANA,SJS,0.696733,0.303267,ANA,1,ANA,1
20252026,2025021259,2026-04-09,SEA,VGK,0.424306,0.575694,VGK,1,SEA,0
20252026,2025021260,2026-04-09,LAK,VAN,0.645687,0.354313,LAK,1,LAK,1
20252026,2025021261,2026-04-11,BOS,TBL,0.474126,0.525874,TBL,0,TBL,1
20252026,2025021262,2026-04-11,NYI,OTT,0.514638,0.485362,NYI,0,OTT,0
20252026,2025021263,2026-04-11,PIT,WSH,0.383888,0.616112,WSH,0,WSH,1
20252026,2025021264,2026-04-11,LAK,EDM,0.508802,0.491198,LAK,1,LAK,1
20252026,2025021265,2026-04-11,DET,NJD,0.541516,0.458484,DET,0,NJD,0
20252026,2025021266,2026-04-11,CHI,STL,0.421377,0.578623,STL,0,STL,1
20252026,2025021267,2026-04-11,NSH,MIN,0.428198,0.571802,MIN,1,NSH,0
20252026,2025021268,2026-04-11,DAL,NYR,0.627585,0.372415,DAL,1,DAL,1
20252026,2025021269,2026-04-11,UTA,CAR,0.534573,0.465427,UTA,0,CAR,0
20252026,2025021270,2026-04-11,TOR,FLA,0.593686,0.406314,TOR,0,FLA,0
20252026,2025021271,2026-04-11,MTL,CBJ,0.524055,0.475945,MTL,0,CBJ,0
20252026,2025021272,2026-04-11,WPG,PHI,0.303014,0.696986,PHI,0,PHI,1
20252026,2025021273,2026-04-11,SEA,CGY,0.606386,0.393614,SEA,1,SEA,1
20252026,2025021274,2026-04-11,COL,VGK,0.567008,0.432992,COL,0,VGK,0
20252026,2025021275,2026-04-11,SJS,VAN,0.493965,0.506035,VAN,0,VAN,1
20252026,2025021276,2026-04-12,WSH,PIT,0.608154,0.391846,WSH,1,WSH,1
20252026,2025021277,2026-04-12,NYI,MTL,0.509207,0.490793,NYI,0,MTL,0
20252026,2025021278,2026-04-12,CBJ,BOS,0.567585,0.432415,CBJ,0,BOS,0
20252026,2025021279,2026-04-12,NJD,OTT,0.563531,0.436469,NJD,1,NJD,1
20252026,2025021280,2026-04-12,ANA,VAN,0.698093,0.301907,ANA,0,VAN,0
20252026,2025021281,2026-04-12,CGY,UTA,0.417879,0.582121,UTA,1,CGY,0
20252026,2025021282,2026-04-13,TBL,DET,0.611436,0.388564,TBL,1,TBL,1
20252026,2025021283,2026-04-13,FLA,NYR,0.546155,0.453845,FLA,1,FLA,1
20252026,2025021284,2026-04-13,PHI,CAR,0.481795,0.518205,CAR,1,PHI,0
20252026,2025021285,2026-04-13,TOR,DAL,0.452144,0.547856,DAL,0,DAL,1
20252026,2025021286,2026-04-13,STL,MIN,0.519733,0.480267,STL,1,STL,1
20252026,2025021287,2026-04-13,NSH,SJS,0.600592,0.399408,NSH,0,SJS,0
20252026,2025021288,2026-04-13,CHI,BUF,0.377313,0.622687,BUF,0,BUF,1
20252026,2025021289,2026-04-13,EDM,COL,0.435459,0.564541,COL,0,COL,1
20252026,2025021290,2026-04-13,VGK,WPG,0.588101,0.411899,VGK,1,VGK,1
20252026,2025021291,2026-04-13,SEA,LAK,0.512606,0.487394,SEA,0,LAK,0
20252026,2025021292,2026-04-14,BOS,NJD,0.497968,0.502032,NJD,1,BOS,0
20252026,2025021293,2026-04-14,NYI,CAR,0.591757,0.408243,NYI,0,CAR,0
20252026,2025021294,2026-04-14,PHI,MTL,0.343256,0.656744,MTL,1,PHI,0
20252026,2025021295,2026-04-14,CBJ,WSH,0.502235,0.497765,CBJ,0,WSH,0
20252026,2025021296,2026-04-14,MIN,ANA,0.395,0.605,ANA,1,MIN,0
20252026,2025021297,2026-04-14,UTA,WPG,0.598782,0.401218,UTA,1,UTA,1
20252026,2025021298,2026-04-14,CGY,COL,0.461381,0.538619,COL,0,COL,1
20252026,2025021299,2026-04-14,STL,PIT,0.777062,0.222938,STL,1,STL,1
20252026,2025021300,2026-04-14,VAN,LAK,0.490758,0.509242,LAK,1,VAN,0
20252026,2025021301,2026-04-15,BUF,DAL,0.43781,0.56219,DAL,0,DAL,1
20252026,2025021302,2026-04-15,TBL,NYR,0.645701,0.354299,TBL,0,NYR,0
20252026,2025021303,2026-04-15,FLA,DET,0.762784,0.237216,FLA,1,FLA,1
20252026,2025021304,2026-04-15,OTT,TOR,0.560015,0.439985,OTT,1,OTT,1
20252026,2025021305,2026-04-15,CHI,SJS,0.547846,0.452154,CHI,1,CHI,1
20252026,2025021306,2026-04-15,VGK,SEA,0.658392,0.341608,VGK,1,VGK,1
20252026,2025021307,2026-04-16,NSH,ANA,0.487523,0.512477,ANA,0,ANA,1
20252026,2025021308,2026-04-16,WPG,SJS,0.787186,0.212814,WPG,0,SJS,0
20252026,2025021309,2026-04-16,UTA,STL,0.286689,0.713311,STL,0,STL,1
20252026,2025021310,2026-04-16,CGY,LAK,0.464623,0.535377,LAK,1,CGY,0
20252026,2025021311,2026-04-16,EDM,VAN,0.636318,0.363682,EDM,1,EDM,1
20252026,2025021312,2026-04-16,COL,SEA,0.761436,0.238564,COL,1,COL,1
