model_id,fold_train_end_season,fold_test_season,season,game_id,game_date,home_team_abbrev,away_team_abbrev,actual_home_win,home_win_probability,away_win_probability,predicted_winner_abbrev,is_correct_pick
logistic_engineered,20222023,20232024,20232024,2023020001,2023-10-10,TBL,NSH,1,0.611927,0.388073,TBL,1
logistic_engineered,20222023,20232024,20232024,2023020002,2023-10-10,PIT,CHI,0,0.592561,0.407439,PIT,0
logistic_engineered,20222023,20232024,20232024,2023020003,2023-10-10,VGK,SEA,1,0.518523,0.481477,VGK,1
logistic_engineered,20222023,20232024,20232024,2023020004,2023-10-11,CAR,OTT,1,0.359583,0.640417,OTT,0
logistic_engineered,20222023,20232024,20232024,2023020005,2023-10-11,TOR,MTL,1,0.614708,0.385292,TOR,1
logistic_engineered,20222023,20232024,20232024,2023020006,2023-10-11,BOS,CHI,1,0.703191,0.296809,BOS,1
logistic_engineered,20222023,20232024,20232024,2023020007,2023-10-11,CGY,WPG,1,0.475579,0.524421,WPG,0
logistic_engineered,20222023,20232024,20232024,2023020008,2023-10-11,LAK,COL,0,0.522675,0.477325,LAK,0
logistic_engineered,20222023,20232024,20232024,2023020009,2023-10-11,VAN,EDM,1,0.412027,0.587973,EDM,0
logistic_engineered,20222023,20232024,20232024,2023020010,2023-10-12,BUF,NYR,0,0.510614,0.489386,BUF,0
logistic_engineered,20222023,20232024,20232024,2023020011,2023-10-12,CBJ,PHI,0,0.553736,0.446264,CBJ,0
logistic_engineered,20222023,20232024,20232024,2023020012,2023-10-12,NJD,DET,1,0.616509,0.383491,NJD,1
logistic_engineered,20222023,20232024,20232024,2023020013,2023-10-12,DAL,STL,1,0.605071,0.394929,DAL,1
logistic_engineered,20222023,20232024,20232024,2023020014,2023-10-12,MIN,FLA,1,0.513489,0.486511,MIN,1
logistic_engineered,20222023,20232024,20232024,2023020015,2023-10-12,NSH,SEA,1,0.494652,0.505348,SEA,0
logistic_engineered,20222023,20232024,20232024,2023020016,2023-10-12,SJS,VGK,0,0.384256,0.615744,VGK,1
logistic_engineered,20222023,20232024,20232024,2023020017,2023-10-13,NJD,UTA,0,0.550037,0.449963,NJD,0
logistic_engineered,20222023,20232024,20232024,2023020018,2023-10-13,WSH,PIT,0,0.470683,0.529317,PIT,1
logistic_engineered,20222023,20232024,20232024,2023020019,2023-10-14,OTT,PHI,1,0.321187,0.678813,PHI,0
logistic_engineered,20222023,20232024,20232024,2023020020,2023-10-14,WPG,FLA,1,0.534309,0.465691,WPG,1
logistic_engineered,20222023,20232024,20232024,2023020021,2023-10-14,BOS,NSH,1,0.718759,0.281241,BOS,1
logistic_engineered,20222023,20232024,20232024,2023020022,2023-10-14,CBJ,NYR,1,0.064702,0.935298,NYR,0
logistic_engineered,20222023,20232024,20232024,2023020023,2023-10-14,DET,TBL,1,0.231593,0.768407,TBL,0
logistic_engineered,20222023,20232024,20232024,2023020024,2023-10-14,MTL,CHI,1,0.438039,0.561961,CHI,0
logistic_engineered,20222023,20232024,20232024,2023020025,2023-10-14,PIT,CGY,1,0.350827,0.649173,CGY,0
logistic_engineered,20222023,20232024,20232024,2023020026,2023-10-14,TOR,MIN,1,0.512008,0.487992,TOR,1
logistic_engineered,20222023,20232024,20232024,2023020027,2023-10-14,NYI,BUF,1,0.546652,0.453348,NYI,1
logistic_engineered,20222023,20232024,20232024,2023020028,2023-10-14,STL,SEA,1,0.476178,0.523822,SEA,0
logistic_engineered,20222023,20232024,20232024,2023020029,2023-10-14,EDM,VAN,0,0.280647,0.719353,VAN,1
logistic_engineered,20222023,20232024,20232024,2023020030,2023-10-14,SJS,COL,0,0.127229,0.872771,COL,1
logistic_engineered,20222023,20232024,20232024,2023020031,2023-10-14,VGK,ANA,1,0.60423,0.39577,VGK,1
logistic_engineered,20222023,20232024,20232024,2023020032,2023-10-14,LAK,CAR,0,0.250083,0.749917,CAR,1
logistic_engineered,20222023,20232024,20232024,2023020033,2023-10-15,OTT,TBL,1,0.522402,0.477598,OTT,1
logistic_engineered,20222023,20232024,20232024,2023020034,2023-10-15,ANA,CAR,1,0.196299,0.803701,CAR,0
logistic_engineered,20222023,20232024,20232024,2023020035,2023-10-16,CBJ,DET,0,0.53049,0.46951,CBJ,0
logistic_engineered,20222023,20232024,20232024,2023020036,2023-10-16,NJD,FLA,0,0.680449,0.319551,NJD,0
logistic_engineered,20222023,20232024,20232024,2023020037,2023-10-16,NYR,UTA,1,0.52739,0.47261,NYR,1
logistic_engineered,20222023,20232024,20232024,2023020038,2023-10-16,TOR,CHI,0,0.777548,0.222452,TOR,0
logistic_engineered,20222023,20232024,20232024,2023020039,2023-10-16,WSH,CGY,1,0.31261,0.68739,CGY,0
logistic_engineered,20222023,20232024,20232024,2023020040,2023-10-17,BUF,TBL,1,0.383852,0.616148,TBL,0
logistic_engineered,20222023,20232024,20232024,2023020041,2023-10-17,MTL,MIN,0,0.306562,0.693438,MIN,1
logistic_engineered,20222023,20232024,20232024,2023020042,2023-10-17,PHI,VAN,1,0.314805,0.685195,VAN,0
logistic_engineered,20222023,20232024,20232024,2023020043,2023-10-17,NYI,UTA,1,0.779496,0.220504,NYI,1
logistic_engineered,20222023,20232024,20232024,2023020044,2023-10-17,NSH,EDM,0,0.423153,0.576847,EDM,1
logistic_engineered,20222023,20232024,20232024,2023020045,2023-10-17,WPG,LAK,0,0.636062,0.363938,WPG,0
logistic_engineered,20222023,20232024,20232024,2023020046,2023-10-17,SEA,COL,0,0.244239,0.755761,COL,1
logistic_engineered,20222023,20232024,20232024,2023020047,2023-10-17,SJS,CAR,0,0.444426,0.555574,CAR,1
logistic_engineered,20222023,20232024,20232024,2023020048,2023-10-17,VGK,DAL,1,0.571598,0.428402,VGK,1
logistic_engineered,20222023,20232024,20232024,2023020049,2023-10-18,OTT,WSH,1,0.653282,0.346718,OTT,1
logistic_engineered,20222023,20232024,20232024,2023020050,2023-10-18,DET,PIT,1,0.474764,0.525236,PIT,0
logistic_engineered,20222023,20232024,20232024,2023020051,2023-10-19,BUF,CGY,0,0.53499,0.46501,BUF,0
logistic_engineered,20222023,20232024,20232024,2023020052,2023-10-19,FLA,TOR,1,0.406817,0.593183,TOR,0
logistic_engineered,20222023,20232024,20232024,2023020053,2023-10-19,NYR,NSH,0,0.513201,0.486799,NYR,0
logistic_engineered,20222023,20232024,20232024,2023020054,2023-10-19,PHI,EDM,1,0.527621,0.472379,PHI,1
logistic_engineered,20222023,20232024,20232024,2023020055,2023-10-19,TBL,VAN,1,0.477239,0.522761,VAN,0
logistic_engineered,20222023,20232024,20232024,2023020056,2023-10-19,MIN,LAK,0,0.548564,0.451436,MIN,0
logistic_engineered,20222023,20232024,20232024,2023020057,2023-10-19,STL,UTA,0,0.59492,0.40508,STL,0
logistic_engineered,20222023,20232024,20232024,2023020058,2023-10-19,WPG,VGK,0,0.310079,0.689921,VGK,1
logistic_engineered,20222023,20232024,20232024,2023020059,2023-10-19,ANA,DAL,0,0.52417,0.47583,ANA,0
logistic_engineered,20222023,20232024,20232024,2023020060,2023-10-19,SEA,CAR,1,0.463617,0.536383,CAR,0
logistic_engineered,20222023,20232024,20232024,2023020061,2023-10-19,COL,CHI,1,0.715531,0.284469,COL,1
logistic_engineered,20222023,20232024,20232024,2023020062,2023-10-19,SJS,BOS,0,0.194401,0.805599,BOS,1
logistic_engineered,20222023,20232024,20232024,2023020063,2023-10-20,CBJ,CGY,1,0.468996,0.531004,CGY,0
logistic_engineered,20222023,20232024,20232024,2023020064,2023-10-20,NYI,NJD,0,0.622327,0.377673,NYI,0
logistic_engineered,20222023,20232024,20232024,2023020065,2023-10-21,OTT,DET,0,0.575612,0.424388,OTT,0
logistic_engineered,20222023,20232024,20232024,2023020066,2023-10-21,UTA,ANA,1,0.545463,0.454537,UTA,1
logistic_engineered,20222023,20232024,20232024,2023020067,2023-10-21,BUF,NYI,1,0.447415,0.552585,NYI,0
logistic_engineered,20222023,20232024,20232024,2023020068,2023-10-21,FLA,VAN,0,0.571529,0.428471,FLA,0
logistic_engineered,20222023,20232024,20232024,2023020069,2023-10-21,MTL,WSH,1,0.587221,0.412779,MTL,1
logistic_engineered,20222023,20232024,20232024,2023020070,2023-10-21,TBL,TOR,0,0.74945,0.25055,TBL,0
logistic_engineered,20222023,20232024,20232024,2023020071,2023-10-21,CHI,VGK,0,0.265323,0.734677,VGK,1
logistic_engineered,20222023,20232024,20232024,2023020072,2023-10-21,DAL,PHI,1,0.617759,0.382241,DAL,1
logistic_engineered,20222023,20232024,20232024,2023020073,2023-10-21,MIN,CBJ,0,0.662969,0.337031,MIN,0
logistic_engineered,20222023,20232024,20232024,2023020074,2023-10-21,NSH,SJS,1,0.667126,0.332874,NSH,1
logistic_engineered,20222023,20232024,20232024,2023020075,2023-10-21,STL,PIT,1,0.360853,0.639147,PIT,0
logistic_engineered,20222023,20232024,20232024,2023020076,2023-10-21,COL,CAR,1,0.645814,0.354186,COL,1
logistic_engineered,20222023,20232024,20232024,2023020077,2023-10-21,EDM,WPG,0,0.499989,0.500011,WPG,1
logistic_engineered,20222023,20232024,20232024,2023020078,2023-10-21,SEA,NYR,0,0.425053,0.574947,NYR,1
logistic_engineered,20222023,20232024,20232024,2023020079,2023-10-21,LAK,BOS,0,0.382058,0.617942,BOS,1
logistic_engineered,20222023,20232024,20232024,2023020080,2023-10-22,DET,CGY,1,0.538621,0.461379,DET,1
logistic_engineered,20222023,20232024,20232024,2023020081,2023-10-22,ANA,BOS,0,0.242671,0.757329,BOS,1
logistic_engineered,20222023,20232024,20232024,2023020082,2023-10-23,BUF,MTL,0,0.563581,0.436419,BUF,0
logistic_engineered,20222023,20232024,20232024,2023020083,2023-10-24,WSH,TOR,0,0.332028,0.667972,TOR,1
logistic_engineered,20222023,20232024,20232024,2023020084,2023-10-24,CBJ,ANA,0,0.612304,0.387696,CBJ,0
logistic_engineered,20222023,20232024,20232024,2023020085,2023-10-24,OTT,BUF,0,0.483556,0.516444,BUF,1
logistic_engineered,20222023,20232024,20232024,2023020086,2023-10-24,TBL,CAR,1,0.481388,0.518612,CAR,0
logistic_engineered,20222023,20232024,20232024,2023020087,2023-10-24,MTL,NJD,0,0.310298,0.689702,NJD,1
logistic_engineered,20222023,20232024,20232024,2023020088,2023-10-24,PIT,DAL,0,0.442241,0.557759,DAL,1
logistic_engineered,20222023,20232024,20232024,2023020089,2023-10-24,FLA,SJS,1,0.716399,0.283601,FLA,1
logistic_engineered,20222023,20232024,20232024,2023020090,2023-10-24,NYI,COL,0,0.344637,0.655363,COL,1
logistic_engineered,20222023,20232024,20232024,2023020091,2023-10-24,DET,SEA,0,0.718693,0.281307,DET,0
logistic_engineered,20222023,20232024,20232024,2023020092,2023-10-24,CHI,BOS,0,0.220657,0.779343,BOS,1
logistic_engineered,20222023,20232024,20232024,2023020093,2023-10-24,WPG,STL,1,0.620603,0.379397,WPG,1
logistic_engineered,20222023,20232024,20232024,2023020094,2023-10-24,MIN,EDM,1,0.55146,0.44854,MIN,1
logistic_engineered,20222023,20232024,20232024,2023020095,2023-10-24,NSH,VAN,0,0.495337,0.504663,VAN,1
logistic_engineered,20222023,20232024,20232024,2023020096,2023-10-24,CGY,NYR,0,0.401419,0.598581,NYR,1
logistic_engineered,20222023,20232024,20232024,2023020097,2023-10-24,LAK,UTA,1,0.74034,0.25966,LAK,1
logistic_engineered,20222023,20232024,20232024,2023020098,2023-10-24,VGK,PHI,1,0.740941,0.259059,VGK,1
logistic_engineered,20222023,20232024,20232024,2023020099,2023-10-25,NJD,WSH,0,0.672849,0.327151,NJD,0
logistic_engineered,20222023,20232024,20232024,2023020100,2023-10-26,BOS,ANA,0,0.766888,0.233112,BOS,0
logistic_engineered,20222023,20232024,20232024,2023020101,2023-10-26,CAR,SEA,1,0.610442,0.389558,CAR,1
logistic_engineered,20222023,20232024,20232024,2023020102,2023-10-26,DET,WPG,0,0.540538,0.459462,DET,0
logistic_engineered,20222023,20232024,20232024,2023020103,2023-10-26,MTL,CBJ,1,0.4809,0.5191,CBJ,0
logistic_engineered,20222023,20232024,20232024,2023020104,2023-10-26,PHI,MIN,1,0.482938,0.517062,MIN,0
logistic_engineered,20222023,20232024,20232024,2023020105,2023-10-26,PIT,COL,1,0.463457,0.536543,COL,0
logistic_engineered,20222023,20232024,20232024,2023020106,2023-10-26,TBL,SJS,1,0.890383,0.109617,TBL,1
logistic_engineered,20222023,20232024,20232024,2023020107,2023-10-26,NYI,OTT,1,0.523638,0.476362,NYI,1
logistic_engineered,20222023,20232024,20232024,2023020108,2023-10-26,DAL,TOR,0,0.540427,0.459573,DAL,0
logistic_engineered,20222023,20232024,20232024,2023020109,2023-10-26,CGY,STL,0,0.609742,0.390258,CGY,0
logistic_engineered,20222023,20232024,20232024,2023020110,2023-10-26,EDM,NYR,0,0.338936,0.661064,NYR,1
logistic_engineered,20222023,20232024,20232024,2023020111,2023-10-27,VGK,CHI,0,0.815831,0.184169,VGK,0
logistic_engineered,20222023,20232024,20232024,2023020112,2023-10-27,CAR,SJS,1,0.788223,0.211777,CAR,1
logistic_engineered,20222023,20232024,20232024,2023020113,2023-10-27,NJD,BUF,1,0.765992,0.234008,NJD,1
logistic_engineered,20222023,20232024,20232024,2023020114,2023-10-27,WSH,MIN,1,0.478641,0.521359,MIN,0
logistic_engineered,20222023,20232024,20232024,2023020115,2023-10-27,UTA,LAK,0,0.597078,0.402922,UTA,0
logistic_engineered,20222023,20232024,20232024,2023020116,2023-10-27,VAN,STL,1,0.716734,0.283266,VAN,1
logistic_engineered,20222023,20232024,20232024,2023020117,2023-10-28,PHI,ANA,0,0.601721,0.398279,PHI,0
logistic_engineered,20222023,20232024,20232024,2023020118,2023-10-28,FLA,SEA,1,0.603144,0.396856,FLA,1
logistic_engineered,20222023,20232024,20232024,2023020119,2023-10-28,BOS,DET,1,0.607181,0.392819,BOS,1
logistic_engineered,20222023,20232024,20232024,2023020120,2023-10-28,CBJ,NYI,0,0.431665,0.568335,NYI,1
logistic_engineered,20222023,20232024,20232024,2023020121,2023-10-28,MTL,WPG,1,0.405197,0.594803,WPG,0
logistic_engineered,20222023,20232024,20232024,2023020122,2023-10-28,NSH,TOR,1,0.378353,0.621647,TOR,0
logistic_engineered,20222023,20232024,20232024,2023020123,2023-10-28,PIT,OTT,0,0.469232,0.530768,OTT,1
logistic_engineered,20222023,20232024,20232024,2023020124,2023-10-28,VAN,NYR,0,0.379694,0.620306,NYR,1
logistic_engineered,20222023,20232024,20232024,2023020125,2023-10-28,LAK,VGK,0,0.391077,0.608923,VGK,1
logistic_engineered,20222023,20232024,20232024,2023020126,2023-10-29,BUF,COL,1,0.308749,0.691251,COL,0
logistic_engineered,20222023,20232024,20232024,2023020127,2023-10-29,NJD,MIN,1,0.586909,0.413091,NJD,1
logistic_engineered,20222023,20232024,20232024,2023020128,2023-10-29,WSH,SJS,1,0.693429,0.306571,WSH,1
logistic_engineered,20222023,20232024,20232024,2023020129,2023-10-29,EDM,CGY,1,0.512327,0.487673,EDM,1
logistic_engineered,20222023,20232024,20232024,2023020130,2023-10-30,BOS,FLA,1,0.632221,0.367779,BOS,1
logistic_engineered,20222023,20232024,20232024,2023020131,2023-10-30,PHI,CAR,0,0.44213,0.55787,CAR,1
logistic_engineered,20222023,20232024,20232024,2023020132,2023-10-30,PIT,ANA,0,0.708388,0.291612,PIT,0
logistic_engineered,20222023,20232024,20232024,2023020133,2023-10-30,TBL,SEA,0,0.671863,0.328137,TBL,0
logistic_engineered,20222023,20232024,20232024,2023020134,2023-10-30,NYI,DET,0,0.567844,0.432156,NYI,0
logistic_engineered,20222023,20232024,20232024,2023020135,2023-10-30,WPG,NYR,0,0.42326,0.57674,NYR,1
logistic_engineered,20222023,20232024,20232024,2023020136,2023-10-30,DAL,CBJ,1,0.679834,0.320166,DAL,1
logistic_engineered,20222023,20232024,20232024,2023020137,2023-10-30,UTA,CHI,1,0.754583,0.245417,UTA,1
logistic_engineered,20222023,20232024,20232024,2023020138,2023-10-30,VGK,MTL,1,0.69697,0.30303,VGK,1
logistic_engineered,20222023,20232024,20232024,2023020139,2023-10-31,TOR,LAK,0,0.483302,0.516698,LAK,1
logistic_engineered,20222023,20232024,20232024,2023020140,2023-10-31,VAN,NSH,1,0.54589,0.45411,VAN,1
logistic_engineered,20222023,20232024,20232024,2023020141,2023-11-01,PHI,BUF,0,0.271495,0.728505,BUF,1
logistic_engineered,20222023,20232024,20232024,2023020142,2023-11-01,CGY,DAL,0,0.3404,0.6596,DAL,1
logistic_engineered,20222023,20232024,20232024,2023020143,2023-11-01,COL,STL,1,0.723331,0.276669,COL,1
logistic_engineered,20222023,20232024,20232024,2023020144,2023-11-01,ANA,UTA,1,0.501055,0.498945,ANA,1
logistic_engineered,20222023,20232024,20232024,2023020145,2023-11-02,BOS,TOR,1,0.634561,0.365439,BOS,1
logistic_engineered,20222023,20232024,20232024,2023020146,2023-11-02,CBJ,TBL,1,0.362585,0.637415,TBL,0
logistic_engineered,20222023,20232024,20232024,2023020147,2023-11-02,DET,FLA,0,0.516247,0.483753,DET,0
logistic_engineered,20222023,20232024,20232024,2023020148,2023-11-02,NYR,CAR,1,0.526335,0.473665,NYR,1
logistic_engineered,20222023,20232024,20232024,2023020149,2023-11-02,OTT,LAK,0,0.429596,0.570404,LAK,1
logistic_engineered,20222023,20232024,20232024,2023020150,2023-11-02,WSH,NYI,0,0.448719,0.551281,NYI,1
logistic_engineered,20222023,20232024,20232024,2023020151,2023-11-02,MIN,NJD,0,0.39939,0.60061,NJD,1
logistic_engineered,20222023,20232024,20232024,2023020152,2023-11-02,EDM,DAL,0,0.466202,0.533798,DAL,1
logistic_engineered,20222023,20232024,20232024,2023020153,2023-11-02,UTA,MTL,1,0.419009,0.580991,MTL,0
logistic_engineered,20222023,20232024,20232024,2023020154,2023-11-02,SEA,NSH,1,0.51736,0.48264,SEA,1
logistic_engineered,20222023,20232024,20232024,2023020155,2023-11-02,VGK,WPG,1,0.63644,0.36356,VGK,1
logistic_engineered,20222023,20232024,20232024,2023020156,2023-11-02,SJS,VAN,0,0.10145,0.89855,VAN,1
logistic_engineered,20222023,20232024,20232024,2023020157,2023-11-03,BUF,PHI,0,0.617505,0.382495,BUF,0
logistic_engineered,20222023,20232024,20232024,2023020158,2023-11-03,STL,NJD,1,0.35979,0.64021,NJD,0
logistic_engineered,20222023,20232024,20232024,2023020159,2023-11-04,EDM,NSH,0,0.598062,0.401938,EDM,0
logistic_engineered,20222023,20232024,20232024,2023020160,2023-11-04,UTA,WPG,0,0.497439,0.502561,WPG,1
logistic_engineered,20222023,20232024,20232024,2023020161,2023-11-04,DET,BOS,1,0.334425,0.665575,BOS,0
logistic_engineered,20222023,20232024,20232024,2023020162,2023-11-04,OTT,TBL,0,0.302504,0.697496,TBL,1
logistic_engineered,20222023,20232024,20232024,2023020163,2023-11-04,PHI,LAK,0,0.264197,0.735803,LAK,1
logistic_engineered,20222023,20232024,20232024,2023020164,2023-11-04,STL,MTL,1,0.421142,0.578858,MTL,0
logistic_engineered,20222023,20232024,20232024,2023020165,2023-11-04,TOR,BUF,0,0.632853,0.367147,TOR,0
logistic_engineered,20222023,20232024,20232024,2023020166,2023-11-04,WSH,CBJ,1,0.537746,0.462254,WSH,1
logistic_engineered,20222023,20232024,20232024,2023020167,2023-11-04,NYI,CAR,0,0.522446,0.477554,NYI,0
logistic_engineered,20222023,20232024,20232024,2023020168,2023-11-04,CHI,FLA,1,0.335484,0.664516,FLA,0
logistic_engineered,20222023,20232024,20232024,2023020169,2023-11-04,MIN,NYR,1,0.196656,0.803344,NYR,0
logistic_engineered,20222023,20232024,20232024,2023020170,2023-11-04,SEA,CGY,0,0.616743,0.383257,SEA,0
logistic_engineered,20222023,20232024,20232024,2023020171,2023-11-04,SJS,PIT,0,0.139499,0.860501,PIT,1
logistic_engineered,20222023,20232024,20232024,2023020172,2023-11-04,VAN,DAL,1,0.473871,0.526129,DAL,0
logistic_engineered,20222023,20232024,20232024,2023020173,2023-11-04,VGK,COL,1,0.56628,0.43372,VGK,1
logistic_engineered,20222023,20232024,20232024,2023020174,2023-11-05,CHI,NJD,0,0.249518,0.750482,NJD,1
logistic_engineered,20222023,20232024,20232024,2023020175,2023-11-05,ANA,VGK,1,0.414674,0.585326,VGK,0
logistic_engineered,20222023,20232024,20232024,2023020176,2023-11-06,FLA,CBJ,1,0.812287,0.187713,FLA,1
logistic_engineered,20222023,20232024,20232024,2023020177,2023-11-06,TOR,TBL,1,0.27586,0.72414,TBL,0
logistic_engineered,20222023,20232024,20232024,2023020178,2023-11-06,DAL,BOS,0,0.47309,0.52691,BOS,1
logistic_engineered,20222023,20232024,20232024,2023020179,2023-11-06,VAN,EDM,1,0.650726,0.349274,VAN,1
logistic_engineered,20222023,20232024,20232024,2023020180,2023-11-07,CAR,BUF,1,0.585233,0.414767,CAR,1
logistic_engineered,20222023,20232024,20232024,2023020181,2023-11-07,MTL,TBL,0,0.268056,0.731944,TBL,1
logistic_engineered,20222023,20232024,20232024,2023020182,2023-11-07,NYI,MIN,0,0.52825,0.47175,NYI,0
logistic_engineered,20222023,20232024,20232024,2023020183,2023-11-07,NYR,DET,1,0.603257,0.396743,NYR,1
logistic_engineered,20222023,20232024,20232024,2023020184,2023-11-07,STL,WPG,0,0.431543,0.568457,WPG,1
logistic_engineered,20222023,20232024,20232024,2023020185,2023-11-07,UTA,SEA,1,0.502368,0.497632,UTA,1
logistic_engineered,20222023,20232024,20232024,2023020186,2023-11-07,CGY,NSH,1,0.432106,0.567894,NSH,0
logistic_engineered,20222023,20232024,20232024,2023020187,2023-11-07,ANA,PIT,0,0.732438,0.267562,ANA,0
logistic_engineered,20222023,20232024,20232024,2023020188,2023-11-07,COL,NJD,1,0.552545,0.447455,COL,1
logistic_engineered,20222023,20232024,20232024,2023020189,2023-11-07,SJS,PHI,1,0.280727,0.719273,PHI,0
logistic_engineered,20222023,20232024,20232024,2023020190,2023-11-08,TOR,OTT,0,0.569836,0.430164,TOR,0
logistic_engineered,20222023,20232024,20232024,2023020191,2023-11-08,WSH,FLA,0,0.453604,0.546396,FLA,1
logistic_engineered,20222023,20232024,20232024,2023020192,2023-11-08,VGK,LAK,0,0.539199,0.460801,VGK,0
logistic_engineered,20222023,20232024,20232024,2023020193,2023-11-09,BOS,NYI,1,0.62241,0.37759,BOS,1
logistic_engineered,20222023,20232024,20232024,2023020194,2023-11-09,CBJ,DAL,0,0.318987,0.681013,DAL,1
logistic_engineered,20222023,20232024,20232024,2023020195,2023-11-09,DET,MTL,0,0.591552,0.408448,DET,0
logistic_engineered,20222023,20232024,20232024,2023020196,2023-11-09,NYR,MIN,1,0.605846,0.394154,NYR,1
logistic_engineered,20222023,20232024,20232024,2023020197,2023-11-09,OTT,VAN,0,0.334847,0.665153,VAN,1
logistic_engineered,20222023,20232024,20232024,2023020198,2023-11-09,TBL,CHI,0,0.702531,0.297469,TBL,0
logistic_engineered,20222023,20232024,20232024,2023020199,2023-11-09,STL,UTA,1,0.478277,0.521723,UTA,0
logistic_engineered,20222023,20232024,20232024,2023020200,2023-11-09,WPG,NSH,1,0.597123,0.402877,WPG,1
logistic_engineered,20222023,20232024,20232024,2023020201,2023-11-09,COL,SEA,0,0.625546,0.374454,COL,0
logistic_engineered,20222023,20232024,20232024,2023020202,2023-11-09,LAK,PIT,0,0.502771,0.497229,LAK,0
logistic_engineered,20222023,20232024,20232024,2023020203,2023-11-09,SJS,EDM,1,0.317465,0.682535,EDM,0
logistic_engineered,20222023,20232024,20232024,2023020204,2023-11-10,BUF,MIN,1,0.613798,0.386202,BUF,1
logistic_engineered,20222023,20232024,20232024,2023020205,2023-11-10,FLA,CAR,1,0.501834,0.498166,FLA,1
logistic_engineered,20222023,20232024,20232024,2023020206,2023-11-10,NJD,WSH,0,0.408159,0.591841,WSH,1
logistic_engineered,20222023,20232024,20232024,2023020207,2023-11-10,TOR,CGY,1,0.563665,0.436335,TOR,1
logistic_engineered,20222023,20232024,20232024,2023020208,2023-11-10,ANA,PHI,0,0.589128,0.410872,ANA,0
logistic_engineered,20222023,20232024,20232024,2023020209,2023-11-10,VGK,SJS,1,0.867928,0.132072,VGK,1
logistic_engineered,20222023,20232024,20232024,2023020210,2023-11-11,DET,CBJ,1,0.588339,0.411661,DET,1
logistic_engineered,20222023,20232024,20232024,2023020211,2023-11-11,WPG,DAL,0,0.485844,0.514156,DAL,1
logistic_engineered,20222023,20232024,20232024,2023020212,2023-11-11,MTL,BOS,1,0.301595,0.698405,BOS,0
logistic_engineered,20222023,20232024,20232024,2023020213,2023-11-11,OTT,CGY,1,0.641677,0.358323,OTT,1
logistic_engineered,20222023,20232024,20232024,2023020214,2023-11-11,TBL,CAR,0,0.588266,0.411734,TBL,0
logistic_engineered,20222023,20232024,20232024,2023020215,2023-11-11,TOR,VAN,1,0.361447,0.638553,VAN,0
logistic_engineered,20222023,20232024,20232024,2023020216,2023-11-11,NYI,WSH,0,0.630488,0.369512,NYI,0
logistic_engineered,20222023,20232024,20232024,2023020217,2023-11-11,PIT,BUF,1,0.578546,0.421454,PIT,1
logistic_engineered,20222023,20232024,20232024,2023020218,2023-11-11,NSH,UTA,0,0.527633,0.472367,NSH,0
logistic_engineered,20222023,20232024,20232024,2023020219,2023-11-11,COL,STL,0,0.431865,0.568135,STL,1
logistic_engineered,20222023,20232024,20232024,2023020220,2023-11-11,SEA,EDM,0,0.354433,0.645567,EDM,1
logistic_engineered,20222023,20232024,20232024,2023020221,2023-11-11,LAK,PHI,0,0.722317,0.277683,LAK,0
logistic_engineered,20222023,20232024,20232024,2023020222,2023-11-12,FLA,CHI,1,0.684235,0.315765,FLA,1
logistic_engineered,20222023,20232024,20232024,2023020223,2023-11-12,MIN,DAL,0,0.469838,0.530162,DAL,1
logistic_engineered,20222023,20232024,20232024,2023020224,2023-11-12,MTL,VAN,0,0.362907,0.637093,VAN,1
logistic_engineered,20222023,20232024,20232024,2023020225,2023-11-12,NYR,CBJ,1,0.794793,0.205207,NYR,1
logistic_engineered,20222023,20232024,20232024,2023020226,2023-11-12,ANA,SJS,1,0.753116,0.246884,ANA,1
logistic_engineered,20222023,20232024,20232024,2023020227,2023-11-13,EDM,NYI,1,0.459386,0.540614,NYI,0
logistic_engineered,20222023,20232024,20232024,2023020228,2023-11-13,SEA,COL,0,0.460766,0.539234,COL,1
logistic_engineered,20222023,20232024,20232024,2023020229,2023-11-14,BUF,BOS,0,0.175277,0.824723,BOS,1
logistic_engineered,20222023,20232024,20232024,2023020230,2023-11-14,CBJ,PIT,0,0.322952,0.677048,PIT,1
logistic_engineered,20222023,20232024,20232024,2023020231,2023-11-14,MTL,CGY,0,0.477706,0.522294,CGY,1
logistic_engineered,20222023,20232024,20232024,2023020232,2023-11-14,WSH,VGK,1,0.334187,0.665813,VGK,0
logistic_engineered,20222023,20232024,20232024,2023020233,2023-11-14,DAL,UTA,1,0.651737,0.348263,DAL,1
logistic_engineered,20222023,20232024,20232024,2023020234,2023-11-14,NSH,ANA,0,0.475477,0.524523,ANA,1
logistic_engineered,20222023,20232024,20232024,2023020235,2023-11-14,STL,TBL,1,0.470534,0.529466,TBL,0
logistic_engineered,20222023,20232024,20232024,2023020236,2023-11-14,WPG,NJD,1,0.520252,0.479748,WPG,1
logistic_engineered,20222023,20232024,20232024,2023020237,2023-11-14,SJS,FLA,0,0.241763,0.758237,FLA,1
logistic_engineered,20222023,20232024,20232024,2023020238,2023-11-15,CAR,PHI,0,0.651924,0.348076,CAR,0
logistic_engineered,20222023,20232024,20232024,2023020239,2023-11-15,EDM,SEA,1,0.510132,0.489868,EDM,1
logistic_engineered,20222023,20232024,20232024,2023020240,2023-11-15,COL,ANA,1,0.641287,0.358713,COL,1
logistic_engineered,20222023,20232024,20232024,2023020241,2023-11-15,VAN,NYI,1,0.610834,0.389166,VAN,1
logistic_engineered,20222023,20232024,20232024,2023020242,2023-11-16,OTT,DET,1,0.531834,0.468166,OTT,1
logistic_engineered,20222023,20232024,20232024,2023020243,2023-11-16,CBJ,UTA,0,0.406942,0.593058,UTA,1
logistic_engineered,20222023,20232024,20232024,2023020244,2023-11-16,MTL,VGK,0,0.313267,0.686733,VGK,1
logistic_engineered,20222023,20232024,20232024,2023020245,2023-11-16,PIT,NJD,0,0.549842,0.450158,PIT,0
logistic_engineered,20222023,20232024,20232024,2023020246,2023-11-16,CHI,TBL,0,0.387469,0.612531,TBL,1
logistic_engineered,20222023,20232024,20232024,2023020247,2023-11-16,CGY,VAN,1,0.476213,0.523787,VAN,0
logistic_engineered,20222023,20232024,20232024,2023020248,2023-11-16,SEA,NYI,1,0.484837,0.515163,NYI,0
logistic_engineered,20222023,20232024,20232024,2023020249,2023-11-16,LAK,FLA,1,0.484493,0.515507,FLA,0
logistic_engineered,20222023,20232024,20232024,2023020250,2023-11-16,SJS,STL,1,0.527398,0.472602,SJS,1
logistic_engineered,20222023,20232024,20232024,2023020251,2023-11-17,DET,TOR,0,0.292778,0.707222,TOR,1
logistic_engineered,20222023,20232024,20232024,2023020252,2023-11-17,WPG,BUF,1,0.638523,0.361477,WPG,1
logistic_engineered,20222023,20232024,20232024,2023020253,2023-11-17,ANA,FLA,0,0.458654,0.541346,FLA,1
logistic_engineered,20222023,20232024,20232024,2023020254,2023-11-18,OTT,MIN,1,0.539126,0.460874,OTT,1
logistic_engineered,20222023,20232024,20232024,2023020255,2023-11-18,PHI,VGK,1,0.362931,0.637069,VGK,0
logistic_engineered,20222023,20232024,20232024,2023020256,2023-11-18,NSH,CHI,1,0.541155,0.458845,NSH,1
logistic_engineered,20222023,20232024,20232024,2023020257,2023-11-18,TBL,EDM,1,0.546284,0.453716,TBL,1
logistic_engineered,20222023,20232024,20232024,2023020258,2023-11-18,BOS,MTL,1,0.736895,0.263105,BOS,1
logistic_engineered,20222023,20232024,20232024,2023020259,2023-11-18,CAR,PIT,1,0.542255,0.457745,CAR,1
logistic_engineered,20222023,20232024,20232024,2023020260,2023-11-18,CGY,NYI,0,0.533454,0.466546,CGY,0
logistic_engineered,20222023,20232024,20232024,2023020261,2023-11-18,NJD,NYR,0,0.41668,0.58332,NYR,1
logistic_engineered,20222023,20232024,20232024,2023020262,2023-11-18,WPG,UTA,1,0.53647,0.46353,WPG,1
logistic_engineered,20222023,20232024,20232024,2023020263,2023-11-18,WSH,CBJ,1,0.638077,0.361923,WSH,1
logistic_engineered,20222023,20232024,20232024,2023020264,2023-11-18,DAL,COL,0,0.522037,0.477963,DAL,0
logistic_engineered,20222023,20232024,20232024,2023020265,2023-11-18,VAN,SEA,0,0.583297,0.416703,VAN,0
logistic_engineered,20222023,20232024,20232024,2023020266,2023-11-18,LAK,STL,1,0.620277,0.379723,LAK,1
logistic_engineered,20222023,20232024,20232024,2023020267,2023-11-19,MIN,TOR,0,0.313613,0.686387,TOR,1
logistic_engineered,20222023,20232024,20232024,2023020268,2023-11-19,PHI,CBJ,1,0.614833,0.385167,PHI,1
logistic_engineered,20222023,20232024,20232024,2023020269,2023-11-19,PIT,VGK,1,0.388739,0.611261,VGK,0
logistic_engineered,20222023,20232024,20232024,2023020270,2023-11-19,CHI,BUF,0,0.327742,0.672258,BUF,1
logistic_engineered,20222023,20232024,20232024,2023020271,2023-11-19,ANA,STL,0,0.590005,0.409995,ANA,0
logistic_engineered,20222023,20232024,20232024,2023020272,2023-11-20,FLA,EDM,1,0.614092,0.385908,FLA,1
logistic_engineered,20222023,20232024,20232024,2023020273,2023-11-20,TBL,BOS,1,0.403305,0.596695,BOS,0
logistic_engineered,20222023,20232024,20232024,2023020274,2023-11-20,DAL,NYR,1,0.451864,0.548136,NYR,0
logistic_engineered,20222023,20232024,20232024,2023020275,2023-11-20,NSH,COL,1,0.36009,0.63991,COL,0
logistic_engineered,20222023,20232024,20232024,2023020276,2023-11-20,UTA,LAK,0,0.357687,0.642313,LAK,1
logistic_engineered,20222023,20232024,20232024,2023020277,2023-11-20,SEA,CGY,0,0.310152,0.689848,CGY,1
logistic_engineered,20222023,20232024,20232024,2023020278,2023-11-20,VAN,SJS,1,0.736655,0.263345,VAN,1
logistic_engineered,20222023,20232024,20232024,2023020279,2023-11-22,CAR,EDM,1,0.641015,0.358985,CAR,1
logistic_engineered,20222023,20232024,20232024,2023020280,2023-11-22,CBJ,CHI,1,0.680742,0.319258,CBJ,1
logistic_engineered,20222023,20232024,20232024,2023020281,2023-11-22,DET,NJD,1,0.406365,0.593635,NJD,0
logistic_engineered,20222023,20232024,20232024,2023020282,2023-11-22,FLA,BOS,0,0.474603,0.525397,BOS,1
logistic_engineered,20222023,20232024,20232024,2023020283,2023-11-22,PIT,NYR,0,0.413233,0.586767,NYR,1
logistic_engineered,20222023,20232024,20232024,2023020284,2023-11-22,TBL,WPG,0,0.437724,0.562276,WPG,1
logistic_engineered,20222023,20232024,20232024,2023020285,2023-11-22,WSH,BUF,1,0.553035,0.446965,WSH,1
logistic_engineered,20222023,20232024,20232024,2023020286,2023-11-22,NYI,PHI,1,0.502497,0.497503,NYI,1
logistic_engineered,20222023,20232024,20232024,2023020287,2023-11-22,UTA,STL,0,0.486522,0.513478,STL,1
logistic_engineered,20222023,20232024,20232024,2023020288,2023-11-22,NSH,CGY,1,0.537077,0.462923,NSH,1
logistic_engineered,20222023,20232024,20232024,2023020289,2023-11-22,DAL,VGK,0,0.508182,0.491818,DAL,0
logistic_engineered,20222023,20232024,20232024,2023020290,2023-11-22,ANA,MTL,0,0.554987,0.445013,ANA,0
logistic_engineered,20222023,20232024,20232024,2023020291,2023-11-22,COL,VAN,1,0.559932,0.440068,COL,1
logistic_engineered,20222023,20232024,20232024,2023020292,2023-11-22,SEA,SJS,1,0.847532,0.152468,SEA,1
logistic_engineered,20222023,20232024,20232024,2023020293,2023-11-24,BOS,DET,0,0.692091,0.307909,BOS,0
logistic_engineered,20222023,20232024,20232024,2023020294,2023-11-24,PHI,NYR,0,0.380795,0.619205,NYR,1
logistic_engineered,20222023,20232024,20232024,2023020295,2023-11-24,CHI,TOR,1,0.292537,0.707463,TOR,0
logistic_engineered,20222023,20232024,20232024,2023020296,2023-11-24,NJD,CBJ,0,0.65118,0.34882,NJD,0
logistic_engineered,20222023,20232024,20232024,2023020297,2023-11-24,STL,NSH,0,0.317737,0.682263,NSH,1
logistic_engineered,20222023,20232024,20232024,2023020298,2023-11-24,WSH,EDM,0,0.559167,0.440833,WSH,0
logistic_engineered,20222023,20232024,20232024,2023020299,2023-11-24,ANA,LAK,0,0.313522,0.686478,LAK,1
logistic_engineered,20222023,20232024,20232024,2023020300,2023-11-24,SJS,MTL,0,0.400348,0.599652,MTL,1
logistic_engineered,20222023,20232024,20232024,2023020301,2023-11-24,BUF,PIT,1,0.486114,0.513886,PIT,0
logistic_engineered,20222023,20232024,20232024,2023020302,2023-11-24,OTT,NYI,0,0.540373,0.459627,OTT,0
logistic_engineered,20222023,20232024,20232024,2023020303,2023-11-24,CAR,TBL,0,0.592875,0.407125,CAR,0
logistic_engineered,20222023,20232024,20232024,2023020304,2023-11-24,FLA,WPG,0,0.484879,0.515121,WPG,1
logistic_engineered,20222023,20232024,20232024,2023020305,2023-11-24,DAL,CGY,0,0.626441,0.373559,DAL,0
logistic_engineered,20222023,20232024,20232024,2023020306,2023-11-24,MIN,COL,0,0.379114,0.620886,COL,1
logistic_engineered,20222023,20232024,20232024,2023020307,2023-11-24,SEA,VAN,0,0.519415,0.480585,SEA,0
logistic_engineered,20222023,20232024,20232024,2023020308,2023-11-25,NYR,BOS,1,0.484334,0.515666,BOS,0
logistic_engineered,20222023,20232024,20232024,2023020309,2023-11-25,LAK,MTL,1,0.668583,0.331417,LAK,1
logistic_engineered,20222023,20232024,20232024,2023020310,2023-11-25,NJD,BUF,1,0.519213,0.480787,NJD,1
logistic_engineered,20222023,20232024,20232024,2023020311,2023-11-25,PIT,TOR,1,0.404667,0.595333,TOR,0
logistic_engineered,20222023,20232024,20232024,2023020312,2023-11-25,NYI,PHI,0,0.543693,0.456307,NYI,0
logistic_engineered,20222023,20232024,20232024,2023020313,2023-11-25,COL,CGY,1,0.588899,0.411101,COL,1
logistic_engineered,20222023,20232024,20232024,2023020314,2023-11-25,SJS,VAN,1,0.279265,0.720735,VAN,0
logistic_engineered,20222023,20232024,20232024,2023020315,2023-11-25,VGK,UTA,0,0.669249,0.330751,VGK,0
logistic_engineered,20222023,20232024,20232024,2023020316,2023-11-26,DET,MIN,1,0.522396,0.477604,DET,1
logistic_engineered,20222023,20232024,20232024,2023020317,2023-11-26,CHI,STL,0,0.431915,0.568085,STL,1
logistic_engineered,20222023,20232024,20232024,2023020318,2023-11-26,CAR,CBJ,1,0.681311,0.318689,CAR,1
logistic_engineered,20222023,20232024,20232024,2023020319,2023-11-26,NSH,WPG,1,0.400488,0.599512,WPG,0
logistic_engineered,20222023,20232024,20232024,2023020320,2023-11-26,EDM,ANA,1,0.780672,0.219328,EDM,1
logistic_engineered,20222023,20232024,20232024,2023020321,2023-11-27,CBJ,BOS,1,0.415472,0.584528,BOS,0
logistic_engineered,20222023,20232024,20232024,2023020322,2023-11-27,NYR,BUF,0,0.696676,0.303324,NYR,0
logistic_engineered,20222023,20232024,20232024,2023020323,2023-11-27,OTT,FLA,0,0.445031,0.554969,FLA,1
logistic_engineered,20222023,20232024,20232024,2023020324,2023-11-27,COL,TBL,1,0.569055,0.430945,COL,1
logistic_engineered,20222023,20232024,20232024,2023020325,2023-11-27,CGY,VGK,1,0.443676,0.556324,VGK,0
logistic_engineered,20222023,20232024,20232024,2023020326,2023-11-27,SJS,WSH,1,0.339663,0.660337,WSH,0
logistic_engineered,20222023,20232024,20232024,2023020327,2023-11-28,NJD,NYI,1,0.308884,0.691116,NYI,0
logistic_engineered,20222023,20232024,20232024,2023020328,2023-11-28,PHI,CAR,0,0.448138,0.551862,CAR,1
logistic_engineered,20222023,20232024,20232024,2023020329,2023-11-28,TOR,FLA,1,0.591437,0.408563,TOR,1
logistic_engineered,20222023,20232024,20232024,2023020330,2023-11-28,MIN,STL,1,0.492017,0.507983,STL,0
logistic_engineered,20222023,20232024,20232024,2023020331,2023-11-28,NSH,PIT,1,0.57183,0.42817,NSH,1
logistic_engineered,20222023,20232024,20232024,2023020332,2023-11-28,WPG,DAL,0,0.490254,0.509746,DAL,1
logistic_engineered,20222023,20232024,20232024,2023020333,2023-11-28,CHI,SEA,1,0.362092,0.637908,SEA,0
logistic_engineered,20222023,20232024,20232024,2023020334,2023-11-28,UTA,TBL,1,0.48193,0.51807,TBL,0
logistic_engineered,20222023,20232024,20232024,2023020335,2023-11-28,EDM,VGK,1,0.529585,0.470415,EDM,1
logistic_engineered,20222023,20232024,20232024,2023020336,2023-11-28,VAN,ANA,1,0.643489,0.356511,VAN,1
logistic_engineered,20222023,20232024,20232024,2023020337,2023-11-29,CBJ,MTL,0,0.513615,0.486385,CBJ,0
logistic_engineered,20222023,20232024,20232024,2023020338,2023-11-29,NYR,DET,1,0.632214,0.367786,NYR,1
logistic_engineered,20222023,20232024,20232024,2023020339,2023-11-29,LAK,WSH,0,0.664957,0.335043,LAK,0
logistic_engineered,20222023,20232024,20232024,2023020340,2023-11-30,BOS,SJS,1,0.762526,0.237474,BOS,1
logistic_engineered,20222023,20232024,20232024,2023020341,2023-11-30,CAR,NYI,0,0.589165,0.410835,CAR,0
logistic_engineered,20222023,20232024,20232024,2023020342,2023-11-30,DET,CHI,1,0.506754,0.493246,DET,1
logistic_engineered,20222023,20232024,20232024,2023020343,2023-11-30,MTL,FLA,0,0.300086,0.699914,FLA,1
logistic_engineered,20222023,20232024,20232024,2023020344,2023-11-30,PHI,NJD,0,0.428598,0.571402,NJD,1
logistic_engineered,20222023,20232024,20232024,2023020345,2023-11-30,TBL,PIT,0,0.544754,0.455246,TBL,0
logistic_engineered,20222023,20232024,20232024,2023020346,2023-11-30,TOR,SEA,1,0.57172,0.42828,TOR,1
logistic_engineered,20222023,20232024,20232024,2023020347,2023-11-30,NSH,MIN,0,0.356815,0.643185,MIN,1
logistic_engineered,20222023,20232024,20232024,2023020348,2023-11-30,STL,BUF,1,0.514084,0.485916,STL,1
logistic_engineered,20222023,20232024,20232024,2023020349,2023-11-30,WPG,EDM,0,0.541605,0.458395,WPG,0
logistic_engineered,20222023,20232024,20232024,2023020350,2023-11-30,UTA,COL,1,0.361265,0.638735,COL,0
logistic_engineered,20222023,20232024,20232024,2023020351,2023-11-30,CGY,DAL,1,0.414394,0.585606,DAL,0
logistic_engineered,20222023,20232024,20232024,2023020352,2023-11-30,ANA,WSH,0,0.476761,0.523239,WSH,1
logistic_engineered,20222023,20232024,20232024,2023020353,2023-11-30,VAN,VGK,0,0.717601,0.282399,VAN,0
logistic_engineered,20222023,20232024,20232024,2023020354,2023-12-01,CBJ,OTT,1,0.418986,0.581014,OTT,0
logistic_engineered,20222023,20232024,20232024,2023020355,2023-12-01,NJD,SJS,0,0.746956,0.253044,NJD,0
logistic_engineered,20222023,20232024,20232024,2023020356,2023-12-02,DAL,TBL,1,0.762514,0.237486,DAL,1
logistic_engineered,20222023,20232024,20232024,2023020357,2023-12-02,WPG,CHI,1,0.672006,0.327994,WPG,1
logistic_engineered,20222023,20232024,20232024,2023020358,2023-12-02,NSH,NYR,0,0.377986,0.622014,NYR,1
logistic_engineered,20222023,20232024,20232024,2023020359,2023-12-02,FLA,NYI,0,0.57822,0.42178,FLA,0
logistic_engineered,20222023,20232024,20232024,2023020360,2023-12-02,CAR,BUF,1,0.601246,0.398754,CAR,1
logistic_engineered,20222023,20232024,20232024,2023020361,2023-12-02,MTL,DET,0,0.413261,0.586739,DET,1
logistic_engineered,20222023,20232024,20232024,2023020362,2023-12-02,OTT,SEA,1,0.379592,0.620408,SEA,0
logistic_engineered,20222023,20232024,20232024,2023020363,2023-12-02,PIT,PHI,0,0.571098,0.428902,PIT,0
logistic_engineered,20222023,20232024,20232024,2023020364,2023-12-02,TOR,BOS,0,0.490387,0.509613,BOS,1
logistic_engineered,20222023,20232024,20232024,2023020365,2023-12-02,UTA,STL,1,0.513286,0.486714,UTA,1
logistic_engineered,20222023,20232024,20232024,2023020366,2023-12-02,ANA,COL,1,0.289959,0.710041,COL,0
logistic_engineered,20222023,20232024,20232024,2023020367,2023-12-02,CGY,VAN,0,0.51586,0.48414,CGY,0
logistic_engineered,20222023,20232024,20232024,2023020368,2023-12-02,VGK,WSH,1,0.589303,0.410697,VGK,1
logistic_engineered,20222023,20232024,20232024,2023020369,2023-12-03,MIN,CHI,1,0.714978,0.285022,MIN,1
logistic_engineered,20222023,20232024,20232024,2023020370,2023-12-03,NYR,SJS,1,0.701586,0.298414,NYR,1
logistic_engineered,20222023,20232024,20232024,2023020371,2023-12-03,BOS,CBJ,1,0.616186,0.383814,BOS,1
logistic_engineered,20222023,20232024,20232024,2023020372,2023-12-03,BUF,NSH,0,0.443678,0.556322,NSH,1
logistic_engineered,20222023,20232024,20232024,2023020373,2023-12-03,LAK,COL,1,0.606337,0.393663,LAK,1
logistic_engineered,20222023,20232024,20232024,2023020374,2023-12-04,PHI,PIT,1,0.458924,0.541076,PIT,0
logistic_engineered,20222023,20232024,20232024,2023020375,2023-12-04,TBL,DAL,1,0.400392,0.599608,DAL,0
logistic_engineered,20222023,20232024,20232024,2023020376,2023-12-04,MTL,SEA,1,0.396571,0.603429,SEA,0
logistic_engineered,20222023,20232024,20232024,2023020377,2023-12-04,WPG,CAR,1,0.497866,0.502134,CAR,0
logistic_engineered,20222023,20232024,20232024,2023020378,2023-12-04,UTA,WSH,1,0.729512,0.270488,UTA,1
logistic_engineered,20222023,20232024,20232024,2023020379,2023-12-04,VGK,STL,0,0.63728,0.36272,VGK,0
logistic_engineered,20222023,20232024,20232024,2023020380,2023-12-05,BUF,DET,0,0.45213,0.54787,DET,1
logistic_engineered,20222023,20232024,20232024,2023020381,2023-12-05,CBJ,LAK,0,0.284986,0.715014,LAK,1
logistic_engineered,20222023,20232024,20232024,2023020382,2023-12-05,OTT,NYR,1,0.351827,0.648173,NYR,0
logistic_engineered,20222023,20232024,20232024,2023020383,2023-12-05,NYI,SJS,0,0.693889,0.306111,NYI,0
logistic_engineered,20222023,20232024,20232024,2023020384,2023-12-05,CHI,NSH,0,0.383845,0.616155,NSH,1
logistic_engineered,20222023,20232024,20232024,2023020385,2023-12-05,CGY,MIN,0,0.30285,0.69715,MIN,1
logistic_engineered,20222023,20232024,20232024,2023020386,2023-12-05,COL,ANA,1,0.667655,0.332345,COL,1
logistic_engineered,20222023,20232024,20232024,2023020387,2023-12-05,VAN,NJD,0,0.466456,0.533544,NJD,1
logistic_engineered,20222023,20232024,20232024,2023020388,2023-12-06,FLA,DAL,1,0.461605,0.538395,DAL,0
logistic_engineered,20222023,20232024,20232024,2023020389,2023-12-06,TBL,PIT,1,0.54382,0.45618,TBL,1
logistic_engineered,20222023,20232024,20232024,2023020390,2023-12-06,STL,VGK,0,0.420714,0.579286,VGK,1
logistic_engineered,20222023,20232024,20232024,2023020391,2023-12-06,EDM,CAR,1,0.688963,0.311037,EDM,1
logistic_engineered,20222023,20232024,20232024,2023020392,2023-12-07,BOS,BUF,0,0.685956,0.314044,BOS,0
logistic_engineered,20222023,20232024,20232024,2023020393,2023-12-07,DET,SJS,0,0.838494,0.161506,DET,0
logistic_engineered,20222023,20232024,20232024,2023020394,2023-12-07,MTL,LAK,0,0.285454,0.714546,LAK,1
logistic_engineered,20222023,20232024,20232024,2023020395,2023-12-07,OTT,TOR,0,0.662141,0.337859,OTT,0
logistic_engineered,20222023,20232024,20232024,2023020396,2023-12-07,WSH,DAL,0,0.434338,0.565662,DAL,1
logistic_engineered,20222023,20232024,20232024,2023020397,2023-12-07,NYI,CBJ,1,0.637006,0.362994,NYI,1
logistic_engineered,20222023,20232024,20232024,2023020398,2023-12-07,NSH,TBL,1,0.581851,0.418149,NSH,1
logistic_engineered,20222023,20232024,20232024,2023020399,2023-12-07,CHI,ANA,1,0.473902,0.526098,ANA,0
logistic_engineered,20222023,20232024,20232024,2023020400,2023-12-07,UTA,PHI,0,0.562577,0.437423,UTA,0
logistic_engineered,20222023,20232024,20232024,2023020401,2023-12-07,CGY,CAR,1,0.528104,0.471896,CGY,1
logistic_engineered,20222023,20232024,20232024,2023020402,2023-12-07,COL,WPG,0,0.536831,0.463169,COL,0
logistic_engineered,20222023,20232024,20232024,2023020403,2023-12-07,SEA,NJD,0,0.445926,0.554074,NJD,1
logistic_engineered,20222023,20232024,20232024,2023020404,2023-12-07,VAN,MIN,1,0.503191,0.496809,VAN,1
logistic_engineered,20222023,20232024,20232024,2023020405,2023-12-08,CBJ,STL,1,0.349069,0.650931,STL,0
logistic_engineered,20222023,20232024,20232024,2023020406,2023-12-08,FLA,PIT,1,0.603753,0.396247,FLA,1
logistic_engineered,20222023,20232024,20232024,2023020407,2023-12-08,EDM,MIN,1,0.663757,0.336243,EDM,1
logistic_engineered,20222023,20232024,20232024,2023020408,2023-12-09,BOS,UTA,1,0.627711,0.372289,BOS,1
logistic_engineered,20222023,20232024,20232024,2023020409,2023-12-09,CGY,NJD,0,0.439673,0.560327,NJD,1
logistic_engineered,20222023,20232024,20232024,2023020410,2023-12-09,DAL,VGK,0,0.478774,0.521226,VGK,1
logistic_engineered,20222023,20232024,20232024,2023020411,2023-12-09,BUF,MTL,0,0.567103,0.432897,BUF,0
logistic_engineered,20222023,20232024,20232024,2023020412,2023-12-09,DET,OTT,0,0.472149,0.527851,OTT,1
logistic_engineered,20222023,20232024,20232024,2023020413,2023-12-09,TOR,NSH,1,0.570957,0.429043,TOR,1
logistic_engineered,20222023,20232024,20232024,2023020414,2023-12-09,WSH,NYR,1,0.331589,0.668411,NYR,0
logistic_engineered,20222023,20232024,20232024,2023020415,2023-12-09,NYI,LAK,1,0.399248,0.600752,LAK,0
logistic_engineered,20222023,20232024,20232024,2023020416,2023-12-09,CHI,STL,1,0.52581,0.47419,CHI,1
logistic_engineered,20222023,20232024,20232024,2023020417,2023-12-09,COL,PHI,0,0.611489,0.388511,COL,0
logistic_engineered,20222023,20232024,20232024,2023020418,2023-12-09,SEA,TBL,0,0.257301,0.742699,TBL,1
logistic_engineered,20222023,20232024,20232024,2023020419,2023-12-09,VAN,CAR,1,0.489219,0.510781,CAR,0
logistic_engineered,20222023,20232024,20232024,2023020420,2023-12-10,CBJ,FLA,0,0.355127,0.644873,FLA,1
logistic_engineered,20222023,20232024,20232024,2023020421,2023-12-10,EDM,NJD,1,0.595844,0.404156,EDM,1
logistic_engineered,20222023,20232024,20232024,2023020422,2023-12-10,CHI,WSH,0,0.425532,0.574468,WSH,1
logistic_engineered,20222023,20232024,20232024,2023020423,2023-12-10,MTL,NSH,0,0.407402,0.592598,NSH,1
logistic_engineered,20222023,20232024,20232024,2023020424,2023-12-10,NYR,LAK,1,0.42151,0.57849,LAK,0
logistic_engineered,20222023,20232024,20232024,2023020425,2023-12-10,ANA,WPG,0,0.326012,0.673988,WPG,1
logistic_engineered,20222023,20232024,20232024,2023020426,2023-12-10,SEA,MIN,0,0.344491,0.655509,MIN,1
logistic_engineered,20222023,20232024,20232024,2023020427,2023-12-10,VGK,SJS,1,0.644419,0.355581,VGK,1
logistic_engineered,20222023,20232024,20232024,2023020428,2023-12-11,BUF,UTA,1,0.487033,0.512967,UTA,0
logistic_engineered,20222023,20232024,20232024,2023020429,2023-12-11,NYI,TOR,1,0.509512,0.490488,NYI,1
logistic_engineered,20222023,20232024,20232024,2023020430,2023-12-11,DAL,DET,1,0.585724,0.414276,DAL,1
logistic_engineered,20222023,20232024,20232024,2023020431,2023-12-11,COL,CGY,1,0.350113,0.649887,CGY,0
logistic_engineered,20222023,20232024,20232024,2023020432,2023-12-12,NYR,TOR,0,0.605763,0.394237,NYR,0
logistic_engineered,20222023,20232024,20232024,2023020433,2023-12-12,OTT,CAR,0,0.47458,0.52542,CAR,1
logistic_engineered,20222023,20232024,20232024,2023020434,2023-12-12,PIT,UTA,1,0.592812,0.407188,PIT,1
logistic_engineered,20222023,20232024,20232024,2023020435,2023-12-12,NSH,PHI,1,0.528916,0.471084,NSH,1
logistic_engineered,20222023,20232024,20232024,2023020436,2023-12-12,STL,DET,0,0.552159,0.447841,STL,0
logistic_engineered,20222023,20232024,20232024,2023020437,2023-12-12,EDM,CHI,1,0.732112,0.267888,EDM,1
logistic_engineered,20222023,20232024,20232024,2023020438,2023-12-12,SEA,FLA,1,0.374374,0.625626,FLA,0
logistic_engineered,20222023,20232024,20232024,2023020439,2023-12-12,VAN,TBL,1,0.53061,0.46939,VAN,1
logistic_engineered,20222023,20232024,20232024,2023020440,2023-12-12,VGK,CGY,1,0.704198,0.295802,VGK,1
logistic_engineered,20222023,20232024,20232024,2023020441,2023-12-12,SJS,WPG,1,0.322734,0.677266,WPG,0
logistic_engineered,20222023,20232024,20232024,2023020442,2023-12-13,MTL,PIT,0,0.507771,0.492229,MTL,0
logistic_engineered,20222023,20232024,20232024,2023020443,2023-12-13,NJD,BOS,1,0.463664,0.536336,BOS,0
logistic_engineered,20222023,20232024,20232024,2023020444,2023-12-13,NYI,ANA,1,0.697784,0.302216,NYI,1
logistic_engineered,20222023,20232024,20232024,2023020445,2023-12-13,COL,BUF,1,0.611661,0.388339,COL,1
logistic_engineered,20222023,20232024,20232024,2023020446,2023-12-13,LAK,WPG,0,0.629898,0.370102,LAK,0
logistic_engineered,20222023,20232024,20232024,2023020447,2023-12-14,DET,CAR,0,0.462207,0.537793,CAR,1
logistic_engineered,20222023,20232024,20232024,2023020448,2023-12-14,PHI,WSH,1,0.51659,0.48341,PHI,1
logistic_engineered,20222023,20232024,20232024,2023020449,2023-12-14,TOR,CBJ,0,0.70684,0.29316,TOR,0
logistic_engineered,20222023,20232024,20232024,2023020450,2023-12-14,MIN,CGY,1,0.553964,0.446036,MIN,1
logistic_engineered,20222023,20232024,20232024,2023020451,2023-12-14,STL,OTT,1,0.440316,0.559684,OTT,0
logistic_engineered,20222023,20232024,20232024,2023020452,2023-12-14,EDM,TBL,0,0.618414,0.381586,EDM,0
logistic_engineered,20222023,20232024,20232024,2023020453,2023-12-14,SEA,CHI,1,0.801778,0.198222,SEA,1
logistic_engineered,20222023,20232024,20232024,2023020454,2023-12-14,VAN,FLA,1,0.711919,0.288081,VAN,1
logistic_engineered,20222023,20232024,20232024,2023020455,2023-12-15,CAR,NSH,0,0.482747,0.517253,NSH,1
logistic_engineered,20222023,20232024,20232024,2023020456,2023-12-15,NYR,ANA,1,0.731461,0.268539,NYR,1
logistic_engineered,20222023,20232024,20232024,2023020457,2023-12-15,NYI,BOS,0,0.518975,0.481025,NYI,0
logistic_engineered,20222023,20232024,20232024,2023020458,2023-12-15,DAL,OTT,1,0.484361,0.515639,OTT,0
logistic_engineered,20222023,20232024,20232024,2023020459,2023-12-15,UTA,SJS,1,0.591952,0.408048,UTA,1
logistic_engineered,20222023,20232024,20232024,2023020460,2023-12-15,VGK,BUF,0,0.681402,0.318598,VGK,0
logistic_engineered,20222023,20232024,20232024,2023020461,2023-12-16,MIN,VAN,1,0.50444,0.49556,MIN,1
logistic_engineered,20222023,20232024,20232024,2023020462,2023-12-16,BOS,NYR,0,0.48997,0.51003,NYR,1
logistic_engineered,20222023,20232024,20232024,2023020463,2023-12-16,CBJ,NJD,0,0.363618,0.636382,NJD,1
logistic_engineered,20222023,20232024,20232024,2023020464,2023-12-16,MTL,NYI,1,0.405055,0.594945,NYI,0
logistic_engineered,20222023,20232024,20232024,2023020465,2023-12-16,PHI,DET,1,0.710884,0.289116,PHI,1
logistic_engineered,20222023,20232024,20232024,2023020466,2023-12-16,TOR,PIT,1,0.778076,0.221924,TOR,1
logistic_engineered,20222023,20232024,20232024,2023020467,2023-12-16,WPG,COL,1,0.516713,0.483287,WPG,1
logistic_engineered,20222023,20232024,20232024,2023020468,2023-12-16,NSH,WSH,1,0.495214,0.504786,WSH,0
logistic_engineered,20222023,20232024,20232024,2023020469,2023-12-16,STL,DAL,1,0.456437,0.543563,DAL,0
logistic_engineered,20222023,20232024,20232024,2023020470,2023-12-16,UTA,BUF,1,0.494213,0.505787,BUF,0
logistic_engineered,20222023,20232024,20232024,2023020471,2023-12-16,CGY,TBL,1,0.458611,0.541389,TBL,0
logistic_engineered,20222023,20232024,20232024,2023020472,2023-12-16,EDM,FLA,0,0.549737,0.450263,EDM,0
logistic_engineered,20222023,20232024,20232024,2023020473,2023-12-16,SEA,LAK,0,0.361811,0.638189,LAK,1
logistic_engineered,20222023,20232024,20232024,2023020474,2023-12-17,CHI,VAN,0,0.41816,0.58184,VAN,1
logistic_engineered,20222023,20232024,20232024,2023020475,2023-12-17,CAR,WSH,0,0.674845,0.325155,CAR,0
logistic_engineered,20222023,20232024,20232024,2023020476,2023-12-17,NJD,ANA,0,0.791683,0.208317,NJD,0
logistic_engineered,20222023,20232024,20232024,2023020477,2023-12-17,COL,SJS,1,0.60089,0.39911,COL,1
logistic_engineered,20222023,20232024,20232024,2023020478,2023-12-17,VGK,OTT,1,0.590049,0.409951,VGK,1
logistic_engineered,20222023,20232024,20232024,2023020479,2023-12-18,DET,ANA,0,0.425662,0.574338,ANA,1
logistic_engineered,20222023,20232024,20232024,2023020480,2023-12-18,PIT,MIN,1,0.465974,0.534026,MIN,0
logistic_engineered,20222023,20232024,20232024,2023020481,2023-12-18,WPG,MTL,0,0.682287,0.317713,WPG,0
logistic_engineered,20222023,20232024,20232024,2023020482,2023-12-18,DAL,SEA,1,0.587434,0.412566,DAL,1
logistic_engineered,20222023,20232024,20232024,2023020483,2023-12-18,CGY,FLA,1,0.464455,0.535545,FLA,0
logistic_engineered,20222023,20232024,20232024,2023020484,2023-12-19,BOS,MIN,0,0.649839,0.350161,BOS,0
logistic_engineered,20222023,20232024,20232024,2023020485,2023-12-19,BUF,CBJ,0,0.336239,0.663761,CBJ,1
logistic_engineered,20222023,20232024,20232024,2023020486,2023-12-19,CAR,VGK,1,0.663107,0.336893,CAR,1
logistic_engineered,20222023,20232024,20232024,2023020487,2023-12-19,NJD,PHI,0,0.560828,0.439172,NJD,0
logistic_engineered,20222023,20232024,20232024,2023020488,2023-12-19,TBL,STL,1,0.787153,0.212847,TBL,1
logistic_engineered,20222023,20232024,20232024,2023020489,2023-12-19,TOR,NYR,0,0.560444,0.439556,TOR,0
logistic_engineered,20222023,20232024,20232024,2023020490,2023-12-19,NYI,EDM,1,0.515225,0.484775,NYI,1
logistic_engineered,20222023,20232024,20232024,2023020491,2023-12-19,NSH,VAN,0,0.288848,0.711152,VAN,1
logistic_engineered,20222023,20232024,20232024,2023020492,2023-12-19,CHI,COL,1,0.294143,0.705857,COL,0
logistic_engineered,20222023,20232024,20232024,2023020493,2023-12-19,UTA,OTT,1,0.306641,0.693359,OTT,0
logistic_engineered,20222023,20232024,20232024,2023020494,2023-12-19,SJS,LAK,0,0.293684,0.706316,LAK,1
logistic_engineered,20222023,20232024,20232024,2023020495,2023-12-20,WPG,DET,1,0.62465,0.37535,WPG,1
logistic_engineered,20222023,20232024,20232024,2023020496,2023-12-20,WSH,NYI,1,0.546519,0.453481,WSH,1
logistic_engineered,20222023,20232024,20232024,2023020497,2023-12-20,LAK,SEA,0,0.547354,0.452646,LAK,0
logistic_engineered,20222023,20232024,20232024,2023020498,2023-12-21,BUF,TOR,1,0.585971,0.414029,BUF,1
logistic_engineered,20222023,20232024,20232024,2023020499,2023-12-21,CBJ,WSH,0,0.556465,0.443535,CBJ,0
logistic_engineered,20222023,20232024,20232024,2023020500,2023-12-21,FLA,STL,0,0.631076,0.368924,FLA,0
logistic_engineered,20222023,20232024,20232024,2023020501,2023-12-21,NJD,EDM,0,0.296717,0.703283,EDM,1
logistic_engineered,20222023,20232024,20232024,2023020502,2023-12-21,PHI,NSH,0,0.503954,0.496046,PHI,0
logistic_engineered,20222023,20232024,20232024,2023020503,2023-12-21,PIT,CAR,1,0.44733,0.55267,CAR,0
logistic_engineered,20222023,20232024,20232024,2023020504,2023-12-21,TBL,VGK,1,0.46241,0.53759,VGK,0
logistic_engineered,20222023,20232024,20232024,2023020505,2023-12-21,DAL,VAN,1,0.566824,0.433176,DAL,1
logistic_engineered,20222023,20232024,20232024,2023020506,2023-12-21,MIN,MTL,1,0.619453,0.380547,MIN,1
logistic_engineered,20222023,20232024,20232024,2023020507,2023-12-21,COL,OTT,1,0.639261,0.360739,COL,1
logistic_engineered,20222023,20232024,20232024,2023020508,2023-12-21,ANA,CGY,0,0.432923,0.567077,CGY,1
logistic_engineered,20222023,20232024,20232024,2023020509,2023-12-21,SJS,UTA,0,0.418978,0.581022,UTA,1
logistic_engineered,20222023,20232024,20232024,2023020510,2023-12-22,DET,PHI,1,0.56382,0.43618,DET,1
logistic_engineered,20222023,20232024,20232024,2023020511,2023-12-22,NYR,EDM,0,0.658615,0.341385,NYR,0
logistic_engineered,20222023,20232024,20232024,2023020512,2023-12-22,WPG,BOS,1,0.52263,0.47737,WPG,1
logistic_engineered,20222023,20232024,20232024,2023020513,2023-12-22,CHI,MTL,0,0.539641,0.460359,CHI,0
logistic_engineered,20222023,20232024,20232024,2023020514,2023-12-23,FLA,VGK,1,0.444364,0.555636,VGK,0
logistic_engineered,20222023,20232024,20232024,2023020515,2023-12-23,NSH,DAL,0,0.437169,0.562831,DAL,1
logistic_engineered,20222023,20232024,20232024,2023020516,2023-12-23,CAR,NYI,0,0.507429,0.492571,CAR,0
logistic_engineered,20222023,20232024,20232024,2023020517,2023-12-23,CBJ,TOR,0,0.368985,0.631015,TOR,1
logistic_engineered,20222023,20232024,20232024,2023020518,2023-12-23,MIN,BOS,1,0.571701,0.428299,MIN,1
logistic_engineered,20222023,20232024,20232024,2023020519,2023-12-23,NJD,DET,1,0.637948,0.362052,NJD,1
logistic_engineered,20222023,20232024,20232024,2023020520,2023-12-23,OTT,PIT,1,0.474296,0.525704,PIT,0
logistic_engineered,20222023,20232024,20232024,2023020521,2023-12-23,WSH,TBL,0,0.442115,0.557885,TBL,1
logistic_engineered,20222023,20232024,20232024,2023020522,2023-12-23,NYR,BUF,1,0.510823,0.489177,NYR,1
logistic_engineered,20222023,20232024,20232024,2023020523,2023-12-23,ANA,SEA,0,0.408205,0.591795,SEA,1
logistic_engineered,20222023,20232024,20232024,2023020524,2023-12-23,STL,CHI,1,0.688907,0.311093,STL,1
logistic_engineered,20222023,20232024,20232024,2023020525,2023-12-23,COL,UTA,1,0.634869,0.365131,COL,1
logistic_engineered,20222023,20232024,20232024,2023020526,2023-12-23,LAK,CGY,1,0.568734,0.431266,LAK,1
logistic_engineered,20222023,20232024,20232024,2023020527,2023-12-23,VAN,SJS,1,0.693926,0.306074,VAN,1
logistic_engineered,20222023,20232024,20232024,2023020528,2023-12-27,NJD,CBJ,1,0.610796,0.389204,NJD,1
logistic_engineered,20222023,20232024,20232024,2023020529,2023-12-27,NYR,WSH,1,0.639242,0.360758,NYR,1
logistic_engineered,20222023,20232024,20232024,2023020530,2023-12-27,TBL,FLA,0,0.556067,0.443933,TBL,0
logistic_engineered,20222023,20232024,20232024,2023020531,2023-12-27,TOR,OTT,0,0.618061,0.381939,TOR,0
logistic_engineered,20222023,20232024,20232024,2023020532,2023-12-27,BUF,BOS,0,0.440468,0.559532,BOS,1
logistic_engineered,20222023,20232024,20232024,2023020533,2023-12-27,NYI,PIT,0,0.36323,0.63677,PIT,1
logistic_engineered,20222023,20232024,20232024,2023020534,2023-12-27,MIN,DET,1,0.613032,0.386968,MIN,1
logistic_engineered,20222023,20232024,20232024,2023020535,2023-12-27,NSH,CAR,0,0.261076,0.738924,CAR,1
logistic_engineered,20222023,20232024,20232024,2023020536,2023-12-27,STL,DAL,1,0.411777,0.588223,DAL,0
logistic_engineered,20222023,20232024,20232024,2023020537,2023-12-27,UTA,COL,1,0.39862,0.60138,COL,0
logistic_engineered,20222023,20232024,20232024,2023020538,2023-12-27,CHI,WPG,1,0.276784,0.723216,WPG,0
logistic_engineered,20222023,20232024,20232024,2023020539,2023-12-27,CGY,SEA,0,0.501317,0.498683,CGY,0
logistic_engineered,20222023,20232024,20232024,2023020540,2023-12-27,ANA,VGK,1,0.327354,0.672646,VGK,0
logistic_engineered,20222023,20232024,20232024,2023020541,2023-12-27,LAK,SJS,1,0.737046,0.262954,LAK,1
logistic_engineered,20222023,20232024,20232024,2023020542,2023-12-28,CAR,MTL,1,0.534582,0.465418,CAR,1
logistic_engineered,20222023,20232024,20232024,2023020543,2023-12-28,VAN,PHI,0,0.777045,0.222955,VAN,0
logistic_engineered,20222023,20232024,20232024,2023020544,2023-12-28,VGK,LAK,1,0.445165,0.554835,LAK,0
logistic_engineered,20222023,20232024,20232024,2023020545,2023-12-28,SJS,EDM,0,0.101699,0.898301,EDM,1
logistic_engineered,20222023,20232024,20232024,2023020546,2023-12-29,CBJ,TOR,1,0.182772,0.817228,TOR,0
logistic_engineered,20222023,20232024,20232024,2023020547,2023-12-29,DET,NSH,1,0.450054,0.549946,NSH,0
logistic_engineered,20222023,20232024,20232024,2023020548,2023-12-29,FLA,NYR,1,0.456105,0.543895,NYR,0
logistic_engineered,20222023,20232024,20232024,2023020549,2023-12-29,OTT,NJD,0,0.460963,0.539037,NJD,1
logistic_engineered,20222023,20232024,20232024,2023020550,2023-12-29,NYI,WSH,1,0.775664,0.224336,NYI,1
logistic_engineered,20222023,20232024,20232024,2023020551,2023-12-29,DAL,CHI,1,0.718916,0.281084,DAL,1
logistic_engineered,20222023,20232024,20232024,2023020552,2023-12-29,STL,COL,0,0.424473,0.575527,COL,1
logistic_engineered,20222023,20232024,20232024,2023020553,2023-12-29,ANA,UTA,0,0.471424,0.528576,UTA,1
logistic_engineered,20222023,20232024,20232024,2023020554,2023-12-29,SEA,PHI,1,0.61517,0.38483,SEA,1
logistic_engineered,20222023,20232024,20232024,2023020555,2023-12-30,WPG,MIN,1,0.745618,0.254382,WPG,1
logistic_engineered,20222023,20232024,20232024,2023020556,2023-12-30,BUF,CBJ,1,0.642304,0.357696,BUF,1
logistic_engineered,20222023,20232024,20232024,2023020557,2023-12-30,BOS,NJD,1,0.647089,0.352911,BOS,1
logistic_engineered,20222023,20232024,20232024,2023020558,2023-12-30,FLA,MTL,1,0.530154,0.469846,FLA,1
logistic_engineered,20222023,20232024,20232024,2023020559,2023-12-30,PIT,STL,1,0.664509,0.335491,PIT,1
logistic_engineered,20222023,20232024,20232024,2023020560,2023-12-30,TBL,NYR,0,0.536346,0.463654,TBL,0
logistic_engineered,20222023,20232024,20232024,2023020561,2023-12-30,TOR,CAR,0,0.3461,0.6539,CAR,1
logistic_engineered,20222023,20232024,20232024,2023020562,2023-12-30,WSH,NSH,0,0.448988,0.551012,NSH,1
logistic_engineered,20222023,20232024,20232024,2023020563,2023-12-30,LAK,EDM,0,0.529575,0.470425,LAK,0
logistic_engineered,20222023,20232024,20232024,2023020564,2023-12-31,MIN,WPG,0,0.43854,0.56146,WPG,1
logistic_engineered,20222023,20232024,20232024,2023020565,2023-12-31,DET,BOS,0,0.480531,0.519469,BOS,1
logistic_engineered,20222023,20232024,20232024,2023020566,2023-12-31,OTT,BUF,1,0.580758,0.419242,OTT,1
logistic_engineered,20222023,20232024,20232024,2023020567,2023-12-31,PIT,NYI,1,0.390539,0.609461,NYI,0
logistic_engineered,20222023,20232024,20232024,2023020568,2023-12-31,TBL,MTL,1,0.597895,0.402105,TBL,1
logistic_engineered,20222023,20232024,20232024,2023020569,2023-12-31,ANA,EDM,0,0.420435,0.579565,EDM,1
logistic_engineered,20222023,20232024,20232024,2023020570,2023-12-31,CGY,PHI,1,0.536015,0.463985,CGY,1
logistic_engineered,20222023,20232024,20232024,2023020571,2023-12-31,COL,SJS,1,0.754454,0.245546,COL,1
logistic_engineered,20222023,20232024,20232024,2023020572,2023-12-31,DAL,CHI,1,0.865773,0.134227,DAL,1
logistic_engineered,20222023,20232024,20232024,2023020573,2024-01-01,SEA,VGK,1,0.465881,0.534119,VGK,0
logistic_engineered,20222023,20232024,20232024,2023020574,2024-01-02,CBJ,BOS,0,0.348122,0.651878,BOS,1
logistic_engineered,20222023,20232024,20232024,2023020575,2024-01-02,NYR,CAR,0,0.519028,0.480972,NYR,0
logistic_engineered,20222023,20232024,20232024,2023020576,2024-01-02,PIT,WSH,0,0.383184,0.616816,WSH,1
logistic_engineered,20222023,20232024,20232024,2023020577,2024-01-02,DAL,MTL,0,0.698567,0.301433,DAL,0
logistic_engineered,20222023,20232024,20232024,2023020578,2024-01-02,MIN,CGY,0,0.55238,0.44762,MIN,0
logistic_engineered,20222023,20232024,20232024,2023020579,2024-01-02,NSH,CHI,1,0.650042,0.349958,NSH,1
logistic_engineered,20222023,20232024,20232024,2023020580,2024-01-02,WPG,TBL,1,0.601464,0.398536,WPG,1
logistic_engineered,20222023,20232024,20232024,2023020581,2024-01-02,UTA,FLA,0,0.443793,0.556207,FLA,1
logistic_engineered,20222023,20232024,20232024,2023020582,2024-01-02,COL,NYI,1,0.777158,0.222842,COL,1
logistic_engineered,20222023,20232024,20232024,2023020583,2024-01-02,EDM,PHI,1,0.638979,0.361021,EDM,1
logistic_engineered,20222023,20232024,20232024,2023020584,2024-01-02,VAN,OTT,1,0.779636,0.220364,VAN,1
logistic_engineered,20222023,20232024,20232024,2023020585,2024-01-02,LAK,TOR,0,0.527434,0.472566,LAK,0
logistic_engineered,20222023,20232024,20232024,2023020586,2024-01-02,SJS,DET,0,0.365841,0.634159,DET,1
logistic_engineered,20222023,20232024,20232024,2023020587,2024-01-03,WSH,NJD,0,0.328103,0.671897,NJD,1
logistic_engineered,20222023,20232024,20232024,2023020588,2024-01-03,ANA,TOR,0,0.419838,0.580162,TOR,1
logistic_engineered,20222023,20232024,20232024,2023020589,2024-01-04,BOS,PIT,0,0.594868,0.405132,BOS,0
logistic_engineered,20222023,20232024,20232024,2023020590,2024-01-04,MTL,BUF,0,0.460508,0.539492,BUF,1
logistic_engineered,20222023,20232024,20232024,2023020591,2024-01-04,NYR,CHI,1,0.77325,0.22675,NYR,1
logistic_engineered,20222023,20232024,20232024,2023020592,2024-01-04,PHI,CBJ,0,0.567889,0.432111,PHI,0
logistic_engineered,20222023,20232024,20232024,2023020593,2024-01-04,DAL,COL,0,0.489302,0.510698,COL,1
logistic_engineered,20222023,20232024,20232024,2023020594,2024-01-04,MIN,TBL,0,0.531328,0.468672,MIN,0
logistic_engineered,20222023,20232024,20232024,2023020595,2024-01-04,NSH,CGY,0,0.325409,0.674591,CGY,1
logistic_engineered,20222023,20232024,20232024,2023020596,2024-01-04,STL,VAN,1,0.428067,0.571933,VAN,0
logistic_engineered,20222023,20232024,20232024,2023020597,2024-01-04,UTA,NYI,0,0.455132,0.544868,NYI,1
logistic_engineered,20222023,20232024,20232024,2023020598,2024-01-04,SEA,OTT,1,0.589762,0.410238,SEA,1
logistic_engineered,20222023,20232024,20232024,2023020599,2024-01-04,VGK,FLA,0,0.500148,0.499852,VGK,0
logistic_engineered,20222023,20232024,20232024,2023020600,2024-01-04,LAK,DET,0,0.6065,0.3935,LAK,0
logistic_engineered,20222023,20232024,20232024,2023020601,2024-01-04,SJS,WPG,0,0.239038,0.760962,WPG,1
logistic_engineered,20222023,20232024,20232024,2023020602,2024-01-05,NJD,CHI,1,0.771418,0.228582,NJD,1
logistic_engineered,20222023,20232024,20232024,2023020603,2024-01-05,WSH,CAR,0,0.383648,0.616352,CAR,1
logistic_engineered,20222023,20232024,20232024,2023020604,2024-01-05,ANA,WPG,0,0.363053,0.636947,WPG,1
logistic_engineered,20222023,20232024,20232024,2023020605,2024-01-06,PHI,CGY,1,0.43542,0.56458,CGY,0
logistic_engineered,20222023,20232024,20232024,2023020606,2024-01-06,COL,FLA,0,0.32876,0.67124,FLA,1
logistic_engineered,20222023,20232024,20232024,2023020607,2024-01-06,BOS,TBL,1,0.588746,0.411254,BOS,1
logistic_engineered,20222023,20232024,20232024,2023020608,2024-01-06,CAR,STL,0,0.595228,0.404772,CAR,0
logistic_engineered,20222023,20232024,20232024,2023020609,2024-01-06,CBJ,MIN,0,0.417372,0.582628,MIN,1
logistic_engineered,20222023,20232024,20232024,2023020610,2024-01-06,MTL,NYR,1,0.315271,0.684729,NYR,0
logistic_engineered,20222023,20232024,20232024,2023020611,2024-01-06,NJD,VAN,0,0.474648,0.525352,VAN,1
logistic_engineered,20222023,20232024,20232024,2023020612,2024-01-06,PIT,BUF,0,0.555274,0.444726,PIT,0
logistic_engineered,20222023,20232024,20232024,2023020613,2024-01-06,SJS,TOR,0,0.277371,0.722629,TOR,1
logistic_engineered,20222023,20232024,20232024,2023020614,2024-01-06,DAL,NSH,0,0.619081,0.380919,DAL,0
logistic_engineered,20222023,20232024,20232024,2023020615,2024-01-06,EDM,OTT,1,0.673636,0.326364,EDM,1
logistic_engineered,20222023,20232024,20232024,2023020616,2024-01-06,VGK,NYI,1,0.554943,0.445057,VGK,1
logistic_engineered,20222023,20232024,20232024,2023020617,2024-01-07,CHI,CGY,1,0.406733,0.593267,CGY,0
logistic_engineered,20222023,20232024,20232024,2023020618,2024-01-07,WSH,LAK,1,0.37012,0.62988,LAK,0
logistic_engineered,20222023,20232024,20232024,2023020619,2024-01-07,UTA,WPG,0,0.35226,0.64774,WPG,1
logistic_engineered,20222023,20232024,20232024,2023020620,2024-01-07,ANA,DET,0,0.420118,0.579882,DET,1
logistic_engineered,20222023,20232024,20232024,2023020621,2024-01-08,NYR,VAN,0,0.566709,0.433291,NYR,0
logistic_engineered,20222023,20232024,20232024,2023020622,2024-01-08,PHI,PIT,0,0.447195,0.552805,PIT,1
logistic_engineered,20222023,20232024,20232024,2023020623,2024-01-08,MIN,DAL,0,0.428344,0.571656,DAL,1
logistic_engineered,20222023,20232024,20232024,2023020624,2024-01-08,COL,BOS,1,0.529019,0.470981,COL,1
logistic_engineered,20222023,20232024,20232024,2023020625,2024-01-09,BUF,SEA,0,0.459769,0.540231,SEA,1
logistic_engineered,20222023,20232024,20232024,2023020626,2024-01-09,TBL,LAK,1,0.435815,0.564185,LAK,0
logistic_engineered,20222023,20232024,20232024,2023020627,2024-01-09,TOR,SJS,1,0.876064,0.123936,TOR,1
logistic_engineered,20222023,20232024,20232024,2023020628,2024-01-09,NYI,VAN,0,0.579218,0.420782,NYI,0
logistic_engineered,20222023,20232024,20232024,2023020629,2024-01-09,NSH,ANA,0,0.623243,0.376757,NSH,0
logistic_engineered,20222023,20232024,20232024,2023020630,2024-01-09,STL,FLA,0,0.373559,0.626441,FLA,1
logistic_engineered,20222023,20232024,20232024,2023020631,2024-01-09,WPG,CBJ,1,0.72898,0.27102,WPG,1
logistic_engineered,20222023,20232024,20232024,2023020632,2024-01-09,CHI,EDM,0,0.286136,0.713864,EDM,1
logistic_engineered,20222023,20232024,20232024,2023020633,2024-01-09,UTA,BOS,1,0.644924,0.355076,UTA,1
logistic_engineered,20222023,20232024,20232024,2023020634,2024-01-09,CGY,OTT,1,0.58121,0.41879,CGY,1
logistic_engineered,20222023,20232024,20232024,2023020635,2024-01-10,PHI,MTL,1,0.515147,0.484853,PHI,1
logistic_engineered,20222023,20232024,20232024,2023020636,2024-01-10,DAL,MIN,1,0.616574,0.383426,DAL,1
logistic_engineered,20222023,20232024,20232024,2023020637,2024-01-10,COL,VGK,1,0.550423,0.449577,COL,1
logistic_engineered,20222023,20232024,20232024,2023020638,2024-01-11,BUF,OTT,1,0.737115,0.262885,BUF,1
logistic_engineered,20222023,20232024,20232024,2023020639,2024-01-11,CAR,ANA,1,0.674245,0.325755,CAR,1
logistic_engineered,20222023,20232024,20232024,2023020640,2024-01-11,DET,EDM,0,0.397444,0.602556,EDM,1
logistic_engineered,20222023,20232024,20232024,2023020641,2024-01-11,FLA,LAK,1,0.581262,0.418738,FLA,1
logistic_engineered,20222023,20232024,20232024,2023020642,2024-01-11,MTL,SJS,0,0.520587,0.479413,MTL,0
logistic_engineered,20222023,20232024,20232024,2023020643,2024-01-11,PIT,VAN,0,0.275414,0.724586,VAN,1
logistic_engineered,20222023,20232024,20232024,2023020644,2024-01-11,TBL,NJD,1,0.523424,0.476576,TBL,1
logistic_engineered,20222023,20232024,20232024,2023020645,2024-01-11,WSH,SEA,0,0.427499,0.572501,SEA,1
logistic_engineered,20222023,20232024,20232024,2023020646,2024-01-11,NYI,TOR,1,0.446501,0.553499,TOR,0
logistic_engineered,20222023,20232024,20232024,2023020647,2024-01-11,STL,NYR,1,0.370561,0.629439,NYR,0
logistic_engineered,20222023,20232024,20232024,2023020648,2024-01-11,WPG,CHI,1,0.772416,0.227584,WPG,1
logistic_engineered,20222023,20232024,20232024,2023020649,2024-01-11,UTA,CGY,0,0.239025,0.760975,CGY,1
logistic_engineered,20222023,20232024,20232024,2023020650,2024-01-11,VGK,BOS,1,0.351616,0.648384,BOS,0
logistic_engineered,20222023,20232024,20232024,2023020651,2024-01-12,DAL,NSH,0,0.639969,0.360031,DAL,0
logistic_engineered,20222023,20232024,20232024,2023020652,2024-01-12,MIN,PHI,0,0.553633,0.446367,MIN,0
logistic_engineered,20222023,20232024,20232024,2023020653,2024-01-13,WSH,NYR,1,0.371918,0.628082,NYR,0
logistic_engineered,20222023,20232024,20232024,2023020654,2024-01-13,BUF,VAN,0,0.428262,0.571738,VAN,1
logistic_engineered,20222023,20232024,20232024,2023020655,2024-01-13,OTT,SJS,1,0.625119,0.374881,OTT,1
logistic_engineered,20222023,20232024,20232024,2023020656,2024-01-13,FLA,NJD,0,0.584384,0.415616,FLA,0
logistic_engineered,20222023,20232024,20232024,2023020657,2024-01-13,CAR,PIT,1,0.582441,0.417559,CAR,1
logistic_engineered,20222023,20232024,20232024,2023020658,2024-01-13,CBJ,SEA,0,0.347076,0.652924,SEA,1
logistic_engineered,20222023,20232024,20232024,2023020659,2024-01-13,DET,LAK,1,0.637882,0.362118,DET,1
logistic_engineered,20222023,20232024,20232024,2023020660,2024-01-13,MTL,EDM,0,0.362645,0.637355,EDM,1
logistic_engineered,20222023,20232024,20232024,2023020661,2024-01-13,TBL,ANA,1,0.698176,0.301824,TBL,1
logistic_engineered,20222023,20232024,20232024,2023020662,2024-01-13,TOR,COL,0,0.460104,0.539896,COL,1
logistic_engineered,20222023,20232024,20232024,2023020663,2024-01-13,WPG,PHI,0,0.753498,0.246502,WPG,0
logistic_engineered,20222023,20232024,20232024,2023020664,2024-01-13,CHI,DAL,0,0.566501,0.433499,CHI,0
logistic_engineered,20222023,20232024,20232024,2023020665,2024-01-13,MIN,UTA,0,0.264813,0.735187,UTA,1
logistic_engineered,20222023,20232024,20232024,2023020666,2024-01-13,NSH,NYI,1,0.406638,0.593362,NYI,0
logistic_engineered,20222023,20232024,20232024,2023020667,2024-01-13,STL,BOS,0,0.390076,0.609924,BOS,1
logistic_engineered,20222023,20232024,20232024,2023020668,2024-01-13,VGK,CGY,0,0.50836,0.49164,VGK,0
logistic_engineered,20222023,20232024,20232024,2023020669,2024-01-14,NYR,WSH,1,0.617872,0.382128,NYR,1
logistic_engineered,20222023,20232024,20232024,2023020670,2024-01-14,TOR,DET,0,0.582836,0.417164,TOR,0
logistic_engineered,20222023,20232024,20232024,2023020671,2024-01-15,BOS,NJD,1,0.539987,0.460013,BOS,1
logistic_engineered,20222023,20232024,20232024,2023020672,2024-01-15,BUF,SJS,1,0.651334,0.348666,BUF,1
logistic_engineered,20222023,20232024,20232024,2023020673,2024-01-15,CBJ,VAN,1,0.33162,0.66838,VAN,0
logistic_engineered,20222023,20232024,20232024,2023020674,2024-01-15,FLA,ANA,0,0.694705,0.305295,FLA,0
logistic_engineered,20222023,20232024,20232024,2023020675,2024-01-15,CAR,LAK,0,0.373008,0.626992,LAK,1
logistic_engineered,20222023,20232024,20232024,2023020676,2024-01-15,MIN,NYI,1,0.710025,0.289975,MIN,1
logistic_engineered,20222023,20232024,20232024,2023020677,2024-01-15,PIT,SEA,1,0.468566,0.531434,SEA,0
logistic_engineered,20222023,20232024,20232024,2023020678,2024-01-15,MTL,COL,1,0.31816,0.68184,COL,0
logistic_engineered,20222023,20232024,20232024,2023020679,2024-01-15,STL,PHI,0,0.512685,0.487315,STL,0
logistic_engineered,20222023,20232024,20232024,2023020680,2024-01-15,VGK,NSH,1,0.567369,0.432631,VGK,1
logistic_engineered,20222023,20232024,20232024,2023020681,2024-01-16,NYR,SEA,1,0.610798,0.389202,NYR,1
logistic_engineered,20222023,20232024,20232024,2023020682,2024-01-16,OTT,COL,0,0.469127,0.530873,COL,1
logistic_engineered,20222023,20232024,20232024,2023020683,2024-01-16,WSH,ANA,1,0.605254,0.394746,WSH,1
logistic_engineered,20222023,20232024,20232024,2023020684,2024-01-16,DAL,LAK,1,0.622645,0.377355,DAL,1
logistic_engineered,20222023,20232024,20232024,2023020685,2024-01-16,WPG,NYI,1,0.710704,0.289296,WPG,1
logistic_engineered,20222023,20232024,20232024,2023020686,2024-01-16,CHI,SJS,1,0.665403,0.334597,CHI,1
logistic_engineered,20222023,20232024,20232024,2023020687,2024-01-16,CGY,UTA,1,0.611324,0.388676,CGY,1
logistic_engineered,20222023,20232024,20232024,2023020688,2024-01-16,EDM,TOR,1,0.569494,0.430506,EDM,1
logistic_engineered,20222023,20232024,20232024,2023020689,2024-01-17,FLA,DET,0,0.618641,0.381359,FLA,0
logistic_engineered,20222023,20232024,20232024,2023020690,2024-01-17,NJD,MTL,0,0.643321,0.356679,NJD,0
logistic_engineered,20222023,20232024,20232024,2023020691,2024-01-18,BUF,CHI,1,0.638207,0.361793,BUF,1
logistic_engineered,20222023,20232024,20232024,2023020692,2024-01-18,BOS,COL,1,0.514699,0.485301,BOS,1
logistic_engineered,20222023,20232024,20232024,2023020693,2024-01-18,OTT,MTL,1,0.619518,0.380482,OTT,1
logistic_engineered,20222023,20232024,20232024,2023020694,2024-01-18,PHI,DAL,1,0.363321,0.636679,DAL,0
logistic_engineered,20222023,20232024,20232024,2023020695,2024-01-18,TBL,MIN,1,0.579547,0.420453,TBL,1
logistic_engineered,20222023,20232024,20232024,2023020696,2024-01-18,WSH,STL,1,0.486299,0.513701,STL,0
logistic_engineered,20222023,20232024,20232024,2023020697,2024-01-18,CGY,TOR,0,0.51539,0.48461,CGY,0
logistic_engineered,20222023,20232024,20232024,2023020698,2024-01-18,EDM,SEA,1,0.608503,0.391497,EDM,1
logistic_engineered,20222023,20232024,20232024,2023020699,2024-01-18,LAK,NSH,0,0.540034,0.459966,LAK,0
logistic_engineered,20222023,20232024,20232024,2023020700,2024-01-18,VAN,UTA,1,0.627296,0.372704,VAN,1
logistic_engineered,20222023,20232024,20232024,2023020701,2024-01-18,VGK,NYR,1,0.524801,0.475199,VGK,1
logistic_engineered,20222023,20232024,20232024,2023020702,2024-01-19,CAR,DET,1,0.613392,0.386608,CAR,1
logistic_engineered,20222023,20232024,20232024,2023020703,2024-01-19,CBJ,NJD,0,0.361472,0.638528,NJD,1
logistic_engineered,20222023,20232024,20232024,2023020704,2024-01-19,FLA,MIN,0,0.649034,0.350966,FLA,0
logistic_engineered,20222023,20232024,20232024,2023020705,2024-01-19,CHI,NYI,1,0.277751,0.722249,NYI,0
logistic_engineered,20222023,20232024,20232024,2023020706,2024-01-20,BUF,TBL,0,0.429115,0.570885,TBL,1
logistic_engineered,20222023,20232024,20232024,2023020707,2024-01-20,PHI,COL,0,0.220276,0.779724,COL,1
logistic_engineered,20222023,20232024,20232024,2023020708,2024-01-20,UTA,NSH,1,0.45547,0.54453,NSH,0
logistic_engineered,20222023,20232024,20232024,2023020709,2024-01-20,OTT,WPG,0,0.36043,0.63957,WPG,1
logistic_engineered,20222023,20232024,20232024,2023020710,2024-01-20,BOS,MTL,1,0.841741,0.158259,BOS,1
logistic_engineered,20222023,20232024,20232024,2023020711,2024-01-20,NJD,DAL,0,0.378825,0.621175,DAL,1
logistic_engineered,20222023,20232024,20232024,2023020712,2024-01-20,VAN,TOR,1,0.507291,0.492709,VAN,1
logistic_engineered,20222023,20232024,20232024,2023020713,2024-01-20,STL,WSH,1,0.521631,0.478369,STL,1
logistic_engineered,20222023,20232024,20232024,2023020714,2024-01-20,CGY,EDM,0,0.492992,0.507008,EDM,1
logistic_engineered,20222023,20232024,20232024,2023020715,2024-01-20,SJS,ANA,1,0.386785,0.613215,ANA,0
logistic_engineered,20222023,20232024,20232024,2023020716,2024-01-20,VGK,PIT,1,0.5352,0.4648,VGK,1
logistic_engineered,20222023,20232024,20232024,2023020717,2024-01-20,LAK,NYR,1,0.480563,0.519437,NYR,0
logistic_engineered,20222023,20232024,20232024,2023020718,2024-01-21,PHI,OTT,0,0.503827,0.496173,PHI,0
logistic_engineered,20222023,20232024,20232024,2023020719,2024-01-21,CAR,MIN,0,0.579586,0.420414,CAR,0
logistic_engineered,20222023,20232024,20232024,2023020720,2024-01-21,DET,TBL,1,0.485747,0.514253,TBL,0
logistic_engineered,20222023,20232024,20232024,2023020721,2024-01-21,NYI,DAL,1,0.462337,0.537663,DAL,0
logistic_engineered,20222023,20232024,20232024,2023020722,2024-01-21,ANA,NYR,0,0.319421,0.680579,NYR,1
logistic_engineered,20222023,20232024,20232024,2023020723,2024-01-21,SEA,TOR,0,0.549201,0.450799,SEA,0
logistic_engineered,20222023,20232024,20232024,2023020724,2024-01-22,BOS,WPG,1,0.543851,0.456149,BOS,1
logistic_engineered,20222023,20232024,20232024,2023020725,2024-01-22,NJD,VGK,1,0.48419,0.51581,VGK,0
logistic_engineered,20222023,20232024,20232024,2023020726,2024-01-22,NSH,FLA,0,0.456062,0.543938,FLA,1
logistic_engineered,20222023,20232024,20232024,2023020727,2024-01-22,UTA,PIT,1,0.44855,0.55145,PIT,0
logistic_engineered,20222023,20232024,20232024,2023020728,2024-01-22,VAN,CHI,1,0.70856,0.29144,VAN,1
logistic_engineered,20222023,20232024,20232024,2023020729,2024-01-22,LAK,SJS,0,0.697088,0.302912,LAK,0
logistic_engineered,20222023,20232024,20232024,2023020730,2024-01-23,DET,DAL,0,0.193598,0.806402,DAL,1
logistic_engineered,20222023,20232024,20232024,2023020731,2024-01-23,MTL,OTT,0,0.445084,0.554916,OTT,1
logistic_engineered,20222023,20232024,20232024,2023020732,2024-01-23,PHI,TBL,0,0.411804,0.588196,TBL,1
logistic_engineered,20222023,20232024,20232024,2023020733,2024-01-23,NYI,VGK,0,0.535879,0.464121,NYI,0
logistic_engineered,20222023,20232024,20232024,2023020734,2024-01-23,MIN,WSH,1,0.571585,0.428415,MIN,1
logistic_engineered,20222023,20232024,20232024,2023020735,2024-01-23,CGY,STL,0,0.604137,0.395863,CGY,0
logistic_engineered,20222023,20232024,20232024,2023020736,2024-01-23,EDM,CBJ,1,0.757455,0.242545,EDM,1
logistic_engineered,20222023,20232024,20232024,2023020737,2024-01-23,ANA,BUF,1,0.437478,0.562522,BUF,0
logistic_engineered,20222023,20232024,20232024,2023020738,2024-01-23,SJS,NYR,1,0.228377,0.771623,NYR,0
logistic_engineered,20222023,20232024,20232024,2023020739,2024-01-24,FLA,UTA,1,0.632795,0.367205,FLA,1
logistic_engineered,20222023,20232024,20232024,2023020740,2024-01-24,TOR,WPG,1,0.48472,0.51528,WPG,0
logistic_engineered,20222023,20232024,20232024,2023020741,2024-01-24,BOS,CAR,0,0.590261,0.409739,BOS,0
logistic_engineered,20222023,20232024,20232024,2023020742,2024-01-24,COL,WSH,1,0.747656,0.252344,COL,1
logistic_engineered,20222023,20232024,20232024,2023020743,2024-01-24,SEA,CHI,1,0.682632,0.317368,SEA,1
logistic_engineered,20222023,20232024,20232024,2023020744,2024-01-24,VAN,STL,0,0.698785,0.301215,VAN,0
logistic_engineered,20222023,20232024,20232024,2023020745,2024-01-24,LAK,BUF,0,0.631852,0.368148,LAK,0
logistic_engineered,20222023,20232024,20232024,2023020746,2024-01-25,CAR,NJD,1,0.667139,0.332861,CAR,1
logistic_engineered,20222023,20232024,20232024,2023020747,2024-01-25,DET,PHI,1,0.511137,0.488863,DET,1
logistic_engineered,20222023,20232024,20232024,2023020748,2024-01-25,MTL,NYI,1,0.417062,0.582938,NYI,0
logistic_engineered,20222023,20232024,20232024,2023020749,2024-01-25,OTT,BOS,0,0.468107,0.531893,BOS,1
logistic_engineered,20222023,20232024,20232024,2023020750,2024-01-25,TBL,UTA,1,0.727975,0.272025,TBL,1
logistic_engineered,20222023,20232024,20232024,2023020751,2024-01-25,DAL,ANA,1,0.705369,0.294631,DAL,1
logistic_engineered,20222023,20232024,20232024,2023020752,2024-01-25,MIN,NSH,0,0.592274,0.407726,MIN,0
logistic_engineered,20222023,20232024,20232024,2023020753,2024-01-25,CGY,CBJ,0,0.654331,0.345669,CGY,0
logistic_engineered,20222023,20232024,20232024,2023020754,2024-01-25,EDM,CHI,1,0.838693,0.161307,EDM,1
logistic_engineered,20222023,20232024,20232024,2023020755,2024-01-26,NYR,VGK,0,0.457157,0.542843,VGK,1
logistic_engineered,20222023,20232024,20232024,2023020756,2024-01-26,PIT,FLA,0,0.421443,0.578557,FLA,1
logistic_engineered,20222023,20232024,20232024,2023020757,2024-01-26,COL,LAK,1,0.792741,0.207259,COL,1
logistic_engineered,20222023,20232024,20232024,2023020758,2024-01-26,SEA,STL,0,0.597699,0.402301,SEA,0
logistic_engineered,20222023,20232024,20232024,2023020759,2024-01-27,PHI,BOS,0,0.167906,0.832094,BOS,1
logistic_engineered,20222023,20232024,20232024,2023020760,2024-01-27,DAL,WSH,1,0.673309,0.326691,DAL,1
logistic_engineered,20222023,20232024,20232024,2023020761,2024-01-27,EDM,NSH,1,0.683268,0.316732,EDM,1
logistic_engineered,20222023,20232024,20232024,2023020762,2024-01-27,SJS,BUF,0,0.43508,0.56492,BUF,1
logistic_engineered,20222023,20232024,20232024,2023020763,2024-01-27,CAR,UTA,1,0.649163,0.350837,CAR,1
logistic_engineered,20222023,20232024,20232024,2023020764,2024-01-27,DET,VGK,1,0.475799,0.524201,VGK,0
logistic_engineered,20222023,20232024,20232024,2023020765,2024-01-27,OTT,NYR,0,0.291237,0.708763,NYR,1
logistic_engineered,20222023,20232024,20232024,2023020766,2024-01-27,PIT,MTL,1,0.493479,0.506521,MTL,0
logistic_engineered,20222023,20232024,20232024,2023020767,2024-01-27,TBL,NJD,1,0.583346,0.416654,TBL,1
logistic_engineered,20222023,20232024,20232024,2023020768,2024-01-27,WPG,TOR,0,0.52353,0.47647,WPG,0
logistic_engineered,20222023,20232024,20232024,2023020769,2024-01-27,NYI,FLA,0,0.482526,0.517474,FLA,1
logistic_engineered,20222023,20232024,20232024,2023020770,2024-01-27,MIN,ANA,0,0.639348,0.360652,MIN,0
logistic_engineered,20222023,20232024,20232024,2023020771,2024-01-27,CGY,CHI,1,0.673856,0.326144,CGY,1
logistic_engineered,20222023,20232024,20232024,2023020772,2024-01-27,VAN,CBJ,1,0.663796,0.336204,VAN,1
logistic_engineered,20222023,20232024,20232024,2023020773,2024-01-28,STL,LAK,1,0.471932,0.528068,LAK,0
logistic_engineered,20222023,20232024,20232024,2023020774,2024-01-28,SEA,CBJ,1,0.721998,0.278002,SEA,1
logistic_engineered,20222023,20232024,20232024,2023020775,2024-01-29,OTT,NSH,1,0.260651,0.739349,NSH,0
logistic_engineered,20222023,20232024,20232024,2023020776,2024-01-30,STL,CBJ,0,0.627934,0.372066,STL,0
logistic_engineered,20222023,20232024,20232024,2023020777,2024-01-30,SJS,SEA,1,0.331964,0.668036,SEA,0
logistic_engineered,20222023,20232024,20232024,2023020778,2024-01-31,DET,OTT,0,0.543153,0.456847,DET,0
logistic_engineered,20222023,20232024,20232024,2023020779,2024-01-31,NSH,LAK,0,0.442588,0.557412,LAK,1
logistic_engineered,20222023,20232024,20232024,2023020780,2024-01-31,ANA,SJS,1,0.686428,0.313572,ANA,1
logistic_engineered,20222023,20232024,20232024,2023020781,2024-02-05,NYR,COL,1,0.428646,0.571354,COL,0
logistic_engineered,20222023,20232024,20232024,2023020782,2024-02-05,TOR,NYI,0,0.576423,0.423577,TOR,0
logistic_engineered,20222023,20232024,20232024,2023020783,2024-02-06,BOS,CGY,0,0.637663,0.362337,BOS,0
logistic_engineered,20222023,20232024,20232024,2023020784,2024-02-06,BUF,DAL,0,0.378517,0.621483,DAL,1
logistic_engineered,20222023,20232024,20232024,2023020785,2024-02-06,CAR,VAN,0,0.562257,0.437743,CAR,0
logistic_engineered,20222023,20232024,20232024,2023020786,2024-02-06,FLA,PHI,0,0.644209,0.355791,FLA,0
logistic_engineered,20222023,20232024,20232024,2023020787,2024-02-06,NJD,COL,1,0.487261,0.512739,COL,0
logistic_engineered,20222023,20232024,20232024,2023020788,2024-02-06,PIT,WPG,1,0.426882,0.573118,WPG,0
logistic_engineered,20222023,20232024,20232024,2023020789,2024-02-06,WSH,MTL,0,0.492497,0.507503,MTL,1
logistic_engineered,20222023,20232024,20232024,2023020790,2024-02-06,VGK,EDM,1,0.522734,0.477266,VGK,1
logistic_engineered,20222023,20232024,20232024,2023020791,2024-02-07,NYR,TBL,1,0.497506,0.502494,TBL,0
logistic_engineered,20222023,20232024,20232024,2023020792,2024-02-07,TOR,DAL,1,0.551509,0.448491,TOR,1
logistic_engineered,20222023,20232024,20232024,2023020793,2024-02-07,CHI,MIN,0,0.33252,0.66748,MIN,1
logistic_engineered,20222023,20232024,20232024,2023020794,2024-02-08,BOS,VAN,1,0.583757,0.416243,BOS,1
logistic_engineered,20222023,20232024,20232024,2023020795,2024-02-08,FLA,WSH,1,0.643485,0.356515,FLA,1
logistic_engineered,20222023,20232024,20232024,2023020796,2024-02-08,NJD,CGY,0,0.542501,0.457499,NJD,0
logistic_engineered,20222023,20232024,20232024,2023020797,2024-02-08,PHI,WPG,1,0.391459,0.608541,WPG,0
logistic_engineered,20222023,20232024,20232024,2023020798,2024-02-08,NYI,TBL,1,0.52033,0.47967,NYI,1
logistic_engineered,20222023,20232024,20232024,2023020799,2024-02-08,CAR,COL,1,0.280996,0.719004,COL,0
logistic_engineered,20222023,20232024,20232024,2023020800,2024-02-08,UTA,VGK,0,0.199926,0.800074,VGK,1
logistic_engineered,20222023,20232024,20232024,2023020801,2024-02-09,MIN,PIT,1,0.536283,0.463717,MIN,1
logistic_engineered,20222023,20232024,20232024,2023020802,2024-02-09,CHI,NYR,0,0.280151,0.719849,NYR,1
logistic_engineered,20222023,20232024,20232024,2023020803,2024-02-09,ANA,EDM,0,0.169652,0.830348,EDM,1
logistic_engineered,20222023,20232024,20232024,2023020804,2024-02-10,BUF,STL,0,0.518179,0.481821,BUF,0
logistic_engineered,20222023,20232024,20232024,2023020805,2024-02-10,DET,VAN,1,0.484041,0.515959,VAN,0
logistic_engineered,20222023,20232024,20232024,2023020806,2024-02-10,MTL,DAL,0,0.32236,0.67764,DAL,1
logistic_engineered,20222023,20232024,20232024,2023020807,2024-02-10,NYI,CGY,0,0.517872,0.482128,NYI,0
logistic_engineered,20222023,20232024,20232024,2023020808,2024-02-10,BOS,WSH,0,0.676494,0.323506,BOS,0
logistic_engineered,20222023,20232024,20232024,2023020809,2024-02-10,FLA,COL,1,0.504411,0.495589,FLA,1
logistic_engineered,20222023,20232024,20232024,2023020810,2024-02-10,CAR,NJD,1,0.573754,0.426246,CAR,1
logistic_engineered,20222023,20232024,20232024,2023020811,2024-02-10,CBJ,TBL,0,0.352899,0.647101,TBL,1
logistic_engineered,20222023,20232024,20232024,2023020812,2024-02-10,OTT,TOR,1,0.438548,0.561452,TOR,0
logistic_engineered,20222023,20232024,20232024,2023020813,2024-02-10,PHI,SEA,1,0.435915,0.564085,SEA,0
logistic_engineered,20222023,20232024,20232024,2023020814,2024-02-10,WPG,PIT,1,0.637863,0.362137,WPG,1
logistic_engineered,20222023,20232024,20232024,2023020815,2024-02-10,NSH,UTA,1,0.550801,0.449199,NSH,1
logistic_engineered,20222023,20232024,20232024,2023020816,2024-02-10,LAK,EDM,1,0.514896,0.485104,LAK,1
logistic_engineered,20222023,20232024,20232024,2023020817,2024-02-11,MTL,STL,0,0.43754,0.56246,STL,1
logistic_engineered,20222023,20232024,20232024,2023020818,2024-02-11,WSH,VAN,0,0.390628,0.609372,VAN,1
logistic_engineered,20222023,20232024,20232024,2023020819,2024-02-12,NJD,SEA,1,0.514827,0.485173,NJD,1
logistic_engineered,20222023,20232024,20232024,2023020820,2024-02-12,NYR,CGY,1,0.5921,0.4079,NYR,1
logistic_engineered,20222023,20232024,20232024,2023020821,2024-02-12,PHI,UTA,1,0.551974,0.448026,PHI,1
logistic_engineered,20222023,20232024,20232024,2023020822,2024-02-12,VGK,MIN,0,0.587205,0.412795,VGK,0
logistic_engineered,20222023,20232024,20232024,2023020823,2024-02-13,BOS,TBL,0,0.550455,0.449545,BOS,0
logistic_engineered,20222023,20232024,20232024,2023020824,2024-02-13,BUF,LAK,1,0.647487,0.352513,BUF,1
logistic_engineered,20222023,20232024,20232024,2023020825,2024-02-13,MTL,ANA,1,0.498033,0.501967,ANA,0
logistic_engineered,20222023,20232024,20232024,2023020826,2024-02-13,OTT,CBJ,1,0.797597,0.202403,OTT,1
logistic_engineered,20222023,20232024,20232024,2023020827,2024-02-13,TOR,STL,1,0.554778,0.445222,TOR,1
logistic_engineered,20222023,20232024,20232024,2023020828,2024-02-13,WSH,COL,0,0.406984,0.593016,COL,1
logistic_engineered,20222023,20232024,20232024,2023020829,2024-02-13,NYI,SEA,0,0.597748,0.402252,NYI,0
logistic_engineered,20222023,20232024,20232024,2023020830,2024-02-13,DAL,CAR,1,0.496722,0.503278,CAR,0
logistic_engineered,20222023,20232024,20232024,2023020831,2024-02-13,NSH,NJD,0,0.531777,0.468223,NSH,0
logistic_engineered,20222023,20232024,20232024,2023020832,2024-02-13,CHI,VAN,0,0.338253,0.661747,VAN,1
logistic_engineered,20222023,20232024,20232024,2023020833,2024-02-13,EDM,DET,1,0.79432,0.20568,EDM,1
logistic_engineered,20222023,20232024,20232024,2023020834,2024-02-14,PIT,FLA,0,0.422269,0.577731,FLA,1
logistic_engineered,20222023,20232024,20232024,2023020835,2024-02-14,WPG,SJS,1,0.679268,0.320732,WPG,1
logistic_engineered,20222023,20232024,20232024,2023020836,2024-02-14,UTA,MIN,0,0.209499,0.790501,MIN,1
logistic_engineered,20222023,20232024,20232024,2023020837,2024-02-15,BOS,SEA,0,0.589519,0.410481,BOS,0
logistic_engineered,20222023,20232024,20232024,2023020838,2024-02-15,BUF,FLA,0,0.521448,0.478552,BUF,0
logistic_engineered,20222023,20232024,20232024,2023020839,2024-02-15,NJD,LAK,0,0.530538,0.469462,NJD,0
logistic_engineered,20222023,20232024,20232024,2023020840,2024-02-15,NYR,MTL,1,0.68674,0.31326,NYR,1
logistic_engineered,20222023,20232024,20232024,2023020841,2024-02-15,OTT,ANA,0,0.784356,0.215644,OTT,0
logistic_engineered,20222023,20232024,20232024,2023020842,2024-02-15,TBL,COL,1,0.518866,0.481134,TBL,1
logistic_engineered,20222023,20232024,20232024,2023020843,2024-02-15,TOR,PHI,1,0.589678,0.410322,TOR,1
logistic_engineered,20222023,20232024,20232024,2023020844,2024-02-15,STL,EDM,1,0.38485,0.61515,EDM,0
logistic_engineered,20222023,20232024,20232024,2023020845,2024-02-15,CHI,PIT,0,0.439286,0.560714,PIT,1
logistic_engineered,20222023,20232024,20232024,2023020846,2024-02-15,CGY,SJS,0,0.738585,0.261415,CGY,0
logistic_engineered,20222023,20232024,20232024,2023020847,2024-02-15,NSH,DAL,0,0.353956,0.646044,DAL,1
logistic_engineered,20222023,20232024,20232024,2023020848,2024-02-15,VAN,DET,1,0.569885,0.430115,VAN,1
logistic_engineered,20222023,20232024,20232024,2023020849,2024-02-16,UTA,CAR,0,0.199555,0.800445,CAR,1
logistic_engineered,20222023,20232024,20232024,2023020850,2024-02-17,DAL,EDM,0,0.5206,0.4794,DAL,0
logistic_engineered,20222023,20232024,20232024,2023020851,2024-02-17,CHI,OTT,1,0.370378,0.629622,OTT,0
logistic_engineered,20222023,20232024,20232024,2023020852,2024-02-17,CGY,DET,0,0.328699,0.671301,DET,1
logistic_engineered,20222023,20232024,20232024,2023020853,2024-02-17,BOS,LAK,0,0.547988,0.452012,BOS,0
logistic_engineered,20222023,20232024,20232024,2023020854,2024-02-17,MIN,BUF,0,0.586299,0.413701,MIN,0
logistic_engineered,20222023,20232024,20232024,2023020855,2024-02-17,STL,NSH,0,0.543567,0.456433,STL,0
logistic_engineered,20222023,20232024,20232024,2023020856,2024-02-17,TBL,FLA,0,0.281738,0.718262,FLA,1
logistic_engineered,20222023,20232024,20232024,2023020857,2024-02-17,MTL,WSH,0,0.481966,0.518034,WSH,1
logistic_engineered,20222023,20232024,20232024,2023020858,2024-02-17,TOR,ANA,1,0.815753,0.184247,TOR,1
logistic_engineered,20222023,20232024,20232024,2023020859,2024-02-17,NJD,PHI,1,0.571118,0.428882,NJD,1
logistic_engineered,20222023,20232024,20232024,2023020860,2024-02-17,VAN,WPG,0,0.490278,0.509722,WPG,1
logistic_engineered,20222023,20232024,20232024,2023020861,2024-02-17,SJS,CBJ,0,0.460405,0.539595,CBJ,1
logistic_engineered,20222023,20232024,20232024,2023020862,2024-02-17,VGK,CAR,0,0.59926,0.40074,VGK,0
logistic_engineered,20222023,20232024,20232024,2023020863,2024-02-18,NYI,NYR,0,0.431182,0.568818,NYR,1
logistic_engineered,20222023,20232024,20232024,2023020864,2024-02-18,COL,UTA,1,0.676923,0.323077,COL,1
logistic_engineered,20222023,20232024,20232024,2023020865,2024-02-18,PIT,LAK,0,0.534386,0.465614,PIT,0
logistic_engineered,20222023,20232024,20232024,2023020866,2024-02-19,BUF,ANA,0,0.584467,0.415533,BUF,0
logistic_engineered,20222023,20232024,20232024,2023020867,2024-02-19,BOS,DAL,1,0.486581,0.513419,DAL,0
logistic_engineered,20222023,20232024,20232024,2023020868,2024-02-19,STL,TOR,0,0.425096,0.574904,TOR,1
logistic_engineered,20222023,20232024,20232024,2023020869,2024-02-19,MIN,VAN,1,0.304672,0.695328,VAN,0
logistic_engineered,20222023,20232024,20232024,2023020870,2024-02-19,SEA,DET,0,0.560547,0.439453,SEA,0
logistic_engineered,20222023,20232024,20232024,2023020871,2024-02-19,UTA,EDM,0,0.227857,0.772143,EDM,1
logistic_engineered,20222023,20232024,20232024,2023020872,2024-02-19,CGY,WPG,1,0.437774,0.562226,WPG,0
logistic_engineered,20222023,20232024,20232024,2023020873,2024-02-19,SJS,VGK,0,0.335878,0.664122,VGK,1
logistic_engineered,20222023,20232024,20232024,2023020874,2024-02-19,CAR,CHI,1,0.738645,0.261355,CAR,1
logistic_engineered,20222023,20232024,20232024,2023020875,2024-02-19,TBL,OTT,0,0.605746,0.394254,TBL,0
logistic_engineered,20222023,20232024,20232024,2023020876,2024-02-20,FLA,OTT,1,0.733305,0.266695,FLA,1
logistic_engineered,20222023,20232024,20232024,2023020877,2024-02-20,NYR,DAL,1,0.626272,0.373728,NYR,1
logistic_engineered,20222023,20232024,20232024,2023020878,2024-02-20,PIT,NYI,0,0.47135,0.52865,NYI,1
logistic_engineered,20222023,20232024,20232024,2023020879,2024-02-20,WSH,NJD,1,0.415836,0.584164,NJD,0
logistic_engineered,20222023,20232024,20232024,2023020880,2024-02-20,WPG,MIN,1,0.489462,0.510538,MIN,0
logistic_engineered,20222023,20232024,20232024,2023020881,2024-02-20,COL,VAN,1,0.66277,0.33723,COL,1
logistic_engineered,20222023,20232024,20232024,2023020882,2024-02-20,VGK,NSH,0,0.529092,0.470908,VGK,0
logistic_engineered,20222023,20232024,20232024,2023020883,2024-02-20,LAK,CBJ,1,0.651736,0.348264,LAK,1
logistic_engineered,20222023,20232024,20232024,2023020884,2024-02-21,MTL,BUF,0,0.449881,0.550119,BUF,1
logistic_engineered,20222023,20232024,20232024,2023020885,2024-02-21,CHI,PHI,0,0.402288,0.597712,PHI,1
logistic_engineered,20222023,20232024,20232024,2023020886,2024-02-21,ANA,CBJ,0,0.790474,0.209526,ANA,0
logistic_engineered,20222023,20232024,20232024,2023020887,2024-02-21,UTA,TOR,0,0.305947,0.694053,TOR,1
logistic_engineered,20222023,20232024,20232024,2023020888,2024-02-21,EDM,BOS,0,0.544936,0.455064,EDM,0
logistic_engineered,20222023,20232024,20232024,2023020889,2024-02-22,CAR,FLA,1,0.492676,0.507324,FLA,0
logistic_engineered,20222023,20232024,20232024,2023020890,2024-02-22,DET,COL,1,0.434756,0.565244,COL,0
logistic_engineered,20222023,20232024,20232024,2023020891,2024-02-22,NJD,NYR,0,0.43307,0.56693,NYR,1
logistic_engineered,20222023,20232024,20232024,2023020892,2024-02-22,OTT,DAL,1,0.587575,0.412425,OTT,1
logistic_engineered,20222023,20232024,20232024,2023020893,2024-02-22,PIT,MTL,1,0.650817,0.349183,PIT,1
logistic_engineered,20222023,20232024,20232024,2023020894,2024-02-22,TBL,WSH,0,0.605583,0.394417,TBL,0
logistic_engineered,20222023,20232024,20232024,2023020895,2024-02-22,STL,NYI,1,0.506802,0.493198,STL,1
logistic_engineered,20222023,20232024,20232024,2023020896,2024-02-22,CGY,BOS,1,0.517727,0.482273,CGY,1
logistic_engineered,20222023,20232024,20232024,2023020897,2024-02-22,SEA,VAN,1,0.531041,0.468959,SEA,1
logistic_engineered,20222023,20232024,20232024,2023020898,2024-02-22,VGK,TOR,0,0.363916,0.636084,TOR,1
logistic_engineered,20222023,20232024,20232024,2023020899,2024-02-22,LAK,NSH,0,0.555759,0.444241,LAK,0
logistic_engineered,20222023,20232024,20232024,2023020900,2024-02-23,CBJ,BUF,0,0.416584,0.583416,BUF,1
logistic_engineered,20222023,20232024,20232024,2023020901,2024-02-23,CHI,WPG,0,0.299454,0.700546,WPG,1
logistic_engineered,20222023,20232024,20232024,2023020902,2024-02-23,EDM,MIN,0,0.573243,0.426757,EDM,0
logistic_engineered,20222023,20232024,20232024,2023020903,2024-02-24,NJD,MTL,1,0.624037,0.375963,NJD,1
logistic_engineered,20222023,20232024,20232024,2023020904,2024-02-24,NYI,TBL,0,0.47813,0.52187,TBL,1
logistic_engineered,20222023,20232024,20232024,2023020905,2024-02-24,PHI,NYR,0,0.354313,0.645687,NYR,1
logistic_engineered,20222023,20232024,20232024,2023020906,2024-02-24,FLA,WSH,1,0.639606,0.360394,FLA,1
logistic_engineered,20222023,20232024,20232024,2023020907,2024-02-24,CAR,DAL,0,0.566244,0.433756,CAR,0
logistic_engineered,20222023,20232024,20232024,2023020908,2024-02-24,COL,TOR,0,0.504847,0.495153,COL,0
logistic_engineered,20222023,20232024,20232024,2023020909,2024-02-24,DET,STL,1,0.712667,0.287333,DET,1
logistic_engineered,20222023,20232024,20232024,2023020910,2024-02-24,OTT,VGK,1,0.407727,0.592273,VGK,0
logistic_engineered,20222023,20232024,20232024,2023020911,2024-02-24,VAN,BOS,1,0.419975,0.580025,BOS,0
logistic_engineered,20222023,20232024,20232024,2023020912,2024-02-24,EDM,CGY,0,0.498703,0.501297,CGY,1
logistic_engineered,20222023,20232024,20232024,2023020913,2024-02-24,SEA,MIN,0,0.325138,0.674862,MIN,1
logistic_engineered,20222023,20232024,20232024,2023020914,2024-02-24,SJS,NSH,0,0.381058,0.618942,NSH,1
logistic_engineered,20222023,20232024,20232024,2023020915,2024-02-24,LAK,ANA,1,0.617812,0.382188,LAK,1
logistic_engineered,20222023,20232024,20232024,2023020916,2024-02-25,NJD,TBL,0,0.517114,0.482886,NJD,0
logistic_engineered,20222023,20232024,20232024,2023020917,2024-02-25,PIT,PHI,1,0.629615,0.370385,PIT,1
logistic_engineered,20222023,20232024,20232024,2023020918,2024-02-25,BUF,CAR,1,0.483299,0.516701,CAR,0
logistic_engineered,20222023,20232024,20232024,2023020919,2024-02-25,CBJ,NYR,1,0.371732,0.628268,NYR,0
logistic_engineered,20222023,20232024,20232024,2023020920,2024-02-25,CHI,DET,0,0.444884,0.555116,DET,1
logistic_engineered,20222023,20232024,20232024,2023020921,2024-02-25,WPG,UTA,1,0.683752,0.316248,WPG,1
logistic_engineered,20222023,20232024,20232024,2023020922,2024-02-25,ANA,NSH,0,0.374657,0.625343,NSH,1
logistic_engineered,20222023,20232024,20232024,2023020923,2024-02-26,WSH,OTT,1,0.690135,0.309865,WSH,1
logistic_engineered,20222023,20232024,20232024,2023020924,2024-02-26,DAL,NYI,0,0.587056,0.412944,DAL,0
logistic_engineered,20222023,20232024,20232024,2023020925,2024-02-26,EDM,LAK,1,0.53765,0.46235,EDM,1
logistic_engineered,20222023,20232024,20232024,2023020926,2024-02-26,SEA,BOS,1,0.454592,0.545408,BOS,0
logistic_engineered,20222023,20232024,20232024,2023020927,2024-02-27,DET,WSH,1,0.646501,0.353499,DET,1
logistic_engineered,20222023,20232024,20232024,2023020928,2024-02-27,FLA,BUF,1,0.612522,0.387478,FLA,1
logistic_engineered,20222023,20232024,20232024,2023020929,2024-02-27,MTL,UTA,1,0.549144,0.450856,MTL,1
logistic_engineered,20222023,20232024,20232024,2023020930,2024-02-27,PHI,TBL,1,0.418976,0.581024,TBL,0
logistic_engineered,20222023,20232024,20232024,2023020931,2024-02-27,TOR,VGK,0,0.542013,0.457987,TOR,0
logistic_engineered,20222023,20232024,20232024,2023020932,2024-02-27,MIN,CAR,0,0.505906,0.494094,MIN,0
logistic_engineered,20222023,20232024,20232024,2023020933,2024-02-27,NSH,OTT,1,0.657619,0.342381,NSH,1
logistic_engineered,20222023,20232024,20232024,2023020934,2024-02-27,WPG,STL,1,0.650707,0.349293,WPG,1
logistic_engineered,20222023,20232024,20232024,2023020935,2024-02-27,CGY,LAK,1,0.58564,0.41436,CGY,1
logistic_engineered,20222023,20232024,20232024,2023020936,2024-02-27,COL,DAL,1,0.620793,0.379207,COL,1
logistic_engineered,20222023,20232024,20232024,2023020937,2024-02-27,VAN,PIT,0,0.522841,0.477159,VAN,0
logistic_engineered,20222023,20232024,20232024,2023020938,2024-02-27,SJS,NJD,0,0.163621,0.836379,NJD,1
logistic_engineered,20222023,20232024,20232024,2023020939,2024-02-28,NYR,CBJ,1,0.693735,0.306265,NYR,1
logistic_engineered,20222023,20232024,20232024,2023020940,2024-02-28,EDM,STL,1,0.727308,0.272692,EDM,1
logistic_engineered,20222023,20232024,20232024,2023020941,2024-02-29,BOS,VGK,1,0.495426,0.504574,VGK,0
logistic_engineered,20222023,20232024,20232024,2023020942,2024-02-29,CBJ,CAR,0,0.245242,0.754758,CAR,1
logistic_engineered,20222023,20232024,20232024,2023020943,2024-02-29,DET,NYI,0,0.517153,0.482847,DET,0
logistic_engineered,20222023,20232024,20232024,2023020944,2024-02-29,FLA,MTL,1,0.701885,0.298115,FLA,1
logistic_engineered,20222023,20232024,20232024,2023020945,2024-02-29,TBL,BUF,0,0.583374,0.416626,TBL,0
logistic_engineered,20222023,20232024,20232024,2023020946,2024-02-29,TOR,UTA,1,0.69998,0.30002,TOR,1
logistic_engineered,20222023,20232024,20232024,2023020947,2024-02-29,DAL,WPG,1,0.478716,0.521284,WPG,0
logistic_engineered,20222023,20232024,20232024,2023020948,2024-02-29,NSH,MIN,1,0.483332,0.516668,MIN,0
logistic_engineered,20222023,20232024,20232024,2023020949,2024-02-29,CHI,COL,0,0.31599,0.68401,COL,1
logistic_engineered,20222023,20232024,20232024,2023020950,2024-02-29,SEA,PIT,1,0.53483,0.46517,SEA,1
logistic_engineered,20222023,20232024,20232024,2023020951,2024-02-29,VAN,LAK,0,0.467462,0.532538,LAK,1
logistic_engineered,20222023,20232024,20232024,2023020952,2024-02-29,SJS,ANA,0,0.404194,0.595806,ANA,1
logistic_engineered,20222023,20232024,20232024,2023020953,2024-03-01,OTT,UTA,0,0.668732,0.331268,OTT,0
logistic_engineered,20222023,20232024,20232024,2023020954,2024-03-01,WSH,PHI,1,0.518845,0.481155,WSH,1
logistic_engineered,20222023,20232024,20232024,2023020955,2024-03-01,ANA,NJD,1,0.499453,0.500547,NJD,0
logistic_engineered,20222023,20232024,20232024,2023020956,2024-03-02,CAR,WPG,0,0.507095,0.492905,CAR,0
logistic_engineered,20222023,20232024,20232024,2023020957,2024-03-02,NYI,BOS,1,0.478085,0.521915,BOS,0
logistic_engineered,20222023,20232024,20232024,2023020958,2024-03-02,SEA,EDM,0,0.455879,0.544121,EDM,1
logistic_engineered,20222023,20232024,20232024,2023020959,2024-03-02,NSH,COL,1,0.48365,0.51635,COL,0
logistic_engineered,20222023,20232024,20232024,2023020960,2024-03-02,BUF,VGK,1,0.425503,0.574497,VGK,0
logistic_engineered,20222023,20232024,20232024,2023020961,2024-03-02,DET,FLA,0,0.411888,0.588112,FLA,1
logistic_engineered,20222023,20232024,20232024,2023020962,2024-03-02,PHI,OTT,1,0.511511,0.488489,PHI,1
logistic_engineered,20222023,20232024,20232024,2023020963,2024-03-02,TBL,MTL,1,0.649411,0.350589,TBL,1
logistic_engineered,20222023,20232024,20232024,2023020964,2024-03-02,TOR,NYR,1,0.54484,0.45516,TOR,1
logistic_engineered,20222023,20232024,20232024,2023020965,2024-03-02,CHI,CBJ,0,0.448542,0.551458,CBJ,1
logistic_engineered,20222023,20232024,20232024,2023020966,2024-03-02,DAL,SJS,1,0.723563,0.276437,DAL,1
logistic_engineered,20222023,20232024,20232024,2023020967,2024-03-02,STL,MIN,1,0.422381,0.577619,MIN,0
logistic_engineered,20222023,20232024,20232024,2023020968,2024-03-02,CGY,PIT,1,0.517882,0.482118,CGY,1
logistic_engineered,20222023,20232024,20232024,2023020969,2024-03-03,WSH,UTA,0,0.606447,0.393553,WSH,0
logistic_engineered,20222023,20232024,20232024,2023020970,2024-03-03,LAK,NJD,1,0.708136,0.291864,LAK,1
logistic_engineered,20222023,20232024,20232024,2023020971,2024-03-03,BUF,WPG,0,0.399477,0.600523,WPG,1
logistic_engineered,20222023,20232024,20232024,2023020972,2024-03-03,MIN,SJS,1,0.657652,0.342348,MIN,1
logistic_engineered,20222023,20232024,20232024,2023020973,2024-03-03,ANA,VAN,0,0.440665,0.559335,VAN,1
logistic_engineered,20222023,20232024,20232024,2023020974,2024-03-03,EDM,PIT,1,0.585848,0.414152,EDM,1
logistic_engineered,20222023,20232024,20232024,2023020975,2024-03-04,CBJ,VGK,1,0.365854,0.634146,VGK,0
logistic_engineered,20222023,20232024,20232024,2023020976,2024-03-04,NYR,FLA,0,0.50063,0.49937,NYR,0
logistic_engineered,20222023,20232024,20232024,2023020977,2024-03-04,PHI,STL,0,0.53155,0.46845,PHI,0
logistic_engineered,20222023,20232024,20232024,2023020978,2024-03-04,TOR,BOS,0,0.563246,0.436754,TOR,0
logistic_engineered,20222023,20232024,20232024,2023020979,2024-03-04,COL,CHI,1,0.73256,0.26744,COL,1
logistic_engineered,20222023,20232024,20232024,2023020980,2024-03-04,CGY,SEA,0,0.551187,0.448813,CGY,0
logistic_engineered,20222023,20232024,20232024,2023020981,2024-03-05,BOS,EDM,0,0.389544,0.610456,EDM,1
logistic_engineered,20222023,20232024,20232024,2023020982,2024-03-05,NJD,FLA,0,0.497842,0.502158,FLA,1
logistic_engineered,20222023,20232024,20232024,2023020983,2024-03-05,PIT,CBJ,1,0.65422,0.34578,PIT,1
logistic_engineered,20222023,20232024,20232024,2023020984,2024-03-05,NYI,STL,1,0.690873,0.309127,NYI,1
logistic_engineered,20222023,20232024,20232024,2023020985,2024-03-05,NSH,MTL,0,0.655847,0.344153,NSH,0
logistic_engineered,20222023,20232024,20232024,2023020986,2024-03-05,WPG,SEA,0,0.685096,0.314904,WPG,0
logistic_engineered,20222023,20232024,20232024,2023020987,2024-03-05,UTA,CHI,0,0.692102,0.307898,UTA,0
logistic_engineered,20222023,20232024,20232024,2023020988,2024-03-05,LAK,VAN,0,0.576008,0.423992,LAK,0
logistic_engineered,20222023,20232024,20232024,2023020989,2024-03-05,SJS,DAL,0,0.276748,0.723252,DAL,1
logistic_engineered,20222023,20232024,20232024,2023020990,2024-03-06,TOR,BUF,1,0.602775,0.397225,TOR,1
logistic_engineered,20222023,20232024,20232024,2023020991,2024-03-06,COL,DET,1,0.792403,0.207597,COL,1
logistic_engineered,20222023,20232024,20232024,2023020992,2024-03-06,ANA,OTT,1,0.450986,0.549014,OTT,0
logistic_engineered,20222023,20232024,20232024,2023020993,2024-03-07,BOS,TOR,1,0.568076,0.431924,BOS,1
logistic_engineered,20222023,20232024,20232024,2023020994,2024-03-07,CAR,MTL,1,0.664257,0.335743,CAR,1
logistic_engineered,20222023,20232024,20232024,2023020995,2024-03-07,CBJ,EDM,1,0.323752,0.676248,EDM,0
logistic_engineered,20222023,20232024,20232024,2023020996,2024-03-07,FLA,PHI,0,0.676678,0.323322,FLA,0
logistic_engineered,20222023,20232024,20232024,2023020997,2024-03-07,NJD,STL,1,0.587374,0.412626,NJD,1
logistic_engineered,20222023,20232024,20232024,2023020998,2024-03-07,PIT,WSH,0,0.32095,0.67905,WSH,1
logistic_engineered,20222023,20232024,20232024,2023020999,2024-03-07,TBL,CGY,0,0.559012,0.440988,TBL,0
logistic_engineered,20222023,20232024,20232024,2023021000,2024-03-07,NSH,BUF,1,0.644961,0.355039,NSH,1
logistic_engineered,20222023,20232024,20232024,2023021001,2024-03-07,UTA,MIN,0,0.443988,0.556012,MIN,1
logistic_engineered,20222023,20232024,20232024,2023021002,2024-03-07,VGK,VAN,0,0.578694,0.421306,VGK,0
logistic_engineered,20222023,20232024,20232024,2023021003,2024-03-07,LAK,OTT,1,0.689712,0.310288,LAK,1
logistic_engineered,20222023,20232024,20232024,2023021004,2024-03-07,SJS,NYI,0,0.298347,0.701653,NYI,1
logistic_engineered,20222023,20232024,20232024,2023021005,2024-03-08,UTA,DET,1,0.354895,0.645105,DET,0
logistic_engineered,20222023,20232024,20232024,2023021006,2024-03-08,COL,MIN,1,0.676009,0.323991,COL,1
logistic_engineered,20222023,20232024,20232024,2023021007,2024-03-08,ANA,DAL,0,0.357606,0.642394,DAL,1
logistic_engineered,20222023,20232024,20232024,2023021008,2024-03-08,SEA,WPG,0,0.441052,0.558948,WPG,1
logistic_engineered,20222023,20232024,20232024,2023021009,2024-03-09,BUF,EDM,1,0.380048,0.619952,EDM,0
logistic_engineered,20222023,20232024,20232024,2023021010,2024-03-09,CBJ,NSH,0,0.618183,0.381817,CBJ,0
logistic_engineered,20222023,20232024,20232024,2023021011,2024-03-09,NJD,CAR,0,0.440407,0.559593,CAR,1
logistic_engineered,20222023,20232024,20232024,2023021012,2024-03-09,BOS,PIT,1,0.614578,0.385422,BOS,1
logistic_engineered,20222023,20232024,20232024,2023021013,2024-03-09,FLA,CGY,1,0.583711,0.416289,FLA,1
logistic_engineered,20222023,20232024,20232024,2023021014,2024-03-09,MTL,TOR,0,0.353762,0.646238,TOR,1
logistic_engineered,20222023,20232024,20232024,2023021015,2024-03-09,SJS,OTT,1,0.394154,0.605846,OTT,0
logistic_engineered,20222023,20232024,20232024,2023021016,2024-03-09,TBL,PHI,1,0.781627,0.218373,TBL,1
logistic_engineered,20222023,20232024,20232024,2023021017,2024-03-09,WSH,CHI,1,0.643926,0.356074,WSH,1
logistic_engineered,20222023,20232024,20232024,2023021018,2024-03-09,NYR,STL,1,0.671839,0.328161,NYR,1
logistic_engineered,20222023,20232024,20232024,2023021019,2024-03-09,VAN,WPG,1,0.275639,0.724361,WPG,0
logistic_engineered,20222023,20232024,20232024,2023021020,2024-03-09,VGK,DET,1,0.672253,0.327747,VGK,1
logistic_engineered,20222023,20232024,20232024,2023021021,2024-03-09,LAK,DAL,0,0.582507,0.417493,LAK,0
logistic_engineered,20222023,20232024,20232024,2023021022,2024-03-10,PIT,EDM,0,0.590396,0.409604,PIT,0
logistic_engineered,20222023,20232024,20232024,2023021023,2024-03-10,MIN,NSH,1,0.578133,0.421867,MIN,1
logistic_engineered,20222023,20232024,20232024,2023021024,2024-03-10,CAR,CGY,1,0.567104,0.432896,CAR,1
logistic_engineered,20222023,20232024,20232024,2023021025,2024-03-10,CHI,UTA,1,0.339997,0.660003,UTA,0
logistic_engineered,20222023,20232024,20232024,2023021026,2024-03-10,ANA,NYI,0,0.347669,0.652331,NYI,1
logistic_engineered,20222023,20232024,20232024,2023021027,2024-03-11,BOS,STL,0,0.663826,0.336174,BOS,0
logistic_engineered,20222023,20232024,20232024,2023021028,2024-03-11,NYR,NJD,1,0.598976,0.401024,NYR,1
logistic_engineered,20222023,20232024,20232024,2023021029,2024-03-11,WPG,WSH,1,0.620017,0.379983,WPG,1
logistic_engineered,20222023,20232024,20232024,2023021030,2024-03-11,LAK,NYI,1,0.570176,0.429824,LAK,1
logistic_engineered,20222023,20232024,20232024,2023021031,2024-03-12,BUF,DET,1,0.742083,0.257917,BUF,1
logistic_engineered,20222023,20232024,20232024,2023021032,2024-03-12,CAR,NYR,0,0.638722,0.361278,CAR,0
logistic_engineered,20222023,20232024,20232024,2023021033,2024-03-12,MTL,CBJ,1,0.69069,0.30931,MTL,1
logistic_engineered,20222023,20232024,20232024,2023021034,2024-03-12,OTT,PIT,1,0.516212,0.483788,OTT,1
logistic_engineered,20222023,20232024,20232024,2023021035,2024-03-12,PHI,SJS,1,0.612962,0.387038,PHI,1
logistic_engineered,20222023,20232024,20232024,2023021036,2024-03-12,DAL,FLA,0,0.52402,0.47598,DAL,0
logistic_engineered,20222023,20232024,20232024,2023021037,2024-03-12,MIN,UTA,1,0.634373,0.365627,MIN,1
logistic_engineered,20222023,20232024,20232024,2023021038,2024-03-12,CHI,ANA,1,0.700751,0.299249,CHI,1
logistic_engineered,20222023,20232024,20232024,2023021039,2024-03-12,CGY,COL,0,0.221231,0.778769,COL,1
logistic_engineered,20222023,20232024,20232024,2023021040,2024-03-12,SEA,VGK,0,0.476149,0.523851,VGK,1
logistic_engineered,20222023,20232024,20232024,2023021041,2024-03-13,STL,LAK,1,0.390341,0.609659,LAK,0
logistic_engineered,20222023,20232024,20232024,2023021042,2024-03-13,WPG,NSH,0,0.574347,0.425653,WPG,0
logistic_engineered,20222023,20232024,20232024,2023021043,2024-03-13,EDM,WSH,1,0.621897,0.378103,EDM,1
logistic_engineered,20222023,20232024,20232024,2023021044,2024-03-13,VAN,COL,0,0.506437,0.493563,VAN,0
logistic_engineered,20222023,20232024,20232024,2023021045,2024-03-14,BUF,NYI,1,0.44985,0.55015,NYI,0
logistic_engineered,20222023,20232024,20232024,2023021046,2024-03-14,CAR,FLA,1,0.481566,0.518434,FLA,0
logistic_engineered,20222023,20232024,20232024,2023021047,2024-03-14,CBJ,OTT,0,0.482938,0.517062,OTT,1
logistic_engineered,20222023,20232024,20232024,2023021048,2024-03-14,DET,UTA,0,0.544207,0.455793,DET,0
logistic_engineered,20222023,20232024,20232024,2023021049,2024-03-14,MTL,BOS,0,0.354039,0.645961,BOS,1
logistic_engineered,20222023,20232024,20232024,2023021050,2024-03-14,PHI,TOR,0,0.20253,0.79747,TOR,1
logistic_engineered,20222023,20232024,20232024,2023021051,2024-03-14,PIT,SJS,1,0.628886,0.371114,PIT,1
logistic_engineered,20222023,20232024,20232024,2023021052,2024-03-14,TBL,NYR,1,0.477882,0.522118,NYR,0
logistic_engineered,20222023,20232024,20232024,2023021053,2024-03-14,DAL,NJD,0,0.338737,0.661263,NJD,1
logistic_engineered,20222023,20232024,20232024,2023021054,2024-03-14,MIN,ANA,1,0.698078,0.301922,MIN,1
logistic_engineered,20222023,20232024,20232024,2023021055,2024-03-14,CGY,VGK,1,0.456435,0.543565,VGK,0
logistic_engineered,20222023,20232024,20232024,2023021056,2024-03-14,SEA,WSH,0,0.633799,0.366201,SEA,0
logistic_engineered,20222023,20232024,20232024,2023021057,2024-03-15,WPG,ANA,1,0.759746,0.240254,WPG,1
logistic_engineered,20222023,20232024,20232024,2023021058,2024-03-15,CHI,LAK,0,0.202366,0.797634,LAK,1
logistic_engineered,20222023,20232024,20232024,2023021059,2024-03-16,DET,BUF,1,0.433955,0.566045,BUF,0
logistic_engineered,20222023,20232024,20232024,2023021060,2024-03-16,NYI,OTT,0,0.620994,0.379006,NYI,0
logistic_engineered,20222023,20232024,20232024,2023021061,2024-03-16,PIT,NYR,0,0.204368,0.795632,NYR,1
logistic_engineered,20222023,20232024,20232024,2023021062,2024-03-16,UTA,NJD,1,0.62967,0.37033,UTA,1
logistic_engineered,20222023,20232024,20232024,2023021063,2024-03-16,FLA,TBL,0,0.534239,0.465761,FLA,0
logistic_engineered,20222023,20232024,20232024,2023021064,2024-03-16,BOS,PHI,1,0.639994,0.360006,BOS,1
logistic_engineered,20222023,20232024,20232024,2023021065,2024-03-16,CBJ,SJS,1,0.595195,0.404805,CBJ,1
logistic_engineered,20222023,20232024,20232024,2023021066,2024-03-16,CGY,MTL,1,0.628119,0.371881,CGY,1
logistic_engineered,20222023,20232024,20232024,2023021067,2024-03-16,TOR,CAR,0,0.460027,0.539973,CAR,1
logistic_engineered,20222023,20232024,20232024,2023021068,2024-03-16,DAL,LAK,1,0.59426,0.40574,DAL,1
logistic_engineered,20222023,20232024,20232024,2023021069,2024-03-16,STL,MIN,1,0.424302,0.575698,MIN,0
logistic_engineered,20222023,20232024,20232024,2023021070,2024-03-16,EDM,COL,0,0.458948,0.541052,COL,1
logistic_engineered,20222023,20232024,20232024,2023021071,2024-03-16,SEA,NSH,0,0.494379,0.505621,NSH,1
logistic_engineered,20222023,20232024,20232024,2023021072,2024-03-16,VAN,WSH,0,0.596243,0.403757,VAN,0
logistic_engineered,20222023,20232024,20232024,2023021073,2024-03-17,NYR,NYI,1,0.543992,0.456008,NYR,1
logistic_engineered,20222023,20232024,20232024,2023021074,2024-03-17,VGK,NJD,1,0.611251,0.388749,VGK,1
logistic_engineered,20222023,20232024,20232024,2023021075,2024-03-17,CBJ,WPG,0,0.244204,0.755796,WPG,1
logistic_engineered,20222023,20232024,20232024,2023021076,2024-03-17,CHI,SJS,1,0.684082,0.315918,CHI,1
logistic_engineered,20222023,20232024,20232024,2023021077,2024-03-17,OTT,CAR,0,0.384553,0.615447,CAR,1
logistic_engineered,20222023,20232024,20232024,2023021078,2024-03-17,PIT,DET,1,0.515234,0.484766,PIT,1
logistic_engineered,20222023,20232024,20232024,2023021079,2024-03-17,STL,ANA,1,0.504427,0.495573,STL,1
logistic_engineered,20222023,20232024,20232024,2023021080,2024-03-18,CGY,WSH,0,0.574212,0.425788,CGY,0
logistic_engineered,20222023,20232024,20232024,2023021081,2024-03-18,SEA,BUF,0,0.304713,0.695287,BUF,1
logistic_engineered,20222023,20232024,20232024,2023021082,2024-03-19,BOS,OTT,1,0.648309,0.351691,BOS,1
logistic_engineered,20222023,20232024,20232024,2023021083,2024-03-19,DET,CBJ,1,0.578606,0.421394,DET,1
logistic_engineered,20222023,20232024,20232024,2023021084,2024-03-19,NJD,PIT,1,0.540915,0.459085,NJD,1
logistic_engineered,20222023,20232024,20232024,2023021085,2024-03-19,NYR,WPG,0,0.515815,0.484185,NYR,0
logistic_engineered,20222023,20232024,20232024,2023021086,2024-03-19,PHI,TOR,1,0.38479,0.61521,TOR,0
logistic_engineered,20222023,20232024,20232024,2023021087,2024-03-19,NYI,CAR,0,0.426379,0.573621,CAR,1
logistic_engineered,20222023,20232024,20232024,2023021088,2024-03-19,NSH,SJS,1,0.709929,0.290071,NSH,1
logistic_engineered,20222023,20232024,20232024,2023021089,2024-03-19,STL,COL,0,0.374837,0.625163,COL,1
logistic_engineered,20222023,20232024,20232024,2023021090,2024-03-19,EDM,MTL,1,0.705194,0.294806,EDM,1
logistic_engineered,20222023,20232024,20232024,2023021091,2024-03-19,ANA,MIN,0,0.338334,0.661666,MIN,1
logistic_engineered,20222023,20232024,20232024,2023021092,2024-03-19,LAK,CHI,1,0.669423,0.330577,LAK,1
logistic_engineered,20222023,20232024,20232024,2023021093,2024-03-19,VAN,BUF,1,0.57777,0.42223,VAN,1
logistic_engineered,20222023,20232024,20232024,2023021094,2024-03-19,VGK,TBL,0,0.487255,0.512745,TBL,1
logistic_engineered,20222023,20232024,20232024,2023021095,2024-03-20,WSH,TOR,0,0.496498,0.503502,TOR,1
logistic_engineered,20222023,20232024,20232024,2023021096,2024-03-20,DAL,UTA,1,0.682886,0.317114,DAL,1
logistic_engineered,20222023,20232024,20232024,2023021097,2024-03-20,LAK,MIN,1,0.736739,0.263261,LAK,1
logistic_engineered,20222023,20232024,20232024,2023021098,2024-03-21,BOS,NYR,0,0.520264,0.479736,BOS,0
logistic_engineered,20222023,20232024,20232024,2023021099,2024-03-21,CAR,PHI,1,0.658711,0.341289,CAR,1
logistic_engineered,20222023,20232024,20232024,2023021100,2024-03-21,DET,NYI,1,0.440558,0.559442,NYI,0
logistic_engineered,20222023,20232024,20232024,2023021101,2024-03-21,FLA,NSH,0,0.512831,0.487169,FLA,0
logistic_engineered,20222023,20232024,20232024,2023021102,2024-03-21,NJD,WPG,1,0.42318,0.57682,WPG,0
logistic_engineered,20222023,20232024,20232024,2023021103,2024-03-21,OTT,STL,0,0.516354,0.483646,OTT,0
logistic_engineered,20222023,20232024,20232024,2023021104,2024-03-21,EDM,BUF,1,0.61214,0.38786,EDM,1
logistic_engineered,20222023,20232024,20232024,2023021105,2024-03-21,ANA,CHI,1,0.47306,0.52694,CHI,0
logistic_engineered,20222023,20232024,20232024,2023021106,2024-03-21,VAN,MTL,1,0.627128,0.372872,VAN,1
logistic_engineered,20222023,20232024,20232024,2023021107,2024-03-21,VGK,SEA,1,0.578024,0.421976,VGK,1
logistic_engineered,20222023,20232024,20232024,2023021108,2024-03-21,SJS,TBL,0,0.25862,0.74138,TBL,1
logistic_engineered,20222023,20232024,20232024,2023021109,2024-03-22,WSH,CAR,1,0.21449,0.78551,CAR,0
logistic_engineered,20222023,20232024,20232024,2023021110,2024-03-22,DAL,PIT,1,0.817304,0.182696,DAL,1
logistic_engineered,20222023,20232024,20232024,2023021111,2024-03-22,COL,CBJ,1,0.750805,0.249195,COL,1
logistic_engineered,20222023,20232024,20232024,2023021112,2024-03-22,UTA,SEA,1,0.520261,0.479739,UTA,1
logistic_engineered,20222023,20232024,20232024,2023021113,2024-03-23,NYI,WPG,1,0.613369,0.386631,NYI,1
logistic_engineered,20222023,20232024,20232024,2023021114,2024-03-23,PHI,BOS,1,0.388682,0.611318,BOS,0
logistic_engineered,20222023,20232024,20232024,2023021115,2024-03-23,MIN,STL,0,0.580118,0.419882,MIN,0
logistic_engineered,20222023,20232024,20232024,2023021116,2024-03-23,NSH,DET,1,0.612322,0.387678,NSH,1
logistic_engineered,20222023,20232024,20232024,2023021117,2024-03-23,NJD,OTT,0,0.609053,0.390947,NJD,0
logistic_engineered,20222023,20232024,20232024,2023021118,2024-03-23,TOR,EDM,1,0.488675,0.511325,EDM,0
logistic_engineered,20222023,20232024,20232024,2023021119,2024-03-23,NYR,FLA,1,0.562729,0.437271,NYR,1
logistic_engineered,20222023,20232024,20232024,2023021120,2024-03-23,VAN,CGY,1,0.528493,0.471507,VAN,1
logistic_engineered,20222023,20232024,20232024,2023021121,2024-03-23,LAK,TBL,1,0.535323,0.464677,LAK,1
logistic_engineered,20222023,20232024,20232024,2023021122,2024-03-23,SJS,CHI,0,0.421,0.579,CHI,1
logistic_engineered,20222023,20232024,20232024,2023021123,2024-03-23,VGK,CBJ,1,0.535753,0.464247,VGK,1
logistic_engineered,20222023,20232024,20232024,2023021124,2024-03-24,WSH,WPG,1,0.464907,0.535093,WPG,0
logistic_engineered,20222023,20232024,20232024,2023021125,2024-03-24,COL,PIT,1,0.841849,0.158151,COL,1
logistic_engineered,20222023,20232024,20232024,2023021126,2024-03-24,NYI,NJD,0,0.486821,0.513179,NJD,1
logistic_engineered,20222023,20232024,20232024,2023021127,2024-03-24,CAR,TOR,1,0.640616,0.359384,CAR,1
logistic_engineered,20222023,20232024,20232024,2023021128,2024-03-24,OTT,EDM,1,0.351473,0.648527,EDM,0
logistic_engineered,20222023,20232024,20232024,2023021129,2024-03-24,PHI,FLA,0,0.402095,0.597905,FLA,1
logistic_engineered,20222023,20232024,20232024,2023021130,2024-03-24,UTA,DAL,0,0.386267,0.613733,DAL,1
logistic_engineered,20222023,20232024,20232024,2023021131,2024-03-24,ANA,TBL,0,0.393147,0.606853,TBL,1
logistic_engineered,20222023,20232024,20232024,2023021132,2024-03-24,CGY,BUF,0,0.388946,0.611054,BUF,1
logistic_engineered,20222023,20232024,20232024,2023021133,2024-03-24,SEA,MTL,0,0.349102,0.650898,MTL,1
logistic_engineered,20222023,20232024,20232024,2023021134,2024-03-25,STL,VGK,0,0.446042,0.553958,VGK,1
logistic_engineered,20222023,20232024,20232024,2023021135,2024-03-25,VAN,LAK,0,0.44693,0.55307,LAK,1
logistic_engineered,20222023,20232024,20232024,2023021136,2024-03-26,FLA,BOS,0,0.488493,0.511507,BOS,1
logistic_engineered,20222023,20232024,20232024,2023021137,2024-03-26,NYR,PHI,1,0.714853,0.285147,NYR,1
logistic_engineered,20222023,20232024,20232024,2023021138,2024-03-26,PIT,CAR,1,0.360865,0.639135,CAR,0
logistic_engineered,20222023,20232024,20232024,2023021139,2024-03-26,TOR,NJD,0,0.54827,0.45173,TOR,0
logistic_engineered,20222023,20232024,20232024,2023021140,2024-03-26,WSH,DET,1,0.500671,0.499329,WSH,1
logistic_engineered,20222023,20232024,20232024,2023021141,2024-03-26,NSH,VGK,1,0.600057,0.399943,NSH,1
logistic_engineered,20222023,20232024,20232024,2023021142,2024-03-26,WPG,EDM,0,0.496718,0.503282,EDM,1
logistic_engineered,20222023,20232024,20232024,2023021143,2024-03-26,CHI,CGY,1,0.399513,0.600487,CGY,0
logistic_engineered,20222023,20232024,20232024,2023021144,2024-03-26,COL,MTL,0,0.750103,0.249897,COL,0
logistic_engineered,20222023,20232024,20232024,2023021145,2024-03-26,UTA,CBJ,1,0.608145,0.391855,UTA,1
logistic_engineered,20222023,20232024,20232024,2023021146,2024-03-26,SEA,ANA,1,0.615888,0.384112,SEA,1
logistic_engineered,20222023,20232024,20232024,2023021147,2024-03-26,SJS,DAL,0,0.249385,0.750615,DAL,1
logistic_engineered,20222023,20232024,20232024,2023021148,2024-03-27,BUF,OTT,0,0.335083,0.664917,OTT,1
logistic_engineered,20222023,20232024,20232024,2023021149,2024-03-27,TBL,BOS,1,0.614429,0.385571,TBL,1
logistic_engineered,20222023,20232024,20232024,2023021150,2024-03-28,CAR,DET,1,0.653505,0.346495,CAR,1
logistic_engineered,20222023,20232024,20232024,2023021151,2024-03-28,FLA,NYI,0,0.576356,0.423644,FLA,0
logistic_engineered,20222023,20232024,20232024,2023021152,2024-03-28,MTL,PHI,1,0.499011,0.500989,PHI,0
logistic_engineered,20222023,20232024,20232024,2023021153,2024-03-28,OTT,CHI,1,0.515725,0.484275,OTT,1
logistic_engineered,20222023,20232024,20232024,2023021154,2024-03-28,PIT,CBJ,1,0.641876,0.358124,PIT,1
logistic_engineered,20222023,20232024,20232024,2023021155,2024-03-28,TOR,WSH,1,0.601493,0.398507,TOR,1
logistic_engineered,20222023,20232024,20232024,2023021156,2024-03-28,MIN,SJS,1,0.709679,0.290321,MIN,1
logistic_engineered,20222023,20232024,20232024,2023021157,2024-03-28,STL,CGY,1,0.500131,0.499869,STL,1
logistic_engineered,20222023,20232024,20232024,2023021158,2024-03-28,WPG,VGK,0,0.519393,0.480607,WPG,0
logistic_engineered,20222023,20232024,20232024,2023021159,2024-03-28,COL,NYR,0,0.557544,0.442456,COL,0
logistic_engineered,20222023,20232024,20232024,2023021160,2024-03-28,EDM,LAK,1,0.522491,0.477509,EDM,1
logistic_engineered,20222023,20232024,20232024,2023021161,2024-03-28,UTA,NSH,1,0.618952,0.381048,UTA,1
logistic_engineered,20222023,20232024,20232024,2023021162,2024-03-28,SEA,ANA,1,0.629616,0.370384,SEA,1
logistic_engineered,20222023,20232024,20232024,2023021163,2024-03-28,VAN,DAL,0,0.396726,0.603274,DAL,1
logistic_engineered,20222023,20232024,20232024,2023021164,2024-03-29,BUF,NJD,1,0.439551,0.560449,NJD,0
logistic_engineered,20222023,20232024,20232024,2023021165,2024-03-30,FLA,DET,1,0.614706,0.385294,FLA,1
logistic_engineered,20222023,20232024,20232024,2023021166,2024-03-30,MIN,VGK,0,0.488096,0.511904,VGK,1
logistic_engineered,20222023,20232024,20232024,2023021167,2024-03-30,EDM,ANA,1,0.733811,0.266189,EDM,1
logistic_engineered,20222023,20232024,20232024,2023021168,2024-03-30,UTA,NYR,0,0.364999,0.635001,NYR,1
logistic_engineered,20222023,20232024,20232024,2023021169,2024-03-30,COL,NSH,1,0.347171,0.652829,NSH,0
logistic_engineered,20222023,20232024,20232024,2023021170,2024-03-30,BUF,TOR,0,0.336887,0.663113,TOR,1
logistic_engineered,20222023,20232024,20232024,2023021171,2024-03-30,CBJ,PIT,1,0.438291,0.561709,PIT,0
logistic_engineered,20222023,20232024,20232024,2023021172,2024-03-30,MTL,CAR,0,0.33795,0.66205,CAR,1
logistic_engineered,20222023,20232024,20232024,2023021173,2024-03-30,PHI,CHI,0,0.571063,0.428937,PHI,0
logistic_engineered,20222023,20232024,20232024,2023021174,2024-03-30,TBL,NYI,1,0.606718,0.393282,TBL,1
logistic_engineered,20222023,20232024,20232024,2023021175,2024-03-30,WPG,OTT,0,0.594403,0.405597,WPG,0
logistic_engineered,20222023,20232024,20232024,2023021176,2024-03-30,WSH,BOS,0,0.401832,0.598168,BOS,1
logistic_engineered,20222023,20232024,20232024,2023021177,2024-03-30,STL,SJS,0,0.66792,0.33208,STL,0
logistic_engineered,20222023,20232024,20232024,2023021178,2024-03-30,CGY,LAK,1,0.399148,0.600852,LAK,0
logistic_engineered,20222023,20232024,20232024,2023021179,2024-03-30,SEA,DAL,0,0.374917,0.625083,DAL,1
logistic_engineered,20222023,20232024,20232024,2023021180,2024-03-31,VAN,ANA,1,0.727627,0.272373,VAN,1
logistic_engineered,20222023,20232024,20232024,2023021181,2024-04-01,CBJ,COL,1,0.298075,0.701925,COL,0
logistic_engineered,20222023,20232024,20232024,2023021182,2024-04-01,NYR,PIT,0,0.665667,0.334333,NYR,0
logistic_engineered,20222023,20232024,20232024,2023021183,2024-04-01,PHI,NYI,0,0.258379,0.741621,NYI,1
logistic_engineered,20222023,20232024,20232024,2023021184,2024-04-01,TBL,DET,0,0.66631,0.33369,TBL,0
logistic_engineered,20222023,20232024,20232024,2023021185,2024-04-01,TOR,FLA,1,0.721096,0.278904,TOR,1
logistic_engineered,20222023,20232024,20232024,2023021186,2024-04-01,STL,EDM,1,0.382293,0.617707,EDM,0
logistic_engineered,20222023,20232024,20232024,2023021187,2024-04-01,WPG,LAK,1,0.467769,0.532231,LAK,0
logistic_engineered,20222023,20232024,20232024,2023021188,2024-04-01,SJS,SEA,0,0.358072,0.641928,SEA,1
logistic_engineered,20222023,20232024,20232024,2023021189,2024-04-02,BUF,WSH,1,0.735263,0.264737,BUF,1
logistic_engineered,20222023,20232024,20232024,2023021190,2024-04-02,MTL,FLA,1,0.443685,0.556315,FLA,0
logistic_engineered,20222023,20232024,20232024,2023021191,2024-04-02,NJD,PIT,0,0.637582,0.362418,NJD,0
logistic_engineered,20222023,20232024,20232024,2023021192,2024-04-02,NYI,CHI,1,0.54065,0.45935,NYI,1
logistic_engineered,20222023,20232024,20232024,2023021193,2024-04-02,MIN,OTT,1,0.547666,0.452334,MIN,1
logistic_engineered,20222023,20232024,20232024,2023021194,2024-04-02,NSH,BOS,0,0.468832,0.531168,BOS,1
logistic_engineered,20222023,20232024,20232024,2023021195,2024-04-02,CGY,ANA,0,0.652021,0.347979,CGY,0
logistic_engineered,20222023,20232024,20232024,2023021196,2024-04-02,VGK,VAN,1,0.579792,0.420208,VGK,1
logistic_engineered,20222023,20232024,20232024,2023021197,2024-04-03,TOR,TBL,0,0.527055,0.472945,TOR,0
logistic_engineered,20222023,20232024,20232024,2023021198,2024-04-03,NYR,NJD,1,0.658635,0.341365,NYR,1
logistic_engineered,20222023,20232024,20232024,2023021199,2024-04-03,DAL,EDM,1,0.527733,0.472267,DAL,1
logistic_engineered,20222023,20232024,20232024,2023021200,2024-04-03,UTA,VAN,0,0.562323,0.437677,UTA,0
logistic_engineered,20222023,20232024,20232024,2023021201,2024-04-03,LAK,SEA,1,0.583733,0.416267,LAK,1
logistic_engineered,20222023,20232024,20232024,2023021202,2024-04-04,CAR,BOS,0,0.554332,0.445668,CAR,0
logistic_engineered,20222023,20232024,20232024,2023021203,2024-04-04,CBJ,NYI,0,0.201615,0.798385,NYI,1
logistic_engineered,20222023,20232024,20232024,2023021204,2024-04-04,MTL,TBL,0,0.430634,0.569366,TBL,1
logistic_engineered,20222023,20232024,20232024,2023021205,2024-04-04,OTT,FLA,0,0.229834,0.770166,FLA,1
logistic_engineered,20222023,20232024,20232024,2023021206,2024-04-04,WSH,PIT,0,0.468989,0.531011,PIT,1
logistic_engineered,20222023,20232024,20232024,2023021207,2024-04-04,MIN,COL,0,0.445345,0.554655,COL,1
logistic_engineered,20222023,20232024,20232024,2023021208,2024-04-04,NSH,STL,1,0.543687,0.456313,NSH,1
logistic_engineered,20222023,20232024,20232024,2023021209,2024-04-04,WPG,CGY,1,0.608756,0.391244,WPG,1
logistic_engineered,20222023,20232024,20232024,2023021210,2024-04-04,SJS,LAK,0,0.371364,0.628636,LAK,1
logistic_engineered,20222023,20232024,20232024,2023021211,2024-04-05,BUF,PHI,1,0.598537,0.401463,BUF,1
logistic_engineered,20222023,20232024,20232024,2023021212,2024-04-05,CAR,WSH,1,0.615559,0.384441,CAR,1
logistic_engineered,20222023,20232024,20232024,2023021213,2024-04-05,DET,NYR,0,0.369078,0.630922,NYR,1
logistic_engineered,20222023,20232024,20232024,2023021214,2024-04-05,EDM,COL,1,0.540326,0.459674,EDM,1
logistic_engineered,20222023,20232024,20232024,2023021215,2024-04-05,ANA,SEA,0,0.360257,0.639743,SEA,1
logistic_engineered,20222023,20232024,20232024,2023021216,2024-04-05,UTA,VGK,1,0.391844,0.608156,VGK,0
logistic_engineered,20222023,20232024,20232024,2023021217,2024-04-06,PIT,TBL,1,0.453665,0.546335,TBL,0
logistic_engineered,20222023,20232024,20232024,2023021218,2024-04-06,BOS,FLA,1,0.52462,0.47538,BOS,1
logistic_engineered,20222023,20232024,20232024,2023021219,2024-04-06,MIN,WPG,0,0.448933,0.551067,WPG,1
logistic_engineered,20222023,20232024,20232024,2023021220,2024-04-06,CHI,DAL,1,0.302539,0.697461,DAL,0
logistic_engineered,20222023,20232024,20232024,2023021221,2024-04-06,SJS,STL,1,0.434034,0.565966,STL,0
logistic_engineered,20222023,20232024,20232024,2023021222,2024-04-06,CBJ,PHI,1,0.547082,0.452918,CBJ,1
logistic_engineered,20222023,20232024,20232024,2023021223,2024-04-06,MTL,TOR,0,0.166535,0.833465,TOR,1
logistic_engineered,20222023,20232024,20232024,2023021224,2024-04-06,OTT,NJD,0,0.224013,0.775987,NJD,1
logistic_engineered,20222023,20232024,20232024,2023021225,2024-04-06,NYI,NSH,1,0.511632,0.488368,NYI,1
logistic_engineered,20222023,20232024,20232024,2023021226,2024-04-06,CGY,EDM,0,0.479923,0.520077,EDM,1
logistic_engineered,20222023,20232024,20232024,2023021227,2024-04-06,LAK,VAN,1,0.583305,0.416695,LAK,1
logistic_engineered,20222023,20232024,20232024,2023021228,2024-04-07,DET,BUF,1,0.462946,0.537054,BUF,0
logistic_engineered,20222023,20232024,20232024,2023021229,2024-04-07,CHI,MIN,0,0.366965,0.633035,MIN,1
logistic_engineered,20222023,20232024,20232024,2023021230,2024-04-07,CAR,CBJ,1,0.747686,0.252314,CAR,1
logistic_engineered,20222023,20232024,20232024,2023021231,2024-04-07,SJS,UTA,0,0.308379,0.691621,UTA,1
logistic_engineered,20222023,20232024,20232024,2023021232,2024-04-07,WSH,OTT,0,0.564363,0.435637,WSH,0
logistic_engineered,20222023,20232024,20232024,2023021233,2024-04-07,NJD,NSH,0,0.2976,0.7024,NSH,1
logistic_engineered,20222023,20232024,20232024,2023021234,2024-04-07,NYR,MTL,1,0.766762,0.233238,NYR,1
logistic_engineered,20222023,20232024,20232024,2023021235,2024-04-07,ANA,STL,0,0.512887,0.487113,ANA,0
logistic_engineered,20222023,20232024,20232024,2023021236,2024-04-07,COL,DAL,0,0.6004,0.3996,COL,0
logistic_engineered,20222023,20232024,20232024,2023021237,2024-04-08,TOR,PIT,1,0.587996,0.412004,TOR,1
logistic_engineered,20222023,20232024,20232024,2023021238,2024-04-08,VAN,VGK,1,0.416149,0.583851,VGK,0
logistic_engineered,20222023,20232024,20232024,2023021239,2024-04-09,BOS,CAR,0,0.515763,0.484237,BOS,0
logistic_engineered,20222023,20232024,20232024,2023021240,2024-04-09,DET,WSH,0,0.548634,0.451366,DET,0
logistic_engineered,20222023,20232024,20232024,2023021241,2024-04-09,FLA,OTT,1,0.612739,0.387261,FLA,1
logistic_engineered,20222023,20232024,20232024,2023021242,2024-04-09,MTL,PHI,1,0.718907,0.281093,MTL,1
logistic_engineered,20222023,20232024,20232024,2023021243,2024-04-09,NJD,TOR,0,0.512361,0.487639,NJD,0
logistic_engineered,20222023,20232024,20232024,2023021244,2024-04-09,NYI,NYR,1,0.434604,0.565396,NYR,0
logistic_engineered,20222023,20232024,20232024,2023021245,2024-04-09,TBL,CBJ,1,0.696627,0.303373,TBL,1
logistic_engineered,20222023,20232024,20232024,2023021246,2024-04-09,DAL,BUF,1,0.633963,0.366037,DAL,1
logistic_engineered,20222023,20232024,20232024,2023021247,2024-04-09,NSH,WPG,0,0.434609,0.565391,WPG,1
logistic_engineered,20222023,20232024,20232024,2023021248,2024-04-09,COL,MIN,1,0.577826,0.422174,COL,1
logistic_engineered,20222023,20232024,20232024,2023021249,2024-04-09,ANA,LAK,1,0.307764,0.692236,LAK,0
logistic_engineered,20222023,20232024,20232024,2023021250,2024-04-09,SEA,UTA,1,0.581216,0.418784,SEA,1
logistic_engineered,20222023,20232024,20232024,2023021251,2024-04-09,SJS,CGY,0,0.366252,0.633748,CGY,1
logistic_engineered,20222023,20232024,20232024,2023021252,2024-04-10,STL,CHI,1,0.786492,0.213508,STL,1
logistic_engineered,20222023,20232024,20232024,2023021253,2024-04-10,EDM,VGK,1,0.504022,0.495978,EDM,1
logistic_engineered,20222023,20232024,20232024,2023021254,2024-04-10,VAN,UTA,0,0.660614,0.339386,VAN,0
logistic_engineered,20222023,20232024,20232024,2023021255,2024-04-11,BUF,WSH,1,0.557196,0.442804,BUF,1
logistic_engineered,20222023,20232024,20232024,2023021256,2024-04-11,FLA,CBJ,1,0.674672,0.325328,FLA,1
logistic_engineered,20222023,20232024,20232024,2023021257,2024-04-11,NYR,PHI,0,0.696731,0.303269,NYR,0
logistic_engineered,20222023,20232024,20232024,2023021258,2024-04-11,PIT,DET,1,0.584018,0.415982,PIT,1
logistic_engineered,20222023,20232024,20232024,2023021259,2024-04-11,TBL,OTT,0,0.661033,0.338967,TBL,0
logistic_engineered,20222023,20232024,20232024,2023021260,2024-04-11,TOR,NJD,0,0.581564,0.418436,TOR,0
logistic_engineered,20222023,20232024,20232024,2023021261,2024-04-11,NYI,MTL,1,0.634508,0.365492,NYI,1
logistic_engineered,20222023,20232024,20232024,2023021262,2024-04-11,DAL,WPG,0,0.560959,0.439041,DAL,0
logistic_engineered,20222023,20232024,20232024,2023021263,2024-04-11,SEA,SJS,0,0.703994,0.296006,SEA,0
logistic_engineered,20222023,20232024,20232024,2023021264,2024-04-11,LAK,CGY,1,0.58742,0.41258,LAK,1
logistic_engineered,20222023,20232024,20232024,2023021265,2024-04-12,STL,CAR,0,0.411974,0.588026,CAR,1
logistic_engineered,20222023,20232024,20232024,2023021266,2024-04-12,CHI,NSH,0,0.420283,0.579717,NSH,1
logistic_engineered,20222023,20232024,20232024,2023021267,2024-04-12,EDM,UTA,0,0.654396,0.345604,EDM,0
logistic_engineered,20222023,20232024,20232024,2023021268,2024-04-12,ANA,CGY,0,0.554655,0.445345,ANA,0
logistic_engineered,20222023,20232024,20232024,2023021269,2024-04-12,VGK,MIN,1,0.558908,0.441092,VGK,1
logistic_engineered,20222023,20232024,20232024,2023021270,2024-04-13,NYR,NYI,1,0.553531,0.446469,NYR,1
logistic_engineered,20222023,20232024,20232024,2023021271,2024-04-13,DAL,SEA,1,0.591163,0.408837,DAL,1
logistic_engineered,20222023,20232024,20232024,2023021272,2024-04-13,COL,WPG,0,0.302424,0.697576,WPG,1
logistic_engineered,20222023,20232024,20232024,2023021273,2024-04-13,FLA,BUF,1,0.568265,0.431735,FLA,1
logistic_engineered,20222023,20232024,20232024,2023021274,2024-04-13,PHI,NJD,1,0.401422,0.598578,NJD,0
logistic_engineered,20222023,20232024,20232024,2023021275,2024-04-13,WSH,TBL,1,0.364089,0.635911,TBL,0
logistic_engineered,20222023,20232024,20232024,2023021276,2024-04-13,OTT,MTL,1,0.540815,0.459185,OTT,1
logistic_engineered,20222023,20232024,20232024,2023021277,2024-04-13,TOR,DET,0,0.641086,0.358914,TOR,0
logistic_engineered,20222023,20232024,20232024,2023021278,2024-04-13,NSH,CBJ,1,0.307841,0.692159,CBJ,0
logistic_engineered,20222023,20232024,20232024,2023021279,2024-04-13,PIT,BOS,0,0.256953,0.743047,BOS,1
logistic_engineered,20222023,20232024,20232024,2023021280,2024-04-13,EDM,VAN,0,0.497406,0.502594,VAN,1
logistic_engineered,20222023,20232024,20232024,2023021281,2024-04-13,LAK,ANA,1,0.735817,0.264183,LAK,1
logistic_engineered,20222023,20232024,20232024,2023021282,2024-04-13,SJS,MIN,0,0.450033,0.549967,MIN,1
logistic_engineered,20222023,20232024,20232024,2023021283,2024-04-14,STL,SEA,1,0.538335,0.461665,STL,1
logistic_engineered,20222023,20232024,20232024,2023021284,2024-04-14,VGK,COL,1,0.629829,0.370171,VGK,1
logistic_engineered,20222023,20232024,20232024,2023021285,2024-04-14,CHI,CAR,0,0.32985,0.67015,CAR,1
logistic_engineered,20222023,20232024,20232024,2023021286,2024-04-14,CGY,UTA,1,0.75553,0.24447,CGY,1
logistic_engineered,20222023,20232024,20232024,2023021287,2024-04-15,DET,MTL,1,0.556155,0.443845,DET,1
logistic_engineered,20222023,20232024,20232024,2023021288,2024-04-15,NJD,NYI,0,0.498879,0.501121,NYI,1
logistic_engineered,20222023,20232024,20232024,2023021289,2024-04-15,PIT,NSH,1,0.488306,0.511694,NSH,0
logistic_engineered,20222023,20232024,20232024,2023021290,2024-04-15,TBL,BUF,0,0.594025,0.405975,TBL,0
logistic_engineered,20222023,20232024,20232024,2023021291,2024-04-15,WSH,BOS,1,0.375666,0.624334,BOS,0
logistic_engineered,20222023,20232024,20232024,2023021292,2024-04-15,NYR,OTT,1,0.644291,0.355709,NYR,1
logistic_engineered,20222023,20232024,20232024,2023021293,2024-04-15,EDM,SJS,1,0.87232,0.12768,EDM,1
logistic_engineered,20222023,20232024,20232024,2023021294,2024-04-15,LAK,MIN,0,0.579712,0.420288,LAK,0
logistic_engineered,20222023,20232024,20232024,2023021295,2024-04-16,BOS,OTT,0,0.607244,0.392756,BOS,0
logistic_engineered,20222023,20232024,20232024,2023021296,2024-04-16,CBJ,CAR,1,0.389368,0.610632,CAR,0
logistic_engineered,20222023,20232024,20232024,2023021297,2024-04-16,FLA,TOR,1,0.515913,0.484087,FLA,1
logistic_engineered,20222023,20232024,20232024,2023021298,2024-04-16,MTL,DET,0,0.492132,0.507868,DET,1
logistic_engineered,20222023,20232024,20232024,2023021299,2024-04-16,PHI,WSH,0,0.568891,0.431109,PHI,0
logistic_engineered,20222023,20232024,20232024,2023021300,2024-04-16,WPG,SEA,1,0.641494,0.358506,WPG,1
logistic_engineered,20222023,20232024,20232024,2023021301,2024-04-16,VGK,CHI,1,0.721923,0.278077,VGK,1
logistic_engineered,20222023,20232024,20232024,2023021302,2024-04-16,VAN,CGY,1,0.528337,0.471663,VAN,1
logistic_engineered,20222023,20232024,20232024,2023021303,2024-04-17,NYI,PIT,1,0.578096,0.421904,NYI,1
logistic_engineered,20222023,20232024,20232024,2023021304,2024-04-17,TBL,TOR,1,0.769788,0.230212,TBL,1
logistic_engineered,20222023,20232024,20232024,2023021305,2024-04-17,DAL,STL,1,0.655191,0.344809,DAL,1
logistic_engineered,20222023,20232024,20232024,2023021306,2024-04-17,UTA,EDM,1,0.409681,0.590319,EDM,0
logistic_engineered,20222023,20232024,20232024,2023021307,2024-04-18,MIN,SEA,0,0.571347,0.428653,MIN,0
logistic_engineered,20222023,20232024,20232024,2023021308,2024-04-18,WPG,VAN,1,0.6685,0.3315,WPG,1
logistic_engineered,20222023,20232024,20232024,2023021309,2024-04-18,CGY,SJS,1,0.827518,0.172482,CGY,1
logistic_engineered,20222023,20232024,20232024,2023021310,2024-04-18,COL,EDM,1,0.640051,0.359949,COL,1
logistic_engineered,20222023,20232024,20232024,2023021311,2024-04-18,VGK,ANA,0,0.680429,0.319571,VGK,0
logistic_engineered,20222023,20232024,20232024,2023021312,2024-04-18,LAK,CHI,1,0.719886,0.280114,LAK,1
logistic_engineered,20232024,20242025,20242025,2024020001,2024-10-04,BUF,NJD,0,0.55568,0.44432,BUF,0
logistic_engineered,20232024,20242025,20242025,2024020002,2024-10-05,NJD,BUF,1,0.768177,0.231823,NJD,1
logistic_engineered,20232024,20242025,20242025,2024020003,2024-10-08,SEA,STL,0,0.498797,0.501203,STL,1
logistic_engineered,20232024,20242025,20242025,2024020004,2024-10-08,FLA,BOS,1,0.56322,0.43678,FLA,1
logistic_engineered,20232024,20242025,20242025,2024020005,2024-10-08,UTA,CHI,1,0.632595,0.367405,UTA,1
logistic_engineered,20232024,20242025,20242025,2024020006,2024-10-09,MTL,TOR,1,0.518951,0.481049,MTL,1
logistic_engineered,20232024,20242025,20242025,2024020007,2024-10-09,PIT,NYR,0,0.538415,0.461585,PIT,0
logistic_engineered,20232024,20242025,20242025,2024020008,2024-10-09,EDM,WPG,0,0.270214,0.729786,WPG,1
logistic_engineered,20232024,20242025,20242025,2024020009,2024-10-09,VAN,CGY,0,0.577446,0.422554,VAN,0
logistic_engineered,20232024,20242025,20242025,2024020010,2024-10-09,VGK,COL,1,0.499535,0.500465,COL,0
logistic_engineered,20232024,20242025,20242025,2024020011,2024-10-10,BOS,MTL,1,0.451037,0.548963,MTL,0
logistic_engineered,20232024,20242025,20242025,2024020012,2024-10-10,BUF,LAK,0,0.535217,0.464783,BUF,0
logistic_engineered,20232024,20242025,20242025,2024020013,2024-10-10,OTT,FLA,1,0.442119,0.557881,FLA,0
logistic_engineered,20232024,20242025,20242025,2024020014,2024-10-10,DET,PIT,0,0.474206,0.525794,PIT,1
logistic_engineered,20232024,20242025,20242025,2024020015,2024-10-10,NJD,TOR,0,0.809785,0.190215,NJD,0
logistic_engineered,20232024,20242025,20242025,2024020016,2024-10-10,NYI,UTA,0,0.578879,0.421121,NYI,0
logistic_engineered,20232024,20242025,20242025,2024020017,2024-10-10,NSH,DAL,0,0.485789,0.514211,DAL,1
logistic_engineered,20232024,20242025,20242025,2024020018,2024-10-10,MIN,CBJ,1,0.572333,0.427667,MIN,1
logistic_engineered,20232024,20242025,20242025,2024020019,2024-10-10,SJS,STL,0,0.440955,0.559045,STL,1
logistic_engineered,20232024,20242025,20242025,2024020020,2024-10-11,CAR,TBL,0,0.513951,0.486049,CAR,0
logistic_engineered,20232024,20242025,20242025,2024020021,2024-10-11,WPG,CHI,1,0.882475,0.117525,WPG,1
logistic_engineered,20232024,20242025,20242025,2024020022,2024-10-11,VAN,PHI,0,0.592511,0.407489,VAN,0
logistic_engineered,20232024,20242025,20242025,2024020023,2024-10-11,VGK,STL,1,0.687072,0.312928,VGK,1
logistic_engineered,20232024,20242025,20242025,2024020024,2024-10-12,BOS,LAK,1,0.425508,0.574492,LAK,0
logistic_engineered,20232024,20242025,20242025,2024020025,2024-10-12,BUF,FLA,1,0.343292,0.656708,FLA,0
logistic_engineered,20232024,20242025,20242025,2024020026,2024-10-12,TOR,PIT,1,0.579251,0.420749,TOR,1
logistic_engineered,20232024,20242025,20242025,2024020027,2024-10-12,MTL,OTT,1,0.400777,0.599223,OTT,0
logistic_engineered,20232024,20242025,20242025,2024020028,2024-10-12,DET,NSH,1,0.463718,0.536282,NSH,0
logistic_engineered,20232024,20242025,20242025,2024020030,2024-10-12,NYR,UTA,0,0.698721,0.301279,NYR,0
logistic_engineered,20232024,20242025,20242025,2024020031,2024-10-12,WSH,NJD,0,0.5031,0.4969,WSH,0
logistic_engineered,20232024,20242025,20242025,2024020032,2024-10-12,DAL,NYI,1,0.719177,0.280823,DAL,1
logistic_engineered,20232024,20242025,20242025,2024020033,2024-10-12,MIN,SEA,0,0.711177,0.288823,MIN,0
logistic_engineered,20232024,20242025,20242025,2024020034,2024-10-12,COL,CBJ,0,0.262133,0.737867,CBJ,1
logistic_engineered,20232024,20242025,20242025,2024020035,2024-10-12,CGY,PHI,1,0.611599,0.388401,CGY,1
logistic_engineered,20232024,20242025,20242025,2024020036,2024-10-12,EDM,CHI,0,0.596302,0.403698,EDM,0
logistic_engineered,20232024,20242025,20242025,2024020037,2024-10-12,SJS,ANA,0,0.487076,0.512924,ANA,1
logistic_engineered,20232024,20242025,20242025,2024020038,2024-10-13,WPG,MIN,1,0.777422,0.222578,WPG,1
logistic_engineered,20232024,20242025,20242025,2024020039,2024-10-13,DAL,SEA,1,0.693587,0.306413,DAL,1
logistic_engineered,20232024,20242025,20242025,2024020040,2024-10-13,EDM,CGY,0,0.227962,0.772038,CGY,1
logistic_engineered,20232024,20242025,20242025,2024020041,2024-10-13,VGK,ANA,1,0.709477,0.290523,VGK,1
logistic_engineered,20232024,20242025,20242025,2024020042,2024-10-14,BOS,FLA,0,0.61282,0.38718,BOS,0
logistic_engineered,20232024,20242025,20242025,2024020043,2024-10-14,OTT,LAK,1,0.232836,0.767164,LAK,0
logistic_engineered,20232024,20242025,20242025,2024020044,2024-10-14,NJD,UTA,1,0.461112,0.538888,UTA,0
logistic_engineered,20232024,20242025,20242025,2024020045,2024-10-14,NYR,DET,1,0.635954,0.364046,NYR,1
logistic_engineered,20232024,20242025,20242025,2024020046,2024-10-14,MTL,PIT,0,0.601134,0.398866,MTL,0
logistic_engineered,20232024,20242025,20242025,2024020047,2024-10-14,COL,NYI,0,0.51141,0.48859,COL,0
logistic_engineered,20232024,20242025,20242025,2024020048,2024-10-15,TBL,VAN,1,0.73181,0.26819,TBL,1
logistic_engineered,20232024,20242025,20242025,2024020049,2024-10-15,WSH,VGK,1,0.250387,0.749613,VGK,0
logistic_engineered,20232024,20242025,20242025,2024020050,2024-10-15,CAR,NJD,1,0.364162,0.635838,NJD,0
logistic_engineered,20232024,20242025,20242025,2024020051,2024-10-15,CBJ,FLA,0,0.535889,0.464111,CBJ,0
logistic_engineered,20232024,20242025,20242025,2024020052,2024-10-15,STL,MIN,0,0.617589,0.382411,STL,0
logistic_engineered,20232024,20242025,20242025,2024020053,2024-10-15,NSH,SEA,0,0.482881,0.517119,SEA,1
logistic_engineered,20232024,20242025,20242025,2024020054,2024-10-15,DAL,SJS,1,0.843157,0.156843,DAL,1
logistic_engineered,20232024,20242025,20242025,2024020055,2024-10-15,CGY,CHI,1,0.753114,0.246886,CGY,1
logistic_engineered,20232024,20242025,20242025,2024020056,2024-10-15,EDM,PHI,1,0.446348,0.553652,PHI,0
logistic_engineered,20232024,20242025,20242025,2024020057,2024-10-16,PIT,BUF,1,0.296706,0.703294,BUF,0
logistic_engineered,20232024,20242025,20242025,2024020058,2024-10-16,TOR,LAK,1,0.843096,0.156904,TOR,1
logistic_engineered,20232024,20242025,20242025,2024020059,2024-10-16,COL,BOS,0,0.391339,0.608661,BOS,1
logistic_engineered,20232024,20242025,20242025,2024020060,2024-10-16,ANA,UTA,1,0.42686,0.57314,UTA,0
logistic_engineered,20232024,20242025,20242025,2024020061,2024-10-17,MTL,LAK,0,0.628274,0.371726,MTL,0
logistic_engineered,20232024,20242025,20242025,2024020062,2024-10-17,OTT,NJD,0,0.513054,0.486946,OTT,0
logistic_engineered,20232024,20242025,20242025,2024020063,2024-10-17,DET,NYR,0,0.127633,0.872367,NYR,1
logistic_engineered,20232024,20242025,20242025,2024020064,2024-10-17,TBL,VGK,1,0.640201,0.359799,TBL,1
logistic_engineered,20232024,20242025,20242025,2024020065,2024-10-17,FLA,VAN,0,0.671064,0.328936,FLA,0
logistic_engineered,20232024,20242025,20242025,2024020066,2024-10-17,WSH,DAL,1,0.314649,0.685351,DAL,0
logistic_engineered,20232024,20242025,20242025,2024020067,2024-10-17,CBJ,BUF,1,0.6044,0.3956,CBJ,1
logistic_engineered,20232024,20242025,20242025,2024020068,2024-10-17,STL,NYI,1,0.509995,0.490005,STL,1
logistic_engineered,20232024,20242025,20242025,2024020069,2024-10-17,NSH,EDM,0,0.491683,0.508317,EDM,1
logistic_engineered,20232024,20242025,20242025,2024020070,2024-10-17,CHI,SJS,1,0.606901,0.393099,CHI,1
logistic_engineered,20232024,20242025,20242025,2024020071,2024-10-17,SEA,PHI,1,0.795894,0.204106,SEA,1
logistic_engineered,20232024,20242025,20242025,2024020072,2024-10-18,PIT,CAR,0,0.514524,0.485476,PIT,0
logistic_engineered,20232024,20242025,20242025,2024020073,2024-10-18,WPG,SJS,1,0.962467,0.037533,WPG,1
logistic_engineered,20232024,20242025,20242025,2024020074,2024-10-18,COL,ANA,1,0.442862,0.557138,ANA,0
logistic_engineered,20232024,20242025,20242025,2024020075,2024-10-19,OTT,TBL,1,0.321804,0.678196,TBL,0
logistic_engineered,20232024,20242025,20242025,2024020076,2024-10-19,NSH,DET,0,0.490457,0.509543,DET,1
logistic_engineered,20232024,20242025,20242025,2024020077,2024-10-19,DAL,EDM,1,0.639316,0.360684,DAL,1
logistic_engineered,20232024,20242025,20242025,2024020078,2024-10-19,FLA,VGK,1,0.768599,0.231401,FLA,1
logistic_engineered,20232024,20242025,20242025,2024020079,2024-10-19,TOR,NYR,0,0.467836,0.532164,NYR,1
logistic_engineered,20232024,20242025,20242025,2024020080,2024-10-19,NJD,WSH,0,0.577382,0.422618,NJD,0
logistic_engineered,20232024,20242025,20242025,2024020081,2024-10-19,NYI,MTL,1,0.596077,0.403923,NYI,1
logistic_engineered,20232024,20242025,20242025,2024020082,2024-10-19,PHI,VAN,0,0.447436,0.552564,VAN,1
logistic_engineered,20232024,20242025,20242025,2024020083,2024-10-19,CBJ,MIN,0,0.480981,0.519019,MIN,1
logistic_engineered,20232024,20242025,20242025,2024020084,2024-10-19,STL,CAR,1,0.511947,0.488053,STL,1
logistic_engineered,20232024,20242025,20242025,2024020085,2024-10-19,CHI,BUF,0,0.543889,0.456111,CHI,0
logistic_engineered,20232024,20242025,20242025,2024020086,2024-10-19,UTA,BOS,1,0.489725,0.510275,BOS,0
logistic_engineered,20232024,20242025,20242025,2024020087,2024-10-19,SEA,CGY,1,0.389293,0.610707,CGY,0
logistic_engineered,20232024,20242025,20242025,2024020088,2024-10-20,WPG,PIT,1,0.756705,0.243295,WPG,1
logistic_engineered,20232024,20242025,20242025,2024020089,2024-10-20,SJS,COL,0,0.36309,0.63691,COL,1
logistic_engineered,20232024,20242025,20242025,2024020090,2024-10-20,ANA,LAK,0,0.479238,0.520762,LAK,1
logistic_engineered,20232024,20242025,20242025,2024020091,2024-10-21,TOR,TBL,1,0.722589,0.277411,TOR,1
logistic_engineered,20232024,20242025,20242025,2024020092,2024-10-22,PHI,WSH,0,0.375627,0.624373,WSH,1
logistic_engineered,20232024,20242025,20242025,2024020093,2024-10-22,FLA,MIN,0,0.279912,0.720088,MIN,1
logistic_engineered,20232024,20242025,20242025,2024020094,2024-10-22,NJD,TBL,0,0.595658,0.404342,NJD,0
logistic_engineered,20232024,20242025,20242025,2024020095,2024-10-22,BUF,DAL,1,0.344567,0.655433,DAL,0
logistic_engineered,20232024,20242025,20242025,2024020096,2024-10-22,MTL,NYR,0,0.101098,0.898902,NYR,1
logistic_engineered,20232024,20242025,20242025,2024020097,2024-10-22,CBJ,TOR,1,0.43461,0.56539,TOR,0
logistic_engineered,20232024,20242025,20242025,2024020098,2024-10-22,NYI,DET,0,0.544295,0.455705,NYI,0
logistic_engineered,20232024,20242025,20242025,2024020099,2024-10-22,STL,WPG,0,0.32818,0.67182,WPG,1
logistic_engineered,20232024,20242025,20242025,2024020100,2024-10-22,CHI,VAN,0,0.393578,0.606422,VAN,1
logistic_engineered,20232024,20242025,20242025,2024020101,2024-10-22,NSH,BOS,1,0.40915,0.59085,BOS,0
logistic_engineered,20232024,20242025,20242025,2024020102,2024-10-22,CGY,PIT,1,0.664833,0.335167,CGY,1
logistic_engineered,20232024,20242025,20242025,2024020103,2024-10-22,EDM,CAR,0,0.452117,0.547883,CAR,1
logistic_engineered,20232024,20242025,20242025,2024020104,2024-10-22,UTA,OTT,0,0.318841,0.681159,OTT,1
logistic_engineered,20232024,20242025,20242025,2024020105,2024-10-22,ANA,SJS,1,0.691875,0.308125,ANA,1
logistic_engineered,20232024,20242025,20242025,2024020106,2024-10-22,SEA,COL,0,0.581327,0.418673,SEA,0
logistic_engineered,20232024,20242025,20242025,2024020107,2024-10-22,VGK,LAK,1,0.547756,0.452244,VGK,1
logistic_engineered,20232024,20242025,20242025,2024020108,2024-10-23,WSH,PHI,1,0.664988,0.335012,WSH,1
logistic_engineered,20232024,20242025,20242025,2024020109,2024-10-24,BOS,DAL,0,0.398446,0.601554,DAL,1
logistic_engineered,20232024,20242025,20242025,2024020110,2024-10-24,TOR,STL,0,0.596109,0.403891,TOR,0
logistic_engineered,20232024,20242025,20242025,2024020111,2024-10-24,DET,NJD,1,0.498288,0.501712,NJD,0
logistic_engineered,20232024,20242025,20242025,2024020112,2024-10-24,TBL,MIN,0,0.555522,0.444478,TBL,0
logistic_engineered,20232024,20242025,20242025,2024020113,2024-10-24,NYR,FLA,0,0.665968,0.334032,NYR,0
logistic_engineered,20232024,20242025,20242025,2024020114,2024-10-24,CGY,CAR,0,0.562609,0.437391,CGY,0
logistic_engineered,20232024,20242025,20242025,2024020115,2024-10-24,UTA,COL,0,0.519606,0.480394,UTA,0
logistic_engineered,20232024,20242025,20242025,2024020116,2024-10-24,SEA,WPG,0,0.321435,0.678565,WPG,1
logistic_engineered,20232024,20242025,20242025,2024020117,2024-10-24,LAK,SJS,1,0.749167,0.250833,LAK,1
logistic_engineered,20232024,20242025,20242025,2024020118,2024-10-25,VGK,OTT,1,0.601739,0.398261,VGK,1
logistic_engineered,20232024,20242025,20242025,2024020119,2024-10-25,NJD,NYI,0,0.445148,0.554852,NYI,1
logistic_engineered,20232024,20242025,20242025,2024020120,2024-10-25,CHI,NSH,0,0.456402,0.543598,NSH,1
logistic_engineered,20232024,20242025,20242025,2024020121,2024-10-25,EDM,PIT,1,0.54724,0.45276,EDM,1
logistic_engineered,20232024,20242025,20242025,2024020122,2024-10-26,BUF,DET,1,0.504312,0.495688,BUF,1
logistic_engineered,20232024,20242025,20242025,2024020123,2024-10-26,PHI,MIN,1,0.311091,0.688909,MIN,0
logistic_engineered,20232024,20242025,20242025,2024020124,2024-10-26,LAK,UTA,1,0.553669,0.446331,LAK,1
logistic_engineered,20232024,20242025,20242025,2024020125,2024-10-26,BOS,TOR,1,0.478207,0.521793,TOR,0
logistic_engineered,20232024,20242025,20242025,2024020126,2024-10-26,MTL,STL,1,0.398707,0.601293,STL,0
logistic_engineered,20232024,20242025,20242025,2024020127,2024-10-26,TBL,WSH,1,0.53486,0.46514,TBL,1
logistic_engineered,20232024,20242025,20242025,2024020128,2024-10-26,NYR,ANA,1,0.749739,0.250261,NYR,1
logistic_engineered,20232024,20242025,20242025,2024020129,2024-10-26,CGY,WPG,0,0.369196,0.630804,WPG,1
logistic_engineered,20232024,20242025,20242025,2024020130,2024-10-26,NYI,FLA,0,0.379539,0.620461,FLA,1
logistic_engineered,20232024,20242025,20242025,2024020131,2024-10-26,NSH,CBJ,1,0.404831,0.595169,CBJ,0
logistic_engineered,20232024,20242025,20242025,2024020132,2024-10-26,DAL,CHI,1,0.837116,0.162884,DAL,1
logistic_engineered,20232024,20242025,20242025,2024020133,2024-10-26,VAN,PIT,1,0.69401,0.30599,VAN,1
logistic_engineered,20232024,20242025,20242025,2024020134,2024-10-26,VGK,SJS,1,0.77199,0.22801,VGK,1
logistic_engineered,20232024,20242025,20242025,2024020135,2024-10-26,SEA,CAR,0,0.435292,0.564708,CAR,1
logistic_engineered,20232024,20242025,20242025,2024020136,2024-10-27,DET,EDM,0,0.419446,0.580554,EDM,1
logistic_engineered,20232024,20242025,20242025,2024020137,2024-10-27,NJD,ANA,1,0.673135,0.326865,NJD,1
logistic_engineered,20232024,20242025,20242025,2024020138,2024-10-27,PHI,MTL,0,0.515035,0.484965,PHI,0
logistic_engineered,20232024,20242025,20242025,2024020139,2024-10-27,COL,OTT,1,0.797349,0.202651,COL,1
logistic_engineered,20232024,20242025,20242025,2024020140,2024-10-28,BUF,FLA,0,0.436888,0.563112,FLA,1
logistic_engineered,20232024,20242025,20242025,2024020141,2024-10-28,TBL,NSH,1,0.638139,0.361861,TBL,1
logistic_engineered,20232024,20242025,20242025,2024020142,2024-10-28,CBJ,EDM,1,0.551106,0.448894,CBJ,1
logistic_engineered,20232024,20242025,20242025,2024020143,2024-10-28,WPG,TOR,0,0.731346,0.268654,WPG,0
logistic_engineered,20232024,20242025,20242025,2024020144,2024-10-28,COL,CHI,0,0.665769,0.334231,COL,0
logistic_engineered,20232024,20242025,20242025,2024020145,2024-10-28,UTA,SJS,0,0.753081,0.246919,UTA,0
logistic_engineered,20232024,20242025,20242025,2024020146,2024-10-28,VAN,CAR,0,0.453873,0.546127,CAR,1
logistic_engineered,20232024,20242025,20242025,2024020147,2024-10-28,VGK,CGY,1,0.611586,0.388414,VGK,1
logistic_engineered,20232024,20242025,20242025,2024020148,2024-10-29,BOS,PHI,0,0.644253,0.355747,BOS,0
logistic_engineered,20232024,20242025,20242025,2024020149,2024-10-29,MTL,SEA,0,0.242265,0.757735,SEA,1
logistic_engineered,20232024,20242025,20242025,2024020150,2024-10-29,OTT,STL,1,0.74703,0.25297,OTT,1
logistic_engineered,20232024,20242025,20242025,2024020151,2024-10-29,WSH,NYR,1,0.387557,0.612443,NYR,0
logistic_engineered,20232024,20242025,20242025,2024020152,2024-10-29,NYI,ANA,0,0.632583,0.367417,NYI,0
logistic_engineered,20232024,20242025,20242025,2024020153,2024-10-29,PIT,MIN,0,0.389461,0.610539,MIN,1
logistic_engineered,20232024,20242025,20242025,2024020154,2024-10-29,SJS,LAK,1,0.235234,0.764766,LAK,0
logistic_engineered,20232024,20242025,20242025,2024020155,2024-10-30,CBJ,NYI,1,0.626152,0.373848,CBJ,1
logistic_engineered,20232024,20242025,20242025,2024020156,2024-10-30,DET,WPG,0,0.317234,0.682766,WPG,1
logistic_engineered,20232024,20242025,20242025,2024020157,2024-10-30,COL,TBL,0,0.437039,0.562961,TBL,1
logistic_engineered,20232024,20242025,20242025,2024020158,2024-10-30,UTA,CGY,1,0.494338,0.505662,CGY,0
logistic_engineered,20232024,20242025,20242025,2024020159,2024-10-30,VAN,NJD,0,0.556382,0.443618,VAN,0
logistic_engineered,20232024,20242025,20242025,2024020160,2024-10-30,LAK,VGK,1,0.336495,0.663505,VGK,0
logistic_engineered,20232024,20242025,20242025,2024020161,2024-10-31,TOR,SEA,1,0.566146,0.433854,TOR,1
logistic_engineered,20232024,20242025,20242025,2024020162,2024-10-31,PHI,STL,1,0.46052,0.53948,STL,0
logistic_engineered,20232024,20242025,20242025,2024020163,2024-10-31,PIT,ANA,1,0.561233,0.438767,PIT,1
logistic_engineered,20232024,20242025,20242025,2024020164,2024-10-31,WSH,MTL,1,0.678194,0.321806,WSH,1
logistic_engineered,20232024,20242025,20242025,2024020165,2024-10-31,CAR,BOS,1,0.849383,0.150617,CAR,1
logistic_engineered,20232024,20242025,20242025,2024020166,2024-10-31,NSH,EDM,0,0.522992,0.477008,NSH,0
logistic_engineered,20232024,20242025,20242025,2024020167,2024-10-31,SJS,CHI,1,0.477396,0.522604,CHI,0
logistic_engineered,20232024,20242025,20242025,2024020168,2024-11-01,DAL,FLA,0,0.568037,0.431963,DAL,0
logistic_engineered,20232024,20242025,20242025,2024020169,2024-11-01,BUF,NYI,0,0.577992,0.422008,BUF,0
logistic_engineered,20232024,20242025,20242025,2024020170,2024-11-01,NYR,OTT,1,0.65209,0.34791,NYR,1
logistic_engineered,20232024,20242025,20242025,2024020171,2024-11-01,CBJ,WPG,0,0.330508,0.669492,WPG,1
logistic_engineered,20232024,20242025,20242025,2024020172,2024-11-01,MIN,TBL,1,0.478164,0.521836,TBL,0
logistic_engineered,20232024,20242025,20242025,2024020173,2024-11-01,CGY,NJD,1,0.475831,0.524169,NJD,0
logistic_engineered,20232024,20242025,20242025,2024020174,2024-11-02,FLA,DAL,1,0.47954,0.52046,DAL,0
logistic_engineered,20232024,20242025,20242025,2024020175,2024-11-02,PHI,BOS,0,0.244671,0.755329,BOS,1
logistic_engineered,20232024,20242025,20242025,2024020176,2024-11-02,LAK,CHI,0,0.711338,0.288662,LAK,0
logistic_engineered,20232024,20242025,20242025,2024020177,2024-11-02,WSH,CBJ,1,0.695691,0.304309,WSH,1
logistic_engineered,20232024,20242025,20242025,2024020178,2024-11-02,OTT,SEA,1,0.451989,0.548011,SEA,0
logistic_engineered,20232024,20242025,20242025,2024020179,2024-11-02,DET,BUF,1,0.586321,0.413679,DET,1
logistic_engineered,20232024,20242025,20242025,2024020180,2024-11-02,PIT,MTL,1,0.57676,0.42324,PIT,1
logistic_engineered,20232024,20242025,20242025,2024020181,2024-11-02,STL,TOR,1,0.450135,0.549865,TOR,0
logistic_engineered,20232024,20242025,20242025,2024020182,2024-11-02,NSH,COL,1,0.474862,0.525138,COL,0
logistic_engineered,20232024,20242025,20242025,2024020183,2024-11-02,VGK,UTA,1,0.666223,0.333777,VGK,1
logistic_engineered,20232024,20242025,20242025,2024020184,2024-11-02,SJS,VAN,0,0.351745,0.648255,VAN,1
logistic_engineered,20232024,20242025,20242025,2024020185,2024-11-03,NYR,NYI,1,0.705004,0.294996,NYR,1
logistic_engineered,20232024,20242025,20242025,2024020186,2024-11-03,WPG,TBL,1,0.645808,0.354192,WPG,1
logistic_engineered,20232024,20242025,20242025,2024020187,2024-11-03,BOS,SEA,1,0.493688,0.506312,SEA,0
logistic_engineered,20232024,20242025,20242025,2024020188,2024-11-03,CAR,WSH,1,0.660826,0.339174,CAR,1
logistic_engineered,20232024,20242025,20242025,2024020189,2024-11-03,MIN,TOR,1,0.640779,0.359221,MIN,1
logistic_engineered,20232024,20242025,20242025,2024020190,2024-11-03,CGY,EDM,0,0.505113,0.494887,CGY,0
logistic_engineered,20232024,20242025,20242025,2024020191,2024-11-03,ANA,CHI,0,0.635767,0.364233,ANA,0
logistic_engineered,20232024,20242025,20242025,2024020192,2024-11-04,NSH,LAK,0,0.472139,0.527861,LAK,1
logistic_engineered,20232024,20242025,20242025,2024020193,2024-11-04,EDM,NJD,0,0.412872,0.587128,NJD,1
logistic_engineered,20232024,20242025,20242025,2024020194,2024-11-05,BUF,OTT,1,0.484535,0.515465,OTT,0
logistic_engineered,20232024,20242025,20242025,2024020195,2024-11-05,TOR,BOS,1,0.5572,0.4428,TOR,1
logistic_engineered,20232024,20242025,20242025,2024020196,2024-11-05,MTL,CGY,0,0.467056,0.532944,CGY,1
logistic_engineered,20232024,20242025,20242025,2024020197,2024-11-05,CAR,PHI,1,0.733476,0.266524,CAR,1
logistic_engineered,20232024,20242025,20242025,2024020198,2024-11-05,NYI,PIT,1,0.544404,0.455596,NYI,1
logistic_engineered,20232024,20242025,20242025,2024020199,2024-11-05,STL,TBL,1,0.45704,0.54296,TBL,0
logistic_engineered,20232024,20242025,20242025,2024020200,2024-11-05,MIN,LAK,0,0.640822,0.359178,MIN,0
logistic_engineered,20232024,20242025,20242025,2024020201,2024-11-05,WPG,UTA,1,0.762516,0.237484,WPG,1
logistic_engineered,20232024,20242025,20242025,2024020202,2024-11-05,COL,SEA,1,0.538931,0.461069,COL,1
logistic_engineered,20232024,20242025,20242025,2024020203,2024-11-05,ANA,VAN,0,0.380938,0.619062,VAN,1
logistic_engineered,20232024,20242025,20242025,2024020204,2024-11-05,SJS,CBJ,1,0.449779,0.550221,CBJ,0
logistic_engineered,20232024,20242025,20242025,2024020205,2024-11-06,WSH,NSH,1,0.635413,0.364587,WSH,1
logistic_engineered,20232024,20242025,20242025,2024020206,2024-11-06,CHI,DET,0,0.443337,0.556663,DET,1
logistic_engineered,20232024,20242025,20242025,2024020207,2024-11-06,EDM,VGK,0,0.427048,0.572952,VGK,1
logistic_engineered,20232024,20242025,20242025,2024020208,2024-11-07,BOS,CGY,1,0.512828,0.487172,BOS,1
logistic_engineered,20232024,20242025,20242025,2024020209,2024-11-07,OTT,NYI,0,0.567281,0.432719,OTT,0
logistic_engineered,20232024,20242025,20242025,2024020210,2024-11-07,TBL,PHI,0,0.640103,0.359897,TBL,0
logistic_engineered,20232024,20242025,20242025,2024020211,2024-11-07,FLA,NSH,1,0.746906,0.253094,FLA,1
logistic_engineered,20232024,20242025,20242025,2024020212,2024-11-07,NJD,MTL,1,0.67104,0.32896,NJD,1
logistic_engineered,20232024,20242025,20242025,2024020213,2024-11-07,NYR,BUF,0,0.421384,0.578616,BUF,1
logistic_engineered,20232024,20242025,20242025,2024020214,2024-11-07,CAR,PIT,1,0.733397,0.266603,CAR,1
logistic_engineered,20232024,20242025,20242025,2024020215,2024-11-07,STL,UTA,0,0.560804,0.439196,STL,0
logistic_engineered,20232024,20242025,20242025,2024020216,2024-11-07,DAL,CHI,1,0.800989,0.199011,DAL,1
logistic_engineered,20232024,20242025,20242025,2024020217,2024-11-07,WPG,COL,1,0.686393,0.313607,WPG,1
logistic_engineered,20232024,20242025,20242025,2024020218,2024-11-07,LAK,VAN,0,0.533646,0.466354,LAK,0
logistic_engineered,20232024,20242025,20242025,2024020219,2024-11-07,SJS,MIN,0,0.337461,0.662539,MIN,1
logistic_engineered,20232024,20242025,20242025,2024020220,2024-11-08,TOR,DET,1,0.571955,0.428045,TOR,1
logistic_engineered,20232024,20242025,20242025,2024020221,2024-11-08,WSH,PIT,0,0.747428,0.252572,WSH,0
logistic_engineered,20232024,20242025,20242025,2024020222,2024-11-08,ANA,MIN,0,0.39803,0.60197,MIN,1
logistic_engineered,20232024,20242025,20242025,2024020223,2024-11-08,SEA,VGK,1,0.398025,0.601975,VGK,0
logistic_engineered,20232024,20242025,20242025,2024020224,2024-11-09,BUF,CGY,1,0.580549,0.419451,BUF,1
logistic_engineered,20232024,20242025,20242025,2024020225,2024-11-09,FLA,PHI,1,0.7281,0.2719,FLA,1
logistic_engineered,20232024,20242025,20242025,2024020226,2024-11-09,BOS,OTT,0,0.539481,0.460519,BOS,0
logistic_engineered,20232024,20242025,20242025,2024020227,2024-11-09,TOR,MTL,1,0.608646,0.391354,TOR,1
logistic_engineered,20232024,20242025,20242025,2024020228,2024-11-09,DET,NYR,0,0.299806,0.700194,NYR,1
logistic_engineered,20232024,20242025,20242025,2024020229,2024-11-09,STL,WSH,0,0.512367,0.487633,STL,0
logistic_engineered,20232024,20242025,20242025,2024020230,2024-11-09,WPG,DAL,1,0.817934,0.182066,WPG,1
logistic_engineered,20232024,20242025,20242025,2024020231,2024-11-09,NYI,NJD,0,0.467095,0.532905,NJD,1
logistic_engineered,20232024,20242025,20242025,2024020232,2024-11-09,NSH,UTA,1,0.536996,0.463004,NSH,1
logistic_engineered,20232024,20242025,20242025,2024020233,2024-11-09,COL,CAR,1,0.355479,0.644521,CAR,0
logistic_engineered,20232024,20242025,20242025,2024020234,2024-11-09,LAK,CBJ,1,0.687919,0.312081,LAK,1
logistic_engineered,20232024,20242025,20242025,2024020235,2024-11-09,VAN,EDM,0,0.282232,0.717768,EDM,1
logistic_engineered,20232024,20242025,20242025,2024020236,2024-11-10,NJD,SJS,0,0.646914,0.353086,NJD,0
logistic_engineered,20232024,20242025,20242025,2024020237,2024-11-10,CHI,MIN,1,0.319473,0.680527,MIN,0
logistic_engineered,20232024,20242025,20242025,2024020238,2024-11-10,ANA,CBJ,1,0.570472,0.429528,ANA,1
logistic_engineered,20232024,20242025,20242025,2024020239,2024-11-11,BUF,MTL,0,0.666074,0.333926,BUF,0
logistic_engineered,20232024,20242025,20242025,2024020240,2024-11-11,PHI,SJS,1,0.693741,0.306259,PHI,1
logistic_engineered,20232024,20242025,20242025,2024020241,2024-11-11,PIT,DAL,0,0.159177,0.840823,DAL,1
logistic_engineered,20232024,20242025,20242025,2024020242,2024-11-11,CGY,LAK,1,0.458757,0.541243,LAK,0
logistic_engineered,20232024,20242025,20242025,2024020243,2024-11-11,COL,NSH,1,0.573936,0.426064,COL,1
logistic_engineered,20232024,20242025,20242025,2024020244,2024-11-11,VGK,CAR,0,0.22321,0.77679,CAR,1
logistic_engineered,20232024,20242025,20242025,2024020245,2024-11-12,TOR,OTT,0,0.607613,0.392387,TOR,0
logistic_engineered,20232024,20242025,20242025,2024020246,2024-11-12,FLA,NJD,0,0.632521,0.367479,FLA,0
logistic_engineered,20232024,20242025,20242025,2024020247,2024-11-12,NYR,WPG,0,0.439849,0.560151,WPG,1
logistic_engineered,20232024,20242025,20242025,2024020248,2024-11-12,STL,BOS,0,0.49308,0.50692,BOS,1
logistic_engineered,20232024,20242025,20242025,2024020249,2024-11-12,EDM,NYI,1,0.568716,0.431284,EDM,1
logistic_engineered,20232024,20242025,20242025,2024020250,2024-11-12,VAN,CGY,1,0.668289,0.331711,VAN,1
logistic_engineered,20232024,20242025,20242025,2024020251,2024-11-12,SEA,CBJ,1,0.620381,0.379619,SEA,1
logistic_engineered,20232024,20242025,20242025,2024020252,2024-11-13,PIT,DET,0,0.479199,0.520801,DET,1
logistic_engineered,20232024,20242025,20242025,2024020253,2024-11-13,WSH,TOR,0,0.652499,0.347501,WSH,0
logistic_engineered,20232024,20242025,20242025,2024020254,2024-11-13,UTA,CAR,1,0.595709,0.404291,UTA,1
logistic_engineered,20232024,20242025,20242025,2024020255,2024-11-13,COL,LAK,1,0.738726,0.261274,COL,1
logistic_engineered,20232024,20242025,20242025,2024020256,2024-11-13,ANA,VGK,0,0.347547,0.652453,VGK,1
logistic_engineered,20232024,20242025,20242025,2024020257,2024-11-14,BUF,STL,1,0.602286,0.397714,BUF,1
logistic_engineered,20232024,20242025,20242025,2024020258,2024-11-14,OTT,PHI,0,0.583652,0.416348,OTT,0
logistic_engineered,20232024,20242025,20242025,2024020259,2024-11-14,TBL,WPG,1,0.359421,0.640579,WPG,0
logistic_engineered,20232024,20242025,20242025,2024020260,2024-11-14,FLA,NJD,0,0.58767,0.41233,FLA,0
logistic_engineered,20232024,20242025,20242025,2024020261,2024-11-14,NYR,SJS,1,0.780976,0.219024,NYR,1
logistic_engineered,20232024,20242025,20242025,2024020262,2024-11-14,DAL,BOS,1,0.656464,0.343536,DAL,1
logistic_engineered,20232024,20242025,20242025,2024020263,2024-11-14,MIN,MTL,1,0.710931,0.289069,MIN,1
logistic_engineered,20232024,20242025,20242025,2024020264,2024-11-14,EDM,NSH,1,0.574524,0.425476,EDM,1
logistic_engineered,20232024,20242025,20242025,2024020265,2024-11-14,VAN,NYI,0,0.603005,0.396995,VAN,0
logistic_engineered,20232024,20242025,20242025,2024020266,2024-11-14,SEA,CHI,1,0.614354,0.385646,SEA,1
logistic_engineered,20232024,20242025,20242025,2024020267,2024-11-15,CBJ,PIT,1,0.472298,0.527702,PIT,0
logistic_engineered,20232024,20242025,20242025,2024020268,2024-11-15,COL,WSH,0,0.263943,0.736057,WSH,1
logistic_engineered,20232024,20242025,20242025,2024020269,2024-11-15,CGY,NSH,1,0.642403,0.357597,CGY,1
logistic_engineered,20232024,20242025,20242025,2024020270,2024-11-15,UTA,VGK,0,0.408701,0.591299,VGK,1
logistic_engineered,20232024,20242025,20242025,2024020271,2024-11-15,ANA,DET,1,0.423161,0.576839,DET,0
logistic_engineered,20232024,20242025,20242025,2024020272,2024-11-16,BOS,STL,0,0.566001,0.433999,BOS,0
logistic_engineered,20232024,20242025,20242025,2024020273,2024-11-16,SEA,NYI,1,0.52088,0.47912,SEA,1
logistic_engineered,20232024,20242025,20242025,2024020274,2024-11-16,TOR,EDM,1,0.516087,0.483913,TOR,1
logistic_engineered,20232024,20242025,20242025,2024020275,2024-11-16,MTL,CBJ,1,0.570574,0.429426,MTL,1
logistic_engineered,20232024,20242025,20242025,2024020276,2024-11-16,TBL,NJD,1,0.527378,0.472622,TBL,1
logistic_engineered,20232024,20242025,20242025,2024020277,2024-11-16,FLA,WPG,1,0.439806,0.560194,WPG,0
logistic_engineered,20232024,20242025,20242025,2024020278,2024-11-16,PHI,BUF,1,0.469028,0.530972,BUF,0
logistic_engineered,20232024,20242025,20242025,2024020279,2024-11-16,PIT,SJS,1,0.646594,0.353406,PIT,1
logistic_engineered,20232024,20242025,20242025,2024020280,2024-11-16,CAR,OTT,1,0.688817,0.311183,CAR,1
logistic_engineered,20232024,20242025,20242025,2024020281,2024-11-16,MIN,DAL,0,0.477003,0.522997,DAL,1
logistic_engineered,20232024,20242025,20242025,2024020282,2024-11-16,LAK,DET,1,0.673982,0.326018,LAK,1
logistic_engineered,20232024,20242025,20242025,2024020283,2024-11-16,VAN,CHI,1,0.705065,0.294935,VAN,1
logistic_engineered,20232024,20242025,20242025,2024020284,2024-11-17,CAR,STL,1,0.671638,0.328362,CAR,1
logistic_engineered,20232024,20242025,20242025,2024020285,2024-11-17,VAN,NSH,0,0.543541,0.456459,VAN,0
logistic_engineered,20232024,20242025,20242025,2024020286,2024-11-17,VGK,WSH,0,0.559846,0.440154,VGK,0
logistic_engineered,20232024,20242025,20242025,2024020287,2024-11-17,SEA,NYR,0,0.33838,0.66162,NYR,1
logistic_engineered,20232024,20242025,20242025,2024020288,2024-11-18,BOS,CBJ,0,0.610316,0.389684,BOS,0
logistic_engineered,20232024,20242025,20242025,2024020289,2024-11-18,PHI,COL,0,0.494528,0.505472,COL,1
logistic_engineered,20232024,20242025,20242025,2024020290,2024-11-18,MTL,EDM,1,0.383661,0.616339,EDM,0
logistic_engineered,20232024,20242025,20242025,2024020291,2024-11-18,DAL,ANA,0,0.758332,0.241668,DAL,0
logistic_engineered,20232024,20242025,20242025,2024020292,2024-11-18,UTA,WSH,0,0.218315,0.781685,WSH,1
logistic_engineered,20232024,20242025,20242025,2024020293,2024-11-18,SJS,DET,1,0.407562,0.592438,DET,0
logistic_engineered,20232024,20242025,20242025,2024020294,2024-11-19,OTT,EDM,0,0.556585,0.443415,OTT,0
logistic_engineered,20232024,20242025,20242025,2024020295,2024-11-19,PIT,TBL,0,0.443347,0.556653,TBL,1
logistic_engineered,20232024,20242025,20242025,2024020296,2024-11-19,STL,MIN,0,0.430534,0.569466,MIN,1
logistic_engineered,20232024,20242025,20242025,2024020297,2024-11-19,WPG,FLA,1,0.550692,0.449308,WPG,1
logistic_engineered,20232024,20242025,20242025,2024020298,2024-11-19,CHI,ANA,0,0.56325,0.43675,CHI,0
logistic_engineered,20232024,20242025,20242025,2024020299,2024-11-19,CGY,NYI,1,0.540694,0.459306,CGY,1
logistic_engineered,20232024,20242025,20242025,2024020300,2024-11-19,VAN,NYR,0,0.439455,0.560545,NYR,1
logistic_engineered,20232024,20242025,20242025,2024020301,2024-11-20,TOR,VGK,1,0.557093,0.442907,TOR,1
logistic_engineered,20232024,20242025,20242025,2024020302,2024-11-20,PHI,CAR,0,0.356206,0.643794,CAR,1
logistic_engineered,20232024,20242025,20242025,2024020303,2024-11-20,DAL,SJS,1,0.784743,0.215257,DAL,1
logistic_engineered,20232024,20242025,20242025,2024020304,2024-11-20,SEA,NSH,1,0.553776,0.446224,SEA,1
logistic_engineered,20232024,20242025,20242025,2024020305,2024-11-20,LAK,BUF,0,0.609167,0.390833,LAK,0
logistic_engineered,20232024,20242025,20242025,2024020306,2024-11-21,BOS,UTA,1,0.550718,0.449282,BOS,1
logistic_engineered,20232024,20242025,20242025,2024020307,2024-11-21,OTT,VGK,0,0.530432,0.469568,OTT,0
logistic_engineered,20232024,20242025,20242025,2024020308,2024-11-21,DET,NYI,1,0.508519,0.491481,DET,1
logistic_engineered,20232024,20242025,20242025,2024020309,2024-11-21,NJD,CAR,1,0.474574,0.525426,CAR,0
logistic_engineered,20232024,20242025,20242025,2024020310,2024-11-21,WSH,COL,0,0.580413,0.419587,WSH,0
logistic_engineered,20232024,20242025,20242025,2024020311,2024-11-21,CBJ,TBL,1,0.392168,0.607832,TBL,0
logistic_engineered,20232024,20242025,20242025,2024020312,2024-11-21,STL,SJS,1,0.735805,0.264195,STL,1
logistic_engineered,20232024,20242025,20242025,2024020313,2024-11-21,CHI,FLA,1,0.301474,0.698526,FLA,0
logistic_engineered,20232024,20242025,20242025,2024020314,2024-11-21,CGY,NYR,1,0.380283,0.619717,NYR,0
logistic_engineered,20232024,20242025,20242025,2024020315,2024-11-21,EDM,MIN,0,0.492878,0.507122,MIN,1
logistic_engineered,20232024,20242025,20242025,2024020316,2024-11-22,PIT,WPG,0,0.329473,0.670527,WPG,1
logistic_engineered,20232024,20242025,20242025,2024020317,2024-11-22,ANA,BUF,0,0.481324,0.518676,BUF,1
logistic_engineered,20232024,20242025,20242025,2024020318,2024-11-23,PHI,CHI,1,0.641507,0.358493,PHI,1
logistic_engineered,20232024,20242025,20242025,2024020319,2024-11-23,CGY,MIN,1,0.493271,0.506729,MIN,0
logistic_engineered,20232024,20242025,20242025,2024020320,2024-11-23,LAK,SEA,1,0.584236,0.415764,LAK,1
logistic_engineered,20232024,20242025,20242025,2024020321,2024-11-23,FLA,COL,0,0.5636,0.4364,FLA,0
logistic_engineered,20232024,20242025,20242025,2024020322,2024-11-23,MTL,VGK,0,0.178633,0.821367,VGK,1
logistic_engineered,20232024,20242025,20242025,2024020323,2024-11-23,OTT,VAN,0,0.43135,0.56865,VAN,1
logistic_engineered,20232024,20242025,20242025,2024020324,2024-11-23,DET,BOS,0,0.50781,0.49219,DET,0
logistic_engineered,20232024,20242025,20242025,2024020325,2024-11-23,TBL,DAL,0,0.442927,0.557073,DAL,1
logistic_engineered,20232024,20242025,20242025,2024020326,2024-11-23,PIT,UTA,0,0.449678,0.550322,UTA,1
logistic_engineered,20232024,20242025,20242025,2024020327,2024-11-23,WSH,NJD,0,0.56673,0.43327,WSH,0
logistic_engineered,20232024,20242025,20242025,2024020328,2024-11-23,CBJ,CAR,1,0.611547,0.388453,CBJ,1
logistic_engineered,20232024,20242025,20242025,2024020329,2024-11-23,NSH,WPG,1,0.413324,0.586676,WPG,0
logistic_engineered,20232024,20242025,20242025,2024020330,2024-11-23,NYI,STL,1,0.539757,0.460243,NYI,1
logistic_engineered,20232024,20242025,20242025,2024020331,2024-11-23,SJS,BUF,0,0.441929,0.558071,BUF,1
logistic_engineered,20232024,20242025,20242025,2024020332,2024-11-23,EDM,NYR,1,0.450029,0.549971,NYR,0
logistic_engineered,20232024,20242025,20242025,2024020333,2024-11-24,TOR,UTA,1,0.717425,0.282575,TOR,1
logistic_engineered,20232024,20242025,20242025,2024020334,2024-11-25,TBL,COL,1,0.734622,0.265378,TBL,1
logistic_engineered,20232024,20242025,20242025,2024020335,2024-11-25,FLA,WSH,0,0.519398,0.480602,FLA,0
logistic_engineered,20232024,20242025,20242025,2024020336,2024-11-25,NJD,NSH,1,0.809389,0.190611,NJD,1
logistic_engineered,20232024,20242025,20242025,2024020337,2024-11-25,NYR,STL,0,0.698434,0.301566,NYR,0
logistic_engineered,20232024,20242025,20242025,2024020338,2024-11-25,PHI,VGK,0,0.436085,0.563915,VGK,1
logistic_engineered,20232024,20242025,20242025,2024020339,2024-11-25,CAR,DAL,1,0.533049,0.466951,CAR,1
logistic_engineered,20232024,20242025,20242025,2024020340,2024-11-25,OTT,CGY,1,0.485382,0.514618,CGY,0
logistic_engineered,20232024,20242025,20242025,2024020341,2024-11-25,NYI,DET,0,0.560246,0.439754,NYI,0
logistic_engineered,20232024,20242025,20242025,2024020342,2024-11-25,MIN,WPG,0,0.419646,0.580354,WPG,1
logistic_engineered,20232024,20242025,20242025,2024020343,2024-11-25,ANA,SEA,0,0.480664,0.519336,SEA,1
logistic_engineered,20232024,20242025,20242025,2024020344,2024-11-25,SJS,LAK,1,0.32352,0.67648,LAK,0
logistic_engineered,20232024,20242025,20242025,2024020345,2024-11-26,BOS,VAN,0,0.43174,0.56826,VAN,1
logistic_engineered,20232024,20242025,20242025,2024020346,2024-11-26,MTL,UTA,0,0.484115,0.515885,UTA,1
logistic_engineered,20232024,20242025,20242025,2024020347,2024-11-27,BUF,MIN,0,0.535977,0.464023,BUF,0
logistic_engineered,20232024,20242025,20242025,2024020348,2024-11-27,NJD,STL,0,0.603201,0.396799,NJD,0
logistic_engineered,20232024,20242025,20242025,2024020349,2024-11-27,CAR,NYR,1,0.572153,0.427847,CAR,1
logistic_engineered,20232024,20242025,20242025,2024020350,2024-11-27,DET,CGY,1,0.515715,0.484285,DET,1
logistic_engineered,20232024,20242025,20242025,2024020351,2024-11-27,TBL,WSH,0,0.520068,0.479932,TBL,0
logistic_engineered,20232024,20242025,20242025,2024020352,2024-11-27,FLA,TOR,1,0.511442,0.488558,FLA,1
logistic_engineered,20232024,20242025,20242025,2024020353,2024-11-27,NYI,BOS,0,0.607599,0.392401,NYI,0
logistic_engineered,20232024,20242025,20242025,2024020354,2024-11-27,PIT,VAN,1,0.460947,0.539053,VAN,0
logistic_engineered,20232024,20242025,20242025,2024020355,2024-11-27,CBJ,MTL,0,0.646126,0.353874,CBJ,0
logistic_engineered,20232024,20242025,20242025,2024020356,2024-11-27,NSH,PHI,0,0.56912,0.43088,NSH,0
logistic_engineered,20232024,20242025,20242025,2024020357,2024-11-27,CHI,DAL,1,0.286667,0.713333,DAL,0
logistic_engineered,20232024,20242025,20242025,2024020358,2024-11-27,COL,VGK,1,0.520577,0.479423,COL,1
logistic_engineered,20232024,20242025,20242025,2024020359,2024-11-27,LAK,WPG,1,0.39124,0.60876,WPG,0
logistic_engineered,20232024,20242025,20242025,2024020360,2024-11-27,SEA,ANA,0,0.609679,0.390321,SEA,0
logistic_engineered,20232024,20242025,20242025,2024020361,2024-11-27,SJS,OTT,0,0.403369,0.596631,OTT,1
logistic_engineered,20232024,20242025,20242025,2024020362,2024-11-29,PHI,NYR,1,0.403813,0.596187,NYR,0
logistic_engineered,20232024,20242025,20242025,2024020363,2024-11-29,MIN,CHI,1,0.710077,0.289923,MIN,1
logistic_engineered,20232024,20242025,20242025,2024020364,2024-11-29,BUF,VAN,0,0.484751,0.515249,VAN,1
logistic_engineered,20232024,20242025,20242025,2024020365,2024-11-29,DET,NJD,0,0.482742,0.517258,NJD,1
logistic_engineered,20232024,20242025,20242025,2024020366,2024-11-29,WSH,NYI,1,0.641909,0.358091,WSH,1
logistic_engineered,20232024,20242025,20242025,2024020367,2024-11-29,CAR,FLA,0,0.590331,0.409669,CAR,0
logistic_engineered,20232024,20242025,20242025,2024020368,2024-11-29,CBJ,CGY,1,0.503569,0.496431,CBJ,1
logistic_engineered,20232024,20242025,20242025,2024020369,2024-11-29,NSH,TBL,0,0.42949,0.57051,TBL,1
logistic_engineered,20232024,20242025,20242025,2024020370,2024-11-29,ANA,LAK,0,0.699563,0.300437,ANA,0
logistic_engineered,20232024,20242025,20242025,2024020371,2024-11-29,SJS,SEA,1,0.371271,0.628729,SEA,0
logistic_engineered,20232024,20242025,20242025,2024020372,2024-11-29,BOS,PIT,0,0.560238,0.439762,BOS,0
logistic_engineered,20232024,20242025,20242025,2024020373,2024-11-29,DAL,COL,1,0.588242,0.411758,DAL,1
logistic_engineered,20232024,20242025,20242025,2024020374,2024-11-29,VGK,WPG,1,0.431895,0.568105,WPG,0
logistic_engineered,20232024,20242025,20242025,2024020375,2024-11-29,UTA,EDM,0,0.416084,0.583916,EDM,1
logistic_engineered,20232024,20242025,20242025,2024020376,2024-11-30,NYR,MTL,1,0.58404,0.41596,NYR,1
logistic_engineered,20232024,20242025,20242025,2024020377,2024-11-30,FLA,CAR,1,0.672937,0.327063,FLA,1
logistic_engineered,20232024,20242025,20242025,2024020378,2024-11-30,TBL,TOR,0,0.426533,0.573467,TOR,1
logistic_engineered,20232024,20242025,20242025,2024020379,2024-11-30,NJD,WSH,0,0.443073,0.556927,WSH,1
logistic_engineered,20232024,20242025,20242025,2024020380,2024-11-30,PIT,CGY,1,0.463149,0.536851,CGY,0
logistic_engineered,20232024,20242025,20242025,2024020381,2024-11-30,STL,PHI,0,0.612446,0.387554,STL,0
logistic_engineered,20232024,20242025,20242025,2024020382,2024-11-30,LAK,OTT,1,0.45173,0.54827,OTT,0
logistic_engineered,20232024,20242025,20242025,2024020383,2024-11-30,NYI,BUF,1,0.438908,0.561092,BUF,0
logistic_engineered,20232024,20242025,20242025,2024020384,2024-11-30,MIN,NSH,1,0.581118,0.418882,MIN,1
logistic_engineered,20232024,20242025,20242025,2024020385,2024-11-30,COL,EDM,0,0.45955,0.54045,EDM,1
logistic_engineered,20232024,20242025,20242025,2024020386,2024-11-30,VGK,UTA,0,0.612271,0.387729,VGK,0
logistic_engineered,20232024,20242025,20242025,2024020387,2024-11-30,SEA,SJS,0,0.631042,0.368958,SEA,0
logistic_engineered,20232024,20242025,20242025,2024020388,2024-12-01,DET,VAN,0,0.1996,0.8004,VAN,1
logistic_engineered,20232024,20242025,20242025,2024020389,2024-12-01,BOS,MTL,1,0.656588,0.343412,BOS,1
logistic_engineered,20232024,20242025,20242025,2024020390,2024-12-01,CHI,CBJ,0,0.452084,0.547916,CBJ,1
logistic_engineered,20232024,20242025,20242025,2024020391,2024-12-01,DAL,WPG,1,0.516993,0.483007,DAL,1
logistic_engineered,20232024,20242025,20242025,2024020392,2024-12-01,ANA,OTT,1,0.53746,0.46254,ANA,1
logistic_engineered,20232024,20242025,20242025,2024020393,2024-12-02,NYR,NJD,0,0.565847,0.434153,NYR,0
logistic_engineered,20232024,20242025,20242025,2024020394,2024-12-02,TOR,CHI,1,0.786179,0.213821,TOR,1
logistic_engineered,20232024,20242025,20242025,2024020395,2024-12-02,UTA,DAL,0,0.455121,0.544879,DAL,1
logistic_engineered,20232024,20242025,20242025,2024020396,2024-12-03,BOS,DET,1,0.507725,0.492275,BOS,1
logistic_engineered,20232024,20242025,20242025,2024020397,2024-12-03,BUF,COL,0,0.732627,0.267373,BUF,0
logistic_engineered,20232024,20242025,20242025,2024020398,2024-12-03,MTL,NYI,1,0.457254,0.542746,NYI,0
logistic_engineered,20232024,20242025,20242025,2024020399,2024-12-03,PIT,FLA,1,0.380977,0.619023,FLA,0
logistic_engineered,20232024,20242025,20242025,2024020400,2024-12-03,WSH,SJS,0,0.740092,0.259908,WSH,0
logistic_engineered,20232024,20242025,20242025,2024020401,2024-12-03,CAR,SEA,0,0.649555,0.350445,CAR,0
logistic_engineered,20232024,20242025,20242025,2024020402,2024-12-03,MIN,VAN,1,0.497701,0.502299,VAN,0
logistic_engineered,20232024,20242025,20242025,2024020403,2024-12-03,WPG,STL,0,0.649282,0.350718,WPG,0
logistic_engineered,20232024,20242025,20242025,2024020404,2024-12-03,CGY,CBJ,1,0.561117,0.438883,CGY,1
logistic_engineered,20232024,20242025,20242025,2024020405,2024-12-03,VGK,EDM,1,0.491945,0.508055,EDM,0
logistic_engineered,20232024,20242025,20242025,2024020406,2024-12-04,TOR,NSH,1,0.627764,0.372236,TOR,1
logistic_engineered,20232024,20242025,20242025,2024020407,2024-12-04,CHI,BOS,0,0.447978,0.552022,BOS,1
logistic_engineered,20232024,20242025,20242025,2024020408,2024-12-04,ANA,VGK,0,0.498187,0.501813,VGK,1
logistic_engineered,20232024,20242025,20242025,2024020409,2024-12-04,LAK,DAL,1,0.447249,0.552751,DAL,0
logistic_engineered,20232024,20242025,20242025,2024020410,2024-12-05,BUF,WPG,0,0.434243,0.565757,WPG,1
logistic_engineered,20232024,20242025,20242025,2024020411,2024-12-05,MTL,NSH,1,0.546438,0.453562,MTL,1
logistic_engineered,20232024,20242025,20242025,2024020412,2024-12-05,OTT,DET,1,0.530604,0.469396,OTT,1
logistic_engineered,20232024,20242025,20242025,2024020413,2024-12-05,TBL,SJS,1,0.886383,0.113617,TBL,1
logistic_engineered,20232024,20242025,20242025,2024020414,2024-12-05,PHI,FLA,0,0.199723,0.800277,FLA,1
logistic_engineered,20232024,20242025,20242025,2024020415,2024-12-05,CAR,COL,1,0.593707,0.406293,CAR,1
logistic_engineered,20232024,20242025,20242025,2024020416,2024-12-05,NYI,SEA,0,0.26374,0.73626,SEA,1
logistic_engineered,20232024,20242025,20242025,2024020417,2024-12-05,CGY,STL,0,0.536673,0.463327,CGY,0
logistic_engineered,20232024,20242025,20242025,2024020418,2024-12-05,EDM,CBJ,1,0.610968,0.389032,EDM,1
logistic_engineered,20232024,20242025,20242025,2024020419,2024-12-06,TOR,WSH,0,0.530495,0.469505,TOR,0
logistic_engineered,20232024,20242025,20242025,2024020420,2024-12-06,NJD,SEA,1,0.642878,0.357122,NJD,1
logistic_engineered,20232024,20242025,20242025,2024020421,2024-12-06,NYR,PIT,1,0.625447,0.374553,NYR,1
logistic_engineered,20232024,20242025,20242025,2024020422,2024-12-06,VAN,CBJ,1,0.68883,0.31117,VAN,1
logistic_engineered,20232024,20242025,20242025,2024020423,2024-12-06,VGK,DAL,1,0.470892,0.529108,DAL,0
logistic_engineered,20232024,20242025,20242025,2024020424,2024-12-06,ANA,MIN,0,0.396488,0.603512,MIN,1
logistic_engineered,20232024,20242025,20242025,2024020425,2024-12-07,BOS,PHI,1,0.574391,0.425609,BOS,1
logistic_engineered,20232024,20242025,20242025,2024020426,2024-12-07,BUF,UTA,0,0.516478,0.483522,BUF,0
logistic_engineered,20232024,20242025,20242025,2024020427,2024-12-07,CHI,WPG,0,0.118628,0.881372,WPG,1
logistic_engineered,20232024,20242025,20242025,2024020428,2024-12-07,NYI,CAR,1,0.388753,0.611247,CAR,0
logistic_engineered,20232024,20242025,20242025,2024020429,2024-12-07,FLA,SJS,1,0.75631,0.24369,FLA,1
logistic_engineered,20232024,20242025,20242025,2024020430,2024-12-07,MTL,WSH,0,0.472494,0.527506,WSH,1
logistic_engineered,20232024,20242025,20242025,2024020431,2024-12-07,OTT,NSH,1,0.565296,0.434704,OTT,1
logistic_engineered,20232024,20242025,20242025,2024020432,2024-12-07,DET,COL,0,0.461324,0.538676,COL,1
logistic_engineered,20232024,20242025,20242025,2024020433,2024-12-07,PIT,TOR,1,0.391193,0.608807,TOR,0
logistic_engineered,20232024,20242025,20242025,2024020434,2024-12-07,LAK,MIN,1,0.566181,0.433819,LAK,1
logistic_engineered,20232024,20242025,20242025,2024020435,2024-12-07,EDM,STL,1,0.592917,0.407083,EDM,1
logistic_engineered,20232024,20242025,20242025,2024020436,2024-12-08,NYR,SEA,0,0.583064,0.416936,NYR,0
logistic_engineered,20232024,20242025,20242025,2024020437,2024-12-08,VAN,TBL,0,0.502785,0.497215,VAN,0
logistic_engineered,20232024,20242025,20242025,2024020438,2024-12-08,OTT,NYI,0,0.50711,0.49289,OTT,0
logistic_engineered,20232024,20242025,20242025,2024020439,2024-12-08,WPG,CBJ,0,0.598428,0.401572,WPG,0
logistic_engineered,20232024,20242025,20242025,2024020440,2024-12-08,NJD,COL,0,0.603057,0.396943,NJD,0
logistic_engineered,20232024,20242025,20242025,2024020441,2024-12-08,PHI,UTA,0,0.4671,0.5329,UTA,1
logistic_engineered,20232024,20242025,20242025,2024020442,2024-12-08,DAL,CGY,1,0.657149,0.342851,DAL,1
logistic_engineered,20232024,20242025,20242025,2024020443,2024-12-09,BUF,DET,0,0.764405,0.235595,BUF,0
logistic_engineered,20232024,20242025,20242025,2024020444,2024-12-09,NYR,CHI,0,0.642911,0.357089,NYR,0
logistic_engineered,20232024,20242025,20242025,2024020445,2024-12-09,MTL,ANA,1,0.535754,0.464246,MTL,1
logistic_engineered,20232024,20242025,20242025,2024020446,2024-12-10,NJD,TOR,0,0.502282,0.497718,NJD,0
logistic_engineered,20232024,20242025,20242025,2024020447,2024-12-10,PIT,COL,0,0.468679,0.531321,COL,1
logistic_engineered,20232024,20242025,20242025,2024020448,2024-12-10,CAR,SJS,1,0.746721,0.253279,CAR,1
logistic_engineered,20232024,20242025,20242025,2024020449,2024-12-10,CBJ,PHI,0,0.54663,0.45337,CBJ,0
logistic_engineered,20232024,20242025,20242025,2024020450,2024-12-10,NYI,LAK,0,0.47301,0.52699,LAK,1
logistic_engineered,20232024,20242025,20242025,2024020451,2024-12-10,NSH,CGY,0,0.514005,0.485995,NSH,0
logistic_engineered,20232024,20242025,20242025,2024020452,2024-12-10,WPG,BOS,1,0.601673,0.398327,WPG,1
logistic_engineered,20232024,20242025,20242025,2024020453,2024-12-10,EDM,TBL,1,0.52857,0.47143,EDM,1
logistic_engineered,20232024,20242025,20242025,2024020454,2024-12-10,UTA,MIN,0,0.478025,0.521975,MIN,1
logistic_engineered,20232024,20242025,20242025,2024020455,2024-12-10,VAN,STL,0,0.564603,0.435397,VAN,0
logistic_engineered,20232024,20242025,20242025,2024020456,2024-12-10,SEA,FLA,0,0.442812,0.557188,FLA,1
logistic_engineered,20232024,20242025,20242025,2024020457,2024-12-11,BUF,NYR,0,0.438116,0.561884,NYR,1
logistic_engineered,20232024,20242025,20242025,2024020458,2024-12-11,OTT,ANA,1,0.608347,0.391653,OTT,1
logistic_engineered,20232024,20242025,20242025,2024020459,2024-12-12,TOR,ANA,1,0.501371,0.498629,TOR,1
logistic_engineered,20232024,20242025,20242025,2024020460,2024-12-12,MTL,PIT,0,0.240037,0.759963,PIT,1
logistic_engineered,20232024,20242025,20242025,2024020461,2024-12-12,NJD,LAK,1,0.50148,0.49852,NJD,1
logistic_engineered,20232024,20242025,20242025,2024020462,2024-12-12,PHI,DET,1,0.518978,0.481022,PHI,1
logistic_engineered,20232024,20242025,20242025,2024020463,2024-12-12,CBJ,WSH,0,0.399872,0.600128,WSH,1
logistic_engineered,20232024,20242025,20242025,2024020464,2024-12-12,NYI,CHI,1,0.845522,0.154478,NYI,1
logistic_engineered,20232024,20242025,20242025,2024020465,2024-12-12,STL,SJS,0,0.680415,0.319585,STL,0
logistic_engineered,20232024,20242025,20242025,2024020466,2024-12-12,DAL,NSH,0,0.716741,0.283259,DAL,0
logistic_engineered,20232024,20242025,20242025,2024020467,2024-12-12,MIN,EDM,0,0.229711,0.770289,EDM,1
logistic_engineered,20232024,20242025,20242025,2024020468,2024-12-12,WPG,VGK,0,0.591811,0.408189,WPG,0
logistic_engineered,20232024,20242025,20242025,2024020469,2024-12-12,COL,UTA,0,0.573141,0.426859,COL,0
logistic_engineered,20232024,20242025,20242025,2024020470,2024-12-12,CGY,TBL,0,0.457444,0.542556,TBL,1
logistic_engineered,20232024,20242025,20242025,2024020471,2024-12-12,VAN,FLA,1,0.485603,0.514397,FLA,0
logistic_engineered,20232024,20242025,20242025,2024020472,2024-12-12,SEA,BOS,1,0.543002,0.456998,SEA,1
logistic_engineered,20232024,20242025,20242025,2024020473,2024-12-13,CAR,OTT,0,0.670807,0.329193,CAR,0
logistic_engineered,20232024,20242025,20242025,2024020474,2024-12-14,NJD,CHI,1,0.727879,0.272121,NJD,1
logistic_engineered,20232024,20242025,20242025,2024020475,2024-12-14,NYR,LAK,0,0.278651,0.721349,LAK,1
logistic_engineered,20232024,20242025,20242025,2024020476,2024-12-14,MIN,PHI,1,0.588635,0.411365,MIN,1
logistic_engineered,20232024,20242025,20242025,2024020477,2024-12-14,EDM,VGK,1,0.555011,0.444989,EDM,1
logistic_engineered,20232024,20242025,20242025,2024020478,2024-12-14,OTT,PIT,1,0.410304,0.589696,PIT,0
logistic_engineered,20232024,20242025,20242025,2024020479,2024-12-14,DET,TOR,1,0.44287,0.55713,TOR,0
logistic_engineered,20232024,20242025,20242025,2024020480,2024-12-14,WSH,BUF,1,0.618857,0.381143,WSH,1
logistic_engineered,20232024,20242025,20242025,2024020481,2024-12-14,CBJ,ANA,0,0.598477,0.401523,CBJ,0
logistic_engineered,20232024,20242025,20242025,2024020482,2024-12-14,WPG,MTL,1,0.738619,0.261381,WPG,1
logistic_engineered,20232024,20242025,20242025,2024020483,2024-12-14,DAL,STL,1,0.633054,0.366946,DAL,1
logistic_engineered,20232024,20242025,20242025,2024020484,2024-12-14,COL,NSH,1,0.624407,0.375593,COL,1
logistic_engineered,20232024,20242025,20242025,2024020485,2024-12-14,CGY,FLA,1,0.415161,0.584839,FLA,0
logistic_engineered,20232024,20242025,20242025,2024020486,2024-12-14,VAN,BOS,0,0.581494,0.418506,VAN,0
logistic_engineered,20232024,20242025,20242025,2024020487,2024-12-14,SJS,UTA,0,0.416042,0.583958,UTA,1
logistic_engineered,20232024,20242025,20242025,2024020488,2024-12-14,SEA,TBL,0,0.476157,0.523843,TBL,1
logistic_engineered,20232024,20242025,20242025,2024020489,2024-12-15,CHI,NYI,1,0.305291,0.694709,NYI,0
logistic_engineered,20232024,20242025,20242025,2024020490,2024-12-15,TOR,BUF,1,0.558034,0.441966,TOR,1
logistic_engineered,20232024,20242025,20242025,2024020491,2024-12-15,CAR,CBJ,1,0.738932,0.261068,CAR,1
logistic_engineered,20232024,20242025,20242025,2024020492,2024-12-15,STL,NYR,1,0.438608,0.561392,NYR,0
logistic_engineered,20232024,20242025,20242025,2024020493,2024-12-15,MIN,VGK,0,0.489893,0.510107,VGK,1
logistic_engineered,20232024,20242025,20242025,2024020494,2024-12-16,DAL,WSH,1,0.557571,0.442429,DAL,1
logistic_engineered,20232024,20242025,20242025,2024020495,2024-12-16,EDM,FLA,0,0.539233,0.460767,EDM,0
logistic_engineered,20232024,20242025,20242025,2024020496,2024-12-16,VAN,COL,1,0.52331,0.47669,VAN,1
logistic_engineered,20232024,20242025,20242025,2024020497,2024-12-17,MTL,BUF,1,0.711724,0.288276,MTL,1
logistic_engineered,20232024,20242025,20242025,2024020498,2024-12-17,TBL,CBJ,1,0.697454,0.302546,TBL,1
logistic_engineered,20232024,20242025,20242025,2024020499,2024-12-17,PIT,LAK,1,0.471874,0.528126,LAK,0
logistic_engineered,20232024,20242025,20242025,2024020500,2024-12-17,CAR,NYI,1,0.827279,0.172721,CAR,1
logistic_engineered,20232024,20242025,20242025,2024020501,2024-12-17,STL,NJD,0,0.490146,0.509854,NJD,1
logistic_engineered,20232024,20242025,20242025,2024020502,2024-12-17,NSH,NYR,1,0.431639,0.568361,NYR,0
logistic_engineered,20232024,20242025,20242025,2024020503,2024-12-17,CHI,WSH,1,0.410663,0.589337,WSH,0
logistic_engineered,20232024,20242025,20242025,2024020504,2024-12-17,CGY,BOS,0,0.488881,0.511119,BOS,1
logistic_engineered,20232024,20242025,20242025,2024020505,2024-12-17,SEA,OTT,0,0.570337,0.429663,SEA,0
logistic_engineered,20232024,20242025,20242025,2024020506,2024-12-17,SJS,WPG,0,0.294577,0.705423,WPG,1
logistic_engineered,20232024,20242025,20242025,2024020507,2024-12-18,DET,PHI,1,0.529724,0.470276,DET,1
logistic_engineered,20232024,20242025,20242025,2024020508,2024-12-18,DAL,TOR,0,0.305025,0.694975,TOR,1
logistic_engineered,20232024,20242025,20242025,2024020509,2024-12-18,MIN,FLA,0,0.484653,0.515347,FLA,1
logistic_engineered,20232024,20242025,20242025,2024020510,2024-12-18,UTA,VAN,1,0.454427,0.545573,VAN,0
logistic_engineered,20232024,20242025,20242025,2024020511,2024-12-18,ANA,WPG,1,0.373302,0.626698,WPG,0
logistic_engineered,20232024,20242025,20242025,2024020512,2024-12-19,TBL,STL,1,0.817059,0.182941,TBL,1
logistic_engineered,20232024,20242025,20242025,2024020513,2024-12-19,PHI,LAK,0,0.350528,0.649472,LAK,1
logistic_engineered,20232024,20242025,20242025,2024020514,2024-12-19,CBJ,NJD,1,0.409266,0.590734,NJD,0
logistic_engineered,20232024,20242025,20242025,2024020515,2024-12-19,NSH,PIT,0,0.498403,0.501597,PIT,1
logistic_engineered,20232024,20242025,20242025,2024020516,2024-12-19,CHI,SEA,1,0.414596,0.585404,SEA,0
logistic_engineered,20232024,20242025,20242025,2024020517,2024-12-19,CGY,OTT,0,0.541271,0.458729,CGY,0
logistic_engineered,20232024,20242025,20242025,2024020518,2024-12-19,EDM,BOS,1,0.577701,0.422299,EDM,1
logistic_engineered,20232024,20242025,20242025,2024020519,2024-12-19,VGK,VAN,1,0.592987,0.407013,VGK,1
logistic_engineered,20232024,20242025,20242025,2024020520,2024-12-19,SJS,COL,0,0.355322,0.644678,COL,1
logistic_engineered,20232024,20242025,20242025,2024020521,2024-12-20,BUF,TOR,0,0.19422,0.80578,TOR,1
logistic_engineered,20232024,20242025,20242025,2024020522,2024-12-20,DET,MTL,0,0.603382,0.396618,DET,0
logistic_engineered,20232024,20242025,20242025,2024020523,2024-12-20,FLA,STL,1,0.698993,0.301007,FLA,1
logistic_engineered,20232024,20242025,20242025,2024020524,2024-12-20,WSH,CAR,1,0.488791,0.511209,CAR,0
logistic_engineered,20232024,20242025,20242025,2024020525,2024-12-20,DAL,NYR,0,0.579419,0.420581,DAL,0
logistic_engineered,20232024,20242025,20242025,2024020526,2024-12-20,MIN,UTA,0,0.555147,0.444853,MIN,0
logistic_engineered,20232024,20242025,20242025,2024020527,2024-12-20,ANA,COL,0,0.456746,0.543254,COL,1
logistic_engineered,20232024,20242025,20242025,2024020528,2024-12-21,NSH,LAK,1,0.455487,0.544513,LAK,0
logistic_engineered,20232024,20242025,20242025,2024020529,2024-12-21,CGY,CHI,1,0.630819,0.369181,CGY,1
logistic_engineered,20232024,20242025,20242025,2024020530,2024-12-21,EDM,SJS,1,0.757294,0.242706,EDM,1
logistic_engineered,20232024,20242025,20242025,2024020531,2024-12-21,BOS,BUF,1,0.669089,0.330911,BOS,1
logistic_engineered,20232024,20242025,20242025,2024020532,2024-12-21,TOR,NYI,0,0.490486,0.509514,NYI,1
logistic_engineered,20232024,20242025,20242025,2024020533,2024-12-21,MTL,DET,1,0.437124,0.562876,DET,0
logistic_engineered,20232024,20242025,20242025,2024020534,2024-12-21,NJD,PIT,1,0.548711,0.451289,NJD,1
logistic_engineered,20232024,20242025,20242025,2024020535,2024-12-21,PHI,CBJ,1,0.573961,0.426039,PHI,1
logistic_engineered,20232024,20242025,20242025,2024020536,2024-12-21,WPG,MIN,1,0.694215,0.305785,WPG,1
logistic_engineered,20232024,20242025,20242025,2024020537,2024-12-21,VAN,OTT,0,0.543536,0.456464,VAN,0
logistic_engineered,20232024,20242025,20242025,2024020538,2024-12-21,VGK,SEA,1,0.577775,0.422225,VGK,1
logistic_engineered,20232024,20242025,20242025,2024020539,2024-12-22,NYR,CAR,0,0.492526,0.507474,CAR,1
logistic_engineered,20232024,20242025,20242025,2024020540,2024-12-22,TBL,FLA,0,0.518203,0.481797,TBL,0
logistic_engineered,20232024,20242025,20242025,2024020541,2024-12-22,WSH,LAK,1,0.627814,0.372186,WSH,1
logistic_engineered,20232024,20242025,20242025,2024020542,2024-12-22,UTA,ANA,0,0.63875,0.36125,UTA,0
logistic_engineered,20232024,20242025,20242025,2024020543,2024-12-22,COL,SEA,1,0.672861,0.327139,COL,1
logistic_engineered,20232024,20242025,20242025,2024020544,2024-12-22,EDM,OTT,1,0.792734,0.207266,EDM,1
logistic_engineered,20232024,20242025,20242025,2024020545,2024-12-23,NJD,NYR,1,0.569106,0.430894,NJD,1
logistic_engineered,20232024,20242025,20242025,2024020546,2024-12-23,TOR,WPG,0,0.460207,0.539793,WPG,1
logistic_engineered,20232024,20242025,20242025,2024020547,2024-12-23,BOS,WSH,1,0.566106,0.433894,BOS,1
logistic_engineered,20232024,20242025,20242025,2024020548,2024-12-23,DET,STL,0,0.492453,0.507547,STL,1
logistic_engineered,20232024,20242025,20242025,2024020549,2024-12-23,FLA,TBL,0,0.502622,0.497378,FLA,0
logistic_engineered,20232024,20242025,20242025,2024020550,2024-12-23,PIT,PHI,1,0.77437,0.22563,PIT,1
logistic_engineered,20232024,20242025,20242025,2024020551,2024-12-23,CBJ,MTL,1,0.57894,0.42106,CBJ,1
logistic_engineered,20232024,20242025,20242025,2024020552,2024-12-23,NYI,BUF,0,0.565927,0.434073,NYI,0
logistic_engineered,20232024,20242025,20242025,2024020553,2024-12-23,NSH,CAR,1,0.484371,0.515629,CAR,0
logistic_engineered,20232024,20242025,20242025,2024020554,2024-12-23,MIN,CHI,1,0.668068,0.331932,MIN,1
logistic_engineered,20232024,20242025,20242025,2024020555,2024-12-23,VAN,SJS,1,0.736853,0.263147,VAN,1
logistic_engineered,20232024,20242025,20242025,2024020556,2024-12-23,UTA,DAL,0,0.330829,0.669171,DAL,1
logistic_engineered,20232024,20242025,20242025,2024020557,2024-12-23,VGK,ANA,1,0.885762,0.114238,VGK,1
logistic_engineered,20232024,20242025,20242025,2024020558,2024-12-27,BUF,CHI,1,0.834521,0.165479,BUF,1
logistic_engineered,20232024,20242025,20242025,2024020559,2024-12-27,DET,TOR,0,0.202173,0.797827,TOR,1
logistic_engineered,20232024,20242025,20242025,2024020560,2024-12-27,NJD,CAR,1,0.489837,0.510163,CAR,0
logistic_engineered,20232024,20242025,20242025,2024020561,2024-12-27,CBJ,BOS,1,0.429877,0.570123,BOS,0
logistic_engineered,20232024,20242025,20242025,2024020562,2024-12-27,STL,NSH,1,0.752532,0.247468,STL,1
logistic_engineered,20232024,20242025,20242025,2024020563,2024-12-27,DAL,MIN,0,0.617875,0.382125,DAL,0
logistic_engineered,20232024,20242025,20242025,2024020564,2024-12-27,UTA,COL,0,0.431035,0.568965,COL,1
logistic_engineered,20232024,20242025,20242025,2024020565,2024-12-27,SJS,VGK,0,0.323039,0.676961,VGK,1
logistic_engineered,20232024,20242025,20242025,2024020566,2024-12-28,FLA,MTL,0,0.683984,0.316016,FLA,0
logistic_engineered,20232024,20242025,20242025,2024020567,2024-12-28,VAN,SEA,0,0.577656,0.422344,VAN,0
logistic_engineered,20232024,20242025,20242025,2024020568,2024-12-28,ANA,PHI,0,0.450496,0.549504,PHI,1
logistic_engineered,20232024,20242025,20242025,2024020569,2024-12-28,LAK,EDM,1,0.481447,0.518553,EDM,0
logistic_engineered,20232024,20242025,20242025,2024020570,2024-12-28,BOS,CBJ,1,0.605373,0.394627,BOS,1
logistic_engineered,20232024,20242025,20242025,2024020571,2024-12-28,TOR,WSH,0,0.43041,0.56959,WSH,1
logistic_engineered,20232024,20242025,20242025,2024020572,2024-12-28,TBL,NYR,1,0.793859,0.206141,TBL,1
logistic_engineered,20232024,20242025,20242025,2024020573,2024-12-28,CAR,NJD,1,0.495909,0.504091,NJD,0
logistic_engineered,20232024,20242025,20242025,2024020574,2024-12-28,WPG,OTT,1,0.629261,0.370739,WPG,1
logistic_engineered,20232024,20242025,20242025,2024020575,2024-12-28,NYI,PIT,1,0.516768,0.483232,NYI,1
logistic_engineered,20232024,20242025,20242025,2024020576,2024-12-28,SJS,CGY,0,0.272941,0.727059,CGY,1
logistic_engineered,20232024,20242025,20242025,2024020577,2024-12-29,CHI,DAL,0,0.320939,0.679061,DAL,1
logistic_engineered,20232024,20242025,20242025,2024020578,2024-12-29,ANA,EDM,1,0.311369,0.688631,EDM,0
logistic_engineered,20232024,20242025,20242025,2024020579,2024-12-29,DET,WSH,1,0.503865,0.496135,DET,1
logistic_engineered,20232024,20242025,20242025,2024020580,2024-12-29,TBL,MTL,0,0.644931,0.355069,TBL,0
logistic_engineered,20232024,20242025,20242025,2024020581,2024-12-29,PIT,NYI,1,0.556166,0.443834,PIT,1
logistic_engineered,20232024,20242025,20242025,2024020582,2024-12-29,STL,BUF,0,0.524163,0.475837,STL,0
logistic_engineered,20232024,20242025,20242025,2024020583,2024-12-29,MIN,OTT,0,0.614183,0.385817,MIN,0
logistic_engineered,20232024,20242025,20242025,2024020584,2024-12-29,VGK,CGY,1,0.674423,0.325577,VGK,1
logistic_engineered,20232024,20242025,20242025,2024020585,2024-12-29,LAK,PHI,1,0.573001,0.426999,LAK,1
logistic_engineered,20232024,20242025,20242025,2024020586,2024-12-30,FLA,NYR,1,0.566362,0.433638,FLA,1
logistic_engineered,20232024,20242025,20242025,2024020587,2024-12-30,WPG,NSH,1,0.666199,0.333801,WPG,1
logistic_engineered,20232024,20242025,20242025,2024020588,2024-12-30,SEA,UTA,1,0.522492,0.477508,SEA,1
logistic_engineered,20232024,20242025,20242025,2024020589,2024-12-31,WSH,BOS,1,0.541503,0.458497,WSH,1
logistic_engineered,20232024,20242025,20242025,2024020590,2024-12-31,TOR,NYI,1,0.605354,0.394646,TOR,1
logistic_engineered,20232024,20242025,20242025,2024020591,2024-12-31,VGK,MTL,0,0.670567,0.329433,VGK,0
logistic_engineered,20232024,20242025,20242025,2024020592,2024-12-31,CHI,STL,0,0.441374,0.558626,STL,1
logistic_engineered,20232024,20242025,20242025,2024020593,2024-12-31,DET,PIT,1,0.513425,0.486575,DET,1
logistic_engineered,20232024,20242025,20242025,2024020594,2024-12-31,CBJ,CAR,1,0.412613,0.587387,CAR,0
logistic_engineered,20232024,20242025,20242025,2024020595,2024-12-31,DAL,BUF,1,0.612676,0.387324,DAL,1
logistic_engineered,20232024,20242025,20242025,2024020596,2024-12-31,MIN,NSH,1,0.634005,0.365995,MIN,1
logistic_engineered,20232024,20242025,20242025,2024020597,2024-12-31,COL,WPG,1,0.535686,0.464314,COL,1
logistic_engineered,20232024,20242025,20242025,2024020598,2024-12-31,ANA,NJD,1,0.408078,0.591922,NJD,0
logistic_engineered,20232024,20242025,20242025,2024020599,2024-12-31,SJS,PHI,0,0.629551,0.370449,SJS,0
logistic_engineered,20232024,20242025,20242025,2024020600,2024-12-31,CGY,VAN,1,0.479961,0.520039,VAN,0
logistic_engineered,20232024,20242025,20242025,2024020601,2024-12-31,EDM,UTA,1,0.704733,0.295267,EDM,1
logistic_engineered,20232024,20242025,20242025,2024020602,2025-01-01,LAK,NJD,1,0.621931,0.378069,LAK,1
logistic_engineered,20232024,20242025,20242025,2024020603,2025-01-02,FLA,CAR,0,0.549605,0.450395,FLA,0
logistic_engineered,20232024,20242025,20242025,2024020604,2025-01-02,NYR,BOS,1,0.524488,0.475512,NYR,1
logistic_engineered,20232024,20242025,20242025,2024020605,2025-01-02,WSH,MIN,0,0.555256,0.444744,WSH,0
logistic_engineered,20232024,20242025,20242025,2024020606,2025-01-02,CBJ,DET,0,0.487679,0.512321,DET,1
logistic_engineered,20232024,20242025,20242025,2024020607,2025-01-02,NYI,TOR,0,0.451103,0.548897,TOR,1
logistic_engineered,20232024,20242025,20242025,2024020608,2025-01-02,DAL,OTT,1,0.650809,0.349191,DAL,1
logistic_engineered,20232024,20242025,20242025,2024020609,2025-01-02,WPG,ANA,0,0.727915,0.272085,WPG,0
logistic_engineered,20232024,20242025,20242025,2024020610,2025-01-02,COL,BUF,1,0.337447,0.662553,BUF,0
logistic_engineered,20232024,20242025,20242025,2024020611,2025-01-02,CGY,UTA,0,0.578114,0.421886,CGY,0
logistic_engineered,20232024,20242025,20242025,2024020612,2025-01-02,VGK,PHI,1,0.636783,0.363217,VGK,1
logistic_engineered,20232024,20242025,20242025,2024020613,2025-01-02,SEA,VAN,0,0.720846,0.279154,SEA,0
logistic_engineered,20232024,20242025,20242025,2024020614,2025-01-02,SJS,TBL,1,0.263412,0.736588,TBL,0
logistic_engineered,20232024,20242025,20242025,2024020615,2025-01-03,FLA,PIT,1,0.514269,0.485731,FLA,1
logistic_engineered,20232024,20242025,20242025,2024020616,2025-01-03,CHI,MTL,1,0.481157,0.518843,MTL,0
logistic_engineered,20232024,20242025,20242025,2024020617,2025-01-03,STL,OTT,1,0.594791,0.405209,STL,1
logistic_engineered,20232024,20242025,20242025,2024020618,2025-01-03,EDM,ANA,1,0.75691,0.24309,EDM,1
logistic_engineered,20232024,20242025,20242025,2024020619,2025-01-03,VAN,NSH,0,0.470758,0.529242,NSH,1
logistic_engineered,20232024,20242025,20242025,2024020620,2025-01-04,WSH,NYR,1,0.541785,0.458215,WSH,1
logistic_engineered,20232024,20242025,20242025,2024020621,2025-01-04,WPG,DET,0,0.64314,0.35686,WPG,0
logistic_engineered,20232024,20242025,20242025,2024020622,2025-01-04,SJS,NJD,1,0.343593,0.656407,NJD,0
logistic_engineered,20232024,20242025,20242025,2024020623,2025-01-04,TOR,BOS,1,0.581759,0.418241,TOR,1
logistic_engineered,20232024,20242025,20242025,2024020624,2025-01-04,CAR,MIN,0,0.582607,0.417393,CAR,0
logistic_engineered,20232024,20242025,20242025,2024020625,2025-01-04,CBJ,STL,1,0.536544,0.463456,CBJ,1
logistic_engineered,20232024,20242025,20242025,2024020626,2025-01-04,COL,MTL,0,0.737357,0.262643,COL,0
logistic_engineered,20232024,20242025,20242025,2024020627,2025-01-04,CGY,NSH,0,0.619249,0.380751,CGY,0
logistic_engineered,20232024,20242025,20242025,2024020628,2025-01-04,DAL,UTA,1,0.661398,0.338602,DAL,1
logistic_engineered,20232024,20242025,20242025,2024020629,2025-01-04,LAK,TBL,1,0.52677,0.47323,LAK,1
logistic_engineered,20232024,20242025,20242025,2024020630,2025-01-04,VGK,BUF,1,0.628111,0.371889,VGK,1
logistic_engineered,20232024,20242025,20242025,2024020631,2025-01-04,SEA,EDM,0,0.478877,0.521123,EDM,1
logistic_engineered,20232024,20242025,20242025,2024020632,2025-01-05,CHI,NYR,0,0.472612,0.527388,NYR,1
logistic_engineered,20232024,20242025,20242025,2024020633,2025-01-05,BOS,NYI,0,0.474278,0.525722,NYI,1
logistic_engineered,20232024,20242025,20242025,2024020634,2025-01-05,CAR,PIT,1,0.509572,0.490428,CAR,1
logistic_engineered,20232024,20242025,20242025,2024020635,2025-01-05,TOR,PHI,1,0.540256,0.459744,TOR,1
logistic_engineered,20232024,20242025,20242025,2024020636,2025-01-05,ANA,TBL,1,0.438605,0.561395,TBL,0
logistic_engineered,20232024,20242025,20242025,2024020637,2025-01-06,BUF,WSH,1,0.456873,0.543127,WSH,0
logistic_engineered,20232024,20242025,20242025,2024020638,2025-01-06,MTL,VAN,1,0.443411,0.556589,VAN,0
logistic_engineered,20232024,20242025,20242025,2024020639,2025-01-06,COL,FLA,1,0.520811,0.479189,COL,1
logistic_engineered,20232024,20242025,20242025,2024020640,2025-01-06,SEA,NJD,0,0.485229,0.514771,NJD,1
logistic_engineered,20232024,20242025,20242025,2024020029,2025-01-07,TBL,CAR,1,0.513689,0.486311,TBL,1
logistic_engineered,20232024,20242025,20242025,2024020641,2025-01-07,BOS,EDM,0,0.679565,0.320435,BOS,0
logistic_engineered,20232024,20242025,20242025,2024020642,2025-01-07,DET,OTT,1,0.265634,0.734366,OTT,0
logistic_engineered,20232024,20242025,20242025,2024020643,2025-01-07,NYR,DAL,0,0.43583,0.56417,DAL,1
logistic_engineered,20232024,20242025,20242025,2024020644,2025-01-07,PHI,TOR,0,0.423296,0.576704,TOR,1
logistic_engineered,20232024,20242025,20242025,2024020645,2025-01-07,PIT,CBJ,0,0.572753,0.427247,PIT,0
logistic_engineered,20232024,20242025,20242025,2024020646,2025-01-07,MIN,STL,1,0.281333,0.718667,STL,0
logistic_engineered,20232024,20242025,20242025,2024020647,2025-01-07,WPG,NSH,1,0.63478,0.36522,WPG,1
logistic_engineered,20232024,20242025,20242025,2024020648,2025-01-07,ANA,CGY,0,0.463291,0.536709,CGY,1
logistic_engineered,20232024,20242025,20242025,2024020649,2025-01-07,SJS,VGK,0,0.299042,0.700958,VGK,1
logistic_engineered,20232024,20242025,20242025,2024020650,2025-01-08,WSH,VAN,1,0.524425,0.475575,WSH,1
logistic_engineered,20232024,20242025,20242025,2024020651,2025-01-08,CHI,COL,1,0.356552,0.643448,COL,0
logistic_engineered,20232024,20242025,20242025,2024020652,2025-01-08,UTA,FLA,0,0.44788,0.55212,FLA,1
logistic_engineered,20232024,20242025,20242025,2024020654,2025-01-09,OTT,BUF,0,0.527086,0.472914,OTT,0
logistic_engineered,20232024,20242025,20242025,2024020655,2025-01-09,TBL,BOS,1,0.595259,0.404741,TBL,1
logistic_engineered,20232024,20242025,20242025,2024020656,2025-01-09,NYR,NJD,1,0.527115,0.472885,NYR,1
logistic_engineered,20232024,20242025,20242025,2024020657,2025-01-09,PHI,DAL,0,0.370439,0.629561,DAL,1
logistic_engineered,20232024,20242025,20242025,2024020658,2025-01-09,PIT,EDM,1,0.407003,0.592997,EDM,0
logistic_engineered,20232024,20242025,20242025,2024020659,2025-01-09,CAR,TOR,1,0.526914,0.473086,CAR,1
logistic_engineered,20232024,20242025,20242025,2024020660,2025-01-09,CBJ,SEA,1,0.638142,0.361858,CBJ,1
logistic_engineered,20232024,20242025,20242025,2024020661,2025-01-09,STL,ANA,1,0.806702,0.193298,STL,1
logistic_engineered,20232024,20242025,20242025,2024020662,2025-01-09,MIN,COL,0,0.555588,0.444412,MIN,0
logistic_engineered,20232024,20242025,20242025,2024020663,2025-01-09,VGK,NYI,0,0.628849,0.371151,VGK,0
logistic_engineered,20232024,20242025,20242025,2024020664,2025-01-10,DET,CHI,1,0.677785,0.322215,DET,1
logistic_engineered,20232024,20242025,20242025,2024020665,2025-01-10,WSH,MTL,0,0.388724,0.611276,MTL,1
logistic_engineered,20232024,20242025,20242025,2024020666,2025-01-10,CAR,VAN,1,0.472555,0.527445,VAN,0
logistic_engineered,20232024,20242025,20242025,2024020667,2025-01-10,WPG,LAK,0,0.558179,0.441821,WPG,0
logistic_engineered,20232024,20242025,20242025,2024020668,2025-01-10,UTA,SJS,1,0.671941,0.328059,UTA,1
logistic_engineered,20232024,20242025,20242025,2024020669,2025-01-11,FLA,BOS,0,0.595631,0.404369,FLA,0
logistic_engineered,20232024,20242025,20242025,2024020670,2025-01-11,BUF,SEA,0,0.580194,0.419806,BUF,0
logistic_engineered,20232024,20242025,20242025,2024020671,2025-01-11,PIT,OTT,0,0.271813,0.728187,OTT,1
logistic_engineered,20232024,20242025,20242025,2024020672,2025-01-11,TOR,VAN,0,0.628772,0.371228,TOR,0
logistic_engineered,20232024,20242025,20242025,2024020673,2025-01-11,MTL,DAL,0,0.282328,0.717672,DAL,1
logistic_engineered,20232024,20242025,20242025,2024020674,2025-01-11,NJD,TBL,1,0.489561,0.510439,TBL,0
logistic_engineered,20232024,20242025,20242025,2024020675,2025-01-11,PHI,ANA,1,0.60123,0.39877,PHI,1
logistic_engineered,20232024,20242025,20242025,2024020676,2025-01-11,CHI,EDM,0,0.231621,0.768379,EDM,1
logistic_engineered,20232024,20242025,20242025,2024020677,2025-01-11,STL,CBJ,0,0.60005,0.39995,STL,0
logistic_engineered,20232024,20242025,20242025,2024020678,2025-01-11,WPG,COL,1,0.451938,0.548062,COL,0
logistic_engineered,20232024,20242025,20242025,2024020679,2025-01-11,NSH,WSH,0,0.54115,0.45885,NSH,0
logistic_engineered,20232024,20242025,20242025,2024020680,2025-01-11,UTA,NYI,0,0.436128,0.563872,NYI,1
logistic_engineered,20232024,20242025,20242025,2024020681,2025-01-11,CGY,LAK,1,0.510086,0.489914,CGY,1
logistic_engineered,20232024,20242025,20242025,2024020682,2025-01-11,VGK,NYR,0,0.567162,0.432838,VGK,0
logistic_engineered,20232024,20242025,20242025,2024020683,2025-01-11,SJS,MIN,0,0.271493,0.728507,MIN,1
logistic_engineered,20232024,20242025,20242025,2024020684,2025-01-12,DET,SEA,1,0.830049,0.169951,DET,1
logistic_engineered,20232024,20242025,20242025,2024020685,2025-01-12,OTT,DAL,1,0.348789,0.651211,DAL,0
logistic_engineered,20232024,20242025,20242025,2024020686,2025-01-12,PIT,TBL,0,0.406558,0.593442,TBL,1
logistic_engineered,20232024,20242025,20242025,2024020687,2025-01-12,CAR,ANA,0,0.769071,0.230929,CAR,0
logistic_engineered,20232024,20242025,20242025,2024020688,2025-01-12,VGK,MIN,1,0.544706,0.455294,VGK,1
logistic_engineered,20232024,20242025,20242025,2024020689,2025-01-13,PHI,FLA,1,0.426918,0.573082,FLA,0
logistic_engineered,20232024,20242025,20242025,2024020690,2025-01-13,CHI,CGY,0,0.450687,0.549313,CGY,1
logistic_engineered,20232024,20242025,20242025,2024020691,2025-01-13,EDM,LAK,1,0.561627,0.438373,EDM,1
logistic_engineered,20232024,20242025,20242025,2024020692,2025-01-14,BOS,TBL,1,0.504193,0.495807,BOS,1
logistic_engineered,20232024,20242025,20242025,2024020693,2025-01-14,TOR,DAL,0,0.470584,0.529416,DAL,1
logistic_engineered,20232024,20242025,20242025,2024020694,2025-01-14,DET,SJS,0,0.71553,0.28447,DET,0
logistic_engineered,20232024,20242025,20242025,2024020695,2025-01-14,NJD,FLA,0,0.564364,0.435636,NJD,0
logistic_engineered,20232024,20242025,20242025,2024020696,2025-01-14,PIT,SEA,0,0.575685,0.424315,PIT,0
logistic_engineered,20232024,20242025,20242025,2024020697,2025-01-14,WSH,ANA,1,0.690957,0.309043,WSH,1
logistic_engineered,20232024,20242025,20242025,2024020698,2025-01-14,CBJ,PHI,1,0.616846,0.383154,CBJ,1
logistic_engineered,20232024,20242025,20242025,2024020699,2025-01-14,NYI,OTT,0,0.560792,0.439208,NYI,0
logistic_engineered,20232024,20242025,20242025,2024020700,2025-01-14,STL,CGY,1,0.607211,0.392789,STL,1
logistic_engineered,20232024,20242025,20242025,2024020701,2025-01-14,NSH,VGK,1,0.434441,0.565559,VGK,0
logistic_engineered,20232024,20242025,20242025,2024020702,2025-01-14,WPG,VAN,1,0.586861,0.413139,WPG,1
logistic_engineered,20232024,20242025,20242025,2024020703,2025-01-14,COL,NYR,1,0.535373,0.464627,COL,1
logistic_engineered,20232024,20242025,20242025,2024020704,2025-01-14,UTA,MTL,0,0.546252,0.453748,UTA,0
logistic_engineered,20232024,20242025,20242025,2024020705,2025-01-15,BUF,CAR,1,0.447845,0.552155,CAR,0
logistic_engineered,20232024,20242025,20242025,2024020706,2025-01-15,MIN,EDM,0,0.45349,0.54651,EDM,1
logistic_engineered,20232024,20242025,20242025,2024020707,2025-01-16,TOR,NJD,1,0.563265,0.436735,TOR,1
logistic_engineered,20232024,20242025,20242025,2024020708,2025-01-16,OTT,WSH,0,0.476445,0.523555,WSH,1
logistic_engineered,20232024,20242025,20242025,2024020709,2025-01-16,TBL,ANA,1,0.685989,0.314011,TBL,1
logistic_engineered,20232024,20242025,20242025,2024020710,2025-01-16,FLA,DET,0,0.305531,0.694469,DET,1
logistic_engineered,20232024,20242025,20242025,2024020711,2025-01-16,CBJ,SJS,1,0.679641,0.320359,CBJ,1
logistic_engineered,20232024,20242025,20242025,2024020712,2025-01-16,NYI,PHI,0,0.569664,0.430336,NYI,0
logistic_engineered,20232024,20242025,20242025,2024020713,2025-01-16,STL,CGY,1,0.567054,0.432946,STL,1
logistic_engineered,20232024,20242025,20242025,2024020714,2025-01-16,NSH,CHI,1,0.671741,0.328259,NSH,1
logistic_engineered,20232024,20242025,20242025,2024020715,2025-01-16,DAL,MTL,0,0.686114,0.313886,DAL,0
logistic_engineered,20232024,20242025,20242025,2024020716,2025-01-16,WPG,SEA,1,0.702998,0.297002,WPG,1
logistic_engineered,20232024,20242025,20242025,2024020717,2025-01-16,UTA,NYR,0,0.410754,0.589246,NYR,1
logistic_engineered,20232024,20242025,20242025,2024020718,2025-01-16,COL,EDM,0,0.560732,0.439268,COL,0
logistic_engineered,20232024,20242025,20242025,2024020719,2025-01-16,VAN,LAK,0,0.498777,0.501223,LAK,1
logistic_engineered,20232024,20242025,20242025,2024020720,2025-01-17,BUF,PIT,0,0.551293,0.448707,BUF,0
logistic_engineered,20232024,20242025,20242025,2024020721,2025-01-17,CAR,VGK,1,0.540743,0.459257,CAR,1
logistic_engineered,20232024,20242025,20242025,2024020722,2025-01-18,NJD,PHI,0,0.585437,0.414563,NJD,0
logistic_engineered,20232024,20242025,20242025,2024020723,2025-01-18,OTT,BOS,1,0.468866,0.531134,BOS,0
logistic_engineered,20232024,20242025,20242025,2024020724,2025-01-18,COL,DAL,1,0.480353,0.519647,DAL,0
logistic_engineered,20232024,20242025,20242025,2024020725,2025-01-18,FLA,ANA,1,0.675669,0.324331,FLA,1
logistic_engineered,20232024,20242025,20242025,2024020726,2025-01-18,MTL,TOR,0,0.444896,0.555104,TOR,1
logistic_engineered,20232024,20242025,20242025,2024020727,2025-01-18,TBL,DET,1,0.800412,0.199588,TBL,1
logistic_engineered,20232024,20242025,20242025,2024020728,2025-01-18,NYR,CBJ,1,0.607466,0.392534,NYR,1
logistic_engineered,20232024,20242025,20242025,2024020729,2025-01-18,WSH,PIT,1,0.669273,0.330727,WSH,1
logistic_engineered,20232024,20242025,20242025,2024020730,2025-01-18,WPG,CGY,0,0.673638,0.326362,WPG,0
logistic_engineered,20232024,20242025,20242025,2024020731,2025-01-18,NYI,SJS,1,0.679862,0.320138,NYI,1
logistic_engineered,20232024,20242025,20242025,2024020732,2025-01-18,CHI,VGK,1,0.426597,0.573403,VGK,0
logistic_engineered,20232024,20242025,20242025,2024020733,2025-01-18,NSH,MIN,1,0.515822,0.484178,NSH,1
logistic_engineered,20232024,20242025,20242025,2024020734,2025-01-18,UTA,STL,1,0.462772,0.537228,STL,0
logistic_engineered,20232024,20242025,20242025,2024020735,2025-01-18,VAN,EDM,1,0.435117,0.564883,EDM,0
logistic_engineered,20232024,20242025,20242025,2024020736,2025-01-18,SEA,LAK,1,0.417055,0.582945,LAK,0
logistic_engineered,20232024,20242025,20242025,2024020737,2025-01-19,NJD,OTT,0,0.492675,0.507325,OTT,1
logistic_engineered,20232024,20242025,20242025,2024020738,2025-01-19,MTL,NYR,1,0.367747,0.632253,NYR,0
logistic_engineered,20232024,20242025,20242025,2024020739,2025-01-19,DAL,DET,1,0.597148,0.402852,DAL,1
logistic_engineered,20232024,20242025,20242025,2024020740,2025-01-20,BOS,SJS,1,0.720428,0.279572,BOS,1
logistic_engineered,20232024,20242025,20242025,2024020741,2025-01-20,COL,MIN,0,0.586606,0.413394,COL,0
logistic_engineered,20232024,20242025,20242025,2024020742,2025-01-20,SEA,BUF,1,0.46808,0.53192,BUF,0
logistic_engineered,20232024,20242025,20242025,2024020743,2025-01-20,VGK,STL,0,0.56128,0.43872,VGK,0
logistic_engineered,20232024,20242025,20242025,2024020744,2025-01-20,TOR,TBL,1,0.520535,0.479465,TOR,1
logistic_engineered,20232024,20242025,20242025,2024020745,2025-01-20,NYI,CBJ,1,0.570704,0.429296,NYI,1
logistic_engineered,20232024,20242025,20242025,2024020746,2025-01-20,CHI,CAR,0,0.332725,0.667275,CAR,1
logistic_engineered,20232024,20242025,20242025,2024020747,2025-01-20,UTA,WPG,1,0.375728,0.624272,WPG,0
logistic_engineered,20232024,20242025,20242025,2024020748,2025-01-20,LAK,PIT,0,0.616402,0.383598,LAK,0
logistic_engineered,20232024,20242025,20242025,2024020749,2025-01-21,MTL,TBL,1,0.507329,0.492671,MTL,1
logistic_engineered,20232024,20242025,20242025,2024020750,2025-01-21,NYR,OTT,1,0.799181,0.200819,NYR,1
logistic_engineered,20232024,20242025,20242025,2024020751,2025-01-21,PHI,DET,1,0.552997,0.447003,PHI,1
logistic_engineered,20232024,20242025,20242025,2024020752,2025-01-21,NSH,SJS,1,0.519453,0.480547,NSH,1
logistic_engineered,20232024,20242025,20242025,2024020753,2025-01-21,DAL,CAR,0,0.60376,0.39624,DAL,0
logistic_engineered,20232024,20242025,20242025,2024020754,2025-01-21,EDM,WSH,0,0.545577,0.454423,EDM,0
logistic_engineered,20232024,20242025,20242025,2024020755,2025-01-21,VAN,BUF,0,0.644466,0.355534,VAN,0
logistic_engineered,20232024,20242025,20242025,2024020756,2025-01-21,ANA,FLA,0,0.357007,0.642993,FLA,1
logistic_engineered,20232024,20242025,20242025,2024020757,2025-01-22,TOR,CBJ,0,0.63521,0.36479,TOR,0
logistic_engineered,20232024,20242025,20242025,2024020758,2025-01-22,NJD,BOS,1,0.477314,0.522686,BOS,0
logistic_engineered,20232024,20242025,20242025,2024020759,2025-01-22,COL,WPG,0,0.475032,0.524968,WPG,1
logistic_engineered,20232024,20242025,20242025,2024020760,2025-01-22,LAK,FLA,1,0.559081,0.440919,LAK,1
logistic_engineered,20232024,20242025,20242025,2024020761,2025-01-23,BOS,OTT,1,0.467382,0.532618,OTT,0
logistic_engineered,20232024,20242025,20242025,2024020762,2025-01-23,DET,MTL,1,0.550746,0.449254,DET,1
logistic_engineered,20232024,20242025,20242025,2024020763,2025-01-23,NYR,PHI,1,0.597662,0.402338,NYR,1
logistic_engineered,20232024,20242025,20242025,2024020764,2025-01-23,CAR,CBJ,1,0.720936,0.279064,CAR,1
logistic_engineered,20232024,20242025,20242025,2024020765,2025-01-23,STL,VGK,0,0.502954,0.497046,STL,0
logistic_engineered,20232024,20242025,20242025,2024020766,2025-01-23,MIN,UTA,0,0.586706,0.413294,MIN,0
logistic_engineered,20232024,20242025,20242025,2024020767,2025-01-23,CGY,BUF,1,0.554965,0.445035,CGY,1
logistic_engineered,20232024,20242025,20242025,2024020768,2025-01-23,EDM,VAN,1,0.574561,0.425439,EDM,1
logistic_engineered,20232024,20242025,20242025,2024020769,2025-01-23,ANA,PIT,1,0.444006,0.555994,PIT,0
logistic_engineered,20232024,20242025,20242025,2024020770,2025-01-23,SEA,WSH,0,0.417632,0.582368,WSH,1
logistic_engineered,20232024,20242025,20242025,2024020771,2025-01-23,SJS,NSH,0,0.362387,0.637613,NSH,1
logistic_engineered,20232024,20242025,20242025,2024020772,2025-01-24,NYI,PHI,1,0.620896,0.379104,NYI,1
logistic_engineered,20232024,20242025,20242025,2024020773,2025-01-24,CHI,TBL,0,0.35043,0.64957,TBL,1
logistic_engineered,20232024,20242025,20242025,2024020774,2025-01-24,DAL,VGK,1,0.631237,0.368763,DAL,1
logistic_engineered,20232024,20242025,20242025,2024020775,2025-01-24,WPG,UTA,1,0.712129,0.287871,WPG,1
logistic_engineered,20232024,20242025,20242025,2024020776,2025-01-25,BOS,COL,1,0.474152,0.525848,COL,0
logistic_engineered,20232024,20242025,20242025,2024020777,2025-01-25,EDM,BUF,1,0.63501,0.36499,EDM,1
logistic_engineered,20232024,20242025,20242025,2024020778,2025-01-25,SEA,PIT,1,0.53428,0.46572,SEA,1
logistic_engineered,20232024,20242025,20242025,2024020779,2025-01-25,MTL,NJD,0,0.464357,0.535643,NJD,1
logistic_engineered,20232024,20242025,20242025,2024020780,2025-01-25,OTT,TOR,1,0.464134,0.535866,TOR,0
logistic_engineered,20232024,20242025,20242025,2024020781,2025-01-25,DET,TBL,1,0.533586,0.466414,DET,1
logistic_engineered,20232024,20242025,20242025,2024020782,2025-01-25,CBJ,LAK,1,0.469036,0.530964,LAK,0
logistic_engineered,20232024,20242025,20242025,2024020783,2025-01-25,STL,DAL,0,0.512959,0.487041,STL,0
logistic_engineered,20232024,20242025,20242025,2024020784,2025-01-25,MIN,CGY,0,0.548773,0.451227,MIN,0
logistic_engineered,20232024,20242025,20242025,2024020785,2025-01-25,NYI,CAR,1,0.13886,0.86114,CAR,0
logistic_engineered,20232024,20242025,20242025,2024020786,2025-01-25,VAN,WSH,1,0.496387,0.503613,WSH,0
logistic_engineered,20232024,20242025,20242025,2024020787,2025-01-25,ANA,NSH,1,0.172697,0.827303,NSH,0
logistic_engineered,20232024,20242025,20242025,2024020788,2025-01-25,SJS,FLA,0,0.110897,0.889103,FLA,1
logistic_engineered,20232024,20242025,20242025,2024020789,2025-01-26,NYR,COL,0,0.59224,0.40776,NYR,0
logistic_engineered,20232024,20242025,20242025,2024020790,2025-01-26,OTT,UTA,1,0.427507,0.572493,UTA,0
logistic_engineered,20232024,20242025,20242025,2024020791,2025-01-26,WPG,CGY,1,0.707753,0.292247,WPG,1
logistic_engineered,20232024,20242025,20242025,2024020792,2025-01-26,CHI,MIN,0,0.448717,0.551283,MIN,1
logistic_engineered,20232024,20242025,20242025,2024020793,2025-01-26,VGK,FLA,1,0.586051,0.413949,VGK,1
logistic_engineered,20232024,20242025,20242025,2024020794,2025-01-27,DET,LAK,1,0.530768,0.469232,DET,1
logistic_engineered,20232024,20242025,20242025,2024020795,2025-01-27,PHI,NJD,1,0.499949,0.500051,NJD,0
logistic_engineered,20232024,20242025,20242025,2024020796,2025-01-27,STL,VAN,0,0.251649,0.748351,VAN,1
logistic_engineered,20232024,20242025,20242025,2024020797,2025-01-27,EDM,SEA,1,0.637223,0.362777,EDM,1
logistic_engineered,20232024,20242025,20242025,2024020798,2025-01-27,SJS,PIT,1,0.401773,0.598227,PIT,0
logistic_engineered,20232024,20242025,20242025,2024020799,2025-01-28,BUF,BOS,1,0.487397,0.512603,BOS,0
logistic_engineered,20232024,20242025,20242025,2024020800,2025-01-28,MTL,WPG,0,0.367448,0.632552,WPG,1
logistic_engineered,20232024,20242025,20242025,2024020801,2025-01-28,TBL,CHI,0,0.731043,0.268957,TBL,0
logistic_engineered,20232024,20242025,20242025,2024020802,2025-01-28,NYR,CAR,0,0.478231,0.521769,CAR,1
logistic_engineered,20232024,20242025,20242025,2024020803,2025-01-28,NYI,COL,1,0.452789,0.547211,COL,0
logistic_engineered,20232024,20242025,20242025,2024020804,2025-01-28,CGY,WSH,0,0.483361,0.516639,WSH,1
logistic_engineered,20232024,20242025,20242025,2024020805,2025-01-28,VGK,DAL,0,0.476401,0.523599,DAL,1
logistic_engineered,20232024,20242025,20242025,2024020806,2025-01-28,SEA,ANA,0,0.544794,0.455206,SEA,0
logistic_engineered,20232024,20242025,20242025,2024020807,2025-01-29,TOR,MIN,0,0.567486,0.432514,TOR,0
logistic_engineered,20232024,20242025,20242025,2024020808,2025-01-29,FLA,LAK,1,0.586664,0.413336,FLA,1
logistic_engineered,20232024,20242025,20242025,2024020809,2025-01-29,NJD,PHI,1,0.782928,0.217072,NJD,1
logistic_engineered,20232024,20242025,20242025,2024020810,2025-01-29,NSH,VAN,0,0.511518,0.488482,NSH,0
logistic_engineered,20232024,20242025,20242025,2024020811,2025-01-29,UTA,PIT,0,0.556691,0.443309,UTA,0
logistic_engineered,20232024,20242025,20242025,2024020812,2025-01-30,BOS,WPG,0,0.424463,0.575537,WPG,1
logistic_engineered,20232024,20242025,20242025,2024020813,2025-01-30,MTL,MIN,0,0.549773,0.450227,MTL,0
logistic_engineered,20232024,20242025,20242025,2024020814,2025-01-30,OTT,WSH,1,0.493188,0.506812,WSH,0
logistic_engineered,20232024,20242025,20242025,2024020815,2025-01-30,TBL,LAK,1,0.621013,0.378987,TBL,1
logistic_engineered,20232024,20242025,20242025,2024020816,2025-01-30,PHI,NYI,0,0.38209,0.61791,NYI,1
logistic_engineered,20232024,20242025,20242025,2024020817,2025-01-30,CAR,CHI,1,0.748049,0.251951,CAR,1
logistic_engineered,20232024,20242025,20242025,2024020818,2025-01-30,CGY,ANA,1,0.607312,0.392688,CGY,1
logistic_engineered,20232024,20242025,20242025,2024020819,2025-01-30,EDM,DET,0,0.62598,0.37402,EDM,0
logistic_engineered,20232024,20242025,20242025,2024020820,2025-01-30,VGK,CBJ,0,0.63698,0.36302,VGK,0
logistic_engineered,20232024,20242025,20242025,2024020821,2025-01-30,SEA,SJS,1,0.847709,0.152291,SEA,1
logistic_engineered,20232024,20242025,20242025,2024020822,2025-01-31,BUF,NSH,1,0.541295,0.458705,BUF,1
logistic_engineered,20232024,20242025,20242025,2024020823,2025-01-31,DAL,VAN,1,0.582996,0.417004,DAL,1
logistic_engineered,20232024,20242025,20242025,2024020824,2025-01-31,COL,STL,1,0.587802,0.412198,COL,1
logistic_engineered,20232024,20242025,20242025,2024020825,2025-01-31,UTA,CBJ,0,0.602509,0.397491,UTA,0
logistic_engineered,20232024,20242025,20242025,2024020826,2025-02-01,FLA,CHI,1,0.732758,0.267242,FLA,1
logistic_engineered,20232024,20242025,20242025,2024020827,2025-02-01,BOS,NYR,1,0.48045,0.51955,NYR,0
logistic_engineered,20232024,20242025,20242025,2024020828,2025-02-01,OTT,MIN,1,0.505605,0.494395,OTT,1
logistic_engineered,20232024,20242025,20242025,2024020829,2025-02-01,TBL,NYI,0,0.565687,0.434313,TBL,0
logistic_engineered,20232024,20242025,20242025,2024020830,2025-02-01,PIT,NSH,1,0.549131,0.450869,PIT,1
logistic_engineered,20232024,20242025,20242025,2024020831,2025-02-01,WSH,WPG,0,0.404864,0.595136,WPG,1
logistic_engineered,20232024,20242025,20242025,2024020832,2025-02-01,CAR,LAK,0,0.600401,0.399599,CAR,0
logistic_engineered,20232024,20242025,20242025,2024020833,2025-02-01,EDM,TOR,0,0.553294,0.446706,EDM,0
logistic_engineered,20232024,20242025,20242025,2024020834,2025-02-01,CGY,DET,0,0.507698,0.492302,CGY,0
logistic_engineered,20232024,20242025,20242025,2024020835,2025-02-02,BUF,NJD,1,0.748298,0.251702,BUF,1
logistic_engineered,20232024,20242025,20242025,2024020836,2025-02-02,COL,PHI,1,0.643714,0.356286,COL,1
logistic_engineered,20232024,20242025,20242025,2024020837,2025-02-02,ANA,MTL,1,0.49162,0.50838,MTL,0
logistic_engineered,20232024,20242025,20242025,2024020838,2025-02-02,FLA,NYI,1,0.568179,0.431821,FLA,1
logistic_engineered,20232024,20242025,20242025,2024020839,2025-02-02,NYR,VGK,1,0.405838,0.594162,VGK,0
logistic_engineered,20232024,20242025,20242025,2024020840,2025-02-02,DAL,CBJ,1,0.675001,0.324999,DAL,1
logistic_engineered,20232024,20242025,20242025,2024020841,2025-02-02,UTA,STL,0,0.486169,0.513831,STL,1
logistic_engineered,20232024,20242025,20242025,2024020842,2025-02-02,VAN,DET,0,0.58983,0.41017,VAN,0
logistic_engineered,20232024,20242025,20242025,2024020843,2025-02-02,SEA,CGY,0,0.606248,0.393752,SEA,0
logistic_engineered,20232024,20242025,20242025,2024020844,2025-02-03,NSH,OTT,0,0.543194,0.456806,NSH,0
logistic_engineered,20232024,20242025,20242025,2024020845,2025-02-04,BOS,MIN,1,0.550766,0.449234,BOS,1
logistic_engineered,20232024,20242025,20242025,2024020846,2025-02-04,BUF,CBJ,1,0.592474,0.407526,BUF,1
logistic_engineered,20232024,20242025,20242025,2024020847,2025-02-04,TBL,OTT,1,0.643769,0.356231,TBL,1
logistic_engineered,20232024,20242025,20242025,2024020848,2025-02-04,PIT,NJD,0,0.489192,0.510808,NJD,1
logistic_engineered,20232024,20242025,20242025,2024020849,2025-02-04,WSH,FLA,1,0.455471,0.544529,FLA,0
logistic_engineered,20232024,20242025,20242025,2024020850,2025-02-04,NYI,VGK,1,0.466126,0.533874,VGK,0
logistic_engineered,20232024,20242025,20242025,2024020851,2025-02-04,STL,EDM,0,0.425266,0.574734,EDM,1
logistic_engineered,20232024,20242025,20242025,2024020852,2025-02-04,WPG,CAR,1,0.585229,0.414771,WPG,1
logistic_engineered,20232024,20242025,20242025,2024020853,2025-02-04,CGY,TOR,0,0.459931,0.540069,TOR,1
logistic_engineered,20232024,20242025,20242025,2024020854,2025-02-04,UTA,PHI,1,0.554289,0.445711,UTA,1
logistic_engineered,20232024,20242025,20242025,2024020855,2025-02-04,VAN,COL,1,0.482115,0.517885,COL,0
logistic_engineered,20232024,20242025,20242025,2024020856,2025-02-04,ANA,DAL,1,0.337783,0.662217,DAL,0
logistic_engineered,20232024,20242025,20242025,2024020857,2025-02-04,SEA,DET,0,0.476876,0.523124,DET,1
logistic_engineered,20232024,20242025,20242025,2024020858,2025-02-04,SJS,MTL,0,0.450943,0.549057,MTL,1
logistic_engineered,20232024,20242025,20242025,2024020859,2025-02-05,NYR,BOS,1,0.626168,0.373832,NYR,1
logistic_engineered,20232024,20242025,20242025,2024020860,2025-02-05,CHI,EDM,0,0.377709,0.622291,EDM,1
logistic_engineered,20232024,20242025,20242025,2024020861,2025-02-05,LAK,MTL,1,0.682247,0.317753,LAK,1
logistic_engineered,20232024,20242025,20242025,2024020862,2025-02-06,TBL,OTT,1,0.592489,0.407511,TBL,1
logistic_engineered,20232024,20242025,20242025,2024020863,2025-02-06,NJD,VGK,0,0.498626,0.501374,VGK,1
logistic_engineered,20232024,20242025,20242025,2024020864,2025-02-06,PHI,WSH,0,0.434278,0.565722,WSH,1
logistic_engineered,20232024,20242025,20242025,2024020865,2025-02-06,CBJ,UTA,0,0.522682,0.477318,CBJ,0
logistic_engineered,20232024,20242025,20242025,2024020866,2025-02-06,STL,FLA,0,0.429197,0.570803,FLA,1
logistic_engineered,20232024,20242025,20242025,2024020867,2025-02-06,MIN,CAR,1,0.452229,0.547771,CAR,0
logistic_engineered,20232024,20242025,20242025,2024020868,2025-02-06,CGY,COL,0,0.471953,0.528047,COL,1
logistic_engineered,20232024,20242025,20242025,2024020869,2025-02-06,SEA,TOR,0,0.436139,0.563861,TOR,1
logistic_engineered,20232024,20242025,20242025,2024020870,2025-02-06,SJS,VAN,0,0.338588,0.661412,VAN,1
logistic_engineered,20232024,20242025,20242025,2024020871,2025-02-07,NYR,PIT,0,0.637635,0.362365,NYR,0
logistic_engineered,20232024,20242025,20242025,2024020872,2025-02-07,WPG,NYI,1,0.680711,0.319289,WPG,1
logistic_engineered,20232024,20242025,20242025,2024020873,2025-02-07,CHI,NSH,1,0.392075,0.607925,NSH,0
logistic_engineered,20232024,20242025,20242025,2024020874,2025-02-07,EDM,COL,0,0.364056,0.635944,COL,1
logistic_engineered,20232024,20242025,20242025,2024020875,2025-02-07,LAK,DAL,1,0.451404,0.548596,DAL,0
logistic_engineered,20232024,20242025,20242025,2024020876,2025-02-08,MTL,NJD,0,0.461829,0.538171,NJD,1
logistic_engineered,20232024,20242025,20242025,2024020877,2025-02-08,DET,TBL,0,0.391284,0.608716,TBL,1
logistic_engineered,20232024,20242025,20242025,2024020878,2025-02-08,CAR,UTA,1,0.621534,0.378466,CAR,1
logistic_engineered,20232024,20242025,20242025,2024020879,2025-02-08,BOS,VGK,0,0.489974,0.510026,VGK,1
logistic_engineered,20232024,20242025,20242025,2024020880,2025-02-08,FLA,OTT,1,0.631853,0.368147,FLA,1
logistic_engineered,20232024,20242025,20242025,2024020881,2025-02-08,PHI,PIT,1,0.556182,0.443818,PHI,1
logistic_engineered,20232024,20242025,20242025,2024020882,2025-02-08,CBJ,NYR,0,0.486356,0.513644,NYR,1
logistic_engineered,20232024,20242025,20242025,2024020883,2025-02-08,STL,CHI,1,0.704508,0.295492,STL,1
logistic_engineered,20232024,20242025,20242025,2024020884,2025-02-08,VAN,TOR,1,0.222277,0.777723,TOR,0
logistic_engineered,20232024,20242025,20242025,2024020885,2025-02-08,NSH,BUF,1,0.381438,0.618562,BUF,0
logistic_engineered,20232024,20242025,20242025,2024020886,2025-02-08,MIN,NYI,1,0.616012,0.383988,MIN,1
logistic_engineered,20232024,20242025,20242025,2024020887,2025-02-08,CGY,SEA,0,0.536181,0.463819,CGY,0
logistic_engineered,20232024,20242025,20242025,2024020888,2025-02-08,LAK,ANA,0,0.543492,0.456508,LAK,0
logistic_engineered,20232024,20242025,20242025,2024020889,2025-02-08,SJS,DAL,0,0.33427,0.66573,DAL,1
logistic_engineered,20232024,20242025,20242025,2024020890,2025-02-09,WSH,UTA,0,0.858583,0.141417,WSH,0
logistic_engineered,20232024,20242025,20242025,2024020891,2025-02-09,MTL,TBL,0,0.154775,0.845225,TBL,1
logistic_engineered,20232024,20242025,20242025,2024020892,2025-02-22,PHI,EDM,1,0.378405,0.621595,EDM,0
logistic_engineered,20232024,20242025,20242025,2024020893,2025-02-22,PIT,WSH,0,0.195774,0.804226,WSH,1
logistic_engineered,20232024,20242025,20242025,2024020894,2025-02-22,DET,MIN,0,0.485551,0.514449,MIN,1
logistic_engineered,20232024,20242025,20242025,2024020895,2025-02-22,BUF,NYR,1,0.699144,0.300856,BUF,1
logistic_engineered,20232024,20242025,20242025,2024020896,2025-02-22,FLA,SEA,0,0.617756,0.382244,FLA,0
logistic_engineered,20232024,20242025,20242025,2024020897,2025-02-22,NJD,DAL,0,0.424845,0.575155,DAL,1
logistic_engineered,20232024,20242025,20242025,2024020898,2025-02-22,NSH,COL,1,0.435418,0.564582,COL,0
logistic_engineered,20232024,20242025,20242025,2024020899,2025-02-22,BOS,ANA,0,0.823544,0.176456,BOS,0
logistic_engineered,20232024,20242025,20242025,2024020900,2025-02-22,TOR,CAR,1,0.502459,0.497541,TOR,1
logistic_engineered,20232024,20242025,20242025,2024020901,2025-02-22,OTT,MTL,0,0.32036,0.67964,MTL,1
logistic_engineered,20232024,20242025,20242025,2024020902,2025-02-22,CBJ,CHI,1,0.66791,0.33209,CBJ,1
logistic_engineered,20232024,20242025,20242025,2024020903,2025-02-22,STL,WPG,0,0.364012,0.635988,WPG,1
logistic_engineered,20232024,20242025,20242025,2024020904,2025-02-22,LAK,UTA,1,0.588099,0.411901,LAK,1
logistic_engineered,20232024,20242025,20242025,2024020905,2025-02-22,VGK,VAN,1,0.540902,0.459098,VGK,1
logistic_engineered,20232024,20242025,20242025,2024020906,2025-02-23,WSH,EDM,1,0.481208,0.518792,EDM,0
logistic_engineered,20232024,20242025,20242025,2024020907,2025-02-23,PIT,NYR,0,0.387805,0.612195,NYR,1
logistic_engineered,20232024,20242025,20242025,2024020908,2025-02-23,DET,ANA,1,0.581358,0.418642,DET,1
logistic_engineered,20232024,20242025,20242025,2024020909,2025-02-23,TBL,SEA,1,0.704351,0.295649,TBL,1
logistic_engineered,20232024,20242025,20242025,2024020910,2025-02-23,STL,COL,1,0.417687,0.582313,COL,0
logistic_engineered,20232024,20242025,20242025,2024020911,2025-02-23,NSH,NJD,0,0.497052,0.502948,NJD,1
logistic_engineered,20232024,20242025,20242025,2024020912,2025-02-23,CHI,TOR,0,0.299947,0.700053,TOR,1
logistic_engineered,20232024,20242025,20242025,2024020913,2025-02-23,NYI,DAL,0,0.47139,0.52861,DAL,1
logistic_engineered,20232024,20242025,20242025,2024020914,2025-02-23,CGY,SJS,1,0.703403,0.296597,CGY,1
logistic_engineered,20232024,20242025,20242025,2024020915,2025-02-23,UTA,VAN,1,0.439337,0.560663,VAN,0
logistic_engineered,20232024,20242025,20242025,2024020916,2025-02-24,WPG,SJS,1,0.855307,0.144693,WPG,1
logistic_engineered,20232024,20242025,20242025,2024020917,2025-02-24,LAK,VGK,1,0.518959,0.481041,LAK,1
logistic_engineered,20232024,20242025,20242025,2024020918,2025-02-25,BOS,TOR,0,0.47757,0.52243,TOR,1
logistic_engineered,20232024,20242025,20242025,2024020919,2025-02-25,BUF,ANA,1,0.635644,0.364356,BUF,1
logistic_engineered,20232024,20242025,20242025,2024020920,2025-02-25,MTL,CAR,1,0.386942,0.613058,CAR,0
logistic_engineered,20232024,20242025,20242025,2024020921,2025-02-25,TBL,EDM,1,0.517927,0.482073,TBL,1
logistic_engineered,20232024,20242025,20242025,2024020922,2025-02-25,PHI,PIT,1,0.547172,0.452828,PHI,1
logistic_engineered,20232024,20242025,20242025,2024020923,2025-02-25,WSH,CGY,0,0.634732,0.365268,WSH,0
logistic_engineered,20232024,20242025,20242025,2024020924,2025-02-25,CBJ,DAL,1,0.38132,0.61868,DAL,0
logistic_engineered,20232024,20242025,20242025,2024020925,2025-02-25,NYI,NYR,0,0.210051,0.789949,NYR,1
logistic_engineered,20232024,20242025,20242025,2024020926,2025-02-25,STL,SEA,1,0.768609,0.231391,STL,1
logistic_engineered,20232024,20242025,20242025,2024020927,2025-02-25,NSH,FLA,0,0.426811,0.573189,FLA,1
logistic_engineered,20232024,20242025,20242025,2024020928,2025-02-25,MIN,DET,0,0.557263,0.442737,MIN,0
logistic_engineered,20232024,20242025,20242025,2024020929,2025-02-25,UTA,CHI,1,0.652052,0.347948,UTA,1
logistic_engineered,20232024,20242025,20242025,2024020930,2025-02-26,OTT,WPG,0,0.37724,0.62276,WPG,1
logistic_engineered,20232024,20242025,20242025,2024020931,2025-02-26,COL,NJD,1,0.787216,0.212784,COL,1
logistic_engineered,20232024,20242025,20242025,2024020932,2025-02-26,LAK,VAN,0,0.539986,0.460014,LAK,0
logistic_engineered,20232024,20242025,20242025,2024020933,2025-02-27,BOS,NYI,0,0.537113,0.462887,BOS,0
logistic_engineered,20232024,20242025,20242025,2024020934,2025-02-27,MTL,SJS,1,0.64286,0.35714,MTL,1
logistic_engineered,20232024,20242025,20242025,2024020935,2025-02-27,DET,CBJ,0,0.570501,0.429499,DET,0
logistic_engineered,20232024,20242025,20242025,2024020936,2025-02-27,TBL,CGY,1,0.632078,0.367922,TBL,1
logistic_engineered,20232024,20242025,20242025,2024020937,2025-02-27,FLA,EDM,1,0.526171,0.473829,FLA,1
logistic_engineered,20232024,20242025,20242025,2024020938,2025-02-27,PIT,PHI,1,0.265384,0.734616,PHI,0
logistic_engineered,20232024,20242025,20242025,2024020939,2025-02-27,WSH,STL,0,0.607873,0.392127,WSH,0
logistic_engineered,20232024,20242025,20242025,2024020940,2025-02-27,CAR,BUF,1,0.788106,0.211894,CAR,1
logistic_engineered,20232024,20242025,20242025,2024020941,2025-02-27,NSH,WPG,1,0.410401,0.589599,WPG,0
logistic_engineered,20232024,20242025,20242025,2024020942,2025-02-27,UTA,MIN,1,0.495295,0.504705,MIN,0
logistic_engineered,20232024,20242025,20242025,2024020943,2025-02-27,VGK,CHI,1,0.870464,0.129536,VGK,1
logistic_engineered,20232024,20242025,20242025,2024020944,2025-02-27,ANA,VAN,1,0.484014,0.515986,VAN,0
logistic_engineered,20232024,20242025,20242025,2024020945,2025-02-28,NYR,TOR,0,0.501572,0.498428,NYR,0
logistic_engineered,20232024,20242025,20242025,2024020946,2025-02-28,DAL,LAK,1,0.620677,0.379323,DAL,1
logistic_engineered,20232024,20242025,20242025,2024020947,2025-02-28,COL,MIN,1,0.661319,0.338681,COL,1
logistic_engineered,20232024,20242025,20242025,2024020948,2025-03-01,CBJ,DET,1,0.529506,0.470494,CBJ,1
logistic_engineered,20232024,20242025,20242025,2024020949,2025-03-01,NYI,NSH,1,0.559775,0.440225,NYI,1
logistic_engineered,20232024,20242025,20242025,2024020950,2025-03-01,WSH,TBL,0,0.513046,0.486954,WSH,0
logistic_engineered,20232024,20242025,20242025,2024020951,2025-03-01,FLA,CGY,1,0.638902,0.361098,FLA,1
logistic_engineered,20232024,20242025,20242025,2024020952,2025-03-01,PIT,BOS,0,0.491166,0.508834,BOS,1
logistic_engineered,20232024,20242025,20242025,2024020953,2025-03-01,BUF,MTL,0,0.60497,0.39503,BUF,0
logistic_engineered,20232024,20242025,20242025,2024020954,2025-03-01,OTT,SJS,1,0.722708,0.277292,OTT,1
logistic_engineered,20232024,20242025,20242025,2024020955,2025-03-01,CAR,EDM,0,0.539086,0.460914,CAR,0
logistic_engineered,20232024,20242025,20242025,2024020956,2025-03-01,WPG,PHI,0,0.693814,0.306186,WPG,0
logistic_engineered,20232024,20242025,20242025,2024020957,2025-03-01,STL,LAK,1,0.561176,0.438824,STL,1
logistic_engineered,20232024,20242025,20242025,2024020958,2025-03-01,UTA,NJD,0,0.516112,0.483888,UTA,0
logistic_engineered,20232024,20242025,20242025,2024020959,2025-03-01,ANA,CHI,0,0.620956,0.379044,ANA,0
logistic_engineered,20232024,20242025,20242025,2024020960,2025-03-01,SEA,VAN,1,0.475624,0.524376,VAN,0
logistic_engineered,20232024,20242025,20242025,2024020961,2025-03-02,PIT,TOR,0,0.320331,0.679669,TOR,1
logistic_engineered,20232024,20242025,20242025,2024020962,2025-03-02,MIN,BOS,1,0.586169,0.413831,MIN,1
logistic_engineered,20232024,20242025,20242025,2024020963,2025-03-02,CAR,CGY,1,0.585605,0.414395,CAR,1
logistic_engineered,20232024,20242025,20242025,2024020964,2025-03-02,DAL,STL,1,0.863635,0.136365,DAL,1
logistic_engineered,20232024,20242025,20242025,2024020965,2025-03-02,NYR,NSH,1,0.663953,0.336047,NYR,1
logistic_engineered,20232024,20242025,20242025,2024020966,2025-03-02,VGK,NJD,1,0.603234,0.396766,VGK,1
logistic_engineered,20232024,20242025,20242025,2024020967,2025-03-03,WSH,OTT,1,0.588705,0.411295,WSH,1
logistic_engineered,20232024,20242025,20242025,2024020968,2025-03-03,MTL,BUF,1,0.476237,0.523763,BUF,0
logistic_engineered,20232024,20242025,20242025,2024020969,2025-03-03,FLA,TBL,1,0.527505,0.472495,FLA,1
logistic_engineered,20232024,20242025,20242025,2024020970,2025-03-03,NYR,NYI,1,0.451615,0.548385,NYI,0
logistic_engineered,20232024,20242025,20242025,2024020971,2025-03-03,TOR,SJS,0,0.691643,0.308357,TOR,0
logistic_engineered,20232024,20242025,20242025,2024020972,2025-03-03,CHI,LAK,1,0.360572,0.639428,LAK,0
logistic_engineered,20232024,20242025,20242025,2024020973,2025-03-04,BOS,NSH,0,0.582965,0.417035,BOS,0
logistic_engineered,20232024,20242025,20242025,2024020974,2025-03-04,BUF,SJS,0,0.684081,0.315919,BUF,0
logistic_engineered,20232024,20242025,20242025,2024020975,2025-03-04,DET,CAR,0,0.495197,0.504803,CAR,1
logistic_engineered,20232024,20242025,20242025,2024020976,2025-03-04,TBL,CBJ,1,0.556761,0.443239,TBL,1
logistic_engineered,20232024,20242025,20242025,2024020977,2025-03-04,PHI,CGY,0,0.282026,0.717974,CGY,1
logistic_engineered,20232024,20242025,20242025,2024020978,2025-03-04,NYI,WPG,1,0.303826,0.696174,WPG,0
logistic_engineered,20232024,20242025,20242025,2024020979,2025-03-04,DAL,NJD,1,0.646371,0.353629,DAL,1
logistic_engineered,20232024,20242025,20242025,2024020980,2025-03-04,COL,PIT,1,0.643567,0.356433,COL,1
logistic_engineered,20232024,20242025,20242025,2024020981,2025-03-04,EDM,ANA,0,0.403464,0.596536,ANA,1
logistic_engineered,20232024,20242025,20242025,2024020982,2025-03-04,SEA,MIN,0,0.497054,0.502946,MIN,1
logistic_engineered,20232024,20242025,20242025,2024020983,2025-03-05,NYR,WSH,0,0.510119,0.489881,NYR,0
logistic_engineered,20232024,20242025,20242025,2024020984,2025-03-05,CHI,OTT,0,0.411103,0.588897,OTT,1
logistic_engineered,20232024,20242025,20242025,2024020985,2025-03-05,VGK,TOR,1,0.712889,0.287111,VGK,1
logistic_engineered,20232024,20242025,20242025,2024020986,2025-03-05,VAN,ANA,1,0.849276,0.150724,VAN,1
logistic_engineered,20232024,20242025,20242025,2024020987,2025-03-05,LAK,STL,0,0.555803,0.444197,LAK,0
logistic_engineered,20232024,20242025,20242025,2024020988,2025-03-06,DET,UTA,0,0.583844,0.416156,DET,0
logistic_engineered,20232024,20242025,20242025,2024020989,2025-03-06,TBL,BUF,1,0.613437,0.386563,TBL,1
logistic_engineered,20232024,20242025,20242025,2024020990,2025-03-06,FLA,CBJ,1,0.657707,0.342293,FLA,1
logistic_engineered,20232024,20242025,20242025,2024020991,2025-03-06,PHI,WPG,0,0.397988,0.602012,WPG,1
logistic_engineered,20232024,20242025,20242025,2024020992,2025-03-06,CAR,BOS,1,0.587675,0.412325,CAR,1
logistic_engineered,20232024,20242025,20242025,2024020993,2025-03-06,NSH,SEA,1,0.550525,0.449475,NSH,1
logistic_engineered,20232024,20242025,20242025,2024020994,2025-03-06,DAL,CGY,1,0.680345,0.319655,DAL,1
logistic_engineered,20232024,20242025,20242025,2024020995,2025-03-06,EDM,MTL,1,0.628056,0.371944,EDM,1
logistic_engineered,20232024,20242025,20242025,2024020996,2025-03-06,COL,SJS,1,0.768202,0.231798,COL,1
logistic_engineered,20232024,20242025,20242025,2024020997,2025-03-07,NJD,WPG,0,0.482236,0.517764,WPG,1
logistic_engineered,20232024,20242025,20242025,2024020998,2025-03-07,WSH,DET,1,0.666288,0.333712,WSH,1
logistic_engineered,20232024,20242025,20242025,2024020999,2025-03-07,CHI,UTA,1,0.484483,0.515517,UTA,0
logistic_engineered,20232024,20242025,20242025,2024021000,2025-03-07,VAN,MIN,1,0.518425,0.481575,VAN,1
logistic_engineered,20232024,20242025,20242025,2024021001,2025-03-07,VGK,PIT,1,0.605494,0.394506,VGK,1
logistic_engineered,20232024,20242025,20242025,2024021002,2025-03-07,ANA,STL,0,0.456482,0.543518,STL,1
logistic_engineered,20232024,20242025,20242025,2024021003,2025-03-08,OTT,NYR,1,0.494162,0.505838,NYR,0
logistic_engineered,20232024,20242025,20242025,2024021004,2025-03-08,PHI,SEA,0,0.520244,0.479756,PHI,0
logistic_engineered,20232024,20242025,20242025,2024021005,2025-03-08,TBL,BOS,0,0.605883,0.394117,TBL,0
logistic_engineered,20232024,20242025,20242025,2024021006,2025-03-08,FLA,BUF,1,0.631259,0.368741,FLA,1
logistic_engineered,20232024,20242025,20242025,2024021007,2025-03-08,COL,TOR,1,0.559503,0.440497,COL,1
logistic_engineered,20232024,20242025,20242025,2024021008,2025-03-08,CGY,MTL,1,0.543017,0.456983,CGY,1
logistic_engineered,20232024,20242025,20242025,2024021009,2025-03-08,NSH,CHI,1,0.720392,0.279608,NSH,1
logistic_engineered,20232024,20242025,20242025,2024021010,2025-03-08,LAK,STL,1,0.623544,0.376456,LAK,1
logistic_engineered,20232024,20242025,20242025,2024021011,2025-03-08,EDM,DAL,1,0.452909,0.547091,DAL,0
logistic_engineered,20232024,20242025,20242025,2024021012,2025-03-08,SJS,NYI,0,0.36727,0.63273,NYI,1
logistic_engineered,20232024,20242025,20242025,2024021013,2025-03-09,PHI,NJD,0,0.402077,0.597923,NJD,1
logistic_engineered,20232024,20242025,20242025,2024021014,2025-03-09,WSH,SEA,1,0.707374,0.292626,WSH,1
logistic_engineered,20232024,20242025,20242025,2024021015,2025-03-09,MIN,PIT,0,0.572783,0.427217,MIN,0
logistic_engineered,20232024,20242025,20242025,2024021016,2025-03-09,CAR,WPG,1,0.485467,0.514533,WPG,0
logistic_engineered,20232024,20242025,20242025,2024021017,2025-03-09,NYR,CBJ,0,0.518168,0.481832,NYR,0
logistic_engineered,20232024,20242025,20242025,2024021018,2025-03-09,VGK,LAK,0,0.608249,0.391751,VGK,0
logistic_engineered,20232024,20242025,20242025,2024021019,2025-03-09,VAN,DAL,0,0.500557,0.499443,VAN,0
logistic_engineered,20232024,20242025,20242025,2024021020,2025-03-09,ANA,NYI,1,0.548125,0.451875,ANA,1
logistic_engineered,20232024,20242025,20242025,2024021021,2025-03-10,BUF,EDM,1,0.456952,0.543048,EDM,0
logistic_engineered,20232024,20242025,20242025,2024021022,2025-03-10,OTT,DET,1,0.532317,0.467683,OTT,1
logistic_engineered,20232024,20242025,20242025,2024021023,2025-03-10,COL,CHI,1,0.758249,0.241751,COL,1
logistic_engineered,20232024,20242025,20242025,2024021024,2025-03-10,UTA,TOR,0,0.44399,0.55601,TOR,1
logistic_engineered,20232024,20242025,20242025,2024021025,2025-03-11,BOS,FLA,1,0.441421,0.558579,FLA,0
logistic_engineered,20232024,20242025,20242025,2024021026,2025-03-11,NJD,CBJ,1,0.574202,0.425798,NJD,1
logistic_engineered,20232024,20242025,20242025,2024021027,2025-03-11,PHI,OTT,0,0.564491,0.435509,PHI,0
logistic_engineered,20232024,20242025,20242025,2024021028,2025-03-11,PIT,VGK,1,0.435183,0.564817,VGK,0
logistic_engineered,20232024,20242025,20242025,2024021029,2025-03-11,CAR,TBL,1,0.528807,0.471193,CAR,1
logistic_engineered,20232024,20242025,20242025,2024021030,2025-03-11,MIN,COL,1,0.49125,0.50875,COL,0
logistic_engineered,20232024,20242025,20242025,2024021031,2025-03-11,WPG,NYR,1,0.604244,0.395756,WPG,1
logistic_engineered,20232024,20242025,20242025,2024021032,2025-03-11,VAN,MTL,0,0.580589,0.419411,VAN,0
logistic_engineered,20232024,20242025,20242025,2024021033,2025-03-11,ANA,WSH,0,0.396834,0.603166,WSH,1
logistic_engineered,20232024,20242025,20242025,2024021034,2025-03-11,LAK,NYI,1,0.592786,0.407214,LAK,1
logistic_engineered,20232024,20242025,20242025,2024021035,2025-03-11,SJS,NSH,0,0.387115,0.612885,NSH,1
logistic_engineered,20232024,20242025,20242025,2024021036,2025-03-12,DET,BUF,1,0.52589,0.47411,DET,1
logistic_engineered,20232024,20242025,20242025,2024021037,2025-03-12,CGY,VAN,0,0.561,0.439,CGY,0
logistic_engineered,20232024,20242025,20242025,2024021038,2025-03-12,UTA,ANA,1,0.637031,0.362969,UTA,1
logistic_engineered,20232024,20242025,20242025,2024021039,2025-03-12,SEA,MTL,1,0.641146,0.358854,SEA,1
logistic_engineered,20232024,20242025,20242025,2024021040,2025-03-13,TOR,FLA,0,0.509203,0.490797,TOR,0
logistic_engineered,20232024,20242025,20242025,2024021041,2025-03-13,OTT,BOS,1,0.751221,0.248779,OTT,1
logistic_engineered,20232024,20242025,20242025,2024021042,2025-03-13,NJD,EDM,1,0.458203,0.541797,EDM,0
logistic_engineered,20232024,20242025,20242025,2024021043,2025-03-13,PHI,TBL,1,0.431933,0.568067,TBL,0
logistic_engineered,20232024,20242025,20242025,2024021044,2025-03-13,PIT,STL,1,0.710858,0.289142,PIT,1
logistic_engineered,20232024,20242025,20242025,2024021045,2025-03-13,CBJ,VGK,0,0.46457,0.53543,VGK,1
logistic_engineered,20232024,20242025,20242025,2024021046,2025-03-13,MIN,NYR,0,0.491496,0.508504,NYR,1
logistic_engineered,20232024,20242025,20242025,2024021047,2025-03-13,LAK,WSH,1,0.482409,0.517591,WSH,0
logistic_engineered,20232024,20242025,20242025,2024021048,2025-03-13,SJS,CHI,1,0.523796,0.476204,SJS,1
logistic_engineered,20232024,20242025,20242025,2024021049,2025-03-14,CAR,DET,1,0.615313,0.384687,CAR,1
logistic_engineered,20232024,20242025,20242025,2024021050,2025-03-14,NYI,EDM,0,0.515472,0.484528,NYI,0
logistic_engineered,20232024,20242025,20242025,2024021051,2025-03-14,WPG,DAL,1,0.513304,0.486696,WPG,1
logistic_engineered,20232024,20242025,20242025,2024021052,2025-03-14,CGY,COL,0,0.408953,0.591047,COL,1
logistic_engineered,20232024,20242025,20242025,2024021053,2025-03-14,ANA,NSH,1,0.467525,0.532475,NSH,0
logistic_engineered,20232024,20242025,20242025,2024021054,2025-03-14,SEA,UTA,1,0.557968,0.442032,SEA,1
logistic_engineered,20232024,20242025,20242025,2024021055,2025-03-15,BUF,VGK,1,0.465116,0.534884,VGK,0
logistic_engineered,20232024,20242025,20242025,2024021056,2025-03-15,PIT,NJD,1,0.495371,0.504629,NJD,0
logistic_engineered,20232024,20242025,20242025,2024021057,2025-03-15,SJS,WSH,0,0.140471,0.859529,WSH,1
logistic_engineered,20232024,20242025,20242025,2024021058,2025-03-15,BOS,TBL,0,0.465742,0.534258,TBL,1
logistic_engineered,20232024,20242025,20242025,2024021059,2025-03-15,TOR,OTT,0,0.57807,0.42193,TOR,0
logistic_engineered,20232024,20242025,20242025,2024021060,2025-03-15,MTL,FLA,1,0.408902,0.591098,FLA,0
logistic_engineered,20232024,20242025,20242025,2024021061,2025-03-15,PHI,CAR,0,0.512646,0.487354,PHI,0
logistic_engineered,20232024,20242025,20242025,2024021062,2025-03-15,CBJ,NYR,0,0.436168,0.563832,NYR,1
logistic_engineered,20232024,20242025,20242025,2024021063,2025-03-15,MIN,STL,0,0.511919,0.488081,MIN,0
logistic_engineered,20232024,20242025,20242025,2024021064,2025-03-15,LAK,NSH,1,0.649508,0.350492,LAK,1
logistic_engineered,20232024,20242025,20242025,2024021065,2025-03-15,VAN,CHI,1,0.689117,0.310883,VAN,1
logistic_engineered,20232024,20242025,20242025,2024021066,2025-03-16,DET,VGK,1,0.527915,0.472085,DET,1
logistic_engineered,20232024,20242025,20242025,2024021067,2025-03-16,COL,DAL,1,0.50316,0.49684,COL,1
logistic_engineered,20232024,20242025,20242025,2024021068,2025-03-16,STL,ANA,1,0.75819,0.24181,STL,1
logistic_engineered,20232024,20242025,20242025,2024021069,2025-03-16,NYR,EDM,0,0.399566,0.600434,EDM,1
logistic_engineered,20232024,20242025,20242025,2024021070,2025-03-16,NYI,FLA,1,0.494163,0.505837,FLA,0
logistic_engineered,20232024,20242025,20242025,2024021071,2025-03-16,VAN,UTA,0,0.460009,0.539991,UTA,1
logistic_engineered,20232024,20242025,20242025,2024021072,2025-03-16,SEA,WPG,0,0.642809,0.357191,SEA,0
logistic_engineered,20232024,20242025,20242025,2024021073,2025-03-17,BOS,BUF,0,0.551519,0.448481,BOS,0
logistic_engineered,20232024,20242025,20242025,2024021074,2025-03-17,TBL,PHI,1,0.669148,0.330852,TBL,1
logistic_engineered,20232024,20242025,20242025,2024021075,2025-03-17,CBJ,NJD,0,0.500946,0.499054,CBJ,0
logistic_engineered,20232024,20242025,20242025,2024021076,2025-03-17,TOR,CGY,1,0.823954,0.176046,TOR,1
logistic_engineered,20232024,20242025,20242025,2024021077,2025-03-17,MIN,LAK,1,0.49162,0.50838,LAK,0
logistic_engineered,20232024,20242025,20242025,2024021078,2025-03-18,MTL,OTT,1,0.4871,0.5129,OTT,0
logistic_engineered,20232024,20242025,20242025,2024021079,2025-03-18,NYR,CGY,0,0.676078,0.323922,NYR,0
logistic_engineered,20232024,20242025,20242025,2024021080,2025-03-18,PIT,NYI,0,0.549154,0.450846,PIT,0
logistic_engineered,20232024,20242025,20242025,2024021081,2025-03-18,WSH,DET,1,0.600699,0.399301,WSH,1
logistic_engineered,20232024,20242025,20242025,2024021082,2025-03-18,NSH,STL,0,0.499849,0.500151,STL,1
logistic_engineered,20232024,20242025,20242025,2024021083,2025-03-18,DAL,ANA,1,0.704355,0.295645,DAL,1
logistic_engineered,20232024,20242025,20242025,2024021084,2025-03-18,CHI,SEA,0,0.380683,0.619317,SEA,1
logistic_engineered,20232024,20242025,20242025,2024021085,2025-03-18,EDM,UTA,1,0.816303,0.183697,EDM,1
logistic_engineered,20232024,20242025,20242025,2024021086,2025-03-18,VAN,WPG,1,0.411727,0.588273,WPG,0
logistic_engineered,20232024,20242025,20242025,2024021087,2025-03-19,TOR,COL,1,0.501388,0.498612,TOR,1
logistic_engineered,20232024,20242025,20242025,2024021088,2025-03-19,MIN,SEA,1,0.561536,0.438464,MIN,1
logistic_engineered,20232024,20242025,20242025,2024021089,2025-03-20,OTT,COL,0,0.252696,0.747304,COL,1
logistic_engineered,20232024,20242025,20242025,2024021090,2025-03-20,NJD,CGY,0,0.597016,0.402984,NJD,0
logistic_engineered,20232024,20242025,20242025,2024021091,2025-03-20,NYR,TOR,0,0.568469,0.431531,NYR,0
logistic_engineered,20232024,20242025,20242025,2024021092,2025-03-20,WSH,PHI,1,0.637049,0.362951,WSH,1
logistic_engineered,20232024,20242025,20242025,2024021093,2025-03-20,CBJ,FLA,0,0.398598,0.601402,FLA,1
logistic_engineered,20232024,20242025,20242025,2024021094,2025-03-20,NYI,MTL,1,0.552666,0.447334,NYI,1
logistic_engineered,20232024,20242025,20242025,2024021095,2025-03-20,STL,VAN,1,0.535278,0.464722,STL,1
logistic_engineered,20232024,20242025,20242025,2024021096,2025-03-20,NSH,ANA,0,0.599579,0.400421,NSH,0
logistic_engineered,20232024,20242025,20242025,2024021097,2025-03-20,DAL,TBL,0,0.558021,0.441979,DAL,0
logistic_engineered,20232024,20242025,20242025,2024021098,2025-03-20,CHI,LAK,0,0.350008,0.649992,LAK,1
logistic_engineered,20232024,20242025,20242025,2024021099,2025-03-20,EDM,WPG,0,0.231187,0.768813,WPG,1
logistic_engineered,20232024,20242025,20242025,2024021100,2025-03-20,UTA,BUF,1,0.522388,0.477612,UTA,1
logistic_engineered,20232024,20242025,20242025,2024021101,2025-03-20,VGK,BOS,1,0.587679,0.412321,VGK,1
logistic_engineered,20232024,20242025,20242025,2024021102,2025-03-20,SJS,CAR,0,0.329741,0.670259,CAR,1
logistic_engineered,20232024,20242025,20242025,2024021103,2025-03-21,PIT,CBJ,1,0.658967,0.341033,PIT,1
logistic_engineered,20232024,20242025,20242025,2024021104,2025-03-22,NYR,VAN,1,0.516883,0.483117,NYR,1
logistic_engineered,20232024,20242025,20242025,2024021105,2025-03-22,DAL,PHI,1,0.872657,0.127343,DAL,1
logistic_engineered,20232024,20242025,20242025,2024021106,2025-03-22,MIN,BUF,1,0.556006,0.443994,MIN,1
logistic_engineered,20232024,20242025,20242025,2024021107,2025-03-22,STL,CHI,1,0.724224,0.275776,STL,1
logistic_engineered,20232024,20242025,20242025,2024021108,2025-03-22,NYI,CGY,0,0.555572,0.444428,NYI,0
logistic_engineered,20232024,20242025,20242025,2024021109,2025-03-22,LAK,CAR,1,0.497381,0.502619,CAR,0
logistic_engineered,20232024,20242025,20242025,2024021110,2025-03-22,WSH,FLA,1,0.52098,0.47902,WSH,1
logistic_engineered,20232024,20242025,20242025,2024021111,2025-03-22,UTA,TBL,1,0.443631,0.556369,TBL,0
logistic_engineered,20232024,20242025,20242025,2024021112,2025-03-22,MTL,COL,0,0.400006,0.599994,COL,1
logistic_engineered,20232024,20242025,20242025,2024021113,2025-03-22,NJD,OTT,0,0.525467,0.474533,NJD,0
logistic_engineered,20232024,20242025,20242025,2024021114,2025-03-22,NSH,TOR,1,0.427206,0.572794,TOR,0
logistic_engineered,20232024,20242025,20242025,2024021115,2025-03-22,VGK,DET,1,0.582622,0.417378,VGK,1
logistic_engineered,20232024,20242025,20242025,2024021116,2025-03-22,EDM,SEA,1,0.610803,0.389197,EDM,1
logistic_engineered,20232024,20242025,20242025,2024021117,2025-03-22,SJS,BOS,1,0.402582,0.597418,BOS,0
logistic_engineered,20232024,20242025,20242025,2024021118,2025-03-23,CHI,PHI,1,0.402175,0.597825,PHI,0
logistic_engineered,20232024,20242025,20242025,2024021119,2025-03-23,WPG,BUF,0,0.727119,0.272881,WPG,0
logistic_engineered,20232024,20242025,20242025,2024021120,2025-03-23,FLA,PIT,1,0.516691,0.483309,FLA,1
logistic_engineered,20232024,20242025,20242025,2024021121,2025-03-23,STL,NSH,1,0.589647,0.410353,STL,1
logistic_engineered,20232024,20242025,20242025,2024021122,2025-03-23,VGK,TBL,1,0.511296,0.488704,VGK,1
logistic_engineered,20232024,20242025,20242025,2024021123,2025-03-23,ANA,CAR,0,0.497007,0.502993,CAR,1
logistic_engineered,20232024,20242025,20242025,2024021124,2025-03-23,LAK,BOS,1,0.549645,0.450355,LAK,1
logistic_engineered,20232024,20242025,20242025,2024021125,2025-03-24,NJD,VAN,0,0.542134,0.457866,NJD,0
logistic_engineered,20232024,20242025,20242025,2024021126,2025-03-24,NYI,CBJ,0,0.597248,0.402752,NYI,0
logistic_engineered,20232024,20242025,20242025,2024021127,2025-03-24,DAL,MIN,1,0.640313,0.359687,DAL,1
logistic_engineered,20232024,20242025,20242025,2024021128,2025-03-24,UTA,DET,0,0.749222,0.250778,UTA,0
logistic_engineered,20232024,20242025,20242025,2024021129,2025-03-25,BUF,OTT,1,0.506448,0.493552,BUF,1
logistic_engineered,20232024,20242025,20242025,2024021130,2025-03-25,TOR,PHI,1,0.678043,0.321957,TOR,1
logistic_engineered,20232024,20242025,20242025,2024021131,2025-03-25,TBL,PIT,1,0.816719,0.183281,TBL,1
logistic_engineered,20232024,20242025,20242025,2024021132,2025-03-25,CAR,NSH,0,0.622092,0.377908,CAR,0
logistic_engineered,20232024,20242025,20242025,2024021133,2025-03-25,STL,MTL,1,0.819335,0.180665,STL,1
logistic_engineered,20232024,20242025,20242025,2024021134,2025-03-25,MIN,VGK,0,0.360209,0.639791,VGK,1
logistic_engineered,20232024,20242025,20242025,2024021135,2025-03-25,WPG,WSH,1,0.558163,0.441837,WPG,1
logistic_engineered,20232024,20242025,20242025,2024021136,2025-03-25,COL,DET,1,0.67909,0.32091,COL,1
logistic_engineered,20232024,20242025,20242025,2024021137,2025-03-25,CGY,SEA,1,0.529614,0.470386,CGY,1
logistic_engineered,20232024,20242025,20242025,2024021138,2025-03-25,LAK,NYR,1,0.525829,0.474171,LAK,1
logistic_engineered,20232024,20242025,20242025,2024021139,2025-03-26,NYI,VAN,0,0.25125,0.74875,VAN,1
logistic_engineered,20232024,20242025,20242025,2024021140,2025-03-26,CHI,NJD,0,0.386049,0.613951,NJD,1
logistic_engineered,20232024,20242025,20242025,2024021141,2025-03-26,EDM,DAL,0,0.236896,0.763104,DAL,1
logistic_engineered,20232024,20242025,20242025,2024021142,2025-03-26,ANA,BOS,1,0.482657,0.517343,BOS,0
logistic_engineered,20232024,20242025,20242025,2024021143,2025-03-27,BUF,PIT,1,0.767338,0.232662,BUF,1
logistic_engineered,20232024,20242025,20242025,2024021144,2025-03-27,DET,OTT,0,0.24788,0.75212,OTT,1
logistic_engineered,20232024,20242025,20242025,2024021145,2025-03-27,TBL,UTA,1,0.819566,0.180434,TBL,1
logistic_engineered,20232024,20242025,20242025,2024021146,2025-03-27,PHI,MTL,1,0.754798,0.245202,PHI,1
logistic_engineered,20232024,20242025,20242025,2024021147,2025-03-27,NSH,STL,0,0.472376,0.527624,STL,1
logistic_engineered,20232024,20242025,20242025,2024021148,2025-03-27,MIN,WSH,1,0.451673,0.548327,WSH,0
logistic_engineered,20232024,20242025,20242025,2024021149,2025-03-27,COL,LAK,1,0.571448,0.428552,COL,1
logistic_engineered,20232024,20242025,20242025,2024021150,2025-03-27,CGY,DAL,0,0.476064,0.523936,DAL,1
logistic_engineered,20232024,20242025,20242025,2024021151,2025-03-27,SEA,EDM,1,0.751449,0.248551,SEA,1
logistic_engineered,20232024,20242025,20242025,2024021152,2025-03-27,SJS,TOR,1,0.362853,0.637147,TOR,0
logistic_engineered,20232024,20242025,20242025,2024021153,2025-03-28,FLA,UTA,1,0.71802,0.28198,FLA,1
logistic_engineered,20232024,20242025,20242025,2024021154,2025-03-28,CAR,MTL,1,0.697758,0.302242,CAR,1
logistic_engineered,20232024,20242025,20242025,2024021155,2025-03-28,CBJ,VAN,1,0.446583,0.553417,VAN,0
logistic_engineered,20232024,20242025,20242025,2024021156,2025-03-28,WPG,NJD,1,0.650112,0.349888,WPG,1
logistic_engineered,20232024,20242025,20242025,2024021157,2025-03-28,CHI,VGK,0,0.329521,0.670479,VGK,1
logistic_engineered,20232024,20242025,20242025,2024021158,2025-03-28,ANA,NYR,1,0.409345,0.590655,NYR,0
logistic_engineered,20232024,20242025,20242025,2024021159,2025-03-29,PHI,BUF,1,0.478123,0.521877,BUF,0
logistic_engineered,20232024,20242025,20242025,2024021160,2025-03-29,TBL,NYI,1,0.626637,0.373363,TBL,1
logistic_engineered,20232024,20242025,20242025,2024021161,2025-03-29,COL,STL,0,0.567725,0.432275,COL,0
logistic_engineered,20232024,20242025,20242025,2024021162,2025-03-29,MIN,NJD,0,0.583687,0.416313,MIN,0
logistic_engineered,20232024,20242025,20242025,2024021163,2025-03-29,NSH,VGK,0,0.509161,0.490839,NSH,0
logistic_engineered,20232024,20242025,20242025,2024021164,2025-03-29,OTT,CBJ,1,0.680753,0.319247,OTT,1
logistic_engineered,20232024,20242025,20242025,2024021165,2025-03-29,LAK,TOR,0,0.516508,0.483492,LAK,0
logistic_engineered,20232024,20242025,20242025,2024021166,2025-03-29,DET,BOS,1,0.532651,0.467349,DET,1
logistic_engineered,20232024,20242025,20242025,2024021167,2025-03-29,EDM,CGY,1,0.595325,0.404675,EDM,1
logistic_engineered,20232024,20242025,20242025,2024021168,2025-03-29,SJS,NYR,0,0.400205,0.599795,NYR,1
logistic_engineered,20232024,20242025,20242025,2024021169,2025-03-29,SEA,DAL,0,0.401856,0.598144,DAL,1
logistic_engineered,20232024,20242025,20242025,2024021170,2025-03-30,FLA,MTL,0,0.661214,0.338786,FLA,0
logistic_engineered,20232024,20242025,20242025,2024021171,2025-03-30,WSH,BUF,0,0.671439,0.328561,WSH,0
logistic_engineered,20232024,20242025,20242025,2024021172,2025-03-30,WPG,VAN,1,0.620194,0.379806,WPG,1
logistic_engineered,20232024,20242025,20242025,2024021173,2025-03-30,CHI,UTA,0,0.472329,0.527671,UTA,1
logistic_engineered,20232024,20242025,20242025,2024021174,2025-03-30,PIT,OTT,1,0.616127,0.383873,PIT,1
logistic_engineered,20232024,20242025,20242025,2024021175,2025-03-30,CAR,NYI,1,0.694299,0.305701,CAR,1
logistic_engineered,20232024,20242025,20242025,2024021176,2025-03-30,ANA,TOR,0,0.491991,0.508009,TOR,1
logistic_engineered,20232024,20242025,20242025,2024021177,2025-03-30,LAK,SJS,1,0.724566,0.275434,LAK,1
logistic_engineered,20232024,20242025,20242025,2024021178,2025-03-31,NJD,MIN,1,0.53965,0.46035,NJD,1
logistic_engineered,20232024,20242025,20242025,2024021179,2025-03-31,PHI,NSH,1,0.537955,0.462045,PHI,1
logistic_engineered,20232024,20242025,20242025,2024021180,2025-03-31,COL,CGY,0,0.620885,0.379115,COL,0
logistic_engineered,20232024,20242025,20242025,2024021181,2025-03-31,SEA,DAL,0,0.405733,0.594267,DAL,1
logistic_engineered,20232024,20242025,20242025,2024021182,2025-04-01,BOS,WSH,0,0.488557,0.511443,WSH,1
logistic_engineered,20232024,20242025,20242025,2024021183,2025-04-01,MTL,FLA,1,0.423983,0.576017,FLA,0
logistic_engineered,20232024,20242025,20242025,2024021184,2025-04-01,OTT,BUF,0,0.541244,0.458756,OTT,0
logistic_engineered,20232024,20242025,20242025,2024021185,2025-04-01,CBJ,NSH,1,0.783428,0.216572,CBJ,1
logistic_engineered,20232024,20242025,20242025,2024021186,2025-04-01,NYI,TBL,0,0.424714,0.575286,TBL,1
logistic_engineered,20232024,20242025,20242025,2024021187,2025-04-01,STL,DET,1,0.626137,0.373863,STL,1
logistic_engineered,20232024,20242025,20242025,2024021188,2025-04-01,UTA,CGY,1,0.559615,0.440385,UTA,1
logistic_engineered,20232024,20242025,20242025,2024021189,2025-04-01,VGK,EDM,0,0.542559,0.457441,VGK,0
logistic_engineered,20232024,20242025,20242025,2024021190,2025-04-01,ANA,SJS,1,0.670789,0.329211,ANA,1
logistic_engineered,20232024,20242025,20242025,2024021191,2025-04-01,LAK,WPG,1,0.47153,0.52847,WPG,0
logistic_engineered,20232024,20242025,20242025,2024021192,2025-04-02,NYR,MIN,1,0.633839,0.366161,NYR,1
logistic_engineered,20232024,20242025,20242025,2024021193,2025-04-02,CAR,WSH,1,0.821621,0.178379,CAR,1
logistic_engineered,20232024,20242025,20242025,2024021194,2025-04-02,TOR,FLA,1,0.602147,0.397853,TOR,1
logistic_engineered,20232024,20242025,20242025,2024021195,2025-04-02,CHI,COL,0,0.321659,0.678341,COL,1
logistic_engineered,20232024,20242025,20242025,2024021196,2025-04-02,VAN,SEA,0,0.559325,0.440675,VAN,0
logistic_engineered,20232024,20242025,20242025,2024021197,2025-04-03,MTL,BOS,1,0.523286,0.476714,MTL,1
logistic_engineered,20232024,20242025,20242025,2024021198,2025-04-03,OTT,TBL,1,0.427035,0.572965,TBL,0
logistic_engineered,20232024,20242025,20242025,2024021199,2025-04-03,CBJ,COL,0,0.2236,0.7764,COL,1
logistic_engineered,20232024,20242025,20242025,2024021200,2025-04-03,STL,PIT,1,0.598989,0.401011,STL,1
logistic_engineered,20232024,20242025,20242025,2024021201,2025-04-03,DAL,NSH,1,0.682011,0.317989,DAL,1
logistic_engineered,20232024,20242025,20242025,2024021202,2025-04-03,UTA,LAK,0,0.419224,0.580776,LAK,1
logistic_engineered,20232024,20242025,20242025,2024021203,2025-04-03,CGY,ANA,1,0.7944,0.2056,CGY,1
logistic_engineered,20232024,20242025,20242025,2024021204,2025-04-03,VGK,WPG,0,0.230559,0.769441,WPG,1
logistic_engineered,20232024,20242025,20242025,2024021205,2025-04-03,SJS,EDM,0,0.291376,0.708624,EDM,1
logistic_engineered,20232024,20242025,20242025,2024021206,2025-04-04,DET,CAR,1,0.427174,0.572826,CAR,0
logistic_engineered,20232024,20242025,20242025,2024021207,2025-04-04,WSH,CHI,1,0.716934,0.283066,WSH,1
logistic_engineered,20232024,20242025,20242025,2024021208,2025-04-04,NYI,MIN,1,0.519492,0.480508,NYI,1
logistic_engineered,20232024,20242025,20242025,2024021209,2025-04-05,NJD,NYR,1,0.466283,0.533717,NYR,0
logistic_engineered,20232024,20242025,20242025,2024021210,2025-04-05,OTT,FLA,1,0.438907,0.561093,FLA,0
logistic_engineered,20232024,20242025,20242025,2024021211,2025-04-05,DAL,PIT,0,0.673576,0.326424,DAL,0
logistic_engineered,20232024,20242025,20242025,2024021212,2025-04-05,VAN,ANA,1,0.637689,0.362311,VAN,1
logistic_engineered,20232024,20242025,20242025,2024021213,2025-04-05,LAK,EDM,1,0.531341,0.468659,LAK,1
logistic_engineered,20232024,20242025,20242025,2024021214,2025-04-05,BOS,CAR,1,0.486708,0.513292,CAR,0
logistic_engineered,20232024,20242025,20242025,2024021215,2025-04-05,BUF,TBL,1,0.482384,0.517616,TBL,0
logistic_engineered,20232024,20242025,20242025,2024021216,2025-04-05,TOR,CBJ,1,0.646446,0.353554,TOR,1
logistic_engineered,20232024,20242025,20242025,2024021217,2025-04-05,MTL,PHI,1,0.527214,0.472786,MTL,1
logistic_engineered,20232024,20242025,20242025,2024021218,2025-04-05,STL,COL,1,0.49784,0.50216,COL,0
logistic_engineered,20232024,20242025,20242025,2024021219,2025-04-05,UTA,WPG,1,0.361849,0.638151,WPG,0
logistic_engineered,20232024,20242025,20242025,2024021220,2025-04-05,CGY,VGK,0,0.474276,0.525724,VGK,1
logistic_engineered,20232024,20242025,20242025,2024021221,2025-04-05,SJS,SEA,0,0.151114,0.848886,SEA,1
logistic_engineered,20232024,20242025,20242025,2024021222,2025-04-06,NYI,WSH,1,0.479345,0.520655,WSH,0
logistic_engineered,20232024,20242025,20242025,2024021223,2025-04-06,MIN,DAL,1,0.465803,0.534197,DAL,0
logistic_engineered,20232024,20242025,20242025,2024021224,2025-04-06,OTT,CBJ,1,0.778144,0.221856,OTT,1
logistic_engineered,20232024,20242025,20242025,2024021225,2025-04-06,DET,FLA,1,0.539628,0.460372,DET,1
logistic_engineered,20232024,20242025,20242025,2024021226,2025-04-06,BUF,BOS,1,0.535901,0.464099,BUF,1
logistic_engineered,20232024,20242025,20242025,2024021227,2025-04-06,CHI,PIT,1,0.501719,0.498281,CHI,1
logistic_engineered,20232024,20242025,20242025,2024021228,2025-04-06,NSH,MTL,0,0.640132,0.359868,NSH,0
logistic_engineered,20232024,20242025,20242025,2024021229,2025-04-06,VAN,VGK,0,0.475636,0.524364,VGK,1
logistic_engineered,20232024,20242025,20242025,2024021230,2025-04-07,NYR,TBL,0,0.501306,0.498694,NYR,0
logistic_engineered,20232024,20242025,20242025,2024021231,2025-04-07,WPG,STL,1,0.569856,0.430144,WPG,1
logistic_engineered,20232024,20242025,20242025,2024021232,2025-04-07,ANA,EDM,1,0.187858,0.812142,EDM,0
logistic_engineered,20232024,20242025,20242025,2024021233,2025-04-07,LAK,SEA,0,0.610549,0.389451,LAK,0
logistic_engineered,20232024,20242025,20242025,2024021234,2025-04-07,SJS,CGY,0,0.364015,0.635985,CGY,1
logistic_engineered,20232024,20242025,20242025,2024021235,2025-04-08,BUF,CAR,1,0.45395,0.54605,CAR,0
logistic_engineered,20232024,20242025,20242025,2024021236,2025-04-08,MTL,DET,1,0.516137,0.483863,MTL,1
logistic_engineered,20232024,20242025,20242025,2024021237,2025-04-08,FLA,TOR,1,0.511132,0.488868,FLA,1
logistic_engineered,20232024,20242025,20242025,2024021238,2025-04-08,NJD,BOS,0,0.27599,0.72401,BOS,1
logistic_engineered,20232024,20242025,20242025,2024021239,2025-04-08,CBJ,OTT,1,0.513667,0.486333,CBJ,1
logistic_engineered,20232024,20242025,20242025,2024021240,2025-04-08,PIT,CHI,1,0.669597,0.330403,PIT,1
logistic_engineered,20232024,20242025,20242025,2024021241,2025-04-08,NSH,NYI,1,0.743617,0.256383,NSH,1
logistic_engineered,20232024,20242025,20242025,2024021242,2025-04-08,DAL,VAN,0,0.595765,0.404235,DAL,0
logistic_engineered,20232024,20242025,20242025,2024021243,2025-04-08,UTA,SEA,1,0.799776,0.200224,UTA,1
logistic_engineered,20232024,20242025,20242025,2024021244,2025-04-08,COL,VGK,1,0.557022,0.442978,COL,1
logistic_engineered,20232024,20242025,20242025,2024021245,2025-04-09,TBL,TOR,0,0.611736,0.388264,TBL,0
logistic_engineered,20232024,20242025,20242025,2024021246,2025-04-09,NYR,PHI,0,0.6038,0.3962,NYR,0
logistic_engineered,20232024,20242025,20242025,2024021247,2025-04-09,MIN,SJS,1,0.736076,0.263924,MIN,1
logistic_engineered,20232024,20242025,20242025,2024021248,2025-04-09,EDM,STL,1,0.805966,0.194034,EDM,1
logistic_engineered,20232024,20242025,20242025,2024021249,2025-04-09,ANA,CGY,1,0.507149,0.492851,ANA,1
logistic_engineered,20232024,20242025,20242025,2024021250,2025-04-10,BOS,CHI,0,0.677195,0.322805,BOS,0
logistic_engineered,20232024,20242025,20242025,2024021251,2025-04-10,FLA,DET,1,0.61667,0.38333,FLA,1
logistic_engineered,20232024,20242025,20242025,2024021252,2025-04-10,WSH,CAR,1,0.517382,0.482618,WSH,1
logistic_engineered,20232024,20242025,20242025,2024021253,2025-04-10,CBJ,BUF,1,0.463728,0.536272,BUF,0
logistic_engineered,20232024,20242025,20242025,2024021254,2025-04-10,NYI,NYR,0,0.290455,0.709545,NYR,1
logistic_engineered,20232024,20242025,20242025,2024021255,2025-04-10,DAL,WPG,0,0.517242,0.482758,DAL,0
logistic_engineered,20232024,20242025,20242025,2024021256,2025-04-10,COL,VAN,0,0.532363,0.467637,COL,0
logistic_engineered,20232024,20242025,20242025,2024021257,2025-04-10,UTA,NSH,0,0.520806,0.479194,UTA,0
logistic_engineered,20232024,20242025,20242025,2024021258,2025-04-10,VGK,SEA,1,0.602815,0.397185,VGK,1
logistic_engineered,20232024,20242025,20242025,2024021259,2025-04-10,LAK,ANA,1,0.719608,0.280392,LAK,1
logistic_engineered,20232024,20242025,20242025,2024021260,2025-04-11,OTT,MTL,1,0.540181,0.459819,OTT,1
logistic_engineered,20232024,20242025,20242025,2024021261,2025-04-11,TBL,DET,0,0.681306,0.318694,TBL,0
logistic_engineered,20232024,20242025,20242025,2024021262,2025-04-11,NJD,PIT,0,0.544031,0.455969,NJD,0
logistic_engineered,20232024,20242025,20242025,2024021263,2025-04-11,EDM,SJS,1,0.765523,0.234477,EDM,1
logistic_engineered,20232024,20242025,20242025,2024021264,2025-04-11,CGY,MIN,1,0.726688,0.273312,CGY,1
logistic_engineered,20232024,20242025,20242025,2024021265,2025-04-12,PHI,NYI,1,0.54539,0.45461,PHI,1
logistic_engineered,20232024,20242025,20242025,2024021266,2025-04-12,CAR,NYR,1,0.538542,0.461458,CAR,1
logistic_engineered,20232024,20242025,20242025,2024021267,2025-04-12,LAK,COL,1,0.543747,0.456253,LAK,1
logistic_engineered,20232024,20242025,20242025,2024021268,2025-04-12,FLA,BUF,1,0.564121,0.435879,FLA,1
logistic_engineered,20232024,20242025,20242025,2024021269,2025-04-12,TOR,MTL,1,0.880608,0.119392,TOR,1
logistic_engineered,20232024,20242025,20242025,2024021270,2025-04-12,CBJ,WSH,1,0.462318,0.537682,WSH,0
logistic_engineered,20232024,20242025,20242025,2024021271,2025-04-12,CHI,WPG,0,0.293744,0.706256,WPG,1
logistic_engineered,20232024,20242025,20242025,2024021272,2025-04-12,DAL,UTA,0,0.657613,0.342387,DAL,0
logistic_engineered,20232024,20242025,20242025,2024021273,2025-04-12,VAN,MIN,0,0.665683,0.334317,VAN,0
logistic_engineered,20232024,20242025,20242025,2024021274,2025-04-12,VGK,NSH,1,0.603026,0.396974,VGK,1
logistic_engineered,20232024,20242025,20242025,2024021275,2025-04-12,SEA,STL,1,0.477638,0.522362,STL,0
logistic_engineered,20232024,20242025,20242025,2024021276,2025-04-13,OTT,PHI,1,0.587372,0.412628,OTT,1
logistic_engineered,20232024,20242025,20242025,2024021277,2025-04-13,NJD,NYI,0,0.640396,0.359604,NJD,0
logistic_engineered,20232024,20242025,20242025,2024021278,2025-04-13,PIT,BOS,0,0.497828,0.502172,BOS,1
logistic_engineered,20232024,20242025,20242025,2024021279,2025-04-13,CAR,TOR,0,0.510155,0.489845,CAR,0
logistic_engineered,20232024,20242025,20242025,2024021280,2025-04-13,TBL,BUF,1,0.658497,0.341503,TBL,1
logistic_engineered,20232024,20242025,20242025,2024021281,2025-04-13,WSH,CBJ,0,0.575561,0.424439,WSH,0
logistic_engineered,20232024,20242025,20242025,2024021282,2025-04-13,WPG,EDM,0,0.453256,0.546744,EDM,1
logistic_engineered,20232024,20242025,20242025,2024021283,2025-04-13,CGY,SJS,1,0.70619,0.29381,CGY,1
logistic_engineered,20232024,20242025,20242025,2024021284,2025-04-13,ANA,COL,0,0.505698,0.494302,ANA,0
logistic_engineered,20232024,20242025,20242025,2024021285,2025-04-14,MTL,CHI,0,0.661187,0.338813,MTL,0
logistic_engineered,20232024,20242025,20242025,2024021286,2025-04-14,DET,DAL,1,0.426097,0.573903,DAL,0
logistic_engineered,20232024,20242025,20242025,2024021287,2025-04-14,FLA,NYR,0,0.559862,0.440138,FLA,0
logistic_engineered,20232024,20242025,20242025,2024021288,2025-04-14,NSH,UTA,0,0.55826,0.44174,NSH,0
logistic_engineered,20232024,20242025,20242025,2024021289,2025-04-14,EDM,LAK,0,0.543396,0.456604,EDM,0
logistic_engineered,20232024,20242025,20242025,2024021290,2025-04-14,VAN,SJS,1,0.828992,0.171008,VAN,1
logistic_engineered,20232024,20242025,20242025,2024021291,2025-04-15,BOS,NJD,0,0.56131,0.43869,BOS,0
logistic_engineered,20232024,20242025,20242025,2024021292,2025-04-15,BUF,TOR,0,0.474221,0.525779,TOR,1
logistic_engineered,20232024,20242025,20242025,2024021293,2025-04-15,OTT,CHI,0,0.728561,0.271439,OTT,0
logistic_engineered,20232024,20242025,20242025,2024021294,2025-04-15,TBL,FLA,1,0.622939,0.377061,TBL,1
logistic_engineered,20232024,20242025,20242025,2024021295,2025-04-15,PHI,CBJ,0,0.563194,0.436806,PHI,0
logistic_engineered,20232024,20242025,20242025,2024021296,2025-04-15,NYI,WSH,0,0.467792,0.532208,WSH,1
logistic_engineered,20232024,20242025,20242025,2024021297,2025-04-15,STL,UTA,1,0.637902,0.362098,STL,1
logistic_engineered,20232024,20242025,20242025,2024021298,2025-04-15,MIN,ANA,1,0.523198,0.476802,MIN,1
logistic_engineered,20232024,20242025,20242025,2024021299,2025-04-15,CGY,VGK,1,0.462423,0.537577,VGK,0
logistic_engineered,20232024,20242025,20242025,2024021300,2025-04-15,SEA,LAK,0,0.556125,0.443875,SEA,0
logistic_engineered,20232024,20242025,20242025,2024021301,2025-04-16,MTL,CAR,1,0.436301,0.563699,CAR,0
logistic_engineered,20232024,20242025,20242025,2024021302,2025-04-16,WPG,ANA,1,0.77284,0.22716,WPG,1
logistic_engineered,20232024,20242025,20242025,2024021303,2025-04-16,NJD,DET,0,0.379508,0.620492,DET,1
logistic_engineered,20232024,20242025,20242025,2024021304,2025-04-16,NSH,DAL,1,0.661675,0.338325,NSH,1
logistic_engineered,20232024,20242025,20242025,2024021305,2025-04-16,VAN,VGK,0,0.338456,0.661544,VGK,1
logistic_engineered,20232024,20242025,20242025,2024021306,2025-04-16,SJS,EDM,0,0.133431,0.866569,EDM,1
logistic_engineered,20232024,20242025,20242025,2024020653,2025-04-17,LAK,CGY,0,0.620382,0.379618,LAK,0
logistic_engineered,20232024,20242025,20242025,2024021307,2025-04-17,BUF,PHI,1,0.55325,0.44675,BUF,1
logistic_engineered,20232024,20242025,20242025,2024021308,2025-04-17,TOR,DET,1,0.66225,0.33775,TOR,1
logistic_engineered,20232024,20242025,20242025,2024021309,2025-04-17,OTT,CAR,1,0.517239,0.482761,OTT,1
logistic_engineered,20232024,20242025,20242025,2024021310,2025-04-17,NYR,TBL,1,0.513927,0.486073,NYR,1
logistic_engineered,20232024,20242025,20242025,2024021311,2025-04-17,PIT,WSH,1,0.529691,0.470309,PIT,1
logistic_engineered,20232024,20242025,20242025,2024021312,2025-04-17,CBJ,NYI,1,0.557459,0.442541,CBJ,1
logistic_engineered,20242025,20252026,20252026,2025020001,2025-10-07,FLA,CHI,1,0.637205,0.362795,FLA,1
logistic_engineered,20242025,20252026,20252026,2025020002,2025-10-07,NYR,PIT,0,0.553658,0.446342,NYR,0
logistic_engineered,20242025,20252026,20252026,2025020003,2025-10-07,LAK,COL,0,0.533822,0.466178,LAK,0
logistic_engineered,20242025,20252026,20252026,2025020004,2025-10-08,TOR,MTL,1,0.579708,0.420292,TOR,1
logistic_engineered,20242025,20252026,20252026,2025020005,2025-10-08,WSH,BOS,0,0.625386,0.374614,WSH,0
logistic_engineered,20242025,20252026,20252026,2025020006,2025-10-08,EDM,CGY,0,0.618627,0.381373,EDM,0
logistic_engineered,20242025,20252026,20252026,2025020007,2025-10-08,VGK,LAK,0,0.601574,0.398426,VGK,0
logistic_engineered,20242025,20252026,20252026,2025020008,2025-10-09,BOS,CHI,1,0.602063,0.397937,BOS,1
logistic_engineered,20242025,20252026,20252026,2025020009,2025-10-09,BUF,NYR,0,0.538886,0.461114,BUF,0
logistic_engineered,20242025,20252026,20252026,2025020010,2025-10-09,DET,MTL,0,0.622515,0.377485,DET,0
logistic_engineered,20242025,20252026,20252026,2025020011,2025-10-09,TBL,OTT,0,0.604108,0.395892,TBL,0
logistic_engineered,20242025,20252026,20252026,2025020012,2025-10-09,FLA,PHI,1,0.570915,0.429085,FLA,1
logistic_engineered,20242025,20252026,20252026,2025020013,2025-10-09,PIT,NYI,1,0.590531,0.409469,PIT,1
logistic_engineered,20242025,20252026,20252026,2025020014,2025-10-09,CAR,NJD,1,0.579919,0.420081,CAR,1
logistic_engineered,20242025,20252026,20252026,2025020015,2025-10-09,STL,MIN,0,0.557648,0.442352,STL,0
logistic_engineered,20242025,20252026,20252026,2025020016,2025-10-09,NSH,CBJ,1,0.507277,0.492723,NSH,1
logistic_engineered,20242025,20252026,20252026,2025020017,2025-10-09,WPG,DAL,0,0.543125,0.456875,WPG,0
logistic_engineered,20242025,20252026,20252026,2025020018,2025-10-09,COL,UTA,1,0.575593,0.424407,COL,1
logistic_engineered,20242025,20252026,20252026,2025020019,2025-10-09,VAN,CGY,1,0.613895,0.386105,VAN,1
logistic_engineered,20242025,20252026,20252026,2025020020,2025-10-09,SJS,VGK,0,0.487214,0.512786,VGK,1
logistic_engineered,20242025,20252026,20252026,2025020021,2025-10-09,SEA,ANA,1,0.551961,0.448039,SEA,1
logistic_engineered,20242025,20252026,20252026,2025020022,2025-10-11,WPG,LAK,1,0.493819,0.506181,LAK,0
logistic_engineered,20242025,20252026,20252026,2025020023,2025-10-11,CGY,STL,0,0.679711,0.320289,CGY,0
logistic_engineered,20242025,20252026,20252026,2025020024,2025-10-11,BOS,BUF,1,0.75826,0.24174,BOS,1
logistic_engineered,20242025,20252026,20252026,2025020025,2025-10-11,DET,TOR,1,0.218175,0.781825,TOR,0
logistic_engineered,20242025,20252026,20252026,2025020026,2025-10-11,TBL,NJD,0,0.65964,0.34036,TBL,0
logistic_engineered,20242025,20252026,20252026,2025020027,2025-10-11,FLA,OTT,1,0.553673,0.446327,FLA,1
logistic_engineered,20242025,20252026,20252026,2025020028,2025-10-11,NYI,WSH,0,0.474725,0.525275,WSH,1
logistic_engineered,20242025,20252026,20252026,2025020029,2025-10-11,PIT,NYR,0,0.629146,0.370854,PIT,0
logistic_engineered,20242025,20252026,20252026,2025020030,2025-10-11,CAR,PHI,1,0.801994,0.198006,CAR,1
logistic_engineered,20242025,20252026,20252026,2025020031,2025-10-11,CHI,MTL,0,0.387334,0.612666,MTL,1
logistic_engineered,20242025,20252026,20252026,2025020032,2025-10-11,NSH,UTA,0,0.649527,0.350473,NSH,0
logistic_engineered,20242025,20252026,20252026,2025020033,2025-10-11,MIN,CBJ,0,0.78204,0.21796,MIN,0
logistic_engineered,20242025,20252026,20252026,2025020034,2025-10-11,COL,DAL,0,0.532431,0.467569,COL,0
logistic_engineered,20242025,20252026,20252026,2025020035,2025-10-11,EDM,VAN,1,0.335767,0.664233,VAN,0
logistic_engineered,20242025,20252026,20252026,2025020036,2025-10-11,SJS,ANA,0,0.586679,0.413321,SJS,0
logistic_engineered,20242025,20252026,20252026,2025020037,2025-10-11,SEA,VGK,1,0.571835,0.428165,SEA,1
logistic_engineered,20242025,20252026,20252026,2025020038,2025-10-12,NYR,WSH,0,0.536812,0.463188,NYR,0
logistic_engineered,20242025,20252026,20252026,2025020039,2025-10-13,BUF,COL,0,0.270253,0.729747,COL,1
logistic_engineered,20242025,20252026,20252026,2025020040,2025-10-13,BOS,TBL,0,0.598477,0.401523,BOS,0
logistic_engineered,20242025,20252026,20252026,2025020041,2025-10-13,OTT,NSH,0,0.5224,0.4776,OTT,0
logistic_engineered,20242025,20252026,20252026,2025020042,2025-10-13,NYI,WPG,0,0.336206,0.663794,WPG,1
logistic_engineered,20242025,20252026,20252026,2025020043,2025-10-13,TOR,DET,0,0.612497,0.387503,TOR,0
logistic_engineered,20242025,20252026,20252026,2025020044,2025-10-13,PHI,FLA,1,0.323733,0.676267,FLA,0
logistic_engineered,20242025,20252026,20252026,2025020045,2025-10-13,CBJ,NJD,0,0.808367,0.191633,CBJ,0
logistic_engineered,20242025,20252026,20252026,2025020046,2025-10-13,VAN,STL,0,0.587896,0.412104,VAN,0
logistic_engineered,20242025,20252026,20252026,2025020047,2025-10-13,MIN,LAK,1,0.577714,0.422286,MIN,1
logistic_engineered,20242025,20252026,20252026,2025020048,2025-10-13,CHI,UTA,1,0.385593,0.614407,UTA,0
logistic_engineered,20242025,20252026,20252026,2025020049,2025-10-14,TOR,NSH,1,0.530134,0.469866,TOR,1
logistic_engineered,20242025,20252026,20252026,2025020050,2025-10-14,MTL,SEA,1,0.515699,0.484301,MTL,1
logistic_engineered,20242025,20252026,20252026,2025020051,2025-10-14,NYR,EDM,0,0.49707,0.50293,EDM,1
logistic_engineered,20242025,20252026,20252026,2025020052,2025-10-14,WSH,TBL,1,0.616708,0.383292,WSH,1
logistic_engineered,20242025,20252026,20252026,2025020053,2025-10-14,CGY,VGK,0,0.715595,0.284405,CGY,0
logistic_engineered,20242025,20252026,20252026,2025020054,2025-10-14,DAL,MIN,1,0.686363,0.313637,DAL,1
logistic_engineered,20242025,20252026,20252026,2025020055,2025-10-14,SJS,CAR,0,0.276555,0.723445,CAR,1
logistic_engineered,20242025,20252026,20252026,2025020056,2025-10-14,ANA,PIT,1,0.543198,0.456802,ANA,1
logistic_engineered,20242025,20252026,20252026,2025020057,2025-10-15,BUF,OTT,1,0.413795,0.586205,OTT,0
logistic_engineered,20242025,20252026,20252026,2025020058,2025-10-15,DET,FLA,1,0.501155,0.498845,DET,1
logistic_engineered,20242025,20252026,20252026,2025020059,2025-10-15,STL,CHI,0,0.317189,0.682811,CHI,1
logistic_engineered,20242025,20252026,20252026,2025020060,2025-10-15,UTA,CGY,1,0.652018,0.347982,UTA,1
logistic_engineered,20242025,20252026,20252026,2025020061,2025-10-16,TOR,NYR,1,0.59014,0.40986,TOR,1
logistic_engineered,20242025,20252026,20252026,2025020062,2025-10-16,MTL,NSH,1,0.61574,0.38426,MTL,1
logistic_engineered,20242025,20252026,20252026,2025020063,2025-10-16,OTT,SEA,1,0.376817,0.623183,SEA,0
logistic_engineered,20242025,20252026,20252026,2025020064,2025-10-16,NJD,FLA,1,0.622155,0.377845,NJD,1
logistic_engineered,20242025,20252026,20252026,2025020065,2025-10-16,NYI,EDM,1,0.301394,0.698606,EDM,0
logistic_engineered,20242025,20252026,20252026,2025020066,2025-10-16,PHI,WPG,0,0.412761,0.587239,WPG,1
logistic_engineered,20242025,20252026,20252026,2025020067,2025-10-16,CBJ,COL,0,0.447203,0.552797,COL,1
logistic_engineered,20242025,20252026,20252026,2025020068,2025-10-16,DAL,VAN,0,0.708993,0.291007,DAL,0
logistic_engineered,20242025,20252026,20252026,2025020069,2025-10-16,VGK,BOS,1,0.545009,0.454991,VGK,1
logistic_engineered,20242025,20252026,20252026,2025020070,2025-10-16,ANA,CAR,0,0.33508,0.66492,CAR,1
logistic_engineered,20242025,20252026,20252026,2025020071,2025-10-16,LAK,PIT,0,0.576682,0.423318,LAK,0
logistic_engineered,20242025,20252026,20252026,2025020072,2025-10-17,DET,TBL,1,0.554065,0.445935,DET,1
logistic_engineered,20242025,20252026,20252026,2025020073,2025-10-17,WSH,MIN,1,0.61516,0.38484,WSH,1
logistic_engineered,20242025,20252026,20252026,2025020074,2025-10-17,CHI,VAN,0,0.581959,0.418041,CHI,0
logistic_engineered,20242025,20252026,20252026,2025020075,2025-10-17,UTA,SJS,1,0.692541,0.307459,UTA,1
logistic_engineered,20242025,20252026,20252026,2025020076,2025-10-18,BUF,FLA,1,0.456704,0.543296,FLA,0
logistic_engineered,20242025,20252026,20252026,2025020077,2025-10-18,OTT,NYI,0,0.595867,0.404133,OTT,0
logistic_engineered,20242025,20252026,20252026,2025020078,2025-10-18,NJD,EDM,1,0.563177,0.436823,NJD,1
logistic_engineered,20242025,20252026,20252026,2025020079,2025-10-18,TOR,SEA,0,0.655752,0.344248,TOR,0
logistic_engineered,20242025,20252026,20252026,2025020080,2025-10-18,MTL,NYR,0,0.593857,0.406143,MTL,0
logistic_engineered,20242025,20252026,20252026,2025020081,2025-10-18,PHI,MIN,1,0.567172,0.432828,PHI,1
logistic_engineered,20242025,20252026,20252026,2025020082,2025-10-18,CBJ,TBL,1,0.572336,0.427664,CBJ,1
logistic_engineered,20242025,20252026,20252026,2025020083,2025-10-18,STL,DAL,1,0.37977,0.62023,DAL,0
logistic_engineered,20242025,20252026,20252026,2025020084,2025-10-18,WPG,NSH,1,0.725799,0.274201,WPG,1
logistic_engineered,20242025,20252026,20252026,2025020085,2025-10-18,COL,BOS,1,0.662377,0.337623,COL,1
logistic_engineered,20242025,20252026,20252026,2025020086,2025-10-18,LAK,CAR,0,0.336209,0.663791,CAR,1
logistic_engineered,20242025,20252026,20252026,2025020087,2025-10-18,VGK,CGY,1,0.890174,0.109826,VGK,1
logistic_engineered,20242025,20252026,20252026,2025020088,2025-10-18,SJS,PIT,0,0.277969,0.722031,PIT,1
logistic_engineered,20242025,20252026,20252026,2025020089,2025-10-19,WSH,VAN,0,0.642984,0.357016,WSH,0
logistic_engineered,20242025,20252026,20252026,2025020090,2025-10-19,DET,EDM,1,0.692019,0.307981,DET,1
logistic_engineered,20242025,20252026,20252026,2025020091,2025-10-19,CHI,ANA,1,0.535767,0.464233,CHI,1
logistic_engineered,20242025,20252026,20252026,2025020092,2025-10-19,UTA,BOS,1,0.703025,0.296975,UTA,1
logistic_engineered,20242025,20252026,20252026,2025020093,2025-10-20,NYR,MIN,0,0.560624,0.439376,NYR,0
logistic_engineered,20242025,20252026,20252026,2025020094,2025-10-20,PHI,SEA,1,0.762473,0.237527,PHI,1
logistic_engineered,20242025,20252026,20252026,2025020095,2025-10-20,MTL,BUF,1,0.623925,0.376075,MTL,1
logistic_engineered,20242025,20252026,20252026,2025020096,2025-10-20,CGY,WPG,0,0.245471,0.754529,WPG,1
logistic_engineered,20242025,20252026,20252026,2025020097,2025-10-20,VGK,CAR,1,0.327152,0.672848,CAR,0
logistic_engineered,20242025,20252026,20252026,2025020098,2025-10-21,TOR,NJD,0,0.519383,0.480617,TOR,0
logistic_engineered,20242025,20252026,20252026,2025020099,2025-10-21,OTT,EDM,0,0.516125,0.483875,OTT,0
logistic_engineered,20242025,20252026,20252026,2025020100,2025-10-21,NYI,SJS,1,0.698958,0.301042,NYI,1
logistic_engineered,20242025,20252026,20252026,2025020101,2025-10-21,PIT,VAN,1,0.528515,0.471485,PIT,1
logistic_engineered,20242025,20252026,20252026,2025020102,2025-10-21,WSH,SEA,1,0.731366,0.268634,WSH,1
logistic_engineered,20242025,20252026,20252026,2025020103,2025-10-21,BOS,FLA,0,0.509479,0.490521,BOS,0
logistic_engineered,20242025,20252026,20252026,2025020104,2025-10-21,STL,LAK,0,0.554513,0.445487,STL,0
logistic_engineered,20242025,20252026,20252026,2025020105,2025-10-21,NSH,ANA,0,0.551905,0.448095,NSH,0
logistic_engineered,20242025,20252026,20252026,2025020106,2025-10-21,DAL,CBJ,0,0.597355,0.402645,DAL,0
logistic_engineered,20242025,20252026,20252026,2025020107,2025-10-21,UTA,COL,1,0.454227,0.545773,COL,0
logistic_engineered,20242025,20252026,20252026,2025020108,2025-10-22,NJD,MIN,1,0.530742,0.469258,NJD,1
logistic_engineered,20242025,20252026,20252026,2025020109,2025-10-22,BUF,DET,1,0.402723,0.597277,DET,0
logistic_engineered,20242025,20252026,20252026,2025020110,2025-10-22,CGY,MTL,0,0.385625,0.614375,MTL,1
logistic_engineered,20242025,20252026,20252026,2025020111,2025-10-23,BOS,ANA,0,0.523522,0.476478,BOS,0
logistic_engineered,20242025,20252026,20252026,2025020112,2025-10-23,OTT,PHI,1,0.522958,0.477042,OTT,1
logistic_engineered,20242025,20252026,20252026,2025020113,2025-10-23,TBL,CHI,0,0.611216,0.388784,TBL,0
logistic_engineered,20242025,20252026,20252026,2025020114,2025-10-23,FLA,PIT,0,0.54313,0.45687,FLA,0
logistic_engineered,20242025,20252026,20252026,2025020115,2025-10-23,NYI,DET,1,0.572196,0.427804,NYI,1
logistic_engineered,20242025,20252026,20252026,2025020116,2025-10-23,NYR,SJS,0,0.726377,0.273623,NYR,0
logistic_engineered,20242025,20252026,20252026,2025020117,2025-10-23,STL,UTA,0,0.210215,0.789785,UTA,1
logistic_engineered,20242025,20252026,20252026,2025020118,2025-10-23,NSH,VAN,1,0.464341,0.535659,VAN,0
logistic_engineered,20242025,20252026,20252026,2025020119,2025-10-23,DAL,LAK,0,0.568148,0.431852,DAL,0
logistic_engineered,20242025,20252026,20252026,2025020120,2025-10-23,WPG,SEA,0,0.745719,0.254281,WPG,0
logistic_engineered,20242025,20252026,20252026,2025020121,2025-10-23,COL,CAR,0,0.352561,0.647439,CAR,1
logistic_engineered,20242025,20252026,20252026,2025020122,2025-10-23,EDM,MTL,1,0.574912,0.425088,EDM,1
logistic_engineered,20242025,20252026,20252026,2025020123,2025-10-24,BUF,TOR,1,0.471453,0.528547,TOR,0
logistic_engineered,20242025,20252026,20252026,2025020124,2025-10-24,NJD,SJS,1,0.845427,0.154573,NJD,1
logistic_engineered,20242025,20252026,20252026,2025020125,2025-10-24,CBJ,WSH,0,0.452229,0.547771,WSH,1
logistic_engineered,20242025,20252026,20252026,2025020126,2025-10-24,WPG,CGY,1,0.678328,0.321672,WPG,1
logistic_engineered,20242025,20252026,20252026,2025020127,2025-10-25,PHI,NYI,1,0.488473,0.511527,NYI,0
logistic_engineered,20242025,20252026,20252026,2025020128,2025-10-25,BOS,COL,1,0.358528,0.641472,COL,0
logistic_engineered,20242025,20252026,20252026,2025020129,2025-10-25,TBL,ANA,1,0.558493,0.441507,TBL,1
logistic_engineered,20242025,20252026,20252026,2025020130,2025-10-25,FLA,VGK,1,0.372955,0.627045,VGK,0
logistic_engineered,20242025,20252026,20252026,2025020131,2025-10-25,MIN,UTA,0,0.469366,0.530634,UTA,1
logistic_engineered,20242025,20252026,20252026,2025020132,2025-10-25,TOR,BUF,1,0.565891,0.434109,TOR,1
logistic_engineered,20242025,20252026,20252026,2025020133,2025-10-25,DET,STL,1,0.564416,0.435584,DET,1
logistic_engineered,20242025,20252026,20252026,2025020134,2025-10-25,PIT,CBJ,0,0.662165,0.337835,PIT,0
logistic_engineered,20242025,20252026,20252026,2025020135,2025-10-25,WSH,OTT,0,0.61348,0.38652,WSH,0
logistic_engineered,20242025,20252026,20252026,2025020136,2025-10-25,VAN,MTL,0,0.492288,0.507712,MTL,1
logistic_engineered,20242025,20252026,20252026,2025020137,2025-10-25,NSH,LAK,1,0.434756,0.565244,LAK,0
logistic_engineered,20242025,20252026,20252026,2025020138,2025-10-25,DAL,CAR,1,0.448134,0.551866,CAR,0
logistic_engineered,20242025,20252026,20252026,2025020139,2025-10-25,SEA,EDM,1,0.512167,0.487833,SEA,1
logistic_engineered,20242025,20252026,20252026,2025020140,2025-10-26,NJD,COL,1,0.678376,0.321624,NJD,1
logistic_engineered,20242025,20252026,20252026,2025020141,2025-10-26,TBL,VGK,1,0.437942,0.562058,VGK,0
logistic_engineered,20242025,20252026,20252026,2025020142,2025-10-26,MIN,SJS,0,0.566629,0.433371,MIN,0
logistic_engineered,20242025,20252026,20252026,2025020143,2025-10-26,WPG,UTA,0,0.664331,0.335669,WPG,0
logistic_engineered,20242025,20252026,20252026,2025020144,2025-10-26,CHI,LAK,0,0.57736,0.42264,CHI,0
logistic_engineered,20242025,20252026,20252026,2025020145,2025-10-26,NSH,DAL,0,0.421735,0.578265,DAL,1
logistic_engineered,20242025,20252026,20252026,2025020146,2025-10-26,CGY,NYR,1,0.395001,0.604999,NYR,0
logistic_engineered,20242025,20252026,20252026,2025020147,2025-10-26,VAN,EDM,1,0.418418,0.581582,EDM,0
logistic_engineered,20242025,20252026,20252026,2025020148,2025-10-27,PIT,STL,1,0.573139,0.426861,PIT,1
logistic_engineered,20242025,20252026,20252026,2025020149,2025-10-27,OTT,BOS,1,0.613377,0.386623,OTT,1
logistic_engineered,20242025,20252026,20252026,2025020150,2025-10-28,PHI,PIT,1,0.567987,0.432013,PHI,1
logistic_engineered,20242025,20252026,20252026,2025020151,2025-10-28,TOR,CGY,1,0.694301,0.305699,TOR,1
logistic_engineered,20242025,20252026,20252026,2025020152,2025-10-28,BUF,CBJ,0,0.497837,0.502163,CBJ,1
logistic_engineered,20242025,20252026,20252026,2025020153,2025-10-28,FLA,ANA,0,0.538569,0.461431,FLA,0
logistic_engineered,20242025,20252026,20252026,2025020154,2025-10-28,BOS,NYI,1,0.347415,0.652585,NYI,0
logistic_engineered,20242025,20252026,20252026,2025020155,2025-10-28,CAR,VGK,0,0.57117,0.42883,CAR,0
logistic_engineered,20242025,20252026,20252026,2025020156,2025-10-28,NSH,TBL,0,0.416734,0.583266,TBL,1
logistic_engineered,20242025,20252026,20252026,2025020157,2025-10-28,MIN,WPG,0,0.348793,0.651207,WPG,1
logistic_engineered,20242025,20252026,20252026,2025020158,2025-10-28,STL,DET,0,0.333887,0.666113,DET,1
logistic_engineered,20242025,20252026,20252026,2025020159,2025-10-28,DAL,WSH,1,0.493203,0.506797,WSH,0
logistic_engineered,20242025,20252026,20252026,2025020160,2025-10-28,CHI,OTT,1,0.526392,0.473608,CHI,1
logistic_engineered,20242025,20252026,20252026,2025020161,2025-10-28,COL,NJD,1,0.458682,0.541318,NJD,0
logistic_engineered,20242025,20252026,20252026,2025020162,2025-10-28,EDM,UTA,1,0.459257,0.540743,UTA,0
logistic_engineered,20242025,20252026,20252026,2025020163,2025-10-28,VAN,NYR,0,0.545042,0.454958,VAN,0
logistic_engineered,20242025,20252026,20252026,2025020164,2025-10-28,SEA,MTL,0,0.531879,0.468121,SEA,0
logistic_engineered,20242025,20252026,20252026,2025020165,2025-10-28,SJS,LAK,0,0.34958,0.65042,LAK,1
logistic_engineered,20242025,20252026,20252026,2025020166,2025-10-29,CBJ,TOR,1,0.456504,0.543496,TOR,0
logistic_engineered,20242025,20252026,20252026,2025020167,2025-10-30,BOS,BUF,1,0.498999,0.501001,BUF,0
logistic_engineered,20242025,20252026,20252026,2025020168,2025-10-30,OTT,CGY,1,0.635629,0.364371,OTT,1
logistic_engineered,20242025,20252026,20252026,2025020169,2025-10-30,TBL,DAL,1,0.536329,0.463671,TBL,1
logistic_engineered,20242025,20252026,20252026,2025020170,2025-10-30,PHI,NSH,1,0.63757,0.36243,PHI,1
logistic_engineered,20242025,20252026,20252026,2025020171,2025-10-30,CAR,NYI,1,0.621669,0.378331,CAR,1
logistic_engineered,20242025,20252026,20252026,2025020172,2025-10-30,STL,VAN,0,0.501579,0.498421,STL,0
logistic_engineered,20242025,20252026,20252026,2025020173,2025-10-30,MIN,PIT,0,0.442144,0.557856,PIT,1
logistic_engineered,20242025,20252026,20252026,2025020174,2025-10-30,WPG,CHI,1,0.681406,0.318594,WPG,1
logistic_engineered,20242025,20252026,20252026,2025020175,2025-10-30,EDM,NYR,0,0.600388,0.399612,EDM,0
logistic_engineered,20242025,20252026,20252026,2025020176,2025-10-30,SJS,NJD,1,0.300055,0.699945,NJD,0
logistic_engineered,20242025,20252026,20252026,2025020177,2025-10-30,LAK,DET,0,0.536524,0.463476,LAK,0
logistic_engineered,20242025,20252026,20252026,2025020178,2025-10-31,VGK,COL,0,0.522149,0.477851,VGK,0
logistic_engineered,20242025,20252026,20252026,2025020179,2025-10-31,WSH,NYI,0,0.698056,0.301944,WSH,0
logistic_engineered,20242025,20252026,20252026,2025020180,2025-10-31,ANA,DET,1,0.615139,0.384861,ANA,1
logistic_engineered,20242025,20252026,20252026,2025020181,2025-11-01,BOS,CAR,1,0.433565,0.566435,CAR,0
logistic_engineered,20242025,20252026,20252026,2025020182,2025-11-01,WPG,PIT,1,0.628058,0.371942,WPG,1
logistic_engineered,20242025,20252026,20252026,2025020183,2025-11-01,NSH,CGY,1,0.790192,0.209808,NSH,1
logistic_engineered,20242025,20252026,20252026,2025020184,2025-11-01,SJS,COL,1,0.379074,0.620926,COL,0
logistic_engineered,20242025,20252026,20252026,2025020185,2025-11-01,FLA,DAL,1,0.478371,0.521629,DAL,0
logistic_engineered,20242025,20252026,20252026,2025020186,2025-11-01,BUF,WSH,1,0.533176,0.466824,BUF,1
logistic_engineered,20242025,20252026,20252026,2025020187,2025-11-01,MTL,OTT,1,0.609818,0.390182,MTL,1
logistic_engineered,20242025,20252026,20252026,2025020188,2025-11-01,PHI,TOR,0,0.226927,0.773073,TOR,1
logistic_engineered,20242025,20252026,20252026,2025020189,2025-11-01,CBJ,STL,1,0.602907,0.397093,CBJ,1
logistic_engineered,20242025,20252026,20252026,2025020190,2025-11-01,MIN,VAN,1,0.511135,0.488865,MIN,1
logistic_engineered,20242025,20252026,20252026,2025020191,2025-11-01,LAK,NJD,0,0.483939,0.516061,NJD,1
logistic_engineered,20242025,20252026,20252026,2025020192,2025-11-01,EDM,CHI,1,0.632508,0.367492,EDM,1
logistic_engineered,20242025,20252026,20252026,2025020193,2025-11-01,SEA,NYR,0,0.57015,0.42985,SEA,0
logistic_engineered,20242025,20252026,20252026,2025020194,2025-11-02,UTA,TBL,0,0.546852,0.453148,UTA,0
logistic_engineered,20242025,20252026,20252026,2025020195,2025-11-02,NYI,CBJ,1,0.579793,0.420207,NYI,1
logistic_engineered,20242025,20252026,20252026,2025020196,2025-11-02,PHI,CGY,0,0.57562,0.42438,PHI,0
logistic_engineered,20242025,20252026,20252026,2025020197,2025-11-02,ANA,NJD,1,0.561154,0.438846,ANA,1
logistic_engineered,20242025,20252026,20252026,2025020198,2025-11-02,SJS,DET,0,0.292835,0.707165,DET,1
logistic_engineered,20242025,20252026,20252026,2025020199,2025-11-03,TOR,PIT,1,0.557132,0.442868,TOR,1
logistic_engineered,20242025,20252026,20252026,2025020200,2025-11-03,STL,EDM,1,0.409815,0.590185,EDM,0
logistic_engineered,20242025,20252026,20252026,2025020201,2025-11-03,NSH,VAN,0,0.503791,0.496209,NSH,0
logistic_engineered,20242025,20252026,20252026,2025020202,2025-11-03,SEA,CHI,1,0.597654,0.402346,SEA,1
logistic_engineered,20242025,20252026,20252026,2025020203,2025-11-04,BUF,UTA,0,0.495947,0.504053,UTA,1
logistic_engineered,20242025,20252026,20252026,2025020204,2025-11-04,MTL,PHI,0,0.673051,0.326949,MTL,0
logistic_engineered,20242025,20252026,20252026,2025020205,2025-11-04,NYI,BOS,0,0.579155,0.420845,NYI,0
logistic_engineered,20242025,20252026,20252026,2025020206,2025-11-04,NYR,CAR,0,0.456758,0.543242,CAR,1
logistic_engineered,20242025,20252026,20252026,2025020207,2025-11-04,DAL,EDM,1,0.618325,0.381675,DAL,1
logistic_engineered,20242025,20252026,20252026,2025020208,2025-11-04,MIN,NSH,1,0.665184,0.334816,MIN,1
logistic_engineered,20242025,20252026,20252026,2025020209,2025-11-04,COL,TBL,1,0.588991,0.411009,COL,1
logistic_engineered,20242025,20252026,20252026,2025020210,2025-11-04,VGK,DET,1,0.612489,0.387511,VGK,1
logistic_engineered,20242025,20252026,20252026,2025020211,2025-11-04,ANA,FLA,1,0.565354,0.434646,ANA,1
logistic_engineered,20242025,20252026,20252026,2025020212,2025-11-04,LAK,WPG,1,0.364371,0.635629,WPG,0
logistic_engineered,20242025,20252026,20252026,2025020213,2025-11-05,TOR,UTA,1,0.634256,0.365744,TOR,1
logistic_engineered,20242025,20252026,20252026,2025020214,2025-11-05,WSH,STL,1,0.837675,0.162325,WSH,1
logistic_engineered,20242025,20252026,20252026,2025020215,2025-11-05,CGY,CBJ,1,0.440186,0.559814,CBJ,0
logistic_engineered,20242025,20252026,20252026,2025020216,2025-11-05,VAN,CHI,0,0.599556,0.400444,VAN,0
logistic_engineered,20242025,20252026,20252026,2025020217,2025-11-05,SEA,SJS,0,0.334433,0.665567,SJS,1
logistic_engineered,20242025,20252026,20252026,2025020218,2025-11-06,BOS,OTT,1,0.458167,0.541833,OTT,0
logistic_engineered,20242025,20252026,20252026,2025020219,2025-11-06,BUF,STL,0,0.612109,0.387891,BUF,0
logistic_engineered,20242025,20252026,20252026,2025020220,2025-11-06,NJD,MTL,1,0.581981,0.418019,NJD,1
logistic_engineered,20242025,20252026,20252026,2025020221,2025-11-06,PIT,WSH,1,0.554508,0.445492,PIT,1
logistic_engineered,20242025,20252026,20252026,2025020222,2025-11-06,CAR,MIN,1,0.633525,0.366475,CAR,1
logistic_engineered,20242025,20252026,20252026,2025020223,2025-11-06,NSH,PHI,0,0.479306,0.520694,PHI,1
logistic_engineered,20242025,20252026,20252026,2025020224,2025-11-06,DAL,ANA,0,0.560557,0.439443,DAL,0
logistic_engineered,20242025,20252026,20252026,2025020225,2025-11-06,VGK,TBL,0,0.549924,0.450076,VGK,0
logistic_engineered,20242025,20252026,20252026,2025020226,2025-11-06,LAK,FLA,0,0.556908,0.443092,LAK,0
logistic_engineered,20242025,20252026,20252026,2025020227,2025-11-07,DET,NYR,0,0.580709,0.419291,DET,0
logistic_engineered,20242025,20252026,20252026,2025020228,2025-11-07,NYI,MIN,0,0.608843,0.391157,NYI,0
logistic_engineered,20242025,20252026,20252026,2025020229,2025-11-07,CGY,CHI,0,0.547141,0.452859,CGY,0
logistic_engineered,20242025,20252026,20252026,2025020230,2025-11-07,SJS,WPG,1,0.267407,0.732593,WPG,0
logistic_engineered,20242025,20252026,20252026,2025020231,2025-11-08,NJD,PIT,1,0.597622,0.402378,NJD,1
logistic_engineered,20242025,20252026,20252026,2025020232,2025-11-08,PHI,OTT,0,0.510043,0.489957,PHI,0
logistic_engineered,20242025,20252026,20252026,2025020233,2025-11-08,NSH,DAL,0,0.41564,0.58436,DAL,1
logistic_engineered,20242025,20252026,20252026,2025020234,2025-11-08,TOR,BOS,0,0.306589,0.693411,BOS,1
logistic_engineered,20242025,20252026,20252026,2025020235,2025-11-08,MTL,UTA,1,0.574092,0.425908,MTL,1
logistic_engineered,20242025,20252026,20252026,2025020236,2025-11-08,TBL,WSH,1,0.533073,0.466927,TBL,1
logistic_engineered,20242025,20252026,20252026,2025020237,2025-11-08,NYR,NYI,0,0.541912,0.458088,NYR,0
logistic_engineered,20242025,20252026,20252026,2025020238,2025-11-08,CAR,BUF,1,0.664856,0.335144,CAR,1
logistic_engineered,20242025,20252026,20252026,2025020239,2025-11-08,STL,SEA,0,0.580862,0.419138,STL,0
logistic_engineered,20242025,20252026,20252026,2025020240,2025-11-08,EDM,COL,0,0.186038,0.813962,COL,1
logistic_engineered,20242025,20252026,20252026,2025020241,2025-11-08,VAN,CBJ,1,0.502891,0.497109,VAN,1
logistic_engineered,20242025,20252026,20252026,2025020242,2025-11-08,VGK,ANA,0,0.538882,0.461118,VGK,0
logistic_engineered,20242025,20252026,20252026,2025020243,2025-11-08,SJS,FLA,1,0.329392,0.670608,FLA,0
logistic_engineered,20242025,20252026,20252026,2025020244,2025-11-09,DET,CHI,0,0.613753,0.386247,DET,0
logistic_engineered,20242025,20252026,20252026,2025020245,2025-11-09,PIT,LAK,0,0.441453,0.558547,LAK,1
logistic_engineered,20242025,20252026,20252026,2025020246,2025-11-09,TOR,CAR,0,0.472802,0.527198,CAR,1
logistic_engineered,20242025,20252026,20252026,2025020247,2025-11-09,OTT,UTA,1,0.52851,0.47149,OTT,1
logistic_engineered,20242025,20252026,20252026,2025020248,2025-11-09,DAL,SEA,1,0.573431,0.426569,DAL,1
logistic_engineered,20242025,20252026,20252026,2025020249,2025-11-09,MIN,CGY,1,0.626782,0.373218,MIN,1
logistic_engineered,20242025,20252026,20252026,2025020250,2025-11-09,VAN,COL,0,0.373097,0.626903,COL,1
logistic_engineered,20242025,20252026,20252026,2025020251,2025-11-09,ANA,WPG,1,0.371029,0.628971,WPG,0
logistic_engineered,20242025,20252026,20252026,2025020252,2025-11-10,NJD,NYI,0,0.618229,0.381771,NJD,0
logistic_engineered,20242025,20252026,20252026,2025020253,2025-11-10,NYR,NSH,1,0.830542,0.169458,NYR,1
logistic_engineered,20242025,20252026,20252026,2025020254,2025-11-10,EDM,CBJ,1,0.545373,0.454627,EDM,1
logistic_engineered,20242025,20252026,20252026,2025020255,2025-11-10,VGK,FLA,0,0.572022,0.427978,VGK,0
logistic_engineered,20242025,20252026,20252026,2025020256,2025-11-11,BOS,TOR,1,0.760259,0.239741,BOS,1
logistic_engineered,20242025,20252026,20252026,2025020257,2025-11-11,MTL,LAK,0,0.634555,0.365445,MTL,0
logistic_engineered,20242025,20252026,20252026,2025020258,2025-11-11,OTT,DAL,0,0.543253,0.456747,OTT,0
logistic_engineered,20242025,20252026,20252026,2025020259,2025-11-11,CAR,WSH,0,0.253743,0.746257,WSH,1
logistic_engineered,20242025,20252026,20252026,2025020260,2025-11-11,STL,CGY,1,0.619278,0.380722,STL,1
logistic_engineered,20242025,20252026,20252026,2025020261,2025-11-11,MIN,SJS,0,0.619066,0.380934,MIN,0
logistic_engineered,20242025,20252026,20252026,2025020262,2025-11-11,COL,ANA,1,0.609554,0.390446,COL,1
logistic_engineered,20242025,20252026,20252026,2025020263,2025-11-11,VAN,WPG,0,0.14603,0.85397,WPG,1
logistic_engineered,20242025,20252026,20252026,2025020264,2025-11-11,SEA,CBJ,0,0.578723,0.421277,SEA,0
logistic_engineered,20242025,20252026,20252026,2025020265,2025-11-12,TBL,NYR,0,0.273713,0.726287,NYR,1
logistic_engineered,20242025,20252026,20252026,2025020266,2025-11-12,PHI,EDM,0,0.525168,0.474832,PHI,0
logistic_engineered,20242025,20252026,20252026,2025020267,2025-11-12,UTA,BUF,1,0.616547,0.383453,UTA,1
logistic_engineered,20242025,20252026,20252026,2025020268,2025-11-12,CHI,NJD,0,0.460296,0.539704,NJD,1
logistic_engineered,20242025,20252026,20252026,2025020269,2025-11-13,TOR,LAK,0,0.564182,0.435818,TOR,0
logistic_engineered,20242025,20252026,20252026,2025020270,2025-11-13,MTL,DAL,0,0.21247,0.78753,DAL,1
logistic_engineered,20242025,20252026,20252026,2025020271,2025-11-13,OTT,BOS,1,0.571946,0.428054,OTT,1
logistic_engineered,20242025,20252026,20252026,2025020272,2025-11-13,DET,ANA,1,0.220487,0.779513,ANA,0
logistic_engineered,20242025,20252026,20252026,2025020273,2025-11-13,FLA,WSH,1,0.512022,0.487978,FLA,1
logistic_engineered,20242025,20252026,20252026,2025020274,2025-11-13,CBJ,EDM,1,0.597401,0.402599,CBJ,1
logistic_engineered,20242025,20252026,20252026,2025020275,2025-11-13,COL,BUF,1,0.930054,0.069946,COL,1
logistic_engineered,20242025,20252026,20252026,2025020276,2025-11-13,CGY,SJS,1,0.545153,0.454847,CGY,1
logistic_engineered,20242025,20252026,20252026,2025020277,2025-11-13,VGK,NYI,0,0.60642,0.39358,VGK,0
logistic_engineered,20242025,20252026,20252026,2025020278,2025-11-13,SEA,WPG,1,0.353437,0.646563,WPG,0
logistic_engineered,20242025,20252026,20252026,2025020279,2025-11-14,CAR,VAN,1,0.640477,0.359523,CAR,1
logistic_engineered,20242025,20252026,20252026,2025020280,2025-11-14,STL,PHI,0,0.559496,0.440504,STL,0
logistic_engineered,20242025,20252026,20252026,2025020281,2025-11-14,NSH,PIT,1,0.441496,0.558504,PIT,0
logistic_engineered,20242025,20252026,20252026,2025020282,2025-11-14,UTA,NYI,0,0.64806,0.35194,UTA,0
logistic_engineered,20242025,20252026,20252026,2025020283,2025-11-15,FLA,TBL,0,0.525636,0.474364,FLA,0
logistic_engineered,20242025,20252026,20252026,2025020284,2025-11-15,MIN,ANA,1,0.526719,0.473281,MIN,1
logistic_engineered,20242025,20252026,20252026,2025020285,2025-11-15,MTL,BOS,0,0.595107,0.404893,MTL,0
logistic_engineered,20242025,20252026,20252026,2025020286,2025-11-15,OTT,LAK,0,0.547292,0.452708,OTT,0
logistic_engineered,20242025,20252026,20252026,2025020287,2025-11-15,DET,BUF,0,0.660608,0.339392,DET,0
logistic_engineered,20242025,20252026,20252026,2025020288,2025-11-15,WSH,NJD,0,0.543003,0.456997,WSH,0
logistic_engineered,20242025,20252026,20252026,2025020289,2025-11-15,CAR,EDM,0,0.520839,0.479161,CAR,0
logistic_engineered,20242025,20252026,20252026,2025020290,2025-11-15,CBJ,NYR,0,0.509294,0.490706,CBJ,0
logistic_engineered,20242025,20252026,20252026,2025020291,2025-11-15,CHI,TOR,1,0.480833,0.519167,TOR,0
logistic_engineered,20242025,20252026,20252026,2025020292,2025-11-15,STL,VGK,0,0.33602,0.66398,VGK,1
logistic_engineered,20242025,20252026,20252026,2025020293,2025-11-15,DAL,PHI,1,0.719803,0.280197,DAL,1
logistic_engineered,20242025,20252026,20252026,2025020294,2025-11-15,CGY,WPG,0,0.34832,0.65168,WPG,1
logistic_engineered,20242025,20252026,20252026,2025020295,2025-11-15,SEA,SJS,1,0.278483,0.721517,SJS,0
logistic_engineered,20242025,20252026,20252026,2025020296,2025-11-16,PIT,NSH,1,0.617227,0.382773,PIT,1
logistic_engineered,20242025,20252026,20252026,2025020297,2025-11-16,TBL,VAN,0,0.471962,0.528038,VAN,1
logistic_engineered,20242025,20252026,20252026,2025020298,2025-11-16,MIN,VGK,1,0.422337,0.577663,VGK,0
logistic_engineered,20242025,20252026,20252026,2025020299,2025-11-16,NYR,DET,0,0.498343,0.501657,DET,1
logistic_engineered,20242025,20252026,20252026,2025020300,2025-11-16,COL,NYI,1,0.680168,0.319832,COL,1
logistic_engineered,20242025,20252026,20252026,2025020301,2025-11-17,BOS,CAR,0,0.404244,0.595756,CAR,1
logistic_engineered,20242025,20252026,20252026,2025020302,2025-11-17,BUF,EDM,1,0.447906,0.552094,EDM,0
logistic_engineered,20242025,20252026,20252026,2025020303,2025-11-17,FLA,VAN,1,0.657503,0.342497,FLA,1
logistic_engineered,20242025,20252026,20252026,2025020304,2025-11-17,WSH,LAK,1,0.581639,0.418361,WSH,1
logistic_engineered,20242025,20252026,20252026,2025020305,2025-11-17,CBJ,MTL,1,0.51792,0.48208,CBJ,1
logistic_engineered,20242025,20252026,20252026,2025020306,2025-11-17,ANA,UTA,1,0.56237,0.43763,ANA,1
logistic_engineered,20242025,20252026,20252026,2025020307,2025-11-18,TOR,STL,1,0.568626,0.431374,TOR,1
logistic_engineered,20242025,20252026,20252026,2025020308,2025-11-18,DET,SEA,1,0.525012,0.474988,DET,1
logistic_engineered,20242025,20252026,20252026,2025020309,2025-11-18,TBL,NJD,1,0.485196,0.514804,NJD,0
logistic_engineered,20242025,20252026,20252026,2025020310,2025-11-18,DAL,NYI,0,0.649587,0.350413,DAL,0
logistic_engineered,20242025,20252026,20252026,2025020311,2025-11-18,WPG,CBJ,1,0.714809,0.285191,WPG,1
logistic_engineered,20242025,20252026,20252026,2025020312,2025-11-18,CHI,CGY,1,0.580113,0.419887,CHI,1
logistic_engineered,20242025,20252026,20252026,2025020313,2025-11-18,VGK,NYR,1,0.584936,0.415064,VGK,1
logistic_engineered,20242025,20252026,20252026,2025020314,2025-11-18,SJS,UTA,1,0.504829,0.495171,SJS,1
logistic_engineered,20242025,20252026,20252026,2025020315,2025-11-19,WSH,EDM,1,0.583105,0.416895,WSH,1
logistic_engineered,20242025,20252026,20252026,2025020316,2025-11-19,BUF,CGY,0,0.637481,0.362519,BUF,0
logistic_engineered,20242025,20252026,20252026,2025020317,2025-11-19,MIN,CAR,1,0.45684,0.54316,CAR,0
logistic_engineered,20242025,20252026,20252026,2025020318,2025-11-19,ANA,BOS,1,0.617979,0.382021,ANA,1
logistic_engineered,20242025,20252026,20252026,2025020319,2025-11-20,TOR,CBJ,0,0.583016,0.416984,TOR,0
logistic_engineered,20242025,20252026,20252026,2025020320,2025-11-20,MTL,WSH,0,0.218387,0.781613,WSH,1
logistic_engineered,20242025,20252026,20252026,2025020321,2025-11-20,DET,NYI,0,0.57551,0.42449,DET,0
logistic_engineered,20242025,20252026,20252026,2025020322,2025-11-20,TBL,EDM,1,0.627804,0.372196,TBL,1
logistic_engineered,20242025,20252026,20252026,2025020323,2025-11-20,FLA,NJD,1,0.542301,0.457699,FLA,1
logistic_engineered,20242025,20252026,20252026,2025020324,2025-11-20,PHI,STL,1,0.564831,0.435169,PHI,1
logistic_engineered,20242025,20252026,20252026,2025020325,2025-11-20,CHI,SEA,0,0.514405,0.485595,CHI,0
logistic_engineered,20242025,20252026,20252026,2025020326,2025-11-20,COL,NYR,1,0.660644,0.339356,COL,1
logistic_engineered,20242025,20252026,20252026,2025020327,2025-11-20,UTA,VGK,0,0.484709,0.515291,VGK,1
logistic_engineered,20242025,20252026,20252026,2025020328,2025-11-20,VAN,DAL,0,0.421205,0.578795,DAL,1
logistic_engineered,20242025,20252026,20252026,2025020329,2025-11-20,ANA,OTT,0,0.394276,0.605724,OTT,1
logistic_engineered,20242025,20252026,20252026,2025020330,2025-11-20,SJS,LAK,1,0.386531,0.613469,LAK,0
logistic_engineered,20242025,20252026,20252026,2025020331,2025-11-21,BUF,CHI,1,0.584246,0.415754,BUF,1
logistic_engineered,20242025,20252026,20252026,2025020332,2025-11-21,PIT,MIN,0,0.254583,0.745417,MIN,1
logistic_engineered,20242025,20252026,20252026,2025020333,2025-11-21,WPG,CAR,0,0.576251,0.423749,WPG,0
logistic_engineered,20242025,20252026,20252026,2025020334,2025-11-21,LAK,BOS,0,0.49184,0.50816,BOS,1
logistic_engineered,20242025,20252026,20252026,2025020335,2025-11-22,DET,CBJ,1,0.525899,0.474101,DET,1
logistic_engineered,20242025,20252026,20252026,2025020336,2025-11-22,NYI,STL,0,0.5714,0.4286,NYI,0
logistic_engineered,20242025,20252026,20252026,2025020337,2025-11-22,MTL,TOR,1,0.629308,0.370692,MTL,1
logistic_engineered,20242025,20252026,20252026,2025020338,2025-11-22,FLA,EDM,0,0.400337,0.599663,EDM,1
logistic_engineered,20242025,20252026,20252026,2025020339,2025-11-22,PHI,NJD,1,0.464019,0.535981,NJD,0
logistic_engineered,20242025,20252026,20252026,2025020340,2025-11-22,PIT,SEA,0,0.400344,0.599656,SEA,1
logistic_engineered,20242025,20252026,20252026,2025020341,2025-11-22,WSH,TBL,0,0.271833,0.728167,TBL,1
logistic_engineered,20242025,20252026,20252026,2025020342,2025-11-22,SJS,OTT,0,0.387872,0.612128,OTT,1
logistic_engineered,20242025,20252026,20252026,2025020343,2025-11-22,NSH,COL,0,0.369051,0.630949,COL,1
logistic_engineered,20242025,20252026,20252026,2025020344,2025-11-22,UTA,NYR,1,0.5385,0.4615,UTA,1
logistic_engineered,20242025,20252026,20252026,2025020345,2025-11-22,CGY,DAL,1,0.390333,0.609667,DAL,0
logistic_engineered,20242025,20252026,20252026,2025020346,2025-11-22,ANA,VGK,1,0.484824,0.515176,VGK,0
logistic_engineered,20242025,20252026,20252026,2025020347,2025-11-23,BUF,CAR,1,0.392601,0.607399,CAR,0
logistic_engineered,20242025,20252026,20252026,2025020348,2025-11-23,WPG,MIN,0,0.639181,0.360819,WPG,0
logistic_engineered,20242025,20252026,20252026,2025020349,2025-11-23,NYI,SEA,1,0.513946,0.486054,NYI,1
logistic_engineered,20242025,20252026,20252026,2025020350,2025-11-23,CHI,COL,0,0.414136,0.585864,COL,1
logistic_engineered,20242025,20252026,20252026,2025020351,2025-11-23,SJS,BOS,1,0.360075,0.639925,BOS,0
logistic_engineered,20242025,20252026,20252026,2025020352,2025-11-23,VAN,CGY,0,0.656632,0.343368,VAN,0
logistic_engineered,20242025,20252026,20252026,2025020353,2025-11-24,TBL,PHI,1,0.589343,0.410657,TBL,1
logistic_engineered,20242025,20252026,20252026,2025020354,2025-11-24,NJD,DET,1,0.591202,0.408798,NJD,1
logistic_engineered,20242025,20252026,20252026,2025020355,2025-11-24,NYR,STL,1,0.549432,0.450568,NYR,1
logistic_engineered,20242025,20252026,20252026,2025020356,2025-11-24,WSH,CBJ,1,0.611131,0.388869,WSH,1
logistic_engineered,20242025,20252026,20252026,2025020357,2025-11-24,NSH,FLA,0,0.184035,0.815965,FLA,1
logistic_engineered,20242025,20252026,20252026,2025020358,2025-11-24,UTA,VGK,1,0.447029,0.552971,VGK,0
logistic_engineered,20242025,20252026,20252026,2025020359,2025-11-24,LAK,OTT,1,0.496567,0.503433,OTT,0
logistic_engineered,20242025,20252026,20252026,2025020360,2025-11-25,EDM,DAL,0,0.178947,0.821053,DAL,1
logistic_engineered,20242025,20252026,20252026,2025020361,2025-11-26,DET,NSH,0,0.648341,0.351659,DET,0
logistic_engineered,20242025,20252026,20252026,2025020362,2025-11-26,TBL,CGY,1,0.850733,0.149267,TBL,1
logistic_engineered,20242025,20252026,20252026,2025020363,2025-11-26,FLA,PHI,0,0.605404,0.394596,FLA,0
logistic_engineered,20242025,20252026,20252026,2025020364,2025-11-26,NJD,STL,1,0.606322,0.393678,NJD,1
logistic_engineered,20242025,20252026,20252026,2025020365,2025-11-26,NYI,BOS,0,0.587906,0.412094,NYI,0
logistic_engineered,20242025,20252026,20252026,2025020366,2025-11-26,PIT,BUF,1,0.561741,0.438259,PIT,1
logistic_engineered,20242025,20252026,20252026,2025020367,2025-11-26,WSH,WPG,1,0.473506,0.526494,WPG,0
logistic_engineered,20242025,20252026,20252026,2025020368,2025-11-26,CAR,NYR,0,0.604225,0.395775,CAR,0
logistic_engineered,20242025,20252026,20252026,2025020369,2025-11-26,CBJ,TOR,0,0.470553,0.529447,TOR,1
logistic_engineered,20242025,20252026,20252026,2025020370,2025-11-26,CHI,MIN,0,0.429994,0.570006,MIN,1
logistic_engineered,20242025,20252026,20252026,2025020371,2025-11-26,COL,SJS,1,0.920719,0.079281,COL,1
logistic_engineered,20242025,20252026,20252026,2025020372,2025-11-26,UTA,MTL,0,0.512409,0.487591,UTA,0
logistic_engineered,20242025,20252026,20252026,2025020373,2025-11-26,VGK,OTT,0,0.583123,0.416877,VGK,0
logistic_engineered,20242025,20252026,20252026,2025020374,2025-11-26,ANA,VAN,0,0.609048,0.390952,ANA,0
logistic_engineered,20242025,20252026,20252026,2025020375,2025-11-26,SEA,DAL,0,0.543195,0.456805,SEA,0
logistic_engineered,20242025,20252026,20252026,2025020376,2025-11-28,BOS,NYR,0,0.468254,0.531746,NYR,1
logistic_engineered,20242025,20252026,20252026,2025020377,2025-11-28,DET,TBL,0,0.46188,0.53812,TBL,1
logistic_engineered,20242025,20252026,20252026,2025020378,2025-11-28,MIN,COL,1,0.435429,0.564571,COL,0
logistic_engineered,20242025,20252026,20252026,2025020379,2025-11-28,BUF,NJD,0,0.535164,0.464836,BUF,0
logistic_engineered,20242025,20252026,20252026,2025020380,2025-11-28,FLA,CGY,0,0.647734,0.352266,FLA,0
logistic_engineered,20242025,20252026,20252026,2025020381,2025-11-28,NYI,PHI,0,0.540733,0.459267,NYI,0
logistic_engineered,20242025,20252026,20252026,2025020382,2025-11-28,STL,OTT,1,0.457586,0.542414,OTT,0
logistic_engineered,20242025,20252026,20252026,2025020383,2025-11-28,VGK,MTL,0,0.53748,0.46252,VGK,0
logistic_engineered,20242025,20252026,20252026,2025020384,2025-11-28,ANA,LAK,1,0.515056,0.484944,ANA,1
logistic_engineered,20242025,20252026,20252026,2025020385,2025-11-28,SJS,VAN,1,0.418984,0.581016,VAN,0
logistic_engineered,20242025,20252026,20252026,2025020386,2025-11-28,WSH,TOR,1,0.596365,0.403635,WSH,1
logistic_engineered,20242025,20252026,20252026,2025020387,2025-11-28,CAR,WPG,1,0.494155,0.505845,WPG,0
logistic_engineered,20242025,20252026,20252026,2025020388,2025-11-28,CBJ,PIT,0,0.535589,0.464411,CBJ,0
logistic_engineered,20242025,20252026,20252026,2025020389,2025-11-28,CHI,NSH,0,0.539341,0.460659,CHI,0
logistic_engineered,20242025,20252026,20252026,2025020390,2025-11-28,DAL,UTA,1,0.623521,0.376479,DAL,1
logistic_engineered,20242025,20252026,20252026,2025020391,2025-11-29,NYR,TBL,0,0.39748,0.60252,TBL,1
logistic_engineered,20242025,20252026,20252026,2025020392,2025-11-29,COL,MTL,1,0.587547,0.412453,COL,1
logistic_engineered,20242025,20252026,20252026,2025020393,2025-11-29,SEA,EDM,0,0.534091,0.465909,SEA,0
logistic_engineered,20242025,20252026,20252026,2025020394,2025-11-29,BOS,DET,1,0.448552,0.551448,DET,0
logistic_engineered,20242025,20252026,20252026,2025020395,2025-11-29,NJD,PHI,0,0.589803,0.410197,NJD,0
logistic_engineered,20242025,20252026,20252026,2025020396,2025-11-29,PIT,TOR,0,0.182744,0.817256,TOR,1
logistic_engineered,20242025,20252026,20252026,2025020397,2025-11-29,NSH,WPG,0,0.339331,0.660669,WPG,1
logistic_engineered,20242025,20252026,20252026,2025020398,2025-11-29,STL,UTA,1,0.487905,0.512095,UTA,0
logistic_engineered,20242025,20252026,20252026,2025020399,2025-11-29,MIN,BUF,0,0.581511,0.418489,MIN,0
logistic_engineered,20242025,20252026,20252026,2025020400,2025-11-29,VGK,SJS,1,0.680148,0.319852,VGK,1
logistic_engineered,20242025,20252026,20252026,2025020401,2025-11-29,LAK,VAN,1,0.522141,0.477859,LAK,1
logistic_engineered,20242025,20252026,20252026,2025020402,2025-11-30,NYI,WSH,0,0.409102,0.590898,WSH,1
logistic_engineered,20242025,20252026,20252026,2025020403,2025-11-30,CHI,ANA,1,0.724702,0.275298,CHI,1
logistic_engineered,20242025,20252026,20252026,2025020404,2025-11-30,CAR,CGY,1,0.705012,0.294988,CAR,1
logistic_engineered,20242025,20252026,20252026,2025020405,2025-11-30,DAL,OTT,1,0.61253,0.38747,DAL,1
logistic_engineered,20242025,20252026,20252026,2025020406,2025-12-01,NJD,CBJ,0,0.58867,0.41133,NJD,0
logistic_engineered,20242025,20252026,20252026,2025020407,2025-12-01,PHI,PIT,0,0.595711,0.404289,PHI,0
logistic_engineered,20242025,20252026,20252026,2025020408,2025-12-01,BUF,WPG,1,0.702723,0.297277,BUF,1
logistic_engineered,20242025,20252026,20252026,2025020409,2025-12-01,STL,ANA,0,0.251941,0.748059,ANA,1
logistic_engineered,20242025,20252026,20252026,2025020410,2025-12-01,SJS,UTA,1,0.726592,0.273408,SJS,1
logistic_engineered,20242025,20252026,20252026,2025020411,2025-12-02,MTL,OTT,0,0.577923,0.422077,MTL,0
logistic_engineered,20242025,20252026,20252026,2025020412,2025-12-02,DET,BOS,1,0.836168,0.163832,DET,1
logistic_engineered,20242025,20252026,20252026,2025020413,2025-12-02,FLA,TOR,0,0.534757,0.465243,FLA,0
logistic_engineered,20242025,20252026,20252026,2025020414,2025-12-02,NYI,TBL,1,0.381612,0.618388,TBL,0
logistic_engineered,20242025,20252026,20252026,2025020415,2025-12-02,NYR,DAL,1,0.440404,0.559596,DAL,0
logistic_engineered,20242025,20252026,20252026,2025020416,2025-12-02,NSH,CGY,1,0.805039,0.194961,NSH,1
logistic_engineered,20242025,20252026,20252026,2025020417,2025-12-02,COL,VAN,1,0.348176,0.651824,VAN,0
logistic_engineered,20242025,20252026,20252026,2025020418,2025-12-02,EDM,MIN,0,0.526367,0.473633,EDM,0
logistic_engineered,20242025,20252026,20252026,2025020419,2025-12-02,VGK,CHI,1,0.663747,0.336253,VGK,1
logistic_engineered,20242025,20252026,20252026,2025020420,2025-12-02,LAK,WSH,0,0.46666,0.53334,WSH,1
logistic_engineered,20242025,20252026,20252026,2025020421,2025-12-03,NJD,DAL,0,0.560831,0.439169,NJD,0
logistic_engineered,20242025,20252026,20252026,2025020422,2025-12-03,MTL,WPG,1,0.331101,0.668899,WPG,0
logistic_engineered,20242025,20252026,20252026,2025020423,2025-12-03,PHI,BUF,1,0.530587,0.469413,PHI,1
logistic_engineered,20242025,20252026,20252026,2025020424,2025-12-03,ANA,UTA,0,0.394495,0.605505,UTA,1
logistic_engineered,20242025,20252026,20252026,2025020425,2025-12-03,SJS,WSH,0,0.14863,0.85137,WSH,1
logistic_engineered,20242025,20252026,20252026,2025020426,2025-12-04,BOS,STL,1,0.503384,0.496616,BOS,1
logistic_engineered,20242025,20252026,20252026,2025020427,2025-12-04,OTT,NYR,0,0.518369,0.481631,OTT,0
logistic_engineered,20242025,20252026,20252026,2025020428,2025-12-04,TBL,PIT,0,0.675888,0.324112,TBL,0
logistic_engineered,20242025,20252026,20252026,2025020429,2025-12-04,FLA,NSH,0,0.671679,0.328321,FLA,0
logistic_engineered,20242025,20252026,20252026,2025020430,2025-12-04,NYI,COL,1,0.36849,0.63151,COL,0
logistic_engineered,20242025,20252026,20252026,2025020431,2025-12-04,CAR,TOR,0,0.821833,0.178167,CAR,0
logistic_engineered,20242025,20252026,20252026,2025020432,2025-12-04,CBJ,DET,1,0.547802,0.452198,CBJ,1
logistic_engineered,20242025,20252026,20252026,2025020433,2025-12-04,CGY,MIN,1,0.458249,0.541751,MIN,0
logistic_engineered,20242025,20252026,20252026,2025020434,2025-12-04,EDM,SEA,1,0.788929,0.211071,EDM,1
logistic_engineered,20242025,20252026,20252026,2025020435,2025-12-04,LAK,CHI,0,0.582521,0.417479,LAK,0
logistic_engineered,20242025,20252026,20252026,2025020436,2025-12-05,NJD,VGK,0,0.504968,0.495032,NJD,0
logistic_engineered,20242025,20252026,20252026,2025020437,2025-12-05,WPG,BUF,1,0.648053,0.351947,WPG,1
logistic_engineered,20242025,20252026,20252026,2025020438,2025-12-05,DAL,SJS,1,0.739466,0.260534,DAL,1
logistic_engineered,20242025,20252026,20252026,2025020439,2025-12-05,VAN,UTA,0,0.517991,0.482009,VAN,0
logistic_engineered,20242025,20252026,20252026,2025020440,2025-12-05,ANA,WSH,1,0.437623,0.562377,WSH,0
logistic_engineered,20242025,20252026,20252026,2025020441,2025-12-06,NYR,COL,0,0.42958,0.57042,COL,1
logistic_engineered,20242025,20252026,20252026,2025020442,2025-12-06,FLA,CBJ,1,0.571497,0.428503,FLA,1
logistic_engineered,20242025,20252026,20252026,2025020443,2025-12-06,BOS,NJD,1,0.566754,0.433246,BOS,1
logistic_engineered,20242025,20252026,20252026,2025020444,2025-12-06,TOR,MTL,0,0.585465,0.414535,TOR,0
logistic_engineered,20242025,20252026,20252026,2025020445,2025-12-06,OTT,STL,0,0.581323,0.418677,OTT,0
logistic_engineered,20242025,20252026,20252026,2025020446,2025-12-06,TBL,NYI,0,0.66191,0.33809,TBL,0
logistic_engineered,20242025,20252026,20252026,2025020447,2025-12-06,CAR,NSH,1,0.859241,0.140759,CAR,1
logistic_engineered,20242025,20252026,20252026,2025020448,2025-12-06,CGY,UTA,1,0.57895,0.42105,CGY,1
logistic_engineered,20242025,20252026,20252026,2025020449,2025-12-06,LAK,CHI,1,0.577361,0.422639,LAK,1
logistic_engineered,20242025,20252026,20252026,2025020450,2025-12-06,EDM,WPG,1,0.794823,0.205177,EDM,1
logistic_engineered,20242025,20252026,20252026,2025020451,2025-12-06,VAN,MIN,1,0.37229,0.62771,MIN,0
logistic_engineered,20242025,20252026,20252026,2025020452,2025-12-06,SEA,DET,0,0.479255,0.520745,DET,1
logistic_engineered,20242025,20252026,20252026,2025020453,2025-12-07,PHI,COL,0,0.517159,0.482841,PHI,0
logistic_engineered,20242025,20252026,20252026,2025020454,2025-12-07,FLA,NYI,1,0.559696,0.440304,FLA,1
logistic_engineered,20242025,20252026,20252026,2025020455,2025-12-07,CAR,SJS,0,0.608839,0.391161,CAR,0
logistic_engineered,20242025,20252026,20252026,2025020456,2025-12-07,DAL,PIT,1,0.668571,0.331429,DAL,1
logistic_engineered,20242025,20252026,20252026,2025020457,2025-12-07,MTL,STL,0,0.534131,0.465869,MTL,0
logistic_engineered,20242025,20252026,20252026,2025020458,2025-12-07,NYR,VGK,0,0.366385,0.633615,VGK,1
logistic_engineered,20242025,20252026,20252026,2025020459,2025-12-07,WSH,CBJ,1,0.696898,0.303102,WSH,1
logistic_engineered,20242025,20252026,20252026,2025020460,2025-12-07,ANA,CHI,1,0.705668,0.294332,ANA,1
logistic_engineered,20242025,20252026,20252026,2025020461,2025-12-08,TOR,TBL,1,0.476857,0.523143,TBL,0
logistic_engineered,20242025,20252026,20252026,2025020462,2025-12-08,UTA,LAK,0,0.51237,0.48763,UTA,0
logistic_engineered,20242025,20252026,20252026,2025020463,2025-12-08,CGY,BUF,1,0.798255,0.201745,CGY,1
logistic_engineered,20242025,20252026,20252026,2025020464,2025-12-08,VAN,DET,0,0.202032,0.797968,DET,1
logistic_engineered,20242025,20252026,20252026,2025020465,2025-12-08,SEA,MIN,0,0.477691,0.522309,MIN,1
logistic_engineered,20242025,20252026,20252026,2025020466,2025-12-09,MTL,TBL,0,0.217909,0.782091,TBL,1
logistic_engineered,20242025,20252026,20252026,2025020467,2025-12-09,OTT,NJD,0,0.518323,0.481677,OTT,0
logistic_engineered,20242025,20252026,20252026,2025020468,2025-12-09,NYI,VGK,1,0.456734,0.543266,VGK,0
logistic_engineered,20242025,20252026,20252026,2025020469,2025-12-09,PHI,SJS,1,0.654471,0.345529,PHI,1
logistic_engineered,20242025,20252026,20252026,2025020470,2025-12-09,PIT,ANA,0,0.511725,0.488275,PIT,0
logistic_engineered,20242025,20252026,20252026,2025020471,2025-12-09,CAR,CBJ,1,0.583278,0.416722,CAR,1
logistic_engineered,20242025,20252026,20252026,2025020472,2025-12-09,STL,BOS,0,0.501683,0.498317,STL,0
logistic_engineered,20242025,20252026,20252026,2025020473,2025-12-09,WPG,DAL,0,0.526718,0.473282,WPG,0
logistic_engineered,20242025,20252026,20252026,2025020474,2025-12-09,EDM,BUF,0,0.878308,0.121692,EDM,0
logistic_engineered,20242025,20252026,20252026,2025020475,2025-12-09,NSH,COL,1,0.641216,0.358784,NSH,1
logistic_engineered,20242025,20252026,20252026,2025020476,2025-12-10,CHI,NYR,1,0.465091,0.534909,NYR,0
logistic_engineered,20242025,20252026,20252026,2025020477,2025-12-10,CGY,DET,0,0.495352,0.504648,DET,1
logistic_engineered,20242025,20252026,20252026,2025020478,2025-12-10,UTA,FLA,0,0.447363,0.552637,FLA,1
logistic_engineered,20242025,20252026,20252026,2025020479,2025-12-10,SEA,LAK,1,0.457965,0.542035,LAK,0
logistic_engineered,20242025,20252026,20252026,2025020480,2025-12-11,TOR,SJS,0,0.697824,0.302176,TOR,0
logistic_engineered,20242025,20252026,20252026,2025020481,2025-12-11,NJD,TBL,0,0.190532,0.809468,TBL,1
logistic_engineered,20242025,20252026,20252026,2025020482,2025-12-11,NYI,ANA,1,0.499896,0.500104,ANA,0
logistic_engineered,20242025,20252026,20252026,2025020483,2025-12-11,PHI,VGK,0,0.474516,0.525484,VGK,1
logistic_engineered,20242025,20252026,20252026,2025020484,2025-12-11,PIT,MTL,0,0.518634,0.481366,PIT,0
logistic_engineered,20242025,20252026,20252026,2025020485,2025-12-11,WSH,CAR,0,0.602461,0.397539,WSH,0
logistic_engineered,20242025,20252026,20252026,2025020486,2025-12-11,CBJ,OTT,0,0.234707,0.765293,OTT,1
logistic_engineered,20242025,20252026,20252026,2025020487,2025-12-11,NSH,STL,1,0.763715,0.236285,NSH,1
logistic_engineered,20242025,20252026,20252026,2025020488,2025-12-11,MIN,DAL,1,0.424856,0.575144,DAL,0
logistic_engineered,20242025,20252026,20252026,2025020489,2025-12-11,WPG,BOS,0,0.641297,0.358703,WPG,0
logistic_engineered,20242025,20252026,20252026,2025020490,2025-12-11,COL,FLA,1,0.716199,0.283801,COL,1
logistic_engineered,20242025,20252026,20252026,2025020491,2025-12-11,EDM,DET,1,0.638513,0.361487,EDM,1
logistic_engineered,20242025,20252026,20252026,2025020492,2025-12-11,VAN,BUF,0,0.530574,0.469426,VAN,0
logistic_engineered,20242025,20252026,20252026,2025020493,2025-12-12,STL,CHI,1,0.44247,0.55753,CHI,0
logistic_engineered,20242025,20252026,20252026,2025020494,2025-12-12,UTA,SEA,1,0.611166,0.388834,UTA,1
logistic_engineered,20242025,20252026,20252026,2025020495,2025-12-13,NJD,ANA,1,0.523414,0.476586,NJD,1
logistic_engineered,20242025,20252026,20252026,2025020496,2025-12-13,MIN,OTT,1,0.509864,0.490136,MIN,1
logistic_engineered,20242025,20252026,20252026,2025020497,2025-12-13,PIT,SJS,0,0.659391,0.340609,PIT,0
logistic_engineered,20242025,20252026,20252026,2025020498,2025-12-13,NYI,TBL,1,0.707702,0.292298,NYI,1
logistic_engineered,20242025,20252026,20252026,2025020499,2025-12-13,TOR,EDM,0,0.239187,0.760813,EDM,1
logistic_engineered,20242025,20252026,20252026,2025020500,2025-12-13,NYR,MTL,1,0.576755,0.423245,NYR,1
logistic_engineered,20242025,20252026,20252026,2025020501,2025-12-13,PHI,CAR,0,0.477484,0.522516,CAR,1
logistic_engineered,20242025,20252026,20252026,2025020502,2025-12-13,CBJ,VGK,0,0.418131,0.581869,VGK,1
logistic_engineered,20242025,20252026,20252026,2025020503,2025-12-13,WPG,WSH,1,0.516372,0.483628,WPG,1
logistic_engineered,20242025,20252026,20252026,2025020504,2025-12-13,CHI,DET,0,0.362268,0.637732,DET,1
logistic_engineered,20242025,20252026,20252026,2025020505,2025-12-13,DAL,FLA,0,0.59374,0.40626,DAL,0
logistic_engineered,20242025,20252026,20252026,2025020506,2025-12-13,COL,NSH,1,0.716197,0.283803,COL,1
logistic_engineered,20242025,20252026,20252026,2025020507,2025-12-13,LAK,CGY,0,0.57741,0.42259,LAK,0
logistic_engineered,20242025,20252026,20252026,2025020508,2025-12-14,NJD,VAN,0,0.478023,0.521977,VAN,1
logistic_engineered,20242025,20252026,20252026,2025020509,2025-12-14,PIT,UTA,0,0.426269,0.573731,UTA,1
logistic_engineered,20242025,20252026,20252026,2025020510,2025-12-14,CAR,PHI,1,0.576009,0.423991,CAR,1
logistic_engineered,20242025,20252026,20252026,2025020511,2025-12-14,MIN,BOS,1,0.445633,0.554367,BOS,0
logistic_engineered,20242025,20252026,20252026,2025020512,2025-12-14,MTL,EDM,1,0.432163,0.567837,EDM,0
logistic_engineered,20242025,20252026,20252026,2025020513,2025-12-14,SEA,BUF,0,0.488282,0.511718,BUF,1
logistic_engineered,20242025,20252026,20252026,2025020514,2025-12-15,TBL,FLA,0,0.574697,0.425303,TBL,0
logistic_engineered,20242025,20252026,20252026,2025020515,2025-12-15,NYR,ANA,0,0.505909,0.494091,NYR,0
logistic_engineered,20242025,20252026,20252026,2025020516,2025-12-15,WPG,OTT,0,0.580524,0.419476,WPG,0
logistic_engineered,20242025,20252026,20252026,2025020517,2025-12-15,STL,NSH,0,0.569046,0.430954,STL,0
logistic_engineered,20242025,20252026,20252026,2025020518,2025-12-15,DAL,LAK,1,0.835848,0.164152,DAL,1
logistic_engineered,20242025,20252026,20252026,2025020519,2025-12-16,BOS,UTA,1,0.520668,0.479332,BOS,1
logistic_engineered,20242025,20252026,20252026,2025020520,2025-12-16,TOR,CHI,1,0.687056,0.312944,TOR,1
logistic_engineered,20242025,20252026,20252026,2025020521,2025-12-16,MTL,PHI,0,0.531372,0.468628,MTL,0
logistic_engineered,20242025,20252026,20252026,2025020522,2025-12-16,DET,NYI,1,0.548062,0.451938,DET,1
logistic_engineered,20242025,20252026,20252026,2025020523,2025-12-16,NYR,VAN,0,0.436267,0.563733,VAN,1
logistic_engineered,20242025,20252026,20252026,2025020524,2025-12-16,PIT,EDM,0,0.468255,0.531745,EDM,1
logistic_engineered,20242025,20252026,20252026,2025020525,2025-12-16,CBJ,ANA,1,0.583386,0.416614,CBJ,1
logistic_engineered,20242025,20252026,20252026,2025020526,2025-12-16,MIN,WSH,1,0.440399,0.559601,WSH,0
logistic_engineered,20242025,20252026,20252026,2025020527,2025-12-16,SJS,CGY,1,0.525253,0.474747,SJS,1
logistic_engineered,20242025,20252026,20252026,2025020528,2025-12-16,SEA,COL,0,0.332034,0.667966,COL,1
logistic_engineered,20242025,20252026,20252026,2025020529,2025-12-17,FLA,LAK,1,0.572695,0.427305,FLA,1
logistic_engineered,20242025,20252026,20252026,2025020530,2025-12-17,DET,UTA,0,0.546514,0.453486,DET,0
logistic_engineered,20242025,20252026,20252026,2025020531,2025-12-17,STL,WPG,1,0.412783,0.587217,WPG,0
logistic_engineered,20242025,20252026,20252026,2025020532,2025-12-17,NSH,CAR,0,0.410473,0.589527,CAR,1
logistic_engineered,20242025,20252026,20252026,2025020533,2025-12-17,VGK,NJD,0,0.612693,0.387307,VGK,0
logistic_engineered,20242025,20252026,20252026,2025020534,2025-12-18,BOS,EDM,0,0.755581,0.244419,BOS,0
logistic_engineered,20242025,20252026,20252026,2025020535,2025-12-18,BUF,PHI,1,0.543483,0.456517,BUF,1
logistic_engineered,20242025,20252026,20252026,2025020536,2025-12-18,MTL,CHI,1,0.624734,0.375266,MTL,1
logistic_engineered,20242025,20252026,20252026,2025020537,2025-12-18,OTT,PIT,1,0.54848,0.45152,OTT,1
logistic_engineered,20242025,20252026,20252026,2025020538,2025-12-18,TBL,LAK,0,0.8774,0.1226,TBL,0
logistic_engineered,20242025,20252026,20252026,2025020539,2025-12-18,WSH,TOR,1,0.549177,0.450823,WSH,1
logistic_engineered,20242025,20252026,20252026,2025020540,2025-12-18,CBJ,MIN,0,0.463787,0.536213,MIN,1
logistic_engineered,20242025,20252026,20252026,2025020541,2025-12-18,STL,NYR,0,0.41533,0.58467,NYR,1
logistic_engineered,20242025,20252026,20252026,2025020542,2025-12-18,CGY,SEA,1,0.520139,0.479861,CGY,1
logistic_engineered,20242025,20252026,20252026,2025020543,2025-12-18,SJS,DAL,0,0.362433,0.637567,DAL,1
logistic_engineered,20242025,20252026,20252026,2025020544,2025-12-19,FLA,CAR,1,0.533683,0.466317,FLA,1
logistic_engineered,20242025,20252026,20252026,2025020545,2025-12-19,NYI,VAN,0,0.567858,0.432142,NYI,0
logistic_engineered,20242025,20252026,20252026,2025020546,2025-12-19,COL,WPG,1,0.620615,0.379385,COL,1
logistic_engineered,20242025,20252026,20252026,2025020547,2025-12-19,UTA,NJD,0,0.551142,0.448858,UTA,0
logistic_engineered,20242025,20252026,20252026,2025020548,2025-12-19,ANA,DAL,0,0.230471,0.769529,DAL,1
logistic_engineered,20242025,20252026,20252026,2025020549,2025-12-20,NYR,PHI,1,0.544115,0.455885,NYR,1
logistic_engineered,20242025,20252026,20252026,2025020550,2025-12-20,WSH,DET,0,0.615439,0.384561,WSH,0
logistic_engineered,20242025,20252026,20252026,2025020551,2025-12-20,OTT,CHI,1,0.6884,0.3116,OTT,1
logistic_engineered,20242025,20252026,20252026,2025020552,2025-12-20,MIN,EDM,1,0.559672,0.440328,MIN,1
logistic_engineered,20242025,20252026,20252026,2025020553,2025-12-20,BUF,NYI,1,0.607564,0.392436,BUF,1
logistic_engineered,20242025,20252026,20252026,2025020554,2025-12-20,FLA,STL,0,0.523331,0.476669,FLA,0
logistic_engineered,20242025,20252026,20252026,2025020555,2025-12-20,BOS,VAN,0,0.633425,0.366575,BOS,0
logistic_engineered,20242025,20252026,20252026,2025020556,2025-12-20,MTL,PIT,1,0.55015,0.44985,MTL,1
logistic_engineered,20242025,20252026,20252026,2025020557,2025-12-20,TBL,CAR,1,0.622979,0.377021,TBL,1
logistic_engineered,20242025,20252026,20252026,2025020558,2025-12-20,NSH,TOR,1,0.467105,0.532895,TOR,0
logistic_engineered,20242025,20252026,20252026,2025020559,2025-12-20,CGY,VGK,1,0.457521,0.542479,VGK,0
logistic_engineered,20242025,20252026,20252026,2025020560,2025-12-20,ANA,CBJ,1,0.418059,0.581941,CBJ,0
logistic_engineered,20242025,20252026,20252026,2025020561,2025-12-20,SJS,SEA,0,0.503783,0.496217,SJS,0
logistic_engineered,20242025,20252026,20252026,2025020562,2025-12-21,DET,WSH,1,0.420953,0.579047,WSH,0
logistic_engineered,20242025,20252026,20252026,2025020563,2025-12-21,MIN,COL,0,0.3424,0.6576,COL,1
logistic_engineered,20242025,20252026,20252026,2025020564,2025-12-21,BOS,OTT,0,0.167128,0.832872,OTT,1
logistic_engineered,20242025,20252026,20252026,2025020565,2025-12-21,NJD,BUF,0,0.628845,0.371155,NJD,0
logistic_engineered,20242025,20252026,20252026,2025020566,2025-12-21,PIT,MTL,1,0.536603,0.463397,PIT,1
logistic_engineered,20242025,20252026,20252026,2025020567,2025-12-21,NSH,NYR,1,0.489434,0.510566,NYR,0
logistic_engineered,20242025,20252026,20252026,2025020568,2025-12-21,DAL,TOR,1,0.698664,0.301336,DAL,1
logistic_engineered,20242025,20252026,20252026,2025020569,2025-12-21,UTA,WPG,1,0.471409,0.528591,WPG,0
logistic_engineered,20242025,20252026,20252026,2025020570,2025-12-21,EDM,VGK,1,0.552795,0.447205,EDM,1
logistic_engineered,20242025,20252026,20252026,2025020571,2025-12-22,TBL,STL,1,0.610622,0.389378,TBL,1
logistic_engineered,20242025,20252026,20252026,2025020572,2025-12-22,PHI,VAN,1,0.584543,0.415457,PHI,1
logistic_engineered,20242025,20252026,20252026,2025020573,2025-12-22,ANA,SEA,0,0.569824,0.430176,ANA,0
logistic_engineered,20242025,20252026,20252026,2025020574,2025-12-22,LAK,CBJ,0,0.622057,0.377943,LAK,0
logistic_engineered,20242025,20252026,20252026,2025020575,2025-12-23,TOR,PIT,1,0.533692,0.466308,TOR,1
logistic_engineered,20242025,20252026,20252026,2025020576,2025-12-23,WSH,NYR,0,0.596479,0.403521,WSH,0
logistic_engineered,20242025,20252026,20252026,2025020577,2025-12-23,BOS,MTL,0,0.52789,0.47211,BOS,0
logistic_engineered,20242025,20252026,20252026,2025020578,2025-12-23,OTT,BUF,0,0.600918,0.399082,OTT,0
logistic_engineered,20242025,20252026,20252026,2025020579,2025-12-23,DET,DAL,1,0.409404,0.590596,DAL,0
logistic_engineered,20242025,20252026,20252026,2025020580,2025-12-23,NYI,NJD,1,0.483317,0.516683,NJD,0
logistic_engineered,20242025,20252026,20252026,2025020581,2025-12-23,CAR,FLA,0,0.566079,0.433921,CAR,0
logistic_engineered,20242025,20252026,20252026,2025020582,2025-12-23,MIN,NSH,0,0.658101,0.341899,MIN,0
logistic_engineered,20242025,20252026,20252026,2025020583,2025-12-23,CHI,PHI,0,0.514553,0.485447,CHI,0
logistic_engineered,20242025,20252026,20252026,2025020584,2025-12-23,COL,UTA,1,0.682827,0.317173,COL,1
logistic_engineered,20242025,20252026,20252026,2025020585,2025-12-23,EDM,CGY,1,0.615429,0.384571,EDM,1
logistic_engineered,20242025,20252026,20252026,2025020586,2025-12-23,VGK,SJS,1,0.829483,0.170517,VGK,1
logistic_engineered,20242025,20252026,20252026,2025020587,2025-12-23,LAK,SEA,0,0.545593,0.454407,LAK,0
logistic_engineered,20242025,20252026,20252026,2025020588,2025-12-27,NYI,NYR,1,0.528506,0.471494,NYI,1
logistic_engineered,20242025,20252026,20252026,2025020589,2025-12-27,BUF,BOS,1,0.579795,0.420205,BUF,1
logistic_engineered,20242025,20252026,20252026,2025020590,2025-12-27,TOR,OTT,1,0.776223,0.223777,TOR,1
logistic_engineered,20242025,20252026,20252026,2025020591,2025-12-27,FLA,TBL,0,0.460692,0.539308,TBL,1
logistic_engineered,20242025,20252026,20252026,2025020592,2025-12-27,NJD,WSH,0,0.490802,0.509198,WSH,1
logistic_engineered,20242025,20252026,20252026,2025020593,2025-12-27,CAR,DET,1,0.572354,0.427646,CAR,1
logistic_engineered,20242025,20252026,20252026,2025020594,2025-12-27,WPG,MIN,0,0.560384,0.439616,WPG,0
logistic_engineered,20242025,20252026,20252026,2025020595,2025-12-27,STL,NSH,1,0.55196,0.44804,STL,1
logistic_engineered,20242025,20252026,20252026,2025020596,2025-12-27,DAL,CHI,0,0.72976,0.27024,DAL,0
logistic_engineered,20242025,20252026,20252026,2025020597,2025-12-27,LAK,ANA,1,0.545354,0.454646,LAK,1
logistic_engineered,20242025,20252026,20252026,2025020598,2025-12-27,CGY,EDM,1,0.44984,0.55016,EDM,0
logistic_engineered,20242025,20252026,20252026,2025020599,2025-12-27,VAN,SJS,0,0.577479,0.422521,VAN,0
logistic_engineered,20242025,20252026,20252026,2025020600,2025-12-27,VGK,COL,0,0.415747,0.584253,COL,1
logistic_engineered,20242025,20252026,20252026,2025020601,2025-12-28,DET,TOR,1,0.498693,0.501307,TOR,0
logistic_engineered,20242025,20252026,20252026,2025020602,2025-12-28,TBL,MTL,1,0.518216,0.481784,TBL,1
logistic_engineered,20242025,20252026,20252026,2025020603,2025-12-28,CBJ,NYI,1,0.650416,0.349584,CBJ,1
logistic_engineered,20242025,20252026,20252026,2025020604,2025-12-28,CHI,PIT,0,0.096239,0.903761,PIT,1
logistic_engineered,20242025,20252026,20252026,2025020605,2025-12-28,SEA,PHI,1,0.521787,0.478213,SEA,1
logistic_engineered,20242025,20252026,20252026,2025020606,2025-12-29,OTT,CBJ,0,0.668416,0.331584,OTT,0
logistic_engineered,20242025,20252026,20252026,2025020607,2025-12-29,FLA,WSH,1,0.491228,0.508772,WSH,0
logistic_engineered,20242025,20252026,20252026,2025020608,2025-12-29,CAR,NYR,1,0.584012,0.415988,CAR,1
logistic_engineered,20242025,20252026,20252026,2025020609,2025-12-29,WPG,EDM,0,0.563032,0.436968,WPG,0
logistic_engineered,20242025,20252026,20252026,2025020610,2025-12-29,STL,BUF,0,0.516207,0.483793,STL,0
logistic_engineered,20242025,20252026,20252026,2025020611,2025-12-29,COL,LAK,1,0.667262,0.332738,COL,1
logistic_engineered,20242025,20252026,20252026,2025020612,2025-12-29,UTA,NSH,0,0.645549,0.354451,UTA,0
logistic_engineered,20242025,20252026,20252026,2025020613,2025-12-29,CGY,BOS,1,0.553102,0.446898,CGY,1
logistic_engineered,20242025,20252026,20252026,2025020614,2025-12-29,VGK,MIN,0,0.214897,0.785103,MIN,1
logistic_engineered,20242025,20252026,20252026,2025020615,2025-12-29,ANA,SJS,0,0.284606,0.715394,SJS,1
logistic_engineered,20242025,20252026,20252026,2025020616,2025-12-29,SEA,VAN,0,0.439559,0.560441,VAN,1
logistic_engineered,20242025,20252026,20252026,2025020617,2025-12-30,TOR,NJD,1,0.514428,0.485572,TOR,1
logistic_engineered,20242025,20252026,20252026,2025020618,2025-12-30,FLA,MTL,0,0.457855,0.542145,MTL,1
logistic_engineered,20242025,20252026,20252026,2025020619,2025-12-30,PIT,CAR,1,0.551628,0.448372,PIT,1
logistic_engineered,20242025,20252026,20252026,2025020620,2025-12-30,CHI,NYI,0,0.455064,0.544936,NYI,1
logistic_engineered,20242025,20252026,20252026,2025020621,2025-12-30,VAN,PHI,0,0.367432,0.632568,PHI,1
logistic_engineered,20242025,20252026,20252026,2025020622,2025-12-31,WSH,NYR,1,0.597732,0.402268,WSH,1
logistic_engineered,20242025,20252026,20252026,2025020623,2025-12-31,VGK,NSH,0,0.647295,0.352705,VGK,0
logistic_engineered,20242025,20252026,20252026,2025020624,2025-12-31,ANA,TBL,0,0.413999,0.586001,TBL,1
logistic_engineered,20242025,20252026,20252026,2025020625,2025-12-31,SJS,MIN,1,0.385618,0.614382,MIN,0
logistic_engineered,20242025,20252026,20252026,2025020626,2025-12-31,DET,WPG,1,0.469734,0.530266,WPG,0
logistic_engineered,20242025,20252026,20252026,2025020627,2025-12-31,CBJ,NJD,0,0.595875,0.404125,CBJ,0
logistic_engineered,20242025,20252026,20252026,2025020628,2025-12-31,DAL,BUF,0,0.662735,0.337265,DAL,0
logistic_engineered,20242025,20252026,20252026,2025020629,2025-12-31,COL,STL,1,0.700326,0.299674,COL,1
logistic_engineered,20242025,20252026,20252026,2025020630,2025-12-31,CGY,PHI,1,0.604523,0.395477,CGY,1
logistic_engineered,20242025,20252026,20252026,2025020631,2025-12-31,EDM,BOS,0,0.635458,0.364542,EDM,0
logistic_engineered,20242025,20252026,20252026,2025020632,2026-01-01,OTT,WSH,1,0.587212,0.412788,OTT,1
logistic_engineered,20242025,20252026,20252026,2025020633,2026-01-01,NYI,UTA,0,0.206463,0.793537,UTA,1
logistic_engineered,20242025,20252026,20252026,2025020634,2026-01-01,TOR,WPG,1,0.231757,0.768243,WPG,0
logistic_engineered,20242025,20252026,20252026,2025020635,2026-01-01,PIT,DET,1,0.594713,0.405287,PIT,1
logistic_engineered,20242025,20252026,20252026,2025020636,2026-01-01,CAR,MTL,0,0.557581,0.442419,CAR,0
logistic_engineered,20242025,20252026,20252026,2025020637,2026-01-01,CHI,DAL,1,0.399886,0.600114,DAL,0
logistic_engineered,20242025,20252026,20252026,2025020638,2026-01-01,SEA,NSH,1,0.632375,0.367625,SEA,1
logistic_engineered,20242025,20252026,20252026,2025020639,2026-01-01,LAK,TBL,0,0.488075,0.511925,TBL,1
logistic_engineered,20242025,20252026,20252026,2025020640,2026-01-02,STL,VGK,1,0.392513,0.607487,VGK,0
logistic_engineered,20242025,20252026,20252026,2025020641,2026-01-02,FLA,NYR,0,0.608262,0.391738,FLA,0
logistic_engineered,20242025,20252026,20252026,2025020642,2026-01-02,VAN,SEA,0,0.589942,0.410058,VAN,0
logistic_engineered,20242025,20252026,20252026,2025020643,2026-01-02,ANA,MIN,0,0.461862,0.538138,MIN,1
logistic_engineered,20242025,20252026,20252026,2025020644,2026-01-03,DET,PIT,0,0.558901,0.441099,DET,0
logistic_engineered,20242025,20252026,20252026,2025020645,2026-01-03,NJD,UTA,1,0.548714,0.451286,NJD,1
logistic_engineered,20242025,20252026,20252026,2025020646,2026-01-03,CBJ,BUF,1,0.504074,0.495926,CBJ,1
logistic_engineered,20242025,20252026,20252026,2025020647,2026-01-03,EDM,PHI,0,0.570949,0.429051,EDM,0
logistic_engineered,20242025,20252026,20252026,2025020648,2026-01-03,STL,MTL,1,0.384117,0.615883,MTL,0
logistic_engineered,20242025,20252026,20252026,2025020649,2026-01-03,SJS,TBL,0,0.117299,0.882701,TBL,1
logistic_engineered,20242025,20252026,20252026,2025020650,2026-01-03,OTT,WPG,1,0.49448,0.50552,WPG,0
logistic_engineered,20242025,20252026,20252026,2025020651,2026-01-03,NYI,TOR,1,0.465153,0.534847,TOR,0
logistic_engineered,20242025,20252026,20252026,2025020652,2026-01-03,WSH,CHI,0,0.716593,0.283407,WSH,0
logistic_engineered,20242025,20252026,20252026,2025020653,2026-01-03,CAR,COL,0,0.430667,0.569333,COL,1
logistic_engineered,20242025,20252026,20252026,2025020654,2026-01-03,CGY,NSH,0,0.592607,0.407393,CGY,0
logistic_engineered,20242025,20252026,20252026,2025020655,2026-01-03,LAK,MIN,1,0.534454,0.465546,LAK,1
logistic_engineered,20242025,20252026,20252026,2025020656,2026-01-03,VAN,BOS,0,0.383857,0.616143,BOS,1
logistic_engineered,20242025,20252026,20252026,2025020657,2026-01-04,DAL,MTL,0,0.692106,0.307894,DAL,0
logistic_engineered,20242025,20252026,20252026,2025020658,2026-01-04,CBJ,PIT,0,0.510767,0.489233,CBJ,0
logistic_engineered,20242025,20252026,20252026,2025020659,2026-01-04,FLA,COL,1,0.484251,0.515749,COL,0
logistic_engineered,20242025,20252026,20252026,2025020660,2026-01-04,NJD,CAR,0,0.44,0.56,CAR,1
logistic_engineered,20242025,20252026,20252026,2025020661,2026-01-04,CHI,VGK,1,0.273066,0.726934,VGK,0
logistic_engineered,20242025,20252026,20252026,2025020662,2026-01-05,NYR,UTA,0,0.228619,0.771381,UTA,1
logistic_engineered,20242025,20252026,20252026,2025020663,2026-01-05,WSH,ANA,1,0.842615,0.157385,WSH,1
logistic_engineered,20242025,20252026,20252026,2025020664,2026-01-05,OTT,DET,0,0.266447,0.733553,DET,1
logistic_engineered,20242025,20252026,20252026,2025020665,2026-01-05,CGY,SEA,0,0.557588,0.442412,CGY,0
logistic_engineered,20242025,20252026,20252026,2025020666,2026-01-05,LAK,MIN,1,0.480018,0.519982,MIN,0
logistic_engineered,20242025,20252026,20252026,2025020667,2026-01-06,BUF,VAN,1,0.612833,0.387167,BUF,1
logistic_engineered,20242025,20252026,20252026,2025020668,2026-01-06,TBL,COL,1,0.539036,0.460964,TBL,1
logistic_engineered,20242025,20252026,20252026,2025020669,2026-01-06,NYI,NJD,1,0.509925,0.490075,NYI,1
logistic_engineered,20242025,20252026,20252026,2025020670,2026-01-06,PHI,ANA,1,0.628422,0.371578,PHI,1
logistic_engineered,20242025,20252026,20252026,2025020671,2026-01-06,CAR,DAL,1,0.764933,0.235067,CAR,1
logistic_engineered,20242025,20252026,20252026,2025020672,2026-01-06,TOR,FLA,1,0.564533,0.435467,TOR,1
logistic_engineered,20242025,20252026,20252026,2025020673,2026-01-06,WPG,VGK,0,0.517166,0.482834,WPG,0
logistic_engineered,20242025,20252026,20252026,2025020674,2026-01-06,EDM,NSH,1,0.625013,0.374987,EDM,1
logistic_engineered,20242025,20252026,20252026,2025020675,2026-01-06,SJS,CBJ,1,0.463955,0.536045,CBJ,0
logistic_engineered,20242025,20252026,20252026,2025020676,2026-01-06,SEA,BOS,1,0.417353,0.582647,BOS,0
logistic_engineered,20242025,20252026,20252026,2025020677,2026-01-07,WSH,DAL,0,0.61219,0.38781,WSH,0
logistic_engineered,20242025,20252026,20252026,2025020678,2026-01-07,MTL,CGY,1,0.596181,0.403819,MTL,1
logistic_engineered,20242025,20252026,20252026,2025020679,2026-01-07,CHI,STL,1,0.441028,0.558972,STL,0
logistic_engineered,20242025,20252026,20252026,2025020680,2026-01-07,UTA,OTT,1,0.515018,0.484982,UTA,1
logistic_engineered,20242025,20252026,20252026,2025020681,2026-01-07,LAK,SJS,0,0.695069,0.304931,LAK,0
logistic_engineered,20242025,20252026,20252026,2025020682,2026-01-08,BOS,CGY,1,0.619119,0.380881,BOS,1
logistic_engineered,20242025,20252026,20252026,2025020683,2026-01-08,MTL,FLA,1,0.421039,0.578961,FLA,0
logistic_engineered,20242025,20252026,20252026,2025020684,2026-01-08,DET,VAN,1,0.612364,0.387636,DET,1
logistic_engineered,20242025,20252026,20252026,2025020685,2026-01-08,NYR,BUF,0,0.540389,0.459611,NYR,0
logistic_engineered,20242025,20252026,20252026,2025020686,2026-01-08,PHI,TOR,0,0.447044,0.552956,TOR,1
logistic_engineered,20242025,20252026,20252026,2025020687,2026-01-08,PIT,NJD,1,0.619641,0.380359,PIT,1
logistic_engineered,20242025,20252026,20252026,2025020688,2026-01-08,CAR,ANA,1,0.684368,0.315632,CAR,1
logistic_engineered,20242025,20252026,20252026,2025020689,2026-01-08,NSH,NYI,1,0.5024,0.4976,NSH,1
logistic_engineered,20242025,20252026,20252026,2025020690,2026-01-08,WPG,EDM,0,0.601322,0.398678,WPG,0
logistic_engineered,20242025,20252026,20252026,2025020691,2026-01-08,COL,OTT,1,0.889762,0.110238,COL,1
logistic_engineered,20242025,20252026,20252026,2025020692,2026-01-08,VGK,CBJ,1,0.308784,0.691216,CBJ,0
logistic_engineered,20242025,20252026,20252026,2025020693,2026-01-08,SEA,MIN,0,0.427901,0.572099,MIN,1
logistic_engineered,20242025,20252026,20252026,2025020694,2026-01-09,CHI,WSH,0,0.38109,0.61891,WSH,1
logistic_engineered,20242025,20252026,20252026,2025020695,2026-01-09,WPG,LAK,1,0.752598,0.247402,WPG,1
logistic_engineered,20242025,20252026,20252026,2025020696,2026-01-09,UTA,STL,1,0.613456,0.386544,UTA,1
logistic_engineered,20242025,20252026,20252026,2025020697,2026-01-10,BOS,NYR,1,0.78018,0.21982,BOS,1
logistic_engineered,20242025,20252026,20252026,2025020698,2026-01-10,PIT,CGY,0,0.578576,0.421424,PIT,0
logistic_engineered,20242025,20252026,20252026,2025020699,2026-01-10,COL,CBJ,1,0.651324,0.348676,COL,1
logistic_engineered,20242025,20252026,20252026,2025020700,2026-01-10,SJS,DAL,1,0.361271,0.638729,DAL,0
logistic_engineered,20242025,20252026,20252026,2025020701,2026-01-10,BUF,ANA,1,0.581121,0.418879,BUF,1
logistic_engineered,20242025,20252026,20252026,2025020702,2026-01-10,TOR,VAN,1,0.860973,0.139027,TOR,1
logistic_engineered,20242025,20252026,20252026,2025020703,2026-01-10,MTL,DET,0,0.558763,0.441237,MTL,0
logistic_engineered,20242025,20252026,20252026,2025020704,2026-01-10,OTT,FLA,0,0.555748,0.444252,OTT,0
logistic_engineered,20242025,20252026,20252026,2025020705,2026-01-10,PHI,TBL,0,0.382773,0.617227,TBL,1
logistic_engineered,20242025,20252026,20252026,2025020706,2026-01-10,CAR,SEA,1,0.65216,0.34784,CAR,1
logistic_engineered,20242025,20252026,20252026,2025020707,2026-01-10,NSH,CHI,0,0.643971,0.356029,NSH,0
logistic_engineered,20242025,20252026,20252026,2025020708,2026-01-10,MIN,NYI,0,0.650214,0.349786,MIN,0
logistic_engineered,20242025,20252026,20252026,2025020709,2026-01-10,EDM,LAK,0,0.648293,0.351707,EDM,0
logistic_engineered,20242025,20252026,20252026,2025020710,2026-01-10,VGK,STL,1,0.687681,0.312319,VGK,1
logistic_engineered,20242025,20252026,20252026,2025020711,2026-01-11,WPG,NJD,1,0.654805,0.345195,WPG,1
logistic_engineered,20242025,20252026,20252026,2025020712,2026-01-11,BOS,PIT,1,0.524959,0.475041,BOS,1
logistic_engineered,20242025,20252026,20252026,2025020713,2026-01-11,NSH,WSH,1,0.272372,0.727628,WSH,0
logistic_engineered,20242025,20252026,20252026,2025020714,2026-01-11,UTA,CBJ,0,0.648479,0.351521,UTA,0
logistic_engineered,20242025,20252026,20252026,2025020715,2026-01-11,SJS,VGK,0,0.406177,0.593823,VGK,1
logistic_engineered,20242025,20252026,20252026,2025020716,2026-01-12,BUF,FLA,0,0.523132,0.476868,BUF,0
logistic_engineered,20242025,20252026,20252026,2025020717,2026-01-12,DET,CAR,1,0.451222,0.548778,CAR,0
logistic_engineered,20242025,20252026,20252026,2025020718,2026-01-12,NYR,SEA,0,0.567567,0.432433,NYR,0
logistic_engineered,20242025,20252026,20252026,2025020719,2026-01-12,PHI,TBL,0,0.358269,0.641731,TBL,1
logistic_engineered,20242025,20252026,20252026,2025020720,2026-01-12,MTL,VAN,1,0.622159,0.377841,MTL,1
logistic_engineered,20242025,20252026,20252026,2025020721,2026-01-12,MIN,NJD,0,0.707945,0.292055,MIN,0
logistic_engineered,20242025,20252026,20252026,2025020722,2026-01-12,CHI,EDM,0,0.412992,0.587008,EDM,1
logistic_engineered,20242025,20252026,20252026,2025020723,2026-01-12,COL,TOR,0,0.625675,0.374325,COL,0
logistic_engineered,20242025,20252026,20252026,2025020724,2026-01-12,LAK,DAL,0,0.476662,0.523338,DAL,1
logistic_engineered,20242025,20252026,20252026,2025020725,2026-01-13,OTT,VAN,1,0.711951,0.288049,OTT,1
logistic_engineered,20242025,20252026,20252026,2025020726,2026-01-13,PIT,TBL,0,0.47747,0.52253,TBL,1
logistic_engineered,20242025,20252026,20252026,2025020727,2026-01-13,WSH,MTL,1,0.651959,0.348041,WSH,1
logistic_engineered,20242025,20252026,20252026,2025020728,2026-01-13,CBJ,CGY,1,0.556875,0.443125,CBJ,1
logistic_engineered,20242025,20252026,20252026,2025020729,2026-01-13,BOS,DET,1,0.576906,0.423094,BOS,1
logistic_engineered,20242025,20252026,20252026,2025020730,2026-01-13,STL,CAR,1,0.484455,0.515545,CAR,0
logistic_engineered,20242025,20252026,20252026,2025020731,2026-01-13,NSH,EDM,1,0.524637,0.475363,NSH,1
logistic_engineered,20242025,20252026,20252026,2025020732,2026-01-13,WPG,NYI,1,0.66034,0.33966,WPG,1
logistic_engineered,20242025,20252026,20252026,2025020733,2026-01-13,UTA,TOR,1,0.570507,0.429493,UTA,1
logistic_engineered,20242025,20252026,20252026,2025020734,2026-01-13,ANA,DAL,1,0.478216,0.521784,DAL,0
logistic_engineered,20242025,20252026,20252026,2025020735,2026-01-14,NJD,SEA,1,0.517646,0.482354,NJD,1
logistic_engineered,20242025,20252026,20252026,2025020736,2026-01-14,BUF,PHI,1,0.828929,0.171071,BUF,1
logistic_engineered,20242025,20252026,20252026,2025020737,2026-01-14,NYR,OTT,0,0.26337,0.73663,OTT,1
logistic_engineered,20242025,20252026,20252026,2025020738,2026-01-14,LAK,VGK,0,0.53608,0.46392,LAK,0
logistic_engineered,20242025,20252026,20252026,2025020739,2026-01-15,BOS,SEA,1,0.60812,0.39188,BOS,1
logistic_engineered,20242025,20252026,20252026,2025020740,2026-01-15,BUF,MTL,1,0.411573,0.588427,MTL,0
logistic_engineered,20242025,20252026,20252026,2025020741,2026-01-15,PIT,PHI,1,0.837044,0.162956,PIT,1
logistic_engineered,20242025,20252026,20252026,2025020742,2026-01-15,WSH,SJS,0,0.675387,0.324613,WSH,0
logistic_engineered,20242025,20252026,20252026,2025020743,2026-01-15,CBJ,VAN,1,0.660731,0.339269,CBJ,1
logistic_engineered,20242025,20252026,20252026,2025020744,2026-01-15,MIN,WPG,0,0.213755,0.786245,WPG,1
logistic_engineered,20242025,20252026,20252026,2025020745,2026-01-15,CHI,CGY,0,0.484907,0.515093,CGY,1
logistic_engineered,20242025,20252026,20252026,2025020746,2026-01-15,UTA,DAL,1,0.436527,0.563473,DAL,0
logistic_engineered,20242025,20252026,20252026,2025020747,2026-01-15,EDM,NYI,0,0.588785,0.411215,EDM,0
logistic_engineered,20242025,20252026,20252026,2025020748,2026-01-15,VGK,TOR,1,0.408661,0.591339,TOR,0
logistic_engineered,20242025,20252026,20252026,2025020749,2026-01-16,DET,SJS,1,0.714149,0.285851,DET,1
logistic_engineered,20242025,20252026,20252026,2025020750,2026-01-16,CAR,FLA,1,0.56168,0.43832,CAR,1
logistic_engineered,20242025,20252026,20252026,2025020751,2026-01-16,STL,TBL,1,0.345436,0.654564,TBL,0
logistic_engineered,20242025,20252026,20252026,2025020752,2026-01-16,COL,NSH,0,0.724039,0.275961,COL,0
logistic_engineered,20242025,20252026,20252026,2025020753,2026-01-16,LAK,ANA,0,0.604198,0.395802,LAK,0
logistic_engineered,20242025,20252026,20252026,2025020754,2026-01-17,BUF,MIN,0,0.53923,0.46077,BUF,0
logistic_engineered,20242025,20252026,20252026,2025020755,2026-01-17,PHI,NYR,0,0.181891,0.818109,NYR,1
logistic_engineered,20242025,20252026,20252026,2025020756,2026-01-17,CGY,NYI,1,0.50443,0.49557,CGY,1
logistic_engineered,20242025,20252026,20252026,2025020757,2026-01-17,UTA,SEA,1,0.576627,0.423373,UTA,1
logistic_engineered,20242025,20252026,20252026,2025020758,2026-01-17,OTT,MTL,0,0.54036,0.45964,OTT,0
logistic_engineered,20242025,20252026,20252026,2025020759,2026-01-17,NJD,CAR,0,0.501824,0.498176,NJD,0
logistic_engineered,20242025,20252026,20252026,2025020760,2026-01-17,PIT,CBJ,0,0.480267,0.519733,CBJ,1
logistic_engineered,20242025,20252026,20252026,2025020761,2026-01-17,WSH,FLA,0,0.685117,0.314883,WSH,0
logistic_engineered,20242025,20252026,20252026,2025020762,2026-01-17,WPG,TOR,0,0.588945,0.411055,WPG,0
logistic_engineered,20242025,20252026,20252026,2025020763,2026-01-17,CHI,BOS,0,0.449344,0.550656,BOS,1
logistic_engineered,20242025,20252026,20252026,2025020764,2026-01-17,VAN,EDM,0,0.383908,0.616092,EDM,1
logistic_engineered,20242025,20252026,20252026,2025020765,2026-01-17,VGK,NSH,1,0.716327,0.283673,VGK,1
logistic_engineered,20242025,20252026,20252026,2025020766,2026-01-17,ANA,LAK,1,0.462228,0.537772,LAK,0
logistic_engineered,20242025,20252026,20252026,2025020767,2026-01-18,DAL,TBL,0,0.550861,0.449139,DAL,0
logistic_engineered,20242025,20252026,20252026,2025020768,2026-01-18,DET,OTT,1,0.631348,0.368652,DET,1
logistic_engineered,20242025,20252026,20252026,2025020769,2026-01-18,EDM,STL,1,0.512984,0.487016,EDM,1
logistic_engineered,20242025,20252026,20252026,2025020770,2026-01-19,CAR,BUF,1,0.582,0.418,CAR,1
logistic_engineered,20242025,20252026,20252026,2025020771,2026-01-19,COL,WSH,1,0.582244,0.417756,COL,1
logistic_engineered,20242025,20252026,20252026,2025020772,2026-01-19,SEA,PIT,0,0.559072,0.440928,SEA,0
logistic_engineered,20242025,20252026,20252026,2025020773,2026-01-19,FLA,SJS,0,0.627351,0.372649,FLA,0
logistic_engineered,20242025,20252026,20252026,2025020774,2026-01-19,TOR,MIN,0,0.227937,0.772063,MIN,1
logistic_engineered,20242025,20252026,20252026,2025020775,2026-01-19,VGK,PHI,0,0.686484,0.313516,VGK,0
logistic_engineered,20242025,20252026,20252026,2025020776,2026-01-19,CHI,WPG,1,0.316208,0.683792,WPG,0
logistic_engineered,20242025,20252026,20252026,2025020777,2026-01-19,CGY,NJD,0,0.50981,0.49019,CGY,0
logistic_engineered,20242025,20252026,20252026,2025020778,2026-01-19,VAN,NYI,0,0.454069,0.545931,NYI,1
logistic_engineered,20242025,20252026,20252026,2025020779,2026-01-19,ANA,NYR,1,0.487247,0.512753,NYR,0
logistic_engineered,20242025,20252026,20252026,2025020780,2026-01-20,MTL,MIN,1,0.587381,0.412619,MTL,1
logistic_engineered,20242025,20252026,20252026,2025020781,2026-01-20,TBL,SJS,1,0.766725,0.233275,TBL,1
logistic_engineered,20242025,20252026,20252026,2025020782,2026-01-20,CBJ,OTT,0,0.259843,0.740157,OTT,1
logistic_engineered,20242025,20252026,20252026,2025020783,2026-01-20,DAL,BOS,1,0.842738,0.157262,DAL,1
logistic_engineered,20242025,20252026,20252026,2025020784,2026-01-20,NSH,BUF,0,0.242778,0.757222,BUF,1
logistic_engineered,20242025,20252026,20252026,2025020785,2026-01-20,WPG,STL,1,0.610877,0.389123,WPG,1
logistic_engineered,20242025,20252026,20252026,2025020786,2026-01-20,EDM,NJD,0,0.659344,0.340656,EDM,0
logistic_engineered,20242025,20252026,20252026,2025020787,2026-01-20,LAK,NYR,1,0.295357,0.704643,NYR,0
logistic_engineered,20242025,20252026,20252026,2025020788,2026-01-21,TOR,DET,0,0.546465,0.453535,TOR,0
logistic_engineered,20242025,20252026,20252026,2025020789,2026-01-21,COL,ANA,0,0.701596,0.298404,COL,0
logistic_engineered,20242025,20252026,20252026,2025020790,2026-01-21,UTA,PHI,1,0.652919,0.347081,UTA,1
logistic_engineered,20242025,20252026,20252026,2025020791,2026-01-21,CGY,PIT,0,0.546522,0.453478,CGY,0
logistic_engineered,20242025,20252026,20252026,2025020792,2026-01-21,VAN,WSH,1,0.347781,0.652219,WSH,0
logistic_engineered,20242025,20252026,20252026,2025020793,2026-01-21,SEA,NYI,1,0.544075,0.455925,SEA,1
logistic_engineered,20242025,20252026,20252026,2025020794,2026-01-22,BOS,VGK,1,0.429977,0.570023,VGK,0
logistic_engineered,20242025,20252026,20252026,2025020795,2026-01-22,MTL,BUF,0,0.529919,0.470081,MTL,0
logistic_engineered,20242025,20252026,20252026,2025020796,2026-01-22,CAR,CHI,0,0.733966,0.266034,CAR,0
logistic_engineered,20242025,20252026,20252026,2025020797,2026-01-22,CBJ,DAL,1,0.430487,0.569513,DAL,0
logistic_engineered,20242025,20252026,20252026,2025020798,2026-01-22,NSH,OTT,1,0.463368,0.536632,OTT,0
logistic_engineered,20242025,20252026,20252026,2025020799,2026-01-22,WPG,FLA,0,0.595863,0.404137,WPG,0
logistic_engineered,20242025,20252026,20252026,2025020800,2026-01-22,EDM,PIT,0,0.672957,0.327043,EDM,0
logistic_engineered,20242025,20252026,20252026,2025020801,2026-01-22,MIN,DET,1,0.6525,0.3475,MIN,1
logistic_engineered,20242025,20252026,20252026,2025020802,2026-01-23,TOR,VGK,0,0.579556,0.420444,TOR,0
logistic_engineered,20242025,20252026,20252026,2025020803,2026-01-23,CHI,TBL,0,0.245506,0.754494,TBL,1
logistic_engineered,20242025,20252026,20252026,2025020804,2026-01-23,DAL,STL,1,0.589064,0.410936,DAL,1
logistic_engineered,20242025,20252026,20252026,2025020805,2026-01-23,COL,PHI,0,0.748772,0.251228,COL,0
logistic_engineered,20242025,20252026,20252026,2025020806,2026-01-23,CGY,WSH,0,0.404362,0.595638,WSH,1
logistic_engineered,20242025,20252026,20252026,2025020807,2026-01-23,VAN,NJD,0,0.440891,0.559109,NJD,1
logistic_engineered,20242025,20252026,20252026,2025020808,2026-01-23,SJS,NYR,1,0.441143,0.558857,NYR,0
logistic_engineered,20242025,20252026,20252026,2025020809,2026-01-23,SEA,ANA,0,0.571651,0.428349,SEA,0
logistic_engineered,20242025,20252026,20252026,2025020810,2026-01-24,NYI,BUF,0,0.533709,0.466291,NYI,0
logistic_engineered,20242025,20252026,20252026,2025020811,2026-01-24,NSH,UTA,0,0.472245,0.527755,UTA,1
logistic_engineered,20242025,20252026,20252026,2025020812,2026-01-24,BOS,MTL,1,0.520671,0.479329,BOS,1
logistic_engineered,20242025,20252026,20252026,2025020813,2026-01-24,OTT,CAR,0,0.49863,0.50137,CAR,1
logistic_engineered,20242025,20252026,20252026,2025020814,2026-01-24,CBJ,TBL,1,0.482858,0.517142,TBL,0
logistic_engineered,20242025,20252026,20252026,2025020815,2026-01-24,WPG,DET,0,0.610576,0.389424,WPG,0
logistic_engineered,20242025,20252026,20252026,2025020816,2026-01-24,STL,LAK,0,0.297585,0.702415,LAK,1
logistic_engineered,20242025,20252026,20252026,2025020817,2026-01-24,MIN,FLA,0,0.566855,0.433145,MIN,0
logistic_engineered,20242025,20252026,20252026,2025020818,2026-01-24,EDM,WSH,1,0.222804,0.777196,WSH,0
logistic_engineered,20242025,20252026,20252026,2025020819,2026-01-25,TOR,COL,0,0.427238,0.572762,COL,1
logistic_engineered,20242025,20252026,20252026,2025020820,2026-01-25,SEA,NJD,1,0.532034,0.467966,SEA,1
logistic_engineered,20242025,20252026,20252026,2025020821,2026-01-25,OTT,VGK,1,0.385978,0.614022,VGK,0
logistic_engineered,20242025,20252026,20252026,2025020822,2026-01-25,VAN,PIT,0,0.454158,0.545842,PIT,1
logistic_engineered,20242025,20252026,20252026,2025020823,2026-01-25,CHI,FLA,0,0.479104,0.520896,FLA,1
logistic_engineered,20242025,20252026,20252026,2025020824,2026-01-25,CGY,ANA,0,0.565383,0.434617,CGY,0
logistic_engineered,20242025,20252026,20252026,2025020825,2026-01-26,TBL,UTA,1,0.59628,0.40372,TBL,1
logistic_engineered,20242025,20252026,20252026,2025020826,2026-01-26,NYR,BOS,1,0.574235,0.425765,NYR,1
logistic_engineered,20242025,20252026,20252026,2025020827,2026-01-26,PHI,NYI,0,0.468498,0.531502,NYI,1
logistic_engineered,20242025,20252026,20252026,2025020829,2026-01-26,EDM,ANA,1,0.709253,0.290747,EDM,1
logistic_engineered,20242025,20252026,20252026,2025020830,2026-01-27,BOS,NSH,1,0.450556,0.549444,NSH,0
logistic_engineered,20242025,20252026,20252026,2025020831,2026-01-27,TOR,BUF,0,0.775485,0.224515,TOR,0
logistic_engineered,20242025,20252026,20252026,2025020832,2026-01-27,MTL,VGK,1,0.52486,0.47514,MTL,1
logistic_engineered,20242025,20252026,20252026,2025020833,2026-01-27,DET,LAK,0,0.515477,0.484523,DET,0
logistic_engineered,20242025,20252026,20252026,2025020834,2026-01-27,FLA,UTA,0,0.65816,0.34184,FLA,0
logistic_engineered,20242025,20252026,20252026,2025020835,2026-01-27,NJD,WPG,0,0.461271,0.538729,WPG,1
logistic_engineered,20242025,20252026,20252026,2025020836,2026-01-27,STL,DAL,0,0.385386,0.614614,DAL,1
logistic_engineered,20242025,20252026,20252026,2025020837,2026-01-27,MIN,CHI,1,0.73573,0.26427,MIN,1
logistic_engineered,20242025,20252026,20252026,2025020838,2026-01-27,VAN,SJS,0,0.213182,0.786818,SJS,1
logistic_engineered,20242025,20252026,20252026,2025020839,2026-01-27,SEA,WSH,1,0.420821,0.579179,WSH,0
logistic_engineered,20242025,20252026,20252026,2025020840,2026-01-28,CBJ,PHI,1,0.64662,0.35338,CBJ,1
logistic_engineered,20242025,20252026,20252026,2025020841,2026-01-28,OTT,COL,1,0.440735,0.559265,COL,0
logistic_engineered,20242025,20252026,20252026,2025020842,2026-01-28,NYI,NYR,1,0.55563,0.44437,NYI,1
logistic_engineered,20242025,20252026,20252026,2025020843,2026-01-29,BOS,PHI,1,0.850922,0.149078,BOS,1
logistic_engineered,20242025,20252026,20252026,2025020844,2026-01-29,BUF,LAK,1,0.526287,0.473713,BUF,1
logistic_engineered,20242025,20252026,20252026,2025020845,2026-01-29,MTL,COL,1,0.551319,0.448681,MTL,1
logistic_engineered,20242025,20252026,20252026,2025020846,2026-01-29,DET,WSH,0,0.456536,0.543464,WSH,1
logistic_engineered,20242025,20252026,20252026,2025020847,2026-01-29,TBL,WPG,1,0.565376,0.434624,TBL,1
logistic_engineered,20242025,20252026,20252026,2025020848,2026-01-29,NJD,NSH,1,0.600827,0.399173,NJD,1
logistic_engineered,20242025,20252026,20252026,2025020849,2026-01-29,NYR,NYI,0,0.522765,0.477235,NYR,0
logistic_engineered,20242025,20252026,20252026,2025020850,2026-01-29,PIT,CHI,1,0.650143,0.349857,PIT,1
logistic_engineered,20242025,20252026,20252026,2025020851,2026-01-29,CAR,UTA,1,0.626377,0.373623,CAR,1
logistic_engineered,20242025,20252026,20252026,2025020852,2026-01-29,STL,FLA,1,0.468118,0.531882,FLA,0
logistic_engineered,20242025,20252026,20252026,2025020853,2026-01-29,MIN,CGY,1,0.634555,0.365445,MIN,1
logistic_engineered,20242025,20252026,20252026,2025020854,2026-01-29,EDM,SJS,1,0.673267,0.326733,EDM,1
logistic_engineered,20242025,20252026,20252026,2025020855,2026-01-29,VAN,ANA,1,0.191525,0.808475,ANA,0
logistic_engineered,20242025,20252026,20252026,2025020856,2026-01-29,VGK,DAL,0,0.507204,0.492796,VGK,0
logistic_engineered,20242025,20252026,20252026,2025020857,2026-01-29,SEA,TOR,1,0.499824,0.500176,TOR,0
logistic_engineered,20242025,20252026,20252026,2025020858,2026-01-30,CHI,CBJ,0,0.314093,0.685907,CBJ,1
logistic_engineered,20242025,20252026,20252026,2025020859,2026-01-31,PHI,LAK,0,0.470743,0.529257,LAK,1
logistic_engineered,20242025,20252026,20252026,2025020860,2026-01-31,DET,COL,0,0.176901,0.823099,COL,1
logistic_engineered,20242025,20252026,20252026,2025020861,2026-01-31,PIT,NYR,1,0.535694,0.464306,PIT,1
logistic_engineered,20242025,20252026,20252026,2025020862,2026-01-31,FLA,WPG,0,0.493035,0.506965,WPG,1
logistic_engineered,20242025,20252026,20252026,2025020863,2026-01-31,CGY,SJS,1,0.619009,0.380991,CGY,1
logistic_engineered,20242025,20252026,20252026,2025020864,2026-01-31,WSH,CAR,1,0.541662,0.458338,WSH,1
logistic_engineered,20242025,20252026,20252026,2025020865,2026-01-31,BUF,MTL,0,0.541842,0.458158,BUF,0
logistic_engineered,20242025,20252026,20252026,2025020866,2026-01-31,OTT,NJD,1,0.591229,0.408771,OTT,1
logistic_engineered,20242025,20252026,20252026,2025020867,2026-01-31,NYI,NSH,0,0.562325,0.437675,NYI,0
logistic_engineered,20242025,20252026,20252026,2025020868,2026-01-31,STL,CBJ,0,0.600598,0.399402,STL,0
logistic_engineered,20242025,20252026,20252026,2025020869,2026-01-31,VAN,TOR,0,0.387673,0.612327,TOR,1
logistic_engineered,20242025,20252026,20252026,2025020870,2026-01-31,UTA,DAL,0,0.489557,0.510443,DAL,1
logistic_engineered,20242025,20252026,20252026,2025020871,2026-01-31,EDM,MIN,0,0.221267,0.778733,MIN,1
logistic_engineered,20242025,20252026,20252026,2025020872,2026-01-31,VGK,SEA,0,0.591258,0.408742,VGK,0
logistic_engineered,20242025,20252026,20252026,2025020873,2026-02-01,TBL,BOS,1,0.652107,0.347893,TBL,1
logistic_engineered,20242025,20252026,20252026,2025020874,2026-02-01,CAR,LAK,1,0.557989,0.442011,CAR,1
logistic_engineered,20242025,20252026,20252026,2025020875,2026-02-01,ANA,VGK,1,0.499224,0.500776,VGK,0
logistic_engineered,20242025,20252026,20252026,2025020876,2026-02-02,FLA,BUF,0,0.559915,0.440085,FLA,0
logistic_engineered,20242025,20252026,20252026,2025020877,2026-02-02,PIT,OTT,0,0.492633,0.507367,OTT,1
logistic_engineered,20242025,20252026,20252026,2025020878,2026-02-02,WSH,NYI,1,0.605139,0.394861,WSH,1
logistic_engineered,20242025,20252026,20252026,2025020879,2026-02-02,MIN,MTL,1,0.603868,0.396132,MIN,1
logistic_engineered,20242025,20252026,20252026,2025020880,2026-02-02,NSH,STL,1,0.229298,0.770702,STL,0
logistic_engineered,20242025,20252026,20252026,2025020881,2026-02-02,CHI,SJS,1,0.784029,0.215971,CHI,1
logistic_engineered,20242025,20252026,20252026,2025020882,2026-02-02,DAL,WPG,1,0.580884,0.419116,DAL,1
logistic_engineered,20242025,20252026,20252026,2025020883,2026-02-02,COL,DET,0,0.617163,0.382837,COL,0
logistic_engineered,20242025,20252026,20252026,2025020884,2026-02-02,UTA,VAN,1,0.633567,0.366433,UTA,1
logistic_engineered,20242025,20252026,20252026,2025020885,2026-02-02,CGY,TOR,0,0.454467,0.545533,TOR,1
logistic_engineered,20242025,20252026,20252026,2025020886,2026-02-03,TBL,BUF,1,0.675881,0.324119,TBL,1
logistic_engineered,20242025,20252026,20252026,2025020887,2026-02-03,NJD,CBJ,0,0.526157,0.473843,NJD,0
logistic_engineered,20242025,20252026,20252026,2025020888,2026-02-03,NYI,PIT,1,0.504461,0.495539,NYI,1
logistic_engineered,20242025,20252026,20252026,2025020889,2026-02-03,PHI,WSH,1,0.516394,0.483606,PHI,1
logistic_engineered,20242025,20252026,20252026,2025020890,2026-02-03,CAR,OTT,1,0.65041,0.34959,CAR,1
logistic_engineered,20242025,20252026,20252026,2025020891,2026-02-03,EDM,TOR,0,0.634468,0.365532,EDM,0
logistic_engineered,20242025,20252026,20252026,2025020892,2026-02-03,ANA,SEA,1,0.485039,0.514961,SEA,0
logistic_engineered,20242025,20252026,20252026,2025020893,2026-02-04,FLA,BOS,1,0.598005,0.401995,FLA,1
logistic_engineered,20242025,20252026,20252026,2025020894,2026-02-04,CBJ,CHI,1,0.51769,0.48231,CBJ,1
logistic_engineered,20242025,20252026,20252026,2025020895,2026-02-04,WPG,MTL,0,0.557834,0.442166,WPG,0
logistic_engineered,20242025,20252026,20252026,2025020896,2026-02-04,NSH,MIN,0,0.436837,0.563163,MIN,1
logistic_engineered,20242025,20252026,20252026,2025020897,2026-02-04,COL,SJS,1,0.729898,0.270102,COL,1
logistic_engineered,20242025,20252026,20252026,2025020898,2026-02-04,UTA,DET,1,0.55874,0.44126,UTA,1
logistic_engineered,20242025,20252026,20252026,2025020899,2026-02-04,DAL,STL,1,0.644664,0.355336,DAL,1
logistic_engineered,20242025,20252026,20252026,2025020900,2026-02-04,CGY,EDM,1,0.492827,0.507173,EDM,0
logistic_engineered,20242025,20252026,20252026,2025020901,2026-02-04,VGK,VAN,1,0.678113,0.321887,VGK,1
logistic_engineered,20242025,20252026,20252026,2025020902,2026-02-04,LAK,SEA,0,0.656634,0.343366,LAK,0
logistic_engineered,20242025,20252026,20252026,2025020903,2026-02-05,BUF,PIT,0,0.58982,0.41018,BUF,0
logistic_engineered,20242025,20252026,20252026,2025020904,2026-02-05,TBL,FLA,1,0.88258,0.11742,TBL,1
logistic_engineered,20242025,20252026,20252026,2025020905,2026-02-05,NJD,NYI,0,0.542127,0.457873,NJD,0
logistic_engineered,20242025,20252026,20252026,2025020906,2026-02-05,NYR,CAR,0,0.479133,0.520867,CAR,1
logistic_engineered,20242025,20252026,20252026,2025020907,2026-02-05,PHI,OTT,0,0.456282,0.543718,OTT,1
logistic_engineered,20242025,20252026,20252026,2025020908,2026-02-05,WSH,NSH,1,0.738838,0.261162,WSH,1
logistic_engineered,20242025,20252026,20252026,2025020909,2026-02-05,VGK,LAK,1,0.590812,0.409188,VGK,1
logistic_engineered,20242025,20252026,20252026,2025020910,2026-02-25,NJD,BUF,0,0.482838,0.517162,BUF,1
logistic_engineered,20242025,20252026,20252026,2025020911,2026-02-25,WSH,PHI,1,0.653667,0.346333,WSH,1
logistic_engineered,20242025,20252026,20252026,2025020912,2026-02-25,TBL,TOR,1,0.574969,0.425031,TBL,1
logistic_engineered,20242025,20252026,20252026,2025020913,2026-02-25,DAL,SEA,1,0.623699,0.376301,DAL,1
logistic_engineered,20242025,20252026,20252026,2025020914,2026-02-25,UTA,COL,0,0.479549,0.520451,COL,1
logistic_engineered,20242025,20252026,20252026,2025020915,2026-02-25,VAN,WPG,0,0.368247,0.631753,WPG,1
logistic_engineered,20242025,20252026,20252026,2025020916,2026-02-25,LAK,VGK,0,0.45962,0.54038,VGK,1
logistic_engineered,20242025,20252026,20252026,2025020917,2026-02-25,ANA,EDM,1,0.721867,0.278133,ANA,1
logistic_engineered,20242025,20252026,20252026,2025020918,2026-02-26,BOS,CBJ,1,0.215862,0.784138,CBJ,0
logistic_engineered,20242025,20252026,20252026,2025020919,2026-02-26,MTL,NYI,0,0.610494,0.389506,MTL,0
logistic_engineered,20242025,20252026,20252026,2025020920,2026-02-26,OTT,DET,0,0.573522,0.426478,OTT,0
logistic_engineered,20242025,20252026,20252026,2025020921,2026-02-26,FLA,TOR,1,0.641452,0.358548,FLA,1
logistic_engineered,20242025,20252026,20252026,2025020922,2026-02-26,PIT,NJD,1,0.661805,0.338195,PIT,1
logistic_engineered,20242025,20252026,20252026,2025020923,2026-02-26,CAR,TBL,1,0.582627,0.417373,CAR,1
logistic_engineered,20242025,20252026,20252026,2025020924,2026-02-26,NYR,PHI,0,0.650532,0.349468,NYR,0
logistic_engineered,20242025,20252026,20252026,2025020925,2026-02-26,STL,SEA,1,0.663622,0.336378,STL,1
logistic_engineered,20242025,20252026,20252026,2025020926,2026-02-26,NSH,CHI,1,0.575073,0.424927,NSH,1
logistic_engineered,20242025,20252026,20252026,2025020927,2026-02-26,COL,MIN,0,0.711039,0.288961,COL,0
logistic_engineered,20242025,20252026,20252026,2025020928,2026-02-26,SJS,CGY,0,0.461217,0.538783,CGY,1
logistic_engineered,20242025,20252026,20252026,2025020929,2026-02-26,LAK,EDM,0,0.110597,0.889403,EDM,1
logistic_engineered,20242025,20252026,20252026,2025020930,2026-02-27,FLA,BUF,0,0.418946,0.581054,BUF,1
logistic_engineered,20242025,20252026,20252026,2025020931,2026-02-27,WSH,VGK,1,0.53419,0.46581,WSH,1
logistic_engineered,20242025,20252026,20252026,2025020932,2026-02-27,UTA,MIN,1,0.574942,0.425058,UTA,1
logistic_engineered,20242025,20252026,20252026,2025020933,2026-02-27,ANA,WPG,1,0.452426,0.547574,WPG,0
logistic_engineered,20242025,20252026,20252026,2025020934,2026-02-28,NYR,PIT,1,0.480696,0.519304,PIT,0
logistic_engineered,20242025,20252026,20252026,2025020935,2026-02-28,PHI,BOS,1,0.484962,0.515038,BOS,0
logistic_engineered,20242025,20252026,20252026,2025020936,2026-02-28,SJS,EDM,1,0.343847,0.656153,EDM,0
logistic_engineered,20242025,20252026,20252026,2025020937,2026-02-28,CBJ,NYI,0,0.532355,0.467645,CBJ,0
logistic_engineered,20242025,20252026,20252026,2025020938,2026-02-28,COL,CHI,1,0.729982,0.270018,COL,1
logistic_engineered,20242025,20252026,20252026,2025020939,2026-02-28,TOR,OTT,0,0.240153,0.759847,OTT,1
logistic_engineered,20242025,20252026,20252026,2025020940,2026-02-28,MTL,WSH,1,0.574958,0.425042,MTL,1
logistic_engineered,20242025,20252026,20252026,2025020941,2026-02-28,TBL,BUF,0,0.350139,0.649861,BUF,1
logistic_engineered,20242025,20252026,20252026,2025020942,2026-02-28,CAR,DET,1,0.608969,0.391031,CAR,1
logistic_engineered,20242025,20252026,20252026,2025020943,2026-02-28,STL,NJD,0,0.548749,0.451251,STL,0
logistic_engineered,20242025,20252026,20252026,2025020944,2026-02-28,LAK,CGY,1,0.555377,0.444623,LAK,1
logistic_engineered,20242025,20252026,20252026,2025020945,2026-02-28,DAL,NSH,1,0.664668,0.335332,DAL,1
logistic_engineered,20242025,20252026,20252026,2025020946,2026-02-28,SEA,VAN,1,0.549171,0.450829,SEA,1
logistic_engineered,20242025,20252026,20252026,2025020947,2026-03-01,PIT,VGK,1,0.34418,0.65582,VGK,0
logistic_engineered,20242025,20252026,20252026,2025020948,2026-03-01,NYI,FLA,1,0.429908,0.570092,FLA,0
logistic_engineered,20242025,20252026,20252026,2025020949,2026-03-01,UTA,CHI,0,0.741153,0.258847,UTA,0
logistic_engineered,20242025,20252026,20252026,2025020950,2026-03-01,SJS,WPG,1,0.255889,0.744111,WPG,0
logistic_engineered,20242025,20252026,20252026,2025020951,2026-03-01,MIN,STL,0,0.646032,0.353968,MIN,0
logistic_engineered,20242025,20252026,20252026,2025020952,2026-03-01,ANA,CGY,1,0.653987,0.346013,ANA,1
logistic_engineered,20242025,20252026,20252026,2025020953,2026-03-02,NYR,CBJ,0,0.516096,0.483904,NYR,0
logistic_engineered,20242025,20252026,20252026,2025020954,2026-03-02,TOR,PHI,0,0.630691,0.369309,TOR,0
logistic_engineered,20242025,20252026,20252026,2025020955,2026-03-02,NSH,DET,0,0.784022,0.215978,NSH,0
logistic_engineered,20242025,20252026,20252026,2025020956,2026-03-02,VAN,DAL,0,0.337805,0.662195,DAL,1
logistic_engineered,20242025,20252026,20252026,2025020957,2026-03-02,SEA,CAR,1,0.450893,0.549107,CAR,0
logistic_engineered,20242025,20252026,20252026,2025020958,2026-03-02,LAK,COL,0,0.42953,0.57047,COL,1
logistic_engineered,20242025,20252026,20252026,2025020959,2026-03-03,BOS,PIT,1,0.53363,0.46637,BOS,1
logistic_engineered,20242025,20252026,20252026,2025020960,2026-03-03,BUF,VGK,1,0.539213,0.460787,BUF,1
logistic_engineered,20242025,20252026,20252026,2025020961,2026-03-03,NJD,FLA,1,0.509232,0.490768,NJD,1
logistic_engineered,20242025,20252026,20252026,2025020962,2026-03-03,WSH,UTA,0,0.539036,0.460964,WSH,0
logistic_engineered,20242025,20252026,20252026,2025020963,2026-03-03,CBJ,NSH,1,0.23942,0.76058,NSH,0
logistic_engineered,20242025,20252026,20252026,2025020964,2026-03-03,WPG,CHI,1,0.680398,0.319602,WPG,1
logistic_engineered,20242025,20252026,20252026,2025020965,2026-03-03,CGY,DAL,0,0.198972,0.801028,DAL,1
logistic_engineered,20242025,20252026,20252026,2025020966,2026-03-03,EDM,OTT,1,0.56408,0.43592,EDM,1
logistic_engineered,20242025,20252026,20252026,2025020967,2026-03-03,MIN,TBL,1,0.427541,0.572459,TBL,0
logistic_engineered,20242025,20252026,20252026,2025020968,2026-03-03,ANA,COL,0,0.494464,0.505536,COL,1
logistic_engineered,20242025,20252026,20252026,2025020969,2026-03-03,SJS,MTL,1,0.397043,0.602957,MTL,0
logistic_engineered,20242025,20252026,20252026,2025020970,2026-03-04,DET,VGK,0,0.580514,0.419486,DET,0
logistic_engineered,20242025,20252026,20252026,2025020971,2026-03-04,NJD,TOR,1,0.402829,0.597171,TOR,0
logistic_engineered,20242025,20252026,20252026,2025020972,2026-03-04,VAN,CAR,0,0.146868,0.853132,CAR,1
logistic_engineered,20242025,20252026,20252026,2025020973,2026-03-04,ANA,NYI,1,0.389885,0.610115,NYI,0
logistic_engineered,20242025,20252026,20252026,2025020974,2026-03-04,SEA,STL,0,0.507877,0.492123,SEA,0
logistic_engineered,20242025,20252026,20252026,2025020975,2026-03-05,NYR,TOR,1,0.562596,0.437404,NYR,1
logistic_engineered,20242025,20252026,20252026,2025020976,2026-03-05,PHI,UTA,0,0.44919,0.55081,UTA,1
logistic_engineered,20242025,20252026,20252026,2025020977,2026-03-05,PIT,BUF,0,0.485206,0.514794,BUF,1
logistic_engineered,20242025,20252026,20252026,2025020978,2026-03-05,CBJ,FLA,1,0.534059,0.465941,CBJ,1
logistic_engineered,20242025,20252026,20252026,2025020979,2026-03-05,NSH,BOS,1,0.525847,0.474153,NSH,1
logistic_engineered,20242025,20252026,20252026,2025020980,2026-03-05,WPG,TBL,1,0.474815,0.525185,TBL,0
logistic_engineered,20242025,20252026,20252026,2025020981,2026-03-05,CGY,OTT,0,0.464533,0.535467,OTT,1
logistic_engineered,20242025,20252026,20252026,2025020982,2026-03-05,LAK,NYI,1,0.628503,0.371497,LAK,1
logistic_engineered,20242025,20252026,20252026,2025020983,2026-03-06,DET,FLA,0,0.591735,0.408265,DET,0
logistic_engineered,20242025,20252026,20252026,2025020984,2026-03-06,DAL,COL,0,0.79908,0.20092,DAL,0
logistic_engineered,20242025,20252026,20252026,2025020985,2026-03-06,CHI,VAN,0,0.541258,0.458742,CHI,0
logistic_engineered,20242025,20252026,20252026,2025020986,2026-03-06,EDM,CAR,0,0.564075,0.435925,EDM,0
logistic_engineered,20242025,20252026,20252026,2025020987,2026-03-06,ANA,MTL,1,0.495859,0.504141,MTL,0
logistic_engineered,20242025,20252026,20252026,2025020988,2026-03-06,VGK,MIN,0,0.53606,0.46394,VGK,0
logistic_engineered,20242025,20252026,20252026,2025020989,2026-03-06,SJS,STL,0,0.439144,0.560856,STL,1
logistic_engineered,20242025,20252026,20252026,2025020990,2026-03-07,BOS,WSH,1,0.458837,0.541163,WSH,0
logistic_engineered,20242025,20252026,20252026,2025020991,2026-03-07,NJD,NYR,1,0.571618,0.428382,NJD,1
logistic_engineered,20242025,20252026,20252026,2025020992,2026-03-07,BUF,NSH,1,0.636381,0.363619,BUF,1
logistic_engineered,20242025,20252026,20252026,2025020993,2026-03-07,PIT,PHI,0,0.615556,0.384444,PIT,0
logistic_engineered,20242025,20252026,20252026,2025020994,2026-03-07,TOR,TBL,0,0.392739,0.607261,TBL,1
logistic_engineered,20242025,20252026,20252026,2025020995,2026-03-07,CBJ,UTA,0,0.51914,0.48086,CBJ,0
logistic_engineered,20242025,20252026,20252026,2025020996,2026-03-07,WPG,VAN,1,0.73122,0.26878,WPG,1
logistic_engineered,20242025,20252026,20252026,2025020997,2026-03-07,LAK,MTL,0,0.596656,0.403344,LAK,0
logistic_engineered,20242025,20252026,20252026,2025020998,2026-03-07,CGY,CAR,1,0.48848,0.51152,CAR,0
logistic_engineered,20242025,20252026,20252026,2025020999,2026-03-07,SJS,NYI,0,0.346804,0.653196,NYI,1
logistic_engineered,20242025,20252026,20252026,2025021000,2026-03-07,SEA,OTT,0,0.477041,0.522959,OTT,1
logistic_engineered,20242025,20252026,20252026,2025021001,2026-03-08,COL,MIN,1,0.593136,0.406864,COL,1
logistic_engineered,20242025,20252026,20252026,2025021002,2026-03-08,PIT,BOS,1,0.499449,0.500551,BOS,0
logistic_engineered,20242025,20252026,20252026,2025021003,2026-03-08,BUF,TBL,1,0.44561,0.55439,TBL,0
logistic_engineered,20242025,20252026,20252026,2025021004,2026-03-08,DAL,CHI,1,0.722131,0.277869,DAL,1
logistic_engineered,20242025,20252026,20252026,2025021005,2026-03-08,NJD,DET,0,0.726322,0.273678,NJD,0
logistic_engineered,20242025,20252026,20252026,2025021006,2026-03-08,ANA,STL,0,0.530604,0.469396,ANA,0
logistic_engineered,20242025,20252026,20252026,2025021007,2026-03-08,VGK,EDM,0,0.517501,0.482499,VGK,0
logistic_engineered,20242025,20252026,20252026,2025020828,2026-03-09,CBJ,LAK,0,0.527088,0.472912,CBJ,0
logistic_engineered,20242025,20252026,20252026,2025021008,2026-03-09,PHI,NYR,0,0.19492,0.80508,NYR,1
logistic_engineered,20242025,20252026,20252026,2025021009,2026-03-09,WSH,CGY,1,0.624379,0.375621,WSH,1
logistic_engineered,20242025,20252026,20252026,2025021010,2026-03-09,CHI,UTA,1,0.316476,0.683524,UTA,0
logistic_engineered,20242025,20252026,20252026,2025021011,2026-03-09,VAN,OTT,0,0.439111,0.560889,OTT,1
logistic_engineered,20242025,20252026,20252026,2025021012,2026-03-10,BOS,LAK,1,0.563586,0.436414,BOS,1
logistic_engineered,20242025,20252026,20252026,2025021013,2026-03-10,BUF,SJS,1,0.673625,0.326375,BUF,1
logistic_engineered,20242025,20252026,20252026,2025021014,2026-03-10,MTL,TOR,1,0.550139,0.449861,MTL,1
logistic_engineered,20242025,20252026,20252026,2025021015,2026-03-10,TBL,CBJ,0,0.70272,0.29728,TBL,0
logistic_engineered,20242025,20252026,20252026,2025021016,2026-03-10,FLA,DET,1,0.592134,0.407866,FLA,1
logistic_engineered,20242025,20252026,20252026,2025021017,2026-03-10,NYR,CGY,1,0.559482,0.440518,NYR,1
logistic_engineered,20242025,20252026,20252026,2025021018,2026-03-10,CAR,PIT,1,0.626611,0.373389,CAR,1
logistic_engineered,20242025,20252026,20252026,2025021019,2026-03-10,STL,NYI,0,0.53726,0.46274,STL,0
logistic_engineered,20242025,20252026,20252026,2025021020,2026-03-10,DAL,VGK,1,0.589924,0.410076,DAL,1
logistic_engineered,20242025,20252026,20252026,2025021021,2026-03-10,MIN,UTA,1,0.645361,0.354639,MIN,1
logistic_engineered,20242025,20252026,20252026,2025021022,2026-03-10,WPG,ANA,0,0.625829,0.374171,WPG,0
logistic_engineered,20242025,20252026,20252026,2025021023,2026-03-10,COL,EDM,0,0.831191,0.168809,COL,0
logistic_engineered,20242025,20252026,20252026,2025021024,2026-03-10,SEA,NSH,0,0.55889,0.44111,SEA,0
logistic_engineered,20242025,20252026,20252026,2025021025,2026-03-11,OTT,MTL,0,0.623507,0.376493,OTT,0
logistic_engineered,20242025,20252026,20252026,2025021026,2026-03-11,PHI,WSH,1,0.441112,0.558888,WSH,0
logistic_engineered,20242025,20252026,20252026,2025021027,2026-03-12,BOS,SJS,0,0.640806,0.359194,BOS,0
logistic_engineered,20242025,20252026,20252026,2025021028,2026-03-12,BUF,WSH,0,0.619929,0.380071,BUF,0
logistic_engineered,20242025,20252026,20252026,2025021029,2026-03-12,TOR,ANA,1,0.567987,0.432013,TOR,1
logistic_engineered,20242025,20252026,20252026,2025021030,2026-03-12,TBL,DET,1,0.674665,0.325335,TBL,1
logistic_engineered,20242025,20252026,20252026,2025021031,2026-03-12,FLA,CBJ,1,0.542716,0.457284,FLA,1
logistic_engineered,20242025,20252026,20252026,2025021032,2026-03-12,NJD,CGY,0,0.620518,0.379482,NJD,0
logistic_engineered,20242025,20252026,20252026,2025021033,2026-03-12,CAR,STL,0,0.6056,0.3944,CAR,0
logistic_engineered,20242025,20252026,20252026,2025021034,2026-03-12,DAL,EDM,1,0.555509,0.444491,DAL,1
logistic_engineered,20242025,20252026,20252026,2025021035,2026-03-12,MIN,PHI,0,0.734365,0.265635,MIN,0
logistic_engineered,20242025,20252026,20252026,2025021036,2026-03-12,WPG,NYR,0,0.595285,0.404715,WPG,0
logistic_engineered,20242025,20252026,20252026,2025021037,2026-03-12,UTA,CHI,0,0.639907,0.360093,UTA,0
logistic_engineered,20242025,20252026,20252026,2025021038,2026-03-12,VAN,NSH,1,0.515713,0.484287,VAN,1
logistic_engineered,20242025,20252026,20252026,2025021039,2026-03-12,VGK,PIT,1,0.620604,0.379396,VGK,1
logistic_engineered,20242025,20252026,20252026,2025021040,2026-03-12,SEA,COL,0,0.15372,0.84628,COL,1
logistic_engineered,20242025,20252026,20252026,2025021041,2026-03-13,NYI,LAK,0,0.508442,0.491558,NYI,0
logistic_engineered,20242025,20252026,20252026,2025021042,2026-03-13,STL,EDM,1,0.457093,0.542907,EDM,0
logistic_engineered,20242025,20252026,20252026,2025021043,2026-03-14,OTT,ANA,1,0.607098,0.392902,OTT,1
logistic_engineered,20242025,20252026,20252026,2025021044,2026-03-14,WSH,BOS,0,0.614735,0.385265,WSH,0
logistic_engineered,20242025,20252026,20252026,2025021045,2026-03-14,WPG,COL,1,0.471934,0.528066,COL,0
logistic_engineered,20242025,20252026,20252026,2025021046,2026-03-14,MIN,NYR,0,0.569191,0.430809,MIN,0
logistic_engineered,20242025,20252026,20252026,2025021047,2026-03-14,BUF,TOR,1,0.541835,0.458165,BUF,1
logistic_engineered,20242025,20252026,20252026,2025021048,2026-03-14,MTL,SJS,0,0.678562,0.321438,MTL,0
logistic_engineered,20242025,20252026,20252026,2025021049,2026-03-14,TBL,CAR,0,0.555027,0.444973,TBL,0
logistic_engineered,20242025,20252026,20252026,2025021050,2026-03-14,NJD,LAK,1,0.601016,0.398984,NJD,1
logistic_engineered,20242025,20252026,20252026,2025021051,2026-03-14,NYI,CGY,1,0.758672,0.241328,NYI,1
logistic_engineered,20242025,20252026,20252026,2025021052,2026-03-14,PHI,CBJ,0,0.464587,0.535413,CBJ,1
logistic_engineered,20242025,20252026,20252026,2025021053,2026-03-14,DAL,DET,1,0.64327,0.35673,DAL,1
logistic_engineered,20242025,20252026,20252026,2025021054,2026-03-14,UTA,PIT,0,0.580994,0.419006,UTA,0
logistic_engineered,20242025,20252026,20252026,2025021055,2026-03-14,VAN,SEA,0,0.493123,0.506877,SEA,1
logistic_engineered,20242025,20252026,20252026,2025021056,2026-03-14,VGK,CHI,1,0.700963,0.299037,VGK,1
logistic_engineered,20242025,20252026,20252026,2025021057,2026-03-15,WPG,STL,1,0.457099,0.542901,STL,0
logistic_engineered,20242025,20252026,20252026,2025021058,2026-03-15,OTT,SJS,1,0.684808,0.315192,OTT,1
logistic_engineered,20242025,20252026,20252026,2025021059,2026-03-15,MTL,ANA,0,0.53678,0.46322,MTL,0
logistic_engineered,20242025,20252026,20252026,2025021060,2026-03-15,MIN,TOR,0,0.551275,0.448725,MIN,0
logistic_engineered,20242025,20252026,20252026,2025021061,2026-03-15,EDM,NSH,1,0.629793,0.370207,EDM,1
logistic_engineered,20242025,20252026,20252026,2025021062,2026-03-15,SEA,FLA,1,0.372723,0.627277,FLA,0
logistic_engineered,20242025,20252026,20252026,2025021063,2026-03-16,DET,CGY,1,0.575514,0.424486,DET,1
logistic_engineered,20242025,20252026,20252026,2025021064,2026-03-16,NJD,BOS,1,0.573157,0.426843,NJD,1
logistic_engineered,20242025,20252026,20252026,2025021065,2026-03-16,NYR,LAK,0,0.527674,0.472326,NYR,0
logistic_engineered,20242025,20252026,20252026,2025021066,2026-03-16,DAL,UTA,0,0.634153,0.365847,DAL,0
logistic_engineered,20242025,20252026,20252026,2025021067,2026-03-16,COL,PIT,0,0.283292,0.716708,PIT,1
logistic_engineered,20242025,20252026,20252026,2025021068,2026-03-17,TOR,NYI,0,0.561577,0.438423,TOR,0
logistic_engineered,20242025,20252026,20252026,2025021069,2026-03-17,MTL,BOS,1,0.675632,0.324368,MTL,1
logistic_engineered,20242025,20252026,20252026,2025021070,2026-03-17,CBJ,CAR,1,0.473387,0.526613,CAR,0
logistic_engineered,20242025,20252026,20252026,2025021071,2026-03-17,WPG,NSH,0,0.620042,0.379958,WPG,0
logistic_engineered,20242025,20252026,20252026,2025021072,2026-03-17,CHI,MIN,0,0.698988,0.301012,CHI,0
logistic_engineered,20242025,20252026,20252026,2025021073,2026-03-17,EDM,SJS,1,0.666984,0.333016,EDM,1
logistic_engineered,20242025,20252026,20252026,2025021074,2026-03-17,VAN,FLA,1,0.457956,0.542044,FLA,0
logistic_engineered,20242025,20252026,20252026,2025021075,2026-03-17,VGK,BUF,0,0.566906,0.433094,VGK,0
logistic_engineered,20242025,20252026,20252026,2025021076,2026-03-17,SEA,TBL,0,0.386128,0.613872,TBL,1
logistic_engineered,20242025,20252026,20252026,2025021077,2026-03-18,NYR,NJD,0,0.480701,0.519299,NJD,1
logistic_engineered,20242025,20252026,20252026,2025021078,2026-03-18,CAR,PIT,1,0.52702,0.47298,CAR,1
logistic_engineered,20242025,20252026,20252026,2025021079,2026-03-18,WSH,OTT,1,0.566126,0.433874,WSH,1
logistic_engineered,20242025,20252026,20252026,2025021080,2026-03-18,COL,DAL,0,0.505512,0.494488,COL,0
logistic_engineered,20242025,20252026,20252026,2025021081,2026-03-18,CGY,STL,1,0.52653,0.47347,CGY,1
logistic_engineered,20242025,20252026,20252026,2025021082,2026-03-18,ANA,PHI,0,0.597542,0.402458,ANA,0
logistic_engineered,20242025,20252026,20252026,2025021083,2026-03-19,BOS,WPG,1,0.4786,0.5214,WPG,0
logistic_engineered,20242025,20252026,20252026,2025021084,2026-03-19,OTT,NYI,1,0.466792,0.533208,NYI,0
logistic_engineered,20242025,20252026,20252026,2025021085,2026-03-19,DET,MTL,1,0.52294,0.47706,DET,1
logistic_engineered,20242025,20252026,20252026,2025021086,2026-03-19,CBJ,NYR,1,0.664691,0.335309,CBJ,1
logistic_engineered,20242025,20252026,20252026,2025021087,2026-03-19,NSH,SEA,1,0.516734,0.483266,NSH,1
logistic_engineered,20242025,20252026,20252026,2025021088,2026-03-19,MIN,CHI,0,0.665531,0.334469,MIN,0
logistic_engineered,20242025,20252026,20252026,2025021089,2026-03-19,EDM,FLA,0,0.564882,0.435118,EDM,0
logistic_engineered,20242025,20252026,20252026,2025021090,2026-03-19,VAN,TBL,0,0.333989,0.666011,TBL,1
logistic_engineered,20242025,20252026,20252026,2025021091,2026-03-19,VGK,UTA,0,0.22881,0.77119,UTA,1
logistic_engineered,20242025,20252026,20252026,2025021092,2026-03-19,SJS,BUF,0,0.391761,0.608239,BUF,1
logistic_engineered,20242025,20252026,20252026,2025021093,2026-03-19,LAK,PHI,0,0.685884,0.314116,LAK,0
logistic_engineered,20242025,20252026,20252026,2025021094,2026-03-20,TOR,CAR,0,0.453349,0.546651,CAR,1
logistic_engineered,20242025,20252026,20252026,2025021095,2026-03-20,WSH,NJD,1,0.557678,0.442322,WSH,1
logistic_engineered,20242025,20252026,20252026,2025021096,2026-03-20,CHI,COL,0,0.267297,0.732703,COL,1
logistic_engineered,20242025,20252026,20252026,2025021097,2026-03-20,CGY,FLA,1,0.560778,0.439222,CGY,1
logistic_engineered,20242025,20252026,20252026,2025021098,2026-03-20,UTA,ANA,0,0.434298,0.565702,ANA,1
logistic_engineered,20242025,20252026,20252026,2025021099,2026-03-21,PIT,WPG,1,0.51677,0.48323,PIT,1
logistic_engineered,20242025,20252026,20252026,2025021100,2026-03-21,NSH,VGK,1,0.504269,0.495731,NSH,1
logistic_engineered,20242025,20252026,20252026,2025021101,2026-03-21,MIN,DAL,1,0.482814,0.517186,DAL,0
logistic_engineered,20242025,20252026,20252026,2025021102,2026-03-21,LAK,BUF,0,0.512281,0.487719,LAK,0
logistic_engineered,20242025,20252026,20252026,2025021103,2026-03-21,SJS,PHI,0,0.480389,0.519611,PHI,1
logistic_engineered,20242025,20252026,20252026,2025021104,2026-03-21,CBJ,SEA,1,0.595118,0.404882,CBJ,1
logistic_engineered,20242025,20252026,20252026,2025021105,2026-03-21,MTL,NYI,1,0.808961,0.191039,MTL,1
logistic_engineered,20242025,20252026,20252026,2025021106,2026-03-21,OTT,TOR,1,0.635252,0.364748,OTT,1
logistic_engineered,20242025,20252026,20252026,2025021107,2026-03-21,VAN,STL,0,0.45734,0.54266,STL,1
logistic_engineered,20242025,20252026,20252026,2025021108,2026-03-21,DET,BOS,0,0.572434,0.427566,DET,0
logistic_engineered,20242025,20252026,20252026,2025021109,2026-03-21,EDM,TBL,0,0.411145,0.588855,TBL,1
logistic_engineered,20242025,20252026,20252026,2025021110,2026-03-22,NYR,WPG,0,0.58216,0.41784,NYR,0
logistic_engineered,20242025,20252026,20252026,2025021111,2026-03-22,WSH,COL,0,0.48675,0.51325,COL,1
logistic_engineered,20242025,20252026,20252026,2025021112,2026-03-22,PIT,CAR,0,0.34096,0.65904,CAR,1
logistic_engineered,20242025,20252026,20252026,2025021113,2026-03-22,CHI,NSH,0,0.556381,0.443619,CHI,0
logistic_engineered,20242025,20252026,20252026,2025021114,2026-03-22,NYI,CBJ,1,0.461854,0.538146,CBJ,0
logistic_engineered,20242025,20252026,20252026,2025021115,2026-03-22,DAL,VGK,0,0.569263,0.430737,DAL,0
logistic_engineered,20242025,20252026,20252026,2025021116,2026-03-22,CGY,TBL,1,0.438172,0.561828,TBL,0
logistic_engineered,20242025,20252026,20252026,2025021117,2026-03-22,ANA,BUF,1,0.577753,0.422247,ANA,1
logistic_engineered,20242025,20252026,20252026,2025021118,2026-03-22,UTA,LAK,1,0.610371,0.389629,UTA,1
logistic_engineered,20242025,20252026,20252026,2025021119,2026-03-23,NYR,OTT,0,0.372027,0.627973,OTT,1
logistic_engineered,20242025,20252026,20252026,2025021120,2026-03-24,BOS,TOR,0,0.53051,0.46949,BOS,0
logistic_engineered,20242025,20252026,20252026,2025021121,2026-03-24,MTL,CAR,1,0.479327,0.520673,CAR,0
logistic_engineered,20242025,20252026,20252026,2025021122,2026-03-24,DET,OTT,0,0.611799,0.388201,DET,0
logistic_engineered,20242025,20252026,20252026,2025021123,2026-03-24,FLA,SEA,1,0.528401,0.471599,FLA,1
logistic_engineered,20242025,20252026,20252026,2025021124,2026-03-24,NYI,CHI,0,0.503808,0.496192,NYI,0
logistic_engineered,20242025,20252026,20252026,2025021125,2026-03-24,PHI,CBJ,0,0.47868,0.52132,CBJ,1
logistic_engineered,20242025,20252026,20252026,2025021126,2026-03-24,PIT,COL,0,0.491391,0.508609,COL,1
logistic_engineered,20242025,20252026,20252026,2025021127,2026-03-24,TBL,MIN,1,0.609155,0.390845,TBL,1
logistic_engineered,20242025,20252026,20252026,2025021128,2026-03-24,STL,WSH,1,0.474682,0.525318,WSH,0
logistic_engineered,20242025,20252026,20252026,2025021129,2026-03-24,NSH,SJS,1,0.609502,0.390498,NSH,1
logistic_engineered,20242025,20252026,20252026,2025021130,2026-03-24,DAL,NJD,0,0.250865,0.749135,NJD,1
logistic_engineered,20242025,20252026,20252026,2025021131,2026-03-24,WPG,VGK,1,0.567108,0.432892,WPG,1
logistic_engineered,20242025,20252026,20252026,2025021132,2026-03-24,UTA,EDM,0,0.206204,0.793796,EDM,1
logistic_engineered,20242025,20252026,20252026,2025021133,2026-03-24,CGY,LAK,1,0.474138,0.525862,LAK,0
logistic_engineered,20242025,20252026,20252026,2025021134,2026-03-24,VAN,ANA,0,0.461913,0.538087,ANA,1
logistic_engineered,20242025,20252026,20252026,2025021135,2026-03-25,BUF,BOS,0,0.658883,0.341117,BUF,0
logistic_engineered,20242025,20252026,20252026,2025021136,2026-03-25,TOR,NYR,1,0.459045,0.540955,NYR,0
logistic_engineered,20242025,20252026,20252026,2025021137,2026-03-26,MTL,CBJ,1,0.529547,0.470453,MTL,1
logistic_engineered,20242025,20252026,20252026,2025021138,2026-03-26,OTT,PIT,0,0.553602,0.446398,OTT,0
logistic_engineered,20242025,20252026,20252026,2025021139,2026-03-26,TBL,SEA,0,0.668349,0.331651,TBL,0
logistic_engineered,20242025,20252026,20252026,2025021140,2026-03-26,FLA,MIN,0,0.493073,0.506927,MIN,1
logistic_engineered,20242025,20252026,20252026,2025021141,2026-03-26,NYI,DAL,1,0.415749,0.584251,DAL,0
logistic_engineered,20242025,20252026,20252026,2025021142,2026-03-26,PHI,CHI,1,0.59255,0.40745,PHI,1
logistic_engineered,20242025,20252026,20252026,2025021143,2026-03-26,STL,SJS,1,0.845324,0.154676,STL,1
logistic_engineered,20242025,20252026,20252026,2025021144,2026-03-26,NSH,NJD,0,0.454653,0.545347,NJD,1
logistic_engineered,20242025,20252026,20252026,2025021145,2026-03-26,WPG,COL,0,0.522004,0.477996,WPG,0
logistic_engineered,20242025,20252026,20252026,2025021146,2026-03-26,UTA,WSH,0,0.202215,0.797785,WSH,1
logistic_engineered,20242025,20252026,20252026,2025021147,2026-03-26,CGY,ANA,0,0.503477,0.496523,CGY,0
logistic_engineered,20242025,20252026,20252026,2025021148,2026-03-26,VGK,EDM,0,0.535621,0.464379,VGK,0
logistic_engineered,20242025,20252026,20252026,2025021149,2026-03-26,VAN,LAK,0,0.41931,0.58069,LAK,1
logistic_engineered,20242025,20252026,20252026,2025021150,2026-03-27,BUF,DET,0,0.558553,0.441447,BUF,0
logistic_engineered,20242025,20252026,20252026,2025021151,2026-03-27,NYR,CHI,1,0.697804,0.302196,NYR,1
logistic_engineered,20242025,20252026,20252026,2025021152,2026-03-28,TBL,OTT,1,0.632835,0.367165,TBL,1
logistic_engineered,20242025,20252026,20252026,2025021153,2026-03-28,NYI,FLA,1,0.512912,0.487088,NYI,1
logistic_engineered,20242025,20252026,20252026,2025021154,2026-03-28,EDM,ANA,1,0.555572,0.444428,EDM,1
logistic_engineered,20242025,20252026,20252026,2025021155,2026-03-28,BOS,MIN,1,0.481037,0.518963,MIN,0
logistic_engineered,20242025,20252026,20252026,2025021156,2026-03-28,PIT,DAL,0,0.438072,0.561928,DAL,1
logistic_engineered,20242025,20252026,20252026,2025021157,2026-03-28,CAR,NJD,1,0.61631,0.38369,CAR,1
logistic_engineered,20242025,20252026,20252026,2025021158,2026-03-28,CBJ,SJS,0,0.650736,0.349264,CBJ,0
logistic_engineered,20242025,20252026,20252026,2025021159,2026-03-28,BUF,SEA,1,0.444308,0.555692,SEA,0
logistic_engineered,20242025,20252026,20252026,2025021160,2026-03-28,STL,TOR,1,0.490858,0.509142,TOR,0
logistic_engineered,20242025,20252026,20252026,2025021161,2026-03-28,NSH,MTL,0,0.471016,0.528984,MTL,1
logistic_engineered,20242025,20252026,20252026,2025021162,2026-03-28,COL,WPG,0,0.592293,0.407707,COL,0
logistic_engineered,20242025,20252026,20252026,2025021163,2026-03-28,DET,PHI,0,0.200345,0.799655,PHI,1
logistic_engineered,20242025,20252026,20252026,2025021164,2026-03-28,LAK,UTA,0,0.23637,0.76363,UTA,1
logistic_engineered,20242025,20252026,20252026,2025021165,2026-03-28,CGY,VAN,1,0.79874,0.20126,CGY,1
logistic_engineered,20242025,20252026,20252026,2025021166,2026-03-28,VGK,WSH,0,0.55984,0.44016,VGK,0
logistic_engineered,20242025,20252026,20252026,2025021167,2026-03-29,NYR,FLA,1,0.634243,0.365757,NYR,1
logistic_engineered,20242025,20252026,20252026,2025021168,2026-03-29,TBL,NSH,1,0.688477,0.311523,TBL,1
logistic_engineered,20242025,20252026,20252026,2025021169,2026-03-29,CAR,MTL,0,0.589474,0.410526,CAR,0
logistic_engineered,20242025,20252026,20252026,2025021170,2026-03-29,CBJ,BOS,0,0.533252,0.466748,CBJ,0
logistic_engineered,20242025,20252026,20252026,2025021171,2026-03-29,NJD,CHI,1,0.55802,0.44198,NJD,1
logistic_engineered,20242025,20252026,20252026,2025021172,2026-03-29,PHI,DAL,1,0.384154,0.615846,DAL,0
logistic_engineered,20242025,20252026,20252026,2025021173,2026-03-30,NYI,PIT,0,0.193301,0.806699,PIT,1
logistic_engineered,20242025,20252026,20252026,2025021174,2026-03-30,COL,CGY,1,0.886572,0.113428,COL,1
logistic_engineered,20242025,20252026,20252026,2025021175,2026-03-30,VGK,VAN,1,0.698168,0.301832,VGK,1
logistic_engineered,20242025,20252026,20252026,2025021176,2026-03-30,ANA,TOR,0,0.519198,0.480802,ANA,0
logistic_engineered,20242025,20252026,20252026,2025021177,2026-03-30,SJS,STL,1,0.411725,0.588275,STL,0
logistic_engineered,20242025,20252026,20252026,2025021178,2026-03-31,BOS,DAL,1,0.431288,0.568712,DAL,0
logistic_engineered,20242025,20252026,20252026,2025021179,2026-03-31,BUF,NYI,1,0.670194,0.329806,BUF,1
logistic_engineered,20242025,20252026,20252026,2025021180,2026-03-31,TBL,MTL,0,0.649416,0.350584,TBL,0
logistic_engineered,20242025,20252026,20252026,2025021181,2026-03-31,FLA,OTT,1,0.765999,0.234001,FLA,1
logistic_engineered,20242025,20252026,20252026,2025021182,2026-03-31,NYR,NJD,1,0.496932,0.503068,NJD,0
logistic_engineered,20242025,20252026,20252026,2025021183,2026-03-31,PIT,DET,1,0.698653,0.301347,PIT,1
logistic_engineered,20242025,20252026,20252026,2025021184,2026-03-31,WSH,PHI,1,0.608864,0.391136,WSH,1
logistic_engineered,20242025,20252026,20252026,2025021185,2026-03-31,CBJ,CAR,0,0.461711,0.538289,CAR,1
logistic_engineered,20242025,20252026,20252026,2025021186,2026-03-31,CHI,WPG,0,0.348066,0.651934,WPG,1
logistic_engineered,20242025,20252026,20252026,2025021187,2026-03-31,EDM,SEA,1,0.571064,0.428936,EDM,1
logistic_engineered,20242025,20252026,20252026,2025021188,2026-04-01,COL,VAN,0,0.382169,0.617831,VAN,1
logistic_engineered,20242025,20252026,20252026,2025021189,2026-04-01,LAK,STL,1,0.576295,0.423705,LAK,1
logistic_engineered,20242025,20252026,20252026,2025021190,2026-04-01,SJS,ANA,1,0.426683,0.573317,ANA,0
logistic_engineered,20242025,20252026,20252026,2025021191,2026-04-02,OTT,BUF,1,0.550152,0.449848,OTT,1
logistic_engineered,20242025,20252026,20252026,2025021192,2026-04-02,TBL,PIT,1,0.635454,0.364546,TBL,1
logistic_engineered,20242025,20252026,20252026,2025021193,2026-04-02,FLA,BOS,1,0.57681,0.42319,FLA,1
logistic_engineered,20242025,20252026,20252026,2025021194,2026-04-02,NJD,WSH,1,0.511769,0.488231,NJD,1
logistic_engineered,20242025,20252026,20252026,2025021195,2026-04-02,NYR,MTL,0,0.491998,0.508002,MTL,1
logistic_engineered,20242025,20252026,20252026,2025021196,2026-04-02,PHI,DET,0,0.439884,0.560116,DET,1
logistic_engineered,20242025,20252026,20252026,2025021197,2026-04-02,CAR,CBJ,1,0.595656,0.404344,CAR,1
logistic_engineered,20242025,20252026,20252026,2025021198,2026-04-02,DAL,WPG,1,0.584426,0.415574,DAL,1
logistic_engineered,20242025,20252026,20252026,2025021199,2026-04-02,MIN,VAN,1,0.746477,0.253523,MIN,1
logistic_engineered,20242025,20252026,20252026,2025021200,2026-04-02,EDM,CHI,1,0.880444,0.119556,EDM,1
logistic_engineered,20242025,20252026,20252026,2025021201,2026-04-02,VGK,CGY,1,0.685615,0.314385,VGK,1
logistic_engineered,20242025,20252026,20252026,2025021202,2026-04-02,SJS,TOR,1,0.31454,0.68546,TOR,0
logistic_engineered,20242025,20252026,20252026,2025021203,2026-04-02,SEA,UTA,0,0.50515,0.49485,SEA,0
logistic_engineered,20242025,20252026,20252026,2025021204,2026-04-02,LAK,NSH,0,0.48099,0.51901,NSH,1
logistic_engineered,20242025,20252026,20252026,2025021205,2026-04-03,NYI,PHI,0,0.627316,0.372684,NYI,0
logistic_engineered,20242025,20252026,20252026,2025021206,2026-04-03,ANA,STL,0,0.555373,0.444627,ANA,0
logistic_engineered,20242025,20252026,20252026,2025021207,2026-04-04,NYR,DET,1,0.476781,0.523219,DET,0
logistic_engineered,20242025,20252026,20252026,2025021208,2026-04-04,OTT,MIN,0,0.514784,0.485216,OTT,0
logistic_engineered,20242025,20252026,20252026,2025021209,2026-04-04,DAL,COL,0,0.486554,0.513446,COL,1
logistic_engineered,20242025,20252026,20252026,2025021210,2026-04-04,TBL,BOS,1,0.66273,0.33727,TBL,1
logistic_engineered,20242025,20252026,20252026,2025021211,2026-04-04,PIT,FLA,1,0.800803,0.199197,PIT,1
logistic_engineered,20242025,20252026,20252026,2025021212,2026-04-04,NJD,MTL,0,0.554963,0.445037,NJD,0
logistic_engineered,20242025,20252026,20252026,2025021213,2026-04-04,WSH,BUF,1,0.810916,0.189084,WSH,1
logistic_engineered,20242025,20252026,20252026,2025021214,2026-04-04,CAR,NYI,1,0.686741,0.313259,CAR,1
logistic_engineered,20242025,20252026,20252026,2025021215,2026-04-04,CBJ,WPG,0,0.455444,0.544556,WPG,1
logistic_engineered,20242025,20252026,20252026,2025021216,2026-04-04,VAN,UTA,0,0.456969,0.543031,UTA,1
logistic_engineered,20242025,20252026,20252026,2025021217,2026-04-04,LAK,TOR,1,0.554391,0.445609,LAK,1
logistic_engineered,20242025,20252026,20252026,2025021218,2026-04-04,EDM,VGK,0,0.453986,0.546014,VGK,1
logistic_engineered,20242025,20252026,20252026,2025021219,2026-04-04,ANA,CGY,0,0.486724,0.513276,CGY,1
logistic_engineered,20242025,20252026,20252026,2025021220,2026-04-04,SJS,NSH,0,0.490599,0.509401,NSH,1
logistic_engineered,20242025,20252026,20252026,2025021221,2026-04-04,SEA,CHI,0,0.618436,0.381564,SEA,0
logistic_engineered,20242025,20252026,20252026,2025021222,2026-04-05,DET,MIN,0,0.440895,0.559105,MIN,1
logistic_engineered,20242025,20252026,20252026,2025021223,2026-04-05,PIT,FLA,1,0.542587,0.457413,PIT,1
logistic_engineered,20242025,20252026,20252026,2025021224,2026-04-05,PHI,BOS,1,0.590947,0.409053,PHI,1
logistic_engineered,20242025,20252026,20252026,2025021225,2026-04-05,OTT,CAR,1,0.457081,0.542919,CAR,0
logistic_engineered,20242025,20252026,20252026,2025021226,2026-04-05,MTL,NJD,0,0.511902,0.488098,MTL,0
logistic_engineered,20242025,20252026,20252026,2025021227,2026-04-05,NYR,WSH,1,0.450489,0.549511,WSH,0
logistic_engineered,20242025,20252026,20252026,2025021228,2026-04-05,COL,STL,0,0.567709,0.432291,COL,0
logistic_engineered,20242025,20252026,20252026,2025021229,2026-04-06,BUF,TBL,1,0.401994,0.598006,TBL,0
logistic_engineered,20242025,20252026,20252026,2025021230,2026-04-06,WPG,SEA,1,0.845165,0.154835,WPG,1
logistic_engineered,20242025,20252026,20252026,2025021231,2026-04-06,SJS,CHI,1,0.551797,0.448203,SJS,1
logistic_engineered,20242025,20252026,20252026,2025021232,2026-04-06,LAK,NSH,1,0.584471,0.415529,LAK,1
logistic_engineered,20242025,20252026,20252026,2025021233,2026-04-07,MTL,FLA,1,0.543465,0.456535,MTL,1
logistic_engineered,20242025,20252026,20252026,2025021234,2026-04-07,OTT,TBL,1,0.54115,0.45885,OTT,1
logistic_engineered,20242025,20252026,20252026,2025021235,2026-04-07,DET,CBJ,0,0.531217,0.468783,DET,0
logistic_engineered,20242025,20252026,20252026,2025021236,2026-04-07,NJD,PHI,0,0.593022,0.406978,NJD,0
logistic_engineered,20242025,20252026,20252026,2025021237,2026-04-07,CAR,BOS,1,0.850486,0.149514,CAR,1
logistic_engineered,20242025,20252026,20252026,2025021238,2026-04-07,STL,COL,0,0.437426,0.562574,COL,1
logistic_engineered,20242025,20252026,20252026,2025021239,2026-04-07,DAL,CGY,1,0.690251,0.309749,DAL,1
logistic_engineered,20242025,20252026,20252026,2025021240,2026-04-07,MIN,SEA,1,0.667902,0.332098,MIN,1
logistic_engineered,20242025,20252026,20252026,2025021241,2026-04-07,UTA,EDM,1,0.552589,0.447411,UTA,1
logistic_engineered,20242025,20252026,20252026,2025021242,2026-04-07,VAN,VGK,0,0.360732,0.639268,VGK,1
logistic_engineered,20242025,20252026,20252026,2025021243,2026-04-07,ANA,NSH,0,0.672017,0.327983,ANA,0
logistic_engineered,20242025,20252026,20252026,2025021244,2026-04-08,NYR,BUF,0,0.562934,0.437066,NYR,0
logistic_engineered,20242025,20252026,20252026,2025021245,2026-04-08,TOR,WSH,0,0.349919,0.650081,WSH,1
logistic_engineered,20242025,20252026,20252026,2025021246,2026-04-08,SJS,EDM,0,0.786834,0.213166,SJS,0
logistic_engineered,20242025,20252026,20252026,2025021247,2026-04-09,BUF,CBJ,1,0.429632,0.570368,CBJ,0
logistic_engineered,20242025,20252026,20252026,2025021248,2026-04-09,MTL,TBL,1,0.431218,0.568782,TBL,0
logistic_engineered,20242025,20252026,20252026,2025021249,2026-04-09,OTT,FLA,1,0.601391,0.398609,OTT,1
logistic_engineered,20242025,20252026,20252026,2025021250,2026-04-09,DET,PHI,1,0.534807,0.465193,DET,1
logistic_engineered,20242025,20252026,20252026,2025021251,2026-04-09,NJD,PIT,0,0.497261,0.502739,PIT,1
logistic_engineered,20242025,20252026,20252026,2025021252,2026-04-09,NYI,TOR,1,0.68018,0.31982,NYI,1
logistic_engineered,20242025,20252026,20252026,2025021253,2026-04-09,STL,WPG,0,0.448054,0.551946,WPG,1
logistic_engineered,20242025,20252026,20252026,2025021254,2026-04-09,DAL,MIN,1,0.579741,0.420259,DAL,1
logistic_engineered,20242025,20252026,20252026,2025021255,2026-04-09,CHI,CAR,0,0.402458,0.597542,CAR,1
logistic_engineered,20242025,20252026,20252026,2025021256,2026-04-09,COL,CGY,1,0.689583,0.310417,COL,1
logistic_engineered,20242025,20252026,20252026,2025021257,2026-04-09,UTA,NSH,1,0.611507,0.388493,UTA,1
logistic_engineered,20242025,20252026,20252026,2025021258,2026-04-09,ANA,SJS,1,0.702141,0.297859,ANA,1
logistic_engineered,20242025,20252026,20252026,2025021259,2026-04-09,SEA,VGK,1,0.442805,0.557195,VGK,0
logistic_engineered,20242025,20252026,20252026,2025021260,2026-04-09,LAK,VAN,1,0.600943,0.399057,LAK,1
logistic_engineered,20242025,20252026,20252026,2025021261,2026-04-11,BOS,TBL,0,0.454162,0.545838,TBL,1
logistic_engineered,20242025,20252026,20252026,2025021262,2026-04-11,NYI,OTT,0,0.515958,0.484042,NYI,0
logistic_engineered,20242025,20252026,20252026,2025021263,2026-04-11,PIT,WSH,0,0.448933,0.551067,WSH,1
logistic_engineered,20242025,20252026,20252026,2025021264,2026-04-11,LAK,EDM,1,0.494136,0.505864,EDM,0
logistic_engineered,20242025,20252026,20252026,2025021265,2026-04-11,DET,NJD,0,0.534686,0.465314,DET,0
logistic_engineered,20242025,20252026,20252026,2025021266,2026-04-11,CHI,STL,0,0.411968,0.588032,STL,1
logistic_engineered,20242025,20252026,20252026,2025021267,2026-04-11,NSH,MIN,1,0.469179,0.530821,MIN,0
logistic_engineered,20242025,20252026,20252026,2025021268,2026-04-11,DAL,NYR,1,0.634626,0.365374,DAL,1
logistic_engineered,20242025,20252026,20252026,2025021269,2026-04-11,UTA,CAR,0,0.499891,0.500109,CAR,1
logistic_engineered,20242025,20252026,20252026,2025021270,2026-04-11,TOR,FLA,0,0.580935,0.419065,TOR,0
logistic_engineered,20242025,20252026,20252026,2025021271,2026-04-11,MTL,CBJ,0,0.534121,0.465879,MTL,0
logistic_engineered,20242025,20252026,20252026,2025021272,2026-04-11,WPG,PHI,0,0.295393,0.704607,PHI,1
logistic_engineered,20242025,20252026,20252026,2025021273,2026-04-11,SEA,CGY,1,0.614671,0.385329,SEA,1
logistic_engineered,20242025,20252026,20252026,2025021274,2026-04-11,COL,VGK,0,0.534766,0.465234,COL,0
logistic_engineered,20242025,20252026,20252026,2025021275,2026-04-11,SJS,VAN,0,0.488128,0.511872,VAN,1
logistic_engineered,20242025,20252026,20252026,2025021276,2026-04-12,WSH,PIT,1,0.569197,0.430803,WSH,1
logistic_engineered,20242025,20252026,20252026,2025021277,2026-04-12,NYI,MTL,0,0.513767,0.486233,NYI,0
logistic_engineered,20242025,20252026,20252026,2025021278,2026-04-12,CBJ,BOS,0,0.558247,0.441753,CBJ,0
logistic_engineered,20242025,20252026,20252026,2025021279,2026-04-12,NJD,OTT,1,0.538367,0.461633,NJD,1
logistic_engineered,20242025,20252026,20252026,2025021280,2026-04-12,ANA,VAN,0,0.679065,0.320935,ANA,0
logistic_engineered,20242025,20252026,20252026,2025021281,2026-04-12,CGY,UTA,1,0.455125,0.544875,UTA,0
logistic_engineered,20242025,20252026,20252026,2025021282,2026-04-13,TBL,DET,1,0.624774,0.375226,TBL,1
logistic_engineered,20242025,20252026,20252026,2025021283,2026-04-13,FLA,NYR,1,0.564267,0.435733,FLA,1
logistic_engineered,20242025,20252026,20252026,2025021284,2026-04-13,PHI,CAR,1,0.4394,0.5606,CAR,0
logistic_engineered,20242025,20252026,20252026,2025021285,2026-04-13,TOR,DAL,0,0.442287,0.557713,DAL,1
logistic_engineered,20242025,20252026,20252026,2025021286,2026-04-13,STL,MIN,1,0.542009,0.457991,STL,1
logistic_engineered,20242025,20252026,20252026,2025021287,2026-04-13,NSH,SJS,0,0.599934,0.400066,NSH,0
logistic_engineered,20242025,20252026,20252026,2025021288,2026-04-13,CHI,BUF,0,0.428394,0.571606,BUF,1
logistic_engineered,20242025,20252026,20252026,2025021289,2026-04-13,EDM,COL,0,0.43286,0.56714,COL,1
logistic_engineered,20242025,20252026,20252026,2025021290,2026-04-13,VGK,WPG,1,0.642361,0.357639,VGK,1
logistic_engineered,20242025,20252026,20252026,2025021291,2026-04-13,SEA,LAK,0,0.544948,0.455052,SEA,0
logistic_engineered,20242025,20252026,20252026,2025021292,2026-04-14,BOS,NJD,1,0.519683,0.480317,BOS,1
logistic_engineered,20242025,20252026,20252026,2025021293,2026-04-14,NYI,CAR,0,0.579126,0.420874,NYI,0
logistic_engineered,20242025,20252026,20252026,2025021294,2026-04-14,PHI,MTL,1,0.353759,0.646241,MTL,0
logistic_engineered,20242025,20252026,20252026,2025021295,2026-04-14,CBJ,WSH,0,0.507523,0.492477,CBJ,0
logistic_engineered,20242025,20252026,20252026,2025021296,2026-04-14,MIN,ANA,1,0.397098,0.602902,ANA,0
logistic_engineered,20242025,20252026,20252026,2025021297,2026-04-14,UTA,WPG,1,0.606102,0.393898,UTA,1
logistic_engineered,20242025,20252026,20252026,2025021298,2026-04-14,CGY,COL,0,0.48102,0.51898,COL,1
logistic_engineered,20242025,20252026,20252026,2025021299,2026-04-14,STL,PIT,1,0.768109,0.231891,STL,1
logistic_engineered,20242025,20252026,20252026,2025021300,2026-04-14,VAN,LAK,1,0.527569,0.472431,VAN,1
logistic_engineered,20242025,20252026,20252026,2025021301,2026-04-15,BUF,DAL,0,0.43943,0.56057,DAL,1
logistic_engineered,20242025,20252026,20252026,2025021302,2026-04-15,TBL,NYR,0,0.689578,0.310422,TBL,0
logistic_engineered,20242025,20252026,20252026,2025021303,2026-04-15,FLA,DET,1,0.797228,0.202772,FLA,1
logistic_engineered,20242025,20252026,20252026,2025021304,2026-04-15,OTT,TOR,1,0.572373,0.427627,OTT,1
logistic_engineered,20242025,20252026,20252026,2025021305,2026-04-15,CHI,SJS,1,0.548705,0.451295,CHI,1
logistic_engineered,20242025,20252026,20252026,2025021306,2026-04-15,VGK,SEA,1,0.619452,0.380548,VGK,1
logistic_engineered,20242025,20252026,20252026,2025021307,2026-04-16,NSH,ANA,0,0.509783,0.490217,NSH,0
logistic_engineered,20242025,20252026,20252026,2025021308,2026-04-16,WPG,SJS,0,0.756284,0.243716,WPG,0
logistic_engineered,20242025,20252026,20252026,2025021309,2026-04-16,UTA,STL,0,0.24595,0.75405,STL,1
logistic_engineered,20242025,20252026,20252026,2025021310,2026-04-16,CGY,LAK,1,0.514613,0.485387,CGY,1
logistic_engineered,20242025,20252026,20252026,2025021311,2026-04-16,EDM,VAN,1,0.596885,0.403115,EDM,1
logistic_engineered,20242025,20252026,20252026,2025021312,2026-04-16,COL,SEA,1,0.770978,0.229022,COL,1
