season,game_id,game_date,home_team_abbrev,away_team_abbrev,home_win_probability,away_win_probability,predicted_winner_abbrev,actual_home_win,actual_winner_abbrev,is_correct_pick,is_synthetic,data_source
20162017,20162017000001,2016-10-01,CGY,MIN,0.524595,0.475405,CGY,1,CGY,1,1,FABRICATED_SYNTHETIC_RANDOM_SEED_42
20162017,20162017000002,2016-10-01,NYR,SJS,0.551412,0.448588,NYR,1,NYR,1,1,FABRICATED_SYNTHETIC_RANDOM_SEED_42
20162017,20162017000003,2016-10-01,MTL,CHI,0.523158,0.476842,MTL,1,MTL,1,1,FABRICATED_SYNTHETIC_RANDOM_SEED_42
20162017,20162017000004,2016-10-02,EDM,LAK,0.530444,0.469556,EDM,0,LAK,0,1,FABRICATED_SYNTHETIC_RANDOM_SEED_42
20162017,20162017000005,2016-10-02,VAN,LAK,0.492945,0.507055,LAK,1,VAN,0,1,FABRICATED_SYNTHETIC_RANDOM_SEED_42
20162017,20162017000006,2016-10-03,STL,PHI,0.53401,0.46599,STL,1,STL,1,1,FABRICATED_SYNTHETIC_RANDOM_SEED_42
20162017,20162017000007,2016-10-03,OTT,MIN,0.50221,0.49779,OTT,1,OTT,1,1,FABRICATED_SYNTHETIC_RANDOM_SEED_42
20162017,20162017000008,2016-10-03,DET,CHI,0.535353,0.464647,DET,1,DET,1,1,FABRICATED_SYNTHETIC_RANDOM_SEED_42
20162017,20162017000009,2016-10-04,CAR,WSH,0.524082,0.475918,CAR,0,WSH,0,1,FABRICATED_SYNTHETIC_RANDOM_SEED_42
20162017,20162017000010,2016-10-04,ARI,CAR,0.48099,0.51901,CAR,0,CAR,1,1,FABRICATED_SYNTHETIC_RANDOM_SEED_42
20162017,20162017000011,2016-10-05,PHI,LAK,0.474468,0.525532,LAK,1,PHI,0,1,FABRICATED_SYNTHETIC_RANDOM_SEED_42
20162017,20162017000012,2016-10-05,CGY,OTT,0.637967,0.362033,CGY,1,CGY,1,1,FABRICATED_SYNTHETIC_RANDOM_SEED_42
20162017,20162017000013,2016-10-06,LAK,CHI,0.552445,0.447555,LAK,1,LAK,1,1,FABRICATED_SYNTHETIC_RANDOM_SEED_42
20162017,20162017000014,2016-10-06,EDM,STL,0.696842,0.303158,EDM,1,EDM,1,1,FABRICATED_SYNTHETIC_RANDOM_SEED_42
20162017,20162017000015,2016-10-06,TOR,BUF,0.531286,0.468714,TOR,1,TOR,1,1,FABRICATED_SYNTHETIC_RANDOM_SEED_42
20162017,20162017000016,2016-10-07,ANA,TOR,0.5515,0.4485,ANA,0,TOR,0,1,FABRICATED_SYNTHETIC_RANDOM_SEED_42
20162017,20162017000017,2016-10-07,OTT,CHI,0.550599,0.449401,OTT,0,CHI,0,1,FABRICATED_SYNTHETIC_RANDOM_SEED_42
20162017,20162017000018,2016-10-08,LAK,CBJ,0.43378,0.56622,CBJ,1,LAK,0,1,FABRICATED_SYNTHETIC_RANDOM_SEED_42
20162017,20162017000019,2016-10-08,CAR,DAL,0.391216,0.608784,DAL,1,CAR,0,1,FABRICATED_SYNTHETIC_RANDOM_SEED_42
20162017,20162017000020,2016-10-08,DAL,STL,0.548537,0.451463,DAL,1,DAL,1,1,FABRICATED_SYNTHETIC_RANDOM_SEED_42
20162017,20162017000021,2016-10-09,NJD,FLA,0.523825,0.476175,NJD,0,FLA,0,1,FABRICATED_SYNTHETIC_RANDOM_SEED_42
20162017,20162017000022,2016-10-09,WPG,WSH,0.56417,0.43583,WPG,0,WSH,0,1,FABRICATED_SYNTHETIC_RANDOM_SEED_42
20162017,20162017000023,2016-10-10,COL,ANA,0.586656,0.413344,COL,0,ANA,0,1,FABRICATED_SYNTHETIC_RANDOM_SEED_42
20162017,20162017000024,2016-10-10,DET,BOS,0.400467,0.599533,BOS,1,DET,0,1,FABRICATED_SYNTHETIC_RANDOM_SEED_42
20162017,20162017000025,2016-10-11,MIN,CAR,0.489014,0.510986,CAR,1,MIN,0,1,FABRICATED_SYNTHETIC_RANDOM_SEED_42
20162017,20162017000026,2016-10-11,VGK,WPG,0.481165,0.518835,WPG,1,VGK,0,1,FABRICATED_SYNTHETIC_RANDOM_SEED_42
20162017,20162017000027,2016-10-11,STL,BUF,0.418118,0.581882,BUF,0,BUF,1,1,FABRICATED_SYNTHETIC_RANDOM_SEED_42
20162017,20162017000028,2016-10-12,SJS,TOR,0.502082,0.497918,SJS,0,TOR,0,1,FABRICATED_SYNTHETIC_RANDOM_SEED_42
20162017,20162017000029,2016-10-12,WPG,SJS,0.564412,0.435588,WPG,1,WPG,1,1,FABRICATED_SYNTHETIC_RANDOM_SEED_42
20162017,20162017000030,2016-10-13,BUF,NJD,0.48183,0.51817,NJD,0,NJD,1,1,FABRICATED_SYNTHETIC_RANDOM_SEED_42
20162017,20162017000031,2016-10-13,MTL,NJD,0.421102,0.578898,NJD,1,MTL,0,1,FABRICATED_SYNTHETIC_RANDOM_SEED_42
20162017,20162017000032,2016-10-14,VAN,ANA,0.458294,0.541706,ANA,0,ANA,1,1,FABRICATED_SYNTHETIC_RANDOM_SEED_42
20162017,20162017000033,2016-10-14,DET,OTT,0.502996,0.497004,DET,1,DET,1,1,FABRICATED_SYNTHETIC_RANDOM_SEED_42
20162017,20162017000034,2016-10-14,TBL,NJD,0.562319,0.437681,TBL,0,NJD,0,1,FABRICATED_SYNTHETIC_RANDOM_SEED_42
20162017,20162017000035,2016-10-15,PHI,MTL,0.473696,0.526304,MTL,1,PHI,0,1,FABRICATED_SYNTHETIC_RANDOM_SEED_42
20162017,20162017000036,2016-10-15,ARI,WPG,0.455337,0.544663,WPG,1,ARI,0,1,FABRICATED_SYNTHETIC_RANDOM_SEED_42
20162017,20162017000037,2016-10-16,OTT,EDM,0.4124,0.5876,EDM,0,EDM,1,1,FABRICATED_SYNTHETIC_RANDOM_SEED_42
20162017,20162017000038,2016-10-16,BOS,VAN,0.547612,0.452388,BOS,1,BOS,1,1,FABRICATED_SYNTHETIC_RANDOM_SEED_42
20162017,20162017000039,2016-10-16,NYI,EDM,0.564264,0.435736,NYI,0,EDM,0,1,FABRICATED_SYNTHETIC_RANDOM_SEED_42
20162017,20162017000040,2016-10-17,CAR,COL,0.414822,0.585178,COL,0,COL,1,1,FABRICATED_SYNTHETIC_RANDOM_SEED_42
20162017,20162017000041,2016-10-17,MTL,VGK,0.616158,0.383842,MTL,0,VGK,0,1,FABRICATED_SYNTHETIC_RANDOM_SEED_42
20162017,20162017000042,2016-10-18,FLA,TOR,0.473658,0.526342,TOR,1,FLA,0,1,FABRICATED_SYNTHETIC_RANDOM_SEED_42
20162017,20162017000043,2016-10-18,WPG,CAR,0.576778,0.423222,WPG,1,WPG,1,1,FABRICATED_SYNTHETIC_RANDOM_SEED_42
20162017,20162017000044,2016-10-19,ARI,WSH,0.45753,0.54247,WSH,1,ARI,0,1,FABRICATED_SYNTHETIC_RANDOM_SEED_42
20162017,20162017000045,2016-10-19,NYR,CHI,0.56443,0.43557,NYR,1,NYR,1,1,FABRICATED_SYNTHETIC_RANDOM_SEED_42
20162017,20162017000046,2016-10-19,LAK,ARI,0.569174,0.430826,LAK,0,ARI,0,1,FABRICATED_SYNTHETIC_RANDOM_SEED_42
20162017,20162017000047,2016-10-20,CHI,TBL,0.634646,0.365354,CHI,1,CHI,1,1,FABRICATED_SYNTHETIC_RANDOM_SEED_42
20162017,20162017000048,2016-10-20,MTL,NYR,0.496113,0.503887,NYR,0,NYR,1,1,FABRICATED_SYNTHETIC_RANDOM_SEED_42
20162017,20162017000049,2016-10-21,DAL,OTT,0.501766,0.498234,DAL,1,DAL,1,1,FABRICATED_SYNTHETIC_RANDOM_SEED_42
20162017,20162017000050,2016-10-21,TOR,SJS,0.572017,0.427983,TOR,1,TOR,1,1,FABRICATED_SYNTHETIC_RANDOM_SEED_42
20162017,20162017000051,2016-10-21,PIT,NJD,0.545259,0.454741,PIT,1,PIT,1,1,FABRICATED_SYNTHETIC_RANDOM_SEED_42
20162017,20162017000052,2016-10-22,NYI,WPG,0.540593,0.459407,NYI,1,NYI,1,1,FABRICATED_SYNTHETIC_RANDOM_SEED_42
20162017,20162017000053,2016-10-22,CAR,WPG,0.526903,0.473097,CAR,1,CAR,1,1,FABRICATED_SYNTHETIC_RANDOM_SEED_42
20162017,20162017000054,2016-10-23,PIT,MTL,0.55074,0.44926,PIT,1,PIT,1,1,FABRICATED_SYNTHETIC_RANDOM_SEED_42
20162017,20162017000055,2016-10-23,DET,PHI,0.623245,0.376755,DET,1,DET,1,1,FABRICATED_SYNTHETIC_RANDOM_SEED_42
20162017,20162017000056,2016-10-24,STL,DET,0.434302,0.565698,DET,1,STL,0,1,FABRICATED_SYNTHETIC_RANDOM_SEED_42
20162017,20162017000057,2016-10-24,TBL,SJS,0.460236,0.539764,SJS,0,SJS,1,1,FABRICATED_SYNTHETIC_RANDOM_SEED_42
20162017,20162017000058,2016-10-24,DET,PIT,0.716272,0.283728,DET,0,PIT,0,1,FABRICATED_SYNTHETIC_RANDOM_SEED_42
20162017,20162017000059,2016-10-25,CAR,FLA,0.412083,0.587917,FLA,0,FLA,1,1,FABRICATED_SYNTHETIC_RANDOM_SEED_42
20162017,20162017000060,2016-10-25,ARI,ANA,0.480938,0.519062,ANA,1,ARI,0,1,FABRICATED_SYNTHETIC_RANDOM_SEED_42
20162017,20162017000061,2016-10-26,BUF,TBL,0.556367,0.443633,BUF,1,BUF,1,1,FABRICATED_SYNTHETIC_RANDOM_SEED_42
20162017,20162017000062,2016-10-26,CAR,CGY,0.665181,0.334819,CAR,0,CGY,0,1,FABRICATED_SYNTHETIC_RANDOM_SEED_42
20162017,20162017000063,2016-10-27,VGK,ARI,0.594745,0.405255,VGK,0,ARI,0,1,FABRICATED_SYNTHETIC_RANDOM_SEED_42
20162017,20162017000064,2016-10-27,LAK,NYR,0.498687,0.501313,NYR,0,NYR,1,1,FABRICATED_SYNTHETIC_RANDOM_SEED_42
20162017,20162017000065,2016-10-27,TOR,TBL,0.560171,0.439829,TOR,0,TBL,0,1,FABRICATED_SYNTHETIC_RANDOM_SEED_42
20162017,20162017000066,2016-10-28,BUF,DAL,0.66331,0.33669,BUF,0,DAL,0,1,FABRICATED_SYNTHETIC_RANDOM_SEED_42
20162017,20162017000067,2016-10-28,BOS,FLA,0.550414,0.449586,BOS,0,FLA,0,1,FABRICATED_SYNTHETIC_RANDOM_SEED_42
20162017,20162017000068,2016-10-29,TOR,NYR,0.49017,0.50983,NYR,0,NYR,1,1,FABRICATED_SYNTHETIC_RANDOM_SEED_42
20162017,20162017000069,2016-10-29,COL,NYR,0.494836,0.505164,NYR,1,COL,0,1,FABRICATED_SYNTHETIC_RANDOM_SEED_42
20162017,20162017000070,2016-10-29,EDM,NYR,0.412247,0.587753,NYR,0,NYR,1,1,FABRICATED_SYNTHETIC_RANDOM_SEED_42
20162017,20162017000071,2016-10-30,CAR,ARI,0.575762,0.424238,CAR,0,ARI,0,1,FABRICATED_SYNTHETIC_RANDOM_SEED_42
20162017,20162017000072,2016-10-30,LAK,FLA,0.605333,0.394667,LAK,1,LAK,1,1,FABRICATED_SYNTHETIC_RANDOM_SEED_42
20162017,20162017000073,2016-10-31,MTL,ANA,0.519237,0.480763,MTL,0,ANA,0,1,FABRICATED_SYNTHETIC_RANDOM_SEED_42
20162017,20162017000074,2016-10-31,TBL,ARI,0.589869,0.410131,TBL,0,ARI,0,1,FABRICATED_SYNTHETIC_RANDOM_SEED_42
20162017,20162017000075,2016-11-01,ANA,WPG,0.524471,0.475529,ANA,0,WPG,0,1,FABRICATED_SYNTHETIC_RANDOM_SEED_42
20162017,20162017000076,2016-11-01,WSH,PHI,0.608182,0.391818,WSH,1,WSH,1,1,FABRICATED_SYNTHETIC_RANDOM_SEED_42
20162017,20162017000077,2016-11-01,MTL,FLA,0.532019,0.467981,MTL,0,FLA,0,1,FABRICATED_SYNTHETIC_RANDOM_SEED_42
20162017,20162017000078,2016-11-02,DET,NYI,0.57118,0.42882,DET,1,DET,1,1,FABRICATED_SYNTHETIC_RANDOM_SEED_42
20162017,20162017000079,2016-11-02,CBJ,WSH,0.520068,0.479932,CBJ,1,CBJ,1,1,FABRICATED_SYNTHETIC_RANDOM_SEED_42
20162017,20162017000080,2016-11-03,SJS,ANA,0.544373,0.455627,SJS,0,ANA,0,1,FABRICATED_SYNTHETIC_RANDOM_SEED_42
20162017,20162017000081,2016-11-03,CGY,VAN,0.465211,0.534789,VAN,0,VAN,1,1,FABRICATED_SYNTHETIC_RANDOM_SEED_42
20162017,20162017000082,2016-11-03,COL,VGK,0.531928,0.468072,COL,1,COL,1,1,FABRICATED_SYNTHETIC_RANDOM_SEED_42
20162017,20162017000083,2016-11-04,SJS,NJD,0.484887,0.515113,NJD,0,NJD,1,1,FABRICATED_SYNTHETIC_RANDOM_SEED_42
20162017,20162017000084,2016-11-04,DET,CBJ,0.585888,0.414112,DET,1,DET,1,1,FABRICATED_SYNTHETIC_RANDOM_SEED_42
20162017,20162017000085,2016-11-05,FLA,NYI,0.56515,0.43485,FLA,0,NYI,0,1,FABRICATED_SYNTHETIC_RANDOM_SEED_42
20162017,20162017000086,2016-11-05,SJS,MIN,0.568619,0.431381,SJS,0,MIN,0,1,FABRICATED_SYNTHETIC_RANDOM_SEED_42
20162017,20162017000087,2016-11-06,NYR,TBL,0.595715,0.404285,NYR,1,NYR,1,1,FABRICATED_SYNTHETIC_RANDOM_SEED_42
20162017,20162017000088,2016-11-06,LAK,NYI,0.552059,0.447941,LAK,1,LAK,1,1,FABRICATED_SYNTHETIC_RANDOM_SEED_42
20162017,20162017000089,2016-11-06,PIT,ARI,0.572327,0.427673,PIT,0,ARI,0,1,FABRICATED_SYNTHETIC_RANDOM_SEED_42
20162017,20162017000090,2016-11-07,BUF,PIT,0.575134,0.424866,BUF,0,PIT,0,1,FABRICATED_SYNTHETIC_RANDOM_SEED_42
20162017,20162017000091,2016-11-07,VAN,CGY,0.560811,0.439189,VAN,1,VAN,1,1,FABRICATED_SYNTHETIC_RANDOM_SEED_42
20162017,20162017000092,2016-11-08,CBJ,OTT,0.579277,0.420723,CBJ,0,OTT,0,1,FABRICATED_SYNTHETIC_RANDOM_SEED_42
20162017,20162017000093,2016-11-08,NYR,MTL,0.562815,0.437185,NYR,0,MTL,0,1,FABRICATED_SYNTHETIC_RANDOM_SEED_42
20162017,20162017000094,2016-11-09,OTT,TBL,0.617209,0.382791,OTT,1,OTT,1,1,FABRICATED_SYNTHETIC_RANDOM_SEED_42
20162017,20162017000095,2016-11-09,MIN,PHI,0.50622,0.49378,MIN,1,MIN,1,1,FABRICATED_SYNTHETIC_RANDOM_SEED_42
20162017,20162017000096,2016-11-09,NYI,PHI,0.524339,0.475661,NYI,0,PHI,0,1,FABRICATED_SYNTHETIC_RANDOM_SEED_42
20162017,20162017000097,2016-11-10,PHI,VAN,0.546709,0.453291,PHI,1,PHI,1,1,FABRICATED_SYNTHETIC_RANDOM_SEED_42
20162017,20162017000098,2016-11-10,MIN,LAK,0.475392,0.524608,LAK,1,MIN,0,1,FABRICATED_SYNTHETIC_RANDOM_SEED_42
20162017,20162017000099,2016-11-11,BUF,LAK,0.490446,0.509554,LAK,1,BUF,0,1,FABRICATED_SYNTHETIC_RANDOM_SEED_42
20162017,20162017000100,2016-11-11,CBJ,LAK,0.55908,0.44092,CBJ,1,CBJ,1,1,FABRICATED_SYNTHETIC_RANDOM_SEED_42
20162017,20162017000101,2016-11-11,DET,CGY,0.58168,0.41832,DET,0,CGY,0,1,FABRICATED_SYNTHETIC_RANDOM_SEED_42
20162017,20162017000102,2016-11-12,NYI,FLA,0.539365,0.460635,NYI,1,NYI,1,1,FABRICATED_SYNTHETIC_RANDOM_SEED_42
20162017,20162017000103,2016-11-12,CHI,MTL,0.496427,0.503573,MTL,1,CHI,0,1,FABRICATED_SYNTHETIC_RANDOM_SEED_42
20162017,20162017000104,2016-11-13,FLA,LAK,0.483415,0.516585,LAK,1,FLA,0,1,FABRICATED_SYNTHETIC_RANDOM_SEED_42
20162017,20162017000105,2016-11-13,VAN,WSH,0.504311,0.495689,VAN,0,WSH,0,1,FABRICATED_SYNTHETIC_RANDOM_SEED_42
20162017,20162017000106,2016-11-14,DAL,CHI,0.548847,0.451153,DAL,0,CHI,0,1,FABRICATED_SYNTHETIC_RANDOM_SEED_42
20162017,20162017000107,2016-11-14,VAN,FLA,0.568352,0.431648,VAN,0,FLA,0,1,FABRICATED_SYNTHETIC_RANDOM_SEED_42
20162017,20162017000108,2016-11-14,CBJ,VAN,0.585818,0.414182,CBJ,1,CBJ,1,1,FABRICATED_SYNTHETIC_RANDOM_SEED_42
20162017,20162017000109,2016-11-15,FLA,WPG,0.502543,0.497457,FLA,1,FLA,1,1,FABRICATED_SYNTHETIC_RANDOM_SEED_42
20162017,20162017000110,2016-11-15,OTT,CBJ,0.478149,0.521851,CBJ,0,CBJ,1,1,FABRICATED_SYNTHETIC_RANDOM_SEED_42
20162017,20162017000111,2016-11-16,CHI,NYI,0.583018,0.416982,CHI,1,CHI,1,1,FABRICATED_SYNTHETIC_RANDOM_SEED_42
20162017,20162017000112,2016-11-16,NYR,BOS,0.564123,0.435877,NYR,1,NYR,1,1,FABRICATED_SYNTHETIC_RANDOM_SEED_42
20162017,20162017000113,2016-11-16,WSH,BUF,0.523737,0.476263,WSH,1,WSH,1,1,FABRICATED_SYNTHETIC_RANDOM_SEED_42
20162017,20162017000114,2016-11-17,CGY,COL,0.469634,0.530366,COL,0,COL,1,1,FABRICATED_SYNTHETIC_RANDOM_SEED_42
20162017,20162017000115,2016-11-17,WSH,SJS,0.606849,0.393151,WSH,0,SJS,0,1,FABRICATED_SYNTHETIC_RANDOM_SEED_42
20162017,20162017000116,2016-11-18,TBL,NYI,0.63081,0.36919,TBL,1,TBL,1,1,FABRICATED_SYNTHETIC_RANDOM_SEED_42
20162017,20162017000117,2016-11-18,NJD,CHI,0.570441,0.429559,NJD,0,CHI,0,1,FABRICATED_SYNTHETIC_RANDOM_SEED_42
20162017,20162017000118,2016-11-19,EDM,TBL,0.56916,0.43084,EDM,0,TBL,0,1,FABRICATED_SYNTHETIC_RANDOM_SEED_42
20162017,20162017000119,2016-11-19,NYI,TBL,0.562165,0.437835,NYI,0,TBL,0,1,FABRICATED_SYNTHETIC_RANDOM_SEED_42
20162017,20162017000120,2016-11-19,MTL,WSH,0.461354,0.538646,WSH,1,MTL,0,1,FABRICATED_SYNTHETIC_RANDOM_SEED_42
20162017,20162017000121,2016-11-20,OTT,NYI,0.585067,0.414933,OTT,0,NYI,0,1,FABRICATED_SYNTHETIC_RANDOM_SEED_42
20162017,20162017000122,2016-11-20,BOS,BUF,0.511015,0.488985,BOS,1,BOS,1,1,FABRICATED_SYNTHETIC_RANDOM_SEED_42
20162017,20162017000123,2016-11-21,WSH,EDM,0.526838,0.473162,WSH,1,WSH,1,1,FABRICATED_SYNTHETIC_RANDOM_SEED_42
20162017,20162017000124,2016-11-21,VGK,NYR,0.41027,0.58973,NYR,0,NYR,1,1,FABRICATED_SYNTHETIC_RANDOM_SEED_42
20162017,20162017000125,2016-11-22,ANA,VGK,0.51611,0.48389,ANA,0,VGK,0,1,FABRICATED_SYNTHETIC_RANDOM_SEED_42
20162017,20162017000126,2016-11-22,NYI,MTL,0.485385,0.514615,MTL,0,MTL,1,1,FABRICATED_SYNTHETIC_RANDOM_SEED_42
20162017,20162017000127,2016-11-22,EDM,NJD,0.532735,0.467265,EDM,1,EDM,1,1,FABRICATED_SYNTHETIC_RANDOM_SEED_42
20162017,20162017000128,2016-11-23,BOS,MTL,0.549406,0.450594,BOS,1,BOS,1,1,FABRICATED_SYNTHETIC_RANDOM_SEED_42
20162017,20162017000129,2016-11-23,EDM,VGK,0.566112,0.433888,EDM,0,VGK,0,1,FABRICATED_SYNTHETIC_RANDOM_SEED_42
20162017,20162017000130,2016-11-24,CBJ,DET,0.520647,0.479353,CBJ,1,CBJ,1,1,FABRICATED_SYNTHETIC_RANDOM_SEED_42
20162017,20162017000131,2016-11-24,BUF,PHI,0.511076,0.488924,BUF,1,BUF,1,1,FABRICATED_SYNTHETIC_RANDOM_SEED_42
20162017,20162017000132,2016-11-24,COL,SJS,0.530905,0.469095,COL,1,COL,1,1,FABRICATED_SYNTHETIC_RANDOM_SEED_42
20162017,20162017000133,2016-11-25,LAK,CGY,0.557552,0.442448,LAK,1,LAK,1,1,FABRICATED_SYNTHETIC_RANDOM_SEED_42
20162017,20162017000134,2016-11-25,NYI,CBJ,0.458602,0.541398,CBJ,1,NYI,0,1,FABRICATED_SYNTHETIC_RANDOM_SEED_42
20162017,20162017000135,2016-11-26,MIN,CGY,0.49019,0.50981,CGY,0,CGY,1,1,FABRICATED_SYNTHETIC_RANDOM_SEED_42
20162017,20162017000136,2016-11-26,DET,LAK,0.642397,0.357603,DET,0,LAK,0,1,FABRICATED_SYNTHETIC_RANDOM_SEED_42
20162017,20162017000137,2016-11-27,EDM,CHI,0.530723,0.469277,EDM,1,EDM,1,1,FABRICATED_SYNTHETIC_RANDOM_SEED_42
20162017,20162017000138,2016-11-27,BUF,TOR,0.509864,0.490136,BUF,1,BUF,1,1,FABRICATED_SYNTHETIC_RANDOM_SEED_42
20162017,20162017000139,2016-11-27,COL,CAR,0.630866,0.369134,COL,0,CAR,0,1,FABRICATED_SYNTHETIC_RANDOM_SEED_42
20162017,20162017000140,2016-11-28,DET,BUF,0.549207,0.450793,DET,1,DET,1,1,FABRICATED_SYNTHETIC_RANDOM_SEED_42
20162017,20162017000141,2016-11-28,OTT,TOR,0.610522,0.389478,OTT,1,OTT,1,1,FABRICATED_SYNTHETIC_RANDOM_SEED_42
20162017,20162017000142,2016-11-29,CGY,ARI,0.582704,0.417296,CGY,1,CGY,1,1,FABRICATED_SYNTHETIC_RANDOM_SEED_42
20162017,20162017000143,2016-11-29,LAK,COL,0.44388,0.55612,COL,1,LAK,0,1,FABRICATED_SYNTHETIC_RANDOM_SEED_42
20162017,20162017000144,2016-11-29,TOR,MTL,0.581677,0.418323,TOR,1,TOR,1,1,FABRICATED_SYNTHETIC_RANDOM_SEED_42
20162017,20162017000145,2016-11-30,STL,PIT,0.578661,0.421339,STL,0,PIT,0,1,FABRICATED_SYNTHETIC_RANDOM_SEED_42
20162017,20162017000146,2016-11-30,ANA,BOS,0.520047,0.479953,ANA,1,ANA,1,1,FABRICATED_SYNTHETIC_RANDOM_SEED_42
20162017,20162017000147,2016-12-01,COL,STL,0.577169,0.422831,COL,0,STL,0,1,FABRICATED_SYNTHETIC_RANDOM_SEED_42
20162017,20162017000148,2016-12-01,NYI,STL,0.502069,0.497931,NYI,0,STL,0,1,FABRICATED_SYNTHETIC_RANDOM_SEED_42
20162017,20162017000149,2016-12-02,TBL,CGY,0.517408,0.482592,TBL,1,TBL,1,1,FABRICATED_SYNTHETIC_RANDOM_SEED_42
20162017,20162017000150,2016-12-02,WPG,STL,0.533494,0.466506,WPG,0,STL,0,1,FABRICATED_SYNTHETIC_RANDOM_SEED_42
20162017,20162017000151,2016-12-02,DAL,DET,0.431471,0.568529,DET,0,DET,1,1,FABRICATED_SYNTHETIC_RANDOM_SEED_42
20162017,20162017000152,2016-12-03,CBJ,CHI,0.605212,0.394788,CBJ,1,CBJ,1,1,FABRICATED_SYNTHETIC_RANDOM_SEED_42
20162017,20162017000153,2016-12-03,PIT,CGY,0.492354,0.507646,CGY,0,CGY,1,1,FABRICATED_SYNTHETIC_RANDOM_SEED_42
20162017,20162017000154,2016-12-04,ARI,COL,0.487003,0.512997,COL,1,ARI,0,1,FABRICATED_SYNTHETIC_RANDOM_SEED_42
20162017,20162017000155,2016-12-04,CGY,TOR,0.498401,0.501599,TOR,0,TOR,1,1,FABRICATED_SYNTHETIC_RANDOM_SEED_42
20162017,20162017000156,2016-12-05,DAL,TOR,0.428674,0.571326,TOR,1,DAL,0,1,FABRICATED_SYNTHETIC_RANDOM_SEED_42
20162017,20162017000157,2016-12-05,CHI,FLA,0.54249,0.45751,CHI,0,FLA,0,1,FABRICATED_SYNTHETIC_RANDOM_SEED_42
20162017,20162017000158,2016-12-05,MTL,BUF,0.559973,0.440027,MTL,1,MTL,1,1,FABRICATED_SYNTHETIC_RANDOM_SEED_42
20162017,20162017000159,2016-12-06,VAN,VGK,0.547305,0.452695,VAN,0,VGK,0,1,FABRICATED_SYNTHETIC_RANDOM_SEED_42
20162017,20162017000160,2016-12-06,BOS,DET,0.496614,0.503386,DET,0,DET,1,1,FABRICATED_SYNTHETIC_RANDOM_SEED_42
20162017,20162017000161,2016-12-07,VGK,ANA,0.434523,0.565477,ANA,0,ANA,1,1,FABRICATED_SYNTHETIC_RANDOM_SEED_42
20162017,20162017000162,2016-12-07,NYI,SJS,0.573659,0.426341,NYI,1,NYI,1,1,FABRICATED_SYNTHETIC_RANDOM_SEED_42
20162017,20162017000163,2016-12-07,TOR,DAL,0.610905,0.389095,TOR,1,TOR,1,1,FABRICATED_SYNTHETIC_RANDOM_SEED_42
20162017,20162017000164,2016-12-08,STL,ARI,0.58552,0.41448,STL,0,ARI,0,1,FABRICATED_SYNTHETIC_RANDOM_SEED_42
20162017,20162017000165,2016-12-08,BUF,STL,0.558207,0.441793,BUF,1,BUF,1,1,FABRICATED_SYNTHETIC_RANDOM_SEED_42
20162017,20162017000166,2016-12-09,BUF,VAN,0.532775,0.467225,BUF,1,BUF,1,1,FABRICATED_SYNTHETIC_RANDOM_SEED_42
20162017,20162017000167,2016-12-09,TBL,VAN,0.585682,0.414318,TBL,1,TBL,1,1,FABRICATED_SYNTHETIC_RANDOM_SEED_42
20162017,20162017000168,2016-12-10,MTL,VAN,0.520004,0.479996,MTL,0,VAN,0,1,FABRICATED_SYNTHETIC_RANDOM_SEED_42
20162017,20162017000169,2016-12-10,FLA,ARI,0.582859,0.417141,FLA,1,FLA,1,1,FABRICATED_SYNTHETIC_RANDOM_SEED_42
20162017,20162017000170,2016-12-10,DET,CAR,0.542845,0.457155,DET,1,DET,1,1,FABRICATED_SYNTHETIC_RANDOM_SEED_42
20162017,20162017000171,2016-12-11,STL,VGK,0.487186,0.512814,VGK,0,VGK,1,1,FABRICATED_SYNTHETIC_RANDOM_SEED_42
20162017,20162017000172,2016-12-11,DAL,NYR,0.385885,0.614115,NYR,0,NYR,1,1,FABRICATED_SYNTHETIC_RANDOM_SEED_42
20162017,20162017000173,2016-12-12,CHI,PIT,0.525351,0.474649,CHI,1,CHI,1,1,FABRICATED_SYNTHETIC_RANDOM_SEED_42
20162017,20162017000174,2016-12-12,EDM,COL,0.525284,0.474716,EDM,1,EDM,1,1,FABRICATED_SYNTHETIC_RANDOM_SEED_42
20162017,20162017000175,2016-12-13,TOR,ARI,0.57634,0.42366,TOR,0,ARI,0,1,FABRICATED_SYNTHETIC_RANDOM_SEED_42
20162017,20162017000176,2016-12-13,NJD,NYI,0.497999,0.502001,NYI,1,NJD,0,1,FABRICATED_SYNTHETIC_RANDOM_SEED_42
20162017,20162017000177,2016-12-13,VGK,COL,0.605715,0.394285,VGK,0,COL,0,1,FABRICATED_SYNTHETIC_RANDOM_SEED_42
20162017,20162017000178,2016-12-14,PHI,CBJ,0.46261,0.53739,CBJ,0,CBJ,1,1,FABRICATED_SYNTHETIC_RANDOM_SEED_42
20162017,20162017000179,2016-12-14,OTT,COL,0.571033,0.428967,OTT,0,COL,0,1,FABRICATED_SYNTHETIC_RANDOM_SEED_42
20162017,20162017000180,2016-12-15,DAL,BOS,0.486478,0.513522,BOS,1,DAL,0,1,FABRICATED_SYNTHETIC_RANDOM_SEED_42
20162017,20162017000181,2016-12-15,VGK,DET,0.516575,0.483425,VGK,1,VGK,1,1,FABRICATED_SYNTHETIC_RANDOM_SEED_42
20162017,20162017000182,2016-12-15,FLA,NYR,0.542793,0.457207,FLA,0,NYR,0,1,FABRICATED_SYNTHETIC_RANDOM_SEED_42
20162017,20162017000183,2016-12-16,BOS,CGY,0.589469,0.410531,BOS,1,BOS,1,1,FABRICATED_SYNTHETIC_RANDOM_SEED_42
20162017,20162017000184,2016-12-16,DET,ANA,0.580875,0.419125,DET,1,DET,1,1,FABRICATED_SYNTHETIC_RANDOM_SEED_42
20162017,20162017000185,2016-12-17,CAR,OTT,0.48551,0.51449,OTT,0,OTT,1,1,FABRICATED_SYNTHETIC_RANDOM_SEED_42
20162017,20162017000186,2016-12-17,ANA,PHI,0.547012,0.452988,ANA,0,PHI,0,1,FABRICATED_SYNTHETIC_RANDOM_SEED_42
20162017,20162017000187,2016-12-18,STL,COL,0.565589,0.434411,STL,0,COL,0,1,FABRICATED_SYNTHETIC_RANDOM_SEED_42
20162017,20162017000188,2016-12-18,VAN,TOR,0.529248,0.470752,VAN,1,VAN,1,1,FABRICATED_SYNTHETIC_RANDOM_SEED_42
20162017,20162017000189,2016-12-18,VGK,SJS,0.571627,0.428373,VGK,0,SJS,0,1,FABRICATED_SYNTHETIC_RANDOM_SEED_42
20162017,20162017000190,2016-12-19,CBJ,MIN,0.544471,0.455529,CBJ,1,CBJ,1,1,FABRICATED_SYNTHETIC_RANDOM_SEED_42
20162017,20162017000191,2016-12-19,EDM,NYI,0.57516,0.42484,EDM,1,EDM,1,1,FABRICATED_SYNTHETIC_RANDOM_SEED_42
20162017,20162017000192,2016-12-20,CGY,WSH,0.454834,0.545166,WSH,0,WSH,1,1,FABRICATED_SYNTHETIC_RANDOM_SEED_42
20162017,20162017000193,2016-12-20,ARI,VAN,0.467028,0.532972,VAN,1,ARI,0,1,FABRICATED_SYNTHETIC_RANDOM_SEED_42
20162017,20162017000194,2016-12-20,BUF,MIN,0.557713,0.442287,BUF,1,BUF,1,1,FABRICATED_SYNTHETIC_RANDOM_SEED_42
20162017,20162017000195,2016-12-21,MTL,BOS,0.515652,0.484348,MTL,1,MTL,1,1,FABRICATED_SYNTHETIC_RANDOM_SEED_42
20162017,20162017000196,2016-12-21,PIT,VGK,0.502808,0.497192,PIT,1,PIT,1,1,FABRICATED_SYNTHETIC_RANDOM_SEED_42
20162017,20162017000197,2016-12-22,EDM,ARI,0.583484,0.416516,EDM,0,ARI,0,1,FABRICATED_SYNTHETIC_RANDOM_SEED_42
20162017,20162017000198,2016-12-22,CGY,DAL,0.556549,0.443451,CGY,1,CGY,1,1,FABRICATED_SYNTHETIC_RANDOM_SEED_42
20162017,20162017000199,2016-12-23,WSH,OTT,0.518858,0.481142,WSH,1,WSH,1,1,FABRICATED_SYNTHETIC_RANDOM_SEED_42
20162017,20162017000200,2016-12-23,PIT,CBJ,0.4854,0.5146,CBJ,0,CBJ,1,1,FABRICATED_SYNTHETIC_RANDOM_SEED_42
20162017,20162017000201,2016-12-23,FLA,MTL,0.494386,0.505614,MTL,0,MTL,1,1,FABRICATED_SYNTHETIC_RANDOM_SEED_42
20162017,20162017000202,2016-12-24,WPG,VAN,0.448925,0.551075,VAN,1,WPG,0,1,FABRICATED_SYNTHETIC_RANDOM_SEED_42
20162017,20162017000203,2016-12-24,WSH,ARI,0.574429,0.425571,WSH,1,WSH,1,1,FABRICATED_SYNTHETIC_RANDOM_SEED_42
20162017,20162017000204,2016-12-25,BOS,CBJ,0.499873,0.500127,CBJ,1,BOS,0,1,FABRICATED_SYNTHETIC_RANDOM_SEED_42
20162017,20162017000205,2016-12-25,CBJ,NYR,0.528772,0.471228,CBJ,0,NYR,0,1,FABRICATED_SYNTHETIC_RANDOM_SEED_42
20162017,20162017000206,2016-12-26,PIT,NYR,0.453805,0.546195,NYR,1,PIT,0,1,FABRICATED_SYNTHETIC_RANDOM_SEED_42
20162017,20162017000207,2016-12-26,MTL,WPG,0.552907,0.447093,MTL,1,MTL,1,1,FABRICATED_SYNTHETIC_RANDOM_SEED_42
20162017,20162017000208,2016-12-26,PIT,EDM,0.534789,0.465211,PIT,0,EDM,0,1,FABRICATED_SYNTHETIC_RANDOM_SEED_42
20162017,20162017000209,2016-12-27,NJD,SJS,0.538456,0.461544,NJD,0,SJS,0,1,FABRICATED_SYNTHETIC_RANDOM_SEED_42
20162017,20162017000210,2016-12-27,STL,WSH,0.50882,0.49118,STL,1,STL,1,1,FABRICATED_SYNTHETIC_RANDOM_SEED_42
20162017,20162017000211,2016-12-28,CGY,NJD,0.482654,0.517346,NJD,1,CGY,0,1,FABRICATED_SYNTHETIC_RANDOM_SEED_42
20162017,20162017000212,2016-12-28,TBL,PHI,0.543688,0.456312,TBL,0,PHI,0,1,FABRICATED_SYNTHETIC_RANDOM_SEED_42
20162017,20162017000213,2016-12-28,MIN,NYR,0.455331,0.544669,NYR,1,MIN,0,1,FABRICATED_SYNTHETIC_RANDOM_SEED_42
20162017,20162017000214,2016-12-29,DAL,WPG,0.503644,0.496356,DAL,1,DAL,1,1,FABRICATED_SYNTHETIC_RANDOM_SEED_42
20162017,20162017000215,2016-12-29,MTL,LAK,0.525811,0.474189,MTL,1,MTL,1,1,FABRICATED_SYNTHETIC_RANDOM_SEED_42
20162017,20162017000216,2016-12-30,NJD,PIT,0.549157,0.450843,NJD,1,NJD,1,1,FABRICATED_SYNTHETIC_RANDOM_SEED_42
20162017,20162017000217,2016-12-30,EDM,CAR,0.550768,0.449232,EDM,0,CAR,0,1,FABRICATED_SYNTHETIC_RANDOM_SEED_42
20162017,20162017000218,2016-12-31,PIT,ANA,0.454609,0.545391,ANA,0,ANA,1,1,FABRICATED_SYNTHETIC_RANDOM_SEED_42
20162017,20162017000219,2016-12-31,TOR,BOS,0.576741,0.423259,TOR,0,BOS,0,1,FABRICATED_SYNTHETIC_RANDOM_SEED_42
20162017,20162017000220,2016-12-31,STL,MTL,0.49155,0.50845,MTL,1,STL,0,1,FABRICATED_SYNTHETIC_RANDOM_SEED_42
20162017,20162017000221,2017-01-01,CHI,STL,0.520679,0.479321,CHI,1,CHI,1,1,FABRICATED_SYNTHETIC_RANDOM_SEED_42
20162017,20162017000222,2017-01-01,DAL,TBL,0.489258,0.510742,TBL,0,TBL,1,1,FABRICATED_SYNTHETIC_RANDOM_SEED_42
20162017,20162017000223,2017-01-02,TOR,EDM,0.527268,0.472732,TOR,1,TOR,1,1,FABRICATED_SYNTHETIC_RANDOM_SEED_42
20162017,20162017000224,2017-01-02,TOR,ANA,0.493083,0.506917,ANA,1,TOR,0,1,FABRICATED_SYNTHETIC_RANDOM_SEED_42
20162017,20162017000225,2017-01-02,CBJ,ARI,0.581176,0.418824,CBJ,1,CBJ,1,1,FABRICATED_SYNTHETIC_RANDOM_SEED_42
20162017,20162017000226,2017-01-03,ANA,WSH,0.534896,0.465104,ANA,1,ANA,1,1,FABRICATED_SYNTHETIC_RANDOM_SEED_42
20162017,20162017000227,2017-01-03,BUF,BOS,0.521242,0.478758,BUF,0,BOS,0,1,FABRICATED_SYNTHETIC_RANDOM_SEED_42
20162017,20162017000228,2017-01-04,BOS,PHI,0.562224,0.437776,BOS,1,BOS,1,1,FABRICATED_SYNTHETIC_RANDOM_SEED_42
20162017,20162017000229,2017-01-04,COL,PIT,0.600099,0.399901,COL,0,PIT,0,1,FABRICATED_SYNTHETIC_RANDOM_SEED_42
20162017,20162017000230,2017-01-05,CAR,VGK,0.596701,0.403299,CAR,0,VGK,0,1,FABRICATED_SYNTHETIC_RANDOM_SEED_42
20162017,20162017000231,2017-01-05,CBJ,PIT,0.598292,0.401708,CBJ,1,CBJ,1,1,FABRICATED_SYNTHETIC_RANDOM_SEED_42
20162017,20162017000232,2017-01-05,VGK,WSH,0.464605,0.535395,WSH,1,VGK,0,1,FABRICATED_SYNTHETIC_RANDOM_SEED_42
20162017,20162017000233,2017-01-06,PHI,DAL,0.631379,0.368621,PHI,0,DAL,0,1,FABRICATED_SYNTHETIC_RANDOM_SEED_42
20162017,20162017000234,2017-01-06,SJS,WPG,0.588377,0.411623,SJS,0,WPG,0,1,FABRICATED_SYNTHETIC_RANDOM_SEED_42
20162017,20162017000235,2017-01-07,TOR,FLA,0.503162,0.496838,TOR,1,TOR,1,1,FABRICATED_SYNTHETIC_RANDOM_SEED_42
20162017,20162017000236,2017-01-07,BUF,COL,0.521073,0.478927,BUF,1,BUF,1,1,FABRICATED_SYNTHETIC_RANDOM_SEED_42
20162017,20162017000237,2017-01-08,SJS,COL,0.524763,0.475237,SJS,1,SJS,1,1,FABRICATED_SYNTHETIC_RANDOM_SEED_42
20162017,20162017000238,2017-01-08,BOS,TOR,0.537534,0.462466,BOS,1,BOS,1,1,FABRICATED_SYNTHETIC_RANDOM_SEED_42
20162017,20162017000239,2017-01-08,FLA,OTT,0.514092,0.485908,FLA,0,OTT,0,1,FABRICATED_SYNTHETIC_RANDOM_SEED_42
20162017,20162017000240,2017-01-09,OTT,PHI,0.583681,0.416319,OTT,1,OTT,1,1,FABRICATED_SYNTHETIC_RANDOM_SEED_42
20162017,20162017000241,2017-01-09,OTT,VAN,0.524832,0.475168,OTT,1,OTT,1,1,FABRICATED_SYNTHETIC_RANDOM_SEED_42
20162017,20162017000242,2017-01-10,WSH,COL,0.57549,0.42451,WSH,0,COL,0,1,FABRICATED_SYNTHETIC_RANDOM_SEED_42
20162017,20162017000243,2017-01-10,VGK,BOS,0.527266,0.472734,VGK,0,BOS,0,1,FABRICATED_SYNTHETIC_RANDOM_SEED_42
20162017,20162017000244,2017-01-10,ARI,NJD,0.477219,0.522781,NJD,1,ARI,0,1,FABRICATED_SYNTHETIC_RANDOM_SEED_42
20162017,20162017000245,2017-01-11,LAK,DET,0.53685,0.46315,LAK,0,DET,0,1,FABRICATED_SYNTHETIC_RANDOM_SEED_42
20162017,20162017000246,2017-01-11,DAL,WSH,0.449567,0.550433,WSH,0,WSH,1,1,FABRICATED_SYNTHETIC_RANDOM_SEED_42
20162017,20162017000247,2017-01-12,ARI,LAK,0.475678,0.524322,LAK,1,ARI,0,1,FABRICATED_SYNTHETIC_RANDOM_SEED_42
20162017,20162017000248,2017-01-12,FLA,VGK,0.602993,0.397007,FLA,1,FLA,1,1,FABRICATED_SYNTHETIC_RANDOM_SEED_42
20162017,20162017000249,2017-01-13,NYR,ANA,0.497212,0.502788,ANA,0,ANA,1,1,FABRICATED_SYNTHETIC_RANDOM_SEED_42
20162017,20162017000250,2017-01-13,BOS,PIT,0.567167,0.432833,BOS,1,BOS,1,1,FABRICATED_SYNTHETIC_RANDOM_SEED_42
20162017,20162017000251,2017-01-13,OTT,NYR,0.539999,0.460001,OTT,0,NYR,0,1,FABRICATED_SYNTHETIC_RANDOM_SEED_42
20162017,20162017000252,2017-01-14,CHI,CAR,0.516738,0.483262,CHI,0,CAR,0,1,FABRICATED_SYNTHETIC_RANDOM_SEED_42
20162017,20162017000253,2017-01-14,CHI,MIN,0.584457,0.415543,CHI,1,CHI,1,1,FABRICATED_SYNTHETIC_RANDOM_SEED_42
20162017,20162017000254,2017-01-15,LAK,EDM,0.601236,0.398764,LAK,1,LAK,1,1,FABRICATED_SYNTHETIC_RANDOM_SEED_42
20162017,20162017000255,2017-01-15,CHI,SJS,0.458555,0.541445,SJS,1,CHI,0,1,FABRICATED_SYNTHETIC_RANDOM_SEED_42
20162017,20162017000256,2017-01-15,DAL,NYI,0.523799,0.476201,DAL,0,NYI,0,1,FABRICATED_SYNTHETIC_RANDOM_SEED_42
20162017,20162017000257,2017-01-16,LAK,DAL,0.562993,0.437007,LAK,1,LAK,1,1,FABRICATED_SYNTHETIC_RANDOM_SEED_42
20162017,20162017000258,2017-01-16,NYR,VGK,0.530751,0.469249,NYR,0,VGK,0,1,FABRICATED_SYNTHETIC_RANDOM_SEED_42
20162017,20162017000259,2017-01-17,BOS,NJD,0.585436,0.414564,BOS,1,BOS,1,1,FABRICATED_SYNTHETIC_RANDOM_SEED_42
20162017,20162017000260,2017-01-17,OTT,ANA,0.613823,0.386177,OTT,0,ANA,0,1,FABRICATED_SYNTHETIC_RANDOM_SEED_42
20162017,20162017000261,2017-01-18,DET,TOR,0.549236,0.450764,DET,1,DET,1,1,FABRICATED_SYNTHETIC_RANDOM_SEED_42
20162017,20162017000262,2017-01-18,LAK,WPG,0.516512,0.483488,LAK,1,LAK,1,1,FABRICATED_SYNTHETIC_RANDOM_SEED_42
20162017,20162017000263,2017-01-18,NJD,CAR,0.542001,0.457999,NJD,0,CAR,0,1,FABRICATED_SYNTHETIC_RANDOM_SEED_42
20162017,20162017000264,2017-01-19,EDM,BOS,0.436816,0.563184,BOS,0,BOS,1,1,FABRICATED_SYNTHETIC_RANDOM_SEED_42
20162017,20162017000265,2017-01-19,NYI,CHI,0.462246,0.537754,CHI,1,NYI,0,1,FABRICATED_SYNTHETIC_RANDOM_SEED_42
20162017,20162017000266,2017-01-20,VAN,ARI,0.584695,0.415305,VAN,1,VAN,1,1,FABRICATED_SYNTHETIC_RANDOM_SEED_42
20162017,20162017000267,2017-01-20,EDM,WSH,0.545146,0.454854,EDM,1,EDM,1,1,FABRICATED_SYNTHETIC_RANDOM_SEED_42
20162017,20162017000268,2017-01-21,VAN,NJD,0.532761,0.467239,VAN,0,NJD,0,1,FABRICATED_SYNTHETIC_RANDOM_SEED_42
20162017,20162017000269,2017-01-21,PHI,TBL,0.51626,0.48374,PHI,1,PHI,1,1,FABRICATED_SYNTHETIC_RANDOM_SEED_42
20162017,20162017000270,2017-01-21,CGY,DET,0.564507,0.435493,CGY,1,CGY,1,1,FABRICATED_SYNTHETIC_RANDOM_SEED_42
20162017,20162017000271,2017-01-22,VGK,CGY,0.513073,0.486927,VGK,1,VGK,1,1,FABRICATED_SYNTHETIC_RANDOM_SEED_42
20162017,20162017000272,2017-01-22,LAK,VAN,0.492297,0.507703,VAN,1,LAK,0,1,FABRICATED_SYNTHETIC_RANDOM_SEED_42
20162017,20162017000273,2017-01-23,OTT,VGK,0.582175,0.417825,OTT,0,VGK,0,1,FABRICATED_SYNTHETIC_RANDOM_SEED_42
20162017,20162017000274,2017-01-23,MTL,CGY,0.554014,0.445986,MTL,0,CGY,0,1,FABRICATED_SYNTHETIC_RANDOM_SEED_42
20162017,20162017000275,2017-01-23,SJS,CAR,0.43989,0.56011,CAR,1,SJS,0,1,FABRICATED_SYNTHETIC_RANDOM_SEED_42
20162017,20162017000276,2017-01-24,PIT,NYI,0.59568,0.40432,PIT,1,PIT,1,1,FABRICATED_SYNTHETIC_RANDOM_SEED_42
20162017,20162017000277,2017-01-24,PIT,MIN,0.517485,0.482515,PIT,0,MIN,0,1,FABRICATED_SYNTHETIC_RANDOM_SEED_42
20162017,20162017000278,2017-01-25,CBJ,DAL,0.60189,0.39811,CBJ,0,DAL,0,1,FABRICATED_SYNTHETIC_RANDOM_SEED_42
20162017,20162017000279,2017-01-25,BUF,OTT,0.516599,0.483401,BUF,1,BUF,1,1,FABRICATED_SYNTHETIC_RANDOM_SEED_42
20162017,20162017000280,2017-01-26,ARI,BUF,0.451658,0.548342,BUF,0,BUF,1,1,FABRICATED_SYNTHETIC_RANDOM_SEED_42
20162017,20162017000281,2017-01-26,CBJ,COL,0.561474,0.438526,CBJ,1,CBJ,1,1,FABRICATED_SYNTHETIC_RANDOM_SEED_42
20162017,20162017000282,2017-01-26,WSH,MTL,0.571239,0.428761,WSH,1,WSH,1,1,FABRICATED_SYNTHETIC_RANDOM_SEED_42
20162017,20162017000283,2017-01-27,NYR,LAK,0.557936,0.442064,NYR,1,NYR,1,1,FABRICATED_SYNTHETIC_RANDOM_SEED_42
20162017,20162017000284,2017-01-27,CBJ,NJD,0.475444,0.524556,NJD,1,CBJ,0,1,FABRICATED_SYNTHETIC_RANDOM_SEED_42
20162017,20162017000285,2017-01-28,WPG,PIT,0.507567,0.492433,WPG,1,WPG,1,1,FABRICATED_SYNTHETIC_RANDOM_SEED_42
20162017,20162017000286,2017-01-28,NYR,TOR,0.521261,0.478739,NYR,0,TOR,0,1,FABRICATED_SYNTHETIC_RANDOM_SEED_42
20162017,20162017000287,2017-01-28,DAL,CBJ,0.528014,0.471986,DAL,1,DAL,1,1,FABRICATED_SYNTHETIC_RANDOM_SEED_42
20162017,20162017000288,2017-01-29,SJS,VGK,0.556093,0.443907,SJS,1,SJS,1,1,FABRICATED_SYNTHETIC_RANDOM_SEED_42
20162017,20162017000289,2017-01-29,COL,CGY,0.573668,0.426332,COL,1,COL,1,1,FABRICATED_SYNTHETIC_RANDOM_SEED_42
20162017,20162017000290,2017-01-30,WSH,NJD,0.524201,0.475799,WSH,0,NJD,0,1,FABRICATED_SYNTHETIC_RANDOM_SEED_42
20162017,20162017000291,2017-01-30,PHI,CGY,0.518624,0.481376,PHI,1,PHI,1,1,FABRICATED_SYNTHETIC_RANDOM_SEED_42
20162017,20162017000292,2017-01-31,CGY,WPG,0.537431,0.462569,CGY,0,WPG,0,1,FABRICATED_SYNTHETIC_RANDOM_SEED_42
20162017,20162017000293,2017-01-31,DAL,EDM,0.562747,0.437253,DAL,0,EDM,0,1,FABRICATED_SYNTHETIC_RANDOM_SEED_42
20162017,20162017000294,2017-01-31,ARI,MTL,0.498011,0.501989,MTL,0,MTL,1,1,FABRICATED_SYNTHETIC_RANDOM_SEED_42
20162017,20162017000295,2017-02-01,SJS,TBL,0.49804,0.50196,TBL,1,SJS,0,1,FABRICATED_SYNTHETIC_RANDOM_SEED_42
20162017,20162017000296,2017-02-01,TOR,PIT,0.529249,0.470751,TOR,1,TOR,1,1,FABRICATED_SYNTHETIC_RANDOM_SEED_42
20162017,20162017000297,2017-02-02,CHI,NJD,0.525672,0.474328,CHI,1,CHI,1,1,FABRICATED_SYNTHETIC_RANDOM_SEED_42
20162017,20162017000298,2017-02-02,BUF,CBJ,0.448566,0.551434,CBJ,1,BUF,0,1,FABRICATED_SYNTHETIC_RANDOM_SEED_42
20162017,20162017000299,2017-02-03,COL,EDM,0.484401,0.515599,EDM,0,EDM,1,1,FABRICATED_SYNTHETIC_RANDOM_SEED_42
20162017,20162017000300,2017-02-03,CGY,NYR,0.480504,0.519496,NYR,0,NYR,1,1,FABRICATED_SYNTHETIC_RANDOM_SEED_42
20162017,20162017000301,2017-02-03,EDM,BUF,0.60195,0.39805,EDM,1,EDM,1,1,FABRICATED_SYNTHETIC_RANDOM_SEED_42
20162017,20162017000302,2017-02-04,NYR,COL,0.548685,0.451315,NYR,1,NYR,1,1,FABRICATED_SYNTHETIC_RANDOM_SEED_42
20162017,20162017000303,2017-02-04,NJD,CGY,0.511184,0.488816,NJD,1,NJD,1,1,FABRICATED_SYNTHETIC_RANDOM_SEED_42
20162017,20162017000304,2017-02-05,CHI,DAL,0.478014,0.521986,DAL,0,DAL,1,1,FABRICATED_SYNTHETIC_RANDOM_SEED_42
20162017,20162017000305,2017-02-05,VAN,DET,0.600883,0.399117,VAN,0,DET,0,1,FABRICATED_SYNTHETIC_RANDOM_SEED_42
20162017,20162017000306,2017-02-05,ARI,SJS,0.474751,0.525249,SJS,0,SJS,1,1,FABRICATED_SYNTHETIC_RANDOM_SEED_42
20162017,20162017000307,2017-02-06,PHI,TOR,0.566582,0.433418,PHI,0,TOR,0,1,FABRICATED_SYNTHETIC_RANDOM_SEED_42
20162017,20162017000308,2017-02-06,ARI,NYR,0.467672,0.532328,NYR,1,ARI,0,1,FABRICATED_SYNTHETIC_RANDOM_SEED_42
20162017,20162017000309,2017-02-07,COL,DAL,0.540335,0.459665,COL,1,COL,1,1,FABRICATED_SYNTHETIC_RANDOM_SEED_42
20162017,20162017000310,2017-02-07,DET,TBL,0.501991,0.498009,DET,1,DET,1,1,FABRICATED_SYNTHETIC_RANDOM_SEED_42
20162017,20162017000311,2017-02-08,OTT,CAR,0.600695,0.399305,OTT,0,CAR,0,1,FABRICATED_SYNTHETIC_RANDOM_SEED_42
20162017,20162017000312,2017-02-08,NYI,DAL,0.510837,0.489163,NYI,0,DAL,0,1,FABRICATED_SYNTHETIC_RANDOM_SEED_42
20162017,20162017000313,2017-02-08,FLA,SJS,0.573547,0.426453,FLA,0,SJS,0,1,FABRICATED_SYNTHETIC_RANDOM_SEED_42
20162017,20162017000314,2017-02-09,CHI,ARI,0.585065,0.414935,CHI,1,CHI,1,1,FABRICATED_SYNTHETIC_RANDOM_SEED_42
20162017,20162017000315,2017-02-09,PIT,DAL,0.480373,0.519627,DAL,1,PIT,0,1,FABRICATED_SYNTHETIC_RANDOM_SEED_42
20162017,20162017000316,2017-02-10,BUF,CAR,0.50777,0.49223,BUF,0,CAR,0,1,FABRICATED_SYNTHETIC_RANDOM_SEED_42
20162017,20162017000317,2017-02-10,DET,FLA,0.50564,0.49436,DET,0,FLA,0,1,FABRICATED_SYNTHETIC_RANDOM_SEED_42
20162017,20162017000318,2017-02-10,PIT,WPG,0.462328,0.537672,WPG,1,PIT,0,1,FABRICATED_SYNTHETIC_RANDOM_SEED_42
20162017,20162017000319,2017-02-11,LAK,STL,0.450414,0.549586,STL,0,STL,1,1,FABRICATED_SYNTHETIC_RANDOM_SEED_42
20162017,20162017000320,2017-02-11,SJS,WSH,0.527385,0.472615,SJS,1,SJS,1,1,FABRICATED_SYNTHETIC_RANDOM_SEED_42
20162017,20162017000321,2017-02-12,OTT,BUF,0.560882,0.439118,OTT,0,BUF,0,1,FABRICATED_SYNTHETIC_RANDOM_SEED_42
20162017,20162017000322,2017-02-12,TBL,MTL,0.499632,0.500368,MTL,0,MTL,1,1,FABRICATED_SYNTHETIC_RANDOM_SEED_42
20162017,20162017000323,2017-02-13,LAK,NJD,0.440692,0.559308,NJD,1,LAK,0,1,FABRICATED_SYNTHETIC_RANDOM_SEED_42
20162017,20162017000324,2017-02-13,PHI,ANA,0.54637,0.45363,PHI,1,PHI,1,1,FABRICATED_SYNTHETIC_RANDOM_SEED_42
20162017,20162017000325,2017-02-13,FLA,PHI,0.477709,0.522291,PHI,1,FLA,0,1,FABRICATED_SYNTHETIC_RANDOM_SEED_42
20162017,20162017000326,2017-02-14,TBL,OTT,0.514148,0.485852,TBL,1,TBL,1,1,FABRICATED_SYNTHETIC_RANDOM_SEED_42
20162017,20162017000327,2017-02-14,PHI,BOS,0.522129,0.477871,PHI,0,BOS,0,1,FABRICATED_SYNTHETIC_RANDOM_SEED_42
20162017,20162017000328,2017-02-15,CBJ,TBL,0.507535,0.492465,CBJ,0,TBL,0,1,FABRICATED_SYNTHETIC_RANDOM_SEED_42
20162017,20162017000329,2017-02-15,OTT,DAL,0.573683,0.426317,OTT,1,OTT,1,1,FABRICATED_SYNTHETIC_RANDOM_SEED_42
20162017,20162017000330,2017-02-16,TOR,WSH,0.482066,0.517934,WSH,1,TOR,0,1,FABRICATED_SYNTHETIC_RANDOM_SEED_42
20162017,20162017000331,2017-02-16,BUF,ANA,0.532184,0.467816,BUF,0,ANA,0,1,FABRICATED_SYNTHETIC_RANDOM_SEED_42
20162017,20162017000332,2017-02-16,TBL,DAL,0.553203,0.446797,TBL,1,TBL,1,1,FABRICATED_SYNTHETIC_RANDOM_SEED_42
20162017,20162017000333,2017-02-17,WPG,MIN,0.544713,0.455287,WPG,1,WPG,1,1,FABRICATED_SYNTHETIC_RANDOM_SEED_42
20162017,20162017000334,2017-02-17,NYR,PIT,0.547973,0.452027,NYR,1,NYR,1,1,FABRICATED_SYNTHETIC_RANDOM_SEED_42
20162017,20162017000335,2017-02-18,CHI,CGY,0.467897,0.532103,CGY,1,CHI,0,1,FABRICATED_SYNTHETIC_RANDOM_SEED_42
20162017,20162017000336,2017-02-18,PHI,NJD,0.519185,0.480815,PHI,1,PHI,1,1,FABRICATED_SYNTHETIC_RANDOM_SEED_42
20162017,20162017000337,2017-02-18,MTL,NYI,0.498768,0.501232,NYI,1,MTL,0,1,FABRICATED_SYNTHETIC_RANDOM_SEED_42
20162017,20162017000338,2017-02-19,CAR,LAK,0.523385,0.476615,CAR,0,LAK,0,1,FABRICATED_SYNTHETIC_RANDOM_SEED_42
20162017,20162017000339,2017-02-19,WPG,CBJ,0.532224,0.467776,WPG,0,CBJ,0,1,FABRICATED_SYNTHETIC_RANDOM_SEED_42
20162017,20162017000340,2017-02-20,STL,SJS,0.604764,0.395236,STL,0,SJS,0,1,FABRICATED_SYNTHETIC_RANDOM_SEED_42
20162017,20162017000341,2017-02-20,DET,VAN,0.558096,0.441904,DET,1,DET,1,1,FABRICATED_SYNTHETIC_RANDOM_SEED_42
20162017,20162017000342,2017-02-21,CGY,PIT,0.548696,0.451304,CGY,1,CGY,1,1,FABRICATED_SYNTHETIC_RANDOM_SEED_42
20162017,20162017000343,2017-02-21,COL,OTT,0.47371,0.52629,OTT,0,OTT,1,1,FABRICATED_SYNTHETIC_RANDOM_SEED_42
20162017,20162017000344,2017-02-21,FLA,BUF,0.524636,0.475364,FLA,1,FLA,1,1,FABRICATED_SYNTHETIC_RANDOM_SEED_42
20162017,20162017000345,2017-02-22,NYI,LAK,0.527058,0.472942,NYI,0,LAK,0,1,FABRICATED_SYNTHETIC_RANDOM_SEED_42
20162017,20162017000346,2017-02-22,CBJ,TOR,0.568444,0.431556,CBJ,1,CBJ,1,1,FABRICATED_SYNTHETIC_RANDOM_SEED_42
20162017,20162017000347,2017-02-23,TBL,DET,0.548025,0.451975,TBL,1,TBL,1,1,FABRICATED_SYNTHETIC_RANDOM_SEED_42
20162017,20162017000348,2017-02-23,ANA,ARI,0.583963,0.416037,ANA,1,ANA,1,1,FABRICATED_SYNTHETIC_RANDOM_SEED_42
20162017,20162017000349,2017-02-24,ANA,DET,0.566068,0.433932,ANA,0,DET,0,1,FABRICATED_SYNTHETIC_RANDOM_SEED_42
20162017,20162017000350,2017-02-24,NYR,FLA,0.487227,0.512773,FLA,0,FLA,1,1,FABRICATED_SYNTHETIC_RANDOM_SEED_42
20162017,20162017000351,2017-02-24,ARI,PHI,0.478443,0.521557,PHI,0,PHI,1,1,FABRICATED_SYNTHETIC_RANDOM_SEED_42
20162017,20162017000352,2017-02-25,TBL,BUF,0.504658,0.495342,TBL,1,TBL,1,1,FABRICATED_SYNTHETIC_RANDOM_SEED_42
20162017,20162017000353,2017-02-25,MTL,PIT,0.56121,0.43879,MTL,1,MTL,1,1,FABRICATED_SYNTHETIC_RANDOM_SEED_42
20162017,20162017000354,2017-02-26,STL,BOS,0.546534,0.453466,STL,0,BOS,0,1,FABRICATED_SYNTHETIC_RANDOM_SEED_42
20162017,20162017000355,2017-02-26,CBJ,BOS,0.491367,0.508633,BOS,1,CBJ,0,1,FABRICATED_SYNTHETIC_RANDOM_SEED_42
20162017,20162017000356,2017-02-26,BUF,ARI,0.574071,0.425929,BUF,0,ARI,0,1,FABRICATED_SYNTHETIC_RANDOM_SEED_42
20162017,20162017000357,2017-02-27,WPG,COL,0.500455,0.499545,WPG,0,COL,0,1,FABRICATED_SYNTHETIC_RANDOM_SEED_42
20162017,20162017000358,2017-02-27,PIT,BUF,0.523495,0.476505,PIT,0,BUF,0,1,FABRICATED_SYNTHETIC_RANDOM_SEED_42
20162017,20162017000359,2017-02-28,WSH,DET,0.580213,0.419787,WSH,1,WSH,1,1,FABRICATED_SYNTHETIC_RANDOM_SEED_42
20162017,20162017000360,2017-02-28,VAN,COL,0.600462,0.399538,VAN,0,COL,0,1,FABRICATED_SYNTHETIC_RANDOM_SEED_42
20162017,20162017000361,2017-03-01,MIN,WSH,0.520202,0.479798,MIN,1,MIN,1,1,FABRICATED_SYNTHETIC_RANDOM_SEED_42
20162017,20162017000362,2017-03-01,MTL,MIN,0.528365,0.471635,MTL,1,MTL,1,1,FABRICATED_SYNTHETIC_RANDOM_SEED_42
20162017,20162017000363,2017-03-01,NYI,NJD,0.504446,0.495554,NYI,1,NYI,1,1,FABRICATED_SYNTHETIC_RANDOM_SEED_42
20162017,20162017000364,2017-03-02,OTT,PIT,0.597773,0.402227,OTT,0,PIT,0,1,FABRICATED_SYNTHETIC_RANDOM_SEED_42
20162017,20162017000365,2017-03-02,COL,LAK,0.583692,0.416308,COL,1,COL,1,1,FABRICATED_SYNTHETIC_RANDOM_SEED_42
20162017,20162017000366,2017-03-03,TBL,BOS,0.507172,0.492828,TBL,1,TBL,1,1,FABRICATED_SYNTHETIC_RANDOM_SEED_42
20162017,20162017000367,2017-03-03,NYR,CGY,0.556624,0.443376,NYR,0,CGY,0,1,FABRICATED_SYNTHETIC_RANDOM_SEED_42
20162017,20162017000368,2017-03-03,LAK,OTT,0.462552,0.537448,OTT,0,OTT,1,1,FABRICATED_SYNTHETIC_RANDOM_SEED_42
20162017,20162017000369,2017-03-04,BUF,CGY,0.59809,0.40191,BUF,1,BUF,1,1,FABRICATED_SYNTHETIC_RANDOM_SEED_42
20162017,20162017000370,2017-03-04,NYR,WPG,0.578251,0.421749,NYR,0,WPG,0,1,FABRICATED_SYNTHETIC_RANDOM_SEED_42
20162017,20162017000371,2017-03-05,WSH,NYI,0.642681,0.357319,WSH,1,WSH,1,1,FABRICATED_SYNTHETIC_RANDOM_SEED_42
20162017,20162017000372,2017-03-05,PHI,CHI,0.60123,0.39877,PHI,0,CHI,0,1,FABRICATED_SYNTHETIC_RANDOM_SEED_42
20162017,20162017000373,2017-03-06,SJS,BUF,0.559842,0.440158,SJS,1,SJS,1,1,FABRICATED_SYNTHETIC_RANDOM_SEED_42
20162017,20162017000374,2017-03-06,MTL,OTT,0.486157,0.513843,OTT,1,MTL,0,1,FABRICATED_SYNTHETIC_RANDOM_SEED_42
20162017,20162017000375,2017-03-06,VAN,BOS,0.452007,0.547993,BOS,0,BOS,1,1,FABRICATED_SYNTHETIC_RANDOM_SEED_42
20162017,20162017000376,2017-03-07,WPG,VGK,0.601342,0.398658,WPG,0,VGK,0,1,FABRICATED_SYNTHETIC_RANDOM_SEED_42
20162017,20162017000377,2017-03-07,CGY,SJS,0.498792,0.501208,SJS,1,CGY,0,1,FABRICATED_SYNTHETIC_RANDOM_SEED_42
20162017,20162017000378,2017-03-08,VAN,CBJ,0.534045,0.465955,VAN,1,VAN,1,1,FABRICATED_SYNTHETIC_RANDOM_SEED_42
20162017,20162017000379,2017-03-08,MIN,STL,0.55145,0.44855,MIN,1,MIN,1,1,FABRICATED_SYNTHETIC_RANDOM_SEED_42
20162017,20162017000380,2017-03-09,FLA,STL,0.481798,0.518202,STL,0,STL,1,1,FABRICATED_SYNTHETIC_RANDOM_SEED_42
20162017,20162017000381,2017-03-09,BUF,VGK,0.56194,0.43806,BUF,0,VGK,0,1,FABRICATED_SYNTHETIC_RANDOM_SEED_42
20162017,20162017000382,2017-03-09,NYI,ARI,0.596937,0.403063,NYI,0,ARI,0,1,FABRICATED_SYNTHETIC_RANDOM_SEED_42
20162017,20162017000383,2017-03-10,EDM,CGY,0.584648,0.415352,EDM,1,EDM,1,1,FABRICATED_SYNTHETIC_RANDOM_SEED_42
20162017,20162017000384,2017-03-10,STL,EDM,0.422295,0.577705,EDM,1,STL,0,1,FABRICATED_SYNTHETIC_RANDOM_SEED_42
20162017,20162017000385,2017-03-11,TBL,TOR,0.515746,0.484254,TBL,0,TOR,0,1,FABRICATED_SYNTHETIC_RANDOM_SEED_42
20162017,20162017000386,2017-03-11,STL,DAL,0.578583,0.421417,STL,0,DAL,0,1,FABRICATED_SYNTHETIC_RANDOM_SEED_42
20162017,20162017000387,2017-03-11,NJD,CBJ,0.526562,0.473438,NJD,0,CBJ,0,1,FABRICATED_SYNTHETIC_RANDOM_SEED_42
20162017,20162017000388,2017-03-12,COL,NJD,0.532312,0.467688,COL,1,COL,1,1,FABRICATED_SYNTHETIC_RANDOM_SEED_42
20162017,20162017000389,2017-03-12,EDM,PHI,0.528832,0.471168,EDM,0,PHI,0,1,FABRICATED_SYNTHETIC_RANDOM_SEED_42
20162017,20162017000390,2017-03-13,VAN,MTL,0.551333,0.448667,VAN,1,VAN,1,1,FABRICATED_SYNTHETIC_RANDOM_SEED_42
20162017,20162017000391,2017-03-13,FLA,NJD,0.563255,0.436745,FLA,0,NJD,0,1,FABRICATED_SYNTHETIC_RANDOM_SEED_42
20162017,20162017000392,2017-03-14,CHI,COL,0.518277,0.481723,CHI,0,COL,0,1,FABRICATED_SYNTHETIC_RANDOM_SEED_42
20162017,20162017000393,2017-03-14,CGY,CHI,0.51712,0.48288,CGY,0,CHI,0,1,FABRICATED_SYNTHETIC_RANDOM_SEED_42
20162017,20162017000394,2017-03-14,NJD,NYR,0.521828,0.478172,NJD,1,NJD,1,1,FABRICATED_SYNTHETIC_RANDOM_SEED_42
20162017,20162017000395,2017-03-15,ANA,COL,0.569129,0.430871,ANA,0,COL,0,1,FABRICATED_SYNTHETIC_RANDOM_SEED_42
20162017,20162017000396,2017-03-15,WSH,BOS,0.569327,0.430673,WSH,0,BOS,0,1,FABRICATED_SYNTHETIC_RANDOM_SEED_42
20162017,20162017000397,2017-03-16,OTT,FLA,0.54961,0.45039,OTT,1,OTT,1,1,FABRICATED_SYNTHETIC_RANDOM_SEED_42
20162017,20162017000398,2017-03-16,ARI,CGY,0.478963,0.521037,CGY,0,CGY,1,1,FABRICATED_SYNTHETIC_RANDOM_SEED_42
20162017,20162017000399,2017-03-16,TOR,DET,0.466314,0.533686,DET,1,TOR,0,1,FABRICATED_SYNTHETIC_RANDOM_SEED_42
20162017,20162017000400,2017-03-17,CBJ,NYI,0.642726,0.357274,CBJ,0,NYI,0,1,FABRICATED_SYNTHETIC_RANDOM_SEED_42
20162017,20162017000401,2017-03-17,ANA,NYI,0.572123,0.427877,ANA,1,ANA,1,1,FABRICATED_SYNTHETIC_RANDOM_SEED_42
20162017,20162017000402,2017-03-18,TOR,NJD,0.518301,0.481699,TOR,0,NJD,0,1,FABRICATED_SYNTHETIC_RANDOM_SEED_42
20162017,20162017000403,2017-03-18,WPG,DAL,0.527861,0.472139,WPG,1,WPG,1,1,FABRICATED_SYNTHETIC_RANDOM_SEED_42
20162017,20162017000404,2017-03-19,STL,MIN,0.533516,0.466484,STL,1,STL,1,1,FABRICATED_SYNTHETIC_RANDOM_SEED_42
20162017,20162017000405,2017-03-19,SJS,DET,0.51179,0.48821,SJS,0,DET,0,1,FABRICATED_SYNTHETIC_RANDOM_SEED_42
20162017,20162017000406,2017-03-19,BOS,NYR,0.529497,0.470503,BOS,1,BOS,1,1,FABRICATED_SYNTHETIC_RANDOM_SEED_42
20162017,20162017000407,2017-03-20,COL,CBJ,0.460842,0.539158,CBJ,1,COL,0,1,FABRICATED_SYNTHETIC_RANDOM_SEED_42
20162017,20162017000408,2017-03-20,STL,NJD,0.513924,0.486076,STL,1,STL,1,1,FABRICATED_SYNTHETIC_RANDOM_SEED_42
20162017,20162017000409,2017-03-21,DET,NYR,0.505901,0.494099,DET,1,DET,1,1,FABRICATED_SYNTHETIC_RANDOM_SEED_42
20162017,20162017000410,2017-03-21,MIN,BUF,0.587362,0.412638,MIN,1,MIN,1,1,FABRICATED_SYNTHETIC_RANDOM_SEED_42
20162017,20162017000411,2017-03-22,NYR,PHI,0.436077,0.563923,PHI,1,NYR,0,1,FABRICATED_SYNTHETIC_RANDOM_SEED_42
20162017,20162017000412,2017-03-22,NJD,PHI,0.528105,0.471895,NJD,1,NJD,1,1,FABRICATED_SYNTHETIC_RANDOM_SEED_42
20162017,20162017000413,2017-03-22,STL,TOR,0.489006,0.510994,TOR,1,STL,0,1,FABRICATED_SYNTHETIC_RANDOM_SEED_42
20162017,20162017000414,2017-03-23,ARI,NYI,0.47172,0.52828,NYI,0,NYI,1,1,FABRICATED_SYNTHETIC_RANDOM_SEED_42
20162017,20162017000415,2017-03-23,STL,NYR,0.517167,0.482833,STL,1,STL,1,1,FABRICATED_SYNTHETIC_RANDOM_SEED_42
20162017,20162017000416,2017-03-24,WPG,FLA,0.551714,0.448286,WPG,0,FLA,0,1,FABRICATED_SYNTHETIC_RANDOM_SEED_42
20162017,20162017000417,2017-03-24,EDM,TOR,0.562532,0.437468,EDM,1,EDM,1,1,FABRICATED_SYNTHETIC_RANDOM_SEED_42
20162017,20162017000418,2017-03-24,CAR,EDM,0.466641,0.533359,EDM,0,EDM,1,1,FABRICATED_SYNTHETIC_RANDOM_SEED_42
20162017,20162017000419,2017-03-25,LAK,TOR,0.497911,0.502089,TOR,1,LAK,0,1,FABRICATED_SYNTHETIC_RANDOM_SEED_42
20162017,20162017000420,2017-03-25,CGY,PHI,0.48769,0.51231,PHI,0,PHI,1,1,FABRICATED_SYNTHETIC_RANDOM_SEED_42
20162017,20162017000421,2017-03-26,WSH,STL,0.534935,0.465065,WSH,1,WSH,1,1,FABRICATED_SYNTHETIC_RANDOM_SEED_42
20162017,20162017000422,2017-03-26,CAR,ANA,0.527101,0.472899,CAR,1,CAR,1,1,FABRICATED_SYNTHETIC_RANDOM_SEED_42
20162017,20162017000423,2017-03-27,ARI,DET,0.496641,0.503359,DET,1,ARI,0,1,FABRICATED_SYNTHETIC_RANDOM_SEED_42
20162017,20162017000424,2017-03-27,NYR,ARI,0.572272,0.427728,NYR,0,ARI,0,1,FABRICATED_SYNTHETIC_RANDOM_SEED_42
20162017,20162017000425,2017-03-27,TBL,CAR,0.54816,0.45184,TBL,1,TBL,1,1,FABRICATED_SYNTHETIC_RANDOM_SEED_42
20162017,20162017000426,2017-03-28,NYI,NYR,0.521253,0.478747,NYI,0,NYR,0,1,FABRICATED_SYNTHETIC_RANDOM_SEED_42
20162017,20162017000427,2017-03-28,MTL,TOR,0.452773,0.547227,TOR,1,MTL,0,1,FABRICATED_SYNTHETIC_RANDOM_SEED_42
20162017,20162017000428,2017-03-29,TBL,EDM,0.51839,0.48161,TBL,0,EDM,0,1,FABRICATED_SYNTHETIC_RANDOM_SEED_42
20162017,20162017000429,2017-03-29,WSH,ANA,0.543003,0.456997,WSH,1,WSH,1,1,FABRICATED_SYNTHETIC_RANDOM_SEED_42
20162017,20162017000430,2017-03-29,WSH,TOR,0.537639,0.462361,WSH,1,WSH,1,1,FABRICATED_SYNTHETIC_RANDOM_SEED_42
20162017,20162017000431,2017-03-30,CAR,NYR,0.522993,0.477007,CAR,0,NYR,0,1,FABRICATED_SYNTHETIC_RANDOM_SEED_42
20162017,20162017000432,2017-03-30,NYI,BUF,0.548898,0.451102,NYI,0,BUF,0,1,FABRICATED_SYNTHETIC_RANDOM_SEED_42
20162017,20162017000433,2017-03-31,VAN,NYR,0.542023,0.457977,VAN,0,NYR,0,1,FABRICATED_SYNTHETIC_RANDOM_SEED_42
20162017,20162017000434,2017-03-31,PIT,TOR,0.525501,0.474499,PIT,1,PIT,1,1,FABRICATED_SYNTHETIC_RANDOM_SEED_42
20162017,20162017000435,2017-04-01,WPG,BOS,0.484547,0.515453,BOS,1,WPG,0,1,FABRICATED_SYNTHETIC_RANDOM_SEED_42
20162017,20162017000436,2017-04-01,WPG,DET,0.547771,0.452229,WPG,0,DET,0,1,FABRICATED_SYNTHETIC_RANDOM_SEED_42
20162017,20162017000437,2017-04-01,PIT,BOS,0.546166,0.453834,PIT,0,BOS,0,1,FABRICATED_SYNTHETIC_RANDOM_SEED_42
20162017,20162017000438,2017-04-02,CAR,BUF,0.567968,0.432032,CAR,0,BUF,0,1,FABRICATED_SYNTHETIC_RANDOM_SEED_42
20162017,20162017000439,2017-04-02,PIT,LAK,0.587668,0.412332,PIT,0,LAK,0,1,FABRICATED_SYNTHETIC_RANDOM_SEED_42
20162017,20162017000440,2017-04-03,NYI,CGY,0.501267,0.498733,NYI,1,NYI,1,1,FABRICATED_SYNTHETIC_RANDOM_SEED_42
20162017,20162017000441,2017-04-03,ANA,MIN,0.526675,0.473325,ANA,1,ANA,1,1,FABRICATED_SYNTHETIC_RANDOM_SEED_42
20162017,20162017000442,2017-04-04,PIT,PHI,0.494589,0.505411,PHI,0,PHI,1,1,FABRICATED_SYNTHETIC_RANDOM_SEED_42
20162017,20162017000443,2017-04-04,ANA,OTT,0.471248,0.528752,OTT,0,OTT,1,1,FABRICATED_SYNTHETIC_RANDOM_SEED_42
20162017,20162017000444,2017-04-04,COL,TOR,0.545836,0.454164,COL,0,TOR,0,1,FABRICATED_SYNTHETIC_RANDOM_SEED_42
20162017,20162017000445,2017-04-05,WPG,TOR,0.550579,0.449421,WPG,0,TOR,0,1,FABRICATED_SYNTHETIC_RANDOM_SEED_42
20162017,20162017000446,2017-04-05,NYR,OTT,0.495731,0.504269,OTT,1,NYR,0,1,FABRICATED_SYNTHETIC_RANDOM_SEED_42
20162017,20162017000447,2017-04-06,MIN,VAN,0.499939,0.500061,VAN,1,MIN,0,1,FABRICATED_SYNTHETIC_RANDOM_SEED_42
20162017,20162017000448,2017-04-06,NJD,COL,0.570384,0.429616,NJD,1,NJD,1,1,FABRICATED_SYNTHETIC_RANDOM_SEED_42
20162017,20162017000449,2017-04-06,SJS,PIT,0.552689,0.447311,SJS,1,SJS,1,1,FABRICATED_SYNTHETIC_RANDOM_SEED_42
20162017,20162017000450,2017-04-07,LAK,SJS,0.543899,0.456101,LAK,0,SJS,0,1,FABRICATED_SYNTHETIC_RANDOM_SEED_42
20162017,20162017000451,2017-04-07,OTT,DET,0.682358,0.317642,OTT,0,DET,0,1,FABRICATED_SYNTHETIC_RANDOM_SEED_42
20162017,20162017000452,2017-04-08,WPG,ARI,0.589895,0.410105,WPG,1,WPG,1,1,FABRICATED_SYNTHETIC_RANDOM_SEED_42
20162017,20162017000453,2017-04-08,NYR,CAR,0.485682,0.514318,CAR,1,NYR,0,1,FABRICATED_SYNTHETIC_RANDOM_SEED_42
20162017,20162017000454,2017-04-09,PIT,OTT,0.499408,0.500592,OTT,1,PIT,0,1,FABRICATED_SYNTHETIC_RANDOM_SEED_42
20162017,20162017000455,2017-04-09,LAK,PHI,0.489482,0.510518,PHI,0,PHI,1,1,FABRICATED_SYNTHETIC_RANDOM_SEED_42
20162017,20162017000456,2017-04-09,DET,VGK,0.423286,0.576714,VGK,1,DET,0,1,FABRICATED_SYNTHETIC_RANDOM_SEED_42
20162017,20162017000457,2017-04-10,NJD,MTL,0.547357,0.452643,NJD,0,MTL,0,1,FABRICATED_SYNTHETIC_RANDOM_SEED_42
20162017,20162017000458,2017-04-10,CHI,BOS,0.533234,0.466766,CHI,1,CHI,1,1,FABRICATED_SYNTHETIC_RANDOM_SEED_42
20162017,20162017000459,2017-04-11,MTL,DAL,0.514085,0.485915,MTL,1,MTL,1,1,FABRICATED_SYNTHETIC_RANDOM_SEED_42
20162017,20162017000460,2017-04-11,FLA,BOS,0.561959,0.438041,FLA,1,FLA,1,1,FABRICATED_SYNTHETIC_RANDOM_SEED_42
20162017,20162017000461,2017-04-11,FLA,WSH,0.570746,0.429254,FLA,1,FLA,1,1,FABRICATED_SYNTHETIC_RANDOM_SEED_42
20162017,20162017000462,2017-04-12,CAR,NJD,0.524629,0.475371,CAR,1,CAR,1,1,FABRICATED_SYNTHETIC_RANDOM_SEED_42
20162017,20162017000463,2017-04-12,NJD,DET,0.569483,0.430517,NJD,0,DET,0,1,FABRICATED_SYNTHETIC_RANDOM_SEED_42
20162017,20162017000464,2017-04-13,EDM,MIN,0.574927,0.425073,EDM,1,EDM,1,1,FABRICATED_SYNTHETIC_RANDOM_SEED_42
20162017,20162017000465,2017-04-13,PHI,OTT,0.5518,0.4482,PHI,1,PHI,1,1,FABRICATED_SYNTHETIC_RANDOM_SEED_42
20162017,20162017000466,2017-04-14,PHI,WSH,0.62756,0.37244,PHI,0,WSH,0,1,FABRICATED_SYNTHETIC_RANDOM_SEED_42
20162017,20162017000467,2017-04-14,PIT,CHI,0.512301,0.487699,PIT,1,PIT,1,1,FABRICATED_SYNTHETIC_RANDOM_SEED_42
20162017,20162017000468,2017-04-14,NYI,CAR,0.508177,0.491823,NYI,1,NYI,1,1,FABRICATED_SYNTHETIC_RANDOM_SEED_42
20172018,20172018000001,2017-10-01,MTL,SJS,0.558034,0.441966,MTL,0,SJS,0,1,FABRICATED_SYNTHETIC_RANDOM_SEED_42
20172018,20172018000002,2017-10-01,TBL,CAR,0.577351,0.422649,TBL,1,TBL,1,1,FABRICATED_SYNTHETIC_RANDOM_SEED_42
20172018,20172018000003,2017-10-01,FLA,DET,0.553848,0.446152,FLA,0,DET,0,1,FABRICATED_SYNTHETIC_RANDOM_SEED_42
20172018,20172018000004,2017-10-02,CGY,COL,0.55612,0.44388,CGY,0,COL,0,1,FABRICATED_SYNTHETIC_RANDOM_SEED_42
20172018,20172018000005,2017-10-02,BUF,CHI,0.574229,0.425771,BUF,1,BUF,1,1,FABRICATED_SYNTHETIC_RANDOM_SEED_42
20172018,20172018000006,2017-10-03,TBL,ANA,0.466281,0.533719,ANA,0,ANA,1,1,FABRICATED_SYNTHETIC_RANDOM_SEED_42
20172018,20172018000007,2017-10-03,ARI,SJS,0.627495,0.372505,ARI,1,ARI,1,1,FABRICATED_SYNTHETIC_RANDOM_SEED_42
20172018,20172018000008,2017-10-03,CGY,CAR,0.568535,0.431465,CGY,1,CGY,1,1,FABRICATED_SYNTHETIC_RANDOM_SEED_42
20172018,20172018000009,2017-10-04,ARI,CAR,0.610676,0.389324,ARI,0,CAR,0,1,FABRICATED_SYNTHETIC_RANDOM_SEED_42
20172018,20172018000010,2017-10-04,CAR,CHI,0.620688,0.379312,CAR,0,CHI,0,1,FABRICATED_SYNTHETIC_RANDOM_SEED_42
20172018,20172018000011,2017-10-05,CHI,CAR,0.622039,0.377961,CHI,0,CAR,0,1,FABRICATED_SYNTHETIC_RANDOM_SEED_42
20172018,20172018000012,2017-10-05,BOS,FLA,0.52766,0.47234,BOS,1,BOS,1,1,FABRICATED_SYNTHETIC_RANDOM_SEED_42
20172018,20172018000013,2017-10-06,CAR,TBL,0.554582,0.445418,CAR,0,TBL,0,1,FABRICATED_SYNTHETIC_RANDOM_SEED_42
20172018,20172018000014,2017-10-06,FLA,WSH,0.494152,0.505848,WSH,1,FLA,0,1,FABRICATED_SYNTHETIC_RANDOM_SEED_42
20172018,20172018000015,2017-10-06,MIN,CAR,0.542935,0.457065,MIN,1,MIN,1,1,FABRICATED_SYNTHETIC_RANDOM_SEED_42
20172018,20172018000016,2017-10-07,ARI,STL,0.617027,0.382973,ARI,1,ARI,1,1,FABRICATED_SYNTHETIC_RANDOM_SEED_42
20172018,20172018000017,2017-10-07,WSH,PIT,0.480212,0.519788,PIT,1,WSH,0,1,FABRICATED_SYNTHETIC_RANDOM_SEED_42
20172018,20172018000018,2017-10-08,VAN,NYR,0.591083,0.408917,VAN,0,NYR,0,1,FABRICATED_SYNTHETIC_RANDOM_SEED_42
20172018,20172018000019,2017-10-08,LAK,DAL,0.59988,0.40012,LAK,1,LAK,1,1,FABRICATED_SYNTHETIC_RANDOM_SEED_42
20172018,20172018000020,2017-10-08,NYR,STL,0.455815,0.544185,STL,1,NYR,0,1,FABRICATED_SYNTHETIC_RANDOM_SEED_42
20172018,20172018000021,2017-10-09,CAR,SJS,0.672958,0.327042,CAR,1,CAR,1,1,FABRICATED_SYNTHETIC_RANDOM_SEED_42
20172018,20172018000022,2017-10-09,LAK,FLA,0.606792,0.393208,LAK,0,FLA,0,1,FABRICATED_SYNTHETIC_RANDOM_SEED_42
20172018,20172018000023,2017-10-10,ARI,TBL,0.609578,0.390422,ARI,1,ARI,1,1,FABRICATED_SYNTHETIC_RANDOM_SEED_42
20172018,20172018000024,2017-10-10,FLA,CGY,0.455735,0.544265,CGY,1,FLA,0,1,FABRICATED_SYNTHETIC_RANDOM_SEED_42
20172018,20172018000025,2017-10-11,CAR,BUF,0.551515,0.448485,CAR,1,CAR,1,1,FABRICATED_SYNTHETIC_RANDOM_SEED_42
20172018,20172018000026,2017-10-11,FLA,ARI,0.527885,0.472115,FLA,0,ARI,0,1,FABRICATED_SYNTHETIC_RANDOM_SEED_42
20172018,20172018000027,2017-10-11,OTT,MTL,0.508806,0.491194,OTT,0,MTL,0,1,FABRICATED_SYNTHETIC_RANDOM_SEED_42
20172018,20172018000028,2017-10-12,STL,CGY,0.622476,0.377524,STL,0,CGY,0,1,FABRICATED_SYNTHETIC_RANDOM_SEED_42
20172018,20172018000029,2017-10-12,CAR,CGY,0.580637,0.419363,CAR,1,CAR,1,1,FABRICATED_SYNTHETIC_RANDOM_SEED_42
20172018,20172018000030,2017-10-13,CHI,WPG,0.445489,0.554511,WPG,1,CHI,0,1,FABRICATED_SYNTHETIC_RANDOM_SEED_42
20172018,20172018000031,2017-10-13,ARI,VGK,0.605734,0.394266,ARI,0,VGK,0,1,FABRICATED_SYNTHETIC_RANDOM_SEED_42
20172018,20172018000032,2017-10-14,OTT,MIN,0.549413,0.450587,OTT,1,OTT,1,1,FABRICATED_SYNTHETIC_RANDOM_SEED_42
20172018,20172018000033,2017-10-14,CBJ,BOS,0.589383,0.410617,CBJ,0,BOS,0,1,FABRICATED_SYNTHETIC_RANDOM_SEED_42
20172018,20172018000034,2017-10-14,VAN,CAR,0.718276,0.281724,VAN,0,CAR,0,1,FABRICATED_SYNTHETIC_RANDOM_SEED_42
20172018,20172018000035,2017-10-15,VGK,ANA,0.598341,0.401659,VGK,1,VGK,1,1,FABRICATED_SYNTHETIC_RANDOM_SEED_42
20172018,20172018000036,2017-10-15,VAN,EDM,0.4519,0.5481,EDM,1,VAN,0,1,FABRICATED_SYNTHETIC_RANDOM_SEED_42
20172018,20172018000037,2017-10-16,MTL,CGY,0.593638,0.406362,MTL,0,CGY,0,1,FABRICATED_SYNTHETIC_RANDOM_SEED_42
20172018,20172018000038,2017-10-16,NYR,EDM,0.406772,0.593228,EDM,0,EDM,1,1,FABRICATED_SYNTHETIC_RANDOM_SEED_42
20172018,20172018000039,2017-10-16,ANA,MIN,0.539798,0.460202,ANA,1,ANA,1,1,FABRICATED_SYNTHETIC_RANDOM_SEED_42
20172018,20172018000040,2017-10-17,DAL,DET,0.583133,0.416867,DAL,1,DAL,1,1,FABRICATED_SYNTHETIC_RANDOM_SEED_42
20172018,20172018000041,2017-10-17,PIT,CGY,0.635031,0.364969,PIT,0,CGY,0,1,FABRICATED_SYNTHETIC_RANDOM_SEED_42
20172018,20172018000042,2017-10-18,NJD,MTL,0.542929,0.457071,NJD,1,NJD,1,1,FABRICATED_SYNTHETIC_RANDOM_SEED_42
20172018,20172018000043,2017-10-18,TBL,OTT,0.40365,0.59635,OTT,1,TBL,0,1,FABRICATED_SYNTHETIC_RANDOM_SEED_42
20172018,20172018000044,2017-10-19,TBL,VGK,0.537424,0.462576,TBL,0,VGK,0,1,FABRICATED_SYNTHETIC_RANDOM_SEED_42
20172018,20172018000045,2017-10-19,TBL,CHI,0.619394,0.380606,TBL,1,TBL,1,1,FABRICATED_SYNTHETIC_RANDOM_SEED_42
20172018,20172018000046,2017-10-19,STL,ARI,0.48707,0.51293,ARI,1,STL,0,1,FABRICATED_SYNTHETIC_RANDOM_SEED_42
20172018,20172018000047,2017-10-20,TOR,NJD,0.564838,0.435162,TOR,1,TOR,1,1,FABRICATED_SYNTHETIC_RANDOM_SEED_42
20172018,20172018000048,2017-10-20,DET,BOS,0.609285,0.390715,DET,0,BOS,0,1,FABRICATED_SYNTHETIC_RANDOM_SEED_42
20172018,20172018000049,2017-10-21,CBJ,CHI,0.57282,0.42718,CBJ,1,CBJ,1,1,FABRICATED_SYNTHETIC_RANDOM_SEED_42
20172018,20172018000050,2017-10-21,NYI,OTT,0.53851,0.46149,NYI,1,NYI,1,1,FABRICATED_SYNTHETIC_RANDOM_SEED_42
20172018,20172018000051,2017-10-21,FLA,COL,0.541085,0.458915,FLA,0,COL,0,1,FABRICATED_SYNTHETIC_RANDOM_SEED_42
20172018,20172018000052,2017-10-22,LAK,CHI,0.618147,0.381853,LAK,1,LAK,1,1,FABRICATED_SYNTHETIC_RANDOM_SEED_42
20172018,20172018000053,2017-10-22,STL,BOS,0.59124,0.40876,STL,1,STL,1,1,FABRICATED_SYNTHETIC_RANDOM_SEED_42
20172018,20172018000054,2017-10-23,MTL,PHI,0.454897,0.545103,PHI,0,PHI,1,1,FABRICATED_SYNTHETIC_RANDOM_SEED_42
20172018,20172018000055,2017-10-23,DAL,CBJ,0.581101,0.418899,DAL,1,DAL,1,1,FABRICATED_SYNTHETIC_RANDOM_SEED_42
20172018,20172018000056,2017-10-24,WSH,VAN,0.565902,0.434098,WSH,1,WSH,1,1,FABRICATED_SYNTHETIC_RANDOM_SEED_42
20172018,20172018000057,2017-10-24,DET,FLA,0.57517,0.42483,DET,1,DET,1,1,FABRICATED_SYNTHETIC_RANDOM_SEED_42
20172018,20172018000058,2017-10-24,FLA,PHI,0.476467,0.523533,PHI,0,PHI,1,1,FABRICATED_SYNTHETIC_RANDOM_SEED_42
20172018,20172018000059,2017-10-25,STL,EDM,0.628753,0.371247,STL,0,EDM,0,1,FABRICATED_SYNTHETIC_RANDOM_SEED_42
20172018,20172018000060,2017-10-25,OTT,CBJ,0.599717,0.400283,OTT,0,CBJ,0,1,FABRICATED_SYNTHETIC_RANDOM_SEED_42
20172018,20172018000061,2017-10-26,WSH,BOS,0.645783,0.354217,WSH,1,WSH,1,1,FABRICATED_SYNTHETIC_RANDOM_SEED_42
20172018,20172018000062,2017-10-26,STL,CBJ,0.524017,0.475983,STL,0,CBJ,0,1,FABRICATED_SYNTHETIC_RANDOM_SEED_42
20172018,20172018000063,2017-10-27,CHI,TOR,0.537126,0.462874,CHI,1,CHI,1,1,FABRICATED_SYNTHETIC_RANDOM_SEED_42
20172018,20172018000064,2017-10-27,EDM,TBL,0.562454,0.437546,EDM,0,TBL,0,1,FABRICATED_SYNTHETIC_RANDOM_SEED_42
20172018,20172018000065,2017-10-27,LAK,COL,0.501334,0.498666,LAK,0,COL,0,1,FABRICATED_SYNTHETIC_RANDOM_SEED_42
20172018,20172018000066,2017-10-28,TOR,STL,0.510248,0.489752,TOR,1,TOR,1,1,FABRICATED_SYNTHETIC_RANDOM_SEED_42
20172018,20172018000067,2017-10-28,MIN,MTL,0.574702,0.425298,MIN,1,MIN,1,1,FABRICATED_SYNTHETIC_RANDOM_SEED_42
20172018,20172018000068,2017-10-29,PHI,BOS,0.681595,0.318405,PHI,0,BOS,0,1,FABRICATED_SYNTHETIC_RANDOM_SEED_42
20172018,20172018000069,2017-10-29,WSH,COL,0.525352,0.474648,WSH,1,WSH,1,1,FABRICATED_SYNTHETIC_RANDOM_SEED_42
20172018,20172018000070,2017-10-29,COL,ARI,0.491055,0.508945,ARI,0,ARI,1,1,FABRICATED_SYNTHETIC_RANDOM_SEED_42
20172018,20172018000071,2017-10-30,VAN,STL,0.586553,0.413447,VAN,1,VAN,1,1,FABRICATED_SYNTHETIC_RANDOM_SEED_42
20172018,20172018000072,2017-10-30,SJS,DAL,0.514448,0.485552,SJS,0,DAL,0,1,FABRICATED_SYNTHETIC_RANDOM_SEED_42
20172018,20172018000073,2017-10-31,CGY,PIT,0.360653,0.639347,PIT,0,PIT,1,1,FABRICATED_SYNTHETIC_RANDOM_SEED_42
20172018,20172018000074,2017-10-31,WSH,FLA,0.610595,0.389405,WSH,1,WSH,1,1,FABRICATED_SYNTHETIC_RANDOM_SEED_42
20172018,20172018000075,2017-11-01,MTL,FLA,0.601118,0.398882,MTL,1,MTL,1,1,FABRICATED_SYNTHETIC_RANDOM_SEED_42
20172018,20172018000076,2017-11-01,TOR,SJS,0.639943,0.360057,TOR,1,TOR,1,1,FABRICATED_SYNTHETIC_RANDOM_SEED_42
20172018,20172018000077,2017-11-01,WPG,DET,0.538022,0.461978,WPG,1,WPG,1,1,FABRICATED_SYNTHETIC_RANDOM_SEED_42
20172018,20172018000078,2017-11-02,CHI,NYI,0.522462,0.477538,CHI,1,CHI,1,1,FABRICATED_SYNTHETIC_RANDOM_SEED_42
20172018,20172018000079,2017-11-02,CAR,DET,0.491106,0.508894,DET,0,DET,1,1,FABRICATED_SYNTHETIC_RANDOM_SEED_42
20172018,20172018000080,2017-11-03,CGY,STL,0.480261,0.519739,STL,1,CGY,0,1,FABRICATED_SYNTHETIC_RANDOM_SEED_42
20172018,20172018000081,2017-11-03,BUF,CBJ,0.586237,0.413763,BUF,1,BUF,1,1,FABRICATED_SYNTHETIC_RANDOM_SEED_42
20172018,20172018000082,2017-11-03,WSH,BUF,0.438135,0.561865,BUF,1,WSH,0,1,FABRICATED_SYNTHETIC_RANDOM_SEED_42
20172018,20172018000083,2017-11-04,NJD,PIT,0.521686,0.478314,NJD,1,NJD,1,1,FABRICATED_SYNTHETIC_RANDOM_SEED_42
20172018,20172018000084,2017-11-04,EDM,PHI,0.580244,0.419756,EDM,0,PHI,0,1,FABRICATED_SYNTHETIC_RANDOM_SEED_42
20172018,20172018000085,2017-11-05,BUF,DAL,0.512306,0.487694,BUF,0,DAL,0,1,FABRICATED_SYNTHETIC_RANDOM_SEED_42
20172018,20172018000086,2017-11-05,EDM,TOR,0.568974,0.431026,EDM,1,EDM,1,1,FABRICATED_SYNTHETIC_RANDOM_SEED_42
20172018,20172018000087,2017-11-06,VAN,NYI,0.500153,0.499847,VAN,0,NYI,0,1,FABRICATED_SYNTHETIC_RANDOM_SEED_42
20172018,20172018000088,2017-11-06,ANA,CHI,0.581719,0.418281,ANA,1,ANA,1,1,FABRICATED_SYNTHETIC_RANDOM_SEED_42
20172018,20172018000089,2017-11-06,NYI,CBJ,0.64193,0.35807,NYI,0,CBJ,0,1,FABRICATED_SYNTHETIC_RANDOM_SEED_42
20172018,20172018000090,2017-11-07,BOS,CBJ,0.534013,0.465987,BOS,0,CBJ,0,1,FABRICATED_SYNTHETIC_RANDOM_SEED_42
20172018,20172018000091,2017-11-07,NYI,NJD,0.549384,0.450616,NYI,0,NJD,0,1,FABRICATED_SYNTHETIC_RANDOM_SEED_42
20172018,20172018000092,2017-11-08,LAK,CGY,0.598803,0.401197,LAK,1,LAK,1,1,FABRICATED_SYNTHETIC_RANDOM_SEED_42
20172018,20172018000093,2017-11-08,WSH,NYR,0.594735,0.405265,WSH,1,WSH,1,1,FABRICATED_SYNTHETIC_RANDOM_SEED_42
20172018,20172018000094,2017-11-09,PIT,LAK,0.568827,0.431173,PIT,1,PIT,1,1,FABRICATED_SYNTHETIC_RANDOM_SEED_42
20172018,20172018000095,2017-11-09,DET,EDM,0.585278,0.414722,DET,0,EDM,0,1,FABRICATED_SYNTHETIC_RANDOM_SEED_42
20172018,20172018000096,2017-11-09,PHI,CAR,0.538602,0.461398,PHI,0,CAR,0,1,FABRICATED_SYNTHETIC_RANDOM_SEED_42
20172018,20172018000097,2017-11-10,BUF,CAR,0.519353,0.480647,BUF,0,CAR,0,1,FABRICATED_SYNTHETIC_RANDOM_SEED_42
20172018,20172018000098,2017-11-10,CGY,NYI,0.531317,0.468683,CGY,1,CGY,1,1,FABRICATED_SYNTHETIC_RANDOM_SEED_42
20172018,20172018000099,2017-11-11,BUF,CGY,0.567675,0.432325,BUF,1,BUF,1,1,FABRICATED_SYNTHETIC_RANDOM_SEED_42
20172018,20172018000100,2017-11-11,SJS,STL,0.531644,0.468356,SJS,1,SJS,1,1,FABRICATED_SYNTHETIC_RANDOM_SEED_42
20172018,20172018000101,2017-11-11,TOR,DET,0.511301,0.488699,TOR,1,TOR,1,1,FABRICATED_SYNTHETIC_RANDOM_SEED_42
20172018,20172018000102,2017-11-12,DET,COL,0.52391,0.47609,DET,1,DET,1,1,FABRICATED_SYNTHETIC_RANDOM_SEED_42
20172018,20172018000103,2017-11-12,VGK,COL,0.487653,0.512347,COL,1,VGK,0,1,FABRICATED_SYNTHETIC_RANDOM_SEED_42
20172018,20172018000104,2017-11-13,PIT,BOS,0.60216,0.39784,PIT,1,PIT,1,1,FABRICATED_SYNTHETIC_RANDOM_SEED_42
20172018,20172018000105,2017-11-13,TBL,WPG,0.556215,0.443785,TBL,0,WPG,0,1,FABRICATED_SYNTHETIC_RANDOM_SEED_42
20172018,20172018000106,2017-11-14,VAN,FLA,0.565861,0.434139,VAN,0,FLA,0,1,FABRICATED_SYNTHETIC_RANDOM_SEED_42
20172018,20172018000107,2017-11-14,STL,PHI,0.614716,0.385284,STL,0,PHI,0,1,FABRICATED_SYNTHETIC_RANDOM_SEED_42
20172018,20172018000108,2017-11-14,MTL,NYR,0.626743,0.373257,MTL,1,MTL,1,1,FABRICATED_SYNTHETIC_RANDOM_SEED_42
20172018,20172018000109,2017-11-15,OTT,EDM,0.5421,0.4579,OTT,0,EDM,0,1,FABRICATED_SYNTHETIC_RANDOM_SEED_42
20172018,20172018000110,2017-11-15,NYI,COL,0.539195,0.460805,NYI,0,COL,0,1,FABRICATED_SYNTHETIC_RANDOM_SEED_42
20172018,20172018000111,2017-11-16,CAR,MIN,0.564313,0.435687,CAR,1,CAR,1,1,FABRICATED_SYNTHETIC_RANDOM_SEED_42
20172018,20172018000112,2017-11-16,DAL,CHI,0.543079,0.456921,DAL,1,DAL,1,1,FABRICATED_SYNTHETIC_RANDOM_SEED_42
20172018,20172018000113,2017-11-16,BUF,VAN,0.525794,0.474206,BUF,1,BUF,1,1,FABRICATED_SYNTHETIC_RANDOM_SEED_42
20172018,20172018000114,2017-11-17,COL,VAN,0.587775,0.412225,COL,0,VAN,0,1,FABRICATED_SYNTHETIC_RANDOM_SEED_42
20172018,20172018000115,2017-11-17,DET,STL,0.584343,0.415657,DET,0,STL,0,1,FABRICATED_SYNTHETIC_RANDOM_SEED_42
20172018,20172018000116,2017-11-18,WPG,DAL,0.556862,0.443138,WPG,1,WPG,1,1,FABRICATED_SYNTHETIC_RANDOM_SEED_42
20172018,20172018000117,2017-11-18,MTL,WSH,0.543248,0.456752,MTL,1,MTL,1,1,FABRICATED_SYNTHETIC_RANDOM_SEED_42
20172018,20172018000118,2017-11-19,ANA,VGK,0.620457,0.379543,ANA,1,ANA,1,1,FABRICATED_SYNTHETIC_RANDOM_SEED_42
20172018,20172018000119,2017-11-19,CHI,NYR,0.631434,0.368566,CHI,0,NYR,0,1,FABRICATED_SYNTHETIC_RANDOM_SEED_42
20172018,20172018000120,2017-11-19,OTT,BOS,0.537794,0.462206,OTT,1,OTT,1,1,FABRICATED_SYNTHETIC_RANDOM_SEED_42
20172018,20172018000121,2017-11-20,COL,DET,0.561156,0.438844,COL,1,COL,1,1,FABRICATED_SYNTHETIC_RANDOM_SEED_42
20172018,20172018000122,2017-11-20,VAN,CHI,0.581911,0.418089,VAN,1,VAN,1,1,FABRICATED_SYNTHETIC_RANDOM_SEED_42
20172018,20172018000123,2017-11-21,PHI,DAL,0.555215,0.444785,PHI,1,PHI,1,1,FABRICATED_SYNTHETIC_RANDOM_SEED_42
20172018,20172018000124,2017-11-21,SJS,CHI,0.517411,0.482589,SJS,0,CHI,0,1,FABRICATED_SYNTHETIC_RANDOM_SEED_42
20172018,20172018000125,2017-11-22,NJD,WSH,0.535369,0.464631,NJD,0,WSH,0,1,FABRICATED_SYNTHETIC_RANDOM_SEED_42
20172018,20172018000126,2017-11-22,ANA,PIT,0.559389,0.440611,ANA,0,PIT,0,1,FABRICATED_SYNTHETIC_RANDOM_SEED_42
20172018,20172018000127,2017-11-22,FLA,DAL,0.584837,0.415163,FLA,0,DAL,0,1,FABRICATED_SYNTHETIC_RANDOM_SEED_42
20172018,20172018000128,2017-11-23,ARI,MTL,0.643354,0.356646,ARI,1,ARI,1,1,FABRICATED_SYNTHETIC_RANDOM_SEED_42
20172018,20172018000129,2017-11-23,SJS,MIN,0.504816,0.495184,SJS,0,MIN,0,1,FABRICATED_SYNTHETIC_RANDOM_SEED_42
20172018,20172018000130,2017-11-24,DAL,CAR,0.527871,0.472129,DAL,0,CAR,0,1,FABRICATED_SYNTHETIC_RANDOM_SEED_42
20172018,20172018000131,2017-11-24,STL,TOR,0.570074,0.429926,STL,1,STL,1,1,FABRICATED_SYNTHETIC_RANDOM_SEED_42
20172018,20172018000132,2017-11-24,STL,TBL,0.5718,0.4282,STL,1,STL,1,1,FABRICATED_SYNTHETIC_RANDOM_SEED_42
20172018,20172018000133,2017-11-25,LAK,TOR,0.575834,0.424166,LAK,0,TOR,0,1,FABRICATED_SYNTHETIC_RANDOM_SEED_42
20172018,20172018000134,2017-11-25,NYR,VGK,0.518978,0.481022,NYR,0,VGK,0,1,FABRICATED_SYNTHETIC_RANDOM_SEED_42
20172018,20172018000135,2017-11-26,TBL,TOR,0.615719,0.384281,TBL,1,TBL,1,1,FABRICATED_SYNTHETIC_RANDOM_SEED_42
20172018,20172018000136,2017-11-26,BOS,EDM,0.566613,0.433387,BOS,0,EDM,0,1,FABRICATED_SYNTHETIC_RANDOM_SEED_42
20172018,20172018000137,2017-11-27,TOR,NYR,0.620605,0.379395,TOR,1,TOR,1,1,FABRICATED_SYNTHETIC_RANDOM_SEED_42
20172018,20172018000138,2017-11-27,DET,OTT,0.571766,0.428234,DET,0,OTT,0,1,FABRICATED_SYNTHETIC_RANDOM_SEED_42
20172018,20172018000139,2017-11-27,VAN,WSH,0.55793,0.44207,VAN,0,WSH,0,1,FABRICATED_SYNTHETIC_RANDOM_SEED_42
20172018,20172018000140,2017-11-28,NJD,DET,0.580664,0.419336,NJD,0,DET,0,1,FABRICATED_SYNTHETIC_RANDOM_SEED_42
20172018,20172018000141,2017-11-28,OTT,NJD,0.555492,0.444508,OTT,1,OTT,1,1,FABRICATED_SYNTHETIC_RANDOM_SEED_42
20172018,20172018000142,2017-11-29,WPG,CHI,0.594395,0.405605,WPG,1,WPG,1,1,FABRICATED_SYNTHETIC_RANDOM_SEED_42
20172018,20172018000143,2017-11-29,CGY,CHI,0.560422,0.439578,CGY,1,CGY,1,1,FABRICATED_SYNTHETIC_RANDOM_SEED_42
20172018,20172018000144,2017-11-29,MIN,BOS,0.543814,0.456186,MIN,0,BOS,0,1,FABRICATED_SYNTHETIC_RANDOM_SEED_42
20172018,20172018000145,2017-11-30,WPG,MIN,0.586669,0.413331,WPG,1,WPG,1,1,FABRICATED_SYNTHETIC_RANDOM_SEED_42
20172018,20172018000146,2017-11-30,CBJ,ANA,0.555283,0.444717,CBJ,1,CBJ,1,1,FABRICATED_SYNTHETIC_RANDOM_SEED_42
20172018,20172018000147,2017-12-01,CGY,MIN,0.564179,0.435821,CGY,1,CGY,1,1,FABRICATED_SYNTHETIC_RANDOM_SEED_42
20172018,20172018000148,2017-12-01,CAR,STL,0.592832,0.407168,CAR,0,STL,0,1,FABRICATED_SYNTHETIC_RANDOM_SEED_42
20172018,20172018000149,2017-12-02,CAR,FLA,0.568791,0.431209,CAR,0,FLA,0,1,FABRICATED_SYNTHETIC_RANDOM_SEED_42
20172018,20172018000150,2017-12-02,DAL,TOR,0.562918,0.437082,DAL,1,DAL,1,1,FABRICATED_SYNTHETIC_RANDOM_SEED_42
20172018,20172018000151,2017-12-02,BOS,DAL,0.6008,0.3992,BOS,0,DAL,0,1,FABRICATED_SYNTHETIC_RANDOM_SEED_42
20172018,20172018000152,2017-12-03,TOR,BUF,0.678906,0.321094,TOR,0,BUF,0,1,FABRICATED_SYNTHETIC_RANDOM_SEED_42
20172018,20172018000153,2017-12-03,BOS,COL,0.598765,0.401235,BOS,1,BOS,1,1,FABRICATED_SYNTHETIC_RANDOM_SEED_42
20172018,20172018000154,2017-12-04,STL,COL,0.597566,0.402434,STL,0,COL,0,1,FABRICATED_SYNTHETIC_RANDOM_SEED_42
20172018,20172018000155,2017-12-04,TOR,ARI,0.51594,0.48406,TOR,0,ARI,0,1,FABRICATED_SYNTHETIC_RANDOM_SEED_42
20172018,20172018000156,2017-12-05,DAL,WPG,0.530824,0.469176,DAL,1,DAL,1,1,FABRICATED_SYNTHETIC_RANDOM_SEED_42
20172018,20172018000157,2017-12-05,CAR,PIT,0.517633,0.482367,CAR,1,CAR,1,1,FABRICATED_SYNTHETIC_RANDOM_SEED_42
20172018,20172018000158,2017-12-05,DET,NYR,0.626464,0.373536,DET,1,DET,1,1,FABRICATED_SYNTHETIC_RANDOM_SEED_42
20172018,20172018000159,2017-12-06,BUF,NYI,0.538536,0.461464,BUF,1,BUF,1,1,FABRICATED_SYNTHETIC_RANDOM_SEED_42
20172018,20172018000160,2017-12-06,WSH,ANA,0.593215,0.406785,WSH,1,WSH,1,1,FABRICATED_SYNTHETIC_RANDOM_SEED_42
20172018,20172018000161,2017-12-07,OTT,BUF,0.579829,0.420171,OTT,0,BUF,0,1,FABRICATED_SYNTHETIC_RANDOM_SEED_42
20172018,20172018000162,2017-12-07,VAN,COL,0.581355,0.418645,VAN,1,VAN,1,1,FABRICATED_SYNTHETIC_RANDOM_SEED_42
20172018,20172018000163,2017-12-07,PHI,NJD,0.543063,0.456937,PHI,0,NJD,0,1,FABRICATED_SYNTHETIC_RANDOM_SEED_42
20172018,20172018000164,2017-12-08,DAL,PHI,0.557206,0.442794,DAL,0,PHI,0,1,FABRICATED_SYNTHETIC_RANDOM_SEED_42
20172018,20172018000165,2017-12-08,BOS,ANA,0.55073,0.44927,BOS,1,BOS,1,1,FABRICATED_SYNTHETIC_RANDOM_SEED_42
20172018,20172018000166,2017-12-09,WPG,CGY,0.57404,0.42596,WPG,0,CGY,0,1,FABRICATED_SYNTHETIC_RANDOM_SEED_42
20172018,20172018000167,2017-12-09,LAK,VAN,0.553133,0.446867,LAK,0,VAN,0,1,FABRICATED_SYNTHETIC_RANDOM_SEED_42
20172018,20172018000168,2017-12-10,PIT,COL,0.619667,0.380333,PIT,1,PIT,1,1,FABRICATED_SYNTHETIC_RANDOM_SEED_42
20172018,20172018000169,2017-12-10,CBJ,COL,0.610209,0.389791,CBJ,0,COL,0,1,FABRICATED_SYNTHETIC_RANDOM_SEED_42
20172018,20172018000170,2017-12-10,CGY,CBJ,0.507037,0.492963,CGY,1,CGY,1,1,FABRICATED_SYNTHETIC_RANDOM_SEED_42
20172018,20172018000171,2017-12-11,TOR,WSH,0.619532,0.380468,TOR,0,WSH,0,1,FABRICATED_SYNTHETIC_RANDOM_SEED_42
20172018,20172018000172,2017-12-11,WSH,TBL,0.519095,0.480905,WSH,0,TBL,0,1,FABRICATED_SYNTHETIC_RANDOM_SEED_42
20172018,20172018000173,2017-12-12,LAK,BOS,0.47322,0.52678,BOS,1,LAK,0,1,FABRICATED_SYNTHETIC_RANDOM_SEED_42
20172018,20172018000174,2017-12-12,MTL,TOR,0.595734,0.404266,MTL,1,MTL,1,1,FABRICATED_SYNTHETIC_RANDOM_SEED_42
20172018,20172018000175,2017-12-13,ARI,EDM,0.617711,0.382289,ARI,1,ARI,1,1,FABRICATED_SYNTHETIC_RANDOM_SEED_42
20172018,20172018000176,2017-12-13,VAN,MIN,0.537781,0.462219,VAN,1,VAN,1,1,FABRICATED_SYNTHETIC_RANDOM_SEED_42
20172018,20172018000177,2017-12-13,SJS,COL,0.595579,0.404421,SJS,0,COL,0,1,FABRICATED_SYNTHETIC_RANDOM_SEED_42
20172018,20172018000178,2017-12-14,NJD,BOS,0.508637,0.491363,NJD,0,BOS,0,1,FABRICATED_SYNTHETIC_RANDOM_SEED_42
20172018,20172018000179,2017-12-14,FLA,BUF,0.5902,0.4098,FLA,1,FLA,1,1,FABRICATED_SYNTHETIC_RANDOM_SEED_42
20172018,20172018000180,2017-12-15,BOS,TBL,0.590388,0.409612,BOS,1,BOS,1,1,FABRICATED_SYNTHETIC_RANDOM_SEED_42
20172018,20172018000181,2017-12-15,SJS,VAN,0.541194,0.458806,SJS,0,VAN,0,1,FABRICATED_SYNTHETIC_RANDOM_SEED_42
20172018,20172018000182,2017-12-15,CGY,NJD,0.566064,0.433936,CGY,1,CGY,1,1,FABRICATED_SYNTHETIC_RANDOM_SEED_42
20172018,20172018000183,2017-12-16,MIN,CGY,0.567036,0.432964,MIN,0,CGY,0,1,FABRICATED_SYNTHETIC_RANDOM_SEED_42
20172018,20172018000184,2017-12-16,EDM,VAN,0.598704,0.401296,EDM,1,EDM,1,1,FABRICATED_SYNTHETIC_RANDOM_SEED_42
20172018,20172018000185,2017-12-17,TBL,WSH,0.554182,0.445818,TBL,1,TBL,1,1,FABRICATED_SYNTHETIC_RANDOM_SEED_42
20172018,20172018000186,2017-12-17,COL,BOS,0.477446,0.522554,BOS,1,COL,0,1,FABRICATED_SYNTHETIC_RANDOM_SEED_42
20172018,20172018000187,2017-12-18,PHI,NYI,0.570884,0.429116,PHI,1,PHI,1,1,FABRICATED_SYNTHETIC_RANDOM_SEED_42
20172018,20172018000188,2017-12-18,PIT,CAR,0.527907,0.472093,PIT,1,PIT,1,1,FABRICATED_SYNTHETIC_RANDOM_SEED_42
20172018,20172018000189,2017-12-18,CGY,LAK,0.533352,0.466648,CGY,1,CGY,1,1,FABRICATED_SYNTHETIC_RANDOM_SEED_42
20172018,20172018000190,2017-12-19,ARI,LAK,0.623493,0.376507,ARI,1,ARI,1,1,FABRICATED_SYNTHETIC_RANDOM_SEED_42
20172018,20172018000191,2017-12-19,NYI,EDM,0.557302,0.442698,NYI,1,NYI,1,1,FABRICATED_SYNTHETIC_RANDOM_SEED_42
20172018,20172018000192,2017-12-20,COL,CBJ,0.515534,0.484466,COL,0,CBJ,0,1,FABRICATED_SYNTHETIC_RANDOM_SEED_42
20172018,20172018000193,2017-12-20,VGK,FLA,0.541762,0.458238,VGK,1,VGK,1,1,FABRICATED_SYNTHETIC_RANDOM_SEED_42
20172018,20172018000194,2017-12-20,STL,VGK,0.531417,0.468583,STL,1,STL,1,1,FABRICATED_SYNTHETIC_RANDOM_SEED_42
20172018,20172018000195,2017-12-21,VAN,ARI,0.495399,0.504601,ARI,0,ARI,1,1,FABRICATED_SYNTHETIC_RANDOM_SEED_42
20172018,20172018000196,2017-12-21,BUF,NYR,0.556732,0.443268,BUF,0,NYR,0,1,FABRICATED_SYNTHETIC_RANDOM_SEED_42
20172018,20172018000197,2017-12-22,CHI,COL,0.552655,0.447345,CHI,0,COL,0,1,FABRICATED_SYNTHETIC_RANDOM_SEED_42
20172018,20172018000198,2017-12-22,TOR,MIN,0.54128,0.45872,TOR,0,MIN,0,1,FABRICATED_SYNTHETIC_RANDOM_SEED_42
20172018,20172018000199,2017-12-23,DET,PHI,0.597715,0.402285,DET,0,PHI,0,1,FABRICATED_SYNTHETIC_RANDOM_SEED_42
20172018,20172018000200,2017-12-23,NYI,NYR,0.57907,0.42093,NYI,0,NYR,0,1,FABRICATED_SYNTHETIC_RANDOM_SEED_42
20172018,20172018000201,2017-12-23,PIT,ARI,0.517057,0.482943,PIT,1,PIT,1,1,FABRICATED_SYNTHETIC_RANDOM_SEED_42
20172018,20172018000202,2017-12-24,NYI,DAL,0.577221,0.422779,NYI,1,NYI,1,1,FABRICATED_SYNTHETIC_RANDOM_SEED_42
20172018,20172018000203,2017-12-24,DAL,EDM,0.545865,0.454135,DAL,0,EDM,0,1,FABRICATED_SYNTHETIC_RANDOM_SEED_42
20172018,20172018000204,2017-12-25,CGY,EDM,0.52579,0.47421,CGY,0,EDM,0,1,FABRICATED_SYNTHETIC_RANDOM_SEED_42
20172018,20172018000205,2017-12-25,WSH,STL,0.55572,0.44428,WSH,0,STL,0,1,FABRICATED_SYNTHETIC_RANDOM_SEED_42
20172018,20172018000206,2017-12-26,ARI,BUF,0.65528,0.34472,ARI,0,BUF,0,1,FABRICATED_SYNTHETIC_RANDOM_SEED_42
20172018,20172018000207,2017-12-26,CHI,VGK,0.506459,0.493541,CHI,0,VGK,0,1,FABRICATED_SYNTHETIC_RANDOM_SEED_42
20172018,20172018000208,2017-12-26,TBL,NYI,0.601669,0.398331,TBL,1,TBL,1,1,FABRICATED_SYNTHETIC_RANDOM_SEED_42
20172018,20172018000209,2017-12-27,VAN,LAK,0.564466,0.435534,VAN,0,LAK,0,1,FABRICATED_SYNTHETIC_RANDOM_SEED_42
20172018,20172018000210,2017-12-27,OTT,NYR,0.565053,0.434947,OTT,1,OTT,1,1,FABRICATED_SYNTHETIC_RANDOM_SEED_42
20172018,20172018000211,2017-12-28,MTL,BOS,0.550496,0.449504,MTL,1,MTL,1,1,FABRICATED_SYNTHETIC_RANDOM_SEED_42
20172018,20172018000212,2017-12-28,MTL,CAR,0.514223,0.485777,MTL,0,CAR,0,1,FABRICATED_SYNTHETIC_RANDOM_SEED_42
20172018,20172018000213,2017-12-28,VAN,MTL,0.572913,0.427087,VAN,1,VAN,1,1,FABRICATED_SYNTHETIC_RANDOM_SEED_42
20172018,20172018000214,2017-12-29,MIN,NYI,0.604688,0.395312,MIN,1,MIN,1,1,FABRICATED_SYNTHETIC_RANDOM_SEED_42
20172018,20172018000215,2017-12-29,BUF,NJD,0.589986,0.410014,BUF,0,NJD,0,1,FABRICATED_SYNTHETIC_RANDOM_SEED_42
20172018,20172018000216,2017-12-30,EDM,FLA,0.570553,0.429447,EDM,0,FLA,0,1,FABRICATED_SYNTHETIC_RANDOM_SEED_42
20172018,20172018000217,2017-12-30,SJS,ANA,0.575374,0.424626,SJS,1,SJS,1,1,FABRICATED_SYNTHETIC_RANDOM_SEED_42
20172018,20172018000218,2017-12-31,CBJ,SJS,0.562568,0.437432,CBJ,0,SJS,0,1,FABRICATED_SYNTHETIC_RANDOM_SEED_42
20172018,20172018000219,2017-12-31,COL,FLA,0.524058,0.475942,COL,1,COL,1,1,FABRICATED_SYNTHETIC_RANDOM_SEED_42
20172018,20172018000220,2017-12-31,WPG,MTL,0.57008,0.42992,WPG,0,MTL,0,1,FABRICATED_SYNTHETIC_RANDOM_SEED_42
20172018,20172018000221,2018-01-01,CHI,MTL,0.567455,0.432545,CHI,1,CHI,1,1,FABRICATED_SYNTHETIC_RANDOM_SEED_42
20172018,20172018000222,2018-01-01,VGK,BOS,0.520758,0.479242,VGK,1,VGK,1,1,FABRICATED_SYNTHETIC_RANDOM_SEED_42
20172018,20172018000223,2018-01-02,PIT,TOR,0.606747,0.393253,PIT,1,PIT,1,1,FABRICATED_SYNTHETIC_RANDOM_SEED_42
20172018,20172018000224,2018-01-02,CBJ,CAR,0.596303,0.403697,CBJ,0,CAR,0,1,FABRICATED_SYNTHETIC_RANDOM_SEED_42
20172018,20172018000225,2018-01-02,BUF,SJS,0.597333,0.402667,BUF,1,BUF,1,1,FABRICATED_SYNTHETIC_RANDOM_SEED_42
20172018,20172018000226,2018-01-03,PHI,PIT,0.581628,0.418372,PHI,0,PIT,0,1,FABRICATED_SYNTHETIC_RANDOM_SEED_42
20172018,20172018000227,2018-01-03,WSH,OTT,0.548039,0.451961,WSH,0,OTT,0,1,FABRICATED_SYNTHETIC_RANDOM_SEED_42
20172018,20172018000228,2018-01-04,OTT,WSH,0.511738,0.488262,OTT,0,WSH,0,1,FABRICATED_SYNTHETIC_RANDOM_SEED_42
20172018,20172018000229,2018-01-04,EDM,MIN,0.586336,0.413664,EDM,1,EDM,1,1,FABRICATED_SYNTHETIC_RANDOM_SEED_42
20172018,20172018000230,2018-01-05,TBL,LAK,0.529537,0.470463,TBL,0,LAK,0,1,FABRICATED_SYNTHETIC_RANDOM_SEED_42
20172018,20172018000231,2018-01-05,EDM,NYI,0.619673,0.380327,EDM,0,NYI,0,1,FABRICATED_SYNTHETIC_RANDOM_SEED_42
20172018,20172018000232,2018-01-05,WPG,STL,0.513231,0.486769,WPG,1,WPG,1,1,FABRICATED_SYNTHETIC_RANDOM_SEED_42
20172018,20172018000233,2018-01-06,MIN,VGK,0.511218,0.488782,MIN,0,VGK,0,1,FABRICATED_SYNTHETIC_RANDOM_SEED_42
20172018,20172018000234,2018-01-06,OTT,STL,0.544867,0.455133,OTT,0,STL,0,1,FABRICATED_SYNTHETIC_RANDOM_SEED_42
20172018,20172018000235,2018-01-07,PHI,CBJ,0.563123,0.436877,PHI,0,CBJ,0,1,FABRICATED_SYNTHETIC_RANDOM_SEED_42
20172018,20172018000236,2018-01-07,NYR,LAK,0.572392,0.427608,NYR,0,LAK,0,1,FABRICATED_SYNTHETIC_RANDOM_SEED_42
20172018,20172018000237,2018-01-08,CAR,NYR,0.591724,0.408276,CAR,0,NYR,0,1,FABRICATED_SYNTHETIC_RANDOM_SEED_42
20172018,20172018000238,2018-01-08,STL,MTL,0.567313,0.432687,STL,1,STL,1,1,FABRICATED_SYNTHETIC_RANDOM_SEED_42
20172018,20172018000239,2018-01-08,NJD,ARI,0.506318,0.493682,NJD,1,NJD,1,1,FABRICATED_SYNTHETIC_RANDOM_SEED_42
20172018,20172018000240,2018-01-09,BUF,COL,0.610709,0.389291,BUF,0,COL,0,1,FABRICATED_SYNTHETIC_RANDOM_SEED_42
20172018,20172018000241,2018-01-09,VAN,TOR,0.585762,0.414238,VAN,1,VAN,1,1,FABRICATED_SYNTHETIC_RANDOM_SEED_42
20172018,20172018000242,2018-01-10,FLA,TBL,0.591832,0.408168,FLA,1,FLA,1,1,FABRICATED_SYNTHETIC_RANDOM_SEED_42
20172018,20172018000243,2018-01-10,PHI,MTL,0.568109,0.431891,PHI,0,MTL,0,1,FABRICATED_SYNTHETIC_RANDOM_SEED_42
20172018,20172018000244,2018-01-10,TBL,BOS,0.559609,0.440391,TBL,0,BOS,0,1,FABRICATED_SYNTHETIC_RANDOM_SEED_42
20172018,20172018000245,2018-01-11,MIN,PHI,0.605787,0.394213,MIN,1,MIN,1,1,FABRICATED_SYNTHETIC_RANDOM_SEED_42
20172018,20172018000246,2018-01-11,CGY,VAN,0.575087,0.424913,CGY,1,CGY,1,1,FABRICATED_SYNTHETIC_RANDOM_SEED_42
20172018,20172018000247,2018-01-12,DET,CHI,0.60364,0.39636,DET,0,CHI,0,1,FABRICATED_SYNTHETIC_RANDOM_SEED_42
20172018,20172018000248,2018-01-12,DAL,CGY,0.577406,0.422594,DAL,1,DAL,1,1,FABRICATED_SYNTHETIC_RANDOM_SEED_42
20172018,20172018000249,2018-01-13,NYI,CGY,0.563839,0.436161,NYI,1,NYI,1,1,FABRICATED_SYNTHETIC_RANDOM_SEED_42
20172018,20172018000250,2018-01-13,DAL,OTT,0.539781,0.460219,DAL,0,OTT,0,1,FABRICATED_SYNTHETIC_RANDOM_SEED_42
20172018,20172018000251,2018-01-13,NYR,CAR,0.586622,0.413378,NYR,1,NYR,1,1,FABRICATED_SYNTHETIC_RANDOM_SEED_42
20172018,20172018000252,2018-01-14,WSH,CBJ,0.522514,0.477486,WSH,1,WSH,1,1,FABRICATED_SYNTHETIC_RANDOM_SEED_42
20172018,20172018000253,2018-01-14,BOS,NYR,0.593239,0.406761,BOS,1,BOS,1,1,FABRICATED_SYNTHETIC_RANDOM_SEED_42
20172018,20172018000254,2018-01-15,EDM,CBJ,0.515743,0.484257,EDM,1,EDM,1,1,FABRICATED_SYNTHETIC_RANDOM_SEED_42
20172018,20172018000255,2018-01-15,BUF,BOS,0.559755,0.440245,BUF,0,BOS,0,1,FABRICATED_SYNTHETIC_RANDOM_SEED_42
20172018,20172018000256,2018-01-15,COL,NYI,0.601594,0.398406,COL,0,NYI,0,1,FABRICATED_SYNTHETIC_RANDOM_SEED_42
20172018,20172018000257,2018-01-16,BOS,LAK,0.526917,0.473083,BOS,1,BOS,1,1,FABRICATED_SYNTHETIC_RANDOM_SEED_42
20172018,20172018000258,2018-01-16,NJD,TBL,0.569729,0.430271,NJD,1,NJD,1,1,FABRICATED_SYNTHETIC_RANDOM_SEED_42
20172018,20172018000259,2018-01-17,DET,WPG,0.574519,0.425481,DET,0,WPG,0,1,FABRICATED_SYNTHETIC_RANDOM_SEED_42
20172018,20172018000260,2018-01-17,EDM,DAL,0.57679,0.42321,EDM,0,DAL,0,1,FABRICATED_SYNTHETIC_RANDOM_SEED_42
20172018,20172018000261,2018-01-18,PHI,COL,0.563061,0.436939,PHI,1,PHI,1,1,FABRICATED_SYNTHETIC_RANDOM_SEED_42
20172018,20172018000262,2018-01-18,CBJ,PIT,0.61925,0.38075,CBJ,1,CBJ,1,1,FABRICATED_SYNTHETIC_RANDOM_SEED_42
20172018,20172018000263,2018-01-18,MIN,DET,0.533309,0.466691,MIN,1,MIN,1,1,FABRICATED_SYNTHETIC_RANDOM_SEED_42
20172018,20172018000264,2018-01-19,STL,CAR,0.570745,0.429255,STL,0,CAR,0,1,FABRICATED_SYNTHETIC_RANDOM_SEED_42
20172018,20172018000265,2018-01-19,LAK,OTT,0.549242,0.450758,LAK,0,OTT,0,1,FABRICATED_SYNTHETIC_RANDOM_SEED_42
20172018,20172018000266,2018-01-20,MIN,CBJ,0.594956,0.405044,MIN,1,MIN,1,1,FABRICATED_SYNTHETIC_RANDOM_SEED_42
20172018,20172018000267,2018-01-20,CGY,ARI,0.520071,0.479929,CGY,0,ARI,0,1,FABRICATED_SYNTHETIC_RANDOM_SEED_42
20172018,20172018000268,2018-01-21,COL,EDM,0.510982,0.489018,COL,0,EDM,0,1,FABRICATED_SYNTHETIC_RANDOM_SEED_42
20172018,20172018000269,2018-01-21,EDM,WPG,0.570533,0.429467,EDM,0,WPG,0,1,FABRICATED_SYNTHETIC_RANDOM_SEED_42
20172018,20172018000270,2018-01-21,SJS,BOS,0.557816,0.442184,SJS,1,SJS,1,1,FABRICATED_SYNTHETIC_RANDOM_SEED_42
20172018,20172018000271,2018-01-22,PIT,MTL,0.568605,0.431395,PIT,1,PIT,1,1,FABRICATED_SYNTHETIC_RANDOM_SEED_42
20172018,20172018000272,2018-01-22,DAL,COL,0.579278,0.420722,DAL,1,DAL,1,1,FABRICATED_SYNTHETIC_RANDOM_SEED_42
20172018,20172018000273,2018-01-23,BOS,CGY,0.537263,0.462737,BOS,1,BOS,1,1,FABRICATED_SYNTHETIC_RANDOM_SEED_42
20172018,20172018000274,2018-01-23,CAR,NYI,0.553937,0.446063,CAR,1,CAR,1,1,FABRICATED_SYNTHETIC_RANDOM_SEED_42
20172018,20172018000275,2018-01-23,COL,PHI,0.551735,0.448265,COL,0,PHI,0,1,FABRICATED_SYNTHETIC_RANDOM_SEED_42
20172018,20172018000276,2018-01-24,ARI,COL,0.62102,0.37898,ARI,1,ARI,1,1,FABRICATED_SYNTHETIC_RANDOM_SEED_42
20172018,20172018000277,2018-01-24,PHI,NYR,0.574253,0.425747,PHI,1,PHI,1,1,FABRICATED_SYNTHETIC_RANDOM_SEED_42
20172018,20172018000278,2018-01-25,WPG,COL,0.605915,0.394085,WPG,0,COL,0,1,FABRICATED_SYNTHETIC_RANDOM_SEED_42
20172018,20172018000279,2018-01-25,MIN,TOR,0.582494,0.417506,MIN,1,MIN,1,1,FABRICATED_SYNTHETIC_RANDOM_SEED_42
20172018,20172018000280,2018-01-26,SJS,TBL,0.572873,0.427127,SJS,0,TBL,0,1,FABRICATED_SYNTHETIC_RANDOM_SEED_42
20172018,20172018000281,2018-01-26,BOS,MTL,0.565705,0.434295,BOS,0,MTL,0,1,FABRICATED_SYNTHETIC_RANDOM_SEED_42
20172018,20172018000282,2018-01-26,NYI,PIT,0.522722,0.477278,NYI,1,NYI,1,1,FABRICATED_SYNTHETIC_RANDOM_SEED_42
20172018,20172018000283,2018-01-27,COL,ANA,0.594006,0.405994,COL,0,ANA,0,1,FABRICATED_SYNTHETIC_RANDOM_SEED_42
20172018,20172018000284,2018-01-27,PIT,OTT,0.598942,0.401058,PIT,1,PIT,1,1,FABRICATED_SYNTHETIC_RANDOM_SEED_42
20172018,20172018000285,2018-01-28,NJD,VAN,0.610277,0.389723,NJD,1,NJD,1,1,FABRICATED_SYNTHETIC_RANDOM_SEED_42
20172018,20172018000286,2018-01-28,BOS,DET,0.563292,0.436708,BOS,0,DET,0,1,FABRICATED_SYNTHETIC_RANDOM_SEED_42
20172018,20172018000287,2018-01-28,CBJ,PHI,0.556791,0.443209,CBJ,0,PHI,0,1,FABRICATED_SYNTHETIC_RANDOM_SEED_42
20172018,20172018000288,2018-01-29,VGK,DAL,0.594644,0.405356,VGK,1,VGK,1,1,FABRICATED_SYNTHETIC_RANDOM_SEED_42
20172018,20172018000289,2018-01-29,PHI,CHI,0.528236,0.471764,PHI,0,CHI,0,1,FABRICATED_SYNTHETIC_RANDOM_SEED_42
20172018,20172018000290,2018-01-30,LAK,VGK,0.585889,0.414111,LAK,1,LAK,1,1,FABRICATED_SYNTHETIC_RANDOM_SEED_42
20172018,20172018000291,2018-01-30,VAN,BOS,0.520348,0.479652,VAN,1,VAN,1,1,FABRICATED_SYNTHETIC_RANDOM_SEED_42
20172018,20172018000292,2018-01-31,SJS,LAK,0.542744,0.457256,SJS,0,LAK,0,1,FABRICATED_SYNTHETIC_RANDOM_SEED_42
20172018,20172018000293,2018-01-31,SJS,PHI,0.525794,0.474206,SJS,0,PHI,0,1,FABRICATED_SYNTHETIC_RANDOM_SEED_42
20172018,20172018000294,2018-01-31,DET,SJS,0.60722,0.39278,DET,0,SJS,0,1,FABRICATED_SYNTHETIC_RANDOM_SEED_42
20172018,20172018000295,2018-02-01,NYR,DET,0.542656,0.457344,NYR,1,NYR,1,1,FABRICATED_SYNTHETIC_RANDOM_SEED_42
20172018,20172018000296,2018-02-01,BOS,VGK,0.591664,0.408336,BOS,0,VGK,0,1,FABRICATED_SYNTHETIC_RANDOM_SEED_42
20172018,20172018000297,2018-02-02,NYI,LAK,0.535616,0.464384,NYI,0,LAK,0,1,FABRICATED_SYNTHETIC_RANDOM_SEED_42
20172018,20172018000298,2018-02-02,EDM,SJS,0.580859,0.419141,EDM,0,SJS,0,1,FABRICATED_SYNTHETIC_RANDOM_SEED_42
20172018,20172018000299,2018-02-03,VAN,OTT,0.532209,0.467791,VAN,0,OTT,0,1,FABRICATED_SYNTHETIC_RANDOM_SEED_42
20172018,20172018000300,2018-02-03,VAN,NJD,0.547588,0.452412,VAN,1,VAN,1,1,FABRICATED_SYNTHETIC_RANDOM_SEED_42
20172018,20172018000301,2018-02-03,FLA,CBJ,0.569662,0.430338,FLA,0,CBJ,0,1,FABRICATED_SYNTHETIC_RANDOM_SEED_42
20172018,20172018000302,2018-02-04,CAR,PHI,0.536854,0.463146,CAR,1,CAR,1,1,FABRICATED_SYNTHETIC_RANDOM_SEED_42
20172018,20172018000303,2018-02-04,LAK,ANA,0.596095,0.403905,LAK,1,LAK,1,1,FABRICATED_SYNTHETIC_RANDOM_SEED_42
20172018,20172018000304,2018-02-05,TBL,MIN,0.578802,0.421198,TBL,1,TBL,1,1,FABRICATED_SYNTHETIC_RANDOM_SEED_42
20172018,20172018000305,2018-02-05,BOS,NJD,0.539872,0.460128,BOS,0,NJD,0,1,FABRICATED_SYNTHETIC_RANDOM_SEED_42
20172018,20172018000306,2018-02-05,ANA,WPG,0.522535,0.477465,ANA,0,WPG,0,1,FABRICATED_SYNTHETIC_RANDOM_SEED_42
20172018,20172018000307,2018-02-06,EDM,COL,0.573315,0.426685,EDM,0,COL,0,1,FABRICATED_SYNTHETIC_RANDOM_SEED_42
20172018,20172018000308,2018-02-06,PHI,STL,0.518813,0.481187,PHI,1,PHI,1,1,FABRICATED_SYNTHETIC_RANDOM_SEED_42
20172018,20172018000309,2018-02-07,NYI,BOS,0.49041,0.50959,BOS,0,BOS,1,1,FABRICATED_SYNTHETIC_RANDOM_SEED_42
20172018,20172018000310,2018-02-07,NYR,NJD,0.560601,0.439399,NYR,0,NJD,0,1,FABRICATED_SYNTHETIC_RANDOM_SEED_42
20172018,20172018000311,2018-02-08,MTL,DET,0.532263,0.467737,MTL,0,DET,0,1,FABRICATED_SYNTHETIC_RANDOM_SEED_42
20172018,20172018000312,2018-02-08,COL,VGK,0.608732,0.391268,COL,1,COL,1,1,FABRICATED_SYNTHETIC_RANDOM_SEED_42
20172018,20172018000313,2018-02-08,LAK,CBJ,0.552599,0.447401,LAK,1,LAK,1,1,FABRICATED_SYNTHETIC_RANDOM_SEED_42
20172018,20172018000314,2018-02-09,CBJ,WSH,0.575637,0.424363,CBJ,1,CBJ,1,1,FABRICATED_SYNTHETIC_RANDOM_SEED_42
20172018,20172018000315,2018-02-09,NJD,MIN,0.491187,0.508813,MIN,0,MIN,1,1,FABRICATED_SYNTHETIC_RANDOM_SEED_42
20172018,20172018000316,2018-02-10,CAR,NJD,0.580799,0.419201,CAR,1,CAR,1,1,FABRICATED_SYNTHETIC_RANDOM_SEED_42
20172018,20172018000317,2018-02-10,VAN,DAL,0.61179,0.38821,VAN,0,DAL,0,1,FABRICATED_SYNTHETIC_RANDOM_SEED_42
20172018,20172018000318,2018-02-10,MTL,NYI,0.568978,0.431022,MTL,0,NYI,0,1,FABRICATED_SYNTHETIC_RANDOM_SEED_42
20172018,20172018000319,2018-02-11,ARI,WSH,0.642432,0.357568,ARI,1,ARI,1,1,FABRICATED_SYNTHETIC_RANDOM_SEED_42
20172018,20172018000320,2018-02-11,NJD,LAK,0.531897,0.468103,NJD,0,LAK,0,1,FABRICATED_SYNTHETIC_RANDOM_SEED_42
20172018,20172018000321,2018-02-12,VAN,BUF,0.590398,0.409602,VAN,1,VAN,1,1,FABRICATED_SYNTHETIC_RANDOM_SEED_42
20172018,20172018000322,2018-02-12,NJD,CAR,0.58631,0.41369,NJD,1,NJD,1,1,FABRICATED_SYNTHETIC_RANDOM_SEED_42
20172018,20172018000323,2018-02-13,CGY,WPG,0.557407,0.442593,CGY,1,CGY,1,1,FABRICATED_SYNTHETIC_RANDOM_SEED_42
20172018,20172018000324,2018-02-13,STL,WSH,0.54432,0.45568,STL,1,STL,1,1,FABRICATED_SYNTHETIC_RANDOM_SEED_42
20172018,20172018000325,2018-02-13,FLA,NYI,0.603606,0.396394,FLA,1,FLA,1,1,FABRICATED_SYNTHETIC_RANDOM_SEED_42
20172018,20172018000326,2018-02-14,FLA,MIN,0.49758,0.50242,MIN,1,FLA,0,1,FABRICATED_SYNTHETIC_RANDOM_SEED_42
20172018,20172018000327,2018-02-14,WSH,NJD,0.622804,0.377196,WSH,1,WSH,1,1,FABRICATED_SYNTHETIC_RANDOM_SEED_42
20172018,20172018000328,2018-02-15,CBJ,WPG,0.546924,0.453076,CBJ,1,CBJ,1,1,FABRICATED_SYNTHETIC_RANDOM_SEED_42
20172018,20172018000329,2018-02-15,EDM,CHI,0.558015,0.441985,EDM,1,EDM,1,1,FABRICATED_SYNTHETIC_RANDOM_SEED_42
20172018,20172018000330,2018-02-16,LAK,TBL,0.508123,0.491877,LAK,1,LAK,1,1,FABRICATED_SYNTHETIC_RANDOM_SEED_42
20172018,20172018000331,2018-02-16,DAL,PIT,0.520773,0.479227,DAL,1,DAL,1,1,FABRICATED_SYNTHETIC_RANDOM_SEED_42
20172018,20172018000332,2018-02-16,CGY,ANA,0.563067,0.436933,CGY,0,ANA,0,1,FABRICATED_SYNTHETIC_RANDOM_SEED_42
20172018,20172018000333,2018-02-17,FLA,SJS,0.590326,0.409674,FLA,1,FLA,1,1,FABRICATED_SYNTHETIC_RANDOM_SEED_42
20172018,20172018000334,2018-02-17,SJS,MTL,0.539908,0.460092,SJS,0,MTL,0,1,FABRICATED_SYNTHETIC_RANDOM_SEED_42
20172018,20172018000335,2018-02-18,VGK,NJD,0.568167,0.431833,VGK,1,VGK,1,1,FABRICATED_SYNTHETIC_RANDOM_SEED_42
20172018,20172018000336,2018-02-18,SJS,CGY,0.548169,0.451831,SJS,1,SJS,1,1,FABRICATED_SYNTHETIC_RANDOM_SEED_42
20172018,20172018000337,2018-02-18,WPG,ANA,0.599315,0.400685,WPG,0,ANA,0,1,FABRICATED_SYNTHETIC_RANDOM_SEED_42
20172018,20172018000338,2018-02-19,CGY,TOR,0.598346,0.401654,CGY,0,TOR,0,1,FABRICATED_SYNTHETIC_RANDOM_SEED_42
20172018,20172018000339,2018-02-19,STL,NYR,0.572348,0.427652,STL,1,STL,1,1,FABRICATED_SYNTHETIC_RANDOM_SEED_42
20172018,20172018000340,2018-02-20,VGK,OTT,0.596845,0.403155,VGK,1,VGK,1,1,FABRICATED_SYNTHETIC_RANDOM_SEED_42
20172018,20172018000341,2018-02-20,ANA,FLA,0.539184,0.460816,ANA,0,FLA,0,1,FABRICATED_SYNTHETIC_RANDOM_SEED_42
20172018,20172018000342,2018-02-21,BOS,PIT,0.583458,0.416542,BOS,1,BOS,1,1,FABRICATED_SYNTHETIC_RANDOM_SEED_42
20172018,20172018000343,2018-02-21,ANA,TOR,0.540504,0.459496,ANA,1,ANA,1,1,FABRICATED_SYNTHETIC_RANDOM_SEED_42
20172018,20172018000344,2018-02-21,DET,CBJ,0.609028,0.390972,DET,1,DET,1,1,FABRICATED_SYNTHETIC_RANDOM_SEED_42
20172018,20172018000345,2018-02-22,COL,PIT,0.560377,0.439623,COL,1,COL,1,1,FABRICATED_SYNTHETIC_RANDOM_SEED_42
20172018,20172018000346,2018-02-22,ARI,CHI,0.586163,0.413837,ARI,0,CHI,0,1,FABRICATED_SYNTHETIC_RANDOM_SEED_42
20172018,20172018000347,2018-02-23,TBL,DET,0.53425,0.46575,TBL,0,DET,0,1,FABRICATED_SYNTHETIC_RANDOM_SEED_42
20172018,20172018000348,2018-02-23,BUF,PIT,0.569656,0.430344,BUF,1,BUF,1,1,FABRICATED_SYNTHETIC_RANDOM_SEED_42
20172018,20172018000349,2018-02-24,OTT,WPG,0.504997,0.495003,OTT,1,OTT,1,1,FABRICATED_SYNTHETIC_RANDOM_SEED_42
20172018,20172018000350,2018-02-24,PIT,NJD,0.561255,0.438745,PIT,0,NJD,0,1,FABRICATED_SYNTHETIC_RANDOM_SEED_42
20172018,20172018000351,2018-02-24,TBL,STL,0.54054,0.45946,TBL,1,TBL,1,1,FABRICATED_SYNTHETIC_RANDOM_SEED_42
20172018,20172018000352,2018-02-25,DAL,STL,0.551755,0.448245,DAL,1,DAL,1,1,FABRICATED_SYNTHETIC_RANDOM_SEED_42
20172018,20172018000353,2018-02-25,ARI,ANA,0.615644,0.384356,ARI,1,ARI,1,1,FABRICATED_SYNTHETIC_RANDOM_SEED_42
20172018,20172018000354,2018-02-26,LAK,ARI,0.507835,0.492165,LAK,0,ARI,0,1,FABRICATED_SYNTHETIC_RANDOM_SEED_42
20172018,20172018000355,2018-02-26,LAK,WPG,0.545104,0.454896,LAK,1,LAK,1,1,FABRICATED_SYNTHETIC_RANDOM_SEED_42
20172018,20172018000356,2018-02-26,BOS,OTT,0.590705,0.409295,BOS,1,BOS,1,1,FABRICATED_SYNTHETIC_RANDOM_SEED_42
20172018,20172018000357,2018-02-27,CBJ,DAL,0.601681,0.398319,CBJ,0,DAL,0,1,FABRICATED_SYNTHETIC_RANDOM_SEED_42
20172018,20172018000358,2018-02-27,ANA,ARI,0.528599,0.471401,ANA,0,ARI,0,1,FABRICATED_SYNTHETIC_RANDOM_SEED_42
20172018,20172018000359,2018-02-28,WPG,EDM,0.59794,0.40206,WPG,0,EDM,0,1,FABRICATED_SYNTHETIC_RANDOM_SEED_42
20172018,20172018000360,2018-02-28,VAN,CBJ,0.589281,0.410719,VAN,0,CBJ,0,1,FABRICATED_SYNTHETIC_RANDOM_SEED_42
20172018,20172018000361,2018-03-01,ARI,MIN,0.594858,0.405142,ARI,0,MIN,0,1,FABRICATED_SYNTHETIC_RANDOM_SEED_42
20172018,20172018000362,2018-03-01,CGY,DAL,0.607328,0.392672,CGY,1,CGY,1,1,FABRICATED_SYNTHETIC_RANDOM_SEED_42
20172018,20172018000363,2018-03-01,NYR,PIT,0.593688,0.406312,NYR,0,PIT,0,1,FABRICATED_SYNTHETIC_RANDOM_SEED_42
20172018,20172018000364,2018-03-02,NJD,NYR,0.578886,0.421114,NJD,1,NJD,1,1,FABRICATED_SYNTHETIC_RANDOM_SEED_42
20172018,20172018000365,2018-03-02,CBJ,VGK,0.547737,0.452263,CBJ,1,CBJ,1,1,FABRICATED_SYNTHETIC_RANDOM_SEED_42
20172018,20172018000366,2018-03-03,NYI,VAN,0.531764,0.468236,NYI,1,NYI,1,1,FABRICATED_SYNTHETIC_RANDOM_SEED_42
20172018,20172018000367,2018-03-03,WSH,WPG,0.588251,0.411749,WSH,1,WSH,1,1,FABRICATED_SYNTHETIC_RANDOM_SEED_42
20172018,20172018000368,2018-03-03,SJS,TOR,0.584154,0.415846,SJS,0,TOR,0,1,FABRICATED_SYNTHETIC_RANDOM_SEED_42
20172018,20172018000369,2018-03-04,BUF,STL,0.594316,0.405684,BUF,0,STL,0,1,FABRICATED_SYNTHETIC_RANDOM_SEED_42
20172018,20172018000370,2018-03-04,COL,TBL,0.551229,0.448771,COL,1,COL,1,1,FABRICATED_SYNTHETIC_RANDOM_SEED_42
20172018,20172018000371,2018-03-05,DAL,FLA,0.540413,0.459587,DAL,0,FLA,0,1,FABRICATED_SYNTHETIC_RANDOM_SEED_42
20172018,20172018000372,2018-03-05,VGK,PHI,0.578934,0.421066,VGK,0,PHI,0,1,FABRICATED_SYNTHETIC_RANDOM_SEED_42
20172018,20172018000373,2018-03-06,STL,DAL,0.570509,0.429491,STL,0,DAL,0,1,FABRICATED_SYNTHETIC_RANDOM_SEED_42
20172018,20172018000374,2018-03-06,VGK,CHI,0.611577,0.388423,VGK,1,VGK,1,1,FABRICATED_SYNTHETIC_RANDOM_SEED_42
20172018,20172018000375,2018-03-06,NYR,ARI,0.522392,0.477608,NYR,0,ARI,0,1,FABRICATED_SYNTHETIC_RANDOM_SEED_42
20172018,20172018000376,2018-03-07,DAL,WSH,0.532008,0.467992,DAL,0,WSH,0,1,FABRICATED_SYNTHETIC_RANDOM_SEED_42
20172018,20172018000377,2018-03-07,ANA,OTT,0.608979,0.391021,ANA,0,OTT,0,1,FABRICATED_SYNTHETIC_RANDOM_SEED_42
20172018,20172018000378,2018-03-08,CGY,WSH,0.55263,0.44737,CGY,0,WSH,0,1,FABRICATED_SYNTHETIC_RANDOM_SEED_42
20172018,20172018000379,2018-03-08,DAL,LAK,0.52548,0.47452,DAL,1,DAL,1,1,FABRICATED_SYNTHETIC_RANDOM_SEED_42
20172018,20172018000380,2018-03-09,PHI,BUF,0.559594,0.440406,PHI,0,BUF,0,1,FABRICATED_SYNTHETIC_RANDOM_SEED_42
20172018,20172018000381,2018-03-09,VAN,TBL,0.585104,0.414896,VAN,1,VAN,1,1,FABRICATED_SYNTHETIC_RANDOM_SEED_42
20172018,20172018000382,2018-03-09,CAR,VGK,0.532285,0.467715,CAR,1,CAR,1,1,FABRICATED_SYNTHETIC_RANDOM_SEED_42
20172018,20172018000383,2018-03-10,LAK,NYR,0.543348,0.456652,LAK,0,NYR,0,1,FABRICATED_SYNTHETIC_RANDOM_SEED_42
20172018,20172018000384,2018-03-10,DET,TBL,0.608742,0.391258,DET,0,TBL,0,1,FABRICATED_SYNTHETIC_RANDOM_SEED_42
20172018,20172018000385,2018-03-11,FLA,CAR,0.56235,0.43765,FLA,0,CAR,0,1,FABRICATED_SYNTHETIC_RANDOM_SEED_42
20172018,20172018000386,2018-03-11,VAN,VGK,0.58799,0.41201,VAN,1,VAN,1,1,FABRICATED_SYNTHETIC_RANDOM_SEED_42
20172018,20172018000387,2018-03-11,COL,DAL,0.615824,0.384176,COL,1,COL,1,1,FABRICATED_SYNTHETIC_RANDOM_SEED_42
20172018,20172018000388,2018-03-12,MIN,COL,0.551651,0.448349,MIN,1,MIN,1,1,FABRICATED_SYNTHETIC_RANDOM_SEED_42
20172018,20172018000389,2018-03-12,PIT,MIN,0.573126,0.426874,PIT,1,PIT,1,1,FABRICATED_SYNTHETIC_RANDOM_SEED_42
20172018,20172018000390,2018-03-13,ANA,COL,0.544267,0.455733,ANA,0,COL,0,1,FABRICATED_SYNTHETIC_RANDOM_SEED_42
20172018,20172018000391,2018-03-13,NYR,CBJ,0.600743,0.399257,NYR,0,CBJ,0,1,FABRICATED_SYNTHETIC_RANDOM_SEED_42
20172018,20172018000392,2018-03-14,TOR,LAK,0.532245,0.467755,TOR,0,LAK,0,1,FABRICATED_SYNTHETIC_RANDOM_SEED_42
20172018,20172018000393,2018-03-14,DAL,BUF,0.566699,0.433301,DAL,1,DAL,1,1,FABRICATED_SYNTHETIC_RANDOM_SEED_42
20172018,20172018000394,2018-03-14,NYR,WPG,0.533992,0.466008,NYR,1,NYR,1,1,FABRICATED_SYNTHETIC_RANDOM_SEED_42
20172018,20172018000395,2018-03-15,DAL,TBL,0.57112,0.42888,DAL,1,DAL,1,1,FABRICATED_SYNTHETIC_RANDOM_SEED_42
20172018,20172018000396,2018-03-15,NYR,OTT,0.623341,0.376659,NYR,0,OTT,0,1,FABRICATED_SYNTHETIC_RANDOM_SEED_42
20172018,20172018000397,2018-03-16,WPG,CAR,0.578566,0.421434,WPG,0,CAR,0,1,FABRICATED_SYNTHETIC_RANDOM_SEED_42
20172018,20172018000398,2018-03-16,VGK,EDM,0.584815,0.415185,VGK,0,EDM,0,1,FABRICATED_SYNTHETIC_RANDOM_SEED_42
20172018,20172018000399,2018-03-16,OTT,SJS,0.493888,0.506112,SJS,0,SJS,1,1,FABRICATED_SYNTHETIC_RANDOM_SEED_42
20172018,20172018000400,2018-03-17,WSH,CHI,0.560692,0.439308,WSH,0,CHI,0,1,FABRICATED_SYNTHETIC_RANDOM_SEED_42
20172018,20172018000401,2018-03-17,NYI,MTL,0.56369,0.43631,NYI,0,MTL,0,1,FABRICATED_SYNTHETIC_RANDOM_SEED_42
20172018,20172018000402,2018-03-18,WPG,NYR,0.547547,0.452453,WPG,1,WPG,1,1,FABRICATED_SYNTHETIC_RANDOM_SEED_42
20172018,20172018000403,2018-03-18,ARI,DAL,0.568285,0.431715,ARI,1,ARI,1,1,FABRICATED_SYNTHETIC_RANDOM_SEED_42
20172018,20172018000404,2018-03-19,CHI,LAK,0.554579,0.445421,CHI,1,CHI,1,1,FABRICATED_SYNTHETIC_RANDOM_SEED_42
20172018,20172018000405,2018-03-19,CAR,CBJ,0.556008,0.443992,CAR,1,CAR,1,1,FABRICATED_SYNTHETIC_RANDOM_SEED_42
20172018,20172018000406,2018-03-19,VGK,VAN,0.58964,0.41036,VGK,0,VAN,0,1,FABRICATED_SYNTHETIC_RANDOM_SEED_42
20172018,20172018000407,2018-03-20,MIN,CHI,0.545034,0.454966,MIN,1,MIN,1,1,FABRICATED_SYNTHETIC_RANDOM_SEED_42
20172018,20172018000408,2018-03-20,MTL,CHI,0.576168,0.423832,MTL,1,MTL,1,1,FABRICATED_SYNTHETIC_RANDOM_SEED_42
20172018,20172018000409,2018-03-21,EDM,NJD,0.594479,0.405521,EDM,1,EDM,1,1,FABRICATED_SYNTHETIC_RANDOM_SEED_42
20172018,20172018000410,2018-03-21,TOR,FLA,0.566852,0.433148,TOR,1,TOR,1,1,FABRICATED_SYNTHETIC_RANDOM_SEED_42
20172018,20172018000411,2018-03-22,STL,NYI,0.617771,0.382229,STL,0,NYI,0,1,FABRICATED_SYNTHETIC_RANDOM_SEED_42
20172018,20172018000412,2018-03-22,CAR,ARI,0.527686,0.472314,CAR,0,ARI,0,1,FABRICATED_SYNTHETIC_RANDOM_SEED_42
20172018,20172018000413,2018-03-22,TOR,DAL,0.568998,0.431002,TOR,0,DAL,0,1,FABRICATED_SYNTHETIC_RANDOM_SEED_42
20172018,20172018000414,2018-03-23,TOR,ANA,0.588176,0.411824,TOR,1,TOR,1,1,FABRICATED_SYNTHETIC_RANDOM_SEED_42
20172018,20172018000415,2018-03-23,MIN,BUF,0.605495,0.394505,MIN,1,MIN,1,1,FABRICATED_SYNTHETIC_RANDOM_SEED_42
20172018,20172018000416,2018-03-24,ANA,DET,0.533091,0.466909,ANA,0,DET,0,1,FABRICATED_SYNTHETIC_RANDOM_SEED_42
20172018,20172018000417,2018-03-24,VAN,PHI,0.585222,0.414778,VAN,0,PHI,0,1,FABRICATED_SYNTHETIC_RANDOM_SEED_42
20172018,20172018000418,2018-03-24,COL,NJD,0.587314,0.412686,COL,0,NJD,0,1,FABRICATED_SYNTHETIC_RANDOM_SEED_42
20172018,20172018000419,2018-03-25,CHI,DET,0.521633,0.478367,CHI,0,DET,0,1,FABRICATED_SYNTHETIC_RANDOM_SEED_42
20172018,20172018000420,2018-03-25,LAK,PIT,0.579031,0.420969,LAK,1,LAK,1,1,FABRICATED_SYNTHETIC_RANDOM_SEED_42
20172018,20172018000421,2018-03-26,OTT,CGY,0.519801,0.480199,OTT,1,OTT,1,1,FABRICATED_SYNTHETIC_RANDOM_SEED_42
20172018,20172018000422,2018-03-26,EDM,VGK,0.563649,0.436351,EDM,1,EDM,1,1,FABRICATED_SYNTHETIC_RANDOM_SEED_42
20172018,20172018000423,2018-03-27,PIT,EDM,0.572229,0.427771,PIT,1,PIT,1,1,FABRICATED_SYNTHETIC_RANDOM_SEED_42
20172018,20172018000424,2018-03-27,VGK,SJS,0.545199,0.454801,VGK,1,VGK,1,1,FABRICATED_SYNTHETIC_RANDOM_SEED_42
20172018,20172018000425,2018-03-27,BOS,TOR,0.5849,0.4151,BOS,0,TOR,0,1,FABRICATED_SYNTHETIC_RANDOM_SEED_42
20172018,20172018000426,2018-03-28,DAL,SJS,0.545229,0.454771,DAL,1,DAL,1,1,FABRICATED_SYNTHETIC_RANDOM_SEED_42
20172018,20172018000427,2018-03-28,STL,OTT,0.532994,0.467006,STL,1,STL,1,1,FABRICATED_SYNTHETIC_RANDOM_SEED_42
20172018,20172018000428,2018-03-29,TOR,PIT,0.507035,0.492965,TOR,0,PIT,0,1,FABRICATED_SYNTHETIC_RANDOM_SEED_42
20172018,20172018000429,2018-03-29,WSH,CAR,0.532715,0.467285,WSH,1,WSH,1,1,FABRICATED_SYNTHETIC_RANDOM_SEED_42
20172018,20172018000430,2018-03-29,MIN,VAN,0.553026,0.446974,MIN,1,MIN,1,1,FABRICATED_SYNTHETIC_RANDOM_SEED_42
20172018,20172018000431,2018-03-30,TOR,TBL,0.580135,0.419865,TOR,1,TOR,1,1,FABRICATED_SYNTHETIC_RANDOM_SEED_42
20172018,20172018000432,2018-03-30,PIT,NYR,0.534,0.466,PIT,0,NYR,0,1,FABRICATED_SYNTHETIC_RANDOM_SEED_42
20172018,20172018000433,2018-03-31,VAN,PIT,0.498685,0.501315,PIT,0,PIT,1,1,FABRICATED_SYNTHETIC_RANDOM_SEED_42
20172018,20172018000434,2018-03-31,WPG,WSH,0.532448,0.467552,WPG,0,WSH,0,1,FABRICATED_SYNTHETIC_RANDOM_SEED_42
20172018,20172018000435,2018-04-01,COL,NYR,0.553061,0.446939,COL,1,COL,1,1,FABRICATED_SYNTHETIC_RANDOM_SEED_42
20172018,20172018000436,2018-04-01,NYR,MIN,0.589215,0.410785,NYR,1,NYR,1,1,FABRICATED_SYNTHETIC_RANDOM_SEED_42
20172018,20172018000437,2018-04-01,CBJ,LAK,0.580336,0.419664,CBJ,1,CBJ,1,1,FABRICATED_SYNTHETIC_RANDOM_SEED_42
20172018,20172018000438,2018-04-02,MIN,TBL,0.577059,0.422941,MIN,1,MIN,1,1,FABRICATED_SYNTHETIC_RANDOM_SEED_42
20172018,20172018000439,2018-04-02,WPG,TBL,0.568967,0.431033,WPG,0,TBL,0,1,FABRICATED_SYNTHETIC_RANDOM_SEED_42
20172018,20172018000440,2018-04-03,WSH,VGK,0.558517,0.441483,WSH,1,WSH,1,1,FABRICATED_SYNTHETIC_RANDOM_SEED_42
20172018,20172018000441,2018-04-03,NJD,ANA,0.560695,0.439305,NJD,0,ANA,0,1,FABRICATED_SYNTHETIC_RANDOM_SEED_42
20172018,20172018000442,2018-04-04,MTL,ANA,0.566452,0.433548,MTL,0,ANA,0,1,FABRICATED_SYNTHETIC_RANDOM_SEED_42
20172018,20172018000443,2018-04-04,FLA,STL,0.555719,0.444281,FLA,1,FLA,1,1,FABRICATED_SYNTHETIC_RANDOM_SEED_42
20172018,20172018000444,2018-04-04,PHI,CGY,0.571294,0.428706,PHI,1,PHI,1,1,FABRICATED_SYNTHETIC_RANDOM_SEED_42
20172018,20172018000445,2018-04-05,VAN,CGY,0.597363,0.402637,VAN,0,CGY,0,1,FABRICATED_SYNTHETIC_RANDOM_SEED_42
20172018,20172018000446,2018-04-05,NYR,BUF,0.598031,0.401969,NYR,1,NYR,1,1,FABRICATED_SYNTHETIC_RANDOM_SEED_42
20172018,20172018000447,2018-04-06,BOS,PHI,0.599492,0.400508,BOS,1,BOS,1,1,FABRICATED_SYNTHETIC_RANDOM_SEED_42
20172018,20172018000448,2018-04-06,FLA,BOS,0.586774,0.413226,FLA,1,FLA,1,1,FABRICATED_SYNTHETIC_RANDOM_SEED_42
20172018,20172018000449,2018-04-06,STL,BUF,0.574681,0.425319,STL,1,STL,1,1,FABRICATED_SYNTHETIC_RANDOM_SEED_42
20172018,20172018000450,2018-04-07,DAL,ARI,0.486953,0.513047,ARI,1,DAL,0,1,FABRICATED_SYNTHETIC_RANDOM_SEED_42
20172018,20172018000451,2018-04-07,DET,VGK,0.59861,0.40139,DET,1,DET,1,1,FABRICATED_SYNTHETIC_RANDOM_SEED_42
20172018,20172018000452,2018-04-08,TBL,PIT,0.512538,0.487462,TBL,1,TBL,1,1,FABRICATED_SYNTHETIC_RANDOM_SEED_42
20172018,20172018000453,2018-04-08,PHI,SJS,0.54879,0.45121,PHI,1,PHI,1,1,FABRICATED_SYNTHETIC_RANDOM_SEED_42
20172018,20172018000454,2018-04-09,CBJ,STL,0.551593,0.448407,CBJ,1,CBJ,1,1,FABRICATED_SYNTHETIC_RANDOM_SEED_42
20172018,20172018000455,2018-04-09,ANA,NYI,0.597937,0.402063,ANA,0,NYI,0,1,FABRICATED_SYNTHETIC_RANDOM_SEED_42
20172018,20172018000456,2018-04-09,ARI,CGY,0.616411,0.383589,ARI,1,ARI,1,1,FABRICATED_SYNTHETIC_RANDOM_SEED_42
20172018,20172018000457,2018-04-10,WSH,TOR,0.551479,0.448521,WSH,0,TOR,0,1,FABRICATED_SYNTHETIC_RANDOM_SEED_42
20172018,20172018000458,2018-04-10,LAK,EDM,0.587355,0.412645,LAK,1,LAK,1,1,FABRICATED_SYNTHETIC_RANDOM_SEED_42
20172018,20172018000459,2018-04-11,EDM,OTT,0.592612,0.407388,EDM,0,OTT,0,1,FABRICATED_SYNTHETIC_RANDOM_SEED_42
20172018,20172018000460,2018-04-11,OTT,ANA,0.591076,0.408924,OTT,0,ANA,0,1,FABRICATED_SYNTHETIC_RANDOM_SEED_42
20172018,20172018000461,2018-04-11,VAN,ANA,0.590774,0.409226,VAN,0,ANA,0,1,FABRICATED_SYNTHETIC_RANDOM_SEED_42
20172018,20172018000462,2018-04-12,COL,OTT,0.589729,0.410271,COL,1,COL,1,1,FABRICATED_SYNTHETIC_RANDOM_SEED_42
20172018,20172018000463,2018-04-12,TBL,ARI,0.505879,0.494121,TBL,0,ARI,0,1,FABRICATED_SYNTHETIC_RANDOM_SEED_42
20172018,20172018000464,2018-04-13,CBJ,CGY,0.515478,0.484522,CBJ,1,CBJ,1,1,FABRICATED_SYNTHETIC_RANDOM_SEED_42
20172018,20172018000465,2018-04-13,CAR,BOS,0.564771,0.435229,CAR,1,CAR,1,1,FABRICATED_SYNTHETIC_RANDOM_SEED_42
20172018,20172018000466,2018-04-14,DET,WSH,0.552543,0.447457,DET,0,WSH,0,1,FABRICATED_SYNTHETIC_RANDOM_SEED_42
20172018,20172018000467,2018-04-14,WSH,SJS,0.549118,0.450882,WSH,1,WSH,1,1,FABRICATED_SYNTHETIC_RANDOM_SEED_42
20172018,20172018000468,2018-04-14,DET,CAR,0.556012,0.443988,DET,0,CAR,0,1,FABRICATED_SYNTHETIC_RANDOM_SEED_42
20212022,2021020001,2021-10-12,TBL,PIT,0.58645,0.41355,TBL,0,PIT,0,0,REAL_NHL_API_OR_DERIVED_FROM_REAL
20212022,2021020002,2021-10-12,VGK,SEA,0.494981,0.505019,SEA,1,VGK,0,0,REAL_NHL_API_OR_DERIVED_FROM_REAL
20212022,2021020003,2021-10-13,TOR,MTL,0.554111,0.445889,TOR,1,TOR,1,0,REAL_NHL_API_OR_DERIVED_FROM_REAL
20212022,2021020004,2021-10-13,WSH,NYR,0.573957,0.426043,WSH,1,WSH,1,0,REAL_NHL_API_OR_DERIVED_FROM_REAL
20212022,2021020005,2021-10-13,COL,CHI,0.590115,0.409885,COL,1,COL,1,0,REAL_NHL_API_OR_DERIVED_FROM_REAL
20212022,2021020006,2021-10-13,EDM,VAN,0.587573,0.412427,EDM,1,EDM,1,0,REAL_NHL_API_OR_DERIVED_FROM_REAL
20212022,2021020015,2021-10-13,ANA,WPG,0.508851,0.491149,ANA,1,ANA,1,0,REAL_NHL_API_OR_DERIVED_FROM_REAL
20212022,2021020007,2021-10-14,BUF,MTL,0.562304,0.437696,BUF,1,BUF,1,0,REAL_NHL_API_OR_DERIVED_FROM_REAL
20212022,2021020008,2021-10-14,OTT,TOR,0.637682,0.362318,OTT,1,OTT,1,0,REAL_NHL_API_OR_DERIVED_FROM_REAL
20212022,2021020009,2021-10-14,DET,TBL,0.53665,0.46335,DET,0,TBL,0,0,REAL_NHL_API_OR_DERIVED_FROM_REAL
20212022,2021020010,2021-10-14,FLA,PIT,0.530478,0.469522,FLA,1,FLA,1,0,REAL_NHL_API_OR_DERIVED_FROM_REAL
20212022,2021020011,2021-10-14,NYR,DAL,0.482689,0.517311,DAL,0,DAL,1,0,REAL_NHL_API_OR_DERIVED_FROM_REAL
20212022,2021020012,2021-10-14,CAR,NYI,0.544193,0.455807,CAR,1,CAR,1,0,REAL_NHL_API_OR_DERIVED_FROM_REAL
20212022,2021020013,2021-10-14,CBJ,UTA,0.540521,0.459479,CBJ,1,CBJ,1,0,REAL_NHL_API_OR_DERIVED_FROM_REAL
20212022,2021020014,2021-10-14,NSH,SEA,0.585026,0.414974,NSH,0,SEA,0,0,REAL_NHL_API_OR_DERIVED_FROM_REAL
20212022,2021020016,2021-10-14,LAK,VGK,0.5583,0.4417,LAK,1,LAK,1,0,REAL_NHL_API_OR_DERIVED_FROM_REAL
20212022,2021020017,2021-10-15,NJD,CHI,0.568161,0.431839,NJD,1,NJD,1,0,REAL_NHL_API_OR_DERIVED_FROM_REAL
20212022,2021020018,2021-10-15,PHI,VAN,0.533285,0.466715,PHI,0,VAN,0,0,REAL_NHL_API_OR_DERIVED_FROM_REAL
20212022,2021020019,2021-10-15,ANA,MIN,0.524051,0.475949,ANA,0,MIN,0,0,REAL_NHL_API_OR_DERIVED_FROM_REAL
20212022,2021020020,2021-10-16,BOS,DAL,0.514631,0.485369,BOS,1,BOS,1,0,REAL_NHL_API_OR_DERIVED_FROM_REAL
20212022,2021020021,2021-10-16,BUF,UTA,0.550113,0.449887,BUF,1,BUF,1,0,REAL_NHL_API_OR_DERIVED_FROM_REAL
20212022,2021020022,2021-10-16,TOR,OTT,0.610493,0.389507,TOR,1,TOR,1,0,REAL_NHL_API_OR_DERIVED_FROM_REAL
20212022,2021020023,2021-10-16,MTL,NYR,0.56901,0.43099,MTL,0,NYR,0,0,REAL_NHL_API_OR_DERIVED_FROM_REAL
20212022,2021020024,2021-10-16,DET,VAN,0.606387,0.393613,DET,1,DET,1,0,REAL_NHL_API_OR_DERIVED_FROM_REAL
20212022,2021020025,2021-10-16,FLA,NYI,0.458993,0.541007,NYI,1,FLA,0,0,REAL_NHL_API_OR_DERIVED_FROM_REAL
20212022,2021020026,2021-10-16,PIT,CHI,0.624005,0.375995,PIT,1,PIT,1,0,REAL_NHL_API_OR_DERIVED_FROM_REAL
20212022,2021020027,2021-10-16,WSH,TBL,0.543712,0.456288,WSH,0,TBL,0,0,REAL_NHL_API_OR_DERIVED_FROM_REAL
20212022,2021020028,2021-10-16,CBJ,SEA,0.643927,0.356073,CBJ,1,CBJ,1,0,REAL_NHL_API_OR_DERIVED_FROM_REAL
20212022,2021020029,2021-10-16,NSH,CAR,0.677576,0.322424,NSH,0,CAR,0,0,REAL_NHL_API_OR_DERIVED_FROM_REAL
20212022,2021020030,2021-10-16,COL,STL,0.564203,0.435797,COL,0,STL,0,0,REAL_NHL_API_OR_DERIVED_FROM_REAL
20212022,2021020031,2021-10-16,EDM,CGY,0.607702,0.392298,EDM,1,EDM,1,0,REAL_NHL_API_OR_DERIVED_FROM_REAL
20212022,2021020032,2021-10-16,LAK,MIN,0.495589,0.504411,MIN,0,MIN,1,0,REAL_NHL_API_OR_DERIVED_FROM_REAL
20212022,2021020033,2021-10-16,SJS,WPG,0.731044,0.268956,SJS,1,SJS,1,0,REAL_NHL_API_OR_DERIVED_FROM_REAL
20212022,2021020034,2021-10-17,OTT,DAL,0.47168,0.52832,DAL,1,OTT,0,0,REAL_NHL_API_OR_DERIVED_FROM_REAL
20212022,2021020035,2021-10-18,TOR,NYR,0.719227,0.280773,TOR,0,NYR,0,0,REAL_NHL_API_OR_DERIVED_FROM_REAL
20212022,2021020036,2021-10-18,PHI,SEA,0.39964,0.60036,SEA,1,PHI,0,0,REAL_NHL_API_OR_DERIVED_FROM_REAL
20212022,2021020037,2021-10-18,CGY,ANA,0.456949,0.543051,ANA,0,ANA,1,0,REAL_NHL_API_OR_DERIVED_FROM_REAL
20212022,2021020038,2021-10-18,UTA,STL,0.434164,0.565836,STL,0,STL,1,0,REAL_NHL_API_OR_DERIVED_FROM_REAL
20212022,2021020039,2021-10-19,BUF,VAN,0.544466,0.455534,BUF,1,BUF,1,0,REAL_NHL_API_OR_DERIVED_FROM_REAL
20212022,2021020040,2021-10-19,MTL,SJS,0.723119,0.276881,MTL,0,SJS,0,0,REAL_NHL_API_OR_DERIVED_FROM_REAL
20212022,2021020041,2021-10-19,DET,CBJ,0.557531,0.442469,DET,1,DET,1,0,REAL_NHL_API_OR_DERIVED_FROM_REAL
20212022,2021020042,2021-10-19,TBL,FLA,0.460591,0.539409,FLA,0,FLA,1,0,REAL_NHL_API_OR_DERIVED_FROM_REAL
20212022,2021020043,2021-10-19,NJD,SEA,0.547439,0.452561,NJD,1,NJD,1,0,REAL_NHL_API_OR_DERIVED_FROM_REAL
20212022,2021020044,2021-10-19,PIT,DAL,0.561816,0.438184,PIT,0,DAL,0,0,REAL_NHL_API_OR_DERIVED_FROM_REAL
20212022,2021020045,2021-10-19,WSH,COL,0.490845,0.509155,COL,1,WSH,0,0,REAL_NHL_API_OR_DERIVED_FROM_REAL
20212022,2021020046,2021-10-19,CHI,NYI,0.340885,0.659115,NYI,0,NYI,1,0,REAL_NHL_API_OR_DERIVED_FROM_REAL
20212022,2021020047,2021-10-19,NSH,LAK,0.6137,0.3863,NSH,1,NSH,1,0,REAL_NHL_API_OR_DERIVED_FROM_REAL
20212022,2021020048,2021-10-19,MIN,WPG,0.55483,0.44517,MIN,1,MIN,1,0,REAL_NHL_API_OR_DERIVED_FROM_REAL
20212022,2021020049,2021-10-19,EDM,ANA,0.573281,0.426719,EDM,1,EDM,1,0,REAL_NHL_API_OR_DERIVED_FROM_REAL
20212022,2021020050,2021-10-20,PHI,BOS,0.372966,0.627034,BOS,1,PHI,0,0,REAL_NHL_API_OR_DERIVED_FROM_REAL
20212022,2021020051,2021-10-20,VGK,STL,0.665235,0.334765,VGK,0,STL,0,0,REAL_NHL_API_OR_DERIVED_FROM_REAL
20212022,2021020052,2021-10-21,MTL,CAR,0.501196,0.498804,MTL,0,CAR,0,0,REAL_NHL_API_OR_DERIVED_FROM_REAL
20212022,2021020053,2021-10-21,OTT,SJS,0.666702,0.333298,OTT,0,SJS,0,0,REAL_NHL_API_OR_DERIVED_FROM_REAL
20212022,2021020054,2021-10-21,DET,CGY,0.265669,0.734331,CGY,0,CGY,1,0,REAL_NHL_API_OR_DERIVED_FROM_REAL
20212022,2021020055,2021-10-21,FLA,COL,0.523867,0.476133,FLA,1,FLA,1,0,REAL_NHL_API_OR_DERIVED_FROM_REAL
20212022,2021020056,2021-10-21,NJD,WSH,0.567917,0.432083,NJD,0,WSH,0,0,REAL_NHL_API_OR_DERIVED_FROM_REAL
20212022,2021020057,2021-10-21,CBJ,NYI,0.589214,0.410786,CBJ,1,CBJ,1,0,REAL_NHL_API_OR_DERIVED_FROM_REAL
20212022,2021020058,2021-10-21,CHI,VAN,0.580307,0.419693,CHI,0,VAN,0,0,REAL_NHL_API_OR_DERIVED_FROM_REAL
20212022,2021020059,2021-10-21,NSH,NYR,0.45301,0.54699,NYR,0,NYR,1,0,REAL_NHL_API_OR_DERIVED_FROM_REAL
20212022,2021020060,2021-10-21,WPG,ANA,0.455231,0.544769,ANA,1,WPG,0,0,REAL_NHL_API_OR_DERIVED_FROM_REAL
20212022,2021020061,2021-10-21,UTA,EDM,0.616622,0.383378,UTA,0,EDM,0,0,REAL_NHL_API_OR_DERIVED_FROM_REAL
20212022,2021020062,2021-10-22,BUF,BOS,0.522553,0.477447,BUF,0,BOS,0,0,REAL_NHL_API_OR_DERIVED_FROM_REAL
20212022,2021020063,2021-10-22,TOR,SJS,0.758712,0.241288,TOR,0,SJS,0,0,REAL_NHL_API_OR_DERIVED_FROM_REAL
20212022,2021020064,2021-10-22,DAL,LAK,0.602995,0.397005,DAL,1,DAL,1,0,REAL_NHL_API_OR_DERIVED_FROM_REAL
20212022,2021020065,2021-10-22,VGK,EDM,0.54965,0.45035,VGK,0,EDM,0,0,REAL_NHL_API_OR_DERIVED_FROM_REAL
20212022,2021020066,2021-10-23,MTL,DET,0.502556,0.497444,MTL,1,MTL,1,0,REAL_NHL_API_OR_DERIVED_FROM_REAL
20212022,2021020067,2021-10-23,OTT,NYR,0.642114,0.357886,OTT,0,NYR,0,0,REAL_NHL_API_OR_DERIVED_FROM_REAL
20212022,2021020068,2021-10-23,TBL,COL,0.497893,0.502107,COL,0,COL,1,0,REAL_NHL_API_OR_DERIVED_FROM_REAL
20212022,2021020069,2021-10-23,NJD,BUF,0.615683,0.384317,NJD,1,NJD,1,0,REAL_NHL_API_OR_DERIVED_FROM_REAL
20212022,2021020070,2021-10-23,PHI,FLA,0.538935,0.461065,PHI,0,FLA,0,0,REAL_NHL_API_OR_DERIVED_FROM_REAL
20212022,2021020071,2021-10-23,PIT,TOR,0.56954,0.43046,PIT,1,PIT,1,0,REAL_NHL_API_OR_DERIVED_FROM_REAL
20212022,2021020072,2021-10-23,WSH,CGY,0.544029,0.455971,WSH,0,CGY,0,0,REAL_NHL_API_OR_DERIVED_FROM_REAL
20212022,2021020073,2021-10-23,CBJ,CAR,0.608719,0.391281,CBJ,0,CAR,0,0,REAL_NHL_API_OR_DERIVED_FROM_REAL
20212022,2021020074,2021-10-23,STL,LAK,0.407116,0.592884,LAK,1,STL,0,0,REAL_NHL_API_OR_DERIVED_FROM_REAL
20212022,2021020075,2021-10-23,MIN,ANA,0.530084,0.469916,MIN,1,MIN,1,0,REAL_NHL_API_OR_DERIVED_FROM_REAL
20212022,2021020076,2021-10-23,WPG,NSH,0.409621,0.590379,NSH,1,WPG,0,0,REAL_NHL_API_OR_DERIVED_FROM_REAL
20212022,2021020077,2021-10-23,UTA,NYI,0.507502,0.492498,UTA,0,NYI,0,0,REAL_NHL_API_OR_DERIVED_FROM_REAL
20212022,2021020078,2021-10-23,SEA,VAN,0.525775,0.474225,SEA,0,VAN,0,0,REAL_NHL_API_OR_DERIVED_FROM_REAL
20212022,2021020079,2021-10-24,BOS,SJS,0.652742,0.347258,BOS,1,BOS,1,0,REAL_NHL_API_OR_DERIVED_FROM_REAL
20212022,2021020080,2021-10-24,CHI,DET,0.49972,0.50028,DET,0,DET,1,0,REAL_NHL_API_OR_DERIVED_FROM_REAL
20212022,2021020081,2021-10-24,MIN,NSH,0.531623,0.468377,MIN,0,NSH,0,0,REAL_NHL_API_OR_DERIVED_FROM_REAL
20212022,2021020082,2021-10-24,VGK,NYI,0.715784,0.284216,VGK,0,NYI,0,0,REAL_NHL_API_OR_DERIVED_FROM_REAL
20212022,2021020083,2021-10-25,BUF,TBL,0.55802,0.44198,BUF,1,BUF,1,0,REAL_NHL_API_OR_DERIVED_FROM_REAL
20212022,2021020084,2021-10-25,OTT,WSH,0.447359,0.552641,WSH,0,WSH,1,0,REAL_NHL_API_OR_DERIVED_FROM_REAL
20212022,2021020085,2021-10-25,FLA,UTA,0.671147,0.328853,FLA,1,FLA,1,0,REAL_NHL_API_OR_DERIVED_FROM_REAL
20212022,2021020086,2021-10-25,NYR,CGY,0.608503,0.391497,NYR,0,CGY,0,0,REAL_NHL_API_OR_DERIVED_FROM_REAL
20212022,2021020087,2021-10-25,CAR,TOR,0.515101,0.484899,CAR,1,CAR,1,0,REAL_NHL_API_OR_DERIVED_FROM_REAL
20212022,2021020088,2021-10-25,CBJ,DAL,0.481184,0.518816,DAL,1,CBJ,0,0,REAL_NHL_API_OR_DERIVED_FROM_REAL
20212022,2021020089,2021-10-25,STL,LAK,0.507343,0.492657,STL,1,STL,1,0,REAL_NHL_API_OR_DERIVED_FROM_REAL
20212022,2021020090,2021-10-26,NJD,CGY,0.674767,0.325233,NJD,0,CGY,0,0,REAL_NHL_API_OR_DERIVED_FROM_REAL
20212022,2021020091,2021-10-26,PIT,TBL,0.582997,0.417003,PIT,0,TBL,0,0,REAL_NHL_API_OR_DERIVED_FROM_REAL
20212022,2021020092,2021-10-26,NSH,SJS,0.461208,0.538792,SJS,1,NSH,0,0,REAL_NHL_API_OR_DERIVED_FROM_REAL
20212022,2021020093,2021-10-26,COL,VGK,0.499583,0.500417,VGK,0,VGK,1,0,REAL_NHL_API_OR_DERIVED_FROM_REAL
20212022,2021020094,2021-10-26,VAN,MIN,0.646706,0.353294,VAN,0,MIN,0,0,REAL_NHL_API_OR_DERIVED_FROM_REAL
20212022,2021020095,2021-10-26,ANA,WPG,0.712179,0.287821,ANA,0,WPG,0,0,REAL_NHL_API_OR_DERIVED_FROM_REAL
20212022,2021020096,2021-10-26,SEA,MTL,0.575032,0.424968,SEA,1,SEA,1,0,REAL_NHL_API_OR_DERIVED_FROM_REAL
20212022,2021020097,2021-10-27,FLA,BOS,0.517917,0.482083,FLA,1,FLA,1,0,REAL_NHL_API_OR_DERIVED_FROM_REAL
20212022,2021020098,2021-10-27,WSH,DET,0.603087,0.396913,WSH,0,DET,0,0,REAL_NHL_API_OR_DERIVED_FROM_REAL
20212022,2021020099,2021-10-27,CHI,TOR,0.631095,0.368905,CHI,0,TOR,0,0,REAL_NHL_API_OR_DERIVED_FROM_REAL
20212022,2021020100,2021-10-27,DAL,VGK,0.710659,0.289341,DAL,0,VGK,0,0,REAL_NHL_API_OR_DERIVED_FROM_REAL
20212022,2021020101,2021-10-27,EDM,PHI,0.5093,0.4907,EDM,0,PHI,0,0,REAL_NHL_API_OR_DERIVED_FROM_REAL
20212022,2021020102,2021-10-28,TBL,UTA,0.473202,0.526798,UTA,1,TBL,0,0,REAL_NHL_API_OR_DERIVED_FROM_REAL
20212022,2021020103,2021-10-28,PIT,CGY,0.378031,0.621969,CGY,0,CGY,1,0,REAL_NHL_API_OR_DERIVED_FROM_REAL
20212022,2021020104,2021-10-28,CAR,BOS,0.541454,0.458546,CAR,1,CAR,1,0,REAL_NHL_API_OR_DERIVED_FROM_REAL
20212022,2021020105,2021-10-28,STL,COL,0.416181,0.583819,COL,0,COL,1,0,REAL_NHL_API_OR_DERIVED_FROM_REAL
20212022,2021020106,2021-10-28,VAN,PHI,0.441293,0.558707,PHI,0,PHI,1,0,REAL_NHL_API_OR_DERIVED_FROM_REAL
20212022,2021020107,2021-10-28,ANA,BUF,0.474204,0.525796,BUF,0,BUF,1,0,REAL_NHL_API_OR_DERIVED_FROM_REAL
20212022,2021020108,2021-10-28,LAK,WPG,0.629811,0.370189,LAK,0,WPG,0,0,REAL_NHL_API_OR_DERIVED_FROM_REAL
20212022,2021020109,2021-10-28,SJS,MTL,0.533074,0.466926,SJS,0,MTL,0,0,REAL_NHL_API_OR_DERIVED_FROM_REAL
20212022,2021020110,2021-10-28,SEA,MIN,0.472263,0.527737,MIN,1,SEA,0,0,REAL_NHL_API_OR_DERIVED_FROM_REAL
20212022,2021020111,2021-10-29,DET,FLA,0.514923,0.485077,DET,0,FLA,0,0,REAL_NHL_API_OR_DERIVED_FROM_REAL
20212022,2021020112,2021-10-29,NYR,CBJ,0.552408,0.447592,NYR,1,NYR,1,0,REAL_NHL_API_OR_DERIVED_FROM_REAL
20212022,2021020113,2021-10-29,WSH,UTA,0.477145,0.522855,UTA,1,WSH,0,0,REAL_NHL_API_OR_DERIVED_FROM_REAL
20212022,2021020114,2021-10-29,CAR,CHI,0.530679,0.469321,CAR,1,CAR,1,0,REAL_NHL_API_OR_DERIVED_FROM_REAL
20212022,2021020115,2021-10-29,DAL,OTT,0.54783,0.45217,DAL,0,OTT,0,0,REAL_NHL_API_OR_DERIVED_FROM_REAL
20212022,2021020116,2021-10-29,VGK,ANA,0.561454,0.438546,VGK,1,VGK,1,0,REAL_NHL_API_OR_DERIVED_FROM_REAL
20212022,2021020117,2021-10-30,BOS,FLA,0.498684,0.501316,FLA,1,BOS,0,0,REAL_NHL_API_OR_DERIVED_FROM_REAL
20212022,2021020118,2021-10-30,TOR,DET,0.484305,0.515695,DET,1,TOR,0,0,REAL_NHL_API_OR_DERIVED_FROM_REAL
20212022,2021020119,2021-10-30,PIT,NJD,0.669299,0.330701,PIT,0,NJD,0,0,REAL_NHL_API_OR_DERIVED_FROM_REAL
20212022,2021020120,2021-10-30,STL,CHI,0.627254,0.372746,STL,1,STL,1,0,REAL_NHL_API_OR_DERIVED_FROM_REAL
20212022,2021020121,2021-10-30,NSH,NYI,0.517455,0.482545,NSH,1,NSH,1,0,REAL_NHL_API_OR_DERIVED_FROM_REAL
20212022,2021020122,2021-10-30,COL,MIN,0.464469,0.535531,MIN,1,COL,0,0,REAL_NHL_API_OR_DERIVED_FROM_REAL
20212022,2021020123,2021-10-30,CGY,PHI,0.502284,0.497716,CGY,1,CGY,1,0,REAL_NHL_API_OR_DERIVED_FROM_REAL
20212022,2021020124,2021-10-30,VAN,EDM,0.598939,0.401061,VAN,0,EDM,0,0,REAL_NHL_API_OR_DERIVED_FROM_REAL
20212022,2021020125,2021-10-30,LAK,MTL,0.744615,0.255385,LAK,1,LAK,1,0,REAL_NHL_API_OR_DERIVED_FROM_REAL
20212022,2021020126,2021-10-30,SJS,WPG,0.740484,0.259516,SJS,1,SJS,1,0,REAL_NHL_API_OR_DERIVED_FROM_REAL
20212022,2021020127,2021-10-31,NJD,CBJ,0.442149,0.557851,CBJ,0,CBJ,1,0,REAL_NHL_API_OR_DERIVED_FROM_REAL
20212022,2021020128,2021-10-31,CAR,UTA,0.628848,0.371152,CAR,1,CAR,1,0,REAL_NHL_API_OR_DERIVED_FROM_REAL
20212022,2021020129,2021-10-31,ANA,MTL,0.748853,0.251147,ANA,1,ANA,1,0,REAL_NHL_API_OR_DERIVED_FROM_REAL
20212022,2021020130,2021-10-31,LAK,BUF,0.445394,0.554606,BUF,1,LAK,0,0,REAL_NHL_API_OR_DERIVED_FROM_REAL
20212022,2021020131,2021-10-31,SEA,NYR,0.47793,0.52207,NYR,0,NYR,1,0,REAL_NHL_API_OR_DERIVED_FROM_REAL
20212022,2021020132,2021-11-01,TBL,WSH,0.682448,0.317552,TBL,1,TBL,1,0,REAL_NHL_API_OR_DERIVED_FROM_REAL
20212022,2021020133,2021-11-01,CHI,OTT,0.63182,0.36818,CHI,1,CHI,1,0,REAL_NHL_API_OR_DERIVED_FROM_REAL
20212022,2021020134,2021-11-01,EDM,SEA,0.525485,0.474515,EDM,1,EDM,1,0,REAL_NHL_API_OR_DERIVED_FROM_REAL
20212022,2021020135,2021-11-02,TOR,VGK,0.524781,0.475219,TOR,1,TOR,1,0,REAL_NHL_API_OR_DERIVED_FROM_REAL
20212022,2021020136,2021-11-02,MTL,DET,0.470331,0.529669,DET,1,MTL,0,0,REAL_NHL_API_OR_DERIVED_FROM_REAL
20212022,2021020137,2021-11-02,PHI,UTA,0.544775,0.455225,PHI,1,PHI,1,0,REAL_NHL_API_OR_DERIVED_FROM_REAL
20212022,2021020138,2021-11-02,MIN,OTT,0.544371,0.455629,MIN,1,MIN,1,0,REAL_NHL_API_OR_DERIVED_FROM_REAL
20212022,2021020139,2021-11-02,WPG,DAL,0.504485,0.495515,WPG,1,WPG,1,0,REAL_NHL_API_OR_DERIVED_FROM_REAL
20212022,2021020140,2021-11-02,CGY,NSH,0.603821,0.396179,CGY,0,NSH,0,0,REAL_NHL_API_OR_DERIVED_FROM_REAL
20212022,2021020141,2021-11-02,VAN,NYR,0.648251,0.351749,VAN,1,VAN,1,0,REAL_NHL_API_OR_DERIVED_FROM_REAL
20212022,2021020142,2021-11-02,ANA,NJD,0.514667,0.485333,ANA,1,ANA,1,0,REAL_NHL_API_OR_DERIVED_FROM_REAL
20212022,2021020143,2021-11-02,SJS,BUF,0.633394,0.366606,SJS,1,SJS,1,0,REAL_NHL_API_OR_DERIVED_FROM_REAL
20212022,2021020144,2021-11-03,CHI,CAR,0.440426,0.559574,CAR,0,CAR,1,0,REAL_NHL_API_OR_DERIVED_FROM_REAL
20212022,2021020145,2021-11-03,COL,CBJ,0.568632,0.431368,COL,0,CBJ,0,0,REAL_NHL_API_OR_DERIVED_FROM_REAL
20212022,2021020146,2021-11-03,EDM,NSH,0.590152,0.409848,EDM,1,EDM,1,0,REAL_NHL_API_OR_DERIVED_FROM_REAL
20212022,2021020147,2021-11-03,LAK,STL,0.544251,0.455749,LAK,1,LAK,1,0,REAL_NHL_API_OR_DERIVED_FROM_REAL
20212022,2021020148,2021-11-04,BOS,DET,0.54984,0.45016,BOS,1,BOS,1,0,REAL_NHL_API_OR_DERIVED_FROM_REAL
20212022,2021020149,2021-11-04,TOR,TBL,0.482054,0.517946,TBL,1,TOR,0,0,REAL_NHL_API_OR_DERIVED_FROM_REAL
20212022,2021020150,2021-11-04,MTL,NYI,0.487837,0.512163,NYI,0,NYI,1,0,REAL_NHL_API_OR_DERIVED_FROM_REAL
20212022,2021020151,2021-11-04,OTT,VGK,0.41478,0.58522,VGK,0,VGK,1,0,REAL_NHL_API_OR_DERIVED_FROM_REAL
20212022,2021020152,2021-11-04,FLA,WSH,0.735538,0.264462,FLA,1,FLA,1,0,REAL_NHL_API_OR_DERIVED_FROM_REAL
20212022,2021020153,2021-11-04,PIT,PHI,0.538882,0.461118,PIT,1,PIT,1,0,REAL_NHL_API_OR_DERIVED_FROM_REAL
20212022,2021020154,2021-11-04,CGY,DAL,0.621617,0.378383,CGY,0,DAL,0,0,REAL_NHL_API_OR_DERIVED_FROM_REAL
20212022,2021020155,2021-11-04,SJS,STL,0.503805,0.496195,SJS,0,STL,0,0,REAL_NHL_API_OR_DERIVED_FROM_REAL
20212022,2021020156,2021-11-04,SEA,BUF,0.43408,0.56592,BUF,1,SEA,0,0,REAL_NHL_API_OR_DERIVED_FROM_REAL
20212022,2021020157,2021-11-05,WPG,CHI,0.550234,0.449766,WPG,1,WPG,1,0,REAL_NHL_API_OR_DERIVED_FROM_REAL
20212022,2021020158,2021-11-05,EDM,NYR,0.647207,0.352793,EDM,1,EDM,1,0,REAL_NHL_API_OR_DERIVED_FROM_REAL
20212022,2021020159,2021-11-05,VAN,NSH,0.606755,0.393245,VAN,0,NSH,0,0,REAL_NHL_API_OR_DERIVED_FROM_REAL
20212022,2021020160,2021-11-05,ANA,UTA,0.319669,0.680331,UTA,1,ANA,0,0,REAL_NHL_API_OR_DERIVED_FROM_REAL
20212022,2021020161,2021-11-05,LAK,NJD,0.552545,0.447455,LAK,1,LAK,1,0,REAL_NHL_API_OR_DERIVED_FROM_REAL
20212022,2021020162,2021-11-06,BUF,DET,0.482529,0.517471,DET,0,DET,1,0,REAL_NHL_API_OR_DERIVED_FROM_REAL
20212022,2021020163,2021-11-06,TOR,BOS,0.465653,0.534347,BOS,1,TOR,0,0,REAL_NHL_API_OR_DERIVED_FROM_REAL
20212022,2021020164,2021-11-06,MTL,VGK,0.447455,0.552545,VGK,0,VGK,1,0,REAL_NHL_API_OR_DERIVED_FROM_REAL
20212022,2021020165,2021-11-06,OTT,TBL,0.497654,0.502346,TBL,0,TBL,1,0,REAL_NHL_API_OR_DERIVED_FROM_REAL
20212022,2021020166,2021-11-06,FLA,CAR,0.441394,0.558606,CAR,1,FLA,0,0,REAL_NHL_API_OR_DERIVED_FROM_REAL
20212022,2021020167,2021-11-06,PIT,MIN,0.574849,0.425151,PIT,0,MIN,0,0,REAL_NHL_API_OR_DERIVED_FROM_REAL
20212022,2021020168,2021-11-06,WSH,PHI,0.429538,0.570462,PHI,0,PHI,1,0,REAL_NHL_API_OR_DERIVED_FROM_REAL
20212022,2021020169,2021-11-06,CBJ,COL,0.645891,0.354109,CBJ,1,CBJ,1,0,REAL_NHL_API_OR_DERIVED_FROM_REAL
20212022,2021020170,2021-11-06,WPG,NYI,0.540026,0.459974,WPG,0,NYI,0,0,REAL_NHL_API_OR_DERIVED_FROM_REAL
20212022,2021020171,2021-11-06,CGY,NYR,0.466185,0.533815,NYR,1,CGY,0,0,REAL_NHL_API_OR_DERIVED_FROM_REAL
20212022,2021020172,2021-11-06,UTA,SEA,0.6338,0.3662,UTA,1,UTA,1,0,REAL_NHL_API_OR_DERIVED_FROM_REAL
20212022,2021020173,2021-11-06,SJS,NJD,0.620435,0.379565,SJS,0,NJD,0,0,REAL_NHL_API_OR_DERIVED_FROM_REAL
20212022,2021020174,2021-11-07,DET,VGK,0.556001,0.443999,DET,1,DET,1,0,REAL_NHL_API_OR_DERIVED_FROM_REAL
20212022,2021020175,2021-11-07,CHI,NSH,0.459604,0.540396,NSH,1,CHI,0,0,REAL_NHL_API_OR_DERIVED_FROM_REAL
20212022,2021020176,2021-11-07,MIN,NYI,0.373304,0.626696,NYI,1,MIN,0,0,REAL_NHL_API_OR_DERIVED_FROM_REAL
20212022,2021020177,2021-11-07,VAN,DAL,0.561327,0.438673,VAN,1,VAN,1,0,REAL_NHL_API_OR_DERIVED_FROM_REAL
20212022,2021020178,2021-11-07,ANA,STL,0.435126,0.564874,STL,1,ANA,0,0,REAL_NHL_API_OR_DERIVED_FROM_REAL
20212022,2021020179,2021-11-08,TOR,LAK,0.518527,0.481473,TOR,0,LAK,0,0,REAL_NHL_API_OR_DERIVED_FROM_REAL
20212022,2021020180,2021-11-08,NYR,FLA,0.578069,0.421931,NYR,1,NYR,1,0,REAL_NHL_API_OR_DERIVED_FROM_REAL
20212022,2021020181,2021-11-08,WSH,BUF,0.499371,0.500629,BUF,1,WSH,0,0,REAL_NHL_API_OR_DERIVED_FROM_REAL
20212022,2021020182,2021-11-09,BOS,OTT,0.496346,0.503654,OTT,1,BOS,0,0,REAL_NHL_API_OR_DERIVED_FROM_REAL
20212022,2021020183,2021-11-09,MTL,LAK,0.538225,0.461775,MTL,0,LAK,0,0,REAL_NHL_API_OR_DERIVED_FROM_REAL
20212022,2021020184,2021-11-09,DET,EDM,0.550811,0.449189,DET,1,DET,1,0,REAL_NHL_API_OR_DERIVED_FROM_REAL
20212022,2021020185,2021-11-09,TBL,CAR,0.59698,0.40302,TBL,0,CAR,0,0,REAL_NHL_API_OR_DERIVED_FROM_REAL
20212022,2021020186,2021-11-09,NJD,FLA,0.77921,0.22079,NJD,1,NJD,1,0,REAL_NHL_API_OR_DERIVED_FROM_REAL
20212022,2021020187,2021-11-09,CHI,PIT,0.426477,0.573523,PIT,1,CHI,0,0,REAL_NHL_API_OR_DERIVED_FROM_REAL
20212022,2021020188,2021-11-09,WPG,STL,0.543913,0.456087,WPG,0,STL,0,0,REAL_NHL_API_OR_DERIVED_FROM_REAL
20212022,2021020189,2021-11-09,CGY,SJS,0.475491,0.524509,SJS,0,SJS,1,0,REAL_NHL_API_OR_DERIVED_FROM_REAL
20212022,2021020190,2021-11-09,VAN,ANA,0.588297,0.411703,VAN,0,ANA,0,0,REAL_NHL_API_OR_DERIVED_FROM_REAL
20212022,2021020191,2021-11-09,VGK,SEA,0.741058,0.258942,VGK,1,VGK,1,0,REAL_NHL_API_OR_DERIVED_FROM_REAL
20212022,2021020192,2021-11-10,PHI,TOR,0.46488,0.53512,TOR,0,TOR,1,0,REAL_NHL_API_OR_DERIVED_FROM_REAL
20212022,2021020193,2021-11-10,DAL,NSH,0.450608,0.549392,NSH,0,NSH,1,0,REAL_NHL_API_OR_DERIVED_FROM_REAL
20212022,2021020194,2021-11-10,UTA,MIN,0.441464,0.558536,MIN,0,MIN,1,0,REAL_NHL_API_OR_DERIVED_FROM_REAL
20212022,2021020195,2021-11-11,BOS,EDM,0.650537,0.349463,BOS,0,EDM,0,0,REAL_NHL_API_OR_DERIVED_FROM_REAL
20212022,2021020196,2021-11-11,MTL,CGY,0.538015,0.461985,MTL,1,MTL,1,0,REAL_NHL_API_OR_DERIVED_FROM_REAL
20212022,2021020197,2021-11-11,OTT,LAK,0.667038,0.332962,OTT,0,LAK,0,0,REAL_NHL_API_OR_DERIVED_FROM_REAL
20212022,2021020198,2021-11-11,DET,WSH,0.411368,0.588632,WSH,0,WSH,1,0,REAL_NHL_API_OR_DERIVED_FROM_REAL
20212022,2021020199,2021-11-11,NJD,NYI,0.504065,0.495935,NJD,1,NJD,1,0,REAL_NHL_API_OR_DERIVED_FROM_REAL
20212022,2021020200,2021-11-11,PIT,FLA,0.622561,0.377439,PIT,1,PIT,1,0,REAL_NHL_API_OR_DERIVED_FROM_REAL
20212022,2021020201,2021-11-11,STL,NSH,0.478344,0.521656,NSH,0,NSH,1,0,REAL_NHL_API_OR_DERIVED_FROM_REAL
20212022,2021020202,2021-11-11,WPG,SJS,0.578869,0.421131,WPG,1,WPG,1,0,REAL_NHL_API_OR_DERIVED_FROM_REAL
20212022,2021020203,2021-11-11,COL,VAN,0.486805,0.513195,VAN,1,COL,0,0,REAL_NHL_API_OR_DERIVED_FROM_REAL
20212022,2021020204,2021-11-11,VGK,MIN,0.501463,0.498537,VGK,1,VGK,1,0,REAL_NHL_API_OR_DERIVED_FROM_REAL
20212022,2021020205,2021-11-11,SEA,ANA,0.512095,0.487905,SEA,0,ANA,0,0,REAL_NHL_API_OR_DERIVED_FROM_REAL
20212022,2021020206,2021-11-12,BUF,EDM,0.576891,0.423109,BUF,1,BUF,1,0,REAL_NHL_API_OR_DERIVED_FROM_REAL
20212022,2021020207,2021-11-12,TOR,CGY,0.63855,0.36145,TOR,1,TOR,1,0,REAL_NHL_API_OR_DERIVED_FROM_REAL
20212022,2021020208,2021-11-12,CAR,PHI,0.64234,0.35766,CAR,0,PHI,0,0,REAL_NHL_API_OR_DERIVED_FROM_REAL
20212022,2021020209,2021-11-12,CBJ,WSH,0.567789,0.432211,CBJ,0,WSH,0,0,REAL_NHL_API_OR_DERIVED_FROM_REAL
20212022,2021020210,2021-11-12,CHI,UTA,0.464389,0.535611,UTA,1,CHI,0,0,REAL_NHL_API_OR_DERIVED_FROM_REAL
20212022,2021020211,2021-11-13,BUF,TOR,0.491488,0.508512,TOR,0,TOR,1,0,REAL_NHL_API_OR_DERIVED_FROM_REAL
20212022,2021020212,2021-11-13,OTT,PIT,0.676619,0.323381,OTT,1,OTT,1,0,REAL_NHL_API_OR_DERIVED_FROM_REAL
20212022,2021020213,2021-11-13,DET,MTL,0.726702,0.273298,DET,1,DET,1,0,REAL_NHL_API_OR_DERIVED_FROM_REAL
20212022,2021020214,2021-11-13,TBL,FLA,0.613893,0.386107,TBL,1,TBL,1,0,REAL_NHL_API_OR_DERIVED_FROM_REAL
20212022,2021020215,2021-11-13,NJD,BOS,0.491615,0.508385,BOS,0,BOS,1,0,REAL_NHL_API_OR_DERIVED_FROM_REAL
20212022,2021020216,2021-11-13,CAR,STL,0.723193,0.276807,CAR,1,CAR,1,0,REAL_NHL_API_OR_DERIVED_FROM_REAL
20212022,2021020217,2021-11-13,CBJ,NYR,0.589889,0.410111,CBJ,0,NYR,0,0,REAL_NHL_API_OR_DERIVED_FROM_REAL
20212022,2021020218,2021-11-13,NSH,UTA,0.609649,0.390351,NSH,1,NSH,1,0,REAL_NHL_API_OR_DERIVED_FROM_REAL
20212022,2021020219,2021-11-13,DAL,PHI,0.50386,0.49614,DAL,1,DAL,1,0,REAL_NHL_API_OR_DERIVED_FROM_REAL
20212022,2021020220,2021-11-13,WPG,LAK,0.542291,0.457709,WPG,1,WPG,1,0,REAL_NHL_API_OR_DERIVED_FROM_REAL
20212022,2021020221,2021-11-13,COL,SJS,0.55182,0.44818,COL,1,COL,1,0,REAL_NHL_API_OR_DERIVED_FROM_REAL
20212022,2021020222,2021-11-13,VGK,VAN,0.493621,0.506379,VAN,1,VGK,0,0,REAL_NHL_API_OR_DERIVED_FROM_REAL
20212022,2021020223,2021-11-13,SEA,MIN,0.570282,0.429718,SEA,0,MIN,0,0,REAL_NHL_API_OR_DERIVED_FROM_REAL
20212022,2021020224,2021-11-14,BOS,MTL,0.500539,0.499461,BOS,1,BOS,1,0,REAL_NHL_API_OR_DERIVED_FROM_REAL
20212022,2021020225,2021-11-14,OTT,CGY,0.432032,0.567968,CGY,0,CGY,1,0,REAL_NHL_API_OR_DERIVED_FROM_REAL
20212022,2021020226,2021-11-14,NYR,NJD,0.450149,0.549851,NJD,1,NYR,0,0,REAL_NHL_API_OR_DERIVED_FROM_REAL
20212022,2021020227,2021-11-14,WSH,PIT,0.577022,0.422978,WSH,1,WSH,1,0,REAL_NHL_API_OR_DERIVED_FROM_REAL
20212022,2021020228,2021-11-14,STL,EDM,0.616973,0.383027,STL,0,EDM,0,0,REAL_NHL_API_OR_DERIVED_FROM_REAL
20212022,2021020229,2021-11-14,ANA,VAN,0.417317,0.582683,VAN,1,ANA,0,0,REAL_NHL_API_OR_DERIVED_FROM_REAL
20212022,2021020230,2021-11-15,TBL,NYI,0.60636,0.39364,TBL,1,TBL,1,0,REAL_NHL_API_OR_DERIVED_FROM_REAL
20212022,2021020231,2021-11-15,CBJ,DET,0.641964,0.358036,CBJ,1,CBJ,1,0,REAL_NHL_API_OR_DERIVED_FROM_REAL
20212022,2021020232,2021-11-16,TOR,NSH,0.459108,0.540892,NSH,1,TOR,0,0,REAL_NHL_API_OR_DERIVED_FROM_REAL
20212022,2021020233,2021-11-16,FLA,NYI,0.482752,0.517248,NYI,1,FLA,0,0,REAL_NHL_API_OR_DERIVED_FROM_REAL
20212022,2021020235,2021-11-16,NYR,MTL,0.405069,0.594931,MTL,1,NYR,0,0,REAL_NHL_API_OR_DERIVED_FROM_REAL
20212022,2021020236,2021-11-16,PHI,CGY,0.673936,0.326064,PHI,1,PHI,1,0,REAL_NHL_API_OR_DERIVED_FROM_REAL
20212022,2021020237,2021-11-16,PIT,BUF,0.507811,0.492189,PIT,0,BUF,0,0,REAL_NHL_API_OR_DERIVED_FROM_REAL
20212022,2021020238,2021-11-16,STL,UTA,0.519726,0.480274,STL,0,UTA,0,0,REAL_NHL_API_OR_DERIVED_FROM_REAL
20212022,2021020239,2021-11-16,DAL,DET,0.53446,0.46554,DAL,1,DAL,1,0,REAL_NHL_API_OR_DERIVED_FROM_REAL
20212022,2021020240,2021-11-16,MIN,SJS,0.543226,0.456774,MIN,0,SJS,0,0,REAL_NHL_API_OR_DERIVED_FROM_REAL
20212022,2021020241,2021-11-16,WPG,EDM,0.702266,0.297734,WPG,1,WPG,1,0,REAL_NHL_API_OR_DERIVED_FROM_REAL
20212022,2021020242,2021-11-16,VGK,CAR,0.502337,0.497663,VGK,0,CAR,0,0,REAL_NHL_API_OR_DERIVED_FROM_REAL
20212022,2021020243,2021-11-16,ANA,WSH,0.458772,0.541228,WSH,1,ANA,0,0,REAL_NHL_API_OR_DERIVED_FROM_REAL
20212022,2021020244,2021-11-17,VAN,COL,0.575178,0.424822,VAN,0,COL,0,0,REAL_NHL_API_OR_DERIVED_FROM_REAL
20212022,2021020245,2021-11-17,LAK,WSH,0.606514,0.393486,LAK,0,WSH,0,0,REAL_NHL_API_OR_DERIVED_FROM_REAL
20212022,2021020246,2021-11-17,SEA,CHI,0.408219,0.591781,CHI,0,CHI,1,0,REAL_NHL_API_OR_DERIVED_FROM_REAL
20212022,2021020247,2021-11-18,BUF,CGY,0.491611,0.508389,CGY,0,CGY,1,0,REAL_NHL_API_OR_DERIVED_FROM_REAL
20212022,2021020248,2021-11-18,TOR,NYR,0.540576,0.459424,TOR,1,TOR,1,0,REAL_NHL_API_OR_DERIVED_FROM_REAL
20212022,2021020249,2021-11-18,MTL,PIT,0.693233,0.306767,MTL,0,PIT,0,0,REAL_NHL_API_OR_DERIVED_FROM_REAL
20212022,2021020251,2021-11-18,FLA,NJD,0.422997,0.577003,NJD,1,FLA,0,0,REAL_NHL_API_OR_DERIVED_FROM_REAL
20212022,2021020252,2021-11-18,PHI,TBL,0.567241,0.432759,PHI,0,TBL,0,0,REAL_NHL_API_OR_DERIVED_FROM_REAL
20212022,2021020253,2021-11-18,STL,SJS,0.66329,0.33671,STL,1,STL,1,0,REAL_NHL_API_OR_DERIVED_FROM_REAL
20212022,2021020254,2021-11-18,MIN,DAL,0.594093,0.405907,MIN,1,MIN,1,0,REAL_NHL_API_OR_DERIVED_FROM_REAL
20212022,2021020255,2021-11-18,EDM,WPG,0.535924,0.464076,EDM,1,EDM,1,0,REAL_NHL_API_OR_DERIVED_FROM_REAL
20212022,2021020256,2021-11-18,UTA,CBJ,0.558271,0.441729,UTA,0,CBJ,0,0,REAL_NHL_API_OR_DERIVED_FROM_REAL
20212022,2021020257,2021-11-18,VGK,DET,0.654125,0.345875,VGK,1,VGK,1,0,REAL_NHL_API_OR_DERIVED_FROM_REAL
20212022,2021020258,2021-11-18,ANA,CAR,0.450414,0.549586,CAR,0,CAR,1,0,REAL_NHL_API_OR_DERIVED_FROM_REAL
20212022,2021020259,2021-11-19,VAN,WPG,0.507384,0.492616,VAN,1,VAN,1,0,REAL_NHL_API_OR_DERIVED_FROM_REAL
20212022,2021020260,2021-11-19,SEA,COL,0.501579,0.498421,SEA,0,COL,0,0,REAL_NHL_API_OR_DERIVED_FROM_REAL
20212022,2021020261,2021-11-20,TOR,PIT,0.588185,0.411815,TOR,0,PIT,0,0,REAL_NHL_API_OR_DERIVED_FROM_REAL
20212022,2021020262,2021-11-20,MTL,NSH,0.539846,0.460154,MTL,1,MTL,1,0,REAL_NHL_API_OR_DERIVED_FROM_REAL
20212022,2021020264,2021-11-20,TBL,NJD,0.580949,0.419051,TBL,0,NJD,0,0,REAL_NHL_API_OR_DERIVED_FROM_REAL
20212022,2021020265,2021-11-20,FLA,MIN,0.625738,0.374262,FLA,1,FLA,1,0,REAL_NHL_API_OR_DERIVED_FROM_REAL
20212022,2021020266,2021-11-20,NYI,CGY,0.5848,0.4152,NYI,0,CGY,0,0,REAL_NHL_API_OR_DERIVED_FROM_REAL
20212022,2021020267,2021-11-20,PHI,BOS,0.61898,0.38102,PHI,0,BOS,0,0,REAL_NHL_API_OR_DERIVED_FROM_REAL
20212022,2021020268,2021-11-20,DAL,STL,0.59874,0.40126,DAL,1,DAL,1,0,REAL_NHL_API_OR_DERIVED_FROM_REAL
20212022,2021020269,2021-11-20,EDM,CHI,0.751784,0.248216,EDM,1,EDM,1,0,REAL_NHL_API_OR_DERIVED_FROM_REAL
20212022,2021020270,2021-11-20,UTA,DET,0.58857,0.41143,UTA,1,UTA,1,0,REAL_NHL_API_OR_DERIVED_FROM_REAL
20212022,2021020271,2021-11-20,VGK,CBJ,0.640131,0.359869,VGK,1,VGK,1,0,REAL_NHL_API_OR_DERIVED_FROM_REAL
20212022,2021020272,2021-11-20,LAK,CAR,0.445246,0.554754,CAR,0,CAR,1,0,REAL_NHL_API_OR_DERIVED_FROM_REAL
20212022,2021020273,2021-11-20,SJS,WSH,0.540516,0.459484,SJS,0,WSH,0,0,REAL_NHL_API_OR_DERIVED_FROM_REAL
20212022,2021020274,2021-11-21,BOS,CGY,0.494176,0.505824,CGY,0,CGY,1,0,REAL_NHL_API_OR_DERIVED_FROM_REAL
20212022,2021020275,2021-11-21,TBL,MIN,0.626262,0.373738,TBL,1,TBL,1,0,REAL_NHL_API_OR_DERIVED_FROM_REAL
20212022,2021020276,2021-11-21,NYI,TOR,0.700065,0.299935,NYI,0,TOR,0,0,REAL_NHL_API_OR_DERIVED_FROM_REAL
20212022,2021020277,2021-11-21,NYR,BUF,0.549222,0.450778,NYR,1,NYR,1,0,REAL_NHL_API_OR_DERIVED_FROM_REAL
20212022,2021020278,2021-11-21,VAN,CHI,0.546373,0.453627,VAN,0,CHI,0,0,REAL_NHL_API_OR_DERIVED_FROM_REAL
20212022,2021020279,2021-11-21,LAK,UTA,0.607819,0.392181,LAK,0,UTA,0,0,REAL_NHL_API_OR_DERIVED_FROM_REAL
20212022,2021020280,2021-11-21,SEA,WSH,0.5092,0.4908,SEA,1,SEA,1,0,REAL_NHL_API_OR_DERIVED_FROM_REAL
20212022,2021020281,2021-11-22,BUF,CBJ,0.516782,0.483218,BUF,0,CBJ,0,0,REAL_NHL_API_OR_DERIVED_FROM_REAL
20212022,2021020282,2021-11-22,STL,VGK,0.494489,0.505511,VGK,1,STL,0,0,REAL_NHL_API_OR_DERIVED_FROM_REAL
20212022,2021020283,2021-11-22,NSH,ANA,0.587786,0.412214,NSH,1,NSH,1,0,REAL_NHL_API_OR_DERIVED_FROM_REAL
20212022,2021020284,2021-11-22,WPG,PIT,0.638425,0.361575,WPG,0,PIT,0,0,REAL_NHL_API_OR_DERIVED_FROM_REAL
20212022,2021020285,2021-11-22,COL,OTT,0.486602,0.513398,OTT,1,COL,0,0,REAL_NHL_API_OR_DERIVED_FROM_REAL
20212022,2021020286,2021-11-22,SJS,CAR,0.598375,0.401625,SJS,1,SJS,1,0,REAL_NHL_API_OR_DERIVED_FROM_REAL
20212022,2021020287,2021-11-23,TBL,PHI,0.469336,0.530664,PHI,1,TBL,0,0,REAL_NHL_API_OR_DERIVED_FROM_REAL
20212022,2021020288,2021-11-23,DAL,EDM,0.444136,0.555864,EDM,1,DAL,0,0,REAL_NHL_API_OR_DERIVED_FROM_REAL
20212022,2021020289,2021-11-23,CGY,CHI,0.55106,0.44894,CGY,1,CGY,1,0,REAL_NHL_API_OR_DERIVED_FROM_REAL
20212022,2021020290,2021-11-24,BUF,BOS,0.48736,0.51264,BOS,0,BOS,1,0,REAL_NHL_API_OR_DERIVED_FROM_REAL
20212022,2021020291,2021-11-24,DET,STL,0.54695,0.45305,DET,1,DET,1,0,REAL_NHL_API_OR_DERIVED_FROM_REAL
20212022,2021020292,2021-11-24,FLA,PHI,0.385245,0.614755,PHI,1,FLA,0,0,REAL_NHL_API_OR_DERIVED_FROM_REAL
20212022,2021020293,2021-11-24,NJD,MIN,0.666789,0.333211,NJD,0,MIN,0,0,REAL_NHL_API_OR_DERIVED_FROM_REAL
20212022,2021020294,2021-11-24,NYI,NYR,0.534814,0.465186,NYI,0,NYR,0,0,REAL_NHL_API_OR_DERIVED_FROM_REAL
20212022,2021020295,2021-11-24,PIT,VAN,0.500537,0.499463,PIT,1,PIT,1,0,REAL_NHL_API_OR_DERIVED_FROM_REAL
20212022,2021020296,2021-11-24,WSH,MTL,0.551642,0.448358,WSH,1,WSH,1,0,REAL_NHL_API_OR_DERIVED_FROM_REAL
20212022,2021020297,2021-11-24,CBJ,WPG,0.478259,0.521741,WPG,1,CBJ,0,0,REAL_NHL_API_OR_DERIVED_FROM_REAL
20212022,2021020298,2021-11-24,NSH,VGK,0.615102,0.384898,NSH,0,VGK,0,0,REAL_NHL_API_OR_DERIVED_FROM_REAL
20212022,2021020299,2021-11-24,COL,ANA,0.372733,0.627267,ANA,1,COL,0,0,REAL_NHL_API_OR_DERIVED_FROM_REAL
20212022,2021020300,2021-11-24,UTA,EDM,0.574637,0.425363,UTA,0,EDM,0,0,REAL_NHL_API_OR_DERIVED_FROM_REAL
20212022,2021020301,2021-11-24,LAK,TOR,0.59585,0.40415,LAK,0,TOR,0,0,REAL_NHL_API_OR_DERIVED_FROM_REAL
20212022,2021020302,2021-11-24,SJS,OTT,0.594582,0.405418,SJS,1,SJS,1,0,REAL_NHL_API_OR_DERIVED_FROM_REAL
20212022,2021020303,2021-11-24,SEA,CAR,0.460729,0.539271,CAR,1,SEA,0,0,REAL_NHL_API_OR_DERIVED_FROM_REAL
20212022,2021020304,2021-11-26,BOS,NYR,0.474685,0.525315,NYR,0,NYR,1,0,REAL_NHL_API_OR_DERIVED_FROM_REAL
20212022,2021020305,2021-11-26,BUF,MTL,0.455508,0.544492,MTL,1,BUF,0,0,REAL_NHL_API_OR_DERIVED_FROM_REAL
20212022,2021020306,2021-11-26,TBL,SEA,0.623457,0.376543,TBL,1,TBL,1,0,REAL_NHL_API_OR_DERIVED_FROM_REAL
20212022,2021020307,2021-11-26,NYI,PIT,0.582094,0.417906,NYI,0,PIT,0,0,REAL_NHL_API_OR_DERIVED_FROM_REAL
20212022,2021020308,2021-11-26,PHI,CAR,0.597343,0.402657,PHI,0,CAR,0,0,REAL_NHL_API_OR_DERIVED_FROM_REAL
20212022,2021020309,2021-11-26,WSH,FLA,0.500359,0.499641,WSH,1,WSH,1,0,REAL_NHL_API_OR_DERIVED_FROM_REAL
20212022,2021020310,2021-11-26,CBJ,VAN,0.458537,0.541463,VAN,1,CBJ,0,0,REAL_NHL_API_OR_DERIVED_FROM_REAL
20212022,2021020311,2021-11-26,CHI,STL,0.600594,0.399406,CHI,1,CHI,1,0,REAL_NHL_API_OR_DERIVED_FROM_REAL
20212022,2021020312,2021-11-26,NSH,NJD,0.519178,0.480822,NSH,1,NSH,1,0,REAL_NHL_API_OR_DERIVED_FROM_REAL
20212022,2021020313,2021-11-26,DAL,COL,0.590789,0.409211,DAL,1,DAL,1,0,REAL_NHL_API_OR_DERIVED_FROM_REAL
20212022,2021020314,2021-11-26,MIN,WPG,0.369065,0.630935,WPG,1,MIN,0,0,REAL_NHL_API_OR_DERIVED_FROM_REAL
20212022,2021020315,2021-11-26,ANA,OTT,0.646661,0.353339,ANA,1,ANA,1,0,REAL_NHL_API_OR_DERIVED_FROM_REAL
20212022,2021020316,2021-11-26,SJS,TOR,0.503493,0.496507,SJS,0,TOR,0,0,REAL_NHL_API_OR_DERIVED_FROM_REAL
20212022,2021020317,2021-11-27,DET,BUF,0.629926,0.370074,DET,1,DET,1,0,REAL_NHL_API_OR_DERIVED_FROM_REAL
20212022,2021020318,2021-11-27,FLA,SEA,0.574477,0.425523,FLA,0,SEA,0,0,REAL_NHL_API_OR_DERIVED_FROM_REAL
20212022,2021020319,2021-11-27,PIT,MTL,0.468599,0.531401,MTL,0,MTL,1,0,REAL_NHL_API_OR_DERIVED_FROM_REAL
20212022,2021020320,2021-11-27,STL,CBJ,0.673228,0.326772,STL,1,STL,1,0,REAL_NHL_API_OR_DERIVED_FROM_REAL
20212022,2021020321,2021-11-27,COL,NSH,0.422928,0.577072,NSH,1,COL,0,0,REAL_NHL_API_OR_DERIVED_FROM_REAL
20212022,2021020322,2021-11-27,CGY,WPG,0.538935,0.461065,CGY,0,WPG,0,0,REAL_NHL_API_OR_DERIVED_FROM_REAL
20212022,2021020323,2021-11-27,UTA,DAL,0.716339,0.283661,UTA,0,DAL,0,0,REAL_NHL_API_OR_DERIVED_FROM_REAL
20212022,2021020324,2021-11-27,VGK,EDM,0.563809,0.436191,VGK,0,EDM,0,0,REAL_NHL_API_OR_DERIVED_FROM_REAL
20212022,2021020325,2021-11-27,LAK,OTT,0.399775,0.600225,OTT,1,LAK,0,0,REAL_NHL_API_OR_DERIVED_FROM_REAL
20212022,2021020326,2021-11-28,BOS,VAN,0.497166,0.502834,VAN,1,BOS,0,0,REAL_NHL_API_OR_DERIVED_FROM_REAL
20212022,2021020327,2021-11-28,NJD,PHI,0.542683,0.457317,NJD,1,NJD,1,0,REAL_NHL_API_OR_DERIVED_FROM_REAL
20212022,2021020329,2021-11-28,CAR,WSH,0.62924,0.37076,CAR,0,WSH,0,0,REAL_NHL_API_OR_DERIVED_FROM_REAL
20212022,2021020330,2021-11-28,CHI,SJS,0.586373,0.413627,CHI,0,SJS,0,0,REAL_NHL_API_OR_DERIVED_FROM_REAL
20212022,2021020331,2021-11-28,MIN,TBL,0.4926,0.5074,TBL,1,MIN,0,0,REAL_NHL_API_OR_DERIVED_FROM_REAL
20212022,2021020332,2021-11-28,ANA,TOR,0.482826,0.517174,TOR,0,TOR,1,0,REAL_NHL_API_OR_DERIVED_FROM_REAL
20212022,2021020333,2021-11-29,BUF,SEA,0.651302,0.348698,BUF,0,SEA,0,0,REAL_NHL_API_OR_DERIVED_FROM_REAL
20212022,2021020334,2021-11-29,MTL,VAN,0.456409,0.543591,VAN,0,VAN,1,0,REAL_NHL_API_OR_DERIVED_FROM_REAL
20212022,2021020335,2021-11-29,WPG,UTA,0.689485,0.310515,WPG,0,UTA,0,0,REAL_NHL_API_OR_DERIVED_FROM_REAL
20212022,2021020336,2021-11-29,CGY,PIT,0.418775,0.581225,PIT,1,CGY,0,0,REAL_NHL_API_OR_DERIVED_FROM_REAL
20212022,2021020337,2021-11-30,BOS,DET,0.471944,0.528056,DET,0,DET,1,0,REAL_NHL_API_OR_DERIVED_FROM_REAL
20212022,2021020338,2021-11-30,FLA,WSH,0.591991,0.408009,FLA,1,FLA,1,0,REAL_NHL_API_OR_DERIVED_FROM_REAL
20212022,2021020339,2021-11-30,NJD,SJS,0.572261,0.427739,NJD,0,SJS,0,0,REAL_NHL_API_OR_DERIVED_FROM_REAL
20212022,2021020341,2021-11-30,STL,TBL,0.697881,0.302119,STL,1,STL,1,0,REAL_NHL_API_OR_DERIVED_FROM_REAL
20212022,2021020342,2021-11-30,NSH,CBJ,0.635773,0.364227,NSH,1,NSH,1,0,REAL_NHL_API_OR_DERIVED_FROM_REAL
20212022,2021020343,2021-11-30,DAL,CAR,0.3058,0.6942,CAR,1,DAL,0,0,REAL_NHL_API_OR_DERIVED_FROM_REAL
20212022,2021020344,2021-11-30,MIN,UTA,0.374752,0.625248,UTA,1,MIN,0,0,REAL_NHL_API_OR_DERIVED_FROM_REAL
20212022,2021020345,2021-11-30,LAK,ANA,0.514252,0.485748,LAK,0,ANA,0,0,REAL_NHL_API_OR_DERIVED_FROM_REAL
20212022,2021020346,2021-12-01,TOR,COL,0.659523,0.340477,TOR,1,TOR,1,0,REAL_NHL_API_OR_DERIVED_FROM_REAL
20212022,2021020347,2021-12-01,OTT,VAN,0.584966,0.415034,OTT,0,VAN,0,0,REAL_NHL_API_OR_DERIVED_FROM_REAL
20212022,2021020348,2021-12-01,DET,SEA,0.579188,0.420812,DET,1,DET,1,0,REAL_NHL_API_OR_DERIVED_FROM_REAL
20212022,2021020349,2021-12-01,NYR,PHI,0.54622,0.45378,NYR,1,NYR,1,0,REAL_NHL_API_OR_DERIVED_FROM_REAL
20212022,2021020350,2021-12-01,EDM,PIT,0.446887,0.553113,PIT,1,EDM,0,0,REAL_NHL_API_OR_DERIVED_FROM_REAL
20212022,2021020351,2021-12-01,ANA,VGK,0.599488,0.400512,ANA,1,ANA,1,0,REAL_NHL_API_OR_DERIVED_FROM_REAL
20212022,2021020352,2021-12-02,MTL,COL,0.546085,0.453915,MTL,0,COL,0,0,REAL_NHL_API_OR_DERIVED_FROM_REAL
20212022,2021020353,2021-12-02,TBL,STL,0.456709,0.543291,STL,1,TBL,0,0,REAL_NHL_API_OR_DERIVED_FROM_REAL
20212022,2021020354,2021-12-02,FLA,BUF,0.636342,0.363658,FLA,1,FLA,1,0,REAL_NHL_API_OR_DERIVED_FROM_REAL
20212022,2021020355,2021-12-02,NYI,SJS,0.629291,0.370709,NYI,0,SJS,0,0,REAL_NHL_API_OR_DERIVED_FROM_REAL
20212022,2021020356,2021-12-02,WSH,CHI,0.36067,0.63933,CHI,0,CHI,1,0,REAL_NHL_API_OR_DERIVED_FROM_REAL
20212022,2021020357,2021-12-02,CAR,OTT,0.682461,0.317539,CAR,0,OTT,0,0,REAL_NHL_API_OR_DERIVED_FROM_REAL
20212022,2021020358,2021-12-02,NSH,BOS,0.451219,0.548781,BOS,0,BOS,1,0,REAL_NHL_API_OR_DERIVED_FROM_REAL
20212022,2021020359,2021-12-02,DAL,CBJ,0.640337,0.359663,DAL,1,DAL,1,0,REAL_NHL_API_OR_DERIVED_FROM_REAL
20212022,2021020360,2021-12-02,MIN,NJD,0.43512,0.56488,NJD,1,MIN,0,0,REAL_NHL_API_OR_DERIVED_FROM_REAL
20212022,2021020361,2021-12-02,LAK,CGY,0.463149,0.536851,CGY,0,CGY,1,0,REAL_NHL_API_OR_DERIVED_FROM_REAL
20212022,2021020362,2021-12-03,NYR,SJS,0.608323,0.391677,NYR,1,NYR,1,0,REAL_NHL_API_OR_DERIVED_FROM_REAL
20212022,2021020363,2021-12-03,WPG,NJD,0.506777,0.493223,WPG,1,WPG,1,0,REAL_NHL_API_OR_DERIVED_FROM_REAL
20212022,2021020364,2021-12-03,UTA,VGK,0.42244,0.57756,VGK,0,VGK,1,0,REAL_NHL_API_OR_DERIVED_FROM_REAL
20212022,2021020365,2021-12-03,ANA,CGY,0.497292,0.502708,CGY,0,CGY,1,0,REAL_NHL_API_OR_DERIVED_FROM_REAL
20212022,2021020366,2021-12-03,SEA,EDM,0.507257,0.492743,SEA,1,SEA,1,0,REAL_NHL_API_OR_DERIVED_FROM_REAL
20212022,2021020367,2021-12-04,BOS,TBL,0.597541,0.402459,BOS,0,TBL,0,0,REAL_NHL_API_OR_DERIVED_FROM_REAL
20212022,2021020368,2021-12-04,OTT,COL,0.368336,0.631664,COL,1,OTT,0,0,REAL_NHL_API_OR_DERIVED_FROM_REAL
20212022,2021020369,2021-12-04,DET,NYI,0.505286,0.494714,DET,1,DET,1,0,REAL_NHL_API_OR_DERIVED_FROM_REAL
20212022,2021020370,2021-12-04,FLA,STL,0.414368,0.585632,STL,1,FLA,0,0,REAL_NHL_API_OR_DERIVED_FROM_REAL
20212022,2021020371,2021-12-04,NYR,CHI,0.540553,0.459447,NYR,1,NYR,1,0,REAL_NHL_API_OR_DERIVED_FROM_REAL
20212022,2021020372,2021-12-04,WSH,CBJ,0.589265,0.410735,WSH,1,WSH,1,0,REAL_NHL_API_OR_DERIVED_FROM_REAL
20212022,2021020373,2021-12-04,CAR,BUF,0.619333,0.380667,CAR,1,CAR,1,0,REAL_NHL_API_OR_DERIVED_FROM_REAL
20212022,2021020374,2021-12-04,NSH,MTL,0.518003,0.481997,NSH,1,NSH,1,0,REAL_NHL_API_OR_DERIVED_FROM_REAL
20212022,2021020375,2021-12-04,MIN,TOR,0.600578,0.399422,MIN,1,MIN,1,0,REAL_NHL_API_OR_DERIVED_FROM_REAL
20212022,2021020376,2021-12-04,VAN,PIT,0.560673,0.439327,VAN,0,PIT,0,0,REAL_NHL_API_OR_DERIVED_FROM_REAL
20212022,2021020377,2021-12-05,NYI,CHI,0.492473,0.507527,CHI,0,CHI,1,0,REAL_NHL_API_OR_DERIVED_FROM_REAL
20212022,2021020378,2021-12-05,PHI,TBL,0.645738,0.354262,PHI,0,TBL,0,0,REAL_NHL_API_OR_DERIVED_FROM_REAL
20212022,2021020379,2021-12-05,CBJ,SJS,0.446282,0.553718,SJS,1,CBJ,0,0,REAL_NHL_API_OR_DERIVED_FROM_REAL
20212022,2021020380,2021-12-05,WPG,TOR,0.512908,0.487092,WPG,1,WPG,1,0,REAL_NHL_API_OR_DERIVED_FROM_REAL
20212022,2021020381,2021-12-05,EDM,LAK,0.377917,0.622083,LAK,0,LAK,1,0,REAL_NHL_API_OR_DERIVED_FROM_REAL
20212022,2021020382,2021-12-05,VGK,CGY,0.372816,0.627184,CGY,1,VGK,0,0,REAL_NHL_API_OR_DERIVED_FROM_REAL
20212022,2021020234,2021-12-06,NJD,OTT,0.575245,0.424755,NJD,0,OTT,0,0,REAL_NHL_API_OR_DERIVED_FROM_REAL
20212022,2021020383,2021-12-06,PHI,COL,0.608889,0.391111,PHI,0,COL,0,0,REAL_NHL_API_OR_DERIVED_FROM_REAL
20212022,2021020384,2021-12-06,WSH,ANA,0.56543,0.43457,WSH,1,WSH,1,0,REAL_NHL_API_OR_DERIVED_FROM_REAL
20212022,2021020385,2021-12-06,DAL,UTA,0.546984,0.453016,DAL,1,DAL,1,0,REAL_NHL_API_OR_DERIVED_FROM_REAL
20212022,2021020386,2021-12-06,VAN,LAK,0.621681,0.378319,VAN,1,VAN,1,0,REAL_NHL_API_OR_DERIVED_FROM_REAL
20212022,2021020387,2021-12-06,SEA,PIT,0.569272,0.430728,SEA,0,PIT,0,0,REAL_NHL_API_OR_DERIVED_FROM_REAL
20212022,2021020388,2021-12-07,BUF,ANA,0.486087,0.513913,ANA,0,ANA,1,0,REAL_NHL_API_OR_DERIVED_FROM_REAL
20212022,2021020389,2021-12-07,TOR,CBJ,0.666636,0.333364,TOR,1,TOR,1,0,REAL_NHL_API_OR_DERIVED_FROM_REAL
20212022,2021020390,2021-12-07,MTL,TBL,0.618247,0.381753,MTL,0,TBL,0,0,REAL_NHL_API_OR_DERIVED_FROM_REAL
20212022,2021020391,2021-12-07,OTT,NYI,0.488253,0.511747,NYI,0,NYI,1,0,REAL_NHL_API_OR_DERIVED_FROM_REAL
20212022,2021020392,2021-12-07,DET,NSH,0.617755,0.382245,DET,0,NSH,0,0,REAL_NHL_API_OR_DERIVED_FROM_REAL
20212022,2021020393,2021-12-07,CHI,NYR,0.606808,0.393192,CHI,0,NYR,0,0,REAL_NHL_API_OR_DERIVED_FROM_REAL
20212022,2021020394,2021-12-07,STL,FLA,0.599094,0.400906,STL,1,STL,1,0,REAL_NHL_API_OR_DERIVED_FROM_REAL
20212022,2021020395,2021-12-07,WPG,CAR,0.451579,0.548421,CAR,0,CAR,1,0,REAL_NHL_API_OR_DERIVED_FROM_REAL
20212022,2021020396,2021-12-07,EDM,MIN,0.540671,0.459329,EDM,0,MIN,0,0,REAL_NHL_API_OR_DERIVED_FROM_REAL
20212022,2021020397,2021-12-07,SJS,CGY,0.433456,0.566544,CGY,1,SJS,0,0,REAL_NHL_API_OR_DERIVED_FROM_REAL
20212022,2021020398,2021-12-08,NJD,PHI,0.609755,0.390245,NJD,1,NJD,1,0,REAL_NHL_API_OR_DERIVED_FROM_REAL
20212022,2021020399,2021-12-08,NYR,COL,0.789624,0.210376,NYR,0,COL,0,0,REAL_NHL_API_OR_DERIVED_FROM_REAL
20212022,2021020400,2021-12-08,VAN,BOS,0.547858,0.452142,VAN,1,VAN,1,0,REAL_NHL_API_OR_DERIVED_FROM_REAL
20212022,2021020401,2021-12-08,VGK,DAL,0.44767,0.55233,DAL,1,VGK,0,0,REAL_NHL_API_OR_DERIVED_FROM_REAL
20212022,2021020402,2021-12-09,TOR,TBL,0.478824,0.521176,TBL,0,TBL,1,0,REAL_NHL_API_OR_DERIVED_FROM_REAL
20212022,2021020403,2021-12-09,MTL,CHI,0.686283,0.313717,MTL,0,CHI,0,0,REAL_NHL_API_OR_DERIVED_FROM_REAL
20212022,2021020404,2021-12-09,NYI,NSH,0.595222,0.404778,NYI,0,NSH,0,0,REAL_NHL_API_OR_DERIVED_FROM_REAL
20212022,2021020405,2021-12-09,CBJ,ANA,0.5216,0.4784,CBJ,0,ANA,0,0,REAL_NHL_API_OR_DERIVED_FROM_REAL
20212022,2021020406,2021-12-09,STL,DET,0.732251,0.267749,STL,1,STL,1,0,REAL_NHL_API_OR_DERIVED_FROM_REAL
20212022,2021020407,2021-12-09,CGY,CAR,0.626648,0.373352,CGY,0,CAR,0,0,REAL_NHL_API_OR_DERIVED_FROM_REAL
20212022,2021020408,2021-12-09,EDM,BOS,0.587692,0.412308,EDM,0,BOS,0,0,REAL_NHL_API_OR_DERIVED_FROM_REAL
20212022,2021020409,2021-12-09,LAK,DAL,0.617674,0.382326,LAK,1,LAK,1,0,REAL_NHL_API_OR_DERIVED_FROM_REAL
20212022,2021020410,2021-12-09,SJS,MIN,0.412278,0.587722,MIN,0,MIN,1,0,REAL_NHL_API_OR_DERIVED_FROM_REAL
20212022,2021020411,2021-12-09,SEA,WPG,0.416651,0.583349,WPG,0,WPG,1,0,REAL_NHL_API_OR_DERIVED_FROM_REAL
20212022,2021020412,2021-12-10,BUF,NYR,0.665466,0.334534,BUF,0,NYR,0,0,REAL_NHL_API_OR_DERIVED_FROM_REAL
20212022,2021020413,2021-12-10,NJD,NSH,0.456963,0.543037,NSH,0,NSH,1,0,REAL_NHL_API_OR_DERIVED_FROM_REAL
20212022,2021020414,2021-12-10,WSH,PIT,0.646057,0.353943,WSH,0,PIT,0,0,REAL_NHL_API_OR_DERIVED_FROM_REAL
20212022,2021020415,2021-12-10,COL,DET,0.601172,0.398828,COL,1,COL,1,0,REAL_NHL_API_OR_DERIVED_FROM_REAL
20212022,2021020416,2021-12-10,UTA,FLA,0.511908,0.488092,UTA,0,FLA,0,0,REAL_NHL_API_OR_DERIVED_FROM_REAL
20212022,2021020417,2021-12-10,VAN,WPG,0.597369,0.402631,VAN,1,VAN,1,0,REAL_NHL_API_OR_DERIVED_FROM_REAL
20212022,2021020418,2021-12-10,VGK,PHI,0.555584,0.444416,VGK,0,PHI,0,0,REAL_NHL_API_OR_DERIVED_FROM_REAL
20212022,2021020419,2021-12-11,BUF,WSH,0.572137,0.427863,BUF,0,WSH,0,0,REAL_NHL_API_OR_DERIVED_FROM_REAL
20212022,2021020420,2021-12-11,TOR,CHI,0.507997,0.492003,TOR,1,TOR,1,0,REAL_NHL_API_OR_DERIVED_FROM_REAL
20212022,2021020421,2021-12-11,OTT,TBL,0.497919,0.502081,TBL,1,OTT,0,0,REAL_NHL_API_OR_DERIVED_FROM_REAL
20212022,2021020422,2021-12-11,NYI,NJD,0.554422,0.445578,NYI,1,NYI,1,0,REAL_NHL_API_OR_DERIVED_FROM_REAL
20212022,2021020423,2021-12-11,PIT,ANA,0.417771,0.582229,ANA,1,PIT,0,0,REAL_NHL_API_OR_DERIVED_FROM_REAL
20212022,2021020424,2021-12-11,STL,MTL,0.642175,0.357825,STL,1,STL,1,0,REAL_NHL_API_OR_DERIVED_FROM_REAL
20212022,2021020425,2021-12-11,CGY,BOS,0.626556,0.373444,CGY,0,BOS,0,0,REAL_NHL_API_OR_DERIVED_FROM_REAL
20212022,2021020426,2021-12-11,EDM,CAR,0.594406,0.405594,EDM,0,CAR,0,0,REAL_NHL_API_OR_DERIVED_FROM_REAL
20212022,2021020427,2021-12-11,UTA,PHI,0.494048,0.505952,PHI,0,PHI,1,0,REAL_NHL_API_OR_DERIVED_FROM_REAL
20212022,2021020428,2021-12-11,LAK,MIN,0.558546,0.441454,LAK,1,LAK,1,0,REAL_NHL_API_OR_DERIVED_FROM_REAL
20212022,2021020429,2021-12-11,SJS,DAL,0.467751,0.532249,DAL,1,SJS,0,0,REAL_NHL_API_OR_DERIVED_FROM_REAL
20212022,2021020430,2021-12-11,SEA,CBJ,0.467922,0.532078,CBJ,0,CBJ,1,0,REAL_NHL_API_OR_DERIVED_FROM_REAL
20212022,2021020431,2021-12-12,NYR,NSH,0.463406,0.536594,NSH,0,NSH,1,0,REAL_NHL_API_OR_DERIVED_FROM_REAL
20212022,2021020432,2021-12-12,STL,ANA,0.526625,0.473375,STL,0,ANA,0,0,REAL_NHL_API_OR_DERIVED_FROM_REAL
20212022,2021020433,2021-12-12,COL,FLA,0.509824,0.490176,COL,1,COL,1,0,REAL_NHL_API_OR_DERIVED_FROM_REAL
20212022,2021020434,2021-12-12,VAN,CAR,0.572685,0.427315,VAN,1,VAN,1,0,REAL_NHL_API_OR_DERIVED_FROM_REAL
20212022,2021020435,2021-12-12,VGK,MIN,0.397857,0.602143,MIN,1,VGK,0,0,REAL_NHL_API_OR_DERIVED_FROM_REAL
20212022,2021020437,2021-12-14,BOS,VGK,0.712859,0.287141,BOS,0,VGK,0,0,REAL_NHL_API_OR_DERIVED_FROM_REAL
20212022,2021020438,2021-12-14,DET,NYI,0.545152,0.454848,DET,1,DET,1,0,REAL_NHL_API_OR_DERIVED_FROM_REAL
20212022,2021020439,2021-12-14,TBL,LAK,0.456425,0.543575,LAK,1,TBL,0,0,REAL_NHL_API_OR_DERIVED_FROM_REAL
20212022,2021020440,2021-12-14,FLA,OTT,0.69975,0.30025,FLA,0,OTT,0,0,REAL_NHL_API_OR_DERIVED_FROM_REAL
20212022,2021020441,2021-12-14,PHI,NJD,0.440022,0.559978,NJD,1,PHI,0,0,REAL_NHL_API_OR_DERIVED_FROM_REAL
20212022,2021020442,2021-12-14,PIT,MTL,0.406868,0.593132,MTL,1,PIT,0,0,REAL_NHL_API_OR_DERIVED_FROM_REAL
20212022,2021020444,2021-12-14,DAL,STL,0.690847,0.309153,DAL,0,STL,0,0,REAL_NHL_API_OR_DERIVED_FROM_REAL
20212022,2021020446,2021-12-14,WPG,BUF,0.423313,0.576687,BUF,0,BUF,1,0,REAL_NHL_API_OR_DERIVED_FROM_REAL
20212022,2021020447,2021-12-14,COL,NYR,0.487355,0.512645,NYR,1,COL,0,0,REAL_NHL_API_OR_DERIVED_FROM_REAL
20212022,2021020448,2021-12-14,EDM,TOR,0.566456,0.433544,EDM,0,TOR,0,0,REAL_NHL_API_OR_DERIVED_FROM_REAL
20212022,2021020449,2021-12-14,VAN,CBJ,0.669012,0.330988,VAN,1,VAN,1,0,REAL_NHL_API_OR_DERIVED_FROM_REAL
20212022,2021020450,2021-12-14,SJS,SEA,0.627273,0.372727,SJS,0,SEA,0,0,REAL_NHL_API_OR_DERIVED_FROM_REAL
20212022,2021020451,2021-12-15,CHI,WSH,0.495087,0.504913,WSH,1,CHI,0,0,REAL_NHL_API_OR_DERIVED_FROM_REAL
20212022,2021020452,2021-12-15,UTA,NYR,0.614794,0.385206,UTA,0,NYR,0,0,REAL_NHL_API_OR_DERIVED_FROM_REAL
20212022,2021020453,2021-12-15,ANA,SEA,0.78791,0.21209,ANA,1,ANA,1,0,REAL_NHL_API_OR_DERIVED_FROM_REAL
20212022,2021020454,2021-12-16,MTL,PHI,0.561773,0.438227,MTL,1,MTL,1,0,REAL_NHL_API_OR_DERIVED_FROM_REAL
20212022,2021020455,2021-12-16,TBL,OTT,0.69958,0.30042,TBL,1,TBL,1,0,REAL_NHL_API_OR_DERIVED_FROM_REAL
20212022,2021020456,2021-12-16,FLA,LAK,0.493135,0.506865,LAK,0,LAK,1,0,REAL_NHL_API_OR_DERIVED_FROM_REAL
20212022,2021020457,2021-12-16,NJD,VGK,0.628009,0.371991,NJD,0,VGK,0,0,REAL_NHL_API_OR_DERIVED_FROM_REAL
20212022,2021020458,2021-12-16,NYI,BOS,0.400325,0.599675,BOS,1,NYI,0,0,REAL_NHL_API_OR_DERIVED_FROM_REAL
20212022,2021020459,2021-12-16,CAR,DET,0.624467,0.375533,CAR,1,CAR,1,0,REAL_NHL_API_OR_DERIVED_FROM_REAL
20212022,2021020460,2021-12-16,NSH,COL,0.551527,0.448473,NSH,1,NSH,1,0,REAL_NHL_API_OR_DERIVED_FROM_REAL
20212022,2021020461,2021-12-16,MIN,BUF,0.489096,0.510904,BUF,0,BUF,1,0,REAL_NHL_API_OR_DERIVED_FROM_REAL
20212022,2021020463,2021-12-16,EDM,CBJ,0.678448,0.321552,EDM,1,EDM,1,0,REAL_NHL_API_OR_DERIVED_FROM_REAL
20212022,2021020464,2021-12-16,SJS,VAN,0.438211,0.561789,VAN,0,VAN,1,0,REAL_NHL_API_OR_DERIVED_FROM_REAL
20212022,2021020465,2021-12-17,NYR,VGK,0.547311,0.452689,NYR,0,VGK,0,0,REAL_NHL_API_OR_DERIVED_FROM_REAL
20212022,2021020466,2021-12-17,PIT,BUF,0.54236,0.45764,PIT,1,PIT,1,0,REAL_NHL_API_OR_DERIVED_FROM_REAL
20212022,2021020467,2021-12-17,CHI,NSH,0.481516,0.518484,NSH,0,NSH,1,0,REAL_NHL_API_OR_DERIVED_FROM_REAL
20212022,2021020468,2021-12-17,STL,DAL,0.515563,0.484437,STL,1,STL,1,0,REAL_NHL_API_OR_DERIVED_FROM_REAL
20212022,2021020469,2021-12-17,WPG,WSH,0.497806,0.502194,WSH,0,WSH,1,0,REAL_NHL_API_OR_DERIVED_FROM_REAL
20212022,2021020470,2021-12-17,ANA,UTA,0.485194,0.514806,UTA,0,UTA,1,0,REAL_NHL_API_OR_DERIVED_FROM_REAL
20212022,2021020472,2021-12-18,DET,NJD,0.432313,0.567687,NJD,1,DET,0,0,REAL_NHL_API_OR_DERIVED_FROM_REAL
20212022,2021020473,2021-12-18,PHI,OTT,0.620161,0.379839,PHI,1,PHI,1,0,REAL_NHL_API_OR_DERIVED_FROM_REAL
20212022,2021020474,2021-12-18,CAR,LAK,0.579429,0.420571,CAR,1,CAR,1,0,REAL_NHL_API_OR_DERIVED_FROM_REAL
20212022,2021020475,2021-12-18,DAL,CHI,0.722901,0.277099,DAL,1,DAL,1,0,REAL_NHL_API_OR_DERIVED_FROM_REAL
20212022,2021020480,2021-12-18,SEA,EDM,0.376662,0.623338,EDM,0,EDM,1,0,REAL_NHL_API_OR_DERIVED_FROM_REAL
20212022,2021020482,2021-12-19,NJD,PIT,0.699267,0.300733,NJD,0,PIT,0,0,REAL_NHL_API_OR_DERIVED_FROM_REAL
20212022,2021020483,2021-12-19,NYI,VGK,0.631883,0.368117,NYI,0,VGK,0,0,REAL_NHL_API_OR_DERIVED_FROM_REAL
20212022,2021020484,2021-12-19,WSH,LAK,0.569114,0.430886,WSH,0,LAK,0,0,REAL_NHL_API_OR_DERIVED_FROM_REAL
20212022,2021020486,2021-12-19,WPG,STL,0.618255,0.381745,WPG,1,WPG,1,0,REAL_NHL_API_OR_DERIVED_FROM_REAL
20212022,2021020492,2021-12-20,DAL,MIN,0.60761,0.39239,DAL,1,DAL,1,0,REAL_NHL_API_OR_DERIVED_FROM_REAL
20212022,2021020501,2021-12-21,VGK,TBL,0.498072,0.501928,TBL,0,TBL,1,0,REAL_NHL_API_OR_DERIVED_FROM_REAL
20212022,2021020537,2021-12-28,TBL,MTL,0.414888,0.585112,MTL,1,TBL,0,0,REAL_NHL_API_OR_DERIVED_FROM_REAL
20212022,2021020539,2021-12-28,LAK,VGK,0.697252,0.302748,LAK,0,VGK,0,0,REAL_NHL_API_OR_DERIVED_FROM_REAL
20212022,2021020540,2021-12-28,SJS,UTA,0.558699,0.441301,SJS,1,SJS,1,0,REAL_NHL_API_OR_DERIVED_FROM_REAL
20212022,2021020541,2021-12-29,BUF,NJD,0.640331,0.359669,BUF,0,NJD,0,0,REAL_NHL_API_OR_DERIVED_FROM_REAL
20212022,2021020544,2021-12-29,FLA,NYR,0.358204,0.641796,NYR,1,FLA,0,0,REAL_NHL_API_OR_DERIVED_FROM_REAL
20212022,2021020546,2021-12-29,WSH,NSH,0.536268,0.463732,WSH,1,WSH,1,0,REAL_NHL_API_OR_DERIVED_FROM_REAL
20212022,2021020547,2021-12-29,STL,EDM,0.498846,0.501154,EDM,1,STL,0,0,REAL_NHL_API_OR_DERIVED_FROM_REAL
20212022,2021020550,2021-12-29,ANA,VAN,0.47585,0.52415,VAN,0,VAN,1,0,REAL_NHL_API_OR_DERIVED_FROM_REAL
20212022,2021020551,2021-12-29,SEA,PHI,0.411746,0.588254,PHI,0,PHI,1,0,REAL_NHL_API_OR_DERIVED_FROM_REAL
20212022,2021020552,2021-12-30,FLA,TBL,0.524542,0.475458,FLA,1,FLA,1,0,REAL_NHL_API_OR_DERIVED_FROM_REAL
20212022,2021020553,2021-12-30,NYI,BUF,0.631356,0.368644,NYI,1,NYI,1,0,REAL_NHL_API_OR_DERIVED_FROM_REAL
20212022,2021020554,2021-12-30,CAR,MTL,0.429337,0.570663,MTL,1,CAR,0,0,REAL_NHL_API_OR_DERIVED_FROM_REAL
20212022,2021020555,2021-12-30,CBJ,NSH,0.579345,0.420655,CBJ,1,CBJ,1,0,REAL_NHL_API_OR_DERIVED_FROM_REAL
20212022,2021020556,2021-12-30,LAK,VAN,0.511987,0.488013,LAK,1,LAK,1,0,REAL_NHL_API_OR_DERIVED_FROM_REAL
20212022,2021020557,2021-12-30,SJS,PHI,0.489536,0.510464,PHI,1,SJS,0,0,REAL_NHL_API_OR_DERIVED_FROM_REAL
20212022,2021020558,2021-12-30,SEA,CGY,0.497942,0.502058,CGY,0,CGY,1,0,REAL_NHL_API_OR_DERIVED_FROM_REAL
20212022,2021020560,2021-12-31,DET,WSH,0.39624,0.60376,WSH,0,WSH,1,0,REAL_NHL_API_OR_DERIVED_FROM_REAL
20212022,2021020561,2021-12-31,TBL,NYR,0.378088,0.621912,NYR,0,NYR,1,0,REAL_NHL_API_OR_DERIVED_FROM_REAL
20212022,2021020562,2021-12-31,NJD,EDM,0.633288,0.366712,NJD,1,NJD,1,0,REAL_NHL_API_OR_DERIVED_FROM_REAL
20212022,2021020565,2021-12-31,VGK,ANA,0.549423,0.450577,VGK,1,VGK,1,0,REAL_NHL_API_OR_DERIVED_FROM_REAL
20212022,2021020566,2022-01-01,BOS,BUF,0.503329,0.496671,BOS,1,BOS,1,0,REAL_NHL_API_OR_DERIVED_FROM_REAL
20212022,2021020567,2022-01-01,TOR,OTT,0.578554,0.421446,TOR,1,TOR,1,0,REAL_NHL_API_OR_DERIVED_FROM_REAL
20212022,2021020568,2022-01-01,FLA,MTL,0.354041,0.645959,MTL,1,FLA,0,0,REAL_NHL_API_OR_DERIVED_FROM_REAL
20212022,2021020569,2022-01-01,NYI,EDM,0.616773,0.383227,NYI,1,NYI,1,0,REAL_NHL_API_OR_DERIVED_FROM_REAL
20212022,2021020570,2022-01-01,CBJ,CAR,0.678393,0.321607,CBJ,0,CAR,0,0,REAL_NHL_API_OR_DERIVED_FROM_REAL
20212022,2021020571,2022-01-01,NSH,CHI,0.535217,0.464783,NSH,1,NSH,1,0,REAL_NHL_API_OR_DERIVED_FROM_REAL
20212022,2021020572,2022-01-01,MIN,STL,0.525388,0.474612,MIN,0,STL,0,0,REAL_NHL_API_OR_DERIVED_FROM_REAL
20212022,2021020573,2022-01-01,LAK,PHI,0.491081,0.508919,PHI,1,LAK,0,0,REAL_NHL_API_OR_DERIVED_FROM_REAL
20212022,2021020574,2022-01-01,SEA,VAN,0.410206,0.589794,VAN,0,VAN,1,0,REAL_NHL_API_OR_DERIVED_FROM_REAL
20212022,2021020575,2022-01-02,DET,BOS,0.480394,0.519606,BOS,0,BOS,1,0,REAL_NHL_API_OR_DERIVED_FROM_REAL
20212022,2021020576,2022-01-02,NYR,TBL,0.744597,0.255403,NYR,1,NYR,1,0,REAL_NHL_API_OR_DERIVED_FROM_REAL
20212022,2021020577,2022-01-02,PIT,SJS,0.539288,0.460712,PIT,1,PIT,1,0,REAL_NHL_API_OR_DERIVED_FROM_REAL
20212022,2021020578,2022-01-02,WSH,NJD,0.525082,0.474918,WSH,0,NJD,0,0,REAL_NHL_API_OR_DERIVED_FROM_REAL
20212022,2021020579,2022-01-02,CHI,CGY,0.407901,0.592099,CGY,0,CGY,1,0,REAL_NHL_API_OR_DERIVED_FROM_REAL
20212022,2021020580,2022-01-02,COL,ANA,0.508847,0.491153,COL,1,COL,1,0,REAL_NHL_API_OR_DERIVED_FROM_REAL
20212022,2021020582,2022-01-02,VGK,WPG,0.532595,0.467405,VGK,0,WPG,0,0,REAL_NHL_API_OR_DERIVED_FROM_REAL
20212022,2021020585,2022-01-03,NYR,EDM,0.615038,0.384962,NYR,1,NYR,1,0,REAL_NHL_API_OR_DERIVED_FROM_REAL
20212022,2021020586,2022-01-04,BOS,NJD,0.51649,0.48351,BOS,1,BOS,1,0,REAL_NHL_API_OR_DERIVED_FROM_REAL
20212022,2021020588,2022-01-04,DET,SJS,0.697659,0.302341,DET,1,DET,1,0,REAL_NHL_API_OR_DERIVED_FROM_REAL
20212022,2021020589,2022-01-04,FLA,CGY,0.512828,0.487172,FLA,1,FLA,1,0,REAL_NHL_API_OR_DERIVED_FROM_REAL
20212022,2021020590,2022-01-04,CBJ,TBL,0.513113,0.486887,CBJ,0,TBL,0,0,REAL_NHL_API_OR_DERIVED_FROM_REAL
20212022,2021020591,2022-01-04,CHI,COL,0.54236,0.45764,CHI,0,COL,0,0,REAL_NHL_API_OR_DERIVED_FROM_REAL
20212022,2021020592,2022-01-04,UTA,WPG,0.406531,0.593469,WPG,0,WPG,1,0,REAL_NHL_API_OR_DERIVED_FROM_REAL
20212022,2021020593,2022-01-04,VGK,NSH,0.500772,0.499228,VGK,0,NSH,0,0,REAL_NHL_API_OR_DERIVED_FROM_REAL
20212022,2021020594,2022-01-04,ANA,PHI,0.533235,0.466765,ANA,1,ANA,1,0,REAL_NHL_API_OR_DERIVED_FROM_REAL
20212022,2021020596,2022-01-05,TOR,EDM,0.441096,0.558904,EDM,1,TOR,0,0,REAL_NHL_API_OR_DERIVED_FROM_REAL
20212022,2021020597,2022-01-05,PIT,STL,0.482192,0.517808,STL,1,PIT,0,0,REAL_NHL_API_OR_DERIVED_FROM_REAL
20212022,2021020599,2022-01-06,BOS,MIN,0.509648,0.490352,BOS,0,MIN,0,0,REAL_NHL_API_OR_DERIVED_FROM_REAL
20212022,2021020600,2022-01-06,BUF,SJS,0.752227,0.247773,BUF,0,SJS,0,0,REAL_NHL_API_OR_DERIVED_FROM_REAL
20212022,2021020602,2022-01-06,TBL,CGY,0.479825,0.520175,CGY,1,TBL,0,0,REAL_NHL_API_OR_DERIVED_FROM_REAL
20212022,2021020603,2022-01-06,NJD,CBJ,0.536905,0.463095,NJD,1,NJD,1,0,REAL_NHL_API_OR_DERIVED_FROM_REAL
20212022,2021020604,2022-01-06,PHI,PIT,0.621092,0.378908,PHI,0,PIT,0,0,REAL_NHL_API_OR_DERIVED_FROM_REAL
20212022,2021020605,2022-01-06,DAL,FLA,0.657592,0.342408,DAL,1,DAL,1,0,REAL_NHL_API_OR_DERIVED_FROM_REAL
20212022,2021020606,2022-01-06,COL,WPG,0.506028,0.493972,COL,1,COL,1,0,REAL_NHL_API_OR_DERIVED_FROM_REAL
20212022,2021020607,2022-01-06,UTA,CHI,0.52581,0.47419,UTA,1,UTA,1,0,REAL_NHL_API_OR_DERIVED_FROM_REAL
20212022,2021020608,2022-01-06,VGK,NYR,0.435148,0.564852,NYR,1,VGK,0,0,REAL_NHL_API_OR_DERIVED_FROM_REAL
20212022,2021020610,2022-01-06,LAK,NSH,0.503676,0.496324,LAK,0,NSH,0,0,REAL_NHL_API_OR_DERIVED_FROM_REAL
20212022,2021020612,2022-01-07,CAR,CGY,0.382848,0.617152,CGY,1,CAR,0,0,REAL_NHL_API_OR_DERIVED_FROM_REAL
20212022,2021020613,2022-01-07,STL,WSH,0.724166,0.275834,STL,1,STL,1,0,REAL_NHL_API_OR_DERIVED_FROM_REAL
20212022,2021020615,2022-01-08,TBL,BOS,0.430107,0.569893,BOS,0,BOS,1,0,REAL_NHL_API_OR_DERIVED_FROM_REAL
20212022,2021020616,2022-01-08,PHI,SJS,0.623111,0.376889,PHI,0,SJS,0,0,REAL_NHL_API_OR_DERIVED_FROM_REAL
20212022,2021020617,2022-01-08,CAR,FLA,0.459784,0.540216,FLA,0,FLA,1,0,REAL_NHL_API_OR_DERIVED_FROM_REAL
20212022,2021020618,2022-01-08,CBJ,NJD,0.535273,0.464727,CBJ,1,CBJ,1,0,REAL_NHL_API_OR_DERIVED_FROM_REAL
20212022,2021020619,2022-01-08,DAL,PIT,0.586695,0.413305,DAL,1,DAL,1,0,REAL_NHL_API_OR_DERIVED_FROM_REAL
20212022,2021020620,2022-01-08,MIN,WSH,0.500372,0.499628,MIN,1,MIN,1,0,REAL_NHL_API_OR_DERIVED_FROM_REAL
20212022,2021020622,2022-01-08,COL,TOR,0.535505,0.464495,COL,1,COL,1,0,REAL_NHL_API_OR_DERIVED_FROM_REAL
20212022,2021020624,2022-01-08,UTA,NSH,0.412221,0.587779,NSH,0,NSH,1,0,REAL_NHL_API_OR_DERIVED_FROM_REAL
20212022,2021020626,2022-01-08,VGK,CHI,0.560019,0.439981,VGK,0,CHI,0,0,REAL_NHL_API_OR_DERIVED_FROM_REAL
20212022,2021020627,2022-01-08,ANA,NYR,0.623465,0.376535,ANA,0,NYR,0,0,REAL_NHL_API_OR_DERIVED_FROM_REAL
20212022,2021020628,2022-01-08,LAK,DET,0.366157,0.633843,DET,1,LAK,0,0,REAL_NHL_API_OR_DERIVED_FROM_REAL
20212022,2021020609,2022-01-09,ANA,DET,0.707778,0.292222,ANA,1,ANA,1,0,REAL_NHL_API_OR_DERIVED_FROM_REAL
20212022,2021020629,2022-01-09,STL,DAL,0.418582,0.581418,DAL,1,STL,0,0,REAL_NHL_API_OR_DERIVED_FROM_REAL
20212022,2021020632,2022-01-10,WSH,BOS,0.610897,0.389103,WSH,0,BOS,0,0,REAL_NHL_API_OR_DERIVED_FROM_REAL
20212022,2021020634,2022-01-10,COL,SEA,0.485603,0.514397,SEA,1,COL,0,0,REAL_NHL_API_OR_DERIVED_FROM_REAL
20212022,2021020636,2022-01-10,LAK,NYR,0.406503,0.593497,NYR,1,LAK,0,0,REAL_NHL_API_OR_DERIVED_FROM_REAL
20212022,2021020637,2022-01-11,BUF,TBL,0.739055,0.260945,BUF,0,TBL,0,0,REAL_NHL_API_OR_DERIVED_FROM_REAL
20212022,2021020638,2022-01-11,FLA,VAN,0.433806,0.566194,VAN,1,FLA,0,0,REAL_NHL_API_OR_DERIVED_FROM_REAL
20212022,2021020640,2022-01-11,CBJ,CHI,0.531207,0.468793,CBJ,0,CHI,0,0,REAL_NHL_API_OR_DERIVED_FROM_REAL
20212022,2021020641,2022-01-11,NSH,COL,0.687901,0.312099,NSH,1,NSH,1,0,REAL_NHL_API_OR_DERIVED_FROM_REAL
20212022,2021020643,2022-01-11,VGK,TOR,0.602131,0.397869,VGK,0,TOR,0,0,REAL_NHL_API_OR_DERIVED_FROM_REAL
20212022,2021020644,2022-01-11,ANA,PIT,0.599258,0.400742,ANA,0,PIT,0,0,REAL_NHL_API_OR_DERIVED_FROM_REAL
20212022,2021020645,2022-01-11,SJS,DET,0.395764,0.604236,DET,1,SJS,0,0,REAL_NHL_API_OR_DERIVED_FROM_REAL
20212022,2021020647,2022-01-12,DAL,SEA,0.610762,0.389238,DAL,1,DAL,1,0,REAL_NHL_API_OR_DERIVED_FROM_REAL
20212022,2021020649,2022-01-12,UTA,TOR,0.533179,0.466821,UTA,1,UTA,1,0,REAL_NHL_API_OR_DERIVED_FROM_REAL
20212022,2021021000,2022-01-12,BOS,MTL,0.581922,0.418078,BOS,1,BOS,1,0,REAL_NHL_API_OR_DERIVED_FROM_REAL
20212022,2021020650,2022-01-13,BOS,PHI,0.662637,0.337363,BOS,1,BOS,1,0,REAL_NHL_API_OR_DERIVED_FROM_REAL
20212022,2021020651,2022-01-13,DET,WPG,0.441531,0.558469,WPG,0,WPG,1,0,REAL_NHL_API_OR_DERIVED_FROM_REAL
20212022,2021020652,2022-01-13,TBL,VAN,0.523619,0.476381,TBL,1,TBL,1,0,REAL_NHL_API_OR_DERIVED_FROM_REAL
20212022,2021020653,2022-01-13,NYI,NJD,0.551973,0.448027,NYI,1,NYI,1,0,REAL_NHL_API_OR_DERIVED_FROM_REAL
20212022,2021020654,2022-01-13,CAR,CBJ,0.510298,0.489702,CAR,0,CBJ,0,0,REAL_NHL_API_OR_DERIVED_FROM_REAL
20212022,2021020655,2022-01-13,CHI,MTL,0.603638,0.396362,CHI,1,CHI,1,0,REAL_NHL_API_OR_DERIVED_FROM_REAL
20212022,2021020656,2022-01-13,STL,SEA,0.501716,0.498284,STL,1,STL,1,0,REAL_NHL_API_OR_DERIVED_FROM_REAL
20212022,2021020657,2022-01-13,NSH,BUF,0.535574,0.464426,NSH,0,BUF,0,0,REAL_NHL_API_OR_DERIVED_FROM_REAL
20212022,2021020658,2022-01-13,CGY,OTT,0.648759,0.351241,CGY,0,OTT,0,0,REAL_NHL_API_OR_DERIVED_FROM_REAL
20212022,2021020659,2022-01-13,LAK,PIT,0.566174,0.433826,LAK,1,LAK,1,0,REAL_NHL_API_OR_DERIVED_FROM_REAL
20212022,2021020660,2022-01-13,SJS,NYR,0.342546,0.657454,NYR,0,NYR,1,0,REAL_NHL_API_OR_DERIVED_FROM_REAL
20212022,2021020661,2022-01-14,FLA,DAL,0.577394,0.422606,FLA,1,FLA,1,0,REAL_NHL_API_OR_DERIVED_FROM_REAL
20212022,2021020662,2022-01-14,MIN,ANA,0.480906,0.519094,ANA,1,MIN,0,0,REAL_NHL_API_OR_DERIVED_FROM_REAL
20212022,2021020663,2022-01-14,COL,UTA,0.657845,0.342155,COL,1,COL,1,0,REAL_NHL_API_OR_DERIVED_FROM_REAL
20212022,2021020635,2022-01-15,EDM,OTT,0.637448,0.362552,EDM,0,OTT,0,0,REAL_NHL_API_OR_DERIVED_FROM_REAL
20212022,2021020665,2022-01-15,BOS,NSH,0.518741,0.481259,BOS,1,BOS,1,0,REAL_NHL_API_OR_DERIVED_FROM_REAL
20212022,2021020667,2022-01-15,DET,BUF,0.594484,0.405516,DET,1,DET,1,0,REAL_NHL_API_OR_DERIVED_FROM_REAL
20212022,2021020668,2022-01-15,TBL,DAL,0.613194,0.386806,TBL,1,TBL,1,0,REAL_NHL_API_OR_DERIVED_FROM_REAL
20212022,2021020669,2022-01-15,FLA,CBJ,0.483806,0.516194,CBJ,1,FLA,0,0,REAL_NHL_API_OR_DERIVED_FROM_REAL
20212022,2021020670,2022-01-15,NYI,WSH,0.55113,0.44887,NYI,0,WSH,0,0,REAL_NHL_API_OR_DERIVED_FROM_REAL
20212022,2021020671,2022-01-15,PHI,NYR,0.531328,0.468672,PHI,0,NYR,0,0,REAL_NHL_API_OR_DERIVED_FROM_REAL
20212022,2021020672,2022-01-15,CAR,VAN,0.53076,0.46924,CAR,1,CAR,1,0,REAL_NHL_API_OR_DERIVED_FROM_REAL
20212022,2021020673,2022-01-15,CHI,ANA,0.42947,0.57053,ANA,1,CHI,0,0,REAL_NHL_API_OR_DERIVED_FROM_REAL
20212022,2021020674,2022-01-15,STL,TOR,0.563243,0.436757,STL,0,TOR,0,0,REAL_NHL_API_OR_DERIVED_FROM_REAL
20212022,2021020677,2022-01-15,UTA,COL,0.708707,0.291293,UTA,0,COL,0,0,REAL_NHL_API_OR_DERIVED_FROM_REAL
20212022,2021020678,2022-01-15,SJS,PIT,0.495043,0.504957,PIT,0,PIT,1,0,REAL_NHL_API_OR_DERIVED_FROM_REAL
20212022,2021020679,2022-01-15,SEA,LAK,0.630947,0.369053,SEA,0,LAK,0,0,REAL_NHL_API_OR_DERIVED_FROM_REAL
20212022,2021020680,2022-01-16,WSH,VAN,0.49223,0.50777,VAN,0,VAN,1,0,REAL_NHL_API_OR_DERIVED_FROM_REAL
20212022,2021020682,2022-01-17,BUF,DET,0.566402,0.433598,BUF,0,DET,0,0,REAL_NHL_API_OR_DERIVED_FROM_REAL
20212022,2021020684,2022-01-17,NYI,PHI,0.532133,0.467867,NYI,1,NYI,1,0,REAL_NHL_API_OR_DERIVED_FROM_REAL
20212022,2021020685,2022-01-17,STL,NSH,0.5525,0.4475,STL,1,STL,1,0,REAL_NHL_API_OR_DERIVED_FROM_REAL
20212022,2021020686,2022-01-17,COL,MIN,0.356968,0.643032,MIN,1,COL,0,0,REAL_NHL_API_OR_DERIVED_FROM_REAL
20212022,2021020687,2022-01-17,UTA,MTL,0.545944,0.454056,UTA,1,UTA,1,0,REAL_NHL_API_OR_DERIVED_FROM_REAL
20212022,2021020688,2022-01-17,VGK,PIT,0.47928,0.52072,PIT,0,PIT,1,0,REAL_NHL_API_OR_DERIVED_FROM_REAL
20212022,2021020689,2022-01-17,SJS,LAK,0.616598,0.383402,SJS,1,SJS,1,0,REAL_NHL_API_OR_DERIVED_FROM_REAL
20212022,2021020690,2022-01-17,SEA,CHI,0.599743,0.400257,SEA,1,SEA,1,0,REAL_NHL_API_OR_DERIVED_FROM_REAL
20212022,2021020340,2022-01-18,PHI,NYI,0.558243,0.441757,PHI,0,NYI,0,0,REAL_NHL_API_OR_DERIVED_FROM_REAL
20212022,2021020691,2022-01-18,BOS,CAR,0.483578,0.516422,CAR,0,CAR,1,0,REAL_NHL_API_OR_DERIVED_FROM_REAL
20212022,2021020692,2022-01-18,OTT,BUF,0.465159,0.534841,BUF,0,BUF,1,0,REAL_NHL_API_OR_DERIVED_FROM_REAL
20212022,2021020695,2022-01-18,WSH,WPG,0.554765,0.445235,WSH,1,WSH,1,0,REAL_NHL_API_OR_DERIVED_FROM_REAL
20212022,2021020696,2022-01-18,NSH,VAN,0.630595,0.369405,NSH,0,VAN,0,0,REAL_NHL_API_OR_DERIVED_FROM_REAL
20212022,2021020697,2022-01-18,DAL,MTL,0.386656,0.613344,MTL,0,MTL,1,0,REAL_NHL_API_OR_DERIVED_FROM_REAL
20212022,2021020698,2022-01-18,CGY,FLA,0.613642,0.386358,CGY,1,CGY,1,0,REAL_NHL_API_OR_DERIVED_FROM_REAL
20212022,2021020700,2022-01-18,LAK,TBL,0.509853,0.490147,LAK,0,TBL,0,0,REAL_NHL_API_OR_DERIVED_FROM_REAL
20212022,2021020701,2022-01-19,NJD,UTA,0.517108,0.482892,NJD,0,UTA,0,0,REAL_NHL_API_OR_DERIVED_FROM_REAL
20212022,2021020702,2022-01-19,NYR,TOR,0.553304,0.446696,NYR,1,NYR,1,0,REAL_NHL_API_OR_DERIVED_FROM_REAL
20212022,2021020703,2022-01-19,ANA,COL,0.661964,0.338036,ANA,0,COL,0,0,REAL_NHL_API_OR_DERIVED_FROM_REAL
20212022,2021020704,2022-01-20,BOS,WSH,0.496553,0.503447,WSH,1,BOS,0,0,REAL_NHL_API_OR_DERIVED_FROM_REAL
20212022,2021020705,2022-01-20,BUF,DAL,0.447719,0.552281,DAL,0,DAL,1,0,REAL_NHL_API_OR_DERIVED_FROM_REAL
20212022,2021020706,2022-01-20,PHI,CBJ,0.667288,0.332712,PHI,0,CBJ,0,0,REAL_NHL_API_OR_DERIVED_FROM_REAL
20212022,2021020707,2022-01-20,PIT,OTT,0.53781,0.46219,PIT,1,PIT,1,0,REAL_NHL_API_OR_DERIVED_FROM_REAL
20212022,2021020708,2022-01-20,NSH,WPG,0.6929,0.3071,NSH,1,NSH,1,0,REAL_NHL_API_OR_DERIVED_FROM_REAL
20212022,2021020709,2022-01-20,EDM,FLA,0.581008,0.418992,EDM,0,FLA,0,0,REAL_NHL_API_OR_DERIVED_FROM_REAL
20212022,2021020710,2022-01-20,VGK,MTL,0.4806,0.5194,MTL,1,VGK,0,0,REAL_NHL_API_OR_DERIVED_FROM_REAL
20212022,2021020711,2022-01-20,LAK,COL,0.550965,0.449035,LAK,0,COL,0,0,REAL_NHL_API_OR_DERIVED_FROM_REAL
20212022,2021020712,2022-01-20,SEA,SJS,0.465885,0.534115,SJS,1,SEA,0,0,REAL_NHL_API_OR_DERIVED_FROM_REAL
20212022,2021020713,2022-01-21,DET,DAL,0.551073,0.448927,DET,0,DAL,0,0,REAL_NHL_API_OR_DERIVED_FROM_REAL
20212022,2021020714,2022-01-21,NYI,UTA,0.677113,0.322887,NYI,1,NYI,1,0,REAL_NHL_API_OR_DERIVED_FROM_REAL
20212022,2021020715,2022-01-21,CAR,NYR,0.432089,0.567911,NYR,1,CAR,0,0,REAL_NHL_API_OR_DERIVED_FROM_REAL
20212022,2021020716,2022-01-21,CBJ,PIT,0.588249,0.411751,CBJ,0,PIT,0,0,REAL_NHL_API_OR_DERIVED_FROM_REAL
20212022,2021020717,2022-01-21,CHI,MIN,0.567053,0.432947,CHI,0,MIN,0,0,REAL_NHL_API_OR_DERIVED_FROM_REAL
20212022,2021020718,2022-01-21,VAN,FLA,0.669127,0.330873,VAN,0,FLA,0,0,REAL_NHL_API_OR_DERIVED_FROM_REAL
20212022,2021020719,2022-01-21,ANA,TBL,0.651182,0.348818,ANA,1,ANA,1,0,REAL_NHL_API_OR_DERIVED_FROM_REAL
20212022,2021020720,2022-01-21,SEA,STL,0.519134,0.480866,SEA,0,STL,0,0,REAL_NHL_API_OR_DERIVED_FROM_REAL
20212022,2021020721,2022-01-22,BOS,WPG,0.374066,0.625934,WPG,1,BOS,0,0,REAL_NHL_API_OR_DERIVED_FROM_REAL
20212022,2021020722,2022-01-22,BUF,PHI,0.553201,0.446799,BUF,1,BUF,1,0,REAL_NHL_API_OR_DERIVED_FROM_REAL
20212022,2021020724,2022-01-22,NJD,CAR,0.729587,0.270413,NJD,1,NJD,1,0,REAL_NHL_API_OR_DERIVED_FROM_REAL
20212022,2021020725,2022-01-22,NYR,UTA,0.574967,0.425033,NYR,1,NYR,1,0,REAL_NHL_API_OR_DERIVED_FROM_REAL
20212022,2021020726,2022-01-22,WSH,OTT,0.510903,0.489097,WSH,1,WSH,1,0,REAL_NHL_API_OR_DERIVED_FROM_REAL
20212022,2021020727,2022-01-22,NSH,DET,0.516041,0.483959,NSH,1,NSH,1,0,REAL_NHL_API_OR_DERIVED_FROM_REAL
20212022,2021020728,2022-01-22,MIN,CHI,0.638978,0.361022,MIN,1,MIN,1,0,REAL_NHL_API_OR_DERIVED_FROM_REAL
20212022,2021020729,2022-01-22,COL,MTL,0.554259,0.445741,COL,1,COL,1,0,REAL_NHL_API_OR_DERIVED_FROM_REAL
20212022,2021020730,2022-01-22,EDM,CGY,0.498028,0.501972,CGY,1,EDM,0,0,REAL_NHL_API_OR_DERIVED_FROM_REAL
20212022,2021020731,2022-01-22,SJS,TBL,0.474864,0.525136,TBL,0,TBL,1,0,REAL_NHL_API_OR_DERIVED_FROM_REAL
20212022,2021021211,2022-01-22,NYI,TOR,0.482645,0.517355,TOR,0,TOR,1,0,REAL_NHL_API_OR_DERIVED_FROM_REAL
20212022,2021020732,2022-01-23,NJD,LAK,0.561566,0.438434,NJD,0,LAK,0,0,REAL_NHL_API_OR_DERIVED_FROM_REAL
20212022,2021020733,2022-01-23,PIT,WPG,0.605614,0.394386,PIT,1,PIT,1,0,REAL_NHL_API_OR_DERIVED_FROM_REAL
20212022,2021020734,2022-01-23,CBJ,OTT,0.419773,0.580227,OTT,0,OTT,1,0,REAL_NHL_API_OR_DERIVED_FROM_REAL
20212022,2021020735,2022-01-23,VAN,STL,0.634767,0.365233,VAN,0,STL,0,0,REAL_NHL_API_OR_DERIVED_FROM_REAL
20212022,2021020736,2022-01-23,SEA,FLA,0.589879,0.410121,SEA,1,SEA,1,0,REAL_NHL_API_OR_DERIVED_FROM_REAL
20212022,2021020737,2022-01-24,BOS,ANA,0.347404,0.652596,ANA,0,ANA,1,0,REAL_NHL_API_OR_DERIVED_FROM_REAL
20212022,2021020738,2022-01-24,NYR,LAK,0.613051,0.386949,NYR,1,NYR,1,0,REAL_NHL_API_OR_DERIVED_FROM_REAL
20212022,2021020739,2022-01-24,PHI,DAL,0.588262,0.411738,PHI,0,DAL,0,0,REAL_NHL_API_OR_DERIVED_FROM_REAL
20212022,2021020740,2022-01-24,WSH,VGK,0.59793,0.40207,WSH,0,VGK,0,0,REAL_NHL_API_OR_DERIVED_FROM_REAL
20212022,2021020741,2022-01-24,MIN,MTL,0.405329,0.594671,MTL,1,MIN,0,0,REAL_NHL_API_OR_DERIVED_FROM_REAL
20212022,2021020742,2022-01-24,COL,CHI,0.642721,0.357279,COL,1,COL,1,0,REAL_NHL_API_OR_DERIVED_FROM_REAL
20212022,2021020743,2022-01-24,CGY,STL,0.708565,0.291435,CGY,1,CGY,1,0,REAL_NHL_API_OR_DERIVED_FROM_REAL
20212022,2021020744,2022-01-25,OTT,BUF,0.393596,0.606404,BUF,1,OTT,0,0,REAL_NHL_API_OR_DERIVED_FROM_REAL
20212022,2021020745,2022-01-25,NJD,DAL,0.41147,0.58853,DAL,0,DAL,1,0,REAL_NHL_API_OR_DERIVED_FROM_REAL
20212022,2021020746,2022-01-25,NYI,PHI,0.50001,0.49999,NYI,1,NYI,1,0,REAL_NHL_API_OR_DERIVED_FROM_REAL
20212022,2021020747,2022-01-25,PIT,UTA,0.590735,0.409265,PIT,1,PIT,1,0,REAL_NHL_API_OR_DERIVED_FROM_REAL
20212022,2021020748,2022-01-25,CAR,VGK,0.442848,0.557152,VGK,1,CAR,0,0,REAL_NHL_API_OR_DERIVED_FROM_REAL
20212022,2021020749,2022-01-25,WPG,FLA,0.586967,0.413033,WPG,0,FLA,0,0,REAL_NHL_API_OR_DERIVED_FROM_REAL
20212022,2021020750,2022-01-25,VAN,EDM,0.697848,0.302152,VAN,0,EDM,0,0,REAL_NHL_API_OR_DERIVED_FROM_REAL
20212022,2021020751,2022-01-25,SEA,NSH,0.60217,0.39783,SEA,0,NSH,0,0,REAL_NHL_API_OR_DERIVED_FROM_REAL
20212022,2021020752,2022-01-26,TOR,ANA,0.435312,0.564688,ANA,1,TOR,0,0,REAL_NHL_API_OR_DERIVED_FROM_REAL
20212022,2021020753,2022-01-26,DET,CHI,0.649002,0.350998,DET,0,CHI,0,0,REAL_NHL_API_OR_DERIVED_FROM_REAL
20212022,2021020754,2022-01-26,WSH,SJS,0.609955,0.390045,WSH,0,SJS,0,0,REAL_NHL_API_OR_DERIVED_FROM_REAL
20212022,2021020755,2022-01-26,CBJ,CGY,0.495774,0.504226,CGY,0,CGY,1,0,REAL_NHL_API_OR_DERIVED_FROM_REAL
20212022,2021020756,2022-01-26,COL,BOS,0.565091,0.434909,COL,1,COL,1,0,REAL_NHL_API_OR_DERIVED_FROM_REAL
20212022,2021020757,2022-01-27,MTL,ANA,0.334612,0.665388,ANA,0,ANA,1,0,REAL_NHL_API_OR_DERIVED_FROM_REAL
20212022,2021020758,2022-01-27,OTT,CAR,0.564229,0.435771,OTT,0,CAR,0,0,REAL_NHL_API_OR_DERIVED_FROM_REAL
20212022,2021020759,2022-01-27,TBL,NJD,0.483375,0.516625,NJD,1,TBL,0,0,REAL_NHL_API_OR_DERIVED_FROM_REAL
20212022,2021020760,2022-01-27,FLA,VGK,0.473045,0.526955,VGK,1,FLA,0,0,REAL_NHL_API_OR_DERIVED_FROM_REAL
20212022,2021020761,2022-01-27,NYI,LAK,0.499106,0.500894,LAK,0,LAK,1,0,REAL_NHL_API_OR_DERIVED_FROM_REAL
20212022,2021020762,2022-01-27,PIT,SEA,0.521459,0.478541,PIT,0,SEA,0,0,REAL_NHL_API_OR_DERIVED_FROM_REAL
20212022,2021020763,2022-01-27,CBJ,NYR,0.505134,0.494866,CBJ,1,CBJ,1,0,REAL_NHL_API_OR_DERIVED_FROM_REAL
20212022,2021020764,2022-01-27,STL,CGY,0.599661,0.400339,STL,1,STL,1,0,REAL_NHL_API_OR_DERIVED_FROM_REAL
20212022,2021020765,2022-01-27,WPG,VAN,0.582606,0.417394,WPG,0,VAN,0,0,REAL_NHL_API_OR_DERIVED_FROM_REAL
20212022,2021020766,2022-01-27,EDM,NSH,0.490768,0.509232,NSH,1,EDM,0,0,REAL_NHL_API_OR_DERIVED_FROM_REAL
20212022,2021020767,2022-01-28,NYR,MIN,0.623356,0.376644,NYR,0,MIN,0,0,REAL_NHL_API_OR_DERIVED_FROM_REAL
20212022,2021020768,2022-01-28,PIT,DET,0.607556,0.392444,PIT,0,DET,0,0,REAL_NHL_API_OR_DERIVED_FROM_REAL
20212022,2021020769,2022-01-28,CHI,COL,0.431324,0.568676,COL,0,COL,1,0,REAL_NHL_API_OR_DERIVED_FROM_REAL
20212022,2021020770,2022-01-28,DAL,WSH,0.369499,0.630501,WSH,0,WSH,1,0,REAL_NHL_API_OR_DERIVED_FROM_REAL
20212022,2021020771,2022-01-28,UTA,BOS,0.428922,0.571078,BOS,0,BOS,1,0,REAL_NHL_API_OR_DERIVED_FROM_REAL
20212022,2021020772,2022-01-29,MTL,EDM,0.461132,0.538868,EDM,0,EDM,1,0,REAL_NHL_API_OR_DERIVED_FROM_REAL
20212022,2021020773,2022-01-29,OTT,ANA,0.508538,0.491462,OTT,0,ANA,0,0,REAL_NHL_API_OR_DERIVED_FROM_REAL
20212022,2021020774,2022-01-29,DET,TOR,0.587702,0.412298,DET,0,TOR,0,0,REAL_NHL_API_OR_DERIVED_FROM_REAL
20212022,2021020775,2022-01-29,TBL,VGK,0.490128,0.509872,VGK,0,VGK,1,0,REAL_NHL_API_OR_DERIVED_FROM_REAL
20212022,2021020776,2022-01-29,FLA,SJS,0.619975,0.380025,FLA,1,FLA,1,0,REAL_NHL_API_OR_DERIVED_FROM_REAL
20212022,2021020778,2022-01-29,PHI,LAK,0.618169,0.381831,PHI,1,PHI,1,0,REAL_NHL_API_OR_DERIVED_FROM_REAL
20212022,2021020779,2022-01-29,CAR,NJD,0.53898,0.46102,CAR,1,CAR,1,0,REAL_NHL_API_OR_DERIVED_FROM_REAL
20212022,2021020780,2022-01-29,STL,WPG,0.572182,0.427818,STL,0,WPG,0,0,REAL_NHL_API_OR_DERIVED_FROM_REAL
20212022,2021020781,2022-01-29,CGY,VAN,0.502329,0.497671,CGY,1,CGY,1,0,REAL_NHL_API_OR_DERIVED_FROM_REAL
20212022,2021020782,2022-01-29,UTA,BUF,0.446321,0.553679,BUF,0,BUF,1,0,REAL_NHL_API_OR_DERIVED_FROM_REAL
20212022,2021020783,2022-01-30,MTL,CBJ,0.551093,0.448907,MTL,0,CBJ,0,0,REAL_NHL_API_OR_DERIVED_FROM_REAL
20212022,2021020784,2022-01-30,NYI,MIN,0.490197,0.509803,MIN,0,MIN,1,0,REAL_NHL_API_OR_DERIVED_FROM_REAL
20212022,2021020785,2022-01-30,NYR,SEA,0.518719,0.481281,NYR,1,NYR,1,0,REAL_NHL_API_OR_DERIVED_FROM_REAL
20212022,2021020786,2022-01-30,PIT,LAK,0.494207,0.505793,LAK,0,LAK,1,0,REAL_NHL_API_OR_DERIVED_FROM_REAL
20212022,2021020787,2022-01-30,CAR,SJS,0.675576,0.324424,CAR,1,CAR,1,0,REAL_NHL_API_OR_DERIVED_FROM_REAL
20212022,2021020789,2022-01-30,DAL,BOS,0.454217,0.545783,BOS,1,DAL,0,0,REAL_NHL_API_OR_DERIVED_FROM_REAL
20212022,2021020790,2022-01-30,COL,BUF,0.628946,0.371054,COL,1,COL,1,0,REAL_NHL_API_OR_DERIVED_FROM_REAL
20212022,2021020683,2022-01-31,TOR,NJD,0.527779,0.472221,TOR,1,TOR,1,0,REAL_NHL_API_OR_DERIVED_FROM_REAL
20212022,2021020791,2022-01-31,OTT,EDM,0.674381,0.325619,OTT,1,OTT,1,0,REAL_NHL_API_OR_DERIVED_FROM_REAL
20212022,2021020792,2022-01-31,DET,ANA,0.516909,0.483091,DET,1,DET,1,0,REAL_NHL_API_OR_DERIVED_FROM_REAL
20212022,2021020793,2022-01-31,CBJ,FLA,0.590344,0.409656,CBJ,0,FLA,0,0,REAL_NHL_API_OR_DERIVED_FROM_REAL
20212022,2021020794,2022-01-31,CHI,VAN,0.505394,0.494606,CHI,0,VAN,0,0,REAL_NHL_API_OR_DERIVED_FROM_REAL
20212022,2021020795,2022-02-01,BOS,SEA,0.461831,0.538169,SEA,1,BOS,0,0,REAL_NHL_API_OR_DERIVED_FROM_REAL
20212022,2021020797,2022-02-01,TBL,SJS,0.593277,0.406723,TBL,1,TBL,1,0,REAL_NHL_API_OR_DERIVED_FROM_REAL
20212022,2021020798,2022-02-01,NJD,TOR,0.665699,0.334301,NJD,0,TOR,0,0,REAL_NHL_API_OR_DERIVED_FROM_REAL
20212022,2021020799,2022-02-01,NYI,OTT,0.519786,0.480214,NYI,1,NYI,1,0,REAL_NHL_API_OR_DERIVED_FROM_REAL
20212022,2021020800,2022-02-01,NYR,FLA,0.577628,0.422372,NYR,1,NYR,1,0,REAL_NHL_API_OR_DERIVED_FROM_REAL
20212022,2021020801,2022-02-01,PHI,WPG,0.555008,0.444992,PHI,1,PHI,1,0,REAL_NHL_API_OR_DERIVED_FROM_REAL
20212022,2021020802,2022-02-01,PIT,WSH,0.535653,0.464347,PIT,0,WSH,0,0,REAL_NHL_API_OR_DERIVED_FROM_REAL
20212022,2021020803,2022-02-01,NSH,VAN,0.598499,0.401501,NSH,1,NSH,1,0,REAL_NHL_API_OR_DERIVED_FROM_REAL
20212022,2021020804,2022-02-01,DAL,CGY,0.637374,0.362626,DAL,0,CGY,0,0,REAL_NHL_API_OR_DERIVED_FROM_REAL
20212022,2021020805,2022-02-01,COL,UTA,0.536294,0.463706,COL,0,UTA,0,0,REAL_NHL_API_OR_DERIVED_FROM_REAL
20212022,2021020806,2022-02-01,VGK,BUF,0.624907,0.375093,VGK,1,VGK,1,0,REAL_NHL_API_OR_DERIVED_FROM_REAL
20212022,2021020777,2022-02-02,NYI,SEA,0.522449,0.477551,NYI,0,SEA,0,0,REAL_NHL_API_OR_DERIVED_FROM_REAL
20212022,2021020807,2022-02-02,DET,LAK,0.591652,0.408348,DET,0,LAK,0,0,REAL_NHL_API_OR_DERIVED_FROM_REAL
20212022,2021020808,2022-02-02,WSH,EDM,0.552169,0.447831,WSH,0,EDM,0,0,REAL_NHL_API_OR_DERIVED_FROM_REAL
20212022,2021020809,2022-02-02,CHI,MIN,0.626343,0.373657,CHI,0,MIN,0,0,REAL_NHL_API_OR_DERIVED_FROM_REAL
20212022,2021020810,2022-02-02,UTA,CGY,0.561559,0.438441,UTA,0,CGY,0,0,REAL_NHL_API_OR_DERIVED_FROM_REAL
20212022,2021020583,2022-02-07,TOR,CAR,0.439667,0.560333,CAR,1,TOR,0,0,REAL_NHL_API_OR_DERIVED_FROM_REAL
20212022,2021021128,2022-02-07,OTT,NJD,0.696501,0.303499,OTT,1,OTT,1,0,REAL_NHL_API_OR_DERIVED_FROM_REAL
20212022,2021020487,2022-02-08,VAN,UTA,0.579132,0.420868,VAN,1,VAN,1,0,REAL_NHL_API_OR_DERIVED_FROM_REAL
20212022,2021020510,2022-02-08,OTT,CAR,0.493894,0.506106,CAR,1,OTT,0,0,REAL_NHL_API_OR_DERIVED_FROM_REAL
20212022,2021020523,2022-02-08,BOS,PIT,0.536602,0.463398,BOS,0,PIT,0,0,REAL_NHL_API_OR_DERIVED_FROM_REAL
20212022,2021020531,2022-02-08,WPG,MIN,0.605075,0.394925,WPG,1,WPG,1,0,REAL_NHL_API_OR_DERIVED_FROM_REAL
20212022,2021020664,2022-02-08,EDM,VGK,0.540368,0.459632,EDM,0,VGK,0,0,REAL_NHL_API_OR_DERIVED_FROM_REAL
20212022,2021020666,2022-02-08,MTL,NJD,0.49332,0.50668,NJD,0,NJD,1,0,REAL_NHL_API_OR_DERIVED_FROM_REAL
20212022,2021021293,2022-02-08,WSH,CBJ,0.472733,0.527267,CBJ,0,CBJ,1,0,REAL_NHL_API_OR_DERIVED_FROM_REAL
20212022,2021020503,2022-02-09,SEA,UTA,0.577963,0.422037,SEA,0,UTA,0,0,REAL_NHL_API_OR_DERIVED_FROM_REAL
20212022,2021020530,2022-02-09,DAL,NSH,0.460169,0.539831,NSH,1,DAL,0,0,REAL_NHL_API_OR_DERIVED_FROM_REAL
20212022,2021020598,2022-02-09,VAN,NYI,0.462474,0.537526,NYI,0,NYI,1,0,REAL_NHL_API_OR_DERIVED_FROM_REAL
20212022,2021020676,2022-02-09,CGY,VGK,0.415557,0.584443,VGK,1,CGY,0,0,REAL_NHL_API_OR_DERIVED_FROM_REAL
20212022,2021020694,2022-02-09,PHI,DET,0.509581,0.490419,PHI,0,DET,0,0,REAL_NHL_API_OR_DERIVED_FROM_REAL
20212022,2021020699,2022-02-09,EDM,CHI,0.497114,0.502886,CHI,0,CHI,1,0,REAL_NHL_API_OR_DERIVED_FROM_REAL
20212022,2021020462,2022-02-10,CGY,TOR,0.559905,0.440095,CGY,1,CGY,1,0,REAL_NHL_API_OR_DERIVED_FROM_REAL
20212022,2021020477,2022-02-10,COL,TBL,0.567526,0.432474,COL,1,COL,1,0,REAL_NHL_API_OR_DERIVED_FROM_REAL
20212022,2021020489,2022-02-10,BUF,CBJ,0.626736,0.373264,BUF,0,CBJ,0,0,REAL_NHL_API_OR_DERIVED_FROM_REAL
20212022,2021020494,2022-02-10,BOS,CAR,0.499807,0.500193,CAR,0,CAR,1,0,REAL_NHL_API_OR_DERIVED_FROM_REAL
20212022,2021020529,2022-02-10,STL,NJD,0.514007,0.485993,STL,0,NJD,0,0,REAL_NHL_API_OR_DERIVED_FROM_REAL
20212022,2021020559,2022-02-10,OTT,PIT,0.56695,0.43305,OTT,0,PIT,0,0,REAL_NHL_API_OR_DERIVED_FROM_REAL
20212022,2021020587,2022-02-10,MTL,WSH,0.657669,0.342331,MTL,0,WSH,0,0,REAL_NHL_API_OR_DERIVED_FROM_REAL
20212022,2021020506,2022-02-11,DAL,WPG,0.6305,0.3695,DAL,1,DAL,1,0,REAL_NHL_API_OR_DERIVED_FROM_REAL
20212022,2021020519,2022-02-11,UTA,TBL,0.532976,0.467024,UTA,0,TBL,0,0,REAL_NHL_API_OR_DERIVED_FROM_REAL
20212022,2021020623,2022-02-11,EDM,NYI,0.58642,0.41358,EDM,1,EDM,1,0,REAL_NHL_API_OR_DERIVED_FROM_REAL
20212022,2021021033,2022-02-11,ANA,SEA,0.641667,0.358333,ANA,0,SEA,0,0,REAL_NHL_API_OR_DERIVED_FROM_REAL
20212022,2021020445,2022-02-12,MIN,CAR,0.528802,0.471198,MIN,1,MIN,1,0,REAL_NHL_API_OR_DERIVED_FROM_REAL
20212022,2021020479,2022-02-12,VAN,TOR,0.585459,0.414541,VAN,1,VAN,1,0,REAL_NHL_API_OR_DERIVED_FROM_REAL
20212022,2021020499,2022-02-12,NSH,WPG,0.583398,0.416602,NSH,0,WPG,0,0,REAL_NHL_API_OR_DERIVED_FROM_REAL
20212022,2021020543,2022-02-12,OTT,BOS,0.568642,0.431358,OTT,0,BOS,0,0,REAL_NHL_API_OR_DERIVED_FROM_REAL
20212022,2021020630,2022-02-12,MTL,CBJ,0.613818,0.386182,MTL,0,CBJ,0,0,REAL_NHL_API_OR_DERIVED_FROM_REAL
20212022,2021020642,2022-02-12,CGY,NYI,0.599934,0.400066,CGY,1,CGY,1,0,REAL_NHL_API_OR_DERIVED_FROM_REAL
20212022,2021020788,2022-02-12,STL,CHI,0.592655,0.407345,STL,1,STL,1,0,REAL_NHL_API_OR_DERIVED_FROM_REAL
20212022,2021020811,2022-02-12,DET,PHI,0.420771,0.579229,PHI,1,DET,0,0,REAL_NHL_API_OR_DERIVED_FROM_REAL
20212022,2021020526,2022-02-13,WSH,OTT,0.422359,0.577641,OTT,0,OTT,1,0,REAL_NHL_API_OR_DERIVED_FROM_REAL
20212022,2021020563,2022-02-13,DAL,COL,0.550578,0.449422,DAL,0,COL,0,0,REAL_NHL_API_OR_DERIVED_FROM_REAL
20212022,2021020614,2022-02-13,MTL,BUF,0.453224,0.546776,BUF,0,BUF,1,0,REAL_NHL_API_OR_DERIVED_FROM_REAL
20212022,2021020817,2022-02-13,NJD,PIT,0.543648,0.456352,NJD,0,PIT,0,0,REAL_NHL_API_OR_DERIVED_FROM_REAL
20212022,2021020488,2022-02-14,SEA,TOR,0.649279,0.350721,SEA,0,TOR,0,0,REAL_NHL_API_OR_DERIVED_FROM_REAL
20212022,2021020517,2022-02-14,MIN,DET,0.634844,0.365156,MIN,1,MIN,1,0,REAL_NHL_API_OR_DERIVED_FROM_REAL
20212022,2021020522,2022-02-14,SJS,EDM,0.359562,0.640438,EDM,0,EDM,1,0,REAL_NHL_API_OR_DERIVED_FROM_REAL
20212022,2021020548,2022-02-14,WPG,CHI,0.636737,0.363263,WPG,0,CHI,0,0,REAL_NHL_API_OR_DERIVED_FROM_REAL
20212022,2021020478,2022-02-15,CGY,CBJ,0.529442,0.470558,CGY,1,CGY,1,0,REAL_NHL_API_OR_DERIVED_FROM_REAL
20212022,2021020495,2022-02-15,OTT,STL,0.527862,0.472138,OTT,0,STL,0,0,REAL_NHL_API_OR_DERIVED_FROM_REAL
20212022,2021020507,2022-02-15,LAK,EDM,0.702492,0.297508,LAK,0,EDM,0,0,REAL_NHL_API_OR_DERIVED_FROM_REAL
20212022,2021020514,2022-02-15,PIT,PHI,0.426658,0.573342,PHI,1,PIT,0,0,REAL_NHL_API_OR_DERIVED_FROM_REAL
20212022,2021020524,2022-02-15,BUF,NYI,0.583143,0.416857,BUF,1,BUF,1,0,REAL_NHL_API_OR_DERIVED_FROM_REAL
20212022,2021020549,2022-02-15,COL,DAL,0.545347,0.454653,COL,0,DAL,0,0,REAL_NHL_API_OR_DERIVED_FROM_REAL
20212022,2021020631,2022-02-15,NJD,TBL,0.515793,0.484207,NJD,0,TBL,0,0,REAL_NHL_API_OR_DERIVED_FROM_REAL
20212022,2021021095,2022-02-15,NSH,WSH,0.601816,0.398184,NSH,0,WSH,0,0,REAL_NHL_API_OR_DERIVED_FROM_REAL
20212022,2021021263,2022-02-15,NYR,BOS,0.499659,0.500341,BOS,1,NYR,0,0,REAL_NHL_API_OR_DERIVED_FROM_REAL
20212022,2021020500,2022-02-16,CGY,ANA,0.522649,0.477351,CGY,1,CGY,1,0,REAL_NHL_API_OR_DERIVED_FROM_REAL
20212022,2021020527,2022-02-16,CAR,FLA,0.530671,0.469329,CAR,0,FLA,0,0,REAL_NHL_API_OR_DERIVED_FROM_REAL
20212022,2021020535,2022-02-16,VGK,COL,0.521396,0.478604,VGK,0,COL,0,0,REAL_NHL_API_OR_DERIVED_FROM_REAL
20212022,2021020633,2022-02-16,WPG,MIN,0.670212,0.329788,WPG,1,WPG,1,0,REAL_NHL_API_OR_DERIVED_FROM_REAL
20212022,2021020493,2022-02-17,EDM,ANA,0.482941,0.517059,ANA,1,EDM,0,0,REAL_NHL_API_OR_DERIVED_FROM_REAL
20212022,2021020496,2022-02-17,PHI,WSH,0.609438,0.390562,PHI,0,WSH,0,0,REAL_NHL_API_OR_DERIVED_FROM_REAL
20212022,2021020502,2022-02-17,SJS,VAN,0.57224,0.42776,SJS,0,VAN,0,0,REAL_NHL_API_OR_DERIVED_FROM_REAL
20212022,2021020525,2022-02-17,NYR,DET,0.698087,0.301913,NYR,0,DET,0,0,REAL_NHL_API_OR_DERIVED_FROM_REAL
20212022,2021020538,2022-02-17,CHI,CBJ,0.50353,0.49647,CHI,0,CBJ,0,0,REAL_NHL_API_OR_DERIVED_FROM_REAL
20212022,2021020542,2022-02-17,TOR,PIT,0.409453,0.590547,PIT,1,TOR,0,0,REAL_NHL_API_OR_DERIVED_FROM_REAL
20212022,2021020621,2022-02-17,WPG,SEA,0.601659,0.398341,WPG,1,WPG,1,0,REAL_NHL_API_OR_DERIVED_FROM_REAL
20212022,2021020796,2022-02-17,MTL,STL,0.528104,0.471896,MTL,1,MTL,1,0,REAL_NHL_API_OR_DERIVED_FROM_REAL
20212022,2021021006,2022-02-17,NYI,BOS,0.609071,0.390929,NYI,1,NYI,1,0,REAL_NHL_API_OR_DERIVED_FROM_REAL
20212022,2021021228,2022-02-17,BUF,OTT,0.552729,0.447271,BUF,0,OTT,0,0,REAL_NHL_API_OR_DERIVED_FROM_REAL
20212022,2021020476,2022-02-18,MIN,FLA,0.462815,0.537185,FLA,0,FLA,1,0,REAL_NHL_API_OR_DERIVED_FROM_REAL
20212022,2021020485,2022-02-18,CAR,NSH,0.504516,0.495484,CAR,1,CAR,1,0,REAL_NHL_API_OR_DERIVED_FROM_REAL
20212022,2021020516,2022-02-18,CHI,DAL,0.51833,0.48167,CHI,0,DAL,0,0,REAL_NHL_API_OR_DERIVED_FROM_REAL
20212022,2021020521,2022-02-18,VGK,LAK,0.534537,0.465463,VGK,0,LAK,0,0,REAL_NHL_API_OR_DERIVED_FROM_REAL
20212022,2021020481,2022-02-19,OTT,BOS,0.574817,0.425183,OTT,0,BOS,0,0,REAL_NHL_API_OR_DERIVED_FROM_REAL
20212022,2021020504,2022-02-19,BUF,COL,0.516478,0.483522,BUF,0,COL,0,0,REAL_NHL_API_OR_DERIVED_FROM_REAL
20212022,2021020509,2022-02-19,TOR,STL,0.376953,0.623047,STL,0,STL,1,0,REAL_NHL_API_OR_DERIVED_FROM_REAL
20212022,2021020518,2022-02-19,CGY,SEA,0.539,0.461,CGY,1,CGY,1,0,REAL_NHL_API_OR_DERIVED_FROM_REAL
20212022,2021020520,2022-02-19,VAN,ANA,0.405768,0.594232,ANA,0,ANA,1,0,REAL_NHL_API_OR_DERIVED_FROM_REAL
20212022,2021020533,2022-02-19,UTA,LAK,0.478085,0.521915,LAK,0,LAK,1,0,REAL_NHL_API_OR_DERIVED_FROM_REAL
20212022,2021020681,2022-02-19,WPG,EDM,0.668668,0.331332,WPG,0,EDM,0,0,REAL_NHL_API_OR_DERIVED_FROM_REAL
20212022,2021020263,2022-02-20,OTT,NYR,0.426682,0.573318,NYR,0,NYR,1,0,REAL_NHL_API_OR_DERIVED_FROM_REAL
20212022,2021020491,2022-02-20,NYI,MTL,0.44144,0.55856,MTL,0,MTL,1,0,REAL_NHL_API_OR_DERIVED_FROM_REAL
20212022,2021020498,2022-02-20,CHI,FLA,0.545833,0.454167,CHI,0,FLA,0,0,REAL_NHL_API_OR_DERIVED_FROM_REAL
20212022,2021020515,2022-02-20,CBJ,BUF,0.512861,0.487139,CBJ,1,CBJ,1,0,REAL_NHL_API_OR_DERIVED_FROM_REAL
20212022,2021020581,2022-02-20,UTA,DAL,0.491546,0.508454,DAL,1,UTA,0,0,REAL_NHL_API_OR_DERIVED_FROM_REAL
20212022,2021020648,2022-02-20,EDM,MIN,0.490998,0.509002,MIN,0,MIN,1,0,REAL_NHL_API_OR_DERIVED_FROM_REAL
20212022,2021021161,2022-02-20,SJS,VGK,0.621358,0.378642,SJS,0,VGK,0,0,REAL_NHL_API_OR_DERIVED_FROM_REAL
20212022,2021021304,2022-02-20,PIT,CAR,0.594868,0.405132,PIT,0,CAR,0,0,REAL_NHL_API_OR_DERIVED_FROM_REAL
20212022,2021020508,2022-02-21,BOS,COL,0.617519,0.382481,BOS,1,BOS,1,0,REAL_NHL_API_OR_DERIVED_FROM_REAL
20212022,2021020534,2022-02-21,VAN,SEA,0.431132,0.568868,SEA,1,VAN,0,0,REAL_NHL_API_OR_DERIVED_FROM_REAL
20212022,2021020564,2022-02-21,CGY,WPG,0.570152,0.429848,CGY,1,CGY,1,0,REAL_NHL_API_OR_DERIVED_FROM_REAL
20212022,2021020601,2022-02-21,MTL,TOR,0.605676,0.394324,MTL,1,MTL,1,0,REAL_NHL_API_OR_DERIVED_FROM_REAL
20212022,2021020639,2022-02-21,PHI,CAR,0.458003,0.541997,CAR,0,CAR,1,0,REAL_NHL_API_OR_DERIVED_FROM_REAL
20212022,2021020511,2022-02-22,FLA,NSH,0.560767,0.439233,FLA,0,NSH,0,0,REAL_NHL_API_OR_DERIVED_FROM_REAL
20212022,2021020528,2022-02-22,CBJ,TOR,0.662925,0.337075,CBJ,1,CBJ,1,0,REAL_NHL_API_OR_DERIVED_FROM_REAL
20212022,2021020536,2022-02-22,ANA,SJS,0.572226,0.427774,ANA,1,ANA,1,0,REAL_NHL_API_OR_DERIVED_FROM_REAL
20212022,2021020584,2022-02-22,OTT,MIN,0.628723,0.371277,OTT,1,OTT,1,0,REAL_NHL_API_OR_DERIVED_FROM_REAL
20212022,2021020595,2022-02-22,SEA,NYI,0.49963,0.50037,NYI,0,NYI,1,0,REAL_NHL_API_OR_DERIVED_FROM_REAL
20212022,2021020848,2022-02-22,PHI,STL,0.579591,0.420409,PHI,0,STL,0,0,REAL_NHL_API_OR_DERIVED_FROM_REAL
20212022,2021020490,2022-02-23,DET,COL,0.427473,0.572527,COL,0,COL,1,0,REAL_NHL_API_OR_DERIVED_FROM_REAL
20212022,2021020812,2022-02-23,TBL,EDM,0.67719,0.32281,TBL,1,TBL,1,0,REAL_NHL_API_OR_DERIVED_FROM_REAL
20212022,2021020813,2022-02-23,DAL,WPG,0.55069,0.44931,DAL,1,DAL,1,0,REAL_NHL_API_OR_DERIVED_FROM_REAL
20212022,2021020814,2022-02-23,UTA,LAK,0.478503,0.521497,LAK,0,LAK,1,0,REAL_NHL_API_OR_DERIVED_FROM_REAL
20212022,2021021273,2022-02-23,MTL,BUF,0.521878,0.478122,MTL,1,MTL,1,0,REAL_NHL_API_OR_DERIVED_FROM_REAL
20212022,2021020497,2022-02-24,PIT,NJD,0.613804,0.386196,PIT,0,NJD,0,0,REAL_NHL_API_OR_DERIVED_FROM_REAL
20212022,2021020815,2022-02-24,TOR,MIN,0.432958,0.567042,MIN,1,TOR,0,0,REAL_NHL_API_OR_DERIVED_FROM_REAL
20212022,2021020816,2022-02-24,FLA,CBJ,0.48126,0.51874,CBJ,0,CBJ,1,0,REAL_NHL_API_OR_DERIVED_FROM_REAL
20212022,2021020818,2022-02-24,NYR,WSH,0.683026,0.316974,NYR,1,NYR,1,0,REAL_NHL_API_OR_DERIVED_FROM_REAL
20212022,2021020819,2022-02-24,NSH,DAL,0.483126,0.516874,DAL,1,NSH,0,0,REAL_NHL_API_OR_DERIVED_FROM_REAL
20212022,2021020820,2022-02-24,VAN,CGY,0.522606,0.477394,VAN,1,VAN,1,0,REAL_NHL_API_OR_DERIVED_FROM_REAL
20212022,2021020821,2022-02-24,SJS,NYI,0.576389,0.423611,SJS,1,SJS,1,0,REAL_NHL_API_OR_DERIVED_FROM_REAL
20212022,2021020822,2022-02-24,SEA,BOS,0.534014,0.465986,SEA,0,BOS,0,0,REAL_NHL_API_OR_DERIVED_FROM_REAL
20212022,2021020823,2022-02-25,CAR,CBJ,0.595436,0.404564,CAR,1,CAR,1,0,REAL_NHL_API_OR_DERIVED_FROM_REAL
20212022,2021020824,2022-02-25,CHI,NJD,0.579059,0.420941,CHI,1,CHI,1,0,REAL_NHL_API_OR_DERIVED_FROM_REAL
20212022,2021020825,2022-02-25,STL,BUF,0.536956,0.463044,STL,1,STL,1,0,REAL_NHL_API_OR_DERIVED_FROM_REAL
20212022,2021020826,2022-02-25,COL,WPG,0.475474,0.524526,WPG,1,COL,0,0,REAL_NHL_API_OR_DERIVED_FROM_REAL
20212022,2021020827,2022-02-25,UTA,VGK,0.62963,0.37037,UTA,1,UTA,1,0,REAL_NHL_API_OR_DERIVED_FROM_REAL
20212022,2021020828,2022-02-25,ANA,LAK,0.368352,0.631648,LAK,0,LAK,1,0,REAL_NHL_API_OR_DERIVED_FROM_REAL
20212022,2021020830,2022-02-26,OTT,MTL,0.66475,0.33525,OTT,0,MTL,0,0,REAL_NHL_API_OR_DERIVED_FROM_REAL
20212022,2021020831,2022-02-26,FLA,EDM,0.612267,0.387733,FLA,0,EDM,0,0,REAL_NHL_API_OR_DERIVED_FROM_REAL
20212022,2021020832,2022-02-26,PHI,WSH,0.614893,0.385107,PHI,1,PHI,1,0,REAL_NHL_API_OR_DERIVED_FROM_REAL
20212022,2021020833,2022-02-26,PIT,NYR,0.428104,0.571896,NYR,1,PIT,0,0,REAL_NHL_API_OR_DERIVED_FROM_REAL
20212022,2021020834,2022-02-26,NSH,TBL,0.573458,0.426542,NSH,0,TBL,0,0,REAL_NHL_API_OR_DERIVED_FROM_REAL
20212022,2021020835,2022-02-26,CGY,MIN,0.530266,0.469734,CGY,1,CGY,1,0,REAL_NHL_API_OR_DERIVED_FROM_REAL
20212022,2021020836,2022-02-26,VGK,COL,0.505809,0.494191,VGK,0,COL,0,0,REAL_NHL_API_OR_DERIVED_FROM_REAL
20212022,2021020837,2022-02-26,LAK,NYI,0.563083,0.436917,LAK,1,LAK,1,0,REAL_NHL_API_OR_DERIVED_FROM_REAL
20212022,2021020838,2022-02-26,SJS,BOS,0.479795,0.520205,BOS,0,BOS,1,0,REAL_NHL_API_OR_DERIVED_FROM_REAL
20212022,2021021275,2022-02-26,DET,TOR,0.480536,0.519464,TOR,0,TOR,1,0,REAL_NHL_API_OR_DERIVED_FROM_REAL
20212022,2021020839,2022-02-27,NYR,VAN,0.66487,0.33513,NYR,0,VAN,0,0,REAL_NHL_API_OR_DERIVED_FROM_REAL
20212022,2021020840,2022-02-27,CAR,EDM,0.667885,0.332115,CAR,1,CAR,1,0,REAL_NHL_API_OR_DERIVED_FROM_REAL
20212022,2021020841,2022-02-27,CBJ,PIT,0.561794,0.438206,CBJ,0,PIT,0,0,REAL_NHL_API_OR_DERIVED_FROM_REAL
20212022,2021020842,2022-02-27,CHI,STL,0.621078,0.378922,CHI,0,STL,0,0,REAL_NHL_API_OR_DERIVED_FROM_REAL
20212022,2021020843,2022-02-27,DAL,BUF,0.6526,0.3474,DAL,1,DAL,1,0,REAL_NHL_API_OR_DERIVED_FROM_REAL
20212022,2021020844,2022-02-27,UTA,WPG,0.531682,0.468318,UTA,0,WPG,0,0,REAL_NHL_API_OR_DERIVED_FROM_REAL
20212022,2021020845,2022-02-27,ANA,NYI,0.560595,0.439405,ANA,0,NYI,0,0,REAL_NHL_API_OR_DERIVED_FROM_REAL
20212022,2021020846,2022-02-27,SJS,SEA,0.524,0.476,SJS,1,SJS,1,0,REAL_NHL_API_OR_DERIVED_FROM_REAL
20212022,2021020847,2022-02-28,NJD,VAN,0.708175,0.291825,NJD,1,NJD,1,0,REAL_NHL_API_OR_DERIVED_FROM_REAL
20212022,2021020849,2022-02-28,WSH,TOR,0.564771,0.435229,WSH,0,TOR,0,0,REAL_NHL_API_OR_DERIVED_FROM_REAL
20212022,2021020850,2022-02-28,LAK,BOS,0.440934,0.559066,BOS,0,BOS,1,0,REAL_NHL_API_OR_DERIVED_FROM_REAL
20212022,2021020851,2022-03-01,DET,CAR,0.507513,0.492487,DET,1,DET,1,0,REAL_NHL_API_OR_DERIVED_FROM_REAL
20212022,2021020852,2022-03-01,TBL,OTT,0.505293,0.494707,TBL,1,TBL,1,0,REAL_NHL_API_OR_DERIVED_FROM_REAL
20212022,2021020853,2022-03-01,PHI,EDM,0.561959,0.438041,PHI,0,EDM,0,0,REAL_NHL_API_OR_DERIVED_FROM_REAL
20212022,2021020854,2022-03-01,CBJ,NJD,0.742527,0.257473,CBJ,1,CBJ,1,0,REAL_NHL_API_OR_DERIVED_FROM_REAL
20212022,2021020855,2022-03-01,MIN,CGY,0.575598,0.424402,MIN,0,CGY,0,0,REAL_NHL_API_OR_DERIVED_FROM_REAL
20212022,2021020856,2022-03-01,WPG,MTL,0.587104,0.412896,WPG,1,WPG,1,0,REAL_NHL_API_OR_DERIVED_FROM_REAL
20212022,2021020857,2022-03-01,COL,NYI,0.579248,0.420752,COL,1,COL,1,0,REAL_NHL_API_OR_DERIVED_FROM_REAL
20212022,2021020858,2022-03-01,VGK,SJS,0.607328,0.392672,VGK,1,VGK,1,0,REAL_NHL_API_OR_DERIVED_FROM_REAL
20212022,2021020859,2022-03-01,ANA,BOS,0.571104,0.428896,ANA,1,ANA,1,0,REAL_NHL_API_OR_DERIVED_FROM_REAL
20212022,2021020860,2022-03-02,TOR,BUF,0.360288,0.639712,BUF,0,BUF,1,0,REAL_NHL_API_OR_DERIVED_FROM_REAL
20212022,2021020861,2022-03-02,NYR,STL,0.670917,0.329083,NYR,1,NYR,1,0,REAL_NHL_API_OR_DERIVED_FROM_REAL
20212022,2021020862,2022-03-02,DAL,LAK,0.67489,0.32511,DAL,1,DAL,1,0,REAL_NHL_API_OR_DERIVED_FROM_REAL
20212022,2021020863,2022-03-02,SEA,NSH,0.555952,0.444048,SEA,1,SEA,1,0,REAL_NHL_API_OR_DERIVED_FROM_REAL
20212022,2021020864,2022-03-03,TBL,PIT,0.614578,0.385422,TBL,0,PIT,0,0,REAL_NHL_API_OR_DERIVED_FROM_REAL
20212022,2021020865,2022-03-03,FLA,OTT,0.455432,0.544568,OTT,1,FLA,0,0,REAL_NHL_API_OR_DERIVED_FROM_REAL
20212022,2021020866,2022-03-03,NYI,VAN,0.695149,0.304851,NYI,0,VAN,0,0,REAL_NHL_API_OR_DERIVED_FROM_REAL
20212022,2021020867,2022-03-03,PHI,MIN,0.545298,0.454702,PHI,0,MIN,0,0,REAL_NHL_API_OR_DERIVED_FROM_REAL
20212022,2021020868,2022-03-03,WSH,CAR,0.512011,0.487989,WSH,1,WSH,1,0,REAL_NHL_API_OR_DERIVED_FROM_REAL
20212022,2021020869,2022-03-03,CHI,EDM,0.586091,0.413909,CHI,1,CHI,1,0,REAL_NHL_API_OR_DERIVED_FROM_REAL
20212022,2021020870,2022-03-03,CGY,MTL,0.625236,0.374764,CGY,0,MTL,0,0,REAL_NHL_API_OR_DERIVED_FROM_REAL
20212022,2021020871,2022-03-03,UTA,COL,0.522116,0.477884,UTA,1,UTA,1,0,REAL_NHL_API_OR_DERIVED_FROM_REAL
20212022,2021020872,2022-03-03,VGK,BOS,0.563284,0.436716,VGK,0,BOS,0,0,REAL_NHL_API_OR_DERIVED_FROM_REAL
20212022,2021020873,2022-03-04,BUF,MIN,0.422199,0.577801,MIN,1,BUF,0,0,REAL_NHL_API_OR_DERIVED_FROM_REAL
20212022,2021020874,2022-03-04,TBL,DET,0.641674,0.358326,TBL,1,TBL,1,0,REAL_NHL_API_OR_DERIVED_FROM_REAL
20212022,2021020875,2022-03-04,NYR,NJD,0.637238,0.362762,NYR,1,NYR,1,0,REAL_NHL_API_OR_DERIVED_FROM_REAL
20212022,2021020876,2022-03-04,CAR,PIT,0.482013,0.517987,PIT,1,CAR,0,0,REAL_NHL_API_OR_DERIVED_FROM_REAL
20212022,2021020877,2022-03-04,CBJ,LAK,0.643075,0.356925,CBJ,0,LAK,0,0,REAL_NHL_API_OR_DERIVED_FROM_REAL
20212022,2021020878,2022-03-04,WPG,DAL,0.594466,0.405534,WPG,0,DAL,0,0,REAL_NHL_API_OR_DERIVED_FROM_REAL
20212022,2021020879,2022-03-04,ANA,VGK,0.442923,0.557077,VGK,0,VGK,1,0,REAL_NHL_API_OR_DERIVED_FROM_REAL
20212022,2021020880,2022-03-05,TOR,VAN,0.521443,0.478557,TOR,0,VAN,0,0,REAL_NHL_API_OR_DERIVED_FROM_REAL
20212022,2021020881,2022-03-05,FLA,DET,0.631333,0.368667,FLA,1,FLA,1,0,REAL_NHL_API_OR_DERIVED_FROM_REAL
20212022,2021020882,2022-03-05,NYI,STL,0.627598,0.372402,NYI,1,NYI,1,0,REAL_NHL_API_OR_DERIVED_FROM_REAL
20212022,2021020883,2022-03-05,PHI,CHI,0.465225,0.534775,CHI,1,PHI,0,0,REAL_NHL_API_OR_DERIVED_FROM_REAL
20212022,2021020884,2022-03-05,WSH,SEA,0.461343,0.538657,SEA,1,WSH,0,0,REAL_NHL_API_OR_DERIVED_FROM_REAL
20212022,2021020885,2022-03-05,CBJ,BOS,0.606407,0.393593,CBJ,0,BOS,0,0,REAL_NHL_API_OR_DERIVED_FROM_REAL
20212022,2021020886,2022-03-05,COL,CGY,0.617519,0.382481,COL,0,CGY,0,0,REAL_NHL_API_OR_DERIVED_FROM_REAL
20212022,2021020887,2022-03-05,EDM,MTL,0.583678,0.416322,EDM,0,MTL,0,0,REAL_NHL_API_OR_DERIVED_FROM_REAL
20212022,2021020888,2022-03-05,UTA,OTT,0.592008,0.407992,UTA,1,UTA,1,0,REAL_NHL_API_OR_DERIVED_FROM_REAL
20212022,2021020889,2022-03-05,SJS,NSH,0.587253,0.412747,SJS,0,NSH,0,0,REAL_NHL_API_OR_DERIVED_FROM_REAL
20212022,2021020890,2022-03-06,BUF,LAK,0.540302,0.459698,BUF,0,LAK,0,0,REAL_NHL_API_OR_DERIVED_FROM_REAL
20212022,2021020891,2022-03-06,NJD,STL,0.536707,0.463293,NJD,1,NJD,1,0,REAL_NHL_API_OR_DERIVED_FROM_REAL
20212022,2021020892,2022-03-06,CAR,SEA,0.455799,0.544201,SEA,1,CAR,0,0,REAL_NHL_API_OR_DERIVED_FROM_REAL
20212022,2021020893,2022-03-06,CHI,TBL,0.575311,0.424689,CHI,0,TBL,0,0,REAL_NHL_API_OR_DERIVED_FROM_REAL
20212022,2021020894,2022-03-06,MIN,DAL,0.518774,0.481226,MIN,0,DAL,0,0,REAL_NHL_API_OR_DERIVED_FROM_REAL
20212022,2021020895,2022-03-06,WPG,NYR,0.50351,0.49649,WPG,0,NYR,0,0,REAL_NHL_API_OR_DERIVED_FROM_REAL
20212022,2021020896,2022-03-06,VGK,OTT,0.611809,0.388191,VGK,1,VGK,1,0,REAL_NHL_API_OR_DERIVED_FROM_REAL
20212022,2021020897,2022-03-06,ANA,SJS,0.644995,0.355005,ANA,1,ANA,1,0,REAL_NHL_API_OR_DERIVED_FROM_REAL
20212022,2021020532,2022-03-07,CGY,EDM,0.425248,0.574752,EDM,1,CGY,0,0,REAL_NHL_API_OR_DERIVED_FROM_REAL
20212022,2021020898,2022-03-07,BOS,LAK,0.437335,0.562665,LAK,0,LAK,1,0,REAL_NHL_API_OR_DERIVED_FROM_REAL
20212022,2021020899,2022-03-07,BUF,FLA,0.544524,0.455476,BUF,0,FLA,0,0,REAL_NHL_API_OR_DERIVED_FROM_REAL
20212022,2021020900,2022-03-07,NYI,COL,0.517701,0.482299,NYI,0,COL,0,0,REAL_NHL_API_OR_DERIVED_FROM_REAL
20212022,2021020901,2022-03-07,CBJ,TOR,0.706814,0.293186,CBJ,0,TOR,0,0,REAL_NHL_API_OR_DERIVED_FROM_REAL
20212022,2021020902,2022-03-08,TOR,SEA,0.396497,0.603503,SEA,1,TOR,0,0,REAL_NHL_API_OR_DERIVED_FROM_REAL
20212022,2021020903,2022-03-08,DET,UTA,0.532736,0.467264,DET,0,UTA,0,0,REAL_NHL_API_OR_DERIVED_FROM_REAL
20212022,2021020904,2022-03-08,NJD,COL,0.53901,0.46099,NJD,1,NJD,1,0,REAL_NHL_API_OR_DERIVED_FROM_REAL
20212022,2021020905,2022-03-08,PHI,VGK,0.611567,0.388433,PHI,1,PHI,1,0,REAL_NHL_API_OR_DERIVED_FROM_REAL
20212022,2021020906,2022-03-08,PIT,FLA,0.657303,0.342697,PIT,0,FLA,0,0,REAL_NHL_API_OR_DERIVED_FROM_REAL
20212022,2021020907,2022-03-08,CHI,ANA,0.709548,0.290452,CHI,1,CHI,1,0,REAL_NHL_API_OR_DERIVED_FROM_REAL
20212022,2021020908,2022-03-08,STL,OTT,0.632187,0.367813,STL,0,OTT,0,0,REAL_NHL_API_OR_DERIVED_FROM_REAL
20212022,2021020909,2022-03-08,NSH,DAL,0.492245,0.507755,DAL,1,NSH,0,0,REAL_NHL_API_OR_DERIVED_FROM_REAL
20212022,2021020910,2022-03-08,MIN,NYR,0.628705,0.371295,MIN,1,MIN,1,0,REAL_NHL_API_OR_DERIVED_FROM_REAL
20212022,2021020911,2022-03-08,WPG,TBL,0.484839,0.515161,TBL,1,WPG,0,0,REAL_NHL_API_OR_DERIVED_FROM_REAL
20212022,2021020912,2022-03-08,CGY,WSH,0.518823,0.481177,CGY,0,WSH,0,0,REAL_NHL_API_OR_DERIVED_FROM_REAL
20212022,2021020913,2022-03-09,EDM,WSH,0.703765,0.296235,EDM,1,EDM,1,0,REAL_NHL_API_OR_DERIVED_FROM_REAL
20212022,2021020914,2022-03-09,VAN,MTL,0.667661,0.332339,VAN,1,VAN,1,0,REAL_NHL_API_OR_DERIVED_FROM_REAL
20212022,2021020693,2022-03-10,NYI,CBJ,0.57862,0.42138,NYI,1,NYI,1,0,REAL_NHL_API_OR_DERIVED_FROM_REAL
20212022,2021020915,2022-03-10,BOS,CHI,0.476331,0.523669,CHI,1,BOS,0,0,REAL_NHL_API_OR_DERIVED_FROM_REAL
20212022,2021020916,2022-03-10,BUF,VGK,0.474102,0.525898,VGK,1,BUF,0,0,REAL_NHL_API_OR_DERIVED_FROM_REAL
20212022,2021020917,2022-03-10,TOR,UTA,0.584329,0.415671,TOR,0,UTA,0,0,REAL_NHL_API_OR_DERIVED_FROM_REAL
20212022,2021020918,2022-03-10,OTT,SEA,0.54819,0.45181,OTT,1,OTT,1,0,REAL_NHL_API_OR_DERIVED_FROM_REAL
20212022,2021020919,2022-03-10,DET,MIN,0.501725,0.498275,DET,0,MIN,0,0,REAL_NHL_API_OR_DERIVED_FROM_REAL
20212022,2021020920,2022-03-10,FLA,PHI,0.396656,0.603344,PHI,1,FLA,0,0,REAL_NHL_API_OR_DERIVED_FROM_REAL
20212022,2021020921,2022-03-10,NJD,WPG,0.545665,0.454335,NJD,0,WPG,0,0,REAL_NHL_API_OR_DERIVED_FROM_REAL
20212022,2021020923,2022-03-10,CAR,COL,0.51292,0.48708,CAR,1,CAR,1,0,REAL_NHL_API_OR_DERIVED_FROM_REAL
20212022,2021020924,2022-03-10,STL,NYR,0.599818,0.400182,STL,1,STL,1,0,REAL_NHL_API_OR_DERIVED_FROM_REAL
20212022,2021020925,2022-03-10,NSH,ANA,0.622973,0.377027,NSH,1,NSH,1,0,REAL_NHL_API_OR_DERIVED_FROM_REAL
20212022,2021020926,2022-03-10,CGY,TBL,0.527039,0.472961,CGY,1,CGY,1,0,REAL_NHL_API_OR_DERIVED_FROM_REAL
20212022,2021020927,2022-03-10,LAK,SJS,0.497687,0.502313,SJS,0,SJS,1,0,REAL_NHL_API_OR_DERIVED_FROM_REAL
20212022,2021020928,2022-03-11,NYI,WPG,0.645616,0.354384,NYI,1,NYI,1,0,REAL_NHL_API_OR_DERIVED_FROM_REAL
20212022,2021020929,2022-03-11,PIT,VGK,0.639463,0.360537,PIT,1,PIT,1,0,REAL_NHL_API_OR_DERIVED_FROM_REAL
20212022,2021020930,2022-03-11,CBJ,MIN,0.570506,0.429494,CBJ,1,CBJ,1,0,REAL_NHL_API_OR_DERIVED_FROM_REAL
20212022,2021020931,2022-03-11,VAN,WSH,0.581823,0.418177,VAN,0,WSH,0,0,REAL_NHL_API_OR_DERIVED_FROM_REAL
20212022,2021020932,2022-03-12,BOS,UTA,0.632409,0.367591,BOS,1,BOS,1,0,REAL_NHL_API_OR_DERIVED_FROM_REAL
20212022,2021020933,2022-03-12,MTL,SEA,0.472419,0.527581,SEA,0,SEA,1,0,REAL_NHL_API_OR_DERIVED_FROM_REAL
20212022,2021020934,2022-03-12,OTT,CHI,0.527445,0.472555,OTT,0,CHI,0,0,REAL_NHL_API_OR_DERIVED_FROM_REAL
20212022,2021020935,2022-03-12,NJD,ANA,0.587412,0.412588,NJD,1,NJD,1,0,REAL_NHL_API_OR_DERIVED_FROM_REAL
20212022,2021020936,2022-03-12,CAR,PHI,0.658829,0.341171,CAR,1,CAR,1,0,REAL_NHL_API_OR_DERIVED_FROM_REAL
20212022,2021020937,2022-03-12,NSH,STL,0.496913,0.503087,STL,0,STL,1,0,REAL_NHL_API_OR_DERIVED_FROM_REAL
20212022,2021020938,2022-03-12,DAL,NYR,0.544133,0.455867,DAL,0,NYR,0,0,REAL_NHL_API_OR_DERIVED_FROM_REAL
20212022,2021020939,2022-03-12,CGY,DET,0.580272,0.419728,CGY,1,CGY,1,0,REAL_NHL_API_OR_DERIVED_FROM_REAL
20212022,2021020940,2022-03-12,EDM,TBL,0.582815,0.417185,EDM,1,EDM,1,0,REAL_NHL_API_OR_DERIVED_FROM_REAL
20212022,2021020941,2022-03-12,SJS,LAK,0.423741,0.576259,LAK,1,SJS,0,0,REAL_NHL_API_OR_DERIVED_FROM_REAL
20212022,2021020942,2022-03-13,BUF,TOR,0.559679,0.440321,BUF,1,BUF,1,0,REAL_NHL_API_OR_DERIVED_FROM_REAL
20212022,2021020943,2022-03-13,NYI,ANA,0.620848,0.379152,NYI,1,NYI,1,0,REAL_NHL_API_OR_DERIVED_FROM_REAL
20212022,2021020944,2022-03-13,PHI,MTL,0.654704,0.345296,PHI,0,MTL,0,0,REAL_NHL_API_OR_DERIVED_FROM_REAL
20212022,2021020945,2022-03-13,PIT,CAR,0.516125,0.483875,PIT,1,PIT,1,0,REAL_NHL_API_OR_DERIVED_FROM_REAL
20212022,2021020946,2022-03-13,CBJ,VGK,0.484432,0.515568,VGK,1,CBJ,0,0,REAL_NHL_API_OR_DERIVED_FROM_REAL
20212022,2021020947,2022-03-13,STL,WPG,0.644139,0.355861,STL,0,WPG,0,0,REAL_NHL_API_OR_DERIVED_FROM_REAL
20212022,2021020948,2022-03-13,MIN,NSH,0.653163,0.346837,MIN,0,NSH,0,0,REAL_NHL_API_OR_DERIVED_FROM_REAL
20212022,2021020949,2022-03-13,COL,CGY,0.760666,0.239334,COL,1,COL,1,0,REAL_NHL_API_OR_DERIVED_FROM_REAL
20212022,2021020950,2022-03-13,VAN,TBL,0.582289,0.417711,VAN,0,TBL,0,0,REAL_NHL_API_OR_DERIVED_FROM_REAL
20212022,2021020951,2022-03-13,LAK,FLA,0.513663,0.486337,LAK,1,LAK,1,0,REAL_NHL_API_OR_DERIVED_FROM_REAL
20212022,2021020952,2022-03-14,OTT,UTA,0.50573,0.49427,OTT,0,UTA,0,0,REAL_NHL_API_OR_DERIVED_FROM_REAL
20212022,2021020953,2022-03-15,TOR,DAL,0.609863,0.390137,TOR,1,TOR,1,0,REAL_NHL_API_OR_DERIVED_FROM_REAL
20212022,2021020954,2022-03-15,MTL,UTA,0.579737,0.420263,MTL,0,UTA,0,0,REAL_NHL_API_OR_DERIVED_FROM_REAL
20212022,2021020955,2022-03-15,NYR,ANA,0.513302,0.486698,NYR,1,NYR,1,0,REAL_NHL_API_OR_DERIVED_FROM_REAL
20212022,2021020956,2022-03-15,WSH,NYI,0.5856,0.4144,WSH,1,WSH,1,0,REAL_NHL_API_OR_DERIVED_FROM_REAL
20212022,2021020957,2022-03-15,CHI,BOS,0.574724,0.425276,CHI,0,BOS,0,0,REAL_NHL_API_OR_DERIVED_FROM_REAL
20212022,2021020958,2022-03-15,NSH,PIT,0.468708,0.531292,PIT,1,NSH,0,0,REAL_NHL_API_OR_DERIVED_FROM_REAL
20212022,2021020959,2022-03-15,WPG,VGK,0.398996,0.601004,VGK,1,WPG,0,0,REAL_NHL_API_OR_DERIVED_FROM_REAL
20212022,2021020960,2022-03-15,EDM,DET,0.719017,0.280983,EDM,1,EDM,1,0,REAL_NHL_API_OR_DERIVED_FROM_REAL
20212022,2021020961,2022-03-15,VAN,NJD,0.573514,0.426486,VAN,1,VAN,1,0,REAL_NHL_API_OR_DERIVED_FROM_REAL
20212022,2021020962,2022-03-15,LAK,COL,0.453212,0.546788,COL,0,COL,1,0,REAL_NHL_API_OR_DERIVED_FROM_REAL
20212022,2021020963,2022-03-15,SJS,FLA,0.534185,0.465815,SJS,0,FLA,0,0,REAL_NHL_API_OR_DERIVED_FROM_REAL
20212022,2021020964,2022-03-16,OTT,CBJ,0.522312,0.477688,OTT,0,CBJ,0,0,REAL_NHL_API_OR_DERIVED_FROM_REAL
20212022,2021020965,2022-03-16,MIN,BOS,0.464489,0.535511,BOS,1,MIN,0,0,REAL_NHL_API_OR_DERIVED_FROM_REAL
20212022,2021020966,2022-03-16,CGY,NJD,0.63768,0.36232,CGY,1,CGY,1,0,REAL_NHL_API_OR_DERIVED_FROM_REAL
20212022,2021020967,2022-03-16,SEA,TBL,0.577991,0.422009,SEA,0,TBL,0,0,REAL_NHL_API_OR_DERIVED_FROM_REAL
20212022,2021020328,2022-03-17,NYR,NYI,0.543452,0.456548,NYR,0,NYI,0,0,REAL_NHL_API_OR_DERIVED_FROM_REAL
20212022,2021020968,2022-03-17,TOR,CAR,0.459125,0.540875,CAR,1,TOR,0,0,REAL_NHL_API_OR_DERIVED_FROM_REAL
20212022,2021020969,2022-03-17,MTL,DAL,0.470245,0.529755,DAL,0,DAL,1,0,REAL_NHL_API_OR_DERIVED_FROM_REAL
20212022,2021020970,2022-03-17,PHI,NSH,0.542641,0.457359,PHI,1,PHI,1,0,REAL_NHL_API_OR_DERIVED_FROM_REAL
20212022,2021020971,2022-03-17,CBJ,WSH,0.418458,0.581542,WSH,0,WSH,1,0,REAL_NHL_API_OR_DERIVED_FROM_REAL
20212022,2021020972,2022-03-17,STL,PIT,0.480301,0.519699,PIT,0,PIT,1,0,REAL_NHL_API_OR_DERIVED_FROM_REAL
20212022,2021020973,2022-03-17,EDM,BUF,0.458926,0.541074,BUF,1,EDM,0,0,REAL_NHL_API_OR_DERIVED_FROM_REAL
20212022,2021020974,2022-03-17,VAN,DET,0.477133,0.522867,DET,0,DET,1,0,REAL_NHL_API_OR_DERIVED_FROM_REAL
20212022,2021020975,2022-03-17,VGK,FLA,0.568383,0.431617,VGK,1,VGK,1,0,REAL_NHL_API_OR_DERIVED_FROM_REAL
20212022,2021020976,2022-03-17,LAK,SJS,0.667108,0.332892,LAK,1,LAK,1,0,REAL_NHL_API_OR_DERIVED_FROM_REAL
20212022,2021020977,2022-03-18,OTT,PHI,0.547032,0.452968,OTT,1,OTT,1,0,REAL_NHL_API_OR_DERIVED_FROM_REAL
20212022,2021020978,2022-03-18,CAR,WSH,0.557039,0.442961,CAR,0,WSH,0,0,REAL_NHL_API_OR_DERIVED_FROM_REAL
20212022,2021020979,2022-03-18,WPG,BOS,0.459727,0.540273,BOS,0,BOS,1,0,REAL_NHL_API_OR_DERIVED_FROM_REAL
20212022,2021020980,2022-03-18,CGY,BUF,0.572598,0.427402,CGY,0,BUF,0,0,REAL_NHL_API_OR_DERIVED_FROM_REAL
20212022,2021020981,2022-03-18,ANA,FLA,0.45562,0.54438,FLA,0,FLA,1,0,REAL_NHL_API_OR_DERIVED_FROM_REAL
20212022,2021020982,2022-03-18,SJS,COL,0.559014,0.440986,SJS,0,COL,0,0,REAL_NHL_API_OR_DERIVED_FROM_REAL
20212022,2021020983,2022-03-19,MTL,OTT,0.609818,0.390182,MTL,1,MTL,1,0,REAL_NHL_API_OR_DERIVED_FROM_REAL
20212022,2021020984,2022-03-19,TBL,NYR,0.459806,0.540194,NYR,0,NYR,1,0,REAL_NHL_API_OR_DERIVED_FROM_REAL
20212022,2021020985,2022-03-19,NYI,DAL,0.548954,0.451046,NYI,1,NYI,1,0,REAL_NHL_API_OR_DERIVED_FROM_REAL
20212022,2021020986,2022-03-19,CBJ,STL,0.547146,0.452854,CBJ,1,CBJ,1,0,REAL_NHL_API_OR_DERIVED_FROM_REAL
20212022,2021020987,2022-03-19,NSH,TOR,0.509031,0.490969,NSH,1,NSH,1,0,REAL_NHL_API_OR_DERIVED_FROM_REAL
20212022,2021020988,2022-03-19,MIN,CHI,0.538902,0.461098,MIN,1,MIN,1,0,REAL_NHL_API_OR_DERIVED_FROM_REAL
20212022,2021020989,2022-03-19,EDM,NJD,0.541589,0.458411,EDM,1,EDM,1,0,REAL_NHL_API_OR_DERIVED_FROM_REAL
20212022,2021020990,2022-03-19,VAN,CGY,0.570494,0.429506,VAN,0,CGY,0,0,REAL_NHL_API_OR_DERIVED_FROM_REAL
20212022,2021020991,2022-03-19,UTA,PIT,0.518451,0.481549,UTA,0,PIT,0,0,REAL_NHL_API_OR_DERIVED_FROM_REAL
20212022,2021020992,2022-03-19,VGK,LAK,0.414664,0.585336,LAK,1,VGK,0,0,REAL_NHL_API_OR_DERIVED_FROM_REAL
20212022,2021020993,2022-03-19,SEA,DET,0.56943,0.43057,SEA,1,SEA,1,0,REAL_NHL_API_OR_DERIVED_FROM_REAL
20212022,2021020994,2022-03-20,PHI,NYI,0.505324,0.494676,PHI,1,PHI,1,0,REAL_NHL_API_OR_DERIVED_FROM_REAL
20212022,2021020995,2022-03-20,WSH,DAL,0.609397,0.390603,WSH,0,DAL,0,0,REAL_NHL_API_OR_DERIVED_FROM_REAL
20212022,2021020996,2022-03-20,CAR,NYR,0.606274,0.393726,CAR,0,NYR,0,0,REAL_NHL_API_OR_DERIVED_FROM_REAL
20212022,2021020997,2022-03-20,CHI,WPG,0.485263,0.514737,WPG,0,WPG,1,0,REAL_NHL_API_OR_DERIVED_FROM_REAL
20212022,2021020998,2022-03-20,VAN,BUF,0.625449,0.374551,VAN,0,BUF,0,0,REAL_NHL_API_OR_DERIVED_FROM_REAL
20212022,2021020999,2022-03-20,SJS,UTA,0.524687,0.475313,SJS,1,SJS,1,0,REAL_NHL_API_OR_DERIVED_FROM_REAL
20212022,2021020646,2022-03-21,MTL,BOS,0.490755,0.509245,BOS,0,BOS,1,0,REAL_NHL_API_OR_DERIVED_FROM_REAL
20212022,2021021001,2022-03-21,MIN,VGK,0.501756,0.498244,MIN,1,MIN,1,0,REAL_NHL_API_OR_DERIVED_FROM_REAL
20212022,2021021002,2022-03-21,COL,EDM,0.727875,0.272125,COL,1,COL,1,0,REAL_NHL_API_OR_DERIVED_FROM_REAL
20212022,2021021003,2022-03-21,ANA,NSH,0.541368,0.458632,ANA,0,NSH,0,0,REAL_NHL_API_OR_DERIVED_FROM_REAL
20212022,2021021004,2022-03-22,DET,PHI,0.509267,0.490733,DET,1,DET,1,0,REAL_NHL_API_OR_DERIVED_FROM_REAL
20212022,2021021005,2022-03-22,NJD,NYR,0.617762,0.382238,NJD,1,NJD,1,0,REAL_NHL_API_OR_DERIVED_FROM_REAL
20212022,2021021007,2022-03-22,PIT,CBJ,0.648258,0.351742,PIT,1,PIT,1,0,REAL_NHL_API_OR_DERIVED_FROM_REAL
20212022,2021021008,2022-03-22,WSH,STL,0.573588,0.426412,WSH,0,STL,0,0,REAL_NHL_API_OR_DERIVED_FROM_REAL
20212022,2021021009,2022-03-22,CAR,TBL,0.53859,0.46141,CAR,1,CAR,1,0,REAL_NHL_API_OR_DERIVED_FROM_REAL
20212022,2021021010,2022-03-22,DAL,EDM,0.546545,0.453455,DAL,1,DAL,1,0,REAL_NHL_API_OR_DERIVED_FROM_REAL
20212022,2021021011,2022-03-22,WPG,VGK,0.510117,0.489883,WPG,1,WPG,1,0,REAL_NHL_API_OR_DERIVED_FROM_REAL
20212022,2021021012,2022-03-22,CGY,SJS,0.52608,0.47392,CGY,0,SJS,0,0,REAL_NHL_API_OR_DERIVED_FROM_REAL
20212022,2021021013,2022-03-22,LAK,NSH,0.546415,0.453585,LAK,1,LAK,1,0,REAL_NHL_API_OR_DERIVED_FROM_REAL
20212022,2021021017,2022-03-22,UTA,SEA,0.567859,0.432141,UTA,0,SEA,0,0,REAL_NHL_API_OR_DERIVED_FROM_REAL
20212022,2021021021,2022-03-22,NYI,OTT,0.566408,0.433592,NYI,1,NYI,1,0,REAL_NHL_API_OR_DERIVED_FROM_REAL
20212022,2021021014,2022-03-23,BUF,PIT,0.507924,0.492076,BUF,1,BUF,1,0,REAL_NHL_API_OR_DERIVED_FROM_REAL
20212022,2021021015,2022-03-23,TOR,NJD,0.356313,0.643687,NJD,1,TOR,0,0,REAL_NHL_API_OR_DERIVED_FROM_REAL
20212022,2021021016,2022-03-23,COL,VAN,0.657272,0.342728,COL,0,VAN,0,0,REAL_NHL_API_OR_DERIVED_FROM_REAL
20212022,2021021018,2022-03-23,ANA,CHI,0.523448,0.476552,ANA,0,CHI,0,0,REAL_NHL_API_OR_DERIVED_FROM_REAL
20212022,2021020545,2022-03-24,NYI,DET,0.619263,0.380737,NYI,1,NYI,1,0,REAL_NHL_API_OR_DERIVED_FROM_REAL
20212022,2021020675,2022-03-24,WPG,OTT,0.491005,0.508995,OTT,0,OTT,1,0,REAL_NHL_API_OR_DERIVED_FROM_REAL
20212022,2021021019,2022-03-24,BOS,TBL,0.517444,0.482556,BOS,1,BOS,1,0,REAL_NHL_API_OR_DERIVED_FROM_REAL
20212022,2021021020,2022-03-24,MTL,FLA,0.51402,0.48598,MTL,0,FLA,0,0,REAL_NHL_API_OR_DERIVED_FROM_REAL
20212022,2021021022,2022-03-24,CAR,DAL,0.583844,0.416156,CAR,0,DAL,0,0,REAL_NHL_API_OR_DERIVED_FROM_REAL
20212022,2021021023,2022-03-24,STL,PHI,0.434894,0.565106,PHI,0,PHI,1,0,REAL_NHL_API_OR_DERIVED_FROM_REAL
20212022,2021021024,2022-03-24,MIN,VAN,0.506095,0.493905,MIN,1,MIN,1,0,REAL_NHL_API_OR_DERIVED_FROM_REAL
20212022,2021021025,2022-03-24,EDM,SJS,0.460013,0.539987,SJS,1,EDM,0,0,REAL_NHL_API_OR_DERIVED_FROM_REAL
20212022,2021021026,2022-03-24,VGK,NSH,0.571161,0.428839,VGK,1,VGK,1,0,REAL_NHL_API_OR_DERIVED_FROM_REAL
20212022,2021021027,2022-03-24,LAK,CHI,0.652749,0.347251,LAK,0,CHI,0,0,REAL_NHL_API_OR_DERIVED_FROM_REAL
20212022,2021021028,2022-03-25,BUF,WSH,0.5794,0.4206,BUF,0,WSH,0,0,REAL_NHL_API_OR_DERIVED_FROM_REAL
20212022,2021021029,2022-03-25,NYR,PIT,0.448441,0.551559,PIT,1,NYR,0,0,REAL_NHL_API_OR_DERIVED_FROM_REAL
20212022,2021021030,2022-03-25,WPG,CBJ,0.538558,0.461442,WPG,1,WPG,1,0,REAL_NHL_API_OR_DERIVED_FROM_REAL
20212022,2021021031,2022-03-25,COL,PHI,0.532883,0.467117,COL,1,COL,1,0,REAL_NHL_API_OR_DERIVED_FROM_REAL
20212022,2021021032,2022-03-25,CGY,UTA,0.597513,0.402487,CGY,1,CGY,1,0,REAL_NHL_API_OR_DERIVED_FROM_REAL
20212022,2021021034,2022-03-26,BOS,NYI,0.539679,0.460321,BOS,1,BOS,1,0,REAL_NHL_API_OR_DERIVED_FROM_REAL
20212022,2021021035,2022-03-26,MTL,TOR,0.471967,0.528033,TOR,1,MTL,0,0,REAL_NHL_API_OR_DERIVED_FROM_REAL
20212022,2021021036,2022-03-26,OTT,FLA,0.572478,0.427522,OTT,0,FLA,0,0,REAL_NHL_API_OR_DERIVED_FROM_REAL
20212022,2021021037,2022-03-26,DET,TBL,0.503733,0.496267,DET,0,TBL,0,0,REAL_NHL_API_OR_DERIVED_FROM_REAL
20212022,2021021038,2022-03-26,WSH,NJD,0.58557,0.41443,WSH,1,WSH,1,0,REAL_NHL_API_OR_DERIVED_FROM_REAL
20212022,2021021039,2022-03-26,STL,CAR,0.505202,0.494798,STL,0,CAR,0,0,REAL_NHL_API_OR_DERIVED_FROM_REAL
20212022,2021021040,2022-03-26,DAL,VAN,0.430447,0.569553,VAN,0,VAN,1,0,REAL_NHL_API_OR_DERIVED_FROM_REAL
20212022,2021021041,2022-03-26,MIN,CBJ,0.517613,0.482387,MIN,1,MIN,1,0,REAL_NHL_API_OR_DERIVED_FROM_REAL
20212022,2021021042,2022-03-26,CGY,EDM,0.675467,0.324533,CGY,1,CGY,1,0,REAL_NHL_API_OR_DERIVED_FROM_REAL
20212022,2021021043,2022-03-26,VGK,CHI,0.597692,0.402308,VGK,1,VGK,1,0,REAL_NHL_API_OR_DERIVED_FROM_REAL
20212022,2021021044,2022-03-26,LAK,SEA,0.473131,0.526869,SEA,1,LAK,0,0,REAL_NHL_API_OR_DERIVED_FROM_REAL
20212022,2021021045,2022-03-26,SJS,ANA,0.522701,0.477299,SJS,1,SJS,1,0,REAL_NHL_API_OR_DERIVED_FROM_REAL
20212022,2021021046,2022-03-27,TOR,FLA,0.434972,0.565028,FLA,1,TOR,0,0,REAL_NHL_API_OR_DERIVED_FROM_REAL
20212022,2021021047,2022-03-27,NJD,MTL,0.687517,0.312483,NJD,1,NJD,1,0,REAL_NHL_API_OR_DERIVED_FROM_REAL
20212022,2021021048,2022-03-27,NYI,TBL,0.447539,0.552461,TBL,0,TBL,1,0,REAL_NHL_API_OR_DERIVED_FROM_REAL
20212022,2021021049,2022-03-27,NYR,BUF,0.414376,0.585624,BUF,1,NYR,0,0,REAL_NHL_API_OR_DERIVED_FROM_REAL
20212022,2021021050,2022-03-27,PIT,DET,0.693973,0.306027,PIT,1,PIT,1,0,REAL_NHL_API_OR_DERIVED_FROM_REAL
20212022,2021021051,2022-03-27,NSH,PHI,0.514515,0.485485,NSH,1,NSH,1,0,REAL_NHL_API_OR_DERIVED_FROM_REAL
20212022,2021021052,2022-03-27,MIN,COL,0.542781,0.457219,MIN,1,MIN,1,0,REAL_NHL_API_OR_DERIVED_FROM_REAL
20212022,2021021053,2022-03-27,WPG,UTA,0.466572,0.533428,UTA,1,WPG,0,0,REAL_NHL_API_OR_DERIVED_FROM_REAL
20212022,2021021054,2022-03-28,WSH,CAR,0.65513,0.34487,WSH,0,CAR,0,0,REAL_NHL_API_OR_DERIVED_FROM_REAL
20212022,2021021055,2022-03-28,CHI,BUF,0.511853,0.488147,CHI,0,BUF,0,0,REAL_NHL_API_OR_DERIVED_FROM_REAL
20212022,2021021056,2022-03-28,STL,VAN,0.586346,0.413654,STL,1,STL,1,0,REAL_NHL_API_OR_DERIVED_FROM_REAL
20212022,2021021057,2022-03-28,EDM,UTA,0.318364,0.681636,UTA,1,EDM,0,0,REAL_NHL_API_OR_DERIVED_FROM_REAL
20212022,2021021058,2022-03-28,LAK,SEA,0.504458,0.495542,LAK,0,SEA,0,0,REAL_NHL_API_OR_DERIVED_FROM_REAL
20212022,2021021059,2022-03-29,BOS,TOR,0.68324,0.31676,BOS,0,TOR,0,0,REAL_NHL_API_OR_DERIVED_FROM_REAL
20212022,2021021060,2022-03-29,TBL,CAR,0.699873,0.300127,TBL,1,TBL,1,0,REAL_NHL_API_OR_DERIVED_FROM_REAL
20212022,2021021061,2022-03-29,FLA,MTL,0.432471,0.567529,MTL,1,FLA,0,0,REAL_NHL_API_OR_DERIVED_FROM_REAL
20212022,2021021062,2022-03-29,PIT,NYR,0.552782,0.447218,PIT,0,NYR,0,0,REAL_NHL_API_OR_DERIVED_FROM_REAL
20212022,2021021063,2022-03-29,CBJ,NYI,0.578067,0.421933,CBJ,0,NYI,0,0,REAL_NHL_API_OR_DERIVED_FROM_REAL
20212022,2021021064,2022-03-29,NSH,OTT,0.454551,0.545449,OTT,1,NSH,0,0,REAL_NHL_API_OR_DERIVED_FROM_REAL
20212022,2021021065,2022-03-29,MIN,PHI,0.51843,0.48157,MIN,1,MIN,1,0,REAL_NHL_API_OR_DERIVED_FROM_REAL
20212022,2021021066,2022-03-29,CGY,COL,0.427653,0.572347,COL,0,COL,1,0,REAL_NHL_API_OR_DERIVED_FROM_REAL
20212022,2021021067,2022-03-29,ANA,DAL,0.529394,0.470606,ANA,0,DAL,0,0,REAL_NHL_API_OR_DERIVED_FROM_REAL
20212022,2021021068,2022-03-30,BUF,WPG,0.473152,0.526848,WPG,0,WPG,1,0,REAL_NHL_API_OR_DERIVED_FROM_REAL
20212022,2021021069,2022-03-30,DET,NYR,0.654112,0.345888,DET,0,NYR,0,0,REAL_NHL_API_OR_DERIVED_FROM_REAL
20212022,2021021070,2022-03-30,EDM,LAK,0.317981,0.682019,LAK,1,EDM,0,0,REAL_NHL_API_OR_DERIVED_FROM_REAL
20212022,2021021071,2022-03-30,VAN,STL,0.689121,0.310879,VAN,0,STL,0,0,REAL_NHL_API_OR_DERIVED_FROM_REAL
20212022,2021021072,2022-03-30,UTA,SJS,0.583472,0.416528,UTA,1,UTA,1,0,REAL_NHL_API_OR_DERIVED_FROM_REAL
20212022,2021021073,2022-03-30,SEA,VGK,0.525201,0.474799,SEA,0,VGK,0,0,REAL_NHL_API_OR_DERIVED_FROM_REAL
20212022,2021021074,2022-03-31,BOS,NJD,0.676644,0.323356,BOS,1,BOS,1,0,REAL_NHL_API_OR_DERIVED_FROM_REAL
20212022,2021021075,2022-03-31,TOR,WPG,0.548156,0.451844,TOR,1,TOR,1,0,REAL_NHL_API_OR_DERIVED_FROM_REAL
20212022,2021021076,2022-03-31,FLA,CHI,0.598669,0.401331,FLA,1,FLA,1,0,REAL_NHL_API_OR_DERIVED_FROM_REAL
20212022,2021021077,2022-03-31,NYI,CBJ,0.508764,0.491236,NYI,1,NYI,1,0,REAL_NHL_API_OR_DERIVED_FROM_REAL
20212022,2021021078,2022-03-31,CAR,MTL,0.398619,0.601381,MTL,1,CAR,0,0,REAL_NHL_API_OR_DERIVED_FROM_REAL
20212022,2021021079,2022-03-31,MIN,PIT,0.615919,0.384081,MIN,0,PIT,0,0,REAL_NHL_API_OR_DERIVED_FROM_REAL
20212022,2021021080,2022-03-31,COL,SJS,0.634413,0.365587,COL,1,COL,1,0,REAL_NHL_API_OR_DERIVED_FROM_REAL
20212022,2021021081,2022-03-31,CGY,LAK,0.583468,0.416532,CGY,0,LAK,0,0,REAL_NHL_API_OR_DERIVED_FROM_REAL
20212022,2021021082,2022-03-31,ANA,DAL,0.519132,0.480868,ANA,0,DAL,0,0,REAL_NHL_API_OR_DERIVED_FROM_REAL
20212022,2021021083,2022-04-01,BUF,NSH,0.539794,0.460206,BUF,1,BUF,1,0,REAL_NHL_API_OR_DERIVED_FROM_REAL
20212022,2021021084,2022-04-01,DET,OTT,0.357332,0.642668,OTT,0,OTT,1,0,REAL_NHL_API_OR_DERIVED_FROM_REAL
20212022,2021021085,2022-04-01,TBL,CHI,0.612448,0.387552,TBL,1,TBL,1,0,REAL_NHL_API_OR_DERIVED_FROM_REAL
20212022,2021021086,2022-04-01,NYR,NYI,0.51068,0.48932,NYR,0,NYI,0,0,REAL_NHL_API_OR_DERIVED_FROM_REAL
20212022,2021021087,2022-04-01,EDM,STL,0.430748,0.569252,STL,1,EDM,0,0,REAL_NHL_API_OR_DERIVED_FROM_REAL
20212022,2021021088,2022-04-01,UTA,ANA,0.543903,0.456097,UTA,0,ANA,0,0,REAL_NHL_API_OR_DERIVED_FROM_REAL
20212022,2021021089,2022-04-01,SEA,VGK,0.55518,0.44482,SEA,0,VGK,0,0,REAL_NHL_API_OR_DERIVED_FROM_REAL
20212022,2021021090,2022-04-02,BOS,CBJ,0.407302,0.592698,CBJ,1,BOS,0,0,REAL_NHL_API_OR_DERIVED_FROM_REAL
20212022,2021021091,2022-04-02,TBL,MTL,0.377104,0.622896,MTL,0,MTL,1,0,REAL_NHL_API_OR_DERIVED_FROM_REAL
20212022,2021021092,2022-04-02,NJD,FLA,0.689327,0.310673,NJD,0,FLA,0,0,REAL_NHL_API_OR_DERIVED_FROM_REAL
20212022,2021021093,2022-04-02,PHI,TOR,0.679588,0.320412,PHI,0,TOR,0,0,REAL_NHL_API_OR_DERIVED_FROM_REAL
20212022,2021021094,2022-04-02,CAR,MIN,0.432544,0.567456,MIN,0,MIN,1,0,REAL_NHL_API_OR_DERIVED_FROM_REAL
20212022,2021021096,2022-04-02,WPG,LAK,0.520947,0.479053,WPG,0,LAK,0,0,REAL_NHL_API_OR_DERIVED_FROM_REAL
20212022,2021021097,2022-04-02,COL,PIT,0.616993,0.383007,COL,1,COL,1,0,REAL_NHL_API_OR_DERIVED_FROM_REAL
20212022,2021021098,2022-04-02,CGY,STL,0.587696,0.412304,CGY,0,STL,0,0,REAL_NHL_API_OR_DERIVED_FROM_REAL
20212022,2021021099,2022-04-02,SJS,DAL,0.369012,0.630988,DAL,0,DAL,1,0,REAL_NHL_API_OR_DERIVED_FROM_REAL
20212022,2021021100,2022-04-03,BUF,FLA,0.491546,0.508454,FLA,0,FLA,1,0,REAL_NHL_API_OR_DERIVED_FROM_REAL
20212022,2021021101,2022-04-03,OTT,DET,0.689251,0.310749,OTT,1,OTT,1,0,REAL_NHL_API_OR_DERIVED_FROM_REAL
20212022,2021021102,2022-04-03,NJD,NYI,0.458701,0.541299,NYI,0,NYI,1,0,REAL_NHL_API_OR_DERIVED_FROM_REAL
20212022,2021021103,2022-04-03,NYR,PHI,0.463697,0.536303,PHI,0,PHI,1,0,REAL_NHL_API_OR_DERIVED_FROM_REAL
20212022,2021021104,2022-04-03,WSH,MIN,0.488341,0.511659,MIN,0,MIN,1,0,REAL_NHL_API_OR_DERIVED_FROM_REAL
20212022,2021021105,2022-04-03,CHI,UTA,0.57455,0.42545,CHI,0,UTA,0,0,REAL_NHL_API_OR_DERIVED_FROM_REAL
20212022,2021021106,2022-04-03,VAN,VGK,0.579018,0.420982,VAN,0,VGK,0,0,REAL_NHL_API_OR_DERIVED_FROM_REAL
20212022,2021021107,2022-04-03,ANA,EDM,0.69742,0.30258,ANA,0,EDM,0,0,REAL_NHL_API_OR_DERIVED_FROM_REAL
20212022,2021021108,2022-04-03,SEA,DAL,0.469229,0.530771,DAL,1,SEA,0,0,REAL_NHL_API_OR_DERIVED_FROM_REAL
20212022,2021021109,2022-04-04,TBL,TOR,0.659894,0.340106,TBL,0,TOR,0,0,REAL_NHL_API_OR_DERIVED_FROM_REAL
20212022,2021021110,2022-04-04,CBJ,BOS,0.653819,0.346181,CBJ,0,BOS,0,0,REAL_NHL_API_OR_DERIVED_FROM_REAL
20212022,2021021111,2022-04-04,STL,UTA,0.535574,0.464426,STL,1,STL,1,0,REAL_NHL_API_OR_DERIVED_FROM_REAL
20212022,2021021112,2022-04-04,LAK,CGY,0.603647,0.396353,LAK,0,CGY,0,0,REAL_NHL_API_OR_DERIVED_FROM_REAL
20212022,2021021113,2022-04-05,BUF,CAR,0.575539,0.424461,BUF,1,BUF,1,0,REAL_NHL_API_OR_DERIVED_FROM_REAL
20212022,2021021114,2022-04-05,MTL,OTT,0.559032,0.440968,MTL,0,OTT,0,0,REAL_NHL_API_OR_DERIVED_FROM_REAL
20212022,2021021115,2022-04-05,DET,BOS,0.585922,0.414078,DET,1,DET,1,0,REAL_NHL_API_OR_DERIVED_FROM_REAL
20212022,2021021116,2022-04-05,FLA,TOR,0.475066,0.524934,TOR,1,FLA,0,0,REAL_NHL_API_OR_DERIVED_FROM_REAL
20212022,2021021117,2022-04-05,NJD,NYR,0.675678,0.324322,NJD,0,NYR,0,0,REAL_NHL_API_OR_DERIVED_FROM_REAL
20212022,2021021118,2022-04-05,PHI,CBJ,0.451811,0.548189,CBJ,0,CBJ,1,0,REAL_NHL_API_OR_DERIVED_FROM_REAL
20212022,2021021119,2022-04-05,PIT,COL,0.501714,0.498286,PIT,0,COL,0,0,REAL_NHL_API_OR_DERIVED_FROM_REAL
20212022,2021021120,2022-04-05,NSH,MIN,0.520824,0.479176,NSH,1,NSH,1,0,REAL_NHL_API_OR_DERIVED_FROM_REAL
20212022,2021021121,2022-04-05,DAL,NYI,0.581111,0.418889,DAL,1,DAL,1,0,REAL_NHL_API_OR_DERIVED_FROM_REAL
20212022,2021021122,2022-04-05,SJS,EDM,0.717742,0.282258,SJS,0,EDM,0,0,REAL_NHL_API_OR_DERIVED_FROM_REAL
20212022,2021021123,2022-04-06,WSH,TBL,0.45046,0.54954,TBL,1,WSH,0,0,REAL_NHL_API_OR_DERIVED_FROM_REAL
20212022,2021021124,2022-04-06,STL,SEA,0.527951,0.472049,STL,1,STL,1,0,REAL_NHL_API_OR_DERIVED_FROM_REAL
20212022,2021021125,2022-04-06,WPG,DET,0.723306,0.276694,WPG,0,DET,0,0,REAL_NHL_API_OR_DERIVED_FROM_REAL
20212022,2021021126,2022-04-06,VGK,VAN,0.521086,0.478914,VGK,0,VAN,0,0,REAL_NHL_API_OR_DERIVED_FROM_REAL
20212022,2021021127,2022-04-06,ANA,CGY,0.567869,0.432131,ANA,0,CGY,0,0,REAL_NHL_API_OR_DERIVED_FROM_REAL
20212022,2021020250,2022-04-07,OTT,NSH,0.721088,0.278912,OTT,0,NSH,0,0,REAL_NHL_API_OR_DERIVED_FROM_REAL
20212022,2021020512,2022-04-07,NJD,MTL,0.518147,0.481853,NJD,0,MTL,0,0,REAL_NHL_API_OR_DERIVED_FROM_REAL
20212022,2021021129,2022-04-07,NYR,PIT,0.549707,0.450293,NYR,1,NYR,1,0,REAL_NHL_API_OR_DERIVED_FROM_REAL
20212022,2021021130,2022-04-07,CAR,BUF,0.550972,0.449028,CAR,1,CAR,1,0,REAL_NHL_API_OR_DERIVED_FROM_REAL
20212022,2021021131,2022-04-07,CBJ,PHI,0.544369,0.455631,CBJ,0,PHI,0,0,REAL_NHL_API_OR_DERIVED_FROM_REAL
20212022,2021021132,2022-04-07,CHI,SEA,0.585221,0.414779,CHI,0,SEA,0,0,REAL_NHL_API_OR_DERIVED_FROM_REAL
20212022,2021021133,2022-04-07,DAL,TOR,0.727853,0.272147,DAL,0,TOR,0,0,REAL_NHL_API_OR_DERIVED_FROM_REAL
20212022,2021021134,2022-04-07,UTA,VAN,0.657819,0.342181,UTA,0,VAN,0,0,REAL_NHL_API_OR_DERIVED_FROM_REAL
20212022,2021021135,2022-04-07,LAK,EDM,0.674356,0.325644,LAK,0,EDM,0,0,REAL_NHL_API_OR_DERIVED_FROM_REAL
20212022,2021021136,2022-04-07,SJS,CGY,0.582996,0.417004,SJS,0,CGY,0,0,REAL_NHL_API_OR_DERIVED_FROM_REAL
20212022,2021021137,2022-04-08,TBL,BOS,0.548156,0.451844,TBL,0,BOS,0,0,REAL_NHL_API_OR_DERIVED_FROM_REAL
20212022,2021021138,2022-04-08,FLA,BUF,0.389779,0.610221,BUF,1,FLA,0,0,REAL_NHL_API_OR_DERIVED_FROM_REAL
20212022,2021021139,2022-04-08,CAR,NYI,0.437887,0.562113,NYI,0,NYI,1,0,REAL_NHL_API_OR_DERIVED_FROM_REAL
20212022,2021021140,2022-04-08,STL,MIN,0.484471,0.515529,MIN,1,STL,0,0,REAL_NHL_API_OR_DERIVED_FROM_REAL
20212022,2021021141,2022-04-08,WPG,COL,0.599697,0.400303,WPG,0,COL,0,0,REAL_NHL_API_OR_DERIVED_FROM_REAL
20212022,2021021142,2022-04-09,TOR,MTL,0.475324,0.524676,MTL,1,TOR,0,0,REAL_NHL_API_OR_DERIVED_FROM_REAL
20212022,2021021143,2022-04-09,DET,CBJ,0.464867,0.535133,CBJ,0,CBJ,1,0,REAL_NHL_API_OR_DERIVED_FROM_REAL
20212022,2021021144,2022-04-09,NYR,OTT,0.462377,0.537623,OTT,1,NYR,0,0,REAL_NHL_API_OR_DERIVED_FROM_REAL
20212022,2021021145,2022-04-09,PHI,ANA,0.542925,0.457075,PHI,0,ANA,0,0,REAL_NHL_API_OR_DERIVED_FROM_REAL
20212022,2021021146,2022-04-09,PIT,WSH,0.586191,0.413809,PIT,0,WSH,0,0,REAL_NHL_API_OR_DERIVED_FROM_REAL
20212022,2021021147,2022-04-09,STL,NYI,0.342793,0.657207,NYI,1,STL,0,0,REAL_NHL_API_OR_DERIVED_FROM_REAL
20212022,2021021148,2022-04-09,NSH,FLA,0.564486,0.435514,NSH,0,FLA,0,0,REAL_NHL_API_OR_DERIVED_FROM_REAL
20212022,2021021149,2022-04-09,DAL,NJD,0.580785,0.419215,DAL,0,NJD,0,0,REAL_NHL_API_OR_DERIVED_FROM_REAL
20212022,2021021151,2022-04-09,EDM,COL,0.42116,0.57884,COL,0,COL,1,0,REAL_NHL_API_OR_DERIVED_FROM_REAL
20212022,2021021152,2022-04-09,VAN,SJS,0.582619,0.417381,VAN,1,VAN,1,0,REAL_NHL_API_OR_DERIVED_FROM_REAL
20212022,2021021153,2022-04-09,VGK,UTA,0.542275,0.457725,VGK,1,VGK,1,0,REAL_NHL_API_OR_DERIVED_FROM_REAL
20212022,2021021154,2022-04-09,SEA,CGY,0.5576,0.4424,SEA,0,CGY,0,0,REAL_NHL_API_OR_DERIVED_FROM_REAL
20212022,2021021150,2022-04-10,MIN,LAK,0.424197,0.575803,LAK,1,MIN,0,0,REAL_NHL_API_OR_DERIVED_FROM_REAL
20212022,2021021155,2022-04-10,OTT,WPG,0.551269,0.448731,OTT,0,WPG,0,0,REAL_NHL_API_OR_DERIVED_FROM_REAL
20212022,2021021156,2022-04-10,TBL,BUF,0.574859,0.425141,TBL,1,TBL,1,0,REAL_NHL_API_OR_DERIVED_FROM_REAL
20212022,2021021157,2022-04-10,PIT,NSH,0.622013,0.377987,PIT,1,PIT,1,0,REAL_NHL_API_OR_DERIVED_FROM_REAL
20212022,2021021158,2022-04-10,WSH,BOS,0.491613,0.508387,BOS,1,WSH,0,0,REAL_NHL_API_OR_DERIVED_FROM_REAL
20212022,2021021159,2022-04-10,CAR,ANA,0.605691,0.394309,CAR,1,CAR,1,0,REAL_NHL_API_OR_DERIVED_FROM_REAL
20212022,2021021160,2022-04-10,CHI,DAL,0.547134,0.452866,CHI,0,DAL,0,0,REAL_NHL_API_OR_DERIVED_FROM_REAL
20212022,2021021162,2022-04-11,MTL,WPG,0.380336,0.619664,WPG,0,WPG,1,0,REAL_NHL_API_OR_DERIVED_FROM_REAL
20212022,2021020922,2022-04-12,NYI,PIT,0.486959,0.513041,PIT,1,NYI,0,0,REAL_NHL_API_OR_DERIVED_FROM_REAL
20212022,2021021163,2022-04-12,MIN,EDM,0.543106,0.456894,MIN,1,MIN,1,0,REAL_NHL_API_OR_DERIVED_FROM_REAL
20212022,2021021164,2022-04-12,BOS,STL,0.516225,0.483775,BOS,0,STL,0,0,REAL_NHL_API_OR_DERIVED_FROM_REAL
20212022,2021021165,2022-04-12,TOR,BUF,0.404181,0.595819,BUF,0,BUF,1,0,REAL_NHL_API_OR_DERIVED_FROM_REAL
20212022,2021021166,2022-04-12,DET,OTT,0.422112,0.577888,OTT,0,OTT,1,0,REAL_NHL_API_OR_DERIVED_FROM_REAL
20212022,2021021167,2022-04-12,FLA,ANA,0.467487,0.532513,ANA,1,FLA,0,0,REAL_NHL_API_OR_DERIVED_FROM_REAL
20212022,2021021168,2022-04-12,NYR,CAR,0.548475,0.451525,NYR,0,CAR,0,0,REAL_NHL_API_OR_DERIVED_FROM_REAL
20212022,2021021170,2022-04-12,WSH,PHI,0.538778,0.461222,WSH,1,WSH,1,0,REAL_NHL_API_OR_DERIVED_FROM_REAL
20212022,2021021173,2022-04-12,DAL,TBL,0.654514,0.345486,DAL,1,DAL,1,0,REAL_NHL_API_OR_DERIVED_FROM_REAL
20212022,2021021174,2022-04-12,CGY,SEA,0.434602,0.565398,SEA,1,CGY,0,0,REAL_NHL_API_OR_DERIVED_FROM_REAL
20212022,2021021175,2022-04-12,VAN,VGK,0.562743,0.437257,VAN,1,VAN,1,0,REAL_NHL_API_OR_DERIVED_FROM_REAL
20212022,2021021176,2022-04-12,UTA,NJD,0.69241,0.30759,UTA,0,NJD,0,0,REAL_NHL_API_OR_DERIVED_FROM_REAL
20212022,2021021187,2022-04-12,CHI,LAK,0.541638,0.458362,CHI,0,LAK,0,0,REAL_NHL_API_OR_DERIVED_FROM_REAL
20212022,2021021188,2022-04-12,NSH,SJS,0.613472,0.386528,NSH,1,NSH,1,0,REAL_NHL_API_OR_DERIVED_FROM_REAL
20212022,2021021177,2022-04-13,PHI,NYR,0.645594,0.354406,PHI,0,NYR,0,0,REAL_NHL_API_OR_DERIVED_FROM_REAL
20212022,2021021178,2022-04-13,CBJ,MTL,0.724692,0.275308,CBJ,1,CBJ,1,0,REAL_NHL_API_OR_DERIVED_FROM_REAL
20212022,2021021180,2022-04-13,COL,LAK,0.663113,0.336887,COL,1,COL,1,0,REAL_NHL_API_OR_DERIVED_FROM_REAL
20212022,2021021171,2022-04-14,CHI,SJS,0.565396,0.434604,CHI,1,CHI,1,0,REAL_NHL_API_OR_DERIVED_FROM_REAL
20212022,2021021172,2022-04-14,NSH,EDM,0.616482,0.383518,NSH,0,EDM,0,0,REAL_NHL_API_OR_DERIVED_FROM_REAL
20212022,2021021181,2022-04-14,BOS,OTT,0.618063,0.381937,BOS,0,OTT,0,0,REAL_NHL_API_OR_DERIVED_FROM_REAL
20212022,2021021182,2022-04-14,BUF,STL,0.651334,0.348666,BUF,0,STL,0,0,REAL_NHL_API_OR_DERIVED_FROM_REAL
20212022,2021021183,2022-04-14,TOR,WSH,0.708062,0.291938,TOR,1,TOR,1,0,REAL_NHL_API_OR_DERIVED_FROM_REAL
20212022,2021021184,2022-04-14,TBL,ANA,0.359054,0.640946,ANA,1,TBL,0,0,REAL_NHL_API_OR_DERIVED_FROM_REAL
20212022,2021021185,2022-04-14,PIT,NYI,0.524866,0.475134,PIT,1,PIT,1,0,REAL_NHL_API_OR_DERIVED_FROM_REAL
20212022,2021021186,2022-04-14,CAR,DET,0.553922,0.446078,CAR,0,DET,0,0,REAL_NHL_API_OR_DERIVED_FROM_REAL
20212022,2021021189,2022-04-14,DAL,MIN,0.615829,0.384171,DAL,0,MIN,0,0,REAL_NHL_API_OR_DERIVED_FROM_REAL
20212022,2021021190,2022-04-14,COL,NJD,0.543773,0.456227,COL,1,COL,1,0,REAL_NHL_API_OR_DERIVED_FROM_REAL
20212022,2021021191,2022-04-14,CGY,VGK,0.518235,0.481765,CGY,0,VGK,0,0,REAL_NHL_API_OR_DERIVED_FROM_REAL
20212022,2021021192,2022-04-14,VAN,UTA,0.591407,0.408593,VAN,1,VAN,1,0,REAL_NHL_API_OR_DERIVED_FROM_REAL
20212022,2021021193,2022-04-15,MTL,NYI,0.631184,0.368816,MTL,0,NYI,0,0,REAL_NHL_API_OR_DERIVED_FROM_REAL
20212022,2021021194,2022-04-15,FLA,WPG,0.422572,0.577428,WPG,1,FLA,0,0,REAL_NHL_API_OR_DERIVED_FROM_REAL
20212022,2021021195,2022-04-16,EDM,VGK,0.599972,0.400028,EDM,1,EDM,1,0,REAL_NHL_API_OR_DERIVED_FROM_REAL
20212022,2021021196,2022-04-16,BOS,PIT,0.459524,0.540476,PIT,1,BOS,0,0,REAL_NHL_API_OR_DERIVED_FROM_REAL
20212022,2021021197,2022-04-16,BUF,PHI,0.634606,0.365394,BUF,1,BUF,1,0,REAL_NHL_API_OR_DERIVED_FROM_REAL
20212022,2021021198,2022-04-16,MTL,WSH,0.633171,0.366829,MTL,0,WSH,0,0,REAL_NHL_API_OR_DERIVED_FROM_REAL
20212022,2021021199,2022-04-16,OTT,TOR,0.628065,0.371935,OTT,0,TOR,0,0,REAL_NHL_API_OR_DERIVED_FROM_REAL
20212022,2021021200,2022-04-16,TBL,WPG,0.576682,0.423318,TBL,1,TBL,1,0,REAL_NHL_API_OR_DERIVED_FROM_REAL
20212022,2021021201,2022-04-16,NYR,DET,0.649335,0.350665,NYR,1,NYR,1,0,REAL_NHL_API_OR_DERIVED_FROM_REAL
20212022,2021021202,2022-04-16,STL,MIN,0.536125,0.463875,STL,1,STL,1,0,REAL_NHL_API_OR_DERIVED_FROM_REAL
20212022,2021021203,2022-04-16,NSH,CHI,0.610705,0.389295,NSH,1,NSH,1,0,REAL_NHL_API_OR_DERIVED_FROM_REAL
20212022,2021021204,2022-04-16,DAL,SJS,0.552617,0.447383,DAL,1,DAL,1,0,REAL_NHL_API_OR_DERIVED_FROM_REAL
20212022,2021021205,2022-04-16,COL,CAR,0.691494,0.308506,COL,1,COL,1,0,REAL_NHL_API_OR_DERIVED_FROM_REAL
20212022,2021021206,2022-04-16,CGY,UTA,0.442706,0.557294,UTA,1,CGY,0,0,REAL_NHL_API_OR_DERIVED_FROM_REAL
20212022,2021021208,2022-04-16,LAK,CBJ,0.513509,0.486491,LAK,1,LAK,1,0,REAL_NHL_API_OR_DERIVED_FROM_REAL
20212022,2021021209,2022-04-16,SEA,NJD,0.607016,0.392984,SEA,1,SEA,1,0,REAL_NHL_API_OR_DERIVED_FROM_REAL
20212022,2021020723,2022-04-17,TOR,NYI,0.546749,0.453251,TOR,1,TOR,1,0,REAL_NHL_API_OR_DERIVED_FROM_REAL
20212022,2021021210,2022-04-17,DET,FLA,0.56813,0.43187,DET,0,FLA,0,0,REAL_NHL_API_OR_DERIVED_FROM_REAL
20212022,2021021212,2022-04-17,PHI,BUF,0.522298,0.477702,PHI,0,BUF,0,0,REAL_NHL_API_OR_DERIVED_FROM_REAL
20212022,2021021213,2022-04-17,NSH,STL,0.661902,0.338098,NSH,0,STL,0,0,REAL_NHL_API_OR_DERIVED_FROM_REAL
20212022,2021021214,2022-04-17,MIN,SJS,0.4774,0.5226,SJS,1,MIN,0,0,REAL_NHL_API_OR_DERIVED_FROM_REAL
20212022,2021021215,2022-04-17,ANA,CBJ,0.545387,0.454613,ANA,1,ANA,1,0,REAL_NHL_API_OR_DERIVED_FROM_REAL
20212022,2021020436,2022-04-18,CHI,CGY,0.716627,0.283373,CHI,0,CGY,0,0,REAL_NHL_API_OR_DERIVED_FROM_REAL
20212022,2021020611,2022-04-18,SEA,OTT,0.488919,0.511081,OTT,1,SEA,0,0,REAL_NHL_API_OR_DERIVED_FROM_REAL
20212022,2021021216,2022-04-18,COL,WSH,0.659081,0.340919,COL,0,WSH,0,0,REAL_NHL_API_OR_DERIVED_FROM_REAL
20212022,2021021217,2022-04-18,VAN,DAL,0.625154,0.374846,VAN,1,VAN,1,0,REAL_NHL_API_OR_DERIVED_FROM_REAL
20212022,2021021218,2022-04-18,UTA,CAR,0.519354,0.480646,UTA,0,CAR,0,0,REAL_NHL_API_OR_DERIVED_FROM_REAL
20212022,2021021219,2022-04-18,VGK,NJD,0.606453,0.393547,VGK,0,NJD,0,0,REAL_NHL_API_OR_DERIVED_FROM_REAL
20212022,2021020443,2022-04-19,NSH,CGY,0.653155,0.346845,NSH,1,NSH,1,0,REAL_NHL_API_OR_DERIVED_FROM_REAL
20212022,2021020625,2022-04-19,VAN,OTT,0.456463,0.543537,OTT,0,OTT,1,0,REAL_NHL_API_OR_DERIVED_FROM_REAL
20212022,2021021220,2022-04-19,TOR,PHI,0.55274,0.44726,TOR,1,TOR,1,0,REAL_NHL_API_OR_DERIVED_FROM_REAL
20212022,2021021221,2022-04-19,MTL,MIN,0.579629,0.420371,MTL,0,MIN,0,0,REAL_NHL_API_OR_DERIVED_FROM_REAL
20212022,2021021222,2022-04-19,TBL,DET,0.446246,0.553754,DET,0,DET,1,0,REAL_NHL_API_OR_DERIVED_FROM_REAL
20212022,2021021223,2022-04-19,NYI,FLA,0.664405,0.335595,NYI,0,FLA,0,0,REAL_NHL_API_OR_DERIVED_FROM_REAL
20212022,2021021224,2022-04-19,NYR,WPG,0.438844,0.561156,WPG,1,NYR,0,0,REAL_NHL_API_OR_DERIVED_FROM_REAL
20212022,2021021225,2022-04-19,STL,BOS,0.537751,0.462249,STL,0,BOS,0,0,REAL_NHL_API_OR_DERIVED_FROM_REAL
20212022,2021021226,2022-04-19,ANA,LAK,0.561493,0.438507,ANA,0,LAK,0,0,REAL_NHL_API_OR_DERIVED_FROM_REAL
20212022,2021021227,2022-04-19,SJS,CBJ,0.540922,0.459078,SJS,1,SJS,1,0,REAL_NHL_API_OR_DERIVED_FROM_REAL
20212022,2021021229,2022-04-20,EDM,DAL,0.49005,0.50995,DAL,1,EDM,0,0,REAL_NHL_API_OR_DERIVED_FROM_REAL
20212022,2021021230,2022-04-20,UTA,CHI,0.524242,0.475758,UTA,0,CHI,0,0,REAL_NHL_API_OR_DERIVED_FROM_REAL
20212022,2021021231,2022-04-20,VGK,WSH,0.515929,0.484071,VGK,1,VGK,1,0,REAL_NHL_API_OR_DERIVED_FROM_REAL
20212022,2021021232,2022-04-20,SEA,COL,0.526439,0.473561,SEA,1,SEA,1,0,REAL_NHL_API_OR_DERIVED_FROM_REAL
20212022,2021021233,2022-04-21,MTL,PHI,0.570588,0.429412,MTL,0,PHI,0,0,REAL_NHL_API_OR_DERIVED_FROM_REAL
20212022,2021021234,2022-04-21,TBL,TOR,0.520302,0.479698,TBL,1,TBL,1,0,REAL_NHL_API_OR_DERIVED_FROM_REAL
20212022,2021021235,2022-04-21,FLA,DET,0.510012,0.489988,FLA,1,FLA,1,0,REAL_NHL_API_OR_DERIVED_FROM_REAL
20212022,2021021236,2022-04-21,NJD,BUF,0.665111,0.334889,NJD,0,BUF,0,0,REAL_NHL_API_OR_DERIVED_FROM_REAL
20212022,2021021237,2022-04-21,NYI,NYR,0.655597,0.344403,NYI,0,NYR,0,0,REAL_NHL_API_OR_DERIVED_FROM_REAL
20212022,2021021238,2022-04-21,PIT,BOS,0.586236,0.413764,PIT,1,PIT,1,0,REAL_NHL_API_OR_DERIVED_FROM_REAL
20212022,2021021239,2022-04-21,CAR,WPG,0.520392,0.479608,CAR,1,CAR,1,0,REAL_NHL_API_OR_DERIVED_FROM_REAL
20212022,2021021240,2022-04-21,MIN,VAN,0.539693,0.460307,MIN,1,MIN,1,0,REAL_NHL_API_OR_DERIVED_FROM_REAL
20212022,2021021241,2022-04-21,CGY,DAL,0.365141,0.634859,DAL,1,CGY,0,0,REAL_NHL_API_OR_DERIVED_FROM_REAL
20212022,2021021242,2022-04-21,LAK,CHI,0.518443,0.481557,LAK,1,LAK,1,0,REAL_NHL_API_OR_DERIVED_FROM_REAL
20212022,2021021243,2022-04-21,SJS,STL,0.643429,0.356571,SJS,0,STL,0,0,REAL_NHL_API_OR_DERIVED_FROM_REAL
20212022,2021021244,2022-04-22,CBJ,OTT,0.622268,0.377732,CBJ,0,OTT,0,0,REAL_NHL_API_OR_DERIVED_FROM_REAL
20212022,2021021245,2022-04-22,MIN,SEA,0.405999,0.594001,SEA,1,MIN,0,0,REAL_NHL_API_OR_DERIVED_FROM_REAL
20212022,2021021246,2022-04-22,EDM,COL,0.562684,0.437316,EDM,1,EDM,1,0,REAL_NHL_API_OR_DERIVED_FROM_REAL
20212022,2021021247,2022-04-22,UTA,WSH,0.654315,0.345685,UTA,0,WSH,0,0,REAL_NHL_API_OR_DERIVED_FROM_REAL
20212022,2021021248,2022-04-23,BOS,NYR,0.674808,0.325192,BOS,1,BOS,1,0,REAL_NHL_API_OR_DERIVED_FROM_REAL
20212022,2021021249,2022-04-23,BUF,NYI,0.540057,0.459943,BUF,1,BUF,1,0,REAL_NHL_API_OR_DERIVED_FROM_REAL
20212022,2021021250,2022-04-23,OTT,MTL,0.511708,0.488292,OTT,1,OTT,1,0,REAL_NHL_API_OR_DERIVED_FROM_REAL
20212022,2021021251,2022-04-23,DET,PIT,0.462274,0.537726,PIT,0,PIT,1,0,REAL_NHL_API_OR_DERIVED_FROM_REAL
20212022,2021021252,2022-04-23,TBL,NSH,0.5884,0.4116,TBL,1,TBL,1,0,REAL_NHL_API_OR_DERIVED_FROM_REAL
20212022,2021021253,2022-04-23,FLA,TOR,0.644327,0.355673,FLA,1,FLA,1,0,REAL_NHL_API_OR_DERIVED_FROM_REAL
20212022,2021021254,2022-04-23,NJD,CAR,0.419309,0.580691,CAR,0,CAR,1,0,REAL_NHL_API_OR_DERIVED_FROM_REAL
20212022,2021021255,2022-04-23,DAL,SEA,0.537926,0.462074,DAL,1,DAL,1,0,REAL_NHL_API_OR_DERIVED_FROM_REAL
20212022,2021021256,2022-04-23,CGY,VAN,0.540707,0.459293,CGY,1,CGY,1,0,REAL_NHL_API_OR_DERIVED_FROM_REAL
20212022,2021021257,2022-04-23,UTA,STL,0.530294,0.469706,UTA,0,STL,0,0,REAL_NHL_API_OR_DERIVED_FROM_REAL
20212022,2021021258,2022-04-23,LAK,ANA,0.459041,0.540959,ANA,1,LAK,0,0,REAL_NHL_API_OR_DERIVED_FROM_REAL
20212022,2021021259,2022-04-23,SJS,CHI,0.517915,0.482085,SJS,1,SJS,1,0,REAL_NHL_API_OR_DERIVED_FROM_REAL
20212022,2021020471,2022-04-24,MTL,BOS,0.506486,0.493514,MTL,0,BOS,0,0,REAL_NHL_API_OR_DERIVED_FROM_REAL
20212022,2021021260,2022-04-24,FLA,TBL,0.661995,0.338005,FLA,0,TBL,0,0,REAL_NHL_API_OR_DERIVED_FROM_REAL
20212022,2021021261,2022-04-24,NJD,DET,0.4527,0.5473,DET,0,DET,1,0,REAL_NHL_API_OR_DERIVED_FROM_REAL
20212022,2021021262,2022-04-24,NYI,CAR,0.511399,0.488601,NYI,0,CAR,0,0,REAL_NHL_API_OR_DERIVED_FROM_REAL
20212022,2021021264,2022-04-24,PHI,PIT,0.486015,0.513985,PIT,1,PHI,0,0,REAL_NHL_API_OR_DERIVED_FROM_REAL
20212022,2021021265,2022-04-24,WSH,TOR,0.539828,0.460172,WSH,0,TOR,0,0,REAL_NHL_API_OR_DERIVED_FROM_REAL
20212022,2021021266,2022-04-24,CBJ,EDM,0.745337,0.254663,CBJ,1,CBJ,1,0,REAL_NHL_API_OR_DERIVED_FROM_REAL
20212022,2021021267,2022-04-24,NSH,MIN,0.541526,0.458474,NSH,0,MIN,0,0,REAL_NHL_API_OR_DERIVED_FROM_REAL
20212022,2021021268,2022-04-24,WPG,COL,0.58677,0.41323,WPG,1,WPG,1,0,REAL_NHL_API_OR_DERIVED_FROM_REAL
20212022,2021021269,2022-04-24,VGK,SJS,0.608595,0.391405,VGK,0,SJS,0,0,REAL_NHL_API_OR_DERIVED_FROM_REAL
20212022,2021021270,2022-04-24,ANA,STL,0.627347,0.372653,ANA,0,STL,0,0,REAL_NHL_API_OR_DERIVED_FROM_REAL
20212022,2021021271,2022-04-25,CHI,PHI,0.543946,0.456054,CHI,1,CHI,1,0,REAL_NHL_API_OR_DERIVED_FROM_REAL
20212022,2021020829,2022-04-26,TOR,DET,0.471579,0.528421,DET,1,TOR,0,0,REAL_NHL_API_OR_DERIVED_FROM_REAL
20212022,2021021272,2022-04-26,BOS,FLA,0.687937,0.312063,BOS,1,BOS,1,0,REAL_NHL_API_OR_DERIVED_FROM_REAL
20212022,2021021274,2022-04-26,OTT,NJD,0.576211,0.423789,OTT,1,OTT,1,0,REAL_NHL_API_OR_DERIVED_FROM_REAL
20212022,2021021276,2022-04-26,TBL,CBJ,0.377938,0.622062,CBJ,1,TBL,0,0,REAL_NHL_API_OR_DERIVED_FROM_REAL
20212022,2021021277,2022-04-26,NYR,CAR,0.618309,0.381691,NYR,0,CAR,0,0,REAL_NHL_API_OR_DERIVED_FROM_REAL
20212022,2021021278,2022-04-26,PIT,EDM,0.608925,0.391075,PIT,0,EDM,0,0,REAL_NHL_API_OR_DERIVED_FROM_REAL
20212022,2021021279,2022-04-26,WSH,NYI,0.434506,0.565494,NYI,0,NYI,1,0,REAL_NHL_API_OR_DERIVED_FROM_REAL
20212022,2021021280,2022-04-26,NSH,CGY,0.463711,0.536289,CGY,0,CGY,1,0,REAL_NHL_API_OR_DERIVED_FROM_REAL
20212022,2021021281,2022-04-26,DAL,VGK,0.48248,0.51752,VGK,1,DAL,0,0,REAL_NHL_API_OR_DERIVED_FROM_REAL
20212022,2021021282,2022-04-26,MIN,UTA,0.539479,0.460521,MIN,0,UTA,0,0,REAL_NHL_API_OR_DERIVED_FROM_REAL
20212022,2021021283,2022-04-26,COL,STL,0.628513,0.371487,COL,1,COL,1,0,REAL_NHL_API_OR_DERIVED_FROM_REAL
20212022,2021021284,2022-04-26,VAN,SEA,0.583932,0.416068,VAN,1,VAN,1,0,REAL_NHL_API_OR_DERIVED_FROM_REAL
20212022,2021021285,2022-04-26,SJS,ANA,0.440687,0.559313,ANA,0,ANA,1,0,REAL_NHL_API_OR_DERIVED_FROM_REAL
20212022,2021020505,2022-04-27,NYR,MTL,0.524881,0.475119,NYR,0,MTL,0,0,REAL_NHL_API_OR_DERIVED_FROM_REAL
20212022,2021021286,2022-04-27,CHI,VGK,0.404342,0.595658,VGK,1,CHI,0,0,REAL_NHL_API_OR_DERIVED_FROM_REAL
20212022,2021021287,2022-04-27,DAL,UTA,0.696716,0.303284,DAL,0,UTA,0,0,REAL_NHL_API_OR_DERIVED_FROM_REAL
20212022,2021021288,2022-04-27,WPG,PHI,0.54642,0.45358,WPG,1,WPG,1,0,REAL_NHL_API_OR_DERIVED_FROM_REAL
20212022,2021021289,2022-04-27,SEA,LAK,0.623596,0.376404,SEA,0,LAK,0,0,REAL_NHL_API_OR_DERIVED_FROM_REAL
20212022,2021020513,2022-04-28,NYI,WSH,0.45217,0.54783,WSH,1,NYI,0,0,REAL_NHL_API_OR_DERIVED_FROM_REAL
20212022,2021021290,2022-04-28,BOS,BUF,0.717808,0.282192,BOS,1,BOS,1,0,REAL_NHL_API_OR_DERIVED_FROM_REAL
20212022,2021021291,2022-04-28,OTT,FLA,0.527702,0.472298,OTT,0,FLA,0,0,REAL_NHL_API_OR_DERIVED_FROM_REAL
20212022,2021021294,2022-04-28,CAR,NJD,0.696169,0.303831,CAR,1,CAR,1,0,REAL_NHL_API_OR_DERIVED_FROM_REAL
20212022,2021021295,2022-04-28,MIN,CGY,0.527393,0.472607,MIN,1,MIN,1,0,REAL_NHL_API_OR_DERIVED_FROM_REAL
20212022,2021021296,2022-04-28,COL,NSH,0.639999,0.360001,COL,0,NSH,0,0,REAL_NHL_API_OR_DERIVED_FROM_REAL
20212022,2021021297,2022-04-28,EDM,SJS,0.440488,0.559512,SJS,1,EDM,0,0,REAL_NHL_API_OR_DERIVED_FROM_REAL
20212022,2021021305,2022-04-28,CBJ,TBL,0.576659,0.423341,CBJ,1,CBJ,1,0,REAL_NHL_API_OR_DERIVED_FROM_REAL
20212022,2021021310,2022-04-28,VAN,LAK,0.577514,0.422486,VAN,1,VAN,1,0,REAL_NHL_API_OR_DERIVED_FROM_REAL
20212022,2021021169,2022-04-29,PIT,CBJ,0.62383,0.37617,PIT,1,PIT,1,0,REAL_NHL_API_OR_DERIVED_FROM_REAL
20212022,2021021207,2022-04-29,EDM,VAN,0.464389,0.535611,VAN,1,EDM,0,0,REAL_NHL_API_OR_DERIVED_FROM_REAL
20212022,2021021292,2022-04-29,NYI,TBL,0.547542,0.452458,NYI,0,TBL,0,0,REAL_NHL_API_OR_DERIVED_FROM_REAL
20212022,2021021298,2022-04-29,BUF,CHI,0.648047,0.351953,BUF,1,BUF,1,0,REAL_NHL_API_OR_DERIVED_FROM_REAL
20212022,2021021299,2022-04-29,TOR,BOS,0.302902,0.697098,BOS,1,TOR,0,0,REAL_NHL_API_OR_DERIVED_FROM_REAL
20212022,2021021300,2022-04-29,MTL,FLA,0.544466,0.455534,MTL,1,MTL,1,0,REAL_NHL_API_OR_DERIVED_FROM_REAL
20212022,2021021301,2022-04-29,NJD,DET,0.478129,0.521871,DET,0,DET,1,0,REAL_NHL_API_OR_DERIVED_FROM_REAL
20212022,2021021302,2022-04-29,NYR,WSH,0.530417,0.469583,NYR,1,NYR,1,0,REAL_NHL_API_OR_DERIVED_FROM_REAL
20212022,2021021303,2022-04-29,PHI,OTT,0.465207,0.534793,OTT,0,OTT,1,0,REAL_NHL_API_OR_DERIVED_FROM_REAL
20212022,2021021306,2022-04-29,STL,VGK,0.457159,0.542841,VGK,0,VGK,1,0,REAL_NHL_API_OR_DERIVED_FROM_REAL
20212022,2021021307,2022-04-29,DAL,ANA,0.545495,0.454505,DAL,1,DAL,1,0,REAL_NHL_API_OR_DERIVED_FROM_REAL
20212022,2021021308,2022-04-29,MIN,COL,0.437962,0.562038,COL,1,MIN,0,0,REAL_NHL_API_OR_DERIVED_FROM_REAL
20212022,2021021309,2022-04-29,WPG,CGY,0.537954,0.462046,WPG,1,WPG,1,0,REAL_NHL_API_OR_DERIVED_FROM_REAL
20212022,2021021311,2022-04-29,UTA,NSH,0.500844,0.499156,UTA,1,UTA,1,0,REAL_NHL_API_OR_DERIVED_FROM_REAL
20212022,2021021312,2022-04-29,SEA,SJS,0.524119,0.475881,SEA,1,SEA,1,0,REAL_NHL_API_OR_DERIVED_FROM_REAL
20212022,2021021179,2022-05-01,WPG,SEA,0.638279,0.361721,WPG,1,WPG,1,0,REAL_NHL_API_OR_DERIVED_FROM_REAL
20222023,2022020001,2022-10-07,NSH,SJS,0.654959,0.345041,NSH,1,NSH,1,0,REAL_NHL_API_OR_DERIVED_FROM_REAL
20222023,2022020002,2022-10-08,SJS,NSH,0.3921,0.6079,NSH,0,NSH,1,0,REAL_NHL_API_OR_DERIVED_FROM_REAL
20222023,2022020003,2022-10-11,NYR,TBL,0.513715,0.486285,NYR,1,NYR,1,0,REAL_NHL_API_OR_DERIVED_FROM_REAL
20222023,2022020004,2022-10-11,LAK,VGK,0.600608,0.399392,LAK,0,VGK,0,0,REAL_NHL_API_OR_DERIVED_FROM_REAL
20222023,2022020005,2022-10-12,WSH,BOS,0.413589,0.586411,BOS,0,BOS,1,0,REAL_NHL_API_OR_DERIVED_FROM_REAL
20222023,2022020006,2022-10-12,CAR,CBJ,0.562655,0.437345,CAR,1,CAR,1,0,REAL_NHL_API_OR_DERIVED_FROM_REAL
20222023,2022020007,2022-10-12,MTL,TOR,0.613126,0.386874,MTL,1,MTL,1,0,REAL_NHL_API_OR_DERIVED_FROM_REAL
20222023,2022020008,2022-10-12,COL,CHI,0.661991,0.338009,COL,1,COL,1,0,REAL_NHL_API_OR_DERIVED_FROM_REAL
20222023,2022020009,2022-10-12,ANA,SEA,0.545251,0.454749,ANA,1,ANA,1,0,REAL_NHL_API_OR_DERIVED_FROM_REAL
20222023,2022020010,2022-10-12,EDM,VAN,0.677905,0.322095,EDM,1,EDM,1,0,REAL_NHL_API_OR_DERIVED_FROM_REAL
20222023,2022020011,2022-10-13,PIT,UTA,0.665028,0.334972,PIT,1,PIT,1,0,REAL_NHL_API_OR_DERIVED_FROM_REAL
20222023,2022020012,2022-10-13,PHI,NJD,0.528717,0.471283,PHI,1,PHI,1,0,REAL_NHL_API_OR_DERIVED_FROM_REAL
20222023,2022020013,2022-10-13,BUF,OTT,0.440706,0.559294,OTT,1,BUF,0,0,REAL_NHL_API_OR_DERIVED_FROM_REAL
20222023,2022020014,2022-10-13,NYI,FLA,0.621706,0.378294,NYI,0,FLA,0,0,REAL_NHL_API_OR_DERIVED_FROM_REAL
20222023,2022020015,2022-10-13,TOR,WSH,0.556111,0.443889,TOR,1,TOR,1,0,REAL_NHL_API_OR_DERIVED_FROM_REAL
20222023,2022020016,2022-10-13,NSH,DAL,0.532635,0.467365,NSH,0,DAL,0,0,REAL_NHL_API_OR_DERIVED_FROM_REAL
20222023,2022020017,2022-10-13,MIN,NYR,0.531556,0.468444,MIN,0,NYR,0,0,REAL_NHL_API_OR_DERIVED_FROM_REAL
20222023,2022020018,2022-10-13,CGY,COL,0.498022,0.501978,COL,1,CGY,0,0,REAL_NHL_API_OR_DERIVED_FROM_REAL
20222023,2022020019,2022-10-13,VGK,CHI,0.666355,0.333645,VGK,1,VGK,1,0,REAL_NHL_API_OR_DERIVED_FROM_REAL
20222023,2022020020,2022-10-13,LAK,SEA,0.608484,0.391516,LAK,0,SEA,0,0,REAL_NHL_API_OR_DERIVED_FROM_REAL
20222023,2022020021,2022-10-14,CBJ,TBL,0.464389,0.535611,TBL,0,TBL,1,0,REAL_NHL_API_OR_DERIVED_FROM_REAL
20222023,2022020022,2022-10-14,DET,MTL,0.560266,0.439734,DET,1,DET,1,0,REAL_NHL_API_OR_DERIVED_FROM_REAL
20222023,2022020023,2022-10-14,WPG,NYR,0.588064,0.411936,WPG,1,WPG,1,0,REAL_NHL_API_OR_DERIVED_FROM_REAL
20222023,2022020024,2022-10-14,SJS,CAR,0.397825,0.602175,CAR,0,CAR,1,0,REAL_NHL_API_OR_DERIVED_FROM_REAL
20222023,2022020025,2022-10-15,BUF,FLA,0.554774,0.445226,BUF,0,FLA,0,0,REAL_NHL_API_OR_DERIVED_FROM_REAL
20222023,2022020026,2022-10-15,PHI,VAN,0.559107,0.440893,PHI,1,PHI,1,0,REAL_NHL_API_OR_DERIVED_FROM_REAL
20222023,2022020027,2022-10-15,BOS,UTA,0.650132,0.349868,BOS,1,BOS,1,0,REAL_NHL_API_OR_DERIVED_FROM_REAL
20222023,2022020028,2022-10-15,NJD,DET,0.458624,0.541376,DET,0,DET,1,0,REAL_NHL_API_OR_DERIVED_FROM_REAL
20222023,2022020029,2022-10-15,WSH,MTL,0.496476,0.503524,MTL,1,WSH,0,0,REAL_NHL_API_OR_DERIVED_FROM_REAL
20222023,2022020030,2022-10-15,TOR,OTT,0.529168,0.470832,TOR,1,TOR,1,0,REAL_NHL_API_OR_DERIVED_FROM_REAL
20222023,2022020031,2022-10-15,PIT,TBL,0.540755,0.459245,PIT,1,PIT,1,0,REAL_NHL_API_OR_DERIVED_FROM_REAL
20222023,2022020032,2022-10-15,NYI,ANA,0.715275,0.284725,NYI,1,NYI,1,0,REAL_NHL_API_OR_DERIVED_FROM_REAL
20222023,2022020033,2022-10-15,STL,CBJ,0.59565,0.40435,STL,1,STL,1,0,REAL_NHL_API_OR_DERIVED_FROM_REAL
20222023,2022020034,2022-10-15,MIN,LAK,0.339312,0.660688,LAK,0,LAK,1,0,REAL_NHL_API_OR_DERIVED_FROM_REAL
20222023,2022020035,2022-10-15,DAL,NSH,0.524982,0.475018,DAL,1,DAL,1,0,REAL_NHL_API_OR_DERIVED_FROM_REAL
20222023,2022020036,2022-10-15,EDM,CGY,0.406002,0.593998,CGY,0,CGY,1,0,REAL_NHL_API_OR_DERIVED_FROM_REAL
20222023,2022020037,2022-10-15,SEA,VGK,0.385753,0.614247,VGK,0,VGK,1,0,REAL_NHL_API_OR_DERIVED_FROM_REAL
20222023,2022020038,2022-10-15,SJS,CHI,0.540451,0.459549,SJS,0,CHI,0,0,REAL_NHL_API_OR_DERIVED_FROM_REAL
20222023,2022020039,2022-10-17,NYR,ANA,0.737225,0.262775,NYR,1,NYR,1,0,REAL_NHL_API_OR_DERIVED_FROM_REAL
20222023,2022020040,2022-10-17,TOR,UTA,0.628294,0.371706,TOR,0,UTA,0,0,REAL_NHL_API_OR_DERIVED_FROM_REAL
20222023,2022020041,2022-10-17,BOS,FLA,0.46816,0.53184,FLA,1,BOS,0,0,REAL_NHL_API_OR_DERIVED_FROM_REAL
20222023,2022020042,2022-10-17,MTL,PIT,0.434076,0.565924,PIT,1,MTL,0,0,REAL_NHL_API_OR_DERIVED_FROM_REAL
20222023,2022020043,2022-10-17,WSH,VAN,0.495363,0.504637,VAN,1,WSH,0,0,REAL_NHL_API_OR_DERIVED_FROM_REAL
20222023,2022020044,2022-10-17,DET,LAK,0.548696,0.451304,DET,0,LAK,0,0,REAL_NHL_API_OR_DERIVED_FROM_REAL
20222023,2022020045,2022-10-17,MIN,COL,0.523615,0.476385,MIN,0,COL,0,0,REAL_NHL_API_OR_DERIVED_FROM_REAL
20222023,2022020046,2022-10-17,DAL,WPG,0.544334,0.455666,DAL,1,DAL,1,0,REAL_NHL_API_OR_DERIVED_FROM_REAL
20222023,2022020047,2022-10-17,SEA,CAR,0.520865,0.479135,SEA,0,CAR,0,0,REAL_NHL_API_OR_DERIVED_FROM_REAL
20222023,2022020048,2022-10-18,NJD,ANA,0.474414,0.525586,ANA,1,NJD,0,0,REAL_NHL_API_OR_DERIVED_FROM_REAL
20222023,2022020049,2022-10-18,OTT,BOS,0.629077,0.370923,OTT,1,OTT,1,0,REAL_NHL_API_OR_DERIVED_FROM_REAL
20222023,2022020050,2022-10-18,CBJ,VAN,0.465774,0.534226,VAN,1,CBJ,0,0,REAL_NHL_API_OR_DERIVED_FROM_REAL
20222023,2022020051,2022-10-18,NYI,SJS,0.626098,0.373902,NYI,1,NYI,1,0,REAL_NHL_API_OR_DERIVED_FROM_REAL
20222023,2022020052,2022-10-18,NSH,LAK,0.565597,0.434403,NSH,0,LAK,0,0,REAL_NHL_API_OR_DERIVED_FROM_REAL
20222023,2022020053,2022-10-18,TBL,PHI,0.634698,0.365302,TBL,0,PHI,0,0,REAL_NHL_API_OR_DERIVED_FROM_REAL
20222023,2022020054,2022-10-18,EDM,BUF,0.570784,0.429216,EDM,0,BUF,0,0,REAL_NHL_API_OR_DERIVED_FROM_REAL
20222023,2022020055,2022-10-18,CGY,VGK,0.52952,0.47048,CGY,1,CGY,1,0,REAL_NHL_API_OR_DERIVED_FROM_REAL
20222023,2022020056,2022-10-19,FLA,PHI,0.541498,0.458502,FLA,1,FLA,1,0,REAL_NHL_API_OR_DERIVED_FROM_REAL
20222023,2022020057,2022-10-19,COL,WPG,0.573843,0.426157,COL,0,WPG,0,0,REAL_NHL_API_OR_DERIVED_FROM_REAL
20222023,2022020058,2022-10-19,SEA,STL,0.47312,0.52688,STL,0,STL,1,0,REAL_NHL_API_OR_DERIVED_FROM_REAL
20222023,2022020059,2022-10-20,BOS,ANA,0.608823,0.391177,BOS,1,BOS,1,0,REAL_NHL_API_OR_DERIVED_FROM_REAL
20222023,2022020060,2022-10-20,MTL,UTA,0.602745,0.397255,MTL,1,MTL,1,0,REAL_NHL_API_OR_DERIVED_FROM_REAL
20222023,2022020061,2022-10-20,TOR,DAL,0.477025,0.522975,DAL,1,TOR,0,0,REAL_NHL_API_OR_DERIVED_FROM_REAL
20222023,2022020062,2022-10-20,PIT,LAK,0.739635,0.260365,PIT,1,PIT,1,0,REAL_NHL_API_OR_DERIVED_FROM_REAL
20222023,2022020063,2022-10-20,CBJ,NSH,0.49515,0.50485,NSH,1,CBJ,0,0,REAL_NHL_API_OR_DERIVED_FROM_REAL
20222023,2022020064,2022-10-20,NYR,SJS,0.675576,0.324424,NYR,0,SJS,0,0,REAL_NHL_API_OR_DERIVED_FROM_REAL
20222023,2022020065,2022-10-20,OTT,WSH,0.576997,0.423003,OTT,1,OTT,1,0,REAL_NHL_API_OR_DERIVED_FROM_REAL
20222023,2022020066,2022-10-20,NYI,NJD,0.662755,0.337245,NYI,0,NJD,0,0,REAL_NHL_API_OR_DERIVED_FROM_REAL
20222023,2022020067,2022-10-20,MIN,VAN,0.571437,0.428563,MIN,1,MIN,1,0,REAL_NHL_API_OR_DERIVED_FROM_REAL
20222023,2022020068,2022-10-20,CGY,BUF,0.376805,0.623195,BUF,0,BUF,1,0,REAL_NHL_API_OR_DERIVED_FROM_REAL
20222023,2022020069,2022-10-20,EDM,CAR,0.46213,0.53787,CAR,1,EDM,0,0,REAL_NHL_API_OR_DERIVED_FROM_REAL
20222023,2022020070,2022-10-20,VGK,WPG,0.60092,0.39908,VGK,1,VGK,1,0,REAL_NHL_API_OR_DERIVED_FROM_REAL
20222023,2022020071,2022-10-21,FLA,TBL,0.552468,0.447532,FLA,0,TBL,0,0,REAL_NHL_API_OR_DERIVED_FROM_REAL
20222023,2022020072,2022-10-21,CHI,DET,0.29723,0.70277,DET,1,CHI,0,0,REAL_NHL_API_OR_DERIVED_FROM_REAL
20222023,2022020073,2022-10-21,COL,SEA,0.71831,0.28169,COL,0,SEA,0,0,REAL_NHL_API_OR_DERIVED_FROM_REAL
20222023,2022020074,2022-10-22,BOS,MIN,0.615281,0.384719,BOS,1,BOS,1,0,REAL_NHL_API_OR_DERIVED_FROM_REAL
20222023,2022020075,2022-10-22,NJD,SJS,0.569313,0.430687,NJD,1,NJD,1,0,REAL_NHL_API_OR_DERIVED_FROM_REAL
20222023,2022020076,2022-10-22,OTT,UTA,0.674811,0.325189,OTT,1,OTT,1,0,REAL_NHL_API_OR_DERIVED_FROM_REAL
20222023,2022020077,2022-10-22,EDM,STL,0.497638,0.502362,STL,0,STL,1,0,REAL_NHL_API_OR_DERIVED_FROM_REAL
20222023,2022020078,2022-10-22,MTL,DAL,0.478009,0.521991,DAL,0,DAL,1,0,REAL_NHL_API_OR_DERIVED_FROM_REAL
20222023,2022020079,2022-10-22,WSH,LAK,0.52982,0.47018,WSH,1,WSH,1,0,REAL_NHL_API_OR_DERIVED_FROM_REAL
20222023,2022020080,2022-10-22,TBL,NYI,0.526706,0.473294,TBL,1,TBL,1,0,REAL_NHL_API_OR_DERIVED_FROM_REAL
20222023,2022020081,2022-10-22,CBJ,PIT,0.437253,0.562747,PIT,0,PIT,1,0,REAL_NHL_API_OR_DERIVED_FROM_REAL
20222023,2022020082,2022-10-22,WPG,TOR,0.525497,0.474503,WPG,0,TOR,0,0,REAL_NHL_API_OR_DERIVED_FROM_REAL
20222023,2022020083,2022-10-22,NSH,PHI,0.541281,0.458719,NSH,0,PHI,0,0,REAL_NHL_API_OR_DERIVED_FROM_REAL
20222023,2022020084,2022-10-22,VAN,BUF,0.478289,0.521711,BUF,0,BUF,1,0,REAL_NHL_API_OR_DERIVED_FROM_REAL
20222023,2022020085,2022-10-22,CGY,CAR,0.456327,0.543673,CAR,1,CGY,0,0,REAL_NHL_API_OR_DERIVED_FROM_REAL
20222023,2022020086,2022-10-22,VGK,COL,0.541548,0.458452,VGK,0,COL,0,0,REAL_NHL_API_OR_DERIVED_FROM_REAL
20222023,2022020087,2022-10-23,CHI,SEA,0.497487,0.502513,SEA,1,CHI,0,0,REAL_NHL_API_OR_DERIVED_FROM_REAL
20222023,2022020088,2022-10-23,DET,ANA,0.620891,0.379109,DET,1,DET,1,0,REAL_NHL_API_OR_DERIVED_FROM_REAL
20222023,2022020089,2022-10-23,NYR,CBJ,0.592264,0.407736,NYR,0,CBJ,0,0,REAL_NHL_API_OR_DERIVED_FROM_REAL
20222023,2022020090,2022-10-23,FLA,NYI,0.569272,0.430728,FLA,1,FLA,1,0,REAL_NHL_API_OR_DERIVED_FROM_REAL
20222023,2022020091,2022-10-23,PHI,SJS,0.618025,0.381975,PHI,0,SJS,0,0,REAL_NHL_API_OR_DERIVED_FROM_REAL
20222023,2022020092,2022-10-24,OTT,DAL,0.530528,0.469472,OTT,1,OTT,1,0,REAL_NHL_API_OR_DERIVED_FROM_REAL
20222023,2022020093,2022-10-24,NJD,WSH,0.277914,0.722086,WSH,0,WSH,1,0,REAL_NHL_API_OR_DERIVED_FROM_REAL
20222023,2022020094,2022-10-24,EDM,PIT,0.454744,0.545256,PIT,1,EDM,0,0,REAL_NHL_API_OR_DERIVED_FROM_REAL
20222023,2022020095,2022-10-24,WPG,STL,0.502918,0.497082,WPG,1,WPG,1,0,REAL_NHL_API_OR_DERIVED_FROM_REAL
20222023,2022020096,2022-10-24,VGK,TOR,0.526099,0.473901,VGK,1,VGK,1,0,REAL_NHL_API_OR_DERIVED_FROM_REAL
20222023,2022020097,2022-10-24,VAN,CAR,0.448737,0.551263,CAR,0,CAR,1,0,REAL_NHL_API_OR_DERIVED_FROM_REAL
20222023,2022020098,2022-10-25,CBJ,UTA,0.48063,0.51937,UTA,0,UTA,1,0,REAL_NHL_API_OR_DERIVED_FROM_REAL
20222023,2022020099,2022-10-25,NYR,COL,0.506671,0.493329,NYR,0,COL,0,0,REAL_NHL_API_OR_DERIVED_FROM_REAL
20222023,2022020100,2022-10-25,BOS,DAL,0.563352,0.436648,BOS,1,BOS,1,0,REAL_NHL_API_OR_DERIVED_FROM_REAL
20222023,2022020101,2022-10-25,MTL,MIN,0.492603,0.507397,MIN,0,MIN,1,0,REAL_NHL_API_OR_DERIVED_FROM_REAL
20222023,2022020102,2022-10-25,DET,NJD,0.679722,0.320278,DET,0,NJD,0,0,REAL_NHL_API_OR_DERIVED_FROM_REAL
20222023,2022020103,2022-10-25,CHI,FLA,0.499972,0.500028,FLA,1,CHI,0,0,REAL_NHL_API_OR_DERIVED_FROM_REAL
20222023,2022020104,2022-10-25,CGY,PIT,0.423487,0.576513,PIT,1,CGY,0,0,REAL_NHL_API_OR_DERIVED_FROM_REAL
20222023,2022020105,2022-10-25,SEA,BUF,0.391608,0.608392,BUF,1,SEA,0,0,REAL_NHL_API_OR_DERIVED_FROM_REAL
20222023,2022020106,2022-10-25,LAK,TBL,0.522667,0.477333,LAK,1,LAK,1,0,REAL_NHL_API_OR_DERIVED_FROM_REAL
20222023,2022020107,2022-10-25,SJS,VGK,0.463,0.537,VGK,0,VGK,1,0,REAL_NHL_API_OR_DERIVED_FROM_REAL
20222023,2022020108,2022-10-26,NYI,NYR,0.583667,0.416333,NYI,1,NYI,1,0,REAL_NHL_API_OR_DERIVED_FROM_REAL
20222023,2022020109,2022-10-26,STL,EDM,0.506284,0.493716,STL,0,EDM,0,0,REAL_NHL_API_OR_DERIVED_FROM_REAL
20222023,2022020110,2022-10-26,ANA,TBL,0.51948,0.48052,ANA,0,TBL,0,0,REAL_NHL_API_OR_DERIVED_FROM_REAL
20222023,2022020111,2022-10-27,BOS,DET,0.510551,0.489449,BOS,1,BOS,1,0,REAL_NHL_API_OR_DERIVED_FROM_REAL
20222023,2022020112,2022-10-27,PHI,FLA,0.415022,0.584978,FLA,1,PHI,0,0,REAL_NHL_API_OR_DERIVED_FROM_REAL
20222023,2022020113,2022-10-27,OTT,MIN,0.619406,0.380594,OTT,0,MIN,0,0,REAL_NHL_API_OR_DERIVED_FROM_REAL
20222023,2022020114,2022-10-27,BUF,MTL,0.643886,0.356114,BUF,0,MTL,0,0,REAL_NHL_API_OR_DERIVED_FROM_REAL
20222023,2022020115,2022-10-27,NSH,STL,0.515256,0.484744,NSH,1,NSH,1,0,REAL_NHL_API_OR_DERIVED_FROM_REAL
20222023,2022020116,2022-10-27,CHI,EDM,0.504705,0.495295,CHI,0,EDM,0,0,REAL_NHL_API_OR_DERIVED_FROM_REAL
20222023,2022020117,2022-10-27,DAL,WSH,0.510503,0.489497,DAL,1,DAL,1,0,REAL_NHL_API_OR_DERIVED_FROM_REAL
20222023,2022020118,2022-10-27,SEA,VAN,0.586817,0.413183,SEA,0,VAN,0,0,REAL_NHL_API_OR_DERIVED_FROM_REAL
20222023,2022020119,2022-10-27,SJS,TOR,0.50432,0.49568,SJS,1,SJS,1,0,REAL_NHL_API_OR_DERIVED_FROM_REAL
20222023,2022020120,2022-10-27,LAK,WPG,0.560449,0.439551,LAK,0,WPG,0,0,REAL_NHL_API_OR_DERIVED_FROM_REAL
20222023,2022020121,2022-10-28,VGK,ANA,0.773106,0.226894,VGK,1,VGK,1,0,REAL_NHL_API_OR_DERIVED_FROM_REAL
20222023,2022020122,2022-10-28,CBJ,BOS,0.416354,0.583646,BOS,0,BOS,1,0,REAL_NHL_API_OR_DERIVED_FROM_REAL
20222023,2022020123,2022-10-28,NJD,COL,0.528843,0.471157,NJD,1,NJD,1,0,REAL_NHL_API_OR_DERIVED_FROM_REAL
20222023,2022020124,2022-10-28,CAR,NYI,0.551017,0.448983,CAR,0,NYI,0,0,REAL_NHL_API_OR_DERIVED_FROM_REAL
20222023,2022020125,2022-10-28,VAN,PIT,0.471018,0.528982,PIT,1,VAN,0,0,REAL_NHL_API_OR_DERIVED_FROM_REAL
20222023,2022020126,2022-10-28,UTA,WPG,0.482259,0.517741,WPG,0,WPG,1,0,REAL_NHL_API_OR_DERIVED_FROM_REAL
20222023,2022020127,2022-10-29,DAL,NYR,0.404599,0.595401,NYR,0,NYR,1,0,REAL_NHL_API_OR_DERIVED_FROM_REAL
20222023,2022020128,2022-10-29,FLA,OTT,0.483545,0.516455,OTT,1,FLA,0,0,REAL_NHL_API_OR_DERIVED_FROM_REAL
20222023,2022020129,2022-10-29,SJS,TBL,0.501326,0.498674,SJS,0,TBL,0,0,REAL_NHL_API_OR_DERIVED_FROM_REAL
20222023,2022020130,2022-10-29,PHI,CAR,0.500259,0.499741,PHI,0,CAR,0,0,REAL_NHL_API_OR_DERIVED_FROM_REAL
20222023,2022020131,2022-10-29,BUF,CHI,0.59859,0.40141,BUF,1,BUF,1,0,REAL_NHL_API_OR_DERIVED_FROM_REAL
20222023,2022020132,2022-10-29,DET,MIN,0.503714,0.496286,DET,1,DET,1,0,REAL_NHL_API_OR_DERIVED_FROM_REAL
20222023,2022020133,2022-10-29,STL,MTL,0.565106,0.434894,STL,0,MTL,0,0,REAL_NHL_API_OR_DERIVED_FROM_REAL
20222023,2022020134,2022-10-29,LAK,TOR,0.399235,0.600765,TOR,1,LAK,0,0,REAL_NHL_API_OR_DERIVED_FROM_REAL
20222023,2022020135,2022-10-29,NYI,COL,0.545016,0.454984,NYI,1,NYI,1,0,REAL_NHL_API_OR_DERIVED_FROM_REAL
20222023,2022020136,2022-10-29,NSH,WSH,0.513958,0.486042,NSH,0,WSH,0,0,REAL_NHL_API_OR_DERIVED_FROM_REAL
20222023,2022020137,2022-10-29,CGY,EDM,0.454141,0.545859,EDM,0,EDM,1,0,REAL_NHL_API_OR_DERIVED_FROM_REAL
20222023,2022020138,2022-10-29,SEA,PIT,0.510709,0.489291,SEA,1,SEA,1,0,REAL_NHL_API_OR_DERIVED_FROM_REAL
20222023,2022020139,2022-10-30,NJD,CBJ,0.516361,0.483639,NJD,1,NJD,1,0,REAL_NHL_API_OR_DERIVED_FROM_REAL
20222023,2022020140,2022-10-30,CHI,MIN,0.536264,0.463736,CHI,0,MIN,0,0,REAL_NHL_API_OR_DERIVED_FROM_REAL
20222023,2022020141,2022-10-30,UTA,NYR,0.541501,0.458499,UTA,0,NYR,0,0,REAL_NHL_API_OR_DERIVED_FROM_REAL
20222023,2022020142,2022-10-30,ANA,TOR,0.475192,0.524808,TOR,1,ANA,0,0,REAL_NHL_API_OR_DERIVED_FROM_REAL
20222023,2022020143,2022-10-30,VGK,WPG,0.5797,0.4203,VGK,1,VGK,1,0,REAL_NHL_API_OR_DERIVED_FROM_REAL
20222023,2022020144,2022-10-31,BUF,DET,0.569382,0.430618,BUF,1,BUF,1,0,REAL_NHL_API_OR_DERIVED_FROM_REAL
20222023,2022020145,2022-10-31,CAR,WSH,0.506524,0.493476,CAR,1,CAR,1,0,REAL_NHL_API_OR_DERIVED_FROM_REAL
20222023,2022020146,2022-10-31,STL,LAK,0.390716,0.609284,LAK,0,LAK,1,0,REAL_NHL_API_OR_DERIVED_FROM_REAL
20222023,2022020147,2022-11-01,PIT,BOS,0.66356,0.33644,PIT,0,BOS,0,0,REAL_NHL_API_OR_DERIVED_FROM_REAL
20222023,2022020148,2022-11-01,TBL,OTT,0.529882,0.470118,TBL,1,TBL,1,0,REAL_NHL_API_OR_DERIVED_FROM_REAL
20222023,2022020149,2022-11-01,NYR,PHI,0.518995,0.481005,NYR,1,NYR,1,0,REAL_NHL_API_OR_DERIVED_FROM_REAL
20222023,2022020150,2022-11-01,WSH,VGK,0.513262,0.486738,WSH,0,VGK,0,0,REAL_NHL_API_OR_DERIVED_FROM_REAL
20222023,2022020151,2022-11-01,MIN,MTL,0.547412,0.452588,MIN,1,MIN,1,0,REAL_NHL_API_OR_DERIVED_FROM_REAL
20222023,2022020152,2022-11-01,CHI,NYI,0.363065,0.636935,NYI,0,NYI,1,0,REAL_NHL_API_OR_DERIVED_FROM_REAL
20222023,2022020153,2022-11-01,DAL,LAK,0.499847,0.500153,LAK,1,DAL,0,0,REAL_NHL_API_OR_DERIVED_FROM_REAL
20222023,2022020154,2022-11-01,EDM,NSH,0.54571,0.45429,EDM,1,EDM,1,0,REAL_NHL_API_OR_DERIVED_FROM_REAL
20222023,2022020155,2022-11-01,CGY,SEA,0.548146,0.451854,CGY,0,SEA,0,0,REAL_NHL_API_OR_DERIVED_FROM_REAL
20222023,2022020156,2022-11-01,UTA,FLA,0.493529,0.506471,FLA,1,UTA,0,0,REAL_NHL_API_OR_DERIVED_FROM_REAL
20222023,2022020157,2022-11-01,VAN,NJD,0.538473,0.461527,VAN,0,NJD,0,0,REAL_NHL_API_OR_DERIVED_FROM_REAL
20222023,2022020158,2022-11-01,SJS,ANA,0.569583,0.430417,SJS,0,ANA,0,0,REAL_NHL_API_OR_DERIVED_FROM_REAL
20222023,2022020159,2022-11-02,TOR,PHI,0.618913,0.381087,TOR,1,TOR,1,0,REAL_NHL_API_OR_DERIVED_FROM_REAL
20222023,2022020160,2022-11-02,BUF,PIT,0.603144,0.396856,BUF,1,BUF,1,0,REAL_NHL_API_OR_DERIVED_FROM_REAL
20222023,2022020161,2022-11-03,NYR,BOS,0.459355,0.540645,BOS,0,BOS,1,0,REAL_NHL_API_OR_DERIVED_FROM_REAL
20222023,2022020162,2022-11-03,TBL,CAR,0.577728,0.422272,TBL,0,CAR,0,0,REAL_NHL_API_OR_DERIVED_FROM_REAL
20222023,2022020163,2022-11-03,OTT,VGK,0.337836,0.662164,VGK,0,VGK,1,0,REAL_NHL_API_OR_DERIVED_FROM_REAL
20222023,2022020164,2022-11-03,DET,WSH,0.516839,0.483161,DET,1,DET,1,0,REAL_NHL_API_OR_DERIVED_FROM_REAL
20222023,2022020165,2022-11-03,WPG,MTL,0.580016,0.419984,WPG,1,WPG,1,0,REAL_NHL_API_OR_DERIVED_FROM_REAL
20222023,2022020166,2022-11-03,STL,NYI,0.425783,0.574217,NYI,0,NYI,1,0,REAL_NHL_API_OR_DERIVED_FROM_REAL
20222023,2022020167,2022-11-03,MIN,SEA,0.512941,0.487059,MIN,0,SEA,0,0,REAL_NHL_API_OR_DERIVED_FROM_REAL
20222023,2022020168,2022-11-03,CHI,LAK,0.501825,0.498175,CHI,1,CHI,1,0,REAL_NHL_API_OR_DERIVED_FROM_REAL
20222023,2022020169,2022-11-03,CGY,NSH,0.493222,0.506778,NSH,0,NSH,1,0,REAL_NHL_API_OR_DERIVED_FROM_REAL
20222023,2022020170,2022-11-03,EDM,NJD,0.763915,0.236085,EDM,0,NJD,0,0,REAL_NHL_API_OR_DERIVED_FROM_REAL
20222023,2022020171,2022-11-03,VAN,ANA,0.59329,0.40671,VAN,1,VAN,1,0,REAL_NHL_API_OR_DERIVED_FROM_REAL
20222023,2022020172,2022-11-03,UTA,DAL,0.374746,0.625254,DAL,0,DAL,1,0,REAL_NHL_API_OR_DERIVED_FROM_REAL
20222023,2022020173,2022-11-03,SJS,FLA,0.541708,0.458292,SJS,0,FLA,0,0,REAL_NHL_API_OR_DERIVED_FROM_REAL
20222023,2022020174,2022-11-04,CAR,BUF,0.499369,0.500631,BUF,1,CAR,0,0,REAL_NHL_API_OR_DERIVED_FROM_REAL
20222023,2022020175,2022-11-04,COL,CBJ,0.576527,0.423473,COL,1,COL,1,0,REAL_NHL_API_OR_DERIVED_FROM_REAL
20222023,2022020176,2022-11-05,WPG,CHI,0.699801,0.300199,WPG,1,WPG,1,0,REAL_NHL_API_OR_DERIVED_FROM_REAL
20222023,2022020177,2022-11-05,EDM,DAL,0.589989,0.410011,EDM,0,DAL,0,0,REAL_NHL_API_OR_DERIVED_FROM_REAL
20222023,2022020178,2022-11-05,WSH,UTA,0.582948,0.417052,WSH,0,UTA,0,0,REAL_NHL_API_OR_DERIVED_FROM_REAL
20222023,2022020179,2022-11-05,TOR,BOS,0.283708,0.716292,BOS,1,TOR,0,0,REAL_NHL_API_OR_DERIVED_FROM_REAL
20222023,2022020180,2022-11-05,TBL,BUF,0.543051,0.456949,TBL,1,TBL,1,0,REAL_NHL_API_OR_DERIVED_FROM_REAL
20222023,2022020181,2022-11-05,DET,NYI,0.671183,0.328817,DET,1,DET,1,0,REAL_NHL_API_OR_DERIVED_FROM_REAL
20222023,2022020182,2022-11-05,OTT,PHI,0.600924,0.399076,OTT,0,PHI,0,0,REAL_NHL_API_OR_DERIVED_FROM_REAL
20222023,2022020183,2022-11-05,PIT,SEA,0.434015,0.565985,SEA,0,SEA,1,0,REAL_NHL_API_OR_DERIVED_FROM_REAL
20222023,2022020184,2022-11-05,MTL,VGK,0.448236,0.551764,VGK,0,VGK,1,0,REAL_NHL_API_OR_DERIVED_FROM_REAL
20222023,2022020185,2022-11-05,CBJ,COL,0.45428,0.54572,COL,0,COL,1,0,REAL_NHL_API_OR_DERIVED_FROM_REAL
20222023,2022020186,2022-11-05,VAN,NSH,0.537062,0.462938,VAN,0,NSH,0,0,REAL_NHL_API_OR_DERIVED_FROM_REAL
20222023,2022020187,2022-11-05,CGY,NJD,0.457964,0.542036,NJD,0,NJD,1,0,REAL_NHL_API_OR_DERIVED_FROM_REAL
20222023,2022020188,2022-11-05,SJS,ANA,0.549668,0.450332,SJS,0,ANA,0,0,REAL_NHL_API_OR_DERIVED_FROM_REAL
20222023,2022020189,2022-11-05,LAK,FLA,0.549446,0.450554,LAK,1,LAK,1,0,REAL_NHL_API_OR_DERIVED_FROM_REAL
20222023,2022020190,2022-11-06,NYR,DET,0.549957,0.450043,NYR,0,DET,0,0,REAL_NHL_API_OR_DERIVED_FROM_REAL
20222023,2022020191,2022-11-06,CAR,TOR,0.514055,0.485945,CAR,0,TOR,0,0,REAL_NHL_API_OR_DERIVED_FROM_REAL
20222023,2022020192,2022-11-06,ANA,FLA,0.512396,0.487604,ANA,0,FLA,0,0,REAL_NHL_API_OR_DERIVED_FROM_REAL
20222023,2022020193,2022-11-07,NYI,CGY,0.473662,0.526338,CGY,1,NYI,0,0,REAL_NHL_API_OR_DERIVED_FROM_REAL
20222023,2022020194,2022-11-07,BOS,STL,0.678755,0.321245,BOS,1,BOS,1,0,REAL_NHL_API_OR_DERIVED_FROM_REAL
20222023,2022020195,2022-11-07,WSH,EDM,0.465086,0.534914,EDM,1,WSH,0,0,REAL_NHL_API_OR_DERIVED_FROM_REAL
20222023,2022020196,2022-11-08,BUF,UTA,0.654088,0.345912,BUF,0,UTA,0,0,REAL_NHL_API_OR_DERIVED_FROM_REAL
20222023,2022020197,2022-11-08,NJD,CGY,0.587612,0.412388,NJD,1,NJD,1,0,REAL_NHL_API_OR_DERIVED_FROM_REAL
20222023,2022020198,2022-11-08,NYR,NYI,0.560404,0.439596,NYR,0,NYI,0,0,REAL_NHL_API_OR_DERIVED_FROM_REAL
20222023,2022020199,2022-11-08,PHI,STL,0.553379,0.446621,PHI,1,PHI,1,0,REAL_NHL_API_OR_DERIVED_FROM_REAL
20222023,2022020200,2022-11-08,OTT,VAN,0.481336,0.518664,VAN,0,VAN,1,0,REAL_NHL_API_OR_DERIVED_FROM_REAL
20222023,2022020201,2022-11-08,TOR,VGK,0.507973,0.492027,TOR,0,VGK,0,0,REAL_NHL_API_OR_DERIVED_FROM_REAL
20222023,2022020202,2022-11-08,TBL,EDM,0.582681,0.417319,TBL,0,EDM,0,0,REAL_NHL_API_OR_DERIVED_FROM_REAL
20222023,2022020203,2022-11-08,DET,MTL,0.575935,0.424065,DET,0,MTL,0,0,REAL_NHL_API_OR_DERIVED_FROM_REAL
20222023,2022020204,2022-11-08,WPG,DAL,0.547271,0.452729,WPG,1,WPG,1,0,REAL_NHL_API_OR_DERIVED_FROM_REAL
20222023,2022020205,2022-11-08,SEA,NSH,0.72567,0.27433,SEA,1,SEA,1,0,REAL_NHL_API_OR_DERIVED_FROM_REAL
20222023,2022020206,2022-11-08,LAK,MIN,0.560536,0.439464,LAK,1,LAK,1,0,REAL_NHL_API_OR_DERIVED_FROM_REAL
20222023,2022020207,2022-11-09,FLA,CAR,0.536739,0.463261,FLA,1,FLA,1,0,REAL_NHL_API_OR_DERIVED_FROM_REAL
20222023,2022020208,2022-11-09,WSH,PIT,0.548154,0.451846,WSH,0,PIT,0,0,REAL_NHL_API_OR_DERIVED_FROM_REAL
20222023,2022020209,2022-11-09,MTL,VAN,0.452169,0.547831,VAN,1,MTL,0,0,REAL_NHL_API_OR_DERIVED_FROM_REAL
20222023,2022020210,2022-11-09,ANA,MIN,0.579262,0.420738,ANA,0,MIN,0,0,REAL_NHL_API_OR_DERIVED_FROM_REAL
20222023,2022020211,2022-11-10,BOS,CGY,0.641162,0.358838,BOS,1,BOS,1,0,REAL_NHL_API_OR_DERIVED_FROM_REAL
20222023,2022020212,2022-11-10,CAR,EDM,0.541153,0.458847,CAR,1,CAR,1,0,REAL_NHL_API_OR_DERIVED_FROM_REAL
20222023,2022020213,2022-11-10,NJD,OTT,0.440652,0.559348,OTT,1,NJD,0,0,REAL_NHL_API_OR_DERIVED_FROM_REAL
20222023,2022020214,2022-11-10,CBJ,PHI,0.45027,0.54973,PHI,1,CBJ,0,0,REAL_NHL_API_OR_DERIVED_FROM_REAL
20222023,2022020215,2022-11-10,BUF,VGK,0.507542,0.492458,BUF,0,VGK,0,0,REAL_NHL_API_OR_DERIVED_FROM_REAL
20222023,2022020216,2022-11-10,NYI,UTA,0.550489,0.449511,NYI,0,UTA,0,0,REAL_NHL_API_OR_DERIVED_FROM_REAL
20222023,2022020217,2022-11-10,DET,NYR,0.644623,0.355377,DET,0,NYR,0,0,REAL_NHL_API_OR_DERIVED_FROM_REAL
20222023,2022020218,2022-11-10,STL,SJS,0.537138,0.462862,STL,1,STL,1,0,REAL_NHL_API_OR_DERIVED_FROM_REAL
20222023,2022020219,2022-11-10,COL,NSH,0.607163,0.392837,COL,1,COL,1,0,REAL_NHL_API_OR_DERIVED_FROM_REAL
20222023,2022020220,2022-11-10,LAK,CHI,0.632755,0.367245,LAK,1,LAK,1,0,REAL_NHL_API_OR_DERIVED_FROM_REAL
20222023,2022020221,2022-11-11,TOR,PIT,0.535977,0.464023,TOR,0,PIT,0,0,REAL_NHL_API_OR_DERIVED_FROM_REAL
20222023,2022020222,2022-11-11,WSH,TBL,0.462388,0.537612,TBL,1,WSH,0,0,REAL_NHL_API_OR_DERIVED_FROM_REAL
20222023,2022020223,2022-11-11,DAL,SJS,0.666961,0.333039,DAL,0,SJS,0,0,REAL_NHL_API_OR_DERIVED_FROM_REAL
20222023,2022020224,2022-11-11,SEA,MIN,0.641603,0.358397,SEA,0,MIN,0,0,REAL_NHL_API_OR_DERIVED_FROM_REAL
20222023,2022020225,2022-11-12,PHI,OTT,0.526274,0.473726,PHI,0,OTT,0,0,REAL_NHL_API_OR_DERIVED_FROM_REAL
20222023,2022020226,2022-11-12,FLA,EDM,0.605511,0.394489,FLA,0,EDM,0,0,REAL_NHL_API_OR_DERIVED_FROM_REAL
20222023,2022020227,2022-11-12,NJD,UTA,0.558332,0.441668,NJD,1,NJD,1,0,REAL_NHL_API_OR_DERIVED_FROM_REAL
20222023,2022020228,2022-11-12,BUF,BOS,0.473917,0.526083,BOS,0,BOS,1,0,REAL_NHL_API_OR_DERIVED_FROM_REAL
20222023,2022020229,2022-11-12,MTL,PIT,0.522225,0.477775,MTL,1,MTL,1,0,REAL_NHL_API_OR_DERIVED_FROM_REAL
20222023,2022020230,2022-11-12,TOR,VAN,0.484373,0.515627,VAN,1,TOR,0,0,REAL_NHL_API_OR_DERIVED_FROM_REAL
20222023,2022020231,2022-11-12,NYI,CBJ,0.544584,0.455416,NYI,1,NYI,1,0,REAL_NHL_API_OR_DERIVED_FROM_REAL
20222023,2022020232,2022-11-12,NSH,NYR,0.552826,0.447174,NSH,1,NSH,1,0,REAL_NHL_API_OR_DERIVED_FROM_REAL
20222023,2022020233,2022-11-12,COL,CAR,0.566368,0.433632,COL,1,COL,1,0,REAL_NHL_API_OR_DERIVED_FROM_REAL
20222023,2022020234,2022-11-12,ANA,CHI,0.578922,0.421078,ANA,0,CHI,0,0,REAL_NHL_API_OR_DERIVED_FROM_REAL
20222023,2022020235,2022-11-12,VGK,STL,0.691074,0.308926,VGK,0,STL,0,0,REAL_NHL_API_OR_DERIVED_FROM_REAL
20222023,2022020236,2022-11-12,CGY,WPG,0.449509,0.550491,WPG,1,CGY,0,0,REAL_NHL_API_OR_DERIVED_FROM_REAL
20222023,2022020237,2022-11-12,LAK,DET,0.514609,0.485391,LAK,1,LAK,1,0,REAL_NHL_API_OR_DERIVED_FROM_REAL
20222023,2022020238,2022-11-13,PHI,DAL,0.47009,0.52991,DAL,0,DAL,1,0,REAL_NHL_API_OR_DERIVED_FROM_REAL
20222023,2022020239,2022-11-13,NYR,UTA,0.620633,0.379367,NYR,1,NYR,1,0,REAL_NHL_API_OR_DERIVED_FROM_REAL
20222023,2022020240,2022-11-13,MIN,SJS,0.488528,0.511472,SJS,0,SJS,1,0,REAL_NHL_API_OR_DERIVED_FROM_REAL
20222023,2022020241,2022-11-13,BOS,VAN,0.569074,0.430926,BOS,1,BOS,1,0,REAL_NHL_API_OR_DERIVED_FROM_REAL
20222023,2022020242,2022-11-13,TBL,WSH,0.745037,0.254963,TBL,1,TBL,1,0,REAL_NHL_API_OR_DERIVED_FROM_REAL
20222023,2022020243,2022-11-13,SEA,WPG,0.633795,0.366205,SEA,0,WPG,0,0,REAL_NHL_API_OR_DERIVED_FROM_REAL
20222023,2022020244,2022-11-14,OTT,NYI,0.541925,0.458075,OTT,0,NYI,0,0,REAL_NHL_API_OR_DERIVED_FROM_REAL
20222023,2022020245,2022-11-14,CHI,CAR,0.446668,0.553332,CAR,0,CAR,1,0,REAL_NHL_API_OR_DERIVED_FROM_REAL
20222023,2022020246,2022-11-14,CGY,LAK,0.47811,0.52189,LAK,1,CGY,0,0,REAL_NHL_API_OR_DERIVED_FROM_REAL
20222023,2022020247,2022-11-14,COL,STL,0.701857,0.298143,COL,0,STL,0,0,REAL_NHL_API_OR_DERIVED_FROM_REAL
20222023,2022020248,2022-11-15,TBL,DAL,0.540777,0.459223,TBL,1,TBL,1,0,REAL_NHL_API_OR_DERIVED_FROM_REAL
20222023,2022020249,2022-11-15,MTL,NJD,0.49374,0.50626,NJD,0,NJD,1,0,REAL_NHL_API_OR_DERIVED_FROM_REAL
20222023,2022020250,2022-11-15,CBJ,PHI,0.333746,0.666254,PHI,1,CBJ,0,0,REAL_NHL_API_OR_DERIVED_FROM_REAL
20222023,2022020251,2022-11-15,PIT,TOR,0.623748,0.376252,PIT,0,TOR,0,0,REAL_NHL_API_OR_DERIVED_FROM_REAL
20222023,2022020252,2022-11-15,BUF,VAN,0.532342,0.467658,BUF,0,VAN,0,0,REAL_NHL_API_OR_DERIVED_FROM_REAL
20222023,2022020253,2022-11-15,FLA,WSH,0.618915,0.381085,FLA,1,FLA,1,0,REAL_NHL_API_OR_DERIVED_FROM_REAL
20222023,2022020254,2022-11-15,NSH,MIN,0.547688,0.452312,NSH,1,NSH,1,0,REAL_NHL_API_OR_DERIVED_FROM_REAL
20222023,2022020255,2022-11-15,ANA,DET,0.474794,0.525206,DET,1,ANA,0,0,REAL_NHL_API_OR_DERIVED_FROM_REAL
20222023,2022020256,2022-11-15,VGK,SJS,0.572152,0.427848,VGK,0,SJS,0,0,REAL_NHL_API_OR_DERIVED_FROM_REAL
20222023,2022020257,2022-11-16,OTT,BUF,0.72822,0.27178,OTT,1,OTT,1,0,REAL_NHL_API_OR_DERIVED_FROM_REAL
20222023,2022020258,2022-11-16,CHI,STL,0.445083,0.554917,STL,0,STL,1,0,REAL_NHL_API_OR_DERIVED_FROM_REAL
20222023,2022020259,2022-11-16,EDM,LAK,0.528621,0.471379,EDM,0,LAK,0,0,REAL_NHL_API_OR_DERIVED_FROM_REAL
20222023,2022020260,2022-11-17,TBL,CGY,0.583608,0.416392,TBL,1,TBL,1,0,REAL_NHL_API_OR_DERIVED_FROM_REAL
20222023,2022020261,2022-11-17,CAR,COL,0.458066,0.541934,COL,0,COL,1,0,REAL_NHL_API_OR_DERIVED_FROM_REAL
20222023,2022020262,2022-11-17,FLA,DAL,0.7145,0.2855,FLA,0,DAL,0,0,REAL_NHL_API_OR_DERIVED_FROM_REAL
20222023,2022020263,2022-11-17,CBJ,MTL,0.510949,0.489051,CBJ,1,CBJ,1,0,REAL_NHL_API_OR_DERIVED_FROM_REAL
20222023,2022020264,2022-11-17,TOR,NJD,0.466916,0.533084,NJD,0,NJD,1,0,REAL_NHL_API_OR_DERIVED_FROM_REAL
20222023,2022020265,2022-11-17,BOS,PHI,0.608378,0.391622,BOS,1,BOS,1,0,REAL_NHL_API_OR_DERIVED_FROM_REAL
20222023,2022020266,2022-11-17,WPG,ANA,0.619523,0.380477,WPG,1,WPG,1,0,REAL_NHL_API_OR_DERIVED_FROM_REAL
20222023,2022020267,2022-11-17,NSH,NYI,0.471352,0.528648,NYI,1,NSH,0,0,REAL_NHL_API_OR_DERIVED_FROM_REAL
20222023,2022020268,2022-11-17,MIN,PIT,0.488685,0.511315,PIT,0,PIT,1,0,REAL_NHL_API_OR_DERIVED_FROM_REAL
20222023,2022020269,2022-11-17,STL,WSH,0.563463,0.436537,STL,1,STL,1,0,REAL_NHL_API_OR_DERIVED_FROM_REAL
20222023,2022020270,2022-11-17,VGK,UTA,0.614229,0.385771,VGK,1,VGK,1,0,REAL_NHL_API_OR_DERIVED_FROM_REAL
20222023,2022020271,2022-11-17,SEA,NYR,0.564772,0.435228,SEA,1,SEA,1,0,REAL_NHL_API_OR_DERIVED_FROM_REAL
20222023,2022020272,2022-11-17,SJS,DET,0.550954,0.449046,SJS,0,DET,0,0,REAL_NHL_API_OR_DERIVED_FROM_REAL
20222023,2022020273,2022-11-18,VAN,LAK,0.519564,0.480436,VAN,1,VAN,1,0,REAL_NHL_API_OR_DERIVED_FROM_REAL
20222023,2022020274,2022-11-19,OTT,NJD,0.35566,0.64434,NJD,0,NJD,1,0,REAL_NHL_API_OR_DERIVED_FROM_REAL
20222023,2022020275,2022-11-19,FLA,CGY,0.623188,0.376812,FLA,0,CGY,0,0,REAL_NHL_API_OR_DERIVED_FROM_REAL
20222023,2022020276,2022-11-19,TOR,BUF,0.537223,0.462777,TOR,1,TOR,1,0,REAL_NHL_API_OR_DERIVED_FROM_REAL
20222023,2022020277,2022-11-19,BOS,CHI,0.664058,0.335942,BOS,1,BOS,1,0,REAL_NHL_API_OR_DERIVED_FROM_REAL
20222023,2022020278,2022-11-19,WSH,COL,0.454294,0.545706,COL,0,COL,1,0,REAL_NHL_API_OR_DERIVED_FROM_REAL
20222023,2022020279,2022-11-19,CBJ,DET,0.52615,0.47385,CBJ,0,DET,0,0,REAL_NHL_API_OR_DERIVED_FROM_REAL
20222023,2022020280,2022-11-19,MTL,PHI,0.597035,0.402965,MTL,1,MTL,1,0,REAL_NHL_API_OR_DERIVED_FROM_REAL
20222023,2022020281,2022-11-19,WPG,PIT,0.569967,0.430033,WPG,0,PIT,0,0,REAL_NHL_API_OR_DERIVED_FROM_REAL
20222023,2022020282,2022-11-19,STL,ANA,0.733615,0.266385,STL,1,STL,1,0,REAL_NHL_API_OR_DERIVED_FROM_REAL
20222023,2022020283,2022-11-19,MIN,CAR,0.5326,0.4674,MIN,1,MIN,1,0,REAL_NHL_API_OR_DERIVED_FROM_REAL
20222023,2022020284,2022-11-19,DAL,NYI,0.494542,0.505458,NYI,1,DAL,0,0,REAL_NHL_API_OR_DERIVED_FROM_REAL
20222023,2022020285,2022-11-19,NSH,TBL,0.485695,0.514305,TBL,0,TBL,1,0,REAL_NHL_API_OR_DERIVED_FROM_REAL
20222023,2022020286,2022-11-19,SEA,LAK,0.599204,0.400796,SEA,1,SEA,1,0,REAL_NHL_API_OR_DERIVED_FROM_REAL
20222023,2022020287,2022-11-19,EDM,VGK,0.509915,0.490085,EDM,1,EDM,1,0,REAL_NHL_API_OR_DERIVED_FROM_REAL
20222023,2022020288,2022-11-19,SJS,NYR,0.500565,0.499435,SJS,0,NYR,0,0,REAL_NHL_API_OR_DERIVED_FROM_REAL
20222023,2022020289,2022-11-20,CBJ,FLA,0.552094,0.447906,CBJ,1,CBJ,1,0,REAL_NHL_API_OR_DERIVED_FROM_REAL
20222023,2022020290,2022-11-20,CHI,PIT,0.428467,0.571533,PIT,0,PIT,1,0,REAL_NHL_API_OR_DERIVED_FROM_REAL
20222023,2022020291,2022-11-21,TBL,BOS,0.470487,0.529513,BOS,0,BOS,1,0,REAL_NHL_API_OR_DERIVED_FROM_REAL
20222023,2022020292,2022-11-21,PHI,CGY,0.496755,0.503245,CGY,0,CGY,1,0,REAL_NHL_API_OR_DERIVED_FROM_REAL
20222023,2022020293,2022-11-21,NJD,EDM,0.600895,0.399105,NJD,1,NJD,1,0,REAL_NHL_API_OR_DERIVED_FROM_REAL
20222023,2022020294,2022-11-21,WPG,CAR,0.488949,0.511051,CAR,1,WPG,0,0,REAL_NHL_API_OR_DERIVED_FROM_REAL
20222023,2022020295,2022-11-21,TOR,NYI,0.607331,0.392669,TOR,0,NYI,0,0,REAL_NHL_API_OR_DERIVED_FROM_REAL
20222023,2022020296,2022-11-21,STL,ANA,0.613614,0.386386,STL,1,STL,1,0,REAL_NHL_API_OR_DERIVED_FROM_REAL
20222023,2022020297,2022-11-21,NSH,UTA,0.590302,0.409698,NSH,1,NSH,1,0,REAL_NHL_API_OR_DERIVED_FROM_REAL
20222023,2022020298,2022-11-21,DAL,COL,0.550229,0.449771,DAL,0,COL,0,0,REAL_NHL_API_OR_DERIVED_FROM_REAL
20222023,2022020299,2022-11-21,SJS,OTT,0.736751,0.263249,SJS,1,SJS,1,0,REAL_NHL_API_OR_DERIVED_FROM_REAL
20222023,2022020300,2022-11-21,VAN,VGK,0.494865,0.505135,VGK,0,VGK,1,0,REAL_NHL_API_OR_DERIVED_FROM_REAL
20222023,2022020301,2022-11-22,MTL,BUF,0.533282,0.466718,MTL,0,BUF,0,0,REAL_NHL_API_OR_DERIVED_FROM_REAL
20222023,2022020302,2022-11-22,LAK,NYR,0.490039,0.509961,NYR,0,NYR,1,0,REAL_NHL_API_OR_DERIVED_FROM_REAL
20222023,2022020303,2022-11-23,CAR,UTA,0.54197,0.45803,CAR,0,UTA,0,0,REAL_NHL_API_OR_DERIVED_FROM_REAL
20222023,2022020304,2022-11-23,FLA,BOS,0.502849,0.497151,FLA,1,FLA,1,0,REAL_NHL_API_OR_DERIVED_FROM_REAL
20222023,2022020305,2022-11-23,PIT,CGY,0.530736,0.469264,PIT,1,PIT,1,0,REAL_NHL_API_OR_DERIVED_FROM_REAL
20222023,2022020306,2022-11-23,CBJ,MTL,0.549435,0.450565,CBJ,0,MTL,0,0,REAL_NHL_API_OR_DERIVED_FROM_REAL
20222023,2022020307,2022-11-23,BUF,STL,0.488801,0.511199,STL,1,BUF,0,0,REAL_NHL_API_OR_DERIVED_FROM_REAL
20222023,2022020308,2022-11-23,NJD,TOR,0.562101,0.437899,NJD,0,TOR,0,0,REAL_NHL_API_OR_DERIVED_FROM_REAL
20222023,2022020309,2022-11-23,MIN,WPG,0.476582,0.523418,WPG,1,MIN,0,0,REAL_NHL_API_OR_DERIVED_FROM_REAL
20222023,2022020310,2022-11-23,NYI,EDM,0.66188,0.33812,NYI,1,NYI,1,0,REAL_NHL_API_OR_DERIVED_FROM_REAL
20222023,2022020311,2022-11-23,DET,NSH,0.507126,0.492874,DET,1,DET,1,0,REAL_NHL_API_OR_DERIVED_FROM_REAL
20222023,2022020312,2022-11-23,WSH,PHI,0.545966,0.454034,WSH,1,WSH,1,0,REAL_NHL_API_OR_DERIVED_FROM_REAL
20222023,2022020313,2022-11-23,DAL,CHI,0.708026,0.291974,DAL,1,DAL,1,0,REAL_NHL_API_OR_DERIVED_FROM_REAL
20222023,2022020314,2022-11-23,ANA,NYR,0.497825,0.502175,NYR,1,ANA,0,0,REAL_NHL_API_OR_DERIVED_FROM_REAL
20222023,2022020315,2022-11-23,VGK,OTT,0.627484,0.372516,VGK,1,VGK,1,0,REAL_NHL_API_OR_DERIVED_FROM_REAL
20222023,2022020316,2022-11-23,SEA,SJS,0.580649,0.419351,SEA,1,SEA,1,0,REAL_NHL_API_OR_DERIVED_FROM_REAL
20222023,2022020317,2022-11-23,COL,VAN,0.56935,0.43065,COL,0,VAN,0,0,REAL_NHL_API_OR_DERIVED_FROM_REAL
20222023,2022020318,2022-11-25,BOS,CAR,0.491698,0.508302,CAR,1,BOS,0,0,REAL_NHL_API_OR_DERIVED_FROM_REAL
20222023,2022020319,2022-11-25,WSH,CGY,0.498268,0.501732,CGY,1,WSH,0,0,REAL_NHL_API_OR_DERIVED_FROM_REAL
20222023,2022020321,2022-11-25,CHI,MTL,0.49774,0.50226,MTL,0,MTL,1,0,REAL_NHL_API_OR_DERIVED_FROM_REAL
20222023,2022020322,2022-11-25,MIN,TOR,0.55082,0.44918,MIN,0,TOR,0,0,REAL_NHL_API_OR_DERIVED_FROM_REAL
20222023,2022020323,2022-11-25,ANA,OTT,0.552335,0.447665,ANA,0,OTT,0,0,REAL_NHL_API_OR_DERIVED_FROM_REAL
20222023,2022020324,2022-11-25,PHI,PIT,0.316685,0.683315,PIT,0,PIT,1,0,REAL_NHL_API_OR_DERIVED_FROM_REAL
20222023,2022020325,2022-11-25,DET,UTA,0.582112,0.417888,DET,1,DET,1,0,REAL_NHL_API_OR_DERIVED_FROM_REAL
20222023,2022020326,2022-11-25,CBJ,NYI,0.474768,0.525232,NYI,0,NYI,1,0,REAL_NHL_API_OR_DERIVED_FROM_REAL
20222023,2022020327,2022-11-25,BUF,NJD,0.569972,0.430028,BUF,0,NJD,0,0,REAL_NHL_API_OR_DERIVED_FROM_REAL
20222023,2022020328,2022-11-25,TBL,STL,0.537965,0.462035,TBL,1,TBL,1,0,REAL_NHL_API_OR_DERIVED_FROM_REAL
20222023,2022020329,2022-11-25,VGK,SEA,0.5629,0.4371,VGK,0,SEA,0,0,REAL_NHL_API_OR_DERIVED_FROM_REAL
20222023,2022020330,2022-11-25,DAL,WPG,0.623248,0.376752,DAL,0,WPG,0,0,REAL_NHL_API_OR_DERIVED_FROM_REAL
20222023,2022020331,2022-11-25,SJS,LAK,0.565653,0.434347,SJS,0,LAK,0,0,REAL_NHL_API_OR_DERIVED_FROM_REAL
20222023,2022020332,2022-11-26,NYR,EDM,0.621535,0.378465,NYR,0,EDM,0,0,REAL_NHL_API_OR_DERIVED_FROM_REAL
20222023,2022020333,2022-11-26,CAR,CGY,0.510681,0.489319,CAR,1,CAR,1,0,REAL_NHL_API_OR_DERIVED_FROM_REAL
20222023,2022020334,2022-11-26,FLA,STL,0.743584,0.256416,FLA,0,STL,0,0,REAL_NHL_API_OR_DERIVED_FROM_REAL
20222023,2022020335,2022-11-26,PIT,TOR,0.612722,0.387278,PIT,0,TOR,0,0,REAL_NHL_API_OR_DERIVED_FROM_REAL
20222023,2022020336,2022-11-26,NJD,WSH,0.564496,0.435504,NJD,1,NJD,1,0,REAL_NHL_API_OR_DERIVED_FROM_REAL
20222023,2022020337,2022-11-26,NYI,PHI,0.584451,0.415549,NYI,1,NYI,1,0,REAL_NHL_API_OR_DERIVED_FROM_REAL
20222023,2022020339,2022-11-26,COL,DAL,0.460726,0.539274,DAL,1,COL,0,0,REAL_NHL_API_OR_DERIVED_FROM_REAL
20222023,2022020340,2022-11-26,VGK,VAN,0.55199,0.44801,VGK,0,VAN,0,0,REAL_NHL_API_OR_DERIVED_FROM_REAL
20222023,2022020341,2022-11-27,MIN,UTA,0.574969,0.425031,MIN,1,MIN,1,0,REAL_NHL_API_OR_DERIVED_FROM_REAL
20222023,2022020342,2022-11-27,CHI,WPG,0.452113,0.547887,WPG,0,WPG,1,0,REAL_NHL_API_OR_DERIVED_FROM_REAL
20222023,2022020343,2022-11-27,ANA,SEA,0.254564,0.745436,SEA,0,SEA,1,0,REAL_NHL_API_OR_DERIVED_FROM_REAL
20222023,2022020344,2022-11-27,SJS,VAN,0.446716,0.553284,VAN,0,VAN,1,0,REAL_NHL_API_OR_DERIVED_FROM_REAL
20222023,2022020345,2022-11-27,LAK,OTT,0.585681,0.414319,LAK,0,OTT,0,0,REAL_NHL_API_OR_DERIVED_FROM_REAL
20222023,2022020346,2022-11-28,NYR,NJD,0.483702,0.516298,NJD,0,NJD,1,0,REAL_NHL_API_OR_DERIVED_FROM_REAL
20222023,2022020347,2022-11-28,BUF,TBL,0.472356,0.527644,TBL,0,TBL,1,0,REAL_NHL_API_OR_DERIVED_FROM_REAL
20222023,2022020348,2022-11-28,DET,TOR,0.365998,0.634002,TOR,0,TOR,1,0,REAL_NHL_API_OR_DERIVED_FROM_REAL
20222023,2022020349,2022-11-28,CBJ,VGK,0.516836,0.483164,CBJ,0,VGK,0,0,REAL_NHL_API_OR_DERIVED_FROM_REAL
20222023,2022020350,2022-11-28,STL,DAL,0.502039,0.497961,STL,0,DAL,0,0,REAL_NHL_API_OR_DERIVED_FROM_REAL
20222023,2022020351,2022-11-28,EDM,FLA,0.491787,0.508213,FLA,1,EDM,0,0,REAL_NHL_API_OR_DERIVED_FROM_REAL
20222023,2022020352,2022-11-29,PIT,CAR,0.584661,0.415339,PIT,0,CAR,0,0,REAL_NHL_API_OR_DERIVED_FROM_REAL
20222023,2022020353,2022-11-29,PHI,NYI,0.472693,0.527307,NYI,1,PHI,0,0,REAL_NHL_API_OR_DERIVED_FROM_REAL
20222023,2022020354,2022-11-29,MTL,SJS,0.509913,0.490087,MTL,0,SJS,0,0,REAL_NHL_API_OR_DERIVED_FROM_REAL
20222023,2022020355,2022-11-29,BOS,TBL,0.557081,0.442919,BOS,1,BOS,1,0,REAL_NHL_API_OR_DERIVED_FROM_REAL
20222023,2022020356,2022-11-29,NSH,ANA,0.630807,0.369193,NSH,1,NSH,1,0,REAL_NHL_API_OR_DERIVED_FROM_REAL
20222023,2022020357,2022-11-29,WPG,COL,0.493793,0.506207,COL,1,WPG,0,0,REAL_NHL_API_OR_DERIVED_FROM_REAL
20222023,2022020358,2022-11-29,CGY,FLA,0.53511,0.46489,CGY,1,CGY,1,0,REAL_NHL_API_OR_DERIVED_FROM_REAL
20222023,2022020359,2022-11-29,VAN,WSH,0.650041,0.349959,VAN,0,WSH,0,0,REAL_NHL_API_OR_DERIVED_FROM_REAL
20222023,2022020360,2022-11-29,LAK,SEA,0.278811,0.721189,SEA,0,SEA,1,0,REAL_NHL_API_OR_DERIVED_FROM_REAL
20222023,2022020361,2022-11-30,DET,BUF,0.548711,0.451289,DET,0,BUF,0,0,REAL_NHL_API_OR_DERIVED_FROM_REAL
20222023,2022020362,2022-11-30,OTT,NYR,0.490509,0.509491,NYR,0,NYR,1,0,REAL_NHL_API_OR_DERIVED_FROM_REAL
20222023,2022020363,2022-11-30,TOR,SJS,0.55834,0.44166,TOR,1,TOR,1,0,REAL_NHL_API_OR_DERIVED_FROM_REAL
20222023,2022020364,2022-11-30,CHI,EDM,0.491884,0.508116,EDM,0,EDM,1,0,REAL_NHL_API_OR_DERIVED_FROM_REAL
20222023,2022020365,2022-12-01,BUF,COL,0.563157,0.436843,BUF,0,COL,0,0,REAL_NHL_API_OR_DERIVED_FROM_REAL
20222023,2022020366,2022-12-01,NJD,NSH,0.545161,0.454839,NJD,0,NSH,0,0,REAL_NHL_API_OR_DERIVED_FROM_REAL
20222023,2022020367,2022-12-01,PHI,TBL,0.439732,0.560268,TBL,0,TBL,1,0,REAL_NHL_API_OR_DERIVED_FROM_REAL
20222023,2022020368,2022-12-01,PIT,VGK,0.568655,0.431345,PIT,1,PIT,1,0,REAL_NHL_API_OR_DERIVED_FROM_REAL
20222023,2022020369,2022-12-01,STL,CAR,0.742536,0.257464,STL,0,CAR,0,0,REAL_NHL_API_OR_DERIVED_FROM_REAL
20222023,2022020370,2022-12-01,MIN,EDM,0.58121,0.41879,MIN,1,MIN,1,0,REAL_NHL_API_OR_DERIVED_FROM_REAL
20222023,2022020371,2022-12-01,DAL,ANA,0.601779,0.398221,DAL,1,DAL,1,0,REAL_NHL_API_OR_DERIVED_FROM_REAL
20222023,2022020372,2022-12-01,CGY,MTL,0.58679,0.41321,CGY,0,MTL,0,0,REAL_NHL_API_OR_DERIVED_FROM_REAL
20222023,2022020373,2022-12-01,VAN,FLA,0.35822,0.64178,FLA,0,FLA,1,0,REAL_NHL_API_OR_DERIVED_FROM_REAL
20222023,2022020374,2022-12-01,SEA,WSH,0.655496,0.344504,SEA,1,SEA,1,0,REAL_NHL_API_OR_DERIVED_FROM_REAL
20222023,2022020375,2022-12-01,LAK,UTA,0.522742,0.477258,LAK,1,LAK,1,0,REAL_NHL_API_OR_DERIVED_FROM_REAL
20222023,2022020376,2022-12-02,NYR,OTT,0.611866,0.388134,NYR,0,OTT,0,0,REAL_NHL_API_OR_DERIVED_FROM_REAL
20222023,2022020377,2022-12-02,NYI,NSH,0.603324,0.396676,NYI,0,NSH,0,0,REAL_NHL_API_OR_DERIVED_FROM_REAL
20222023,2022020378,2022-12-02,WPG,CBJ,0.631469,0.368531,WPG,0,CBJ,0,0,REAL_NHL_API_OR_DERIVED_FROM_REAL
20222023,2022020379,2022-12-03,MIN,ANA,0.649079,0.350921,MIN,1,MIN,1,0,REAL_NHL_API_OR_DERIVED_FROM_REAL
20222023,2022020380,2022-12-03,BOS,COL,0.636704,0.363296,BOS,1,BOS,1,0,REAL_NHL_API_OR_DERIVED_FROM_REAL
20222023,2022020381,2022-12-03,EDM,MTL,0.598885,0.401115,EDM,1,EDM,1,0,REAL_NHL_API_OR_DERIVED_FROM_REAL
20222023,2022020382,2022-12-03,PHI,NJD,0.456971,0.543029,NJD,0,NJD,1,0,REAL_NHL_API_OR_DERIVED_FROM_REAL
20222023,2022020383,2022-12-03,OTT,SJS,0.525269,0.474731,OTT,1,OTT,1,0,REAL_NHL_API_OR_DERIVED_FROM_REAL
20222023,2022020384,2022-12-03,PIT,STL,0.689067,0.310933,PIT,1,PIT,1,0,REAL_NHL_API_OR_DERIVED_FROM_REAL
20222023,2022020385,2022-12-03,TBL,TOR,0.56454,0.43546,TBL,1,TBL,1,0,REAL_NHL_API_OR_DERIVED_FROM_REAL
20222023,2022020386,2022-12-03,DET,VGK,0.589986,0.410014,DET,0,VGK,0,0,REAL_NHL_API_OR_DERIVED_FROM_REAL
20222023,2022020387,2022-12-03,NYR,CHI,0.745624,0.254376,NYR,0,CHI,0,0,REAL_NHL_API_OR_DERIVED_FROM_REAL
20222023,2022020388,2022-12-03,VAN,UTA,0.548666,0.451334,VAN,1,VAN,1,0,REAL_NHL_API_OR_DERIVED_FROM_REAL
20222023,2022020389,2022-12-03,SEA,FLA,0.451721,0.548279,FLA,0,FLA,1,0,REAL_NHL_API_OR_DERIVED_FROM_REAL
20222023,2022020390,2022-12-03,CGY,WSH,0.694432,0.305568,CGY,1,CGY,1,0,REAL_NHL_API_OR_DERIVED_FROM_REAL
20222023,2022020391,2022-12-03,LAK,CAR,0.564214,0.435786,LAK,0,CAR,0,0,REAL_NHL_API_OR_DERIVED_FROM_REAL
20222023,2022020392,2022-12-04,WPG,ANA,0.633223,0.366777,WPG,1,WPG,1,0,REAL_NHL_API_OR_DERIVED_FROM_REAL
20222023,2022020393,2022-12-04,DAL,MIN,0.332538,0.667462,MIN,0,MIN,1,0,REAL_NHL_API_OR_DERIVED_FROM_REAL
20222023,2022020394,2022-12-04,CBJ,DET,0.554685,0.445315,CBJ,0,DET,0,0,REAL_NHL_API_OR_DERIVED_FROM_REAL
20222023,2022020395,2022-12-04,BUF,SJS,0.530864,0.469136,BUF,1,BUF,1,0,REAL_NHL_API_OR_DERIVED_FROM_REAL
20222023,2022020396,2022-12-04,NYI,CHI,0.571286,0.428714,NYI,1,NYI,1,0,REAL_NHL_API_OR_DERIVED_FROM_REAL
20222023,2022020397,2022-12-05,PHI,COL,0.421276,0.578724,COL,1,PHI,0,0,REAL_NHL_API_OR_DERIVED_FROM_REAL
20222023,2022020398,2022-12-05,NYR,STL,0.557868,0.442132,NYR,1,NYR,1,0,REAL_NHL_API_OR_DERIVED_FROM_REAL
20222023,2022020399,2022-12-05,BOS,VGK,0.644216,0.355784,BOS,0,VGK,0,0,REAL_NHL_API_OR_DERIVED_FROM_REAL
20222023,2022020400,2022-12-05,EDM,WSH,0.615325,0.384675,EDM,0,WSH,0,0,REAL_NHL_API_OR_DERIVED_FROM_REAL
20222023,2022020401,2022-12-05,CGY,UTA,0.549765,0.450235,CGY,1,CGY,1,0,REAL_NHL_API_OR_DERIVED_FROM_REAL
20222023,2022020402,2022-12-05,VAN,MTL,0.435868,0.564132,MTL,1,VAN,0,0,REAL_NHL_API_OR_DERIVED_FROM_REAL
20222023,2022020403,2022-12-06,NJD,CHI,0.612928,0.387072,NJD,1,NJD,1,0,REAL_NHL_API_OR_DERIVED_FROM_REAL
20222023,2022020404,2022-12-06,PIT,CBJ,0.582957,0.417043,PIT,1,PIT,1,0,REAL_NHL_API_OR_DERIVED_FROM_REAL
20222023,2022020405,2022-12-06,TBL,DET,0.623115,0.376885,TBL,0,DET,0,0,REAL_NHL_API_OR_DERIVED_FROM_REAL
20222023,2022020406,2022-12-06,OTT,LAK,0.364717,0.635283,LAK,0,LAK,1,0,REAL_NHL_API_OR_DERIVED_FROM_REAL
20222023,2022020407,2022-12-06,NYI,STL,0.547815,0.452185,NYI,0,STL,0,0,REAL_NHL_API_OR_DERIVED_FROM_REAL
20222023,2022020408,2022-12-06,WPG,FLA,0.724029,0.275971,WPG,1,WPG,1,0,REAL_NHL_API_OR_DERIVED_FROM_REAL
20222023,2022020409,2022-12-06,DAL,TOR,0.464556,0.535444,TOR,0,TOR,1,0,REAL_NHL_API_OR_DERIVED_FROM_REAL
20222023,2022020410,2022-12-06,ANA,CAR,0.467005,0.532995,CAR,1,ANA,0,0,REAL_NHL_API_OR_DERIVED_FROM_REAL
20222023,2022020411,2022-12-06,SEA,MTL,0.662494,0.337506,SEA,0,MTL,0,0,REAL_NHL_API_OR_DERIVED_FROM_REAL
20222023,2022020412,2022-12-07,CBJ,BUF,0.355406,0.644594,BUF,0,BUF,1,0,REAL_NHL_API_OR_DERIVED_FROM_REAL
20222023,2022020413,2022-12-07,PHI,WSH,0.563337,0.436663,PHI,0,WSH,0,0,REAL_NHL_API_OR_DERIVED_FROM_REAL
20222023,2022020414,2022-12-07,CGY,MIN,0.571366,0.428634,CGY,1,CGY,1,0,REAL_NHL_API_OR_DERIVED_FROM_REAL
20222023,2022020415,2022-12-07,COL,BOS,0.4951,0.5049,BOS,0,BOS,1,0,REAL_NHL_API_OR_DERIVED_FROM_REAL
20222023,2022020416,2022-12-07,EDM,UTA,0.601638,0.398362,EDM,1,EDM,1,0,REAL_NHL_API_OR_DERIVED_FROM_REAL
20222023,2022020417,2022-12-07,VGK,NYR,0.539873,0.460127,VGK,0,NYR,0,0,REAL_NHL_API_OR_DERIVED_FROM_REAL
20222023,2022020418,2022-12-07,SJS,VAN,0.43951,0.56049,VAN,0,VAN,1,0,REAL_NHL_API_OR_DERIVED_FROM_REAL
20222023,2022020419,2022-12-08,FLA,DET,0.540766,0.459234,FLA,1,FLA,1,0,REAL_NHL_API_OR_DERIVED_FROM_REAL
20222023,2022020420,2022-12-08,TOR,LAK,0.539717,0.460283,TOR,1,TOR,1,0,REAL_NHL_API_OR_DERIVED_FROM_REAL
20222023,2022020421,2022-12-08,TBL,NSH,0.557349,0.442651,TBL,1,TBL,1,0,REAL_NHL_API_OR_DERIVED_FROM_REAL
20222023,2022020422,2022-12-08,STL,WPG,0.43599,0.56401,WPG,0,WPG,1,0,REAL_NHL_API_OR_DERIVED_FROM_REAL
20222023,2022020423,2022-12-08,DAL,OTT,0.498263,0.501737,OTT,1,DAL,0,0,REAL_NHL_API_OR_DERIVED_FROM_REAL
20222023,2022020424,2022-12-09,CBJ,CGY,0.261371,0.738629,CGY,1,CBJ,0,0,REAL_NHL_API_OR_DERIVED_FROM_REAL
20222023,2022020425,2022-12-09,NJD,NYI,0.421111,0.578889,NYI,0,NYI,1,0,REAL_NHL_API_OR_DERIVED_FROM_REAL
20222023,2022020426,2022-12-09,BUF,PIT,0.594591,0.405409,BUF,0,PIT,0,0,REAL_NHL_API_OR_DERIVED_FROM_REAL
20222023,2022020427,2022-12-09,WSH,SEA,0.488824,0.511176,SEA,1,WSH,0,0,REAL_NHL_API_OR_DERIVED_FROM_REAL
20222023,2022020428,2022-12-09,CHI,WPG,0.431312,0.568688,WPG,0,WPG,1,0,REAL_NHL_API_OR_DERIVED_FROM_REAL
20222023,2022020429,2022-12-09,EDM,MIN,0.57772,0.42228,EDM,1,EDM,1,0,REAL_NHL_API_OR_DERIVED_FROM_REAL
20222023,2022020430,2022-12-09,COL,NYR,0.477888,0.522112,NYR,0,NYR,1,0,REAL_NHL_API_OR_DERIVED_FROM_REAL
20222023,2022020431,2022-12-09,UTA,BOS,0.451696,0.548304,BOS,1,UTA,0,0,REAL_NHL_API_OR_DERIVED_FROM_REAL
20222023,2022020432,2022-12-09,VGK,PHI,0.540017,0.459983,VGK,1,VGK,1,0,REAL_NHL_API_OR_DERIVED_FROM_REAL
20222023,2022020433,2022-12-09,ANA,SJS,0.413968,0.586032,SJS,0,SJS,1,0,REAL_NHL_API_OR_DERIVED_FROM_REAL
20222023,2022020434,2022-12-10,NSH,OTT,0.587655,0.412345,NSH,0,OTT,0,0,REAL_NHL_API_OR_DERIVED_FROM_REAL
20222023,2022020435,2022-12-10,DAL,DET,0.59016,0.40984,DAL,1,DAL,1,0,REAL_NHL_API_OR_DERIVED_FROM_REAL
20222023,2022020436,2022-12-10,TBL,FLA,0.559184,0.440816,TBL,1,TBL,1,0,REAL_NHL_API_OR_DERIVED_FROM_REAL
20222023,2022020437,2022-12-10,PIT,BUF,0.572838,0.427162,PIT,1,PIT,1,0,REAL_NHL_API_OR_DERIVED_FROM_REAL
20222023,2022020438,2022-12-10,TOR,CGY,0.479501,0.520499,CGY,1,TOR,0,0,REAL_NHL_API_OR_DERIVED_FROM_REAL
20222023,2022020439,2022-12-10,MTL,LAK,0.450101,0.549899,LAK,0,LAK,1,0,REAL_NHL_API_OR_DERIVED_FROM_REAL
20222023,2022020440,2022-12-10,NYI,CAR,0.52628,0.47372,NYI,0,CAR,0,0,REAL_NHL_API_OR_DERIVED_FROM_REAL
20222023,2022020441,2022-12-10,VAN,MIN,0.371892,0.628108,MIN,0,MIN,1,0,REAL_NHL_API_OR_DERIVED_FROM_REAL
20222023,2022020442,2022-12-11,STL,COL,0.505781,0.494219,STL,0,COL,0,0,REAL_NHL_API_OR_DERIVED_FROM_REAL
20222023,2022020443,2022-12-11,CBJ,LAK,0.488037,0.511963,LAK,1,CBJ,0,0,REAL_NHL_API_OR_DERIVED_FROM_REAL
20222023,2022020444,2022-12-11,FLA,SEA,0.559583,0.440417,FLA,0,SEA,0,0,REAL_NHL_API_OR_DERIVED_FROM_REAL
20222023,2022020445,2022-12-11,UTA,PHI,0.566218,0.433782,UTA,1,UTA,1,0,REAL_NHL_API_OR_DERIVED_FROM_REAL
20222023,2022020446,2022-12-11,WPG,WSH,0.584254,0.415746,WPG,0,WSH,0,0,REAL_NHL_API_OR_DERIVED_FROM_REAL
20222023,2022020447,2022-12-11,VGK,BOS,0.443215,0.556785,BOS,0,BOS,1,0,REAL_NHL_API_OR_DERIVED_FROM_REAL
20222023,2022020448,2022-12-12,MTL,CGY,0.473396,0.526604,CGY,1,MTL,0,0,REAL_NHL_API_OR_DERIVED_FROM_REAL
20222023,2022020449,2022-12-12,PIT,DAL,0.582433,0.417567,PIT,1,PIT,1,0,REAL_NHL_API_OR_DERIVED_FROM_REAL
20222023,2022020450,2022-12-12,NYR,NJD,0.547584,0.452416,NYR,1,NYR,1,0,REAL_NHL_API_OR_DERIVED_FROM_REAL
20222023,2022020451,2022-12-12,OTT,ANA,0.619076,0.380924,OTT,1,OTT,1,0,REAL_NHL_API_OR_DERIVED_FROM_REAL
20222023,2022020452,2022-12-12,MIN,EDM,0.476112,0.523888,EDM,1,MIN,0,0,REAL_NHL_API_OR_DERIVED_FROM_REAL
20222023,2022020453,2022-12-12,STL,NSH,0.402541,0.597459,NSH,1,STL,0,0,REAL_NHL_API_OR_DERIVED_FROM_REAL
20222023,2022020454,2022-12-13,TOR,ANA,0.807915,0.192085,TOR,1,TOR,1,0,REAL_NHL_API_OR_DERIVED_FROM_REAL
20222023,2022020455,2022-12-13,FLA,CBJ,0.573714,0.426286,FLA,1,FLA,1,0,REAL_NHL_API_OR_DERIVED_FROM_REAL
20222023,2022020456,2022-12-13,NJD,DAL,0.556966,0.443034,NJD,0,DAL,0,0,REAL_NHL_API_OR_DERIVED_FROM_REAL
20222023,2022020457,2022-12-13,BUF,LAK,0.565786,0.434214,BUF,1,BUF,1,0,REAL_NHL_API_OR_DERIVED_FROM_REAL
20222023,2022020458,2022-12-13,BOS,NYI,0.597399,0.402601,BOS,1,BOS,1,0,REAL_NHL_API_OR_DERIVED_FROM_REAL
20222023,2022020459,2022-12-13,TBL,SEA,0.779414,0.220586,TBL,1,TBL,1,0,REAL_NHL_API_OR_DERIVED_FROM_REAL
20222023,2022020460,2022-12-13,DET,CAR,0.483636,0.516364,CAR,0,CAR,1,0,REAL_NHL_API_OR_DERIVED_FROM_REAL
20222023,2022020461,2022-12-13,NSH,EDM,0.50572,0.49428,NSH,0,EDM,0,0,REAL_NHL_API_OR_DERIVED_FROM_REAL
20222023,2022020462,2022-12-13,WPG,VGK,0.670318,0.329682,WPG,0,VGK,0,0,REAL_NHL_API_OR_DERIVED_FROM_REAL
20222023,2022020463,2022-12-13,CHI,WSH,0.486175,0.513825,WSH,0,WSH,1,0,REAL_NHL_API_OR_DERIVED_FROM_REAL
20222023,2022020464,2022-12-13,COL,PHI,0.53983,0.46017,COL,1,COL,1,0,REAL_NHL_API_OR_DERIVED_FROM_REAL
20222023,2022020465,2022-12-13,SJS,UTA,0.539501,0.460499,SJS,1,SJS,1,0,REAL_NHL_API_OR_DERIVED_FROM_REAL
20222023,2022020466,2022-12-14,OTT,MTL,0.549145,0.450855,OTT,1,OTT,1,0,REAL_NHL_API_OR_DERIVED_FROM_REAL
20222023,2022020467,2022-12-14,MIN,DET,0.609772,0.390228,MIN,1,MIN,1,0,REAL_NHL_API_OR_DERIVED_FROM_REAL
20222023,2022020468,2022-12-14,CGY,VAN,0.629021,0.370979,CGY,0,VAN,0,0,REAL_NHL_API_OR_DERIVED_FROM_REAL
20222023,2022020469,2022-12-15,MTL,ANA,0.601635,0.398365,MTL,0,ANA,0,0,REAL_NHL_API_OR_DERIVED_FROM_REAL
20222023,2022020470,2022-12-15,TBL,CBJ,0.6167,0.3833,TBL,1,TBL,1,0,REAL_NHL_API_OR_DERIVED_FROM_REAL
20222023,2022020471,2022-12-15,WSH,DAL,0.649626,0.350374,WSH,0,DAL,0,0,REAL_NHL_API_OR_DERIVED_FROM_REAL
20222023,2022020472,2022-12-15,BOS,LAK,0.61026,0.38974,BOS,0,LAK,0,0,REAL_NHL_API_OR_DERIVED_FROM_REAL
20222023,2022020473,2022-12-15,NJD,PHI,0.56226,0.43774,NJD,0,PHI,0,0,REAL_NHL_API_OR_DERIVED_FROM_REAL
20222023,2022020474,2022-12-15,FLA,PIT,0.68435,0.31565,FLA,0,PIT,0,0,REAL_NHL_API_OR_DERIVED_FROM_REAL
20222023,2022020475,2022-12-15,CAR,SEA,0.60723,0.39277,CAR,1,CAR,1,0,REAL_NHL_API_OR_DERIVED_FROM_REAL
20222023,2022020476,2022-12-15,NYR,TOR,0.504552,0.495448,NYR,1,NYR,1,0,REAL_NHL_API_OR_DERIVED_FROM_REAL
20222023,2022020477,2022-12-15,WPG,NSH,0.614259,0.385741,WPG,1,WPG,1,0,REAL_NHL_API_OR_DERIVED_FROM_REAL
20222023,2022020478,2022-12-15,CHI,VGK,0.517257,0.482743,CHI,0,VGK,0,0,REAL_NHL_API_OR_DERIVED_FROM_REAL
20222023,2022020479,2022-12-15,COL,BUF,0.359329,0.640671,BUF,0,BUF,1,0,REAL_NHL_API_OR_DERIVED_FROM_REAL
20222023,2022020480,2022-12-15,EDM,STL,0.649013,0.350987,EDM,0,STL,0,0,REAL_NHL_API_OR_DERIVED_FROM_REAL
20222023,2022020481,2022-12-16,MIN,CHI,0.653409,0.346591,MIN,1,MIN,1,0,REAL_NHL_API_OR_DERIVED_FROM_REAL
20222023,2022020482,2022-12-16,CGY,STL,0.549948,0.450052,CGY,0,STL,0,0,REAL_NHL_API_OR_DERIVED_FROM_REAL
20222023,2022020483,2022-12-16,UTA,NYI,0.5246,0.4754,UTA,1,UTA,1,0,REAL_NHL_API_OR_DERIVED_FROM_REAL
20222023,2022020484,2022-12-17,BOS,CBJ,0.559916,0.440084,BOS,1,BOS,1,0,REAL_NHL_API_OR_DERIVED_FROM_REAL
20222023,2022020485,2022-12-17,DET,OTT,0.503699,0.496301,DET,0,OTT,0,0,REAL_NHL_API_OR_DERIVED_FROM_REAL
20222023,2022020486,2022-12-17,EDM,ANA,0.693875,0.306125,EDM,0,ANA,0,0,REAL_NHL_API_OR_DERIVED_FROM_REAL
20222023,2022020487,2022-12-17,CAR,DAL,0.518972,0.481028,CAR,1,CAR,1,0,REAL_NHL_API_OR_DERIVED_FROM_REAL
20222023,2022020488,2022-12-17,NJD,FLA,0.493302,0.506698,FLA,0,FLA,1,0,REAL_NHL_API_OR_DERIVED_FROM_REAL
20222023,2022020489,2022-12-17,PHI,NYR,0.471025,0.528975,NYR,0,NYR,1,0,REAL_NHL_API_OR_DERIVED_FROM_REAL
20222023,2022020490,2022-12-17,MTL,TBL,0.421149,0.578851,TBL,0,TBL,1,0,REAL_NHL_API_OR_DERIVED_FROM_REAL
20222023,2022020491,2022-12-17,WSH,TOR,0.490952,0.509048,TOR,1,WSH,0,0,REAL_NHL_API_OR_DERIVED_FROM_REAL
20222023,2022020492,2022-12-17,UTA,BUF,0.41122,0.58878,BUF,0,BUF,1,0,REAL_NHL_API_OR_DERIVED_FROM_REAL
20222023,2022020493,2022-12-17,COL,NSH,0.537229,0.462771,COL,1,COL,1,0,REAL_NHL_API_OR_DERIVED_FROM_REAL
20222023,2022020494,2022-12-17,VGK,NYI,0.709493,0.290507,VGK,0,NYI,0,0,REAL_NHL_API_OR_DERIVED_FROM_REAL
20222023,2022020495,2022-12-17,VAN,WPG,0.4705,0.5295,WPG,0,WPG,1,0,REAL_NHL_API_OR_DERIVED_FROM_REAL
20222023,2022020496,2022-12-17,LAK,SJS,0.482445,0.517555,SJS,1,LAK,0,0,REAL_NHL_API_OR_DERIVED_FROM_REAL
20222023,2022020497,2022-12-18,MIN,OTT,0.557067,0.442933,MIN,1,MIN,1,0,REAL_NHL_API_OR_DERIVED_FROM_REAL
20222023,2022020498,2022-12-18,CAR,PIT,0.528538,0.471462,CAR,1,CAR,1,0,REAL_NHL_API_OR_DERIVED_FROM_REAL
20222023,2022020499,2022-12-18,CHI,NYR,0.345611,0.654389,NYR,0,NYR,1,0,REAL_NHL_API_OR_DERIVED_FROM_REAL
20222023,2022020500,2022-12-18,SEA,WPG,0.491419,0.508581,WPG,1,SEA,0,0,REAL_NHL_API_OR_DERIVED_FROM_REAL
20222023,2022020501,2022-12-18,SJS,CGY,0.572355,0.427645,SJS,0,CGY,0,0,REAL_NHL_API_OR_DERIVED_FROM_REAL
20222023,2022020502,2022-12-19,CBJ,DAL,0.567055,0.432945,CBJ,0,DAL,0,0,REAL_NHL_API_OR_DERIVED_FROM_REAL
20222023,2022020503,2022-12-19,WSH,DET,0.673197,0.326803,WSH,1,WSH,1,0,REAL_NHL_API_OR_DERIVED_FROM_REAL
20222023,2022020504,2022-12-19,BOS,FLA,0.568558,0.431442,BOS,1,BOS,1,0,REAL_NHL_API_OR_DERIVED_FROM_REAL
20222023,2022020505,2022-12-19,NSH,EDM,0.491904,0.508096,EDM,1,NSH,0,0,REAL_NHL_API_OR_DERIVED_FROM_REAL
20222023,2022020506,2022-12-19,COL,NYI,0.535917,0.464083,COL,1,COL,1,0,REAL_NHL_API_OR_DERIVED_FROM_REAL
20222023,2022020507,2022-12-19,VGK,BUF,0.491378,0.508622,BUF,0,BUF,1,0,REAL_NHL_API_OR_DERIVED_FROM_REAL
20222023,2022020508,2022-12-19,UTA,MTL,0.609835,0.390165,UTA,0,MTL,0,0,REAL_NHL_API_OR_DERIVED_FROM_REAL
20222023,2022020509,2022-12-19,VAN,STL,0.506943,0.493057,VAN,0,STL,0,0,REAL_NHL_API_OR_DERIVED_FROM_REAL
20222023,2022020510,2022-12-20,PHI,CBJ,0.548148,0.451852,PHI,1,PHI,1,0,REAL_NHL_API_OR_DERIVED_FROM_REAL
20222023,2022020511,2022-12-20,PIT,NYR,0.503027,0.496973,PIT,1,PIT,1,0,REAL_NHL_API_OR_DERIVED_FROM_REAL
20222023,2022020512,2022-12-20,CAR,NJD,0.769284,0.230716,CAR,1,CAR,1,0,REAL_NHL_API_OR_DERIVED_FROM_REAL
20222023,2022020513,2022-12-20,TOR,TBL,0.475558,0.524442,TBL,1,TOR,0,0,REAL_NHL_API_OR_DERIVED_FROM_REAL
20222023,2022020514,2022-12-20,WPG,OTT,0.526558,0.473442,WPG,1,WPG,1,0,REAL_NHL_API_OR_DERIVED_FROM_REAL
20222023,2022020515,2022-12-20,SEA,STL,0.503145,0.496855,SEA,1,SEA,1,0,REAL_NHL_API_OR_DERIVED_FROM_REAL
20222023,2022020516,2022-12-20,LAK,ANA,0.562645,0.437355,LAK,1,LAK,1,0,REAL_NHL_API_OR_DERIVED_FROM_REAL
20222023,2022020517,2022-12-20,SJS,CGY,0.537421,0.462579,SJS,0,CGY,0,0,REAL_NHL_API_OR_DERIVED_FROM_REAL
20222023,2022020518,2022-12-21,FLA,NJD,0.614518,0.385482,FLA,0,NJD,0,0,REAL_NHL_API_OR_DERIVED_FROM_REAL
20222023,2022020519,2022-12-21,DET,TBL,0.408029,0.591971,TBL,1,DET,0,0,REAL_NHL_API_OR_DERIVED_FROM_REAL
20222023,2022020520,2022-12-21,COL,MTL,0.614244,0.385756,COL,1,COL,1,0,REAL_NHL_API_OR_DERIVED_FROM_REAL
20222023,2022020521,2022-12-21,CHI,NSH,0.422706,0.577294,NSH,0,NSH,1,0,REAL_NHL_API_OR_DERIVED_FROM_REAL
20222023,2022020522,2022-12-21,DAL,EDM,0.541701,0.458299,DAL,0,EDM,0,0,REAL_NHL_API_OR_DERIVED_FROM_REAL
20222023,2022020523,2022-12-21,VGK,UTA,0.529396,0.470604,VGK,1,VGK,1,0,REAL_NHL_API_OR_DERIVED_FROM_REAL
20222023,2022020524,2022-12-21,ANA,MIN,0.428299,0.571701,MIN,0,MIN,1,0,REAL_NHL_API_OR_DERIVED_FROM_REAL
20222023,2022020525,2022-12-22,TOR,PHI,0.606952,0.393048,TOR,1,TOR,1,0,REAL_NHL_API_OR_DERIVED_FROM_REAL
20222023,2022020526,2022-12-22,PIT,CAR,0.606705,0.393295,PIT,0,CAR,0,0,REAL_NHL_API_OR_DERIVED_FROM_REAL
20222023,2022020527,2022-12-22,NYR,NYI,0.625888,0.374112,NYR,1,NYR,1,0,REAL_NHL_API_OR_DERIVED_FROM_REAL
20222023,2022020528,2022-12-22,OTT,WSH,0.459288,0.540712,WSH,0,WSH,1,0,REAL_NHL_API_OR_DERIVED_FROM_REAL
20222023,2022020529,2022-12-22,BOS,WPG,0.56448,0.43552,BOS,1,BOS,1,0,REAL_NHL_API_OR_DERIVED_FROM_REAL
20222023,2022020530,2022-12-22,VAN,SEA,0.525769,0.474231,VAN,1,VAN,1,0,REAL_NHL_API_OR_DERIVED_FROM_REAL
20222023,2022020531,2022-12-22,LAK,CGY,0.48055,0.51945,CGY,1,LAK,0,0,REAL_NHL_API_OR_DERIVED_FROM_REAL
20222023,2022020532,2022-12-22,SJS,MIN,0.466404,0.533596,MIN,1,SJS,0,0,REAL_NHL_API_OR_DERIVED_FROM_REAL
20222023,2022020533,2022-12-23,NJD,BOS,0.20845,0.79155,BOS,0,BOS,1,0,REAL_NHL_API_OR_DERIVED_FROM_REAL
20222023,2022020535,2022-12-23,CAR,PHI,0.629405,0.370595,CAR,1,CAR,1,0,REAL_NHL_API_OR_DERIVED_FROM_REAL
20222023,2022020537,2022-12-23,WSH,WPG,0.607494,0.392506,WSH,1,WSH,1,0,REAL_NHL_API_OR_DERIVED_FROM_REAL
20222023,2022020538,2022-12-23,NYI,FLA,0.579418,0.420582,NYI,1,NYI,1,0,REAL_NHL_API_OR_DERIVED_FROM_REAL
20222023,2022020539,2022-12-23,NSH,COL,0.594055,0.405945,NSH,0,COL,0,0,REAL_NHL_API_OR_DERIVED_FROM_REAL
20222023,2022020540,2022-12-23,CHI,CBJ,0.710803,0.289197,CHI,1,CHI,1,0,REAL_NHL_API_OR_DERIVED_FROM_REAL
20222023,2022020541,2022-12-23,DAL,MTL,0.607275,0.392725,DAL,1,DAL,1,0,REAL_NHL_API_OR_DERIVED_FROM_REAL
20222023,2022020542,2022-12-23,EDM,VAN,0.621855,0.378145,EDM,0,VAN,0,0,REAL_NHL_API_OR_DERIVED_FROM_REAL
20222023,2022020543,2022-12-23,UTA,LAK,0.580488,0.419512,UTA,1,UTA,1,0,REAL_NHL_API_OR_DERIVED_FROM_REAL
20222023,2022020544,2022-12-23,ANA,CGY,0.427601,0.572399,CGY,0,CGY,1,0,REAL_NHL_API_OR_DERIVED_FROM_REAL
20222023,2022020545,2022-12-23,VGK,STL,0.565257,0.434743,VGK,1,VGK,1,0,REAL_NHL_API_OR_DERIVED_FROM_REAL
20222023,2022020546,2022-12-27,OTT,BOS,0.448594,0.551406,BOS,1,OTT,0,0,REAL_NHL_API_OR_DERIVED_FROM_REAL
20222023,2022020548,2022-12-27,CAR,CHI,0.66149,0.33851,CAR,1,CAR,1,0,REAL_NHL_API_OR_DERIVED_FROM_REAL
20222023,2022020549,2022-12-27,NYR,WSH,0.569158,0.430842,NYR,0,WSH,0,0,REAL_NHL_API_OR_DERIVED_FROM_REAL
20222023,2022020550,2022-12-27,NYI,PIT,0.555738,0.444262,NYI,1,NYI,1,0,REAL_NHL_API_OR_DERIVED_FROM_REAL
20222023,2022020551,2022-12-27,NSH,DAL,0.528528,0.471472,NSH,0,DAL,0,0,REAL_NHL_API_OR_DERIVED_FROM_REAL
20222023,2022020552,2022-12-27,WPG,MIN,0.537321,0.462679,WPG,0,MIN,0,0,REAL_NHL_API_OR_DERIVED_FROM_REAL
20222023,2022020553,2022-12-27,STL,TOR,0.536768,0.463232,STL,0,TOR,0,0,REAL_NHL_API_OR_DERIVED_FROM_REAL
20222023,2022020554,2022-12-27,UTA,COL,0.513843,0.486157,UTA,1,UTA,1,0,REAL_NHL_API_OR_DERIVED_FROM_REAL
20222023,2022020555,2022-12-27,CGY,EDM,0.57103,0.42897,CGY,0,EDM,0,0,REAL_NHL_API_OR_DERIVED_FROM_REAL
20222023,2022020556,2022-12-27,VAN,SJS,0.512392,0.487608,VAN,1,VAN,1,0,REAL_NHL_API_OR_DERIVED_FROM_REAL
20222023,2022020557,2022-12-27,LAK,VGK,0.5384,0.4616,LAK,1,LAK,1,0,REAL_NHL_API_OR_DERIVED_FROM_REAL
20222023,2022020558,2022-12-28,NJD,BOS,0.374191,0.625809,BOS,0,BOS,1,0,REAL_NHL_API_OR_DERIVED_FROM_REAL
20222023,2022020559,2022-12-28,TBL,MTL,0.673976,0.326024,TBL,1,TBL,1,0,REAL_NHL_API_OR_DERIVED_FROM_REAL
20222023,2022020560,2022-12-28,PIT,DET,0.715079,0.284921,PIT,0,DET,0,0,REAL_NHL_API_OR_DERIVED_FROM_REAL
20222023,2022020561,2022-12-28,SEA,CGY,0.500951,0.499049,SEA,0,CGY,0,0,REAL_NHL_API_OR_DERIVED_FROM_REAL
20222023,2022020562,2022-12-28,ANA,VGK,0.679921,0.320079,ANA,1,ANA,1,0,REAL_NHL_API_OR_DERIVED_FROM_REAL
20222023,2022020563,2022-12-29,BUF,DET,0.572829,0.427171,BUF,1,BUF,1,0,REAL_NHL_API_OR_DERIVED_FROM_REAL
20222023,2022020564,2022-12-29,FLA,MTL,0.678267,0.321733,FLA,1,FLA,1,0,REAL_NHL_API_OR_DERIVED_FROM_REAL
20222023,2022020565,2022-12-29,TBL,NYR,0.554558,0.445442,TBL,1,TBL,1,0,REAL_NHL_API_OR_DERIVED_FROM_REAL
20222023,2022020566,2022-12-29,WSH,OTT,0.632481,0.367519,WSH,0,OTT,0,0,REAL_NHL_API_OR_DERIVED_FROM_REAL
20222023,2022020567,2022-12-29,NYI,CBJ,0.679416,0.320584,NYI,1,NYI,1,0,REAL_NHL_API_OR_DERIVED_FROM_REAL
20222023,2022020568,2022-12-29,STL,CHI,0.615545,0.384455,STL,1,STL,1,0,REAL_NHL_API_OR_DERIVED_FROM_REAL
20222023,2022020569,2022-12-29,MIN,DAL,0.566776,0.433224,MIN,0,DAL,0,0,REAL_NHL_API_OR_DERIVED_FROM_REAL
20222023,2022020570,2022-12-29,WPG,VAN,0.497547,0.502453,VAN,1,WPG,0,0,REAL_NHL_API_OR_DERIVED_FROM_REAL
20222023,2022020571,2022-12-29,COL,LAK,0.51033,0.48967,COL,0,LAK,0,0,REAL_NHL_API_OR_DERIVED_FROM_REAL
20222023,2022020572,2022-12-29,UTA,TOR,0.508943,0.491057,UTA,1,UTA,1,0,REAL_NHL_API_OR_DERIVED_FROM_REAL
20222023,2022020573,2022-12-29,SJS,PHI,0.533563,0.466437,SJS,0,PHI,0,0,REAL_NHL_API_OR_DERIVED_FROM_REAL
20222023,2022020574,2022-12-30,ANA,NSH,0.443053,0.556947,NSH,0,NSH,1,0,REAL_NHL_API_OR_DERIVED_FROM_REAL
20222023,2022020575,2022-12-30,CAR,FLA,0.538674,0.461326,CAR,1,CAR,1,0,REAL_NHL_API_OR_DERIVED_FROM_REAL
20222023,2022020576,2022-12-30,PIT,NJD,0.563265,0.436735,PIT,0,NJD,0,0,REAL_NHL_API_OR_DERIVED_FROM_REAL
20222023,2022020577,2022-12-30,SEA,EDM,0.419641,0.580359,EDM,0,EDM,1,0,REAL_NHL_API_OR_DERIVED_FROM_REAL
20222023,2022020578,2022-12-31,BOS,BUF,0.558849,0.441151,BOS,0,BUF,0,0,REAL_NHL_API_OR_DERIVED_FROM_REAL
20222023,2022020579,2022-12-31,VGK,NSH,0.479824,0.520176,NSH,1,VGK,0,0,REAL_NHL_API_OR_DERIVED_FROM_REAL
20222023,2022020580,2022-12-31,WSH,MTL,0.661942,0.338058,WSH,1,WSH,1,0,REAL_NHL_API_OR_DERIVED_FROM_REAL
20222023,2022020581,2022-12-31,LAK,PHI,0.519022,0.480978,LAK,0,PHI,0,0,REAL_NHL_API_OR_DERIVED_FROM_REAL
20222023,2022020582,2022-12-31,TBL,UTA,0.596372,0.403628,TBL,1,TBL,1,0,REAL_NHL_API_OR_DERIVED_FROM_REAL
20222023,2022020583,2022-12-31,CBJ,CHI,0.545056,0.454944,CBJ,1,CBJ,1,0,REAL_NHL_API_OR_DERIVED_FROM_REAL
20222023,2022020584,2022-12-31,DET,OTT,0.570028,0.429972,DET,1,DET,1,0,REAL_NHL_API_OR_DERIVED_FROM_REAL
20222023,2022020585,2022-12-31,COL,TOR,0.300575,0.699425,TOR,0,TOR,1,0,REAL_NHL_API_OR_DERIVED_FROM_REAL
20222023,2022020586,2022-12-31,DAL,SJS,0.605851,0.394149,DAL,1,DAL,1,0,REAL_NHL_API_OR_DERIVED_FROM_REAL
20222023,2022020587,2022-12-31,CGY,VAN,0.581784,0.418216,CGY,1,CGY,1,0,REAL_NHL_API_OR_DERIVED_FROM_REAL
20222023,2022020588,2022-12-31,EDM,WPG,0.539992,0.460008,EDM,0,WPG,0,0,REAL_NHL_API_OR_DERIVED_FROM_REAL
20222023,2022020589,2022-12-31,STL,MIN,0.555913,0.444087,STL,0,MIN,0,0,REAL_NHL_API_OR_DERIVED_FROM_REAL
20222023,2022020590,2023-01-01,NJD,CAR,0.419649,0.580351,CAR,0,CAR,1,0,REAL_NHL_API_OR_DERIVED_FROM_REAL
20222023,2022020591,2023-01-01,FLA,NYR,0.540616,0.459384,FLA,0,NYR,0,0,REAL_NHL_API_OR_DERIVED_FROM_REAL
20222023,2022020592,2023-01-01,OTT,BUF,0.439845,0.560155,BUF,1,OTT,0,0,REAL_NHL_API_OR_DERIVED_FROM_REAL
20222023,2022020593,2023-01-01,CHI,SJS,0.528817,0.471183,CHI,0,SJS,0,0,REAL_NHL_API_OR_DERIVED_FROM_REAL
20222023,2022020594,2023-01-01,SEA,NYI,0.484581,0.515419,NYI,1,SEA,0,0,REAL_NHL_API_OR_DERIVED_FROM_REAL
20222023,2022020595,2023-01-02,BOS,PIT,0.774127,0.225873,BOS,1,BOS,1,0,REAL_NHL_API_OR_DERIVED_FROM_REAL
20222023,2022020596,2023-01-02,COL,VGK,0.421665,0.578335,VGK,0,VGK,1,0,REAL_NHL_API_OR_DERIVED_FROM_REAL
20222023,2022020597,2023-01-02,ANA,PHI,0.442083,0.557917,PHI,0,PHI,1,0,REAL_NHL_API_OR_DERIVED_FROM_REAL
20222023,2022020598,2023-01-03,FLA,UTA,0.51058,0.48942,FLA,1,FLA,1,0,REAL_NHL_API_OR_DERIVED_FROM_REAL
20222023,2022020599,2023-01-03,WSH,BUF,0.626173,0.373827,WSH,0,BUF,0,0,REAL_NHL_API_OR_DERIVED_FROM_REAL
20222023,2022020600,2023-01-03,NYR,CAR,0.476487,0.523513,CAR,1,NYR,0,0,REAL_NHL_API_OR_DERIVED_FROM_REAL
20222023,2022020601,2023-01-03,OTT,CBJ,0.57056,0.42944,OTT,1,OTT,1,0,REAL_NHL_API_OR_DERIVED_FROM_REAL
20222023,2022020602,2023-01-03,TOR,STL,0.632098,0.367902,TOR,0,STL,0,0,REAL_NHL_API_OR_DERIVED_FROM_REAL
20222023,2022020603,2023-01-03,WPG,CGY,0.502927,0.497073,WPG,1,WPG,1,0,REAL_NHL_API_OR_DERIVED_FROM_REAL
20222023,2022020604,2023-01-03,NSH,MTL,0.684664,0.315336,NSH,1,NSH,1,0,REAL_NHL_API_OR_DERIVED_FROM_REAL
20222023,2022020605,2023-01-03,CHI,TBL,0.499917,0.500083,TBL,0,TBL,1,0,REAL_NHL_API_OR_DERIVED_FROM_REAL
20222023,2022020606,2023-01-03,EDM,SEA,0.413998,0.586002,SEA,0,SEA,1,0,REAL_NHL_API_OR_DERIVED_FROM_REAL
20222023,2022020607,2023-01-03,VAN,NYI,0.516049,0.483951,VAN,0,NYI,0,0,REAL_NHL_API_OR_DERIVED_FROM_REAL
20222023,2022020608,2023-01-03,LAK,DAL,0.522291,0.477709,LAK,1,LAK,1,0,REAL_NHL_API_OR_DERIVED_FROM_REAL
20222023,2022020609,2023-01-04,DET,NJD,0.55694,0.44306,DET,0,NJD,0,0,REAL_NHL_API_OR_DERIVED_FROM_REAL
20222023,2022020610,2023-01-04,MIN,TBL,0.389426,0.610574,TBL,1,MIN,0,0,REAL_NHL_API_OR_DERIVED_FROM_REAL
20222023,2022020611,2023-01-04,ANA,DAL,0.407531,0.592469,DAL,1,ANA,0,0,REAL_NHL_API_OR_DERIVED_FROM_REAL
20222023,2022020612,2023-01-05,PHI,UTA,0.579787,0.420213,PHI,1,PHI,1,0,REAL_NHL_API_OR_DERIVED_FROM_REAL
20222023,2022020613,2023-01-05,MTL,NYR,0.442962,0.557038,NYR,0,NYR,1,0,REAL_NHL_API_OR_DERIVED_FROM_REAL
20222023,2022020614,2023-01-05,CAR,NSH,0.551983,0.448017,CAR,0,NSH,0,0,REAL_NHL_API_OR_DERIVED_FROM_REAL
20222023,2022020615,2023-01-05,TOR,SEA,0.60943,0.39057,TOR,0,SEA,0,0,REAL_NHL_API_OR_DERIVED_FROM_REAL
20222023,2022020616,2023-01-05,NJD,STL,0.604892,0.395108,NJD,0,STL,0,0,REAL_NHL_API_OR_DERIVED_FROM_REAL
20222023,2022020617,2023-01-05,CBJ,WSH,0.387769,0.612231,WSH,0,WSH,1,0,REAL_NHL_API_OR_DERIVED_FROM_REAL
20222023,2022020618,2023-01-05,EDM,NYI,0.469746,0.530254,NYI,1,EDM,0,0,REAL_NHL_API_OR_DERIVED_FROM_REAL
20222023,2022020619,2023-01-05,VAN,COL,0.595832,0.404168,VAN,1,VAN,1,0,REAL_NHL_API_OR_DERIVED_FROM_REAL
20222023,2022020620,2023-01-05,VGK,PIT,0.549195,0.450805,VGK,1,VGK,1,0,REAL_NHL_API_OR_DERIVED_FROM_REAL
20222023,2022020621,2023-01-05,LAK,BOS,0.553209,0.446791,LAK,0,BOS,0,0,REAL_NHL_API_OR_DERIVED_FROM_REAL
20222023,2022020622,2023-01-06,WSH,NSH,0.556506,0.443494,WSH,0,NSH,0,0,REAL_NHL_API_OR_DERIVED_FROM_REAL
20222023,2022020623,2023-01-06,DET,FLA,0.477192,0.522808,FLA,0,FLA,1,0,REAL_NHL_API_OR_DERIVED_FROM_REAL
20222023,2022020624,2023-01-06,WPG,TBL,0.548204,0.451796,WPG,1,WPG,1,0,REAL_NHL_API_OR_DERIVED_FROM_REAL
20222023,2022020625,2023-01-06,CHI,UTA,0.460304,0.539696,UTA,1,CHI,0,0,REAL_NHL_API_OR_DERIVED_FROM_REAL
20222023,2022020626,2023-01-06,CGY,NYI,0.539938,0.460062,CGY,1,CGY,1,0,REAL_NHL_API_OR_DERIVED_FROM_REAL
20222023,2022020627,2023-01-06,ANA,SJS,0.51669,0.48331,ANA,1,ANA,1,0,REAL_NHL_API_OR_DERIVED_FROM_REAL
20222023,2022020628,2023-01-07,NJD,NYR,0.572599,0.427401,NJD,1,NJD,1,0,REAL_NHL_API_OR_DERIVED_FROM_REAL
20222023,2022020629,2023-01-07,CBJ,CAR,0.4521,0.5479,CAR,1,CBJ,0,0,REAL_NHL_API_OR_DERIVED_FROM_REAL
20222023,2022020630,2023-01-07,TOR,DET,0.607996,0.392004,TOR,1,TOR,1,0,REAL_NHL_API_OR_DERIVED_FROM_REAL
20222023,2022020631,2023-01-07,BUF,MIN,0.531073,0.468927,BUF,1,BUF,1,0,REAL_NHL_API_OR_DERIVED_FROM_REAL
20222023,2022020632,2023-01-07,OTT,SEA,0.372238,0.627762,SEA,0,SEA,1,0,REAL_NHL_API_OR_DERIVED_FROM_REAL
20222023,2022020633,2023-01-07,MTL,STL,0.380843,0.619157,STL,1,MTL,0,0,REAL_NHL_API_OR_DERIVED_FROM_REAL
20222023,2022020634,2023-01-07,EDM,COL,0.582603,0.417397,EDM,0,COL,0,0,REAL_NHL_API_OR_DERIVED_FROM_REAL
20222023,2022020635,2023-01-07,VGK,LAK,0.402362,0.597638,LAK,0,LAK,1,0,REAL_NHL_API_OR_DERIVED_FROM_REAL
20222023,2022020636,2023-01-07,SJS,BOS,0.484923,0.515077,BOS,0,BOS,1,0,REAL_NHL_API_OR_DERIVED_FROM_REAL
20222023,2022020637,2023-01-08,DAL,FLA,0.538307,0.461693,DAL,1,DAL,1,0,REAL_NHL_API_OR_DERIVED_FROM_REAL
20222023,2022020638,2023-01-08,WPG,VAN,0.676499,0.323501,WPG,1,WPG,1,0,REAL_NHL_API_OR_DERIVED_FROM_REAL
20222023,2022020639,2023-01-08,WSH,CBJ,0.668838,0.331162,WSH,1,WSH,1,0,REAL_NHL_API_OR_DERIVED_FROM_REAL
20222023,2022020640,2023-01-08,CHI,CGY,0.651445,0.348555,CHI,1,CHI,1,0,REAL_NHL_API_OR_DERIVED_FROM_REAL
20222023,2022020641,2023-01-08,UTA,PIT,0.555495,0.444505,UTA,0,PIT,0,0,REAL_NHL_API_OR_DERIVED_FROM_REAL
20222023,2022020642,2023-01-08,MIN,STL,0.571076,0.428924,MIN,0,STL,0,0,REAL_NHL_API_OR_DERIVED_FROM_REAL
20222023,2022020643,2023-01-08,PHI,TOR,0.551797,0.448203,PHI,0,TOR,0,0,REAL_NHL_API_OR_DERIVED_FROM_REAL
20222023,2022020644,2023-01-08,ANA,BOS,0.48383,0.51617,BOS,0,BOS,1,0,REAL_NHL_API_OR_DERIVED_FROM_REAL
20222023,2022020645,2023-01-09,OTT,NSH,0.388808,0.611192,NSH,0,NSH,1,0,REAL_NHL_API_OR_DERIVED_FROM_REAL
20222023,2022020646,2023-01-09,MTL,SEA,0.383324,0.616676,SEA,0,SEA,1,0,REAL_NHL_API_OR_DERIVED_FROM_REAL
20222023,2022020647,2023-01-09,LAK,EDM,0.719903,0.280097,LAK,1,LAK,1,0,REAL_NHL_API_OR_DERIVED_FROM_REAL
20222023,2022020990,2023-01-09,BUF,PHI,0.566641,0.433359,BUF,0,PHI,0,0,REAL_NHL_API_OR_DERIVED_FROM_REAL
20222023,2022020648,2023-01-10,TBL,CBJ,0.636383,0.363617,TBL,1,TBL,1,0,REAL_NHL_API_OR_DERIVED_FROM_REAL
20222023,2022020649,2023-01-10,NYR,MIN,0.546665,0.453335,NYR,1,NYR,1,0,REAL_NHL_API_OR_DERIVED_FROM_REAL
20222023,2022020650,2023-01-10,CAR,NJD,0.537884,0.462116,CAR,0,NJD,0,0,REAL_NHL_API_OR_DERIVED_FROM_REAL
20222023,2022020651,2023-01-10,BUF,SEA,0.442405,0.557595,SEA,0,SEA,1,0,REAL_NHL_API_OR_DERIVED_FROM_REAL
20222023,2022020652,2023-01-10,PIT,VAN,0.405292,0.594708,VAN,1,PIT,0,0,REAL_NHL_API_OR_DERIVED_FROM_REAL
20222023,2022020653,2023-01-10,NYI,DAL,0.526736,0.473264,NYI,0,DAL,0,0,REAL_NHL_API_OR_DERIVED_FROM_REAL
20222023,2022020654,2023-01-10,DET,WPG,0.390767,0.609233,WPG,1,DET,0,0,REAL_NHL_API_OR_DERIVED_FROM_REAL
20222023,2022020655,2023-01-10,STL,CGY,0.555276,0.444724,STL,1,STL,1,0,REAL_NHL_API_OR_DERIVED_FROM_REAL
20222023,2022020656,2023-01-10,COL,FLA,0.5447,0.4553,COL,0,FLA,0,0,REAL_NHL_API_OR_DERIVED_FROM_REAL
20222023,2022020657,2023-01-10,UTA,SJS,0.502809,0.497191,UTA,0,SJS,0,0,REAL_NHL_API_OR_DERIVED_FROM_REAL
20222023,2022020658,2023-01-11,TOR,NSH,0.568381,0.431619,TOR,1,TOR,1,0,REAL_NHL_API_OR_DERIVED_FROM_REAL
20222023,2022020659,2023-01-11,PHI,WSH,0.524932,0.475068,PHI,1,PHI,1,0,REAL_NHL_API_OR_DERIVED_FROM_REAL
20222023,2022020660,2023-01-11,ANA,EDM,0.443643,0.556357,EDM,0,EDM,1,0,REAL_NHL_API_OR_DERIVED_FROM_REAL
20222023,2022020661,2023-01-11,LAK,SJS,0.539335,0.460665,LAK,1,LAK,1,0,REAL_NHL_API_OR_DERIVED_FROM_REAL
20222023,2022020662,2023-01-12,CBJ,CAR,0.47425,0.52575,CAR,0,CAR,1,0,REAL_NHL_API_OR_DERIVED_FROM_REAL
20222023,2022020663,2023-01-12,NYR,DAL,0.585792,0.414208,NYR,1,NYR,1,0,REAL_NHL_API_OR_DERIVED_FROM_REAL
20222023,2022020664,2023-01-12,MTL,NSH,0.312181,0.687819,NSH,1,MTL,0,0,REAL_NHL_API_OR_DERIVED_FROM_REAL
20222023,2022020665,2023-01-12,BOS,SEA,0.544901,0.455099,BOS,0,SEA,0,0,REAL_NHL_API_OR_DERIVED_FROM_REAL
20222023,2022020666,2023-01-12,DET,TOR,0.48289,0.51711,TOR,1,DET,0,0,REAL_NHL_API_OR_DERIVED_FROM_REAL
20222023,2022020667,2023-01-12,TBL,VAN,0.581343,0.418657,TBL,1,TBL,1,0,REAL_NHL_API_OR_DERIVED_FROM_REAL
20222023,2022020668,2023-01-12,BUF,WPG,0.486342,0.513658,WPG,0,WPG,1,0,REAL_NHL_API_OR_DERIVED_FROM_REAL
20222023,2022020669,2023-01-12,NYI,MIN,0.459001,0.540999,MIN,0,MIN,1,0,REAL_NHL_API_OR_DERIVED_FROM_REAL
20222023,2022020670,2023-01-12,STL,CGY,0.589455,0.410545,STL,0,CGY,0,0,REAL_NHL_API_OR_DERIVED_FROM_REAL
20222023,2022020671,2023-01-12,CHI,COL,0.414302,0.585698,COL,1,CHI,0,0,REAL_NHL_API_OR_DERIVED_FROM_REAL
20222023,2022020672,2023-01-12,UTA,OTT,0.549099,0.450901,UTA,0,OTT,0,0,REAL_NHL_API_OR_DERIVED_FROM_REAL
20222023,2022020673,2023-01-12,VGK,FLA,0.51381,0.48619,VGK,1,VGK,1,0,REAL_NHL_API_OR_DERIVED_FROM_REAL
20222023,2022020674,2023-01-13,PIT,WPG,0.427032,0.572968,WPG,0,WPG,1,0,REAL_NHL_API_OR_DERIVED_FROM_REAL
20222023,2022020675,2023-01-13,ANA,NJD,0.438409,0.561591,NJD,0,NJD,1,0,REAL_NHL_API_OR_DERIVED_FROM_REAL
20222023,2022020676,2023-01-13,SJS,EDM,0.534547,0.465453,SJS,0,EDM,0,0,REAL_NHL_API_OR_DERIVED_FROM_REAL
20222023,2022020677,2023-01-14,DAL,CGY,0.491753,0.508247,CGY,0,CGY,1,0,REAL_NHL_API_OR_DERIVED_FROM_REAL
20222023,2022020678,2023-01-14,DET,CBJ,0.575418,0.424582,DET,0,CBJ,0,0,REAL_NHL_API_OR_DERIVED_FROM_REAL
20222023,2022020679,2023-01-14,NYI,MTL,0.579503,0.420497,NYI,1,NYI,1,0,REAL_NHL_API_OR_DERIVED_FROM_REAL
20222023,2022020680,2023-01-14,COL,OTT,0.610321,0.389679,COL,1,COL,1,0,REAL_NHL_API_OR_DERIVED_FROM_REAL
20222023,2022020681,2023-01-14,WSH,PHI,0.493406,0.506594,PHI,0,PHI,1,0,REAL_NHL_API_OR_DERIVED_FROM_REAL
20222023,2022020682,2023-01-14,CAR,PIT,0.635142,0.364858,CAR,1,CAR,1,0,REAL_NHL_API_OR_DERIVED_FROM_REAL
20222023,2022020683,2023-01-14,BOS,TOR,0.571054,0.428946,BOS,1,BOS,1,0,REAL_NHL_API_OR_DERIVED_FROM_REAL
20222023,2022020684,2023-01-14,FLA,VAN,0.557382,0.442618,FLA,1,FLA,1,0,REAL_NHL_API_OR_DERIVED_FROM_REAL
20222023,2022020685,2023-01-14,MIN,UTA,0.65155,0.34845,MIN,1,MIN,1,0,REAL_NHL_API_OR_DERIVED_FROM_REAL
20222023,2022020686,2023-01-14,NSH,BUF,0.571896,0.428104,NSH,0,BUF,0,0,REAL_NHL_API_OR_DERIVED_FROM_REAL
20222023,2022020687,2023-01-14,CHI,SEA,0.196408,0.803592,SEA,0,SEA,1,0,REAL_NHL_API_OR_DERIVED_FROM_REAL
20222023,2022020688,2023-01-14,STL,TBL,0.514411,0.485589,STL,0,TBL,0,0,REAL_NHL_API_OR_DERIVED_FROM_REAL
20222023,2022020689,2023-01-14,VGK,EDM,0.508624,0.491376,VGK,0,EDM,0,0,REAL_NHL_API_OR_DERIVED_FROM_REAL
20222023,2022020690,2023-01-14,LAK,NJD,0.538198,0.461802,LAK,0,NJD,0,0,REAL_NHL_API_OR_DERIVED_FROM_REAL
20222023,2022020691,2023-01-15,NYR,MTL,0.623257,0.376743,NYR,0,MTL,0,0,REAL_NHL_API_OR_DERIVED_FROM_REAL
20222023,2022020692,2023-01-15,CAR,VAN,0.541282,0.458718,CAR,0,VAN,0,0,REAL_NHL_API_OR_DERIVED_FROM_REAL
20222023,2022020693,2023-01-15,WPG,UTA,0.673847,0.326153,WPG,1,WPG,1,0,REAL_NHL_API_OR_DERIVED_FROM_REAL
20222023,2022020694,2023-01-16,BUF,FLA,0.530285,0.469715,BUF,0,FLA,0,0,REAL_NHL_API_OR_DERIVED_FROM_REAL
20222023,2022020695,2023-01-16,BOS,PHI,0.72416,0.27584,BOS,1,BOS,1,0,REAL_NHL_API_OR_DERIVED_FROM_REAL
20222023,2022020696,2023-01-16,COL,DET,0.784862,0.215138,COL,1,COL,1,0,REAL_NHL_API_OR_DERIVED_FROM_REAL
20222023,2022020697,2023-01-16,SJS,NJD,0.430413,0.569587,NJD,0,NJD,1,0,REAL_NHL_API_OR_DERIVED_FROM_REAL
20222023,2022020698,2023-01-16,SEA,TBL,0.592469,0.407531,SEA,0,TBL,0,0,REAL_NHL_API_OR_DERIVED_FROM_REAL
20222023,2022020699,2023-01-16,VGK,DAL,0.554067,0.445933,VGK,0,DAL,0,0,REAL_NHL_API_OR_DERIVED_FROM_REAL
20222023,2022020700,2023-01-16,PIT,ANA,0.582583,0.417417,PIT,1,PIT,1,0,REAL_NHL_API_OR_DERIVED_FROM_REAL
20222023,2022020701,2023-01-16,CBJ,NYR,0.491616,0.508384,NYR,0,NYR,1,0,REAL_NHL_API_OR_DERIVED_FROM_REAL
20222023,2022020702,2023-01-16,NYI,WSH,0.523991,0.476009,NYI,0,WSH,0,0,REAL_NHL_API_OR_DERIVED_FROM_REAL
20222023,2022020703,2023-01-16,NSH,CGY,0.578759,0.421241,NSH,1,NSH,1,0,REAL_NHL_API_OR_DERIVED_FROM_REAL
20222023,2022020704,2023-01-16,STL,OTT,0.594672,0.405328,STL,1,STL,1,0,REAL_NHL_API_OR_DERIVED_FROM_REAL
20222023,2022020338,2023-01-17,NSH,CBJ,0.621077,0.378923,NSH,1,NSH,1,0,REAL_NHL_API_OR_DERIVED_FROM_REAL
20222023,2022020705,2023-01-17,PHI,ANA,0.585597,0.414403,PHI,1,PHI,1,0,REAL_NHL_API_OR_DERIVED_FROM_REAL
20222023,2022020706,2023-01-17,TOR,FLA,0.35609,0.64391,FLA,1,TOR,0,0,REAL_NHL_API_OR_DERIVED_FROM_REAL
20222023,2022020707,2023-01-17,WSH,MIN,0.489254,0.510746,MIN,0,MIN,1,0,REAL_NHL_API_OR_DERIVED_FROM_REAL
20222023,2022020708,2023-01-17,MTL,WPG,0.452327,0.547673,WPG,1,MTL,0,0,REAL_NHL_API_OR_DERIVED_FROM_REAL
20222023,2022020709,2023-01-17,CHI,BUF,0.449347,0.550653,BUF,1,CHI,0,0,REAL_NHL_API_OR_DERIVED_FROM_REAL
20222023,2022020710,2023-01-17,UTA,DET,0.488067,0.511933,DET,1,UTA,0,0,REAL_NHL_API_OR_DERIVED_FROM_REAL
20222023,2022020711,2023-01-17,EDM,SEA,0.503633,0.496367,EDM,1,EDM,1,0,REAL_NHL_API_OR_DERIVED_FROM_REAL
20222023,2022020712,2023-01-18,OTT,PIT,0.501916,0.498084,OTT,1,OTT,1,0,REAL_NHL_API_OR_DERIVED_FROM_REAL
20222023,2022020713,2023-01-18,NYI,BOS,0.515622,0.484378,NYI,0,BOS,0,0,REAL_NHL_API_OR_DERIVED_FROM_REAL
20222023,2022020714,2023-01-18,CGY,COL,0.483509,0.516491,COL,0,COL,1,0,REAL_NHL_API_OR_DERIVED_FROM_REAL
20222023,2022020715,2023-01-18,VAN,TBL,0.301137,0.698863,TBL,0,TBL,1,0,REAL_NHL_API_OR_DERIVED_FROM_REAL
20222023,2022020716,2023-01-18,SJS,DAL,0.464155,0.535845,DAL,1,SJS,0,0,REAL_NHL_API_OR_DERIVED_FROM_REAL
20222023,2022020717,2023-01-19,CBJ,ANA,0.698183,0.301817,CBJ,0,ANA,0,0,REAL_NHL_API_OR_DERIVED_FROM_REAL
20222023,2022020718,2023-01-19,NYR,BOS,0.483256,0.516744,BOS,0,BOS,1,0,REAL_NHL_API_OR_DERIVED_FROM_REAL
20222023,2022020719,2023-01-19,PHI,CHI,0.620178,0.379822,PHI,0,CHI,0,0,REAL_NHL_API_OR_DERIVED_FROM_REAL
20222023,2022020720,2023-01-19,MTL,FLA,0.514768,0.485232,MTL,0,FLA,0,0,REAL_NHL_API_OR_DERIVED_FROM_REAL
20222023,2022020721,2023-01-19,CAR,MIN,0.541001,0.458999,CAR,1,CAR,1,0,REAL_NHL_API_OR_DERIVED_FROM_REAL
20222023,2022020722,2023-01-19,BUF,NYI,0.560179,0.439821,BUF,1,BUF,1,0,REAL_NHL_API_OR_DERIVED_FROM_REAL
20222023,2022020723,2023-01-19,TOR,WPG,0.559353,0.440647,TOR,1,TOR,1,0,REAL_NHL_API_OR_DERIVED_FROM_REAL
20222023,2022020724,2023-01-19,STL,NSH,0.496532,0.503468,NSH,1,STL,0,0,REAL_NHL_API_OR_DERIVED_FROM_REAL
20222023,2022020725,2023-01-19,EDM,TBL,0.53318,0.46682,EDM,1,EDM,1,0,REAL_NHL_API_OR_DERIVED_FROM_REAL
20222023,2022020726,2023-01-19,UTA,WSH,0.482363,0.517637,WSH,0,WSH,1,0,REAL_NHL_API_OR_DERIVED_FROM_REAL
20222023,2022020727,2023-01-19,VGK,DET,0.463237,0.536763,DET,0,DET,1,0,REAL_NHL_API_OR_DERIVED_FROM_REAL
20222023,2022020728,2023-01-19,SEA,NJD,0.511881,0.488119,SEA,1,SEA,1,0,REAL_NHL_API_OR_DERIVED_FROM_REAL
20222023,2022020729,2023-01-19,LAK,DAL,0.412659,0.587341,DAL,0,DAL,1,0,REAL_NHL_API_OR_DERIVED_FROM_REAL
20222023,2022020730,2023-01-20,PIT,OTT,0.597278,0.402722,PIT,1,PIT,1,0,REAL_NHL_API_OR_DERIVED_FROM_REAL
20222023,2022020731,2023-01-20,VAN,COL,0.482148,0.517852,COL,0,COL,1,0,REAL_NHL_API_OR_DERIVED_FROM_REAL
20222023,2022020732,2023-01-21,BUF,ANA,0.565354,0.434646,BUF,1,BUF,1,0,REAL_NHL_API_OR_DERIVED_FROM_REAL
20222023,2022020733,2023-01-21,CGY,TBL,0.578416,0.421584,CGY,1,CGY,1,0,REAL_NHL_API_OR_DERIVED_FROM_REAL
20222023,2022020734,2023-01-21,FLA,MIN,0.593103,0.406897,FLA,1,FLA,1,0,REAL_NHL_API_OR_DERIVED_FROM_REAL
20222023,2022020735,2023-01-21,DET,PHI,0.552181,0.447819,DET,0,PHI,0,0,REAL_NHL_API_OR_DERIVED_FROM_REAL
20222023,2022020736,2023-01-21,CBJ,SJS,0.504922,0.495078,CBJ,1,CBJ,1,0,REAL_NHL_API_OR_DERIVED_FROM_REAL
20222023,2022020737,2023-01-21,MTL,TOR,0.514019,0.485981,MTL,1,MTL,1,0,REAL_NHL_API_OR_DERIVED_FROM_REAL
20222023,2022020738,2023-01-21,OTT,WPG,0.487785,0.512215,WPG,0,WPG,1,0,REAL_NHL_API_OR_DERIVED_FROM_REAL
20222023,2022020739,2023-01-21,NYI,CAR,0.501077,0.498923,NYI,0,CAR,0,0,REAL_NHL_API_OR_DERIVED_FROM_REAL
20222023,2022020740,2023-01-21,DAL,UTA,0.628244,0.371756,DAL,1,DAL,1,0,REAL_NHL_API_OR_DERIVED_FROM_REAL
20222023,2022020741,2023-01-21,STL,CHI,0.56103,0.43897,STL,0,CHI,0,0,REAL_NHL_API_OR_DERIVED_FROM_REAL
20222023,2022020742,2023-01-21,NSH,LAK,0.745951,0.254049,NSH,1,NSH,1,0,REAL_NHL_API_OR_DERIVED_FROM_REAL
20222023,2022020743,2023-01-21,SEA,COL,0.437954,0.562046,COL,0,COL,1,0,REAL_NHL_API_OR_DERIVED_FROM_REAL
20222023,2022020744,2023-01-21,VAN,EDM,0.397474,0.602526,EDM,0,EDM,1,0,REAL_NHL_API_OR_DERIVED_FROM_REAL
20222023,2022020745,2023-01-21,VGK,WSH,0.684479,0.315521,VGK,1,VGK,1,0,REAL_NHL_API_OR_DERIVED_FROM_REAL
20222023,2022020746,2023-01-22,NJD,PIT,0.616681,0.383319,NJD,1,NJD,1,0,REAL_NHL_API_OR_DERIVED_FROM_REAL
20222023,2022020747,2023-01-22,CHI,LAK,0.537011,0.462989,CHI,0,LAK,0,0,REAL_NHL_API_OR_DERIVED_FROM_REAL
20222023,2022020748,2023-01-22,BOS,SJS,0.462411,0.537589,SJS,1,BOS,0,0,REAL_NHL_API_OR_DERIVED_FROM_REAL
20222023,2022020749,2023-01-22,PHI,WPG,0.490072,0.509928,WPG,0,WPG,1,0,REAL_NHL_API_OR_DERIVED_FROM_REAL
20222023,2022020750,2023-01-22,UTA,VGK,0.453714,0.546286,VGK,1,UTA,0,0,REAL_NHL_API_OR_DERIVED_FROM_REAL
20222023,2022020751,2023-01-23,NYR,FLA,0.462486,0.537514,FLA,1,NYR,0,0,REAL_NHL_API_OR_DERIVED_FROM_REAL
20222023,2022020752,2023-01-23,TOR,NYI,0.535573,0.464427,TOR,1,TOR,1,0,REAL_NHL_API_OR_DERIVED_FROM_REAL
20222023,2022020753,2023-01-23,DAL,BUF,0.598804,0.401196,DAL,0,BUF,0,0,REAL_NHL_API_OR_DERIVED_FROM_REAL
20222023,2022020754,2023-01-23,CGY,CBJ,0.601865,0.398135,CGY,1,CGY,1,0,REAL_NHL_API_OR_DERIVED_FROM_REAL
20222023,2022020755,2023-01-24,MTL,BOS,0.416913,0.583087,BOS,0,BOS,1,0,REAL_NHL_API_OR_DERIVED_FROM_REAL
20222023,2022020756,2023-01-24,PIT,FLA,0.475856,0.524144,FLA,1,PIT,0,0,REAL_NHL_API_OR_DERIVED_FROM_REAL
20222023,2022020757,2023-01-24,PHI,LAK,0.605603,0.394397,PHI,0,LAK,0,0,REAL_NHL_API_OR_DERIVED_FROM_REAL
20222023,2022020758,2023-01-24,TBL,MIN,0.60354,0.39646,TBL,1,TBL,1,0,REAL_NHL_API_OR_DERIVED_FROM_REAL
20222023,2022020759,2023-01-24,NJD,VGK,0.627545,0.372455,NJD,1,NJD,1,0,REAL_NHL_API_OR_DERIVED_FROM_REAL
20222023,2022020760,2023-01-24,DET,SJS,0.542097,0.457903,DET,1,DET,1,0,REAL_NHL_API_OR_DERIVED_FROM_REAL
20222023,2022020761,2023-01-24,STL,BUF,0.475494,0.524506,BUF,0,BUF,1,0,REAL_NHL_API_OR_DERIVED_FROM_REAL
20222023,2022020762,2023-01-24,NSH,WPG,0.530392,0.469608,NSH,1,NSH,1,0,REAL_NHL_API_OR_DERIVED_FROM_REAL
20222023,2022020763,2023-01-24,UTA,ANA,0.552009,0.447991,UTA,0,ANA,0,0,REAL_NHL_API_OR_DERIVED_FROM_REAL
20222023,2022020764,2023-01-24,COL,WSH,0.618363,0.381637,COL,1,COL,1,0,REAL_NHL_API_OR_DERIVED_FROM_REAL
20222023,2022020765,2023-01-24,VAN,CHI,0.547393,0.452607,VAN,1,VAN,1,0,REAL_NHL_API_OR_DERIVED_FROM_REAL
20222023,2022020766,2023-01-25,OTT,NYI,0.40803,0.59197,NYI,1,OTT,0,0,REAL_NHL_API_OR_DERIVED_FROM_REAL
20222023,2022020767,2023-01-25,TOR,NYR,0.456103,0.543897,NYR,1,TOR,0,0,REAL_NHL_API_OR_DERIVED_FROM_REAL
20222023,2022020768,2023-01-25,DAL,CAR,0.722857,0.277143,DAL,0,CAR,0,0,REAL_NHL_API_OR_DERIVED_FROM_REAL
20222023,2022020769,2023-01-25,EDM,CBJ,0.619007,0.380993,EDM,0,CBJ,0,0,REAL_NHL_API_OR_DERIVED_FROM_REAL
20222023,2022020770,2023-01-25,SEA,VAN,0.553868,0.446132,SEA,1,SEA,1,0,REAL_NHL_API_OR_DERIVED_FROM_REAL
20222023,2022020771,2023-01-26,TBL,BOS,0.490144,0.509856,BOS,1,TBL,0,0,REAL_NHL_API_OR_DERIVED_FROM_REAL
20222023,2022020772,2023-01-26,MTL,DET,0.535413,0.464587,MTL,0,DET,0,0,REAL_NHL_API_OR_DERIVED_FROM_REAL
20222023,2022020773,2023-01-26,WSH,PIT,0.522152,0.477848,WSH,1,WSH,1,0,REAL_NHL_API_OR_DERIVED_FROM_REAL
20222023,2022020774,2023-01-26,WPG,BUF,0.550392,0.449608,WPG,0,BUF,0,0,REAL_NHL_API_OR_DERIVED_FROM_REAL
20222023,2022020775,2023-01-26,NSH,NJD,0.552408,0.447592,NSH,1,NSH,1,0,REAL_NHL_API_OR_DERIVED_FROM_REAL
20222023,2022020776,2023-01-26,COL,ANA,0.604321,0.395679,COL,0,ANA,0,0,REAL_NHL_API_OR_DERIVED_FROM_REAL
20222023,2022020777,2023-01-26,CGY,CHI,0.562921,0.437079,CGY,0,CHI,0,0,REAL_NHL_API_OR_DERIVED_FROM_REAL
20222023,2022020778,2023-01-26,MIN,PHI,0.554695,0.445305,MIN,1,MIN,1,0,REAL_NHL_API_OR_DERIVED_FROM_REAL
20222023,2022020779,2023-01-26,UTA,STL,0.462585,0.537415,STL,1,UTA,0,0,REAL_NHL_API_OR_DERIVED_FROM_REAL
20222023,2022020780,2023-01-27,NYI,DET,0.489453,0.510547,DET,1,NYI,0,0,REAL_NHL_API_OR_DERIVED_FROM_REAL
20222023,2022020781,2023-01-27,FLA,LAK,0.68597,0.31403,FLA,0,LAK,0,0,REAL_NHL_API_OR_DERIVED_FROM_REAL
20222023,2022020782,2023-01-27,TOR,OTT,0.605804,0.394196,TOR,0,OTT,0,0,REAL_NHL_API_OR_DERIVED_FROM_REAL
20222023,2022020783,2023-01-27,CAR,SJS,0.576269,0.423731,CAR,1,CAR,1,0,REAL_NHL_API_OR_DERIVED_FROM_REAL
20222023,2022020784,2023-01-27,NYR,VGK,0.577316,0.422684,NYR,1,NYR,1,0,REAL_NHL_API_OR_DERIVED_FROM_REAL
20222023,2022020785,2023-01-27,DAL,NJD,0.509204,0.490796,DAL,0,NJD,0,0,REAL_NHL_API_OR_DERIVED_FROM_REAL
20222023,2022020786,2023-01-27,SEA,CGY,0.518401,0.481599,SEA,0,CGY,0,0,REAL_NHL_API_OR_DERIVED_FROM_REAL
20222023,2022020787,2023-01-27,VAN,CBJ,0.51501,0.48499,VAN,1,VAN,1,0,REAL_NHL_API_OR_DERIVED_FROM_REAL
20222023,2022020788,2023-01-28,COL,STL,0.648418,0.351582,COL,1,COL,1,0,REAL_NHL_API_OR_DERIVED_FROM_REAL
20222023,2022020789,2023-01-28,FLA,BOS,0.507089,0.492911,FLA,1,FLA,1,0,REAL_NHL_API_OR_DERIVED_FROM_REAL
20222023,2022020790,2023-01-28,TBL,LAK,0.636737,0.363263,TBL,1,TBL,1,0,REAL_NHL_API_OR_DERIVED_FROM_REAL
20222023,2022020791,2023-01-28,OTT,MTL,0.429066,0.570934,MTL,1,OTT,0,0,REAL_NHL_API_OR_DERIVED_FROM_REAL
20222023,2022020792,2023-01-28,WPG,PHI,0.437279,0.562721,PHI,0,PHI,1,0,REAL_NHL_API_OR_DERIVED_FROM_REAL
20222023,2022020793,2023-01-28,PIT,SJS,0.609278,0.390722,PIT,0,SJS,0,0,REAL_NHL_API_OR_DERIVED_FROM_REAL
20222023,2022020794,2023-01-28,NYI,VGK,0.470809,0.529191,VGK,1,NYI,0,0,REAL_NHL_API_OR_DERIVED_FROM_REAL
20222023,2022020795,2023-01-28,MIN,BUF,0.492944,0.507056,BUF,1,MIN,0,0,REAL_NHL_API_OR_DERIVED_FROM_REAL
20222023,2022020796,2023-01-28,ANA,UTA,0.609464,0.390536,ANA,1,ANA,1,0,REAL_NHL_API_OR_DERIVED_FROM_REAL
20222023,2022020797,2023-01-28,EDM,CHI,0.506294,0.493706,EDM,1,EDM,1,0,REAL_NHL_API_OR_DERIVED_FROM_REAL
20222023,2022020798,2023-01-28,SEA,CBJ,0.528091,0.471909,SEA,1,SEA,1,0,REAL_NHL_API_OR_DERIVED_FROM_REAL
20222023,2022020799,2023-01-29,CAR,BOS,0.516394,0.483606,CAR,1,CAR,1,0,REAL_NHL_API_OR_DERIVED_FROM_REAL
20222023,2022020800,2023-01-29,TOR,WSH,0.741004,0.258996,TOR,1,TOR,1,0,REAL_NHL_API_OR_DERIVED_FROM_REAL
20222023,2022020801,2023-01-30,WPG,STL,0.633718,0.366282,WPG,1,WPG,1,0,REAL_NHL_API_OR_DERIVED_FROM_REAL
20222023,2022020802,2023-01-31,CAR,LAK,0.64545,0.35455,CAR,1,CAR,1,0,REAL_NHL_API_OR_DERIVED_FROM_REAL
20222023,2022020803,2023-01-31,MTL,OTT,0.489614,0.510386,OTT,0,OTT,1,0,REAL_NHL_API_OR_DERIVED_FROM_REAL
20222023,2022020804,2023-01-31,CBJ,WSH,0.581383,0.418617,CBJ,0,WSH,0,0,REAL_NHL_API_OR_DERIVED_FROM_REAL
20222023,2022020805,2023-02-01,BUF,CAR,0.540117,0.459883,BUF,0,CAR,0,0,REAL_NHL_API_OR_DERIVED_FROM_REAL
20222023,2022020806,2023-02-01,TOR,BOS,0.544371,0.455629,TOR,0,BOS,0,0,REAL_NHL_API_OR_DERIVED_FROM_REAL
20222023,2022020807,2023-02-06,PHI,NYI,0.576596,0.423404,PHI,0,NYI,0,0,REAL_NHL_API_OR_DERIVED_FROM_REAL
20222023,2022020808,2023-02-06,FLA,TBL,0.538919,0.461081,FLA,1,FLA,1,0,REAL_NHL_API_OR_DERIVED_FROM_REAL
20222023,2022020809,2023-02-06,NYR,CGY,0.545174,0.454826,NYR,1,NYR,1,0,REAL_NHL_API_OR_DERIVED_FROM_REAL
20222023,2022020810,2023-02-06,NJD,VAN,0.586699,0.413301,NJD,1,NJD,1,0,REAL_NHL_API_OR_DERIVED_FROM_REAL
20222023,2022020811,2023-02-06,DAL,ANA,0.521324,0.478676,DAL,1,DAL,1,0,REAL_NHL_API_OR_DERIVED_FROM_REAL
20222023,2022020812,2023-02-06,UTA,MIN,0.610527,0.389473,UTA,1,UTA,1,0,REAL_NHL_API_OR_DERIVED_FROM_REAL
20222023,2022020813,2023-02-07,PIT,COL,0.476287,0.523713,COL,1,PIT,0,0,REAL_NHL_API_OR_DERIVED_FROM_REAL
20222023,2022020814,2023-02-07,TBL,SJS,0.610754,0.389246,TBL,0,SJS,0,0,REAL_NHL_API_OR_DERIVED_FROM_REAL
20222023,2022020815,2023-02-07,DET,EDM,0.422663,0.577337,EDM,0,EDM,1,0,REAL_NHL_API_OR_DERIVED_FROM_REAL
20222023,2022020816,2023-02-07,NYI,SEA,0.49537,0.50463,SEA,1,NYI,0,0,REAL_NHL_API_OR_DERIVED_FROM_REAL
20222023,2022020817,2023-02-07,NSH,VGK,0.62598,0.37402,NSH,0,VGK,0,0,REAL_NHL_API_OR_DERIVED_FROM_REAL
20222023,2022020818,2023-02-07,CHI,ANA,0.557541,0.442459,CHI,0,ANA,0,0,REAL_NHL_API_OR_DERIVED_FROM_REAL
20222023,2022020819,2023-02-08,NYR,VAN,0.59801,0.40199,NYR,1,NYR,1,0,REAL_NHL_API_OR_DERIVED_FROM_REAL
20222023,2022020820,2023-02-08,DAL,MIN,0.545885,0.454115,DAL,1,DAL,1,0,REAL_NHL_API_OR_DERIVED_FROM_REAL
20222023,2022020821,2023-02-09,TBL,COL,0.538033,0.461967,TBL,1,TBL,1,0,REAL_NHL_API_OR_DERIVED_FROM_REAL
20222023,2022020822,2023-02-09,PHI,EDM,0.513672,0.486328,PHI,1,PHI,1,0,REAL_NHL_API_OR_DERIVED_FROM_REAL
20222023,2022020823,2023-02-09,FLA,SJS,0.613853,0.386147,FLA,1,FLA,1,0,REAL_NHL_API_OR_DERIVED_FROM_REAL
20222023,2022020824,2023-02-09,NJD,SEA,0.541872,0.458128,NJD,1,NJD,1,0,REAL_NHL_API_OR_DERIVED_FROM_REAL
20222023,2022020825,2023-02-09,DET,CGY,0.42654,0.57346,CGY,1,DET,0,0,REAL_NHL_API_OR_DERIVED_FROM_REAL
20222023,2022020826,2023-02-09,NYI,VAN,0.582519,0.417481,NYI,0,VAN,0,0,REAL_NHL_API_OR_DERIVED_FROM_REAL
20222023,2022020827,2023-02-09,MIN,VGK,0.544304,0.455696,MIN,0,VGK,0,0,REAL_NHL_API_OR_DERIVED_FROM_REAL
20222023,2022020828,2023-02-10,NYR,SEA,0.608482,0.391518,NYR,1,NYR,1,0,REAL_NHL_API_OR_DERIVED_FROM_REAL
20222023,2022020829,2023-02-10,CBJ,TOR,0.509544,0.490456,CBJ,0,TOR,0,0,REAL_NHL_API_OR_DERIVED_FROM_REAL
20222023,2022020830,2023-02-10,CHI,UTA,0.560066,0.439934,CHI,1,CHI,1,0,REAL_NHL_API_OR_DERIVED_FROM_REAL
20222023,2022020831,2023-02-10,ANA,PIT,0.581162,0.418838,ANA,0,PIT,0,0,REAL_NHL_API_OR_DERIVED_FROM_REAL
20222023,2022020832,2023-02-11,DET,VAN,0.550456,0.449544,DET,1,DET,1,0,REAL_NHL_API_OR_DERIVED_FROM_REAL
20222023,2022020833,2023-02-11,BUF,CGY,0.560636,0.439364,BUF,0,CGY,0,0,REAL_NHL_API_OR_DERIVED_FROM_REAL
20222023,2022020834,2023-02-11,OTT,EDM,0.326234,0.673766,EDM,0,EDM,1,0,REAL_NHL_API_OR_DERIVED_FROM_REAL
20222023,2022020835,2023-02-11,MTL,NYI,0.488302,0.511698,NYI,1,MTL,0,0,REAL_NHL_API_OR_DERIVED_FROM_REAL
20222023,2022020836,2023-02-11,PHI,NSH,0.517562,0.482438,PHI,0,NSH,0,0,REAL_NHL_API_OR_DERIVED_FROM_REAL
20222023,2022020837,2023-02-11,DAL,TBL,0.484127,0.515873,TBL,0,TBL,1,0,REAL_NHL_API_OR_DERIVED_FROM_REAL
20222023,2022020838,2023-02-11,BOS,WSH,0.622871,0.377129,BOS,0,WSH,0,0,REAL_NHL_API_OR_DERIVED_FROM_REAL
20222023,2022020839,2023-02-11,FLA,COL,0.619384,0.380616,FLA,0,COL,0,0,REAL_NHL_API_OR_DERIVED_FROM_REAL
20222023,2022020840,2023-02-11,TOR,CBJ,0.613146,0.386854,TOR,0,CBJ,0,0,REAL_NHL_API_OR_DERIVED_FROM_REAL
20222023,2022020841,2023-02-11,CAR,NYR,0.507973,0.492027,CAR,0,NYR,0,0,REAL_NHL_API_OR_DERIVED_FROM_REAL
20222023,2022020842,2023-02-11,STL,UTA,0.466898,0.533102,UTA,1,STL,0,0,REAL_NHL_API_OR_DERIVED_FROM_REAL
20222023,2022020843,2023-02-11,MIN,NJD,0.532017,0.467983,MIN,1,MIN,1,0,REAL_NHL_API_OR_DERIVED_FROM_REAL
20222023,2022020844,2023-02-11,WPG,CHI,0.554656,0.445344,WPG,1,WPG,1,0,REAL_NHL_API_OR_DERIVED_FROM_REAL
20222023,2022020845,2023-02-11,LAK,PIT,0.686749,0.313251,LAK,1,LAK,1,0,REAL_NHL_API_OR_DERIVED_FROM_REAL
20222023,2022020846,2023-02-12,MTL,EDM,0.444418,0.555582,EDM,1,MTL,0,0,REAL_NHL_API_OR_DERIVED_FROM_REAL
20222023,2022020847,2023-02-12,WSH,SJS,0.684228,0.315772,WSH,0,SJS,0,0,REAL_NHL_API_OR_DERIVED_FROM_REAL
20222023,2022020848,2023-02-12,PHI,SEA,0.534229,0.465771,PHI,0,SEA,0,0,REAL_NHL_API_OR_DERIVED_FROM_REAL
20222023,2022020849,2023-02-12,VGK,ANA,0.534368,0.465632,VGK,1,VGK,1,0,REAL_NHL_API_OR_DERIVED_FROM_REAL
20222023,2022020850,2023-02-13,OTT,CGY,0.548811,0.451189,OTT,1,OTT,1,0,REAL_NHL_API_OR_DERIVED_FROM_REAL
20222023,2022020851,2023-02-13,NSH,UTA,0.566983,0.433017,NSH,0,UTA,0,0,REAL_NHL_API_OR_DERIVED_FROM_REAL
20222023,2022020852,2023-02-13,MIN,FLA,0.400404,0.599596,FLA,0,FLA,1,0,REAL_NHL_API_OR_DERIVED_FROM_REAL
20222023,2022020853,2023-02-13,VAN,DET,0.522714,0.477286,VAN,0,DET,0,0,REAL_NHL_API_OR_DERIVED_FROM_REAL
20222023,2022020854,2023-02-13,LAK,BUF,0.576643,0.423357,LAK,1,LAK,1,0,REAL_NHL_API_OR_DERIVED_FROM_REAL
20222023,2022020855,2023-02-14,WSH,CAR,0.512788,0.487212,WSH,0,CAR,0,0,REAL_NHL_API_OR_DERIVED_FROM_REAL
20222023,2022020856,2023-02-14,MTL,CHI,0.519218,0.480782,MTL,1,MTL,1,0,REAL_NHL_API_OR_DERIVED_FROM_REAL
20222023,2022020857,2023-02-14,CBJ,NJD,0.50726,0.49274,CBJ,0,NJD,0,0,REAL_NHL_API_OR_DERIVED_FROM_REAL
20222023,2022020858,2023-02-14,NYI,OTT,0.477608,0.522392,OTT,0,OTT,1,0,REAL_NHL_API_OR_DERIVED_FROM_REAL
20222023,2022020859,2023-02-14,STL,FLA,0.442595,0.557405,FLA,1,STL,0,0,REAL_NHL_API_OR_DERIVED_FROM_REAL
20222023,2022020860,2023-02-14,WPG,SEA,0.585221,0.414779,WPG,1,WPG,1,0,REAL_NHL_API_OR_DERIVED_FROM_REAL
20222023,2022020861,2023-02-14,DAL,BOS,0.524023,0.475977,DAL,0,BOS,0,0,REAL_NHL_API_OR_DERIVED_FROM_REAL
20222023,2022020862,2023-02-14,COL,TBL,0.514695,0.485305,COL,0,TBL,0,0,REAL_NHL_API_OR_DERIVED_FROM_REAL
20222023,2022020863,2023-02-14,SJS,PIT,0.596408,0.403592,SJS,0,PIT,0,0,REAL_NHL_API_OR_DERIVED_FROM_REAL
20222023,2022020864,2023-02-15,TOR,CHI,0.555695,0.444305,TOR,1,TOR,1,0,REAL_NHL_API_OR_DERIVED_FROM_REAL
20222023,2022020865,2023-02-15,UTA,TBL,0.52339,0.47661,UTA,1,UTA,1,0,REAL_NHL_API_OR_DERIVED_FROM_REAL
20222023,2022020866,2023-02-15,MIN,COL,0.491648,0.508352,COL,0,COL,1,0,REAL_NHL_API_OR_DERIVED_FROM_REAL
20222023,2022020867,2023-02-15,EDM,DET,0.575275,0.424725,EDM,0,DET,0,0,REAL_NHL_API_OR_DERIVED_FROM_REAL
20222023,2022020868,2023-02-15,ANA,BUF,0.559336,0.440664,ANA,0,BUF,0,0,REAL_NHL_API_OR_DERIVED_FROM_REAL
20222023,2022020869,2023-02-15,VAN,NYR,0.484075,0.515925,NYR,0,NYR,1,0,REAL_NHL_API_OR_DERIVED_FROM_REAL
20222023,2022020870,2023-02-16,WSH,FLA,0.520632,0.479368,WSH,0,FLA,0,0,REAL_NHL_API_OR_DERIVED_FROM_REAL
20222023,2022020871,2023-02-16,CAR,MTL,0.58023,0.41977,CAR,1,CAR,1,0,REAL_NHL_API_OR_DERIVED_FROM_REAL
20222023,2022020872,2023-02-16,CBJ,WPG,0.498542,0.501458,WPG,1,CBJ,0,0,REAL_NHL_API_OR_DERIVED_FROM_REAL
20222023,2022020873,2023-02-16,NSH,BOS,0.516599,0.483401,NSH,0,BOS,0,0,REAL_NHL_API_OR_DERIVED_FROM_REAL
20222023,2022020874,2023-02-16,STL,NJD,0.514977,0.485023,STL,1,STL,1,0,REAL_NHL_API_OR_DERIVED_FROM_REAL
20222023,2022020875,2023-02-16,CGY,DET,0.62079,0.37921,CGY,0,DET,0,0,REAL_NHL_API_OR_DERIVED_FROM_REAL
20222023,2022020876,2023-02-16,SEA,PHI,0.665544,0.334456,SEA,1,SEA,1,0,REAL_NHL_API_OR_DERIVED_FROM_REAL
20222023,2022020877,2023-02-16,VGK,SJS,0.572959,0.427041,VGK,1,VGK,1,0,REAL_NHL_API_OR_DERIVED_FROM_REAL
20222023,2022020878,2023-02-17,OTT,CHI,0.633078,0.366922,OTT,0,CHI,0,0,REAL_NHL_API_OR_DERIVED_FROM_REAL
20222023,2022020879,2023-02-17,NYI,PIT,0.562242,0.437758,NYI,1,NYI,1,0,REAL_NHL_API_OR_DERIVED_FROM_REAL
20222023,2022020880,2023-02-17,MIN,DAL,0.50574,0.49426,MIN,1,MIN,1,0,REAL_NHL_API_OR_DERIVED_FROM_REAL
20222023,2022020881,2023-02-17,EDM,NYR,0.672798,0.327202,EDM,0,NYR,0,0,REAL_NHL_API_OR_DERIVED_FROM_REAL
20222023,2022020882,2023-02-17,ANA,LAK,0.633169,0.366831,ANA,0,LAK,0,0,REAL_NHL_API_OR_DERIVED_FROM_REAL
20222023,2022020883,2023-02-18,STL,COL,0.574975,0.425025,STL,0,COL,0,0,REAL_NHL_API_OR_DERIVED_FROM_REAL
20222023,2022020884,2023-02-18,NSH,FLA,0.69028,0.30972,NSH,1,NSH,1,0,REAL_NHL_API_OR_DERIVED_FROM_REAL
20222023,2022020885,2023-02-18,BOS,NYI,0.559507,0.440493,BOS,1,BOS,1,0,REAL_NHL_API_OR_DERIVED_FROM_REAL
20222023,2022020886,2023-02-18,PIT,NJD,0.4835,0.5165,NJD,0,NJD,1,0,REAL_NHL_API_OR_DERIVED_FROM_REAL
20222023,2022020887,2023-02-18,DAL,CBJ,0.586539,0.413461,DAL,0,CBJ,0,0,REAL_NHL_API_OR_DERIVED_FROM_REAL
20222023,2022020888,2023-02-18,TOR,MTL,0.570217,0.429783,TOR,1,TOR,1,0,REAL_NHL_API_OR_DERIVED_FROM_REAL
20222023,2022020889,2023-02-18,CAR,WSH,0.572458,0.427542,CAR,1,CAR,1,0,REAL_NHL_API_OR_DERIVED_FROM_REAL
20222023,2022020890,2023-02-18,CGY,NYR,0.416774,0.583226,NYR,1,CGY,0,0,REAL_NHL_API_OR_DERIVED_FROM_REAL
20222023,2022020891,2023-02-18,VAN,PHI,0.522492,0.477508,VAN,1,VAN,1,0,REAL_NHL_API_OR_DERIVED_FROM_REAL
20222023,2022020892,2023-02-18,LAK,UTA,0.749646,0.250354,LAK,1,LAK,1,0,REAL_NHL_API_OR_DERIVED_FROM_REAL
20222023,2022020893,2023-02-18,SJS,BUF,0.538987,0.461013,SJS,0,BUF,0,0,REAL_NHL_API_OR_DERIVED_FROM_REAL
20222023,2022020894,2023-02-18,SEA,DET,0.477009,0.522991,DET,1,SEA,0,0,REAL_NHL_API_OR_DERIVED_FROM_REAL
20222023,2022020895,2023-02-18,VGK,TBL,0.552325,0.447675,VGK,1,VGK,1,0,REAL_NHL_API_OR_DERIVED_FROM_REAL
20222023,2022020896,2023-02-19,MIN,NSH,0.523904,0.476096,MIN,1,MIN,1,0,REAL_NHL_API_OR_DERIVED_FROM_REAL
20222023,2022020897,2023-02-19,OTT,STL,0.524236,0.475764,OTT,1,OTT,1,0,REAL_NHL_API_OR_DERIVED_FROM_REAL
20222023,2022020898,2023-02-19,COL,EDM,0.360541,0.639459,EDM,1,COL,0,0,REAL_NHL_API_OR_DERIVED_FROM_REAL
20222023,2022020899,2023-02-19,CHI,TOR,0.441891,0.558109,TOR,1,CHI,0,0,REAL_NHL_API_OR_DERIVED_FROM_REAL
20222023,2022020900,2023-02-19,NJD,WPG,0.55303,0.44697,NJD,1,NJD,1,0,REAL_NHL_API_OR_DERIVED_FROM_REAL
20222023,2022020901,2023-02-19,UTA,CBJ,0.592134,0.407866,UTA,1,UTA,1,0,REAL_NHL_API_OR_DERIVED_FROM_REAL
20222023,2022020902,2023-02-20,FLA,ANA,0.549867,0.450133,FLA,1,FLA,1,0,REAL_NHL_API_OR_DERIVED_FROM_REAL
20222023,2022020903,2023-02-20,BOS,OTT,0.558066,0.441934,BOS,1,BOS,1,0,REAL_NHL_API_OR_DERIVED_FROM_REAL
20222023,2022020904,2023-02-20,CGY,PHI,0.605016,0.394984,CGY,0,PHI,0,0,REAL_NHL_API_OR_DERIVED_FROM_REAL
20222023,2022020905,2023-02-20,SJS,SEA,0.441311,0.558689,SEA,1,SJS,0,0,REAL_NHL_API_OR_DERIVED_FROM_REAL
20222023,2022020906,2023-02-20,PIT,NYI,0.484785,0.515215,NYI,0,NYI,1,0,REAL_NHL_API_OR_DERIVED_FROM_REAL
20222023,2022020907,2023-02-20,NYR,WPG,0.624752,0.375248,NYR,0,WPG,0,0,REAL_NHL_API_OR_DERIVED_FROM_REAL
20222023,2022020908,2023-02-21,TBL,ANA,0.602948,0.397052,TBL,1,TBL,1,0,REAL_NHL_API_OR_DERIVED_FROM_REAL
20222023,2022020909,2023-02-21,WSH,DET,0.404285,0.595715,DET,0,DET,1,0,REAL_NHL_API_OR_DERIVED_FROM_REAL
20222023,2022020910,2023-02-21,NJD,MTL,0.557734,0.442266,NJD,0,MTL,0,0,REAL_NHL_API_OR_DERIVED_FROM_REAL
20222023,2022020911,2023-02-21,CAR,STL,0.563753,0.436247,CAR,1,CAR,1,0,REAL_NHL_API_OR_DERIVED_FROM_REAL
20222023,2022020912,2023-02-21,BUF,TOR,0.292008,0.707992,TOR,0,TOR,1,0,REAL_NHL_API_OR_DERIVED_FROM_REAL
20222023,2022020913,2023-02-21,MIN,LAK,0.452923,0.547077,LAK,1,MIN,0,0,REAL_NHL_API_OR_DERIVED_FROM_REAL
20222023,2022020914,2023-02-21,NSH,VAN,0.570187,0.429813,NSH,1,NSH,1,0,REAL_NHL_API_OR_DERIVED_FROM_REAL
20222023,2022020915,2023-02-21,CHI,VGK,0.41774,0.58226,VGK,1,CHI,0,0,REAL_NHL_API_OR_DERIVED_FROM_REAL
20222023,2022020916,2023-02-21,EDM,PHI,0.611491,0.388509,EDM,1,EDM,1,0,REAL_NHL_API_OR_DERIVED_FROM_REAL
20222023,2022020917,2023-02-22,NYI,WPG,0.5677,0.4323,NYI,1,NYI,1,0,REAL_NHL_API_OR_DERIVED_FROM_REAL
20222023,2022020918,2023-02-22,DAL,CHI,0.568022,0.431978,DAL,0,CHI,0,0,REAL_NHL_API_OR_DERIVED_FROM_REAL
20222023,2022020919,2023-02-22,UTA,CGY,0.491641,0.508359,CGY,0,CGY,1,0,REAL_NHL_API_OR_DERIVED_FROM_REAL
20222023,2022020920,2023-02-23,WSH,ANA,0.496915,0.503085,ANA,0,ANA,1,0,REAL_NHL_API_OR_DERIVED_FROM_REAL
20222023,2022020921,2023-02-23,TBL,BUF,0.619409,0.380591,TBL,0,BUF,0,0,REAL_NHL_API_OR_DERIVED_FROM_REAL
20222023,2022020922,2023-02-23,PIT,EDM,0.308801,0.691199,EDM,0,EDM,1,0,REAL_NHL_API_OR_DERIVED_FROM_REAL
20222023,2022020923,2023-02-23,NJD,LAK,0.460297,0.539703,LAK,1,NJD,0,0,REAL_NHL_API_OR_DERIVED_FROM_REAL
20222023,2022020924,2023-02-23,CBJ,MIN,0.602072,0.397928,CBJ,0,MIN,0,0,REAL_NHL_API_OR_DERIVED_FROM_REAL
20222023,2022020925,2023-02-23,DET,NYR,0.518974,0.481026,DET,1,DET,1,0,REAL_NHL_API_OR_DERIVED_FROM_REAL
20222023,2022020926,2023-02-23,STL,VAN,0.530065,0.469935,STL,0,VAN,0,0,REAL_NHL_API_OR_DERIVED_FROM_REAL
20222023,2022020927,2023-02-23,SEA,BOS,0.458409,0.541591,BOS,0,BOS,1,0,REAL_NHL_API_OR_DERIVED_FROM_REAL
20222023,2022020928,2023-02-23,VGK,CGY,0.53035,0.46965,VGK,1,VGK,1,0,REAL_NHL_API_OR_DERIVED_FROM_REAL
20222023,2022020929,2023-02-23,SJS,NSH,0.474348,0.525652,NSH,0,NSH,1,0,REAL_NHL_API_OR_DERIVED_FROM_REAL
20222023,2022020930,2023-02-24,FLA,BUF,0.519114,0.480886,FLA,0,BUF,0,0,REAL_NHL_API_OR_DERIVED_FROM_REAL
20222023,2022020931,2023-02-24,TOR,MIN,0.611403,0.388597,TOR,1,TOR,1,0,REAL_NHL_API_OR_DERIVED_FROM_REAL
20222023,2022020932,2023-02-24,PHI,MTL,0.468067,0.531933,MTL,0,MTL,1,0,REAL_NHL_API_OR_DERIVED_FROM_REAL
20222023,2022020933,2023-02-24,CAR,OTT,0.543223,0.456777,CAR,1,CAR,1,0,REAL_NHL_API_OR_DERIVED_FROM_REAL
20222023,2022020934,2023-02-24,NYI,LAK,0.476174,0.523826,LAK,0,LAK,1,0,REAL_NHL_API_OR_DERIVED_FROM_REAL
20222023,2022020935,2023-02-24,WPG,COL,0.285138,0.714862,COL,0,COL,1,0,REAL_NHL_API_OR_DERIVED_FROM_REAL
20222023,2022020936,2023-02-25,CBJ,EDM,0.67691,0.32309,CBJ,1,CBJ,1,0,REAL_NHL_API_OR_DERIVED_FROM_REAL
20222023,2022020937,2023-02-25,WSH,NYR,0.6605,0.3395,WSH,1,WSH,1,0,REAL_NHL_API_OR_DERIVED_FROM_REAL
20222023,2022020938,2023-02-25,CAR,ANA,0.603396,0.396604,CAR,0,ANA,0,0,REAL_NHL_API_OR_DERIVED_FROM_REAL
20222023,2022020939,2023-02-25,VAN,BOS,0.454437,0.545563,BOS,0,BOS,1,0,REAL_NHL_API_OR_DERIVED_FROM_REAL
20222023,2022020940,2023-02-25,MTL,OTT,0.549317,0.450683,MTL,0,OTT,0,0,REAL_NHL_API_OR_DERIVED_FROM_REAL
20222023,2022020941,2023-02-25,NJD,PHI,0.534983,0.465017,NJD,1,NJD,1,0,REAL_NHL_API_OR_DERIVED_FROM_REAL
20222023,2022020942,2023-02-25,DET,TBL,0.53885,0.46115,DET,0,TBL,0,0,REAL_NHL_API_OR_DERIVED_FROM_REAL
20222023,2022020943,2023-02-25,STL,PIT,0.469545,0.530455,PIT,0,PIT,1,0,REAL_NHL_API_OR_DERIVED_FROM_REAL
20222023,2022020944,2023-02-25,COL,CGY,0.611237,0.388763,COL,1,COL,1,0,REAL_NHL_API_OR_DERIVED_FROM_REAL
20222023,2022020945,2023-02-25,VGK,DAL,0.615292,0.384708,VGK,0,DAL,0,0,REAL_NHL_API_OR_DERIVED_FROM_REAL
20222023,2022020946,2023-02-25,SJS,CHI,0.45949,0.54051,CHI,0,CHI,1,0,REAL_NHL_API_OR_DERIVED_FROM_REAL
20222023,2022020947,2023-02-26,BUF,WSH,0.724112,0.275888,BUF,1,BUF,1,0,REAL_NHL_API_OR_DERIVED_FROM_REAL
20222023,2022020948,2023-02-26,MIN,CBJ,0.48771,0.51229,CBJ,1,MIN,0,0,REAL_NHL_API_OR_DERIVED_FROM_REAL
20222023,2022020949,2023-02-26,WPG,NYI,0.506937,0.493063,WPG,0,NYI,0,0,REAL_NHL_API_OR_DERIVED_FROM_REAL
20222023,2022020950,2023-02-26,NYR,LAK,0.65323,0.34677,NYR,1,NYR,1,0,REAL_NHL_API_OR_DERIVED_FROM_REAL
20222023,2022020951,2023-02-26,PIT,TBL,0.489649,0.510351,TBL,1,PIT,0,0,REAL_NHL_API_OR_DERIVED_FROM_REAL
20222023,2022020952,2023-02-26,UTA,NSH,0.32407,0.67593,NSH,0,NSH,1,0,REAL_NHL_API_OR_DERIVED_FROM_REAL
20222023,2022020953,2023-02-26,SEA,TOR,0.271638,0.728362,TOR,0,TOR,1,0,REAL_NHL_API_OR_DERIVED_FROM_REAL
20222023,2022020534,2023-02-27,OTT,DET,0.589024,0.410976,OTT,1,OTT,1,0,REAL_NHL_API_OR_DERIVED_FROM_REAL
20222023,2022020954,2023-02-27,EDM,BOS,0.506303,0.493697,EDM,0,BOS,0,0,REAL_NHL_API_OR_DERIVED_FROM_REAL
20222023,2022020955,2023-02-27,DAL,VAN,0.496453,0.503547,VAN,0,VAN,1,0,REAL_NHL_API_OR_DERIVED_FROM_REAL
20222023,2022020956,2023-02-27,COL,VGK,0.632362,0.367638,COL,1,COL,1,0,REAL_NHL_API_OR_DERIVED_FROM_REAL
20222023,2022020957,2023-02-27,ANA,CHI,0.52922,0.47078,ANA,1,ANA,1,0,REAL_NHL_API_OR_DERIVED_FROM_REAL
20222023,2022020958,2023-02-28,BUF,CBJ,0.561124,0.438876,BUF,0,CBJ,0,0,REAL_NHL_API_OR_DERIVED_FROM_REAL
20222023,2022020959,2023-02-28,OTT,DET,0.642767,0.357233,OTT,1,OTT,1,0,REAL_NHL_API_OR_DERIVED_FROM_REAL
20222023,2022020960,2023-02-28,TBL,FLA,0.592139,0.407861,TBL,0,FLA,0,0,REAL_NHL_API_OR_DERIVED_FROM_REAL
20222023,2022020961,2023-02-28,WPG,LAK,0.486311,0.513689,LAK,0,LAK,1,0,REAL_NHL_API_OR_DERIVED_FROM_REAL
20222023,2022020962,2023-02-28,MIN,NYI,0.546372,0.453628,MIN,1,MIN,1,0,REAL_NHL_API_OR_DERIVED_FROM_REAL
20222023,2022020963,2023-02-28,NSH,PIT,0.621287,0.378713,NSH,0,PIT,0,0,REAL_NHL_API_OR_DERIVED_FROM_REAL
20222023,2022020964,2023-02-28,STL,SEA,0.518121,0.481879,STL,0,SEA,0,0,REAL_NHL_API_OR_DERIVED_FROM_REAL
20222023,2022020965,2023-02-28,CGY,BOS,0.284902,0.715098,BOS,0,BOS,1,0,REAL_NHL_API_OR_DERIVED_FROM_REAL
20222023,2022020966,2023-02-28,UTA,CHI,0.513245,0.486755,UTA,1,UTA,1,0,REAL_NHL_API_OR_DERIVED_FROM_REAL
20222023,2022020967,2023-02-28,SJS,MTL,0.52548,0.47452,SJS,0,MTL,0,0,REAL_NHL_API_OR_DERIVED_FROM_REAL
20222023,2022020968,2023-03-01,PHI,NYR,0.34055,0.65945,NYR,0,NYR,1,0,REAL_NHL_API_OR_DERIVED_FROM_REAL
20222023,2022020969,2023-03-01,EDM,TOR,0.476281,0.523719,TOR,1,EDM,0,0,REAL_NHL_API_OR_DERIVED_FROM_REAL
20222023,2022020970,2023-03-01,DAL,UTA,0.469445,0.530555,UTA,1,DAL,0,0,REAL_NHL_API_OR_DERIVED_FROM_REAL
20222023,2022020971,2023-03-01,COL,NJD,0.720389,0.279611,COL,0,NJD,0,0,REAL_NHL_API_OR_DERIVED_FROM_REAL
20222023,2022020972,2023-03-01,VGK,CAR,0.494645,0.505355,CAR,1,VGK,0,0,REAL_NHL_API_OR_DERIVED_FROM_REAL
20222023,2022020973,2023-03-01,ANA,WSH,0.597279,0.402721,ANA,0,WSH,0,0,REAL_NHL_API_OR_DERIVED_FROM_REAL
20222023,2022020974,2023-03-02,BOS,BUF,0.651424,0.348576,BOS,1,BOS,1,0,REAL_NHL_API_OR_DERIVED_FROM_REAL
20222023,2022020975,2023-03-02,FLA,NSH,0.496968,0.503032,NSH,0,NSH,1,0,REAL_NHL_API_OR_DERIVED_FROM_REAL
20222023,2022020976,2023-03-02,NYR,OTT,0.707005,0.292995,NYR,0,OTT,0,0,REAL_NHL_API_OR_DERIVED_FROM_REAL
20222023,2022020977,2023-03-02,TBL,PIT,0.518741,0.481259,TBL,0,PIT,0,0,REAL_NHL_API_OR_DERIVED_FROM_REAL
20222023,2022020978,2023-03-02,DET,SEA,0.681758,0.318242,DET,0,SEA,0,0,REAL_NHL_API_OR_DERIVED_FROM_REAL
20222023,2022020979,2023-03-02,CHI,DAL,0.469083,0.530917,DAL,0,DAL,1,0,REAL_NHL_API_OR_DERIVED_FROM_REAL
20222023,2022020980,2023-03-02,CGY,TOR,0.437897,0.562103,TOR,0,TOR,1,0,REAL_NHL_API_OR_DERIVED_FROM_REAL
20222023,2022020981,2023-03-02,VAN,MIN,0.606127,0.393873,VAN,0,MIN,0,0,REAL_NHL_API_OR_DERIVED_FROM_REAL
20222023,2022020982,2023-03-02,LAK,MTL,0.537963,0.462037,LAK,1,LAK,1,0,REAL_NHL_API_OR_DERIVED_FROM_REAL
20222023,2022020983,2023-03-02,SJS,STL,0.517671,0.482329,SJS,0,STL,0,0,REAL_NHL_API_OR_DERIVED_FROM_REAL
20222023,2022020984,2023-03-03,CBJ,SEA,0.537658,0.462342,CBJ,0,SEA,0,0,REAL_NHL_API_OR_DERIVED_FROM_REAL
20222023,2022020985,2023-03-03,EDM,WPG,0.759131,0.240869,EDM,1,EDM,1,0,REAL_NHL_API_OR_DERIVED_FROM_REAL
20222023,2022020986,2023-03-03,UTA,CAR,0.472154,0.527846,CAR,0,CAR,1,0,REAL_NHL_API_OR_DERIVED_FROM_REAL
20222023,2022020987,2023-03-03,ANA,MTL,0.588789,0.411211,ANA,1,ANA,1,0,REAL_NHL_API_OR_DERIVED_FROM_REAL
20222023,2022020988,2023-03-03,VGK,NJD,0.490367,0.509633,NJD,1,VGK,0,0,REAL_NHL_API_OR_DERIVED_FROM_REAL
20222023,2022020536,2023-03-04,BUF,TBL,0.547654,0.452346,BUF,1,BUF,1,0,REAL_NHL_API_OR_DERIVED_FROM_REAL
20222023,2022020989,2023-03-04,NYI,DET,0.620031,0.379969,NYI,1,NYI,1,0,REAL_NHL_API_OR_DERIVED_FROM_REAL
20222023,2022020991,2023-03-04,BOS,NYR,0.46197,0.53803,NYR,1,BOS,0,0,REAL_NHL_API_OR_DERIVED_FROM_REAL
20222023,2022020992,2023-03-04,FLA,PIT,0.498428,0.501572,PIT,1,FLA,0,0,REAL_NHL_API_OR_DERIVED_FROM_REAL
20222023,2022020993,2023-03-04,SJS,WSH,0.476522,0.523478,WSH,0,WSH,1,0,REAL_NHL_API_OR_DERIVED_FROM_REAL
20222023,2022020994,2023-03-04,OTT,CBJ,0.753982,0.246018,OTT,1,OTT,1,0,REAL_NHL_API_OR_DERIVED_FROM_REAL
20222023,2022020995,2023-03-04,WPG,EDM,0.497004,0.502996,EDM,1,WPG,0,0,REAL_NHL_API_OR_DERIVED_FROM_REAL
20222023,2022020996,2023-03-04,VAN,TOR,0.554109,0.445891,VAN,1,VAN,1,0,REAL_NHL_API_OR_DERIVED_FROM_REAL
20222023,2022020997,2023-03-04,DAL,COL,0.673638,0.326362,DAL,1,DAL,1,0,REAL_NHL_API_OR_DERIVED_FROM_REAL
20222023,2022020998,2023-03-04,CHI,NSH,0.420413,0.579587,NSH,0,NSH,1,0,REAL_NHL_API_OR_DERIVED_FROM_REAL
20222023,2022020999,2023-03-04,CGY,MIN,0.549188,0.450812,CGY,0,MIN,0,0,REAL_NHL_API_OR_DERIVED_FROM_REAL
20222023,2022021000,2023-03-04,LAK,STL,0.574214,0.425786,LAK,1,LAK,1,0,REAL_NHL_API_OR_DERIVED_FROM_REAL
20222023,2022021001,2023-03-05,CAR,TBL,0.567065,0.432935,CAR,1,CAR,1,0,REAL_NHL_API_OR_DERIVED_FROM_REAL
20222023,2022021002,2023-03-05,PHI,DET,0.522481,0.477519,PHI,1,PHI,1,0,REAL_NHL_API_OR_DERIVED_FROM_REAL
20222023,2022021003,2023-03-05,VGK,MTL,0.478761,0.521239,MTL,1,VGK,0,0,REAL_NHL_API_OR_DERIVED_FROM_REAL
20222023,2022021004,2023-03-05,UTA,NJD,0.506955,0.493045,UTA,0,NJD,0,0,REAL_NHL_API_OR_DERIVED_FROM_REAL
20222023,2022021005,2023-03-05,COL,SEA,0.550897,0.449103,COL,0,SEA,0,0,REAL_NHL_API_OR_DERIVED_FROM_REAL
20222023,2022021006,2023-03-06,BUF,EDM,0.534215,0.465785,BUF,0,EDM,0,0,REAL_NHL_API_OR_DERIVED_FROM_REAL
20222023,2022021007,2023-03-06,WPG,SJS,0.577979,0.422021,WPG,0,SJS,0,0,REAL_NHL_API_OR_DERIVED_FROM_REAL
20222023,2022021008,2023-03-06,DAL,CGY,0.636152,0.363848,DAL,0,CGY,0,0,REAL_NHL_API_OR_DERIVED_FROM_REAL
20222023,2022021009,2023-03-06,CHI,OTT,0.378433,0.621567,OTT,1,CHI,0,0,REAL_NHL_API_OR_DERIVED_FROM_REAL
20222023,2022021010,2023-03-06,VAN,NSH,0.516897,0.483103,VAN,1,VAN,1,0,REAL_NHL_API_OR_DERIVED_FROM_REAL
20222023,2022021011,2023-03-06,LAK,WSH,0.487135,0.512865,WSH,1,LAK,0,0,REAL_NHL_API_OR_DERIVED_FROM_REAL
20222023,2022021012,2023-03-07,MTL,CAR,0.583951,0.416049,MTL,0,CAR,0,0,REAL_NHL_API_OR_DERIVED_FROM_REAL
20222023,2022021013,2023-03-07,PIT,CBJ,0.628844,0.371156,PIT,1,PIT,1,0,REAL_NHL_API_OR_DERIVED_FROM_REAL
20222023,2022021014,2023-03-07,TBL,PHI,0.565152,0.434848,TBL,1,TBL,1,0,REAL_NHL_API_OR_DERIVED_FROM_REAL
20222023,2022021015,2023-03-07,NJD,TOR,0.586123,0.413877,NJD,0,TOR,0,0,REAL_NHL_API_OR_DERIVED_FROM_REAL
20222023,2022021016,2023-03-07,FLA,VGK,0.594227,0.405773,FLA,1,FLA,1,0,REAL_NHL_API_OR_DERIVED_FROM_REAL
20222023,2022021017,2023-03-07,NYI,BUF,0.574798,0.425202,NYI,1,NYI,1,0,REAL_NHL_API_OR_DERIVED_FROM_REAL
20222023,2022021018,2023-03-07,MIN,CGY,0.585087,0.414913,MIN,0,CGY,0,0,REAL_NHL_API_OR_DERIVED_FROM_REAL
20222023,2022021019,2023-03-07,COL,SJS,0.753267,0.246733,COL,1,COL,1,0,REAL_NHL_API_OR_DERIVED_FROM_REAL
20222023,2022021020,2023-03-07,UTA,STL,0.512465,0.487535,UTA,1,UTA,1,0,REAL_NHL_API_OR_DERIVED_FROM_REAL
20222023,2022021021,2023-03-07,SEA,ANA,0.534661,0.465339,SEA,1,SEA,1,0,REAL_NHL_API_OR_DERIVED_FROM_REAL
20222023,2022021022,2023-03-08,DET,CHI,0.495542,0.504458,CHI,1,DET,0,0,REAL_NHL_API_OR_DERIVED_FROM_REAL
20222023,2022021023,2023-03-08,WPG,MIN,0.573862,0.426138,WPG,0,MIN,0,0,REAL_NHL_API_OR_DERIVED_FROM_REAL
20222023,2022021024,2023-03-08,VAN,ANA,0.562891,0.437109,VAN,1,VAN,1,0,REAL_NHL_API_OR_DERIVED_FROM_REAL
20222023,2022021025,2023-03-09,BUF,DAL,0.441914,0.558086,DAL,0,DAL,1,0,REAL_NHL_API_OR_DERIVED_FROM_REAL
20222023,2022021026,2023-03-09,BOS,EDM,0.597594,0.402406,BOS,0,EDM,0,0,REAL_NHL_API_OR_DERIVED_FROM_REAL
20222023,2022021027,2023-03-09,PIT,NYI,0.567293,0.432707,PIT,0,NYI,0,0,REAL_NHL_API_OR_DERIVED_FROM_REAL
20222023,2022021028,2023-03-09,MTL,NYR,0.487568,0.512432,NYR,0,NYR,1,0,REAL_NHL_API_OR_DERIVED_FROM_REAL
20222023,2022021029,2023-03-09,WSH,NJD,0.539497,0.460503,WSH,0,NJD,0,0,REAL_NHL_API_OR_DERIVED_FROM_REAL
20222023,2022021030,2023-03-09,CAR,PHI,0.610885,0.389115,CAR,1,CAR,1,0,REAL_NHL_API_OR_DERIVED_FROM_REAL
20222023,2022021031,2023-03-09,TBL,VGK,0.605025,0.394975,TBL,0,VGK,0,0,REAL_NHL_API_OR_DERIVED_FROM_REAL
20222023,2022021032,2023-03-09,STL,SJS,0.603394,0.396606,STL,1,STL,1,0,REAL_NHL_API_OR_DERIVED_FROM_REAL
20222023,2022021033,2023-03-09,COL,LAK,0.574902,0.425098,COL,0,LAK,0,0,REAL_NHL_API_OR_DERIVED_FROM_REAL
20222023,2022021034,2023-03-09,UTA,NSH,0.494281,0.505719,NSH,1,UTA,0,0,REAL_NHL_API_OR_DERIVED_FROM_REAL
20222023,2022021035,2023-03-09,SEA,OTT,0.549299,0.450701,SEA,0,OTT,0,0,REAL_NHL_API_OR_DERIVED_FROM_REAL
20222023,2022021036,2023-03-10,FLA,CHI,0.625003,0.374997,FLA,1,FLA,1,0,REAL_NHL_API_OR_DERIVED_FROM_REAL
20222023,2022021037,2023-03-10,CGY,ANA,0.48926,0.51074,ANA,0,ANA,1,0,REAL_NHL_API_OR_DERIVED_FROM_REAL
20222023,2022021038,2023-03-11,BOS,DET,0.676333,0.323667,BOS,1,BOS,1,0,REAL_NHL_API_OR_DERIVED_FROM_REAL
20222023,2022021039,2023-03-11,PIT,PHI,0.680295,0.319705,PIT,1,PIT,1,0,REAL_NHL_API_OR_DERIVED_FROM_REAL
20222023,2022021040,2023-03-11,BUF,NYR,0.454217,0.545783,NYR,0,NYR,1,0,REAL_NHL_API_OR_DERIVED_FROM_REAL
20222023,2022021041,2023-03-11,COL,UTA,0.5407,0.4593,COL,1,COL,1,0,REAL_NHL_API_OR_DERIVED_FROM_REAL
20222023,2022021042,2023-03-11,TBL,CHI,0.588966,0.411034,TBL,1,TBL,1,0,REAL_NHL_API_OR_DERIVED_FROM_REAL
20222023,2022021043,2023-03-11,TOR,EDM,0.454427,0.545573,EDM,1,TOR,0,0,REAL_NHL_API_OR_DERIVED_FROM_REAL
20222023,2022021044,2023-03-11,MTL,NJD,0.477912,0.522088,NJD,0,NJD,1,0,REAL_NHL_API_OR_DERIVED_FROM_REAL
20222023,2022021045,2023-03-11,CBJ,STL,0.537093,0.462907,CBJ,0,STL,0,0,REAL_NHL_API_OR_DERIVED_FROM_REAL
20222023,2022021046,2023-03-11,CAR,VGK,0.622736,0.377264,CAR,0,VGK,0,0,REAL_NHL_API_OR_DERIVED_FROM_REAL
20222023,2022021047,2023-03-11,FLA,WPG,0.616635,0.383365,FLA,0,WPG,0,0,REAL_NHL_API_OR_DERIVED_FROM_REAL
20222023,2022021048,2023-03-11,NYI,WSH,0.541214,0.458786,NYI,0,WSH,0,0,REAL_NHL_API_OR_DERIVED_FROM_REAL
20222023,2022021049,2023-03-11,SEA,DAL,0.522383,0.477617,SEA,0,DAL,0,0,REAL_NHL_API_OR_DERIVED_FROM_REAL
20222023,2022021050,2023-03-11,VAN,OTT,0.509364,0.490636,VAN,1,VAN,1,0,REAL_NHL_API_OR_DERIVED_FROM_REAL
20222023,2022021051,2023-03-11,SJS,MIN,0.480208,0.519792,MIN,0,MIN,1,0,REAL_NHL_API_OR_DERIVED_FROM_REAL
20222023,2022021052,2023-03-11,LAK,NSH,0.488407,0.511593,NSH,0,NSH,1,0,REAL_NHL_API_OR_DERIVED_FROM_REAL
20222023,2022021053,2023-03-12,DET,BOS,0.402918,0.597082,BOS,1,DET,0,0,REAL_NHL_API_OR_DERIVED_FROM_REAL
20222023,2022021054,2023-03-12,PIT,NYR,0.554557,0.445443,PIT,1,PIT,1,0,REAL_NHL_API_OR_DERIVED_FROM_REAL
20222023,2022021055,2023-03-12,NJD,CAR,0.480613,0.519387,CAR,1,NJD,0,0,REAL_NHL_API_OR_DERIVED_FROM_REAL
20222023,2022021056,2023-03-12,STL,VGK,0.465564,0.534436,VGK,0,VGK,1,0,REAL_NHL_API_OR_DERIVED_FROM_REAL
20222023,2022021057,2023-03-12,TBL,WPG,0.547285,0.452715,TBL,0,WPG,0,0,REAL_NHL_API_OR_DERIVED_FROM_REAL
20222023,2022021058,2023-03-12,UTA,MIN,0.491543,0.508457,MIN,1,UTA,0,0,REAL_NHL_API_OR_DERIVED_FROM_REAL
20222023,2022021059,2023-03-12,CGY,OTT,0.480984,0.519016,OTT,1,CGY,0,0,REAL_NHL_API_OR_DERIVED_FROM_REAL
20222023,2022021060,2023-03-12,ANA,NSH,0.526516,0.473484,ANA,0,NSH,0,0,REAL_NHL_API_OR_DERIVED_FROM_REAL
20222023,2022021061,2023-03-13,TOR,BUF,0.498792,0.501208,BUF,0,BUF,1,0,REAL_NHL_API_OR_DERIVED_FROM_REAL
20222023,2022021062,2023-03-13,MTL,COL,0.316925,0.683075,COL,0,COL,1,0,REAL_NHL_API_OR_DERIVED_FROM_REAL
20222023,2022021063,2023-03-13,SEA,DAL,0.452823,0.547177,DAL,0,DAL,1,0,REAL_NHL_API_OR_DERIVED_FROM_REAL
20222023,2022021064,2023-03-14,PIT,MTL,0.443986,0.556014,MTL,0,MTL,1,0,REAL_NHL_API_OR_DERIVED_FROM_REAL
20222023,2022021065,2023-03-14,NJD,TBL,0.558678,0.441322,NJD,0,TBL,0,0,REAL_NHL_API_OR_DERIVED_FROM_REAL
20222023,2022021066,2023-03-14,PHI,VGK,0.483644,0.516356,VGK,0,VGK,1,0,REAL_NHL_API_OR_DERIVED_FROM_REAL
20222023,2022021067,2023-03-14,NYR,WSH,0.479862,0.520138,WSH,1,NYR,0,0,REAL_NHL_API_OR_DERIVED_FROM_REAL
20222023,2022021068,2023-03-14,CAR,WPG,0.511997,0.488003,CAR,1,CAR,1,0,REAL_NHL_API_OR_DERIVED_FROM_REAL
20222023,2022021069,2023-03-14,NSH,DET,0.615196,0.384804,NSH,1,NSH,1,0,REAL_NHL_API_OR_DERIVED_FROM_REAL
20222023,2022021070,2023-03-14,CHI,BOS,0.242395,0.757605,BOS,1,CHI,0,0,REAL_NHL_API_OR_DERIVED_FROM_REAL
20222023,2022021071,2023-03-14,EDM,OTT,0.611612,0.388388,EDM,1,EDM,1,0,REAL_NHL_API_OR_DERIVED_FROM_REAL
20222023,2022021072,2023-03-14,UTA,CGY,0.585536,0.414464,UTA,1,UTA,1,0,REAL_NHL_API_OR_DERIVED_FROM_REAL
20222023,2022021073,2023-03-14,VAN,DAL,0.468712,0.531288,DAL,1,VAN,0,0,REAL_NHL_API_OR_DERIVED_FROM_REAL
20222023,2022021074,2023-03-14,SJS,CBJ,0.508095,0.491905,SJS,0,CBJ,0,0,REAL_NHL_API_OR_DERIVED_FROM_REAL
20222023,2022021075,2023-03-14,LAK,NYI,0.609603,0.390397,LAK,1,LAK,1,0,REAL_NHL_API_OR_DERIVED_FROM_REAL
20222023,2022021076,2023-03-15,WSH,BUF,0.633532,0.366468,WSH,1,WSH,1,0,REAL_NHL_API_OR_DERIVED_FROM_REAL
20222023,2022021077,2023-03-15,TOR,COL,0.52623,0.47377,TOR,0,COL,0,0,REAL_NHL_API_OR_DERIVED_FROM_REAL
20222023,2022021078,2023-03-15,STL,MIN,0.365809,0.634191,MIN,0,MIN,1,0,REAL_NHL_API_OR_DERIVED_FROM_REAL
20222023,2022021079,2023-03-15,ANA,NYI,0.528573,0.471427,ANA,0,NYI,0,0,REAL_NHL_API_OR_DERIVED_FROM_REAL
20222023,2022021080,2023-03-16,OTT,COL,0.455531,0.544469,COL,0,COL,1,0,REAL_NHL_API_OR_DERIVED_FROM_REAL
20222023,2022021081,2023-03-16,FLA,MTL,0.727594,0.272406,FLA,1,FLA,1,0,REAL_NHL_API_OR_DERIVED_FROM_REAL
20222023,2022021082,2023-03-16,NYR,PIT,0.544942,0.455058,NYR,1,NYR,1,0,REAL_NHL_API_OR_DERIVED_FROM_REAL
20222023,2022021083,2023-03-16,NJD,TBL,0.54297,0.45703,NJD,0,TBL,0,0,REAL_NHL_API_OR_DERIVED_FROM_REAL
20222023,2022021084,2023-03-16,WPG,BOS,0.478247,0.521753,BOS,0,BOS,1,0,REAL_NHL_API_OR_DERIVED_FROM_REAL
20222023,2022021085,2023-03-16,NSH,CHI,0.575472,0.424528,NSH,0,CHI,0,0,REAL_NHL_API_OR_DERIVED_FROM_REAL
20222023,2022021086,2023-03-16,EDM,DAL,0.515249,0.484751,EDM,1,EDM,1,0,REAL_NHL_API_OR_DERIVED_FROM_REAL
20222023,2022021087,2023-03-16,VGK,CGY,0.552537,0.447463,VGK,0,CGY,0,0,REAL_NHL_API_OR_DERIVED_FROM_REAL
20222023,2022021088,2023-03-16,UTA,VAN,0.487895,0.512105,VAN,1,UTA,0,0,REAL_NHL_API_OR_DERIVED_FROM_REAL
20222023,2022021089,2023-03-16,LAK,CBJ,0.756794,0.243206,LAK,1,LAK,1,0,REAL_NHL_API_OR_DERIVED_FROM_REAL
20222023,2022021090,2023-03-16,SJS,SEA,0.471671,0.528329,SEA,0,SEA,1,0,REAL_NHL_API_OR_DERIVED_FROM_REAL
20222023,2022021091,2023-03-17,PHI,BUF,0.43538,0.56462,BUF,1,PHI,0,0,REAL_NHL_API_OR_DERIVED_FROM_REAL
20222023,2022021092,2023-03-17,TOR,CAR,0.603936,0.396064,TOR,1,TOR,1,0,REAL_NHL_API_OR_DERIVED_FROM_REAL
20222023,2022021093,2023-03-17,WSH,STL,0.569701,0.430299,WSH,0,STL,0,0,REAL_NHL_API_OR_DERIVED_FROM_REAL
20222023,2022021094,2023-03-17,ANA,CBJ,0.553525,0.446475,ANA,1,ANA,1,0,REAL_NHL_API_OR_DERIVED_FROM_REAL
20222023,2022021095,2023-03-18,DET,COL,0.396864,0.603136,COL,0,COL,1,0,REAL_NHL_API_OR_DERIVED_FROM_REAL
20222023,2022021096,2023-03-18,MIN,BOS,0.541405,0.458595,MIN,0,BOS,0,0,REAL_NHL_API_OR_DERIVED_FROM_REAL
20222023,2022021097,2023-03-18,NSH,WPG,0.538215,0.461785,NSH,0,WPG,0,0,REAL_NHL_API_OR_DERIVED_FROM_REAL
20222023,2022021098,2023-03-18,SEA,EDM,0.294547,0.705453,EDM,0,EDM,1,0,REAL_NHL_API_OR_DERIVED_FROM_REAL
20222023,2022021099,2023-03-18,PHI,CAR,0.524954,0.475046,PHI,0,CAR,0,0,REAL_NHL_API_OR_DERIVED_FROM_REAL
20222023,2022021100,2023-03-18,FLA,NJD,0.577713,0.422287,FLA,1,FLA,1,0,REAL_NHL_API_OR_DERIVED_FROM_REAL
20222023,2022021101,2023-03-18,TBL,MTL,0.400663,0.599337,MTL,1,TBL,0,0,REAL_NHL_API_OR_DERIVED_FROM_REAL
20222023,2022021102,2023-03-18,OTT,TOR,0.540435,0.459565,OTT,0,TOR,0,0,REAL_NHL_API_OR_DERIVED_FROM_REAL
20222023,2022021103,2023-03-18,NYR,PIT,0.735515,0.264485,NYR,1,NYR,1,0,REAL_NHL_API_OR_DERIVED_FROM_REAL
20222023,2022021104,2023-03-18,CGY,DAL,0.505744,0.494256,CGY,0,DAL,0,0,REAL_NHL_API_OR_DERIVED_FROM_REAL
20222023,2022021105,2023-03-18,LAK,VAN,0.561188,0.438812,LAK,0,VAN,0,0,REAL_NHL_API_OR_DERIVED_FROM_REAL
20222023,2022021106,2023-03-18,UTA,CHI,0.555457,0.444543,UTA,1,UTA,1,0,REAL_NHL_API_OR_DERIVED_FROM_REAL
20222023,2022021107,2023-03-18,SJS,NYI,0.479797,0.520203,NYI,0,NYI,1,0,REAL_NHL_API_OR_DERIVED_FROM_REAL
20222023,2022021108,2023-03-19,BUF,BOS,0.458962,0.541038,BOS,0,BOS,1,0,REAL_NHL_API_OR_DERIVED_FROM_REAL
20222023,2022021109,2023-03-19,MIN,WSH,0.608307,0.391693,MIN,1,MIN,1,0,REAL_NHL_API_OR_DERIVED_FROM_REAL
20222023,2022021110,2023-03-19,VGK,CBJ,0.772506,0.227494,VGK,1,VGK,1,0,REAL_NHL_API_OR_DERIVED_FROM_REAL
20222023,2022021111,2023-03-19,NYR,NSH,0.75496,0.24504,NYR,1,NYR,1,0,REAL_NHL_API_OR_DERIVED_FROM_REAL
20222023,2022021112,2023-03-19,TBL,NJD,0.586171,0.413829,TBL,0,NJD,0,0,REAL_NHL_API_OR_DERIVED_FROM_REAL
20222023,2022021113,2023-03-19,STL,WPG,0.364095,0.635905,WPG,1,STL,0,0,REAL_NHL_API_OR_DERIVED_FROM_REAL
20222023,2022021114,2023-03-19,ANA,VAN,0.567223,0.432777,ANA,0,VAN,0,0,REAL_NHL_API_OR_DERIVED_FROM_REAL
20222023,2022021115,2023-03-20,PIT,OTT,0.510819,0.489181,PIT,0,OTT,0,0,REAL_NHL_API_OR_DERIVED_FROM_REAL
20222023,2022021116,2023-03-20,DET,FLA,0.424808,0.575192,FLA,0,FLA,1,0,REAL_NHL_API_OR_DERIVED_FROM_REAL
20222023,2022021117,2023-03-20,COL,CHI,0.604272,0.395728,COL,1,COL,1,0,REAL_NHL_API_OR_DERIVED_FROM_REAL
20222023,2022021118,2023-03-20,EDM,SJS,0.608663,0.391337,EDM,1,EDM,1,0,REAL_NHL_API_OR_DERIVED_FROM_REAL
20222023,2022021119,2023-03-20,LAK,CGY,0.724343,0.275657,LAK,1,LAK,1,0,REAL_NHL_API_OR_DERIVED_FROM_REAL
20222023,2022021120,2023-03-21,NYR,CAR,0.681327,0.318673,NYR,0,CAR,0,0,REAL_NHL_API_OR_DERIVED_FROM_REAL
20222023,2022021121,2023-03-21,WSH,CBJ,0.576072,0.423928,WSH,0,CBJ,0,0,REAL_NHL_API_OR_DERIVED_FROM_REAL
20222023,2022021122,2023-03-21,PHI,FLA,0.439395,0.560605,FLA,1,PHI,0,0,REAL_NHL_API_OR_DERIVED_FROM_REAL
20222023,2022021123,2023-03-21,NJD,MIN,0.438149,0.561851,MIN,0,MIN,1,0,REAL_NHL_API_OR_DERIVED_FROM_REAL
20222023,2022021124,2023-03-21,BUF,NSH,0.411578,0.588422,NSH,0,NSH,1,0,REAL_NHL_API_OR_DERIVED_FROM_REAL
20222023,2022021125,2023-03-21,BOS,OTT,0.674242,0.325758,BOS,1,BOS,1,0,REAL_NHL_API_OR_DERIVED_FROM_REAL
20222023,2022021126,2023-03-21,MTL,TBL,0.537629,0.462371,MTL,1,MTL,1,0,REAL_NHL_API_OR_DERIVED_FROM_REAL
20222023,2022021127,2023-03-21,NYI,TOR,0.480246,0.519754,TOR,1,NYI,0,0,REAL_NHL_API_OR_DERIVED_FROM_REAL
20222023,2022021128,2023-03-21,WPG,UTA,0.256515,0.743485,UTA,1,WPG,0,0,REAL_NHL_API_OR_DERIVED_FROM_REAL
20222023,2022021129,2023-03-21,STL,DET,0.627019,0.372981,STL,0,DET,0,0,REAL_NHL_API_OR_DERIVED_FROM_REAL
20222023,2022021130,2023-03-21,DAL,SEA,0.591223,0.408777,DAL,0,SEA,0,0,REAL_NHL_API_OR_DERIVED_FROM_REAL
20222023,2022021131,2023-03-21,ANA,CGY,0.612886,0.387114,ANA,0,CGY,0,0,REAL_NHL_API_OR_DERIVED_FROM_REAL
20222023,2022021132,2023-03-21,VAN,VGK,0.546112,0.453888,VAN,0,VGK,0,0,REAL_NHL_API_OR_DERIVED_FROM_REAL
20222023,2022021133,2023-03-22,COL,PIT,0.668653,0.331347,COL,0,PIT,0,0,REAL_NHL_API_OR_DERIVED_FROM_REAL
20222023,2022021134,2023-03-22,EDM,UTA,0.578344,0.421656,EDM,1,EDM,1,0,REAL_NHL_API_OR_DERIVED_FROM_REAL
20222023,2022021135,2023-03-23,WSH,CHI,0.639633,0.360367,WSH,1,WSH,1,0,REAL_NHL_API_OR_DERIVED_FROM_REAL
20222023,2022021136,2023-03-23,PHI,MIN,0.464514,0.535486,MIN,1,PHI,0,0,REAL_NHL_API_OR_DERIVED_FROM_REAL
20222023,2022021137,2023-03-23,BOS,MTL,0.648301,0.351699,BOS,1,BOS,1,0,REAL_NHL_API_OR_DERIVED_FROM_REAL
20222023,2022021138,2023-03-23,CAR,NYR,0.408105,0.591895,NYR,0,NYR,1,0,REAL_NHL_API_OR_DERIVED_FROM_REAL
20222023,2022021139,2023-03-23,OTT,TBL,0.481837,0.518163,TBL,1,OTT,0,0,REAL_NHL_API_OR_DERIVED_FROM_REAL
20222023,2022021140,2023-03-23,FLA,TOR,0.643303,0.356697,FLA,0,TOR,0,0,REAL_NHL_API_OR_DERIVED_FROM_REAL
20222023,2022021141,2023-03-23,DET,STL,0.328436,0.671564,STL,0,STL,1,0,REAL_NHL_API_OR_DERIVED_FROM_REAL
20222023,2022021142,2023-03-23,NSH,SEA,0.489869,0.510131,SEA,1,NSH,0,0,REAL_NHL_API_OR_DERIVED_FROM_REAL
20222023,2022021143,2023-03-23,DAL,PIT,0.611719,0.388281,DAL,1,DAL,1,0,REAL_NHL_API_OR_DERIVED_FROM_REAL
20222023,2022021144,2023-03-23,CGY,VGK,0.668219,0.331781,CGY,0,VGK,0,0,REAL_NHL_API_OR_DERIVED_FROM_REAL
20222023,2022021145,2023-03-23,VAN,SJS,0.592549,0.407451,VAN,1,VAN,1,0,REAL_NHL_API_OR_DERIVED_FROM_REAL
20222023,2022021146,2023-03-23,ANA,WPG,0.559613,0.440387,ANA,0,WPG,0,0,REAL_NHL_API_OR_DERIVED_FROM_REAL
20222023,2022021147,2023-03-24,CBJ,NYI,0.485264,0.514736,NYI,1,CBJ,0,0,REAL_NHL_API_OR_DERIVED_FROM_REAL
20222023,2022021148,2023-03-24,BUF,NJD,0.661506,0.338494,BUF,1,BUF,1,0,REAL_NHL_API_OR_DERIVED_FROM_REAL
20222023,2022021149,2023-03-24,COL,UTA,0.542951,0.457049,COL,1,COL,1,0,REAL_NHL_API_OR_DERIVED_FROM_REAL
20222023,2022021150,2023-03-25,PHI,DET,0.611721,0.388279,PHI,1,PHI,1,0,REAL_NHL_API_OR_DERIVED_FROM_REAL
20222023,2022021151,2023-03-25,BOS,TBL,0.667991,0.332009,BOS,1,BOS,1,0,REAL_NHL_API_OR_DERIVED_FROM_REAL
20222023,2022021152,2023-03-25,NSH,SEA,0.491226,0.508774,SEA,0,SEA,1,0,REAL_NHL_API_OR_DERIVED_FROM_REAL
20222023,2022021153,2023-03-25,CGY,SJS,0.619412,0.380588,CGY,1,CGY,1,0,REAL_NHL_API_OR_DERIVED_FROM_REAL
20222023,2022021154,2023-03-25,LAK,WPG,0.674858,0.325142,LAK,1,LAK,1,0,REAL_NHL_API_OR_DERIVED_FROM_REAL
20222023,2022021155,2023-03-25,MIN,CHI,0.691608,0.308392,MIN,1,MIN,1,0,REAL_NHL_API_OR_DERIVED_FROM_REAL
20222023,2022021156,2023-03-25,FLA,NYR,0.495998,0.504002,NYR,0,NYR,1,0,REAL_NHL_API_OR_DERIVED_FROM_REAL
20222023,2022021157,2023-03-25,NYI,BUF,0.617267,0.382733,NYI,0,BUF,0,0,REAL_NHL_API_OR_DERIVED_FROM_REAL
20222023,2022021158,2023-03-25,MTL,CBJ,0.737068,0.262932,MTL,1,MTL,1,0,REAL_NHL_API_OR_DERIVED_FROM_REAL
20222023,2022021159,2023-03-25,NJD,OTT,0.441839,0.558161,OTT,1,NJD,0,0,REAL_NHL_API_OR_DERIVED_FROM_REAL
20222023,2022021160,2023-03-25,CAR,TOR,0.516328,0.483672,CAR,1,CAR,1,0,REAL_NHL_API_OR_DERIVED_FROM_REAL
20222023,2022021161,2023-03-25,DAL,VAN,0.481582,0.518418,VAN,0,VAN,1,0,REAL_NHL_API_OR_DERIVED_FROM_REAL
20222023,2022021162,2023-03-25,PIT,WSH,0.450247,0.549753,WSH,1,PIT,0,0,REAL_NHL_API_OR_DERIVED_FROM_REAL
20222023,2022021163,2023-03-25,EDM,VGK,0.605499,0.394501,EDM,0,VGK,0,0,REAL_NHL_API_OR_DERIVED_FROM_REAL
20222023,2022021164,2023-03-25,ANA,STL,0.514709,0.485291,ANA,0,STL,0,0,REAL_NHL_API_OR_DERIVED_FROM_REAL
20222023,2022021165,2023-03-26,UTA,COL,0.677578,0.322422,UTA,0,COL,0,0,REAL_NHL_API_OR_DERIVED_FROM_REAL
20222023,2022021166,2023-03-26,CAR,BOS,0.513766,0.486234,CAR,0,BOS,0,0,REAL_NHL_API_OR_DERIVED_FROM_REAL
20222023,2022021167,2023-03-26,NSH,TOR,0.408906,0.591094,TOR,0,TOR,1,0,REAL_NHL_API_OR_DERIVED_FROM_REAL
20222023,2022021168,2023-03-26,CHI,VAN,0.386031,0.613969,VAN,0,VAN,1,0,REAL_NHL_API_OR_DERIVED_FROM_REAL
20222023,2022021169,2023-03-26,LAK,STL,0.730676,0.269324,LAK,1,LAK,1,0,REAL_NHL_API_OR_DERIVED_FROM_REAL
20222023,2022021170,2023-03-27,OTT,FLA,0.532349,0.467651,OTT,1,OTT,1,0,REAL_NHL_API_OR_DERIVED_FROM_REAL
20222023,2022021171,2023-03-27,BUF,MTL,0.575941,0.424059,BUF,0,MTL,0,0,REAL_NHL_API_OR_DERIVED_FROM_REAL
20222023,2022021172,2023-03-27,NYI,NJD,0.596348,0.403652,NYI,1,NYI,1,0,REAL_NHL_API_OR_DERIVED_FROM_REAL
20222023,2022021173,2023-03-27,MIN,SEA,0.696056,0.303944,MIN,1,MIN,1,0,REAL_NHL_API_OR_DERIVED_FROM_REAL
20222023,2022021174,2023-03-27,ANA,COL,0.449556,0.550444,COL,0,COL,1,0,REAL_NHL_API_OR_DERIVED_FROM_REAL
20222023,2022021175,2023-03-27,UTA,EDM,0.479513,0.520487,EDM,0,EDM,1,0,REAL_NHL_API_OR_DERIVED_FROM_REAL
20222023,2022021176,2023-03-28,NYR,CBJ,0.669915,0.330085,NYR,1,NYR,1,0,REAL_NHL_API_OR_DERIVED_FROM_REAL
20222023,2022021177,2023-03-28,PHI,MTL,0.470228,0.529772,MTL,1,PHI,0,0,REAL_NHL_API_OR_DERIVED_FROM_REAL
20222023,2022021178,2023-03-28,BOS,NSH,0.675673,0.324327,BOS,0,NSH,0,0,REAL_NHL_API_OR_DERIVED_FROM_REAL
20222023,2022021179,2023-03-28,CAR,TBL,0.560193,0.439807,CAR,0,TBL,0,0,REAL_NHL_API_OR_DERIVED_FROM_REAL
20222023,2022021180,2023-03-28,DET,PIT,0.461714,0.538286,PIT,1,DET,0,0,REAL_NHL_API_OR_DERIVED_FROM_REAL
20222023,2022021181,2023-03-28,STL,VAN,0.538859,0.461141,STL,1,STL,1,0,REAL_NHL_API_OR_DERIVED_FROM_REAL
20222023,2022021182,2023-03-28,CHI,DAL,0.244739,0.755261,DAL,0,DAL,1,0,REAL_NHL_API_OR_DERIVED_FROM_REAL
20222023,2022021183,2023-03-28,CGY,LAK,0.435693,0.564307,LAK,1,CGY,0,0,REAL_NHL_API_OR_DERIVED_FROM_REAL
20222023,2022021184,2023-03-28,VGK,EDM,0.297879,0.702121,EDM,0,EDM,1,0,REAL_NHL_API_OR_DERIVED_FROM_REAL
20222023,2022021185,2023-03-28,SJS,WPG,0.517675,0.482325,SJS,1,SJS,1,0,REAL_NHL_API_OR_DERIVED_FROM_REAL
20222023,2022021186,2023-03-29,TOR,FLA,0.605622,0.394378,TOR,0,FLA,0,0,REAL_NHL_API_OR_DERIVED_FROM_REAL
20222023,2022021187,2023-03-29,WSH,NYI,0.528027,0.471973,WSH,0,NYI,0,0,REAL_NHL_API_OR_DERIVED_FROM_REAL
20222023,2022021188,2023-03-29,COL,MIN,0.561197,0.438803,COL,0,MIN,0,0,REAL_NHL_API_OR_DERIVED_FROM_REAL
20222023,2022021189,2023-03-30,BOS,CBJ,0.63018,0.36982,BOS,1,BOS,1,0,REAL_NHL_API_OR_DERIVED_FROM_REAL
20222023,2022021190,2023-03-30,MTL,FLA,0.580723,0.419277,MTL,0,FLA,0,0,REAL_NHL_API_OR_DERIVED_FROM_REAL
20222023,2022021191,2023-03-30,NJD,NYR,0.442217,0.557783,NYR,1,NJD,0,0,REAL_NHL_API_OR_DERIVED_FROM_REAL
20222023,2022021192,2023-03-30,PIT,NSH,0.508241,0.491759,PIT,1,PIT,1,0,REAL_NHL_API_OR_DERIVED_FROM_REAL
20222023,2022021193,2023-03-30,OTT,PHI,0.593288,0.406712,OTT,1,OTT,1,0,REAL_NHL_API_OR_DERIVED_FROM_REAL
20222023,2022021194,2023-03-30,TBL,WSH,0.516166,0.483834,TBL,1,TBL,1,0,REAL_NHL_API_OR_DERIVED_FROM_REAL
20222023,2022021195,2023-03-30,DET,CAR,0.541932,0.458068,DET,1,DET,1,0,REAL_NHL_API_OR_DERIVED_FROM_REAL
20222023,2022021196,2023-03-30,CHI,STL,0.540043,0.459957,CHI,0,STL,0,0,REAL_NHL_API_OR_DERIVED_FROM_REAL
20222023,2022021197,2023-03-30,EDM,LAK,0.499007,0.500993,LAK,1,EDM,0,0,REAL_NHL_API_OR_DERIVED_FROM_REAL
20222023,2022021198,2023-03-30,SEA,ANA,0.597324,0.402676,SEA,1,SEA,1,0,REAL_NHL_API_OR_DERIVED_FROM_REAL
20222023,2022021199,2023-03-30,SJS,VGK,0.520313,0.479687,SJS,1,SJS,1,0,REAL_NHL_API_OR_DERIVED_FROM_REAL
20222023,2022021200,2023-03-31,BUF,NYR,0.525494,0.474506,BUF,1,BUF,1,0,REAL_NHL_API_OR_DERIVED_FROM_REAL
20222023,2022021201,2023-03-31,WPG,DET,0.483451,0.516549,DET,1,WPG,0,0,REAL_NHL_API_OR_DERIVED_FROM_REAL
20222023,2022021202,2023-03-31,VAN,CGY,0.567467,0.432533,VAN,0,CGY,0,0,REAL_NHL_API_OR_DERIVED_FROM_REAL
20222023,2022021203,2023-03-31,UTA,DAL,0.46348,0.53652,DAL,0,DAL,1,0,REAL_NHL_API_OR_DERIVED_FROM_REAL
20222023,2022021204,2023-04-01,NSH,STL,0.519574,0.480426,NSH,1,NSH,1,0,REAL_NHL_API_OR_DERIVED_FROM_REAL
20222023,2022021205,2023-04-01,PIT,BOS,0.51552,0.48448,PIT,0,BOS,0,0,REAL_NHL_API_OR_DERIVED_FROM_REAL
20222023,2022021206,2023-04-01,PHI,BUF,0.558306,0.441694,PHI,0,BUF,0,0,REAL_NHL_API_OR_DERIVED_FROM_REAL
20222023,2022021207,2023-04-01,MTL,CAR,0.522514,0.477486,MTL,0,CAR,0,0,REAL_NHL_API_OR_DERIVED_FROM_REAL
20222023,2022021208,2023-04-01,CBJ,FLA,0.563415,0.436585,CBJ,0,FLA,0,0,REAL_NHL_API_OR_DERIVED_FROM_REAL
20222023,2022021209,2023-04-01,TBL,NYI,0.743012,0.256988,TBL,1,TBL,1,0,REAL_NHL_API_OR_DERIVED_FROM_REAL
20222023,2022021210,2023-04-01,OTT,TOR,0.323217,0.676783,TOR,0,TOR,1,0,REAL_NHL_API_OR_DERIVED_FROM_REAL
20222023,2022021211,2023-04-01,CHI,NJD,0.498132,0.501868,NJD,0,NJD,1,0,REAL_NHL_API_OR_DERIVED_FROM_REAL
20222023,2022021212,2023-04-01,COL,DAL,0.531803,0.468197,COL,1,COL,1,0,REAL_NHL_API_OR_DERIVED_FROM_REAL
20222023,2022021213,2023-04-01,EDM,ANA,0.791521,0.208479,EDM,1,EDM,1,0,REAL_NHL_API_OR_DERIVED_FROM_REAL
20222023,2022021214,2023-04-01,SEA,LAK,0.494039,0.505961,LAK,0,LAK,1,0,REAL_NHL_API_OR_DERIVED_FROM_REAL
20222023,2022021215,2023-04-01,VGK,MIN,0.500576,0.499424,VGK,1,VGK,1,0,REAL_NHL_API_OR_DERIVED_FROM_REAL
20222023,2022021216,2023-04-01,UTA,SJS,0.515617,0.484383,UTA,0,SJS,0,0,REAL_NHL_API_OR_DERIVED_FROM_REAL
20222023,2022021217,2023-04-02,WSH,NYR,0.526774,0.473226,WSH,0,NYR,0,0,REAL_NHL_API_OR_DERIVED_FROM_REAL
20222023,2022021218,2023-04-02,STL,BOS,0.636187,0.363813,STL,0,BOS,0,0,REAL_NHL_API_OR_DERIVED_FROM_REAL
20222023,2022021219,2023-04-02,CAR,NYI,0.554284,0.445716,CAR,1,CAR,1,0,REAL_NHL_API_OR_DERIVED_FROM_REAL
20222023,2022021220,2023-04-02,CBJ,OTT,0.479552,0.520448,OTT,1,CBJ,0,0,REAL_NHL_API_OR_DERIVED_FROM_REAL
20222023,2022021221,2023-04-02,PIT,PHI,0.526305,0.473695,PIT,1,PIT,1,0,REAL_NHL_API_OR_DERIVED_FROM_REAL
20222023,2022021222,2023-04-02,TOR,DET,0.516161,0.483839,TOR,0,DET,0,0,REAL_NHL_API_OR_DERIVED_FROM_REAL
20222023,2022021223,2023-04-02,WPG,NJD,0.677331,0.322669,WPG,1,WPG,1,0,REAL_NHL_API_OR_DERIVED_FROM_REAL
20222023,2022021224,2023-04-02,CGY,ANA,0.420799,0.579201,ANA,1,CGY,0,0,REAL_NHL_API_OR_DERIVED_FROM_REAL
20222023,2022021225,2023-04-02,VAN,LAK,0.620366,0.379634,VAN,0,LAK,0,0,REAL_NHL_API_OR_DERIVED_FROM_REAL
20222023,2022021226,2023-04-03,MIN,VGK,0.55894,0.44106,MIN,0,VGK,0,0,REAL_NHL_API_OR_DERIVED_FROM_REAL
20222023,2022021227,2023-04-03,DAL,NSH,0.563342,0.436658,DAL,1,DAL,1,0,REAL_NHL_API_OR_DERIVED_FROM_REAL
20222023,2022021228,2023-04-03,SEA,UTA,0.521968,0.478032,SEA,1,SEA,1,0,REAL_NHL_API_OR_DERIVED_FROM_REAL
20222023,2022021229,2023-04-04,FLA,BUF,0.580301,0.419699,FLA,1,FLA,1,0,REAL_NHL_API_OR_DERIVED_FROM_REAL
20222023,2022021230,2023-04-04,TOR,CBJ,0.591487,0.408513,TOR,1,TOR,1,0,REAL_NHL_API_OR_DERIVED_FROM_REAL
20222023,2022021231,2023-04-04,MTL,DET,0.507313,0.492687,MTL,0,DET,0,0,REAL_NHL_API_OR_DERIVED_FROM_REAL
20222023,2022021232,2023-04-04,CAR,OTT,0.545892,0.454108,CAR,1,CAR,1,0,REAL_NHL_API_OR_DERIVED_FROM_REAL
20222023,2022021233,2023-04-04,NJD,PIT,0.551323,0.448677,NJD,1,NJD,1,0,REAL_NHL_API_OR_DERIVED_FROM_REAL
20222023,2022021234,2023-04-04,STL,PHI,0.537745,0.462255,STL,1,STL,1,0,REAL_NHL_API_OR_DERIVED_FROM_REAL
20222023,2022021235,2023-04-04,NSH,VGK,0.434738,0.565262,VGK,1,NSH,0,0,REAL_NHL_API_OR_DERIVED_FROM_REAL
20222023,2022021236,2023-04-04,CGY,CHI,0.593863,0.406137,CGY,0,CHI,0,0,REAL_NHL_API_OR_DERIVED_FROM_REAL
20222023,2022021237,2023-04-04,LAK,EDM,0.485204,0.514796,EDM,0,EDM,1,0,REAL_NHL_API_OR_DERIVED_FROM_REAL
20222023,2022021238,2023-04-04,VAN,SEA,0.552114,0.447886,VAN,0,SEA,0,0,REAL_NHL_API_OR_DERIVED_FROM_REAL
20222023,2022021239,2023-04-04,SJS,COL,0.512919,0.487081,SJS,0,COL,0,0,REAL_NHL_API_OR_DERIVED_FROM_REAL
20222023,2022021240,2023-04-05,WPG,CGY,0.548701,0.451299,WPG,0,CGY,0,0,REAL_NHL_API_OR_DERIVED_FROM_REAL
20222023,2022021241,2023-04-05,NYR,TBL,0.558429,0.441571,NYR,1,NYR,1,0,REAL_NHL_API_OR_DERIVED_FROM_REAL
20222023,2022021242,2023-04-05,ANA,EDM,0.431,0.569,EDM,0,EDM,1,0,REAL_NHL_API_OR_DERIVED_FROM_REAL
20222023,2022021243,2023-04-06,NJD,CBJ,0.765322,0.234678,NJD,1,NJD,1,0,REAL_NHL_API_OR_DERIVED_FROM_REAL
20222023,2022021244,2023-04-06,PIT,MIN,0.49141,0.50859,MIN,1,PIT,0,0,REAL_NHL_API_OR_DERIVED_FROM_REAL
20222023,2022021245,2023-04-06,FLA,OTT,0.759582,0.240418,FLA,1,FLA,1,0,REAL_NHL_API_OR_DERIVED_FROM_REAL
20222023,2022021246,2023-04-06,BOS,TOR,0.568997,0.431003,BOS,1,BOS,1,0,REAL_NHL_API_OR_DERIVED_FROM_REAL
20222023,2022021247,2023-04-06,MTL,WSH,0.258018,0.741982,WSH,1,MTL,0,0,REAL_NHL_API_OR_DERIVED_FROM_REAL
20222023,2022021248,2023-04-06,DET,BUF,0.539018,0.460982,DET,0,BUF,0,0,REAL_NHL_API_OR_DERIVED_FROM_REAL
20222023,2022021249,2023-04-06,NYI,TBL,0.457486,0.542514,TBL,1,NYI,0,0,REAL_NHL_API_OR_DERIVED_FROM_REAL
20222023,2022021250,2023-04-06,NSH,CAR,0.626508,0.373492,NSH,1,NSH,1,0,REAL_NHL_API_OR_DERIVED_FROM_REAL
20222023,2022021251,2023-04-06,STL,NYR,0.526189,0.473811,STL,1,STL,1,0,REAL_NHL_API_OR_DERIVED_FROM_REAL
20222023,2022021252,2023-04-06,DAL,PHI,0.577807,0.422193,DAL,1,DAL,1,0,REAL_NHL_API_OR_DERIVED_FROM_REAL
20222023,2022021253,2023-04-06,SEA,UTA,0.581691,0.418309,SEA,1,SEA,1,0,REAL_NHL_API_OR_DERIVED_FROM_REAL
20222023,2022021254,2023-04-06,VAN,CHI,0.620355,0.379645,VAN,1,VAN,1,0,REAL_NHL_API_OR_DERIVED_FROM_REAL
20222023,2022021255,2023-04-06,VGK,LAK,0.739588,0.260412,VGK,1,VGK,1,0,REAL_NHL_API_OR_DERIVED_FROM_REAL
20222023,2022021256,2023-04-06,SJS,COL,0.304202,0.695798,COL,0,COL,1,0,REAL_NHL_API_OR_DERIVED_FROM_REAL
20222023,2022021257,2023-04-08,BUF,CAR,0.59274,0.40726,BUF,1,BUF,1,0,REAL_NHL_API_OR_DERIVED_FROM_REAL
20222023,2022021258,2023-04-08,MIN,STL,0.503931,0.496069,MIN,1,MIN,1,0,REAL_NHL_API_OR_DERIVED_FROM_REAL
20222023,2022021259,2023-04-08,SJS,EDM,0.379837,0.620163,EDM,0,EDM,1,0,REAL_NHL_API_OR_DERIVED_FROM_REAL
20222023,2022021260,2023-04-08,UTA,ANA,0.488716,0.511284,ANA,1,UTA,0,0,REAL_NHL_API_OR_DERIVED_FROM_REAL
20222023,2022021261,2023-04-08,WSH,FLA,0.544544,0.455456,WSH,0,FLA,0,0,REAL_NHL_API_OR_DERIVED_FROM_REAL
20222023,2022021262,2023-04-08,TOR,MTL,0.437783,0.562217,MTL,1,TOR,0,0,REAL_NHL_API_OR_DERIVED_FROM_REAL
20222023,2022021263,2023-04-08,CBJ,NYR,0.36436,0.63564,NYR,0,NYR,1,0,REAL_NHL_API_OR_DERIVED_FROM_REAL
20222023,2022021264,2023-04-08,WPG,NSH,0.54429,0.45571,WPG,1,WPG,1,0,REAL_NHL_API_OR_DERIVED_FROM_REAL
20222023,2022021265,2023-04-08,BOS,NJD,0.564307,0.435693,BOS,1,BOS,1,0,REAL_NHL_API_OR_DERIVED_FROM_REAL
20222023,2022021266,2023-04-08,DET,PIT,0.517494,0.482506,DET,0,PIT,0,0,REAL_NHL_API_OR_DERIVED_FROM_REAL
20222023,2022021267,2023-04-08,OTT,TBL,0.446009,0.553991,TBL,1,OTT,0,0,REAL_NHL_API_OR_DERIVED_FROM_REAL
20222023,2022021268,2023-04-08,NYI,PHI,0.742298,0.257702,NYI,1,NYI,1,0,REAL_NHL_API_OR_DERIVED_FROM_REAL
20222023,2022021269,2023-04-08,DAL,VGK,0.589515,0.410485,DAL,1,DAL,1,0,REAL_NHL_API_OR_DERIVED_FROM_REAL
20222023,2022021270,2023-04-08,VAN,CGY,0.539113,0.460887,VAN,1,VAN,1,0,REAL_NHL_API_OR_DERIVED_FROM_REAL
20222023,2022021271,2023-04-08,SEA,CHI,0.436121,0.563879,CHI,1,SEA,0,0,REAL_NHL_API_OR_DERIVED_FROM_REAL
20222023,2022021272,2023-04-08,LAK,COL,0.441111,0.558889,COL,0,COL,1,0,REAL_NHL_API_OR_DERIVED_FROM_REAL
20222023,2022021273,2023-04-09,PHI,BOS,0.355664,0.644336,BOS,0,BOS,1,0,REAL_NHL_API_OR_DERIVED_FROM_REAL
20222023,2022021274,2023-04-09,ANA,COL,0.492096,0.507904,COL,0,COL,1,0,REAL_NHL_API_OR_DERIVED_FROM_REAL
20222023,2022021275,2023-04-10,NYR,BUF,0.584457,0.415543,NYR,0,BUF,0,0,REAL_NHL_API_OR_DERIVED_FROM_REAL
20222023,2022021276,2023-04-10,OTT,CAR,0.543286,0.456714,OTT,1,OTT,1,0,REAL_NHL_API_OR_DERIVED_FROM_REAL
20222023,2022021277,2023-04-10,WSH,NYI,0.68027,0.31973,WSH,1,WSH,1,0,REAL_NHL_API_OR_DERIVED_FROM_REAL
20222023,2022021278,2023-04-10,WPG,SJS,0.562683,0.437317,WPG,1,WPG,1,0,REAL_NHL_API_OR_DERIVED_FROM_REAL
20222023,2022021279,2023-04-10,FLA,TOR,0.637364,0.362636,FLA,0,TOR,0,0,REAL_NHL_API_OR_DERIVED_FROM_REAL
20222023,2022021280,2023-04-10,DET,DAL,0.445954,0.554046,DAL,0,DAL,1,0,REAL_NHL_API_OR_DERIVED_FROM_REAL
20222023,2022021281,2023-04-10,CHI,MIN,0.376972,0.623028,MIN,0,MIN,1,0,REAL_NHL_API_OR_DERIVED_FROM_REAL
20222023,2022021282,2023-04-10,CGY,NSH,0.528263,0.471737,CGY,0,NSH,0,0,REAL_NHL_API_OR_DERIVED_FROM_REAL
20222023,2022021283,2023-04-10,UTA,SEA,0.621479,0.378521,UTA,0,SEA,0,0,REAL_NHL_API_OR_DERIVED_FROM_REAL
20222023,2022021284,2023-04-10,LAK,VAN,0.561222,0.438778,LAK,1,LAK,1,0,REAL_NHL_API_OR_DERIVED_FROM_REAL
20222023,2022021285,2023-04-11,NJD,BUF,0.635778,0.364222,NJD,1,NJD,1,0,REAL_NHL_API_OR_DERIVED_FROM_REAL
20222023,2022021286,2023-04-11,PIT,CHI,0.641302,0.358698,PIT,0,CHI,0,0,REAL_NHL_API_OR_DERIVED_FROM_REAL
20222023,2022021287,2023-04-11,PHI,CBJ,0.467575,0.532425,CBJ,1,PHI,0,0,REAL_NHL_API_OR_DERIVED_FROM_REAL
20222023,2022021288,2023-04-11,CAR,DET,0.504425,0.495575,CAR,1,CAR,1,0,REAL_NHL_API_OR_DERIVED_FROM_REAL
20222023,2022021289,2023-04-11,TBL,TOR,0.438489,0.561511,TOR,0,TOR,1,0,REAL_NHL_API_OR_DERIVED_FROM_REAL
20222023,2022021290,2023-04-11,BOS,WSH,0.64599,0.35401,BOS,1,BOS,1,0,REAL_NHL_API_OR_DERIVED_FROM_REAL
20222023,2022021291,2023-04-11,MIN,WPG,0.440791,0.559209,WPG,0,WPG,1,0,REAL_NHL_API_OR_DERIVED_FROM_REAL
20222023,2022021292,2023-04-11,COL,EDM,0.546593,0.453407,COL,0,EDM,0,0,REAL_NHL_API_OR_DERIVED_FROM_REAL
20222023,2022021293,2023-04-11,VGK,SEA,0.495374,0.504626,SEA,1,VGK,0,0,REAL_NHL_API_OR_DERIVED_FROM_REAL
20222023,2022021294,2023-04-11,ANA,VAN,0.582311,0.417689,ANA,0,VAN,0,0,REAL_NHL_API_OR_DERIVED_FROM_REAL
20222023,2022021295,2023-04-12,NYI,MTL,0.567072,0.432928,NYI,1,NYI,1,0,REAL_NHL_API_OR_DERIVED_FROM_REAL
20222023,2022021296,2023-04-12,STL,DAL,0.564132,0.435868,STL,0,DAL,0,0,REAL_NHL_API_OR_DERIVED_FROM_REAL
20222023,2022021297,2023-04-12,CGY,SJS,0.610431,0.389569,CGY,1,CGY,1,0,REAL_NHL_API_OR_DERIVED_FROM_REAL
20222023,2022021298,2023-04-13,MTL,BOS,0.475986,0.524014,BOS,0,BOS,1,0,REAL_NHL_API_OR_DERIVED_FROM_REAL
20222023,2022021299,2023-04-13,FLA,CAR,0.683256,0.316744,FLA,0,CAR,0,0,REAL_NHL_API_OR_DERIVED_FROM_REAL
20222023,2022021300,2023-04-13,TBL,DET,0.625313,0.374687,TBL,1,TBL,1,0,REAL_NHL_API_OR_DERIVED_FROM_REAL
20222023,2022021301,2023-04-13,WSH,NJD,0.675085,0.324915,WSH,0,NJD,0,0,REAL_NHL_API_OR_DERIVED_FROM_REAL
20222023,2022021302,2023-04-13,BUF,OTT,0.501982,0.498018,BUF,1,BUF,1,0,REAL_NHL_API_OR_DERIVED_FROM_REAL
20222023,2022021303,2023-04-13,CBJ,PIT,0.467162,0.532838,PIT,1,CBJ,0,0,REAL_NHL_API_OR_DERIVED_FROM_REAL
20222023,2022021304,2023-04-13,NYR,TOR,0.568384,0.431616,NYR,0,TOR,0,0,REAL_NHL_API_OR_DERIVED_FROM_REAL
20222023,2022021305,2023-04-13,NSH,MIN,0.518614,0.481386,NSH,1,NSH,1,0,REAL_NHL_API_OR_DERIVED_FROM_REAL
20222023,2022021306,2023-04-13,CHI,PHI,0.591573,0.408427,CHI,0,PHI,0,0,REAL_NHL_API_OR_DERIVED_FROM_REAL
20222023,2022021307,2023-04-13,DAL,STL,0.582847,0.417153,DAL,1,DAL,1,0,REAL_NHL_API_OR_DERIVED_FROM_REAL
20222023,2022021308,2023-04-13,EDM,SJS,0.704569,0.295431,EDM,1,EDM,1,0,REAL_NHL_API_OR_DERIVED_FROM_REAL
20222023,2022021309,2023-04-13,COL,WPG,0.654562,0.345438,COL,1,COL,1,0,REAL_NHL_API_OR_DERIVED_FROM_REAL
20222023,2022021310,2023-04-13,ANA,LAK,0.504583,0.495417,ANA,0,LAK,0,0,REAL_NHL_API_OR_DERIVED_FROM_REAL
20222023,2022021311,2023-04-13,UTA,VAN,0.501979,0.498021,UTA,0,VAN,0,0,REAL_NHL_API_OR_DERIVED_FROM_REAL
20222023,2022021312,2023-04-13,SEA,VGK,0.523229,0.476771,SEA,0,VGK,0,0,REAL_NHL_API_OR_DERIVED_FROM_REAL
20222023,2022020320,2023-04-14,NSH,COL,0.426951,0.573049,COL,0,COL,1,0,REAL_NHL_API_OR_DERIVED_FROM_REAL
20222023,2022020547,2023-04-14,CBJ,BUF,0.250048,0.749952,BUF,0,BUF,1,0,REAL_NHL_API_OR_DERIVED_FROM_REAL
20232024,2023020001,2023-10-10,TBL,NSH,0.587906,0.412094,TBL,1,TBL,1,0,REAL_NHL_API_OR_DERIVED_FROM_REAL
20232024,2023020002,2023-10-10,PIT,CHI,0.55569,0.44431,PIT,0,CHI,0,0,REAL_NHL_API_OR_DERIVED_FROM_REAL
20232024,2023020003,2023-10-10,VGK,SEA,0.575305,0.424695,VGK,1,VGK,1,0,REAL_NHL_API_OR_DERIVED_FROM_REAL
20232024,2023020004,2023-10-11,CAR,OTT,0.350927,0.649073,OTT,1,CAR,0,0,REAL_NHL_API_OR_DERIVED_FROM_REAL
20232024,2023020005,2023-10-11,TOR,MTL,0.609033,0.390967,TOR,1,TOR,1,0,REAL_NHL_API_OR_DERIVED_FROM_REAL
20232024,2023020006,2023-10-11,BOS,CHI,0.605598,0.394402,BOS,1,BOS,1,0,REAL_NHL_API_OR_DERIVED_FROM_REAL
20232024,2023020007,2023-10-11,CGY,WPG,0.492131,0.507869,WPG,1,CGY,0,0,REAL_NHL_API_OR_DERIVED_FROM_REAL
20232024,2023020008,2023-10-11,LAK,COL,0.498461,0.501539,COL,0,COL,1,0,REAL_NHL_API_OR_DERIVED_FROM_REAL
20232024,2023020009,2023-10-11,VAN,EDM,0.474367,0.525633,EDM,1,VAN,0,0,REAL_NHL_API_OR_DERIVED_FROM_REAL
20232024,2023020010,2023-10-12,BUF,NYR,0.554518,0.445482,BUF,0,NYR,0,0,REAL_NHL_API_OR_DERIVED_FROM_REAL
20232024,2023020011,2023-10-12,CBJ,PHI,0.581934,0.418066,CBJ,0,PHI,0,0,REAL_NHL_API_OR_DERIVED_FROM_REAL
20232024,2023020012,2023-10-12,NJD,DET,0.65155,0.34845,NJD,1,NJD,1,0,REAL_NHL_API_OR_DERIVED_FROM_REAL
20232024,2023020013,2023-10-12,DAL,STL,0.599902,0.400098,DAL,1,DAL,1,0,REAL_NHL_API_OR_DERIVED_FROM_REAL
20232024,2023020014,2023-10-12,MIN,FLA,0.427154,0.572846,FLA,1,MIN,0,0,REAL_NHL_API_OR_DERIVED_FROM_REAL
20232024,2023020015,2023-10-12,NSH,SEA,0.512107,0.487893,NSH,1,NSH,1,0,REAL_NHL_API_OR_DERIVED_FROM_REAL
20232024,2023020016,2023-10-12,SJS,VGK,0.402024,0.597976,VGK,0,VGK,1,0,REAL_NHL_API_OR_DERIVED_FROM_REAL
20232024,2023020017,2023-10-13,NJD,UTA,0.599149,0.400851,NJD,0,UTA,0,0,REAL_NHL_API_OR_DERIVED_FROM_REAL
20232024,2023020018,2023-10-13,WSH,PIT,0.474411,0.525589,PIT,0,PIT,1,0,REAL_NHL_API_OR_DERIVED_FROM_REAL
20232024,2023020019,2023-10-14,OTT,PHI,0.519027,0.480973,OTT,1,OTT,1,0,REAL_NHL_API_OR_DERIVED_FROM_REAL
20232024,2023020020,2023-10-14,WPG,FLA,0.550607,0.449393,WPG,1,WPG,1,0,REAL_NHL_API_OR_DERIVED_FROM_REAL
20232024,2023020021,2023-10-14,BOS,NSH,0.542945,0.457055,BOS,1,BOS,1,0,REAL_NHL_API_OR_DERIVED_FROM_REAL
20232024,2023020022,2023-10-14,CBJ,NYR,0.321205,0.678795,NYR,1,CBJ,0,0,REAL_NHL_API_OR_DERIVED_FROM_REAL
20232024,2023020023,2023-10-14,DET,TBL,0.415304,0.584696,TBL,1,DET,0,0,REAL_NHL_API_OR_DERIVED_FROM_REAL
20232024,2023020024,2023-10-14,MTL,CHI,0.538561,0.461439,MTL,1,MTL,1,0,REAL_NHL_API_OR_DERIVED_FROM_REAL
20232024,2023020025,2023-10-14,PIT,CGY,0.52641,0.47359,PIT,1,PIT,1,0,REAL_NHL_API_OR_DERIVED_FROM_REAL
20232024,2023020026,2023-10-14,TOR,MIN,0.565258,0.434742,TOR,1,TOR,1,0,REAL_NHL_API_OR_DERIVED_FROM_REAL
20232024,2023020027,2023-10-14,NYI,BUF,0.554242,0.445758,NYI,1,NYI,1,0,REAL_NHL_API_OR_DERIVED_FROM_REAL
20232024,2023020028,2023-10-14,STL,SEA,0.568329,0.431671,STL,1,STL,1,0,REAL_NHL_API_OR_DERIVED_FROM_REAL
20232024,2023020029,2023-10-14,EDM,VAN,0.503318,0.496682,EDM,0,VAN,0,0,REAL_NHL_API_OR_DERIVED_FROM_REAL
20232024,2023020030,2023-10-14,SJS,COL,0.341098,0.658902,COL,0,COL,1,0,REAL_NHL_API_OR_DERIVED_FROM_REAL
20232024,2023020031,2023-10-14,VGK,ANA,0.543721,0.456279,VGK,1,VGK,1,0,REAL_NHL_API_OR_DERIVED_FROM_REAL
20232024,2023020032,2023-10-14,LAK,CAR,0.473718,0.526282,CAR,0,CAR,1,0,REAL_NHL_API_OR_DERIVED_FROM_REAL
20232024,2023020033,2023-10-15,OTT,TBL,0.52124,0.47876,OTT,1,OTT,1,0,REAL_NHL_API_OR_DERIVED_FROM_REAL
20232024,2023020034,2023-10-15,ANA,CAR,0.49212,0.50788,CAR,1,ANA,0,0,REAL_NHL_API_OR_DERIVED_FROM_REAL
20232024,2023020035,2023-10-16,CBJ,DET,0.583112,0.416888,CBJ,0,DET,0,0,REAL_NHL_API_OR_DERIVED_FROM_REAL
20232024,2023020036,2023-10-16,NJD,FLA,0.521807,0.478193,NJD,0,FLA,0,0,REAL_NHL_API_OR_DERIVED_FROM_REAL
20232024,2023020037,2023-10-16,NYR,UTA,0.540637,0.459363,NYR,1,NYR,1,0,REAL_NHL_API_OR_DERIVED_FROM_REAL
20232024,2023020038,2023-10-16,TOR,CHI,0.606691,0.393309,TOR,0,CHI,0,0,REAL_NHL_API_OR_DERIVED_FROM_REAL
20232024,2023020039,2023-10-16,WSH,CGY,0.491134,0.508866,CGY,1,WSH,0,0,REAL_NHL_API_OR_DERIVED_FROM_REAL
20232024,2023020040,2023-10-17,BUF,TBL,0.515334,0.484666,BUF,1,BUF,1,0,REAL_NHL_API_OR_DERIVED_FROM_REAL
20232024,2023020041,2023-10-17,MTL,MIN,0.352349,0.647651,MIN,0,MIN,1,0,REAL_NHL_API_OR_DERIVED_FROM_REAL
20232024,2023020042,2023-10-17,PHI,VAN,0.481353,0.518647,VAN,1,PHI,0,0,REAL_NHL_API_OR_DERIVED_FROM_REAL
20232024,2023020043,2023-10-17,NYI,UTA,0.594668,0.405332,NYI,1,NYI,1,0,REAL_NHL_API_OR_DERIVED_FROM_REAL
20232024,2023020044,2023-10-17,NSH,EDM,0.395605,0.604395,EDM,0,EDM,1,0,REAL_NHL_API_OR_DERIVED_FROM_REAL
20232024,2023020045,2023-10-17,WPG,LAK,0.577319,0.422681,WPG,0,LAK,0,0,REAL_NHL_API_OR_DERIVED_FROM_REAL
20232024,2023020046,2023-10-17,SEA,COL,0.433576,0.566424,COL,0,COL,1,0,REAL_NHL_API_OR_DERIVED_FROM_REAL
20232024,2023020047,2023-10-17,SJS,CAR,0.593181,0.406819,SJS,0,CAR,0,0,REAL_NHL_API_OR_DERIVED_FROM_REAL
20232024,2023020048,2023-10-17,VGK,DAL,0.49459,0.50541,DAL,1,VGK,0,0,REAL_NHL_API_OR_DERIVED_FROM_REAL
20232024,2023020049,2023-10-18,OTT,WSH,0.596586,0.403414,OTT,1,OTT,1,0,REAL_NHL_API_OR_DERIVED_FROM_REAL
20232024,2023020050,2023-10-18,DET,PIT,0.445247,0.554753,PIT,1,DET,0,0,REAL_NHL_API_OR_DERIVED_FROM_REAL
20232024,2023020051,2023-10-19,BUF,CGY,0.571179,0.428821,BUF,0,CGY,0,0,REAL_NHL_API_OR_DERIVED_FROM_REAL
20232024,2023020052,2023-10-19,FLA,TOR,0.472811,0.527189,TOR,1,FLA,0,0,REAL_NHL_API_OR_DERIVED_FROM_REAL
20232024,2023020053,2023-10-19,NYR,NSH,0.404587,0.595413,NSH,0,NSH,1,0,REAL_NHL_API_OR_DERIVED_FROM_REAL
20232024,2023020054,2023-10-19,PHI,EDM,0.56412,0.43588,PHI,1,PHI,1,0,REAL_NHL_API_OR_DERIVED_FROM_REAL
20232024,2023020055,2023-10-19,TBL,VAN,0.506358,0.493642,TBL,1,TBL,1,0,REAL_NHL_API_OR_DERIVED_FROM_REAL
20232024,2023020056,2023-10-19,MIN,LAK,0.521619,0.478381,MIN,0,LAK,0,0,REAL_NHL_API_OR_DERIVED_FROM_REAL
20232024,2023020057,2023-10-19,STL,UTA,0.509475,0.490525,STL,0,UTA,0,0,REAL_NHL_API_OR_DERIVED_FROM_REAL
20232024,2023020058,2023-10-19,WPG,VGK,0.507005,0.492995,WPG,0,VGK,0,0,REAL_NHL_API_OR_DERIVED_FROM_REAL
20232024,2023020059,2023-10-19,ANA,DAL,0.515553,0.484447,ANA,0,DAL,0,0,REAL_NHL_API_OR_DERIVED_FROM_REAL
20232024,2023020060,2023-10-19,SEA,CAR,0.601947,0.398053,SEA,1,SEA,1,0,REAL_NHL_API_OR_DERIVED_FROM_REAL
20232024,2023020061,2023-10-19,COL,CHI,0.604464,0.395536,COL,1,COL,1,0,REAL_NHL_API_OR_DERIVED_FROM_REAL
20232024,2023020062,2023-10-19,SJS,BOS,0.404198,0.595802,BOS,0,BOS,1,0,REAL_NHL_API_OR_DERIVED_FROM_REAL
20232024,2023020063,2023-10-20,CBJ,CGY,0.474933,0.525067,CGY,1,CBJ,0,0,REAL_NHL_API_OR_DERIVED_FROM_REAL
20232024,2023020064,2023-10-20,NYI,NJD,0.561222,0.438778,NYI,0,NJD,0,0,REAL_NHL_API_OR_DERIVED_FROM_REAL
20232024,2023020065,2023-10-21,OTT,DET,0.610922,0.389078,OTT,0,DET,0,0,REAL_NHL_API_OR_DERIVED_FROM_REAL
20232024,2023020066,2023-10-21,UTA,ANA,0.474045,0.525955,ANA,1,UTA,0,0,REAL_NHL_API_OR_DERIVED_FROM_REAL
20232024,2023020067,2023-10-21,BUF,NYI,0.528923,0.471077,BUF,1,BUF,1,0,REAL_NHL_API_OR_DERIVED_FROM_REAL
20232024,2023020068,2023-10-21,FLA,VAN,0.528307,0.471693,FLA,0,VAN,0,0,REAL_NHL_API_OR_DERIVED_FROM_REAL
20232024,2023020069,2023-10-21,MTL,WSH,0.463371,0.536629,WSH,1,MTL,0,0,REAL_NHL_API_OR_DERIVED_FROM_REAL
20232024,2023020070,2023-10-21,TBL,TOR,0.687794,0.312206,TBL,0,TOR,0,0,REAL_NHL_API_OR_DERIVED_FROM_REAL
20232024,2023020071,2023-10-21,CHI,VGK,0.425764,0.574236,VGK,0,VGK,1,0,REAL_NHL_API_OR_DERIVED_FROM_REAL
20232024,2023020072,2023-10-21,DAL,PHI,0.588488,0.411512,DAL,1,DAL,1,0,REAL_NHL_API_OR_DERIVED_FROM_REAL
20232024,2023020073,2023-10-21,MIN,CBJ,0.555681,0.444319,MIN,0,CBJ,0,0,REAL_NHL_API_OR_DERIVED_FROM_REAL
20232024,2023020074,2023-10-21,NSH,SJS,0.578789,0.421211,NSH,1,NSH,1,0,REAL_NHL_API_OR_DERIVED_FROM_REAL
20232024,2023020075,2023-10-21,STL,PIT,0.356882,0.643118,PIT,1,STL,0,0,REAL_NHL_API_OR_DERIVED_FROM_REAL
20232024,2023020076,2023-10-21,COL,CAR,0.608453,0.391547,COL,1,COL,1,0,REAL_NHL_API_OR_DERIVED_FROM_REAL
20232024,2023020077,2023-10-21,EDM,WPG,0.500251,0.499749,EDM,0,WPG,0,0,REAL_NHL_API_OR_DERIVED_FROM_REAL
20232024,2023020078,2023-10-21,SEA,NYR,0.492654,0.507346,NYR,0,NYR,1,0,REAL_NHL_API_OR_DERIVED_FROM_REAL
20232024,2023020079,2023-10-21,LAK,BOS,0.529096,0.470904,LAK,0,BOS,0,0,REAL_NHL_API_OR_DERIVED_FROM_REAL
20232024,2023020080,2023-10-22,DET,CGY,0.568514,0.431486,DET,1,DET,1,0,REAL_NHL_API_OR_DERIVED_FROM_REAL
20232024,2023020081,2023-10-22,ANA,BOS,0.494111,0.505889,BOS,0,BOS,1,0,REAL_NHL_API_OR_DERIVED_FROM_REAL
20232024,2023020082,2023-10-23,BUF,MTL,0.562268,0.437732,BUF,0,MTL,0,0,REAL_NHL_API_OR_DERIVED_FROM_REAL
20232024,2023020083,2023-10-24,WSH,TOR,0.448319,0.551681,TOR,0,TOR,1,0,REAL_NHL_API_OR_DERIVED_FROM_REAL
20232024,2023020084,2023-10-24,CBJ,ANA,0.51677,0.48323,CBJ,0,ANA,0,0,REAL_NHL_API_OR_DERIVED_FROM_REAL
20232024,2023020085,2023-10-24,OTT,BUF,0.377,0.623,BUF,0,BUF,1,0,REAL_NHL_API_OR_DERIVED_FROM_REAL
20232024,2023020086,2023-10-24,TBL,CAR,0.532348,0.467652,TBL,1,TBL,1,0,REAL_NHL_API_OR_DERIVED_FROM_REAL
20232024,2023020087,2023-10-24,MTL,NJD,0.4543,0.5457,NJD,0,NJD,1,0,REAL_NHL_API_OR_DERIVED_FROM_REAL
20232024,2023020088,2023-10-24,PIT,DAL,0.565281,0.434719,PIT,0,DAL,0,0,REAL_NHL_API_OR_DERIVED_FROM_REAL
20232024,2023020089,2023-10-24,FLA,SJS,0.626206,0.373794,FLA,1,FLA,1,0,REAL_NHL_API_OR_DERIVED_FROM_REAL
20232024,2023020090,2023-10-24,NYI,COL,0.466358,0.533642,COL,0,COL,1,0,REAL_NHL_API_OR_DERIVED_FROM_REAL
20232024,2023020091,2023-10-24,DET,SEA,0.608639,0.391361,DET,0,SEA,0,0,REAL_NHL_API_OR_DERIVED_FROM_REAL
20232024,2023020092,2023-10-24,CHI,BOS,0.452749,0.547251,BOS,0,BOS,1,0,REAL_NHL_API_OR_DERIVED_FROM_REAL
20232024,2023020093,2023-10-24,WPG,STL,0.559569,0.440431,WPG,1,WPG,1,0,REAL_NHL_API_OR_DERIVED_FROM_REAL
20232024,2023020094,2023-10-24,MIN,EDM,0.591623,0.408377,MIN,1,MIN,1,0,REAL_NHL_API_OR_DERIVED_FROM_REAL
20232024,2023020095,2023-10-24,NSH,VAN,0.482238,0.517762,VAN,0,VAN,1,0,REAL_NHL_API_OR_DERIVED_FROM_REAL
20232024,2023020096,2023-10-24,CGY,NYR,0.512553,0.487447,CGY,0,NYR,0,0,REAL_NHL_API_OR_DERIVED_FROM_REAL
20232024,2023020097,2023-10-24,LAK,UTA,0.724946,0.275054,LAK,1,LAK,1,0,REAL_NHL_API_OR_DERIVED_FROM_REAL
20232024,2023020098,2023-10-24,VGK,PHI,0.576547,0.423453,VGK,1,VGK,1,0,REAL_NHL_API_OR_DERIVED_FROM_REAL
20232024,2023020099,2023-10-25,NJD,WSH,0.599871,0.400129,NJD,0,WSH,0,0,REAL_NHL_API_OR_DERIVED_FROM_REAL
20232024,2023020100,2023-10-26,BOS,ANA,0.566553,0.433447,BOS,0,ANA,0,0,REAL_NHL_API_OR_DERIVED_FROM_REAL
20232024,2023020101,2023-10-26,CAR,SEA,0.547608,0.452392,CAR,1,CAR,1,0,REAL_NHL_API_OR_DERIVED_FROM_REAL
20232024,2023020102,2023-10-26,DET,WPG,0.570635,0.429365,DET,0,WPG,0,0,REAL_NHL_API_OR_DERIVED_FROM_REAL
20232024,2023020103,2023-10-26,MTL,CBJ,0.452592,0.547408,CBJ,1,MTL,0,0,REAL_NHL_API_OR_DERIVED_FROM_REAL
20232024,2023020104,2023-10-26,PHI,MIN,0.518045,0.481955,PHI,1,PHI,1,0,REAL_NHL_API_OR_DERIVED_FROM_REAL
20232024,2023020105,2023-10-26,PIT,COL,0.664397,0.335603,PIT,1,PIT,1,0,REAL_NHL_API_OR_DERIVED_FROM_REAL
20232024,2023020106,2023-10-26,TBL,SJS,0.781101,0.218899,TBL,1,TBL,1,0,REAL_NHL_API_OR_DERIVED_FROM_REAL
20232024,2023020107,2023-10-26,NYI,OTT,0.504973,0.495027,NYI,1,NYI,1,0,REAL_NHL_API_OR_DERIVED_FROM_REAL
20232024,2023020108,2023-10-26,DAL,TOR,0.547077,0.452923,DAL,0,TOR,0,0,REAL_NHL_API_OR_DERIVED_FROM_REAL
20232024,2023020109,2023-10-26,CGY,STL,0.562975,0.437025,CGY,0,STL,0,0,REAL_NHL_API_OR_DERIVED_FROM_REAL
20232024,2023020110,2023-10-26,EDM,NYR,0.505857,0.494143,EDM,0,NYR,0,0,REAL_NHL_API_OR_DERIVED_FROM_REAL
20232024,2023020111,2023-10-27,VGK,CHI,0.648607,0.351393,VGK,0,CHI,0,0,REAL_NHL_API_OR_DERIVED_FROM_REAL
20232024,2023020112,2023-10-27,CAR,SJS,0.648989,0.351011,CAR,1,CAR,1,0,REAL_NHL_API_OR_DERIVED_FROM_REAL
20232024,2023020113,2023-10-27,NJD,BUF,0.739666,0.260334,NJD,1,NJD,1,0,REAL_NHL_API_OR_DERIVED_FROM_REAL
20232024,2023020114,2023-10-27,WSH,MIN,0.356669,0.643331,MIN,1,WSH,0,0,REAL_NHL_API_OR_DERIVED_FROM_REAL
20232024,2023020115,2023-10-27,UTA,LAK,0.613956,0.386044,UTA,0,LAK,0,0,REAL_NHL_API_OR_DERIVED_FROM_REAL
20232024,2023020116,2023-10-27,VAN,STL,0.538592,0.461408,VAN,1,VAN,1,0,REAL_NHL_API_OR_DERIVED_FROM_REAL
20232024,2023020117,2023-10-28,PHI,ANA,0.53768,0.46232,PHI,0,ANA,0,0,REAL_NHL_API_OR_DERIVED_FROM_REAL
20232024,2023020118,2023-10-28,FLA,SEA,0.536067,0.463933,FLA,1,FLA,1,0,REAL_NHL_API_OR_DERIVED_FROM_REAL
20232024,2023020119,2023-10-28,BOS,DET,0.525779,0.474221,BOS,1,BOS,1,0,REAL_NHL_API_OR_DERIVED_FROM_REAL
20232024,2023020120,2023-10-28,CBJ,NYI,0.477732,0.522268,NYI,0,NYI,1,0,REAL_NHL_API_OR_DERIVED_FROM_REAL
20232024,2023020121,2023-10-28,MTL,WPG,0.516797,0.483203,MTL,1,MTL,1,0,REAL_NHL_API_OR_DERIVED_FROM_REAL
20232024,2023020122,2023-10-28,NSH,TOR,0.569091,0.430909,NSH,1,NSH,1,0,REAL_NHL_API_OR_DERIVED_FROM_REAL
20232024,2023020123,2023-10-28,PIT,OTT,0.463362,0.536638,OTT,0,OTT,1,0,REAL_NHL_API_OR_DERIVED_FROM_REAL
20232024,2023020124,2023-10-28,VAN,NYR,0.548114,0.451886,VAN,0,NYR,0,0,REAL_NHL_API_OR_DERIVED_FROM_REAL
20232024,2023020125,2023-10-28,LAK,VGK,0.528461,0.471539,LAK,0,VGK,0,0,REAL_NHL_API_OR_DERIVED_FROM_REAL
20232024,2023020126,2023-10-29,BUF,COL,0.490323,0.509677,COL,1,BUF,0,0,REAL_NHL_API_OR_DERIVED_FROM_REAL
20232024,2023020127,2023-10-29,NJD,MIN,0.50801,0.49199,NJD,1,NJD,1,0,REAL_NHL_API_OR_DERIVED_FROM_REAL
20232024,2023020128,2023-10-29,WSH,SJS,0.581722,0.418278,WSH,1,WSH,1,0,REAL_NHL_API_OR_DERIVED_FROM_REAL
20232024,2023020129,2023-10-29,EDM,CGY,0.57766,0.42234,EDM,1,EDM,1,0,REAL_NHL_API_OR_DERIVED_FROM_REAL
20232024,2023020130,2023-10-30,BOS,FLA,0.523273,0.476727,BOS,1,BOS,1,0,REAL_NHL_API_OR_DERIVED_FROM_REAL
20232024,2023020131,2023-10-30,PHI,CAR,0.532313,0.467687,PHI,0,CAR,0,0,REAL_NHL_API_OR_DERIVED_FROM_REAL
20232024,2023020132,2023-10-30,PIT,ANA,0.662545,0.337455,PIT,0,ANA,0,0,REAL_NHL_API_OR_DERIVED_FROM_REAL
20232024,2023020133,2023-10-30,TBL,SEA,0.607889,0.392111,TBL,0,SEA,0,0,REAL_NHL_API_OR_DERIVED_FROM_REAL
20232024,2023020134,2023-10-30,NYI,DET,0.525939,0.474061,NYI,0,DET,0,0,REAL_NHL_API_OR_DERIVED_FROM_REAL
20232024,2023020135,2023-10-30,WPG,NYR,0.548296,0.451704,WPG,0,NYR,0,0,REAL_NHL_API_OR_DERIVED_FROM_REAL
20232024,2023020136,2023-10-30,DAL,CBJ,0.601856,0.398144,DAL,1,DAL,1,0,REAL_NHL_API_OR_DERIVED_FROM_REAL
20232024,2023020137,2023-10-30,UTA,CHI,0.723876,0.276124,UTA,1,UTA,1,0,REAL_NHL_API_OR_DERIVED_FROM_REAL
20232024,2023020138,2023-10-30,VGK,MTL,0.595152,0.404848,VGK,1,VGK,1,0,REAL_NHL_API_OR_DERIVED_FROM_REAL
20232024,2023020139,2023-10-31,TOR,LAK,0.468144,0.531856,LAK,0,LAK,1,0,REAL_NHL_API_OR_DERIVED_FROM_REAL
20232024,2023020140,2023-10-31,VAN,NSH,0.597656,0.402344,VAN,1,VAN,1,0,REAL_NHL_API_OR_DERIVED_FROM_REAL
20232024,2023020141,2023-11-01,PHI,BUF,0.333869,0.666131,BUF,0,BUF,1,0,REAL_NHL_API_OR_DERIVED_FROM_REAL
20232024,2023020142,2023-11-01,CGY,DAL,0.493098,0.506902,DAL,0,DAL,1,0,REAL_NHL_API_OR_DERIVED_FROM_REAL
20232024,2023020143,2023-11-01,COL,STL,0.567236,0.432764,COL,1,COL,1,0,REAL_NHL_API_OR_DERIVED_FROM_REAL
20232024,2023020144,2023-11-01,ANA,UTA,0.535899,0.464101,ANA,1,ANA,1,0,REAL_NHL_API_OR_DERIVED_FROM_REAL
20232024,2023020145,2023-11-02,BOS,TOR,0.607909,0.392091,BOS,1,BOS,1,0,REAL_NHL_API_OR_DERIVED_FROM_REAL
20232024,2023020146,2023-11-02,CBJ,TBL,0.439497,0.560503,TBL,1,CBJ,0,0,REAL_NHL_API_OR_DERIVED_FROM_REAL
20232024,2023020147,2023-11-02,DET,FLA,0.510678,0.489322,DET,0,FLA,0,0,REAL_NHL_API_OR_DERIVED_FROM_REAL
20232024,2023020148,2023-11-02,NYR,CAR,0.59267,0.40733,NYR,1,NYR,1,0,REAL_NHL_API_OR_DERIVED_FROM_REAL
20232024,2023020149,2023-11-02,OTT,LAK,0.527257,0.472743,OTT,0,LAK,0,0,REAL_NHL_API_OR_DERIVED_FROM_REAL
20232024,2023020150,2023-11-02,WSH,NYI,0.499329,0.500671,NYI,0,NYI,1,0,REAL_NHL_API_OR_DERIVED_FROM_REAL
20232024,2023020151,2023-11-02,MIN,NJD,0.568033,0.431967,MIN,0,NJD,0,0,REAL_NHL_API_OR_DERIVED_FROM_REAL
20232024,2023020152,2023-11-02,EDM,DAL,0.471798,0.528202,DAL,0,DAL,1,0,REAL_NHL_API_OR_DERIVED_FROM_REAL
20232024,2023020153,2023-11-02,UTA,MTL,0.543566,0.456434,UTA,1,UTA,1,0,REAL_NHL_API_OR_DERIVED_FROM_REAL
20232024,2023020154,2023-11-02,SEA,NSH,0.531372,0.468628,SEA,1,SEA,1,0,REAL_NHL_API_OR_DERIVED_FROM_REAL
20232024,2023020155,2023-11-02,VGK,WPG,0.55928,0.44072,VGK,1,VGK,1,0,REAL_NHL_API_OR_DERIVED_FROM_REAL
20232024,2023020156,2023-11-02,SJS,VAN,0.208496,0.791504,VAN,0,VAN,1,0,REAL_NHL_API_OR_DERIVED_FROM_REAL
20232024,2023020157,2023-11-03,BUF,PHI,0.66062,0.33938,BUF,0,PHI,0,0,REAL_NHL_API_OR_DERIVED_FROM_REAL
20232024,2023020158,2023-11-03,STL,NJD,0.496647,0.503353,NJD,1,STL,0,0,REAL_NHL_API_OR_DERIVED_FROM_REAL
20232024,2023020159,2023-11-04,EDM,NSH,0.592823,0.407177,EDM,0,NSH,0,0,REAL_NHL_API_OR_DERIVED_FROM_REAL
20232024,2023020160,2023-11-04,UTA,WPG,0.527383,0.472617,UTA,0,WPG,0,0,REAL_NHL_API_OR_DERIVED_FROM_REAL
20232024,2023020161,2023-11-04,DET,BOS,0.498691,0.501309,BOS,1,DET,0,0,REAL_NHL_API_OR_DERIVED_FROM_REAL
20232024,2023020162,2023-11-04,OTT,TBL,0.415403,0.584597,TBL,0,TBL,1,0,REAL_NHL_API_OR_DERIVED_FROM_REAL
20232024,2023020163,2023-11-04,PHI,LAK,0.456557,0.543443,LAK,0,LAK,1,0,REAL_NHL_API_OR_DERIVED_FROM_REAL
20232024,2023020164,2023-11-04,STL,MTL,0.481939,0.518061,MTL,1,STL,0,0,REAL_NHL_API_OR_DERIVED_FROM_REAL
20232024,2023020165,2023-11-04,TOR,BUF,0.501963,0.498037,TOR,0,BUF,0,0,REAL_NHL_API_OR_DERIVED_FROM_REAL
20232024,2023020166,2023-11-04,WSH,CBJ,0.521501,0.478499,WSH,1,WSH,1,0,REAL_NHL_API_OR_DERIVED_FROM_REAL
20232024,2023020167,2023-11-04,NYI,CAR,0.540379,0.459621,NYI,0,CAR,0,0,REAL_NHL_API_OR_DERIVED_FROM_REAL
20232024,2023020168,2023-11-04,CHI,FLA,0.461838,0.538162,FLA,1,CHI,0,0,REAL_NHL_API_OR_DERIVED_FROM_REAL
20232024,2023020169,2023-11-04,MIN,NYR,0.345952,0.654048,NYR,1,MIN,0,0,REAL_NHL_API_OR_DERIVED_FROM_REAL
20232024,2023020170,2023-11-04,SEA,CGY,0.555699,0.444301,SEA,0,CGY,0,0,REAL_NHL_API_OR_DERIVED_FROM_REAL
20232024,2023020171,2023-11-04,SJS,PIT,0.357977,0.642023,PIT,0,PIT,1,0,REAL_NHL_API_OR_DERIVED_FROM_REAL
20232024,2023020172,2023-11-04,VAN,DAL,0.587473,0.412527,VAN,1,VAN,1,0,REAL_NHL_API_OR_DERIVED_FROM_REAL
20232024,2023020173,2023-11-04,VGK,COL,0.513555,0.486445,VGK,1,VGK,1,0,REAL_NHL_API_OR_DERIVED_FROM_REAL
20232024,2023020174,2023-11-05,CHI,NJD,0.447584,0.552416,NJD,0,NJD,1,0,REAL_NHL_API_OR_DERIVED_FROM_REAL
20232024,2023020175,2023-11-05,ANA,VGK,0.520271,0.479729,ANA,1,ANA,1,0,REAL_NHL_API_OR_DERIVED_FROM_REAL
20232024,2023020176,2023-11-06,FLA,CBJ,0.721302,0.278698,FLA,1,FLA,1,0,REAL_NHL_API_OR_DERIVED_FROM_REAL
20232024,2023020177,2023-11-06,TOR,TBL,0.275906,0.724094,TBL,1,TOR,0,0,REAL_NHL_API_OR_DERIVED_FROM_REAL
20232024,2023020178,2023-11-06,DAL,BOS,0.526881,0.473119,DAL,0,BOS,0,0,REAL_NHL_API_OR_DERIVED_FROM_REAL
20232024,2023020179,2023-11-06,VAN,EDM,0.606089,0.393911,VAN,1,VAN,1,0,REAL_NHL_API_OR_DERIVED_FROM_REAL
20232024,2023020180,2023-11-07,CAR,BUF,0.539214,0.460786,CAR,1,CAR,1,0,REAL_NHL_API_OR_DERIVED_FROM_REAL
20232024,2023020181,2023-11-07,MTL,TBL,0.329088,0.670912,TBL,0,TBL,1,0,REAL_NHL_API_OR_DERIVED_FROM_REAL
20232024,2023020182,2023-11-07,NYI,MIN,0.532765,0.467235,NYI,0,MIN,0,0,REAL_NHL_API_OR_DERIVED_FROM_REAL
20232024,2023020183,2023-11-07,NYR,DET,0.554191,0.445809,NYR,1,NYR,1,0,REAL_NHL_API_OR_DERIVED_FROM_REAL
20232024,2023020184,2023-11-07,STL,WPG,0.488122,0.511878,WPG,0,WPG,1,0,REAL_NHL_API_OR_DERIVED_FROM_REAL
20232024,2023020185,2023-11-07,UTA,SEA,0.526178,0.473822,UTA,1,UTA,1,0,REAL_NHL_API_OR_DERIVED_FROM_REAL
20232024,2023020186,2023-11-07,CGY,NSH,0.472575,0.527425,NSH,1,CGY,0,0,REAL_NHL_API_OR_DERIVED_FROM_REAL
20232024,2023020187,2023-11-07,ANA,PIT,0.717567,0.282433,ANA,0,PIT,0,0,REAL_NHL_API_OR_DERIVED_FROM_REAL
20232024,2023020188,2023-11-07,COL,NJD,0.507944,0.492056,COL,1,COL,1,0,REAL_NHL_API_OR_DERIVED_FROM_REAL
20232024,2023020189,2023-11-07,SJS,PHI,0.43454,0.56546,PHI,1,SJS,0,0,REAL_NHL_API_OR_DERIVED_FROM_REAL
20232024,2023020190,2023-11-08,TOR,OTT,0.524821,0.475179,TOR,0,OTT,0,0,REAL_NHL_API_OR_DERIVED_FROM_REAL
20232024,2023020191,2023-11-08,WSH,FLA,0.482361,0.517639,FLA,0,FLA,1,0,REAL_NHL_API_OR_DERIVED_FROM_REAL
20232024,2023020192,2023-11-08,VGK,LAK,0.529479,0.470521,VGK,0,LAK,0,0,REAL_NHL_API_OR_DERIVED_FROM_REAL
20232024,2023020193,2023-11-09,BOS,NYI,0.563965,0.436035,BOS,1,BOS,1,0,REAL_NHL_API_OR_DERIVED_FROM_REAL
20232024,2023020194,2023-11-09,CBJ,DAL,0.443846,0.556154,DAL,0,DAL,1,0,REAL_NHL_API_OR_DERIVED_FROM_REAL
20232024,2023020195,2023-11-09,DET,MTL,0.594659,0.405341,DET,0,MTL,0,0,REAL_NHL_API_OR_DERIVED_FROM_REAL
20232024,2023020196,2023-11-09,NYR,MIN,0.568022,0.431978,NYR,1,NYR,1,0,REAL_NHL_API_OR_DERIVED_FROM_REAL
20232024,2023020197,2023-11-09,OTT,VAN,0.48249,0.51751,VAN,0,VAN,1,0,REAL_NHL_API_OR_DERIVED_FROM_REAL
20232024,2023020198,2023-11-09,TBL,CHI,0.658352,0.341648,TBL,0,CHI,0,0,REAL_NHL_API_OR_DERIVED_FROM_REAL
20232024,2023020199,2023-11-09,STL,UTA,0.473242,0.526758,UTA,1,STL,0,0,REAL_NHL_API_OR_DERIVED_FROM_REAL
20232024,2023020200,2023-11-09,WPG,NSH,0.543976,0.456024,WPG,1,WPG,1,0,REAL_NHL_API_OR_DERIVED_FROM_REAL
20232024,2023020201,2023-11-09,COL,SEA,0.404912,0.595088,SEA,0,SEA,1,0,REAL_NHL_API_OR_DERIVED_FROM_REAL
20232024,2023020202,2023-11-09,LAK,PIT,0.554695,0.445305,LAK,0,PIT,0,0,REAL_NHL_API_OR_DERIVED_FROM_REAL
20232024,2023020203,2023-11-09,SJS,EDM,0.371424,0.628576,EDM,1,SJS,0,0,REAL_NHL_API_OR_DERIVED_FROM_REAL
20232024,2023020204,2023-11-10,BUF,MIN,0.618873,0.381127,BUF,1,BUF,1,0,REAL_NHL_API_OR_DERIVED_FROM_REAL
20232024,2023020205,2023-11-10,FLA,CAR,0.535065,0.464935,FLA,1,FLA,1,0,REAL_NHL_API_OR_DERIVED_FROM_REAL
20232024,2023020206,2023-11-10,NJD,WSH,0.403411,0.596589,WSH,0,WSH,1,0,REAL_NHL_API_OR_DERIVED_FROM_REAL
20232024,2023020207,2023-11-10,TOR,CGY,0.573196,0.426804,TOR,1,TOR,1,0,REAL_NHL_API_OR_DERIVED_FROM_REAL
20232024,2023020208,2023-11-10,ANA,PHI,0.640593,0.359407,ANA,0,PHI,0,0,REAL_NHL_API_OR_DERIVED_FROM_REAL
20232024,2023020209,2023-11-10,VGK,SJS,0.66256,0.33744,VGK,1,VGK,1,0,REAL_NHL_API_OR_DERIVED_FROM_REAL
20232024,2023020210,2023-11-11,DET,CBJ,0.5137,0.4863,DET,1,DET,1,0,REAL_NHL_API_OR_DERIVED_FROM_REAL
20232024,2023020211,2023-11-11,WPG,DAL,0.546125,0.453875,WPG,0,DAL,0,0,REAL_NHL_API_OR_DERIVED_FROM_REAL
20232024,2023020212,2023-11-11,MTL,BOS,0.413718,0.586282,BOS,1,MTL,0,0,REAL_NHL_API_OR_DERIVED_FROM_REAL
20232024,2023020213,2023-11-11,OTT,CGY,0.491461,0.508539,CGY,1,OTT,0,0,REAL_NHL_API_OR_DERIVED_FROM_REAL
20232024,2023020214,2023-11-11,TBL,CAR,0.560617,0.439383,TBL,0,CAR,0,0,REAL_NHL_API_OR_DERIVED_FROM_REAL
20232024,2023020215,2023-11-11,TOR,VAN,0.369961,0.630039,VAN,1,TOR,0,0,REAL_NHL_API_OR_DERIVED_FROM_REAL
20232024,2023020216,2023-11-11,NYI,WSH,0.585538,0.414462,NYI,0,WSH,0,0,REAL_NHL_API_OR_DERIVED_FROM_REAL
20232024,2023020217,2023-11-11,PIT,BUF,0.570707,0.429293,PIT,1,PIT,1,0,REAL_NHL_API_OR_DERIVED_FROM_REAL
20232024,2023020218,2023-11-11,NSH,UTA,0.548742,0.451258,NSH,0,UTA,0,0,REAL_NHL_API_OR_DERIVED_FROM_REAL
20232024,2023020219,2023-11-11,COL,STL,0.332261,0.667739,STL,0,STL,1,0,REAL_NHL_API_OR_DERIVED_FROM_REAL
20232024,2023020220,2023-11-11,SEA,EDM,0.409692,0.590308,EDM,0,EDM,1,0,REAL_NHL_API_OR_DERIVED_FROM_REAL
20232024,2023020221,2023-11-11,LAK,PHI,0.628061,0.371939,LAK,0,PHI,0,0,REAL_NHL_API_OR_DERIVED_FROM_REAL
20232024,2023020222,2023-11-12,FLA,CHI,0.599573,0.400427,FLA,1,FLA,1,0,REAL_NHL_API_OR_DERIVED_FROM_REAL
20232024,2023020223,2023-11-12,MIN,DAL,0.496793,0.503207,DAL,0,DAL,1,0,REAL_NHL_API_OR_DERIVED_FROM_REAL
20232024,2023020224,2023-11-12,MTL,VAN,0.38945,0.61055,VAN,0,VAN,1,0,REAL_NHL_API_OR_DERIVED_FROM_REAL
20232024,2023020225,2023-11-12,NYR,CBJ,0.612326,0.387674,NYR,1,NYR,1,0,REAL_NHL_API_OR_DERIVED_FROM_REAL
20232024,2023020226,2023-11-12,ANA,SJS,0.677288,0.322712,ANA,1,ANA,1,0,REAL_NHL_API_OR_DERIVED_FROM_REAL
20232024,2023020227,2023-11-13,EDM,NYI,0.516951,0.483049,EDM,1,EDM,1,0,REAL_NHL_API_OR_DERIVED_FROM_REAL
20232024,2023020228,2023-11-13,SEA,COL,0.564544,0.435456,SEA,0,COL,0,0,REAL_NHL_API_OR_DERIVED_FROM_REAL
20232024,2023020229,2023-11-14,BUF,BOS,0.262396,0.737604,BOS,0,BOS,1,0,REAL_NHL_API_OR_DERIVED_FROM_REAL
20232024,2023020230,2023-11-14,CBJ,PIT,0.424058,0.575942,PIT,0,PIT,1,0,REAL_NHL_API_OR_DERIVED_FROM_REAL
20232024,2023020231,2023-11-14,MTL,CGY,0.493045,0.506955,CGY,0,CGY,1,0,REAL_NHL_API_OR_DERIVED_FROM_REAL
20232024,2023020232,2023-11-14,WSH,VGK,0.443212,0.556788,VGK,1,WSH,0,0,REAL_NHL_API_OR_DERIVED_FROM_REAL
20232024,2023020233,2023-11-14,DAL,UTA,0.575866,0.424134,DAL,1,DAL,1,0,REAL_NHL_API_OR_DERIVED_FROM_REAL
20232024,2023020234,2023-11-14,NSH,ANA,0.5399,0.4601,NSH,0,ANA,0,0,REAL_NHL_API_OR_DERIVED_FROM_REAL
20232024,2023020235,2023-11-14,STL,TBL,0.53964,0.46036,STL,1,STL,1,0,REAL_NHL_API_OR_DERIVED_FROM_REAL
20232024,2023020236,2023-11-14,WPG,NJD,0.626527,0.373473,WPG,1,WPG,1,0,REAL_NHL_API_OR_DERIVED_FROM_REAL
20232024,2023020237,2023-11-14,SJS,FLA,0.370339,0.629661,FLA,0,FLA,1,0,REAL_NHL_API_OR_DERIVED_FROM_REAL
20232024,2023020238,2023-11-15,CAR,PHI,0.554573,0.445427,CAR,0,PHI,0,0,REAL_NHL_API_OR_DERIVED_FROM_REAL
20232024,2023020239,2023-11-15,EDM,SEA,0.516477,0.483523,EDM,1,EDM,1,0,REAL_NHL_API_OR_DERIVED_FROM_REAL
20232024,2023020240,2023-11-15,COL,ANA,0.489532,0.510468,ANA,1,COL,0,0,REAL_NHL_API_OR_DERIVED_FROM_REAL
20232024,2023020241,2023-11-15,VAN,NYI,0.592878,0.407122,VAN,1,VAN,1,0,REAL_NHL_API_OR_DERIVED_FROM_REAL
20232024,2023020242,2023-11-16,OTT,DET,0.562844,0.437156,OTT,1,OTT,1,0,REAL_NHL_API_OR_DERIVED_FROM_REAL
20232024,2023020243,2023-11-16,CBJ,UTA,0.482163,0.517837,UTA,0,UTA,1,0,REAL_NHL_API_OR_DERIVED_FROM_REAL
20232024,2023020244,2023-11-16,MTL,VGK,0.436843,0.563157,VGK,0,VGK,1,0,REAL_NHL_API_OR_DERIVED_FROM_REAL
20232024,2023020245,2023-11-16,PIT,NJD,0.641059,0.358941,PIT,0,NJD,0,0,REAL_NHL_API_OR_DERIVED_FROM_REAL
20232024,2023020246,2023-11-16,CHI,TBL,0.486012,0.513988,TBL,0,TBL,1,0,REAL_NHL_API_OR_DERIVED_FROM_REAL
20232024,2023020247,2023-11-16,CGY,VAN,0.47555,0.52445,VAN,1,CGY,0,0,REAL_NHL_API_OR_DERIVED_FROM_REAL
20232024,2023020248,2023-11-16,SEA,NYI,0.551809,0.448191,SEA,1,SEA,1,0,REAL_NHL_API_OR_DERIVED_FROM_REAL
20232024,2023020249,2023-11-16,LAK,FLA,0.519077,0.480923,LAK,1,LAK,1,0,REAL_NHL_API_OR_DERIVED_FROM_REAL
20232024,2023020250,2023-11-16,SJS,STL,0.595009,0.404991,SJS,1,SJS,1,0,REAL_NHL_API_OR_DERIVED_FROM_REAL
20232024,2023020251,2023-11-17,DET,TOR,0.534585,0.465415,DET,0,TOR,0,0,REAL_NHL_API_OR_DERIVED_FROM_REAL
20232024,2023020252,2023-11-17,WPG,BUF,0.622599,0.377401,WPG,1,WPG,1,0,REAL_NHL_API_OR_DERIVED_FROM_REAL
20232024,2023020253,2023-11-17,ANA,FLA,0.412938,0.587062,FLA,0,FLA,1,0,REAL_NHL_API_OR_DERIVED_FROM_REAL
20232024,2023020254,2023-11-18,OTT,MIN,0.611551,0.388449,OTT,1,OTT,1,0,REAL_NHL_API_OR_DERIVED_FROM_REAL
20232024,2023020255,2023-11-18,PHI,VGK,0.514887,0.485113,PHI,1,PHI,1,0,REAL_NHL_API_OR_DERIVED_FROM_REAL
20232024,2023020256,2023-11-18,NSH,CHI,0.552858,0.447142,NSH,1,NSH,1,0,REAL_NHL_API_OR_DERIVED_FROM_REAL
20232024,2023020257,2023-11-18,TBL,EDM,0.51577,0.48423,TBL,1,TBL,1,0,REAL_NHL_API_OR_DERIVED_FROM_REAL
20232024,2023020258,2023-11-18,BOS,MTL,0.634749,0.365251,BOS,1,BOS,1,0,REAL_NHL_API_OR_DERIVED_FROM_REAL
20232024,2023020259,2023-11-18,CAR,PIT,0.512937,0.487063,CAR,1,CAR,1,0,REAL_NHL_API_OR_DERIVED_FROM_REAL
20232024,2023020260,2023-11-18,CGY,NYI,0.572428,0.427572,CGY,0,NYI,0,0,REAL_NHL_API_OR_DERIVED_FROM_REAL
20232024,2023020261,2023-11-18,NJD,NYR,0.487496,0.512504,NYR,0,NYR,1,0,REAL_NHL_API_OR_DERIVED_FROM_REAL
20232024,2023020262,2023-11-18,WPG,UTA,0.630663,0.369337,WPG,1,WPG,1,0,REAL_NHL_API_OR_DERIVED_FROM_REAL
20232024,2023020263,2023-11-18,WSH,CBJ,0.565923,0.434077,WSH,1,WSH,1,0,REAL_NHL_API_OR_DERIVED_FROM_REAL
20232024,2023020264,2023-11-18,DAL,COL,0.554765,0.445235,DAL,0,COL,0,0,REAL_NHL_API_OR_DERIVED_FROM_REAL
20232024,2023020265,2023-11-18,VAN,SEA,0.592493,0.407507,VAN,0,SEA,0,0,REAL_NHL_API_OR_DERIVED_FROM_REAL
20232024,2023020266,2023-11-18,LAK,STL,0.528184,0.471816,LAK,1,LAK,1,0,REAL_NHL_API_OR_DERIVED_FROM_REAL
20232024,2023020267,2023-11-19,MIN,TOR,0.465651,0.534349,TOR,0,TOR,1,0,REAL_NHL_API_OR_DERIVED_FROM_REAL
20232024,2023020268,2023-11-19,PHI,CBJ,0.550216,0.449784,PHI,1,PHI,1,0,REAL_NHL_API_OR_DERIVED_FROM_REAL
20232024,2023020269,2023-11-19,PIT,VGK,0.554923,0.445077,PIT,1,PIT,1,0,REAL_NHL_API_OR_DERIVED_FROM_REAL
20232024,2023020270,2023-11-19,CHI,BUF,0.523635,0.476365,CHI,0,BUF,0,0,REAL_NHL_API_OR_DERIVED_FROM_REAL
20232024,2023020271,2023-11-19,ANA,STL,0.523792,0.476208,ANA,0,STL,0,0,REAL_NHL_API_OR_DERIVED_FROM_REAL
20232024,2023020272,2023-11-20,FLA,EDM,0.593963,0.406037,FLA,1,FLA,1,0,REAL_NHL_API_OR_DERIVED_FROM_REAL
20232024,2023020273,2023-11-20,TBL,BOS,0.440244,0.559756,BOS,1,TBL,0,0,REAL_NHL_API_OR_DERIVED_FROM_REAL
20232024,2023020274,2023-11-20,DAL,NYR,0.490189,0.509811,NYR,1,DAL,0,0,REAL_NHL_API_OR_DERIVED_FROM_REAL
20232024,2023020275,2023-11-20,NSH,COL,0.449154,0.550846,COL,1,NSH,0,0,REAL_NHL_API_OR_DERIVED_FROM_REAL
20232024,2023020276,2023-11-20,UTA,LAK,0.57925,0.42075,UTA,0,LAK,0,0,REAL_NHL_API_OR_DERIVED_FROM_REAL
20232024,2023020277,2023-11-20,SEA,CGY,0.340567,0.659433,CGY,0,CGY,1,0,REAL_NHL_API_OR_DERIVED_FROM_REAL
20232024,2023020278,2023-11-20,VAN,SJS,0.614668,0.385332,VAN,1,VAN,1,0,REAL_NHL_API_OR_DERIVED_FROM_REAL
20232024,2023020279,2023-11-22,CAR,EDM,0.538703,0.461297,CAR,1,CAR,1,0,REAL_NHL_API_OR_DERIVED_FROM_REAL
20232024,2023020280,2023-11-22,CBJ,CHI,0.681718,0.318282,CBJ,1,CBJ,1,0,REAL_NHL_API_OR_DERIVED_FROM_REAL
20232024,2023020281,2023-11-22,DET,NJD,0.559397,0.440603,DET,1,DET,1,0,REAL_NHL_API_OR_DERIVED_FROM_REAL
20232024,2023020282,2023-11-22,FLA,BOS,0.499482,0.500518,BOS,0,BOS,1,0,REAL_NHL_API_OR_DERIVED_FROM_REAL
20232024,2023020283,2023-11-22,PIT,NYR,0.476463,0.523537,NYR,0,NYR,1,0,REAL_NHL_API_OR_DERIVED_FROM_REAL
20232024,2023020284,2023-11-22,TBL,WPG,0.437445,0.562555,WPG,0,WPG,1,0,REAL_NHL_API_OR_DERIVED_FROM_REAL
20232024,2023020285,2023-11-22,WSH,BUF,0.56775,0.43225,WSH,1,WSH,1,0,REAL_NHL_API_OR_DERIVED_FROM_REAL
20232024,2023020286,2023-11-22,NYI,PHI,0.487618,0.512382,PHI,1,NYI,0,0,REAL_NHL_API_OR_DERIVED_FROM_REAL
20232024,2023020287,2023-11-22,UTA,STL,0.49362,0.50638,STL,0,STL,1,0,REAL_NHL_API_OR_DERIVED_FROM_REAL
20232024,2023020288,2023-11-22,NSH,CGY,0.539714,0.460286,NSH,1,NSH,1,0,REAL_NHL_API_OR_DERIVED_FROM_REAL
20232024,2023020289,2023-11-22,DAL,VGK,0.576807,0.423193,DAL,0,VGK,0,0,REAL_NHL_API_OR_DERIVED_FROM_REAL
20232024,2023020290,2023-11-22,ANA,MTL,0.519758,0.480242,ANA,0,MTL,0,0,REAL_NHL_API_OR_DERIVED_FROM_REAL
20232024,2023020291,2023-11-22,COL,VAN,0.535227,0.464773,COL,1,COL,1,0,REAL_NHL_API_OR_DERIVED_FROM_REAL
20232024,2023020292,2023-11-22,SEA,SJS,0.744778,0.255222,SEA,1,SEA,1,0,REAL_NHL_API_OR_DERIVED_FROM_REAL
20232024,2023020293,2023-11-24,BOS,DET,0.58946,0.41054,BOS,0,DET,0,0,REAL_NHL_API_OR_DERIVED_FROM_REAL
20232024,2023020294,2023-11-24,PHI,NYR,0.493275,0.506725,NYR,0,NYR,1,0,REAL_NHL_API_OR_DERIVED_FROM_REAL
20232024,2023020295,2023-11-24,CHI,TOR,0.451676,0.548324,TOR,1,CHI,0,0,REAL_NHL_API_OR_DERIVED_FROM_REAL
20232024,2023020296,2023-11-24,NJD,CBJ,0.501155,0.498845,NJD,0,CBJ,0,0,REAL_NHL_API_OR_DERIVED_FROM_REAL
20232024,2023020297,2023-11-24,STL,NSH,0.351148,0.648852,NSH,0,NSH,1,0,REAL_NHL_API_OR_DERIVED_FROM_REAL
20232024,2023020298,2023-11-24,WSH,EDM,0.573769,0.426231,WSH,0,EDM,0,0,REAL_NHL_API_OR_DERIVED_FROM_REAL
20232024,2023020299,2023-11-24,ANA,LAK,0.470403,0.529597,LAK,0,LAK,1,0,REAL_NHL_API_OR_DERIVED_FROM_REAL
20232024,2023020300,2023-11-24,SJS,MTL,0.501991,0.498009,SJS,0,MTL,0,0,REAL_NHL_API_OR_DERIVED_FROM_REAL
20232024,2023020301,2023-11-24,BUF,PIT,0.51948,0.48052,BUF,1,BUF,1,0,REAL_NHL_API_OR_DERIVED_FROM_REAL
20232024,2023020302,2023-11-24,OTT,NYI,0.485096,0.514904,NYI,0,NYI,1,0,REAL_NHL_API_OR_DERIVED_FROM_REAL
20232024,2023020303,2023-11-24,CAR,TBL,0.505495,0.494505,CAR,0,TBL,0,0,REAL_NHL_API_OR_DERIVED_FROM_REAL
20232024,2023020304,2023-11-24,FLA,WPG,0.50176,0.49824,FLA,0,WPG,0,0,REAL_NHL_API_OR_DERIVED_FROM_REAL
20232024,2023020305,2023-11-24,DAL,CGY,0.540365,0.459635,DAL,0,CGY,0,0,REAL_NHL_API_OR_DERIVED_FROM_REAL
20232024,2023020306,2023-11-24,MIN,COL,0.389222,0.610778,COL,0,COL,1,0,REAL_NHL_API_OR_DERIVED_FROM_REAL
20232024,2023020307,2023-11-24,SEA,VAN,0.567403,0.432597,SEA,0,VAN,0,0,REAL_NHL_API_OR_DERIVED_FROM_REAL
20232024,2023020308,2023-11-25,NYR,BOS,0.489263,0.510737,BOS,1,NYR,0,0,REAL_NHL_API_OR_DERIVED_FROM_REAL
20232024,2023020309,2023-11-25,LAK,MTL,0.549815,0.450185,LAK,1,LAK,1,0,REAL_NHL_API_OR_DERIVED_FROM_REAL
20232024,2023020310,2023-11-25,NJD,BUF,0.451381,0.548619,BUF,1,NJD,0,0,REAL_NHL_API_OR_DERIVED_FROM_REAL
20232024,2023020311,2023-11-25,PIT,TOR,0.473447,0.526553,TOR,1,PIT,0,0,REAL_NHL_API_OR_DERIVED_FROM_REAL
20232024,2023020312,2023-11-25,NYI,PHI,0.5661,0.4339,NYI,0,PHI,0,0,REAL_NHL_API_OR_DERIVED_FROM_REAL
20232024,2023020313,2023-11-25,COL,CGY,0.559013,0.440987,COL,1,COL,1,0,REAL_NHL_API_OR_DERIVED_FROM_REAL
20232024,2023020314,2023-11-25,SJS,VAN,0.403411,0.596589,VAN,1,SJS,0,0,REAL_NHL_API_OR_DERIVED_FROM_REAL
20232024,2023020315,2023-11-25,VGK,UTA,0.544183,0.455817,VGK,0,UTA,0,0,REAL_NHL_API_OR_DERIVED_FROM_REAL
20232024,2023020316,2023-11-26,DET,MIN,0.591357,0.408643,DET,1,DET,1,0,REAL_NHL_API_OR_DERIVED_FROM_REAL
20232024,2023020317,2023-11-26,CHI,STL,0.503426,0.496574,CHI,0,STL,0,0,REAL_NHL_API_OR_DERIVED_FROM_REAL
20232024,2023020318,2023-11-26,CAR,CBJ,0.521401,0.478599,CAR,1,CAR,1,0,REAL_NHL_API_OR_DERIVED_FROM_REAL
20232024,2023020319,2023-11-26,NSH,WPG,0.47601,0.52399,WPG,1,NSH,0,0,REAL_NHL_API_OR_DERIVED_FROM_REAL
20232024,2023020320,2023-11-26,EDM,ANA,0.756968,0.243032,EDM,1,EDM,1,0,REAL_NHL_API_OR_DERIVED_FROM_REAL
20232024,2023020321,2023-11-27,CBJ,BOS,0.64524,0.35476,CBJ,1,CBJ,1,0,REAL_NHL_API_OR_DERIVED_FROM_REAL
20232024,2023020322,2023-11-27,NYR,BUF,0.595284,0.404716,NYR,0,BUF,0,0,REAL_NHL_API_OR_DERIVED_FROM_REAL
20232024,2023020323,2023-11-27,OTT,FLA,0.520967,0.479033,OTT,0,FLA,0,0,REAL_NHL_API_OR_DERIVED_FROM_REAL
20232024,2023020324,2023-11-27,COL,TBL,0.481523,0.518477,TBL,1,COL,0,0,REAL_NHL_API_OR_DERIVED_FROM_REAL
20232024,2023020325,2023-11-27,CGY,VGK,0.564938,0.435062,CGY,1,CGY,1,0,REAL_NHL_API_OR_DERIVED_FROM_REAL
20232024,2023020326,2023-11-27,SJS,WSH,0.469985,0.530015,WSH,1,SJS,0,0,REAL_NHL_API_OR_DERIVED_FROM_REAL
20232024,2023020327,2023-11-28,NJD,NYI,0.311964,0.688036,NYI,1,NJD,0,0,REAL_NHL_API_OR_DERIVED_FROM_REAL
20232024,2023020328,2023-11-28,PHI,CAR,0.505297,0.494703,PHI,0,CAR,0,0,REAL_NHL_API_OR_DERIVED_FROM_REAL
20232024,2023020329,2023-11-28,TOR,FLA,0.563702,0.436298,TOR,1,TOR,1,0,REAL_NHL_API_OR_DERIVED_FROM_REAL
20232024,2023020330,2023-11-28,MIN,STL,0.4856,0.5144,STL,1,MIN,0,0,REAL_NHL_API_OR_DERIVED_FROM_REAL
20232024,2023020331,2023-11-28,NSH,PIT,0.578164,0.421836,NSH,1,NSH,1,0,REAL_NHL_API_OR_DERIVED_FROM_REAL
20232024,2023020332,2023-11-28,WPG,DAL,0.564883,0.435117,WPG,0,DAL,0,0,REAL_NHL_API_OR_DERIVED_FROM_REAL
20232024,2023020333,2023-11-28,CHI,SEA,0.465267,0.534733,SEA,1,CHI,0,0,REAL_NHL_API_OR_DERIVED_FROM_REAL
20232024,2023020334,2023-11-28,UTA,TBL,0.445506,0.554494,TBL,1,UTA,0,0,REAL_NHL_API_OR_DERIVED_FROM_REAL
20232024,2023020335,2023-11-28,EDM,VGK,0.580929,0.419071,EDM,1,EDM,1,0,REAL_NHL_API_OR_DERIVED_FROM_REAL
20232024,2023020336,2023-11-28,VAN,ANA,0.618515,0.381485,VAN,1,VAN,1,0,REAL_NHL_API_OR_DERIVED_FROM_REAL
20232024,2023020337,2023-11-29,CBJ,MTL,0.560679,0.439321,CBJ,0,MTL,0,0,REAL_NHL_API_OR_DERIVED_FROM_REAL
20232024,2023020338,2023-11-29,NYR,DET,0.550393,0.449607,NYR,1,NYR,1,0,REAL_NHL_API_OR_DERIVED_FROM_REAL
20232024,2023020339,2023-11-29,LAK,WSH,0.578274,0.421726,LAK,0,WSH,0,0,REAL_NHL_API_OR_DERIVED_FROM_REAL
20232024,2023020340,2023-11-30,BOS,SJS,0.614092,0.385908,BOS,1,BOS,1,0,REAL_NHL_API_OR_DERIVED_FROM_REAL
20232024,2023020341,2023-11-30,CAR,NYI,0.5391,0.4609,CAR,0,NYI,0,0,REAL_NHL_API_OR_DERIVED_FROM_REAL
20232024,2023020342,2023-11-30,DET,CHI,0.599917,0.400083,DET,1,DET,1,0,REAL_NHL_API_OR_DERIVED_FROM_REAL
20232024,2023020343,2023-11-30,MTL,FLA,0.490527,0.509473,FLA,0,FLA,1,0,REAL_NHL_API_OR_DERIVED_FROM_REAL
20232024,2023020344,2023-11-30,PHI,NJD,0.412578,0.587422,NJD,0,NJD,1,0,REAL_NHL_API_OR_DERIVED_FROM_REAL
20232024,2023020345,2023-11-30,TBL,PIT,0.551402,0.448598,TBL,0,PIT,0,0,REAL_NHL_API_OR_DERIVED_FROM_REAL
20232024,2023020346,2023-11-30,TOR,SEA,0.559558,0.440442,TOR,1,TOR,1,0,REAL_NHL_API_OR_DERIVED_FROM_REAL
20232024,2023020347,2023-11-30,NSH,MIN,0.483209,0.516791,MIN,0,MIN,1,0,REAL_NHL_API_OR_DERIVED_FROM_REAL
20232024,2023020348,2023-11-30,STL,BUF,0.479996,0.520004,BUF,1,STL,0,0,REAL_NHL_API_OR_DERIVED_FROM_REAL
20232024,2023020349,2023-11-30,WPG,EDM,0.547236,0.452764,WPG,0,EDM,0,0,REAL_NHL_API_OR_DERIVED_FROM_REAL
20232024,2023020350,2023-11-30,UTA,COL,0.477222,0.522778,COL,1,UTA,0,0,REAL_NHL_API_OR_DERIVED_FROM_REAL
20232024,2023020351,2023-11-30,CGY,DAL,0.554819,0.445181,CGY,1,CGY,1,0,REAL_NHL_API_OR_DERIVED_FROM_REAL
20232024,2023020352,2023-11-30,ANA,WSH,0.479223,0.520777,WSH,0,WSH,1,0,REAL_NHL_API_OR_DERIVED_FROM_REAL
20232024,2023020353,2023-11-30,VAN,VGK,0.738962,0.261038,VAN,0,VGK,0,0,REAL_NHL_API_OR_DERIVED_FROM_REAL
20232024,2023020354,2023-12-01,CBJ,OTT,0.516293,0.483707,CBJ,1,CBJ,1,0,REAL_NHL_API_OR_DERIVED_FROM_REAL
20232024,2023020355,2023-12-01,NJD,SJS,0.675639,0.324361,NJD,0,SJS,0,0,REAL_NHL_API_OR_DERIVED_FROM_REAL
20232024,2023020356,2023-12-02,DAL,TBL,0.686488,0.313512,DAL,1,DAL,1,0,REAL_NHL_API_OR_DERIVED_FROM_REAL
20232024,2023020357,2023-12-02,WPG,CHI,0.606433,0.393567,WPG,1,WPG,1,0,REAL_NHL_API_OR_DERIVED_FROM_REAL
20232024,2023020358,2023-12-02,NSH,NYR,0.519286,0.480714,NSH,0,NYR,0,0,REAL_NHL_API_OR_DERIVED_FROM_REAL
20232024,2023020359,2023-12-02,FLA,NYI,0.525161,0.474839,FLA,0,NYI,0,0,REAL_NHL_API_OR_DERIVED_FROM_REAL
20232024,2023020360,2023-12-02,CAR,BUF,0.521627,0.478373,CAR,1,CAR,1,0,REAL_NHL_API_OR_DERIVED_FROM_REAL
20232024,2023020361,2023-12-02,MTL,DET,0.42372,0.57628,DET,0,DET,1,0,REAL_NHL_API_OR_DERIVED_FROM_REAL
20232024,2023020362,2023-12-02,OTT,SEA,0.484169,0.515831,SEA,1,OTT,0,0,REAL_NHL_API_OR_DERIVED_FROM_REAL
20232024,2023020363,2023-12-02,PIT,PHI,0.576704,0.423296,PIT,0,PHI,0,0,REAL_NHL_API_OR_DERIVED_FROM_REAL
20232024,2023020364,2023-12-02,TOR,BOS,0.534464,0.465536,TOR,0,BOS,0,0,REAL_NHL_API_OR_DERIVED_FROM_REAL
20232024,2023020365,2023-12-02,UTA,STL,0.496214,0.503786,STL,1,UTA,0,0,REAL_NHL_API_OR_DERIVED_FROM_REAL
20232024,2023020366,2023-12-02,ANA,COL,0.424858,0.575142,COL,1,ANA,0,0,REAL_NHL_API_OR_DERIVED_FROM_REAL
20232024,2023020367,2023-12-02,CGY,VAN,0.554374,0.445626,CGY,0,VAN,0,0,REAL_NHL_API_OR_DERIVED_FROM_REAL
20232024,2023020368,2023-12-02,VGK,WSH,0.564382,0.435618,VGK,1,VGK,1,0,REAL_NHL_API_OR_DERIVED_FROM_REAL
20232024,2023020369,2023-12-03,MIN,CHI,0.535454,0.464546,MIN,1,MIN,1,0,REAL_NHL_API_OR_DERIVED_FROM_REAL
20232024,2023020370,2023-12-03,NYR,SJS,0.616895,0.383105,NYR,1,NYR,1,0,REAL_NHL_API_OR_DERIVED_FROM_REAL
20232024,2023020371,2023-12-03,BOS,CBJ,0.566835,0.433165,BOS,1,BOS,1,0,REAL_NHL_API_OR_DERIVED_FROM_REAL
20232024,2023020372,2023-12-03,BUF,NSH,0.522552,0.477448,BUF,0,NSH,0,0,REAL_NHL_API_OR_DERIVED_FROM_REAL
20232024,2023020373,2023-12-03,LAK,COL,0.552298,0.447702,LAK,1,LAK,1,0,REAL_NHL_API_OR_DERIVED_FROM_REAL
20232024,2023020374,2023-12-04,PHI,PIT,0.454396,0.545604,PIT,1,PHI,0,0,REAL_NHL_API_OR_DERIVED_FROM_REAL
20232024,2023020375,2023-12-04,TBL,DAL,0.502796,0.497204,TBL,1,TBL,1,0,REAL_NHL_API_OR_DERIVED_FROM_REAL
20232024,2023020376,2023-12-04,MTL,SEA,0.501289,0.498711,MTL,1,MTL,1,0,REAL_NHL_API_OR_DERIVED_FROM_REAL
20232024,2023020377,2023-12-04,WPG,CAR,0.50802,0.49198,WPG,1,WPG,1,0,REAL_NHL_API_OR_DERIVED_FROM_REAL
20232024,2023020378,2023-12-04,UTA,WSH,0.74078,0.25922,UTA,1,UTA,1,0,REAL_NHL_API_OR_DERIVED_FROM_REAL
20232024,2023020379,2023-12-04,VGK,STL,0.536073,0.463927,VGK,0,STL,0,0,REAL_NHL_API_OR_DERIVED_FROM_REAL
20232024,2023020380,2023-12-05,BUF,DET,0.428667,0.571333,DET,0,DET,1,0,REAL_NHL_API_OR_DERIVED_FROM_REAL
20232024,2023020381,2023-12-05,CBJ,LAK,0.514045,0.485955,CBJ,0,LAK,0,0,REAL_NHL_API_OR_DERIVED_FROM_REAL
20232024,2023020382,2023-12-05,OTT,NYR,0.40611,0.59389,NYR,1,OTT,0,0,REAL_NHL_API_OR_DERIVED_FROM_REAL
20232024,2023020383,2023-12-05,NYI,SJS,0.571929,0.428071,NYI,0,SJS,0,0,REAL_NHL_API_OR_DERIVED_FROM_REAL
20232024,2023020384,2023-12-05,CHI,NSH,0.472492,0.527508,NSH,0,NSH,1,0,REAL_NHL_API_OR_DERIVED_FROM_REAL
20232024,2023020385,2023-12-05,CGY,MIN,0.407377,0.592623,MIN,0,MIN,1,0,REAL_NHL_API_OR_DERIVED_FROM_REAL
20232024,2023020386,2023-12-05,COL,ANA,0.589147,0.410853,COL,1,COL,1,0,REAL_NHL_API_OR_DERIVED_FROM_REAL
20232024,2023020387,2023-12-05,VAN,NJD,0.517565,0.482435,VAN,0,NJD,0,0,REAL_NHL_API_OR_DERIVED_FROM_REAL
20232024,2023020388,2023-12-06,FLA,DAL,0.51917,0.48083,FLA,1,FLA,1,0,REAL_NHL_API_OR_DERIVED_FROM_REAL
20232024,2023020389,2023-12-06,TBL,PIT,0.472773,0.527227,PIT,1,TBL,0,0,REAL_NHL_API_OR_DERIVED_FROM_REAL
20232024,2023020390,2023-12-06,STL,VGK,0.54281,0.45719,STL,0,VGK,0,0,REAL_NHL_API_OR_DERIVED_FROM_REAL
20232024,2023020391,2023-12-06,EDM,CAR,0.707814,0.292186,EDM,1,EDM,1,0,REAL_NHL_API_OR_DERIVED_FROM_REAL
20232024,2023020392,2023-12-07,BOS,BUF,0.626996,0.373004,BOS,0,BUF,0,0,REAL_NHL_API_OR_DERIVED_FROM_REAL
20232024,2023020393,2023-12-07,DET,SJS,0.730874,0.269126,DET,0,SJS,0,0,REAL_NHL_API_OR_DERIVED_FROM_REAL
20232024,2023020394,2023-12-07,MTL,LAK,0.428477,0.571523,LAK,0,LAK,1,0,REAL_NHL_API_OR_DERIVED_FROM_REAL
20232024,2023020395,2023-12-07,OTT,TOR,0.680482,0.319518,OTT,0,TOR,0,0,REAL_NHL_API_OR_DERIVED_FROM_REAL
20232024,2023020396,2023-12-07,WSH,DAL,0.422857,0.577143,DAL,0,DAL,1,0,REAL_NHL_API_OR_DERIVED_FROM_REAL
20232024,2023020397,2023-12-07,NYI,CBJ,0.596006,0.403994,NYI,1,NYI,1,0,REAL_NHL_API_OR_DERIVED_FROM_REAL
20232024,2023020398,2023-12-07,NSH,TBL,0.549501,0.450499,NSH,1,NSH,1,0,REAL_NHL_API_OR_DERIVED_FROM_REAL
20232024,2023020399,2023-12-07,CHI,ANA,0.559375,0.440625,CHI,1,CHI,1,0,REAL_NHL_API_OR_DERIVED_FROM_REAL
20232024,2023020400,2023-12-07,UTA,PHI,0.614788,0.385212,UTA,0,PHI,0,0,REAL_NHL_API_OR_DERIVED_FROM_REAL
20232024,2023020401,2023-12-07,CGY,CAR,0.568575,0.431425,CGY,1,CGY,1,0,REAL_NHL_API_OR_DERIVED_FROM_REAL
20232024,2023020402,2023-12-07,COL,WPG,0.566295,0.433705,COL,0,WPG,0,0,REAL_NHL_API_OR_DERIVED_FROM_REAL
20232024,2023020403,2023-12-07,SEA,NJD,0.477654,0.522346,NJD,0,NJD,1,0,REAL_NHL_API_OR_DERIVED_FROM_REAL
20232024,2023020404,2023-12-07,VAN,MIN,0.483094,0.516906,MIN,1,VAN,0,0,REAL_NHL_API_OR_DERIVED_FROM_REAL
20232024,2023020405,2023-12-08,CBJ,STL,0.527642,0.472358,CBJ,1,CBJ,1,0,REAL_NHL_API_OR_DERIVED_FROM_REAL
20232024,2023020406,2023-12-08,FLA,PIT,0.522835,0.477165,FLA,1,FLA,1,0,REAL_NHL_API_OR_DERIVED_FROM_REAL
20232024,2023020407,2023-12-08,EDM,MIN,0.603788,0.396212,EDM,1,EDM,1,0,REAL_NHL_API_OR_DERIVED_FROM_REAL
20232024,2023020408,2023-12-09,BOS,UTA,0.506984,0.493016,BOS,1,BOS,1,0,REAL_NHL_API_OR_DERIVED_FROM_REAL
20232024,2023020409,2023-12-09,CGY,NJD,0.527292,0.472708,CGY,0,NJD,0,0,REAL_NHL_API_OR_DERIVED_FROM_REAL
20232024,2023020410,2023-12-09,DAL,VGK,0.528037,0.471963,DAL,0,VGK,0,0,REAL_NHL_API_OR_DERIVED_FROM_REAL
20232024,2023020411,2023-12-09,BUF,MTL,0.525992,0.474008,BUF,0,MTL,0,0,REAL_NHL_API_OR_DERIVED_FROM_REAL
20232024,2023020412,2023-12-09,DET,OTT,0.55306,0.44694,DET,0,OTT,0,0,REAL_NHL_API_OR_DERIVED_FROM_REAL
20232024,2023020413,2023-12-09,TOR,NSH,0.518084,0.481916,TOR,1,TOR,1,0,REAL_NHL_API_OR_DERIVED_FROM_REAL
20232024,2023020414,2023-12-09,WSH,NYR,0.444783,0.555217,NYR,1,WSH,0,0,REAL_NHL_API_OR_DERIVED_FROM_REAL
20232024,2023020415,2023-12-09,NYI,LAK,0.504383,0.495617,NYI,1,NYI,1,0,REAL_NHL_API_OR_DERIVED_FROM_REAL
20232024,2023020416,2023-12-09,CHI,STL,0.459903,0.540097,STL,1,CHI,0,0,REAL_NHL_API_OR_DERIVED_FROM_REAL
20232024,2023020417,2023-12-09,COL,PHI,0.541538,0.458462,COL,0,PHI,0,0,REAL_NHL_API_OR_DERIVED_FROM_REAL
20232024,2023020418,2023-12-09,SEA,TBL,0.35713,0.64287,TBL,0,TBL,1,0,REAL_NHL_API_OR_DERIVED_FROM_REAL
20232024,2023020419,2023-12-09,VAN,CAR,0.590131,0.409869,VAN,1,VAN,1,0,REAL_NHL_API_OR_DERIVED_FROM_REAL
20232024,2023020420,2023-12-10,CBJ,FLA,0.511461,0.488539,CBJ,0,FLA,0,0,REAL_NHL_API_OR_DERIVED_FROM_REAL
20232024,2023020421,2023-12-10,EDM,NJD,0.587032,0.412968,EDM,1,EDM,1,0,REAL_NHL_API_OR_DERIVED_FROM_REAL
20232024,2023020422,2023-12-10,CHI,WSH,0.574206,0.425794,CHI,0,WSH,0,0,REAL_NHL_API_OR_DERIVED_FROM_REAL
20232024,2023020423,2023-12-10,MTL,NSH,0.457051,0.542949,NSH,0,NSH,1,0,REAL_NHL_API_OR_DERIVED_FROM_REAL
20232024,2023020424,2023-12-10,NYR,LAK,0.566475,0.433525,NYR,1,NYR,1,0,REAL_NHL_API_OR_DERIVED_FROM_REAL
20232024,2023020425,2023-12-10,ANA,WPG,0.452866,0.547134,WPG,0,WPG,1,0,REAL_NHL_API_OR_DERIVED_FROM_REAL
20232024,2023020426,2023-12-10,SEA,MIN,0.470821,0.529179,MIN,0,MIN,1,0,REAL_NHL_API_OR_DERIVED_FROM_REAL
20232024,2023020427,2023-12-10,VGK,SJS,0.583052,0.416948,VGK,1,VGK,1,0,REAL_NHL_API_OR_DERIVED_FROM_REAL
20232024,2023020428,2023-12-11,BUF,UTA,0.508391,0.491609,BUF,1,BUF,1,0,REAL_NHL_API_OR_DERIVED_FROM_REAL
20232024,2023020429,2023-12-11,NYI,TOR,0.584372,0.415628,NYI,1,NYI,1,0,REAL_NHL_API_OR_DERIVED_FROM_REAL
20232024,2023020430,2023-12-11,DAL,DET,0.524721,0.475279,DAL,1,DAL,1,0,REAL_NHL_API_OR_DERIVED_FROM_REAL
20232024,2023020431,2023-12-11,COL,CGY,0.387977,0.612023,CGY,1,COL,0,0,REAL_NHL_API_OR_DERIVED_FROM_REAL
20232024,2023020432,2023-12-12,NYR,TOR,0.517437,0.482563,NYR,0,TOR,0,0,REAL_NHL_API_OR_DERIVED_FROM_REAL
20232024,2023020433,2023-12-12,OTT,CAR,0.605642,0.394358,OTT,0,CAR,0,0,REAL_NHL_API_OR_DERIVED_FROM_REAL
20232024,2023020434,2023-12-12,PIT,UTA,0.523309,0.476691,PIT,1,PIT,1,0,REAL_NHL_API_OR_DERIVED_FROM_REAL
20232024,2023020435,2023-12-12,NSH,PHI,0.518448,0.481552,NSH,1,NSH,1,0,REAL_NHL_API_OR_DERIVED_FROM_REAL
20232024,2023020436,2023-12-12,STL,DET,0.492225,0.507775,DET,0,DET,1,0,REAL_NHL_API_OR_DERIVED_FROM_REAL
20232024,2023020437,2023-12-12,EDM,CHI,0.650837,0.349163,EDM,1,EDM,1,0,REAL_NHL_API_OR_DERIVED_FROM_REAL
20232024,2023020438,2023-12-12,SEA,FLA,0.432366,0.567634,FLA,1,SEA,0,0,REAL_NHL_API_OR_DERIVED_FROM_REAL
20232024,2023020439,2023-12-12,VAN,TBL,0.554483,0.445517,VAN,1,VAN,1,0,REAL_NHL_API_OR_DERIVED_FROM_REAL
20232024,2023020440,2023-12-12,VGK,CGY,0.560116,0.439884,VGK,1,VGK,1,0,REAL_NHL_API_OR_DERIVED_FROM_REAL
20232024,2023020441,2023-12-12,SJS,WPG,0.566602,0.433398,SJS,1,SJS,1,0,REAL_NHL_API_OR_DERIVED_FROM_REAL
20232024,2023020442,2023-12-13,MTL,PIT,0.513592,0.486408,MTL,0,PIT,0,0,REAL_NHL_API_OR_DERIVED_FROM_REAL
20232024,2023020443,2023-12-13,NJD,BOS,0.462205,0.537795,BOS,1,NJD,0,0,REAL_NHL_API_OR_DERIVED_FROM_REAL
20232024,2023020444,2023-12-13,NYI,ANA,0.668511,0.331489,NYI,1,NYI,1,0,REAL_NHL_API_OR_DERIVED_FROM_REAL
20232024,2023020445,2023-12-13,COL,BUF,0.547818,0.452182,COL,1,COL,1,0,REAL_NHL_API_OR_DERIVED_FROM_REAL
20232024,2023020446,2023-12-13,LAK,WPG,0.572064,0.427936,LAK,0,WPG,0,0,REAL_NHL_API_OR_DERIVED_FROM_REAL
20232024,2023020447,2023-12-14,DET,CAR,0.626784,0.373216,DET,0,CAR,0,0,REAL_NHL_API_OR_DERIVED_FROM_REAL
20232024,2023020448,2023-12-14,PHI,WSH,0.571421,0.428579,PHI,1,PHI,1,0,REAL_NHL_API_OR_DERIVED_FROM_REAL
20232024,2023020449,2023-12-14,TOR,CBJ,0.59523,0.40477,TOR,0,CBJ,0,0,REAL_NHL_API_OR_DERIVED_FROM_REAL
20232024,2023020450,2023-12-14,MIN,CGY,0.506149,0.493851,MIN,1,MIN,1,0,REAL_NHL_API_OR_DERIVED_FROM_REAL
20232024,2023020451,2023-12-14,STL,OTT,0.504042,0.495958,STL,1,STL,1,0,REAL_NHL_API_OR_DERIVED_FROM_REAL
20232024,2023020452,2023-12-14,EDM,TBL,0.613989,0.386011,EDM,0,TBL,0,0,REAL_NHL_API_OR_DERIVED_FROM_REAL
20232024,2023020453,2023-12-14,SEA,CHI,0.720608,0.279392,SEA,1,SEA,1,0,REAL_NHL_API_OR_DERIVED_FROM_REAL
20232024,2023020454,2023-12-14,VAN,FLA,0.679225,0.320775,VAN,1,VAN,1,0,REAL_NHL_API_OR_DERIVED_FROM_REAL
20232024,2023020455,2023-12-15,CAR,NSH,0.450648,0.549352,NSH,0,NSH,1,0,REAL_NHL_API_OR_DERIVED_FROM_REAL
20232024,2023020456,2023-12-15,NYR,ANA,0.616337,0.383663,NYR,1,NYR,1,0,REAL_NHL_API_OR_DERIVED_FROM_REAL
20232024,2023020457,2023-12-15,NYI,BOS,0.576554,0.423446,NYI,0,BOS,0,0,REAL_NHL_API_OR_DERIVED_FROM_REAL
20232024,2023020458,2023-12-15,DAL,OTT,0.360252,0.639748,OTT,1,DAL,0,0,REAL_NHL_API_OR_DERIVED_FROM_REAL
20232024,2023020459,2023-12-15,UTA,SJS,0.496733,0.503267,SJS,1,UTA,0,0,REAL_NHL_API_OR_DERIVED_FROM_REAL
20232024,2023020460,2023-12-15,VGK,BUF,0.616721,0.383279,VGK,0,BUF,0,0,REAL_NHL_API_OR_DERIVED_FROM_REAL
20232024,2023020461,2023-12-16,MIN,VAN,0.522849,0.477151,MIN,1,MIN,1,0,REAL_NHL_API_OR_DERIVED_FROM_REAL
20232024,2023020462,2023-12-16,BOS,NYR,0.560271,0.439729,BOS,0,NYR,0,0,REAL_NHL_API_OR_DERIVED_FROM_REAL
20232024,2023020463,2023-12-16,CBJ,NJD,0.515937,0.484063,CBJ,0,NJD,0,0,REAL_NHL_API_OR_DERIVED_FROM_REAL
20232024,2023020464,2023-12-16,MTL,NYI,0.445072,0.554928,NYI,1,MTL,0,0,REAL_NHL_API_OR_DERIVED_FROM_REAL
20232024,2023020465,2023-12-16,PHI,DET,0.684832,0.315168,PHI,1,PHI,1,0,REAL_NHL_API_OR_DERIVED_FROM_REAL
20232024,2023020466,2023-12-16,TOR,PIT,0.716786,0.283214,TOR,1,TOR,1,0,REAL_NHL_API_OR_DERIVED_FROM_REAL
20232024,2023020467,2023-12-16,WPG,COL,0.511723,0.488277,WPG,1,WPG,1,0,REAL_NHL_API_OR_DERIVED_FROM_REAL
20232024,2023020468,2023-12-16,NSH,WSH,0.563915,0.436085,NSH,1,NSH,1,0,REAL_NHL_API_OR_DERIVED_FROM_REAL
20232024,2023020469,2023-12-16,STL,DAL,0.486598,0.513402,DAL,1,STL,0,0,REAL_NHL_API_OR_DERIVED_FROM_REAL
20232024,2023020470,2023-12-16,UTA,BUF,0.47715,0.52285,BUF,1,UTA,0,0,REAL_NHL_API_OR_DERIVED_FROM_REAL
20232024,2023020471,2023-12-16,CGY,TBL,0.520607,0.479393,CGY,1,CGY,1,0,REAL_NHL_API_OR_DERIVED_FROM_REAL
20232024,2023020472,2023-12-16,EDM,FLA,0.570369,0.429631,EDM,0,FLA,0,0,REAL_NHL_API_OR_DERIVED_FROM_REAL
20232024,2023020473,2023-12-16,SEA,LAK,0.526073,0.473927,SEA,0,LAK,0,0,REAL_NHL_API_OR_DERIVED_FROM_REAL
20232024,2023020474,2023-12-17,CHI,VAN,0.422436,0.577564,VAN,0,VAN,1,0,REAL_NHL_API_OR_DERIVED_FROM_REAL
20232024,2023020475,2023-12-17,CAR,WSH,0.529491,0.470509,CAR,0,WSH,0,0,REAL_NHL_API_OR_DERIVED_FROM_REAL
20232024,2023020476,2023-12-17,NJD,ANA,0.754041,0.245959,NJD,0,ANA,0,0,REAL_NHL_API_OR_DERIVED_FROM_REAL
20232024,2023020477,2023-12-17,COL,SJS,0.543164,0.456836,COL,1,COL,1,0,REAL_NHL_API_OR_DERIVED_FROM_REAL
20232024,2023020478,2023-12-17,VGK,OTT,0.626819,0.373181,VGK,1,VGK,1,0,REAL_NHL_API_OR_DERIVED_FROM_REAL
20232024,2023020479,2023-12-18,DET,ANA,0.443355,0.556645,ANA,0,ANA,1,0,REAL_NHL_API_OR_DERIVED_FROM_REAL
20232024,2023020480,2023-12-18,PIT,MIN,0.52799,0.47201,PIT,1,PIT,1,0,REAL_NHL_API_OR_DERIVED_FROM_REAL
20232024,2023020481,2023-12-18,WPG,MTL,0.605324,0.394676,WPG,0,MTL,0,0,REAL_NHL_API_OR_DERIVED_FROM_REAL
20232024,2023020482,2023-12-18,DAL,SEA,0.517959,0.482041,DAL,1,DAL,1,0,REAL_NHL_API_OR_DERIVED_FROM_REAL
20232024,2023020483,2023-12-18,CGY,FLA,0.5464,0.4536,CGY,1,CGY,1,0,REAL_NHL_API_OR_DERIVED_FROM_REAL
20232024,2023020484,2023-12-19,BOS,MIN,0.568478,0.431522,BOS,0,MIN,0,0,REAL_NHL_API_OR_DERIVED_FROM_REAL
20232024,2023020485,2023-12-19,BUF,CBJ,0.384135,0.615865,CBJ,0,CBJ,1,0,REAL_NHL_API_OR_DERIVED_FROM_REAL
20232024,2023020486,2023-12-19,CAR,VGK,0.638069,0.361931,CAR,1,CAR,1,0,REAL_NHL_API_OR_DERIVED_FROM_REAL
20232024,2023020487,2023-12-19,NJD,PHI,0.508333,0.491667,NJD,0,PHI,0,0,REAL_NHL_API_OR_DERIVED_FROM_REAL
20232024,2023020488,2023-12-19,TBL,STL,0.707801,0.292199,TBL,1,TBL,1,0,REAL_NHL_API_OR_DERIVED_FROM_REAL
20232024,2023020489,2023-12-19,TOR,NYR,0.626164,0.373836,TOR,0,NYR,0,0,REAL_NHL_API_OR_DERIVED_FROM_REAL
20232024,2023020490,2023-12-19,NYI,EDM,0.572202,0.427798,NYI,1,NYI,1,0,REAL_NHL_API_OR_DERIVED_FROM_REAL
20232024,2023020491,2023-12-19,NSH,VAN,0.376339,0.623661,VAN,0,VAN,1,0,REAL_NHL_API_OR_DERIVED_FROM_REAL
20232024,2023020492,2023-12-19,CHI,COL,0.414186,0.585814,COL,1,CHI,0,0,REAL_NHL_API_OR_DERIVED_FROM_REAL
20232024,2023020493,2023-12-19,UTA,OTT,0.368905,0.631095,OTT,1,UTA,0,0,REAL_NHL_API_OR_DERIVED_FROM_REAL
20232024,2023020494,2023-12-19,SJS,LAK,0.542176,0.457824,SJS,0,LAK,0,0,REAL_NHL_API_OR_DERIVED_FROM_REAL
20232024,2023020495,2023-12-20,WPG,DET,0.583631,0.416369,WPG,1,WPG,1,0,REAL_NHL_API_OR_DERIVED_FROM_REAL
20232024,2023020496,2023-12-20,WSH,NYI,0.512817,0.487183,WSH,1,WSH,1,0,REAL_NHL_API_OR_DERIVED_FROM_REAL
20232024,2023020497,2023-12-20,LAK,SEA,0.507258,0.492742,LAK,0,SEA,0,0,REAL_NHL_API_OR_DERIVED_FROM_REAL
20232024,2023020498,2023-12-21,BUF,TOR,0.62878,0.37122,BUF,1,BUF,1,0,REAL_NHL_API_OR_DERIVED_FROM_REAL
20232024,2023020499,2023-12-21,CBJ,WSH,0.582102,0.417898,CBJ,0,WSH,0,0,REAL_NHL_API_OR_DERIVED_FROM_REAL
20232024,2023020500,2023-12-21,FLA,STL,0.532147,0.467853,FLA,0,STL,0,0,REAL_NHL_API_OR_DERIVED_FROM_REAL
20232024,2023020501,2023-12-21,NJD,EDM,0.378991,0.621009,EDM,0,EDM,1,0,REAL_NHL_API_OR_DERIVED_FROM_REAL
20232024,2023020502,2023-12-21,PHI,NSH,0.520078,0.479922,PHI,0,NSH,0,0,REAL_NHL_API_OR_DERIVED_FROM_REAL
20232024,2023020503,2023-12-21,PIT,CAR,0.462767,0.537233,CAR,1,PIT,0,0,REAL_NHL_API_OR_DERIVED_FROM_REAL
20232024,2023020504,2023-12-21,TBL,VGK,0.501613,0.498387,TBL,1,TBL,1,0,REAL_NHL_API_OR_DERIVED_FROM_REAL
20232024,2023020505,2023-12-21,DAL,VAN,0.486717,0.513283,VAN,1,DAL,0,0,REAL_NHL_API_OR_DERIVED_FROM_REAL
20232024,2023020506,2023-12-21,MIN,MTL,0.492061,0.507939,MTL,1,MIN,0,0,REAL_NHL_API_OR_DERIVED_FROM_REAL
20232024,2023020507,2023-12-21,COL,OTT,0.590969,0.409031,COL,1,COL,1,0,REAL_NHL_API_OR_DERIVED_FROM_REAL
20232024,2023020508,2023-12-21,ANA,CGY,0.486134,0.513866,CGY,0,CGY,1,0,REAL_NHL_API_OR_DERIVED_FROM_REAL
20232024,2023020509,2023-12-21,SJS,UTA,0.55491,0.44509,SJS,0,UTA,0,0,REAL_NHL_API_OR_DERIVED_FROM_REAL
20232024,2023020510,2023-12-22,DET,PHI,0.530891,0.469109,DET,1,DET,1,0,REAL_NHL_API_OR_DERIVED_FROM_REAL
20232024,2023020511,2023-12-22,NYR,EDM,0.581021,0.418979,NYR,0,EDM,0,0,REAL_NHL_API_OR_DERIVED_FROM_REAL
20232024,2023020512,2023-12-22,WPG,BOS,0.545197,0.454803,WPG,1,WPG,1,0,REAL_NHL_API_OR_DERIVED_FROM_REAL
20232024,2023020513,2023-12-22,CHI,MTL,0.504621,0.495379,CHI,0,MTL,0,0,REAL_NHL_API_OR_DERIVED_FROM_REAL
20232024,2023020514,2023-12-23,FLA,VGK,0.448163,0.551837,VGK,1,FLA,0,0,REAL_NHL_API_OR_DERIVED_FROM_REAL
20232024,2023020515,2023-12-23,NSH,DAL,0.529817,0.470183,NSH,0,DAL,0,0,REAL_NHL_API_OR_DERIVED_FROM_REAL
20232024,2023020516,2023-12-23,CAR,NYI,0.533301,0.466699,CAR,0,NYI,0,0,REAL_NHL_API_OR_DERIVED_FROM_REAL
20232024,2023020517,2023-12-23,CBJ,TOR,0.53161,0.46839,CBJ,0,TOR,0,0,REAL_NHL_API_OR_DERIVED_FROM_REAL
20232024,2023020518,2023-12-23,MIN,BOS,0.536694,0.463306,MIN,1,MIN,1,0,REAL_NHL_API_OR_DERIVED_FROM_REAL
20232024,2023020519,2023-12-23,NJD,DET,0.523811,0.476189,NJD,1,NJD,1,0,REAL_NHL_API_OR_DERIVED_FROM_REAL
20232024,2023020520,2023-12-23,OTT,PIT,0.534747,0.465253,OTT,1,OTT,1,0,REAL_NHL_API_OR_DERIVED_FROM_REAL
20232024,2023020521,2023-12-23,WSH,TBL,0.456676,0.543324,TBL,0,TBL,1,0,REAL_NHL_API_OR_DERIVED_FROM_REAL
20232024,2023020522,2023-12-23,NYR,BUF,0.567719,0.432281,NYR,1,NYR,1,0,REAL_NHL_API_OR_DERIVED_FROM_REAL
20232024,2023020523,2023-12-23,ANA,SEA,0.466214,0.533786,SEA,0,SEA,1,0,REAL_NHL_API_OR_DERIVED_FROM_REAL
20232024,2023020524,2023-12-23,STL,CHI,0.599706,0.400294,STL,1,STL,1,0,REAL_NHL_API_OR_DERIVED_FROM_REAL
20232024,2023020525,2023-12-23,COL,UTA,0.589908,0.410092,COL,1,COL,1,0,REAL_NHL_API_OR_DERIVED_FROM_REAL
20232024,2023020526,2023-12-23,LAK,CGY,0.496249,0.503751,CGY,1,LAK,0,0,REAL_NHL_API_OR_DERIVED_FROM_REAL
20232024,2023020527,2023-12-23,VAN,SJS,0.673718,0.326282,VAN,1,VAN,1,0,REAL_NHL_API_OR_DERIVED_FROM_REAL
20232024,2023020528,2023-12-27,NJD,CBJ,0.434424,0.565576,CBJ,1,NJD,0,0,REAL_NHL_API_OR_DERIVED_FROM_REAL
20232024,2023020529,2023-12-27,NYR,WSH,0.60821,0.39179,NYR,1,NYR,1,0,REAL_NHL_API_OR_DERIVED_FROM_REAL
20232024,2023020530,2023-12-27,TBL,FLA,0.591781,0.408219,TBL,0,FLA,0,0,REAL_NHL_API_OR_DERIVED_FROM_REAL
20232024,2023020531,2023-12-27,TOR,OTT,0.541839,0.458161,TOR,0,OTT,0,0,REAL_NHL_API_OR_DERIVED_FROM_REAL
20232024,2023020532,2023-12-27,BUF,BOS,0.5342,0.4658,BUF,0,BOS,0,0,REAL_NHL_API_OR_DERIVED_FROM_REAL
20232024,2023020533,2023-12-27,NYI,PIT,0.444711,0.555289,PIT,0,PIT,1,0,REAL_NHL_API_OR_DERIVED_FROM_REAL
20232024,2023020534,2023-12-27,MIN,DET,0.58687,0.41313,MIN,1,MIN,1,0,REAL_NHL_API_OR_DERIVED_FROM_REAL
20232024,2023020535,2023-12-27,NSH,CAR,0.39138,0.60862,CAR,0,CAR,1,0,REAL_NHL_API_OR_DERIVED_FROM_REAL
20232024,2023020536,2023-12-27,STL,DAL,0.510968,0.489032,STL,1,STL,1,0,REAL_NHL_API_OR_DERIVED_FROM_REAL
20232024,2023020537,2023-12-27,UTA,COL,0.457679,0.542321,COL,1,UTA,0,0,REAL_NHL_API_OR_DERIVED_FROM_REAL
20232024,2023020538,2023-12-27,CHI,WPG,0.406745,0.593255,WPG,1,CHI,0,0,REAL_NHL_API_OR_DERIVED_FROM_REAL
20232024,2023020539,2023-12-27,CGY,SEA,0.544425,0.455575,CGY,0,SEA,0,0,REAL_NHL_API_OR_DERIVED_FROM_REAL
20232024,2023020540,2023-12-27,ANA,VGK,0.484386,0.515614,VGK,1,ANA,0,0,REAL_NHL_API_OR_DERIVED_FROM_REAL
20232024,2023020541,2023-12-27,LAK,SJS,0.583967,0.416033,LAK,1,LAK,1,0,REAL_NHL_API_OR_DERIVED_FROM_REAL
20232024,2023020542,2023-12-28,CAR,MTL,0.525655,0.474345,CAR,1,CAR,1,0,REAL_NHL_API_OR_DERIVED_FROM_REAL
20232024,2023020543,2023-12-28,VAN,PHI,0.720022,0.279978,VAN,0,PHI,0,0,REAL_NHL_API_OR_DERIVED_FROM_REAL
20232024,2023020544,2023-12-28,VGK,LAK,0.496015,0.503985,LAK,1,VGK,0,0,REAL_NHL_API_OR_DERIVED_FROM_REAL
20232024,2023020545,2023-12-28,SJS,EDM,0.253159,0.746841,EDM,0,EDM,1,0,REAL_NHL_API_OR_DERIVED_FROM_REAL
20232024,2023020546,2023-12-29,CBJ,TOR,0.41494,0.58506,TOR,1,CBJ,0,0,REAL_NHL_API_OR_DERIVED_FROM_REAL
20232024,2023020547,2023-12-29,DET,NSH,0.532314,0.467686,DET,1,DET,1,0,REAL_NHL_API_OR_DERIVED_FROM_REAL
20232024,2023020548,2023-12-29,FLA,NYR,0.463272,0.536728,NYR,1,FLA,0,0,REAL_NHL_API_OR_DERIVED_FROM_REAL
20232024,2023020549,2023-12-29,OTT,NJD,0.610671,0.389329,OTT,0,NJD,0,0,REAL_NHL_API_OR_DERIVED_FROM_REAL
20232024,2023020550,2023-12-29,NYI,WSH,0.703624,0.296376,NYI,1,NYI,1,0,REAL_NHL_API_OR_DERIVED_FROM_REAL
20232024,2023020551,2023-12-29,DAL,CHI,0.590608,0.409392,DAL,1,DAL,1,0,REAL_NHL_API_OR_DERIVED_FROM_REAL
20232024,2023020552,2023-12-29,STL,COL,0.467391,0.532609,COL,0,COL,1,0,REAL_NHL_API_OR_DERIVED_FROM_REAL
20232024,2023020553,2023-12-29,ANA,UTA,0.583826,0.416174,ANA,0,UTA,0,0,REAL_NHL_API_OR_DERIVED_FROM_REAL
20232024,2023020554,2023-12-29,SEA,PHI,0.531561,0.468439,SEA,1,SEA,1,0,REAL_NHL_API_OR_DERIVED_FROM_REAL
20232024,2023020555,2023-12-30,WPG,MIN,0.692686,0.307314,WPG,1,WPG,1,0,REAL_NHL_API_OR_DERIVED_FROM_REAL
20232024,2023020556,2023-12-30,BUF,CBJ,0.506954,0.493046,BUF,1,BUF,1,0,REAL_NHL_API_OR_DERIVED_FROM_REAL
20232024,2023020557,2023-12-30,BOS,NJD,0.583594,0.416406,BOS,1,BOS,1,0,REAL_NHL_API_OR_DERIVED_FROM_REAL
20232024,2023020558,2023-12-30,FLA,MTL,0.519636,0.480364,FLA,1,FLA,1,0,REAL_NHL_API_OR_DERIVED_FROM_REAL
20232024,2023020559,2023-12-30,PIT,STL,0.596982,0.403018,PIT,1,PIT,1,0,REAL_NHL_API_OR_DERIVED_FROM_REAL
20232024,2023020560,2023-12-30,TBL,NYR,0.486232,0.513768,NYR,0,NYR,1,0,REAL_NHL_API_OR_DERIVED_FROM_REAL
20232024,2023020561,2023-12-30,TOR,CAR,0.479771,0.520229,CAR,0,CAR,1,0,REAL_NHL_API_OR_DERIVED_FROM_REAL
20232024,2023020562,2023-12-30,WSH,NSH,0.49508,0.50492,NSH,0,NSH,1,0,REAL_NHL_API_OR_DERIVED_FROM_REAL
20232024,2023020563,2023-12-30,LAK,EDM,0.555632,0.444368,LAK,0,EDM,0,0,REAL_NHL_API_OR_DERIVED_FROM_REAL
20232024,2023020564,2023-12-31,MIN,WPG,0.502593,0.497407,MIN,0,WPG,0,0,REAL_NHL_API_OR_DERIVED_FROM_REAL
20232024,2023020565,2023-12-31,DET,BOS,0.539895,0.460105,DET,0,BOS,0,0,REAL_NHL_API_OR_DERIVED_FROM_REAL
20232024,2023020566,2023-12-31,OTT,BUF,0.516823,0.483177,OTT,1,OTT,1,0,REAL_NHL_API_OR_DERIVED_FROM_REAL
20232024,2023020567,2023-12-31,PIT,NYI,0.553193,0.446807,PIT,1,PIT,1,0,REAL_NHL_API_OR_DERIVED_FROM_REAL
20232024,2023020568,2023-12-31,TBL,MTL,0.504,0.496,TBL,1,TBL,1,0,REAL_NHL_API_OR_DERIVED_FROM_REAL
20232024,2023020569,2023-12-31,ANA,EDM,0.471726,0.528274,EDM,0,EDM,1,0,REAL_NHL_API_OR_DERIVED_FROM_REAL
20232024,2023020570,2023-12-31,CGY,PHI,0.516353,0.483647,CGY,1,CGY,1,0,REAL_NHL_API_OR_DERIVED_FROM_REAL
20232024,2023020571,2023-12-31,COL,SJS,0.623951,0.376049,COL,1,COL,1,0,REAL_NHL_API_OR_DERIVED_FROM_REAL
20232024,2023020572,2023-12-31,DAL,CHI,0.745382,0.254618,DAL,1,DAL,1,0,REAL_NHL_API_OR_DERIVED_FROM_REAL
20232024,2023020573,2024-01-01,SEA,VGK,0.533636,0.466364,SEA,1,SEA,1,0,REAL_NHL_API_OR_DERIVED_FROM_REAL
20232024,2023020574,2024-01-02,CBJ,BOS,0.477268,0.522732,BOS,0,BOS,1,0,REAL_NHL_API_OR_DERIVED_FROM_REAL
20232024,2023020575,2024-01-02,NYR,CAR,0.578908,0.421092,NYR,0,CAR,0,0,REAL_NHL_API_OR_DERIVED_FROM_REAL
20232024,2023020576,2024-01-02,PIT,WSH,0.424622,0.575378,WSH,0,WSH,1,0,REAL_NHL_API_OR_DERIVED_FROM_REAL
20232024,2023020577,2024-01-02,DAL,MTL,0.617117,0.382883,DAL,0,MTL,0,0,REAL_NHL_API_OR_DERIVED_FROM_REAL
20232024,2023020578,2024-01-02,MIN,CGY,0.497782,0.502218,CGY,0,CGY,1,0,REAL_NHL_API_OR_DERIVED_FROM_REAL
20232024,2023020579,2024-01-02,NSH,CHI,0.571139,0.428861,NSH,1,NSH,1,0,REAL_NHL_API_OR_DERIVED_FROM_REAL
20232024,2023020580,2024-01-02,WPG,TBL,0.590703,0.409297,WPG,1,WPG,1,0,REAL_NHL_API_OR_DERIVED_FROM_REAL
20232024,2023020581,2024-01-02,UTA,FLA,0.500712,0.499288,UTA,0,FLA,0,0,REAL_NHL_API_OR_DERIVED_FROM_REAL
20232024,2023020582,2024-01-02,COL,NYI,0.733727,0.266273,COL,1,COL,1,0,REAL_NHL_API_OR_DERIVED_FROM_REAL
20232024,2023020583,2024-01-02,EDM,PHI,0.553238,0.446762,EDM,1,EDM,1,0,REAL_NHL_API_OR_DERIVED_FROM_REAL
20232024,2023020584,2024-01-02,VAN,OTT,0.707258,0.292742,VAN,1,VAN,1,0,REAL_NHL_API_OR_DERIVED_FROM_REAL
20232024,2023020585,2024-01-02,LAK,TOR,0.58025,0.41975,LAK,0,TOR,0,0,REAL_NHL_API_OR_DERIVED_FROM_REAL
20232024,2023020586,2024-01-02,SJS,DET,0.454636,0.545364,DET,0,DET,1,0,REAL_NHL_API_OR_DERIVED_FROM_REAL
20232024,2023020587,2024-01-03,WSH,NJD,0.521162,0.478838,WSH,0,NJD,0,0,REAL_NHL_API_OR_DERIVED_FROM_REAL
20232024,2023020588,2024-01-03,ANA,TOR,0.469474,0.530526,TOR,0,TOR,1,0,REAL_NHL_API_OR_DERIVED_FROM_REAL
20232024,2023020589,2024-01-04,BOS,PIT,0.551409,0.448591,BOS,0,PIT,0,0,REAL_NHL_API_OR_DERIVED_FROM_REAL
20232024,2023020590,2024-01-04,MTL,BUF,0.50635,0.49365,MTL,0,BUF,0,0,REAL_NHL_API_OR_DERIVED_FROM_REAL
20232024,2023020591,2024-01-04,NYR,CHI,0.658812,0.341188,NYR,1,NYR,1,0,REAL_NHL_API_OR_DERIVED_FROM_REAL
20232024,2023020592,2024-01-04,PHI,CBJ,0.567902,0.432098,PHI,0,CBJ,0,0,REAL_NHL_API_OR_DERIVED_FROM_REAL
20232024,2023020593,2024-01-04,DAL,COL,0.531989,0.468011,DAL,0,COL,0,0,REAL_NHL_API_OR_DERIVED_FROM_REAL
20232024,2023020594,2024-01-04,MIN,TBL,0.496898,0.503102,TBL,0,TBL,1,0,REAL_NHL_API_OR_DERIVED_FROM_REAL
20232024,2023020595,2024-01-04,NSH,CGY,0.361743,0.638257,CGY,0,CGY,1,0,REAL_NHL_API_OR_DERIVED_FROM_REAL
20232024,2023020596,2024-01-04,STL,VAN,0.464049,0.535951,VAN,1,STL,0,0,REAL_NHL_API_OR_DERIVED_FROM_REAL
20232024,2023020597,2024-01-04,UTA,NYI,0.505506,0.494494,UTA,0,NYI,0,0,REAL_NHL_API_OR_DERIVED_FROM_REAL
20232024,2023020598,2024-01-04,SEA,OTT,0.554982,0.445018,SEA,1,SEA,1,0,REAL_NHL_API_OR_DERIVED_FROM_REAL
20232024,2023020599,2024-01-04,VGK,FLA,0.440909,0.559091,FLA,0,FLA,1,0,REAL_NHL_API_OR_DERIVED_FROM_REAL
20232024,2023020600,2024-01-04,LAK,DET,0.530467,0.469533,LAK,0,DET,0,0,REAL_NHL_API_OR_DERIVED_FROM_REAL
20232024,2023020601,2024-01-04,SJS,WPG,0.42045,0.57955,WPG,0,WPG,1,0,REAL_NHL_API_OR_DERIVED_FROM_REAL
20232024,2023020602,2024-01-05,NJD,CHI,0.638417,0.361583,NJD,1,NJD,1,0,REAL_NHL_API_OR_DERIVED_FROM_REAL
20232024,2023020603,2024-01-05,WSH,CAR,0.383209,0.616791,CAR,0,CAR,1,0,REAL_NHL_API_OR_DERIVED_FROM_REAL
20232024,2023020604,2024-01-05,ANA,WPG,0.440652,0.559348,WPG,0,WPG,1,0,REAL_NHL_API_OR_DERIVED_FROM_REAL
20232024,2023020605,2024-01-06,PHI,CGY,0.510062,0.489938,PHI,1,PHI,1,0,REAL_NHL_API_OR_DERIVED_FROM_REAL
20232024,2023020606,2024-01-06,COL,FLA,0.362493,0.637507,FLA,0,FLA,1,0,REAL_NHL_API_OR_DERIVED_FROM_REAL
20232024,2023020607,2024-01-06,BOS,TBL,0.58317,0.41683,BOS,1,BOS,1,0,REAL_NHL_API_OR_DERIVED_FROM_REAL
20232024,2023020608,2024-01-06,CAR,STL,0.653839,0.346161,CAR,0,STL,0,0,REAL_NHL_API_OR_DERIVED_FROM_REAL
20232024,2023020609,2024-01-06,CBJ,MIN,0.517132,0.482868,CBJ,0,MIN,0,0,REAL_NHL_API_OR_DERIVED_FROM_REAL
20232024,2023020610,2024-01-06,MTL,NYR,0.454127,0.545873,NYR,1,MTL,0,0,REAL_NHL_API_OR_DERIVED_FROM_REAL
20232024,2023020611,2024-01-06,NJD,VAN,0.576871,0.423129,NJD,0,VAN,0,0,REAL_NHL_API_OR_DERIVED_FROM_REAL
20232024,2023020612,2024-01-06,PIT,BUF,0.556352,0.443648,PIT,0,BUF,0,0,REAL_NHL_API_OR_DERIVED_FROM_REAL
20232024,2023020613,2024-01-06,SJS,TOR,0.439959,0.560041,TOR,0,TOR,1,0,REAL_NHL_API_OR_DERIVED_FROM_REAL
20232024,2023020614,2024-01-06,DAL,NSH,0.587567,0.412433,DAL,0,NSH,0,0,REAL_NHL_API_OR_DERIVED_FROM_REAL
20232024,2023020615,2024-01-06,EDM,OTT,0.65179,0.34821,EDM,1,EDM,1,0,REAL_NHL_API_OR_DERIVED_FROM_REAL
20232024,2023020616,2024-01-06,VGK,NYI,0.49914,0.50086,NYI,1,VGK,0,0,REAL_NHL_API_OR_DERIVED_FROM_REAL
20232024,2023020617,2024-01-07,CHI,CGY,0.453061,0.546939,CGY,1,CHI,0,0,REAL_NHL_API_OR_DERIVED_FROM_REAL
20232024,2023020618,2024-01-07,WSH,LAK,0.49252,0.50748,LAK,1,WSH,0,0,REAL_NHL_API_OR_DERIVED_FROM_REAL
20232024,2023020619,2024-01-07,UTA,WPG,0.422641,0.577359,WPG,0,WPG,1,0,REAL_NHL_API_OR_DERIVED_FROM_REAL
20232024,2023020620,2024-01-07,ANA,DET,0.466062,0.533938,DET,0,DET,1,0,REAL_NHL_API_OR_DERIVED_FROM_REAL
20232024,2023020621,2024-01-08,NYR,VAN,0.495159,0.504841,VAN,0,VAN,1,0,REAL_NHL_API_OR_DERIVED_FROM_REAL
20232024,2023020622,2024-01-08,PHI,PIT,0.47954,0.52046,PIT,0,PIT,1,0,REAL_NHL_API_OR_DERIVED_FROM_REAL
20232024,2023020623,2024-01-08,MIN,DAL,0.489232,0.510768,DAL,0,DAL,1,0,REAL_NHL_API_OR_DERIVED_FROM_REAL
20232024,2023020624,2024-01-08,COL,BOS,0.497201,0.502799,BOS,1,COL,0,0,REAL_NHL_API_OR_DERIVED_FROM_REAL
20232024,2023020625,2024-01-09,BUF,SEA,0.459769,0.540231,SEA,0,SEA,1,0,REAL_NHL_API_OR_DERIVED_FROM_REAL
20232024,2023020626,2024-01-09,TBL,LAK,0.501446,0.498554,TBL,1,TBL,1,0,REAL_NHL_API_OR_DERIVED_FROM_REAL
20232024,2023020627,2024-01-09,TOR,SJS,0.772128,0.227872,TOR,1,TOR,1,0,REAL_NHL_API_OR_DERIVED_FROM_REAL
20232024,2023020628,2024-01-09,NYI,VAN,0.504971,0.495029,NYI,0,VAN,0,0,REAL_NHL_API_OR_DERIVED_FROM_REAL
20232024,2023020629,2024-01-09,NSH,ANA,0.605861,0.394139,NSH,0,ANA,0,0,REAL_NHL_API_OR_DERIVED_FROM_REAL
20232024,2023020630,2024-01-09,STL,FLA,0.43324,0.56676,FLA,0,FLA,1,0,REAL_NHL_API_OR_DERIVED_FROM_REAL
20232024,2023020631,2024-01-09,WPG,CBJ,0.574527,0.425473,WPG,1,WPG,1,0,REAL_NHL_API_OR_DERIVED_FROM_REAL
20232024,2023020632,2024-01-09,CHI,EDM,0.357099,0.642901,EDM,0,EDM,1,0,REAL_NHL_API_OR_DERIVED_FROM_REAL
20232024,2023020633,2024-01-09,UTA,BOS,0.561382,0.438618,UTA,1,UTA,1,0,REAL_NHL_API_OR_DERIVED_FROM_REAL
20232024,2023020634,2024-01-09,CGY,OTT,0.625547,0.374453,CGY,1,CGY,1,0,REAL_NHL_API_OR_DERIVED_FROM_REAL
20232024,2023020635,2024-01-10,PHI,MTL,0.549145,0.450855,PHI,1,PHI,1,0,REAL_NHL_API_OR_DERIVED_FROM_REAL
20232024,2023020636,2024-01-10,DAL,MIN,0.538687,0.461313,DAL,1,DAL,1,0,REAL_NHL_API_OR_DERIVED_FROM_REAL
20232024,2023020637,2024-01-10,COL,VGK,0.568273,0.431727,COL,1,COL,1,0,REAL_NHL_API_OR_DERIVED_FROM_REAL
20232024,2023020638,2024-01-11,BUF,OTT,0.70346,0.29654,BUF,1,BUF,1,0,REAL_NHL_API_OR_DERIVED_FROM_REAL
20232024,2023020639,2024-01-11,CAR,ANA,0.606976,0.393024,CAR,1,CAR,1,0,REAL_NHL_API_OR_DERIVED_FROM_REAL
20232024,2023020640,2024-01-11,DET,EDM,0.494929,0.505071,EDM,0,EDM,1,0,REAL_NHL_API_OR_DERIVED_FROM_REAL
20232024,2023020641,2024-01-11,FLA,LAK,0.60782,0.39218,FLA,1,FLA,1,0,REAL_NHL_API_OR_DERIVED_FROM_REAL
20232024,2023020642,2024-01-11,MTL,SJS,0.570208,0.429792,MTL,0,SJS,0,0,REAL_NHL_API_OR_DERIVED_FROM_REAL
20232024,2023020643,2024-01-11,PIT,VAN,0.311975,0.688025,VAN,0,VAN,1,0,REAL_NHL_API_OR_DERIVED_FROM_REAL
20232024,2023020644,2024-01-11,TBL,NJD,0.537488,0.462512,TBL,1,TBL,1,0,REAL_NHL_API_OR_DERIVED_FROM_REAL
20232024,2023020645,2024-01-11,WSH,SEA,0.449506,0.550494,SEA,0,SEA,1,0,REAL_NHL_API_OR_DERIVED_FROM_REAL
20232024,2023020646,2024-01-11,NYI,TOR,0.430041,0.569959,TOR,1,NYI,0,0,REAL_NHL_API_OR_DERIVED_FROM_REAL
20232024,2023020647,2024-01-11,STL,NYR,0.493669,0.506331,NYR,1,STL,0,0,REAL_NHL_API_OR_DERIVED_FROM_REAL
20232024,2023020648,2024-01-11,WPG,CHI,0.660967,0.339033,WPG,1,WPG,1,0,REAL_NHL_API_OR_DERIVED_FROM_REAL
20232024,2023020649,2024-01-11,UTA,CGY,0.256656,0.743344,CGY,0,CGY,1,0,REAL_NHL_API_OR_DERIVED_FROM_REAL
20232024,2023020650,2024-01-11,VGK,BOS,0.528906,0.471094,VGK,1,VGK,1,0,REAL_NHL_API_OR_DERIVED_FROM_REAL
20232024,2023020651,2024-01-12,DAL,NSH,0.50663,0.49337,DAL,0,NSH,0,0,REAL_NHL_API_OR_DERIVED_FROM_REAL
20232024,2023020652,2024-01-12,MIN,PHI,0.509038,0.490962,MIN,0,PHI,0,0,REAL_NHL_API_OR_DERIVED_FROM_REAL
20232024,2023020653,2024-01-13,WSH,NYR,0.52168,0.47832,WSH,1,WSH,1,0,REAL_NHL_API_OR_DERIVED_FROM_REAL
20232024,2023020654,2024-01-13,BUF,VAN,0.43133,0.56867,VAN,0,VAN,1,0,REAL_NHL_API_OR_DERIVED_FROM_REAL
20232024,2023020655,2024-01-13,OTT,SJS,0.531068,0.468932,OTT,1,OTT,1,0,REAL_NHL_API_OR_DERIVED_FROM_REAL
20232024,2023020656,2024-01-13,FLA,NJD,0.602127,0.397873,FLA,0,NJD,0,0,REAL_NHL_API_OR_DERIVED_FROM_REAL
20232024,2023020657,2024-01-13,CAR,PIT,0.5927,0.4073,CAR,1,CAR,1,0,REAL_NHL_API_OR_DERIVED_FROM_REAL
20232024,2023020658,2024-01-13,CBJ,SEA,0.414574,0.585426,SEA,0,SEA,1,0,REAL_NHL_API_OR_DERIVED_FROM_REAL
20232024,2023020659,2024-01-13,DET,LAK,0.706702,0.293298,DET,1,DET,1,0,REAL_NHL_API_OR_DERIVED_FROM_REAL
20232024,2023020660,2024-01-13,MTL,EDM,0.422024,0.577976,EDM,0,EDM,1,0,REAL_NHL_API_OR_DERIVED_FROM_REAL
20232024,2023020661,2024-01-13,TBL,ANA,0.596959,0.403041,TBL,1,TBL,1,0,REAL_NHL_API_OR_DERIVED_FROM_REAL
20232024,2023020662,2024-01-13,TOR,COL,0.608371,0.391629,TOR,0,COL,0,0,REAL_NHL_API_OR_DERIVED_FROM_REAL
20232024,2023020663,2024-01-13,WPG,PHI,0.558539,0.441461,WPG,0,PHI,0,0,REAL_NHL_API_OR_DERIVED_FROM_REAL
20232024,2023020664,2024-01-13,CHI,DAL,0.610448,0.389552,CHI,0,DAL,0,0,REAL_NHL_API_OR_DERIVED_FROM_REAL
20232024,2023020665,2024-01-13,MIN,UTA,0.412714,0.587286,UTA,0,UTA,1,0,REAL_NHL_API_OR_DERIVED_FROM_REAL
20232024,2023020666,2024-01-13,NSH,NYI,0.556609,0.443391,NSH,1,NSH,1,0,REAL_NHL_API_OR_DERIVED_FROM_REAL
20232024,2023020667,2024-01-13,STL,BOS,0.547904,0.452096,STL,0,BOS,0,0,REAL_NHL_API_OR_DERIVED_FROM_REAL
20232024,2023020668,2024-01-13,VGK,CGY,0.427733,0.572267,CGY,0,CGY,1,0,REAL_NHL_API_OR_DERIVED_FROM_REAL
20232024,2023020669,2024-01-14,NYR,WSH,0.526879,0.473121,NYR,1,NYR,1,0,REAL_NHL_API_OR_DERIVED_FROM_REAL
20232024,2023020670,2024-01-14,TOR,DET,0.53373,0.46627,TOR,0,DET,0,0,REAL_NHL_API_OR_DERIVED_FROM_REAL
20232024,2023020671,2024-01-15,BOS,NJD,0.476518,0.523482,NJD,1,BOS,0,0,REAL_NHL_API_OR_DERIVED_FROM_REAL
20232024,2023020672,2024-01-15,BUF,SJS,0.567346,0.432654,BUF,1,BUF,1,0,REAL_NHL_API_OR_DERIVED_FROM_REAL
20232024,2023020673,2024-01-15,CBJ,VAN,0.408233,0.591767,VAN,1,CBJ,0,0,REAL_NHL_API_OR_DERIVED_FROM_REAL
20232024,2023020674,2024-01-15,FLA,ANA,0.650337,0.349663,FLA,0,ANA,0,0,REAL_NHL_API_OR_DERIVED_FROM_REAL
20232024,2023020675,2024-01-15,CAR,LAK,0.529834,0.470166,CAR,0,LAK,0,0,REAL_NHL_API_OR_DERIVED_FROM_REAL
20232024,2023020676,2024-01-15,MIN,NYI,0.599243,0.400757,MIN,1,MIN,1,0,REAL_NHL_API_OR_DERIVED_FROM_REAL
20232024,2023020677,2024-01-15,PIT,SEA,0.452206,0.547794,SEA,1,PIT,0,0,REAL_NHL_API_OR_DERIVED_FROM_REAL
20232024,2023020678,2024-01-15,MTL,COL,0.447548,0.552452,COL,1,MTL,0,0,REAL_NHL_API_OR_DERIVED_FROM_REAL
20232024,2023020679,2024-01-15,STL,PHI,0.551232,0.448768,STL,0,PHI,0,0,REAL_NHL_API_OR_DERIVED_FROM_REAL
20232024,2023020680,2024-01-15,VGK,NSH,0.534811,0.465189,VGK,1,VGK,1,0,REAL_NHL_API_OR_DERIVED_FROM_REAL
20232024,2023020681,2024-01-16,NYR,SEA,0.469461,0.530539,SEA,1,NYR,0,0,REAL_NHL_API_OR_DERIVED_FROM_REAL
20232024,2023020682,2024-01-16,OTT,COL,0.494442,0.505558,COL,0,COL,1,0,REAL_NHL_API_OR_DERIVED_FROM_REAL
20232024,2023020683,2024-01-16,WSH,ANA,0.50944,0.49056,WSH,1,WSH,1,0,REAL_NHL_API_OR_DERIVED_FROM_REAL
20232024,2023020684,2024-01-16,DAL,LAK,0.497349,0.502651,LAK,1,DAL,0,0,REAL_NHL_API_OR_DERIVED_FROM_REAL
20232024,2023020685,2024-01-16,WPG,NYI,0.570489,0.429511,WPG,1,WPG,1,0,REAL_NHL_API_OR_DERIVED_FROM_REAL
20232024,2023020686,2024-01-16,CHI,SJS,0.550294,0.449706,CHI,1,CHI,1,0,REAL_NHL_API_OR_DERIVED_FROM_REAL
20232024,2023020687,2024-01-16,CGY,UTA,0.59482,0.40518,CGY,1,CGY,1,0,REAL_NHL_API_OR_DERIVED_FROM_REAL
20232024,2023020688,2024-01-16,EDM,TOR,0.54926,0.45074,EDM,1,EDM,1,0,REAL_NHL_API_OR_DERIVED_FROM_REAL
20232024,2023020689,2024-01-17,FLA,DET,0.560013,0.439987,FLA,0,DET,0,0,REAL_NHL_API_OR_DERIVED_FROM_REAL
20232024,2023020690,2024-01-17,NJD,MTL,0.540379,0.459621,NJD,0,MTL,0,0,REAL_NHL_API_OR_DERIVED_FROM_REAL
20232024,2023020691,2024-01-18,BUF,CHI,0.612546,0.387454,BUF,1,BUF,1,0,REAL_NHL_API_OR_DERIVED_FROM_REAL
20232024,2023020692,2024-01-18,BOS,COL,0.437127,0.562873,COL,1,BOS,0,0,REAL_NHL_API_OR_DERIVED_FROM_REAL
20232024,2023020693,2024-01-18,OTT,MTL,0.528459,0.471541,OTT,1,OTT,1,0,REAL_NHL_API_OR_DERIVED_FROM_REAL
20232024,2023020694,2024-01-18,PHI,DAL,0.516423,0.483577,PHI,1,PHI,1,0,REAL_NHL_API_OR_DERIVED_FROM_REAL
20232024,2023020695,2024-01-18,TBL,MIN,0.600322,0.399678,TBL,1,TBL,1,0,REAL_NHL_API_OR_DERIVED_FROM_REAL
20232024,2023020696,2024-01-18,WSH,STL,0.504319,0.495681,WSH,1,WSH,1,0,REAL_NHL_API_OR_DERIVED_FROM_REAL
20232024,2023020697,2024-01-18,CGY,TOR,0.546028,0.453972,CGY,0,TOR,0,0,REAL_NHL_API_OR_DERIVED_FROM_REAL
20232024,2023020698,2024-01-18,EDM,SEA,0.557921,0.442079,EDM,1,EDM,1,0,REAL_NHL_API_OR_DERIVED_FROM_REAL
20232024,2023020699,2024-01-18,LAK,NSH,0.514446,0.485554,LAK,0,NSH,0,0,REAL_NHL_API_OR_DERIVED_FROM_REAL
20232024,2023020700,2024-01-18,VAN,UTA,0.637887,0.362113,VAN,1,VAN,1,0,REAL_NHL_API_OR_DERIVED_FROM_REAL
20232024,2023020701,2024-01-18,VGK,NYR,0.529819,0.470181,VGK,1,VGK,1,0,REAL_NHL_API_OR_DERIVED_FROM_REAL
20232024,2023020702,2024-01-19,CAR,DET,0.521651,0.478349,CAR,1,CAR,1,0,REAL_NHL_API_OR_DERIVED_FROM_REAL
20232024,2023020703,2024-01-19,CBJ,NJD,0.524541,0.475459,CBJ,0,NJD,0,0,REAL_NHL_API_OR_DERIVED_FROM_REAL
20232024,2023020704,2024-01-19,FLA,MIN,0.591622,0.408378,FLA,0,MIN,0,0,REAL_NHL_API_OR_DERIVED_FROM_REAL
20232024,2023020705,2024-01-19,CHI,NYI,0.416291,0.583709,NYI,1,CHI,0,0,REAL_NHL_API_OR_DERIVED_FROM_REAL
20232024,2023020706,2024-01-20,BUF,TBL,0.504395,0.495605,BUF,0,TBL,0,0,REAL_NHL_API_OR_DERIVED_FROM_REAL
20232024,2023020707,2024-01-20,PHI,COL,0.34956,0.65044,COL,0,COL,1,0,REAL_NHL_API_OR_DERIVED_FROM_REAL
20232024,2023020708,2024-01-20,UTA,NSH,0.51544,0.48456,UTA,1,UTA,1,0,REAL_NHL_API_OR_DERIVED_FROM_REAL
20232024,2023020709,2024-01-20,OTT,WPG,0.501559,0.498441,OTT,0,WPG,0,0,REAL_NHL_API_OR_DERIVED_FROM_REAL
20232024,2023020710,2024-01-20,BOS,MTL,0.735016,0.264984,BOS,1,BOS,1,0,REAL_NHL_API_OR_DERIVED_FROM_REAL
20232024,2023020711,2024-01-20,NJD,DAL,0.502624,0.497376,NJD,0,DAL,0,0,REAL_NHL_API_OR_DERIVED_FROM_REAL
20232024,2023020712,2024-01-20,VAN,TOR,0.583199,0.416801,VAN,1,VAN,1,0,REAL_NHL_API_OR_DERIVED_FROM_REAL
20232024,2023020713,2024-01-20,STL,WSH,0.535157,0.464843,STL,1,STL,1,0,REAL_NHL_API_OR_DERIVED_FROM_REAL
20232024,2023020714,2024-01-20,CGY,EDM,0.586087,0.413913,CGY,0,EDM,0,0,REAL_NHL_API_OR_DERIVED_FROM_REAL
20232024,2023020715,2024-01-20,SJS,ANA,0.496066,0.503934,ANA,1,SJS,0,0,REAL_NHL_API_OR_DERIVED_FROM_REAL
20232024,2023020716,2024-01-20,VGK,PIT,0.505228,0.494772,VGK,1,VGK,1,0,REAL_NHL_API_OR_DERIVED_FROM_REAL
20232024,2023020717,2024-01-20,LAK,NYR,0.533271,0.466729,LAK,1,LAK,1,0,REAL_NHL_API_OR_DERIVED_FROM_REAL
20232024,2023020718,2024-01-21,PHI,OTT,0.535649,0.464351,PHI,0,OTT,0,0,REAL_NHL_API_OR_DERIVED_FROM_REAL
20232024,2023020719,2024-01-21,CAR,MIN,0.539682,0.460318,CAR,0,MIN,0,0,REAL_NHL_API_OR_DERIVED_FROM_REAL
20232024,2023020720,2024-01-21,DET,TBL,0.490821,0.509179,TBL,1,DET,0,0,REAL_NHL_API_OR_DERIVED_FROM_REAL
20232024,2023020721,2024-01-21,NYI,DAL,0.452793,0.547207,DAL,1,NYI,0,0,REAL_NHL_API_OR_DERIVED_FROM_REAL
20232024,2023020722,2024-01-21,ANA,NYR,0.529199,0.470801,ANA,0,NYR,0,0,REAL_NHL_API_OR_DERIVED_FROM_REAL
20232024,2023020723,2024-01-21,SEA,TOR,0.577497,0.422503,SEA,0,TOR,0,0,REAL_NHL_API_OR_DERIVED_FROM_REAL
20232024,2023020724,2024-01-22,BOS,WPG,0.560595,0.439405,BOS,1,BOS,1,0,REAL_NHL_API_OR_DERIVED_FROM_REAL
20232024,2023020725,2024-01-22,NJD,VGK,0.466855,0.533145,VGK,1,NJD,0,0,REAL_NHL_API_OR_DERIVED_FROM_REAL
20232024,2023020726,2024-01-22,NSH,FLA,0.551662,0.448338,NSH,0,FLA,0,0,REAL_NHL_API_OR_DERIVED_FROM_REAL
20232024,2023020727,2024-01-22,UTA,PIT,0.471872,0.528128,PIT,1,UTA,0,0,REAL_NHL_API_OR_DERIVED_FROM_REAL
20232024,2023020728,2024-01-22,VAN,CHI,0.651245,0.348755,VAN,1,VAN,1,0,REAL_NHL_API_OR_DERIVED_FROM_REAL
20232024,2023020729,2024-01-22,LAK,SJS,0.552021,0.447979,LAK,0,SJS,0,0,REAL_NHL_API_OR_DERIVED_FROM_REAL
20232024,2023020730,2024-01-23,DET,DAL,0.365981,0.634019,DAL,0,DAL,1,0,REAL_NHL_API_OR_DERIVED_FROM_REAL
20232024,2023020731,2024-01-23,MTL,OTT,0.465186,0.534814,OTT,0,OTT,1,0,REAL_NHL_API_OR_DERIVED_FROM_REAL
20232024,2023020732,2024-01-23,PHI,TBL,0.48936,0.51064,TBL,0,TBL,1,0,REAL_NHL_API_OR_DERIVED_FROM_REAL
20232024,2023020733,2024-01-23,NYI,VGK,0.485771,0.514229,VGK,0,VGK,1,0,REAL_NHL_API_OR_DERIVED_FROM_REAL
20232024,2023020734,2024-01-23,MIN,WSH,0.566582,0.433418,MIN,1,MIN,1,0,REAL_NHL_API_OR_DERIVED_FROM_REAL
20232024,2023020735,2024-01-23,CGY,STL,0.580266,0.419734,CGY,0,STL,0,0,REAL_NHL_API_OR_DERIVED_FROM_REAL
20232024,2023020736,2024-01-23,EDM,CBJ,0.621345,0.378655,EDM,1,EDM,1,0,REAL_NHL_API_OR_DERIVED_FROM_REAL
20232024,2023020737,2024-01-23,ANA,BUF,0.503708,0.496292,ANA,1,ANA,1,0,REAL_NHL_API_OR_DERIVED_FROM_REAL
20232024,2023020738,2024-01-23,SJS,NYR,0.490276,0.509724,NYR,1,SJS,0,0,REAL_NHL_API_OR_DERIVED_FROM_REAL
20232024,2023020739,2024-01-24,FLA,UTA,0.549167,0.450833,FLA,1,FLA,1,0,REAL_NHL_API_OR_DERIVED_FROM_REAL
20232024,2023020740,2024-01-24,TOR,WPG,0.531964,0.468036,TOR,1,TOR,1,0,REAL_NHL_API_OR_DERIVED_FROM_REAL
20232024,2023020741,2024-01-24,BOS,CAR,0.603238,0.396762,BOS,0,CAR,0,0,REAL_NHL_API_OR_DERIVED_FROM_REAL
20232024,2023020742,2024-01-24,COL,WSH,0.617546,0.382454,COL,1,COL,1,0,REAL_NHL_API_OR_DERIVED_FROM_REAL
20232024,2023020743,2024-01-24,SEA,CHI,0.625305,0.374695,SEA,1,SEA,1,0,REAL_NHL_API_OR_DERIVED_FROM_REAL
20232024,2023020744,2024-01-24,VAN,STL,0.555045,0.444955,VAN,0,STL,0,0,REAL_NHL_API_OR_DERIVED_FROM_REAL
20232024,2023020745,2024-01-24,LAK,BUF,0.522138,0.477862,LAK,0,BUF,0,0,REAL_NHL_API_OR_DERIVED_FROM_REAL
20232024,2023020746,2024-01-25,CAR,NJD,0.701504,0.298496,CAR,1,CAR,1,0,REAL_NHL_API_OR_DERIVED_FROM_REAL
20232024,2023020747,2024-01-25,DET,PHI,0.527538,0.472462,DET,1,DET,1,0,REAL_NHL_API_OR_DERIVED_FROM_REAL
20232024,2023020748,2024-01-25,MTL,NYI,0.549774,0.450226,MTL,1,MTL,1,0,REAL_NHL_API_OR_DERIVED_FROM_REAL
20232024,2023020749,2024-01-25,OTT,BOS,0.484731,0.515269,BOS,0,BOS,1,0,REAL_NHL_API_OR_DERIVED_FROM_REAL
20232024,2023020750,2024-01-25,TBL,UTA,0.601026,0.398974,TBL,1,TBL,1,0,REAL_NHL_API_OR_DERIVED_FROM_REAL
20232024,2023020751,2024-01-25,DAL,ANA,0.628069,0.371931,DAL,1,DAL,1,0,REAL_NHL_API_OR_DERIVED_FROM_REAL
20232024,2023020752,2024-01-25,MIN,NSH,0.572807,0.427193,MIN,0,NSH,0,0,REAL_NHL_API_OR_DERIVED_FROM_REAL
20232024,2023020753,2024-01-25,CGY,CBJ,0.641835,0.358165,CGY,0,CBJ,0,0,REAL_NHL_API_OR_DERIVED_FROM_REAL
20232024,2023020754,2024-01-25,EDM,CHI,0.651857,0.348143,EDM,1,EDM,1,0,REAL_NHL_API_OR_DERIVED_FROM_REAL
20232024,2023020755,2024-01-26,NYR,VGK,0.476554,0.523446,VGK,0,VGK,1,0,REAL_NHL_API_OR_DERIVED_FROM_REAL
20232024,2023020756,2024-01-26,PIT,FLA,0.475,0.525,FLA,0,FLA,1,0,REAL_NHL_API_OR_DERIVED_FROM_REAL
20232024,2023020757,2024-01-26,COL,LAK,0.791246,0.208754,COL,1,COL,1,0,REAL_NHL_API_OR_DERIVED_FROM_REAL
20232024,2023020758,2024-01-26,SEA,STL,0.531519,0.468481,SEA,0,STL,0,0,REAL_NHL_API_OR_DERIVED_FROM_REAL
20232024,2023020759,2024-01-27,PHI,BOS,0.247203,0.752797,BOS,0,BOS,1,0,REAL_NHL_API_OR_DERIVED_FROM_REAL
20232024,2023020760,2024-01-27,DAL,WSH,0.592664,0.407336,DAL,1,DAL,1,0,REAL_NHL_API_OR_DERIVED_FROM_REAL
20232024,2023020761,2024-01-27,EDM,NSH,0.640964,0.359036,EDM,1,EDM,1,0,REAL_NHL_API_OR_DERIVED_FROM_REAL
20232024,2023020762,2024-01-27,SJS,BUF,0.519164,0.480836,SJS,0,BUF,0,0,REAL_NHL_API_OR_DERIVED_FROM_REAL
20232024,2023020763,2024-01-27,CAR,UTA,0.531976,0.468024,CAR,1,CAR,1,0,REAL_NHL_API_OR_DERIVED_FROM_REAL
20232024,2023020764,2024-01-27,DET,VGK,0.486633,0.513367,VGK,1,DET,0,0,REAL_NHL_API_OR_DERIVED_FROM_REAL
20232024,2023020765,2024-01-27,OTT,NYR,0.402994,0.597006,NYR,0,NYR,1,0,REAL_NHL_API_OR_DERIVED_FROM_REAL
20232024,2023020766,2024-01-27,PIT,MTL,0.5457,0.4543,PIT,1,PIT,1,0,REAL_NHL_API_OR_DERIVED_FROM_REAL
20232024,2023020767,2024-01-27,TBL,NJD,0.612216,0.387784,TBL,1,TBL,1,0,REAL_NHL_API_OR_DERIVED_FROM_REAL
20232024,2023020768,2024-01-27,WPG,TOR,0.51773,0.48227,WPG,0,TOR,0,0,REAL_NHL_API_OR_DERIVED_FROM_REAL
20232024,2023020769,2024-01-27,NYI,FLA,0.458395,0.541605,FLA,0,FLA,1,0,REAL_NHL_API_OR_DERIVED_FROM_REAL
20232024,2023020770,2024-01-27,MIN,ANA,0.608411,0.391589,MIN,0,ANA,0,0,REAL_NHL_API_OR_DERIVED_FROM_REAL
20232024,2023020771,2024-01-27,CGY,CHI,0.593955,0.406045,CGY,1,CGY,1,0,REAL_NHL_API_OR_DERIVED_FROM_REAL
20232024,2023020772,2024-01-27,VAN,CBJ,0.588973,0.411027,VAN,1,VAN,1,0,REAL_NHL_API_OR_DERIVED_FROM_REAL
20232024,2023020773,2024-01-28,STL,LAK,0.571631,0.428369,STL,1,STL,1,0,REAL_NHL_API_OR_DERIVED_FROM_REAL
20232024,2023020774,2024-01-28,SEA,CBJ,0.575754,0.424246,SEA,1,SEA,1,0,REAL_NHL_API_OR_DERIVED_FROM_REAL
20232024,2023020775,2024-01-29,OTT,NSH,0.337958,0.662042,NSH,1,OTT,0,0,REAL_NHL_API_OR_DERIVED_FROM_REAL
20232024,2023020776,2024-01-30,STL,CBJ,0.595518,0.404482,STL,0,CBJ,0,0,REAL_NHL_API_OR_DERIVED_FROM_REAL
20232024,2023020777,2024-01-30,SJS,SEA,0.47817,0.52183,SEA,1,SJS,0,0,REAL_NHL_API_OR_DERIVED_FROM_REAL
20232024,2023020778,2024-01-31,DET,OTT,0.521062,0.478938,DET,0,OTT,0,0,REAL_NHL_API_OR_DERIVED_FROM_REAL
20232024,2023020779,2024-01-31,NSH,LAK,0.546291,0.453709,NSH,0,LAK,0,0,REAL_NHL_API_OR_DERIVED_FROM_REAL
20232024,2023020780,2024-01-31,ANA,SJS,0.560543,0.439457,ANA,1,ANA,1,0,REAL_NHL_API_OR_DERIVED_FROM_REAL
20232024,2023020781,2024-02-05,NYR,COL,0.442125,0.557875,COL,1,NYR,0,0,REAL_NHL_API_OR_DERIVED_FROM_REAL
20232024,2023020782,2024-02-05,TOR,NYI,0.521879,0.478121,TOR,0,NYI,0,0,REAL_NHL_API_OR_DERIVED_FROM_REAL
20232024,2023020783,2024-02-06,BOS,CGY,0.623393,0.376607,BOS,0,CGY,0,0,REAL_NHL_API_OR_DERIVED_FROM_REAL
20232024,2023020784,2024-02-06,BUF,DAL,0.461998,0.538002,DAL,0,DAL,1,0,REAL_NHL_API_OR_DERIVED_FROM_REAL
20232024,2023020785,2024-02-06,CAR,VAN,0.50848,0.49152,CAR,0,VAN,0,0,REAL_NHL_API_OR_DERIVED_FROM_REAL
20232024,2023020786,2024-02-06,FLA,PHI,0.616323,0.383677,FLA,0,PHI,0,0,REAL_NHL_API_OR_DERIVED_FROM_REAL
20232024,2023020787,2024-02-06,NJD,COL,0.452547,0.547453,COL,1,NJD,0,0,REAL_NHL_API_OR_DERIVED_FROM_REAL
20232024,2023020788,2024-02-06,PIT,WPG,0.543215,0.456785,PIT,1,PIT,1,0,REAL_NHL_API_OR_DERIVED_FROM_REAL
20232024,2023020789,2024-02-06,WSH,MTL,0.552896,0.447104,WSH,0,MTL,0,0,REAL_NHL_API_OR_DERIVED_FROM_REAL
20232024,2023020790,2024-02-06,VGK,EDM,0.475122,0.524878,EDM,1,VGK,0,0,REAL_NHL_API_OR_DERIVED_FROM_REAL
20232024,2023020791,2024-02-07,NYR,TBL,0.517821,0.482179,NYR,1,NYR,1,0,REAL_NHL_API_OR_DERIVED_FROM_REAL
20232024,2023020792,2024-02-07,TOR,DAL,0.46566,0.53434,DAL,1,TOR,0,0,REAL_NHL_API_OR_DERIVED_FROM_REAL
20232024,2023020793,2024-02-07,CHI,MIN,0.423788,0.576212,MIN,0,MIN,1,0,REAL_NHL_API_OR_DERIVED_FROM_REAL
20232024,2023020794,2024-02-08,BOS,VAN,0.551573,0.448427,BOS,1,BOS,1,0,REAL_NHL_API_OR_DERIVED_FROM_REAL
20232024,2023020795,2024-02-08,FLA,WSH,0.606002,0.393998,FLA,1,FLA,1,0,REAL_NHL_API_OR_DERIVED_FROM_REAL
20232024,2023020796,2024-02-08,NJD,CGY,0.555688,0.444312,NJD,0,CGY,0,0,REAL_NHL_API_OR_DERIVED_FROM_REAL
20232024,2023020797,2024-02-08,PHI,WPG,0.509246,0.490754,PHI,1,PHI,1,0,REAL_NHL_API_OR_DERIVED_FROM_REAL
20232024,2023020798,2024-02-08,NYI,TBL,0.458335,0.541665,TBL,1,NYI,0,0,REAL_NHL_API_OR_DERIVED_FROM_REAL
20232024,2023020799,2024-02-08,CAR,COL,0.265678,0.734322,COL,1,CAR,0,0,REAL_NHL_API_OR_DERIVED_FROM_REAL
20232024,2023020800,2024-02-08,UTA,VGK,0.30459,0.69541,VGK,0,VGK,1,0,REAL_NHL_API_OR_DERIVED_FROM_REAL
20232024,2023020801,2024-02-09,MIN,PIT,0.557092,0.442908,MIN,1,MIN,1,0,REAL_NHL_API_OR_DERIVED_FROM_REAL
20232024,2023020802,2024-02-09,CHI,NYR,0.438571,0.561429,NYR,0,NYR,1,0,REAL_NHL_API_OR_DERIVED_FROM_REAL
20232024,2023020803,2024-02-09,ANA,EDM,0.309871,0.690129,EDM,0,EDM,1,0,REAL_NHL_API_OR_DERIVED_FROM_REAL
20232024,2023020804,2024-02-10,BUF,STL,0.540962,0.459038,BUF,0,STL,0,0,REAL_NHL_API_OR_DERIVED_FROM_REAL
20232024,2023020805,2024-02-10,DET,VAN,0.608494,0.391506,DET,1,DET,1,0,REAL_NHL_API_OR_DERIVED_FROM_REAL
20232024,2023020806,2024-02-10,MTL,DAL,0.463958,0.536042,DAL,0,DAL,1,0,REAL_NHL_API_OR_DERIVED_FROM_REAL
20232024,2023020807,2024-02-10,NYI,CGY,0.518097,0.481903,NYI,0,CGY,0,0,REAL_NHL_API_OR_DERIVED_FROM_REAL
20232024,2023020808,2024-02-10,BOS,WSH,0.612393,0.387607,BOS,0,WSH,0,0,REAL_NHL_API_OR_DERIVED_FROM_REAL
20232024,2023020809,2024-02-10,FLA,COL,0.500482,0.499518,FLA,1,FLA,1,0,REAL_NHL_API_OR_DERIVED_FROM_REAL
20232024,2023020810,2024-02-10,CAR,NJD,0.543244,0.456756,CAR,1,CAR,1,0,REAL_NHL_API_OR_DERIVED_FROM_REAL
20232024,2023020811,2024-02-10,CBJ,TBL,0.428701,0.571299,TBL,0,TBL,1,0,REAL_NHL_API_OR_DERIVED_FROM_REAL
20232024,2023020812,2024-02-10,OTT,TOR,0.516382,0.483618,OTT,1,OTT,1,0,REAL_NHL_API_OR_DERIVED_FROM_REAL
20232024,2023020813,2024-02-10,PHI,SEA,0.477143,0.522857,SEA,1,PHI,0,0,REAL_NHL_API_OR_DERIVED_FROM_REAL
20232024,2023020814,2024-02-10,WPG,PIT,0.471608,0.528392,PIT,1,WPG,0,0,REAL_NHL_API_OR_DERIVED_FROM_REAL
20232024,2023020815,2024-02-10,NSH,UTA,0.564281,0.435719,NSH,1,NSH,1,0,REAL_NHL_API_OR_DERIVED_FROM_REAL
20232024,2023020816,2024-02-10,LAK,EDM,0.482186,0.517814,EDM,1,LAK,0,0,REAL_NHL_API_OR_DERIVED_FROM_REAL
20232024,2023020817,2024-02-11,MTL,STL,0.51057,0.48943,MTL,0,STL,0,0,REAL_NHL_API_OR_DERIVED_FROM_REAL
20232024,2023020818,2024-02-11,WSH,VAN,0.52058,0.47942,WSH,0,VAN,0,0,REAL_NHL_API_OR_DERIVED_FROM_REAL
20232024,2023020819,2024-02-12,NJD,SEA,0.51383,0.48617,NJD,1,NJD,1,0,REAL_NHL_API_OR_DERIVED_FROM_REAL
20232024,2023020820,2024-02-12,NYR,CGY,0.502753,0.497247,NYR,1,NYR,1,0,REAL_NHL_API_OR_DERIVED_FROM_REAL
20232024,2023020821,2024-02-12,PHI,UTA,0.542861,0.457139,PHI,1,PHI,1,0,REAL_NHL_API_OR_DERIVED_FROM_REAL
20232024,2023020822,2024-02-12,VGK,MIN,0.570666,0.429334,VGK,0,MIN,0,0,REAL_NHL_API_OR_DERIVED_FROM_REAL
20232024,2023020823,2024-02-13,BOS,TBL,0.547217,0.452783,BOS,0,TBL,0,0,REAL_NHL_API_OR_DERIVED_FROM_REAL
20232024,2023020824,2024-02-13,BUF,LAK,0.662891,0.337109,BUF,1,BUF,1,0,REAL_NHL_API_OR_DERIVED_FROM_REAL
20232024,2023020825,2024-02-13,MTL,ANA,0.487479,0.512521,ANA,1,MTL,0,0,REAL_NHL_API_OR_DERIVED_FROM_REAL
20232024,2023020826,2024-02-13,OTT,CBJ,0.710262,0.289738,OTT,1,OTT,1,0,REAL_NHL_API_OR_DERIVED_FROM_REAL
20232024,2023020827,2024-02-13,TOR,STL,0.429402,0.570598,STL,1,TOR,0,0,REAL_NHL_API_OR_DERIVED_FROM_REAL
20232024,2023020828,2024-02-13,WSH,COL,0.51428,0.48572,WSH,0,COL,0,0,REAL_NHL_API_OR_DERIVED_FROM_REAL
20232024,2023020829,2024-02-13,NYI,SEA,0.58637,0.41363,NYI,0,SEA,0,0,REAL_NHL_API_OR_DERIVED_FROM_REAL
20232024,2023020830,2024-02-13,DAL,CAR,0.529924,0.470076,DAL,1,DAL,1,0,REAL_NHL_API_OR_DERIVED_FROM_REAL
20232024,2023020831,2024-02-13,NSH,NJD,0.576742,0.423258,NSH,0,NJD,0,0,REAL_NHL_API_OR_DERIVED_FROM_REAL
20232024,2023020832,2024-02-13,CHI,VAN,0.438927,0.561073,VAN,0,VAN,1,0,REAL_NHL_API_OR_DERIVED_FROM_REAL
20232024,2023020833,2024-02-13,EDM,DET,0.698881,0.301119,EDM,1,EDM,1,0,REAL_NHL_API_OR_DERIVED_FROM_REAL
20232024,2023020834,2024-02-14,PIT,FLA,0.528493,0.471507,PIT,0,FLA,0,0,REAL_NHL_API_OR_DERIVED_FROM_REAL
20232024,2023020835,2024-02-14,WPG,SJS,0.474566,0.525434,SJS,1,WPG,0,0,REAL_NHL_API_OR_DERIVED_FROM_REAL
20232024,2023020836,2024-02-14,UTA,MIN,0.284156,0.715844,MIN,0,MIN,1,0,REAL_NHL_API_OR_DERIVED_FROM_REAL
20232024,2023020837,2024-02-15,BOS,SEA,0.569928,0.430072,BOS,0,SEA,0,0,REAL_NHL_API_OR_DERIVED_FROM_REAL
20232024,2023020838,2024-02-15,BUF,FLA,0.455615,0.544385,FLA,0,FLA,1,0,REAL_NHL_API_OR_DERIVED_FROM_REAL
20232024,2023020839,2024-02-15,NJD,LAK,0.549964,0.450036,NJD,0,LAK,0,0,REAL_NHL_API_OR_DERIVED_FROM_REAL
20232024,2023020840,2024-02-15,NYR,MTL,0.583244,0.416756,NYR,1,NYR,1,0,REAL_NHL_API_OR_DERIVED_FROM_REAL
20232024,2023020841,2024-02-15,OTT,ANA,0.727154,0.272846,OTT,0,ANA,0,0,REAL_NHL_API_OR_DERIVED_FROM_REAL
20232024,2023020842,2024-02-15,TBL,COL,0.55118,0.44882,TBL,1,TBL,1,0,REAL_NHL_API_OR_DERIVED_FROM_REAL
20232024,2023020843,2024-02-15,TOR,PHI,0.592102,0.407898,TOR,1,TOR,1,0,REAL_NHL_API_OR_DERIVED_FROM_REAL
20232024,2023020844,2024-02-15,STL,EDM,0.512965,0.487035,STL,1,STL,1,0,REAL_NHL_API_OR_DERIVED_FROM_REAL
20232024,2023020845,2024-02-15,CHI,PIT,0.506641,0.493359,CHI,0,PIT,0,0,REAL_NHL_API_OR_DERIVED_FROM_REAL
20232024,2023020846,2024-02-15,CGY,SJS,0.563824,0.436176,CGY,0,SJS,0,0,REAL_NHL_API_OR_DERIVED_FROM_REAL
20232024,2023020847,2024-02-15,NSH,DAL,0.471352,0.528648,DAL,0,DAL,1,0,REAL_NHL_API_OR_DERIVED_FROM_REAL
20232024,2023020848,2024-02-15,VAN,DET,0.486591,0.513409,DET,1,VAN,0,0,REAL_NHL_API_OR_DERIVED_FROM_REAL
20232024,2023020849,2024-02-16,UTA,CAR,0.40128,0.59872,CAR,0,CAR,1,0,REAL_NHL_API_OR_DERIVED_FROM_REAL
20232024,2023020850,2024-02-17,DAL,EDM,0.552114,0.447886,DAL,0,EDM,0,0,REAL_NHL_API_OR_DERIVED_FROM_REAL
20232024,2023020851,2024-02-17,CHI,OTT,0.535624,0.464376,CHI,1,CHI,1,0,REAL_NHL_API_OR_DERIVED_FROM_REAL
20232024,2023020852,2024-02-17,CGY,DET,0.4131,0.5869,DET,0,DET,1,0,REAL_NHL_API_OR_DERIVED_FROM_REAL
20232024,2023020853,2024-02-17,BOS,LAK,0.549723,0.450277,BOS,0,LAK,0,0,REAL_NHL_API_OR_DERIVED_FROM_REAL
20232024,2023020854,2024-02-17,MIN,BUF,0.541062,0.458938,MIN,0,BUF,0,0,REAL_NHL_API_OR_DERIVED_FROM_REAL
20232024,2023020855,2024-02-17,STL,NSH,0.60323,0.39677,STL,0,NSH,0,0,REAL_NHL_API_OR_DERIVED_FROM_REAL
20232024,2023020856,2024-02-17,TBL,FLA,0.313721,0.686279,FLA,0,FLA,1,0,REAL_NHL_API_OR_DERIVED_FROM_REAL
20232024,2023020857,2024-02-17,MTL,WSH,0.531475,0.468525,MTL,0,WSH,0,0,REAL_NHL_API_OR_DERIVED_FROM_REAL
20232024,2023020858,2024-02-17,TOR,ANA,0.67945,0.32055,TOR,1,TOR,1,0,REAL_NHL_API_OR_DERIVED_FROM_REAL
20232024,2023020859,2024-02-17,NJD,PHI,0.524998,0.475002,NJD,1,NJD,1,0,REAL_NHL_API_OR_DERIVED_FROM_REAL
20232024,2023020860,2024-02-17,VAN,WPG,0.579358,0.420642,VAN,0,WPG,0,0,REAL_NHL_API_OR_DERIVED_FROM_REAL
20232024,2023020861,2024-02-17,SJS,CBJ,0.538296,0.461704,SJS,0,CBJ,0,0,REAL_NHL_API_OR_DERIVED_FROM_REAL
20232024,2023020862,2024-02-17,VGK,CAR,0.564555,0.435445,VGK,0,CAR,0,0,REAL_NHL_API_OR_DERIVED_FROM_REAL
20232024,2023020863,2024-02-18,NYI,NYR,0.466333,0.533667,NYR,0,NYR,1,0,REAL_NHL_API_OR_DERIVED_FROM_REAL
20232024,2023020864,2024-02-18,COL,UTA,0.584681,0.415319,COL,1,COL,1,0,REAL_NHL_API_OR_DERIVED_FROM_REAL
20232024,2023020865,2024-02-18,PIT,LAK,0.54898,0.45102,PIT,0,LAK,0,0,REAL_NHL_API_OR_DERIVED_FROM_REAL
20232024,2023020866,2024-02-19,BUF,ANA,0.581638,0.418362,BUF,0,ANA,0,0,REAL_NHL_API_OR_DERIVED_FROM_REAL
20232024,2023020867,2024-02-19,BOS,DAL,0.442362,0.557638,DAL,1,BOS,0,0,REAL_NHL_API_OR_DERIVED_FROM_REAL
20232024,2023020868,2024-02-19,STL,TOR,0.476505,0.523495,TOR,0,TOR,1,0,REAL_NHL_API_OR_DERIVED_FROM_REAL
20232024,2023020869,2024-02-19,MIN,VAN,0.415615,0.584385,VAN,1,MIN,0,0,REAL_NHL_API_OR_DERIVED_FROM_REAL
20232024,2023020870,2024-02-19,SEA,DET,0.552826,0.447174,SEA,0,DET,0,0,REAL_NHL_API_OR_DERIVED_FROM_REAL
20232024,2023020871,2024-02-19,UTA,EDM,0.460187,0.539813,EDM,0,EDM,1,0,REAL_NHL_API_OR_DERIVED_FROM_REAL
20232024,2023020872,2024-02-19,CGY,WPG,0.543899,0.456101,CGY,1,CGY,1,0,REAL_NHL_API_OR_DERIVED_FROM_REAL
20232024,2023020873,2024-02-19,SJS,VGK,0.479243,0.520757,VGK,0,VGK,1,0,REAL_NHL_API_OR_DERIVED_FROM_REAL
20232024,2023020874,2024-02-19,CAR,CHI,0.60403,0.39597,CAR,1,CAR,1,0,REAL_NHL_API_OR_DERIVED_FROM_REAL
20232024,2023020875,2024-02-19,TBL,OTT,0.529761,0.470239,TBL,0,OTT,0,0,REAL_NHL_API_OR_DERIVED_FROM_REAL
20232024,2023020876,2024-02-20,FLA,OTT,0.622136,0.377864,FLA,1,FLA,1,0,REAL_NHL_API_OR_DERIVED_FROM_REAL
20232024,2023020877,2024-02-20,NYR,DAL,0.542858,0.457142,NYR,1,NYR,1,0,REAL_NHL_API_OR_DERIVED_FROM_REAL
20232024,2023020878,2024-02-20,PIT,NYI,0.448897,0.551103,NYI,0,NYI,1,0,REAL_NHL_API_OR_DERIVED_FROM_REAL
20232024,2023020879,2024-02-20,WSH,NJD,0.510356,0.489644,WSH,1,WSH,1,0,REAL_NHL_API_OR_DERIVED_FROM_REAL
20232024,2023020880,2024-02-20,WPG,MIN,0.451239,0.548761,MIN,1,WPG,0,0,REAL_NHL_API_OR_DERIVED_FROM_REAL
20232024,2023020881,2024-02-20,COL,VAN,0.483675,0.516325,VAN,1,COL,0,0,REAL_NHL_API_OR_DERIVED_FROM_REAL
20232024,2023020882,2024-02-20,VGK,NSH,0.598973,0.401027,VGK,0,NSH,0,0,REAL_NHL_API_OR_DERIVED_FROM_REAL
20232024,2023020883,2024-02-20,LAK,CBJ,0.496863,0.503137,CBJ,1,LAK,0,0,REAL_NHL_API_OR_DERIVED_FROM_REAL
20232024,2023020884,2024-02-21,MTL,BUF,0.534954,0.465046,MTL,0,BUF,0,0,REAL_NHL_API_OR_DERIVED_FROM_REAL
20232024,2023020885,2024-02-21,CHI,PHI,0.494343,0.505657,PHI,0,PHI,1,0,REAL_NHL_API_OR_DERIVED_FROM_REAL
20232024,2023020886,2024-02-21,ANA,CBJ,0.719007,0.280993,ANA,0,CBJ,0,0,REAL_NHL_API_OR_DERIVED_FROM_REAL
20232024,2023020887,2024-02-21,UTA,TOR,0.449861,0.550139,TOR,0,TOR,1,0,REAL_NHL_API_OR_DERIVED_FROM_REAL
20232024,2023020888,2024-02-21,EDM,BOS,0.561095,0.438905,EDM,0,BOS,0,0,REAL_NHL_API_OR_DERIVED_FROM_REAL
20232024,2023020889,2024-02-22,CAR,FLA,0.450887,0.549113,FLA,1,CAR,0,0,REAL_NHL_API_OR_DERIVED_FROM_REAL
20232024,2023020890,2024-02-22,DET,COL,0.479518,0.520482,COL,1,DET,0,0,REAL_NHL_API_OR_DERIVED_FROM_REAL
20232024,2023020891,2024-02-22,NJD,NYR,0.484957,0.515043,NYR,0,NYR,1,0,REAL_NHL_API_OR_DERIVED_FROM_REAL
20232024,2023020892,2024-02-22,OTT,DAL,0.658355,0.341645,OTT,1,OTT,1,0,REAL_NHL_API_OR_DERIVED_FROM_REAL
20232024,2023020893,2024-02-22,PIT,MTL,0.513024,0.486976,PIT,1,PIT,1,0,REAL_NHL_API_OR_DERIVED_FROM_REAL
20232024,2023020894,2024-02-22,TBL,WSH,0.516106,0.483894,TBL,0,WSH,0,0,REAL_NHL_API_OR_DERIVED_FROM_REAL
20232024,2023020895,2024-02-22,STL,NYI,0.616315,0.383685,STL,1,STL,1,0,REAL_NHL_API_OR_DERIVED_FROM_REAL
20232024,2023020896,2024-02-22,CGY,BOS,0.454245,0.545755,BOS,1,CGY,0,0,REAL_NHL_API_OR_DERIVED_FROM_REAL
20232024,2023020897,2024-02-22,SEA,VAN,0.495309,0.504691,VAN,1,SEA,0,0,REAL_NHL_API_OR_DERIVED_FROM_REAL
20232024,2023020898,2024-02-22,VGK,TOR,0.302083,0.697917,TOR,0,TOR,1,0,REAL_NHL_API_OR_DERIVED_FROM_REAL
20232024,2023020899,2024-02-22,LAK,NSH,0.455336,0.544664,NSH,0,NSH,1,0,REAL_NHL_API_OR_DERIVED_FROM_REAL
20232024,2023020900,2024-02-23,CBJ,BUF,0.482604,0.517396,BUF,0,BUF,1,0,REAL_NHL_API_OR_DERIVED_FROM_REAL
20232024,2023020901,2024-02-23,CHI,WPG,0.454567,0.545433,WPG,0,WPG,1,0,REAL_NHL_API_OR_DERIVED_FROM_REAL
20232024,2023020902,2024-02-23,EDM,MIN,0.59079,0.40921,EDM,0,MIN,0,0,REAL_NHL_API_OR_DERIVED_FROM_REAL
20232024,2023020903,2024-02-24,NJD,MTL,0.512526,0.487474,NJD,1,NJD,1,0,REAL_NHL_API_OR_DERIVED_FROM_REAL
20232024,2023020904,2024-02-24,NYI,TBL,0.530716,0.469284,NYI,0,TBL,0,0,REAL_NHL_API_OR_DERIVED_FROM_REAL
20232024,2023020905,2024-02-24,PHI,NYR,0.424886,0.575114,NYR,0,NYR,1,0,REAL_NHL_API_OR_DERIVED_FROM_REAL
20232024,2023020906,2024-02-24,FLA,WSH,0.536647,0.463353,FLA,1,FLA,1,0,REAL_NHL_API_OR_DERIVED_FROM_REAL
20232024,2023020907,2024-02-24,CAR,DAL,0.540943,0.459057,CAR,0,DAL,0,0,REAL_NHL_API_OR_DERIVED_FROM_REAL
20232024,2023020908,2024-02-24,COL,TOR,0.440965,0.559035,TOR,0,TOR,1,0,REAL_NHL_API_OR_DERIVED_FROM_REAL
20232024,2023020909,2024-02-24,DET,STL,0.663166,0.336834,DET,1,DET,1,0,REAL_NHL_API_OR_DERIVED_FROM_REAL
20232024,2023020910,2024-02-24,OTT,VGK,0.448347,0.551653,VGK,1,OTT,0,0,REAL_NHL_API_OR_DERIVED_FROM_REAL
20232024,2023020911,2024-02-24,VAN,BOS,0.479704,0.520296,BOS,1,VAN,0,0,REAL_NHL_API_OR_DERIVED_FROM_REAL
20232024,2023020912,2024-02-24,EDM,CGY,0.634302,0.365698,EDM,0,CGY,0,0,REAL_NHL_API_OR_DERIVED_FROM_REAL
20232024,2023020913,2024-02-24,SEA,MIN,0.354841,0.645159,MIN,0,MIN,1,0,REAL_NHL_API_OR_DERIVED_FROM_REAL
20232024,2023020914,2024-02-24,SJS,NSH,0.44147,0.55853,NSH,0,NSH,1,0,REAL_NHL_API_OR_DERIVED_FROM_REAL
20232024,2023020915,2024-02-24,LAK,ANA,0.599277,0.400723,LAK,1,LAK,1,0,REAL_NHL_API_OR_DERIVED_FROM_REAL
20232024,2023020916,2024-02-25,NJD,TBL,0.565273,0.434727,NJD,0,TBL,0,0,REAL_NHL_API_OR_DERIVED_FROM_REAL
20232024,2023020917,2024-02-25,PIT,PHI,0.578443,0.421557,PIT,1,PIT,1,0,REAL_NHL_API_OR_DERIVED_FROM_REAL
20232024,2023020918,2024-02-25,BUF,CAR,0.475294,0.524706,CAR,1,BUF,0,0,REAL_NHL_API_OR_DERIVED_FROM_REAL
20232024,2023020919,2024-02-25,CBJ,NYR,0.377659,0.622341,NYR,1,CBJ,0,0,REAL_NHL_API_OR_DERIVED_FROM_REAL
20232024,2023020920,2024-02-25,CHI,DET,0.468184,0.531816,DET,0,DET,1,0,REAL_NHL_API_OR_DERIVED_FROM_REAL
20232024,2023020921,2024-02-25,WPG,UTA,0.637986,0.362014,WPG,1,WPG,1,0,REAL_NHL_API_OR_DERIVED_FROM_REAL
20232024,2023020922,2024-02-25,ANA,NSH,0.434464,0.565536,NSH,0,NSH,1,0,REAL_NHL_API_OR_DERIVED_FROM_REAL
20232024,2023020923,2024-02-26,WSH,OTT,0.711696,0.288304,WSH,1,WSH,1,0,REAL_NHL_API_OR_DERIVED_FROM_REAL
20232024,2023020924,2024-02-26,DAL,NYI,0.537138,0.462862,DAL,0,NYI,0,0,REAL_NHL_API_OR_DERIVED_FROM_REAL
20232024,2023020925,2024-02-26,EDM,LAK,0.563716,0.436284,EDM,1,EDM,1,0,REAL_NHL_API_OR_DERIVED_FROM_REAL
20232024,2023020926,2024-02-26,SEA,BOS,0.492741,0.507259,BOS,1,SEA,0,0,REAL_NHL_API_OR_DERIVED_FROM_REAL
20232024,2023020927,2024-02-27,DET,WSH,0.535487,0.464513,DET,1,DET,1,0,REAL_NHL_API_OR_DERIVED_FROM_REAL
20232024,2023020928,2024-02-27,FLA,BUF,0.661677,0.338323,FLA,1,FLA,1,0,REAL_NHL_API_OR_DERIVED_FROM_REAL
20232024,2023020929,2024-02-27,MTL,UTA,0.575965,0.424035,MTL,1,MTL,1,0,REAL_NHL_API_OR_DERIVED_FROM_REAL
20232024,2023020930,2024-02-27,PHI,TBL,0.54606,0.45394,PHI,1,PHI,1,0,REAL_NHL_API_OR_DERIVED_FROM_REAL
20232024,2023020931,2024-02-27,TOR,VGK,0.631623,0.368377,TOR,0,VGK,0,0,REAL_NHL_API_OR_DERIVED_FROM_REAL
20232024,2023020932,2024-02-27,MIN,CAR,0.565016,0.434984,MIN,0,CAR,0,0,REAL_NHL_API_OR_DERIVED_FROM_REAL
20232024,2023020933,2024-02-27,NSH,OTT,0.634305,0.365695,NSH,1,NSH,1,0,REAL_NHL_API_OR_DERIVED_FROM_REAL
20232024,2023020934,2024-02-27,WPG,STL,0.582207,0.417793,WPG,1,WPG,1,0,REAL_NHL_API_OR_DERIVED_FROM_REAL
20232024,2023020935,2024-02-27,CGY,LAK,0.570345,0.429655,CGY,1,CGY,1,0,REAL_NHL_API_OR_DERIVED_FROM_REAL
20232024,2023020936,2024-02-27,COL,DAL,0.57359,0.42641,COL,1,COL,1,0,REAL_NHL_API_OR_DERIVED_FROM_REAL
20232024,2023020937,2024-02-27,VAN,PIT,0.510119,0.489881,VAN,0,PIT,0,0,REAL_NHL_API_OR_DERIVED_FROM_REAL
20232024,2023020938,2024-02-27,SJS,NJD,0.377962,0.622038,NJD,0,NJD,1,0,REAL_NHL_API_OR_DERIVED_FROM_REAL
20232024,2023020939,2024-02-28,NYR,CBJ,0.633311,0.366689,NYR,1,NYR,1,0,REAL_NHL_API_OR_DERIVED_FROM_REAL
20232024,2023020940,2024-02-28,EDM,STL,0.580604,0.419396,EDM,1,EDM,1,0,REAL_NHL_API_OR_DERIVED_FROM_REAL
20232024,2023020941,2024-02-29,BOS,VGK,0.507667,0.492333,BOS,1,BOS,1,0,REAL_NHL_API_OR_DERIVED_FROM_REAL
20232024,2023020942,2024-02-29,CBJ,CAR,0.469403,0.530597,CAR,0,CAR,1,0,REAL_NHL_API_OR_DERIVED_FROM_REAL
20232024,2023020943,2024-02-29,DET,NYI,0.596441,0.403559,DET,0,NYI,0,0,REAL_NHL_API_OR_DERIVED_FROM_REAL
20232024,2023020944,2024-02-29,FLA,MTL,0.61413,0.38587,FLA,1,FLA,1,0,REAL_NHL_API_OR_DERIVED_FROM_REAL
20232024,2023020945,2024-02-29,TBL,BUF,0.5488,0.4512,TBL,0,BUF,0,0,REAL_NHL_API_OR_DERIVED_FROM_REAL
20232024,2023020946,2024-02-29,TOR,UTA,0.629368,0.370632,TOR,1,TOR,1,0,REAL_NHL_API_OR_DERIVED_FROM_REAL
20232024,2023020947,2024-02-29,DAL,WPG,0.426441,0.573559,WPG,1,DAL,0,0,REAL_NHL_API_OR_DERIVED_FROM_REAL
20232024,2023020948,2024-02-29,NSH,MIN,0.580462,0.419538,NSH,1,NSH,1,0,REAL_NHL_API_OR_DERIVED_FROM_REAL
20232024,2023020949,2024-02-29,CHI,COL,0.454098,0.545902,COL,0,COL,1,0,REAL_NHL_API_OR_DERIVED_FROM_REAL
20232024,2023020950,2024-02-29,SEA,PIT,0.55987,0.44013,SEA,1,SEA,1,0,REAL_NHL_API_OR_DERIVED_FROM_REAL
20232024,2023020951,2024-02-29,VAN,LAK,0.561009,0.438991,VAN,0,LAK,0,0,REAL_NHL_API_OR_DERIVED_FROM_REAL
20232024,2023020952,2024-02-29,SJS,ANA,0.516977,0.483023,SJS,0,ANA,0,0,REAL_NHL_API_OR_DERIVED_FROM_REAL
20232024,2023020953,2024-03-01,OTT,UTA,0.549903,0.450097,OTT,0,UTA,0,0,REAL_NHL_API_OR_DERIVED_FROM_REAL
20232024,2023020954,2024-03-01,WSH,PHI,0.538435,0.461565,WSH,1,WSH,1,0,REAL_NHL_API_OR_DERIVED_FROM_REAL
20232024,2023020955,2024-03-01,ANA,NJD,0.710163,0.289837,ANA,1,ANA,1,0,REAL_NHL_API_OR_DERIVED_FROM_REAL
20232024,2023020956,2024-03-02,CAR,WPG,0.518463,0.481537,CAR,0,WPG,0,0,REAL_NHL_API_OR_DERIVED_FROM_REAL
20232024,2023020957,2024-03-02,NYI,BOS,0.501449,0.498551,NYI,1,NYI,1,0,REAL_NHL_API_OR_DERIVED_FROM_REAL
20232024,2023020958,2024-03-02,SEA,EDM,0.510083,0.489917,SEA,0,EDM,0,0,REAL_NHL_API_OR_DERIVED_FROM_REAL
20232024,2023020959,2024-03-02,NSH,COL,0.569169,0.430831,NSH,1,NSH,1,0,REAL_NHL_API_OR_DERIVED_FROM_REAL
20232024,2023020960,2024-03-02,BUF,VGK,0.491767,0.508233,VGK,1,BUF,0,0,REAL_NHL_API_OR_DERIVED_FROM_REAL
20232024,2023020961,2024-03-02,DET,FLA,0.525729,0.474271,DET,0,FLA,0,0,REAL_NHL_API_OR_DERIVED_FROM_REAL
20232024,2023020962,2024-03-02,PHI,OTT,0.543699,0.456301,PHI,1,PHI,1,0,REAL_NHL_API_OR_DERIVED_FROM_REAL
20232024,2023020963,2024-03-02,TBL,MTL,0.539294,0.460706,TBL,1,TBL,1,0,REAL_NHL_API_OR_DERIVED_FROM_REAL
20232024,2023020964,2024-03-02,TOR,NYR,0.555518,0.444482,TOR,1,TOR,1,0,REAL_NHL_API_OR_DERIVED_FROM_REAL
20232024,2023020965,2024-03-02,CHI,CBJ,0.532406,0.467594,CHI,0,CBJ,0,0,REAL_NHL_API_OR_DERIVED_FROM_REAL
20232024,2023020966,2024-03-02,DAL,SJS,0.616695,0.383305,DAL,1,DAL,1,0,REAL_NHL_API_OR_DERIVED_FROM_REAL
20232024,2023020967,2024-03-02,STL,MIN,0.502084,0.497916,STL,1,STL,1,0,REAL_NHL_API_OR_DERIVED_FROM_REAL
20232024,2023020968,2024-03-02,CGY,PIT,0.559253,0.440747,CGY,1,CGY,1,0,REAL_NHL_API_OR_DERIVED_FROM_REAL
20232024,2023020969,2024-03-03,WSH,UTA,0.604305,0.395695,WSH,0,UTA,0,0,REAL_NHL_API_OR_DERIVED_FROM_REAL
20232024,2023020970,2024-03-03,LAK,NJD,0.721679,0.278321,LAK,1,LAK,1,0,REAL_NHL_API_OR_DERIVED_FROM_REAL
20232024,2023020971,2024-03-03,BUF,WPG,0.526832,0.473168,BUF,0,WPG,0,0,REAL_NHL_API_OR_DERIVED_FROM_REAL
20232024,2023020972,2024-03-03,MIN,SJS,0.566675,0.433325,MIN,1,MIN,1,0,REAL_NHL_API_OR_DERIVED_FROM_REAL
20232024,2023020973,2024-03-03,ANA,VAN,0.586063,0.413937,ANA,0,VAN,0,0,REAL_NHL_API_OR_DERIVED_FROM_REAL
20232024,2023020974,2024-03-03,EDM,PIT,0.573239,0.426761,EDM,1,EDM,1,0,REAL_NHL_API_OR_DERIVED_FROM_REAL
20232024,2023020975,2024-03-04,CBJ,VGK,0.501092,0.498908,CBJ,1,CBJ,1,0,REAL_NHL_API_OR_DERIVED_FROM_REAL
20232024,2023020976,2024-03-04,NYR,FLA,0.548202,0.451798,NYR,0,FLA,0,0,REAL_NHL_API_OR_DERIVED_FROM_REAL
20232024,2023020977,2024-03-04,PHI,STL,0.552491,0.447509,PHI,0,STL,0,0,REAL_NHL_API_OR_DERIVED_FROM_REAL
20232024,2023020978,2024-03-04,TOR,BOS,0.599996,0.400004,TOR,0,BOS,0,0,REAL_NHL_API_OR_DERIVED_FROM_REAL
20232024,2023020979,2024-03-04,COL,CHI,0.62691,0.37309,COL,1,COL,1,0,REAL_NHL_API_OR_DERIVED_FROM_REAL
20232024,2023020980,2024-03-04,CGY,SEA,0.595934,0.404066,CGY,0,SEA,0,0,REAL_NHL_API_OR_DERIVED_FROM_REAL
20232024,2023020981,2024-03-05,BOS,EDM,0.486812,0.513188,EDM,0,EDM,1,0,REAL_NHL_API_OR_DERIVED_FROM_REAL
20232024,2023020982,2024-03-05,NJD,FLA,0.457804,0.542196,FLA,0,FLA,1,0,REAL_NHL_API_OR_DERIVED_FROM_REAL
20232024,2023020983,2024-03-05,PIT,CBJ,0.468965,0.531035,CBJ,1,PIT,0,0,REAL_NHL_API_OR_DERIVED_FROM_REAL
20232024,2023020984,2024-03-05,NYI,STL,0.567244,0.432756,NYI,1,NYI,1,0,REAL_NHL_API_OR_DERIVED_FROM_REAL
20232024,2023020985,2024-03-05,NSH,MTL,0.635805,0.364195,NSH,0,MTL,0,0,REAL_NHL_API_OR_DERIVED_FROM_REAL
20232024,2023020986,2024-03-05,WPG,SEA,0.618281,0.381719,WPG,0,SEA,0,0,REAL_NHL_API_OR_DERIVED_FROM_REAL
20232024,2023020987,2024-03-05,UTA,CHI,0.592472,0.407528,UTA,0,CHI,0,0,REAL_NHL_API_OR_DERIVED_FROM_REAL
20232024,2023020988,2024-03-05,LAK,VAN,0.582345,0.417655,LAK,0,VAN,0,0,REAL_NHL_API_OR_DERIVED_FROM_REAL
20232024,2023020989,2024-03-05,SJS,DAL,0.492391,0.507609,DAL,0,DAL,1,0,REAL_NHL_API_OR_DERIVED_FROM_REAL
20232024,2023020990,2024-03-06,TOR,BUF,0.531915,0.468085,TOR,1,TOR,1,0,REAL_NHL_API_OR_DERIVED_FROM_REAL
20232024,2023020991,2024-03-06,COL,DET,0.719394,0.280606,COL,1,COL,1,0,REAL_NHL_API_OR_DERIVED_FROM_REAL
20232024,2023020992,2024-03-06,ANA,OTT,0.556663,0.443337,ANA,1,ANA,1,0,REAL_NHL_API_OR_DERIVED_FROM_REAL
20232024,2023020993,2024-03-07,BOS,TOR,0.533716,0.466284,BOS,1,BOS,1,0,REAL_NHL_API_OR_DERIVED_FROM_REAL
20232024,2023020994,2024-03-07,CAR,MTL,0.532479,0.467521,CAR,1,CAR,1,0,REAL_NHL_API_OR_DERIVED_FROM_REAL
20232024,2023020995,2024-03-07,CBJ,EDM,0.488328,0.511672,EDM,1,CBJ,0,0,REAL_NHL_API_OR_DERIVED_FROM_REAL
20232024,2023020996,2024-03-07,FLA,PHI,0.593698,0.406302,FLA,0,PHI,0,0,REAL_NHL_API_OR_DERIVED_FROM_REAL
20232024,2023020997,2024-03-07,NJD,STL,0.503669,0.496331,NJD,1,NJD,1,0,REAL_NHL_API_OR_DERIVED_FROM_REAL
20232024,2023020998,2024-03-07,PIT,WSH,0.33594,0.66406,WSH,0,WSH,1,0,REAL_NHL_API_OR_DERIVED_FROM_REAL
20232024,2023020999,2024-03-07,TBL,CGY,0.533576,0.466424,TBL,0,CGY,0,0,REAL_NHL_API_OR_DERIVED_FROM_REAL
20232024,2023021000,2024-03-07,NSH,BUF,0.624517,0.375483,NSH,1,NSH,1,0,REAL_NHL_API_OR_DERIVED_FROM_REAL
20232024,2023021001,2024-03-07,UTA,MIN,0.571251,0.428749,UTA,0,MIN,0,0,REAL_NHL_API_OR_DERIVED_FROM_REAL
20232024,2023021002,2024-03-07,VGK,VAN,0.594376,0.405624,VGK,0,VAN,0,0,REAL_NHL_API_OR_DERIVED_FROM_REAL
20232024,2023021003,2024-03-07,LAK,OTT,0.613214,0.386786,LAK,1,LAK,1,0,REAL_NHL_API_OR_DERIVED_FROM_REAL
20232024,2023021004,2024-03-07,SJS,NYI,0.4134,0.5866,NYI,0,NYI,1,0,REAL_NHL_API_OR_DERIVED_FROM_REAL
20232024,2023021005,2024-03-08,UTA,DET,0.532878,0.467122,UTA,1,UTA,1,0,REAL_NHL_API_OR_DERIVED_FROM_REAL
20232024,2023021006,2024-03-08,COL,MIN,0.649343,0.350657,COL,1,COL,1,0,REAL_NHL_API_OR_DERIVED_FROM_REAL
20232024,2023021007,2024-03-08,ANA,DAL,0.512996,0.487004,ANA,0,DAL,0,0,REAL_NHL_API_OR_DERIVED_FROM_REAL
20232024,2023021008,2024-03-08,SEA,WPG,0.468358,0.531642,WPG,0,WPG,1,0,REAL_NHL_API_OR_DERIVED_FROM_REAL
20232024,2023021009,2024-03-09,BUF,EDM,0.451239,0.548761,EDM,1,BUF,0,0,REAL_NHL_API_OR_DERIVED_FROM_REAL
20232024,2023021010,2024-03-09,CBJ,NSH,0.676992,0.323008,CBJ,0,NSH,0,0,REAL_NHL_API_OR_DERIVED_FROM_REAL
20232024,2023021011,2024-03-09,NJD,CAR,0.463519,0.536481,CAR,0,CAR,1,0,REAL_NHL_API_OR_DERIVED_FROM_REAL
20232024,2023021012,2024-03-09,BOS,PIT,0.600053,0.399947,BOS,1,BOS,1,0,REAL_NHL_API_OR_DERIVED_FROM_REAL
20232024,2023021013,2024-03-09,FLA,CGY,0.545905,0.454095,FLA,1,FLA,1,0,REAL_NHL_API_OR_DERIVED_FROM_REAL
20232024,2023021014,2024-03-09,MTL,TOR,0.54621,0.45379,MTL,0,TOR,0,0,REAL_NHL_API_OR_DERIVED_FROM_REAL
20232024,2023021015,2024-03-09,SJS,OTT,0.502777,0.497223,SJS,1,SJS,1,0,REAL_NHL_API_OR_DERIVED_FROM_REAL
20232024,2023021016,2024-03-09,TBL,PHI,0.702993,0.297007,TBL,1,TBL,1,0,REAL_NHL_API_OR_DERIVED_FROM_REAL
20232024,2023021017,2024-03-09,WSH,CHI,0.571883,0.428117,WSH,1,WSH,1,0,REAL_NHL_API_OR_DERIVED_FROM_REAL
20232024,2023021018,2024-03-09,NYR,STL,0.584458,0.415542,NYR,1,NYR,1,0,REAL_NHL_API_OR_DERIVED_FROM_REAL
20232024,2023021019,2024-03-09,VAN,WPG,0.287856,0.712144,WPG,1,VAN,0,0,REAL_NHL_API_OR_DERIVED_FROM_REAL
20232024,2023021020,2024-03-09,VGK,DET,0.54036,0.45964,VGK,1,VGK,1,0,REAL_NHL_API_OR_DERIVED_FROM_REAL
20232024,2023021021,2024-03-09,LAK,DAL,0.54731,0.45269,LAK,0,DAL,0,0,REAL_NHL_API_OR_DERIVED_FROM_REAL
20232024,2023021022,2024-03-10,PIT,EDM,0.615831,0.384169,PIT,0,EDM,0,0,REAL_NHL_API_OR_DERIVED_FROM_REAL
20232024,2023021023,2024-03-10,MIN,NSH,0.43384,0.56616,NSH,1,MIN,0,0,REAL_NHL_API_OR_DERIVED_FROM_REAL
20232024,2023021024,2024-03-10,CAR,CGY,0.537098,0.462902,CAR,1,CAR,1,0,REAL_NHL_API_OR_DERIVED_FROM_REAL
20232024,2023021025,2024-03-10,CHI,UTA,0.457254,0.542746,UTA,1,CHI,0,0,REAL_NHL_API_OR_DERIVED_FROM_REAL
20232024,2023021026,2024-03-10,ANA,NYI,0.427722,0.572278,NYI,0,NYI,1,0,REAL_NHL_API_OR_DERIVED_FROM_REAL
20232024,2023021027,2024-03-11,BOS,STL,0.597311,0.402689,BOS,0,STL,0,0,REAL_NHL_API_OR_DERIVED_FROM_REAL
20232024,2023021028,2024-03-11,NYR,NJD,0.586881,0.413119,NYR,1,NYR,1,0,REAL_NHL_API_OR_DERIVED_FROM_REAL
20232024,2023021029,2024-03-11,WPG,WSH,0.506543,0.493457,WPG,1,WPG,1,0,REAL_NHL_API_OR_DERIVED_FROM_REAL
20232024,2023021030,2024-03-11,LAK,NYI,0.505133,0.494867,LAK,1,LAK,1,0,REAL_NHL_API_OR_DERIVED_FROM_REAL
20232024,2023021031,2024-03-12,BUF,DET,0.723405,0.276595,BUF,1,BUF,1,0,REAL_NHL_API_OR_DERIVED_FROM_REAL
20232024,2023021032,2024-03-12,CAR,NYR,0.530165,0.469835,CAR,0,NYR,0,0,REAL_NHL_API_OR_DERIVED_FROM_REAL
20232024,2023021033,2024-03-12,MTL,CBJ,0.716512,0.283488,MTL,1,MTL,1,0,REAL_NHL_API_OR_DERIVED_FROM_REAL
20232024,2023021034,2024-03-12,OTT,PIT,0.589047,0.410953,OTT,1,OTT,1,0,REAL_NHL_API_OR_DERIVED_FROM_REAL
20232024,2023021035,2024-03-12,PHI,SJS,0.534746,0.465254,PHI,1,PHI,1,0,REAL_NHL_API_OR_DERIVED_FROM_REAL
20232024,2023021036,2024-03-12,DAL,FLA,0.506754,0.493246,DAL,0,FLA,0,0,REAL_NHL_API_OR_DERIVED_FROM_REAL
20232024,2023021037,2024-03-12,MIN,UTA,0.551574,0.448426,MIN,1,MIN,1,0,REAL_NHL_API_OR_DERIVED_FROM_REAL
20232024,2023021038,2024-03-12,CHI,ANA,0.741707,0.258293,CHI,1,CHI,1,0,REAL_NHL_API_OR_DERIVED_FROM_REAL
20232024,2023021039,2024-03-12,CGY,COL,0.268597,0.731403,COL,0,COL,1,0,REAL_NHL_API_OR_DERIVED_FROM_REAL
20232024,2023021040,2024-03-12,SEA,VGK,0.481517,0.518483,VGK,0,VGK,1,0,REAL_NHL_API_OR_DERIVED_FROM_REAL
20232024,2023021041,2024-03-13,STL,LAK,0.463972,0.536028,LAK,1,STL,0,0,REAL_NHL_API_OR_DERIVED_FROM_REAL
20232024,2023021042,2024-03-13,WPG,NSH,0.513814,0.486186,WPG,0,NSH,0,0,REAL_NHL_API_OR_DERIVED_FROM_REAL
20232024,2023021043,2024-03-13,EDM,WSH,0.550233,0.449767,EDM,1,EDM,1,0,REAL_NHL_API_OR_DERIVED_FROM_REAL
20232024,2023021044,2024-03-13,VAN,COL,0.42651,0.57349,COL,0,COL,1,0,REAL_NHL_API_OR_DERIVED_FROM_REAL
20232024,2023021045,2024-03-14,BUF,NYI,0.451867,0.548133,NYI,1,BUF,0,0,REAL_NHL_API_OR_DERIVED_FROM_REAL
20232024,2023021046,2024-03-14,CAR,FLA,0.493022,0.506978,FLA,1,CAR,0,0,REAL_NHL_API_OR_DERIVED_FROM_REAL
20232024,2023021047,2024-03-14,CBJ,OTT,0.461049,0.538951,OTT,0,OTT,1,0,REAL_NHL_API_OR_DERIVED_FROM_REAL
20232024,2023021048,2024-03-14,DET,UTA,0.495173,0.504827,UTA,0,UTA,1,0,REAL_NHL_API_OR_DERIVED_FROM_REAL
20232024,2023021049,2024-03-14,MTL,BOS,0.480437,0.519563,BOS,0,BOS,1,0,REAL_NHL_API_OR_DERIVED_FROM_REAL
20232024,2023021050,2024-03-14,PHI,TOR,0.28194,0.71806,TOR,0,TOR,1,0,REAL_NHL_API_OR_DERIVED_FROM_REAL
20232024,2023021051,2024-03-14,PIT,SJS,0.516509,0.483491,PIT,1,PIT,1,0,REAL_NHL_API_OR_DERIVED_FROM_REAL
20232024,2023021052,2024-03-14,TBL,NYR,0.470304,0.529696,NYR,1,TBL,0,0,REAL_NHL_API_OR_DERIVED_FROM_REAL
20232024,2023021053,2024-03-14,DAL,NJD,0.42802,0.57198,NJD,0,NJD,1,0,REAL_NHL_API_OR_DERIVED_FROM_REAL
20232024,2023021054,2024-03-14,MIN,ANA,0.67587,0.32413,MIN,1,MIN,1,0,REAL_NHL_API_OR_DERIVED_FROM_REAL
20232024,2023021055,2024-03-14,CGY,VGK,0.495007,0.504993,VGK,1,CGY,0,0,REAL_NHL_API_OR_DERIVED_FROM_REAL
20232024,2023021056,2024-03-14,SEA,WSH,0.506786,0.493214,SEA,0,WSH,0,0,REAL_NHL_API_OR_DERIVED_FROM_REAL
20232024,2023021057,2024-03-15,WPG,ANA,0.642722,0.357278,WPG,1,WPG,1,0,REAL_NHL_API_OR_DERIVED_FROM_REAL
20232024,2023021058,2024-03-15,CHI,LAK,0.458995,0.541005,LAK,0,LAK,1,0,REAL_NHL_API_OR_DERIVED_FROM_REAL
20232024,2023021059,2024-03-16,DET,BUF,0.479009,0.520991,BUF,1,DET,0,0,REAL_NHL_API_OR_DERIVED_FROM_REAL
20232024,2023021060,2024-03-16,NYI,OTT,0.611956,0.388044,NYI,0,OTT,0,0,REAL_NHL_API_OR_DERIVED_FROM_REAL
20232024,2023021061,2024-03-16,PIT,NYR,0.285035,0.714965,NYR,0,NYR,1,0,REAL_NHL_API_OR_DERIVED_FROM_REAL
20232024,2023021062,2024-03-16,UTA,NJD,0.695537,0.304463,UTA,1,UTA,1,0,REAL_NHL_API_OR_DERIVED_FROM_REAL
20232024,2023021063,2024-03-16,FLA,TBL,0.533193,0.466807,FLA,0,TBL,0,0,REAL_NHL_API_OR_DERIVED_FROM_REAL
20232024,2023021064,2024-03-16,BOS,PHI,0.640782,0.359218,BOS,1,BOS,1,0,REAL_NHL_API_OR_DERIVED_FROM_REAL
20232024,2023021065,2024-03-16,CBJ,SJS,0.517644,0.482356,CBJ,1,CBJ,1,0,REAL_NHL_API_OR_DERIVED_FROM_REAL
20232024,2023021066,2024-03-16,CGY,MTL,0.548739,0.451261,CGY,1,CGY,1,0,REAL_NHL_API_OR_DERIVED_FROM_REAL
20232024,2023021067,2024-03-16,TOR,CAR,0.506195,0.493805,TOR,0,CAR,0,0,REAL_NHL_API_OR_DERIVED_FROM_REAL
20232024,2023021068,2024-03-16,DAL,LAK,0.546296,0.453704,DAL,1,DAL,1,0,REAL_NHL_API_OR_DERIVED_FROM_REAL
20232024,2023021069,2024-03-16,STL,MIN,0.497399,0.502601,MIN,1,STL,0,0,REAL_NHL_API_OR_DERIVED_FROM_REAL
20232024,2023021070,2024-03-16,EDM,COL,0.475552,0.524448,COL,0,COL,1,0,REAL_NHL_API_OR_DERIVED_FROM_REAL
20232024,2023021071,2024-03-16,SEA,NSH,0.51627,0.48373,SEA,0,NSH,0,0,REAL_NHL_API_OR_DERIVED_FROM_REAL
20232024,2023021072,2024-03-16,VAN,WSH,0.493759,0.506241,WSH,0,WSH,1,0,REAL_NHL_API_OR_DERIVED_FROM_REAL
20232024,2023021073,2024-03-17,NYR,NYI,0.538552,0.461448,NYR,1,NYR,1,0,REAL_NHL_API_OR_DERIVED_FROM_REAL
20232024,2023021074,2024-03-17,VGK,NJD,0.566682,0.433318,VGK,1,VGK,1,0,REAL_NHL_API_OR_DERIVED_FROM_REAL
20232024,2023021075,2024-03-17,CBJ,WPG,0.451288,0.548712,WPG,0,WPG,1,0,REAL_NHL_API_OR_DERIVED_FROM_REAL
20232024,2023021076,2024-03-17,CHI,SJS,0.570875,0.429125,CHI,1,CHI,1,0,REAL_NHL_API_OR_DERIVED_FROM_REAL
20232024,2023021077,2024-03-17,OTT,CAR,0.491454,0.508546,CAR,0,CAR,1,0,REAL_NHL_API_OR_DERIVED_FROM_REAL
20232024,2023021078,2024-03-17,PIT,DET,0.561137,0.438863,PIT,1,PIT,1,0,REAL_NHL_API_OR_DERIVED_FROM_REAL
20232024,2023021079,2024-03-17,STL,ANA,0.608348,0.391652,STL,1,STL,1,0,REAL_NHL_API_OR_DERIVED_FROM_REAL
20232024,2023021080,2024-03-18,CGY,WSH,0.533367,0.466633,CGY,0,WSH,0,0,REAL_NHL_API_OR_DERIVED_FROM_REAL
20232024,2023021081,2024-03-18,SEA,BUF,0.375174,0.624826,BUF,0,BUF,1,0,REAL_NHL_API_OR_DERIVED_FROM_REAL
20232024,2023021082,2024-03-19,BOS,OTT,0.570749,0.429251,BOS,1,BOS,1,0,REAL_NHL_API_OR_DERIVED_FROM_REAL
20232024,2023021083,2024-03-19,DET,CBJ,0.568988,0.431012,DET,1,DET,1,0,REAL_NHL_API_OR_DERIVED_FROM_REAL
20232024,2023021084,2024-03-19,NJD,PIT,0.524338,0.475662,NJD,1,NJD,1,0,REAL_NHL_API_OR_DERIVED_FROM_REAL
20232024,2023021085,2024-03-19,NYR,WPG,0.541637,0.458363,NYR,0,WPG,0,0,REAL_NHL_API_OR_DERIVED_FROM_REAL
20232024,2023021086,2024-03-19,PHI,TOR,0.418139,0.581861,TOR,1,PHI,0,0,REAL_NHL_API_OR_DERIVED_FROM_REAL
20232024,2023021087,2024-03-19,NYI,CAR,0.439598,0.560402,CAR,0,CAR,1,0,REAL_NHL_API_OR_DERIVED_FROM_REAL
20232024,2023021088,2024-03-19,NSH,SJS,0.663967,0.336033,NSH,1,NSH,1,0,REAL_NHL_API_OR_DERIVED_FROM_REAL
20232024,2023021089,2024-03-19,STL,COL,0.430518,0.569482,COL,0,COL,1,0,REAL_NHL_API_OR_DERIVED_FROM_REAL
20232024,2023021090,2024-03-19,EDM,MTL,0.612983,0.387017,EDM,1,EDM,1,0,REAL_NHL_API_OR_DERIVED_FROM_REAL
20232024,2023021091,2024-03-19,ANA,MIN,0.415721,0.584279,MIN,0,MIN,1,0,REAL_NHL_API_OR_DERIVED_FROM_REAL
20232024,2023021092,2024-03-19,LAK,CHI,0.522711,0.477289,LAK,1,LAK,1,0,REAL_NHL_API_OR_DERIVED_FROM_REAL
20232024,2023021093,2024-03-19,VAN,BUF,0.496269,0.503731,BUF,1,VAN,0,0,REAL_NHL_API_OR_DERIVED_FROM_REAL
20232024,2023021094,2024-03-19,VGK,TBL,0.501341,0.498659,VGK,0,TBL,0,0,REAL_NHL_API_OR_DERIVED_FROM_REAL
20232024,2023021095,2024-03-20,WSH,TOR,0.484453,0.515547,TOR,0,TOR,1,0,REAL_NHL_API_OR_DERIVED_FROM_REAL
20232024,2023021096,2024-03-20,DAL,UTA,0.529787,0.470213,DAL,1,DAL,1,0,REAL_NHL_API_OR_DERIVED_FROM_REAL
20232024,2023021097,2024-03-20,LAK,MIN,0.708474,0.291526,LAK,1,LAK,1,0,REAL_NHL_API_OR_DERIVED_FROM_REAL
20232024,2023021098,2024-03-21,BOS,NYR,0.546291,0.453709,BOS,0,NYR,0,0,REAL_NHL_API_OR_DERIVED_FROM_REAL
20232024,2023021099,2024-03-21,CAR,PHI,0.645993,0.354007,CAR,1,CAR,1,0,REAL_NHL_API_OR_DERIVED_FROM_REAL
20232024,2023021100,2024-03-21,DET,NYI,0.573626,0.426374,DET,1,DET,1,0,REAL_NHL_API_OR_DERIVED_FROM_REAL
20232024,2023021101,2024-03-21,FLA,NSH,0.424457,0.575543,NSH,0,NSH,1,0,REAL_NHL_API_OR_DERIVED_FROM_REAL
20232024,2023021102,2024-03-21,NJD,WPG,0.456471,0.543529,WPG,1,NJD,0,0,REAL_NHL_API_OR_DERIVED_FROM_REAL
20232024,2023021103,2024-03-21,OTT,STL,0.399836,0.600164,STL,0,STL,1,0,REAL_NHL_API_OR_DERIVED_FROM_REAL
20232024,2023021104,2024-03-21,EDM,BUF,0.537034,0.462966,EDM,1,EDM,1,0,REAL_NHL_API_OR_DERIVED_FROM_REAL
20232024,2023021105,2024-03-21,ANA,CHI,0.423287,0.576713,CHI,1,ANA,0,0,REAL_NHL_API_OR_DERIVED_FROM_REAL
20232024,2023021106,2024-03-21,VAN,MTL,0.597024,0.402976,VAN,1,VAN,1,0,REAL_NHL_API_OR_DERIVED_FROM_REAL
20232024,2023021107,2024-03-21,VGK,SEA,0.648271,0.351729,VGK,1,VGK,1,0,REAL_NHL_API_OR_DERIVED_FROM_REAL
20232024,2023021108,2024-03-21,SJS,TBL,0.422665,0.577335,TBL,0,TBL,1,0,REAL_NHL_API_OR_DERIVED_FROM_REAL
20232024,2023021109,2024-03-22,WSH,CAR,0.239285,0.760715,CAR,1,WSH,0,0,REAL_NHL_API_OR_DERIVED_FROM_REAL
20232024,2023021110,2024-03-22,DAL,PIT,0.574113,0.425887,DAL,1,DAL,1,0,REAL_NHL_API_OR_DERIVED_FROM_REAL
20232024,2023021111,2024-03-22,COL,CBJ,0.674405,0.325595,COL,1,COL,1,0,REAL_NHL_API_OR_DERIVED_FROM_REAL
20232024,2023021112,2024-03-22,UTA,SEA,0.611031,0.388969,UTA,1,UTA,1,0,REAL_NHL_API_OR_DERIVED_FROM_REAL
20232024,2023021113,2024-03-23,NYI,WPG,0.66712,0.33288,NYI,1,NYI,1,0,REAL_NHL_API_OR_DERIVED_FROM_REAL
20232024,2023021114,2024-03-23,PHI,BOS,0.468942,0.531058,BOS,1,PHI,0,0,REAL_NHL_API_OR_DERIVED_FROM_REAL
20232024,2023021115,2024-03-23,MIN,STL,0.48996,0.51004,STL,0,STL,1,0,REAL_NHL_API_OR_DERIVED_FROM_REAL
20232024,2023021116,2024-03-23,NSH,DET,0.613912,0.386088,NSH,1,NSH,1,0,REAL_NHL_API_OR_DERIVED_FROM_REAL
20232024,2023021117,2024-03-23,NJD,OTT,0.579513,0.420487,NJD,0,OTT,0,0,REAL_NHL_API_OR_DERIVED_FROM_REAL
20232024,2023021118,2024-03-23,TOR,EDM,0.499505,0.500495,EDM,1,TOR,0,0,REAL_NHL_API_OR_DERIVED_FROM_REAL
20232024,2023021119,2024-03-23,NYR,FLA,0.656006,0.343994,NYR,1,NYR,1,0,REAL_NHL_API_OR_DERIVED_FROM_REAL
20232024,2023021120,2024-03-23,VAN,CGY,0.531984,0.468016,VAN,1,VAN,1,0,REAL_NHL_API_OR_DERIVED_FROM_REAL
20232024,2023021121,2024-03-23,LAK,TBL,0.484614,0.515386,TBL,1,LAK,0,0,REAL_NHL_API_OR_DERIVED_FROM_REAL
20232024,2023021122,2024-03-23,SJS,CHI,0.48998,0.51002,CHI,0,CHI,1,0,REAL_NHL_API_OR_DERIVED_FROM_REAL
20232024,2023021123,2024-03-23,VGK,CBJ,0.38556,0.61444,CBJ,1,VGK,0,0,REAL_NHL_API_OR_DERIVED_FROM_REAL
20232024,2023021124,2024-03-24,WSH,WPG,0.5083,0.4917,WSH,1,WSH,1,0,REAL_NHL_API_OR_DERIVED_FROM_REAL
20232024,2023021125,2024-03-24,COL,PIT,0.740211,0.259789,COL,1,COL,1,0,REAL_NHL_API_OR_DERIVED_FROM_REAL
20232024,2023021126,2024-03-24,NYI,NJD,0.561736,0.438264,NYI,0,NJD,0,0,REAL_NHL_API_OR_DERIVED_FROM_REAL
20232024,2023021127,2024-03-24,CAR,TOR,0.528102,0.471898,CAR,1,CAR,1,0,REAL_NHL_API_OR_DERIVED_FROM_REAL
20232024,2023021128,2024-03-24,OTT,EDM,0.424995,0.575005,EDM,1,OTT,0,0,REAL_NHL_API_OR_DERIVED_FROM_REAL
20232024,2023021129,2024-03-24,PHI,FLA,0.542618,0.457382,PHI,0,FLA,0,0,REAL_NHL_API_OR_DERIVED_FROM_REAL
20232024,2023021130,2024-03-24,UTA,DAL,0.539878,0.460122,UTA,0,DAL,0,0,REAL_NHL_API_OR_DERIVED_FROM_REAL
20232024,2023021131,2024-03-24,ANA,TBL,0.457125,0.542875,TBL,0,TBL,1,0,REAL_NHL_API_OR_DERIVED_FROM_REAL
20232024,2023021132,2024-03-24,CGY,BUF,0.54363,0.45637,CGY,0,BUF,0,0,REAL_NHL_API_OR_DERIVED_FROM_REAL
20232024,2023021133,2024-03-24,SEA,MTL,0.331633,0.668367,MTL,0,MTL,1,0,REAL_NHL_API_OR_DERIVED_FROM_REAL
20232024,2023021134,2024-03-25,STL,VGK,0.562579,0.437421,STL,0,VGK,0,0,REAL_NHL_API_OR_DERIVED_FROM_REAL
20232024,2023021135,2024-03-25,VAN,LAK,0.458385,0.541615,LAK,0,LAK,1,0,REAL_NHL_API_OR_DERIVED_FROM_REAL
20232024,2023021136,2024-03-26,FLA,BOS,0.477358,0.522642,BOS,0,BOS,1,0,REAL_NHL_API_OR_DERIVED_FROM_REAL
20232024,2023021137,2024-03-26,NYR,PHI,0.651259,0.348741,NYR,1,NYR,1,0,REAL_NHL_API_OR_DERIVED_FROM_REAL
20232024,2023021138,2024-03-26,PIT,CAR,0.437395,0.562605,CAR,1,PIT,0,0,REAL_NHL_API_OR_DERIVED_FROM_REAL
20232024,2023021139,2024-03-26,TOR,NJD,0.581853,0.418147,TOR,0,NJD,0,0,REAL_NHL_API_OR_DERIVED_FROM_REAL
20232024,2023021140,2024-03-26,WSH,DET,0.499631,0.500369,DET,1,WSH,0,0,REAL_NHL_API_OR_DERIVED_FROM_REAL
20232024,2023021141,2024-03-26,NSH,VGK,0.596162,0.403838,NSH,1,NSH,1,0,REAL_NHL_API_OR_DERIVED_FROM_REAL
20232024,2023021142,2024-03-26,WPG,EDM,0.515787,0.484213,WPG,0,EDM,0,0,REAL_NHL_API_OR_DERIVED_FROM_REAL
20232024,2023021143,2024-03-26,CHI,CGY,0.515698,0.484302,CHI,1,CHI,1,0,REAL_NHL_API_OR_DERIVED_FROM_REAL
20232024,2023021144,2024-03-26,COL,MTL,0.678962,0.321038,COL,0,MTL,0,0,REAL_NHL_API_OR_DERIVED_FROM_REAL
20232024,2023021145,2024-03-26,UTA,CBJ,0.62812,0.37188,UTA,1,UTA,1,0,REAL_NHL_API_OR_DERIVED_FROM_REAL
20232024,2023021146,2024-03-26,SEA,ANA,0.515252,0.484748,SEA,1,SEA,1,0,REAL_NHL_API_OR_DERIVED_FROM_REAL
20232024,2023021147,2024-03-26,SJS,DAL,0.475581,0.524419,DAL,0,DAL,1,0,REAL_NHL_API_OR_DERIVED_FROM_REAL
20232024,2023021148,2024-03-27,BUF,OTT,0.409121,0.590879,OTT,0,OTT,1,0,REAL_NHL_API_OR_DERIVED_FROM_REAL
20232024,2023021149,2024-03-27,TBL,BOS,0.524588,0.475412,TBL,1,TBL,1,0,REAL_NHL_API_OR_DERIVED_FROM_REAL
20232024,2023021150,2024-03-28,CAR,DET,0.532163,0.467837,CAR,1,CAR,1,0,REAL_NHL_API_OR_DERIVED_FROM_REAL
20232024,2023021151,2024-03-28,FLA,NYI,0.553182,0.446818,FLA,0,NYI,0,0,REAL_NHL_API_OR_DERIVED_FROM_REAL
20232024,2023021152,2024-03-28,MTL,PHI,0.548118,0.451882,MTL,1,MTL,1,0,REAL_NHL_API_OR_DERIVED_FROM_REAL
20232024,2023021153,2024-03-28,OTT,CHI,0.484656,0.515344,CHI,1,OTT,0,0,REAL_NHL_API_OR_DERIVED_FROM_REAL
20232024,2023021154,2024-03-28,PIT,CBJ,0.603522,0.396478,PIT,1,PIT,1,0,REAL_NHL_API_OR_DERIVED_FROM_REAL
20232024,2023021155,2024-03-28,TOR,WSH,0.562974,0.437026,TOR,1,TOR,1,0,REAL_NHL_API_OR_DERIVED_FROM_REAL
20232024,2023021156,2024-03-28,MIN,SJS,0.554307,0.445693,MIN,1,MIN,1,0,REAL_NHL_API_OR_DERIVED_FROM_REAL
20232024,2023021157,2024-03-28,STL,CGY,0.569263,0.430737,STL,1,STL,1,0,REAL_NHL_API_OR_DERIVED_FROM_REAL
20232024,2023021158,2024-03-28,WPG,VGK,0.486475,0.513525,VGK,0,VGK,1,0,REAL_NHL_API_OR_DERIVED_FROM_REAL
20232024,2023021159,2024-03-28,COL,NYR,0.545476,0.454524,COL,0,NYR,0,0,REAL_NHL_API_OR_DERIVED_FROM_REAL
20232024,2023021160,2024-03-28,EDM,LAK,0.479237,0.520763,LAK,1,EDM,0,0,REAL_NHL_API_OR_DERIVED_FROM_REAL
20232024,2023021161,2024-03-28,UTA,NSH,0.628876,0.371124,UTA,1,UTA,1,0,REAL_NHL_API_OR_DERIVED_FROM_REAL
20232024,2023021162,2024-03-28,SEA,ANA,0.487861,0.512139,ANA,1,SEA,0,0,REAL_NHL_API_OR_DERIVED_FROM_REAL
20232024,2023021163,2024-03-28,VAN,DAL,0.510192,0.489808,VAN,0,DAL,0,0,REAL_NHL_API_OR_DERIVED_FROM_REAL
20232024,2023021164,2024-03-29,BUF,NJD,0.466279,0.533721,NJD,1,BUF,0,0,REAL_NHL_API_OR_DERIVED_FROM_REAL
20232024,2023021165,2024-03-30,FLA,DET,0.561695,0.438305,FLA,1,FLA,1,0,REAL_NHL_API_OR_DERIVED_FROM_REAL
20232024,2023021166,2024-03-30,MIN,VGK,0.450921,0.549079,VGK,0,VGK,1,0,REAL_NHL_API_OR_DERIVED_FROM_REAL
20232024,2023021167,2024-03-30,EDM,ANA,0.656341,0.343659,EDM,1,EDM,1,0,REAL_NHL_API_OR_DERIVED_FROM_REAL
20232024,2023021168,2024-03-30,UTA,NYR,0.501554,0.498446,UTA,0,NYR,0,0,REAL_NHL_API_OR_DERIVED_FROM_REAL
20232024,2023021169,2024-03-30,COL,NSH,0.345612,0.654388,NSH,1,COL,0,0,REAL_NHL_API_OR_DERIVED_FROM_REAL
20232024,2023021170,2024-03-30,BUF,TOR,0.445507,0.554493,TOR,0,TOR,1,0,REAL_NHL_API_OR_DERIVED_FROM_REAL
20232024,2023021171,2024-03-30,CBJ,PIT,0.480832,0.519168,PIT,1,CBJ,0,0,REAL_NHL_API_OR_DERIVED_FROM_REAL
20232024,2023021172,2024-03-30,MTL,CAR,0.451394,0.548606,CAR,0,CAR,1,0,REAL_NHL_API_OR_DERIVED_FROM_REAL
20232024,2023021173,2024-03-30,PHI,CHI,0.530868,0.469132,PHI,0,CHI,0,0,REAL_NHL_API_OR_DERIVED_FROM_REAL
20232024,2023021174,2024-03-30,TBL,NYI,0.61452,0.38548,TBL,1,TBL,1,0,REAL_NHL_API_OR_DERIVED_FROM_REAL
20232024,2023021175,2024-03-30,WPG,OTT,0.507893,0.492107,WPG,0,OTT,0,0,REAL_NHL_API_OR_DERIVED_FROM_REAL
20232024,2023021176,2024-03-30,WSH,BOS,0.505314,0.494686,WSH,0,BOS,0,0,REAL_NHL_API_OR_DERIVED_FROM_REAL
20232024,2023021177,2024-03-30,STL,SJS,0.636291,0.363709,STL,0,SJS,0,0,REAL_NHL_API_OR_DERIVED_FROM_REAL
20232024,2023021178,2024-03-30,CGY,LAK,0.426626,0.573374,LAK,1,CGY,0,0,REAL_NHL_API_OR_DERIVED_FROM_REAL
20232024,2023021179,2024-03-30,SEA,DAL,0.401548,0.598452,DAL,0,DAL,1,0,REAL_NHL_API_OR_DERIVED_FROM_REAL
20232024,2023021180,2024-03-31,VAN,ANA,0.587856,0.412144,VAN,1,VAN,1,0,REAL_NHL_API_OR_DERIVED_FROM_REAL
20232024,2023021181,2024-04-01,CBJ,COL,0.432681,0.567319,COL,1,CBJ,0,0,REAL_NHL_API_OR_DERIVED_FROM_REAL
20232024,2023021182,2024-04-01,NYR,PIT,0.61006,0.38994,NYR,0,PIT,0,0,REAL_NHL_API_OR_DERIVED_FROM_REAL
20232024,2023021183,2024-04-01,PHI,NYI,0.409204,0.590796,NYI,0,NYI,1,0,REAL_NHL_API_OR_DERIVED_FROM_REAL
20232024,2023021184,2024-04-01,TBL,DET,0.582317,0.417683,TBL,0,DET,0,0,REAL_NHL_API_OR_DERIVED_FROM_REAL
20232024,2023021185,2024-04-01,TOR,FLA,0.719245,0.280755,TOR,1,TOR,1,0,REAL_NHL_API_OR_DERIVED_FROM_REAL
20232024,2023021186,2024-04-01,STL,EDM,0.513732,0.486268,STL,1,STL,1,0,REAL_NHL_API_OR_DERIVED_FROM_REAL
20232024,2023021187,2024-04-01,WPG,LAK,0.448154,0.551846,LAK,1,WPG,0,0,REAL_NHL_API_OR_DERIVED_FROM_REAL
20232024,2023021188,2024-04-01,SJS,SEA,0.565407,0.434593,SJS,0,SEA,0,0,REAL_NHL_API_OR_DERIVED_FROM_REAL
20232024,2023021189,2024-04-02,BUF,WSH,0.645565,0.354435,BUF,1,BUF,1,0,REAL_NHL_API_OR_DERIVED_FROM_REAL
20232024,2023021190,2024-04-02,MTL,FLA,0.493237,0.506763,FLA,1,MTL,0,0,REAL_NHL_API_OR_DERIVED_FROM_REAL
20232024,2023021191,2024-04-02,NJD,PIT,0.551339,0.448661,NJD,0,PIT,0,0,REAL_NHL_API_OR_DERIVED_FROM_REAL
20232024,2023021192,2024-04-02,NYI,CHI,0.538307,0.461693,NYI,1,NYI,1,0,REAL_NHL_API_OR_DERIVED_FROM_REAL
20232024,2023021193,2024-04-02,MIN,OTT,0.457706,0.542294,OTT,1,MIN,0,0,REAL_NHL_API_OR_DERIVED_FROM_REAL
20232024,2023021194,2024-04-02,NSH,BOS,0.554305,0.445695,NSH,0,BOS,0,0,REAL_NHL_API_OR_DERIVED_FROM_REAL
20232024,2023021195,2024-04-02,CGY,ANA,0.555405,0.444595,CGY,0,ANA,0,0,REAL_NHL_API_OR_DERIVED_FROM_REAL
20232024,2023021196,2024-04-02,VGK,VAN,0.555551,0.444449,VGK,1,VGK,1,0,REAL_NHL_API_OR_DERIVED_FROM_REAL
20232024,2023021197,2024-04-03,TOR,TBL,0.522714,0.477286,TOR,0,TBL,0,0,REAL_NHL_API_OR_DERIVED_FROM_REAL
20232024,2023021198,2024-04-03,NYR,NJD,0.577031,0.422969,NYR,1,NYR,1,0,REAL_NHL_API_OR_DERIVED_FROM_REAL
20232024,2023021199,2024-04-03,DAL,EDM,0.540221,0.459779,DAL,1,DAL,1,0,REAL_NHL_API_OR_DERIVED_FROM_REAL
20232024,2023021200,2024-04-03,UTA,VAN,0.552727,0.447273,UTA,0,VAN,0,0,REAL_NHL_API_OR_DERIVED_FROM_REAL
20232024,2023021201,2024-04-03,LAK,SEA,0.561474,0.438526,LAK,1,LAK,1,0,REAL_NHL_API_OR_DERIVED_FROM_REAL
20232024,2023021202,2024-04-04,CAR,BOS,0.600142,0.399858,CAR,0,BOS,0,0,REAL_NHL_API_OR_DERIVED_FROM_REAL
20232024,2023021203,2024-04-04,CBJ,NYI,0.333468,0.666532,NYI,0,NYI,1,0,REAL_NHL_API_OR_DERIVED_FROM_REAL
20232024,2023021204,2024-04-04,MTL,TBL,0.526968,0.473032,MTL,0,TBL,0,0,REAL_NHL_API_OR_DERIVED_FROM_REAL
20232024,2023021205,2024-04-04,OTT,FLA,0.38416,0.61584,FLA,0,FLA,1,0,REAL_NHL_API_OR_DERIVED_FROM_REAL
20232024,2023021206,2024-04-04,WSH,PIT,0.500005,0.499995,WSH,0,PIT,0,0,REAL_NHL_API_OR_DERIVED_FROM_REAL
20232024,2023021207,2024-04-04,MIN,COL,0.469523,0.530477,COL,0,COL,1,0,REAL_NHL_API_OR_DERIVED_FROM_REAL
20232024,2023021208,2024-04-04,NSH,STL,0.506655,0.493345,NSH,1,NSH,1,0,REAL_NHL_API_OR_DERIVED_FROM_REAL
20232024,2023021209,2024-04-04,WPG,CGY,0.538948,0.461052,WPG,1,WPG,1,0,REAL_NHL_API_OR_DERIVED_FROM_REAL
20232024,2023021210,2024-04-04,SJS,LAK,0.496883,0.503117,LAK,0,LAK,1,0,REAL_NHL_API_OR_DERIVED_FROM_REAL
20232024,2023021211,2024-04-05,BUF,PHI,0.564103,0.435897,BUF,1,BUF,1,0,REAL_NHL_API_OR_DERIVED_FROM_REAL
20232024,2023021212,2024-04-05,CAR,WSH,0.540758,0.459242,CAR,1,CAR,1,0,REAL_NHL_API_OR_DERIVED_FROM_REAL
20232024,2023021213,2024-04-05,DET,NYR,0.469551,0.530449,NYR,0,NYR,1,0,REAL_NHL_API_OR_DERIVED_FROM_REAL
20232024,2023021214,2024-04-05,EDM,COL,0.527091,0.472909,EDM,1,EDM,1,0,REAL_NHL_API_OR_DERIVED_FROM_REAL
20232024,2023021215,2024-04-05,ANA,SEA,0.507866,0.492134,ANA,0,SEA,0,0,REAL_NHL_API_OR_DERIVED_FROM_REAL
20232024,2023021216,2024-04-05,UTA,VGK,0.515975,0.484025,UTA,1,UTA,1,0,REAL_NHL_API_OR_DERIVED_FROM_REAL
20232024,2023021217,2024-04-06,PIT,TBL,0.547459,0.452541,PIT,1,PIT,1,0,REAL_NHL_API_OR_DERIVED_FROM_REAL
20232024,2023021218,2024-04-06,BOS,FLA,0.530053,0.469947,BOS,1,BOS,1,0,REAL_NHL_API_OR_DERIVED_FROM_REAL
20232024,2023021219,2024-04-06,MIN,WPG,0.466665,0.533335,WPG,0,WPG,1,0,REAL_NHL_API_OR_DERIVED_FROM_REAL
20232024,2023021220,2024-04-06,CHI,DAL,0.432115,0.567885,DAL,1,CHI,0,0,REAL_NHL_API_OR_DERIVED_FROM_REAL
20232024,2023021221,2024-04-06,SJS,STL,0.519307,0.480693,SJS,1,SJS,1,0,REAL_NHL_API_OR_DERIVED_FROM_REAL
20232024,2023021222,2024-04-06,CBJ,PHI,0.588552,0.411448,CBJ,1,CBJ,1,0,REAL_NHL_API_OR_DERIVED_FROM_REAL
20232024,2023021223,2024-04-06,MTL,TOR,0.352035,0.647965,TOR,0,TOR,1,0,REAL_NHL_API_OR_DERIVED_FROM_REAL
20232024,2023021224,2024-04-06,OTT,NJD,0.362488,0.637512,NJD,0,NJD,1,0,REAL_NHL_API_OR_DERIVED_FROM_REAL
20232024,2023021225,2024-04-06,NYI,NSH,0.471216,0.528784,NSH,1,NYI,0,0,REAL_NHL_API_OR_DERIVED_FROM_REAL
20232024,2023021226,2024-04-06,CGY,EDM,0.437914,0.562086,EDM,0,EDM,1,0,REAL_NHL_API_OR_DERIVED_FROM_REAL
20232024,2023021227,2024-04-06,LAK,VAN,0.543057,0.456943,LAK,1,LAK,1,0,REAL_NHL_API_OR_DERIVED_FROM_REAL
20232024,2023021228,2024-04-07,DET,BUF,0.520166,0.479834,DET,1,DET,1,0,REAL_NHL_API_OR_DERIVED_FROM_REAL
20232024,2023021229,2024-04-07,CHI,MIN,0.546202,0.453798,CHI,0,MIN,0,0,REAL_NHL_API_OR_DERIVED_FROM_REAL
20232024,2023021230,2024-04-07,CAR,CBJ,0.556003,0.443997,CAR,1,CAR,1,0,REAL_NHL_API_OR_DERIVED_FROM_REAL
20232024,2023021231,2024-04-07,SJS,UTA,0.465952,0.534048,UTA,0,UTA,1,0,REAL_NHL_API_OR_DERIVED_FROM_REAL
20232024,2023021232,2024-04-07,WSH,OTT,0.555102,0.444898,WSH,0,OTT,0,0,REAL_NHL_API_OR_DERIVED_FROM_REAL
20232024,2023021233,2024-04-07,NJD,NSH,0.323392,0.676608,NSH,0,NSH,1,0,REAL_NHL_API_OR_DERIVED_FROM_REAL
20232024,2023021234,2024-04-07,NYR,MTL,0.56832,0.43168,NYR,1,NYR,1,0,REAL_NHL_API_OR_DERIVED_FROM_REAL
20232024,2023021235,2024-04-07,ANA,STL,0.503274,0.496726,ANA,0,STL,0,0,REAL_NHL_API_OR_DERIVED_FROM_REAL
20232024,2023021236,2024-04-07,COL,DAL,0.48024,0.51976,DAL,0,DAL,1,0,REAL_NHL_API_OR_DERIVED_FROM_REAL
20232024,2023021237,2024-04-08,TOR,PIT,0.486673,0.513327,PIT,1,TOR,0,0,REAL_NHL_API_OR_DERIVED_FROM_REAL
20232024,2023021238,2024-04-08,VAN,VGK,0.462291,0.537709,VGK,1,VAN,0,0,REAL_NHL_API_OR_DERIVED_FROM_REAL
20232024,2023021239,2024-04-09,BOS,CAR,0.506189,0.493811,BOS,0,CAR,0,0,REAL_NHL_API_OR_DERIVED_FROM_REAL
20232024,2023021240,2024-04-09,DET,WSH,0.556262,0.443738,DET,0,WSH,0,0,REAL_NHL_API_OR_DERIVED_FROM_REAL
20232024,2023021241,2024-04-09,FLA,OTT,0.601027,0.398973,FLA,1,FLA,1,0,REAL_NHL_API_OR_DERIVED_FROM_REAL
20232024,2023021242,2024-04-09,MTL,PHI,0.736123,0.263877,MTL,1,MTL,1,0,REAL_NHL_API_OR_DERIVED_FROM_REAL
20232024,2023021243,2024-04-09,NJD,TOR,0.479988,0.520012,TOR,0,TOR,1,0,REAL_NHL_API_OR_DERIVED_FROM_REAL
20232024,2023021244,2024-04-09,NYI,NYR,0.477916,0.522084,NYR,1,NYI,0,0,REAL_NHL_API_OR_DERIVED_FROM_REAL
20232024,2023021245,2024-04-09,TBL,CBJ,0.612358,0.387642,TBL,1,TBL,1,0,REAL_NHL_API_OR_DERIVED_FROM_REAL
20232024,2023021246,2024-04-09,DAL,BUF,0.613036,0.386964,DAL,1,DAL,1,0,REAL_NHL_API_OR_DERIVED_FROM_REAL
20232024,2023021247,2024-04-09,NSH,WPG,0.471399,0.528601,WPG,0,WPG,1,0,REAL_NHL_API_OR_DERIVED_FROM_REAL
20232024,2023021248,2024-04-09,COL,MIN,0.54003,0.45997,COL,1,COL,1,0,REAL_NHL_API_OR_DERIVED_FROM_REAL
20232024,2023021249,2024-04-09,ANA,LAK,0.433895,0.566105,LAK,1,ANA,0,0,REAL_NHL_API_OR_DERIVED_FROM_REAL
20232024,2023021250,2024-04-09,SEA,UTA,0.383828,0.616172,UTA,1,SEA,0,0,REAL_NHL_API_OR_DERIVED_FROM_REAL
20232024,2023021251,2024-04-09,SJS,CGY,0.526748,0.473252,SJS,0,CGY,0,0,REAL_NHL_API_OR_DERIVED_FROM_REAL
20232024,2023021252,2024-04-10,STL,CHI,0.703084,0.296916,STL,1,STL,1,0,REAL_NHL_API_OR_DERIVED_FROM_REAL
20232024,2023021253,2024-04-10,EDM,VGK,0.541182,0.458818,EDM,1,EDM,1,0,REAL_NHL_API_OR_DERIVED_FROM_REAL
20232024,2023021254,2024-04-10,VAN,UTA,0.554331,0.445669,VAN,0,UTA,0,0,REAL_NHL_API_OR_DERIVED_FROM_REAL
20232024,2023021255,2024-04-11,BUF,WSH,0.550017,0.449983,BUF,1,BUF,1,0,REAL_NHL_API_OR_DERIVED_FROM_REAL
20232024,2023021256,2024-04-11,FLA,CBJ,0.519364,0.480636,FLA,1,FLA,1,0,REAL_NHL_API_OR_DERIVED_FROM_REAL
20232024,2023021257,2024-04-11,NYR,PHI,0.662854,0.337146,NYR,0,PHI,0,0,REAL_NHL_API_OR_DERIVED_FROM_REAL
20232024,2023021258,2024-04-11,PIT,DET,0.599297,0.400703,PIT,1,PIT,1,0,REAL_NHL_API_OR_DERIVED_FROM_REAL
20232024,2023021259,2024-04-11,TBL,OTT,0.654716,0.345284,TBL,0,OTT,0,0,REAL_NHL_API_OR_DERIVED_FROM_REAL
20232024,2023021260,2024-04-11,TOR,NJD,0.609872,0.390128,TOR,0,NJD,0,0,REAL_NHL_API_OR_DERIVED_FROM_REAL
20232024,2023021261,2024-04-11,NYI,MTL,0.536628,0.463372,NYI,1,NYI,1,0,REAL_NHL_API_OR_DERIVED_FROM_REAL
20232024,2023021262,2024-04-11,DAL,WPG,0.526903,0.473097,DAL,0,WPG,0,0,REAL_NHL_API_OR_DERIVED_FROM_REAL
20232024,2023021263,2024-04-11,SEA,SJS,0.571442,0.428558,SEA,0,SJS,0,0,REAL_NHL_API_OR_DERIVED_FROM_REAL
20232024,2023021264,2024-04-11,LAK,CGY,0.570572,0.429428,LAK,1,LAK,1,0,REAL_NHL_API_OR_DERIVED_FROM_REAL
20232024,2023021265,2024-04-12,STL,CAR,0.472147,0.527853,CAR,0,CAR,1,0,REAL_NHL_API_OR_DERIVED_FROM_REAL
20232024,2023021266,2024-04-12,CHI,NSH,0.508458,0.491542,CHI,0,NSH,0,0,REAL_NHL_API_OR_DERIVED_FROM_REAL
20232024,2023021267,2024-04-12,EDM,UTA,0.568026,0.431974,EDM,0,UTA,0,0,REAL_NHL_API_OR_DERIVED_FROM_REAL
20232024,2023021268,2024-04-12,ANA,CGY,0.57497,0.42503,ANA,0,CGY,0,0,REAL_NHL_API_OR_DERIVED_FROM_REAL
20232024,2023021269,2024-04-12,VGK,MIN,0.572674,0.427326,VGK,1,VGK,1,0,REAL_NHL_API_OR_DERIVED_FROM_REAL
20232024,2023021270,2024-04-13,NYR,NYI,0.532075,0.467925,NYR,1,NYR,1,0,REAL_NHL_API_OR_DERIVED_FROM_REAL
20232024,2023021271,2024-04-13,DAL,SEA,0.583751,0.416249,DAL,1,DAL,1,0,REAL_NHL_API_OR_DERIVED_FROM_REAL
20232024,2023021272,2024-04-13,COL,WPG,0.331326,0.668674,WPG,0,WPG,1,0,REAL_NHL_API_OR_DERIVED_FROM_REAL
20232024,2023021273,2024-04-13,FLA,BUF,0.555241,0.444759,FLA,1,FLA,1,0,REAL_NHL_API_OR_DERIVED_FROM_REAL
20232024,2023021274,2024-04-13,PHI,NJD,0.42807,0.57193,NJD,1,PHI,0,0,REAL_NHL_API_OR_DERIVED_FROM_REAL
20232024,2023021275,2024-04-13,WSH,TBL,0.384878,0.615122,TBL,1,WSH,0,0,REAL_NHL_API_OR_DERIVED_FROM_REAL
20232024,2023021276,2024-04-13,OTT,MTL,0.439274,0.560726,MTL,1,OTT,0,0,REAL_NHL_API_OR_DERIVED_FROM_REAL
20232024,2023021277,2024-04-13,TOR,DET,0.552763,0.447237,TOR,0,DET,0,0,REAL_NHL_API_OR_DERIVED_FROM_REAL
20232024,2023021278,2024-04-13,NSH,CBJ,0.372003,0.627997,CBJ,1,NSH,0,0,REAL_NHL_API_OR_DERIVED_FROM_REAL
20232024,2023021279,2024-04-13,PIT,BOS,0.390402,0.609598,BOS,0,BOS,1,0,REAL_NHL_API_OR_DERIVED_FROM_REAL
20232024,2023021280,2024-04-13,EDM,VAN,0.584217,0.415783,EDM,0,VAN,0,0,REAL_NHL_API_OR_DERIVED_FROM_REAL
20232024,2023021281,2024-04-13,LAK,ANA,0.593465,0.406535,LAK,1,LAK,1,0,REAL_NHL_API_OR_DERIVED_FROM_REAL
20232024,2023021282,2024-04-13,SJS,MIN,0.5572,0.4428,SJS,0,MIN,0,0,REAL_NHL_API_OR_DERIVED_FROM_REAL
20232024,2023021283,2024-04-14,STL,SEA,0.584187,0.415813,STL,1,STL,1,0,REAL_NHL_API_OR_DERIVED_FROM_REAL
20232024,2023021284,2024-04-14,VGK,COL,0.573127,0.426873,VGK,1,VGK,1,0,REAL_NHL_API_OR_DERIVED_FROM_REAL
20232024,2023021285,2024-04-14,CHI,CAR,0.434388,0.565612,CAR,0,CAR,1,0,REAL_NHL_API_OR_DERIVED_FROM_REAL
20232024,2023021286,2024-04-14,CGY,UTA,0.673907,0.326093,CGY,1,CGY,1,0,REAL_NHL_API_OR_DERIVED_FROM_REAL
20232024,2023021287,2024-04-15,DET,MTL,0.478102,0.521898,MTL,1,DET,0,0,REAL_NHL_API_OR_DERIVED_FROM_REAL
20232024,2023021288,2024-04-15,NJD,NYI,0.480452,0.519548,NYI,0,NYI,1,0,REAL_NHL_API_OR_DERIVED_FROM_REAL
20232024,2023021289,2024-04-15,PIT,NSH,0.567578,0.432422,PIT,1,PIT,1,0,REAL_NHL_API_OR_DERIVED_FROM_REAL
20232024,2023021290,2024-04-15,TBL,BUF,0.593221,0.406779,TBL,0,BUF,0,0,REAL_NHL_API_OR_DERIVED_FROM_REAL
20232024,2023021291,2024-04-15,WSH,BOS,0.474157,0.525843,BOS,1,WSH,0,0,REAL_NHL_API_OR_DERIVED_FROM_REAL
20232024,2023021292,2024-04-15,NYR,OTT,0.551352,0.448648,NYR,1,NYR,1,0,REAL_NHL_API_OR_DERIVED_FROM_REAL
20232024,2023021293,2024-04-15,EDM,SJS,0.701645,0.298355,EDM,1,EDM,1,0,REAL_NHL_API_OR_DERIVED_FROM_REAL
20232024,2023021294,2024-04-15,LAK,MIN,0.564463,0.435537,LAK,0,MIN,0,0,REAL_NHL_API_OR_DERIVED_FROM_REAL
20232024,2023021295,2024-04-16,BOS,OTT,0.591671,0.408329,BOS,0,OTT,0,0,REAL_NHL_API_OR_DERIVED_FROM_REAL
20232024,2023021296,2024-04-16,CBJ,CAR,0.549389,0.450611,CBJ,1,CBJ,1,0,REAL_NHL_API_OR_DERIVED_FROM_REAL
20232024,2023021297,2024-04-16,FLA,TOR,0.566469,0.433531,FLA,1,FLA,1,0,REAL_NHL_API_OR_DERIVED_FROM_REAL
20232024,2023021298,2024-04-16,MTL,DET,0.566268,0.433732,MTL,0,DET,0,0,REAL_NHL_API_OR_DERIVED_FROM_REAL
20232024,2023021299,2024-04-16,PHI,WSH,0.453696,0.546304,WSH,0,WSH,1,0,REAL_NHL_API_OR_DERIVED_FROM_REAL
20232024,2023021300,2024-04-16,WPG,SEA,0.644213,0.355787,WPG,1,WPG,1,0,REAL_NHL_API_OR_DERIVED_FROM_REAL
20232024,2023021301,2024-04-16,VGK,CHI,0.672578,0.327422,VGK,1,VGK,1,0,REAL_NHL_API_OR_DERIVED_FROM_REAL
20232024,2023021302,2024-04-16,VAN,CGY,0.504983,0.495017,VAN,1,VAN,1,0,REAL_NHL_API_OR_DERIVED_FROM_REAL
20232024,2023021303,2024-04-17,NYI,PIT,0.55126,0.44874,NYI,1,NYI,1,0,REAL_NHL_API_OR_DERIVED_FROM_REAL
20232024,2023021304,2024-04-17,TBL,TOR,0.696674,0.303326,TBL,1,TBL,1,0,REAL_NHL_API_OR_DERIVED_FROM_REAL
20232024,2023021305,2024-04-17,DAL,STL,0.562099,0.437901,DAL,1,DAL,1,0,REAL_NHL_API_OR_DERIVED_FROM_REAL
20232024,2023021306,2024-04-17,UTA,EDM,0.527864,0.472136,UTA,1,UTA,1,0,REAL_NHL_API_OR_DERIVED_FROM_REAL
20232024,2023021307,2024-04-18,MIN,SEA,0.546042,0.453958,MIN,0,SEA,0,0,REAL_NHL_API_OR_DERIVED_FROM_REAL
20232024,2023021308,2024-04-18,WPG,VAN,0.603902,0.396098,WPG,1,WPG,1,0,REAL_NHL_API_OR_DERIVED_FROM_REAL
20232024,2023021309,2024-04-18,CGY,SJS,0.738534,0.261466,CGY,1,CGY,1,0,REAL_NHL_API_OR_DERIVED_FROM_REAL
20232024,2023021310,2024-04-18,COL,EDM,0.542853,0.457147,COL,1,COL,1,0,REAL_NHL_API_OR_DERIVED_FROM_REAL
20232024,2023021311,2024-04-18,VGK,ANA,0.500162,0.499838,VGK,0,ANA,0,0,REAL_NHL_API_OR_DERIVED_FROM_REAL
20232024,2023021312,2024-04-18,LAK,CHI,0.645294,0.354706,LAK,1,LAK,1,0,REAL_NHL_API_OR_DERIVED_FROM_REAL
20242025,2024020001,2024-10-04,BUF,NJD,0.471736,0.528264,NJD,0,NJD,1,0,REAL_NHL_API_OR_DERIVED_FROM_REAL
20242025,2024020002,2024-10-05,NJD,BUF,0.560396,0.439604,NJD,1,NJD,1,0,REAL_NHL_API_OR_DERIVED_FROM_REAL
20242025,2024020003,2024-10-08,SEA,STL,0.460739,0.539261,STL,0,STL,1,0,REAL_NHL_API_OR_DERIVED_FROM_REAL
20242025,2024020004,2024-10-08,FLA,BOS,0.551399,0.448601,FLA,1,FLA,1,0,REAL_NHL_API_OR_DERIVED_FROM_REAL
20242025,2024020005,2024-10-08,UTA,CHI,0.587014,0.412986,UTA,1,UTA,1,0,REAL_NHL_API_OR_DERIVED_FROM_REAL
20242025,2024020006,2024-10-09,MTL,TOR,0.590805,0.409195,MTL,1,MTL,1,0,REAL_NHL_API_OR_DERIVED_FROM_REAL
20242025,2024020007,2024-10-09,PIT,NYR,0.507975,0.492025,PIT,0,NYR,0,0,REAL_NHL_API_OR_DERIVED_FROM_REAL
20242025,2024020008,2024-10-09,EDM,WPG,0.318615,0.681385,WPG,0,WPG,1,0,REAL_NHL_API_OR_DERIVED_FROM_REAL
20242025,2024020009,2024-10-09,VAN,CGY,0.473576,0.526424,CGY,0,CGY,1,0,REAL_NHL_API_OR_DERIVED_FROM_REAL
20242025,2024020010,2024-10-09,VGK,COL,0.461077,0.538923,COL,1,VGK,0,0,REAL_NHL_API_OR_DERIVED_FROM_REAL
20242025,2024020011,2024-10-10,BOS,MTL,0.462046,0.537954,MTL,1,BOS,0,0,REAL_NHL_API_OR_DERIVED_FROM_REAL
20242025,2024020012,2024-10-10,BUF,LAK,0.523033,0.476967,BUF,0,LAK,0,0,REAL_NHL_API_OR_DERIVED_FROM_REAL
20242025,2024020013,2024-10-10,OTT,FLA,0.484297,0.515703,FLA,1,OTT,0,0,REAL_NHL_API_OR_DERIVED_FROM_REAL
20242025,2024020014,2024-10-10,DET,PIT,0.472587,0.527413,PIT,0,PIT,1,0,REAL_NHL_API_OR_DERIVED_FROM_REAL
20242025,2024020015,2024-10-10,NJD,TOR,0.50542,0.49458,NJD,0,TOR,0,0,REAL_NHL_API_OR_DERIVED_FROM_REAL
20242025,2024020016,2024-10-10,NYI,UTA,0.58558,0.41442,NYI,0,UTA,0,0,REAL_NHL_API_OR_DERIVED_FROM_REAL
20242025,2024020017,2024-10-10,NSH,DAL,0.460125,0.539875,DAL,0,DAL,1,0,REAL_NHL_API_OR_DERIVED_FROM_REAL
20242025,2024020018,2024-10-10,MIN,CBJ,0.594193,0.405807,MIN,1,MIN,1,0,REAL_NHL_API_OR_DERIVED_FROM_REAL
20242025,2024020019,2024-10-10,SJS,STL,0.514098,0.485902,SJS,0,STL,0,0,REAL_NHL_API_OR_DERIVED_FROM_REAL
20242025,2024020020,2024-10-11,CAR,TBL,0.445833,0.554167,TBL,0,TBL,1,0,REAL_NHL_API_OR_DERIVED_FROM_REAL
20242025,2024020021,2024-10-11,WPG,CHI,0.654844,0.345156,WPG,1,WPG,1,0,REAL_NHL_API_OR_DERIVED_FROM_REAL
20242025,2024020022,2024-10-11,VAN,PHI,0.545957,0.454043,VAN,0,PHI,0,0,REAL_NHL_API_OR_DERIVED_FROM_REAL
20242025,2024020023,2024-10-11,VGK,STL,0.52127,0.47873,VGK,1,VGK,1,0,REAL_NHL_API_OR_DERIVED_FROM_REAL
20242025,2024020024,2024-10-12,BOS,LAK,0.56619,0.43381,BOS,1,BOS,1,0,REAL_NHL_API_OR_DERIVED_FROM_REAL
20242025,2024020025,2024-10-12,BUF,FLA,0.416839,0.583161,FLA,1,BUF,0,0,REAL_NHL_API_OR_DERIVED_FROM_REAL
20242025,2024020026,2024-10-12,TOR,PIT,0.500539,0.499461,TOR,1,TOR,1,0,REAL_NHL_API_OR_DERIVED_FROM_REAL
20242025,2024020027,2024-10-12,MTL,OTT,0.523184,0.476816,MTL,1,MTL,1,0,REAL_NHL_API_OR_DERIVED_FROM_REAL
20242025,2024020028,2024-10-12,DET,NSH,0.5465,0.4535,DET,1,DET,1,0,REAL_NHL_API_OR_DERIVED_FROM_REAL
20242025,2024020030,2024-10-12,NYR,UTA,0.557235,0.442765,NYR,0,UTA,0,0,REAL_NHL_API_OR_DERIVED_FROM_REAL
20242025,2024020031,2024-10-12,WSH,NJD,0.537606,0.462394,WSH,0,NJD,0,0,REAL_NHL_API_OR_DERIVED_FROM_REAL
20242025,2024020032,2024-10-12,DAL,NYI,0.514224,0.485776,DAL,1,DAL,1,0,REAL_NHL_API_OR_DERIVED_FROM_REAL
20242025,2024020033,2024-10-12,MIN,SEA,0.553659,0.446341,MIN,0,SEA,0,0,REAL_NHL_API_OR_DERIVED_FROM_REAL
20242025,2024020034,2024-10-12,COL,CBJ,0.313825,0.686175,CBJ,0,CBJ,1,0,REAL_NHL_API_OR_DERIVED_FROM_REAL
20242025,2024020035,2024-10-12,CGY,PHI,0.611555,0.388445,CGY,1,CGY,1,0,REAL_NHL_API_OR_DERIVED_FROM_REAL
20242025,2024020036,2024-10-12,EDM,CHI,0.626622,0.373378,EDM,0,CHI,0,0,REAL_NHL_API_OR_DERIVED_FROM_REAL
20242025,2024020037,2024-10-12,SJS,ANA,0.471403,0.528597,ANA,0,ANA,1,0,REAL_NHL_API_OR_DERIVED_FROM_REAL
20242025,2024020038,2024-10-13,WPG,MIN,0.56363,0.43637,WPG,1,WPG,1,0,REAL_NHL_API_OR_DERIVED_FROM_REAL
20242025,2024020039,2024-10-13,DAL,SEA,0.555806,0.444194,DAL,1,DAL,1,0,REAL_NHL_API_OR_DERIVED_FROM_REAL
20242025,2024020040,2024-10-13,EDM,CGY,0.507766,0.492234,EDM,0,CGY,0,0,REAL_NHL_API_OR_DERIVED_FROM_REAL
20242025,2024020041,2024-10-13,VGK,ANA,0.580224,0.419776,VGK,1,VGK,1,0,REAL_NHL_API_OR_DERIVED_FROM_REAL
20242025,2024020042,2024-10-14,BOS,FLA,0.549962,0.450038,BOS,0,FLA,0,0,REAL_NHL_API_OR_DERIVED_FROM_REAL
20242025,2024020043,2024-10-14,OTT,LAK,0.361405,0.638595,LAK,1,OTT,0,0,REAL_NHL_API_OR_DERIVED_FROM_REAL
20242025,2024020044,2024-10-14,NJD,UTA,0.487372,0.512628,UTA,1,NJD,0,0,REAL_NHL_API_OR_DERIVED_FROM_REAL
20242025,2024020045,2024-10-14,NYR,DET,0.54911,0.45089,NYR,1,NYR,1,0,REAL_NHL_API_OR_DERIVED_FROM_REAL
20242025,2024020046,2024-10-14,MTL,PIT,0.555011,0.444989,MTL,0,PIT,0,0,REAL_NHL_API_OR_DERIVED_FROM_REAL
20242025,2024020047,2024-10-14,COL,NYI,0.472561,0.527439,NYI,0,NYI,1,0,REAL_NHL_API_OR_DERIVED_FROM_REAL
20242025,2024020048,2024-10-15,TBL,VAN,0.609616,0.390384,TBL,1,TBL,1,0,REAL_NHL_API_OR_DERIVED_FROM_REAL
20242025,2024020049,2024-10-15,WSH,VGK,0.469132,0.530868,VGK,1,WSH,0,0,REAL_NHL_API_OR_DERIVED_FROM_REAL
20242025,2024020050,2024-10-15,CAR,NJD,0.544935,0.455065,CAR,1,CAR,1,0,REAL_NHL_API_OR_DERIVED_FROM_REAL
20242025,2024020051,2024-10-15,CBJ,FLA,0.53296,0.46704,CBJ,0,FLA,0,0,REAL_NHL_API_OR_DERIVED_FROM_REAL
20242025,2024020052,2024-10-15,STL,MIN,0.564875,0.435125,STL,0,MIN,0,0,REAL_NHL_API_OR_DERIVED_FROM_REAL
20242025,2024020053,2024-10-15,NSH,SEA,0.529882,0.470118,NSH,0,SEA,0,0,REAL_NHL_API_OR_DERIVED_FROM_REAL
20242025,2024020054,2024-10-15,DAL,SJS,0.606986,0.393014,DAL,1,DAL,1,0,REAL_NHL_API_OR_DERIVED_FROM_REAL
20242025,2024020055,2024-10-15,CGY,CHI,0.611783,0.388217,CGY,1,CGY,1,0,REAL_NHL_API_OR_DERIVED_FROM_REAL
20242025,2024020056,2024-10-15,EDM,PHI,0.507282,0.492718,EDM,1,EDM,1,0,REAL_NHL_API_OR_DERIVED_FROM_REAL
20242025,2024020057,2024-10-16,PIT,BUF,0.387628,0.612372,BUF,1,PIT,0,0,REAL_NHL_API_OR_DERIVED_FROM_REAL
20242025,2024020058,2024-10-16,TOR,LAK,0.721528,0.278472,TOR,1,TOR,1,0,REAL_NHL_API_OR_DERIVED_FROM_REAL
20242025,2024020059,2024-10-16,COL,BOS,0.503055,0.496945,COL,0,BOS,0,0,REAL_NHL_API_OR_DERIVED_FROM_REAL
20242025,2024020060,2024-10-16,ANA,UTA,0.494126,0.505874,UTA,1,ANA,0,0,REAL_NHL_API_OR_DERIVED_FROM_REAL
20242025,2024020061,2024-10-17,MTL,LAK,0.532792,0.467208,MTL,0,LAK,0,0,REAL_NHL_API_OR_DERIVED_FROM_REAL
20242025,2024020062,2024-10-17,OTT,NJD,0.502484,0.497516,OTT,0,NJD,0,0,REAL_NHL_API_OR_DERIVED_FROM_REAL
20242025,2024020063,2024-10-17,DET,NYR,0.316797,0.683203,NYR,0,NYR,1,0,REAL_NHL_API_OR_DERIVED_FROM_REAL
20242025,2024020064,2024-10-17,TBL,VGK,0.545554,0.454446,TBL,1,TBL,1,0,REAL_NHL_API_OR_DERIVED_FROM_REAL
20242025,2024020065,2024-10-17,FLA,VAN,0.574223,0.425777,FLA,0,VAN,0,0,REAL_NHL_API_OR_DERIVED_FROM_REAL
20242025,2024020066,2024-10-17,WSH,DAL,0.518271,0.481729,WSH,1,WSH,1,0,REAL_NHL_API_OR_DERIVED_FROM_REAL
20242025,2024020067,2024-10-17,CBJ,BUF,0.548337,0.451663,CBJ,1,CBJ,1,0,REAL_NHL_API_OR_DERIVED_FROM_REAL
20242025,2024020068,2024-10-17,STL,NYI,0.525047,0.474953,STL,1,STL,1,0,REAL_NHL_API_OR_DERIVED_FROM_REAL
20242025,2024020069,2024-10-17,NSH,EDM,0.562482,0.437518,NSH,0,EDM,0,0,REAL_NHL_API_OR_DERIVED_FROM_REAL
20242025,2024020070,2024-10-17,CHI,SJS,0.558432,0.441568,CHI,1,CHI,1,0,REAL_NHL_API_OR_DERIVED_FROM_REAL
20242025,2024020071,2024-10-17,SEA,PHI,0.764294,0.235706,SEA,1,SEA,1,0,REAL_NHL_API_OR_DERIVED_FROM_REAL
20242025,2024020072,2024-10-18,PIT,CAR,0.502555,0.497445,PIT,0,CAR,0,0,REAL_NHL_API_OR_DERIVED_FROM_REAL
20242025,2024020073,2024-10-18,WPG,SJS,0.770219,0.229781,WPG,1,WPG,1,0,REAL_NHL_API_OR_DERIVED_FROM_REAL
20242025,2024020074,2024-10-18,COL,ANA,0.500885,0.499115,COL,1,COL,1,0,REAL_NHL_API_OR_DERIVED_FROM_REAL
20242025,2024020075,2024-10-19,OTT,TBL,0.428257,0.571743,TBL,1,OTT,0,0,REAL_NHL_API_OR_DERIVED_FROM_REAL
20242025,2024020076,2024-10-19,NSH,DET,0.562312,0.437688,NSH,0,DET,0,0,REAL_NHL_API_OR_DERIVED_FROM_REAL
20242025,2024020077,2024-10-19,DAL,EDM,0.581923,0.418077,DAL,1,DAL,1,0,REAL_NHL_API_OR_DERIVED_FROM_REAL
20242025,2024020078,2024-10-19,FLA,VGK,0.703759,0.296241,FLA,1,FLA,1,0,REAL_NHL_API_OR_DERIVED_FROM_REAL
20242025,2024020079,2024-10-19,TOR,NYR,0.533865,0.466135,TOR,0,NYR,0,0,REAL_NHL_API_OR_DERIVED_FROM_REAL
20242025,2024020080,2024-10-19,NJD,WSH,0.520817,0.479183,NJD,0,WSH,0,0,REAL_NHL_API_OR_DERIVED_FROM_REAL
20242025,2024020081,2024-10-19,NYI,MTL,0.540741,0.459259,NYI,1,NYI,1,0,REAL_NHL_API_OR_DERIVED_FROM_REAL
20242025,2024020082,2024-10-19,PHI,VAN,0.537374,0.462626,PHI,0,VAN,0,0,REAL_NHL_API_OR_DERIVED_FROM_REAL
20242025,2024020083,2024-10-19,CBJ,MIN,0.517924,0.482076,CBJ,0,MIN,0,0,REAL_NHL_API_OR_DERIVED_FROM_REAL
20242025,2024020084,2024-10-19,STL,CAR,0.499672,0.500328,CAR,1,STL,0,0,REAL_NHL_API_OR_DERIVED_FROM_REAL
20242025,2024020085,2024-10-19,CHI,BUF,0.515949,0.484051,CHI,0,BUF,0,0,REAL_NHL_API_OR_DERIVED_FROM_REAL
20242025,2024020086,2024-10-19,UTA,BOS,0.534789,0.465211,UTA,1,UTA,1,0,REAL_NHL_API_OR_DERIVED_FROM_REAL
20242025,2024020087,2024-10-19,SEA,CGY,0.475608,0.524392,CGY,1,SEA,0,0,REAL_NHL_API_OR_DERIVED_FROM_REAL
20242025,2024020088,2024-10-20,WPG,PIT,0.59548,0.40452,WPG,1,WPG,1,0,REAL_NHL_API_OR_DERIVED_FROM_REAL
20242025,2024020089,2024-10-20,SJS,COL,0.504713,0.495287,SJS,0,COL,0,0,REAL_NHL_API_OR_DERIVED_FROM_REAL
20242025,2024020090,2024-10-20,ANA,LAK,0.497733,0.502267,LAK,0,LAK,1,0,REAL_NHL_API_OR_DERIVED_FROM_REAL
20242025,2024020091,2024-10-21,TOR,TBL,0.685575,0.314425,TOR,1,TOR,1,0,REAL_NHL_API_OR_DERIVED_FROM_REAL
20242025,2024020092,2024-10-22,PHI,WSH,0.462296,0.537704,WSH,0,WSH,1,0,REAL_NHL_API_OR_DERIVED_FROM_REAL
20242025,2024020093,2024-10-22,FLA,MIN,0.367614,0.632386,MIN,0,MIN,1,0,REAL_NHL_API_OR_DERIVED_FROM_REAL
20242025,2024020094,2024-10-22,NJD,TBL,0.556648,0.443352,NJD,0,TBL,0,0,REAL_NHL_API_OR_DERIVED_FROM_REAL
20242025,2024020095,2024-10-22,BUF,DAL,0.477443,0.522557,DAL,1,BUF,0,0,REAL_NHL_API_OR_DERIVED_FROM_REAL
20242025,2024020096,2024-10-22,MTL,NYR,0.2919,0.7081,NYR,0,NYR,1,0,REAL_NHL_API_OR_DERIVED_FROM_REAL
20242025,2024020097,2024-10-22,CBJ,TOR,0.500918,0.499082,CBJ,1,CBJ,1,0,REAL_NHL_API_OR_DERIVED_FROM_REAL
20242025,2024020098,2024-10-22,NYI,DET,0.517943,0.482057,NYI,0,DET,0,0,REAL_NHL_API_OR_DERIVED_FROM_REAL
20242025,2024020099,2024-10-22,STL,WPG,0.440183,0.559817,WPG,0,WPG,1,0,REAL_NHL_API_OR_DERIVED_FROM_REAL
20242025,2024020100,2024-10-22,CHI,VAN,0.479782,0.520218,VAN,0,VAN,1,0,REAL_NHL_API_OR_DERIVED_FROM_REAL
20242025,2024020101,2024-10-22,NSH,BOS,0.530377,0.469623,NSH,1,NSH,1,0,REAL_NHL_API_OR_DERIVED_FROM_REAL
20242025,2024020102,2024-10-22,CGY,PIT,0.619307,0.380693,CGY,1,CGY,1,0,REAL_NHL_API_OR_DERIVED_FROM_REAL
20242025,2024020103,2024-10-22,EDM,CAR,0.471667,0.528333,CAR,0,CAR,1,0,REAL_NHL_API_OR_DERIVED_FROM_REAL
20242025,2024020104,2024-10-22,UTA,OTT,0.391075,0.608925,OTT,0,OTT,1,0,REAL_NHL_API_OR_DERIVED_FROM_REAL
20242025,2024020105,2024-10-22,ANA,SJS,0.612021,0.387979,ANA,1,ANA,1,0,REAL_NHL_API_OR_DERIVED_FROM_REAL
20242025,2024020106,2024-10-22,SEA,COL,0.558148,0.441852,SEA,0,COL,0,0,REAL_NHL_API_OR_DERIVED_FROM_REAL
20242025,2024020107,2024-10-22,VGK,LAK,0.522702,0.477298,VGK,1,VGK,1,0,REAL_NHL_API_OR_DERIVED_FROM_REAL
20242025,2024020108,2024-10-23,WSH,PHI,0.612445,0.387555,WSH,1,WSH,1,0,REAL_NHL_API_OR_DERIVED_FROM_REAL
20242025,2024020109,2024-10-24,BOS,DAL,0.515168,0.484832,BOS,0,DAL,0,0,REAL_NHL_API_OR_DERIVED_FROM_REAL
20242025,2024020110,2024-10-24,TOR,STL,0.566116,0.433884,TOR,0,STL,0,0,REAL_NHL_API_OR_DERIVED_FROM_REAL
20242025,2024020111,2024-10-24,DET,NJD,0.510606,0.489394,DET,1,DET,1,0,REAL_NHL_API_OR_DERIVED_FROM_REAL
20242025,2024020112,2024-10-24,TBL,MIN,0.588064,0.411936,TBL,0,MIN,0,0,REAL_NHL_API_OR_DERIVED_FROM_REAL
20242025,2024020113,2024-10-24,NYR,FLA,0.600822,0.399178,NYR,0,FLA,0,0,REAL_NHL_API_OR_DERIVED_FROM_REAL
20242025,2024020114,2024-10-24,CGY,CAR,0.566557,0.433443,CGY,0,CAR,0,0,REAL_NHL_API_OR_DERIVED_FROM_REAL
20242025,2024020115,2024-10-24,UTA,COL,0.556564,0.443436,UTA,0,COL,0,0,REAL_NHL_API_OR_DERIVED_FROM_REAL
20242025,2024020116,2024-10-24,SEA,WPG,0.464031,0.535969,WPG,0,WPG,1,0,REAL_NHL_API_OR_DERIVED_FROM_REAL
20242025,2024020117,2024-10-24,LAK,SJS,0.584817,0.415183,LAK,1,LAK,1,0,REAL_NHL_API_OR_DERIVED_FROM_REAL
20242025,2024020118,2024-10-25,VGK,OTT,0.579926,0.420074,VGK,1,VGK,1,0,REAL_NHL_API_OR_DERIVED_FROM_REAL
20242025,2024020119,2024-10-25,NJD,NYI,0.539477,0.460523,NJD,0,NYI,0,0,REAL_NHL_API_OR_DERIVED_FROM_REAL
20242025,2024020120,2024-10-25,CHI,NSH,0.492206,0.507794,NSH,0,NSH,1,0,REAL_NHL_API_OR_DERIVED_FROM_REAL
20242025,2024020121,2024-10-25,EDM,PIT,0.552241,0.447759,EDM,1,EDM,1,0,REAL_NHL_API_OR_DERIVED_FROM_REAL
20242025,2024020122,2024-10-26,BUF,DET,0.529568,0.470432,BUF,1,BUF,1,0,REAL_NHL_API_OR_DERIVED_FROM_REAL
20242025,2024020123,2024-10-26,PHI,MIN,0.440143,0.559857,MIN,1,PHI,0,0,REAL_NHL_API_OR_DERIVED_FROM_REAL
20242025,2024020124,2024-10-26,LAK,UTA,0.582605,0.417395,LAK,1,LAK,1,0,REAL_NHL_API_OR_DERIVED_FROM_REAL
20242025,2024020125,2024-10-26,BOS,TOR,0.516445,0.483555,BOS,1,BOS,1,0,REAL_NHL_API_OR_DERIVED_FROM_REAL
20242025,2024020126,2024-10-26,MTL,STL,0.504756,0.495244,MTL,1,MTL,1,0,REAL_NHL_API_OR_DERIVED_FROM_REAL
20242025,2024020127,2024-10-26,TBL,WSH,0.547746,0.452254,TBL,1,TBL,1,0,REAL_NHL_API_OR_DERIVED_FROM_REAL
20242025,2024020128,2024-10-26,NYR,ANA,0.595895,0.404105,NYR,1,NYR,1,0,REAL_NHL_API_OR_DERIVED_FROM_REAL
20242025,2024020129,2024-10-26,CGY,WPG,0.508437,0.491563,CGY,0,WPG,0,0,REAL_NHL_API_OR_DERIVED_FROM_REAL
20242025,2024020130,2024-10-26,NYI,FLA,0.522145,0.477855,NYI,0,FLA,0,0,REAL_NHL_API_OR_DERIVED_FROM_REAL
20242025,2024020131,2024-10-26,NSH,CBJ,0.507503,0.492497,NSH,1,NSH,1,0,REAL_NHL_API_OR_DERIVED_FROM_REAL
20242025,2024020132,2024-10-26,DAL,CHI,0.616785,0.383215,DAL,1,DAL,1,0,REAL_NHL_API_OR_DERIVED_FROM_REAL
20242025,2024020133,2024-10-26,VAN,PIT,0.571604,0.428396,VAN,1,VAN,1,0,REAL_NHL_API_OR_DERIVED_FROM_REAL
20242025,2024020134,2024-10-26,VGK,SJS,0.622724,0.377276,VGK,1,VGK,1,0,REAL_NHL_API_OR_DERIVED_FROM_REAL
20242025,2024020135,2024-10-26,SEA,CAR,0.534998,0.465002,SEA,0,CAR,0,0,REAL_NHL_API_OR_DERIVED_FROM_REAL
20242025,2024020136,2024-10-27,DET,EDM,0.52542,0.47458,DET,0,EDM,0,0,REAL_NHL_API_OR_DERIVED_FROM_REAL
20242025,2024020137,2024-10-27,NJD,ANA,0.558795,0.441205,NJD,1,NJD,1,0,REAL_NHL_API_OR_DERIVED_FROM_REAL
20242025,2024020138,2024-10-27,PHI,MTL,0.556218,0.443782,PHI,0,MTL,0,0,REAL_NHL_API_OR_DERIVED_FROM_REAL
20242025,2024020139,2024-10-27,COL,OTT,0.747047,0.252953,COL,1,COL,1,0,REAL_NHL_API_OR_DERIVED_FROM_REAL
20242025,2024020140,2024-10-28,BUF,FLA,0.470324,0.529676,FLA,0,FLA,1,0,REAL_NHL_API_OR_DERIVED_FROM_REAL
20242025,2024020141,2024-10-28,TBL,NSH,0.580766,0.419234,TBL,1,TBL,1,0,REAL_NHL_API_OR_DERIVED_FROM_REAL
20242025,2024020142,2024-10-28,CBJ,EDM,0.565643,0.434357,CBJ,1,CBJ,1,0,REAL_NHL_API_OR_DERIVED_FROM_REAL
20242025,2024020143,2024-10-28,WPG,TOR,0.589026,0.410974,WPG,0,TOR,0,0,REAL_NHL_API_OR_DERIVED_FROM_REAL
20242025,2024020144,2024-10-28,COL,CHI,0.626633,0.373367,COL,0,CHI,0,0,REAL_NHL_API_OR_DERIVED_FROM_REAL
20242025,2024020145,2024-10-28,UTA,SJS,0.536943,0.463057,UTA,0,SJS,0,0,REAL_NHL_API_OR_DERIVED_FROM_REAL
20242025,2024020146,2024-10-28,VAN,CAR,0.545834,0.454166,VAN,0,CAR,0,0,REAL_NHL_API_OR_DERIVED_FROM_REAL
20242025,2024020147,2024-10-28,VGK,CGY,0.582314,0.417686,VGK,1,VGK,1,0,REAL_NHL_API_OR_DERIVED_FROM_REAL
20242025,2024020148,2024-10-29,BOS,PHI,0.561239,0.438761,BOS,0,PHI,0,0,REAL_NHL_API_OR_DERIVED_FROM_REAL
20242025,2024020149,2024-10-29,MTL,SEA,0.339743,0.660257,SEA,0,SEA,1,0,REAL_NHL_API_OR_DERIVED_FROM_REAL
20242025,2024020150,2024-10-29,OTT,STL,0.701806,0.298194,OTT,1,OTT,1,0,REAL_NHL_API_OR_DERIVED_FROM_REAL
20242025,2024020151,2024-10-29,WSH,NYR,0.52088,0.47912,WSH,1,WSH,1,0,REAL_NHL_API_OR_DERIVED_FROM_REAL
20242025,2024020152,2024-10-29,NYI,ANA,0.604613,0.395387,NYI,0,ANA,0,0,REAL_NHL_API_OR_DERIVED_FROM_REAL
20242025,2024020153,2024-10-29,PIT,MIN,0.519065,0.480935,PIT,0,MIN,0,0,REAL_NHL_API_OR_DERIVED_FROM_REAL
20242025,2024020154,2024-10-29,SJS,LAK,0.542523,0.457477,SJS,1,SJS,1,0,REAL_NHL_API_OR_DERIVED_FROM_REAL
20242025,2024020155,2024-10-30,CBJ,NYI,0.538251,0.461749,CBJ,1,CBJ,1,0,REAL_NHL_API_OR_DERIVED_FROM_REAL
20242025,2024020156,2024-10-30,DET,WPG,0.459198,0.540802,WPG,0,WPG,1,0,REAL_NHL_API_OR_DERIVED_FROM_REAL
20242025,2024020157,2024-10-30,COL,TBL,0.529134,0.470866,COL,0,TBL,0,0,REAL_NHL_API_OR_DERIVED_FROM_REAL
20242025,2024020158,2024-10-30,UTA,CGY,0.455594,0.544406,CGY,1,UTA,0,0,REAL_NHL_API_OR_DERIVED_FROM_REAL
20242025,2024020159,2024-10-30,VAN,NJD,0.520446,0.479554,VAN,0,NJD,0,0,REAL_NHL_API_OR_DERIVED_FROM_REAL
20242025,2024020160,2024-10-30,LAK,VGK,0.444189,0.555811,VGK,1,LAK,0,0,REAL_NHL_API_OR_DERIVED_FROM_REAL
20242025,2024020161,2024-10-31,TOR,SEA,0.567146,0.432854,TOR,1,TOR,1,0,REAL_NHL_API_OR_DERIVED_FROM_REAL
20242025,2024020162,2024-10-31,PHI,STL,0.55472,0.44528,PHI,1,PHI,1,0,REAL_NHL_API_OR_DERIVED_FROM_REAL
20242025,2024020163,2024-10-31,PIT,ANA,0.561878,0.438122,PIT,1,PIT,1,0,REAL_NHL_API_OR_DERIVED_FROM_REAL
20242025,2024020164,2024-10-31,WSH,MTL,0.603453,0.396547,WSH,1,WSH,1,0,REAL_NHL_API_OR_DERIVED_FROM_REAL
20242025,2024020165,2024-10-31,CAR,BOS,0.777647,0.222353,CAR,1,CAR,1,0,REAL_NHL_API_OR_DERIVED_FROM_REAL
20242025,2024020166,2024-10-31,NSH,EDM,0.52072,0.47928,NSH,0,EDM,0,0,REAL_NHL_API_OR_DERIVED_FROM_REAL
20242025,2024020167,2024-10-31,SJS,CHI,0.505935,0.494065,SJS,1,SJS,1,0,REAL_NHL_API_OR_DERIVED_FROM_REAL
20242025,2024020168,2024-11-01,DAL,FLA,0.520315,0.479685,DAL,0,FLA,0,0,REAL_NHL_API_OR_DERIVED_FROM_REAL
20242025,2024020169,2024-11-01,BUF,NYI,0.592972,0.407028,BUF,0,NYI,0,0,REAL_NHL_API_OR_DERIVED_FROM_REAL
20242025,2024020170,2024-11-01,NYR,OTT,0.541437,0.458563,NYR,1,NYR,1,0,REAL_NHL_API_OR_DERIVED_FROM_REAL
20242025,2024020171,2024-11-01,CBJ,WPG,0.508921,0.491079,CBJ,0,WPG,0,0,REAL_NHL_API_OR_DERIVED_FROM_REAL
20242025,2024020172,2024-11-01,MIN,TBL,0.508922,0.491078,MIN,1,MIN,1,0,REAL_NHL_API_OR_DERIVED_FROM_REAL
20242025,2024020173,2024-11-01,CGY,NJD,0.473809,0.526191,NJD,1,CGY,0,0,REAL_NHL_API_OR_DERIVED_FROM_REAL
20242025,2024020174,2024-11-02,FLA,DAL,0.573974,0.426026,FLA,1,FLA,1,0,REAL_NHL_API_OR_DERIVED_FROM_REAL
20242025,2024020175,2024-11-02,PHI,BOS,0.352394,0.647606,BOS,0,BOS,1,0,REAL_NHL_API_OR_DERIVED_FROM_REAL
20242025,2024020176,2024-11-02,LAK,CHI,0.588558,0.411442,LAK,0,CHI,0,0,REAL_NHL_API_OR_DERIVED_FROM_REAL
20242025,2024020177,2024-11-02,WSH,CBJ,0.560058,0.439942,WSH,1,WSH,1,0,REAL_NHL_API_OR_DERIVED_FROM_REAL
20242025,2024020178,2024-11-02,OTT,SEA,0.54077,0.45923,OTT,1,OTT,1,0,REAL_NHL_API_OR_DERIVED_FROM_REAL
20242025,2024020179,2024-11-02,DET,BUF,0.49196,0.50804,BUF,1,DET,0,0,REAL_NHL_API_OR_DERIVED_FROM_REAL
20242025,2024020180,2024-11-02,PIT,MTL,0.566752,0.433248,PIT,1,PIT,1,0,REAL_NHL_API_OR_DERIVED_FROM_REAL
20242025,2024020181,2024-11-02,STL,TOR,0.482381,0.517619,TOR,1,STL,0,0,REAL_NHL_API_OR_DERIVED_FROM_REAL
20242025,2024020182,2024-11-02,NSH,COL,0.48079,0.51921,COL,1,NSH,0,0,REAL_NHL_API_OR_DERIVED_FROM_REAL
20242025,2024020183,2024-11-02,VGK,UTA,0.641934,0.358066,VGK,1,VGK,1,0,REAL_NHL_API_OR_DERIVED_FROM_REAL
20242025,2024020184,2024-11-02,SJS,VAN,0.477316,0.522684,VAN,0,VAN,1,0,REAL_NHL_API_OR_DERIVED_FROM_REAL
20242025,2024020185,2024-11-03,NYR,NYI,0.592901,0.407099,NYR,1,NYR,1,0,REAL_NHL_API_OR_DERIVED_FROM_REAL
20242025,2024020186,2024-11-03,WPG,TBL,0.612646,0.387354,WPG,1,WPG,1,0,REAL_NHL_API_OR_DERIVED_FROM_REAL
20242025,2024020187,2024-11-03,BOS,SEA,0.469803,0.530197,SEA,1,BOS,0,0,REAL_NHL_API_OR_DERIVED_FROM_REAL
20242025,2024020188,2024-11-03,CAR,WSH,0.517476,0.482524,CAR,1,CAR,1,0,REAL_NHL_API_OR_DERIVED_FROM_REAL
20242025,2024020189,2024-11-03,MIN,TOR,0.558587,0.441413,MIN,1,MIN,1,0,REAL_NHL_API_OR_DERIVED_FROM_REAL
20242025,2024020190,2024-11-03,CGY,EDM,0.47842,0.52158,EDM,0,EDM,1,0,REAL_NHL_API_OR_DERIVED_FROM_REAL
20242025,2024020191,2024-11-03,ANA,CHI,0.501853,0.498147,ANA,0,CHI,0,0,REAL_NHL_API_OR_DERIVED_FROM_REAL
20242025,2024020192,2024-11-04,NSH,LAK,0.530516,0.469484,NSH,0,LAK,0,0,REAL_NHL_API_OR_DERIVED_FROM_REAL
20242025,2024020193,2024-11-04,EDM,NJD,0.520039,0.479961,EDM,0,NJD,0,0,REAL_NHL_API_OR_DERIVED_FROM_REAL
20242025,2024020194,2024-11-05,BUF,OTT,0.53494,0.46506,BUF,1,BUF,1,0,REAL_NHL_API_OR_DERIVED_FROM_REAL
20242025,2024020195,2024-11-05,TOR,BOS,0.548583,0.451417,TOR,1,TOR,1,0,REAL_NHL_API_OR_DERIVED_FROM_REAL
20242025,2024020196,2024-11-05,MTL,CGY,0.518789,0.481211,MTL,0,CGY,0,0,REAL_NHL_API_OR_DERIVED_FROM_REAL
20242025,2024020197,2024-11-05,CAR,PHI,0.636788,0.363212,CAR,1,CAR,1,0,REAL_NHL_API_OR_DERIVED_FROM_REAL
20242025,2024020198,2024-11-05,NYI,PIT,0.5913,0.4087,NYI,1,NYI,1,0,REAL_NHL_API_OR_DERIVED_FROM_REAL
20242025,2024020199,2024-11-05,STL,TBL,0.470437,0.529563,TBL,1,STL,0,0,REAL_NHL_API_OR_DERIVED_FROM_REAL
20242025,2024020200,2024-11-05,MIN,LAK,0.542585,0.457415,MIN,0,LAK,0,0,REAL_NHL_API_OR_DERIVED_FROM_REAL
20242025,2024020201,2024-11-05,WPG,UTA,0.66657,0.33343,WPG,1,WPG,1,0,REAL_NHL_API_OR_DERIVED_FROM_REAL
20242025,2024020202,2024-11-05,COL,SEA,0.542812,0.457188,COL,1,COL,1,0,REAL_NHL_API_OR_DERIVED_FROM_REAL
20242025,2024020203,2024-11-05,ANA,VAN,0.471838,0.528162,VAN,0,VAN,1,0,REAL_NHL_API_OR_DERIVED_FROM_REAL
20242025,2024020204,2024-11-05,SJS,CBJ,0.557752,0.442248,SJS,1,SJS,1,0,REAL_NHL_API_OR_DERIVED_FROM_REAL
20242025,2024020205,2024-11-06,WSH,NSH,0.579123,0.420877,WSH,1,WSH,1,0,REAL_NHL_API_OR_DERIVED_FROM_REAL
20242025,2024020206,2024-11-06,CHI,DET,0.537488,0.462512,CHI,0,DET,0,0,REAL_NHL_API_OR_DERIVED_FROM_REAL
20242025,2024020207,2024-11-06,EDM,VGK,0.473163,0.526837,VGK,0,VGK,1,0,REAL_NHL_API_OR_DERIVED_FROM_REAL
20242025,2024020208,2024-11-07,BOS,CGY,0.529458,0.470542,BOS,1,BOS,1,0,REAL_NHL_API_OR_DERIVED_FROM_REAL
20242025,2024020209,2024-11-07,OTT,NYI,0.545289,0.454711,OTT,0,NYI,0,0,REAL_NHL_API_OR_DERIVED_FROM_REAL
20242025,2024020210,2024-11-07,TBL,PHI,0.590183,0.409817,TBL,0,PHI,0,0,REAL_NHL_API_OR_DERIVED_FROM_REAL
20242025,2024020211,2024-11-07,FLA,NSH,0.59723,0.40277,FLA,1,FLA,1,0,REAL_NHL_API_OR_DERIVED_FROM_REAL
20242025,2024020212,2024-11-07,NJD,MTL,0.614846,0.385154,NJD,1,NJD,1,0,REAL_NHL_API_OR_DERIVED_FROM_REAL
20242025,2024020213,2024-11-07,NYR,BUF,0.389035,0.610965,BUF,0,BUF,1,0,REAL_NHL_API_OR_DERIVED_FROM_REAL
20242025,2024020214,2024-11-07,CAR,PIT,0.610801,0.389199,CAR,1,CAR,1,0,REAL_NHL_API_OR_DERIVED_FROM_REAL
20242025,2024020215,2024-11-07,STL,UTA,0.504866,0.495134,STL,0,UTA,0,0,REAL_NHL_API_OR_DERIVED_FROM_REAL
20242025,2024020216,2024-11-07,DAL,CHI,0.57687,0.42313,DAL,1,DAL,1,0,REAL_NHL_API_OR_DERIVED_FROM_REAL
20242025,2024020217,2024-11-07,WPG,COL,0.600748,0.399252,WPG,1,WPG,1,0,REAL_NHL_API_OR_DERIVED_FROM_REAL
20242025,2024020218,2024-11-07,LAK,VAN,0.568639,0.431361,LAK,0,VAN,0,0,REAL_NHL_API_OR_DERIVED_FROM_REAL
20242025,2024020219,2024-11-07,SJS,MIN,0.496962,0.503038,MIN,0,MIN,1,0,REAL_NHL_API_OR_DERIVED_FROM_REAL
20242025,2024020220,2024-11-08,TOR,DET,0.572555,0.427445,TOR,1,TOR,1,0,REAL_NHL_API_OR_DERIVED_FROM_REAL
20242025,2024020221,2024-11-08,WSH,PIT,0.637993,0.362007,WSH,0,PIT,0,0,REAL_NHL_API_OR_DERIVED_FROM_REAL
20242025,2024020222,2024-11-08,ANA,MIN,0.418225,0.581775,MIN,0,MIN,1,0,REAL_NHL_API_OR_DERIVED_FROM_REAL
20242025,2024020223,2024-11-08,SEA,VGK,0.465346,0.534654,VGK,1,SEA,0,0,REAL_NHL_API_OR_DERIVED_FROM_REAL
20242025,2024020224,2024-11-09,BUF,CGY,0.615912,0.384088,BUF,1,BUF,1,0,REAL_NHL_API_OR_DERIVED_FROM_REAL
20242025,2024020225,2024-11-09,FLA,PHI,0.613094,0.386906,FLA,1,FLA,1,0,REAL_NHL_API_OR_DERIVED_FROM_REAL
20242025,2024020226,2024-11-09,BOS,OTT,0.495966,0.504034,OTT,0,OTT,1,0,REAL_NHL_API_OR_DERIVED_FROM_REAL
20242025,2024020227,2024-11-09,TOR,MTL,0.601209,0.398791,TOR,1,TOR,1,0,REAL_NHL_API_OR_DERIVED_FROM_REAL
20242025,2024020228,2024-11-09,DET,NYR,0.513543,0.486457,DET,0,NYR,0,0,REAL_NHL_API_OR_DERIVED_FROM_REAL
20242025,2024020229,2024-11-09,STL,WSH,0.474054,0.525946,WSH,0,WSH,1,0,REAL_NHL_API_OR_DERIVED_FROM_REAL
20242025,2024020230,2024-11-09,WPG,DAL,0.7232,0.2768,WPG,1,WPG,1,0,REAL_NHL_API_OR_DERIVED_FROM_REAL
20242025,2024020231,2024-11-09,NYI,NJD,0.498686,0.501314,NJD,0,NJD,1,0,REAL_NHL_API_OR_DERIVED_FROM_REAL
20242025,2024020232,2024-11-09,NSH,UTA,0.51229,0.48771,NSH,1,NSH,1,0,REAL_NHL_API_OR_DERIVED_FROM_REAL
20242025,2024020233,2024-11-09,COL,CAR,0.492295,0.507705,CAR,1,COL,0,0,REAL_NHL_API_OR_DERIVED_FROM_REAL
20242025,2024020234,2024-11-09,LAK,CBJ,0.682859,0.317141,LAK,1,LAK,1,0,REAL_NHL_API_OR_DERIVED_FROM_REAL
20242025,2024020235,2024-11-09,VAN,EDM,0.340811,0.659189,EDM,0,EDM,1,0,REAL_NHL_API_OR_DERIVED_FROM_REAL
20242025,2024020236,2024-11-10,NJD,SJS,0.564699,0.435301,NJD,0,SJS,0,0,REAL_NHL_API_OR_DERIVED_FROM_REAL
20242025,2024020237,2024-11-10,CHI,MIN,0.426318,0.573682,MIN,1,CHI,0,0,REAL_NHL_API_OR_DERIVED_FROM_REAL
20242025,2024020238,2024-11-10,ANA,CBJ,0.553231,0.446769,ANA,1,ANA,1,0,REAL_NHL_API_OR_DERIVED_FROM_REAL
20242025,2024020239,2024-11-11,BUF,MTL,0.611924,0.388076,BUF,0,MTL,0,0,REAL_NHL_API_OR_DERIVED_FROM_REAL
20242025,2024020240,2024-11-11,PHI,SJS,0.543968,0.456032,PHI,1,PHI,1,0,REAL_NHL_API_OR_DERIVED_FROM_REAL
20242025,2024020241,2024-11-11,PIT,DAL,0.299962,0.700038,DAL,0,DAL,1,0,REAL_NHL_API_OR_DERIVED_FROM_REAL
20242025,2024020242,2024-11-11,CGY,LAK,0.468314,0.531686,LAK,1,CGY,0,0,REAL_NHL_API_OR_DERIVED_FROM_REAL
20242025,2024020243,2024-11-11,COL,NSH,0.545114,0.454886,COL,1,COL,1,0,REAL_NHL_API_OR_DERIVED_FROM_REAL
20242025,2024020244,2024-11-11,VGK,CAR,0.326065,0.673935,CAR,0,CAR,1,0,REAL_NHL_API_OR_DERIVED_FROM_REAL
20242025,2024020245,2024-11-12,TOR,OTT,0.552989,0.447011,TOR,0,OTT,0,0,REAL_NHL_API_OR_DERIVED_FROM_REAL
20242025,2024020246,2024-11-12,FLA,NJD,0.61318,0.38682,FLA,0,NJD,0,0,REAL_NHL_API_OR_DERIVED_FROM_REAL
20242025,2024020247,2024-11-12,NYR,WPG,0.446656,0.553344,WPG,0,WPG,1,0,REAL_NHL_API_OR_DERIVED_FROM_REAL
20242025,2024020248,2024-11-12,STL,BOS,0.471122,0.528878,BOS,0,BOS,1,0,REAL_NHL_API_OR_DERIVED_FROM_REAL
20242025,2024020249,2024-11-12,EDM,NYI,0.533067,0.466933,EDM,1,EDM,1,0,REAL_NHL_API_OR_DERIVED_FROM_REAL
20242025,2024020250,2024-11-12,VAN,CGY,0.581188,0.418812,VAN,1,VAN,1,0,REAL_NHL_API_OR_DERIVED_FROM_REAL
20242025,2024020251,2024-11-12,SEA,CBJ,0.601784,0.398216,SEA,1,SEA,1,0,REAL_NHL_API_OR_DERIVED_FROM_REAL
20242025,2024020252,2024-11-13,PIT,DET,0.510891,0.489109,PIT,0,DET,0,0,REAL_NHL_API_OR_DERIVED_FROM_REAL
20242025,2024020253,2024-11-13,WSH,TOR,0.557509,0.442491,WSH,0,TOR,0,0,REAL_NHL_API_OR_DERIVED_FROM_REAL
20242025,2024020254,2024-11-13,UTA,CAR,0.639361,0.360639,UTA,1,UTA,1,0,REAL_NHL_API_OR_DERIVED_FROM_REAL
20242025,2024020255,2024-11-13,COL,LAK,0.701943,0.298057,COL,1,COL,1,0,REAL_NHL_API_OR_DERIVED_FROM_REAL
20242025,2024020256,2024-11-13,ANA,VGK,0.478118,0.521882,VGK,0,VGK,1,0,REAL_NHL_API_OR_DERIVED_FROM_REAL
20242025,2024020257,2024-11-14,BUF,STL,0.54808,0.45192,BUF,1,BUF,1,0,REAL_NHL_API_OR_DERIVED_FROM_REAL
20242025,2024020258,2024-11-14,OTT,PHI,0.57693,0.42307,OTT,0,PHI,0,0,REAL_NHL_API_OR_DERIVED_FROM_REAL
20242025,2024020259,2024-11-14,TBL,WPG,0.456214,0.543786,WPG,1,TBL,0,0,REAL_NHL_API_OR_DERIVED_FROM_REAL
20242025,2024020260,2024-11-14,FLA,NJD,0.58161,0.41839,FLA,0,NJD,0,0,REAL_NHL_API_OR_DERIVED_FROM_REAL
20242025,2024020261,2024-11-14,NYR,SJS,0.543688,0.456312,NYR,1,NYR,1,0,REAL_NHL_API_OR_DERIVED_FROM_REAL
20242025,2024020262,2024-11-14,DAL,BOS,0.557934,0.442066,DAL,1,DAL,1,0,REAL_NHL_API_OR_DERIVED_FROM_REAL
20242025,2024020263,2024-11-14,MIN,MTL,0.615861,0.384139,MIN,1,MIN,1,0,REAL_NHL_API_OR_DERIVED_FROM_REAL
20242025,2024020264,2024-11-14,EDM,NSH,0.596967,0.403033,EDM,1,EDM,1,0,REAL_NHL_API_OR_DERIVED_FROM_REAL
20242025,2024020265,2024-11-14,VAN,NYI,0.531206,0.468794,VAN,0,NYI,0,0,REAL_NHL_API_OR_DERIVED_FROM_REAL
20242025,2024020266,2024-11-14,SEA,CHI,0.559135,0.440865,SEA,1,SEA,1,0,REAL_NHL_API_OR_DERIVED_FROM_REAL
20242025,2024020267,2024-11-15,CBJ,PIT,0.516139,0.483861,CBJ,1,CBJ,1,0,REAL_NHL_API_OR_DERIVED_FROM_REAL
20242025,2024020268,2024-11-15,COL,WSH,0.453064,0.546936,WSH,0,WSH,1,0,REAL_NHL_API_OR_DERIVED_FROM_REAL
20242025,2024020269,2024-11-15,CGY,NSH,0.492586,0.507414,NSH,1,CGY,0,0,REAL_NHL_API_OR_DERIVED_FROM_REAL
20242025,2024020270,2024-11-15,UTA,VGK,0.483199,0.516801,VGK,0,VGK,1,0,REAL_NHL_API_OR_DERIVED_FROM_REAL
20242025,2024020271,2024-11-15,ANA,DET,0.468546,0.531454,DET,1,ANA,0,0,REAL_NHL_API_OR_DERIVED_FROM_REAL
20242025,2024020272,2024-11-16,BOS,STL,0.568621,0.431379,BOS,0,STL,0,0,REAL_NHL_API_OR_DERIVED_FROM_REAL
20242025,2024020273,2024-11-16,SEA,NYI,0.522882,0.477118,SEA,1,SEA,1,0,REAL_NHL_API_OR_DERIVED_FROM_REAL
20242025,2024020274,2024-11-16,TOR,EDM,0.564917,0.435083,TOR,1,TOR,1,0,REAL_NHL_API_OR_DERIVED_FROM_REAL
20242025,2024020275,2024-11-16,MTL,CBJ,0.547805,0.452195,MTL,1,MTL,1,0,REAL_NHL_API_OR_DERIVED_FROM_REAL
20242025,2024020276,2024-11-16,TBL,NJD,0.500181,0.499819,TBL,1,TBL,1,0,REAL_NHL_API_OR_DERIVED_FROM_REAL
20242025,2024020277,2024-11-16,FLA,WPG,0.531803,0.468197,FLA,1,FLA,1,0,REAL_NHL_API_OR_DERIVED_FROM_REAL
20242025,2024020278,2024-11-16,PHI,BUF,0.533868,0.466132,PHI,1,PHI,1,0,REAL_NHL_API_OR_DERIVED_FROM_REAL
20242025,2024020279,2024-11-16,PIT,SJS,0.553723,0.446277,PIT,1,PIT,1,0,REAL_NHL_API_OR_DERIVED_FROM_REAL
20242025,2024020280,2024-11-16,CAR,OTT,0.56456,0.43544,CAR,1,CAR,1,0,REAL_NHL_API_OR_DERIVED_FROM_REAL
20242025,2024020281,2024-11-16,MIN,DAL,0.542901,0.457099,MIN,0,DAL,0,0,REAL_NHL_API_OR_DERIVED_FROM_REAL
20242025,2024020282,2024-11-16,LAK,DET,0.568634,0.431366,LAK,1,LAK,1,0,REAL_NHL_API_OR_DERIVED_FROM_REAL
20242025,2024020283,2024-11-16,VAN,CHI,0.599475,0.400525,VAN,1,VAN,1,0,REAL_NHL_API_OR_DERIVED_FROM_REAL
20242025,2024020284,2024-11-17,CAR,STL,0.587983,0.412017,CAR,1,CAR,1,0,REAL_NHL_API_OR_DERIVED_FROM_REAL
20242025,2024020285,2024-11-17,VAN,NSH,0.563606,0.436394,VAN,0,NSH,0,0,REAL_NHL_API_OR_DERIVED_FROM_REAL
20242025,2024020286,2024-11-17,VGK,WSH,0.538064,0.461936,VGK,0,WSH,0,0,REAL_NHL_API_OR_DERIVED_FROM_REAL
20242025,2024020287,2024-11-17,SEA,NYR,0.545311,0.454689,SEA,0,NYR,0,0,REAL_NHL_API_OR_DERIVED_FROM_REAL
20242025,2024020288,2024-11-18,BOS,CBJ,0.550572,0.449428,BOS,0,CBJ,0,0,REAL_NHL_API_OR_DERIVED_FROM_REAL
20242025,2024020289,2024-11-18,PHI,COL,0.621186,0.378814,PHI,0,COL,0,0,REAL_NHL_API_OR_DERIVED_FROM_REAL
20242025,2024020290,2024-11-18,MTL,EDM,0.471569,0.528431,EDM,1,MTL,0,0,REAL_NHL_API_OR_DERIVED_FROM_REAL
20242025,2024020291,2024-11-18,DAL,ANA,0.635318,0.364682,DAL,0,ANA,0,0,REAL_NHL_API_OR_DERIVED_FROM_REAL
20242025,2024020292,2024-11-18,UTA,WSH,0.270603,0.729397,WSH,0,WSH,1,0,REAL_NHL_API_OR_DERIVED_FROM_REAL
20242025,2024020293,2024-11-18,SJS,DET,0.529022,0.470978,SJS,1,SJS,1,0,REAL_NHL_API_OR_DERIVED_FROM_REAL
20242025,2024020294,2024-11-19,OTT,EDM,0.480172,0.519828,EDM,0,EDM,1,0,REAL_NHL_API_OR_DERIVED_FROM_REAL
20242025,2024020295,2024-11-19,PIT,TBL,0.487631,0.512369,TBL,0,TBL,1,0,REAL_NHL_API_OR_DERIVED_FROM_REAL
20242025,2024020296,2024-11-19,STL,MIN,0.471301,0.528699,MIN,0,MIN,1,0,REAL_NHL_API_OR_DERIVED_FROM_REAL
20242025,2024020297,2024-11-19,WPG,FLA,0.513585,0.486415,WPG,1,WPG,1,0,REAL_NHL_API_OR_DERIVED_FROM_REAL
20242025,2024020298,2024-11-19,CHI,ANA,0.514571,0.485429,CHI,0,ANA,0,0,REAL_NHL_API_OR_DERIVED_FROM_REAL
20242025,2024020299,2024-11-19,CGY,NYI,0.48778,0.51222,NYI,1,CGY,0,0,REAL_NHL_API_OR_DERIVED_FROM_REAL
20242025,2024020300,2024-11-19,VAN,NYR,0.555684,0.444316,VAN,0,NYR,0,0,REAL_NHL_API_OR_DERIVED_FROM_REAL
20242025,2024020301,2024-11-20,TOR,VGK,0.576333,0.423667,TOR,1,TOR,1,0,REAL_NHL_API_OR_DERIVED_FROM_REAL
20242025,2024020302,2024-11-20,PHI,CAR,0.517354,0.482646,PHI,0,CAR,0,0,REAL_NHL_API_OR_DERIVED_FROM_REAL
20242025,2024020303,2024-11-20,DAL,SJS,0.576615,0.423385,DAL,1,DAL,1,0,REAL_NHL_API_OR_DERIVED_FROM_REAL
20242025,2024020304,2024-11-20,SEA,NSH,0.556124,0.443876,SEA,1,SEA,1,0,REAL_NHL_API_OR_DERIVED_FROM_REAL
20242025,2024020305,2024-11-20,LAK,BUF,0.580593,0.419407,LAK,0,BUF,0,0,REAL_NHL_API_OR_DERIVED_FROM_REAL
20242025,2024020306,2024-11-21,BOS,UTA,0.56168,0.43832,BOS,1,BOS,1,0,REAL_NHL_API_OR_DERIVED_FROM_REAL
20242025,2024020307,2024-11-21,OTT,VGK,0.478223,0.521777,VGK,0,VGK,1,0,REAL_NHL_API_OR_DERIVED_FROM_REAL
20242025,2024020308,2024-11-21,DET,NYI,0.528172,0.471828,DET,1,DET,1,0,REAL_NHL_API_OR_DERIVED_FROM_REAL
20242025,2024020309,2024-11-21,NJD,CAR,0.516836,0.483164,NJD,1,NJD,1,0,REAL_NHL_API_OR_DERIVED_FROM_REAL
20242025,2024020310,2024-11-21,WSH,COL,0.583481,0.416519,WSH,0,COL,0,0,REAL_NHL_API_OR_DERIVED_FROM_REAL
20242025,2024020311,2024-11-21,CBJ,TBL,0.471902,0.528098,TBL,1,CBJ,0,0,REAL_NHL_API_OR_DERIVED_FROM_REAL
20242025,2024020312,2024-11-21,STL,SJS,0.502857,0.497143,STL,1,STL,1,0,REAL_NHL_API_OR_DERIVED_FROM_REAL
20242025,2024020313,2024-11-21,CHI,FLA,0.467869,0.532131,FLA,1,CHI,0,0,REAL_NHL_API_OR_DERIVED_FROM_REAL
20242025,2024020314,2024-11-21,CGY,NYR,0.497792,0.502208,NYR,1,CGY,0,0,REAL_NHL_API_OR_DERIVED_FROM_REAL
20242025,2024020315,2024-11-21,EDM,MIN,0.501461,0.498539,EDM,0,MIN,0,0,REAL_NHL_API_OR_DERIVED_FROM_REAL
20242025,2024020316,2024-11-22,PIT,WPG,0.46859,0.53141,WPG,0,WPG,1,0,REAL_NHL_API_OR_DERIVED_FROM_REAL
20242025,2024020317,2024-11-22,ANA,BUF,0.570655,0.429345,ANA,0,BUF,0,0,REAL_NHL_API_OR_DERIVED_FROM_REAL
20242025,2024020318,2024-11-23,PHI,CHI,0.558044,0.441956,PHI,1,PHI,1,0,REAL_NHL_API_OR_DERIVED_FROM_REAL
20242025,2024020319,2024-11-23,CGY,MIN,0.517036,0.482964,CGY,1,CGY,1,0,REAL_NHL_API_OR_DERIVED_FROM_REAL
20242025,2024020320,2024-11-23,LAK,SEA,0.521548,0.478452,LAK,1,LAK,1,0,REAL_NHL_API_OR_DERIVED_FROM_REAL
20242025,2024020321,2024-11-23,FLA,COL,0.533615,0.466385,FLA,0,COL,0,0,REAL_NHL_API_OR_DERIVED_FROM_REAL
20242025,2024020322,2024-11-23,MTL,VGK,0.307229,0.692771,VGK,0,VGK,1,0,REAL_NHL_API_OR_DERIVED_FROM_REAL
20242025,2024020323,2024-11-23,OTT,VAN,0.442881,0.557119,VAN,0,VAN,1,0,REAL_NHL_API_OR_DERIVED_FROM_REAL
20242025,2024020324,2024-11-23,DET,BOS,0.575398,0.424602,DET,0,BOS,0,0,REAL_NHL_API_OR_DERIVED_FROM_REAL
20242025,2024020325,2024-11-23,TBL,DAL,0.549327,0.450673,TBL,0,DAL,0,0,REAL_NHL_API_OR_DERIVED_FROM_REAL
20242025,2024020326,2024-11-23,PIT,UTA,0.583962,0.416038,PIT,0,UTA,0,0,REAL_NHL_API_OR_DERIVED_FROM_REAL
20242025,2024020327,2024-11-23,WSH,NJD,0.561501,0.438499,WSH,0,NJD,0,0,REAL_NHL_API_OR_DERIVED_FROM_REAL
20242025,2024020328,2024-11-23,CBJ,CAR,0.713745,0.286255,CBJ,1,CBJ,1,0,REAL_NHL_API_OR_DERIVED_FROM_REAL
20242025,2024020329,2024-11-23,NSH,WPG,0.527248,0.472752,NSH,1,NSH,1,0,REAL_NHL_API_OR_DERIVED_FROM_REAL
20242025,2024020330,2024-11-23,NYI,STL,0.54063,0.45937,NYI,1,NYI,1,0,REAL_NHL_API_OR_DERIVED_FROM_REAL
20242025,2024020331,2024-11-23,SJS,BUF,0.553629,0.446371,SJS,0,BUF,0,0,REAL_NHL_API_OR_DERIVED_FROM_REAL
20242025,2024020332,2024-11-23,EDM,NYR,0.507647,0.492353,EDM,1,EDM,1,0,REAL_NHL_API_OR_DERIVED_FROM_REAL
20242025,2024020333,2024-11-24,TOR,UTA,0.536764,0.463236,TOR,1,TOR,1,0,REAL_NHL_API_OR_DERIVED_FROM_REAL
20242025,2024020334,2024-11-25,TBL,COL,0.750099,0.249901,TBL,1,TBL,1,0,REAL_NHL_API_OR_DERIVED_FROM_REAL
20242025,2024020335,2024-11-25,FLA,WSH,0.528206,0.471794,FLA,0,WSH,0,0,REAL_NHL_API_OR_DERIVED_FROM_REAL
20242025,2024020336,2024-11-25,NJD,NSH,0.71733,0.28267,NJD,1,NJD,1,0,REAL_NHL_API_OR_DERIVED_FROM_REAL
20242025,2024020337,2024-11-25,NYR,STL,0.602067,0.397933,NYR,0,STL,0,0,REAL_NHL_API_OR_DERIVED_FROM_REAL
20242025,2024020338,2024-11-25,PHI,VGK,0.557517,0.442483,PHI,0,VGK,0,0,REAL_NHL_API_OR_DERIVED_FROM_REAL
20242025,2024020339,2024-11-25,CAR,DAL,0.518447,0.481553,CAR,1,CAR,1,0,REAL_NHL_API_OR_DERIVED_FROM_REAL
20242025,2024020340,2024-11-25,OTT,CGY,0.522006,0.477994,OTT,1,OTT,1,0,REAL_NHL_API_OR_DERIVED_FROM_REAL
20242025,2024020341,2024-11-25,NYI,DET,0.54735,0.45265,NYI,0,DET,0,0,REAL_NHL_API_OR_DERIVED_FROM_REAL
20242025,2024020342,2024-11-25,MIN,WPG,0.543195,0.456805,MIN,0,WPG,0,0,REAL_NHL_API_OR_DERIVED_FROM_REAL
20242025,2024020343,2024-11-25,ANA,SEA,0.501593,0.498407,ANA,0,SEA,0,0,REAL_NHL_API_OR_DERIVED_FROM_REAL
20242025,2024020344,2024-11-25,SJS,LAK,0.520584,0.479416,SJS,1,SJS,1,0,REAL_NHL_API_OR_DERIVED_FROM_REAL
20242025,2024020345,2024-11-26,BOS,VAN,0.493036,0.506964,VAN,0,VAN,1,0,REAL_NHL_API_OR_DERIVED_FROM_REAL
20242025,2024020346,2024-11-26,MTL,UTA,0.52814,0.47186,MTL,0,UTA,0,0,REAL_NHL_API_OR_DERIVED_FROM_REAL
20242025,2024020347,2024-11-27,BUF,MIN,0.545298,0.454702,BUF,0,MIN,0,0,REAL_NHL_API_OR_DERIVED_FROM_REAL
20242025,2024020348,2024-11-27,NJD,STL,0.577188,0.422812,NJD,0,STL,0,0,REAL_NHL_API_OR_DERIVED_FROM_REAL
20242025,2024020349,2024-11-27,CAR,NYR,0.523547,0.476453,CAR,1,CAR,1,0,REAL_NHL_API_OR_DERIVED_FROM_REAL
20242025,2024020350,2024-11-27,DET,CGY,0.52929,0.47071,DET,1,DET,1,0,REAL_NHL_API_OR_DERIVED_FROM_REAL
20242025,2024020351,2024-11-27,TBL,WSH,0.579886,0.420114,TBL,0,WSH,0,0,REAL_NHL_API_OR_DERIVED_FROM_REAL
20242025,2024020352,2024-11-27,FLA,TOR,0.493665,0.506335,TOR,1,FLA,0,0,REAL_NHL_API_OR_DERIVED_FROM_REAL
20242025,2024020353,2024-11-27,NYI,BOS,0.54882,0.45118,NYI,0,BOS,0,0,REAL_NHL_API_OR_DERIVED_FROM_REAL
20242025,2024020354,2024-11-27,PIT,VAN,0.471105,0.528895,VAN,1,PIT,0,0,REAL_NHL_API_OR_DERIVED_FROM_REAL
20242025,2024020355,2024-11-27,CBJ,MTL,0.618903,0.381097,CBJ,0,MTL,0,0,REAL_NHL_API_OR_DERIVED_FROM_REAL
20242025,2024020356,2024-11-27,NSH,PHI,0.581262,0.418738,NSH,0,PHI,0,0,REAL_NHL_API_OR_DERIVED_FROM_REAL
20242025,2024020357,2024-11-27,CHI,DAL,0.43884,0.56116,DAL,1,CHI,0,0,REAL_NHL_API_OR_DERIVED_FROM_REAL
20242025,2024020358,2024-11-27,COL,VGK,0.561929,0.438071,COL,1,COL,1,0,REAL_NHL_API_OR_DERIVED_FROM_REAL
20242025,2024020359,2024-11-27,LAK,WPG,0.479931,0.520069,WPG,1,LAK,0,0,REAL_NHL_API_OR_DERIVED_FROM_REAL
20242025,2024020360,2024-11-27,SEA,ANA,0.569004,0.430996,SEA,0,ANA,0,0,REAL_NHL_API_OR_DERIVED_FROM_REAL
20242025,2024020361,2024-11-27,SJS,OTT,0.59108,0.40892,SJS,0,OTT,0,0,REAL_NHL_API_OR_DERIVED_FROM_REAL
20242025,2024020362,2024-11-29,PHI,NYR,0.49471,0.50529,NYR,1,PHI,0,0,REAL_NHL_API_OR_DERIVED_FROM_REAL
20242025,2024020363,2024-11-29,MIN,CHI,0.588793,0.411207,MIN,1,MIN,1,0,REAL_NHL_API_OR_DERIVED_FROM_REAL
20242025,2024020364,2024-11-29,BUF,VAN,0.534459,0.465541,BUF,0,VAN,0,0,REAL_NHL_API_OR_DERIVED_FROM_REAL
20242025,2024020365,2024-11-29,DET,NJD,0.54432,0.45568,DET,0,NJD,0,0,REAL_NHL_API_OR_DERIVED_FROM_REAL
20242025,2024020366,2024-11-29,WSH,NYI,0.609445,0.390555,WSH,1,WSH,1,0,REAL_NHL_API_OR_DERIVED_FROM_REAL
20242025,2024020367,2024-11-29,CAR,FLA,0.565296,0.434704,CAR,0,FLA,0,0,REAL_NHL_API_OR_DERIVED_FROM_REAL
20242025,2024020368,2024-11-29,CBJ,CGY,0.567788,0.432212,CBJ,1,CBJ,1,0,REAL_NHL_API_OR_DERIVED_FROM_REAL
20242025,2024020369,2024-11-29,NSH,TBL,0.462097,0.537903,TBL,0,TBL,1,0,REAL_NHL_API_OR_DERIVED_FROM_REAL
20242025,2024020370,2024-11-29,ANA,LAK,0.624507,0.375493,ANA,0,LAK,0,0,REAL_NHL_API_OR_DERIVED_FROM_REAL
20242025,2024020371,2024-11-29,SJS,SEA,0.497208,0.502792,SEA,1,SJS,0,0,REAL_NHL_API_OR_DERIVED_FROM_REAL
20242025,2024020372,2024-11-29,BOS,PIT,0.557934,0.442066,BOS,0,PIT,0,0,REAL_NHL_API_OR_DERIVED_FROM_REAL
20242025,2024020373,2024-11-29,DAL,COL,0.547068,0.452932,DAL,1,DAL,1,0,REAL_NHL_API_OR_DERIVED_FROM_REAL
20242025,2024020374,2024-11-29,VGK,WPG,0.551308,0.448692,VGK,1,VGK,1,0,REAL_NHL_API_OR_DERIVED_FROM_REAL
20242025,2024020375,2024-11-29,UTA,EDM,0.471755,0.528245,EDM,0,EDM,1,0,REAL_NHL_API_OR_DERIVED_FROM_REAL
20242025,2024020376,2024-11-30,NYR,MTL,0.577546,0.422454,NYR,1,NYR,1,0,REAL_NHL_API_OR_DERIVED_FROM_REAL
20242025,2024020377,2024-11-30,FLA,CAR,0.696368,0.303632,FLA,1,FLA,1,0,REAL_NHL_API_OR_DERIVED_FROM_REAL
20242025,2024020378,2024-11-30,TBL,TOR,0.543397,0.456603,TBL,0,TOR,0,0,REAL_NHL_API_OR_DERIVED_FROM_REAL
20242025,2024020379,2024-11-30,NJD,WSH,0.489733,0.510267,WSH,0,WSH,1,0,REAL_NHL_API_OR_DERIVED_FROM_REAL
20242025,2024020380,2024-11-30,PIT,CGY,0.492958,0.507042,CGY,1,PIT,0,0,REAL_NHL_API_OR_DERIVED_FROM_REAL
20242025,2024020381,2024-11-30,STL,PHI,0.508883,0.491117,STL,0,PHI,0,0,REAL_NHL_API_OR_DERIVED_FROM_REAL
20242025,2024020382,2024-11-30,LAK,OTT,0.475991,0.524009,OTT,1,LAK,0,0,REAL_NHL_API_OR_DERIVED_FROM_REAL
20242025,2024020383,2024-11-30,NYI,BUF,0.50938,0.49062,NYI,1,NYI,1,0,REAL_NHL_API_OR_DERIVED_FROM_REAL
20242025,2024020384,2024-11-30,MIN,NSH,0.541118,0.458882,MIN,1,MIN,1,0,REAL_NHL_API_OR_DERIVED_FROM_REAL
20242025,2024020385,2024-11-30,COL,EDM,0.497166,0.502834,EDM,0,EDM,1,0,REAL_NHL_API_OR_DERIVED_FROM_REAL
20242025,2024020386,2024-11-30,VGK,UTA,0.554107,0.445893,VGK,0,UTA,0,0,REAL_NHL_API_OR_DERIVED_FROM_REAL
20242025,2024020387,2024-11-30,SEA,SJS,0.546908,0.453092,SEA,0,SJS,0,0,REAL_NHL_API_OR_DERIVED_FROM_REAL
20242025,2024020388,2024-12-01,DET,VAN,0.373459,0.626541,VAN,0,VAN,1,0,REAL_NHL_API_OR_DERIVED_FROM_REAL
20242025,2024020389,2024-12-01,BOS,MTL,0.598075,0.401925,BOS,1,BOS,1,0,REAL_NHL_API_OR_DERIVED_FROM_REAL
20242025,2024020390,2024-12-01,CHI,CBJ,0.470688,0.529312,CBJ,0,CBJ,1,0,REAL_NHL_API_OR_DERIVED_FROM_REAL
20242025,2024020391,2024-12-01,DAL,WPG,0.558298,0.441702,DAL,1,DAL,1,0,REAL_NHL_API_OR_DERIVED_FROM_REAL
20242025,2024020392,2024-12-01,ANA,OTT,0.528039,0.471961,ANA,1,ANA,1,0,REAL_NHL_API_OR_DERIVED_FROM_REAL
20242025,2024020393,2024-12-02,NYR,NJD,0.461331,0.538669,NJD,0,NJD,1,0,REAL_NHL_API_OR_DERIVED_FROM_REAL
20242025,2024020394,2024-12-02,TOR,CHI,0.55688,0.44312,TOR,1,TOR,1,0,REAL_NHL_API_OR_DERIVED_FROM_REAL
20242025,2024020395,2024-12-02,UTA,DAL,0.516958,0.483042,UTA,0,DAL,0,0,REAL_NHL_API_OR_DERIVED_FROM_REAL
20242025,2024020396,2024-12-03,BOS,DET,0.537373,0.462627,BOS,1,BOS,1,0,REAL_NHL_API_OR_DERIVED_FROM_REAL
20242025,2024020397,2024-12-03,BUF,COL,0.700491,0.299509,BUF,0,COL,0,0,REAL_NHL_API_OR_DERIVED_FROM_REAL
20242025,2024020398,2024-12-03,MTL,NYI,0.55244,0.44756,MTL,1,MTL,1,0,REAL_NHL_API_OR_DERIVED_FROM_REAL
20242025,2024020399,2024-12-03,PIT,FLA,0.474948,0.525052,FLA,1,PIT,0,0,REAL_NHL_API_OR_DERIVED_FROM_REAL
20242025,2024020400,2024-12-03,WSH,SJS,0.563818,0.436182,WSH,0,SJS,0,0,REAL_NHL_API_OR_DERIVED_FROM_REAL
20242025,2024020401,2024-12-03,CAR,SEA,0.569645,0.430355,CAR,0,SEA,0,0,REAL_NHL_API_OR_DERIVED_FROM_REAL
20242025,2024020402,2024-12-03,MIN,VAN,0.548989,0.451011,MIN,1,MIN,1,0,REAL_NHL_API_OR_DERIVED_FROM_REAL
20242025,2024020403,2024-12-03,WPG,STL,0.565972,0.434028,WPG,0,STL,0,0,REAL_NHL_API_OR_DERIVED_FROM_REAL
20242025,2024020404,2024-12-03,CGY,CBJ,0.463151,0.536849,CBJ,1,CGY,0,0,REAL_NHL_API_OR_DERIVED_FROM_REAL
20242025,2024020405,2024-12-03,VGK,EDM,0.464849,0.535151,EDM,1,VGK,0,0,REAL_NHL_API_OR_DERIVED_FROM_REAL
20242025,2024020406,2024-12-04,TOR,NSH,0.597344,0.402656,TOR,1,TOR,1,0,REAL_NHL_API_OR_DERIVED_FROM_REAL
20242025,2024020407,2024-12-04,CHI,BOS,0.500619,0.499381,CHI,0,BOS,0,0,REAL_NHL_API_OR_DERIVED_FROM_REAL
20242025,2024020408,2024-12-04,ANA,VGK,0.584644,0.415356,ANA,0,VGK,0,0,REAL_NHL_API_OR_DERIVED_FROM_REAL
20242025,2024020409,2024-12-04,LAK,DAL,0.487922,0.512078,DAL,1,LAK,0,0,REAL_NHL_API_OR_DERIVED_FROM_REAL
20242025,2024020410,2024-12-05,BUF,WPG,0.553718,0.446282,BUF,0,WPG,0,0,REAL_NHL_API_OR_DERIVED_FROM_REAL
20242025,2024020411,2024-12-05,MTL,NSH,0.584157,0.415843,MTL,1,MTL,1,0,REAL_NHL_API_OR_DERIVED_FROM_REAL
20242025,2024020412,2024-12-05,OTT,DET,0.566054,0.433946,OTT,1,OTT,1,0,REAL_NHL_API_OR_DERIVED_FROM_REAL
20242025,2024020413,2024-12-05,TBL,SJS,0.729957,0.270043,TBL,1,TBL,1,0,REAL_NHL_API_OR_DERIVED_FROM_REAL
20242025,2024020414,2024-12-05,PHI,FLA,0.361149,0.638851,FLA,0,FLA,1,0,REAL_NHL_API_OR_DERIVED_FROM_REAL
20242025,2024020415,2024-12-05,CAR,COL,0.547384,0.452616,CAR,1,CAR,1,0,REAL_NHL_API_OR_DERIVED_FROM_REAL
20242025,2024020416,2024-12-05,NYI,SEA,0.416434,0.583566,SEA,0,SEA,1,0,REAL_NHL_API_OR_DERIVED_FROM_REAL
20242025,2024020417,2024-12-05,CGY,STL,0.466337,0.533663,STL,0,STL,1,0,REAL_NHL_API_OR_DERIVED_FROM_REAL
20242025,2024020418,2024-12-05,EDM,CBJ,0.519932,0.480068,EDM,1,EDM,1,0,REAL_NHL_API_OR_DERIVED_FROM_REAL
20242025,2024020419,2024-12-06,TOR,WSH,0.562875,0.437125,TOR,0,WSH,0,0,REAL_NHL_API_OR_DERIVED_FROM_REAL
20242025,2024020420,2024-12-06,NJD,SEA,0.575699,0.424301,NJD,1,NJD,1,0,REAL_NHL_API_OR_DERIVED_FROM_REAL
20242025,2024020421,2024-12-06,NYR,PIT,0.518263,0.481737,NYR,1,NYR,1,0,REAL_NHL_API_OR_DERIVED_FROM_REAL
20242025,2024020422,2024-12-06,VAN,CBJ,0.50908,0.49092,VAN,1,VAN,1,0,REAL_NHL_API_OR_DERIVED_FROM_REAL
20242025,2024020423,2024-12-06,VGK,DAL,0.548952,0.451048,VGK,1,VGK,1,0,REAL_NHL_API_OR_DERIVED_FROM_REAL
20242025,2024020424,2024-12-06,ANA,MIN,0.505147,0.494853,ANA,0,MIN,0,0,REAL_NHL_API_OR_DERIVED_FROM_REAL
20242025,2024020425,2024-12-07,BOS,PHI,0.594832,0.405168,BOS,1,BOS,1,0,REAL_NHL_API_OR_DERIVED_FROM_REAL
20242025,2024020426,2024-12-07,BUF,UTA,0.506301,0.493699,BUF,0,UTA,0,0,REAL_NHL_API_OR_DERIVED_FROM_REAL
20242025,2024020427,2024-12-07,CHI,WPG,0.309678,0.690322,WPG,0,WPG,1,0,REAL_NHL_API_OR_DERIVED_FROM_REAL
20242025,2024020428,2024-12-07,NYI,CAR,0.479095,0.520905,CAR,1,NYI,0,0,REAL_NHL_API_OR_DERIVED_FROM_REAL
20242025,2024020429,2024-12-07,FLA,SJS,0.642133,0.357867,FLA,1,FLA,1,0,REAL_NHL_API_OR_DERIVED_FROM_REAL
20242025,2024020430,2024-12-07,MTL,WSH,0.496255,0.503745,WSH,0,WSH,1,0,REAL_NHL_API_OR_DERIVED_FROM_REAL
20242025,2024020431,2024-12-07,OTT,NSH,0.563726,0.436274,OTT,1,OTT,1,0,REAL_NHL_API_OR_DERIVED_FROM_REAL
20242025,2024020432,2024-12-07,DET,COL,0.481118,0.518882,COL,0,COL,1,0,REAL_NHL_API_OR_DERIVED_FROM_REAL
20242025,2024020433,2024-12-07,PIT,TOR,0.553642,0.446358,PIT,1,PIT,1,0,REAL_NHL_API_OR_DERIVED_FROM_REAL
20242025,2024020434,2024-12-07,LAK,MIN,0.508948,0.491052,LAK,1,LAK,1,0,REAL_NHL_API_OR_DERIVED_FROM_REAL
20242025,2024020435,2024-12-07,EDM,STL,0.531366,0.468634,EDM,1,EDM,1,0,REAL_NHL_API_OR_DERIVED_FROM_REAL
20242025,2024020436,2024-12-08,NYR,SEA,0.546278,0.453722,NYR,0,SEA,0,0,REAL_NHL_API_OR_DERIVED_FROM_REAL
20242025,2024020437,2024-12-08,VAN,TBL,0.482571,0.517429,TBL,0,TBL,1,0,REAL_NHL_API_OR_DERIVED_FROM_REAL
20242025,2024020438,2024-12-08,OTT,NYI,0.52271,0.47729,OTT,0,NYI,0,0,REAL_NHL_API_OR_DERIVED_FROM_REAL
20242025,2024020439,2024-12-08,WPG,CBJ,0.510215,0.489785,WPG,0,CBJ,0,0,REAL_NHL_API_OR_DERIVED_FROM_REAL
20242025,2024020440,2024-12-08,NJD,COL,0.589162,0.410838,NJD,0,COL,0,0,REAL_NHL_API_OR_DERIVED_FROM_REAL
20242025,2024020441,2024-12-08,PHI,UTA,0.544665,0.455335,PHI,0,UTA,0,0,REAL_NHL_API_OR_DERIVED_FROM_REAL
20242025,2024020442,2024-12-08,DAL,CGY,0.529869,0.470131,DAL,1,DAL,1,0,REAL_NHL_API_OR_DERIVED_FROM_REAL
20242025,2024020443,2024-12-09,BUF,DET,0.598086,0.401914,BUF,0,DET,0,0,REAL_NHL_API_OR_DERIVED_FROM_REAL
20242025,2024020444,2024-12-09,NYR,CHI,0.596632,0.403368,NYR,0,CHI,0,0,REAL_NHL_API_OR_DERIVED_FROM_REAL
20242025,2024020445,2024-12-09,MTL,ANA,0.523939,0.476061,MTL,1,MTL,1,0,REAL_NHL_API_OR_DERIVED_FROM_REAL
20242025,2024020446,2024-12-10,NJD,TOR,0.514371,0.485629,NJD,0,TOR,0,0,REAL_NHL_API_OR_DERIVED_FROM_REAL
20242025,2024020447,2024-12-10,PIT,COL,0.565805,0.434195,PIT,0,COL,0,0,REAL_NHL_API_OR_DERIVED_FROM_REAL
20242025,2024020448,2024-12-10,CAR,SJS,0.578267,0.421733,CAR,1,CAR,1,0,REAL_NHL_API_OR_DERIVED_FROM_REAL
20242025,2024020449,2024-12-10,CBJ,PHI,0.535696,0.464304,CBJ,0,PHI,0,0,REAL_NHL_API_OR_DERIVED_FROM_REAL
20242025,2024020450,2024-12-10,NYI,LAK,0.459544,0.540456,LAK,0,LAK,1,0,REAL_NHL_API_OR_DERIVED_FROM_REAL
20242025,2024020451,2024-12-10,NSH,CGY,0.545153,0.454847,NSH,0,CGY,0,0,REAL_NHL_API_OR_DERIVED_FROM_REAL
20242025,2024020452,2024-12-10,WPG,BOS,0.504781,0.495219,WPG,1,WPG,1,0,REAL_NHL_API_OR_DERIVED_FROM_REAL
20242025,2024020453,2024-12-10,EDM,TBL,0.516529,0.483471,EDM,1,EDM,1,0,REAL_NHL_API_OR_DERIVED_FROM_REAL
20242025,2024020454,2024-12-10,UTA,MIN,0.533324,0.466676,UTA,0,MIN,0,0,REAL_NHL_API_OR_DERIVED_FROM_REAL
20242025,2024020455,2024-12-10,VAN,STL,0.547876,0.452124,VAN,0,STL,0,0,REAL_NHL_API_OR_DERIVED_FROM_REAL
20242025,2024020456,2024-12-10,SEA,FLA,0.588035,0.411965,SEA,0,FLA,0,0,REAL_NHL_API_OR_DERIVED_FROM_REAL
20242025,2024020457,2024-12-11,BUF,NYR,0.500652,0.499348,BUF,0,NYR,0,0,REAL_NHL_API_OR_DERIVED_FROM_REAL
20242025,2024020458,2024-12-11,OTT,ANA,0.530008,0.469992,OTT,1,OTT,1,0,REAL_NHL_API_OR_DERIVED_FROM_REAL
20242025,2024020459,2024-12-12,TOR,ANA,0.412038,0.587962,ANA,1,TOR,0,0,REAL_NHL_API_OR_DERIVED_FROM_REAL
20242025,2024020460,2024-12-12,MTL,PIT,0.320019,0.679981,PIT,0,PIT,1,0,REAL_NHL_API_OR_DERIVED_FROM_REAL
20242025,2024020461,2024-12-12,NJD,LAK,0.506665,0.493335,NJD,1,NJD,1,0,REAL_NHL_API_OR_DERIVED_FROM_REAL
20242025,2024020462,2024-12-12,PHI,DET,0.561812,0.438188,PHI,1,PHI,1,0,REAL_NHL_API_OR_DERIVED_FROM_REAL
20242025,2024020463,2024-12-12,CBJ,WSH,0.464883,0.535117,WSH,0,WSH,1,0,REAL_NHL_API_OR_DERIVED_FROM_REAL
20242025,2024020464,2024-12-12,NYI,CHI,0.662653,0.337347,NYI,1,NYI,1,0,REAL_NHL_API_OR_DERIVED_FROM_REAL
20242025,2024020465,2024-12-12,STL,SJS,0.60577,0.39423,STL,0,SJS,0,0,REAL_NHL_API_OR_DERIVED_FROM_REAL
20242025,2024020466,2024-12-12,DAL,NSH,0.644135,0.355865,DAL,0,NSH,0,0,REAL_NHL_API_OR_DERIVED_FROM_REAL
20242025,2024020467,2024-12-12,MIN,EDM,0.356789,0.643211,EDM,0,EDM,1,0,REAL_NHL_API_OR_DERIVED_FROM_REAL
20242025,2024020468,2024-12-12,WPG,VGK,0.546261,0.453739,WPG,0,VGK,0,0,REAL_NHL_API_OR_DERIVED_FROM_REAL
20242025,2024020469,2024-12-12,COL,UTA,0.540406,0.459594,COL,0,UTA,0,0,REAL_NHL_API_OR_DERIVED_FROM_REAL
20242025,2024020470,2024-12-12,CGY,TBL,0.496629,0.503371,TBL,0,TBL,1,0,REAL_NHL_API_OR_DERIVED_FROM_REAL
20242025,2024020471,2024-12-12,VAN,FLA,0.536225,0.463775,VAN,1,VAN,1,0,REAL_NHL_API_OR_DERIVED_FROM_REAL
20242025,2024020472,2024-12-12,SEA,BOS,0.577692,0.422308,SEA,1,SEA,1,0,REAL_NHL_API_OR_DERIVED_FROM_REAL
20242025,2024020473,2024-12-13,CAR,OTT,0.543347,0.456653,CAR,0,OTT,0,0,REAL_NHL_API_OR_DERIVED_FROM_REAL
20242025,2024020474,2024-12-14,NJD,CHI,0.574052,0.425948,NJD,1,NJD,1,0,REAL_NHL_API_OR_DERIVED_FROM_REAL
20242025,2024020475,2024-12-14,NYR,LAK,0.344964,0.655036,LAK,0,LAK,1,0,REAL_NHL_API_OR_DERIVED_FROM_REAL
20242025,2024020476,2024-12-14,MIN,PHI,0.528008,0.471992,MIN,1,MIN,1,0,REAL_NHL_API_OR_DERIVED_FROM_REAL
20242025,2024020477,2024-12-14,EDM,VGK,0.604758,0.395242,EDM,1,EDM,1,0,REAL_NHL_API_OR_DERIVED_FROM_REAL
20242025,2024020478,2024-12-14,OTT,PIT,0.489136,0.510864,PIT,1,OTT,0,0,REAL_NHL_API_OR_DERIVED_FROM_REAL
20242025,2024020479,2024-12-14,DET,TOR,0.458082,0.541918,TOR,1,DET,0,0,REAL_NHL_API_OR_DERIVED_FROM_REAL
20242025,2024020480,2024-12-14,WSH,BUF,0.59397,0.40603,WSH,1,WSH,1,0,REAL_NHL_API_OR_DERIVED_FROM_REAL
20242025,2024020481,2024-12-14,CBJ,ANA,0.545851,0.454149,CBJ,0,ANA,0,0,REAL_NHL_API_OR_DERIVED_FROM_REAL
20242025,2024020482,2024-12-14,WPG,MTL,0.603914,0.396086,WPG,1,WPG,1,0,REAL_NHL_API_OR_DERIVED_FROM_REAL
20242025,2024020483,2024-12-14,DAL,STL,0.542899,0.457101,DAL,1,DAL,1,0,REAL_NHL_API_OR_DERIVED_FROM_REAL
20242025,2024020484,2024-12-14,COL,NSH,0.591562,0.408438,COL,1,COL,1,0,REAL_NHL_API_OR_DERIVED_FROM_REAL
20242025,2024020485,2024-12-14,CGY,FLA,0.531849,0.468151,CGY,1,CGY,1,0,REAL_NHL_API_OR_DERIVED_FROM_REAL
20242025,2024020486,2024-12-14,VAN,BOS,0.586373,0.413627,VAN,0,BOS,0,0,REAL_NHL_API_OR_DERIVED_FROM_REAL
20242025,2024020487,2024-12-14,SJS,UTA,0.460546,0.539454,UTA,0,UTA,1,0,REAL_NHL_API_OR_DERIVED_FROM_REAL
20242025,2024020488,2024-12-14,SEA,TBL,0.525026,0.474974,SEA,0,TBL,0,0,REAL_NHL_API_OR_DERIVED_FROM_REAL
20242025,2024020489,2024-12-15,CHI,NYI,0.496323,0.503677,NYI,1,CHI,0,0,REAL_NHL_API_OR_DERIVED_FROM_REAL
20242025,2024020490,2024-12-15,TOR,BUF,0.547516,0.452484,TOR,1,TOR,1,0,REAL_NHL_API_OR_DERIVED_FROM_REAL
20242025,2024020491,2024-12-15,CAR,CBJ,0.572969,0.427031,CAR,1,CAR,1,0,REAL_NHL_API_OR_DERIVED_FROM_REAL
20242025,2024020492,2024-12-15,STL,NYR,0.596584,0.403416,STL,1,STL,1,0,REAL_NHL_API_OR_DERIVED_FROM_REAL
20242025,2024020493,2024-12-15,MIN,VGK,0.498345,0.501655,VGK,0,VGK,1,0,REAL_NHL_API_OR_DERIVED_FROM_REAL
20242025,2024020494,2024-12-16,DAL,WSH,0.503204,0.496796,DAL,1,DAL,1,0,REAL_NHL_API_OR_DERIVED_FROM_REAL
20242025,2024020495,2024-12-16,EDM,FLA,0.612863,0.387137,EDM,0,FLA,0,0,REAL_NHL_API_OR_DERIVED_FROM_REAL
20242025,2024020496,2024-12-16,VAN,COL,0.43885,0.56115,COL,1,VAN,0,0,REAL_NHL_API_OR_DERIVED_FROM_REAL
20242025,2024020497,2024-12-17,MTL,BUF,0.660062,0.339938,MTL,1,MTL,1,0,REAL_NHL_API_OR_DERIVED_FROM_REAL
20242025,2024020498,2024-12-17,TBL,CBJ,0.651196,0.348804,TBL,1,TBL,1,0,REAL_NHL_API_OR_DERIVED_FROM_REAL
20242025,2024020499,2024-12-17,PIT,LAK,0.524656,0.475344,PIT,1,PIT,1,0,REAL_NHL_API_OR_DERIVED_FROM_REAL
20242025,2024020500,2024-12-17,CAR,NYI,0.700996,0.299004,CAR,1,CAR,1,0,REAL_NHL_API_OR_DERIVED_FROM_REAL
20242025,2024020501,2024-12-17,STL,NJD,0.551456,0.448544,STL,0,NJD,0,0,REAL_NHL_API_OR_DERIVED_FROM_REAL
20242025,2024020502,2024-12-17,NSH,NYR,0.554663,0.445337,NSH,1,NSH,1,0,REAL_NHL_API_OR_DERIVED_FROM_REAL
20242025,2024020503,2024-12-17,CHI,WSH,0.474136,0.525864,WSH,1,CHI,0,0,REAL_NHL_API_OR_DERIVED_FROM_REAL
20242025,2024020504,2024-12-17,CGY,BOS,0.506177,0.493823,CGY,0,BOS,0,0,REAL_NHL_API_OR_DERIVED_FROM_REAL
20242025,2024020505,2024-12-17,SEA,OTT,0.576387,0.423613,SEA,0,OTT,0,0,REAL_NHL_API_OR_DERIVED_FROM_REAL
20242025,2024020506,2024-12-17,SJS,WPG,0.465891,0.534109,WPG,0,WPG,1,0,REAL_NHL_API_OR_DERIVED_FROM_REAL
20242025,2024020507,2024-12-18,DET,PHI,0.50917,0.49083,DET,1,DET,1,0,REAL_NHL_API_OR_DERIVED_FROM_REAL
20242025,2024020508,2024-12-18,DAL,TOR,0.339905,0.660095,TOR,0,TOR,1,0,REAL_NHL_API_OR_DERIVED_FROM_REAL
20242025,2024020509,2024-12-18,MIN,FLA,0.529709,0.470291,MIN,0,FLA,0,0,REAL_NHL_API_OR_DERIVED_FROM_REAL
20242025,2024020510,2024-12-18,UTA,VAN,0.540041,0.459959,UTA,1,UTA,1,0,REAL_NHL_API_OR_DERIVED_FROM_REAL
20242025,2024020511,2024-12-18,ANA,WPG,0.441416,0.558584,WPG,1,ANA,0,0,REAL_NHL_API_OR_DERIVED_FROM_REAL
20242025,2024020512,2024-12-19,TBL,STL,0.760249,0.239751,TBL,1,TBL,1,0,REAL_NHL_API_OR_DERIVED_FROM_REAL
20242025,2024020513,2024-12-19,PHI,LAK,0.531921,0.468079,PHI,0,LAK,0,0,REAL_NHL_API_OR_DERIVED_FROM_REAL
20242025,2024020514,2024-12-19,CBJ,NJD,0.5075,0.4925,CBJ,1,CBJ,1,0,REAL_NHL_API_OR_DERIVED_FROM_REAL
20242025,2024020515,2024-12-19,NSH,PIT,0.477112,0.522888,PIT,0,PIT,1,0,REAL_NHL_API_OR_DERIVED_FROM_REAL
20242025,2024020516,2024-12-19,CHI,SEA,0.464179,0.535821,SEA,1,CHI,0,0,REAL_NHL_API_OR_DERIVED_FROM_REAL
20242025,2024020517,2024-12-19,CGY,OTT,0.498732,0.501268,OTT,0,OTT,1,0,REAL_NHL_API_OR_DERIVED_FROM_REAL
20242025,2024020518,2024-12-19,EDM,BOS,0.588972,0.411028,EDM,1,EDM,1,0,REAL_NHL_API_OR_DERIVED_FROM_REAL
20242025,2024020519,2024-12-19,VGK,VAN,0.522217,0.477783,VGK,1,VGK,1,0,REAL_NHL_API_OR_DERIVED_FROM_REAL
20242025,2024020520,2024-12-19,SJS,COL,0.456272,0.543728,COL,0,COL,1,0,REAL_NHL_API_OR_DERIVED_FROM_REAL
20242025,2024020521,2024-12-20,BUF,TOR,0.335752,0.664248,TOR,0,TOR,1,0,REAL_NHL_API_OR_DERIVED_FROM_REAL
20242025,2024020522,2024-12-20,DET,MTL,0.571707,0.428293,DET,0,MTL,0,0,REAL_NHL_API_OR_DERIVED_FROM_REAL
20242025,2024020523,2024-12-20,FLA,STL,0.520137,0.479863,FLA,1,FLA,1,0,REAL_NHL_API_OR_DERIVED_FROM_REAL
20242025,2024020524,2024-12-20,WSH,CAR,0.555529,0.444471,WSH,1,WSH,1,0,REAL_NHL_API_OR_DERIVED_FROM_REAL
20242025,2024020525,2024-12-20,DAL,NYR,0.535334,0.464666,DAL,0,NYR,0,0,REAL_NHL_API_OR_DERIVED_FROM_REAL
20242025,2024020526,2024-12-20,MIN,UTA,0.487773,0.512227,UTA,0,UTA,1,0,REAL_NHL_API_OR_DERIVED_FROM_REAL
20242025,2024020527,2024-12-20,ANA,COL,0.408643,0.591357,COL,0,COL,1,0,REAL_NHL_API_OR_DERIVED_FROM_REAL
20242025,2024020528,2024-12-21,NSH,LAK,0.499774,0.500226,LAK,1,NSH,0,0,REAL_NHL_API_OR_DERIVED_FROM_REAL
20242025,2024020529,2024-12-21,CGY,CHI,0.489994,0.510006,CHI,1,CGY,0,0,REAL_NHL_API_OR_DERIVED_FROM_REAL
20242025,2024020530,2024-12-21,EDM,SJS,0.608249,0.391751,EDM,1,EDM,1,0,REAL_NHL_API_OR_DERIVED_FROM_REAL
20242025,2024020531,2024-12-21,BOS,BUF,0.563211,0.436789,BOS,1,BOS,1,0,REAL_NHL_API_OR_DERIVED_FROM_REAL
20242025,2024020532,2024-12-21,TOR,NYI,0.567055,0.432945,TOR,0,NYI,0,0,REAL_NHL_API_OR_DERIVED_FROM_REAL
20242025,2024020533,2024-12-21,MTL,DET,0.47951,0.52049,DET,1,MTL,0,0,REAL_NHL_API_OR_DERIVED_FROM_REAL
20242025,2024020534,2024-12-21,NJD,PIT,0.520911,0.479089,NJD,1,NJD,1,0,REAL_NHL_API_OR_DERIVED_FROM_REAL
20242025,2024020535,2024-12-21,PHI,CBJ,0.533985,0.466015,PHI,1,PHI,1,0,REAL_NHL_API_OR_DERIVED_FROM_REAL
20242025,2024020536,2024-12-21,WPG,MIN,0.621665,0.378335,WPG,1,WPG,1,0,REAL_NHL_API_OR_DERIVED_FROM_REAL
20242025,2024020537,2024-12-21,VAN,OTT,0.514286,0.485714,VAN,0,OTT,0,0,REAL_NHL_API_OR_DERIVED_FROM_REAL
20242025,2024020538,2024-12-21,VGK,SEA,0.552945,0.447055,VGK,1,VGK,1,0,REAL_NHL_API_OR_DERIVED_FROM_REAL
20242025,2024020539,2024-12-22,NYR,CAR,0.53366,0.46634,NYR,0,CAR,0,0,REAL_NHL_API_OR_DERIVED_FROM_REAL
20242025,2024020540,2024-12-22,TBL,FLA,0.590219,0.409781,TBL,0,FLA,0,0,REAL_NHL_API_OR_DERIVED_FROM_REAL
20242025,2024020541,2024-12-22,WSH,LAK,0.553276,0.446724,WSH,1,WSH,1,0,REAL_NHL_API_OR_DERIVED_FROM_REAL
20242025,2024020542,2024-12-22,UTA,ANA,0.563778,0.436222,UTA,0,ANA,0,0,REAL_NHL_API_OR_DERIVED_FROM_REAL
20242025,2024020543,2024-12-22,COL,SEA,0.557606,0.442394,COL,1,COL,1,0,REAL_NHL_API_OR_DERIVED_FROM_REAL
20242025,2024020544,2024-12-22,EDM,OTT,0.748357,0.251643,EDM,1,EDM,1,0,REAL_NHL_API_OR_DERIVED_FROM_REAL
20242025,2024020545,2024-12-23,NJD,NYR,0.59967,0.40033,NJD,1,NJD,1,0,REAL_NHL_API_OR_DERIVED_FROM_REAL
20242025,2024020546,2024-12-23,TOR,WPG,0.569877,0.430123,TOR,0,WPG,0,0,REAL_NHL_API_OR_DERIVED_FROM_REAL
20242025,2024020547,2024-12-23,BOS,WSH,0.525187,0.474813,BOS,1,BOS,1,0,REAL_NHL_API_OR_DERIVED_FROM_REAL
20242025,2024020548,2024-12-23,DET,STL,0.557935,0.442065,DET,0,STL,0,0,REAL_NHL_API_OR_DERIVED_FROM_REAL
20242025,2024020549,2024-12-23,FLA,TBL,0.506095,0.493905,FLA,0,TBL,0,0,REAL_NHL_API_OR_DERIVED_FROM_REAL
20242025,2024020550,2024-12-23,PIT,PHI,0.759618,0.240382,PIT,1,PIT,1,0,REAL_NHL_API_OR_DERIVED_FROM_REAL
20242025,2024020551,2024-12-23,CBJ,MTL,0.566325,0.433675,CBJ,1,CBJ,1,0,REAL_NHL_API_OR_DERIVED_FROM_REAL
20242025,2024020552,2024-12-23,NYI,BUF,0.565849,0.434151,NYI,0,BUF,0,0,REAL_NHL_API_OR_DERIVED_FROM_REAL
20242025,2024020553,2024-12-23,NSH,CAR,0.531114,0.468886,NSH,1,NSH,1,0,REAL_NHL_API_OR_DERIVED_FROM_REAL
20242025,2024020554,2024-12-23,MIN,CHI,0.555318,0.444682,MIN,1,MIN,1,0,REAL_NHL_API_OR_DERIVED_FROM_REAL
20242025,2024020555,2024-12-23,VAN,SJS,0.558074,0.441926,VAN,1,VAN,1,0,REAL_NHL_API_OR_DERIVED_FROM_REAL
20242025,2024020556,2024-12-23,UTA,DAL,0.540486,0.459514,UTA,0,DAL,0,0,REAL_NHL_API_OR_DERIVED_FROM_REAL
20242025,2024020557,2024-12-23,VGK,ANA,0.714858,0.285142,VGK,1,VGK,1,0,REAL_NHL_API_OR_DERIVED_FROM_REAL
20242025,2024020558,2024-12-27,BUF,CHI,0.72564,0.27436,BUF,1,BUF,1,0,REAL_NHL_API_OR_DERIVED_FROM_REAL
20242025,2024020559,2024-12-27,DET,TOR,0.296597,0.703403,TOR,0,TOR,1,0,REAL_NHL_API_OR_DERIVED_FROM_REAL
20242025,2024020560,2024-12-27,NJD,CAR,0.540836,0.459164,NJD,1,NJD,1,0,REAL_NHL_API_OR_DERIVED_FROM_REAL
20242025,2024020561,2024-12-27,CBJ,BOS,0.476844,0.523156,BOS,1,CBJ,0,0,REAL_NHL_API_OR_DERIVED_FROM_REAL
20242025,2024020562,2024-12-27,STL,NSH,0.680841,0.319159,STL,1,STL,1,0,REAL_NHL_API_OR_DERIVED_FROM_REAL
20242025,2024020563,2024-12-27,DAL,MIN,0.568748,0.431252,DAL,0,MIN,0,0,REAL_NHL_API_OR_DERIVED_FROM_REAL
20242025,2024020564,2024-12-27,UTA,COL,0.505593,0.494407,UTA,0,COL,0,0,REAL_NHL_API_OR_DERIVED_FROM_REAL
20242025,2024020565,2024-12-27,SJS,VGK,0.45157,0.54843,VGK,0,VGK,1,0,REAL_NHL_API_OR_DERIVED_FROM_REAL
20242025,2024020566,2024-12-28,FLA,MTL,0.483227,0.516773,MTL,0,MTL,1,0,REAL_NHL_API_OR_DERIVED_FROM_REAL
20242025,2024020567,2024-12-28,VAN,SEA,0.526518,0.473482,VAN,0,SEA,0,0,REAL_NHL_API_OR_DERIVED_FROM_REAL
20242025,2024020568,2024-12-28,ANA,PHI,0.526817,0.473183,ANA,0,PHI,0,0,REAL_NHL_API_OR_DERIVED_FROM_REAL
20242025,2024020569,2024-12-28,LAK,EDM,0.515534,0.484466,LAK,1,LAK,1,0,REAL_NHL_API_OR_DERIVED_FROM_REAL
20242025,2024020570,2024-12-28,BOS,CBJ,0.57828,0.42172,BOS,1,BOS,1,0,REAL_NHL_API_OR_DERIVED_FROM_REAL
20242025,2024020571,2024-12-28,TOR,WSH,0.588799,0.411201,TOR,0,WSH,0,0,REAL_NHL_API_OR_DERIVED_FROM_REAL
20242025,2024020572,2024-12-28,TBL,NYR,0.75066,0.24934,TBL,1,TBL,1,0,REAL_NHL_API_OR_DERIVED_FROM_REAL
20242025,2024020573,2024-12-28,CAR,NJD,0.491865,0.508135,NJD,1,CAR,0,0,REAL_NHL_API_OR_DERIVED_FROM_REAL
20242025,2024020574,2024-12-28,WPG,OTT,0.602712,0.397288,WPG,1,WPG,1,0,REAL_NHL_API_OR_DERIVED_FROM_REAL
20242025,2024020575,2024-12-28,NYI,PIT,0.500133,0.499867,NYI,1,NYI,1,0,REAL_NHL_API_OR_DERIVED_FROM_REAL
20242025,2024020576,2024-12-28,SJS,CGY,0.527421,0.472579,SJS,0,CGY,0,0,REAL_NHL_API_OR_DERIVED_FROM_REAL
20242025,2024020577,2024-12-29,CHI,DAL,0.458053,0.541947,DAL,0,DAL,1,0,REAL_NHL_API_OR_DERIVED_FROM_REAL
20242025,2024020578,2024-12-29,ANA,EDM,0.437426,0.562574,EDM,1,ANA,0,0,REAL_NHL_API_OR_DERIVED_FROM_REAL
20242025,2024020579,2024-12-29,DET,WSH,0.478401,0.521599,WSH,1,DET,0,0,REAL_NHL_API_OR_DERIVED_FROM_REAL
20242025,2024020580,2024-12-29,TBL,MTL,0.53786,0.46214,TBL,0,MTL,0,0,REAL_NHL_API_OR_DERIVED_FROM_REAL
20242025,2024020581,2024-12-29,PIT,NYI,0.585012,0.414988,PIT,1,PIT,1,0,REAL_NHL_API_OR_DERIVED_FROM_REAL
20242025,2024020582,2024-12-29,STL,BUF,0.522737,0.477263,STL,0,BUF,0,0,REAL_NHL_API_OR_DERIVED_FROM_REAL
20242025,2024020583,2024-12-29,MIN,OTT,0.554184,0.445816,MIN,0,OTT,0,0,REAL_NHL_API_OR_DERIVED_FROM_REAL
20242025,2024020584,2024-12-29,VGK,CGY,0.569203,0.430797,VGK,1,VGK,1,0,REAL_NHL_API_OR_DERIVED_FROM_REAL
20242025,2024020585,2024-12-29,LAK,PHI,0.546614,0.453386,LAK,1,LAK,1,0,REAL_NHL_API_OR_DERIVED_FROM_REAL
20242025,2024020586,2024-12-30,FLA,NYR,0.577847,0.422153,FLA,1,FLA,1,0,REAL_NHL_API_OR_DERIVED_FROM_REAL
20242025,2024020587,2024-12-30,WPG,NSH,0.60125,0.39875,WPG,1,WPG,1,0,REAL_NHL_API_OR_DERIVED_FROM_REAL
20242025,2024020588,2024-12-30,SEA,UTA,0.515806,0.484194,SEA,1,SEA,1,0,REAL_NHL_API_OR_DERIVED_FROM_REAL
20242025,2024020589,2024-12-31,WSH,BOS,0.532558,0.467442,WSH,1,WSH,1,0,REAL_NHL_API_OR_DERIVED_FROM_REAL
20242025,2024020590,2024-12-31,TOR,NYI,0.581532,0.418468,TOR,1,TOR,1,0,REAL_NHL_API_OR_DERIVED_FROM_REAL
20242025,2024020591,2024-12-31,VGK,MTL,0.577709,0.422291,VGK,0,MTL,0,0,REAL_NHL_API_OR_DERIVED_FROM_REAL
20242025,2024020592,2024-12-31,CHI,STL,0.50696,0.49304,CHI,0,STL,0,0,REAL_NHL_API_OR_DERIVED_FROM_REAL
20242025,2024020593,2024-12-31,DET,PIT,0.457038,0.542962,PIT,1,DET,0,0,REAL_NHL_API_OR_DERIVED_FROM_REAL
20242025,2024020594,2024-12-31,CBJ,CAR,0.538789,0.461211,CBJ,1,CBJ,1,0,REAL_NHL_API_OR_DERIVED_FROM_REAL
20242025,2024020595,2024-12-31,DAL,BUF,0.559792,0.440208,DAL,1,DAL,1,0,REAL_NHL_API_OR_DERIVED_FROM_REAL
20242025,2024020596,2024-12-31,MIN,NSH,0.491353,0.508647,NSH,1,MIN,0,0,REAL_NHL_API_OR_DERIVED_FROM_REAL
20242025,2024020597,2024-12-31,COL,WPG,0.543784,0.456216,COL,1,COL,1,0,REAL_NHL_API_OR_DERIVED_FROM_REAL
20242025,2024020598,2024-12-31,ANA,NJD,0.480879,0.519121,NJD,1,ANA,0,0,REAL_NHL_API_OR_DERIVED_FROM_REAL
20242025,2024020599,2024-12-31,SJS,PHI,0.679689,0.320311,SJS,0,PHI,0,0,REAL_NHL_API_OR_DERIVED_FROM_REAL
20242025,2024020600,2024-12-31,CGY,VAN,0.565546,0.434454,CGY,1,CGY,1,0,REAL_NHL_API_OR_DERIVED_FROM_REAL
20242025,2024020601,2024-12-31,EDM,UTA,0.605372,0.394628,EDM,1,EDM,1,0,REAL_NHL_API_OR_DERIVED_FROM_REAL
20242025,2024020602,2025-01-01,LAK,NJD,0.56365,0.43635,LAK,1,LAK,1,0,REAL_NHL_API_OR_DERIVED_FROM_REAL
20242025,2024020603,2025-01-02,FLA,CAR,0.498355,0.501645,CAR,0,CAR,1,0,REAL_NHL_API_OR_DERIVED_FROM_REAL
20242025,2024020604,2025-01-02,NYR,BOS,0.4941,0.5059,BOS,1,NYR,0,0,REAL_NHL_API_OR_DERIVED_FROM_REAL
20242025,2024020605,2025-01-02,WSH,MIN,0.526054,0.473946,WSH,0,MIN,0,0,REAL_NHL_API_OR_DERIVED_FROM_REAL
20242025,2024020606,2025-01-02,CBJ,DET,0.550413,0.449587,CBJ,0,DET,0,0,REAL_NHL_API_OR_DERIVED_FROM_REAL
20242025,2024020607,2025-01-02,NYI,TOR,0.499092,0.500908,TOR,0,TOR,1,0,REAL_NHL_API_OR_DERIVED_FROM_REAL
20242025,2024020608,2025-01-02,DAL,OTT,0.594198,0.405802,DAL,1,DAL,1,0,REAL_NHL_API_OR_DERIVED_FROM_REAL
20242025,2024020609,2025-01-02,WPG,ANA,0.619646,0.380354,WPG,0,ANA,0,0,REAL_NHL_API_OR_DERIVED_FROM_REAL
20242025,2024020610,2025-01-02,COL,BUF,0.39611,0.60389,BUF,1,COL,0,0,REAL_NHL_API_OR_DERIVED_FROM_REAL
20242025,2024020611,2025-01-02,CGY,UTA,0.578337,0.421663,CGY,0,UTA,0,0,REAL_NHL_API_OR_DERIVED_FROM_REAL
20242025,2024020612,2025-01-02,VGK,PHI,0.575698,0.424302,VGK,1,VGK,1,0,REAL_NHL_API_OR_DERIVED_FROM_REAL
20242025,2024020613,2025-01-02,SEA,VAN,0.707496,0.292504,SEA,0,VAN,0,0,REAL_NHL_API_OR_DERIVED_FROM_REAL
20242025,2024020614,2025-01-02,SJS,TBL,0.436018,0.563982,TBL,1,SJS,0,0,REAL_NHL_API_OR_DERIVED_FROM_REAL
20242025,2024020615,2025-01-03,FLA,PIT,0.505574,0.494426,FLA,1,FLA,1,0,REAL_NHL_API_OR_DERIVED_FROM_REAL
20242025,2024020616,2025-01-03,CHI,MTL,0.522672,0.477328,CHI,1,CHI,1,0,REAL_NHL_API_OR_DERIVED_FROM_REAL
20242025,2024020617,2025-01-03,STL,OTT,0.57755,0.42245,STL,1,STL,1,0,REAL_NHL_API_OR_DERIVED_FROM_REAL
20242025,2024020618,2025-01-03,EDM,ANA,0.61448,0.38552,EDM,1,EDM,1,0,REAL_NHL_API_OR_DERIVED_FROM_REAL
20242025,2024020619,2025-01-03,VAN,NSH,0.477681,0.522319,NSH,0,NSH,1,0,REAL_NHL_API_OR_DERIVED_FROM_REAL
20242025,2024020620,2025-01-04,WSH,NYR,0.603119,0.396881,WSH,1,WSH,1,0,REAL_NHL_API_OR_DERIVED_FROM_REAL
20242025,2024020621,2025-01-04,WPG,DET,0.578732,0.421268,WPG,0,DET,0,0,REAL_NHL_API_OR_DERIVED_FROM_REAL
20242025,2024020622,2025-01-04,SJS,NJD,0.460873,0.539127,NJD,1,SJS,0,0,REAL_NHL_API_OR_DERIVED_FROM_REAL
20242025,2024020623,2025-01-04,TOR,BOS,0.541707,0.458293,TOR,1,TOR,1,0,REAL_NHL_API_OR_DERIVED_FROM_REAL
20242025,2024020624,2025-01-04,CAR,MIN,0.497189,0.502811,MIN,0,MIN,1,0,REAL_NHL_API_OR_DERIVED_FROM_REAL
20242025,2024020625,2025-01-04,CBJ,STL,0.536967,0.463033,CBJ,1,CBJ,1,0,REAL_NHL_API_OR_DERIVED_FROM_REAL
20242025,2024020626,2025-01-04,COL,MTL,0.549083,0.450917,COL,0,MTL,0,0,REAL_NHL_API_OR_DERIVED_FROM_REAL
20242025,2024020627,2025-01-04,CGY,NSH,0.531533,0.468467,CGY,0,NSH,0,0,REAL_NHL_API_OR_DERIVED_FROM_REAL
20242025,2024020628,2025-01-04,DAL,UTA,0.580525,0.419475,DAL,1,DAL,1,0,REAL_NHL_API_OR_DERIVED_FROM_REAL
20242025,2024020629,2025-01-04,LAK,TBL,0.54087,0.45913,LAK,1,LAK,1,0,REAL_NHL_API_OR_DERIVED_FROM_REAL
20242025,2024020630,2025-01-04,VGK,BUF,0.520485,0.479515,VGK,1,VGK,1,0,REAL_NHL_API_OR_DERIVED_FROM_REAL
20242025,2024020631,2025-01-04,SEA,EDM,0.463372,0.536628,EDM,0,EDM,1,0,REAL_NHL_API_OR_DERIVED_FROM_REAL
20242025,2024020632,2025-01-05,CHI,NYR,0.505155,0.494845,CHI,0,NYR,0,0,REAL_NHL_API_OR_DERIVED_FROM_REAL
20242025,2024020633,2025-01-05,BOS,NYI,0.575308,0.424692,BOS,0,NYI,0,0,REAL_NHL_API_OR_DERIVED_FROM_REAL
20242025,2024020634,2025-01-05,CAR,PIT,0.522576,0.477424,CAR,1,CAR,1,0,REAL_NHL_API_OR_DERIVED_FROM_REAL
20242025,2024020635,2025-01-05,TOR,PHI,0.634139,0.365861,TOR,1,TOR,1,0,REAL_NHL_API_OR_DERIVED_FROM_REAL
20242025,2024020636,2025-01-05,ANA,TBL,0.511476,0.488524,ANA,1,ANA,1,0,REAL_NHL_API_OR_DERIVED_FROM_REAL
20242025,2024020637,2025-01-06,BUF,WSH,0.505722,0.494278,BUF,1,BUF,1,0,REAL_NHL_API_OR_DERIVED_FROM_REAL
20242025,2024020638,2025-01-06,MTL,VAN,0.501064,0.498936,MTL,1,MTL,1,0,REAL_NHL_API_OR_DERIVED_FROM_REAL
20242025,2024020639,2025-01-06,COL,FLA,0.575275,0.424725,COL,1,COL,1,0,REAL_NHL_API_OR_DERIVED_FROM_REAL
20242025,2024020640,2025-01-06,SEA,NJD,0.52942,0.47058,SEA,0,NJD,0,0,REAL_NHL_API_OR_DERIVED_FROM_REAL
20242025,2024020029,2025-01-07,TBL,CAR,0.524741,0.475259,TBL,1,TBL,1,0,REAL_NHL_API_OR_DERIVED_FROM_REAL
20242025,2024020641,2025-01-07,BOS,EDM,0.657703,0.342297,BOS,0,EDM,0,0,REAL_NHL_API_OR_DERIVED_FROM_REAL
20242025,2024020642,2025-01-07,DET,OTT,0.393599,0.606401,OTT,1,DET,0,0,REAL_NHL_API_OR_DERIVED_FROM_REAL
20242025,2024020643,2025-01-07,NYR,DAL,0.500504,0.499496,NYR,0,DAL,0,0,REAL_NHL_API_OR_DERIVED_FROM_REAL
20242025,2024020644,2025-01-07,PHI,TOR,0.432192,0.567808,TOR,0,TOR,1,0,REAL_NHL_API_OR_DERIVED_FROM_REAL
20242025,2024020645,2025-01-07,PIT,CBJ,0.547922,0.452078,PIT,0,CBJ,0,0,REAL_NHL_API_OR_DERIVED_FROM_REAL
20242025,2024020646,2025-01-07,MIN,STL,0.343329,0.656671,STL,1,MIN,0,0,REAL_NHL_API_OR_DERIVED_FROM_REAL
20242025,2024020647,2025-01-07,WPG,NSH,0.571366,0.428634,WPG,1,WPG,1,0,REAL_NHL_API_OR_DERIVED_FROM_REAL
20242025,2024020648,2025-01-07,ANA,CGY,0.52116,0.47884,ANA,0,CGY,0,0,REAL_NHL_API_OR_DERIVED_FROM_REAL
20242025,2024020649,2025-01-07,SJS,VGK,0.415778,0.584222,VGK,0,VGK,1,0,REAL_NHL_API_OR_DERIVED_FROM_REAL
20242025,2024020650,2025-01-08,WSH,VAN,0.594895,0.405105,WSH,1,WSH,1,0,REAL_NHL_API_OR_DERIVED_FROM_REAL
20242025,2024020651,2025-01-08,CHI,COL,0.43647,0.56353,COL,1,CHI,0,0,REAL_NHL_API_OR_DERIVED_FROM_REAL
20242025,2024020652,2025-01-08,UTA,FLA,0.523972,0.476028,UTA,0,FLA,0,0,REAL_NHL_API_OR_DERIVED_FROM_REAL
20242025,2024020654,2025-01-09,OTT,BUF,0.465383,0.534617,BUF,0,BUF,1,0,REAL_NHL_API_OR_DERIVED_FROM_REAL
20242025,2024020655,2025-01-09,TBL,BOS,0.529415,0.470585,TBL,1,TBL,1,0,REAL_NHL_API_OR_DERIVED_FROM_REAL
20242025,2024020656,2025-01-09,NYR,NJD,0.526261,0.473739,NYR,1,NYR,1,0,REAL_NHL_API_OR_DERIVED_FROM_REAL
20242025,2024020657,2025-01-09,PHI,DAL,0.437458,0.562542,DAL,0,DAL,1,0,REAL_NHL_API_OR_DERIVED_FROM_REAL
20242025,2024020658,2025-01-09,PIT,EDM,0.459657,0.540343,EDM,1,PIT,0,0,REAL_NHL_API_OR_DERIVED_FROM_REAL
20242025,2024020659,2025-01-09,CAR,TOR,0.492276,0.507724,TOR,1,CAR,0,0,REAL_NHL_API_OR_DERIVED_FROM_REAL
20242025,2024020660,2025-01-09,CBJ,SEA,0.561763,0.438237,CBJ,1,CBJ,1,0,REAL_NHL_API_OR_DERIVED_FROM_REAL
20242025,2024020661,2025-01-09,STL,ANA,0.738389,0.261611,STL,1,STL,1,0,REAL_NHL_API_OR_DERIVED_FROM_REAL
20242025,2024020662,2025-01-09,MIN,COL,0.52893,0.47107,MIN,0,COL,0,0,REAL_NHL_API_OR_DERIVED_FROM_REAL
20242025,2024020663,2025-01-09,VGK,NYI,0.577329,0.422671,VGK,0,NYI,0,0,REAL_NHL_API_OR_DERIVED_FROM_REAL
20242025,2024020664,2025-01-10,DET,CHI,0.616343,0.383657,DET,1,DET,1,0,REAL_NHL_API_OR_DERIVED_FROM_REAL
20242025,2024020665,2025-01-10,WSH,MTL,0.483989,0.516011,MTL,0,MTL,1,0,REAL_NHL_API_OR_DERIVED_FROM_REAL
20242025,2024020666,2025-01-10,CAR,VAN,0.552091,0.447909,CAR,1,CAR,1,0,REAL_NHL_API_OR_DERIVED_FROM_REAL
20242025,2024020667,2025-01-10,WPG,LAK,0.498127,0.501873,LAK,0,LAK,1,0,REAL_NHL_API_OR_DERIVED_FROM_REAL
20242025,2024020668,2025-01-10,UTA,SJS,0.558642,0.441358,UTA,1,UTA,1,0,REAL_NHL_API_OR_DERIVED_FROM_REAL
20242025,2024020669,2025-01-11,FLA,BOS,0.544988,0.455012,FLA,0,BOS,0,0,REAL_NHL_API_OR_DERIVED_FROM_REAL
20242025,2024020670,2025-01-11,BUF,SEA,0.502214,0.497786,BUF,0,SEA,0,0,REAL_NHL_API_OR_DERIVED_FROM_REAL
20242025,2024020671,2025-01-11,PIT,OTT,0.431548,0.568452,OTT,0,OTT,1,0,REAL_NHL_API_OR_DERIVED_FROM_REAL
20242025,2024020672,2025-01-11,TOR,VAN,0.564992,0.435008,TOR,0,VAN,0,0,REAL_NHL_API_OR_DERIVED_FROM_REAL
20242025,2024020673,2025-01-11,MTL,DAL,0.486483,0.513517,DAL,0,DAL,1,0,REAL_NHL_API_OR_DERIVED_FROM_REAL
20242025,2024020674,2025-01-11,NJD,TBL,0.509421,0.490579,NJD,1,NJD,1,0,REAL_NHL_API_OR_DERIVED_FROM_REAL
20242025,2024020675,2025-01-11,PHI,ANA,0.530899,0.469101,PHI,1,PHI,1,0,REAL_NHL_API_OR_DERIVED_FROM_REAL
20242025,2024020676,2025-01-11,CHI,EDM,0.445326,0.554674,EDM,0,EDM,1,0,REAL_NHL_API_OR_DERIVED_FROM_REAL
20242025,2024020677,2025-01-11,STL,CBJ,0.530236,0.469764,STL,0,CBJ,0,0,REAL_NHL_API_OR_DERIVED_FROM_REAL
20242025,2024020678,2025-01-11,WPG,COL,0.547238,0.452762,WPG,1,WPG,1,0,REAL_NHL_API_OR_DERIVED_FROM_REAL
20242025,2024020679,2025-01-11,NSH,WSH,0.482514,0.517486,WSH,0,WSH,1,0,REAL_NHL_API_OR_DERIVED_FROM_REAL
20242025,2024020680,2025-01-11,UTA,NYI,0.503591,0.496409,UTA,0,NYI,0,0,REAL_NHL_API_OR_DERIVED_FROM_REAL
20242025,2024020681,2025-01-11,CGY,LAK,0.4934,0.5066,LAK,1,CGY,0,0,REAL_NHL_API_OR_DERIVED_FROM_REAL
20242025,2024020682,2025-01-11,VGK,NYR,0.595171,0.404829,VGK,0,NYR,0,0,REAL_NHL_API_OR_DERIVED_FROM_REAL
20242025,2024020683,2025-01-11,SJS,MIN,0.489646,0.510354,MIN,0,MIN,1,0,REAL_NHL_API_OR_DERIVED_FROM_REAL
20242025,2024020684,2025-01-12,DET,SEA,0.709721,0.290279,DET,1,DET,1,0,REAL_NHL_API_OR_DERIVED_FROM_REAL
20242025,2024020685,2025-01-12,OTT,DAL,0.460796,0.539204,DAL,1,OTT,0,0,REAL_NHL_API_OR_DERIVED_FROM_REAL
20242025,2024020686,2025-01-12,PIT,TBL,0.55091,0.44909,PIT,0,TBL,0,0,REAL_NHL_API_OR_DERIVED_FROM_REAL
20242025,2024020687,2025-01-12,CAR,ANA,0.589853,0.410147,CAR,0,ANA,0,0,REAL_NHL_API_OR_DERIVED_FROM_REAL
20242025,2024020688,2025-01-12,VGK,MIN,0.593098,0.406902,VGK,1,VGK,1,0,REAL_NHL_API_OR_DERIVED_FROM_REAL
20242025,2024020689,2025-01-13,PHI,FLA,0.553023,0.446977,PHI,1,PHI,1,0,REAL_NHL_API_OR_DERIVED_FROM_REAL
20242025,2024020690,2025-01-13,CHI,CGY,0.468081,0.531919,CGY,0,CGY,1,0,REAL_NHL_API_OR_DERIVED_FROM_REAL
20242025,2024020691,2025-01-13,EDM,LAK,0.549103,0.450897,EDM,1,EDM,1,0,REAL_NHL_API_OR_DERIVED_FROM_REAL
20242025,2024020692,2025-01-14,BOS,TBL,0.514128,0.485872,BOS,1,BOS,1,0,REAL_NHL_API_OR_DERIVED_FROM_REAL
20242025,2024020693,2025-01-14,TOR,DAL,0.542137,0.457863,TOR,0,DAL,0,0,REAL_NHL_API_OR_DERIVED_FROM_REAL
20242025,2024020694,2025-01-14,DET,SJS,0.612021,0.387979,DET,0,SJS,0,0,REAL_NHL_API_OR_DERIVED_FROM_REAL
20242025,2024020695,2025-01-14,NJD,FLA,0.529288,0.470712,NJD,0,FLA,0,0,REAL_NHL_API_OR_DERIVED_FROM_REAL
20242025,2024020696,2025-01-14,PIT,SEA,0.576825,0.423175,PIT,0,SEA,0,0,REAL_NHL_API_OR_DERIVED_FROM_REAL
20242025,2024020697,2025-01-14,WSH,ANA,0.62328,0.37672,WSH,1,WSH,1,0,REAL_NHL_API_OR_DERIVED_FROM_REAL
20242025,2024020698,2025-01-14,CBJ,PHI,0.565532,0.434468,CBJ,1,CBJ,1,0,REAL_NHL_API_OR_DERIVED_FROM_REAL
20242025,2024020699,2025-01-14,NYI,OTT,0.643436,0.356564,NYI,0,OTT,0,0,REAL_NHL_API_OR_DERIVED_FROM_REAL
20242025,2024020700,2025-01-14,STL,CGY,0.571287,0.428713,STL,1,STL,1,0,REAL_NHL_API_OR_DERIVED_FROM_REAL
20242025,2024020701,2025-01-14,NSH,VGK,0.509366,0.490634,NSH,1,NSH,1,0,REAL_NHL_API_OR_DERIVED_FROM_REAL
20242025,2024020702,2025-01-14,WPG,VAN,0.582457,0.417543,WPG,1,WPG,1,0,REAL_NHL_API_OR_DERIVED_FROM_REAL
20242025,2024020703,2025-01-14,COL,NYR,0.534282,0.465718,COL,1,COL,1,0,REAL_NHL_API_OR_DERIVED_FROM_REAL
20242025,2024020704,2025-01-14,UTA,MTL,0.539545,0.460455,UTA,0,MTL,0,0,REAL_NHL_API_OR_DERIVED_FROM_REAL
20242025,2024020705,2025-01-15,BUF,CAR,0.499908,0.500092,CAR,1,BUF,0,0,REAL_NHL_API_OR_DERIVED_FROM_REAL
20242025,2024020706,2025-01-15,MIN,EDM,0.513963,0.486037,MIN,0,EDM,0,0,REAL_NHL_API_OR_DERIVED_FROM_REAL
20242025,2024020707,2025-01-16,TOR,NJD,0.516427,0.483573,TOR,1,TOR,1,0,REAL_NHL_API_OR_DERIVED_FROM_REAL
20242025,2024020708,2025-01-16,OTT,WSH,0.525399,0.474601,OTT,0,WSH,0,0,REAL_NHL_API_OR_DERIVED_FROM_REAL
20242025,2024020709,2025-01-16,TBL,ANA,0.599386,0.400614,TBL,1,TBL,1,0,REAL_NHL_API_OR_DERIVED_FROM_REAL
20242025,2024020710,2025-01-16,FLA,DET,0.34545,0.65455,DET,0,DET,1,0,REAL_NHL_API_OR_DERIVED_FROM_REAL
20242025,2024020711,2025-01-16,CBJ,SJS,0.584596,0.415404,CBJ,1,CBJ,1,0,REAL_NHL_API_OR_DERIVED_FROM_REAL
20242025,2024020712,2025-01-16,NYI,PHI,0.551201,0.448799,NYI,0,PHI,0,0,REAL_NHL_API_OR_DERIVED_FROM_REAL
20242025,2024020713,2025-01-16,STL,CGY,0.569828,0.430172,STL,1,STL,1,0,REAL_NHL_API_OR_DERIVED_FROM_REAL
20242025,2024020714,2025-01-16,NSH,CHI,0.592313,0.407687,NSH,1,NSH,1,0,REAL_NHL_API_OR_DERIVED_FROM_REAL
20242025,2024020715,2025-01-16,DAL,MTL,0.54839,0.45161,DAL,0,MTL,0,0,REAL_NHL_API_OR_DERIVED_FROM_REAL
20242025,2024020716,2025-01-16,WPG,SEA,0.621816,0.378184,WPG,1,WPG,1,0,REAL_NHL_API_OR_DERIVED_FROM_REAL
20242025,2024020717,2025-01-16,UTA,NYR,0.452331,0.547669,NYR,0,NYR,1,0,REAL_NHL_API_OR_DERIVED_FROM_REAL
20242025,2024020718,2025-01-16,COL,EDM,0.515765,0.484235,COL,0,EDM,0,0,REAL_NHL_API_OR_DERIVED_FROM_REAL
20242025,2024020719,2025-01-16,VAN,LAK,0.505006,0.494994,VAN,0,LAK,0,0,REAL_NHL_API_OR_DERIVED_FROM_REAL
20242025,2024020720,2025-01-17,BUF,PIT,0.535709,0.464291,BUF,0,PIT,0,0,REAL_NHL_API_OR_DERIVED_FROM_REAL
20242025,2024020721,2025-01-17,CAR,VGK,0.538999,0.461001,CAR,1,CAR,1,0,REAL_NHL_API_OR_DERIVED_FROM_REAL
20242025,2024020722,2025-01-18,NJD,PHI,0.538403,0.461597,NJD,0,PHI,0,0,REAL_NHL_API_OR_DERIVED_FROM_REAL
20242025,2024020723,2025-01-18,OTT,BOS,0.495094,0.504906,BOS,1,OTT,0,0,REAL_NHL_API_OR_DERIVED_FROM_REAL
20242025,2024020724,2025-01-18,COL,DAL,0.531965,0.468035,COL,1,COL,1,0,REAL_NHL_API_OR_DERIVED_FROM_REAL
20242025,2024020725,2025-01-18,FLA,ANA,0.562616,0.437384,FLA,1,FLA,1,0,REAL_NHL_API_OR_DERIVED_FROM_REAL
20242025,2024020726,2025-01-18,MTL,TOR,0.561191,0.438809,MTL,0,TOR,0,0,REAL_NHL_API_OR_DERIVED_FROM_REAL
20242025,2024020727,2025-01-18,TBL,DET,0.69048,0.30952,TBL,1,TBL,1,0,REAL_NHL_API_OR_DERIVED_FROM_REAL
20242025,2024020728,2025-01-18,NYR,CBJ,0.5405,0.4595,NYR,1,NYR,1,0,REAL_NHL_API_OR_DERIVED_FROM_REAL
20242025,2024020729,2025-01-18,WSH,PIT,0.577261,0.422739,WSH,1,WSH,1,0,REAL_NHL_API_OR_DERIVED_FROM_REAL
20242025,2024020730,2025-01-18,WPG,CGY,0.531393,0.468607,WPG,0,CGY,0,0,REAL_NHL_API_OR_DERIVED_FROM_REAL
20242025,2024020731,2025-01-18,NYI,SJS,0.572392,0.427608,NYI,1,NYI,1,0,REAL_NHL_API_OR_DERIVED_FROM_REAL
20242025,2024020732,2025-01-18,CHI,VGK,0.497411,0.502589,VGK,1,CHI,0,0,REAL_NHL_API_OR_DERIVED_FROM_REAL
20242025,2024020733,2025-01-18,NSH,MIN,0.576899,0.423101,NSH,1,NSH,1,0,REAL_NHL_API_OR_DERIVED_FROM_REAL
20242025,2024020734,2025-01-18,UTA,STL,0.452276,0.547724,STL,1,UTA,0,0,REAL_NHL_API_OR_DERIVED_FROM_REAL
20242025,2024020735,2025-01-18,VAN,EDM,0.437746,0.562254,EDM,1,VAN,0,0,REAL_NHL_API_OR_DERIVED_FROM_REAL
20242025,2024020736,2025-01-18,SEA,LAK,0.494005,0.505995,LAK,1,SEA,0,0,REAL_NHL_API_OR_DERIVED_FROM_REAL
20242025,2024020737,2025-01-19,NJD,OTT,0.534966,0.465034,NJD,0,OTT,0,0,REAL_NHL_API_OR_DERIVED_FROM_REAL
20242025,2024020738,2025-01-19,MTL,NYR,0.536334,0.463666,MTL,1,MTL,1,0,REAL_NHL_API_OR_DERIVED_FROM_REAL
20242025,2024020739,2025-01-19,DAL,DET,0.543981,0.456019,DAL,1,DAL,1,0,REAL_NHL_API_OR_DERIVED_FROM_REAL
20242025,2024020740,2025-01-20,BOS,SJS,0.605736,0.394264,BOS,1,BOS,1,0,REAL_NHL_API_OR_DERIVED_FROM_REAL
20242025,2024020741,2025-01-20,COL,MIN,0.620296,0.379704,COL,0,MIN,0,0,REAL_NHL_API_OR_DERIVED_FROM_REAL
20242025,2024020742,2025-01-20,SEA,BUF,0.546784,0.453216,SEA,1,SEA,1,0,REAL_NHL_API_OR_DERIVED_FROM_REAL
20242025,2024020743,2025-01-20,VGK,STL,0.491641,0.508359,STL,0,STL,1,0,REAL_NHL_API_OR_DERIVED_FROM_REAL
20242025,2024020744,2025-01-20,TOR,TBL,0.505305,0.494695,TOR,1,TOR,1,0,REAL_NHL_API_OR_DERIVED_FROM_REAL
20242025,2024020745,2025-01-20,NYI,CBJ,0.563537,0.436463,NYI,1,NYI,1,0,REAL_NHL_API_OR_DERIVED_FROM_REAL
20242025,2024020746,2025-01-20,CHI,CAR,0.451807,0.548193,CAR,0,CAR,1,0,REAL_NHL_API_OR_DERIVED_FROM_REAL
20242025,2024020747,2025-01-20,UTA,WPG,0.434616,0.565384,WPG,1,UTA,0,0,REAL_NHL_API_OR_DERIVED_FROM_REAL
20242025,2024020748,2025-01-20,LAK,PIT,0.565009,0.434991,LAK,0,PIT,0,0,REAL_NHL_API_OR_DERIVED_FROM_REAL
20242025,2024020749,2025-01-21,MTL,TBL,0.485877,0.514123,TBL,1,MTL,0,0,REAL_NHL_API_OR_DERIVED_FROM_REAL
20242025,2024020750,2025-01-21,NYR,OTT,0.716973,0.283027,NYR,1,NYR,1,0,REAL_NHL_API_OR_DERIVED_FROM_REAL
20242025,2024020751,2025-01-21,PHI,DET,0.587261,0.412739,PHI,1,PHI,1,0,REAL_NHL_API_OR_DERIVED_FROM_REAL
20242025,2024020752,2025-01-21,NSH,SJS,0.458905,0.541095,SJS,1,NSH,0,0,REAL_NHL_API_OR_DERIVED_FROM_REAL
20242025,2024020753,2025-01-21,DAL,CAR,0.53135,0.46865,DAL,0,CAR,0,0,REAL_NHL_API_OR_DERIVED_FROM_REAL
20242025,2024020754,2025-01-21,EDM,WSH,0.520375,0.479625,EDM,0,WSH,0,0,REAL_NHL_API_OR_DERIVED_FROM_REAL
20242025,2024020755,2025-01-21,VAN,BUF,0.489434,0.510566,BUF,0,BUF,1,0,REAL_NHL_API_OR_DERIVED_FROM_REAL
20242025,2024020756,2025-01-21,ANA,FLA,0.503523,0.496477,ANA,0,FLA,0,0,REAL_NHL_API_OR_DERIVED_FROM_REAL
20242025,2024020757,2025-01-22,TOR,CBJ,0.538137,0.461863,TOR,0,CBJ,0,0,REAL_NHL_API_OR_DERIVED_FROM_REAL
20242025,2024020758,2025-01-22,NJD,BOS,0.439545,0.560455,BOS,1,NJD,0,0,REAL_NHL_API_OR_DERIVED_FROM_REAL
20242025,2024020759,2025-01-22,COL,WPG,0.512788,0.487212,COL,0,WPG,0,0,REAL_NHL_API_OR_DERIVED_FROM_REAL
20242025,2024020760,2025-01-22,LAK,FLA,0.533031,0.466969,LAK,1,LAK,1,0,REAL_NHL_API_OR_DERIVED_FROM_REAL
20242025,2024020761,2025-01-23,BOS,OTT,0.624356,0.375644,BOS,1,BOS,1,0,REAL_NHL_API_OR_DERIVED_FROM_REAL
20242025,2024020762,2025-01-23,DET,MTL,0.519508,0.480492,DET,1,DET,1,0,REAL_NHL_API_OR_DERIVED_FROM_REAL
20242025,2024020763,2025-01-23,NYR,PHI,0.535524,0.464476,NYR,1,NYR,1,0,REAL_NHL_API_OR_DERIVED_FROM_REAL
20242025,2024020764,2025-01-23,CAR,CBJ,0.578456,0.421544,CAR,1,CAR,1,0,REAL_NHL_API_OR_DERIVED_FROM_REAL
20242025,2024020765,2025-01-23,STL,VGK,0.541335,0.458665,STL,0,VGK,0,0,REAL_NHL_API_OR_DERIVED_FROM_REAL
20242025,2024020766,2025-01-23,MIN,UTA,0.536106,0.463894,MIN,0,UTA,0,0,REAL_NHL_API_OR_DERIVED_FROM_REAL
20242025,2024020767,2025-01-23,CGY,BUF,0.549425,0.450575,CGY,1,CGY,1,0,REAL_NHL_API_OR_DERIVED_FROM_REAL
20242025,2024020768,2025-01-23,EDM,VAN,0.572567,0.427433,EDM,1,EDM,1,0,REAL_NHL_API_OR_DERIVED_FROM_REAL
20242025,2024020769,2025-01-23,ANA,PIT,0.495503,0.504497,PIT,1,ANA,0,0,REAL_NHL_API_OR_DERIVED_FROM_REAL
20242025,2024020770,2025-01-23,SEA,WSH,0.508811,0.491189,SEA,0,WSH,0,0,REAL_NHL_API_OR_DERIVED_FROM_REAL
20242025,2024020771,2025-01-23,SJS,NSH,0.443602,0.556398,NSH,0,NSH,1,0,REAL_NHL_API_OR_DERIVED_FROM_REAL
20242025,2024020772,2025-01-24,NYI,PHI,0.555285,0.444715,NYI,1,NYI,1,0,REAL_NHL_API_OR_DERIVED_FROM_REAL
20242025,2024020773,2025-01-24,CHI,TBL,0.46658,0.53342,TBL,0,TBL,1,0,REAL_NHL_API_OR_DERIVED_FROM_REAL
20242025,2024020774,2025-01-24,DAL,VGK,0.514456,0.485544,DAL,1,DAL,1,0,REAL_NHL_API_OR_DERIVED_FROM_REAL
20242025,2024020775,2025-01-24,WPG,UTA,0.591228,0.408772,WPG,1,WPG,1,0,REAL_NHL_API_OR_DERIVED_FROM_REAL
20242025,2024020776,2025-01-25,BOS,COL,0.577925,0.422075,BOS,1,BOS,1,0,REAL_NHL_API_OR_DERIVED_FROM_REAL
20242025,2024020777,2025-01-25,EDM,BUF,0.53802,0.46198,EDM,1,EDM,1,0,REAL_NHL_API_OR_DERIVED_FROM_REAL
20242025,2024020778,2025-01-25,SEA,PIT,0.605544,0.394456,SEA,1,SEA,1,0,REAL_NHL_API_OR_DERIVED_FROM_REAL
20242025,2024020779,2025-01-25,MTL,NJD,0.550162,0.449838,MTL,0,NJD,0,0,REAL_NHL_API_OR_DERIVED_FROM_REAL
20242025,2024020780,2025-01-25,OTT,TOR,0.434218,0.565782,TOR,1,OTT,0,0,REAL_NHL_API_OR_DERIVED_FROM_REAL
20242025,2024020781,2025-01-25,DET,TBL,0.496756,0.503244,TBL,1,DET,0,0,REAL_NHL_API_OR_DERIVED_FROM_REAL
20242025,2024020782,2025-01-25,CBJ,LAK,0.557294,0.442706,CBJ,1,CBJ,1,0,REAL_NHL_API_OR_DERIVED_FROM_REAL
20242025,2024020783,2025-01-25,STL,DAL,0.53345,0.46655,STL,0,DAL,0,0,REAL_NHL_API_OR_DERIVED_FROM_REAL
20242025,2024020784,2025-01-25,MIN,CGY,0.496611,0.503389,CGY,0,CGY,1,0,REAL_NHL_API_OR_DERIVED_FROM_REAL
20242025,2024020785,2025-01-25,NYI,CAR,0.321283,0.678717,CAR,1,NYI,0,0,REAL_NHL_API_OR_DERIVED_FROM_REAL
20242025,2024020786,2025-01-25,VAN,WSH,0.475842,0.524158,WSH,1,VAN,0,0,REAL_NHL_API_OR_DERIVED_FROM_REAL
20242025,2024020787,2025-01-25,ANA,NSH,0.269413,0.730587,NSH,1,ANA,0,0,REAL_NHL_API_OR_DERIVED_FROM_REAL
20242025,2024020788,2025-01-25,SJS,FLA,0.317911,0.682089,FLA,0,FLA,1,0,REAL_NHL_API_OR_DERIVED_FROM_REAL
20242025,2024020789,2025-01-26,NYR,COL,0.555049,0.444951,NYR,0,COL,0,0,REAL_NHL_API_OR_DERIVED_FROM_REAL
20242025,2024020790,2025-01-26,OTT,UTA,0.465293,0.534707,UTA,1,OTT,0,0,REAL_NHL_API_OR_DERIVED_FROM_REAL
20242025,2024020791,2025-01-26,WPG,CGY,0.537803,0.462197,WPG,1,WPG,1,0,REAL_NHL_API_OR_DERIVED_FROM_REAL
20242025,2024020792,2025-01-26,CHI,MIN,0.512513,0.487487,CHI,0,MIN,0,0,REAL_NHL_API_OR_DERIVED_FROM_REAL
20242025,2024020793,2025-01-26,VGK,FLA,0.492103,0.507897,FLA,1,VGK,0,0,REAL_NHL_API_OR_DERIVED_FROM_REAL
20242025,2024020794,2025-01-27,DET,LAK,0.567971,0.432029,DET,1,DET,1,0,REAL_NHL_API_OR_DERIVED_FROM_REAL
20242025,2024020795,2025-01-27,PHI,NJD,0.527137,0.472863,PHI,1,PHI,1,0,REAL_NHL_API_OR_DERIVED_FROM_REAL
20242025,2024020796,2025-01-27,STL,VAN,0.412805,0.587195,VAN,0,VAN,1,0,REAL_NHL_API_OR_DERIVED_FROM_REAL
20242025,2024020797,2025-01-27,EDM,SEA,0.551207,0.448793,EDM,1,EDM,1,0,REAL_NHL_API_OR_DERIVED_FROM_REAL
20242025,2024020798,2025-01-27,SJS,PIT,0.523119,0.476881,SJS,1,SJS,1,0,REAL_NHL_API_OR_DERIVED_FROM_REAL
20242025,2024020799,2025-01-28,BUF,BOS,0.471483,0.528517,BOS,1,BUF,0,0,REAL_NHL_API_OR_DERIVED_FROM_REAL
20242025,2024020800,2025-01-28,MTL,WPG,0.53608,0.46392,MTL,0,WPG,0,0,REAL_NHL_API_OR_DERIVED_FROM_REAL
20242025,2024020801,2025-01-28,TBL,CHI,0.558203,0.441797,TBL,0,CHI,0,0,REAL_NHL_API_OR_DERIVED_FROM_REAL
20242025,2024020802,2025-01-28,NYR,CAR,0.536256,0.463744,NYR,0,CAR,0,0,REAL_NHL_API_OR_DERIVED_FROM_REAL
20242025,2024020803,2025-01-28,NYI,COL,0.51463,0.48537,NYI,1,NYI,1,0,REAL_NHL_API_OR_DERIVED_FROM_REAL
20242025,2024020804,2025-01-28,CGY,WSH,0.488803,0.511197,WSH,0,WSH,1,0,REAL_NHL_API_OR_DERIVED_FROM_REAL
20242025,2024020805,2025-01-28,VGK,DAL,0.559863,0.440137,VGK,0,DAL,0,0,REAL_NHL_API_OR_DERIVED_FROM_REAL
20242025,2024020806,2025-01-28,SEA,ANA,0.580259,0.419741,SEA,0,ANA,0,0,REAL_NHL_API_OR_DERIVED_FROM_REAL
20242025,2024020807,2025-01-29,TOR,MIN,0.571884,0.428116,TOR,0,MIN,0,0,REAL_NHL_API_OR_DERIVED_FROM_REAL
20242025,2024020808,2025-01-29,FLA,LAK,0.546933,0.453067,FLA,1,FLA,1,0,REAL_NHL_API_OR_DERIVED_FROM_REAL
20242025,2024020809,2025-01-29,NJD,PHI,0.723854,0.276146,NJD,1,NJD,1,0,REAL_NHL_API_OR_DERIVED_FROM_REAL
20242025,2024020810,2025-01-29,NSH,VAN,0.559675,0.440325,NSH,0,VAN,0,0,REAL_NHL_API_OR_DERIVED_FROM_REAL
20242025,2024020811,2025-01-29,UTA,PIT,0.535761,0.464239,UTA,0,PIT,0,0,REAL_NHL_API_OR_DERIVED_FROM_REAL
20242025,2024020812,2025-01-30,BOS,WPG,0.471845,0.528155,WPG,0,WPG,1,0,REAL_NHL_API_OR_DERIVED_FROM_REAL
20242025,2024020813,2025-01-30,MTL,MIN,0.510569,0.489431,MTL,0,MIN,0,0,REAL_NHL_API_OR_DERIVED_FROM_REAL
20242025,2024020814,2025-01-30,OTT,WSH,0.474515,0.525485,WSH,1,OTT,0,0,REAL_NHL_API_OR_DERIVED_FROM_REAL
20242025,2024020815,2025-01-30,TBL,LAK,0.565206,0.434794,TBL,1,TBL,1,0,REAL_NHL_API_OR_DERIVED_FROM_REAL
20242025,2024020816,2025-01-30,PHI,NYI,0.428043,0.571957,NYI,0,NYI,1,0,REAL_NHL_API_OR_DERIVED_FROM_REAL
20242025,2024020817,2025-01-30,CAR,CHI,0.613321,0.386679,CAR,1,CAR,1,0,REAL_NHL_API_OR_DERIVED_FROM_REAL
20242025,2024020818,2025-01-30,CGY,ANA,0.529132,0.470868,CGY,1,CGY,1,0,REAL_NHL_API_OR_DERIVED_FROM_REAL
20242025,2024020819,2025-01-30,EDM,DET,0.558722,0.441278,EDM,0,DET,0,0,REAL_NHL_API_OR_DERIVED_FROM_REAL
20242025,2024020820,2025-01-30,VGK,CBJ,0.559996,0.440004,VGK,0,CBJ,0,0,REAL_NHL_API_OR_DERIVED_FROM_REAL
20242025,2024020821,2025-01-30,SEA,SJS,0.745006,0.254994,SEA,1,SEA,1,0,REAL_NHL_API_OR_DERIVED_FROM_REAL
20242025,2024020822,2025-01-31,BUF,NSH,0.541353,0.458647,BUF,1,BUF,1,0,REAL_NHL_API_OR_DERIVED_FROM_REAL
20242025,2024020823,2025-01-31,DAL,VAN,0.528704,0.471296,DAL,1,DAL,1,0,REAL_NHL_API_OR_DERIVED_FROM_REAL
20242025,2024020824,2025-01-31,COL,STL,0.545681,0.454319,COL,1,COL,1,0,REAL_NHL_API_OR_DERIVED_FROM_REAL
20242025,2024020825,2025-01-31,UTA,CBJ,0.529886,0.470114,UTA,0,CBJ,0,0,REAL_NHL_API_OR_DERIVED_FROM_REAL
20242025,2024020826,2025-02-01,FLA,CHI,0.55562,0.44438,FLA,1,FLA,1,0,REAL_NHL_API_OR_DERIVED_FROM_REAL
20242025,2024020827,2025-02-01,BOS,NYR,0.499005,0.500995,NYR,1,BOS,0,0,REAL_NHL_API_OR_DERIVED_FROM_REAL
20242025,2024020828,2025-02-01,OTT,MIN,0.511077,0.488923,OTT,1,OTT,1,0,REAL_NHL_API_OR_DERIVED_FROM_REAL
20242025,2024020829,2025-02-01,TBL,NYI,0.509426,0.490574,TBL,0,NYI,0,0,REAL_NHL_API_OR_DERIVED_FROM_REAL
20242025,2024020830,2025-02-01,PIT,NSH,0.51679,0.48321,PIT,1,PIT,1,0,REAL_NHL_API_OR_DERIVED_FROM_REAL
20242025,2024020831,2025-02-01,WSH,WPG,0.516161,0.483839,WSH,0,WPG,0,0,REAL_NHL_API_OR_DERIVED_FROM_REAL
20242025,2024020832,2025-02-01,CAR,LAK,0.603346,0.396654,CAR,0,LAK,0,0,REAL_NHL_API_OR_DERIVED_FROM_REAL
20242025,2024020833,2025-02-01,EDM,TOR,0.540416,0.459584,EDM,0,TOR,0,0,REAL_NHL_API_OR_DERIVED_FROM_REAL
20242025,2024020834,2025-02-01,CGY,DET,0.531932,0.468068,CGY,0,DET,0,0,REAL_NHL_API_OR_DERIVED_FROM_REAL
20242025,2024020835,2025-02-02,BUF,NJD,0.715387,0.284613,BUF,1,BUF,1,0,REAL_NHL_API_OR_DERIVED_FROM_REAL
20242025,2024020836,2025-02-02,COL,PHI,0.543051,0.456949,COL,1,COL,1,0,REAL_NHL_API_OR_DERIVED_FROM_REAL
20242025,2024020837,2025-02-02,ANA,MTL,0.570678,0.429322,ANA,1,ANA,1,0,REAL_NHL_API_OR_DERIVED_FROM_REAL
20242025,2024020838,2025-02-02,FLA,NYI,0.452137,0.547863,NYI,1,FLA,0,0,REAL_NHL_API_OR_DERIVED_FROM_REAL
20242025,2024020839,2025-02-02,NYR,VGK,0.492341,0.507659,VGK,1,NYR,0,0,REAL_NHL_API_OR_DERIVED_FROM_REAL
20242025,2024020840,2025-02-02,DAL,CBJ,0.566974,0.433026,DAL,1,DAL,1,0,REAL_NHL_API_OR_DERIVED_FROM_REAL
20242025,2024020841,2025-02-02,UTA,STL,0.523117,0.476883,UTA,0,STL,0,0,REAL_NHL_API_OR_DERIVED_FROM_REAL
20242025,2024020842,2025-02-02,VAN,DET,0.429386,0.570614,DET,0,DET,1,0,REAL_NHL_API_OR_DERIVED_FROM_REAL
20242025,2024020843,2025-02-02,SEA,CGY,0.532788,0.467212,SEA,0,CGY,0,0,REAL_NHL_API_OR_DERIVED_FROM_REAL
20242025,2024020844,2025-02-03,NSH,OTT,0.524767,0.475233,NSH,0,OTT,0,0,REAL_NHL_API_OR_DERIVED_FROM_REAL
20242025,2024020845,2025-02-04,BOS,MIN,0.520024,0.479976,BOS,1,BOS,1,0,REAL_NHL_API_OR_DERIVED_FROM_REAL
20242025,2024020846,2025-02-04,BUF,CBJ,0.558703,0.441297,BUF,1,BUF,1,0,REAL_NHL_API_OR_DERIVED_FROM_REAL
20242025,2024020847,2025-02-04,TBL,OTT,0.476266,0.523734,OTT,1,TBL,0,0,REAL_NHL_API_OR_DERIVED_FROM_REAL
20242025,2024020848,2025-02-04,PIT,NJD,0.463738,0.536262,NJD,0,NJD,1,0,REAL_NHL_API_OR_DERIVED_FROM_REAL
20242025,2024020849,2025-02-04,WSH,FLA,0.455926,0.544074,FLA,1,WSH,0,0,REAL_NHL_API_OR_DERIVED_FROM_REAL
20242025,2024020850,2025-02-04,NYI,VGK,0.566166,0.433834,NYI,1,NYI,1,0,REAL_NHL_API_OR_DERIVED_FROM_REAL
20242025,2024020851,2025-02-04,STL,EDM,0.475779,0.524221,EDM,0,EDM,1,0,REAL_NHL_API_OR_DERIVED_FROM_REAL
20242025,2024020852,2025-02-04,WPG,CAR,0.570242,0.429758,WPG,1,WPG,1,0,REAL_NHL_API_OR_DERIVED_FROM_REAL
20242025,2024020853,2025-02-04,CGY,TOR,0.493308,0.506692,TOR,0,TOR,1,0,REAL_NHL_API_OR_DERIVED_FROM_REAL
20242025,2024020854,2025-02-04,UTA,PHI,0.539532,0.460468,UTA,1,UTA,1,0,REAL_NHL_API_OR_DERIVED_FROM_REAL
20242025,2024020855,2025-02-04,VAN,COL,0.486036,0.513964,COL,1,VAN,0,0,REAL_NHL_API_OR_DERIVED_FROM_REAL
20242025,2024020856,2025-02-04,ANA,DAL,0.472659,0.527341,DAL,1,ANA,0,0,REAL_NHL_API_OR_DERIVED_FROM_REAL
20242025,2024020857,2025-02-04,SEA,DET,0.546719,0.453281,SEA,0,DET,0,0,REAL_NHL_API_OR_DERIVED_FROM_REAL
20242025,2024020858,2025-02-04,SJS,MTL,0.510045,0.489955,SJS,0,MTL,0,0,REAL_NHL_API_OR_DERIVED_FROM_REAL
20242025,2024020859,2025-02-05,NYR,BOS,0.54191,0.45809,NYR,1,NYR,1,0,REAL_NHL_API_OR_DERIVED_FROM_REAL
20242025,2024020860,2025-02-05,CHI,EDM,0.46106,0.53894,EDM,0,EDM,1,0,REAL_NHL_API_OR_DERIVED_FROM_REAL
20242025,2024020861,2025-02-05,LAK,MTL,0.551443,0.448557,LAK,1,LAK,1,0,REAL_NHL_API_OR_DERIVED_FROM_REAL
20242025,2024020862,2025-02-06,TBL,OTT,0.497415,0.502585,OTT,1,TBL,0,0,REAL_NHL_API_OR_DERIVED_FROM_REAL
20242025,2024020863,2025-02-06,NJD,VGK,0.545775,0.454225,NJD,0,VGK,0,0,REAL_NHL_API_OR_DERIVED_FROM_REAL
20242025,2024020864,2025-02-06,PHI,WSH,0.437349,0.562651,WSH,0,WSH,1,0,REAL_NHL_API_OR_DERIVED_FROM_REAL
20242025,2024020865,2025-02-06,CBJ,UTA,0.544242,0.455758,CBJ,0,UTA,0,0,REAL_NHL_API_OR_DERIVED_FROM_REAL
20242025,2024020866,2025-02-06,STL,FLA,0.469663,0.530337,FLA,0,FLA,1,0,REAL_NHL_API_OR_DERIVED_FROM_REAL
20242025,2024020867,2025-02-06,MIN,CAR,0.553121,0.446879,MIN,1,MIN,1,0,REAL_NHL_API_OR_DERIVED_FROM_REAL
20242025,2024020868,2025-02-06,CGY,COL,0.485231,0.514769,COL,0,COL,1,0,REAL_NHL_API_OR_DERIVED_FROM_REAL
20242025,2024020869,2025-02-06,SEA,TOR,0.520874,0.479126,SEA,0,TOR,0,0,REAL_NHL_API_OR_DERIVED_FROM_REAL
20242025,2024020870,2025-02-06,SJS,VAN,0.444085,0.555915,VAN,0,VAN,1,0,REAL_NHL_API_OR_DERIVED_FROM_REAL
20242025,2024020871,2025-02-07,NYR,PIT,0.57478,0.42522,NYR,0,PIT,0,0,REAL_NHL_API_OR_DERIVED_FROM_REAL
20242025,2024020872,2025-02-07,WPG,NYI,0.533639,0.466361,WPG,1,WPG,1,0,REAL_NHL_API_OR_DERIVED_FROM_REAL
20242025,2024020873,2025-02-07,CHI,NSH,0.454001,0.545999,NSH,1,CHI,0,0,REAL_NHL_API_OR_DERIVED_FROM_REAL
20242025,2024020874,2025-02-07,EDM,COL,0.365667,0.634333,COL,0,COL,1,0,REAL_NHL_API_OR_DERIVED_FROM_REAL
20242025,2024020875,2025-02-07,LAK,DAL,0.470398,0.529602,DAL,1,LAK,0,0,REAL_NHL_API_OR_DERIVED_FROM_REAL
20242025,2024020876,2025-02-08,MTL,NJD,0.4936,0.5064,NJD,0,NJD,1,0,REAL_NHL_API_OR_DERIVED_FROM_REAL
20242025,2024020877,2025-02-08,DET,TBL,0.501871,0.498129,DET,0,TBL,0,0,REAL_NHL_API_OR_DERIVED_FROM_REAL
20242025,2024020878,2025-02-08,CAR,UTA,0.564441,0.435559,CAR,1,CAR,1,0,REAL_NHL_API_OR_DERIVED_FROM_REAL
20242025,2024020879,2025-02-08,BOS,VGK,0.544453,0.455547,BOS,0,VGK,0,0,REAL_NHL_API_OR_DERIVED_FROM_REAL
20242025,2024020880,2025-02-08,FLA,OTT,0.565677,0.434323,FLA,1,FLA,1,0,REAL_NHL_API_OR_DERIVED_FROM_REAL
20242025,2024020881,2025-02-08,PHI,PIT,0.486982,0.513018,PIT,1,PHI,0,0,REAL_NHL_API_OR_DERIVED_FROM_REAL
20242025,2024020882,2025-02-08,CBJ,NYR,0.515149,0.484851,CBJ,0,NYR,0,0,REAL_NHL_API_OR_DERIVED_FROM_REAL
20242025,2024020883,2025-02-08,STL,CHI,0.516147,0.483853,STL,1,STL,1,0,REAL_NHL_API_OR_DERIVED_FROM_REAL
20242025,2024020884,2025-02-08,VAN,TOR,0.313813,0.686187,TOR,1,VAN,0,0,REAL_NHL_API_OR_DERIVED_FROM_REAL
20242025,2024020885,2025-02-08,NSH,BUF,0.455244,0.544756,BUF,1,NSH,0,0,REAL_NHL_API_OR_DERIVED_FROM_REAL
20242025,2024020886,2025-02-08,MIN,NYI,0.554238,0.445762,MIN,1,MIN,1,0,REAL_NHL_API_OR_DERIVED_FROM_REAL
20242025,2024020887,2025-02-08,CGY,SEA,0.52026,0.47974,CGY,0,SEA,0,0,REAL_NHL_API_OR_DERIVED_FROM_REAL
20242025,2024020888,2025-02-08,LAK,ANA,0.551068,0.448932,LAK,0,ANA,0,0,REAL_NHL_API_OR_DERIVED_FROM_REAL
20242025,2024020889,2025-02-08,SJS,DAL,0.409458,0.590542,DAL,0,DAL,1,0,REAL_NHL_API_OR_DERIVED_FROM_REAL
20242025,2024020890,2025-02-09,WSH,UTA,0.749632,0.250368,WSH,0,UTA,0,0,REAL_NHL_API_OR_DERIVED_FROM_REAL
20242025,2024020891,2025-02-09,MTL,TBL,0.252487,0.747513,TBL,0,TBL,1,0,REAL_NHL_API_OR_DERIVED_FROM_REAL
20242025,2024020892,2025-02-22,PHI,EDM,0.501922,0.498078,PHI,1,PHI,1,0,REAL_NHL_API_OR_DERIVED_FROM_REAL
20242025,2024020893,2025-02-22,PIT,WSH,0.270716,0.729284,WSH,0,WSH,1,0,REAL_NHL_API_OR_DERIVED_FROM_REAL
20242025,2024020894,2025-02-22,DET,MIN,0.473071,0.526929,MIN,0,MIN,1,0,REAL_NHL_API_OR_DERIVED_FROM_REAL
20242025,2024020895,2025-02-22,BUF,NYR,0.711983,0.288017,BUF,1,BUF,1,0,REAL_NHL_API_OR_DERIVED_FROM_REAL
20242025,2024020896,2025-02-22,FLA,SEA,0.49768,0.50232,SEA,0,SEA,1,0,REAL_NHL_API_OR_DERIVED_FROM_REAL
20242025,2024020897,2025-02-22,NJD,DAL,0.496618,0.503382,DAL,0,DAL,1,0,REAL_NHL_API_OR_DERIVED_FROM_REAL
20242025,2024020898,2025-02-22,NSH,COL,0.504042,0.495958,NSH,1,NSH,1,0,REAL_NHL_API_OR_DERIVED_FROM_REAL
20242025,2024020899,2025-02-22,BOS,ANA,0.709308,0.290692,BOS,0,ANA,0,0,REAL_NHL_API_OR_DERIVED_FROM_REAL
20242025,2024020900,2025-02-22,TOR,CAR,0.541987,0.458013,TOR,1,TOR,1,0,REAL_NHL_API_OR_DERIVED_FROM_REAL
20242025,2024020901,2025-02-22,OTT,MTL,0.417062,0.582938,MTL,0,MTL,1,0,REAL_NHL_API_OR_DERIVED_FROM_REAL
20242025,2024020902,2025-02-22,CBJ,CHI,0.609558,0.390442,CBJ,1,CBJ,1,0,REAL_NHL_API_OR_DERIVED_FROM_REAL
20242025,2024020903,2025-02-22,STL,WPG,0.416155,0.583845,WPG,0,WPG,1,0,REAL_NHL_API_OR_DERIVED_FROM_REAL
20242025,2024020904,2025-02-22,LAK,UTA,0.561069,0.438931,LAK,1,LAK,1,0,REAL_NHL_API_OR_DERIVED_FROM_REAL
20242025,2024020905,2025-02-22,VGK,VAN,0.545857,0.454143,VGK,1,VGK,1,0,REAL_NHL_API_OR_DERIVED_FROM_REAL
20242025,2024020906,2025-02-23,WSH,EDM,0.581301,0.418699,WSH,1,WSH,1,0,REAL_NHL_API_OR_DERIVED_FROM_REAL
20242025,2024020907,2025-02-23,PIT,NYR,0.484118,0.515882,NYR,0,NYR,1,0,REAL_NHL_API_OR_DERIVED_FROM_REAL
20242025,2024020908,2025-02-23,DET,ANA,0.520008,0.479992,DET,1,DET,1,0,REAL_NHL_API_OR_DERIVED_FROM_REAL
20242025,2024020909,2025-02-23,TBL,SEA,0.556586,0.443414,TBL,1,TBL,1,0,REAL_NHL_API_OR_DERIVED_FROM_REAL
20242025,2024020910,2025-02-23,STL,COL,0.463584,0.536416,COL,1,STL,0,0,REAL_NHL_API_OR_DERIVED_FROM_REAL
20242025,2024020911,2025-02-23,NSH,NJD,0.533645,0.466355,NSH,0,NJD,0,0,REAL_NHL_API_OR_DERIVED_FROM_REAL
20242025,2024020912,2025-02-23,CHI,TOR,0.499444,0.500556,TOR,0,TOR,1,0,REAL_NHL_API_OR_DERIVED_FROM_REAL
20242025,2024020913,2025-02-23,NYI,DAL,0.476951,0.523049,DAL,0,DAL,1,0,REAL_NHL_API_OR_DERIVED_FROM_REAL
20242025,2024020914,2025-02-23,CGY,SJS,0.591902,0.408098,CGY,1,CGY,1,0,REAL_NHL_API_OR_DERIVED_FROM_REAL
20242025,2024020915,2025-02-23,UTA,VAN,0.548786,0.451214,UTA,1,UTA,1,0,REAL_NHL_API_OR_DERIVED_FROM_REAL
20242025,2024020916,2025-02-24,WPG,SJS,0.644618,0.355382,WPG,1,WPG,1,0,REAL_NHL_API_OR_DERIVED_FROM_REAL
20242025,2024020917,2025-02-24,LAK,VGK,0.561948,0.438052,LAK,1,LAK,1,0,REAL_NHL_API_OR_DERIVED_FROM_REAL
20242025,2024020918,2025-02-25,BOS,TOR,0.51393,0.48607,BOS,0,TOR,0,0,REAL_NHL_API_OR_DERIVED_FROM_REAL
20242025,2024020919,2025-02-25,BUF,ANA,0.593163,0.406837,BUF,1,BUF,1,0,REAL_NHL_API_OR_DERIVED_FROM_REAL
20242025,2024020920,2025-02-25,MTL,CAR,0.427687,0.572313,CAR,1,MTL,0,0,REAL_NHL_API_OR_DERIVED_FROM_REAL
20242025,2024020921,2025-02-25,TBL,EDM,0.611289,0.388711,TBL,1,TBL,1,0,REAL_NHL_API_OR_DERIVED_FROM_REAL
20242025,2024020922,2025-02-25,PHI,PIT,0.51615,0.48385,PHI,1,PHI,1,0,REAL_NHL_API_OR_DERIVED_FROM_REAL
20242025,2024020923,2025-02-25,WSH,CGY,0.650845,0.349155,WSH,0,CGY,0,0,REAL_NHL_API_OR_DERIVED_FROM_REAL
20242025,2024020924,2025-02-25,CBJ,DAL,0.461944,0.538056,DAL,1,CBJ,0,0,REAL_NHL_API_OR_DERIVED_FROM_REAL
20242025,2024020925,2025-02-25,NYI,NYR,0.35001,0.64999,NYR,0,NYR,1,0,REAL_NHL_API_OR_DERIVED_FROM_REAL
20242025,2024020926,2025-02-25,STL,SEA,0.617144,0.382856,STL,1,STL,1,0,REAL_NHL_API_OR_DERIVED_FROM_REAL
20242025,2024020927,2025-02-25,NSH,FLA,0.520426,0.479574,NSH,0,FLA,0,0,REAL_NHL_API_OR_DERIVED_FROM_REAL
20242025,2024020928,2025-02-25,MIN,DET,0.594673,0.405327,MIN,0,DET,0,0,REAL_NHL_API_OR_DERIVED_FROM_REAL
20242025,2024020929,2025-02-25,UTA,CHI,0.537736,0.462264,UTA,1,UTA,1,0,REAL_NHL_API_OR_DERIVED_FROM_REAL
20242025,2024020930,2025-02-26,OTT,WPG,0.452483,0.547517,WPG,0,WPG,1,0,REAL_NHL_API_OR_DERIVED_FROM_REAL
20242025,2024020931,2025-02-26,COL,NJD,0.683864,0.316136,COL,1,COL,1,0,REAL_NHL_API_OR_DERIVED_FROM_REAL
20242025,2024020932,2025-02-26,LAK,VAN,0.554248,0.445752,LAK,0,VAN,0,0,REAL_NHL_API_OR_DERIVED_FROM_REAL
20242025,2024020933,2025-02-27,BOS,NYI,0.581343,0.418657,BOS,0,NYI,0,0,REAL_NHL_API_OR_DERIVED_FROM_REAL
20242025,2024020934,2025-02-27,MTL,SJS,0.523151,0.476849,MTL,1,MTL,1,0,REAL_NHL_API_OR_DERIVED_FROM_REAL
20242025,2024020935,2025-02-27,DET,CBJ,0.483264,0.516736,CBJ,0,CBJ,1,0,REAL_NHL_API_OR_DERIVED_FROM_REAL
20242025,2024020936,2025-02-27,TBL,CGY,0.601641,0.398359,TBL,1,TBL,1,0,REAL_NHL_API_OR_DERIVED_FROM_REAL
20242025,2024020937,2025-02-27,FLA,EDM,0.556896,0.443104,FLA,1,FLA,1,0,REAL_NHL_API_OR_DERIVED_FROM_REAL
20242025,2024020938,2025-02-27,PIT,PHI,0.336353,0.663647,PHI,1,PIT,0,0,REAL_NHL_API_OR_DERIVED_FROM_REAL
20242025,2024020939,2025-02-27,WSH,STL,0.551444,0.448556,WSH,0,STL,0,0,REAL_NHL_API_OR_DERIVED_FROM_REAL
20242025,2024020940,2025-02-27,CAR,BUF,0.668089,0.331911,CAR,1,CAR,1,0,REAL_NHL_API_OR_DERIVED_FROM_REAL
20242025,2024020941,2025-02-27,NSH,WPG,0.446965,0.553035,WPG,1,NSH,0,0,REAL_NHL_API_OR_DERIVED_FROM_REAL
20242025,2024020942,2025-02-27,UTA,MIN,0.512574,0.487426,UTA,1,UTA,1,0,REAL_NHL_API_OR_DERIVED_FROM_REAL
20242025,2024020943,2025-02-27,VGK,CHI,0.705573,0.294427,VGK,1,VGK,1,0,REAL_NHL_API_OR_DERIVED_FROM_REAL
20242025,2024020944,2025-02-27,ANA,VAN,0.515009,0.484991,ANA,1,ANA,1,0,REAL_NHL_API_OR_DERIVED_FROM_REAL
20242025,2024020945,2025-02-28,NYR,TOR,0.461417,0.538583,TOR,0,TOR,1,0,REAL_NHL_API_OR_DERIVED_FROM_REAL
20242025,2024020946,2025-02-28,DAL,LAK,0.594464,0.405536,DAL,1,DAL,1,0,REAL_NHL_API_OR_DERIVED_FROM_REAL
20242025,2024020947,2025-02-28,COL,MIN,0.614854,0.385146,COL,1,COL,1,0,REAL_NHL_API_OR_DERIVED_FROM_REAL
20242025,2024020948,2025-03-01,CBJ,DET,0.609606,0.390394,CBJ,1,CBJ,1,0,REAL_NHL_API_OR_DERIVED_FROM_REAL
20242025,2024020949,2025-03-01,NYI,NSH,0.498778,0.501222,NSH,1,NYI,0,0,REAL_NHL_API_OR_DERIVED_FROM_REAL
20242025,2024020950,2025-03-01,WSH,TBL,0.488872,0.511128,TBL,0,TBL,1,0,REAL_NHL_API_OR_DERIVED_FROM_REAL
20242025,2024020951,2025-03-01,FLA,CGY,0.571014,0.428986,FLA,1,FLA,1,0,REAL_NHL_API_OR_DERIVED_FROM_REAL
20242025,2024020952,2025-03-01,PIT,BOS,0.496549,0.503451,BOS,0,BOS,1,0,REAL_NHL_API_OR_DERIVED_FROM_REAL
20242025,2024020953,2025-03-01,BUF,MTL,0.583634,0.416366,BUF,0,MTL,0,0,REAL_NHL_API_OR_DERIVED_FROM_REAL
20242025,2024020954,2025-03-01,OTT,SJS,0.542987,0.457013,OTT,1,OTT,1,0,REAL_NHL_API_OR_DERIVED_FROM_REAL
20242025,2024020955,2025-03-01,CAR,EDM,0.550103,0.449897,CAR,0,EDM,0,0,REAL_NHL_API_OR_DERIVED_FROM_REAL
20242025,2024020956,2025-03-01,WPG,PHI,0.539662,0.460338,WPG,0,PHI,0,0,REAL_NHL_API_OR_DERIVED_FROM_REAL
20242025,2024020957,2025-03-01,STL,LAK,0.566305,0.433695,STL,1,STL,1,0,REAL_NHL_API_OR_DERIVED_FROM_REAL
20242025,2024020958,2025-03-01,UTA,NJD,0.551011,0.448989,UTA,0,NJD,0,0,REAL_NHL_API_OR_DERIVED_FROM_REAL
20242025,2024020959,2025-03-01,ANA,CHI,0.556954,0.443046,ANA,0,CHI,0,0,REAL_NHL_API_OR_DERIVED_FROM_REAL
20242025,2024020960,2025-03-01,SEA,VAN,0.497285,0.502715,VAN,1,SEA,0,0,REAL_NHL_API_OR_DERIVED_FROM_REAL
20242025,2024020961,2025-03-02,PIT,TOR,0.483243,0.516757,TOR,0,TOR,1,0,REAL_NHL_API_OR_DERIVED_FROM_REAL
20242025,2024020962,2025-03-02,MIN,BOS,0.524442,0.475558,MIN,1,MIN,1,0,REAL_NHL_API_OR_DERIVED_FROM_REAL
20242025,2024020963,2025-03-02,CAR,CGY,0.562663,0.437337,CAR,1,CAR,1,0,REAL_NHL_API_OR_DERIVED_FROM_REAL
20242025,2024020964,2025-03-02,DAL,STL,0.745933,0.254067,DAL,1,DAL,1,0,REAL_NHL_API_OR_DERIVED_FROM_REAL
20242025,2024020965,2025-03-02,NYR,NSH,0.540955,0.459045,NYR,1,NYR,1,0,REAL_NHL_API_OR_DERIVED_FROM_REAL
20242025,2024020966,2025-03-02,VGK,NJD,0.522005,0.477995,VGK,1,VGK,1,0,REAL_NHL_API_OR_DERIVED_FROM_REAL
20242025,2024020967,2025-03-03,WSH,OTT,0.575104,0.424896,WSH,1,WSH,1,0,REAL_NHL_API_OR_DERIVED_FROM_REAL
20242025,2024020968,2025-03-03,MTL,BUF,0.491599,0.508401,BUF,1,MTL,0,0,REAL_NHL_API_OR_DERIVED_FROM_REAL
20242025,2024020969,2025-03-03,FLA,TBL,0.495739,0.504261,TBL,1,FLA,0,0,REAL_NHL_API_OR_DERIVED_FROM_REAL
20242025,2024020970,2025-03-03,NYR,NYI,0.530592,0.469408,NYR,1,NYR,1,0,REAL_NHL_API_OR_DERIVED_FROM_REAL
20242025,2024020971,2025-03-03,TOR,SJS,0.649145,0.350855,TOR,0,SJS,0,0,REAL_NHL_API_OR_DERIVED_FROM_REAL
20242025,2024020972,2025-03-03,CHI,LAK,0.494942,0.505058,LAK,1,CHI,0,0,REAL_NHL_API_OR_DERIVED_FROM_REAL
20242025,2024020973,2025-03-04,BOS,NSH,0.591414,0.408586,BOS,0,NSH,0,0,REAL_NHL_API_OR_DERIVED_FROM_REAL
20242025,2024020974,2025-03-04,BUF,SJS,0.56979,0.43021,BUF,0,SJS,0,0,REAL_NHL_API_OR_DERIVED_FROM_REAL
20242025,2024020975,2025-03-04,DET,CAR,0.554353,0.445647,DET,0,CAR,0,0,REAL_NHL_API_OR_DERIVED_FROM_REAL
20242025,2024020976,2025-03-04,TBL,CBJ,0.544262,0.455738,TBL,1,TBL,1,0,REAL_NHL_API_OR_DERIVED_FROM_REAL
20242025,2024020977,2025-03-04,PHI,CGY,0.398637,0.601363,CGY,0,CGY,1,0,REAL_NHL_API_OR_DERIVED_FROM_REAL
20242025,2024020978,2025-03-04,NYI,WPG,0.524643,0.475357,NYI,1,NYI,1,0,REAL_NHL_API_OR_DERIVED_FROM_REAL
20242025,2024020979,2025-03-04,DAL,NJD,0.609948,0.390052,DAL,1,DAL,1,0,REAL_NHL_API_OR_DERIVED_FROM_REAL
20242025,2024020980,2025-03-04,COL,PIT,0.572615,0.427385,COL,1,COL,1,0,REAL_NHL_API_OR_DERIVED_FROM_REAL
20242025,2024020981,2025-03-04,EDM,ANA,0.366102,0.633898,ANA,0,ANA,1,0,REAL_NHL_API_OR_DERIVED_FROM_REAL
20242025,2024020982,2025-03-04,SEA,MIN,0.520989,0.479011,SEA,0,MIN,0,0,REAL_NHL_API_OR_DERIVED_FROM_REAL
20242025,2024020983,2025-03-05,NYR,WSH,0.525905,0.474095,NYR,0,WSH,0,0,REAL_NHL_API_OR_DERIVED_FROM_REAL
20242025,2024020984,2025-03-05,CHI,OTT,0.561565,0.438435,CHI,0,OTT,0,0,REAL_NHL_API_OR_DERIVED_FROM_REAL
20242025,2024020985,2025-03-05,VGK,TOR,0.635921,0.364079,VGK,1,VGK,1,0,REAL_NHL_API_OR_DERIVED_FROM_REAL
20242025,2024020986,2025-03-05,VAN,ANA,0.654517,0.345483,VAN,1,VAN,1,0,REAL_NHL_API_OR_DERIVED_FROM_REAL
20242025,2024020987,2025-03-05,LAK,STL,0.504191,0.495809,LAK,0,STL,0,0,REAL_NHL_API_OR_DERIVED_FROM_REAL
20242025,2024020988,2025-03-06,DET,UTA,0.516545,0.483455,DET,0,UTA,0,0,REAL_NHL_API_OR_DERIVED_FROM_REAL
20242025,2024020989,2025-03-06,TBL,BUF,0.597943,0.402057,TBL,1,TBL,1,0,REAL_NHL_API_OR_DERIVED_FROM_REAL
20242025,2024020990,2025-03-06,FLA,CBJ,0.516757,0.483243,FLA,1,FLA,1,0,REAL_NHL_API_OR_DERIVED_FROM_REAL
20242025,2024020991,2025-03-06,PHI,WPG,0.525941,0.474059,PHI,0,WPG,0,0,REAL_NHL_API_OR_DERIVED_FROM_REAL
20242025,2024020992,2025-03-06,CAR,BOS,0.553341,0.446659,CAR,1,CAR,1,0,REAL_NHL_API_OR_DERIVED_FROM_REAL
20242025,2024020993,2025-03-06,NSH,SEA,0.487624,0.512376,SEA,1,NSH,0,0,REAL_NHL_API_OR_DERIVED_FROM_REAL
20242025,2024020994,2025-03-06,DAL,CGY,0.594634,0.405366,DAL,1,DAL,1,0,REAL_NHL_API_OR_DERIVED_FROM_REAL
20242025,2024020995,2025-03-06,EDM,MTL,0.466567,0.533433,MTL,1,EDM,0,0,REAL_NHL_API_OR_DERIVED_FROM_REAL
20242025,2024020996,2025-03-06,COL,SJS,0.553287,0.446713,COL,1,COL,1,0,REAL_NHL_API_OR_DERIVED_FROM_REAL
20242025,2024020997,2025-03-07,NJD,WPG,0.479613,0.520387,WPG,0,WPG,1,0,REAL_NHL_API_OR_DERIVED_FROM_REAL
20242025,2024020998,2025-03-07,WSH,DET,0.569499,0.430501,WSH,1,WSH,1,0,REAL_NHL_API_OR_DERIVED_FROM_REAL
20242025,2024020999,2025-03-07,CHI,UTA,0.519901,0.480099,CHI,1,CHI,1,0,REAL_NHL_API_OR_DERIVED_FROM_REAL
20242025,2024021000,2025-03-07,VAN,MIN,0.500247,0.499753,VAN,1,VAN,1,0,REAL_NHL_API_OR_DERIVED_FROM_REAL
20242025,2024021001,2025-03-07,VGK,PIT,0.501597,0.498403,VGK,1,VGK,1,0,REAL_NHL_API_OR_DERIVED_FROM_REAL
20242025,2024021002,2025-03-07,ANA,STL,0.515108,0.484892,ANA,0,STL,0,0,REAL_NHL_API_OR_DERIVED_FROM_REAL
20242025,2024021003,2025-03-08,OTT,NYR,0.510534,0.489466,OTT,1,OTT,1,0,REAL_NHL_API_OR_DERIVED_FROM_REAL
20242025,2024021004,2025-03-08,PHI,SEA,0.520072,0.479928,PHI,0,SEA,0,0,REAL_NHL_API_OR_DERIVED_FROM_REAL
20242025,2024021005,2025-03-08,TBL,BOS,0.595053,0.404947,TBL,0,BOS,0,0,REAL_NHL_API_OR_DERIVED_FROM_REAL
20242025,2024021006,2025-03-08,FLA,BUF,0.628915,0.371085,FLA,1,FLA,1,0,REAL_NHL_API_OR_DERIVED_FROM_REAL
20242025,2024021007,2025-03-08,COL,TOR,0.582617,0.417383,COL,1,COL,1,0,REAL_NHL_API_OR_DERIVED_FROM_REAL
20242025,2024021008,2025-03-08,CGY,MTL,0.510713,0.489287,CGY,1,CGY,1,0,REAL_NHL_API_OR_DERIVED_FROM_REAL
20242025,2024021009,2025-03-08,NSH,CHI,0.558594,0.441406,NSH,1,NSH,1,0,REAL_NHL_API_OR_DERIVED_FROM_REAL
20242025,2024021010,2025-03-08,LAK,STL,0.528933,0.471067,LAK,1,LAK,1,0,REAL_NHL_API_OR_DERIVED_FROM_REAL
20242025,2024021011,2025-03-08,EDM,DAL,0.435955,0.564045,DAL,1,EDM,0,0,REAL_NHL_API_OR_DERIVED_FROM_REAL
20242025,2024021012,2025-03-08,SJS,NYI,0.570434,0.429566,SJS,0,NYI,0,0,REAL_NHL_API_OR_DERIVED_FROM_REAL
20242025,2024021013,2025-03-09,PHI,NJD,0.48038,0.51962,NJD,0,NJD,1,0,REAL_NHL_API_OR_DERIVED_FROM_REAL
20242025,2024021014,2025-03-09,WSH,SEA,0.576035,0.423965,WSH,1,WSH,1,0,REAL_NHL_API_OR_DERIVED_FROM_REAL
20242025,2024021015,2025-03-09,MIN,PIT,0.484749,0.515251,PIT,0,PIT,1,0,REAL_NHL_API_OR_DERIVED_FROM_REAL
20242025,2024021016,2025-03-09,CAR,WPG,0.517267,0.482733,CAR,1,CAR,1,0,REAL_NHL_API_OR_DERIVED_FROM_REAL
20242025,2024021017,2025-03-09,NYR,CBJ,0.522969,0.477031,NYR,0,CBJ,0,0,REAL_NHL_API_OR_DERIVED_FROM_REAL
20242025,2024021018,2025-03-09,VGK,LAK,0.569274,0.430726,VGK,0,LAK,0,0,REAL_NHL_API_OR_DERIVED_FROM_REAL
20242025,2024021019,2025-03-09,VAN,DAL,0.492538,0.507462,DAL,0,DAL,1,0,REAL_NHL_API_OR_DERIVED_FROM_REAL
20242025,2024021020,2025-03-09,ANA,NYI,0.511741,0.488259,ANA,1,ANA,1,0,REAL_NHL_API_OR_DERIVED_FROM_REAL
20242025,2024021021,2025-03-10,BUF,EDM,0.519559,0.480441,BUF,1,BUF,1,0,REAL_NHL_API_OR_DERIVED_FROM_REAL
20242025,2024021022,2025-03-10,OTT,DET,0.62415,0.37585,OTT,1,OTT,1,0,REAL_NHL_API_OR_DERIVED_FROM_REAL
20242025,2024021023,2025-03-10,COL,CHI,0.598523,0.401477,COL,1,COL,1,0,REAL_NHL_API_OR_DERIVED_FROM_REAL
20242025,2024021024,2025-03-10,UTA,TOR,0.593632,0.406368,UTA,0,TOR,0,0,REAL_NHL_API_OR_DERIVED_FROM_REAL
20242025,2024021025,2025-03-11,BOS,FLA,0.505624,0.494376,BOS,1,BOS,1,0,REAL_NHL_API_OR_DERIVED_FROM_REAL
20242025,2024021026,2025-03-11,NJD,CBJ,0.46445,0.53555,CBJ,1,NJD,0,0,REAL_NHL_API_OR_DERIVED_FROM_REAL
20242025,2024021027,2025-03-11,PHI,OTT,0.412294,0.587706,OTT,0,OTT,1,0,REAL_NHL_API_OR_DERIVED_FROM_REAL
20242025,2024021028,2025-03-11,PIT,VGK,0.548401,0.451599,PIT,1,PIT,1,0,REAL_NHL_API_OR_DERIVED_FROM_REAL
20242025,2024021029,2025-03-11,CAR,TBL,0.496376,0.503624,TBL,1,CAR,0,0,REAL_NHL_API_OR_DERIVED_FROM_REAL
20242025,2024021030,2025-03-11,MIN,COL,0.39974,0.60026,COL,1,MIN,0,0,REAL_NHL_API_OR_DERIVED_FROM_REAL
20242025,2024021031,2025-03-11,WPG,NYR,0.565348,0.434652,WPG,1,WPG,1,0,REAL_NHL_API_OR_DERIVED_FROM_REAL
20242025,2024021032,2025-03-11,VAN,MTL,0.531555,0.468445,VAN,0,MTL,0,0,REAL_NHL_API_OR_DERIVED_FROM_REAL
20242025,2024021033,2025-03-11,ANA,WSH,0.490182,0.509818,WSH,0,WSH,1,0,REAL_NHL_API_OR_DERIVED_FROM_REAL
20242025,2024021034,2025-03-11,LAK,NYI,0.573758,0.426242,LAK,1,LAK,1,0,REAL_NHL_API_OR_DERIVED_FROM_REAL
20242025,2024021035,2025-03-11,SJS,NSH,0.467545,0.532455,NSH,0,NSH,1,0,REAL_NHL_API_OR_DERIVED_FROM_REAL
20242025,2024021036,2025-03-12,DET,BUF,0.523496,0.476504,DET,1,DET,1,0,REAL_NHL_API_OR_DERIVED_FROM_REAL
20242025,2024021037,2025-03-12,CGY,VAN,0.559314,0.440686,CGY,0,VAN,0,0,REAL_NHL_API_OR_DERIVED_FROM_REAL
20242025,2024021038,2025-03-12,UTA,ANA,0.533048,0.466952,UTA,1,UTA,1,0,REAL_NHL_API_OR_DERIVED_FROM_REAL
20242025,2024021039,2025-03-12,SEA,MTL,0.583543,0.416457,SEA,1,SEA,1,0,REAL_NHL_API_OR_DERIVED_FROM_REAL
20242025,2024021040,2025-03-13,TOR,FLA,0.542807,0.457193,TOR,0,FLA,0,0,REAL_NHL_API_OR_DERIVED_FROM_REAL
20242025,2024021041,2025-03-13,OTT,BOS,0.724667,0.275333,OTT,1,OTT,1,0,REAL_NHL_API_OR_DERIVED_FROM_REAL
20242025,2024021042,2025-03-13,NJD,EDM,0.543686,0.456314,NJD,1,NJD,1,0,REAL_NHL_API_OR_DERIVED_FROM_REAL
20242025,2024021043,2025-03-13,PHI,TBL,0.436072,0.563928,TBL,1,PHI,0,0,REAL_NHL_API_OR_DERIVED_FROM_REAL
20242025,2024021044,2025-03-13,PIT,STL,0.743991,0.256009,PIT,1,PIT,1,0,REAL_NHL_API_OR_DERIVED_FROM_REAL
20242025,2024021045,2025-03-13,CBJ,VGK,0.506837,0.493163,CBJ,0,VGK,0,0,REAL_NHL_API_OR_DERIVED_FROM_REAL
20242025,2024021046,2025-03-13,MIN,NYR,0.528625,0.471375,MIN,0,NYR,0,0,REAL_NHL_API_OR_DERIVED_FROM_REAL
20242025,2024021047,2025-03-13,LAK,WSH,0.441555,0.558445,WSH,1,LAK,0,0,REAL_NHL_API_OR_DERIVED_FROM_REAL
20242025,2024021048,2025-03-13,SJS,CHI,0.503371,0.496629,SJS,1,SJS,1,0,REAL_NHL_API_OR_DERIVED_FROM_REAL
20242025,2024021049,2025-03-14,CAR,DET,0.573112,0.426888,CAR,1,CAR,1,0,REAL_NHL_API_OR_DERIVED_FROM_REAL
20242025,2024021050,2025-03-14,NYI,EDM,0.515671,0.484329,NYI,0,EDM,0,0,REAL_NHL_API_OR_DERIVED_FROM_REAL
20242025,2024021051,2025-03-14,WPG,DAL,0.533874,0.466126,WPG,1,WPG,1,0,REAL_NHL_API_OR_DERIVED_FROM_REAL
20242025,2024021052,2025-03-14,CGY,COL,0.439966,0.560034,COL,0,COL,1,0,REAL_NHL_API_OR_DERIVED_FROM_REAL
20242025,2024021053,2025-03-14,ANA,NSH,0.505708,0.494292,ANA,1,ANA,1,0,REAL_NHL_API_OR_DERIVED_FROM_REAL
20242025,2024021054,2025-03-14,SEA,UTA,0.524796,0.475204,SEA,1,SEA,1,0,REAL_NHL_API_OR_DERIVED_FROM_REAL
20242025,2024021055,2025-03-15,BUF,VGK,0.453435,0.546565,VGK,1,BUF,0,0,REAL_NHL_API_OR_DERIVED_FROM_REAL
20242025,2024021056,2025-03-15,PIT,NJD,0.513942,0.486058,PIT,1,PIT,1,0,REAL_NHL_API_OR_DERIVED_FROM_REAL
20242025,2024021057,2025-03-15,SJS,WSH,0.320252,0.679748,WSH,0,WSH,1,0,REAL_NHL_API_OR_DERIVED_FROM_REAL
20242025,2024021058,2025-03-15,BOS,TBL,0.506554,0.493446,BOS,0,TBL,0,0,REAL_NHL_API_OR_DERIVED_FROM_REAL
20242025,2024021059,2025-03-15,TOR,OTT,0.493966,0.506034,OTT,0,OTT,1,0,REAL_NHL_API_OR_DERIVED_FROM_REAL
20242025,2024021060,2025-03-15,MTL,FLA,0.512378,0.487622,MTL,1,MTL,1,0,REAL_NHL_API_OR_DERIVED_FROM_REAL
20242025,2024021061,2025-03-15,PHI,CAR,0.420618,0.579382,CAR,0,CAR,1,0,REAL_NHL_API_OR_DERIVED_FROM_REAL
20242025,2024021062,2025-03-15,CBJ,NYR,0.513757,0.486243,CBJ,0,NYR,0,0,REAL_NHL_API_OR_DERIVED_FROM_REAL
20242025,2024021063,2025-03-15,MIN,STL,0.530737,0.469263,MIN,0,STL,0,0,REAL_NHL_API_OR_DERIVED_FROM_REAL
20242025,2024021064,2025-03-15,LAK,NSH,0.517956,0.482044,LAK,1,LAK,1,0,REAL_NHL_API_OR_DERIVED_FROM_REAL
20242025,2024021065,2025-03-15,VAN,CHI,0.570069,0.429931,VAN,1,VAN,1,0,REAL_NHL_API_OR_DERIVED_FROM_REAL
20242025,2024021066,2025-03-16,DET,VGK,0.497071,0.502929,VGK,1,DET,0,0,REAL_NHL_API_OR_DERIVED_FROM_REAL
20242025,2024021067,2025-03-16,COL,DAL,0.586179,0.413821,COL,1,COL,1,0,REAL_NHL_API_OR_DERIVED_FROM_REAL
20242025,2024021068,2025-03-16,STL,ANA,0.723013,0.276987,STL,1,STL,1,0,REAL_NHL_API_OR_DERIVED_FROM_REAL
20242025,2024021069,2025-03-16,NYR,EDM,0.531586,0.468414,NYR,0,EDM,0,0,REAL_NHL_API_OR_DERIVED_FROM_REAL
20242025,2024021070,2025-03-16,NYI,FLA,0.516196,0.483804,NYI,1,NYI,1,0,REAL_NHL_API_OR_DERIVED_FROM_REAL
20242025,2024021071,2025-03-16,VAN,UTA,0.545219,0.454781,VAN,0,UTA,0,0,REAL_NHL_API_OR_DERIVED_FROM_REAL
20242025,2024021072,2025-03-16,SEA,WPG,0.659114,0.340886,SEA,0,WPG,0,0,REAL_NHL_API_OR_DERIVED_FROM_REAL
20242025,2024021073,2025-03-17,BOS,BUF,0.585987,0.414013,BOS,0,BUF,0,0,REAL_NHL_API_OR_DERIVED_FROM_REAL
20242025,2024021074,2025-03-17,TBL,PHI,0.626698,0.373302,TBL,1,TBL,1,0,REAL_NHL_API_OR_DERIVED_FROM_REAL
20242025,2024021075,2025-03-17,CBJ,NJD,0.532895,0.467105,CBJ,0,NJD,0,0,REAL_NHL_API_OR_DERIVED_FROM_REAL
20242025,2024021076,2025-03-17,TOR,CGY,0.724079,0.275921,TOR,1,TOR,1,0,REAL_NHL_API_OR_DERIVED_FROM_REAL
20242025,2024021077,2025-03-17,MIN,LAK,0.4615,0.5385,LAK,1,MIN,0,0,REAL_NHL_API_OR_DERIVED_FROM_REAL
20242025,2024021078,2025-03-18,MTL,OTT,0.48947,0.51053,OTT,1,MTL,0,0,REAL_NHL_API_OR_DERIVED_FROM_REAL
20242025,2024021079,2025-03-18,NYR,CGY,0.581799,0.418201,NYR,0,CGY,0,0,REAL_NHL_API_OR_DERIVED_FROM_REAL
20242025,2024021080,2025-03-18,PIT,NYI,0.57203,0.42797,PIT,0,NYI,0,0,REAL_NHL_API_OR_DERIVED_FROM_REAL
20242025,2024021081,2025-03-18,WSH,DET,0.612867,0.387133,WSH,1,WSH,1,0,REAL_NHL_API_OR_DERIVED_FROM_REAL
20242025,2024021082,2025-03-18,NSH,STL,0.48467,0.51533,STL,0,STL,1,0,REAL_NHL_API_OR_DERIVED_FROM_REAL
20242025,2024021083,2025-03-18,DAL,ANA,0.594909,0.405091,DAL,1,DAL,1,0,REAL_NHL_API_OR_DERIVED_FROM_REAL
20242025,2024021084,2025-03-18,CHI,SEA,0.432754,0.567246,SEA,0,SEA,1,0,REAL_NHL_API_OR_DERIVED_FROM_REAL
20242025,2024021085,2025-03-18,EDM,UTA,0.715928,0.284072,EDM,1,EDM,1,0,REAL_NHL_API_OR_DERIVED_FROM_REAL
20242025,2024021086,2025-03-18,VAN,WPG,0.480859,0.519141,WPG,1,VAN,0,0,REAL_NHL_API_OR_DERIVED_FROM_REAL
20242025,2024021087,2025-03-19,TOR,COL,0.521954,0.478046,TOR,1,TOR,1,0,REAL_NHL_API_OR_DERIVED_FROM_REAL
20242025,2024021088,2025-03-19,MIN,SEA,0.483815,0.516185,SEA,1,MIN,0,0,REAL_NHL_API_OR_DERIVED_FROM_REAL
20242025,2024021089,2025-03-20,OTT,COL,0.31725,0.68275,COL,0,COL,1,0,REAL_NHL_API_OR_DERIVED_FROM_REAL
20242025,2024021090,2025-03-20,NJD,CGY,0.558375,0.441625,NJD,0,CGY,0,0,REAL_NHL_API_OR_DERIVED_FROM_REAL
20242025,2024021091,2025-03-20,NYR,TOR,0.517237,0.482763,NYR,0,TOR,0,0,REAL_NHL_API_OR_DERIVED_FROM_REAL
20242025,2024021092,2025-03-20,WSH,PHI,0.670396,0.329604,WSH,1,WSH,1,0,REAL_NHL_API_OR_DERIVED_FROM_REAL
20242025,2024021093,2025-03-20,CBJ,FLA,0.519695,0.480305,CBJ,0,FLA,0,0,REAL_NHL_API_OR_DERIVED_FROM_REAL
20242025,2024021094,2025-03-20,NYI,MTL,0.473914,0.526086,MTL,1,NYI,0,0,REAL_NHL_API_OR_DERIVED_FROM_REAL
20242025,2024021095,2025-03-20,STL,VAN,0.594866,0.405134,STL,1,STL,1,0,REAL_NHL_API_OR_DERIVED_FROM_REAL
20242025,2024021096,2025-03-20,NSH,ANA,0.549736,0.450264,NSH,0,ANA,0,0,REAL_NHL_API_OR_DERIVED_FROM_REAL
20242025,2024021097,2025-03-20,DAL,TBL,0.545477,0.454523,DAL,0,TBL,0,0,REAL_NHL_API_OR_DERIVED_FROM_REAL
20242025,2024021098,2025-03-20,CHI,LAK,0.421461,0.578539,LAK,0,LAK,1,0,REAL_NHL_API_OR_DERIVED_FROM_REAL
20242025,2024021099,2025-03-20,EDM,WPG,0.345722,0.654278,WPG,0,WPG,1,0,REAL_NHL_API_OR_DERIVED_FROM_REAL
20242025,2024021100,2025-03-20,UTA,BUF,0.531317,0.468683,UTA,1,UTA,1,0,REAL_NHL_API_OR_DERIVED_FROM_REAL
20242025,2024021101,2025-03-20,VGK,BOS,0.564309,0.435691,VGK,1,VGK,1,0,REAL_NHL_API_OR_DERIVED_FROM_REAL
20242025,2024021102,2025-03-20,SJS,CAR,0.538241,0.461759,SJS,0,CAR,0,0,REAL_NHL_API_OR_DERIVED_FROM_REAL
20242025,2024021103,2025-03-21,PIT,CBJ,0.636966,0.363034,PIT,1,PIT,1,0,REAL_NHL_API_OR_DERIVED_FROM_REAL
20242025,2024021104,2025-03-22,NYR,VAN,0.508183,0.491817,NYR,1,NYR,1,0,REAL_NHL_API_OR_DERIVED_FROM_REAL
20242025,2024021105,2025-03-22,DAL,PHI,0.776535,0.223465,DAL,1,DAL,1,0,REAL_NHL_API_OR_DERIVED_FROM_REAL
20242025,2024021106,2025-03-22,MIN,BUF,0.540917,0.459083,MIN,1,MIN,1,0,REAL_NHL_API_OR_DERIVED_FROM_REAL
20242025,2024021107,2025-03-22,STL,CHI,0.68782,0.31218,STL,1,STL,1,0,REAL_NHL_API_OR_DERIVED_FROM_REAL
20242025,2024021108,2025-03-22,NYI,CGY,0.566507,0.433493,NYI,0,CGY,0,0,REAL_NHL_API_OR_DERIVED_FROM_REAL
20242025,2024021109,2025-03-22,LAK,CAR,0.477378,0.522622,CAR,1,LAK,0,0,REAL_NHL_API_OR_DERIVED_FROM_REAL
20242025,2024021110,2025-03-22,WSH,FLA,0.592323,0.407677,WSH,1,WSH,1,0,REAL_NHL_API_OR_DERIVED_FROM_REAL
20242025,2024021111,2025-03-22,UTA,TBL,0.463606,0.536394,TBL,1,UTA,0,0,REAL_NHL_API_OR_DERIVED_FROM_REAL
20242025,2024021112,2025-03-22,MTL,COL,0.511735,0.488265,MTL,0,COL,0,0,REAL_NHL_API_OR_DERIVED_FROM_REAL
20242025,2024021113,2025-03-22,NJD,OTT,0.514374,0.485626,NJD,0,OTT,0,0,REAL_NHL_API_OR_DERIVED_FROM_REAL
20242025,2024021114,2025-03-22,NSH,TOR,0.47149,0.52851,TOR,1,NSH,0,0,REAL_NHL_API_OR_DERIVED_FROM_REAL
20242025,2024021115,2025-03-22,VGK,DET,0.5589,0.4411,VGK,1,VGK,1,0,REAL_NHL_API_OR_DERIVED_FROM_REAL
20242025,2024021116,2025-03-22,EDM,SEA,0.52664,0.47336,EDM,1,EDM,1,0,REAL_NHL_API_OR_DERIVED_FROM_REAL
20242025,2024021117,2025-03-22,SJS,BOS,0.502387,0.497613,SJS,1,SJS,1,0,REAL_NHL_API_OR_DERIVED_FROM_REAL
20242025,2024021118,2025-03-23,CHI,PHI,0.559281,0.440719,CHI,1,CHI,1,0,REAL_NHL_API_OR_DERIVED_FROM_REAL
20242025,2024021119,2025-03-23,WPG,BUF,0.570051,0.429949,WPG,0,BUF,0,0,REAL_NHL_API_OR_DERIVED_FROM_REAL
20242025,2024021120,2025-03-23,FLA,PIT,0.467539,0.532461,PIT,1,FLA,0,0,REAL_NHL_API_OR_DERIVED_FROM_REAL
20242025,2024021121,2025-03-23,STL,NSH,0.657747,0.342253,STL,1,STL,1,0,REAL_NHL_API_OR_DERIVED_FROM_REAL
20242025,2024021122,2025-03-23,VGK,TBL,0.546251,0.453749,VGK,1,VGK,1,0,REAL_NHL_API_OR_DERIVED_FROM_REAL
20242025,2024021123,2025-03-23,ANA,CAR,0.52223,0.47777,ANA,0,CAR,0,0,REAL_NHL_API_OR_DERIVED_FROM_REAL
20242025,2024021124,2025-03-23,LAK,BOS,0.590295,0.409705,LAK,1,LAK,1,0,REAL_NHL_API_OR_DERIVED_FROM_REAL
20242025,2024021125,2025-03-24,NJD,VAN,0.534215,0.465785,NJD,0,VAN,0,0,REAL_NHL_API_OR_DERIVED_FROM_REAL
20242025,2024021126,2025-03-24,NYI,CBJ,0.623614,0.376386,NYI,0,CBJ,0,0,REAL_NHL_API_OR_DERIVED_FROM_REAL
20242025,2024021127,2025-03-24,DAL,MIN,0.560175,0.439825,DAL,1,DAL,1,0,REAL_NHL_API_OR_DERIVED_FROM_REAL
20242025,2024021128,2025-03-24,UTA,DET,0.745978,0.254022,UTA,0,DET,0,0,REAL_NHL_API_OR_DERIVED_FROM_REAL
20242025,2024021129,2025-03-25,BUF,OTT,0.522201,0.477799,BUF,1,BUF,1,0,REAL_NHL_API_OR_DERIVED_FROM_REAL
20242025,2024021130,2025-03-25,TOR,PHI,0.691032,0.308968,TOR,1,TOR,1,0,REAL_NHL_API_OR_DERIVED_FROM_REAL
20242025,2024021131,2025-03-25,TBL,PIT,0.662613,0.337387,TBL,1,TBL,1,0,REAL_NHL_API_OR_DERIVED_FROM_REAL
20242025,2024021132,2025-03-25,CAR,NSH,0.565899,0.434101,CAR,0,NSH,0,0,REAL_NHL_API_OR_DERIVED_FROM_REAL
20242025,2024021133,2025-03-25,STL,MTL,0.739087,0.260913,STL,1,STL,1,0,REAL_NHL_API_OR_DERIVED_FROM_REAL
20242025,2024021134,2025-03-25,MIN,VGK,0.451057,0.548943,VGK,0,VGK,1,0,REAL_NHL_API_OR_DERIVED_FROM_REAL
20242025,2024021135,2025-03-25,WPG,WSH,0.431169,0.568831,WSH,1,WPG,0,0,REAL_NHL_API_OR_DERIVED_FROM_REAL
20242025,2024021136,2025-03-25,COL,DET,0.640051,0.359949,COL,1,COL,1,0,REAL_NHL_API_OR_DERIVED_FROM_REAL
20242025,2024021137,2025-03-25,CGY,SEA,0.523579,0.476421,CGY,1,CGY,1,0,REAL_NHL_API_OR_DERIVED_FROM_REAL
20242025,2024021138,2025-03-25,LAK,NYR,0.543406,0.456594,LAK,1,LAK,1,0,REAL_NHL_API_OR_DERIVED_FROM_REAL
20242025,2024021139,2025-03-26,NYI,VAN,0.419872,0.580128,VAN,0,VAN,1,0,REAL_NHL_API_OR_DERIVED_FROM_REAL
20242025,2024021140,2025-03-26,CHI,NJD,0.483687,0.516313,NJD,0,NJD,1,0,REAL_NHL_API_OR_DERIVED_FROM_REAL
20242025,2024021141,2025-03-26,EDM,DAL,0.323029,0.676971,DAL,0,DAL,1,0,REAL_NHL_API_OR_DERIVED_FROM_REAL
20242025,2024021142,2025-03-26,ANA,BOS,0.579647,0.420353,ANA,1,ANA,1,0,REAL_NHL_API_OR_DERIVED_FROM_REAL
20242025,2024021143,2025-03-27,BUF,PIT,0.723502,0.276498,BUF,1,BUF,1,0,REAL_NHL_API_OR_DERIVED_FROM_REAL
20242025,2024021144,2025-03-27,DET,OTT,0.290144,0.709856,OTT,0,OTT,1,0,REAL_NHL_API_OR_DERIVED_FROM_REAL
20242025,2024021145,2025-03-27,TBL,UTA,0.761289,0.238711,TBL,1,TBL,1,0,REAL_NHL_API_OR_DERIVED_FROM_REAL
20242025,2024021146,2025-03-27,PHI,MTL,0.616777,0.383223,PHI,1,PHI,1,0,REAL_NHL_API_OR_DERIVED_FROM_REAL
20242025,2024021147,2025-03-27,NSH,STL,0.44236,0.55764,STL,0,STL,1,0,REAL_NHL_API_OR_DERIVED_FROM_REAL
20242025,2024021148,2025-03-27,MIN,WSH,0.505309,0.494691,MIN,1,MIN,1,0,REAL_NHL_API_OR_DERIVED_FROM_REAL
20242025,2024021149,2025-03-27,COL,LAK,0.57236,0.42764,COL,1,COL,1,0,REAL_NHL_API_OR_DERIVED_FROM_REAL
20242025,2024021150,2025-03-27,CGY,DAL,0.514294,0.485706,CGY,0,DAL,0,0,REAL_NHL_API_OR_DERIVED_FROM_REAL
20242025,2024021151,2025-03-27,SEA,EDM,0.597242,0.402758,SEA,1,SEA,1,0,REAL_NHL_API_OR_DERIVED_FROM_REAL
20242025,2024021152,2025-03-27,SJS,TOR,0.497112,0.502888,TOR,1,SJS,0,0,REAL_NHL_API_OR_DERIVED_FROM_REAL
20242025,2024021153,2025-03-28,FLA,UTA,0.62743,0.37257,FLA,1,FLA,1,0,REAL_NHL_API_OR_DERIVED_FROM_REAL
20242025,2024021154,2025-03-28,CAR,MTL,0.546464,0.453536,CAR,1,CAR,1,0,REAL_NHL_API_OR_DERIVED_FROM_REAL
20242025,2024021155,2025-03-28,CBJ,VAN,0.547788,0.452212,CBJ,1,CBJ,1,0,REAL_NHL_API_OR_DERIVED_FROM_REAL
20242025,2024021156,2025-03-28,WPG,NJD,0.552671,0.447329,WPG,1,WPG,1,0,REAL_NHL_API_OR_DERIVED_FROM_REAL
20242025,2024021157,2025-03-28,CHI,VGK,0.43199,0.56801,VGK,0,VGK,1,0,REAL_NHL_API_OR_DERIVED_FROM_REAL
20242025,2024021158,2025-03-28,ANA,NYR,0.506723,0.493277,ANA,1,ANA,1,0,REAL_NHL_API_OR_DERIVED_FROM_REAL
20242025,2024021159,2025-03-29,PHI,BUF,0.445637,0.554363,BUF,1,PHI,0,0,REAL_NHL_API_OR_DERIVED_FROM_REAL
20242025,2024021160,2025-03-29,TBL,NYI,0.619532,0.380468,TBL,1,TBL,1,0,REAL_NHL_API_OR_DERIVED_FROM_REAL
20242025,2024021161,2025-03-29,COL,STL,0.529379,0.470621,COL,0,STL,0,0,REAL_NHL_API_OR_DERIVED_FROM_REAL
20242025,2024021162,2025-03-29,MIN,NJD,0.575624,0.424376,MIN,0,NJD,0,0,REAL_NHL_API_OR_DERIVED_FROM_REAL
20242025,2024021163,2025-03-29,NSH,VGK,0.45812,0.54188,VGK,0,VGK,1,0,REAL_NHL_API_OR_DERIVED_FROM_REAL
20242025,2024021164,2025-03-29,OTT,CBJ,0.549259,0.450741,OTT,1,OTT,1,0,REAL_NHL_API_OR_DERIVED_FROM_REAL
20242025,2024021165,2025-03-29,LAK,TOR,0.53671,0.46329,LAK,0,TOR,0,0,REAL_NHL_API_OR_DERIVED_FROM_REAL
20242025,2024021166,2025-03-29,DET,BOS,0.595958,0.404042,DET,1,DET,1,0,REAL_NHL_API_OR_DERIVED_FROM_REAL
20242025,2024021167,2025-03-29,EDM,CGY,0.546665,0.453335,EDM,1,EDM,1,0,REAL_NHL_API_OR_DERIVED_FROM_REAL
20242025,2024021168,2025-03-29,SJS,NYR,0.493415,0.506585,NYR,0,NYR,1,0,REAL_NHL_API_OR_DERIVED_FROM_REAL
20242025,2024021169,2025-03-29,SEA,DAL,0.523733,0.476267,SEA,0,DAL,0,0,REAL_NHL_API_OR_DERIVED_FROM_REAL
20242025,2024021170,2025-03-30,FLA,MTL,0.555423,0.444577,FLA,0,MTL,0,0,REAL_NHL_API_OR_DERIVED_FROM_REAL
20242025,2024021171,2025-03-30,WSH,BUF,0.561354,0.438646,WSH,0,BUF,0,0,REAL_NHL_API_OR_DERIVED_FROM_REAL
20242025,2024021172,2025-03-30,WPG,VAN,0.534722,0.465278,WPG,1,WPG,1,0,REAL_NHL_API_OR_DERIVED_FROM_REAL
20242025,2024021173,2025-03-30,CHI,UTA,0.631624,0.368376,CHI,0,UTA,0,0,REAL_NHL_API_OR_DERIVED_FROM_REAL
20242025,2024021174,2025-03-30,PIT,OTT,0.52276,0.47724,PIT,1,PIT,1,0,REAL_NHL_API_OR_DERIVED_FROM_REAL
20242025,2024021175,2025-03-30,CAR,NYI,0.519918,0.480082,CAR,1,CAR,1,0,REAL_NHL_API_OR_DERIVED_FROM_REAL
20242025,2024021176,2025-03-30,ANA,TOR,0.484755,0.515245,TOR,0,TOR,1,0,REAL_NHL_API_OR_DERIVED_FROM_REAL
20242025,2024021177,2025-03-30,LAK,SJS,0.579369,0.420631,LAK,1,LAK,1,0,REAL_NHL_API_OR_DERIVED_FROM_REAL
20242025,2024021178,2025-03-31,NJD,MIN,0.509408,0.490592,NJD,1,NJD,1,0,REAL_NHL_API_OR_DERIVED_FROM_REAL
20242025,2024021179,2025-03-31,PHI,NSH,0.502282,0.497718,PHI,1,PHI,1,0,REAL_NHL_API_OR_DERIVED_FROM_REAL
20242025,2024021180,2025-03-31,COL,CGY,0.609333,0.390667,COL,0,CGY,0,0,REAL_NHL_API_OR_DERIVED_FROM_REAL
20242025,2024021181,2025-03-31,SEA,DAL,0.421156,0.578844,DAL,0,DAL,1,0,REAL_NHL_API_OR_DERIVED_FROM_REAL
20242025,2024021182,2025-04-01,BOS,WSH,0.41172,0.58828,WSH,0,WSH,1,0,REAL_NHL_API_OR_DERIVED_FROM_REAL
20242025,2024021183,2025-04-01,MTL,FLA,0.536832,0.463168,MTL,1,MTL,1,0,REAL_NHL_API_OR_DERIVED_FROM_REAL
20242025,2024021184,2025-04-01,OTT,BUF,0.430428,0.569572,BUF,0,BUF,1,0,REAL_NHL_API_OR_DERIVED_FROM_REAL
20242025,2024021185,2025-04-01,CBJ,NSH,0.713753,0.286247,CBJ,1,CBJ,1,0,REAL_NHL_API_OR_DERIVED_FROM_REAL
20242025,2024021186,2025-04-01,NYI,TBL,0.399549,0.600451,TBL,0,TBL,1,0,REAL_NHL_API_OR_DERIVED_FROM_REAL
20242025,2024021187,2025-04-01,STL,DET,0.654418,0.345582,STL,1,STL,1,0,REAL_NHL_API_OR_DERIVED_FROM_REAL
20242025,2024021188,2025-04-01,UTA,CGY,0.431218,0.568782,CGY,1,UTA,0,0,REAL_NHL_API_OR_DERIVED_FROM_REAL
20242025,2024021189,2025-04-01,VGK,EDM,0.563158,0.436842,VGK,0,EDM,0,0,REAL_NHL_API_OR_DERIVED_FROM_REAL
20242025,2024021190,2025-04-01,ANA,SJS,0.609657,0.390343,ANA,1,ANA,1,0,REAL_NHL_API_OR_DERIVED_FROM_REAL
20242025,2024021191,2025-04-01,LAK,WPG,0.566004,0.433996,LAK,1,LAK,1,0,REAL_NHL_API_OR_DERIVED_FROM_REAL
20242025,2024021192,2025-04-02,NYR,MIN,0.662248,0.337752,NYR,1,NYR,1,0,REAL_NHL_API_OR_DERIVED_FROM_REAL
20242025,2024021193,2025-04-02,CAR,WSH,0.687143,0.312857,CAR,1,CAR,1,0,REAL_NHL_API_OR_DERIVED_FROM_REAL
20242025,2024021194,2025-04-02,TOR,FLA,0.605004,0.394996,TOR,1,TOR,1,0,REAL_NHL_API_OR_DERIVED_FROM_REAL
20242025,2024021195,2025-04-02,CHI,COL,0.424541,0.575459,COL,0,COL,1,0,REAL_NHL_API_OR_DERIVED_FROM_REAL
20242025,2024021196,2025-04-02,VAN,SEA,0.535129,0.464871,VAN,0,SEA,0,0,REAL_NHL_API_OR_DERIVED_FROM_REAL
20242025,2024021197,2025-04-03,MTL,BOS,0.573775,0.426225,MTL,1,MTL,1,0,REAL_NHL_API_OR_DERIVED_FROM_REAL
20242025,2024021198,2025-04-03,OTT,TBL,0.397366,0.602634,TBL,1,OTT,0,0,REAL_NHL_API_OR_DERIVED_FROM_REAL
20242025,2024021199,2025-04-03,CBJ,COL,0.371565,0.628435,COL,0,COL,1,0,REAL_NHL_API_OR_DERIVED_FROM_REAL
20242025,2024021200,2025-04-03,STL,PIT,0.602763,0.397237,STL,1,STL,1,0,REAL_NHL_API_OR_DERIVED_FROM_REAL
20242025,2024021201,2025-04-03,DAL,NSH,0.626748,0.373252,DAL,1,DAL,1,0,REAL_NHL_API_OR_DERIVED_FROM_REAL
20242025,2024021202,2025-04-03,UTA,LAK,0.40065,0.59935,LAK,0,LAK,1,0,REAL_NHL_API_OR_DERIVED_FROM_REAL
20242025,2024021203,2025-04-03,CGY,ANA,0.67465,0.32535,CGY,1,CGY,1,0,REAL_NHL_API_OR_DERIVED_FROM_REAL
20242025,2024021204,2025-04-03,VGK,WPG,0.428762,0.571238,WPG,0,WPG,1,0,REAL_NHL_API_OR_DERIVED_FROM_REAL
20242025,2024021205,2025-04-03,SJS,EDM,0.449296,0.550704,EDM,0,EDM,1,0,REAL_NHL_API_OR_DERIVED_FROM_REAL
20242025,2024021206,2025-04-04,DET,CAR,0.438262,0.561738,CAR,1,DET,0,0,REAL_NHL_API_OR_DERIVED_FROM_REAL
20242025,2024021207,2025-04-04,WSH,CHI,0.544185,0.455815,WSH,1,WSH,1,0,REAL_NHL_API_OR_DERIVED_FROM_REAL
20242025,2024021208,2025-04-04,NYI,MIN,0.467581,0.532419,MIN,1,NYI,0,0,REAL_NHL_API_OR_DERIVED_FROM_REAL
20242025,2024021209,2025-04-05,NJD,NYR,0.497858,0.502142,NYR,1,NJD,0,0,REAL_NHL_API_OR_DERIVED_FROM_REAL
20242025,2024021210,2025-04-05,OTT,FLA,0.503065,0.496935,OTT,1,OTT,1,0,REAL_NHL_API_OR_DERIVED_FROM_REAL
20242025,2024021211,2025-04-05,DAL,PIT,0.694292,0.305708,DAL,0,PIT,0,0,REAL_NHL_API_OR_DERIVED_FROM_REAL
20242025,2024021212,2025-04-05,VAN,ANA,0.536703,0.463297,VAN,1,VAN,1,0,REAL_NHL_API_OR_DERIVED_FROM_REAL
20242025,2024021213,2025-04-05,LAK,EDM,0.573793,0.426207,LAK,1,LAK,1,0,REAL_NHL_API_OR_DERIVED_FROM_REAL
20242025,2024021214,2025-04-05,BOS,CAR,0.412691,0.587309,CAR,1,BOS,0,0,REAL_NHL_API_OR_DERIVED_FROM_REAL
20242025,2024021215,2025-04-05,BUF,TBL,0.575685,0.424315,BUF,1,BUF,1,0,REAL_NHL_API_OR_DERIVED_FROM_REAL
20242025,2024021216,2025-04-05,TOR,CBJ,0.541848,0.458152,TOR,1,TOR,1,0,REAL_NHL_API_OR_DERIVED_FROM_REAL
20242025,2024021217,2025-04-05,MTL,PHI,0.513376,0.486624,MTL,1,MTL,1,0,REAL_NHL_API_OR_DERIVED_FROM_REAL
20242025,2024021218,2025-04-05,STL,COL,0.518725,0.481275,STL,1,STL,1,0,REAL_NHL_API_OR_DERIVED_FROM_REAL
20242025,2024021219,2025-04-05,UTA,WPG,0.401594,0.598406,WPG,1,UTA,0,0,REAL_NHL_API_OR_DERIVED_FROM_REAL
20242025,2024021220,2025-04-05,CGY,VGK,0.484454,0.515546,VGK,0,VGK,1,0,REAL_NHL_API_OR_DERIVED_FROM_REAL
20242025,2024021221,2025-04-05,SJS,SEA,0.283712,0.716288,SEA,0,SEA,1,0,REAL_NHL_API_OR_DERIVED_FROM_REAL
20242025,2024021222,2025-04-06,NYI,WSH,0.503593,0.496407,NYI,1,NYI,1,0,REAL_NHL_API_OR_DERIVED_FROM_REAL
20242025,2024021223,2025-04-06,MIN,DAL,0.422982,0.577018,DAL,1,MIN,0,0,REAL_NHL_API_OR_DERIVED_FROM_REAL
20242025,2024021224,2025-04-06,OTT,CBJ,0.667633,0.332367,OTT,1,OTT,1,0,REAL_NHL_API_OR_DERIVED_FROM_REAL
20242025,2024021225,2025-04-06,DET,FLA,0.521449,0.478551,DET,1,DET,1,0,REAL_NHL_API_OR_DERIVED_FROM_REAL
20242025,2024021226,2025-04-06,BUF,BOS,0.557011,0.442989,BUF,1,BUF,1,0,REAL_NHL_API_OR_DERIVED_FROM_REAL
20242025,2024021227,2025-04-06,CHI,PIT,0.560976,0.439024,CHI,1,CHI,1,0,REAL_NHL_API_OR_DERIVED_FROM_REAL
20242025,2024021228,2025-04-06,NSH,MTL,0.532786,0.467214,NSH,0,MTL,0,0,REAL_NHL_API_OR_DERIVED_FROM_REAL
20242025,2024021229,2025-04-06,VAN,VGK,0.516286,0.483714,VAN,0,VGK,0,0,REAL_NHL_API_OR_DERIVED_FROM_REAL
20242025,2024021230,2025-04-07,NYR,TBL,0.505568,0.494432,NYR,0,TBL,0,0,REAL_NHL_API_OR_DERIVED_FROM_REAL
20242025,2024021231,2025-04-07,WPG,STL,0.514068,0.485932,WPG,1,WPG,1,0,REAL_NHL_API_OR_DERIVED_FROM_REAL
20242025,2024021232,2025-04-07,ANA,EDM,0.324648,0.675352,EDM,1,ANA,0,0,REAL_NHL_API_OR_DERIVED_FROM_REAL
20242025,2024021233,2025-04-07,LAK,SEA,0.542863,0.457137,LAK,0,SEA,0,0,REAL_NHL_API_OR_DERIVED_FROM_REAL
20242025,2024021234,2025-04-07,SJS,CGY,0.467025,0.532975,CGY,0,CGY,1,0,REAL_NHL_API_OR_DERIVED_FROM_REAL
20242025,2024021235,2025-04-08,BUF,CAR,0.574839,0.425161,BUF,1,BUF,1,0,REAL_NHL_API_OR_DERIVED_FROM_REAL
20242025,2024021236,2025-04-08,MTL,DET,0.542067,0.457933,MTL,1,MTL,1,0,REAL_NHL_API_OR_DERIVED_FROM_REAL
20242025,2024021237,2025-04-08,FLA,TOR,0.482723,0.517277,TOR,1,FLA,0,0,REAL_NHL_API_OR_DERIVED_FROM_REAL
20242025,2024021238,2025-04-08,NJD,BOS,0.339195,0.660805,BOS,0,BOS,1,0,REAL_NHL_API_OR_DERIVED_FROM_REAL
20242025,2024021239,2025-04-08,CBJ,OTT,0.51867,0.48133,CBJ,1,CBJ,1,0,REAL_NHL_API_OR_DERIVED_FROM_REAL
20242025,2024021240,2025-04-08,PIT,CHI,0.498703,0.501297,CHI,1,PIT,0,0,REAL_NHL_API_OR_DERIVED_FROM_REAL
20242025,2024021241,2025-04-08,NSH,NYI,0.707318,0.292682,NSH,1,NSH,1,0,REAL_NHL_API_OR_DERIVED_FROM_REAL
20242025,2024021242,2025-04-08,DAL,VAN,0.568232,0.431768,DAL,0,VAN,0,0,REAL_NHL_API_OR_DERIVED_FROM_REAL
20242025,2024021243,2025-04-08,UTA,SEA,0.588439,0.411561,UTA,1,UTA,1,0,REAL_NHL_API_OR_DERIVED_FROM_REAL
20242025,2024021244,2025-04-08,COL,VGK,0.553604,0.446396,COL,1,COL,1,0,REAL_NHL_API_OR_DERIVED_FROM_REAL
20242025,2024021245,2025-04-09,TBL,TOR,0.548632,0.451368,TBL,0,TOR,0,0,REAL_NHL_API_OR_DERIVED_FROM_REAL
20242025,2024021246,2025-04-09,NYR,PHI,0.556151,0.443849,NYR,0,PHI,0,0,REAL_NHL_API_OR_DERIVED_FROM_REAL
20242025,2024021247,2025-04-09,MIN,SJS,0.612665,0.387335,MIN,1,MIN,1,0,REAL_NHL_API_OR_DERIVED_FROM_REAL
20242025,2024021248,2025-04-09,EDM,STL,0.688978,0.311022,EDM,1,EDM,1,0,REAL_NHL_API_OR_DERIVED_FROM_REAL
20242025,2024021249,2025-04-09,ANA,CGY,0.482025,0.517975,CGY,1,ANA,0,0,REAL_NHL_API_OR_DERIVED_FROM_REAL
20242025,2024021250,2025-04-10,BOS,CHI,0.653937,0.346063,BOS,0,CHI,0,0,REAL_NHL_API_OR_DERIVED_FROM_REAL
20242025,2024021251,2025-04-10,FLA,DET,0.559166,0.440834,FLA,1,FLA,1,0,REAL_NHL_API_OR_DERIVED_FROM_REAL
20242025,2024021252,2025-04-10,WSH,CAR,0.533512,0.466488,WSH,1,WSH,1,0,REAL_NHL_API_OR_DERIVED_FROM_REAL
20242025,2024021253,2025-04-10,CBJ,BUF,0.455204,0.544796,BUF,1,CBJ,0,0,REAL_NHL_API_OR_DERIVED_FROM_REAL
20242025,2024021254,2025-04-10,NYI,NYR,0.424659,0.575341,NYR,0,NYR,1,0,REAL_NHL_API_OR_DERIVED_FROM_REAL
20242025,2024021255,2025-04-10,DAL,WPG,0.619603,0.380397,DAL,0,WPG,0,0,REAL_NHL_API_OR_DERIVED_FROM_REAL
20242025,2024021256,2025-04-10,COL,VAN,0.556557,0.443443,COL,0,VAN,0,0,REAL_NHL_API_OR_DERIVED_FROM_REAL
20242025,2024021257,2025-04-10,UTA,NSH,0.594129,0.405871,UTA,0,NSH,0,0,REAL_NHL_API_OR_DERIVED_FROM_REAL
20242025,2024021258,2025-04-10,VGK,SEA,0.546724,0.453276,VGK,1,VGK,1,0,REAL_NHL_API_OR_DERIVED_FROM_REAL
20242025,2024021259,2025-04-10,LAK,ANA,0.638495,0.361505,LAK,1,LAK,1,0,REAL_NHL_API_OR_DERIVED_FROM_REAL
20242025,2024021260,2025-04-11,OTT,MTL,0.489051,0.510949,MTL,1,OTT,0,0,REAL_NHL_API_OR_DERIVED_FROM_REAL
20242025,2024021261,2025-04-11,TBL,DET,0.601397,0.398603,TBL,0,DET,0,0,REAL_NHL_API_OR_DERIVED_FROM_REAL
20242025,2024021262,2025-04-11,NJD,PIT,0.575018,0.424982,NJD,0,PIT,0,0,REAL_NHL_API_OR_DERIVED_FROM_REAL
20242025,2024021263,2025-04-11,EDM,SJS,0.609035,0.390965,EDM,1,EDM,1,0,REAL_NHL_API_OR_DERIVED_FROM_REAL
20242025,2024021264,2025-04-11,CGY,MIN,0.693473,0.306527,CGY,1,CGY,1,0,REAL_NHL_API_OR_DERIVED_FROM_REAL
20242025,2024021265,2025-04-12,PHI,NYI,0.617605,0.382395,PHI,1,PHI,1,0,REAL_NHL_API_OR_DERIVED_FROM_REAL
20242025,2024021266,2025-04-12,CAR,NYR,0.458839,0.541161,NYR,1,CAR,0,0,REAL_NHL_API_OR_DERIVED_FROM_REAL
20242025,2024021267,2025-04-12,LAK,COL,0.540442,0.459558,LAK,1,LAK,1,0,REAL_NHL_API_OR_DERIVED_FROM_REAL
20242025,2024021268,2025-04-12,FLA,BUF,0.524489,0.475511,FLA,1,FLA,1,0,REAL_NHL_API_OR_DERIVED_FROM_REAL
20242025,2024021269,2025-04-12,TOR,MTL,0.73059,0.26941,TOR,1,TOR,1,0,REAL_NHL_API_OR_DERIVED_FROM_REAL
20242025,2024021270,2025-04-12,CBJ,WSH,0.512938,0.487062,CBJ,1,CBJ,1,0,REAL_NHL_API_OR_DERIVED_FROM_REAL
20242025,2024021271,2025-04-12,CHI,WPG,0.481616,0.518384,WPG,0,WPG,1,0,REAL_NHL_API_OR_DERIVED_FROM_REAL
20242025,2024021272,2025-04-12,DAL,UTA,0.545338,0.454662,DAL,0,UTA,0,0,REAL_NHL_API_OR_DERIVED_FROM_REAL
20242025,2024021273,2025-04-12,VAN,MIN,0.544932,0.455068,VAN,0,MIN,0,0,REAL_NHL_API_OR_DERIVED_FROM_REAL
20242025,2024021274,2025-04-12,VGK,NSH,0.551875,0.448125,VGK,1,VGK,1,0,REAL_NHL_API_OR_DERIVED_FROM_REAL
20242025,2024021275,2025-04-12,SEA,STL,0.491277,0.508723,STL,1,SEA,0,0,REAL_NHL_API_OR_DERIVED_FROM_REAL
20242025,2024021276,2025-04-13,OTT,PHI,0.529808,0.470192,OTT,1,OTT,1,0,REAL_NHL_API_OR_DERIVED_FROM_REAL
20242025,2024021277,2025-04-13,NJD,NYI,0.564083,0.435917,NJD,0,NYI,0,0,REAL_NHL_API_OR_DERIVED_FROM_REAL
20242025,2024021278,2025-04-13,PIT,BOS,0.508844,0.491156,PIT,0,BOS,0,0,REAL_NHL_API_OR_DERIVED_FROM_REAL
20242025,2024021279,2025-04-13,CAR,TOR,0.522988,0.477012,CAR,0,TOR,0,0,REAL_NHL_API_OR_DERIVED_FROM_REAL
20242025,2024021280,2025-04-13,TBL,BUF,0.51248,0.48752,TBL,1,TBL,1,0,REAL_NHL_API_OR_DERIVED_FROM_REAL
20242025,2024021281,2025-04-13,WSH,CBJ,0.501784,0.498216,WSH,0,CBJ,0,0,REAL_NHL_API_OR_DERIVED_FROM_REAL
20242025,2024021282,2025-04-13,WPG,EDM,0.527009,0.472991,WPG,0,EDM,0,0,REAL_NHL_API_OR_DERIVED_FROM_REAL
20242025,2024021283,2025-04-13,CGY,SJS,0.554631,0.445369,CGY,1,CGY,1,0,REAL_NHL_API_OR_DERIVED_FROM_REAL
20242025,2024021284,2025-04-13,ANA,COL,0.544216,0.455784,ANA,0,COL,0,0,REAL_NHL_API_OR_DERIVED_FROM_REAL
20242025,2024021285,2025-04-14,MTL,CHI,0.572843,0.427157,MTL,0,CHI,0,0,REAL_NHL_API_OR_DERIVED_FROM_REAL
20242025,2024021286,2025-04-14,DET,DAL,0.461272,0.538728,DAL,1,DET,0,0,REAL_NHL_API_OR_DERIVED_FROM_REAL
20242025,2024021287,2025-04-14,FLA,NYR,0.470158,0.529842,NYR,0,NYR,1,0,REAL_NHL_API_OR_DERIVED_FROM_REAL
20242025,2024021288,2025-04-14,NSH,UTA,0.533523,0.466477,NSH,0,UTA,0,0,REAL_NHL_API_OR_DERIVED_FROM_REAL
20242025,2024021289,2025-04-14,EDM,LAK,0.523752,0.476248,EDM,0,LAK,0,0,REAL_NHL_API_OR_DERIVED_FROM_REAL
20242025,2024021290,2025-04-14,VAN,SJS,0.692768,0.307232,VAN,1,VAN,1,0,REAL_NHL_API_OR_DERIVED_FROM_REAL
20242025,2024021291,2025-04-15,BOS,NJD,0.648904,0.351096,BOS,0,NJD,0,0,REAL_NHL_API_OR_DERIVED_FROM_REAL
20242025,2024021292,2025-04-15,BUF,TOR,0.5033,0.4967,BUF,0,TOR,0,0,REAL_NHL_API_OR_DERIVED_FROM_REAL
20242025,2024021293,2025-04-15,OTT,CHI,0.525966,0.474034,OTT,0,CHI,0,0,REAL_NHL_API_OR_DERIVED_FROM_REAL
20242025,2024021294,2025-04-15,TBL,FLA,0.596264,0.403736,TBL,1,TBL,1,0,REAL_NHL_API_OR_DERIVED_FROM_REAL
20242025,2024021295,2025-04-15,PHI,CBJ,0.513925,0.486075,PHI,0,CBJ,0,0,REAL_NHL_API_OR_DERIVED_FROM_REAL
20242025,2024021296,2025-04-15,NYI,WSH,0.521445,0.478555,NYI,0,WSH,0,0,REAL_NHL_API_OR_DERIVED_FROM_REAL
20242025,2024021297,2025-04-15,STL,UTA,0.491748,0.508252,UTA,1,STL,0,0,REAL_NHL_API_OR_DERIVED_FROM_REAL
20242025,2024021298,2025-04-15,MIN,ANA,0.566206,0.433794,MIN,1,MIN,1,0,REAL_NHL_API_OR_DERIVED_FROM_REAL
20242025,2024021299,2025-04-15,CGY,VGK,0.528284,0.471716,CGY,1,CGY,1,0,REAL_NHL_API_OR_DERIVED_FROM_REAL
20242025,2024021300,2025-04-15,SEA,LAK,0.560892,0.439108,SEA,0,LAK,0,0,REAL_NHL_API_OR_DERIVED_FROM_REAL
20242025,2024021301,2025-04-16,MTL,CAR,0.503825,0.496175,MTL,1,MTL,1,0,REAL_NHL_API_OR_DERIVED_FROM_REAL
20242025,2024021302,2025-04-16,WPG,ANA,0.592816,0.407184,WPG,1,WPG,1,0,REAL_NHL_API_OR_DERIVED_FROM_REAL
20242025,2024021303,2025-04-16,NJD,DET,0.500792,0.499208,NJD,0,DET,0,0,REAL_NHL_API_OR_DERIVED_FROM_REAL
20242025,2024021304,2025-04-16,NSH,DAL,0.655627,0.344373,NSH,1,NSH,1,0,REAL_NHL_API_OR_DERIVED_FROM_REAL
20242025,2024021305,2025-04-16,VAN,VGK,0.357259,0.642741,VGK,0,VGK,1,0,REAL_NHL_API_OR_DERIVED_FROM_REAL
20242025,2024021306,2025-04-16,SJS,EDM,0.291063,0.708937,EDM,0,EDM,1,0,REAL_NHL_API_OR_DERIVED_FROM_REAL
20242025,2024020653,2025-04-17,LAK,CGY,0.533869,0.466131,LAK,0,CGY,0,0,REAL_NHL_API_OR_DERIVED_FROM_REAL
20242025,2024021307,2025-04-17,BUF,PHI,0.480027,0.519973,PHI,1,BUF,0,0,REAL_NHL_API_OR_DERIVED_FROM_REAL
20242025,2024021308,2025-04-17,TOR,DET,0.552332,0.447668,TOR,1,TOR,1,0,REAL_NHL_API_OR_DERIVED_FROM_REAL
20242025,2024021309,2025-04-17,OTT,CAR,0.559792,0.440208,OTT,1,OTT,1,0,REAL_NHL_API_OR_DERIVED_FROM_REAL
20242025,2024021310,2025-04-17,NYR,TBL,0.544025,0.455975,NYR,1,NYR,1,0,REAL_NHL_API_OR_DERIVED_FROM_REAL
20242025,2024021311,2025-04-17,PIT,WSH,0.524913,0.475087,PIT,1,PIT,1,0,REAL_NHL_API_OR_DERIVED_FROM_REAL
20242025,2024021312,2025-04-17,CBJ,NYI,0.661782,0.338218,CBJ,1,CBJ,1,0,REAL_NHL_API_OR_DERIVED_FROM_REAL
20252026,2025020001,2025-10-07,FLA,CHI,0.575469,0.424531,FLA,1,FLA,1,0,REAL_NHL_API_OR_DERIVED_FROM_REAL
20252026,2025020002,2025-10-07,NYR,PIT,0.536908,0.463092,NYR,0,PIT,0,0,REAL_NHL_API_OR_DERIVED_FROM_REAL
20252026,2025020003,2025-10-07,LAK,COL,0.553077,0.446923,LAK,0,COL,0,0,REAL_NHL_API_OR_DERIVED_FROM_REAL
20252026,2025020004,2025-10-08,TOR,MTL,0.591592,0.408408,TOR,1,TOR,1,0,REAL_NHL_API_OR_DERIVED_FROM_REAL
20252026,2025020005,2025-10-08,WSH,BOS,0.497304,0.502696,BOS,0,BOS,1,0,REAL_NHL_API_OR_DERIVED_FROM_REAL
20252026,2025020006,2025-10-08,EDM,CGY,0.610128,0.389872,EDM,0,CGY,0,0,REAL_NHL_API_OR_DERIVED_FROM_REAL
20252026,2025020007,2025-10-08,VGK,LAK,0.512721,0.487279,VGK,0,LAK,0,0,REAL_NHL_API_OR_DERIVED_FROM_REAL
20252026,2025020008,2025-10-09,BOS,CHI,0.570772,0.429228,BOS,1,BOS,1,0,REAL_NHL_API_OR_DERIVED_FROM_REAL
20252026,2025020009,2025-10-09,BUF,NYR,0.477891,0.522109,NYR,0,NYR,1,0,REAL_NHL_API_OR_DERIVED_FROM_REAL
20252026,2025020010,2025-10-09,DET,MTL,0.648716,0.351284,DET,0,MTL,0,0,REAL_NHL_API_OR_DERIVED_FROM_REAL
20252026,2025020011,2025-10-09,TBL,OTT,0.624248,0.375752,TBL,0,OTT,0,0,REAL_NHL_API_OR_DERIVED_FROM_REAL
20252026,2025020012,2025-10-09,FLA,PHI,0.520159,0.479841,FLA,1,FLA,1,0,REAL_NHL_API_OR_DERIVED_FROM_REAL
20252026,2025020013,2025-10-09,PIT,NYI,0.565643,0.434357,PIT,1,PIT,1,0,REAL_NHL_API_OR_DERIVED_FROM_REAL
20252026,2025020014,2025-10-09,CAR,NJD,0.578372,0.421628,CAR,1,CAR,1,0,REAL_NHL_API_OR_DERIVED_FROM_REAL
20252026,2025020015,2025-10-09,STL,MIN,0.512841,0.487159,STL,0,MIN,0,0,REAL_NHL_API_OR_DERIVED_FROM_REAL
20252026,2025020016,2025-10-09,NSH,CBJ,0.57145,0.42855,NSH,1,NSH,1,0,REAL_NHL_API_OR_DERIVED_FROM_REAL
20252026,2025020017,2025-10-09,WPG,DAL,0.565504,0.434496,WPG,0,DAL,0,0,REAL_NHL_API_OR_DERIVED_FROM_REAL
20252026,2025020018,2025-10-09,COL,UTA,0.504329,0.495671,COL,1,COL,1,0,REAL_NHL_API_OR_DERIVED_FROM_REAL
20252026,2025020019,2025-10-09,VAN,CGY,0.579459,0.420541,VAN,1,VAN,1,0,REAL_NHL_API_OR_DERIVED_FROM_REAL
20252026,2025020020,2025-10-09,SJS,VGK,0.465617,0.534383,VGK,0,VGK,1,0,REAL_NHL_API_OR_DERIVED_FROM_REAL
20252026,2025020021,2025-10-09,SEA,ANA,0.50774,0.49226,SEA,1,SEA,1,0,REAL_NHL_API_OR_DERIVED_FROM_REAL
20252026,2025020022,2025-10-11,WPG,LAK,0.506861,0.493139,WPG,1,WPG,1,0,REAL_NHL_API_OR_DERIVED_FROM_REAL
20252026,2025020023,2025-10-11,CGY,STL,0.528059,0.471941,CGY,0,STL,0,0,REAL_NHL_API_OR_DERIVED_FROM_REAL
20252026,2025020024,2025-10-11,BOS,BUF,0.6124,0.3876,BOS,1,BOS,1,0,REAL_NHL_API_OR_DERIVED_FROM_REAL
20252026,2025020025,2025-10-11,DET,TOR,0.484799,0.515201,TOR,1,DET,0,0,REAL_NHL_API_OR_DERIVED_FROM_REAL
20252026,2025020026,2025-10-11,TBL,NJD,0.603648,0.396352,TBL,0,NJD,0,0,REAL_NHL_API_OR_DERIVED_FROM_REAL
20252026,2025020027,2025-10-11,FLA,OTT,0.541785,0.458215,FLA,1,FLA,1,0,REAL_NHL_API_OR_DERIVED_FROM_REAL
20252026,2025020028,2025-10-11,NYI,WSH,0.549766,0.450234,NYI,0,WSH,0,0,REAL_NHL_API_OR_DERIVED_FROM_REAL
20252026,2025020029,2025-10-11,PIT,NYR,0.535105,0.464895,PIT,0,NYR,0,0,REAL_NHL_API_OR_DERIVED_FROM_REAL
20252026,2025020030,2025-10-11,CAR,PHI,0.621733,0.378267,CAR,1,CAR,1,0,REAL_NHL_API_OR_DERIVED_FROM_REAL
20252026,2025020031,2025-10-11,CHI,MTL,0.544979,0.455021,CHI,0,MTL,0,0,REAL_NHL_API_OR_DERIVED_FROM_REAL
20252026,2025020032,2025-10-11,NSH,UTA,0.542839,0.457161,NSH,0,UTA,0,0,REAL_NHL_API_OR_DERIVED_FROM_REAL
20252026,2025020033,2025-10-11,MIN,CBJ,0.557402,0.442598,MIN,0,CBJ,0,0,REAL_NHL_API_OR_DERIVED_FROM_REAL
20252026,2025020034,2025-10-11,COL,DAL,0.571666,0.428334,COL,0,DAL,0,0,REAL_NHL_API_OR_DERIVED_FROM_REAL
20252026,2025020035,2025-10-11,EDM,VAN,0.569167,0.430833,EDM,1,EDM,1,0,REAL_NHL_API_OR_DERIVED_FROM_REAL
20252026,2025020036,2025-10-11,SJS,ANA,0.563715,0.436285,SJS,0,ANA,0,0,REAL_NHL_API_OR_DERIVED_FROM_REAL
20252026,2025020037,2025-10-11,SEA,VGK,0.461819,0.538181,VGK,1,SEA,0,0,REAL_NHL_API_OR_DERIVED_FROM_REAL
20252026,2025020038,2025-10-12,NYR,WSH,0.580348,0.419652,NYR,0,WSH,0,0,REAL_NHL_API_OR_DERIVED_FROM_REAL
20252026,2025020039,2025-10-13,BUF,COL,0.459436,0.540564,COL,0,COL,1,0,REAL_NHL_API_OR_DERIVED_FROM_REAL
20252026,2025020040,2025-10-13,BOS,TBL,0.541073,0.458927,BOS,0,TBL,0,0,REAL_NHL_API_OR_DERIVED_FROM_REAL
20252026,2025020041,2025-10-13,OTT,NSH,0.547949,0.452051,OTT,0,NSH,0,0,REAL_NHL_API_OR_DERIVED_FROM_REAL
20252026,2025020042,2025-10-13,NYI,WPG,0.535631,0.464369,NYI,0,WPG,0,0,REAL_NHL_API_OR_DERIVED_FROM_REAL
20252026,2025020043,2025-10-13,TOR,DET,0.630964,0.369036,TOR,0,DET,0,0,REAL_NHL_API_OR_DERIVED_FROM_REAL
20252026,2025020044,2025-10-13,PHI,FLA,0.555395,0.444605,PHI,1,PHI,1,0,REAL_NHL_API_OR_DERIVED_FROM_REAL
20252026,2025020045,2025-10-13,CBJ,NJD,0.758125,0.241875,CBJ,0,NJD,0,0,REAL_NHL_API_OR_DERIVED_FROM_REAL
20252026,2025020046,2025-10-13,VAN,STL,0.514437,0.485563,VAN,0,STL,0,0,REAL_NHL_API_OR_DERIVED_FROM_REAL
20252026,2025020047,2025-10-13,MIN,LAK,0.568674,0.431326,MIN,1,MIN,1,0,REAL_NHL_API_OR_DERIVED_FROM_REAL
20252026,2025020048,2025-10-13,CHI,UTA,0.540502,0.459498,CHI,1,CHI,1,0,REAL_NHL_API_OR_DERIVED_FROM_REAL
20252026,2025020049,2025-10-14,TOR,NSH,0.529992,0.470008,TOR,1,TOR,1,0,REAL_NHL_API_OR_DERIVED_FROM_REAL
20252026,2025020050,2025-10-14,MTL,SEA,0.559675,0.440325,MTL,1,MTL,1,0,REAL_NHL_API_OR_DERIVED_FROM_REAL
20252026,2025020051,2025-10-14,NYR,EDM,0.526791,0.473209,NYR,0,EDM,0,0,REAL_NHL_API_OR_DERIVED_FROM_REAL
20252026,2025020052,2025-10-14,WSH,TBL,0.482614,0.517386,TBL,1,WSH,0,0,REAL_NHL_API_OR_DERIVED_FROM_REAL
20252026,2025020053,2025-10-14,CGY,VGK,0.715409,0.284591,CGY,0,VGK,0,0,REAL_NHL_API_OR_DERIVED_FROM_REAL
20252026,2025020054,2025-10-14,DAL,MIN,0.556104,0.443896,DAL,1,DAL,1,0,REAL_NHL_API_OR_DERIVED_FROM_REAL
20252026,2025020055,2025-10-14,SJS,CAR,0.476697,0.523303,CAR,0,CAR,1,0,REAL_NHL_API_OR_DERIVED_FROM_REAL
20252026,2025020056,2025-10-14,ANA,PIT,0.520816,0.479184,ANA,1,ANA,1,0,REAL_NHL_API_OR_DERIVED_FROM_REAL
20252026,2025020057,2025-10-15,BUF,OTT,0.506875,0.493125,BUF,1,BUF,1,0,REAL_NHL_API_OR_DERIVED_FROM_REAL
20252026,2025020058,2025-10-15,DET,FLA,0.508485,0.491515,DET,1,DET,1,0,REAL_NHL_API_OR_DERIVED_FROM_REAL
20252026,2025020059,2025-10-15,STL,CHI,0.391081,0.608919,CHI,0,CHI,1,0,REAL_NHL_API_OR_DERIVED_FROM_REAL
20252026,2025020060,2025-10-15,UTA,CGY,0.54402,0.45598,UTA,1,UTA,1,0,REAL_NHL_API_OR_DERIVED_FROM_REAL
20252026,2025020061,2025-10-16,TOR,NYR,0.578522,0.421478,TOR,1,TOR,1,0,REAL_NHL_API_OR_DERIVED_FROM_REAL
20252026,2025020062,2025-10-16,MTL,NSH,0.552351,0.447649,MTL,1,MTL,1,0,REAL_NHL_API_OR_DERIVED_FROM_REAL
20252026,2025020063,2025-10-16,OTT,SEA,0.600664,0.399336,OTT,1,OTT,1,0,REAL_NHL_API_OR_DERIVED_FROM_REAL
20252026,2025020064,2025-10-16,NJD,FLA,0.540727,0.459273,NJD,1,NJD,1,0,REAL_NHL_API_OR_DERIVED_FROM_REAL
20252026,2025020065,2025-10-16,NYI,EDM,0.505668,0.494332,NYI,1,NYI,1,0,REAL_NHL_API_OR_DERIVED_FROM_REAL
20252026,2025020066,2025-10-16,PHI,WPG,0.564279,0.435721,PHI,0,WPG,0,0,REAL_NHL_API_OR_DERIVED_FROM_REAL
20252026,2025020067,2025-10-16,CBJ,COL,0.552369,0.447631,CBJ,0,COL,0,0,REAL_NHL_API_OR_DERIVED_FROM_REAL
20252026,2025020068,2025-10-16,DAL,VAN,0.547156,0.452844,DAL,0,VAN,0,0,REAL_NHL_API_OR_DERIVED_FROM_REAL
20252026,2025020069,2025-10-16,VGK,BOS,0.589283,0.410717,VGK,1,VGK,1,0,REAL_NHL_API_OR_DERIVED_FROM_REAL
20252026,2025020070,2025-10-16,ANA,CAR,0.490798,0.509202,CAR,0,CAR,1,0,REAL_NHL_API_OR_DERIVED_FROM_REAL
20252026,2025020071,2025-10-16,LAK,PIT,0.553393,0.446607,LAK,0,PIT,0,0,REAL_NHL_API_OR_DERIVED_FROM_REAL
20252026,2025020072,2025-10-17,DET,TBL,0.537643,0.462357,DET,1,DET,1,0,REAL_NHL_API_OR_DERIVED_FROM_REAL
20252026,2025020073,2025-10-17,WSH,MIN,0.473148,0.526852,MIN,1,WSH,0,0,REAL_NHL_API_OR_DERIVED_FROM_REAL
20252026,2025020074,2025-10-17,CHI,VAN,0.498852,0.501148,VAN,0,VAN,1,0,REAL_NHL_API_OR_DERIVED_FROM_REAL
20252026,2025020075,2025-10-17,UTA,SJS,0.543227,0.456773,UTA,1,UTA,1,0,REAL_NHL_API_OR_DERIVED_FROM_REAL
20252026,2025020076,2025-10-18,BUF,FLA,0.471367,0.528633,FLA,1,BUF,0,0,REAL_NHL_API_OR_DERIVED_FROM_REAL
20252026,2025020077,2025-10-18,OTT,NYI,0.536408,0.463592,OTT,0,NYI,0,0,REAL_NHL_API_OR_DERIVED_FROM_REAL
20252026,2025020078,2025-10-18,NJD,EDM,0.585802,0.414198,NJD,1,NJD,1,0,REAL_NHL_API_OR_DERIVED_FROM_REAL
20252026,2025020079,2025-10-18,TOR,SEA,0.636106,0.363894,TOR,0,SEA,0,0,REAL_NHL_API_OR_DERIVED_FROM_REAL
20252026,2025020080,2025-10-18,MTL,NYR,0.540224,0.459776,MTL,0,NYR,0,0,REAL_NHL_API_OR_DERIVED_FROM_REAL
20252026,2025020081,2025-10-18,PHI,MIN,0.52876,0.47124,PHI,1,PHI,1,0,REAL_NHL_API_OR_DERIVED_FROM_REAL
20252026,2025020082,2025-10-18,CBJ,TBL,0.536965,0.463035,CBJ,1,CBJ,1,0,REAL_NHL_API_OR_DERIVED_FROM_REAL
20252026,2025020083,2025-10-18,STL,DAL,0.486039,0.513961,DAL,1,STL,0,0,REAL_NHL_API_OR_DERIVED_FROM_REAL
20252026,2025020084,2025-10-18,WPG,NSH,0.57861,0.42139,WPG,1,WPG,1,0,REAL_NHL_API_OR_DERIVED_FROM_REAL
20252026,2025020085,2025-10-18,COL,BOS,0.586149,0.413851,COL,1,COL,1,0,REAL_NHL_API_OR_DERIVED_FROM_REAL
20252026,2025020086,2025-10-18,LAK,CAR,0.480063,0.519937,CAR,0,CAR,1,0,REAL_NHL_API_OR_DERIVED_FROM_REAL
20252026,2025020087,2025-10-18,VGK,CGY,0.789422,0.210578,VGK,1,VGK,1,0,REAL_NHL_API_OR_DERIVED_FROM_REAL
20252026,2025020088,2025-10-18,SJS,PIT,0.52018,0.47982,SJS,0,PIT,0,0,REAL_NHL_API_OR_DERIVED_FROM_REAL
20252026,2025020089,2025-10-19,WSH,VAN,0.584602,0.415398,WSH,0,VAN,0,0,REAL_NHL_API_OR_DERIVED_FROM_REAL
20252026,2025020090,2025-10-19,DET,EDM,0.537623,0.462377,DET,1,DET,1,0,REAL_NHL_API_OR_DERIVED_FROM_REAL
20252026,2025020091,2025-10-19,CHI,ANA,0.59182,0.40818,CHI,1,CHI,1,0,REAL_NHL_API_OR_DERIVED_FROM_REAL
20252026,2025020092,2025-10-19,UTA,BOS,0.545174,0.454826,UTA,1,UTA,1,0,REAL_NHL_API_OR_DERIVED_FROM_REAL
20252026,2025020093,2025-10-20,NYR,MIN,0.586846,0.413154,NYR,0,MIN,0,0,REAL_NHL_API_OR_DERIVED_FROM_REAL
20252026,2025020094,2025-10-20,PHI,SEA,0.605893,0.394107,PHI,1,PHI,1,0,REAL_NHL_API_OR_DERIVED_FROM_REAL
20252026,2025020095,2025-10-20,MTL,BUF,0.524146,0.475854,MTL,1,MTL,1,0,REAL_NHL_API_OR_DERIVED_FROM_REAL
20252026,2025020096,2025-10-20,CGY,WPG,0.475165,0.524835,WPG,0,WPG,1,0,REAL_NHL_API_OR_DERIVED_FROM_REAL
20252026,2025020097,2025-10-20,VGK,CAR,0.455536,0.544464,CAR,1,VGK,0,0,REAL_NHL_API_OR_DERIVED_FROM_REAL
20252026,2025020098,2025-10-21,TOR,NJD,0.551905,0.448095,TOR,0,NJD,0,0,REAL_NHL_API_OR_DERIVED_FROM_REAL
20252026,2025020099,2025-10-21,OTT,EDM,0.523054,0.476946,OTT,0,EDM,0,0,REAL_NHL_API_OR_DERIVED_FROM_REAL
20252026,2025020100,2025-10-21,NYI,SJS,0.577003,0.422997,NYI,1,NYI,1,0,REAL_NHL_API_OR_DERIVED_FROM_REAL
20252026,2025020101,2025-10-21,PIT,VAN,0.569414,0.430586,PIT,1,PIT,1,0,REAL_NHL_API_OR_DERIVED_FROM_REAL
20252026,2025020102,2025-10-21,WSH,SEA,0.589429,0.410571,WSH,1,WSH,1,0,REAL_NHL_API_OR_DERIVED_FROM_REAL
20252026,2025020103,2025-10-21,BOS,FLA,0.5716,0.4284,BOS,0,FLA,0,0,REAL_NHL_API_OR_DERIVED_FROM_REAL
20252026,2025020104,2025-10-21,STL,LAK,0.506217,0.493783,STL,0,LAK,0,0,REAL_NHL_API_OR_DERIVED_FROM_REAL
20252026,2025020105,2025-10-21,NSH,ANA,0.566124,0.433876,NSH,0,ANA,0,0,REAL_NHL_API_OR_DERIVED_FROM_REAL
20252026,2025020106,2025-10-21,DAL,CBJ,0.581582,0.418418,DAL,0,CBJ,0,0,REAL_NHL_API_OR_DERIVED_FROM_REAL
20252026,2025020107,2025-10-21,UTA,COL,0.526526,0.473474,UTA,1,UTA,1,0,REAL_NHL_API_OR_DERIVED_FROM_REAL
20252026,2025020108,2025-10-22,NJD,MIN,0.5764,0.4236,NJD,1,NJD,1,0,REAL_NHL_API_OR_DERIVED_FROM_REAL
20252026,2025020109,2025-10-22,BUF,DET,0.559525,0.440475,BUF,1,BUF,1,0,REAL_NHL_API_OR_DERIVED_FROM_REAL
20252026,2025020110,2025-10-22,CGY,MTL,0.484592,0.515408,MTL,0,MTL,1,0,REAL_NHL_API_OR_DERIVED_FROM_REAL
20252026,2025020111,2025-10-23,BOS,ANA,0.519267,0.480733,BOS,0,ANA,0,0,REAL_NHL_API_OR_DERIVED_FROM_REAL
20252026,2025020112,2025-10-23,OTT,PHI,0.550838,0.449162,OTT,1,OTT,1,0,REAL_NHL_API_OR_DERIVED_FROM_REAL
20252026,2025020113,2025-10-23,TBL,CHI,0.61135,0.38865,TBL,0,CHI,0,0,REAL_NHL_API_OR_DERIVED_FROM_REAL
20252026,2025020114,2025-10-23,FLA,PIT,0.552931,0.447069,FLA,0,PIT,0,0,REAL_NHL_API_OR_DERIVED_FROM_REAL
20252026,2025020115,2025-10-23,NYI,DET,0.509145,0.490855,NYI,1,NYI,1,0,REAL_NHL_API_OR_DERIVED_FROM_REAL
20252026,2025020116,2025-10-23,NYR,SJS,0.584998,0.415002,NYR,0,SJS,0,0,REAL_NHL_API_OR_DERIVED_FROM_REAL
20252026,2025020117,2025-10-23,STL,UTA,0.326623,0.673377,UTA,0,UTA,1,0,REAL_NHL_API_OR_DERIVED_FROM_REAL
20252026,2025020118,2025-10-23,NSH,VAN,0.540089,0.459911,NSH,1,NSH,1,0,REAL_NHL_API_OR_DERIVED_FROM_REAL
20252026,2025020119,2025-10-23,DAL,LAK,0.559868,0.440132,DAL,0,LAK,0,0,REAL_NHL_API_OR_DERIVED_FROM_REAL
20252026,2025020120,2025-10-23,WPG,SEA,0.624271,0.375729,WPG,0,SEA,0,0,REAL_NHL_API_OR_DERIVED_FROM_REAL
20252026,2025020121,2025-10-23,COL,CAR,0.514153,0.485847,COL,0,CAR,0,0,REAL_NHL_API_OR_DERIVED_FROM_REAL
20252026,2025020122,2025-10-23,EDM,MTL,0.536245,0.463755,EDM,1,EDM,1,0,REAL_NHL_API_OR_DERIVED_FROM_REAL
20252026,2025020123,2025-10-24,BUF,TOR,0.532143,0.467857,BUF,1,BUF,1,0,REAL_NHL_API_OR_DERIVED_FROM_REAL
20252026,2025020124,2025-10-24,NJD,SJS,0.606176,0.393824,NJD,1,NJD,1,0,REAL_NHL_API_OR_DERIVED_FROM_REAL
20252026,2025020125,2025-10-24,CBJ,WSH,0.539957,0.460043,CBJ,0,WSH,0,0,REAL_NHL_API_OR_DERIVED_FROM_REAL
20252026,2025020126,2025-10-24,WPG,CGY,0.603067,0.396933,WPG,1,WPG,1,0,REAL_NHL_API_OR_DERIVED_FROM_REAL
20252026,2025020127,2025-10-25,PHI,NYI,0.426199,0.573801,NYI,1,PHI,0,0,REAL_NHL_API_OR_DERIVED_FROM_REAL
20252026,2025020128,2025-10-25,BOS,COL,0.575791,0.424209,BOS,1,BOS,1,0,REAL_NHL_API_OR_DERIVED_FROM_REAL
20252026,2025020129,2025-10-25,TBL,ANA,0.585148,0.414852,TBL,1,TBL,1,0,REAL_NHL_API_OR_DERIVED_FROM_REAL
20252026,2025020130,2025-10-25,FLA,VGK,0.503656,0.496344,FLA,1,FLA,1,0,REAL_NHL_API_OR_DERIVED_FROM_REAL
20252026,2025020131,2025-10-25,MIN,UTA,0.486685,0.513315,UTA,0,UTA,1,0,REAL_NHL_API_OR_DERIVED_FROM_REAL
20252026,2025020132,2025-10-25,TOR,BUF,0.517648,0.482352,TOR,1,TOR,1,0,REAL_NHL_API_OR_DERIVED_FROM_REAL
20252026,2025020133,2025-10-25,DET,STL,0.56161,0.43839,DET,1,DET,1,0,REAL_NHL_API_OR_DERIVED_FROM_REAL
20252026,2025020134,2025-10-25,PIT,CBJ,0.603562,0.396438,PIT,0,CBJ,0,0,REAL_NHL_API_OR_DERIVED_FROM_REAL
20252026,2025020135,2025-10-25,WSH,OTT,0.598948,0.401052,WSH,0,OTT,0,0,REAL_NHL_API_OR_DERIVED_FROM_REAL
20252026,2025020136,2025-10-25,VAN,MTL,0.555848,0.444152,VAN,0,MTL,0,0,REAL_NHL_API_OR_DERIVED_FROM_REAL
20252026,2025020137,2025-10-25,NSH,LAK,0.51733,0.48267,NSH,1,NSH,1,0,REAL_NHL_API_OR_DERIVED_FROM_REAL
20252026,2025020138,2025-10-25,DAL,CAR,0.520338,0.479662,DAL,1,DAL,1,0,REAL_NHL_API_OR_DERIVED_FROM_REAL
20252026,2025020139,2025-10-25,SEA,EDM,0.479094,0.520906,EDM,1,SEA,0,0,REAL_NHL_API_OR_DERIVED_FROM_REAL
20252026,2025020140,2025-10-26,NJD,COL,0.592211,0.407789,NJD,1,NJD,1,0,REAL_NHL_API_OR_DERIVED_FROM_REAL
20252026,2025020141,2025-10-26,TBL,VGK,0.476163,0.523837,VGK,1,TBL,0,0,REAL_NHL_API_OR_DERIVED_FROM_REAL
20252026,2025020142,2025-10-26,MIN,SJS,0.59103,0.40897,MIN,0,SJS,0,0,REAL_NHL_API_OR_DERIVED_FROM_REAL
20252026,2025020143,2025-10-26,WPG,UTA,0.553268,0.446732,WPG,0,UTA,0,0,REAL_NHL_API_OR_DERIVED_FROM_REAL
20252026,2025020144,2025-10-26,CHI,LAK,0.520502,0.479498,CHI,0,LAK,0,0,REAL_NHL_API_OR_DERIVED_FROM_REAL
20252026,2025020145,2025-10-26,NSH,DAL,0.529015,0.470985,NSH,0,DAL,0,0,REAL_NHL_API_OR_DERIVED_FROM_REAL
20252026,2025020146,2025-10-26,CGY,NYR,0.514118,0.485882,CGY,1,CGY,1,0,REAL_NHL_API_OR_DERIVED_FROM_REAL
20252026,2025020147,2025-10-26,VAN,EDM,0.493306,0.506694,EDM,1,VAN,0,0,REAL_NHL_API_OR_DERIVED_FROM_REAL
20252026,2025020148,2025-10-27,PIT,STL,0.6858,0.3142,PIT,1,PIT,1,0,REAL_NHL_API_OR_DERIVED_FROM_REAL
20252026,2025020149,2025-10-27,OTT,BOS,0.558714,0.441286,OTT,1,OTT,1,0,REAL_NHL_API_OR_DERIVED_FROM_REAL
20252026,2025020150,2025-10-28,PHI,PIT,0.458797,0.541203,PIT,1,PHI,0,0,REAL_NHL_API_OR_DERIVED_FROM_REAL
20252026,2025020151,2025-10-28,TOR,CGY,0.639151,0.360849,TOR,1,TOR,1,0,REAL_NHL_API_OR_DERIVED_FROM_REAL
20252026,2025020152,2025-10-28,BUF,CBJ,0.554326,0.445674,BUF,0,CBJ,0,0,REAL_NHL_API_OR_DERIVED_FROM_REAL
20252026,2025020153,2025-10-28,FLA,ANA,0.50378,0.49622,FLA,0,ANA,0,0,REAL_NHL_API_OR_DERIVED_FROM_REAL
20252026,2025020154,2025-10-28,BOS,NYI,0.528804,0.471196,BOS,1,BOS,1,0,REAL_NHL_API_OR_DERIVED_FROM_REAL
20252026,2025020155,2025-10-28,CAR,VGK,0.553168,0.446832,CAR,0,VGK,0,0,REAL_NHL_API_OR_DERIVED_FROM_REAL
20252026,2025020156,2025-10-28,NSH,TBL,0.481792,0.518208,TBL,0,TBL,1,0,REAL_NHL_API_OR_DERIVED_FROM_REAL
20252026,2025020157,2025-10-28,MIN,WPG,0.476566,0.523434,WPG,0,WPG,1,0,REAL_NHL_API_OR_DERIVED_FROM_REAL
20252026,2025020158,2025-10-28,STL,DET,0.501611,0.498389,STL,0,DET,0,0,REAL_NHL_API_OR_DERIVED_FROM_REAL
20252026,2025020159,2025-10-28,DAL,WSH,0.531025,0.468975,DAL,1,DAL,1,0,REAL_NHL_API_OR_DERIVED_FROM_REAL
20252026,2025020160,2025-10-28,CHI,OTT,0.561369,0.438631,CHI,1,CHI,1,0,REAL_NHL_API_OR_DERIVED_FROM_REAL
20252026,2025020161,2025-10-28,COL,NJD,0.506528,0.493472,COL,1,COL,1,0,REAL_NHL_API_OR_DERIVED_FROM_REAL
20252026,2025020162,2025-10-28,EDM,UTA,0.556286,0.443714,EDM,1,EDM,1,0,REAL_NHL_API_OR_DERIVED_FROM_REAL
20252026,2025020163,2025-10-28,VAN,NYR,0.578949,0.421051,VAN,0,NYR,0,0,REAL_NHL_API_OR_DERIVED_FROM_REAL
20252026,2025020164,2025-10-28,SEA,MTL,0.538102,0.461898,SEA,0,MTL,0,0,REAL_NHL_API_OR_DERIVED_FROM_REAL
20252026,2025020165,2025-10-28,SJS,LAK,0.507261,0.492739,SJS,0,LAK,0,0,REAL_NHL_API_OR_DERIVED_FROM_REAL
20252026,2025020166,2025-10-29,CBJ,TOR,0.569101,0.430899,CBJ,1,CBJ,1,0,REAL_NHL_API_OR_DERIVED_FROM_REAL
20252026,2025020167,2025-10-30,BOS,BUF,0.510578,0.489422,BOS,1,BOS,1,0,REAL_NHL_API_OR_DERIVED_FROM_REAL
20252026,2025020168,2025-10-30,OTT,CGY,0.599067,0.400933,OTT,1,OTT,1,0,REAL_NHL_API_OR_DERIVED_FROM_REAL
20252026,2025020169,2025-10-30,TBL,DAL,0.612917,0.387083,TBL,1,TBL,1,0,REAL_NHL_API_OR_DERIVED_FROM_REAL
20252026,2025020170,2025-10-30,PHI,NSH,0.579558,0.420442,PHI,1,PHI,1,0,REAL_NHL_API_OR_DERIVED_FROM_REAL
20252026,2025020171,2025-10-30,CAR,NYI,0.521629,0.478371,CAR,1,CAR,1,0,REAL_NHL_API_OR_DERIVED_FROM_REAL
20252026,2025020172,2025-10-30,STL,VAN,0.563506,0.436494,STL,0,VAN,0,0,REAL_NHL_API_OR_DERIVED_FROM_REAL
20252026,2025020173,2025-10-30,MIN,PIT,0.452578,0.547422,PIT,0,PIT,1,0,REAL_NHL_API_OR_DERIVED_FROM_REAL
20252026,2025020174,2025-10-30,WPG,CHI,0.585941,0.414059,WPG,1,WPG,1,0,REAL_NHL_API_OR_DERIVED_FROM_REAL
20252026,2025020175,2025-10-30,EDM,NYR,0.607476,0.392524,EDM,0,NYR,0,0,REAL_NHL_API_OR_DERIVED_FROM_REAL
20252026,2025020176,2025-10-30,SJS,NJD,0.490879,0.509121,NJD,1,SJS,0,0,REAL_NHL_API_OR_DERIVED_FROM_REAL
20252026,2025020177,2025-10-30,LAK,DET,0.558191,0.441809,LAK,0,DET,0,0,REAL_NHL_API_OR_DERIVED_FROM_REAL
20252026,2025020178,2025-10-31,VGK,COL,0.540207,0.459793,VGK,0,COL,0,0,REAL_NHL_API_OR_DERIVED_FROM_REAL
20252026,2025020179,2025-10-31,WSH,NYI,0.532965,0.467035,WSH,0,NYI,0,0,REAL_NHL_API_OR_DERIVED_FROM_REAL
20252026,2025020180,2025-10-31,ANA,DET,0.557,0.443,ANA,1,ANA,1,0,REAL_NHL_API_OR_DERIVED_FROM_REAL
20252026,2025020181,2025-11-01,BOS,CAR,0.499012,0.500988,CAR,1,BOS,0,0,REAL_NHL_API_OR_DERIVED_FROM_REAL
20252026,2025020182,2025-11-01,WPG,PIT,0.543575,0.456425,WPG,1,WPG,1,0,REAL_NHL_API_OR_DERIVED_FROM_REAL
20252026,2025020183,2025-11-01,NSH,CGY,0.729415,0.270585,NSH,1,NSH,1,0,REAL_NHL_API_OR_DERIVED_FROM_REAL
20252026,2025020184,2025-11-01,SJS,COL,0.403339,0.596661,COL,1,SJS,0,0,REAL_NHL_API_OR_DERIVED_FROM_REAL
20252026,2025020185,2025-11-01,FLA,DAL,0.532495,0.467505,FLA,1,FLA,1,0,REAL_NHL_API_OR_DERIVED_FROM_REAL
20252026,2025020186,2025-11-01,BUF,WSH,0.561271,0.438729,BUF,1,BUF,1,0,REAL_NHL_API_OR_DERIVED_FROM_REAL
20252026,2025020187,2025-11-01,MTL,OTT,0.536874,0.463126,MTL,1,MTL,1,0,REAL_NHL_API_OR_DERIVED_FROM_REAL
20252026,2025020188,2025-11-01,PHI,TOR,0.304072,0.695928,TOR,0,TOR,1,0,REAL_NHL_API_OR_DERIVED_FROM_REAL
20252026,2025020189,2025-11-01,CBJ,STL,0.637076,0.362924,CBJ,1,CBJ,1,0,REAL_NHL_API_OR_DERIVED_FROM_REAL
20252026,2025020190,2025-11-01,MIN,VAN,0.584349,0.415651,MIN,1,MIN,1,0,REAL_NHL_API_OR_DERIVED_FROM_REAL
20252026,2025020191,2025-11-01,LAK,NJD,0.600645,0.399355,LAK,0,NJD,0,0,REAL_NHL_API_OR_DERIVED_FROM_REAL
20252026,2025020192,2025-11-01,EDM,CHI,0.605265,0.394735,EDM,1,EDM,1,0,REAL_NHL_API_OR_DERIVED_FROM_REAL
20252026,2025020193,2025-11-01,SEA,NYR,0.547307,0.452693,SEA,0,NYR,0,0,REAL_NHL_API_OR_DERIVED_FROM_REAL
20252026,2025020194,2025-11-02,UTA,TBL,0.552156,0.447844,UTA,0,TBL,0,0,REAL_NHL_API_OR_DERIVED_FROM_REAL
20252026,2025020195,2025-11-02,NYI,CBJ,0.57924,0.42076,NYI,1,NYI,1,0,REAL_NHL_API_OR_DERIVED_FROM_REAL
20252026,2025020196,2025-11-02,PHI,CGY,0.543128,0.456872,PHI,0,CGY,0,0,REAL_NHL_API_OR_DERIVED_FROM_REAL
20252026,2025020197,2025-11-02,ANA,NJD,0.593072,0.406928,ANA,1,ANA,1,0,REAL_NHL_API_OR_DERIVED_FROM_REAL
20252026,2025020198,2025-11-02,SJS,DET,0.506182,0.493818,SJS,0,DET,0,0,REAL_NHL_API_OR_DERIVED_FROM_REAL
20252026,2025020199,2025-11-03,TOR,PIT,0.51765,0.48235,TOR,1,TOR,1,0,REAL_NHL_API_OR_DERIVED_FROM_REAL
20252026,2025020200,2025-11-03,STL,EDM,0.484413,0.515587,EDM,1,STL,0,0,REAL_NHL_API_OR_DERIVED_FROM_REAL
20252026,2025020201,2025-11-03,NSH,VAN,0.537693,0.462307,NSH,0,VAN,0,0,REAL_NHL_API_OR_DERIVED_FROM_REAL
20252026,2025020202,2025-11-03,SEA,CHI,0.564836,0.435164,SEA,1,SEA,1,0,REAL_NHL_API_OR_DERIVED_FROM_REAL
20252026,2025020203,2025-11-04,BUF,UTA,0.542374,0.457626,BUF,0,UTA,0,0,REAL_NHL_API_OR_DERIVED_FROM_REAL
20252026,2025020204,2025-11-04,MTL,PHI,0.59345,0.40655,MTL,0,PHI,0,0,REAL_NHL_API_OR_DERIVED_FROM_REAL
20252026,2025020205,2025-11-04,NYI,BOS,0.551013,0.448987,NYI,0,BOS,0,0,REAL_NHL_API_OR_DERIVED_FROM_REAL
20252026,2025020206,2025-11-04,NYR,CAR,0.536179,0.463821,NYR,0,CAR,0,0,REAL_NHL_API_OR_DERIVED_FROM_REAL
20252026,2025020207,2025-11-04,DAL,EDM,0.504497,0.495503,DAL,1,DAL,1,0,REAL_NHL_API_OR_DERIVED_FROM_REAL
20252026,2025020208,2025-11-04,MIN,NSH,0.543252,0.456748,MIN,1,MIN,1,0,REAL_NHL_API_OR_DERIVED_FROM_REAL
20252026,2025020209,2025-11-04,COL,TBL,0.576963,0.423037,COL,1,COL,1,0,REAL_NHL_API_OR_DERIVED_FROM_REAL
20252026,2025020210,2025-11-04,VGK,DET,0.540358,0.459642,VGK,1,VGK,1,0,REAL_NHL_API_OR_DERIVED_FROM_REAL
20252026,2025020211,2025-11-04,ANA,FLA,0.567907,0.432093,ANA,1,ANA,1,0,REAL_NHL_API_OR_DERIVED_FROM_REAL
20252026,2025020212,2025-11-04,LAK,WPG,0.532605,0.467395,LAK,1,LAK,1,0,REAL_NHL_API_OR_DERIVED_FROM_REAL
20252026,2025020213,2025-11-05,TOR,UTA,0.559917,0.440083,TOR,1,TOR,1,0,REAL_NHL_API_OR_DERIVED_FROM_REAL
20252026,2025020214,2025-11-05,WSH,STL,0.722359,0.277641,WSH,1,WSH,1,0,REAL_NHL_API_OR_DERIVED_FROM_REAL
20252026,2025020215,2025-11-05,CGY,CBJ,0.512791,0.487209,CGY,1,CGY,1,0,REAL_NHL_API_OR_DERIVED_FROM_REAL
20252026,2025020216,2025-11-05,VAN,CHI,0.594878,0.405122,VAN,0,CHI,0,0,REAL_NHL_API_OR_DERIVED_FROM_REAL
20252026,2025020217,2025-11-05,SEA,SJS,0.381592,0.618408,SJS,0,SJS,1,0,REAL_NHL_API_OR_DERIVED_FROM_REAL
20252026,2025020218,2025-11-06,BOS,OTT,0.500448,0.499552,BOS,1,BOS,1,0,REAL_NHL_API_OR_DERIVED_FROM_REAL
20252026,2025020219,2025-11-06,BUF,STL,0.599947,0.400053,BUF,0,STL,0,0,REAL_NHL_API_OR_DERIVED_FROM_REAL
20252026,2025020220,2025-11-06,NJD,MTL,0.502807,0.497193,NJD,1,NJD,1,0,REAL_NHL_API_OR_DERIVED_FROM_REAL
20252026,2025020221,2025-11-06,PIT,WSH,0.544009,0.455991,PIT,1,PIT,1,0,REAL_NHL_API_OR_DERIVED_FROM_REAL
20252026,2025020222,2025-11-06,CAR,MIN,0.505701,0.494299,CAR,1,CAR,1,0,REAL_NHL_API_OR_DERIVED_FROM_REAL
20252026,2025020223,2025-11-06,NSH,PHI,0.540602,0.459398,NSH,0,PHI,0,0,REAL_NHL_API_OR_DERIVED_FROM_REAL
20252026,2025020224,2025-11-06,DAL,ANA,0.530459,0.469541,DAL,0,ANA,0,0,REAL_NHL_API_OR_DERIVED_FROM_REAL
20252026,2025020225,2025-11-06,VGK,TBL,0.518582,0.481418,VGK,0,TBL,0,0,REAL_NHL_API_OR_DERIVED_FROM_REAL
20252026,2025020226,2025-11-06,LAK,FLA,0.607598,0.392402,LAK,0,FLA,0,0,REAL_NHL_API_OR_DERIVED_FROM_REAL
20252026,2025020227,2025-11-07,DET,NYR,0.516508,0.483492,DET,0,NYR,0,0,REAL_NHL_API_OR_DERIVED_FROM_REAL
20252026,2025020228,2025-11-07,NYI,MIN,0.478075,0.521925,MIN,0,MIN,1,0,REAL_NHL_API_OR_DERIVED_FROM_REAL
20252026,2025020229,2025-11-07,CGY,CHI,0.536265,0.463735,CGY,0,CHI,0,0,REAL_NHL_API_OR_DERIVED_FROM_REAL
20252026,2025020230,2025-11-07,SJS,WPG,0.509855,0.490145,SJS,1,SJS,1,0,REAL_NHL_API_OR_DERIVED_FROM_REAL
20252026,2025020231,2025-11-08,NJD,PIT,0.535209,0.464791,NJD,1,NJD,1,0,REAL_NHL_API_OR_DERIVED_FROM_REAL
20252026,2025020232,2025-11-08,PHI,OTT,0.491847,0.508153,OTT,0,OTT,1,0,REAL_NHL_API_OR_DERIVED_FROM_REAL
20252026,2025020233,2025-11-08,NSH,DAL,0.521787,0.478213,NSH,0,DAL,0,0,REAL_NHL_API_OR_DERIVED_FROM_REAL
20252026,2025020234,2025-11-08,TOR,BOS,0.359012,0.640988,BOS,0,BOS,1,0,REAL_NHL_API_OR_DERIVED_FROM_REAL
20252026,2025020235,2025-11-08,MTL,UTA,0.596657,0.403343,MTL,1,MTL,1,0,REAL_NHL_API_OR_DERIVED_FROM_REAL
20252026,2025020236,2025-11-08,TBL,WSH,0.584428,0.415572,TBL,1,TBL,1,0,REAL_NHL_API_OR_DERIVED_FROM_REAL
20252026,2025020237,2025-11-08,NYR,NYI,0.567207,0.432793,NYR,0,NYI,0,0,REAL_NHL_API_OR_DERIVED_FROM_REAL
20252026,2025020238,2025-11-08,CAR,BUF,0.583169,0.416831,CAR,1,CAR,1,0,REAL_NHL_API_OR_DERIVED_FROM_REAL
20252026,2025020239,2025-11-08,STL,SEA,0.585379,0.414621,STL,0,SEA,0,0,REAL_NHL_API_OR_DERIVED_FROM_REAL
20252026,2025020240,2025-11-08,EDM,COL,0.342482,0.657518,COL,0,COL,1,0,REAL_NHL_API_OR_DERIVED_FROM_REAL
20252026,2025020241,2025-11-08,VAN,CBJ,0.528002,0.471998,VAN,1,VAN,1,0,REAL_NHL_API_OR_DERIVED_FROM_REAL
20252026,2025020242,2025-11-08,VGK,ANA,0.52167,0.47833,VGK,0,ANA,0,0,REAL_NHL_API_OR_DERIVED_FROM_REAL
20252026,2025020243,2025-11-08,SJS,FLA,0.531522,0.468478,SJS,1,SJS,1,0,REAL_NHL_API_OR_DERIVED_FROM_REAL
20252026,2025020244,2025-11-09,DET,CHI,0.612874,0.387126,DET,0,CHI,0,0,REAL_NHL_API_OR_DERIVED_FROM_REAL
20252026,2025020245,2025-11-09,PIT,LAK,0.611801,0.388199,PIT,0,LAK,0,0,REAL_NHL_API_OR_DERIVED_FROM_REAL
20252026,2025020246,2025-11-09,TOR,CAR,0.554459,0.445541,TOR,0,CAR,0,0,REAL_NHL_API_OR_DERIVED_FROM_REAL
20252026,2025020247,2025-11-09,OTT,UTA,0.585288,0.414712,OTT,1,OTT,1,0,REAL_NHL_API_OR_DERIVED_FROM_REAL
20252026,2025020248,2025-11-09,DAL,SEA,0.642954,0.357046,DAL,1,DAL,1,0,REAL_NHL_API_OR_DERIVED_FROM_REAL
20252026,2025020249,2025-11-09,MIN,CGY,0.55371,0.44629,MIN,1,MIN,1,0,REAL_NHL_API_OR_DERIVED_FROM_REAL
20252026,2025020250,2025-11-09,VAN,COL,0.492404,0.507596,COL,0,COL,1,0,REAL_NHL_API_OR_DERIVED_FROM_REAL
20252026,2025020251,2025-11-09,ANA,WPG,0.548402,0.451598,ANA,1,ANA,1,0,REAL_NHL_API_OR_DERIVED_FROM_REAL
20252026,2025020252,2025-11-10,NJD,NYI,0.489859,0.510141,NYI,0,NYI,1,0,REAL_NHL_API_OR_DERIVED_FROM_REAL
20252026,2025020253,2025-11-10,NYR,NSH,0.708901,0.291099,NYR,1,NYR,1,0,REAL_NHL_API_OR_DERIVED_FROM_REAL
20252026,2025020254,2025-11-10,EDM,CBJ,0.501349,0.498651,EDM,1,EDM,1,0,REAL_NHL_API_OR_DERIVED_FROM_REAL
20252026,2025020255,2025-11-10,VGK,FLA,0.542246,0.457754,VGK,0,FLA,0,0,REAL_NHL_API_OR_DERIVED_FROM_REAL
20252026,2025020256,2025-11-11,BOS,TOR,0.713995,0.286005,BOS,1,BOS,1,0,REAL_NHL_API_OR_DERIVED_FROM_REAL
20252026,2025020257,2025-11-11,MTL,LAK,0.552727,0.447273,MTL,0,LAK,0,0,REAL_NHL_API_OR_DERIVED_FROM_REAL
20252026,2025020258,2025-11-11,OTT,DAL,0.58701,0.41299,OTT,0,DAL,0,0,REAL_NHL_API_OR_DERIVED_FROM_REAL
20252026,2025020259,2025-11-11,CAR,WSH,0.343396,0.656604,WSH,0,WSH,1,0,REAL_NHL_API_OR_DERIVED_FROM_REAL
20252026,2025020260,2025-11-11,STL,CGY,0.573002,0.426998,STL,1,STL,1,0,REAL_NHL_API_OR_DERIVED_FROM_REAL
20252026,2025020261,2025-11-11,MIN,SJS,0.565107,0.434893,MIN,0,SJS,0,0,REAL_NHL_API_OR_DERIVED_FROM_REAL
20252026,2025020262,2025-11-11,COL,ANA,0.5728,0.4272,COL,1,COL,1,0,REAL_NHL_API_OR_DERIVED_FROM_REAL
20252026,2025020263,2025-11-11,VAN,WPG,0.360861,0.639139,WPG,0,WPG,1,0,REAL_NHL_API_OR_DERIVED_FROM_REAL
20252026,2025020264,2025-11-11,SEA,CBJ,0.514574,0.485426,SEA,0,CBJ,0,0,REAL_NHL_API_OR_DERIVED_FROM_REAL
20252026,2025020265,2025-11-12,TBL,NYR,0.330136,0.669864,NYR,0,NYR,1,0,REAL_NHL_API_OR_DERIVED_FROM_REAL
20252026,2025020266,2025-11-12,PHI,EDM,0.577975,0.422025,PHI,0,EDM,0,0,REAL_NHL_API_OR_DERIVED_FROM_REAL
20252026,2025020267,2025-11-12,UTA,BUF,0.532888,0.467112,UTA,1,UTA,1,0,REAL_NHL_API_OR_DERIVED_FROM_REAL
20252026,2025020268,2025-11-12,CHI,NJD,0.536465,0.463535,CHI,0,NJD,0,0,REAL_NHL_API_OR_DERIVED_FROM_REAL
20252026,2025020269,2025-11-13,TOR,LAK,0.584022,0.415978,TOR,0,LAK,0,0,REAL_NHL_API_OR_DERIVED_FROM_REAL
20252026,2025020270,2025-11-13,MTL,DAL,0.355182,0.644818,DAL,0,DAL,1,0,REAL_NHL_API_OR_DERIVED_FROM_REAL
20252026,2025020271,2025-11-13,OTT,BOS,0.520524,0.479476,OTT,1,OTT,1,0,REAL_NHL_API_OR_DERIVED_FROM_REAL
20252026,2025020272,2025-11-13,DET,ANA,0.288421,0.711579,ANA,1,DET,0,0,REAL_NHL_API_OR_DERIVED_FROM_REAL
20252026,2025020273,2025-11-13,FLA,WSH,0.546494,0.453506,FLA,1,FLA,1,0,REAL_NHL_API_OR_DERIVED_FROM_REAL
20252026,2025020274,2025-11-13,CBJ,EDM,0.584374,0.415626,CBJ,1,CBJ,1,0,REAL_NHL_API_OR_DERIVED_FROM_REAL
20252026,2025020275,2025-11-13,COL,BUF,0.805295,0.194705,COL,1,COL,1,0,REAL_NHL_API_OR_DERIVED_FROM_REAL
20252026,2025020276,2025-11-13,CGY,SJS,0.508928,0.491072,CGY,1,CGY,1,0,REAL_NHL_API_OR_DERIVED_FROM_REAL
20252026,2025020277,2025-11-13,VGK,NYI,0.553852,0.446148,VGK,0,NYI,0,0,REAL_NHL_API_OR_DERIVED_FROM_REAL
20252026,2025020278,2025-11-13,SEA,WPG,0.444539,0.555461,WPG,1,SEA,0,0,REAL_NHL_API_OR_DERIVED_FROM_REAL
20252026,2025020279,2025-11-14,CAR,VAN,0.563801,0.436199,CAR,1,CAR,1,0,REAL_NHL_API_OR_DERIVED_FROM_REAL
20252026,2025020280,2025-11-14,STL,PHI,0.57328,0.42672,STL,0,PHI,0,0,REAL_NHL_API_OR_DERIVED_FROM_REAL
20252026,2025020281,2025-11-14,NSH,PIT,0.487006,0.512994,PIT,1,NSH,0,0,REAL_NHL_API_OR_DERIVED_FROM_REAL
20252026,2025020282,2025-11-14,UTA,NYI,0.49439,0.50561,NYI,0,NYI,1,0,REAL_NHL_API_OR_DERIVED_FROM_REAL
20252026,2025020283,2025-11-15,FLA,TBL,0.599045,0.400955,FLA,0,TBL,0,0,REAL_NHL_API_OR_DERIVED_FROM_REAL
20252026,2025020284,2025-11-15,MIN,ANA,0.57002,0.42998,MIN,1,MIN,1,0,REAL_NHL_API_OR_DERIVED_FROM_REAL
20252026,2025020285,2025-11-15,MTL,BOS,0.497551,0.502449,BOS,0,BOS,1,0,REAL_NHL_API_OR_DERIVED_FROM_REAL
20252026,2025020286,2025-11-15,OTT,LAK,0.566613,0.433387,OTT,0,LAK,0,0,REAL_NHL_API_OR_DERIVED_FROM_REAL
20252026,2025020287,2025-11-15,DET,BUF,0.620707,0.379293,DET,0,BUF,0,0,REAL_NHL_API_OR_DERIVED_FROM_REAL
20252026,2025020288,2025-11-15,WSH,NJD,0.519069,0.480931,WSH,0,NJD,0,0,REAL_NHL_API_OR_DERIVED_FROM_REAL
20252026,2025020289,2025-11-15,CAR,EDM,0.623397,0.376603,CAR,0,EDM,0,0,REAL_NHL_API_OR_DERIVED_FROM_REAL
20252026,2025020290,2025-11-15,CBJ,NYR,0.481142,0.518858,NYR,0,NYR,1,0,REAL_NHL_API_OR_DERIVED_FROM_REAL
20252026,2025020291,2025-11-15,CHI,TOR,0.521925,0.478075,CHI,1,CHI,1,0,REAL_NHL_API_OR_DERIVED_FROM_REAL
20252026,2025020292,2025-11-15,STL,VGK,0.514287,0.485713,STL,0,VGK,0,0,REAL_NHL_API_OR_DERIVED_FROM_REAL
20252026,2025020293,2025-11-15,DAL,PHI,0.610511,0.389489,DAL,1,DAL,1,0,REAL_NHL_API_OR_DERIVED_FROM_REAL
20252026,2025020294,2025-11-15,CGY,WPG,0.554063,0.445937,CGY,0,WPG,0,0,REAL_NHL_API_OR_DERIVED_FROM_REAL
20252026,2025020295,2025-11-15,SEA,SJS,0.319059,0.680941,SJS,1,SEA,0,0,REAL_NHL_API_OR_DERIVED_FROM_REAL
20252026,2025020296,2025-11-16,PIT,NSH,0.59619,0.40381,PIT,1,PIT,1,0,REAL_NHL_API_OR_DERIVED_FROM_REAL
20252026,2025020297,2025-11-16,TBL,VAN,0.550535,0.449465,TBL,0,VAN,0,0,REAL_NHL_API_OR_DERIVED_FROM_REAL
20252026,2025020298,2025-11-16,MIN,VGK,0.488547,0.511453,VGK,1,MIN,0,0,REAL_NHL_API_OR_DERIVED_FROM_REAL
20252026,2025020299,2025-11-16,NYR,DET,0.610329,0.389671,NYR,0,DET,0,0,REAL_NHL_API_OR_DERIVED_FROM_REAL
20252026,2025020300,2025-11-16,COL,NYI,0.607301,0.392699,COL,1,COL,1,0,REAL_NHL_API_OR_DERIVED_FROM_REAL
20252026,2025020301,2025-11-17,BOS,CAR,0.508592,0.491408,BOS,0,CAR,0,0,REAL_NHL_API_OR_DERIVED_FROM_REAL
20252026,2025020302,2025-11-17,BUF,EDM,0.507478,0.492522,BUF,1,BUF,1,0,REAL_NHL_API_OR_DERIVED_FROM_REAL
20252026,2025020303,2025-11-17,FLA,VAN,0.53169,0.46831,FLA,1,FLA,1,0,REAL_NHL_API_OR_DERIVED_FROM_REAL
20252026,2025020304,2025-11-17,WSH,LAK,0.573639,0.426361,WSH,1,WSH,1,0,REAL_NHL_API_OR_DERIVED_FROM_REAL
20252026,2025020305,2025-11-17,CBJ,MTL,0.559268,0.440732,CBJ,1,CBJ,1,0,REAL_NHL_API_OR_DERIVED_FROM_REAL
20252026,2025020306,2025-11-17,ANA,UTA,0.588511,0.411489,ANA,1,ANA,1,0,REAL_NHL_API_OR_DERIVED_FROM_REAL
20252026,2025020307,2025-11-18,TOR,STL,0.553362,0.446638,TOR,1,TOR,1,0,REAL_NHL_API_OR_DERIVED_FROM_REAL
20252026,2025020308,2025-11-18,DET,SEA,0.510089,0.489911,DET,1,DET,1,0,REAL_NHL_API_OR_DERIVED_FROM_REAL
20252026,2025020309,2025-11-18,TBL,NJD,0.53792,0.46208,TBL,1,TBL,1,0,REAL_NHL_API_OR_DERIVED_FROM_REAL
20252026,2025020310,2025-11-18,DAL,NYI,0.564693,0.435307,DAL,0,NYI,0,0,REAL_NHL_API_OR_DERIVED_FROM_REAL
20252026,2025020311,2025-11-18,WPG,CBJ,0.534301,0.465699,WPG,1,WPG,1,0,REAL_NHL_API_OR_DERIVED_FROM_REAL
20252026,2025020312,2025-11-18,CHI,CGY,0.57749,0.42251,CHI,1,CHI,1,0,REAL_NHL_API_OR_DERIVED_FROM_REAL
20252026,2025020313,2025-11-18,VGK,NYR,0.535182,0.464818,VGK,1,VGK,1,0,REAL_NHL_API_OR_DERIVED_FROM_REAL
20252026,2025020314,2025-11-18,SJS,UTA,0.571,0.429,SJS,1,SJS,1,0,REAL_NHL_API_OR_DERIVED_FROM_REAL
20252026,2025020315,2025-11-19,WSH,EDM,0.552651,0.447349,WSH,1,WSH,1,0,REAL_NHL_API_OR_DERIVED_FROM_REAL
20252026,2025020316,2025-11-19,BUF,CGY,0.540869,0.459131,BUF,0,CGY,0,0,REAL_NHL_API_OR_DERIVED_FROM_REAL
20252026,2025020317,2025-11-19,MIN,CAR,0.577638,0.422362,MIN,1,MIN,1,0,REAL_NHL_API_OR_DERIVED_FROM_REAL
20252026,2025020318,2025-11-19,ANA,BOS,0.566482,0.433518,ANA,1,ANA,1,0,REAL_NHL_API_OR_DERIVED_FROM_REAL
20252026,2025020319,2025-11-20,TOR,CBJ,0.55698,0.44302,TOR,0,CBJ,0,0,REAL_NHL_API_OR_DERIVED_FROM_REAL
20252026,2025020320,2025-11-20,MTL,WSH,0.2724,0.7276,WSH,0,WSH,1,0,REAL_NHL_API_OR_DERIVED_FROM_REAL
20252026,2025020321,2025-11-20,DET,NYI,0.56443,0.43557,DET,0,NYI,0,0,REAL_NHL_API_OR_DERIVED_FROM_REAL
20252026,2025020322,2025-11-20,TBL,EDM,0.536338,0.463662,TBL,1,TBL,1,0,REAL_NHL_API_OR_DERIVED_FROM_REAL
20252026,2025020323,2025-11-20,FLA,NJD,0.597254,0.402746,FLA,1,FLA,1,0,REAL_NHL_API_OR_DERIVED_FROM_REAL
20252026,2025020324,2025-11-20,PHI,STL,0.525324,0.474676,PHI,1,PHI,1,0,REAL_NHL_API_OR_DERIVED_FROM_REAL
20252026,2025020325,2025-11-20,CHI,SEA,0.496262,0.503738,SEA,0,SEA,1,0,REAL_NHL_API_OR_DERIVED_FROM_REAL
20252026,2025020326,2025-11-20,COL,NYR,0.604661,0.395339,COL,1,COL,1,0,REAL_NHL_API_OR_DERIVED_FROM_REAL
20252026,2025020327,2025-11-20,UTA,VGK,0.513255,0.486745,UTA,0,VGK,0,0,REAL_NHL_API_OR_DERIVED_FROM_REAL
20252026,2025020328,2025-11-20,VAN,DAL,0.565745,0.434255,VAN,0,DAL,0,0,REAL_NHL_API_OR_DERIVED_FROM_REAL
20252026,2025020329,2025-11-20,ANA,OTT,0.465451,0.534549,OTT,0,OTT,1,0,REAL_NHL_API_OR_DERIVED_FROM_REAL
20252026,2025020330,2025-11-20,SJS,LAK,0.525289,0.474711,SJS,1,SJS,1,0,REAL_NHL_API_OR_DERIVED_FROM_REAL
20252026,2025020331,2025-11-21,BUF,CHI,0.520333,0.479667,BUF,1,BUF,1,0,REAL_NHL_API_OR_DERIVED_FROM_REAL
20252026,2025020332,2025-11-21,PIT,MIN,0.365169,0.634831,MIN,0,MIN,1,0,REAL_NHL_API_OR_DERIVED_FROM_REAL
20252026,2025020333,2025-11-21,WPG,CAR,0.541791,0.458209,WPG,0,CAR,0,0,REAL_NHL_API_OR_DERIVED_FROM_REAL
20252026,2025020334,2025-11-21,LAK,BOS,0.541795,0.458205,LAK,0,BOS,0,0,REAL_NHL_API_OR_DERIVED_FROM_REAL
20252026,2025020335,2025-11-22,DET,CBJ,0.551626,0.448374,DET,1,DET,1,0,REAL_NHL_API_OR_DERIVED_FROM_REAL
20252026,2025020336,2025-11-22,NYI,STL,0.578591,0.421409,NYI,0,STL,0,0,REAL_NHL_API_OR_DERIVED_FROM_REAL
20252026,2025020337,2025-11-22,MTL,TOR,0.538448,0.461552,MTL,1,MTL,1,0,REAL_NHL_API_OR_DERIVED_FROM_REAL
20252026,2025020338,2025-11-22,FLA,EDM,0.506834,0.493166,FLA,0,EDM,0,0,REAL_NHL_API_OR_DERIVED_FROM_REAL
20252026,2025020339,2025-11-22,PHI,NJD,0.518117,0.481883,PHI,1,PHI,1,0,REAL_NHL_API_OR_DERIVED_FROM_REAL
20252026,2025020340,2025-11-22,PIT,SEA,0.42997,0.57003,SEA,0,SEA,1,0,REAL_NHL_API_OR_DERIVED_FROM_REAL
20252026,2025020341,2025-11-22,WSH,TBL,0.404288,0.595712,TBL,0,TBL,1,0,REAL_NHL_API_OR_DERIVED_FROM_REAL
20252026,2025020342,2025-11-22,SJS,OTT,0.512891,0.487109,SJS,0,OTT,0,0,REAL_NHL_API_OR_DERIVED_FROM_REAL
20252026,2025020343,2025-11-22,NSH,COL,0.466007,0.533993,COL,0,COL,1,0,REAL_NHL_API_OR_DERIVED_FROM_REAL
20252026,2025020344,2025-11-22,UTA,NYR,0.469387,0.530613,NYR,1,UTA,0,0,REAL_NHL_API_OR_DERIVED_FROM_REAL
20252026,2025020345,2025-11-22,CGY,DAL,0.490414,0.509586,DAL,1,CGY,0,0,REAL_NHL_API_OR_DERIVED_FROM_REAL
20252026,2025020346,2025-11-22,ANA,VGK,0.523776,0.476224,ANA,1,ANA,1,0,REAL_NHL_API_OR_DERIVED_FROM_REAL
20252026,2025020347,2025-11-23,BUF,CAR,0.502491,0.497509,BUF,1,BUF,1,0,REAL_NHL_API_OR_DERIVED_FROM_REAL
20252026,2025020348,2025-11-23,WPG,MIN,0.576685,0.423315,WPG,0,MIN,0,0,REAL_NHL_API_OR_DERIVED_FROM_REAL
20252026,2025020349,2025-11-23,NYI,SEA,0.484282,0.515718,SEA,1,NYI,0,0,REAL_NHL_API_OR_DERIVED_FROM_REAL
20252026,2025020350,2025-11-23,CHI,COL,0.439896,0.560104,COL,0,COL,1,0,REAL_NHL_API_OR_DERIVED_FROM_REAL
20252026,2025020351,2025-11-23,SJS,BOS,0.509657,0.490343,SJS,1,SJS,1,0,REAL_NHL_API_OR_DERIVED_FROM_REAL
20252026,2025020352,2025-11-23,VAN,CGY,0.574847,0.425153,VAN,0,CGY,0,0,REAL_NHL_API_OR_DERIVED_FROM_REAL
20252026,2025020353,2025-11-24,TBL,PHI,0.56595,0.43405,TBL,1,TBL,1,0,REAL_NHL_API_OR_DERIVED_FROM_REAL
20252026,2025020354,2025-11-24,NJD,DET,0.498482,0.501518,DET,1,NJD,0,0,REAL_NHL_API_OR_DERIVED_FROM_REAL
20252026,2025020355,2025-11-24,NYR,STL,0.541981,0.458019,NYR,1,NYR,1,0,REAL_NHL_API_OR_DERIVED_FROM_REAL
20252026,2025020356,2025-11-24,WSH,CBJ,0.558453,0.441547,WSH,1,WSH,1,0,REAL_NHL_API_OR_DERIVED_FROM_REAL
20252026,2025020357,2025-11-24,NSH,FLA,0.323332,0.676668,FLA,0,FLA,1,0,REAL_NHL_API_OR_DERIVED_FROM_REAL
20252026,2025020358,2025-11-24,UTA,VGK,0.491601,0.508399,VGK,1,UTA,0,0,REAL_NHL_API_OR_DERIVED_FROM_REAL
20252026,2025020359,2025-11-24,LAK,OTT,0.520365,0.479635,LAK,1,LAK,1,0,REAL_NHL_API_OR_DERIVED_FROM_REAL
20252026,2025020360,2025-11-25,EDM,DAL,0.300429,0.699571,DAL,0,DAL,1,0,REAL_NHL_API_OR_DERIVED_FROM_REAL
20252026,2025020361,2025-11-26,DET,NSH,0.610804,0.389196,DET,0,NSH,0,0,REAL_NHL_API_OR_DERIVED_FROM_REAL
20252026,2025020362,2025-11-26,TBL,CGY,0.702236,0.297764,TBL,1,TBL,1,0,REAL_NHL_API_OR_DERIVED_FROM_REAL
20252026,2025020363,2025-11-26,FLA,PHI,0.546373,0.453627,FLA,0,PHI,0,0,REAL_NHL_API_OR_DERIVED_FROM_REAL
20252026,2025020364,2025-11-26,NJD,STL,0.518262,0.481738,NJD,1,NJD,1,0,REAL_NHL_API_OR_DERIVED_FROM_REAL
20252026,2025020365,2025-11-26,NYI,BOS,0.540786,0.459214,NYI,0,BOS,0,0,REAL_NHL_API_OR_DERIVED_FROM_REAL
20252026,2025020366,2025-11-26,PIT,BUF,0.53031,0.46969,PIT,1,PIT,1,0,REAL_NHL_API_OR_DERIVED_FROM_REAL
20252026,2025020367,2025-11-26,WSH,WPG,0.520394,0.479606,WSH,1,WSH,1,0,REAL_NHL_API_OR_DERIVED_FROM_REAL
20252026,2025020368,2025-11-26,CAR,NYR,0.511445,0.488555,CAR,0,NYR,0,0,REAL_NHL_API_OR_DERIVED_FROM_REAL
20252026,2025020369,2025-11-26,CBJ,TOR,0.577953,0.422047,CBJ,0,TOR,0,0,REAL_NHL_API_OR_DERIVED_FROM_REAL
20252026,2025020370,2025-11-26,CHI,MIN,0.440237,0.559763,MIN,0,MIN,1,0,REAL_NHL_API_OR_DERIVED_FROM_REAL
20252026,2025020371,2025-11-26,COL,SJS,0.790801,0.209199,COL,1,COL,1,0,REAL_NHL_API_OR_DERIVED_FROM_REAL
20252026,2025020372,2025-11-26,UTA,MTL,0.511502,0.488498,UTA,0,MTL,0,0,REAL_NHL_API_OR_DERIVED_FROM_REAL
20252026,2025020373,2025-11-26,VGK,OTT,0.616305,0.383695,VGK,0,OTT,0,0,REAL_NHL_API_OR_DERIVED_FROM_REAL
20252026,2025020374,2025-11-26,ANA,VAN,0.521934,0.478066,ANA,0,VAN,0,0,REAL_NHL_API_OR_DERIVED_FROM_REAL
20252026,2025020375,2025-11-26,SEA,DAL,0.468702,0.531298,DAL,0,DAL,1,0,REAL_NHL_API_OR_DERIVED_FROM_REAL
20252026,2025020376,2025-11-28,BOS,NYR,0.494291,0.505709,NYR,0,NYR,1,0,REAL_NHL_API_OR_DERIVED_FROM_REAL
20252026,2025020377,2025-11-28,DET,TBL,0.487346,0.512654,TBL,0,TBL,1,0,REAL_NHL_API_OR_DERIVED_FROM_REAL
20252026,2025020378,2025-11-28,MIN,COL,0.529639,0.470361,MIN,1,MIN,1,0,REAL_NHL_API_OR_DERIVED_FROM_REAL
20252026,2025020379,2025-11-28,BUF,NJD,0.545267,0.454733,BUF,0,NJD,0,0,REAL_NHL_API_OR_DERIVED_FROM_REAL
20252026,2025020380,2025-11-28,FLA,CGY,0.6185,0.3815,FLA,0,CGY,0,0,REAL_NHL_API_OR_DERIVED_FROM_REAL
20252026,2025020381,2025-11-28,NYI,PHI,0.602659,0.397341,NYI,0,PHI,0,0,REAL_NHL_API_OR_DERIVED_FROM_REAL
20252026,2025020382,2025-11-28,STL,OTT,0.556433,0.443567,STL,1,STL,1,0,REAL_NHL_API_OR_DERIVED_FROM_REAL
20252026,2025020383,2025-11-28,VGK,MTL,0.574789,0.425211,VGK,0,MTL,0,0,REAL_NHL_API_OR_DERIVED_FROM_REAL
20252026,2025020384,2025-11-28,ANA,LAK,0.530009,0.469991,ANA,1,ANA,1,0,REAL_NHL_API_OR_DERIVED_FROM_REAL
20252026,2025020385,2025-11-28,SJS,VAN,0.442965,0.557035,VAN,1,SJS,0,0,REAL_NHL_API_OR_DERIVED_FROM_REAL
20252026,2025020386,2025-11-28,WSH,TOR,0.504143,0.495857,WSH,1,WSH,1,0,REAL_NHL_API_OR_DERIVED_FROM_REAL
20252026,2025020387,2025-11-28,CAR,WPG,0.509366,0.490634,CAR,1,CAR,1,0,REAL_NHL_API_OR_DERIVED_FROM_REAL
20252026,2025020388,2025-11-28,CBJ,PIT,0.542077,0.457923,CBJ,0,PIT,0,0,REAL_NHL_API_OR_DERIVED_FROM_REAL
20252026,2025020389,2025-11-28,CHI,NSH,0.46817,0.53183,NSH,0,NSH,1,0,REAL_NHL_API_OR_DERIVED_FROM_REAL
20252026,2025020390,2025-11-28,DAL,UTA,0.64417,0.35583,DAL,1,DAL,1,0,REAL_NHL_API_OR_DERIVED_FROM_REAL
20252026,2025020391,2025-11-29,NYR,TBL,0.579904,0.420096,NYR,0,TBL,0,0,REAL_NHL_API_OR_DERIVED_FROM_REAL
20252026,2025020392,2025-11-29,COL,MTL,0.564078,0.435922,COL,1,COL,1,0,REAL_NHL_API_OR_DERIVED_FROM_REAL
20252026,2025020393,2025-11-29,SEA,EDM,0.552018,0.447982,SEA,0,EDM,0,0,REAL_NHL_API_OR_DERIVED_FROM_REAL
20252026,2025020394,2025-11-29,BOS,DET,0.546505,0.453495,BOS,1,BOS,1,0,REAL_NHL_API_OR_DERIVED_FROM_REAL
20252026,2025020395,2025-11-29,NJD,PHI,0.556758,0.443242,NJD,0,PHI,0,0,REAL_NHL_API_OR_DERIVED_FROM_REAL
20252026,2025020396,2025-11-29,PIT,TOR,0.316199,0.683801,TOR,0,TOR,1,0,REAL_NHL_API_OR_DERIVED_FROM_REAL
20252026,2025020397,2025-11-29,NSH,WPG,0.517286,0.482714,NSH,0,WPG,0,0,REAL_NHL_API_OR_DERIVED_FROM_REAL
20252026,2025020398,2025-11-29,STL,UTA,0.559705,0.440295,STL,1,STL,1,0,REAL_NHL_API_OR_DERIVED_FROM_REAL
20252026,2025020399,2025-11-29,MIN,BUF,0.57679,0.42321,MIN,0,BUF,0,0,REAL_NHL_API_OR_DERIVED_FROM_REAL
20252026,2025020400,2025-11-29,VGK,SJS,0.594792,0.405208,VGK,1,VGK,1,0,REAL_NHL_API_OR_DERIVED_FROM_REAL
20252026,2025020401,2025-11-29,LAK,VAN,0.522265,0.477735,LAK,1,LAK,1,0,REAL_NHL_API_OR_DERIVED_FROM_REAL
20252026,2025020402,2025-11-30,NYI,WSH,0.508432,0.491568,NYI,0,WSH,0,0,REAL_NHL_API_OR_DERIVED_FROM_REAL
20252026,2025020403,2025-11-30,CHI,ANA,0.709533,0.290467,CHI,1,CHI,1,0,REAL_NHL_API_OR_DERIVED_FROM_REAL
20252026,2025020404,2025-11-30,CAR,CGY,0.59712,0.40288,CAR,1,CAR,1,0,REAL_NHL_API_OR_DERIVED_FROM_REAL
20252026,2025020405,2025-11-30,DAL,OTT,0.579851,0.420149,DAL,1,DAL,1,0,REAL_NHL_API_OR_DERIVED_FROM_REAL
20252026,2025020406,2025-12-01,NJD,CBJ,0.588168,0.411832,NJD,0,CBJ,0,0,REAL_NHL_API_OR_DERIVED_FROM_REAL
20252026,2025020407,2025-12-01,PHI,PIT,0.606392,0.393608,PHI,0,PIT,0,0,REAL_NHL_API_OR_DERIVED_FROM_REAL
20252026,2025020408,2025-12-01,BUF,WPG,0.736014,0.263986,BUF,1,BUF,1,0,REAL_NHL_API_OR_DERIVED_FROM_REAL
20252026,2025020409,2025-12-01,STL,ANA,0.41815,0.58185,ANA,0,ANA,1,0,REAL_NHL_API_OR_DERIVED_FROM_REAL
20252026,2025020410,2025-12-01,SJS,UTA,0.727543,0.272457,SJS,1,SJS,1,0,REAL_NHL_API_OR_DERIVED_FROM_REAL
20252026,2025020411,2025-12-02,MTL,OTT,0.563139,0.436861,MTL,0,OTT,0,0,REAL_NHL_API_OR_DERIVED_FROM_REAL
20252026,2025020412,2025-12-02,DET,BOS,0.739844,0.260156,DET,1,DET,1,0,REAL_NHL_API_OR_DERIVED_FROM_REAL
20252026,2025020413,2025-12-02,FLA,TOR,0.511734,0.488266,FLA,0,TOR,0,0,REAL_NHL_API_OR_DERIVED_FROM_REAL
20252026,2025020414,2025-12-02,NYI,TBL,0.381185,0.618815,TBL,1,NYI,0,0,REAL_NHL_API_OR_DERIVED_FROM_REAL
20252026,2025020415,2025-12-02,NYR,DAL,0.514096,0.485904,NYR,1,NYR,1,0,REAL_NHL_API_OR_DERIVED_FROM_REAL
20252026,2025020416,2025-12-02,NSH,CGY,0.771535,0.228465,NSH,1,NSH,1,0,REAL_NHL_API_OR_DERIVED_FROM_REAL
20252026,2025020417,2025-12-02,COL,VAN,0.412188,0.587812,VAN,1,COL,0,0,REAL_NHL_API_OR_DERIVED_FROM_REAL
20252026,2025020418,2025-12-02,EDM,MIN,0.460619,0.539381,MIN,0,MIN,1,0,REAL_NHL_API_OR_DERIVED_FROM_REAL
20252026,2025020419,2025-12-02,VGK,CHI,0.602393,0.397607,VGK,1,VGK,1,0,REAL_NHL_API_OR_DERIVED_FROM_REAL
20252026,2025020420,2025-12-02,LAK,WSH,0.544691,0.455309,LAK,0,WSH,0,0,REAL_NHL_API_OR_DERIVED_FROM_REAL
20252026,2025020421,2025-12-03,NJD,DAL,0.487475,0.512525,DAL,0,DAL,1,0,REAL_NHL_API_OR_DERIVED_FROM_REAL
20252026,2025020422,2025-12-03,MTL,WPG,0.56209,0.43791,MTL,1,MTL,1,0,REAL_NHL_API_OR_DERIVED_FROM_REAL
20252026,2025020423,2025-12-03,PHI,BUF,0.499275,0.500725,BUF,1,PHI,0,0,REAL_NHL_API_OR_DERIVED_FROM_REAL
20252026,2025020424,2025-12-03,ANA,UTA,0.475083,0.524917,UTA,0,UTA,1,0,REAL_NHL_API_OR_DERIVED_FROM_REAL
20252026,2025020425,2025-12-03,SJS,WSH,0.310954,0.689046,WSH,0,WSH,1,0,REAL_NHL_API_OR_DERIVED_FROM_REAL
20252026,2025020426,2025-12-04,BOS,STL,0.522403,0.477597,BOS,1,BOS,1,0,REAL_NHL_API_OR_DERIVED_FROM_REAL
20252026,2025020427,2025-12-04,OTT,NYR,0.492763,0.507237,NYR,0,NYR,1,0,REAL_NHL_API_OR_DERIVED_FROM_REAL
20252026,2025020428,2025-12-04,TBL,PIT,0.616108,0.383892,TBL,0,PIT,0,0,REAL_NHL_API_OR_DERIVED_FROM_REAL
20252026,2025020429,2025-12-04,FLA,NSH,0.544807,0.455193,FLA,0,NSH,0,0,REAL_NHL_API_OR_DERIVED_FROM_REAL
20252026,2025020430,2025-12-04,NYI,COL,0.426052,0.573948,COL,1,NYI,0,0,REAL_NHL_API_OR_DERIVED_FROM_REAL
20252026,2025020431,2025-12-04,CAR,TOR,0.686075,0.313925,CAR,0,TOR,0,0,REAL_NHL_API_OR_DERIVED_FROM_REAL
20252026,2025020432,2025-12-04,CBJ,DET,0.529002,0.470998,CBJ,1,CBJ,1,0,REAL_NHL_API_OR_DERIVED_FROM_REAL
20252026,2025020433,2025-12-04,CGY,MIN,0.510634,0.489366,CGY,1,CGY,1,0,REAL_NHL_API_OR_DERIVED_FROM_REAL
20252026,2025020434,2025-12-04,EDM,SEA,0.740012,0.259988,EDM,1,EDM,1,0,REAL_NHL_API_OR_DERIVED_FROM_REAL
20252026,2025020435,2025-12-04,LAK,CHI,0.573911,0.426089,LAK,0,CHI,0,0,REAL_NHL_API_OR_DERIVED_FROM_REAL
20252026,2025020436,2025-12-05,NJD,VGK,0.508787,0.491213,NJD,0,VGK,0,0,REAL_NHL_API_OR_DERIVED_FROM_REAL
20252026,2025020437,2025-12-05,WPG,BUF,0.534131,0.465869,WPG,1,WPG,1,0,REAL_NHL_API_OR_DERIVED_FROM_REAL
20252026,2025020438,2025-12-05,DAL,SJS,0.659636,0.340364,DAL,1,DAL,1,0,REAL_NHL_API_OR_DERIVED_FROM_REAL
20252026,2025020439,2025-12-05,VAN,UTA,0.553578,0.446422,VAN,0,UTA,0,0,REAL_NHL_API_OR_DERIVED_FROM_REAL
20252026,2025020440,2025-12-05,ANA,WSH,0.42082,0.57918,WSH,1,ANA,0,0,REAL_NHL_API_OR_DERIVED_FROM_REAL
20252026,2025020441,2025-12-06,NYR,COL,0.505953,0.494047,NYR,0,COL,0,0,REAL_NHL_API_OR_DERIVED_FROM_REAL
20252026,2025020442,2025-12-06,FLA,CBJ,0.604203,0.395797,FLA,1,FLA,1,0,REAL_NHL_API_OR_DERIVED_FROM_REAL
20252026,2025020443,2025-12-06,BOS,NJD,0.600176,0.399824,BOS,1,BOS,1,0,REAL_NHL_API_OR_DERIVED_FROM_REAL
20252026,2025020444,2025-12-06,TOR,MTL,0.633052,0.366948,TOR,0,MTL,0,0,REAL_NHL_API_OR_DERIVED_FROM_REAL
20252026,2025020445,2025-12-06,OTT,STL,0.543893,0.456107,OTT,0,STL,0,0,REAL_NHL_API_OR_DERIVED_FROM_REAL
20252026,2025020446,2025-12-06,TBL,NYI,0.644941,0.355059,TBL,0,NYI,0,0,REAL_NHL_API_OR_DERIVED_FROM_REAL
20252026,2025020447,2025-12-06,CAR,NSH,0.668964,0.331036,CAR,1,CAR,1,0,REAL_NHL_API_OR_DERIVED_FROM_REAL
20252026,2025020448,2025-12-06,CGY,UTA,0.506387,0.493613,CGY,1,CGY,1,0,REAL_NHL_API_OR_DERIVED_FROM_REAL
20252026,2025020449,2025-12-06,LAK,CHI,0.559706,0.440294,LAK,1,LAK,1,0,REAL_NHL_API_OR_DERIVED_FROM_REAL
20252026,2025020450,2025-12-06,EDM,WPG,0.693359,0.306641,EDM,1,EDM,1,0,REAL_NHL_API_OR_DERIVED_FROM_REAL
20252026,2025020451,2025-12-06,VAN,MIN,0.470502,0.529498,MIN,1,VAN,0,0,REAL_NHL_API_OR_DERIVED_FROM_REAL
20252026,2025020452,2025-12-06,SEA,DET,0.476411,0.523589,DET,0,DET,1,0,REAL_NHL_API_OR_DERIVED_FROM_REAL
20252026,2025020453,2025-12-07,PHI,COL,0.4788,0.5212,COL,0,COL,1,0,REAL_NHL_API_OR_DERIVED_FROM_REAL
20252026,2025020454,2025-12-07,FLA,NYI,0.588794,0.411206,FLA,1,FLA,1,0,REAL_NHL_API_OR_DERIVED_FROM_REAL
20252026,2025020455,2025-12-07,CAR,SJS,0.609859,0.390141,CAR,0,SJS,0,0,REAL_NHL_API_OR_DERIVED_FROM_REAL
20252026,2025020456,2025-12-07,DAL,PIT,0.652444,0.347556,DAL,1,DAL,1,0,REAL_NHL_API_OR_DERIVED_FROM_REAL
20252026,2025020457,2025-12-07,MTL,STL,0.595322,0.404678,MTL,0,STL,0,0,REAL_NHL_API_OR_DERIVED_FROM_REAL
20252026,2025020458,2025-12-07,NYR,VGK,0.570917,0.429083,NYR,0,VGK,0,0,REAL_NHL_API_OR_DERIVED_FROM_REAL
20252026,2025020459,2025-12-07,WSH,CBJ,0.578032,0.421968,WSH,1,WSH,1,0,REAL_NHL_API_OR_DERIVED_FROM_REAL
20252026,2025020460,2025-12-07,ANA,CHI,0.479765,0.520235,CHI,1,ANA,0,0,REAL_NHL_API_OR_DERIVED_FROM_REAL
20252026,2025020461,2025-12-08,TOR,TBL,0.59247,0.40753,TOR,1,TOR,1,0,REAL_NHL_API_OR_DERIVED_FROM_REAL
20252026,2025020462,2025-12-08,UTA,LAK,0.460516,0.539484,LAK,0,LAK,1,0,REAL_NHL_API_OR_DERIVED_FROM_REAL
20252026,2025020463,2025-12-08,CGY,BUF,0.710375,0.289625,CGY,1,CGY,1,0,REAL_NHL_API_OR_DERIVED_FROM_REAL
20252026,2025020464,2025-12-08,VAN,DET,0.271315,0.728685,DET,0,DET,1,0,REAL_NHL_API_OR_DERIVED_FROM_REAL
20252026,2025020465,2025-12-08,SEA,MIN,0.490936,0.509064,MIN,0,MIN,1,0,REAL_NHL_API_OR_DERIVED_FROM_REAL
20252026,2025020466,2025-12-09,MTL,TBL,0.291123,0.708877,TBL,0,TBL,1,0,REAL_NHL_API_OR_DERIVED_FROM_REAL
20252026,2025020467,2025-12-09,OTT,NJD,0.558952,0.441048,OTT,0,NJD,0,0,REAL_NHL_API_OR_DERIVED_FROM_REAL
20252026,2025020468,2025-12-09,NYI,VGK,0.526835,0.473165,NYI,1,NYI,1,0,REAL_NHL_API_OR_DERIVED_FROM_REAL
20252026,2025020469,2025-12-09,PHI,SJS,0.622407,0.377593,PHI,1,PHI,1,0,REAL_NHL_API_OR_DERIVED_FROM_REAL
20252026,2025020470,2025-12-09,PIT,ANA,0.570648,0.429352,PIT,0,ANA,0,0,REAL_NHL_API_OR_DERIVED_FROM_REAL
20252026,2025020471,2025-12-09,CAR,CBJ,0.549626,0.450374,CAR,1,CAR,1,0,REAL_NHL_API_OR_DERIVED_FROM_REAL
20252026,2025020472,2025-12-09,STL,BOS,0.450388,0.549612,BOS,0,BOS,1,0,REAL_NHL_API_OR_DERIVED_FROM_REAL
20252026,2025020473,2025-12-09,WPG,DAL,0.493209,0.506791,DAL,0,DAL,1,0,REAL_NHL_API_OR_DERIVED_FROM_REAL
20252026,2025020474,2025-12-09,EDM,BUF,0.748706,0.251294,EDM,0,BUF,0,0,REAL_NHL_API_OR_DERIVED_FROM_REAL
20252026,2025020475,2025-12-09,NSH,COL,0.711141,0.288859,NSH,1,NSH,1,0,REAL_NHL_API_OR_DERIVED_FROM_REAL
20252026,2025020476,2025-12-10,CHI,NYR,0.449739,0.550261,NYR,1,CHI,0,0,REAL_NHL_API_OR_DERIVED_FROM_REAL
20252026,2025020477,2025-12-10,CGY,DET,0.497945,0.502055,DET,0,DET,1,0,REAL_NHL_API_OR_DERIVED_FROM_REAL
20252026,2025020478,2025-12-10,UTA,FLA,0.462475,0.537525,FLA,0,FLA,1,0,REAL_NHL_API_OR_DERIVED_FROM_REAL
20252026,2025020479,2025-12-10,SEA,LAK,0.492766,0.507234,LAK,1,SEA,0,0,REAL_NHL_API_OR_DERIVED_FROM_REAL
20252026,2025020480,2025-12-11,TOR,SJS,0.645776,0.354224,TOR,0,SJS,0,0,REAL_NHL_API_OR_DERIVED_FROM_REAL
20252026,2025020481,2025-12-11,NJD,TBL,0.417475,0.582525,TBL,0,TBL,1,0,REAL_NHL_API_OR_DERIVED_FROM_REAL
20252026,2025020482,2025-12-11,NYI,ANA,0.562719,0.437281,NYI,1,NYI,1,0,REAL_NHL_API_OR_DERIVED_FROM_REAL
20252026,2025020483,2025-12-11,PHI,VGK,0.527312,0.472688,PHI,0,VGK,0,0,REAL_NHL_API_OR_DERIVED_FROM_REAL
20252026,2025020484,2025-12-11,PIT,MTL,0.514208,0.485792,PIT,0,MTL,0,0,REAL_NHL_API_OR_DERIVED_FROM_REAL
20252026,2025020485,2025-12-11,WSH,CAR,0.608714,0.391286,WSH,0,CAR,0,0,REAL_NHL_API_OR_DERIVED_FROM_REAL
20252026,2025020486,2025-12-11,CBJ,OTT,0.375519,0.624481,OTT,0,OTT,1,0,REAL_NHL_API_OR_DERIVED_FROM_REAL
20252026,2025020487,2025-12-11,NSH,STL,0.760733,0.239267,NSH,1,NSH,1,0,REAL_NHL_API_OR_DERIVED_FROM_REAL
20252026,2025020488,2025-12-11,MIN,DAL,0.475102,0.524898,DAL,1,MIN,0,0,REAL_NHL_API_OR_DERIVED_FROM_REAL
20252026,2025020489,2025-12-11,WPG,BOS,0.460208,0.539792,BOS,0,BOS,1,0,REAL_NHL_API_OR_DERIVED_FROM_REAL
20252026,2025020490,2025-12-11,COL,FLA,0.567044,0.432956,COL,1,COL,1,0,REAL_NHL_API_OR_DERIVED_FROM_REAL
20252026,2025020491,2025-12-11,EDM,DET,0.562603,0.437397,EDM,1,EDM,1,0,REAL_NHL_API_OR_DERIVED_FROM_REAL
20252026,2025020492,2025-12-11,VAN,BUF,0.482204,0.517796,BUF,0,BUF,1,0,REAL_NHL_API_OR_DERIVED_FROM_REAL
20252026,2025020493,2025-12-12,STL,CHI,0.592263,0.407737,STL,1,STL,1,0,REAL_NHL_API_OR_DERIVED_FROM_REAL
20252026,2025020494,2025-12-12,UTA,SEA,0.588572,0.411428,UTA,1,UTA,1,0,REAL_NHL_API_OR_DERIVED_FROM_REAL
20252026,2025020495,2025-12-13,NJD,ANA,0.469782,0.530218,ANA,1,NJD,0,0,REAL_NHL_API_OR_DERIVED_FROM_REAL
20252026,2025020496,2025-12-13,MIN,OTT,0.516163,0.483837,MIN,1,MIN,1,0,REAL_NHL_API_OR_DERIVED_FROM_REAL
20252026,2025020497,2025-12-13,PIT,SJS,0.614252,0.385748,PIT,0,SJS,0,0,REAL_NHL_API_OR_DERIVED_FROM_REAL
20252026,2025020498,2025-12-13,NYI,TBL,0.697319,0.302681,NYI,1,NYI,1,0,REAL_NHL_API_OR_DERIVED_FROM_REAL
20252026,2025020499,2025-12-13,TOR,EDM,0.467698,0.532302,EDM,0,EDM,1,0,REAL_NHL_API_OR_DERIVED_FROM_REAL
20252026,2025020500,2025-12-13,NYR,MTL,0.594199,0.405801,NYR,1,NYR,1,0,REAL_NHL_API_OR_DERIVED_FROM_REAL
20252026,2025020501,2025-12-13,PHI,CAR,0.494445,0.505555,CAR,0,CAR,1,0,REAL_NHL_API_OR_DERIVED_FROM_REAL
20252026,2025020502,2025-12-13,CBJ,VGK,0.488138,0.511862,VGK,0,VGK,1,0,REAL_NHL_API_OR_DERIVED_FROM_REAL
20252026,2025020503,2025-12-13,WPG,WSH,0.392656,0.607344,WSH,1,WPG,0,0,REAL_NHL_API_OR_DERIVED_FROM_REAL
20252026,2025020504,2025-12-13,CHI,DET,0.492002,0.507998,DET,0,DET,1,0,REAL_NHL_API_OR_DERIVED_FROM_REAL
20252026,2025020505,2025-12-13,DAL,FLA,0.547559,0.452441,DAL,0,FLA,0,0,REAL_NHL_API_OR_DERIVED_FROM_REAL
20252026,2025020506,2025-12-13,COL,NSH,0.560223,0.439777,COL,1,COL,1,0,REAL_NHL_API_OR_DERIVED_FROM_REAL
20252026,2025020507,2025-12-13,LAK,CGY,0.56774,0.43226,LAK,0,CGY,0,0,REAL_NHL_API_OR_DERIVED_FROM_REAL
20252026,2025020508,2025-12-14,NJD,VAN,0.546172,0.453828,NJD,0,VAN,0,0,REAL_NHL_API_OR_DERIVED_FROM_REAL
20252026,2025020509,2025-12-14,PIT,UTA,0.589871,0.410129,PIT,0,UTA,0,0,REAL_NHL_API_OR_DERIVED_FROM_REAL
20252026,2025020510,2025-12-14,CAR,PHI,0.584496,0.415504,CAR,1,CAR,1,0,REAL_NHL_API_OR_DERIVED_FROM_REAL
20252026,2025020511,2025-12-14,MIN,BOS,0.476645,0.523355,BOS,1,MIN,0,0,REAL_NHL_API_OR_DERIVED_FROM_REAL
20252026,2025020512,2025-12-14,MTL,EDM,0.429048,0.570952,EDM,1,MTL,0,0,REAL_NHL_API_OR_DERIVED_FROM_REAL
20252026,2025020513,2025-12-14,SEA,BUF,0.544292,0.455708,SEA,0,BUF,0,0,REAL_NHL_API_OR_DERIVED_FROM_REAL
20252026,2025020514,2025-12-15,TBL,FLA,0.523389,0.476611,TBL,0,FLA,0,0,REAL_NHL_API_OR_DERIVED_FROM_REAL
20252026,2025020515,2025-12-15,NYR,ANA,0.526234,0.473766,NYR,0,ANA,0,0,REAL_NHL_API_OR_DERIVED_FROM_REAL
20252026,2025020516,2025-12-15,WPG,OTT,0.535397,0.464603,WPG,0,OTT,0,0,REAL_NHL_API_OR_DERIVED_FROM_REAL
20252026,2025020517,2025-12-15,STL,NSH,0.498583,0.501417,NSH,0,NSH,1,0,REAL_NHL_API_OR_DERIVED_FROM_REAL
20252026,2025020518,2025-12-15,DAL,LAK,0.748766,0.251234,DAL,1,DAL,1,0,REAL_NHL_API_OR_DERIVED_FROM_REAL
20252026,2025020519,2025-12-16,BOS,UTA,0.60752,0.39248,BOS,1,BOS,1,0,REAL_NHL_API_OR_DERIVED_FROM_REAL
20252026,2025020520,2025-12-16,TOR,CHI,0.636687,0.363313,TOR,1,TOR,1,0,REAL_NHL_API_OR_DERIVED_FROM_REAL
20252026,2025020521,2025-12-16,MTL,PHI,0.551884,0.448116,MTL,0,PHI,0,0,REAL_NHL_API_OR_DERIVED_FROM_REAL
20252026,2025020522,2025-12-16,DET,NYI,0.59163,0.40837,DET,1,DET,1,0,REAL_NHL_API_OR_DERIVED_FROM_REAL
20252026,2025020523,2025-12-16,NYR,VAN,0.59488,0.40512,NYR,0,VAN,0,0,REAL_NHL_API_OR_DERIVED_FROM_REAL
20252026,2025020524,2025-12-16,PIT,EDM,0.498746,0.501254,EDM,0,EDM,1,0,REAL_NHL_API_OR_DERIVED_FROM_REAL
20252026,2025020525,2025-12-16,CBJ,ANA,0.458514,0.541486,ANA,1,CBJ,0,0,REAL_NHL_API_OR_DERIVED_FROM_REAL
20252026,2025020526,2025-12-16,MIN,WSH,0.59489,0.40511,MIN,1,MIN,1,0,REAL_NHL_API_OR_DERIVED_FROM_REAL
20252026,2025020527,2025-12-16,SJS,CGY,0.562797,0.437203,SJS,1,SJS,1,0,REAL_NHL_API_OR_DERIVED_FROM_REAL
20252026,2025020528,2025-12-16,SEA,COL,0.436459,0.563541,COL,0,COL,1,0,REAL_NHL_API_OR_DERIVED_FROM_REAL
20252026,2025020529,2025-12-17,FLA,LAK,0.571852,0.428148,FLA,1,FLA,1,0,REAL_NHL_API_OR_DERIVED_FROM_REAL
20252026,2025020530,2025-12-17,DET,UTA,0.520826,0.479174,DET,0,UTA,0,0,REAL_NHL_API_OR_DERIVED_FROM_REAL
20252026,2025020531,2025-12-17,STL,WPG,0.550312,0.449688,STL,1,STL,1,0,REAL_NHL_API_OR_DERIVED_FROM_REAL
20252026,2025020532,2025-12-17,NSH,CAR,0.620492,0.379508,NSH,0,CAR,0,0,REAL_NHL_API_OR_DERIVED_FROM_REAL
20252026,2025020533,2025-12-17,VGK,NJD,0.60994,0.39006,VGK,0,NJD,0,0,REAL_NHL_API_OR_DERIVED_FROM_REAL
20252026,2025020534,2025-12-18,BOS,EDM,0.709783,0.290217,BOS,0,EDM,0,0,REAL_NHL_API_OR_DERIVED_FROM_REAL
20252026,2025020535,2025-12-18,BUF,PHI,0.566069,0.433931,BUF,1,BUF,1,0,REAL_NHL_API_OR_DERIVED_FROM_REAL
20252026,2025020536,2025-12-18,MTL,CHI,0.576801,0.423199,MTL,1,MTL,1,0,REAL_NHL_API_OR_DERIVED_FROM_REAL
20252026,2025020537,2025-12-18,OTT,PIT,0.560459,0.439541,OTT,1,OTT,1,0,REAL_NHL_API_OR_DERIVED_FROM_REAL
20252026,2025020538,2025-12-18,TBL,LAK,0.750799,0.249201,TBL,0,LAK,0,0,REAL_NHL_API_OR_DERIVED_FROM_REAL
20252026,2025020539,2025-12-18,WSH,TOR,0.476817,0.523183,TOR,1,WSH,0,0,REAL_NHL_API_OR_DERIVED_FROM_REAL
20252026,2025020540,2025-12-18,CBJ,MIN,0.35707,0.64293,MIN,0,MIN,1,0,REAL_NHL_API_OR_DERIVED_FROM_REAL
20252026,2025020541,2025-12-18,STL,NYR,0.549394,0.450606,STL,0,NYR,0,0,REAL_NHL_API_OR_DERIVED_FROM_REAL
20252026,2025020542,2025-12-18,CGY,SEA,0.567776,0.432224,CGY,1,CGY,1,0,REAL_NHL_API_OR_DERIVED_FROM_REAL
20252026,2025020543,2025-12-18,SJS,DAL,0.533247,0.466753,SJS,0,DAL,0,0,REAL_NHL_API_OR_DERIVED_FROM_REAL
20252026,2025020544,2025-12-19,FLA,CAR,0.579451,0.420549,FLA,1,FLA,1,0,REAL_NHL_API_OR_DERIVED_FROM_REAL
20252026,2025020545,2025-12-19,NYI,VAN,0.597873,0.402127,NYI,0,VAN,0,0,REAL_NHL_API_OR_DERIVED_FROM_REAL
20252026,2025020546,2025-12-19,COL,WPG,0.60969,0.39031,COL,1,COL,1,0,REAL_NHL_API_OR_DERIVED_FROM_REAL
20252026,2025020547,2025-12-19,UTA,NJD,0.595806,0.404194,UTA,0,NJD,0,0,REAL_NHL_API_OR_DERIVED_FROM_REAL
20252026,2025020548,2025-12-19,ANA,DAL,0.290752,0.709248,DAL,0,DAL,1,0,REAL_NHL_API_OR_DERIVED_FROM_REAL
20252026,2025020549,2025-12-20,NYR,PHI,0.487788,0.512212,PHI,1,NYR,0,0,REAL_NHL_API_OR_DERIVED_FROM_REAL
20252026,2025020550,2025-12-20,WSH,DET,0.551992,0.448008,WSH,0,DET,0,0,REAL_NHL_API_OR_DERIVED_FROM_REAL
20252026,2025020551,2025-12-20,OTT,CHI,0.597531,0.402469,OTT,1,OTT,1,0,REAL_NHL_API_OR_DERIVED_FROM_REAL
20252026,2025020552,2025-12-20,MIN,EDM,0.574913,0.425087,MIN,1,MIN,1,0,REAL_NHL_API_OR_DERIVED_FROM_REAL
20252026,2025020553,2025-12-20,BUF,NYI,0.58013,0.41987,BUF,1,BUF,1,0,REAL_NHL_API_OR_DERIVED_FROM_REAL
20252026,2025020554,2025-12-20,FLA,STL,0.605347,0.394653,FLA,0,STL,0,0,REAL_NHL_API_OR_DERIVED_FROM_REAL
20252026,2025020555,2025-12-20,BOS,VAN,0.622009,0.377991,BOS,0,VAN,0,0,REAL_NHL_API_OR_DERIVED_FROM_REAL
20252026,2025020556,2025-12-20,MTL,PIT,0.517991,0.482009,MTL,1,MTL,1,0,REAL_NHL_API_OR_DERIVED_FROM_REAL
20252026,2025020557,2025-12-20,TBL,CAR,0.580259,0.419741,TBL,1,TBL,1,0,REAL_NHL_API_OR_DERIVED_FROM_REAL
20252026,2025020558,2025-12-20,NSH,TOR,0.586578,0.413422,NSH,1,NSH,1,0,REAL_NHL_API_OR_DERIVED_FROM_REAL
20252026,2025020559,2025-12-20,CGY,VGK,0.550939,0.449061,CGY,1,CGY,1,0,REAL_NHL_API_OR_DERIVED_FROM_REAL
20252026,2025020560,2025-12-20,ANA,CBJ,0.555002,0.444998,ANA,1,ANA,1,0,REAL_NHL_API_OR_DERIVED_FROM_REAL
20252026,2025020561,2025-12-20,SJS,SEA,0.574681,0.425319,SJS,0,SEA,0,0,REAL_NHL_API_OR_DERIVED_FROM_REAL
20252026,2025020562,2025-12-21,DET,WSH,0.535608,0.464392,DET,1,DET,1,0,REAL_NHL_API_OR_DERIVED_FROM_REAL
20252026,2025020563,2025-12-21,MIN,COL,0.517785,0.482215,MIN,0,COL,0,0,REAL_NHL_API_OR_DERIVED_FROM_REAL
20252026,2025020564,2025-12-21,BOS,OTT,0.332064,0.667936,OTT,0,OTT,1,0,REAL_NHL_API_OR_DERIVED_FROM_REAL
20252026,2025020565,2025-12-21,NJD,BUF,0.51055,0.48945,NJD,0,BUF,0,0,REAL_NHL_API_OR_DERIVED_FROM_REAL
20252026,2025020566,2025-12-21,PIT,MTL,0.56407,0.43593,PIT,1,PIT,1,0,REAL_NHL_API_OR_DERIVED_FROM_REAL
20252026,2025020567,2025-12-21,NSH,NYR,0.612545,0.387455,NSH,1,NSH,1,0,REAL_NHL_API_OR_DERIVED_FROM_REAL
20252026,2025020568,2025-12-21,DAL,TOR,0.567532,0.432468,DAL,1,DAL,1,0,REAL_NHL_API_OR_DERIVED_FROM_REAL
20252026,2025020569,2025-12-21,UTA,WPG,0.510334,0.489666,UTA,1,UTA,1,0,REAL_NHL_API_OR_DERIVED_FROM_REAL
20252026,2025020570,2025-12-21,EDM,VGK,0.6233,0.3767,EDM,1,EDM,1,0,REAL_NHL_API_OR_DERIVED_FROM_REAL
20252026,2025020571,2025-12-22,TBL,STL,0.599522,0.400478,TBL,1,TBL,1,0,REAL_NHL_API_OR_DERIVED_FROM_REAL
20252026,2025020572,2025-12-22,PHI,VAN,0.619832,0.380168,PHI,1,PHI,1,0,REAL_NHL_API_OR_DERIVED_FROM_REAL
20252026,2025020573,2025-12-22,ANA,SEA,0.470845,0.529155,SEA,0,SEA,1,0,REAL_NHL_API_OR_DERIVED_FROM_REAL
20252026,2025020574,2025-12-22,LAK,CBJ,0.595226,0.404774,LAK,0,CBJ,0,0,REAL_NHL_API_OR_DERIVED_FROM_REAL
20252026,2025020575,2025-12-23,TOR,PIT,0.531991,0.468009,TOR,1,TOR,1,0,REAL_NHL_API_OR_DERIVED_FROM_REAL
20252026,2025020576,2025-12-23,WSH,NYR,0.5959,0.4041,WSH,0,NYR,0,0,REAL_NHL_API_OR_DERIVED_FROM_REAL
20252026,2025020577,2025-12-23,BOS,MTL,0.578564,0.421436,BOS,0,MTL,0,0,REAL_NHL_API_OR_DERIVED_FROM_REAL
20252026,2025020578,2025-12-23,OTT,BUF,0.523913,0.476087,OTT,0,BUF,0,0,REAL_NHL_API_OR_DERIVED_FROM_REAL
20252026,2025020579,2025-12-23,DET,DAL,0.455943,0.544057,DAL,1,DET,0,0,REAL_NHL_API_OR_DERIVED_FROM_REAL
20252026,2025020580,2025-12-23,NYI,NJD,0.573278,0.426722,NYI,1,NYI,1,0,REAL_NHL_API_OR_DERIVED_FROM_REAL
20252026,2025020581,2025-12-23,CAR,FLA,0.48958,0.51042,FLA,0,FLA,1,0,REAL_NHL_API_OR_DERIVED_FROM_REAL
20252026,2025020582,2025-12-23,MIN,NSH,0.582494,0.417506,MIN,0,NSH,0,0,REAL_NHL_API_OR_DERIVED_FROM_REAL
20252026,2025020583,2025-12-23,CHI,PHI,0.478693,0.521307,PHI,0,PHI,1,0,REAL_NHL_API_OR_DERIVED_FROM_REAL
20252026,2025020584,2025-12-23,COL,UTA,0.633934,0.366066,COL,1,COL,1,0,REAL_NHL_API_OR_DERIVED_FROM_REAL
20252026,2025020585,2025-12-23,EDM,CGY,0.601532,0.398468,EDM,1,EDM,1,0,REAL_NHL_API_OR_DERIVED_FROM_REAL
20252026,2025020586,2025-12-23,VGK,SJS,0.713095,0.286905,VGK,1,VGK,1,0,REAL_NHL_API_OR_DERIVED_FROM_REAL
20252026,2025020587,2025-12-23,LAK,SEA,0.504574,0.495426,LAK,0,SEA,0,0,REAL_NHL_API_OR_DERIVED_FROM_REAL
20252026,2025020588,2025-12-27,NYI,NYR,0.510131,0.489869,NYI,1,NYI,1,0,REAL_NHL_API_OR_DERIVED_FROM_REAL
20252026,2025020589,2025-12-27,BUF,BOS,0.52958,0.47042,BUF,1,BUF,1,0,REAL_NHL_API_OR_DERIVED_FROM_REAL
20252026,2025020590,2025-12-27,TOR,OTT,0.5566,0.4434,TOR,1,TOR,1,0,REAL_NHL_API_OR_DERIVED_FROM_REAL
20252026,2025020591,2025-12-27,FLA,TBL,0.577175,0.422825,FLA,0,TBL,0,0,REAL_NHL_API_OR_DERIVED_FROM_REAL
20252026,2025020592,2025-12-27,NJD,WSH,0.536262,0.463738,NJD,0,WSH,0,0,REAL_NHL_API_OR_DERIVED_FROM_REAL
20252026,2025020593,2025-12-27,CAR,DET,0.531715,0.468285,CAR,1,CAR,1,0,REAL_NHL_API_OR_DERIVED_FROM_REAL
20252026,2025020594,2025-12-27,WPG,MIN,0.524926,0.475074,WPG,0,MIN,0,0,REAL_NHL_API_OR_DERIVED_FROM_REAL
20252026,2025020595,2025-12-27,STL,NSH,0.500361,0.499639,STL,1,STL,1,0,REAL_NHL_API_OR_DERIVED_FROM_REAL
20252026,2025020596,2025-12-27,DAL,CHI,0.68954,0.31046,DAL,0,CHI,0,0,REAL_NHL_API_OR_DERIVED_FROM_REAL
20252026,2025020597,2025-12-27,LAK,ANA,0.609497,0.390503,LAK,1,LAK,1,0,REAL_NHL_API_OR_DERIVED_FROM_REAL
20252026,2025020598,2025-12-27,CGY,EDM,0.463175,0.536825,EDM,1,CGY,0,0,REAL_NHL_API_OR_DERIVED_FROM_REAL
20252026,2025020599,2025-12-27,VAN,SJS,0.609092,0.390908,VAN,0,SJS,0,0,REAL_NHL_API_OR_DERIVED_FROM_REAL
20252026,2025020600,2025-12-27,VGK,COL,0.479594,0.520406,COL,0,COL,1,0,REAL_NHL_API_OR_DERIVED_FROM_REAL
20252026,2025020601,2025-12-28,DET,TOR,0.545817,0.454183,DET,1,DET,1,0,REAL_NHL_API_OR_DERIVED_FROM_REAL
20252026,2025020602,2025-12-28,TBL,MTL,0.626155,0.373845,TBL,1,TBL,1,0,REAL_NHL_API_OR_DERIVED_FROM_REAL
20252026,2025020603,2025-12-28,CBJ,NYI,0.509234,0.490766,CBJ,1,CBJ,1,0,REAL_NHL_API_OR_DERIVED_FROM_REAL
20252026,2025020604,2025-12-28,CHI,PIT,0.34303,0.65697,PIT,0,PIT,1,0,REAL_NHL_API_OR_DERIVED_FROM_REAL
20252026,2025020605,2025-12-28,SEA,PHI,0.539825,0.460175,SEA,1,SEA,1,0,REAL_NHL_API_OR_DERIVED_FROM_REAL
20252026,2025020606,2025-12-29,OTT,CBJ,0.60621,0.39379,OTT,0,CBJ,0,0,REAL_NHL_API_OR_DERIVED_FROM_REAL
20252026,2025020607,2025-12-29,FLA,WSH,0.614285,0.385715,FLA,1,FLA,1,0,REAL_NHL_API_OR_DERIVED_FROM_REAL
20252026,2025020608,2025-12-29,CAR,NYR,0.52598,0.47402,CAR,1,CAR,1,0,REAL_NHL_API_OR_DERIVED_FROM_REAL
20252026,2025020609,2025-12-29,WPG,EDM,0.492754,0.507246,EDM,0,EDM,1,0,REAL_NHL_API_OR_DERIVED_FROM_REAL
20252026,2025020610,2025-12-29,STL,BUF,0.475928,0.524072,BUF,0,BUF,1,0,REAL_NHL_API_OR_DERIVED_FROM_REAL
20252026,2025020611,2025-12-29,COL,LAK,0.614429,0.385571,COL,1,COL,1,0,REAL_NHL_API_OR_DERIVED_FROM_REAL
20252026,2025020612,2025-12-29,UTA,NSH,0.520545,0.479455,UTA,0,NSH,0,0,REAL_NHL_API_OR_DERIVED_FROM_REAL
20252026,2025020613,2025-12-29,CGY,BOS,0.56618,0.43382,CGY,1,CGY,1,0,REAL_NHL_API_OR_DERIVED_FROM_REAL
20252026,2025020614,2025-12-29,VGK,MIN,0.352173,0.647827,MIN,0,MIN,1,0,REAL_NHL_API_OR_DERIVED_FROM_REAL
20252026,2025020615,2025-12-29,ANA,SJS,0.317243,0.682757,SJS,0,SJS,1,0,REAL_NHL_API_OR_DERIVED_FROM_REAL
20252026,2025020616,2025-12-29,SEA,VAN,0.567602,0.432398,SEA,0,VAN,0,0,REAL_NHL_API_OR_DERIVED_FROM_REAL
20252026,2025020617,2025-12-30,TOR,NJD,0.569132,0.430868,TOR,1,TOR,1,0,REAL_NHL_API_OR_DERIVED_FROM_REAL
20252026,2025020618,2025-12-30,FLA,MTL,0.562299,0.437701,FLA,0,MTL,0,0,REAL_NHL_API_OR_DERIVED_FROM_REAL
20252026,2025020619,2025-12-30,PIT,CAR,0.530257,0.469743,PIT,1,PIT,1,0,REAL_NHL_API_OR_DERIVED_FROM_REAL
20252026,2025020620,2025-12-30,CHI,NYI,0.477519,0.522481,NYI,0,NYI,1,0,REAL_NHL_API_OR_DERIVED_FROM_REAL
20252026,2025020621,2025-12-30,VAN,PHI,0.485631,0.514369,PHI,0,PHI,1,0,REAL_NHL_API_OR_DERIVED_FROM_REAL
20252026,2025020622,2025-12-31,WSH,NYR,0.523028,0.476972,WSH,1,WSH,1,0,REAL_NHL_API_OR_DERIVED_FROM_REAL
20252026,2025020623,2025-12-31,VGK,NSH,0.554585,0.445415,VGK,0,NSH,0,0,REAL_NHL_API_OR_DERIVED_FROM_REAL
20252026,2025020624,2025-12-31,ANA,TBL,0.40895,0.59105,TBL,0,TBL,1,0,REAL_NHL_API_OR_DERIVED_FROM_REAL
20252026,2025020625,2025-12-31,SJS,MIN,0.444991,0.555009,MIN,1,SJS,0,0,REAL_NHL_API_OR_DERIVED_FROM_REAL
20252026,2025020626,2025-12-31,DET,WPG,0.566131,0.433869,DET,1,DET,1,0,REAL_NHL_API_OR_DERIVED_FROM_REAL
20252026,2025020627,2025-12-31,CBJ,NJD,0.56973,0.43027,CBJ,0,NJD,0,0,REAL_NHL_API_OR_DERIVED_FROM_REAL
20252026,2025020628,2025-12-31,DAL,BUF,0.608202,0.391798,DAL,0,BUF,0,0,REAL_NHL_API_OR_DERIVED_FROM_REAL
20252026,2025020629,2025-12-31,COL,STL,0.61087,0.38913,COL,1,COL,1,0,REAL_NHL_API_OR_DERIVED_FROM_REAL
20252026,2025020630,2025-12-31,CGY,PHI,0.532481,0.467519,CGY,1,CGY,1,0,REAL_NHL_API_OR_DERIVED_FROM_REAL
20252026,2025020631,2025-12-31,EDM,BOS,0.588132,0.411868,EDM,0,BOS,0,0,REAL_NHL_API_OR_DERIVED_FROM_REAL
20252026,2025020632,2026-01-01,OTT,WSH,0.564309,0.435691,OTT,1,OTT,1,0,REAL_NHL_API_OR_DERIVED_FROM_REAL
20252026,2025020633,2026-01-01,NYI,UTA,0.34394,0.65606,UTA,0,UTA,1,0,REAL_NHL_API_OR_DERIVED_FROM_REAL
20252026,2025020634,2026-01-01,TOR,WPG,0.386445,0.613555,WPG,1,TOR,0,0,REAL_NHL_API_OR_DERIVED_FROM_REAL
20252026,2025020635,2026-01-01,PIT,DET,0.548718,0.451282,PIT,1,PIT,1,0,REAL_NHL_API_OR_DERIVED_FROM_REAL
20252026,2025020636,2026-01-01,CAR,MTL,0.560823,0.439177,CAR,0,MTL,0,0,REAL_NHL_API_OR_DERIVED_FROM_REAL
20252026,2025020637,2026-01-01,CHI,DAL,0.401356,0.598644,DAL,1,CHI,0,0,REAL_NHL_API_OR_DERIVED_FROM_REAL
20252026,2025020638,2026-01-01,SEA,NSH,0.550639,0.449361,SEA,1,SEA,1,0,REAL_NHL_API_OR_DERIVED_FROM_REAL
20252026,2025020639,2026-01-01,LAK,TBL,0.495115,0.504885,TBL,0,TBL,1,0,REAL_NHL_API_OR_DERIVED_FROM_REAL
20252026,2025020640,2026-01-02,STL,VGK,0.482325,0.517675,VGK,1,STL,0,0,REAL_NHL_API_OR_DERIVED_FROM_REAL
20252026,2025020641,2026-01-02,FLA,NYR,0.551687,0.448313,FLA,0,NYR,0,0,REAL_NHL_API_OR_DERIVED_FROM_REAL
20252026,2025020642,2026-01-02,VAN,SEA,0.499625,0.500375,SEA,0,SEA,1,0,REAL_NHL_API_OR_DERIVED_FROM_REAL
20252026,2025020643,2026-01-02,ANA,MIN,0.395321,0.604679,MIN,0,MIN,1,0,REAL_NHL_API_OR_DERIVED_FROM_REAL
20252026,2025020644,2026-01-03,DET,PIT,0.504994,0.495006,DET,0,PIT,0,0,REAL_NHL_API_OR_DERIVED_FROM_REAL
20252026,2025020645,2026-01-03,NJD,UTA,0.500347,0.499653,NJD,1,NJD,1,0,REAL_NHL_API_OR_DERIVED_FROM_REAL
20252026,2025020646,2026-01-03,CBJ,BUF,0.51649,0.48351,CBJ,1,CBJ,1,0,REAL_NHL_API_OR_DERIVED_FROM_REAL
20252026,2025020647,2026-01-03,EDM,PHI,0.526015,0.473985,EDM,0,PHI,0,0,REAL_NHL_API_OR_DERIVED_FROM_REAL
20252026,2025020648,2026-01-03,STL,MTL,0.478804,0.521196,MTL,1,STL,0,0,REAL_NHL_API_OR_DERIVED_FROM_REAL
20252026,2025020649,2026-01-03,SJS,TBL,0.269425,0.730575,TBL,0,TBL,1,0,REAL_NHL_API_OR_DERIVED_FROM_REAL
20252026,2025020650,2026-01-03,OTT,WPG,0.555715,0.444285,OTT,1,OTT,1,0,REAL_NHL_API_OR_DERIVED_FROM_REAL
20252026,2025020651,2026-01-03,NYI,TOR,0.447625,0.552375,TOR,1,NYI,0,0,REAL_NHL_API_OR_DERIVED_FROM_REAL
20252026,2025020652,2026-01-03,WSH,CHI,0.597487,0.402513,WSH,0,CHI,0,0,REAL_NHL_API_OR_DERIVED_FROM_REAL
20252026,2025020653,2026-01-03,CAR,COL,0.454574,0.545426,COL,0,COL,1,0,REAL_NHL_API_OR_DERIVED_FROM_REAL
20252026,2025020654,2026-01-03,CGY,NSH,0.538111,0.461889,CGY,0,NSH,0,0,REAL_NHL_API_OR_DERIVED_FROM_REAL
20252026,2025020655,2026-01-03,LAK,MIN,0.480985,0.519015,MIN,1,LAK,0,0,REAL_NHL_API_OR_DERIVED_FROM_REAL
20252026,2025020656,2026-01-03,VAN,BOS,0.520329,0.479671,VAN,0,BOS,0,0,REAL_NHL_API_OR_DERIVED_FROM_REAL
20252026,2025020657,2026-01-04,DAL,MTL,0.536197,0.463803,DAL,0,MTL,0,0,REAL_NHL_API_OR_DERIVED_FROM_REAL
20252026,2025020658,2026-01-04,CBJ,PIT,0.543475,0.456525,CBJ,0,PIT,0,0,REAL_NHL_API_OR_DERIVED_FROM_REAL
20252026,2025020659,2026-01-04,FLA,COL,0.479858,0.520142,COL,1,FLA,0,0,REAL_NHL_API_OR_DERIVED_FROM_REAL
20252026,2025020660,2026-01-04,NJD,CAR,0.514232,0.485768,NJD,0,CAR,0,0,REAL_NHL_API_OR_DERIVED_FROM_REAL
20252026,2025020661,2026-01-04,CHI,VGK,0.438929,0.561071,VGK,1,CHI,0,0,REAL_NHL_API_OR_DERIVED_FROM_REAL
20252026,2025020662,2026-01-05,NYR,UTA,0.384377,0.615623,UTA,0,UTA,1,0,REAL_NHL_API_OR_DERIVED_FROM_REAL
20252026,2025020663,2026-01-05,WSH,ANA,0.790142,0.209858,WSH,1,WSH,1,0,REAL_NHL_API_OR_DERIVED_FROM_REAL
20252026,2025020664,2026-01-05,OTT,DET,0.395494,0.604506,DET,0,DET,1,0,REAL_NHL_API_OR_DERIVED_FROM_REAL
20252026,2025020665,2026-01-05,CGY,SEA,0.552961,0.447039,CGY,0,SEA,0,0,REAL_NHL_API_OR_DERIVED_FROM_REAL
20252026,2025020666,2026-01-05,LAK,MIN,0.485026,0.514974,MIN,1,LAK,0,0,REAL_NHL_API_OR_DERIVED_FROM_REAL
20252026,2025020667,2026-01-06,BUF,VAN,0.617322,0.382678,BUF,1,BUF,1,0,REAL_NHL_API_OR_DERIVED_FROM_REAL
20252026,2025020668,2026-01-06,TBL,COL,0.588738,0.411262,TBL,1,TBL,1,0,REAL_NHL_API_OR_DERIVED_FROM_REAL
20252026,2025020669,2026-01-06,NYI,NJD,0.4999,0.5001,NJD,1,NYI,0,0,REAL_NHL_API_OR_DERIVED_FROM_REAL
20252026,2025020670,2026-01-06,PHI,ANA,0.623603,0.376397,PHI,1,PHI,1,0,REAL_NHL_API_OR_DERIVED_FROM_REAL
20252026,2025020671,2026-01-06,CAR,DAL,0.725989,0.274011,CAR,1,CAR,1,0,REAL_NHL_API_OR_DERIVED_FROM_REAL
20252026,2025020672,2026-01-06,TOR,FLA,0.595974,0.404026,TOR,1,TOR,1,0,REAL_NHL_API_OR_DERIVED_FROM_REAL
20252026,2025020673,2026-01-06,WPG,VGK,0.478329,0.521671,VGK,0,VGK,1,0,REAL_NHL_API_OR_DERIVED_FROM_REAL
20252026,2025020674,2026-01-06,EDM,NSH,0.564172,0.435828,EDM,1,EDM,1,0,REAL_NHL_API_OR_DERIVED_FROM_REAL
20252026,2025020675,2026-01-06,SJS,CBJ,0.478296,0.521704,CBJ,1,SJS,0,0,REAL_NHL_API_OR_DERIVED_FROM_REAL
20252026,2025020676,2026-01-06,SEA,BOS,0.578003,0.421997,SEA,1,SEA,1,0,REAL_NHL_API_OR_DERIVED_FROM_REAL
20252026,2025020677,2026-01-07,WSH,DAL,0.534874,0.465126,WSH,0,DAL,0,0,REAL_NHL_API_OR_DERIVED_FROM_REAL
20252026,2025020678,2026-01-07,MTL,CGY,0.488247,0.511753,CGY,1,MTL,0,0,REAL_NHL_API_OR_DERIVED_FROM_REAL
20252026,2025020679,2026-01-07,CHI,STL,0.482328,0.517672,STL,1,CHI,0,0,REAL_NHL_API_OR_DERIVED_FROM_REAL
20252026,2025020680,2026-01-07,UTA,OTT,0.548242,0.451758,UTA,1,UTA,1,0,REAL_NHL_API_OR_DERIVED_FROM_REAL
20252026,2025020681,2026-01-07,LAK,SJS,0.551612,0.448388,LAK,0,SJS,0,0,REAL_NHL_API_OR_DERIVED_FROM_REAL
20252026,2025020682,2026-01-08,BOS,CGY,0.54655,0.45345,BOS,1,BOS,1,0,REAL_NHL_API_OR_DERIVED_FROM_REAL
20252026,2025020683,2026-01-08,MTL,FLA,0.60379,0.39621,MTL,1,MTL,1,0,REAL_NHL_API_OR_DERIVED_FROM_REAL
20252026,2025020684,2026-01-08,DET,VAN,0.614853,0.385147,DET,1,DET,1,0,REAL_NHL_API_OR_DERIVED_FROM_REAL
20252026,2025020685,2026-01-08,NYR,BUF,0.507366,0.492634,NYR,0,BUF,0,0,REAL_NHL_API_OR_DERIVED_FROM_REAL
20252026,2025020686,2026-01-08,PHI,TOR,0.458627,0.541373,TOR,0,TOR,1,0,REAL_NHL_API_OR_DERIVED_FROM_REAL
20252026,2025020687,2026-01-08,PIT,NJD,0.637384,0.362616,PIT,1,PIT,1,0,REAL_NHL_API_OR_DERIVED_FROM_REAL
20252026,2025020688,2026-01-08,CAR,ANA,0.611656,0.388344,CAR,1,CAR,1,0,REAL_NHL_API_OR_DERIVED_FROM_REAL
20252026,2025020689,2026-01-08,NSH,NYI,0.628579,0.371421,NSH,1,NSH,1,0,REAL_NHL_API_OR_DERIVED_FROM_REAL
20252026,2025020690,2026-01-08,WPG,EDM,0.58514,0.41486,WPG,0,EDM,0,0,REAL_NHL_API_OR_DERIVED_FROM_REAL
20252026,2025020691,2026-01-08,COL,OTT,0.79642,0.20358,COL,1,COL,1,0,REAL_NHL_API_OR_DERIVED_FROM_REAL
20252026,2025020692,2026-01-08,VGK,CBJ,0.324289,0.675711,CBJ,1,VGK,0,0,REAL_NHL_API_OR_DERIVED_FROM_REAL
20252026,2025020693,2026-01-08,SEA,MIN,0.504975,0.495025,SEA,0,MIN,0,0,REAL_NHL_API_OR_DERIVED_FROM_REAL
20252026,2025020694,2026-01-09,CHI,WSH,0.530702,0.469298,CHI,0,WSH,0,0,REAL_NHL_API_OR_DERIVED_FROM_REAL
20252026,2025020695,2026-01-09,WPG,LAK,0.696486,0.303514,WPG,1,WPG,1,0,REAL_NHL_API_OR_DERIVED_FROM_REAL
20252026,2025020696,2026-01-09,UTA,STL,0.589898,0.410102,UTA,1,UTA,1,0,REAL_NHL_API_OR_DERIVED_FROM_REAL
20252026,2025020697,2026-01-10,BOS,NYR,0.739627,0.260373,BOS,1,BOS,1,0,REAL_NHL_API_OR_DERIVED_FROM_REAL
20252026,2025020698,2026-01-10,PIT,CGY,0.595604,0.404396,PIT,0,CGY,0,0,REAL_NHL_API_OR_DERIVED_FROM_REAL
20252026,2025020699,2026-01-10,COL,CBJ,0.586794,0.413206,COL,1,COL,1,0,REAL_NHL_API_OR_DERIVED_FROM_REAL
20252026,2025020700,2026-01-10,SJS,DAL,0.512159,0.487841,SJS,1,SJS,1,0,REAL_NHL_API_OR_DERIVED_FROM_REAL
20252026,2025020701,2026-01-10,BUF,ANA,0.641335,0.358665,BUF,1,BUF,1,0,REAL_NHL_API_OR_DERIVED_FROM_REAL
20252026,2025020702,2026-01-10,TOR,VAN,0.760672,0.239328,TOR,1,TOR,1,0,REAL_NHL_API_OR_DERIVED_FROM_REAL
20252026,2025020703,2026-01-10,MTL,DET,0.548114,0.451886,MTL,0,DET,0,0,REAL_NHL_API_OR_DERIVED_FROM_REAL
20252026,2025020704,2026-01-10,OTT,FLA,0.535247,0.464753,OTT,0,FLA,0,0,REAL_NHL_API_OR_DERIVED_FROM_REAL
20252026,2025020705,2026-01-10,PHI,TBL,0.450562,0.549438,TBL,0,TBL,1,0,REAL_NHL_API_OR_DERIVED_FROM_REAL
20252026,2025020706,2026-01-10,CAR,SEA,0.561255,0.438745,CAR,1,CAR,1,0,REAL_NHL_API_OR_DERIVED_FROM_REAL
20252026,2025020707,2026-01-10,NSH,CHI,0.586151,0.413849,NSH,0,CHI,0,0,REAL_NHL_API_OR_DERIVED_FROM_REAL
20252026,2025020708,2026-01-10,MIN,NYI,0.652891,0.347109,MIN,0,NYI,0,0,REAL_NHL_API_OR_DERIVED_FROM_REAL
20252026,2025020709,2026-01-10,EDM,LAK,0.524061,0.475939,EDM,0,LAK,0,0,REAL_NHL_API_OR_DERIVED_FROM_REAL
20252026,2025020710,2026-01-10,VGK,STL,0.526557,0.473443,VGK,1,VGK,1,0,REAL_NHL_API_OR_DERIVED_FROM_REAL
20252026,2025020711,2026-01-11,WPG,NJD,0.659326,0.340674,WPG,1,WPG,1,0,REAL_NHL_API_OR_DERIVED_FROM_REAL
20252026,2025020712,2026-01-11,BOS,PIT,0.576702,0.423298,BOS,1,BOS,1,0,REAL_NHL_API_OR_DERIVED_FROM_REAL
20252026,2025020713,2026-01-11,NSH,WSH,0.477742,0.522258,WSH,1,NSH,0,0,REAL_NHL_API_OR_DERIVED_FROM_REAL
20252026,2025020714,2026-01-11,UTA,CBJ,0.583965,0.416035,UTA,0,CBJ,0,0,REAL_NHL_API_OR_DERIVED_FROM_REAL
20252026,2025020715,2026-01-11,SJS,VGK,0.568354,0.431646,SJS,0,VGK,0,0,REAL_NHL_API_OR_DERIVED_FROM_REAL
20252026,2025020716,2026-01-12,BUF,FLA,0.589941,0.410059,BUF,0,FLA,0,0,REAL_NHL_API_OR_DERIVED_FROM_REAL
20252026,2025020717,2026-01-12,DET,CAR,0.543183,0.456817,DET,1,DET,1,0,REAL_NHL_API_OR_DERIVED_FROM_REAL
20252026,2025020718,2026-01-12,NYR,SEA,0.495604,0.504396,SEA,0,SEA,1,0,REAL_NHL_API_OR_DERIVED_FROM_REAL
20252026,2025020719,2026-01-12,PHI,TBL,0.433739,0.566261,TBL,0,TBL,1,0,REAL_NHL_API_OR_DERIVED_FROM_REAL
20252026,2025020720,2026-01-12,MTL,VAN,0.586913,0.413087,MTL,1,MTL,1,0,REAL_NHL_API_OR_DERIVED_FROM_REAL
20252026,2025020721,2026-01-12,MIN,NJD,0.659092,0.340908,MIN,0,NJD,0,0,REAL_NHL_API_OR_DERIVED_FROM_REAL
20252026,2025020722,2026-01-12,CHI,EDM,0.465141,0.534859,EDM,0,EDM,1,0,REAL_NHL_API_OR_DERIVED_FROM_REAL
20252026,2025020723,2026-01-12,COL,TOR,0.535071,0.464929,COL,0,TOR,0,0,REAL_NHL_API_OR_DERIVED_FROM_REAL
20252026,2025020724,2026-01-12,LAK,DAL,0.565806,0.434194,LAK,0,DAL,0,0,REAL_NHL_API_OR_DERIVED_FROM_REAL
20252026,2025020725,2026-01-13,OTT,VAN,0.555955,0.444045,OTT,1,OTT,1,0,REAL_NHL_API_OR_DERIVED_FROM_REAL
20252026,2025020726,2026-01-13,PIT,TBL,0.496576,0.503424,TBL,0,TBL,1,0,REAL_NHL_API_OR_DERIVED_FROM_REAL
20252026,2025020727,2026-01-13,WSH,MTL,0.527762,0.472238,WSH,1,WSH,1,0,REAL_NHL_API_OR_DERIVED_FROM_REAL
20252026,2025020728,2026-01-13,CBJ,CGY,0.579666,0.420334,CBJ,1,CBJ,1,0,REAL_NHL_API_OR_DERIVED_FROM_REAL
20252026,2025020729,2026-01-13,BOS,DET,0.541865,0.458135,BOS,1,BOS,1,0,REAL_NHL_API_OR_DERIVED_FROM_REAL
20252026,2025020730,2026-01-13,STL,CAR,0.461997,0.538003,CAR,1,STL,0,0,REAL_NHL_API_OR_DERIVED_FROM_REAL
20252026,2025020731,2026-01-13,NSH,EDM,0.47236,0.52764,EDM,1,NSH,0,0,REAL_NHL_API_OR_DERIVED_FROM_REAL
20252026,2025020732,2026-01-13,WPG,NYI,0.549824,0.450176,WPG,1,WPG,1,0,REAL_NHL_API_OR_DERIVED_FROM_REAL
20252026,2025020733,2026-01-13,UTA,TOR,0.534647,0.465353,UTA,1,UTA,1,0,REAL_NHL_API_OR_DERIVED_FROM_REAL
20252026,2025020734,2026-01-13,ANA,DAL,0.478673,0.521327,DAL,1,ANA,0,0,REAL_NHL_API_OR_DERIVED_FROM_REAL
20252026,2025020735,2026-01-14,NJD,SEA,0.458216,0.541784,SEA,1,NJD,0,0,REAL_NHL_API_OR_DERIVED_FROM_REAL
20252026,2025020736,2026-01-14,BUF,PHI,0.804225,0.195775,BUF,1,BUF,1,0,REAL_NHL_API_OR_DERIVED_FROM_REAL
20252026,2025020737,2026-01-14,NYR,OTT,0.344468,0.655532,OTT,0,OTT,1,0,REAL_NHL_API_OR_DERIVED_FROM_REAL
20252026,2025020738,2026-01-14,LAK,VGK,0.566948,0.433052,LAK,0,VGK,0,0,REAL_NHL_API_OR_DERIVED_FROM_REAL
20252026,2025020739,2026-01-15,BOS,SEA,0.546441,0.453559,BOS,1,BOS,1,0,REAL_NHL_API_OR_DERIVED_FROM_REAL
20252026,2025020740,2026-01-15,BUF,MTL,0.535292,0.464708,BUF,1,BUF,1,0,REAL_NHL_API_OR_DERIVED_FROM_REAL
20252026,2025020741,2026-01-15,PIT,PHI,0.78969,0.21031,PIT,1,PIT,1,0,REAL_NHL_API_OR_DERIVED_FROM_REAL
20252026,2025020742,2026-01-15,WSH,SJS,0.579832,0.420168,WSH,0,SJS,0,0,REAL_NHL_API_OR_DERIVED_FROM_REAL
20252026,2025020743,2026-01-15,CBJ,VAN,0.614388,0.385612,CBJ,1,CBJ,1,0,REAL_NHL_API_OR_DERIVED_FROM_REAL
20252026,2025020744,2026-01-15,MIN,WPG,0.414701,0.585299,WPG,0,WPG,1,0,REAL_NHL_API_OR_DERIVED_FROM_REAL
20252026,2025020745,2026-01-15,CHI,CGY,0.561668,0.438332,CHI,0,CGY,0,0,REAL_NHL_API_OR_DERIVED_FROM_REAL
20252026,2025020746,2026-01-15,UTA,DAL,0.560637,0.439363,UTA,1,UTA,1,0,REAL_NHL_API_OR_DERIVED_FROM_REAL
20252026,2025020747,2026-01-15,EDM,NYI,0.579775,0.420225,EDM,0,NYI,0,0,REAL_NHL_API_OR_DERIVED_FROM_REAL
20252026,2025020748,2026-01-15,VGK,TOR,0.50382,0.49618,VGK,1,VGK,1,0,REAL_NHL_API_OR_DERIVED_FROM_REAL
20252026,2025020749,2026-01-16,DET,SJS,0.57669,0.42331,DET,1,DET,1,0,REAL_NHL_API_OR_DERIVED_FROM_REAL
20252026,2025020750,2026-01-16,CAR,FLA,0.571939,0.428061,CAR,1,CAR,1,0,REAL_NHL_API_OR_DERIVED_FROM_REAL
20252026,2025020751,2026-01-16,STL,TBL,0.43219,0.56781,TBL,1,STL,0,0,REAL_NHL_API_OR_DERIVED_FROM_REAL
20252026,2025020752,2026-01-16,COL,NSH,0.597014,0.402986,COL,0,NSH,0,0,REAL_NHL_API_OR_DERIVED_FROM_REAL
20252026,2025020753,2026-01-16,LAK,ANA,0.598736,0.401264,LAK,0,ANA,0,0,REAL_NHL_API_OR_DERIVED_FROM_REAL
20252026,2025020754,2026-01-17,BUF,MIN,0.613294,0.386706,BUF,0,MIN,0,0,REAL_NHL_API_OR_DERIVED_FROM_REAL
20252026,2025020755,2026-01-17,PHI,NYR,0.301845,0.698155,NYR,0,NYR,1,0,REAL_NHL_API_OR_DERIVED_FROM_REAL
20252026,2025020756,2026-01-17,CGY,NYI,0.536756,0.463244,CGY,1,CGY,1,0,REAL_NHL_API_OR_DERIVED_FROM_REAL
20252026,2025020757,2026-01-17,UTA,SEA,0.573916,0.426084,UTA,1,UTA,1,0,REAL_NHL_API_OR_DERIVED_FROM_REAL
20252026,2025020758,2026-01-17,OTT,MTL,0.510288,0.489712,OTT,0,MTL,0,0,REAL_NHL_API_OR_DERIVED_FROM_REAL
20252026,2025020759,2026-01-17,NJD,CAR,0.434782,0.565218,CAR,0,CAR,1,0,REAL_NHL_API_OR_DERIVED_FROM_REAL
20252026,2025020760,2026-01-17,PIT,CBJ,0.586226,0.413774,PIT,0,CBJ,0,0,REAL_NHL_API_OR_DERIVED_FROM_REAL
20252026,2025020761,2026-01-17,WSH,FLA,0.586157,0.413843,WSH,0,FLA,0,0,REAL_NHL_API_OR_DERIVED_FROM_REAL
20252026,2025020762,2026-01-17,WPG,TOR,0.545907,0.454093,WPG,0,TOR,0,0,REAL_NHL_API_OR_DERIVED_FROM_REAL
20252026,2025020763,2026-01-17,CHI,BOS,0.434476,0.565524,BOS,0,BOS,1,0,REAL_NHL_API_OR_DERIVED_FROM_REAL
20252026,2025020764,2026-01-17,VAN,EDM,0.469465,0.530535,EDM,0,EDM,1,0,REAL_NHL_API_OR_DERIVED_FROM_REAL
20252026,2025020765,2026-01-17,VGK,NSH,0.546108,0.453892,VGK,1,VGK,1,0,REAL_NHL_API_OR_DERIVED_FROM_REAL
20252026,2025020766,2026-01-17,ANA,LAK,0.482114,0.517886,LAK,1,ANA,0,0,REAL_NHL_API_OR_DERIVED_FROM_REAL
20252026,2025020767,2026-01-18,DAL,TBL,0.480557,0.519443,TBL,0,TBL,1,0,REAL_NHL_API_OR_DERIVED_FROM_REAL
20252026,2025020768,2026-01-18,DET,OTT,0.546535,0.453465,DET,1,DET,1,0,REAL_NHL_API_OR_DERIVED_FROM_REAL
20252026,2025020769,2026-01-18,EDM,STL,0.595951,0.404049,EDM,1,EDM,1,0,REAL_NHL_API_OR_DERIVED_FROM_REAL
20252026,2025020770,2026-01-19,CAR,BUF,0.471853,0.528147,BUF,1,CAR,0,0,REAL_NHL_API_OR_DERIVED_FROM_REAL
20252026,2025020771,2026-01-19,COL,WSH,0.552493,0.447507,COL,1,COL,1,0,REAL_NHL_API_OR_DERIVED_FROM_REAL
20252026,2025020772,2026-01-19,SEA,PIT,0.57998,0.42002,SEA,0,PIT,0,0,REAL_NHL_API_OR_DERIVED_FROM_REAL
20252026,2025020773,2026-01-19,FLA,SJS,0.589511,0.410489,FLA,0,SJS,0,0,REAL_NHL_API_OR_DERIVED_FROM_REAL
20252026,2025020774,2026-01-19,TOR,MIN,0.343605,0.656395,MIN,0,MIN,1,0,REAL_NHL_API_OR_DERIVED_FROM_REAL
20252026,2025020775,2026-01-19,VGK,PHI,0.70121,0.29879,VGK,0,PHI,0,0,REAL_NHL_API_OR_DERIVED_FROM_REAL
20252026,2025020776,2026-01-19,CHI,WPG,0.386259,0.613741,WPG,1,CHI,0,0,REAL_NHL_API_OR_DERIVED_FROM_REAL
20252026,2025020777,2026-01-19,CGY,NJD,0.484739,0.515261,NJD,0,NJD,1,0,REAL_NHL_API_OR_DERIVED_FROM_REAL
20252026,2025020778,2026-01-19,VAN,NYI,0.468851,0.531149,NYI,0,NYI,1,0,REAL_NHL_API_OR_DERIVED_FROM_REAL
20252026,2025020779,2026-01-19,ANA,NYR,0.554833,0.445167,ANA,1,ANA,1,0,REAL_NHL_API_OR_DERIVED_FROM_REAL
20252026,2025020780,2026-01-20,MTL,MIN,0.513821,0.486179,MTL,1,MTL,1,0,REAL_NHL_API_OR_DERIVED_FROM_REAL
20252026,2025020781,2026-01-20,TBL,SJS,0.618844,0.381156,TBL,1,TBL,1,0,REAL_NHL_API_OR_DERIVED_FROM_REAL
20252026,2025020782,2026-01-20,CBJ,OTT,0.326659,0.673341,OTT,0,OTT,1,0,REAL_NHL_API_OR_DERIVED_FROM_REAL
20252026,2025020783,2026-01-20,DAL,BOS,0.648119,0.351881,DAL,1,DAL,1,0,REAL_NHL_API_OR_DERIVED_FROM_REAL
20252026,2025020784,2026-01-20,NSH,BUF,0.318366,0.681634,BUF,0,BUF,1,0,REAL_NHL_API_OR_DERIVED_FROM_REAL
20252026,2025020785,2026-01-20,WPG,STL,0.652949,0.347051,WPG,1,WPG,1,0,REAL_NHL_API_OR_DERIVED_FROM_REAL
20252026,2025020786,2026-01-20,EDM,NJD,0.544483,0.455517,EDM,0,NJD,0,0,REAL_NHL_API_OR_DERIVED_FROM_REAL
20252026,2025020787,2026-01-20,LAK,NYR,0.349384,0.650616,NYR,1,LAK,0,0,REAL_NHL_API_OR_DERIVED_FROM_REAL
20252026,2025020788,2026-01-21,TOR,DET,0.542685,0.457315,TOR,0,DET,0,0,REAL_NHL_API_OR_DERIVED_FROM_REAL
20252026,2025020789,2026-01-21,COL,ANA,0.625585,0.374415,COL,0,ANA,0,0,REAL_NHL_API_OR_DERIVED_FROM_REAL
20252026,2025020790,2026-01-21,UTA,PHI,0.669385,0.330615,UTA,1,UTA,1,0,REAL_NHL_API_OR_DERIVED_FROM_REAL
20252026,2025020791,2026-01-21,CGY,PIT,0.557459,0.442541,CGY,0,PIT,0,0,REAL_NHL_API_OR_DERIVED_FROM_REAL
20252026,2025020792,2026-01-21,VAN,WSH,0.419466,0.580534,WSH,1,VAN,0,0,REAL_NHL_API_OR_DERIVED_FROM_REAL
20252026,2025020793,2026-01-21,SEA,NYI,0.593496,0.406504,SEA,1,SEA,1,0,REAL_NHL_API_OR_DERIVED_FROM_REAL
20252026,2025020794,2026-01-22,BOS,VGK,0.509798,0.490202,BOS,1,BOS,1,0,REAL_NHL_API_OR_DERIVED_FROM_REAL
20252026,2025020795,2026-01-22,MTL,BUF,0.539272,0.460728,MTL,0,BUF,0,0,REAL_NHL_API_OR_DERIVED_FROM_REAL
20252026,2025020796,2026-01-22,CAR,CHI,0.647245,0.352755,CAR,0,CHI,0,0,REAL_NHL_API_OR_DERIVED_FROM_REAL
20252026,2025020797,2026-01-22,CBJ,DAL,0.511695,0.488305,CBJ,1,CBJ,1,0,REAL_NHL_API_OR_DERIVED_FROM_REAL
20252026,2025020798,2026-01-22,NSH,OTT,0.559706,0.440294,NSH,1,NSH,1,0,REAL_NHL_API_OR_DERIVED_FROM_REAL
20252026,2025020799,2026-01-22,WPG,FLA,0.572808,0.427192,WPG,0,FLA,0,0,REAL_NHL_API_OR_DERIVED_FROM_REAL
20252026,2025020800,2026-01-22,EDM,PIT,0.560048,0.439952,EDM,0,PIT,0,0,REAL_NHL_API_OR_DERIVED_FROM_REAL
20252026,2025020801,2026-01-22,MIN,DET,0.582965,0.417035,MIN,1,MIN,1,0,REAL_NHL_API_OR_DERIVED_FROM_REAL
20252026,2025020802,2026-01-23,TOR,VGK,0.493499,0.506501,VGK,0,VGK,1,0,REAL_NHL_API_OR_DERIVED_FROM_REAL
20252026,2025020803,2026-01-23,CHI,TBL,0.417181,0.582819,TBL,0,TBL,1,0,REAL_NHL_API_OR_DERIVED_FROM_REAL
20252026,2025020804,2026-01-23,DAL,STL,0.634064,0.365936,DAL,1,DAL,1,0,REAL_NHL_API_OR_DERIVED_FROM_REAL
20252026,2025020805,2026-01-23,COL,PHI,0.651557,0.348443,COL,0,PHI,0,0,REAL_NHL_API_OR_DERIVED_FROM_REAL
20252026,2025020806,2026-01-23,CGY,WSH,0.472212,0.527788,WSH,0,WSH,1,0,REAL_NHL_API_OR_DERIVED_FROM_REAL
20252026,2025020807,2026-01-23,VAN,NJD,0.499728,0.500272,NJD,0,NJD,1,0,REAL_NHL_API_OR_DERIVED_FROM_REAL
20252026,2025020808,2026-01-23,SJS,NYR,0.481238,0.518762,NYR,1,SJS,0,0,REAL_NHL_API_OR_DERIVED_FROM_REAL
20252026,2025020809,2026-01-23,SEA,ANA,0.576782,0.423218,SEA,0,ANA,0,0,REAL_NHL_API_OR_DERIVED_FROM_REAL
20252026,2025020810,2026-01-24,NYI,BUF,0.460638,0.539362,BUF,0,BUF,1,0,REAL_NHL_API_OR_DERIVED_FROM_REAL
20252026,2025020811,2026-01-24,NSH,UTA,0.536463,0.463537,NSH,0,UTA,0,0,REAL_NHL_API_OR_DERIVED_FROM_REAL
20252026,2025020812,2026-01-24,BOS,MTL,0.607466,0.392534,BOS,1,BOS,1,0,REAL_NHL_API_OR_DERIVED_FROM_REAL
20252026,2025020813,2026-01-24,OTT,CAR,0.517624,0.482376,OTT,0,CAR,0,0,REAL_NHL_API_OR_DERIVED_FROM_REAL
20252026,2025020814,2026-01-24,CBJ,TBL,0.430101,0.569899,TBL,1,CBJ,0,0,REAL_NHL_API_OR_DERIVED_FROM_REAL
20252026,2025020815,2026-01-24,WPG,DET,0.572525,0.427475,WPG,0,DET,0,0,REAL_NHL_API_OR_DERIVED_FROM_REAL
20252026,2025020816,2026-01-24,STL,LAK,0.526608,0.473392,STL,0,LAK,0,0,REAL_NHL_API_OR_DERIVED_FROM_REAL
20252026,2025020817,2026-01-24,MIN,FLA,0.584418,0.415582,MIN,0,FLA,0,0,REAL_NHL_API_OR_DERIVED_FROM_REAL
20252026,2025020818,2026-01-24,EDM,WSH,0.31118,0.68882,WSH,1,EDM,0,0,REAL_NHL_API_OR_DERIVED_FROM_REAL
20252026,2025020819,2026-01-25,TOR,COL,0.568327,0.431673,TOR,0,COL,0,0,REAL_NHL_API_OR_DERIVED_FROM_REAL
20252026,2025020820,2026-01-25,SEA,NJD,0.518902,0.481098,SEA,1,SEA,1,0,REAL_NHL_API_OR_DERIVED_FROM_REAL
20252026,2025020821,2026-01-25,OTT,VGK,0.421907,0.578093,VGK,1,OTT,0,0,REAL_NHL_API_OR_DERIVED_FROM_REAL
20252026,2025020822,2026-01-25,VAN,PIT,0.417737,0.582263,PIT,0,PIT,1,0,REAL_NHL_API_OR_DERIVED_FROM_REAL
20252026,2025020823,2026-01-25,CHI,FLA,0.499356,0.500644,FLA,0,FLA,1,0,REAL_NHL_API_OR_DERIVED_FROM_REAL
20252026,2025020824,2026-01-25,CGY,ANA,0.547482,0.452518,CGY,0,ANA,0,0,REAL_NHL_API_OR_DERIVED_FROM_REAL
20252026,2025020825,2026-01-26,TBL,UTA,0.534292,0.465708,TBL,1,TBL,1,0,REAL_NHL_API_OR_DERIVED_FROM_REAL
20252026,2025020826,2026-01-26,NYR,BOS,0.504424,0.495576,NYR,1,NYR,1,0,REAL_NHL_API_OR_DERIVED_FROM_REAL
20252026,2025020827,2026-01-26,PHI,NYI,0.490485,0.509515,NYI,0,NYI,1,0,REAL_NHL_API_OR_DERIVED_FROM_REAL
20252026,2025020829,2026-01-26,EDM,ANA,0.627352,0.372648,EDM,1,EDM,1,0,REAL_NHL_API_OR_DERIVED_FROM_REAL
20252026,2025020830,2026-01-27,BOS,NSH,0.565253,0.434747,BOS,1,BOS,1,0,REAL_NHL_API_OR_DERIVED_FROM_REAL
20252026,2025020831,2026-01-27,TOR,BUF,0.680667,0.319333,TOR,0,BUF,0,0,REAL_NHL_API_OR_DERIVED_FROM_REAL
20252026,2025020832,2026-01-27,MTL,VGK,0.510311,0.489689,MTL,1,MTL,1,0,REAL_NHL_API_OR_DERIVED_FROM_REAL
20252026,2025020833,2026-01-27,DET,LAK,0.566508,0.433492,DET,0,LAK,0,0,REAL_NHL_API_OR_DERIVED_FROM_REAL
20252026,2025020834,2026-01-27,FLA,UTA,0.582137,0.417863,FLA,0,UTA,0,0,REAL_NHL_API_OR_DERIVED_FROM_REAL
20252026,2025020835,2026-01-27,NJD,WPG,0.533334,0.466666,NJD,0,WPG,0,0,REAL_NHL_API_OR_DERIVED_FROM_REAL
20252026,2025020836,2026-01-27,STL,DAL,0.468796,0.531204,DAL,0,DAL,1,0,REAL_NHL_API_OR_DERIVED_FROM_REAL
20252026,2025020837,2026-01-27,MIN,CHI,0.705541,0.294459,MIN,1,MIN,1,0,REAL_NHL_API_OR_DERIVED_FROM_REAL
20252026,2025020838,2026-01-27,VAN,SJS,0.404034,0.595966,SJS,0,SJS,1,0,REAL_NHL_API_OR_DERIVED_FROM_REAL
20252026,2025020839,2026-01-27,SEA,WSH,0.506456,0.493544,SEA,1,SEA,1,0,REAL_NHL_API_OR_DERIVED_FROM_REAL
20252026,2025020840,2026-01-28,CBJ,PHI,0.622742,0.377258,CBJ,1,CBJ,1,0,REAL_NHL_API_OR_DERIVED_FROM_REAL
20252026,2025020841,2026-01-28,OTT,COL,0.522823,0.477177,OTT,1,OTT,1,0,REAL_NHL_API_OR_DERIVED_FROM_REAL
20252026,2025020842,2026-01-28,NYI,NYR,0.475047,0.524953,NYR,1,NYI,0,0,REAL_NHL_API_OR_DERIVED_FROM_REAL
20252026,2025020843,2026-01-29,BOS,PHI,0.778314,0.221686,BOS,1,BOS,1,0,REAL_NHL_API_OR_DERIVED_FROM_REAL
20252026,2025020844,2026-01-29,BUF,LAK,0.581525,0.418475,BUF,1,BUF,1,0,REAL_NHL_API_OR_DERIVED_FROM_REAL
20252026,2025020845,2026-01-29,MTL,COL,0.562406,0.437594,MTL,1,MTL,1,0,REAL_NHL_API_OR_DERIVED_FROM_REAL
20252026,2025020846,2026-01-29,DET,WSH,0.540556,0.459444,DET,0,WSH,0,0,REAL_NHL_API_OR_DERIVED_FROM_REAL
20252026,2025020847,2026-01-29,TBL,WPG,0.55853,0.44147,TBL,1,TBL,1,0,REAL_NHL_API_OR_DERIVED_FROM_REAL
20252026,2025020848,2026-01-29,NJD,NSH,0.496672,0.503328,NSH,1,NJD,0,0,REAL_NHL_API_OR_DERIVED_FROM_REAL
20252026,2025020849,2026-01-29,NYR,NYI,0.555441,0.444559,NYR,0,NYI,0,0,REAL_NHL_API_OR_DERIVED_FROM_REAL
20252026,2025020850,2026-01-29,PIT,CHI,0.629279,0.370721,PIT,1,PIT,1,0,REAL_NHL_API_OR_DERIVED_FROM_REAL
20252026,2025020851,2026-01-29,CAR,UTA,0.596424,0.403576,CAR,1,CAR,1,0,REAL_NHL_API_OR_DERIVED_FROM_REAL
20252026,2025020852,2026-01-29,STL,FLA,0.502687,0.497313,STL,1,STL,1,0,REAL_NHL_API_OR_DERIVED_FROM_REAL
20252026,2025020853,2026-01-29,MIN,CGY,0.588144,0.411856,MIN,1,MIN,1,0,REAL_NHL_API_OR_DERIVED_FROM_REAL
20252026,2025020854,2026-01-29,EDM,SJS,0.621932,0.378068,EDM,1,EDM,1,0,REAL_NHL_API_OR_DERIVED_FROM_REAL
20252026,2025020855,2026-01-29,VAN,ANA,0.319053,0.680947,ANA,1,VAN,0,0,REAL_NHL_API_OR_DERIVED_FROM_REAL
20252026,2025020856,2026-01-29,VGK,DAL,0.548823,0.451177,VGK,0,DAL,0,0,REAL_NHL_API_OR_DERIVED_FROM_REAL
20252026,2025020857,2026-01-29,SEA,TOR,0.540404,0.459596,SEA,1,SEA,1,0,REAL_NHL_API_OR_DERIVED_FROM_REAL
20252026,2025020858,2026-01-30,CHI,CBJ,0.466526,0.533474,CBJ,0,CBJ,1,0,REAL_NHL_API_OR_DERIVED_FROM_REAL
20252026,2025020859,2026-01-31,PHI,LAK,0.530503,0.469497,PHI,0,LAK,0,0,REAL_NHL_API_OR_DERIVED_FROM_REAL
20252026,2025020860,2026-01-31,DET,COL,0.379313,0.620687,COL,0,COL,1,0,REAL_NHL_API_OR_DERIVED_FROM_REAL
20252026,2025020861,2026-01-31,PIT,NYR,0.591002,0.408998,PIT,1,PIT,1,0,REAL_NHL_API_OR_DERIVED_FROM_REAL
20252026,2025020862,2026-01-31,FLA,WPG,0.551546,0.448454,FLA,0,WPG,0,0,REAL_NHL_API_OR_DERIVED_FROM_REAL
20252026,2025020863,2026-01-31,CGY,SJS,0.519881,0.480119,CGY,1,CGY,1,0,REAL_NHL_API_OR_DERIVED_FROM_REAL
20252026,2025020864,2026-01-31,WSH,CAR,0.534439,0.465561,WSH,1,WSH,1,0,REAL_NHL_API_OR_DERIVED_FROM_REAL
20252026,2025020865,2026-01-31,BUF,MTL,0.548196,0.451804,BUF,0,MTL,0,0,REAL_NHL_API_OR_DERIVED_FROM_REAL
20252026,2025020866,2026-01-31,OTT,NJD,0.587728,0.412272,OTT,1,OTT,1,0,REAL_NHL_API_OR_DERIVED_FROM_REAL
20252026,2025020867,2026-01-31,NYI,NSH,0.494476,0.505524,NSH,0,NSH,1,0,REAL_NHL_API_OR_DERIVED_FROM_REAL
20252026,2025020868,2026-01-31,STL,CBJ,0.462432,0.537568,CBJ,0,CBJ,1,0,REAL_NHL_API_OR_DERIVED_FROM_REAL
20252026,2025020869,2026-01-31,VAN,TOR,0.551668,0.448332,VAN,0,TOR,0,0,REAL_NHL_API_OR_DERIVED_FROM_REAL
20252026,2025020870,2026-01-31,UTA,DAL,0.50788,0.49212,UTA,0,DAL,0,0,REAL_NHL_API_OR_DERIVED_FROM_REAL
20252026,2025020871,2026-01-31,EDM,MIN,0.337749,0.662251,MIN,0,MIN,1,0,REAL_NHL_API_OR_DERIVED_FROM_REAL
20252026,2025020872,2026-01-31,VGK,SEA,0.561664,0.438336,VGK,0,SEA,0,0,REAL_NHL_API_OR_DERIVED_FROM_REAL
20252026,2025020873,2026-02-01,TBL,BOS,0.544711,0.455289,TBL,1,TBL,1,0,REAL_NHL_API_OR_DERIVED_FROM_REAL
20252026,2025020874,2026-02-01,CAR,LAK,0.545343,0.454657,CAR,1,CAR,1,0,REAL_NHL_API_OR_DERIVED_FROM_REAL
20252026,2025020875,2026-02-01,ANA,VGK,0.550665,0.449335,ANA,1,ANA,1,0,REAL_NHL_API_OR_DERIVED_FROM_REAL
20252026,2025020876,2026-02-02,FLA,BUF,0.579748,0.420252,FLA,0,BUF,0,0,REAL_NHL_API_OR_DERIVED_FROM_REAL
20252026,2025020877,2026-02-02,PIT,OTT,0.5534,0.4466,PIT,0,OTT,0,0,REAL_NHL_API_OR_DERIVED_FROM_REAL
20252026,2025020878,2026-02-02,WSH,NYI,0.580195,0.419805,WSH,1,WSH,1,0,REAL_NHL_API_OR_DERIVED_FROM_REAL
20252026,2025020879,2026-02-02,MIN,MTL,0.62944,0.37056,MIN,1,MIN,1,0,REAL_NHL_API_OR_DERIVED_FROM_REAL
20252026,2025020880,2026-02-02,NSH,STL,0.358104,0.641896,STL,1,NSH,0,0,REAL_NHL_API_OR_DERIVED_FROM_REAL
20252026,2025020881,2026-02-02,CHI,SJS,0.713855,0.286145,CHI,1,CHI,1,0,REAL_NHL_API_OR_DERIVED_FROM_REAL
20252026,2025020882,2026-02-02,DAL,WPG,0.564326,0.435674,DAL,1,DAL,1,0,REAL_NHL_API_OR_DERIVED_FROM_REAL
20252026,2025020883,2026-02-02,COL,DET,0.551141,0.448859,COL,0,DET,0,0,REAL_NHL_API_OR_DERIVED_FROM_REAL
20252026,2025020884,2026-02-02,UTA,VAN,0.621817,0.378183,UTA,1,UTA,1,0,REAL_NHL_API_OR_DERIVED_FROM_REAL
20252026,2025020885,2026-02-02,CGY,TOR,0.470274,0.529726,TOR,0,TOR,1,0,REAL_NHL_API_OR_DERIVED_FROM_REAL
20252026,2025020886,2026-02-03,TBL,BUF,0.529175,0.470825,TBL,1,TBL,1,0,REAL_NHL_API_OR_DERIVED_FROM_REAL
20252026,2025020887,2026-02-03,NJD,CBJ,0.508064,0.491936,NJD,0,CBJ,0,0,REAL_NHL_API_OR_DERIVED_FROM_REAL
20252026,2025020888,2026-02-03,NYI,PIT,0.532635,0.467365,NYI,1,NYI,1,0,REAL_NHL_API_OR_DERIVED_FROM_REAL
20252026,2025020889,2026-02-03,PHI,WSH,0.465399,0.534601,WSH,1,PHI,0,0,REAL_NHL_API_OR_DERIVED_FROM_REAL
20252026,2025020890,2026-02-03,CAR,OTT,0.538316,0.461684,CAR,1,CAR,1,0,REAL_NHL_API_OR_DERIVED_FROM_REAL
20252026,2025020891,2026-02-03,EDM,TOR,0.591402,0.408598,EDM,0,TOR,0,0,REAL_NHL_API_OR_DERIVED_FROM_REAL
20252026,2025020892,2026-02-03,ANA,SEA,0.50488,0.49512,ANA,1,ANA,1,0,REAL_NHL_API_OR_DERIVED_FROM_REAL
20252026,2025020893,2026-02-04,FLA,BOS,0.496406,0.503594,BOS,1,FLA,0,0,REAL_NHL_API_OR_DERIVED_FROM_REAL
20252026,2025020894,2026-02-04,CBJ,CHI,0.630358,0.369642,CBJ,1,CBJ,1,0,REAL_NHL_API_OR_DERIVED_FROM_REAL
20252026,2025020895,2026-02-04,WPG,MTL,0.503737,0.496263,WPG,0,MTL,0,0,REAL_NHL_API_OR_DERIVED_FROM_REAL
20252026,2025020896,2026-02-04,NSH,MIN,0.524705,0.475295,NSH,0,MIN,0,0,REAL_NHL_API_OR_DERIVED_FROM_REAL
20252026,2025020897,2026-02-04,COL,SJS,0.615735,0.384265,COL,1,COL,1,0,REAL_NHL_API_OR_DERIVED_FROM_REAL
20252026,2025020898,2026-02-04,UTA,DET,0.623584,0.376416,UTA,1,UTA,1,0,REAL_NHL_API_OR_DERIVED_FROM_REAL
20252026,2025020899,2026-02-04,DAL,STL,0.608282,0.391718,DAL,1,DAL,1,0,REAL_NHL_API_OR_DERIVED_FROM_REAL
20252026,2025020900,2026-02-04,CGY,EDM,0.447624,0.552376,EDM,1,CGY,0,0,REAL_NHL_API_OR_DERIVED_FROM_REAL
20252026,2025020901,2026-02-04,VGK,VAN,0.661156,0.338844,VGK,1,VGK,1,0,REAL_NHL_API_OR_DERIVED_FROM_REAL
20252026,2025020902,2026-02-04,LAK,SEA,0.504544,0.495456,LAK,0,SEA,0,0,REAL_NHL_API_OR_DERIVED_FROM_REAL
20252026,2025020903,2026-02-05,BUF,PIT,0.522789,0.477211,BUF,0,PIT,0,0,REAL_NHL_API_OR_DERIVED_FROM_REAL
20252026,2025020904,2026-02-05,TBL,FLA,0.636991,0.363009,TBL,1,TBL,1,0,REAL_NHL_API_OR_DERIVED_FROM_REAL
20252026,2025020905,2026-02-05,NJD,NYI,0.487833,0.512167,NYI,0,NYI,1,0,REAL_NHL_API_OR_DERIVED_FROM_REAL
20252026,2025020906,2026-02-05,NYR,CAR,0.515556,0.484444,NYR,0,CAR,0,0,REAL_NHL_API_OR_DERIVED_FROM_REAL
20252026,2025020907,2026-02-05,PHI,OTT,0.45357,0.54643,OTT,0,OTT,1,0,REAL_NHL_API_OR_DERIVED_FROM_REAL
20252026,2025020908,2026-02-05,WSH,NSH,0.52592,0.47408,WSH,1,WSH,1,0,REAL_NHL_API_OR_DERIVED_FROM_REAL
20252026,2025020909,2026-02-05,VGK,LAK,0.561274,0.438726,VGK,1,VGK,1,0,REAL_NHL_API_OR_DERIVED_FROM_REAL
20252026,2025020910,2026-02-25,NJD,BUF,0.517357,0.482643,NJD,0,BUF,0,0,REAL_NHL_API_OR_DERIVED_FROM_REAL
20252026,2025020911,2026-02-25,WSH,PHI,0.595663,0.404337,WSH,1,WSH,1,0,REAL_NHL_API_OR_DERIVED_FROM_REAL
20252026,2025020912,2026-02-25,TBL,TOR,0.594708,0.405292,TBL,1,TBL,1,0,REAL_NHL_API_OR_DERIVED_FROM_REAL
20252026,2025020913,2026-02-25,DAL,SEA,0.557598,0.442402,DAL,1,DAL,1,0,REAL_NHL_API_OR_DERIVED_FROM_REAL
20252026,2025020914,2026-02-25,UTA,COL,0.604093,0.395907,UTA,0,COL,0,0,REAL_NHL_API_OR_DERIVED_FROM_REAL
20252026,2025020915,2026-02-25,VAN,WPG,0.491446,0.508554,WPG,0,WPG,1,0,REAL_NHL_API_OR_DERIVED_FROM_REAL
20252026,2025020916,2026-02-25,LAK,VGK,0.560097,0.439903,LAK,0,VGK,0,0,REAL_NHL_API_OR_DERIVED_FROM_REAL
20252026,2025020917,2026-02-25,ANA,EDM,0.707477,0.292523,ANA,1,ANA,1,0,REAL_NHL_API_OR_DERIVED_FROM_REAL
20252026,2025020918,2026-02-26,BOS,CBJ,0.363921,0.636079,CBJ,1,BOS,0,0,REAL_NHL_API_OR_DERIVED_FROM_REAL
20252026,2025020919,2026-02-26,MTL,NYI,0.601106,0.398894,MTL,0,NYI,0,0,REAL_NHL_API_OR_DERIVED_FROM_REAL
20252026,2025020920,2026-02-26,OTT,DET,0.651477,0.348523,OTT,0,DET,0,0,REAL_NHL_API_OR_DERIVED_FROM_REAL
20252026,2025020921,2026-02-26,FLA,TOR,0.525854,0.474146,FLA,1,FLA,1,0,REAL_NHL_API_OR_DERIVED_FROM_REAL
20252026,2025020922,2026-02-26,PIT,NJD,0.591973,0.408027,PIT,1,PIT,1,0,REAL_NHL_API_OR_DERIVED_FROM_REAL
20252026,2025020923,2026-02-26,CAR,TBL,0.491758,0.508242,TBL,1,CAR,0,0,REAL_NHL_API_OR_DERIVED_FROM_REAL
20252026,2025020924,2026-02-26,NYR,PHI,0.593685,0.406315,NYR,0,PHI,0,0,REAL_NHL_API_OR_DERIVED_FROM_REAL
20252026,2025020925,2026-02-26,STL,SEA,0.580345,0.419655,STL,1,STL,1,0,REAL_NHL_API_OR_DERIVED_FROM_REAL
20252026,2025020926,2026-02-26,NSH,CHI,0.646266,0.353734,NSH,1,NSH,1,0,REAL_NHL_API_OR_DERIVED_FROM_REAL
20252026,2025020927,2026-02-26,COL,MIN,0.715256,0.284744,COL,0,MIN,0,0,REAL_NHL_API_OR_DERIVED_FROM_REAL
20252026,2025020928,2026-02-26,SJS,CGY,0.484779,0.515221,CGY,0,CGY,1,0,REAL_NHL_API_OR_DERIVED_FROM_REAL
20252026,2025020929,2026-02-26,LAK,EDM,0.332805,0.667195,EDM,0,EDM,1,0,REAL_NHL_API_OR_DERIVED_FROM_REAL
20252026,2025020930,2026-02-27,FLA,BUF,0.550067,0.449933,FLA,0,BUF,0,0,REAL_NHL_API_OR_DERIVED_FROM_REAL
20252026,2025020931,2026-02-27,WSH,VGK,0.524454,0.475546,WSH,1,WSH,1,0,REAL_NHL_API_OR_DERIVED_FROM_REAL
20252026,2025020932,2026-02-27,UTA,MIN,0.537869,0.462131,UTA,1,UTA,1,0,REAL_NHL_API_OR_DERIVED_FROM_REAL
20252026,2025020933,2026-02-27,ANA,WPG,0.540528,0.459472,ANA,1,ANA,1,0,REAL_NHL_API_OR_DERIVED_FROM_REAL
20252026,2025020934,2026-02-28,NYR,PIT,0.54864,0.45136,NYR,1,NYR,1,0,REAL_NHL_API_OR_DERIVED_FROM_REAL
20252026,2025020935,2026-02-28,PHI,BOS,0.443085,0.556915,BOS,1,PHI,0,0,REAL_NHL_API_OR_DERIVED_FROM_REAL
20252026,2025020936,2026-02-28,SJS,EDM,0.399388,0.600612,EDM,1,SJS,0,0,REAL_NHL_API_OR_DERIVED_FROM_REAL
20252026,2025020937,2026-02-28,CBJ,NYI,0.534428,0.465572,CBJ,0,NYI,0,0,REAL_NHL_API_OR_DERIVED_FROM_REAL
20252026,2025020938,2026-02-28,COL,CHI,0.644404,0.355596,COL,1,COL,1,0,REAL_NHL_API_OR_DERIVED_FROM_REAL
20252026,2025020939,2026-02-28,TOR,OTT,0.33573,0.66427,OTT,0,OTT,1,0,REAL_NHL_API_OR_DERIVED_FROM_REAL
20252026,2025020940,2026-02-28,MTL,WSH,0.571198,0.428802,MTL,1,MTL,1,0,REAL_NHL_API_OR_DERIVED_FROM_REAL
20252026,2025020941,2026-02-28,TBL,BUF,0.393217,0.606783,BUF,0,BUF,1,0,REAL_NHL_API_OR_DERIVED_FROM_REAL
20252026,2025020942,2026-02-28,CAR,DET,0.612298,0.387702,CAR,1,CAR,1,0,REAL_NHL_API_OR_DERIVED_FROM_REAL
20252026,2025020943,2026-02-28,STL,NJD,0.591586,0.408414,STL,0,NJD,0,0,REAL_NHL_API_OR_DERIVED_FROM_REAL
20252026,2025020944,2026-02-28,LAK,CGY,0.515539,0.484461,LAK,1,LAK,1,0,REAL_NHL_API_OR_DERIVED_FROM_REAL
20252026,2025020945,2026-02-28,DAL,NSH,0.521139,0.478861,DAL,1,DAL,1,0,REAL_NHL_API_OR_DERIVED_FROM_REAL
20252026,2025020946,2026-02-28,SEA,VAN,0.600442,0.399558,SEA,1,SEA,1,0,REAL_NHL_API_OR_DERIVED_FROM_REAL
20252026,2025020947,2026-03-01,PIT,VGK,0.580901,0.419099,PIT,1,PIT,1,0,REAL_NHL_API_OR_DERIVED_FROM_REAL
20252026,2025020948,2026-03-01,NYI,FLA,0.586127,0.413873,NYI,1,NYI,1,0,REAL_NHL_API_OR_DERIVED_FROM_REAL
20252026,2025020949,2026-03-01,UTA,CHI,0.630848,0.369152,UTA,0,CHI,0,0,REAL_NHL_API_OR_DERIVED_FROM_REAL
20252026,2025020950,2026-03-01,SJS,WPG,0.478186,0.521814,WPG,1,SJS,0,0,REAL_NHL_API_OR_DERIVED_FROM_REAL
20252026,2025020951,2026-03-01,MIN,STL,0.572573,0.427427,MIN,0,STL,0,0,REAL_NHL_API_OR_DERIVED_FROM_REAL
20252026,2025020952,2026-03-01,ANA,CGY,0.564495,0.435505,ANA,1,ANA,1,0,REAL_NHL_API_OR_DERIVED_FROM_REAL
20252026,2025020953,2026-03-02,NYR,CBJ,0.573018,0.426982,NYR,0,CBJ,0,0,REAL_NHL_API_OR_DERIVED_FROM_REAL
20252026,2025020954,2026-03-02,TOR,PHI,0.630096,0.369904,TOR,0,PHI,0,0,REAL_NHL_API_OR_DERIVED_FROM_REAL
20252026,2025020955,2026-03-02,NSH,DET,0.791688,0.208312,NSH,0,DET,0,0,REAL_NHL_API_OR_DERIVED_FROM_REAL
20252026,2025020956,2026-03-02,VAN,DAL,0.495793,0.504207,DAL,0,DAL,1,0,REAL_NHL_API_OR_DERIVED_FROM_REAL
20252026,2025020957,2026-03-02,SEA,CAR,0.514951,0.485049,SEA,1,SEA,1,0,REAL_NHL_API_OR_DERIVED_FROM_REAL
20252026,2025020958,2026-03-02,LAK,COL,0.495877,0.504123,COL,0,COL,1,0,REAL_NHL_API_OR_DERIVED_FROM_REAL
20252026,2025020959,2026-03-03,BOS,PIT,0.58475,0.41525,BOS,1,BOS,1,0,REAL_NHL_API_OR_DERIVED_FROM_REAL
20252026,2025020960,2026-03-03,BUF,VGK,0.591809,0.408191,BUF,1,BUF,1,0,REAL_NHL_API_OR_DERIVED_FROM_REAL
20252026,2025020961,2026-03-03,NJD,FLA,0.527504,0.472496,NJD,1,NJD,1,0,REAL_NHL_API_OR_DERIVED_FROM_REAL
20252026,2025020962,2026-03-03,WSH,UTA,0.483919,0.516081,UTA,0,UTA,1,0,REAL_NHL_API_OR_DERIVED_FROM_REAL
20252026,2025020963,2026-03-03,CBJ,NSH,0.329257,0.670743,NSH,1,CBJ,0,0,REAL_NHL_API_OR_DERIVED_FROM_REAL
20252026,2025020964,2026-03-03,WPG,CHI,0.620178,0.379822,WPG,1,WPG,1,0,REAL_NHL_API_OR_DERIVED_FROM_REAL
20252026,2025020965,2026-03-03,CGY,DAL,0.310254,0.689746,DAL,0,DAL,1,0,REAL_NHL_API_OR_DERIVED_FROM_REAL
20252026,2025020966,2026-03-03,EDM,OTT,0.595881,0.404119,EDM,1,EDM,1,0,REAL_NHL_API_OR_DERIVED_FROM_REAL
20252026,2025020967,2026-03-03,MIN,TBL,0.530088,0.469912,MIN,1,MIN,1,0,REAL_NHL_API_OR_DERIVED_FROM_REAL
20252026,2025020968,2026-03-03,ANA,COL,0.517872,0.482128,ANA,0,COL,0,0,REAL_NHL_API_OR_DERIVED_FROM_REAL
20252026,2025020969,2026-03-03,SJS,MTL,0.416677,0.583323,MTL,1,SJS,0,0,REAL_NHL_API_OR_DERIVED_FROM_REAL
20252026,2025020970,2026-03-04,DET,VGK,0.561942,0.438058,DET,0,VGK,0,0,REAL_NHL_API_OR_DERIVED_FROM_REAL
20252026,2025020971,2026-03-04,NJD,TOR,0.504818,0.495182,NJD,1,NJD,1,0,REAL_NHL_API_OR_DERIVED_FROM_REAL
20252026,2025020972,2026-03-04,VAN,CAR,0.270076,0.729924,CAR,0,CAR,1,0,REAL_NHL_API_OR_DERIVED_FROM_REAL
20252026,2025020973,2026-03-04,ANA,NYI,0.505243,0.494757,ANA,1,ANA,1,0,REAL_NHL_API_OR_DERIVED_FROM_REAL
20252026,2025020974,2026-03-04,SEA,STL,0.49948,0.50052,STL,0,STL,1,0,REAL_NHL_API_OR_DERIVED_FROM_REAL
20252026,2025020975,2026-03-05,NYR,TOR,0.528164,0.471836,NYR,1,NYR,1,0,REAL_NHL_API_OR_DERIVED_FROM_REAL
20252026,2025020976,2026-03-05,PHI,UTA,0.527185,0.472815,PHI,0,UTA,0,0,REAL_NHL_API_OR_DERIVED_FROM_REAL
20252026,2025020977,2026-03-05,PIT,BUF,0.541166,0.458834,PIT,0,BUF,0,0,REAL_NHL_API_OR_DERIVED_FROM_REAL
20252026,2025020978,2026-03-05,CBJ,FLA,0.561613,0.438387,CBJ,1,CBJ,1,0,REAL_NHL_API_OR_DERIVED_FROM_REAL
20252026,2025020979,2026-03-05,NSH,BOS,0.486568,0.513432,BOS,1,NSH,0,0,REAL_NHL_API_OR_DERIVED_FROM_REAL
20252026,2025020980,2026-03-05,WPG,TBL,0.563184,0.436816,WPG,1,WPG,1,0,REAL_NHL_API_OR_DERIVED_FROM_REAL
20252026,2025020981,2026-03-05,CGY,OTT,0.511061,0.488939,CGY,0,OTT,0,0,REAL_NHL_API_OR_DERIVED_FROM_REAL
20252026,2025020982,2026-03-05,LAK,NYI,0.518153,0.481847,LAK,1,LAK,1,0,REAL_NHL_API_OR_DERIVED_FROM_REAL
20252026,2025020983,2026-03-06,DET,FLA,0.526382,0.473618,DET,0,FLA,0,0,REAL_NHL_API_OR_DERIVED_FROM_REAL
20252026,2025020984,2026-03-06,DAL,COL,0.735349,0.264651,DAL,0,COL,0,0,REAL_NHL_API_OR_DERIVED_FROM_REAL
20252026,2025020985,2026-03-06,CHI,VAN,0.478211,0.521789,VAN,0,VAN,1,0,REAL_NHL_API_OR_DERIVED_FROM_REAL
20252026,2025020986,2026-03-06,EDM,CAR,0.543658,0.456342,EDM,0,CAR,0,0,REAL_NHL_API_OR_DERIVED_FROM_REAL
20252026,2025020987,2026-03-06,ANA,MTL,0.563324,0.436676,ANA,1,ANA,1,0,REAL_NHL_API_OR_DERIVED_FROM_REAL
20252026,2025020988,2026-03-06,VGK,MIN,0.559984,0.440016,VGK,0,MIN,0,0,REAL_NHL_API_OR_DERIVED_FROM_REAL
20252026,2025020989,2026-03-06,SJS,STL,0.522884,0.477116,SJS,0,STL,0,0,REAL_NHL_API_OR_DERIVED_FROM_REAL
20252026,2025020990,2026-03-07,BOS,WSH,0.543621,0.456379,BOS,1,BOS,1,0,REAL_NHL_API_OR_DERIVED_FROM_REAL
20252026,2025020991,2026-03-07,NJD,NYR,0.563817,0.436183,NJD,1,NJD,1,0,REAL_NHL_API_OR_DERIVED_FROM_REAL
20252026,2025020992,2026-03-07,BUF,NSH,0.594525,0.405475,BUF,1,BUF,1,0,REAL_NHL_API_OR_DERIVED_FROM_REAL
20252026,2025020993,2026-03-07,PIT,PHI,0.528748,0.471252,PIT,0,PHI,0,0,REAL_NHL_API_OR_DERIVED_FROM_REAL
20252026,2025020994,2026-03-07,TOR,TBL,0.544001,0.455999,TOR,0,TBL,0,0,REAL_NHL_API_OR_DERIVED_FROM_REAL
20252026,2025020995,2026-03-07,CBJ,UTA,0.554803,0.445197,CBJ,0,UTA,0,0,REAL_NHL_API_OR_DERIVED_FROM_REAL
20252026,2025020996,2026-03-07,WPG,VAN,0.604505,0.395495,WPG,1,WPG,1,0,REAL_NHL_API_OR_DERIVED_FROM_REAL
20252026,2025020997,2026-03-07,LAK,MTL,0.523268,0.476732,LAK,0,MTL,0,0,REAL_NHL_API_OR_DERIVED_FROM_REAL
20252026,2025020998,2026-03-07,CGY,CAR,0.439554,0.560446,CAR,1,CGY,0,0,REAL_NHL_API_OR_DERIVED_FROM_REAL
20252026,2025020999,2026-03-07,SJS,NYI,0.482274,0.517726,NYI,0,NYI,1,0,REAL_NHL_API_OR_DERIVED_FROM_REAL
20252026,2025021000,2026-03-07,SEA,OTT,0.505196,0.494804,SEA,0,OTT,0,0,REAL_NHL_API_OR_DERIVED_FROM_REAL
20252026,2025021001,2026-03-08,COL,MIN,0.598164,0.401836,COL,1,COL,1,0,REAL_NHL_API_OR_DERIVED_FROM_REAL
20252026,2025021002,2026-03-08,PIT,BOS,0.504426,0.495574,PIT,1,PIT,1,0,REAL_NHL_API_OR_DERIVED_FROM_REAL
20252026,2025021003,2026-03-08,BUF,TBL,0.59691,0.40309,BUF,1,BUF,1,0,REAL_NHL_API_OR_DERIVED_FROM_REAL
20252026,2025021004,2026-03-08,DAL,CHI,0.677987,0.322013,DAL,1,DAL,1,0,REAL_NHL_API_OR_DERIVED_FROM_REAL
20252026,2025021005,2026-03-08,NJD,DET,0.731734,0.268266,NJD,0,DET,0,0,REAL_NHL_API_OR_DERIVED_FROM_REAL
20252026,2025021006,2026-03-08,ANA,STL,0.506827,0.493173,ANA,0,STL,0,0,REAL_NHL_API_OR_DERIVED_FROM_REAL
20252026,2025021007,2026-03-08,VGK,EDM,0.455917,0.544083,EDM,0,EDM,1,0,REAL_NHL_API_OR_DERIVED_FROM_REAL
20252026,2025020828,2026-03-09,CBJ,LAK,0.596191,0.403809,CBJ,0,LAK,0,0,REAL_NHL_API_OR_DERIVED_FROM_REAL
20252026,2025021008,2026-03-09,PHI,NYR,0.308755,0.691245,NYR,0,NYR,1,0,REAL_NHL_API_OR_DERIVED_FROM_REAL
20252026,2025021009,2026-03-09,WSH,CGY,0.581429,0.418571,WSH,1,WSH,1,0,REAL_NHL_API_OR_DERIVED_FROM_REAL
20252026,2025021010,2026-03-09,CHI,UTA,0.516218,0.483782,CHI,1,CHI,1,0,REAL_NHL_API_OR_DERIVED_FROM_REAL
20252026,2025021011,2026-03-09,VAN,OTT,0.486149,0.513851,OTT,0,OTT,1,0,REAL_NHL_API_OR_DERIVED_FROM_REAL
20252026,2025021012,2026-03-10,BOS,LAK,0.536578,0.463422,BOS,1,BOS,1,0,REAL_NHL_API_OR_DERIVED_FROM_REAL
20252026,2025021013,2026-03-10,BUF,SJS,0.627762,0.372238,BUF,1,BUF,1,0,REAL_NHL_API_OR_DERIVED_FROM_REAL
20252026,2025021014,2026-03-10,MTL,TOR,0.616882,0.383118,MTL,1,MTL,1,0,REAL_NHL_API_OR_DERIVED_FROM_REAL
20252026,2025021015,2026-03-10,TBL,CBJ,0.532926,0.467074,TBL,0,CBJ,0,0,REAL_NHL_API_OR_DERIVED_FROM_REAL
20252026,2025021016,2026-03-10,FLA,DET,0.545745,0.454255,FLA,1,FLA,1,0,REAL_NHL_API_OR_DERIVED_FROM_REAL
20252026,2025021017,2026-03-10,NYR,CGY,0.597742,0.402258,NYR,1,NYR,1,0,REAL_NHL_API_OR_DERIVED_FROM_REAL
20252026,2025021018,2026-03-10,CAR,PIT,0.640015,0.359985,CAR,1,CAR,1,0,REAL_NHL_API_OR_DERIVED_FROM_REAL
20252026,2025021019,2026-03-10,STL,NYI,0.611612,0.388388,STL,0,NYI,0,0,REAL_NHL_API_OR_DERIVED_FROM_REAL
20252026,2025021020,2026-03-10,DAL,VGK,0.606098,0.393902,DAL,1,DAL,1,0,REAL_NHL_API_OR_DERIVED_FROM_REAL
20252026,2025021021,2026-03-10,MIN,UTA,0.570775,0.429225,MIN,1,MIN,1,0,REAL_NHL_API_OR_DERIVED_FROM_REAL
20252026,2025021022,2026-03-10,WPG,ANA,0.589957,0.410043,WPG,0,ANA,0,0,REAL_NHL_API_OR_DERIVED_FROM_REAL
20252026,2025021023,2026-03-10,COL,EDM,0.703571,0.296429,COL,0,EDM,0,0,REAL_NHL_API_OR_DERIVED_FROM_REAL
20252026,2025021024,2026-03-10,SEA,NSH,0.544937,0.455063,SEA,0,NSH,0,0,REAL_NHL_API_OR_DERIVED_FROM_REAL
20252026,2025021025,2026-03-11,OTT,MTL,0.552713,0.447287,OTT,0,MTL,0,0,REAL_NHL_API_OR_DERIVED_FROM_REAL
20252026,2025021026,2026-03-11,PHI,WSH,0.488044,0.511956,WSH,1,PHI,0,0,REAL_NHL_API_OR_DERIVED_FROM_REAL
20252026,2025021027,2026-03-12,BOS,SJS,0.629032,0.370968,BOS,0,SJS,0,0,REAL_NHL_API_OR_DERIVED_FROM_REAL
20252026,2025021028,2026-03-12,BUF,WSH,0.602513,0.397487,BUF,0,WSH,0,0,REAL_NHL_API_OR_DERIVED_FROM_REAL
20252026,2025021029,2026-03-12,TOR,ANA,0.541393,0.458607,TOR,1,TOR,1,0,REAL_NHL_API_OR_DERIVED_FROM_REAL
20252026,2025021030,2026-03-12,TBL,DET,0.549572,0.450428,TBL,1,TBL,1,0,REAL_NHL_API_OR_DERIVED_FROM_REAL
20252026,2025021031,2026-03-12,FLA,CBJ,0.57169,0.42831,FLA,1,FLA,1,0,REAL_NHL_API_OR_DERIVED_FROM_REAL
20252026,2025021032,2026-03-12,NJD,CGY,0.594888,0.405112,NJD,0,CGY,0,0,REAL_NHL_API_OR_DERIVED_FROM_REAL
20252026,2025021033,2026-03-12,CAR,STL,0.556893,0.443107,CAR,0,STL,0,0,REAL_NHL_API_OR_DERIVED_FROM_REAL
20252026,2025021034,2026-03-12,DAL,EDM,0.561959,0.438041,DAL,1,DAL,1,0,REAL_NHL_API_OR_DERIVED_FROM_REAL
20252026,2025021035,2026-03-12,MIN,PHI,0.593968,0.406032,MIN,0,PHI,0,0,REAL_NHL_API_OR_DERIVED_FROM_REAL
20252026,2025021036,2026-03-12,WPG,NYR,0.520802,0.479198,WPG,0,NYR,0,0,REAL_NHL_API_OR_DERIVED_FROM_REAL
20252026,2025021037,2026-03-12,UTA,CHI,0.564579,0.435421,UTA,0,CHI,0,0,REAL_NHL_API_OR_DERIVED_FROM_REAL
20252026,2025021038,2026-03-12,VAN,NSH,0.493767,0.506233,NSH,1,VAN,0,0,REAL_NHL_API_OR_DERIVED_FROM_REAL
20252026,2025021039,2026-03-12,VGK,PIT,0.520913,0.479087,VGK,1,VGK,1,0,REAL_NHL_API_OR_DERIVED_FROM_REAL
20252026,2025021040,2026-03-12,SEA,COL,0.309359,0.690641,COL,0,COL,1,0,REAL_NHL_API_OR_DERIVED_FROM_REAL
20252026,2025021041,2026-03-13,NYI,LAK,0.496549,0.503451,LAK,0,LAK,1,0,REAL_NHL_API_OR_DERIVED_FROM_REAL
20252026,2025021042,2026-03-13,STL,EDM,0.586334,0.413666,STL,1,STL,1,0,REAL_NHL_API_OR_DERIVED_FROM_REAL
20252026,2025021043,2026-03-14,OTT,ANA,0.533721,0.466279,OTT,1,OTT,1,0,REAL_NHL_API_OR_DERIVED_FROM_REAL
20252026,2025021044,2026-03-14,WSH,BOS,0.525963,0.474037,WSH,0,BOS,0,0,REAL_NHL_API_OR_DERIVED_FROM_REAL
20252026,2025021045,2026-03-14,WPG,COL,0.528594,0.471406,WPG,1,WPG,1,0,REAL_NHL_API_OR_DERIVED_FROM_REAL
20252026,2025021046,2026-03-14,MIN,NYR,0.505211,0.494789,MIN,0,NYR,0,0,REAL_NHL_API_OR_DERIVED_FROM_REAL
20252026,2025021047,2026-03-14,BUF,TOR,0.60794,0.39206,BUF,1,BUF,1,0,REAL_NHL_API_OR_DERIVED_FROM_REAL
20252026,2025021048,2026-03-14,MTL,SJS,0.609628,0.390372,MTL,0,SJS,0,0,REAL_NHL_API_OR_DERIVED_FROM_REAL
20252026,2025021049,2026-03-14,TBL,CAR,0.532206,0.467794,TBL,0,CAR,0,0,REAL_NHL_API_OR_DERIVED_FROM_REAL
20252026,2025021050,2026-03-14,NJD,LAK,0.524624,0.475376,NJD,1,NJD,1,0,REAL_NHL_API_OR_DERIVED_FROM_REAL
20252026,2025021051,2026-03-14,NYI,CGY,0.723607,0.276393,NYI,1,NYI,1,0,REAL_NHL_API_OR_DERIVED_FROM_REAL
20252026,2025021052,2026-03-14,PHI,CBJ,0.493429,0.506571,CBJ,0,CBJ,1,0,REAL_NHL_API_OR_DERIVED_FROM_REAL
20252026,2025021053,2026-03-14,DAL,DET,0.65439,0.34561,DAL,1,DAL,1,0,REAL_NHL_API_OR_DERIVED_FROM_REAL
20252026,2025021054,2026-03-14,UTA,PIT,0.531104,0.468896,UTA,0,PIT,0,0,REAL_NHL_API_OR_DERIVED_FROM_REAL
20252026,2025021055,2026-03-14,VAN,SEA,0.563106,0.436894,VAN,0,SEA,0,0,REAL_NHL_API_OR_DERIVED_FROM_REAL
20252026,2025021056,2026-03-14,VGK,CHI,0.594814,0.405186,VGK,1,VGK,1,0,REAL_NHL_API_OR_DERIVED_FROM_REAL
20252026,2025021057,2026-03-15,WPG,STL,0.49731,0.50269,STL,1,WPG,0,0,REAL_NHL_API_OR_DERIVED_FROM_REAL
20252026,2025021058,2026-03-15,OTT,SJS,0.58072,0.41928,OTT,1,OTT,1,0,REAL_NHL_API_OR_DERIVED_FROM_REAL
20252026,2025021059,2026-03-15,MTL,ANA,0.527811,0.472189,MTL,0,ANA,0,0,REAL_NHL_API_OR_DERIVED_FROM_REAL
20252026,2025021060,2026-03-15,MIN,TOR,0.556152,0.443848,MIN,0,TOR,0,0,REAL_NHL_API_OR_DERIVED_FROM_REAL
20252026,2025021061,2026-03-15,EDM,NSH,0.561848,0.438152,EDM,1,EDM,1,0,REAL_NHL_API_OR_DERIVED_FROM_REAL
20252026,2025021062,2026-03-15,SEA,FLA,0.556745,0.443255,SEA,1,SEA,1,0,REAL_NHL_API_OR_DERIVED_FROM_REAL
20252026,2025021063,2026-03-16,DET,CGY,0.560624,0.439376,DET,1,DET,1,0,REAL_NHL_API_OR_DERIVED_FROM_REAL
20252026,2025021064,2026-03-16,NJD,BOS,0.548192,0.451808,NJD,1,NJD,1,0,REAL_NHL_API_OR_DERIVED_FROM_REAL
20252026,2025021065,2026-03-16,NYR,LAK,0.625531,0.374469,NYR,0,LAK,0,0,REAL_NHL_API_OR_DERIVED_FROM_REAL
20252026,2025021066,2026-03-16,DAL,UTA,0.637898,0.362102,DAL,0,UTA,0,0,REAL_NHL_API_OR_DERIVED_FROM_REAL
20252026,2025021067,2026-03-16,COL,PIT,0.352907,0.647093,PIT,0,PIT,1,0,REAL_NHL_API_OR_DERIVED_FROM_REAL
20252026,2025021068,2026-03-17,TOR,NYI,0.520263,0.479737,TOR,0,NYI,0,0,REAL_NHL_API_OR_DERIVED_FROM_REAL
20252026,2025021069,2026-03-17,MTL,BOS,0.539829,0.460171,MTL,1,MTL,1,0,REAL_NHL_API_OR_DERIVED_FROM_REAL
20252026,2025021070,2026-03-17,CBJ,CAR,0.506721,0.493279,CBJ,1,CBJ,1,0,REAL_NHL_API_OR_DERIVED_FROM_REAL
20252026,2025021071,2026-03-17,WPG,NSH,0.502445,0.497555,WPG,0,NSH,0,0,REAL_NHL_API_OR_DERIVED_FROM_REAL
20252026,2025021072,2026-03-17,CHI,MIN,0.683381,0.316619,CHI,0,MIN,0,0,REAL_NHL_API_OR_DERIVED_FROM_REAL
20252026,2025021073,2026-03-17,EDM,SJS,0.605534,0.394466,EDM,1,EDM,1,0,REAL_NHL_API_OR_DERIVED_FROM_REAL
20252026,2025021074,2026-03-17,VAN,FLA,0.525826,0.474174,VAN,1,VAN,1,0,REAL_NHL_API_OR_DERIVED_FROM_REAL
20252026,2025021075,2026-03-17,VGK,BUF,0.506459,0.493541,VGK,0,BUF,0,0,REAL_NHL_API_OR_DERIVED_FROM_REAL
20252026,2025021076,2026-03-17,SEA,TBL,0.467458,0.532542,TBL,0,TBL,1,0,REAL_NHL_API_OR_DERIVED_FROM_REAL
20252026,2025021077,2026-03-18,NYR,NJD,0.566742,0.433258,NYR,0,NJD,0,0,REAL_NHL_API_OR_DERIVED_FROM_REAL
20252026,2025021078,2026-03-18,CAR,PIT,0.583619,0.416381,CAR,1,CAR,1,0,REAL_NHL_API_OR_DERIVED_FROM_REAL
20252026,2025021079,2026-03-18,WSH,OTT,0.562037,0.437963,WSH,1,WSH,1,0,REAL_NHL_API_OR_DERIVED_FROM_REAL
20252026,2025021080,2026-03-18,COL,DAL,0.464331,0.535669,DAL,0,DAL,1,0,REAL_NHL_API_OR_DERIVED_FROM_REAL
20252026,2025021081,2026-03-18,CGY,STL,0.453964,0.546036,STL,1,CGY,0,0,REAL_NHL_API_OR_DERIVED_FROM_REAL
20252026,2025021082,2026-03-18,ANA,PHI,0.543797,0.456203,ANA,0,PHI,0,0,REAL_NHL_API_OR_DERIVED_FROM_REAL
20252026,2025021083,2026-03-19,BOS,WPG,0.595142,0.404858,BOS,1,BOS,1,0,REAL_NHL_API_OR_DERIVED_FROM_REAL
20252026,2025021084,2026-03-19,OTT,NYI,0.497646,0.502354,NYI,1,OTT,0,0,REAL_NHL_API_OR_DERIVED_FROM_REAL
20252026,2025021085,2026-03-19,DET,MTL,0.550886,0.449114,DET,1,DET,1,0,REAL_NHL_API_OR_DERIVED_FROM_REAL
20252026,2025021086,2026-03-19,CBJ,NYR,0.511012,0.488988,CBJ,1,CBJ,1,0,REAL_NHL_API_OR_DERIVED_FROM_REAL
20252026,2025021087,2026-03-19,NSH,SEA,0.5558,0.4442,NSH,1,NSH,1,0,REAL_NHL_API_OR_DERIVED_FROM_REAL
20252026,2025021088,2026-03-19,MIN,CHI,0.596274,0.403726,MIN,0,CHI,0,0,REAL_NHL_API_OR_DERIVED_FROM_REAL
20252026,2025021089,2026-03-19,EDM,FLA,0.538642,0.461358,EDM,0,FLA,0,0,REAL_NHL_API_OR_DERIVED_FROM_REAL
20252026,2025021090,2026-03-19,VAN,TBL,0.459981,0.540019,TBL,0,TBL,1,0,REAL_NHL_API_OR_DERIVED_FROM_REAL
20252026,2025021091,2026-03-19,VGK,UTA,0.359489,0.640511,UTA,0,UTA,1,0,REAL_NHL_API_OR_DERIVED_FROM_REAL
20252026,2025021092,2026-03-19,SJS,BUF,0.478012,0.521988,BUF,0,BUF,1,0,REAL_NHL_API_OR_DERIVED_FROM_REAL
20252026,2025021093,2026-03-19,LAK,PHI,0.515493,0.484507,LAK,0,PHI,0,0,REAL_NHL_API_OR_DERIVED_FROM_REAL
20252026,2025021094,2026-03-20,TOR,CAR,0.513127,0.486873,TOR,0,CAR,0,0,REAL_NHL_API_OR_DERIVED_FROM_REAL
20252026,2025021095,2026-03-20,WSH,NJD,0.525153,0.474847,WSH,1,WSH,1,0,REAL_NHL_API_OR_DERIVED_FROM_REAL
20252026,2025021096,2026-03-20,CHI,COL,0.551211,0.448789,CHI,0,COL,0,0,REAL_NHL_API_OR_DERIVED_FROM_REAL
20252026,2025021097,2026-03-20,CGY,FLA,0.554672,0.445328,CGY,1,CGY,1,0,REAL_NHL_API_OR_DERIVED_FROM_REAL
20252026,2025021098,2026-03-20,UTA,ANA,0.505414,0.494586,UTA,0,ANA,0,0,REAL_NHL_API_OR_DERIVED_FROM_REAL
20252026,2025021099,2026-03-21,PIT,WPG,0.619481,0.380519,PIT,1,PIT,1,0,REAL_NHL_API_OR_DERIVED_FROM_REAL
20252026,2025021100,2026-03-21,NSH,VGK,0.61284,0.38716,NSH,1,NSH,1,0,REAL_NHL_API_OR_DERIVED_FROM_REAL
20252026,2025021101,2026-03-21,MIN,DAL,0.501454,0.498546,MIN,1,MIN,1,0,REAL_NHL_API_OR_DERIVED_FROM_REAL
20252026,2025021102,2026-03-21,LAK,BUF,0.505618,0.494382,LAK,0,BUF,0,0,REAL_NHL_API_OR_DERIVED_FROM_REAL
20252026,2025021103,2026-03-21,SJS,PHI,0.480491,0.519509,PHI,0,PHI,1,0,REAL_NHL_API_OR_DERIVED_FROM_REAL
20252026,2025021104,2026-03-21,CBJ,SEA,0.573884,0.426116,CBJ,1,CBJ,1,0,REAL_NHL_API_OR_DERIVED_FROM_REAL
20252026,2025021105,2026-03-21,MTL,NYI,0.73435,0.26565,MTL,1,MTL,1,0,REAL_NHL_API_OR_DERIVED_FROM_REAL
20252026,2025021106,2026-03-21,OTT,TOR,0.565562,0.434438,OTT,1,OTT,1,0,REAL_NHL_API_OR_DERIVED_FROM_REAL
20252026,2025021107,2026-03-21,VAN,STL,0.485663,0.514337,STL,0,STL,1,0,REAL_NHL_API_OR_DERIVED_FROM_REAL
20252026,2025021108,2026-03-21,DET,BOS,0.543636,0.456364,DET,0,BOS,0,0,REAL_NHL_API_OR_DERIVED_FROM_REAL
20252026,2025021109,2026-03-21,EDM,TBL,0.453177,0.546823,TBL,0,TBL,1,0,REAL_NHL_API_OR_DERIVED_FROM_REAL
20252026,2025021110,2026-03-22,NYR,WPG,0.612289,0.387711,NYR,0,WPG,0,0,REAL_NHL_API_OR_DERIVED_FROM_REAL
20252026,2025021111,2026-03-22,WSH,COL,0.558457,0.441543,WSH,0,COL,0,0,REAL_NHL_API_OR_DERIVED_FROM_REAL
20252026,2025021112,2026-03-22,PIT,CAR,0.518437,0.481563,PIT,0,CAR,0,0,REAL_NHL_API_OR_DERIVED_FROM_REAL
20252026,2025021113,2026-03-22,CHI,NSH,0.461738,0.538262,NSH,0,NSH,1,0,REAL_NHL_API_OR_DERIVED_FROM_REAL
20252026,2025021114,2026-03-22,NYI,CBJ,0.522337,0.477663,NYI,1,NYI,1,0,REAL_NHL_API_OR_DERIVED_FROM_REAL
20252026,2025021115,2026-03-22,DAL,VGK,0.626563,0.373437,DAL,0,VGK,0,0,REAL_NHL_API_OR_DERIVED_FROM_REAL
20252026,2025021116,2026-03-22,CGY,TBL,0.510338,0.489662,CGY,1,CGY,1,0,REAL_NHL_API_OR_DERIVED_FROM_REAL
20252026,2025021117,2026-03-22,ANA,BUF,0.508895,0.491105,ANA,1,ANA,1,0,REAL_NHL_API_OR_DERIVED_FROM_REAL
20252026,2025021118,2026-03-22,UTA,LAK,0.4786,0.5214,LAK,1,UTA,0,0,REAL_NHL_API_OR_DERIVED_FROM_REAL
20252026,2025021119,2026-03-23,NYR,OTT,0.540354,0.459646,NYR,0,OTT,0,0,REAL_NHL_API_OR_DERIVED_FROM_REAL
20252026,2025021120,2026-03-24,BOS,TOR,0.582906,0.417094,BOS,0,TOR,0,0,REAL_NHL_API_OR_DERIVED_FROM_REAL
20252026,2025021121,2026-03-24,MTL,CAR,0.482531,0.517469,CAR,1,MTL,0,0,REAL_NHL_API_OR_DERIVED_FROM_REAL
20252026,2025021122,2026-03-24,DET,OTT,0.437105,0.562895,OTT,0,OTT,1,0,REAL_NHL_API_OR_DERIVED_FROM_REAL
20252026,2025021123,2026-03-24,FLA,SEA,0.474103,0.525897,SEA,1,FLA,0,0,REAL_NHL_API_OR_DERIVED_FROM_REAL
20252026,2025021124,2026-03-24,NYI,CHI,0.518892,0.481108,NYI,0,CHI,0,0,REAL_NHL_API_OR_DERIVED_FROM_REAL
20252026,2025021125,2026-03-24,PHI,CBJ,0.500716,0.499284,PHI,0,CBJ,0,0,REAL_NHL_API_OR_DERIVED_FROM_REAL
20252026,2025021126,2026-03-24,PIT,COL,0.628358,0.371642,PIT,0,COL,0,0,REAL_NHL_API_OR_DERIVED_FROM_REAL
20252026,2025021127,2026-03-24,TBL,MIN,0.617121,0.382879,TBL,1,TBL,1,0,REAL_NHL_API_OR_DERIVED_FROM_REAL
20252026,2025021128,2026-03-24,STL,WSH,0.604906,0.395094,STL,1,STL,1,0,REAL_NHL_API_OR_DERIVED_FROM_REAL
20252026,2025021129,2026-03-24,NSH,SJS,0.676141,0.323859,NSH,1,NSH,1,0,REAL_NHL_API_OR_DERIVED_FROM_REAL
20252026,2025021130,2026-03-24,DAL,NJD,0.295314,0.704686,NJD,0,NJD,1,0,REAL_NHL_API_OR_DERIVED_FROM_REAL
20252026,2025021131,2026-03-24,WPG,VGK,0.569631,0.430369,WPG,1,WPG,1,0,REAL_NHL_API_OR_DERIVED_FROM_REAL
20252026,2025021132,2026-03-24,UTA,EDM,0.333229,0.666771,EDM,0,EDM,1,0,REAL_NHL_API_OR_DERIVED_FROM_REAL
20252026,2025021133,2026-03-24,CGY,LAK,0.524891,0.475109,CGY,1,CGY,1,0,REAL_NHL_API_OR_DERIVED_FROM_REAL
20252026,2025021134,2026-03-24,VAN,ANA,0.529049,0.470951,VAN,0,ANA,0,0,REAL_NHL_API_OR_DERIVED_FROM_REAL
20252026,2025021135,2026-03-25,BUF,BOS,0.524537,0.475463,BUF,0,BOS,0,0,REAL_NHL_API_OR_DERIVED_FROM_REAL
20252026,2025021136,2026-03-25,TOR,NYR,0.51243,0.48757,TOR,1,TOR,1,0,REAL_NHL_API_OR_DERIVED_FROM_REAL
20252026,2025021137,2026-03-26,MTL,CBJ,0.556077,0.443923,MTL,1,MTL,1,0,REAL_NHL_API_OR_DERIVED_FROM_REAL
20252026,2025021138,2026-03-26,OTT,PIT,0.556968,0.443032,OTT,0,PIT,0,0,REAL_NHL_API_OR_DERIVED_FROM_REAL
20252026,2025021139,2026-03-26,TBL,SEA,0.647098,0.352902,TBL,0,SEA,0,0,REAL_NHL_API_OR_DERIVED_FROM_REAL
20252026,2025021140,2026-03-26,FLA,MIN,0.501599,0.498401,FLA,0,MIN,0,0,REAL_NHL_API_OR_DERIVED_FROM_REAL
20252026,2025021141,2026-03-26,NYI,DAL,0.552207,0.447793,NYI,1,NYI,1,0,REAL_NHL_API_OR_DERIVED_FROM_REAL
20252026,2025021142,2026-03-26,PHI,CHI,0.46507,0.53493,CHI,1,PHI,0,0,REAL_NHL_API_OR_DERIVED_FROM_REAL
20252026,2025021143,2026-03-26,STL,SJS,0.765836,0.234164,STL,1,STL,1,0,REAL_NHL_API_OR_DERIVED_FROM_REAL
20252026,2025021144,2026-03-26,NSH,NJD,0.558384,0.441616,NSH,0,NJD,0,0,REAL_NHL_API_OR_DERIVED_FROM_REAL
20252026,2025021145,2026-03-26,WPG,COL,0.577442,0.422558,WPG,0,COL,0,0,REAL_NHL_API_OR_DERIVED_FROM_REAL
20252026,2025021146,2026-03-26,UTA,WSH,0.363056,0.636944,WSH,0,WSH,1,0,REAL_NHL_API_OR_DERIVED_FROM_REAL
20252026,2025021147,2026-03-26,CGY,ANA,0.51123,0.48877,CGY,0,ANA,0,0,REAL_NHL_API_OR_DERIVED_FROM_REAL
20252026,2025021148,2026-03-26,VGK,EDM,0.417004,0.582996,EDM,0,EDM,1,0,REAL_NHL_API_OR_DERIVED_FROM_REAL
20252026,2025021149,2026-03-26,VAN,LAK,0.521931,0.478069,VAN,0,LAK,0,0,REAL_NHL_API_OR_DERIVED_FROM_REAL
20252026,2025021150,2026-03-27,BUF,DET,0.552364,0.447636,BUF,0,DET,0,0,REAL_NHL_API_OR_DERIVED_FROM_REAL
20252026,2025021151,2026-03-27,NYR,CHI,0.657514,0.342486,NYR,1,NYR,1,0,REAL_NHL_API_OR_DERIVED_FROM_REAL
20252026,2025021152,2026-03-28,TBL,OTT,0.562014,0.437986,TBL,1,TBL,1,0,REAL_NHL_API_OR_DERIVED_FROM_REAL
20252026,2025021153,2026-03-28,NYI,FLA,0.548879,0.451121,NYI,1,NYI,1,0,REAL_NHL_API_OR_DERIVED_FROM_REAL
20252026,2025021154,2026-03-28,EDM,ANA,0.527243,0.472757,EDM,1,EDM,1,0,REAL_NHL_API_OR_DERIVED_FROM_REAL
20252026,2025021155,2026-03-28,BOS,MIN,0.574374,0.425626,BOS,1,BOS,1,0,REAL_NHL_API_OR_DERIVED_FROM_REAL
20252026,2025021156,2026-03-28,PIT,DAL,0.551203,0.448797,PIT,0,DAL,0,0,REAL_NHL_API_OR_DERIVED_FROM_REAL
20252026,2025021157,2026-03-28,CAR,NJD,0.566841,0.433159,CAR,1,CAR,1,0,REAL_NHL_API_OR_DERIVED_FROM_REAL
20252026,2025021158,2026-03-28,CBJ,SJS,0.629704,0.370296,CBJ,0,SJS,0,0,REAL_NHL_API_OR_DERIVED_FROM_REAL
20252026,2025021159,2026-03-28,BUF,SEA,0.490958,0.509042,SEA,1,BUF,0,0,REAL_NHL_API_OR_DERIVED_FROM_REAL
20252026,2025021160,2026-03-28,STL,TOR,0.543983,0.456017,STL,1,STL,1,0,REAL_NHL_API_OR_DERIVED_FROM_REAL
20252026,2025021161,2026-03-28,NSH,MTL,0.540234,0.459766,NSH,0,MTL,0,0,REAL_NHL_API_OR_DERIVED_FROM_REAL
20252026,2025021162,2026-03-28,COL,WPG,0.577084,0.422916,COL,0,WPG,0,0,REAL_NHL_API_OR_DERIVED_FROM_REAL
20252026,2025021163,2026-03-28,DET,PHI,0.36299,0.63701,PHI,0,PHI,1,0,REAL_NHL_API_OR_DERIVED_FROM_REAL
20252026,2025021164,2026-03-28,LAK,UTA,0.407006,0.592994,UTA,0,UTA,1,0,REAL_NHL_API_OR_DERIVED_FROM_REAL
20252026,2025021165,2026-03-28,CGY,VAN,0.743007,0.256993,CGY,1,CGY,1,0,REAL_NHL_API_OR_DERIVED_FROM_REAL
20252026,2025021166,2026-03-28,VGK,WSH,0.483523,0.516477,WSH,0,WSH,1,0,REAL_NHL_API_OR_DERIVED_FROM_REAL
20252026,2025021167,2026-03-29,NYR,FLA,0.603668,0.396332,NYR,1,NYR,1,0,REAL_NHL_API_OR_DERIVED_FROM_REAL
20252026,2025021168,2026-03-29,TBL,NSH,0.585293,0.414707,TBL,1,TBL,1,0,REAL_NHL_API_OR_DERIVED_FROM_REAL
20252026,2025021169,2026-03-29,CAR,MTL,0.598353,0.401647,CAR,0,MTL,0,0,REAL_NHL_API_OR_DERIVED_FROM_REAL
20252026,2025021170,2026-03-29,CBJ,BOS,0.480273,0.519727,BOS,0,BOS,1,0,REAL_NHL_API_OR_DERIVED_FROM_REAL
20252026,2025021171,2026-03-29,NJD,CHI,0.626434,0.373566,NJD,1,NJD,1,0,REAL_NHL_API_OR_DERIVED_FROM_REAL
20252026,2025021172,2026-03-29,PHI,DAL,0.550817,0.449183,PHI,1,PHI,1,0,REAL_NHL_API_OR_DERIVED_FROM_REAL
20252026,2025021173,2026-03-30,NYI,PIT,0.342282,0.657718,PIT,0,PIT,1,0,REAL_NHL_API_OR_DERIVED_FROM_REAL
20252026,2025021174,2026-03-30,COL,CGY,0.753623,0.246377,COL,1,COL,1,0,REAL_NHL_API_OR_DERIVED_FROM_REAL
20252026,2025021175,2026-03-30,VGK,VAN,0.572817,0.427183,VGK,1,VGK,1,0,REAL_NHL_API_OR_DERIVED_FROM_REAL
20252026,2025021176,2026-03-30,ANA,TOR,0.538508,0.461492,ANA,0,TOR,0,0,REAL_NHL_API_OR_DERIVED_FROM_REAL
20252026,2025021177,2026-03-30,SJS,STL,0.424229,0.575771,STL,1,SJS,0,0,REAL_NHL_API_OR_DERIVED_FROM_REAL
20252026,2025021178,2026-03-31,BOS,DAL,0.562548,0.437452,BOS,1,BOS,1,0,REAL_NHL_API_OR_DERIVED_FROM_REAL
20252026,2025021179,2026-03-31,BUF,NYI,0.597576,0.402424,BUF,1,BUF,1,0,REAL_NHL_API_OR_DERIVED_FROM_REAL
20252026,2025021180,2026-03-31,TBL,MTL,0.555198,0.444802,TBL,0,MTL,0,0,REAL_NHL_API_OR_DERIVED_FROM_REAL
20252026,2025021181,2026-03-31,FLA,OTT,0.719552,0.280448,FLA,1,FLA,1,0,REAL_NHL_API_OR_DERIVED_FROM_REAL
20252026,2025021182,2026-03-31,NYR,NJD,0.529557,0.470443,NYR,1,NYR,1,0,REAL_NHL_API_OR_DERIVED_FROM_REAL
20252026,2025021183,2026-03-31,PIT,DET,0.743438,0.256562,PIT,1,PIT,1,0,REAL_NHL_API_OR_DERIVED_FROM_REAL
20252026,2025021184,2026-03-31,WSH,PHI,0.478459,0.521541,PHI,1,WSH,0,0,REAL_NHL_API_OR_DERIVED_FROM_REAL
20252026,2025021185,2026-03-31,CBJ,CAR,0.520826,0.479174,CBJ,0,CAR,0,0,REAL_NHL_API_OR_DERIVED_FROM_REAL
20252026,2025021186,2026-03-31,CHI,WPG,0.464245,0.535755,WPG,0,WPG,1,0,REAL_NHL_API_OR_DERIVED_FROM_REAL
20252026,2025021187,2026-03-31,EDM,SEA,0.562295,0.437705,EDM,1,EDM,1,0,REAL_NHL_API_OR_DERIVED_FROM_REAL
20252026,2025021188,2026-04-01,COL,VAN,0.41919,0.58081,VAN,0,VAN,1,0,REAL_NHL_API_OR_DERIVED_FROM_REAL
20252026,2025021189,2026-04-01,LAK,STL,0.52072,0.47928,LAK,1,LAK,1,0,REAL_NHL_API_OR_DERIVED_FROM_REAL
20252026,2025021190,2026-04-01,SJS,ANA,0.367807,0.632193,ANA,1,SJS,0,0,REAL_NHL_API_OR_DERIVED_FROM_REAL
20252026,2025021191,2026-04-02,OTT,BUF,0.495819,0.504181,BUF,1,OTT,0,0,REAL_NHL_API_OR_DERIVED_FROM_REAL
20252026,2025021192,2026-04-02,TBL,PIT,0.513407,0.486593,TBL,1,TBL,1,0,REAL_NHL_API_OR_DERIVED_FROM_REAL
20252026,2025021193,2026-04-02,FLA,BOS,0.492526,0.507474,BOS,1,FLA,0,0,REAL_NHL_API_OR_DERIVED_FROM_REAL
20252026,2025021194,2026-04-02,NJD,WSH,0.536431,0.463569,NJD,1,NJD,1,0,REAL_NHL_API_OR_DERIVED_FROM_REAL
20252026,2025021195,2026-04-02,NYR,MTL,0.532746,0.467254,NYR,0,MTL,0,0,REAL_NHL_API_OR_DERIVED_FROM_REAL
20252026,2025021196,2026-04-02,PHI,DET,0.563887,0.436113,PHI,0,DET,0,0,REAL_NHL_API_OR_DERIVED_FROM_REAL
20252026,2025021197,2026-04-02,CAR,CBJ,0.596328,0.403672,CAR,1,CAR,1,0,REAL_NHL_API_OR_DERIVED_FROM_REAL
20252026,2025021198,2026-04-02,DAL,WPG,0.50388,0.49612,DAL,1,DAL,1,0,REAL_NHL_API_OR_DERIVED_FROM_REAL
20252026,2025021199,2026-04-02,MIN,VAN,0.614748,0.385252,MIN,1,MIN,1,0,REAL_NHL_API_OR_DERIVED_FROM_REAL
20252026,2025021200,2026-04-02,EDM,CHI,0.774031,0.225969,EDM,1,EDM,1,0,REAL_NHL_API_OR_DERIVED_FROM_REAL
20252026,2025021201,2026-04-02,VGK,CGY,0.526929,0.473071,VGK,1,VGK,1,0,REAL_NHL_API_OR_DERIVED_FROM_REAL
20252026,2025021202,2026-04-02,SJS,TOR,0.476023,0.523977,TOR,1,SJS,0,0,REAL_NHL_API_OR_DERIVED_FROM_REAL
20252026,2025021203,2026-04-02,SEA,UTA,0.562255,0.437745,SEA,0,UTA,0,0,REAL_NHL_API_OR_DERIVED_FROM_REAL
20252026,2025021204,2026-04-02,LAK,NSH,0.505568,0.494432,LAK,0,NSH,0,0,REAL_NHL_API_OR_DERIVED_FROM_REAL
20252026,2025021205,2026-04-03,NYI,PHI,0.540779,0.459221,NYI,0,PHI,0,0,REAL_NHL_API_OR_DERIVED_FROM_REAL
20252026,2025021206,2026-04-03,ANA,STL,0.513514,0.486486,ANA,0,STL,0,0,REAL_NHL_API_OR_DERIVED_FROM_REAL
20252026,2025021207,2026-04-04,NYR,DET,0.569939,0.430061,NYR,1,NYR,1,0,REAL_NHL_API_OR_DERIVED_FROM_REAL
20252026,2025021208,2026-04-04,OTT,MIN,0.526031,0.473969,OTT,0,MIN,0,0,REAL_NHL_API_OR_DERIVED_FROM_REAL
20252026,2025021209,2026-04-04,DAL,COL,0.487243,0.512757,COL,0,COL,1,0,REAL_NHL_API_OR_DERIVED_FROM_REAL
20252026,2025021210,2026-04-04,TBL,BOS,0.526035,0.473965,TBL,1,TBL,1,0,REAL_NHL_API_OR_DERIVED_FROM_REAL
20252026,2025021211,2026-04-04,PIT,FLA,0.761138,0.238862,PIT,1,PIT,1,0,REAL_NHL_API_OR_DERIVED_FROM_REAL
20252026,2025021212,2026-04-04,NJD,MTL,0.559933,0.440067,NJD,0,MTL,0,0,REAL_NHL_API_OR_DERIVED_FROM_REAL
20252026,2025021213,2026-04-04,WSH,BUF,0.754171,0.245829,WSH,1,WSH,1,0,REAL_NHL_API_OR_DERIVED_FROM_REAL
20252026,2025021214,2026-04-04,CAR,NYI,0.587712,0.412288,CAR,1,CAR,1,0,REAL_NHL_API_OR_DERIVED_FROM_REAL
20252026,2025021215,2026-04-04,CBJ,WPG,0.519109,0.480891,CBJ,0,WPG,0,0,REAL_NHL_API_OR_DERIVED_FROM_REAL
20252026,2025021216,2026-04-04,VAN,UTA,0.488664,0.511336,UTA,0,UTA,1,0,REAL_NHL_API_OR_DERIVED_FROM_REAL
20252026,2025021217,2026-04-04,LAK,TOR,0.548593,0.451407,LAK,1,LAK,1,0,REAL_NHL_API_OR_DERIVED_FROM_REAL
20252026,2025021218,2026-04-04,EDM,VGK,0.588806,0.411194,EDM,0,VGK,0,0,REAL_NHL_API_OR_DERIVED_FROM_REAL
20252026,2025021219,2026-04-04,ANA,CGY,0.577734,0.422266,ANA,0,CGY,0,0,REAL_NHL_API_OR_DERIVED_FROM_REAL
20252026,2025021220,2026-04-04,SJS,NSH,0.466499,0.533501,NSH,0,NSH,1,0,REAL_NHL_API_OR_DERIVED_FROM_REAL
20252026,2025021221,2026-04-04,SEA,CHI,0.604501,0.395499,SEA,0,CHI,0,0,REAL_NHL_API_OR_DERIVED_FROM_REAL
20252026,2025021222,2026-04-05,DET,MIN,0.492579,0.507421,MIN,0,MIN,1,0,REAL_NHL_API_OR_DERIVED_FROM_REAL
20252026,2025021223,2026-04-05,PIT,FLA,0.627029,0.372971,PIT,1,PIT,1,0,REAL_NHL_API_OR_DERIVED_FROM_REAL
20252026,2025021224,2026-04-05,PHI,BOS,0.477459,0.522541,BOS,1,PHI,0,0,REAL_NHL_API_OR_DERIVED_FROM_REAL
20252026,2025021225,2026-04-05,OTT,CAR,0.501563,0.498437,OTT,1,OTT,1,0,REAL_NHL_API_OR_DERIVED_FROM_REAL
20252026,2025021226,2026-04-05,MTL,NJD,0.515676,0.484324,MTL,0,NJD,0,0,REAL_NHL_API_OR_DERIVED_FROM_REAL
20252026,2025021227,2026-04-05,NYR,WSH,0.537679,0.462321,NYR,1,NYR,1,0,REAL_NHL_API_OR_DERIVED_FROM_REAL
20252026,2025021228,2026-04-05,COL,STL,0.535031,0.464969,COL,0,STL,0,0,REAL_NHL_API_OR_DERIVED_FROM_REAL
20252026,2025021229,2026-04-06,BUF,TBL,0.456332,0.543668,TBL,1,BUF,0,0,REAL_NHL_API_OR_DERIVED_FROM_REAL
20252026,2025021230,2026-04-06,WPG,SEA,0.765103,0.234897,WPG,1,WPG,1,0,REAL_NHL_API_OR_DERIVED_FROM_REAL
20252026,2025021231,2026-04-06,SJS,CHI,0.548283,0.451717,SJS,1,SJS,1,0,REAL_NHL_API_OR_DERIVED_FROM_REAL
20252026,2025021232,2026-04-06,LAK,NSH,0.504426,0.495574,LAK,1,LAK,1,0,REAL_NHL_API_OR_DERIVED_FROM_REAL
20252026,2025021233,2026-04-07,MTL,FLA,0.606326,0.393674,MTL,1,MTL,1,0,REAL_NHL_API_OR_DERIVED_FROM_REAL
20252026,2025021234,2026-04-07,OTT,TBL,0.531884,0.468116,OTT,1,OTT,1,0,REAL_NHL_API_OR_DERIVED_FROM_REAL
20252026,2025021235,2026-04-07,DET,CBJ,0.564266,0.435734,DET,0,CBJ,0,0,REAL_NHL_API_OR_DERIVED_FROM_REAL
20252026,2025021236,2026-04-07,NJD,PHI,0.611422,0.388578,NJD,0,PHI,0,0,REAL_NHL_API_OR_DERIVED_FROM_REAL
20252026,2025021237,2026-04-07,CAR,BOS,0.758338,0.241662,CAR,1,CAR,1,0,REAL_NHL_API_OR_DERIVED_FROM_REAL
20252026,2025021238,2026-04-07,STL,COL,0.537996,0.462004,STL,0,COL,0,0,REAL_NHL_API_OR_DERIVED_FROM_REAL
20252026,2025021239,2026-04-07,DAL,CGY,0.488662,0.511338,CGY,1,DAL,0,0,REAL_NHL_API_OR_DERIVED_FROM_REAL
20252026,2025021240,2026-04-07,MIN,SEA,0.615212,0.384788,MIN,1,MIN,1,0,REAL_NHL_API_OR_DERIVED_FROM_REAL
20252026,2025021241,2026-04-07,UTA,EDM,0.548515,0.451485,UTA,1,UTA,1,0,REAL_NHL_API_OR_DERIVED_FROM_REAL
20252026,2025021242,2026-04-07,VAN,VGK,0.486498,0.513502,VGK,0,VGK,1,0,REAL_NHL_API_OR_DERIVED_FROM_REAL
20252026,2025021243,2026-04-07,ANA,NSH,0.49345,0.50655,NSH,0,NSH,1,0,REAL_NHL_API_OR_DERIVED_FROM_REAL
20252026,2025021244,2026-04-08,NYR,BUF,0.650937,0.349063,NYR,0,BUF,0,0,REAL_NHL_API_OR_DERIVED_FROM_REAL
20252026,2025021245,2026-04-08,TOR,WSH,0.507636,0.492364,TOR,0,WSH,0,0,REAL_NHL_API_OR_DERIVED_FROM_REAL
20252026,2025021246,2026-04-08,SJS,EDM,0.700415,0.299585,SJS,0,EDM,0,0,REAL_NHL_API_OR_DERIVED_FROM_REAL
20252026,2025021247,2026-04-09,BUF,CBJ,0.525944,0.474056,BUF,1,BUF,1,0,REAL_NHL_API_OR_DERIVED_FROM_REAL
20252026,2025021248,2026-04-09,MTL,TBL,0.522047,0.477953,MTL,1,MTL,1,0,REAL_NHL_API_OR_DERIVED_FROM_REAL
20252026,2025021249,2026-04-09,OTT,FLA,0.540585,0.459415,OTT,1,OTT,1,0,REAL_NHL_API_OR_DERIVED_FROM_REAL
20252026,2025021250,2026-04-09,DET,PHI,0.53532,0.46468,DET,1,DET,1,0,REAL_NHL_API_OR_DERIVED_FROM_REAL
20252026,2025021251,2026-04-09,NJD,PIT,0.492242,0.507758,PIT,0,PIT,1,0,REAL_NHL_API_OR_DERIVED_FROM_REAL
20252026,2025021252,2026-04-09,NYI,TOR,0.477737,0.522263,TOR,1,NYI,0,0,REAL_NHL_API_OR_DERIVED_FROM_REAL
20252026,2025021253,2026-04-09,STL,WPG,0.493661,0.506339,WPG,0,WPG,1,0,REAL_NHL_API_OR_DERIVED_FROM_REAL
20252026,2025021254,2026-04-09,DAL,MIN,0.493325,0.506675,MIN,1,DAL,0,0,REAL_NHL_API_OR_DERIVED_FROM_REAL
20252026,2025021255,2026-04-09,CHI,CAR,0.493488,0.506512,CAR,0,CAR,1,0,REAL_NHL_API_OR_DERIVED_FROM_REAL
20252026,2025021256,2026-04-09,COL,CGY,0.601822,0.398178,COL,1,COL,1,0,REAL_NHL_API_OR_DERIVED_FROM_REAL
20252026,2025021257,2026-04-09,UTA,NSH,0.583413,0.416587,UTA,1,UTA,1,0,REAL_NHL_API_OR_DERIVED_FROM_REAL
20252026,2025021258,2026-04-09,ANA,SJS,0.565614,0.434386,ANA,1,ANA,1,0,REAL_NHL_API_OR_DERIVED_FROM_REAL
20252026,2025021259,2026-04-09,SEA,VGK,0.436851,0.563149,VGK,1,SEA,0,0,REAL_NHL_API_OR_DERIVED_FROM_REAL
20252026,2025021260,2026-04-09,LAK,VAN,0.560447,0.439553,LAK,1,LAK,1,0,REAL_NHL_API_OR_DERIVED_FROM_REAL
20252026,2025021261,2026-04-11,BOS,TBL,0.552532,0.447468,BOS,0,TBL,0,0,REAL_NHL_API_OR_DERIVED_FROM_REAL
20252026,2025021262,2026-04-11,NYI,OTT,0.516874,0.483126,NYI,0,OTT,0,0,REAL_NHL_API_OR_DERIVED_FROM_REAL
20252026,2025021263,2026-04-11,PIT,WSH,0.500671,0.499329,PIT,0,WSH,0,0,REAL_NHL_API_OR_DERIVED_FROM_REAL
20252026,2025021264,2026-04-11,LAK,EDM,0.574802,0.425198,LAK,1,LAK,1,0,REAL_NHL_API_OR_DERIVED_FROM_REAL
20252026,2025021265,2026-04-11,DET,NJD,0.549644,0.450356,DET,0,NJD,0,0,REAL_NHL_API_OR_DERIVED_FROM_REAL
20252026,2025021266,2026-04-11,CHI,STL,0.445795,0.554205,STL,0,STL,1,0,REAL_NHL_API_OR_DERIVED_FROM_REAL
20252026,2025021267,2026-04-11,NSH,MIN,0.590705,0.409295,NSH,1,NSH,1,0,REAL_NHL_API_OR_DERIVED_FROM_REAL
20252026,2025021268,2026-04-11,DAL,NYR,0.465918,0.534082,NYR,1,DAL,0,0,REAL_NHL_API_OR_DERIVED_FROM_REAL
20252026,2025021269,2026-04-11,UTA,CAR,0.584339,0.415661,UTA,0,CAR,0,0,REAL_NHL_API_OR_DERIVED_FROM_REAL
20252026,2025021270,2026-04-11,TOR,FLA,0.628476,0.371524,TOR,0,FLA,0,0,REAL_NHL_API_OR_DERIVED_FROM_REAL
20252026,2025021271,2026-04-11,MTL,CBJ,0.611938,0.388062,MTL,0,CBJ,0,0,REAL_NHL_API_OR_DERIVED_FROM_REAL
20252026,2025021272,2026-04-11,WPG,PHI,0.364676,0.635324,PHI,0,PHI,1,0,REAL_NHL_API_OR_DERIVED_FROM_REAL
20252026,2025021273,2026-04-11,SEA,CGY,0.424547,0.575453,CGY,1,SEA,0,0,REAL_NHL_API_OR_DERIVED_FROM_REAL
20252026,2025021274,2026-04-11,COL,VGK,0.541567,0.458433,COL,0,VGK,0,0,REAL_NHL_API_OR_DERIVED_FROM_REAL
20252026,2025021275,2026-04-11,SJS,VAN,0.472836,0.527164,VAN,0,VAN,1,0,REAL_NHL_API_OR_DERIVED_FROM_REAL
20252026,2025021276,2026-04-12,WSH,PIT,0.502419,0.497581,WSH,1,WSH,1,0,REAL_NHL_API_OR_DERIVED_FROM_REAL
20252026,2025021277,2026-04-12,NYI,MTL,0.487361,0.512639,MTL,0,MTL,1,0,REAL_NHL_API_OR_DERIVED_FROM_REAL
20252026,2025021278,2026-04-12,CBJ,BOS,0.470006,0.529994,BOS,0,BOS,1,0,REAL_NHL_API_OR_DERIVED_FROM_REAL
20252026,2025021279,2026-04-12,NJD,OTT,0.606612,0.393388,NJD,1,NJD,1,0,REAL_NHL_API_OR_DERIVED_FROM_REAL
20252026,2025021280,2026-04-12,ANA,VAN,0.536991,0.463009,ANA,0,VAN,0,0,REAL_NHL_API_OR_DERIVED_FROM_REAL
20252026,2025021281,2026-04-12,CGY,UTA,0.504224,0.495776,CGY,1,CGY,1,0,REAL_NHL_API_OR_DERIVED_FROM_REAL
20252026,2025021282,2026-04-13,TBL,DET,0.512474,0.487526,TBL,1,TBL,1,0,REAL_NHL_API_OR_DERIVED_FROM_REAL
20252026,2025021283,2026-04-13,FLA,NYR,0.468595,0.531405,NYR,1,FLA,0,0,REAL_NHL_API_OR_DERIVED_FROM_REAL
20252026,2025021284,2026-04-13,PHI,CAR,0.470752,0.529248,CAR,1,PHI,0,0,REAL_NHL_API_OR_DERIVED_FROM_REAL
20252026,2025021285,2026-04-13,TOR,DAL,0.596924,0.403076,TOR,0,DAL,0,0,REAL_NHL_API_OR_DERIVED_FROM_REAL
20252026,2025021286,2026-04-13,STL,MIN,0.592427,0.407573,STL,1,STL,1,0,REAL_NHL_API_OR_DERIVED_FROM_REAL
20252026,2025021287,2026-04-13,NSH,SJS,0.652249,0.347751,NSH,0,SJS,0,0,REAL_NHL_API_OR_DERIVED_FROM_REAL
20252026,2025021288,2026-04-13,CHI,BUF,0.482635,0.517365,BUF,0,BUF,1,0,REAL_NHL_API_OR_DERIVED_FROM_REAL
20252026,2025021289,2026-04-13,EDM,COL,0.502938,0.497062,EDM,0,COL,0,0,REAL_NHL_API_OR_DERIVED_FROM_REAL
20252026,2025021290,2026-04-13,VGK,WPG,0.620814,0.379186,VGK,1,VGK,1,0,REAL_NHL_API_OR_DERIVED_FROM_REAL
20252026,2025021291,2026-04-13,SEA,LAK,0.508491,0.491509,SEA,0,LAK,0,0,REAL_NHL_API_OR_DERIVED_FROM_REAL
20252026,2025021292,2026-04-14,BOS,NJD,0.558812,0.441188,BOS,1,BOS,1,0,REAL_NHL_API_OR_DERIVED_FROM_REAL
20252026,2025021293,2026-04-14,NYI,CAR,0.462934,0.537066,CAR,0,CAR,1,0,REAL_NHL_API_OR_DERIVED_FROM_REAL
20252026,2025021294,2026-04-14,PHI,MTL,0.510131,0.489869,PHI,1,PHI,1,0,REAL_NHL_API_OR_DERIVED_FROM_REAL
20252026,2025021295,2026-04-14,CBJ,WSH,0.507613,0.492387,CBJ,0,WSH,0,0,REAL_NHL_API_OR_DERIVED_FROM_REAL
20252026,2025021296,2026-04-14,MIN,ANA,0.550516,0.449484,MIN,1,MIN,1,0,REAL_NHL_API_OR_DERIVED_FROM_REAL
20252026,2025021297,2026-04-14,UTA,WPG,0.600268,0.399732,UTA,1,UTA,1,0,REAL_NHL_API_OR_DERIVED_FROM_REAL
20252026,2025021298,2026-04-14,CGY,COL,0.495057,0.504943,COL,0,COL,1,0,REAL_NHL_API_OR_DERIVED_FROM_REAL
20252026,2025021299,2026-04-14,STL,PIT,0.647015,0.352985,STL,1,STL,1,0,REAL_NHL_API_OR_DERIVED_FROM_REAL
20252026,2025021300,2026-04-14,VAN,LAK,0.520758,0.479242,VAN,1,VAN,1,0,REAL_NHL_API_OR_DERIVED_FROM_REAL
20252026,2025021301,2026-04-15,BUF,DAL,0.447032,0.552968,DAL,0,DAL,1,0,REAL_NHL_API_OR_DERIVED_FROM_REAL
20252026,2025021302,2026-04-15,TBL,NYR,0.473007,0.526993,NYR,0,NYR,1,0,REAL_NHL_API_OR_DERIVED_FROM_REAL
20252026,2025021303,2026-04-15,FLA,DET,0.737802,0.262198,FLA,1,FLA,1,0,REAL_NHL_API_OR_DERIVED_FROM_REAL
20252026,2025021304,2026-04-15,OTT,TOR,0.559484,0.440516,OTT,1,OTT,1,0,REAL_NHL_API_OR_DERIVED_FROM_REAL
20252026,2025021305,2026-04-15,CHI,SJS,0.524997,0.475003,CHI,1,CHI,1,0,REAL_NHL_API_OR_DERIVED_FROM_REAL
20252026,2025021306,2026-04-15,VGK,SEA,0.653338,0.346662,VGK,1,VGK,1,0,REAL_NHL_API_OR_DERIVED_FROM_REAL
20252026,2025021307,2026-04-16,NSH,ANA,0.598088,0.401912,NSH,0,ANA,0,0,REAL_NHL_API_OR_DERIVED_FROM_REAL
20252026,2025021308,2026-04-16,WPG,SJS,0.516623,0.483377,WPG,0,SJS,0,0,REAL_NHL_API_OR_DERIVED_FROM_REAL
20252026,2025021309,2026-04-16,UTA,STL,0.321107,0.678893,STL,0,STL,1,0,REAL_NHL_API_OR_DERIVED_FROM_REAL
20252026,2025021310,2026-04-16,CGY,LAK,0.60044,0.39956,CGY,1,CGY,1,0,REAL_NHL_API_OR_DERIVED_FROM_REAL
20252026,2025021311,2026-04-16,EDM,VAN,0.567489,0.432511,EDM,1,EDM,1,0,REAL_NHL_API_OR_DERIVED_FROM_REAL
20252026,2025021312,2026-04-16,COL,SEA,0.578466,0.421534,COL,1,COL,1,0,REAL_NHL_API_OR_DERIVED_FROM_REAL
