game_id,game_date,home_team_abbrev,away_team_abbrev,actual_home_win,phase1_base_prob,phase1_alt_prob,deep_base_prob,deep_alt_prob,regime_prob,error_base_prob,error_alt_prob,error_adjusted_prob,boosted_probability,boosted_predicted_winner,boosted_predicted_side,phase1_confidence,boost_weight_json
2021020001,2021-10-12,TBL,PIT,0,0.543632,0.542705,0.5488,0.549423,0.565532,0.543632,0.542705,0.543632,0.5446656,1,home,0.043632000000000004,"{""deep_feature_base"": 0.2, ""phase1_base"": 0.8}"
2021020002,2021-10-12,VGK,SEA,1,0.523488,0.516442,0.508129,0.496475,0.517251,0.523488,0.516442,0.523488,0.5204162,1,home,0.023487999999999953,"{""deep_feature_base"": 0.2, ""phase1_base"": 0.8}"
2021020003,2021-10-13,TOR,MTL,1,0.526738,0.528873,0.534333,0.538747,0.538019,0.526738,0.528873,0.526738,0.5282570000000001,1,home,0.02673800000000004,"{""deep_feature_base"": 0.2, ""phase1_base"": 0.8}"
2021020004,2021-10-13,WSH,NYR,1,0.575973,0.563337,0.57796,0.56592,0.558244,0.575973,0.563337,0.575973,0.5763704,1,home,0.07597299999999996,"{""deep_feature_base"": 0.2, ""phase1_base"": 0.8}"
2021020005,2021-10-13,COL,CHI,1,0.560346,0.552399,0.577261,0.574388,0.563262,0.560346,0.552399,0.560346,0.563729,1,home,0.06034600000000001,"{""deep_feature_base"": 0.2, ""phase1_base"": 0.8}"
2021020006,2021-10-13,EDM,VAN,1,0.592009,0.584276,0.594294,0.587247,0.595209,0.592009,0.584276,0.592009,0.592466,1,home,0.09200900000000001,"{""deep_feature_base"": 0.2, ""phase1_base"": 0.8}"
2021020015,2021-10-13,ANA,WPG,1,0.568604,0.558179,0.563113,0.551041,0.533828,0.568604,0.558179,0.568604,0.5675058000000001,1,home,0.068604,"{""deep_feature_base"": 0.2, ""phase1_base"": 0.8}"
2021020007,2021-10-14,BUF,MTL,1,0.559738,0.551973,0.572923,0.569113,0.533041,0.559738,0.551973,0.559738,0.562375,1,home,0.05973799999999996,"{""deep_feature_base"": 0.2, ""phase1_base"": 0.8}"
2021020008,2021-10-14,OTT,TOR,1,0.475477,0.482834,0.47833,0.486544,0.537379,0.475477,0.482834,0.482834,0.4760476,0,away,0.024523000000000017,"{""deep_feature_base"": 0.2, ""phase1_base"": 0.8}"
2021020009,2021-10-14,DET,TBL,0,0.632548,0.60294,0.630898,0.600795,0.547287,0.632548,0.60294,0.632548,0.632218,1,home,0.132548,"{""deep_feature_base"": 0.2, ""phase1_base"": 0.8}"
2021020010,2021-10-14,FLA,PIT,1,0.39254,0.387278,0.454264,0.46752,0.452924,0.39254,0.387278,0.39254,0.40488480000000004,0,away,0.10746,"{""deep_feature_base"": 0.2, ""phase1_base"": 0.8}"
2021020011,2021-10-14,NYR,DAL,0,0.441709,0.479067,0.423214,0.455022,0.536294,0.441709,0.479067,0.441709,0.43801000000000007,0,away,0.05829099999999998,"{""deep_feature_base"": 0.2, ""phase1_base"": 0.8}"
2021020012,2021-10-14,CAR,NYI,1,0.573757,0.561786,0.571189,0.558448,0.547615,0.573757,0.561786,0.573757,0.5732434,1,home,0.07375699999999996,"{""deep_feature_base"": 0.2, ""phase1_base"": 0.8}"
2021020013,2021-10-14,CBJ,UTA,1,0.558438,0.551063,0.568328,0.563919,0.537927,0.558438,0.551063,0.558438,0.560416,1,home,0.05843799999999999,"{""deep_feature_base"": 0.2, ""phase1_base"": 0.8}"
2021020014,2021-10-14,NSH,SEA,0,0.588268,0.571944,0.583633,0.565919,0.546467,0.588268,0.571944,0.588268,0.587341,1,home,0.08826800000000001,"{""deep_feature_base"": 0.2, ""phase1_base"": 0.8}"
2021020016,2021-10-14,LAK,VGK,1,0.432668,0.415368,0.492952,0.493736,0.478476,0.432668,0.415368,0.432668,0.44472480000000003,0,away,0.067332,"{""deep_feature_base"": 0.2, ""phase1_base"": 0.8}"
2021020017,2021-10-15,NJD,CHI,1,0.602845,0.582147,0.610479,0.592072,0.544156,0.602845,0.582147,0.602845,0.6043718,1,home,0.10284499999999996,"{""deep_feature_base"": 0.2, ""phase1_base"": 0.8}"
2021020018,2021-10-15,PHI,VAN,0,0.611974,0.578382,0.627485,0.598546,0.581451,0.611974,0.578382,0.611974,0.6150762000000001,1,home,0.11197400000000002,"{""deep_feature_base"": 0.2, ""phase1_base"": 0.8}"
2021020019,2021-10-15,ANA,MIN,0,0.713685,0.730349,0.629415,0.620798,0.657117,0.713685,0.730349,0.713685,0.696831,1,home,0.213685,"{""deep_feature_base"": 0.2, ""phase1_base"": 0.8}"
2021020020,2021-10-16,BOS,DAL,1,0.46431,0.475017,0.471264,0.484057,0.508093,0.46431,0.475017,0.475017,0.4657008,0,away,0.03569,"{""deep_feature_base"": 0.2, ""phase1_base"": 0.8}"
2021020021,2021-10-16,BUF,UTA,1,0.808064,0.796414,0.783815,0.764891,0.64494,0.808064,0.796414,0.808064,0.8032142,1,home,0.308064,"{""deep_feature_base"": 0.2, ""phase1_base"": 0.8}"
2021020022,2021-10-16,TOR,OTT,1,0.493453,0.505573,0.495008,0.507594,0.552466,0.493453,0.505573,0.505573,0.49376400000000004,0,away,0.006547000000000025,"{""deep_feature_base"": 0.2, ""phase1_base"": 0.8}"
2021020023,2021-10-16,MTL,NYR,0,0.572085,0.57033,0.60647,0.61503,0.576364,0.572085,0.57033,0.572085,0.578962,1,home,0.07208499999999995,"{""deep_feature_base"": 0.2, ""phase1_base"": 0.8}"
2021020024,2021-10-16,DET,VAN,1,0.633602,0.67429,0.587606,0.614496,0.627267,0.633602,0.67429,0.633602,0.6244028,1,home,0.133602,"{""deep_feature_base"": 0.2, ""phase1_base"": 0.8}"
2021020025,2021-10-16,FLA,NYI,1,0.789947,0.783732,0.747191,0.72815,0.633582,0.789947,0.783732,0.789947,0.7813958000000001,1,home,0.28994699999999995,"{""deep_feature_base"": 0.2, ""phase1_base"": 0.8}"
2021020026,2021-10-16,PIT,CHI,1,0.737858,0.74727,0.737024,0.746185,0.665219,0.737858,0.74727,0.737858,0.7376912,1,home,0.237858,"{""deep_feature_base"": 0.2, ""phase1_base"": 0.8}"
2021020027,2021-10-16,WSH,TBL,0,0.781064,0.777514,0.754696,0.743236,0.666135,0.781064,0.777514,0.781064,0.7757904000000001,1,home,0.281064,"{""deep_feature_base"": 0.2, ""phase1_base"": 0.8}"
2021020028,2021-10-16,CBJ,SEA,1,0.776674,0.774441,0.753125,0.743827,0.6679,0.776674,0.774441,0.776674,0.7719642,1,home,0.276674,"{""deep_feature_base"": 0.2, ""phase1_base"": 0.8}"
2021020029,2021-10-16,NSH,CAR,0,0.40183,0.441437,0.376136,0.408035,0.566463,0.40183,0.441437,0.40183,0.3966912,0,away,0.09816999999999998,"{""deep_feature_base"": 0.2, ""phase1_base"": 0.8}"
2021020030,2021-10-16,COL,STL,0,0.633908,0.613606,0.647792,0.631655,0.564579,0.633908,0.613606,0.633908,0.6366848,1,home,0.13390800000000003,"{""deep_feature_base"": 0.2, ""phase1_base"": 0.8}"
2021020031,2021-10-16,EDM,CGY,1,0.626964,0.608745,0.643954,0.630832,0.580517,0.626964,0.608745,0.626964,0.630362,1,home,0.12696399999999997,"{""deep_feature_base"": 0.2, ""phase1_base"": 0.8}"
2021020032,2021-10-16,LAK,MIN,0,0.703982,0.723556,0.655979,0.661152,0.635658,0.703982,0.723556,0.703982,0.6943814,1,home,0.203982,"{""deep_feature_base"": 0.2, ""phase1_base"": 0.8}"
2021020033,2021-10-16,SJS,WPG,1,0.627712,0.601561,0.645009,0.624046,0.581591,0.627712,0.601561,0.627712,0.6311714000000002,1,home,0.12771200000000005,"{""deep_feature_base"": 0.2, ""phase1_base"": 0.8}"
2021020034,2021-10-17,OTT,DAL,1,0.515394,0.520932,0.52767,0.53689,0.537964,0.515394,0.520932,0.515394,0.5178492,1,home,0.015394000000000019,"{""deep_feature_base"": 0.2, ""phase1_base"": 0.8}"
2021020035,2021-10-18,TOR,NYR,0,0.709384,0.727338,0.685695,0.696543,0.703272,0.709384,0.727338,0.709384,0.7046462,1,home,0.20938400000000001,"{""deep_feature_base"": 0.2, ""phase1_base"": 0.8}"
2021020036,2021-10-18,PHI,SEA,1,0.541094,0.548636,0.560576,0.573962,0.5238,0.541094,0.548636,0.541094,0.5449904,1,home,0.041093999999999964,"{""deep_feature_base"": 0.2, ""phase1_base"": 0.8}"
2021020037,2021-10-18,CGY,ANA,0,0.363648,0.367054,0.383948,0.393444,0.45539,0.363648,0.367054,0.363648,0.36770800000000003,0,away,0.13635199999999997,"{""deep_feature_base"": 0.2, ""phase1_base"": 0.8}"
2021020038,2021-10-18,UTA,STL,0,0.325255,0.340178,0.292595,0.297721,0.422887,0.325255,0.340178,0.325255,0.31872300000000003,0,away,0.17474499999999998,"{""deep_feature_base"": 0.2, ""phase1_base"": 0.8}"
2021020039,2021-10-19,BUF,VAN,1,0.748227,0.754528,0.698132,0.689405,0.653699,0.748227,0.754528,0.748227,0.7382080000000001,1,home,0.24822699999999998,"{""deep_feature_base"": 0.2, ""phase1_base"": 0.8}"
2021020040,2021-10-19,MTL,SJS,0,0.444421,0.471251,0.42074,0.440466,0.583861,0.444421,0.471251,0.444421,0.43968480000000004,0,away,0.05557899999999999,"{""deep_feature_base"": 0.2, ""phase1_base"": 0.8}"
2021020041,2021-10-19,DET,CBJ,1,0.46124,0.492738,0.455664,0.48549,0.511099,0.46124,0.492738,0.492738,0.4601248,0,away,0.03876000000000002,"{""deep_feature_base"": 0.2, ""phase1_base"": 0.8}"
2021020042,2021-10-19,TBL,FLA,0,0.374135,0.374394,0.401605,0.410105,0.432043,0.374135,0.374394,0.374135,0.379629,0,away,0.125865,"{""deep_feature_base"": 0.2, ""phase1_base"": 0.8}"
2021020043,2021-10-19,NJD,SEA,1,0.738585,0.747779,0.683133,0.675692,0.652116,0.738585,0.747779,0.738585,0.7274946000000001,1,home,0.23858500000000005,"{""deep_feature_base"": 0.2, ""phase1_base"": 0.8}"
2021020044,2021-10-19,PIT,DAL,0,0.706981,0.725656,0.661514,0.666549,0.634105,0.706981,0.725656,0.706981,0.6978876,1,home,0.20698099999999997,"{""deep_feature_base"": 0.2, ""phase1_base"": 0.8}"
2021020045,2021-10-19,WSH,COL,1,0.574831,0.562538,0.567984,0.553638,0.562879,0.574831,0.562538,0.574831,0.5734616,1,home,0.07483099999999998,"{""deep_feature_base"": 0.2, ""phase1_base"": 0.8}"
2021020046,2021-10-19,CHI,NYI,0,0.482635,0.450345,0.513501,0.49047,0.43568,0.482635,0.450345,0.450345,0.4888082,0,away,0.01736500000000002,"{""deep_feature_base"": 0.2, ""phase1_base"": 0.8}"
2021020047,2021-10-19,NSH,LAK,1,0.452095,0.476623,0.426705,0.443615,0.520555,0.452095,0.476623,0.476623,0.44701700000000005,0,away,0.047904999999999975,"{""deep_feature_base"": 0.2, ""phase1_base"": 0.8}"
2021020048,2021-10-19,MIN,WPG,1,0.798566,0.789766,0.77797,0.762991,0.67156,0.798566,0.789766,0.798566,0.7944468,1,home,0.298566,"{""deep_feature_base"": 0.2, ""phase1_base"": 0.8}"
2021020049,2021-10-19,EDM,ANA,1,0.609039,0.596197,0.627222,0.619835,0.536342,0.609039,0.596197,0.609039,0.6126756,1,home,0.109039,"{""deep_feature_base"": 0.2, ""phase1_base"": 0.8}"
2021020050,2021-10-20,PHI,BOS,1,0.537275,0.545962,0.589397,0.613721,0.48664,0.537275,0.545962,0.537275,0.5476994,1,home,0.03727499999999995,"{""deep_feature_base"": 0.2, ""phase1_base"": 0.8}"
2021020051,2021-10-20,VGK,STL,0,0.369374,0.371061,0.37735,0.381431,0.506811,0.369374,0.371061,0.369374,0.3709692,0,away,0.13062600000000002,"{""deep_feature_base"": 0.2, ""phase1_base"": 0.8}"
2021020052,2021-10-21,MTL,CAR,0,0.301271,0.323389,0.284023,0.300967,0.418672,0.301271,0.323389,0.301271,0.2978214,0,away,0.198729,"{""deep_feature_base"": 0.2, ""phase1_base"": 0.8}"
2021020053,2021-10-21,OTT,SJS,0,0.40735,0.397645,0.43578,0.434605,0.50448,0.40735,0.397645,0.40735,0.413036,0,away,0.09265000000000001,"{""deep_feature_base"": 0.2, ""phase1_base"": 0.8}"
2021020054,2021-10-21,DET,CGY,0,0.664529,0.635041,0.682994,0.659045,0.462151,0.664529,0.635041,0.664529,0.6682220000000001,1,home,0.16452900000000004,"{""deep_feature_base"": 0.2, ""phase1_base"": 0.8}"
2021020055,2021-10-21,FLA,COL,1,0.664894,0.635296,0.705624,0.688244,0.530817,0.664894,0.635296,0.664894,0.6730400000000001,1,home,0.16489399999999999,"{""deep_feature_base"": 0.2, ""phase1_base"": 0.8}"
2021020056,2021-10-21,NJD,WSH,0,0.530649,0.531611,0.53045,0.531351,0.558891,0.530649,0.531611,0.530649,0.5306092,1,home,0.030649000000000037,"{""deep_feature_base"": 0.2, ""phase1_base"": 0.8}"
2021020057,2021-10-21,CBJ,NYI,1,0.738073,0.747421,0.731297,0.738611,0.669193,0.738073,0.747421,0.738073,0.7367178000000001,1,home,0.23807299999999998,"{""deep_feature_base"": 0.2, ""phase1_base"": 0.8}"
2021020058,2021-10-21,CHI,VAN,0,0.520871,0.524766,0.498949,0.496268,0.532579,0.520871,0.524766,0.520871,0.5164866,1,home,0.020870999999999973,"{""deep_feature_base"": 0.2, ""phase1_base"": 0.8}"
2021020059,2021-10-21,NSH,NYR,0,0.655065,0.689315,0.601445,0.619609,0.616162,0.655065,0.689315,0.655065,0.644341,1,home,0.155065,"{""deep_feature_base"": 0.2, ""phase1_base"": 0.8}"
2021020060,2021-10-21,WPG,ANA,1,0.369056,0.370839,0.36698,0.368141,0.432378,0.369056,0.370839,0.369056,0.36864080000000005,0,away,0.130944,"{""deep_feature_base"": 0.2, ""phase1_base"": 0.8}"
2021020061,2021-10-21,UTA,EDM,0,0.314749,0.332824,0.311701,0.328862,0.4485,0.314749,0.332824,0.314749,0.3141394,0,away,0.185251,"{""deep_feature_base"": 0.2, ""phase1_base"": 0.8}"
2021020062,2021-10-22,BUF,BOS,0,0.713119,0.729953,0.676545,0.682406,0.63263,0.713119,0.729953,0.713119,0.7058042,1,home,0.21311899999999995,"{""deep_feature_base"": 0.2, ""phase1_base"": 0.8}"
2021020063,2021-10-22,TOR,SJS,0,0.401085,0.39326,0.43391,0.435932,0.552999,0.401085,0.39326,0.401085,0.40765000000000007,0,away,0.09891499999999998,"{""deep_feature_base"": 0.2, ""phase1_base"": 0.8}"
2021020064,2021-10-22,DAL,LAK,1,0.545257,0.541836,0.54973,0.547651,0.531685,0.545257,0.541836,0.545257,0.5461516000000001,1,home,0.04525699999999999,"{""deep_feature_base"": 0.2, ""phase1_base"": 0.8}"
2021020065,2021-10-22,VGK,EDM,0,0.342733,0.352413,0.312619,0.313265,0.467458,0.342733,0.352413,0.342733,0.3367102,0,away,0.157267,"{""deep_feature_base"": 0.2, ""phase1_base"": 0.8}"
2021020066,2021-10-23,MTL,DET,1,0.371057,0.37224,0.338133,0.329439,0.437587,0.371057,0.37224,0.371057,0.3644722,0,away,0.12894299999999997,"{""deep_feature_base"": 0.2, ""phase1_base"": 0.8}"
2021020067,2021-10-23,OTT,NYR,0,0.638509,0.677726,0.598338,0.625503,0.676139,0.638509,0.677726,0.638509,0.6304748,1,home,0.138509,"{""deep_feature_base"": 0.2, ""phase1_base"": 0.8}"
2021020068,2021-10-23,TBL,COL,0,0.558047,0.550789,0.560828,0.554405,0.516737,0.558047,0.550789,0.558047,0.5586032,1,home,0.05804699999999996,"{""deep_feature_base"": 0.2, ""phase1_base"": 0.8}"
2021020069,2021-10-23,NJD,BUF,1,0.537126,0.536145,0.541485,0.541811,0.59226,0.537126,0.536145,0.537126,0.5379978,1,home,0.03712599999999999,"{""deep_feature_base"": 0.2, ""phase1_base"": 0.8}"
2021020070,2021-10-23,PHI,FLA,0,0.505235,0.513821,0.498668,0.505283,0.540149,0.505235,0.513821,0.505235,0.5039216,1,home,0.00523499999999999,"{""deep_feature_base"": 0.2, ""phase1_base"": 0.8}"
2021020071,2021-10-23,PIT,TOR,1,0.594106,0.585745,0.596476,0.588825,0.566892,0.594106,0.585745,0.594106,0.5945800000000001,1,home,0.09410600000000002,"{""deep_feature_base"": 0.2, ""phase1_base"": 0.8}"
2021020072,2021-10-23,WSH,CGY,0,0.759234,0.762233,0.727181,0.720563,0.637521,0.759234,0.762233,0.759234,0.7528234,1,home,0.25923399999999996,"{""deep_feature_base"": 0.2, ""phase1_base"": 0.8}"
2021020073,2021-10-23,CBJ,CAR,0,0.502375,0.513825,0.488039,0.495188,0.581315,0.502375,0.513825,0.502375,0.49950780000000006,0,away,0.002375000000000016,"{""deep_feature_base"": 0.2, ""phase1_base"": 0.8}"
2021020074,2021-10-23,STL,LAK,1,0.630576,0.611274,0.678049,0.672989,0.482258,0.630576,0.611274,0.630576,0.6400706,1,home,0.13057600000000003,"{""deep_feature_base"": 0.2, ""phase1_base"": 0.8}"
2021020075,2021-10-23,MIN,ANA,1,0.650714,0.62537,0.675761,0.657931,0.566223,0.650714,0.62537,0.650714,0.6557234000000001,1,home,0.15071400000000001,"{""deep_feature_base"": 0.2, ""phase1_base"": 0.8}"
2021020076,2021-10-23,WPG,NSH,1,0.444136,0.423395,0.483545,0.474627,0.409627,0.444136,0.423395,0.444136,0.45201779999999997,0,away,0.055864000000000025,"{""deep_feature_base"": 0.2, ""phase1_base"": 0.8}"
2021020077,2021-10-23,UTA,NYI,0,0.49379,0.505809,0.473087,0.478895,0.51251,0.49379,0.505809,0.505809,0.48964940000000007,0,away,0.006209999999999993,"{""deep_feature_base"": 0.2, ""phase1_base"": 0.8}"
2021020078,2021-10-23,SEA,VAN,0,0.450571,0.4279,0.482101,0.468888,0.45703,0.450571,0.4279,0.4279,0.45687700000000003,0,away,0.049429,"{""deep_feature_base"": 0.2, ""phase1_base"": 0.8}"
2021020079,2021-10-24,BOS,SJS,1,0.516157,0.521466,0.484365,0.480136,0.555332,0.516157,0.521466,0.516157,0.5097986,1,home,0.016156999999999977,"{""deep_feature_base"": 0.2, ""phase1_base"": 0.8}"
2021020080,2021-10-24,CHI,DET,0,0.396339,0.389937,0.400848,0.395799,0.481076,0.396339,0.389937,0.396339,0.3972408,0,away,0.103661,"{""deep_feature_base"": 0.2, ""phase1_base"": 0.8}"
2021020081,2021-10-24,MIN,NSH,0,0.666206,0.636214,0.674916,0.647538,0.578786,0.666206,0.636214,0.666206,0.667948,1,home,0.16620599999999996,"{""deep_feature_base"": 0.2, ""phase1_base"": 0.8}"
2021020082,2021-10-24,VGK,NYI,0,0.525932,0.538022,0.488293,0.489093,0.607531,0.525932,0.538022,0.525932,0.5184042,1,home,0.025931999999999955,"{""deep_feature_base"": 0.2, ""phase1_base"": 0.8}"
2021020083,2021-10-25,BUF,TBL,1,0.578299,0.574679,0.599293,0.601972,0.566151,0.578299,0.574679,0.578299,0.5824978000000001,1,home,0.07829900000000001,"{""deep_feature_base"": 0.2, ""phase1_base"": 0.8}"
2021020084,2021-10-25,OTT,WSH,0,0.382337,0.380136,0.354397,0.343813,0.426432,0.382337,0.380136,0.382337,0.376749,0,away,0.11766300000000002,"{""deep_feature_base"": 0.2, ""phase1_base"": 0.8}"
2021020085,2021-10-25,FLA,UTA,1,0.817374,0.802931,0.829331,0.818476,0.684891,0.817374,0.802931,0.817374,0.8197654000000001,1,home,0.31737400000000004,"{""deep_feature_base"": 0.2, ""phase1_base"": 0.8}"
2021020086,2021-10-25,NYR,CGY,0,0.585585,0.579779,0.627553,0.634339,0.566863,0.585585,0.579779,0.585585,0.5939786,1,home,0.08558500000000002,"{""deep_feature_base"": 0.2, ""phase1_base"": 0.8}"
2021020087,2021-10-25,CAR,TOR,1,0.790058,0.78381,0.784735,0.77689,0.660145,0.790058,0.78381,0.790058,0.7889934000000001,1,home,0.29005800000000004,"{""deep_feature_base"": 0.2, ""phase1_base"": 0.8}"
2021020088,2021-10-25,CBJ,DAL,1,0.553353,0.557217,0.544689,0.545954,0.527087,0.553353,0.557217,0.553353,0.5516202,1,home,0.053352999999999984,"{""deep_feature_base"": 0.2, ""phase1_base"": 0.8}"
2021020089,2021-10-25,STL,LAK,1,0.756048,0.760003,0.731983,0.728718,0.61755,0.756048,0.760003,0.756048,0.7512350000000001,1,home,0.25604800000000005,"{""deep_feature_base"": 0.2, ""phase1_base"": 0.8}"
2021020090,2021-10-26,NJD,CGY,0,0.661886,0.694089,0.596312,0.608843,0.701405,0.661886,0.694089,0.661886,0.6487712,1,home,0.16188599999999997,"{""deep_feature_base"": 0.2, ""phase1_base"": 0.8}"
2021020091,2021-10-26,PIT,TBL,0,0.737578,0.747074,0.712786,0.714845,0.670623,0.737578,0.747074,0.737578,0.7326196,1,home,0.23757799999999996,"{""deep_feature_base"": 0.2, ""phase1_base"": 0.8}"
2021020092,2021-10-26,NSH,SJS,1,0.41114,0.400298,0.44566,0.445173,0.435712,0.41114,0.400298,0.41114,0.418044,0,away,0.08886,"{""deep_feature_base"": 0.2, ""phase1_base"": 0.8}"
2021020093,2021-10-26,COL,VGK,0,0.603946,0.592633,0.634225,0.631995,0.556453,0.603946,0.592633,0.603946,0.6100018,1,home,0.10394599999999998,"{""deep_feature_base"": 0.2, ""phase1_base"": 0.8}"
2021020094,2021-10-26,VAN,MIN,0,0.494267,0.515857,0.513844,0.541307,0.585393,0.494267,0.515857,0.515857,0.4981824,0,away,0.005732999999999988,"{""deep_feature_base"": 0.2, ""phase1_base"": 0.8}"
2021020095,2021-10-26,ANA,WPG,0,0.553021,0.556985,0.547447,0.549739,0.6199,0.553021,0.556985,0.553021,0.5519062,1,home,0.053020999999999985,"{""deep_feature_base"": 0.2, ""phase1_base"": 0.8}"
2021020096,2021-10-26,SEA,MTL,1,0.552256,0.556449,0.541095,0.54194,0.5701,0.552256,0.556449,0.552256,0.5500238,1,home,0.05225599999999997,"{""deep_feature_base"": 0.2, ""phase1_base"": 0.8}"
2021020097,2021-10-27,FLA,BOS,1,0.721201,0.73561,0.698541,0.706152,0.661311,0.721201,0.73561,0.721201,0.716669,1,home,0.22120099999999998,"{""deep_feature_base"": 0.2, ""phase1_base"": 0.8}"
2021020098,2021-10-27,WSH,DET,0,0.626059,0.608112,0.665124,0.658895,0.567636,0.626059,0.608112,0.626059,0.6338720000000001,1,home,0.12605900000000003,"{""deep_feature_base"": 0.2, ""phase1_base"": 0.8}"
2021020099,2021-10-27,CHI,TOR,0,0.512059,0.528311,0.498672,0.510909,0.60071,0.512059,0.528311,0.512059,0.5093816,1,home,0.012059000000000042,"{""deep_feature_base"": 0.2, ""phase1_base"": 0.8}"
2021020100,2021-10-27,DAL,VGK,0,0.601226,0.590729,0.653067,0.658121,0.596342,0.601226,0.590729,0.601226,0.6115942000000001,1,home,0.10122600000000004,"{""deep_feature_base"": 0.2, ""phase1_base"": 0.8}"
2021020101,2021-10-27,EDM,PHI,0,0.605126,0.593459,0.635886,0.633447,0.538828,0.605126,0.593459,0.605126,0.611278,1,home,0.10512600000000005,"{""deep_feature_base"": 0.2, ""phase1_base"": 0.8}"
2021020102,2021-10-28,TBL,UTA,1,0.630021,0.610885,0.671127,0.664322,0.556301,0.630021,0.610885,0.630021,0.6382422000000001,1,home,0.13002100000000005,"{""deep_feature_base"": 0.2, ""phase1_base"": 0.8}"
2021020103,2021-10-28,PIT,CGY,0,0.518998,0.523455,0.470371,0.460239,0.487073,0.518998,0.523455,0.518998,0.5092726,1,home,0.01899799999999996,"{""deep_feature_base"": 0.2, ""phase1_base"": 0.8}"
2021020104,2021-10-28,CAR,BOS,1,0.743433,0.751172,0.751554,0.76173,0.661232,0.743433,0.751172,0.743433,0.7450572,1,home,0.243433,"{""deep_feature_base"": 0.2, ""phase1_base"": 0.8}"
2021020105,2021-10-28,STL,COL,0,0.760575,0.763172,0.702901,0.688195,0.60379,0.760575,0.763172,0.760575,0.7490402,1,home,0.260575,"{""deep_feature_base"": 0.2, ""phase1_base"": 0.8}"
2021020106,2021-10-28,VAN,PHI,0,0.378544,0.377481,0.40866,0.416632,0.419209,0.378544,0.377481,0.378544,0.38456720000000005,0,away,0.12145600000000001,"{""deep_feature_base"": 0.2, ""phase1_base"": 0.8}"
2021020107,2021-10-28,ANA,BUF,0,0.487866,0.501663,0.459174,0.464363,0.497437,0.487866,0.501663,0.501663,0.48212760000000005,0,away,0.012133999999999978,"{""deep_feature_base"": 0.2, ""phase1_base"": 0.8}"
2021020108,2021-10-28,LAK,WPG,0,0.444956,0.423969,0.444248,0.423049,0.518161,0.444956,0.423969,0.444956,0.44481440000000005,0,away,0.05504399999999998,"{""deep_feature_base"": 0.2, ""phase1_base"": 0.8}"
2021020109,2021-10-28,SJS,MTL,0,0.730681,0.742246,0.686484,0.68479,0.671065,0.730681,0.742246,0.730681,0.7218416000000001,1,home,0.23068100000000002,"{""deep_feature_base"": 0.2, ""phase1_base"": 0.8}"
2021020110,2021-10-28,SEA,MIN,1,0.456278,0.479551,0.421115,0.433839,0.489935,0.456278,0.479551,0.479551,0.4492454,0,away,0.04372199999999998,"{""deep_feature_base"": 0.2, ""phase1_base"": 0.8}"
2021020111,2021-10-29,DET,FLA,0,0.418366,0.442856,0.382286,0.395952,0.508883,0.418366,0.442856,0.418366,0.41115,0,away,0.08163399999999998,"{""deep_feature_base"": 0.2, ""phase1_base"": 0.8}"
2021020112,2021-10-29,NYR,CBJ,1,0.499195,0.509593,0.454849,0.451943,0.519784,0.499195,0.509593,0.509593,0.49032580000000003,0,away,0.0008050000000000002,"{""deep_feature_base"": 0.2, ""phase1_base"": 0.8}"
2021020113,2021-10-29,WSH,UTA,1,0.682527,0.647639,0.725958,0.704099,0.569132,0.682527,0.647639,0.682527,0.6912132,1,home,0.182527,"{""deep_feature_base"": 0.2, ""phase1_base"": 0.8}"
2021020114,2021-10-29,CAR,CHI,1,0.823578,0.807274,0.815752,0.797101,0.666048,0.823578,0.807274,0.823578,0.8220128000000001,1,home,0.32357800000000003,"{""deep_feature_base"": 0.2, ""phase1_base"": 0.8}"
2021020115,2021-10-29,DAL,OTT,0,0.695191,0.717403,0.63247,0.635866,0.669554,0.695191,0.717403,0.695191,0.6826468,1,home,0.195191,"{""deep_feature_base"": 0.2, ""phase1_base"": 0.8}"
2021020116,2021-10-29,VGK,ANA,1,0.576604,0.563779,0.579578,0.567645,0.555775,0.576604,0.563779,0.576604,0.5771988,1,home,0.076604,"{""deep_feature_base"": 0.2, ""phase1_base"": 0.8}"
2021020117,2021-10-30,BOS,FLA,1,0.354274,0.360492,0.35212,0.357691,0.415821,0.354274,0.360492,0.354274,0.35384319999999997,0,away,0.14572600000000002,"{""deep_feature_base"": 0.2, ""phase1_base"": 0.8}"
2021020118,2021-10-30,TOR,DET,1,0.504554,0.513344,0.472464,0.471627,0.483715,0.504554,0.513344,0.504554,0.49813599999999997,0,away,0.004553999999999947,"{""deep_feature_base"": 0.2, ""phase1_base"": 0.8}"
2021020119,2021-10-30,PIT,NJD,0,0.647869,0.684278,0.601025,0.62338,0.661473,0.647869,0.684278,0.647869,0.6385002000000001,1,home,0.14786900000000003,"{""deep_feature_base"": 0.2, ""phase1_base"": 0.8}"
2021020120,2021-10-30,STL,CHI,1,0.796583,0.788377,0.805825,0.800392,0.617478,0.796583,0.788377,0.796583,0.7984314000000001,1,home,0.29658300000000004,"{""deep_feature_base"": 0.2, ""phase1_base"": 0.8}"
2021020121,2021-10-30,NSH,NYI,1,0.658539,0.691747,0.594366,0.608322,0.629945,0.658539,0.691747,0.658539,0.6457044000000001,1,home,0.15853899999999999,"{""deep_feature_base"": 0.2, ""phase1_base"": 0.8}"
2021020122,2021-10-30,COL,MIN,1,0.503478,0.512591,0.498208,0.50574,0.54161,0.503478,0.512591,0.503478,0.502424,1,home,0.003477999999999981,"{""deep_feature_base"": 0.2, ""phase1_base"": 0.8}"
2021020123,2021-10-30,CGY,PHI,1,0.527707,0.529551,0.537884,0.542782,0.484148,0.527707,0.529551,0.527707,0.5297424000000001,1,home,0.027707000000000037,"{""deep_feature_base"": 0.2, ""phase1_base"": 0.8}"
2021020124,2021-10-30,VAN,EDM,0,0.364933,0.367953,0.391724,0.402782,0.502487,0.364933,0.367953,0.364933,0.3702912,0,away,0.135067,"{""deep_feature_base"": 0.2, ""phase1_base"": 0.8}"
2021020125,2021-10-30,LAK,MTL,1,0.555305,0.558583,0.528368,0.523566,0.64245,0.555305,0.558583,0.555305,0.5499176000000001,1,home,0.05530500000000005,"{""deep_feature_base"": 0.2, ""phase1_base"": 0.8}"
2021020126,2021-10-30,SJS,WPG,1,0.532869,0.533165,0.50561,0.497728,0.625445,0.532869,0.533165,0.532869,0.5274172,1,home,0.03286900000000004,"{""deep_feature_base"": 0.2, ""phase1_base"": 0.8}"
2021020127,2021-10-31,NJD,CBJ,0,0.520983,0.514688,0.507061,0.49659,0.471833,0.520983,0.514688,0.520983,0.5181986000000001,1,home,0.020982999999999974,"{""deep_feature_base"": 0.2, ""phase1_base"": 0.8}"
2021020128,2021-10-31,CAR,UTA,1,0.823325,0.807096,0.842647,0.832216,0.706051,0.823325,0.807096,0.823325,0.8271894000000001,1,home,0.323325,"{""deep_feature_base"": 0.2, ""phase1_base"": 0.8}"
2021020129,2021-10-31,ANA,MTL,1,0.649227,0.685228,0.598927,0.619838,0.679755,0.649227,0.685228,0.649227,0.639167,1,home,0.149227,"{""deep_feature_base"": 0.2, ""phase1_base"": 0.8}"
2021020130,2021-10-31,LAK,BUF,1,0.424539,0.409677,0.421361,0.405546,0.423031,0.424539,0.409677,0.424539,0.42390340000000004,0,away,0.075461,"{""deep_feature_base"": 0.2, ""phase1_base"": 0.8}"
2021020131,2021-10-31,SEA,NYR,0,0.512133,0.518649,0.488304,0.487671,0.497351,0.512133,0.518649,0.512133,0.5073672,1,home,0.01213299999999995,"{""deep_feature_base"": 0.2, ""phase1_base"": 0.8}"
2021020132,2021-11-01,TBL,WSH,1,0.606202,0.655111,0.543153,0.573147,0.685673,0.606202,0.655111,0.606202,0.5935922,1,home,0.10620200000000002,"{""deep_feature_base"": 0.2, ""phase1_base"": 0.8}"
2021020133,2021-11-01,CHI,OTT,1,0.454439,0.478263,0.417441,0.430166,0.553624,0.454439,0.478263,0.478263,0.44703940000000003,0,away,0.04556100000000002,"{""deep_feature_base"": 0.2, ""phase1_base"": 0.8}"
2021020134,2021-11-01,EDM,SEA,1,0.741778,0.750014,0.686555,0.678224,0.634276,0.741778,0.750014,0.741778,0.7307334000000001,1,home,0.24177800000000005,"{""deep_feature_base"": 0.2, ""phase1_base"": 0.8}"
2021020135,2021-11-02,TOR,VGK,1,0.520174,0.524278,0.480774,0.473059,0.489723,0.520174,0.524278,0.520174,0.512294,1,home,0.020174000000000025,"{""deep_feature_base"": 0.2, ""phase1_base"": 0.8}"
2021020136,2021-11-02,MTL,DET,1,0.48224,0.487568,0.462182,0.461493,0.447824,0.48224,0.487568,0.487568,0.4782284,0,away,0.017759999999999998,"{""deep_feature_base"": 0.2, ""phase1_base"": 0.8}"
2021020137,2021-11-02,PHI,UTA,1,0.778069,0.775418,0.749799,0.738667,0.677525,0.778069,0.775418,0.778069,0.7724150000000001,1,home,0.278069,"{""deep_feature_base"": 0.2, ""phase1_base"": 0.8}"
2021020138,2021-11-02,MIN,OTT,1,0.606695,0.594557,0.589534,0.572247,0.579368,0.606695,0.594557,0.606695,0.6032628,1,home,0.10669499999999998,"{""deep_feature_base"": 0.2, ""phase1_base"": 0.8}"
2021020139,2021-11-02,WPG,DAL,1,0.659811,0.692637,0.657003,0.688987,0.648617,0.659811,0.692637,0.659811,0.6592494,1,home,0.15981100000000004,"{""deep_feature_base"": 0.2, ""phase1_base"": 0.8}"
2021020140,2021-11-02,CGY,NSH,0,0.607158,0.594881,0.649983,0.650552,0.592252,0.607158,0.594881,0.607158,0.615723,1,home,0.10715799999999998,"{""deep_feature_base"": 0.2, ""phase1_base"": 0.8}"
2021020141,2021-11-02,VAN,NYR,1,0.471529,0.492232,0.451417,0.466087,0.573043,0.471529,0.492232,0.492232,0.4675066,0,away,0.028471000000000024,"{""deep_feature_base"": 0.2, ""phase1_base"": 0.8}"
2021020142,2021-11-02,ANA,NJD,1,0.512598,0.528689,0.517563,0.535143,0.528282,0.512598,0.528689,0.512598,0.513591,1,home,0.012597999999999998,"{""deep_feature_base"": 0.2, ""phase1_base"": 0.8}"
2021020143,2021-11-02,SJS,BUF,1,0.552183,0.556398,0.531122,0.529018,0.600105,0.552183,0.556398,0.552183,0.5479708,1,home,0.05218299999999998,"{""deep_feature_base"": 0.2, ""phase1_base"": 0.8}"
2021020144,2021-11-03,CHI,CAR,0,0.286208,0.312846,0.265307,0.285675,0.398417,0.286208,0.312846,0.286208,0.28202780000000005,0,away,0.21379199999999998,"{""deep_feature_base"": 0.2, ""phase1_base"": 0.8}"
2021020145,2021-11-03,COL,CBJ,0,0.54003,0.547891,0.546483,0.55628,0.563682,0.54003,0.547891,0.54003,0.5413206,1,home,0.04003000000000001,"{""deep_feature_base"": 0.2, ""phase1_base"": 0.8}"
2021020146,2021-11-03,EDM,NSH,1,0.6069,0.5947,0.626991,0.620818,0.577366,0.6069,0.5947,0.6069,0.6109182,1,home,0.1069,"{""deep_feature_base"": 0.2, ""phase1_base"": 0.8}"
2021020147,2021-11-03,LAK,STL,1,0.392031,0.386922,0.407043,0.406437,0.447731,0.392031,0.386922,0.392031,0.39503340000000003,0,away,0.10796899999999998,"{""deep_feature_base"": 0.2, ""phase1_base"": 0.8}"
2021020148,2021-11-04,BOS,DET,1,0.57054,0.549378,0.564223,0.541167,0.53355,0.57054,0.549378,0.57054,0.5692766,1,home,0.07054000000000005,"{""deep_feature_base"": 0.2, ""phase1_base"": 0.8}"
2021020149,2021-11-04,TOR,TBL,1,0.441674,0.421672,0.47686,0.467414,0.419283,0.441674,0.421672,0.441674,0.44871120000000003,0,away,0.05832599999999999,"{""deep_feature_base"": 0.2, ""phase1_base"": 0.8}"
2021020150,2021-11-04,MTL,NYI,0,0.433963,0.416274,0.462554,0.453443,0.425152,0.433963,0.416274,0.433963,0.4396812,0,away,0.06603700000000001,"{""deep_feature_base"": 0.2, ""phase1_base"": 0.8}"
2021020151,2021-11-04,OTT,VGK,0,0.520298,0.524365,0.505535,0.505173,0.475661,0.520298,0.524365,0.520298,0.5173454000000001,1,home,0.020298000000000038,"{""deep_feature_base"": 0.2, ""phase1_base"": 0.8}"
2021020152,2021-11-04,FLA,WSH,1,0.715804,0.731832,0.722886,0.741038,0.704269,0.715804,0.731832,0.715804,0.7172204,1,home,0.215804,"{""deep_feature_base"": 0.2, ""phase1_base"": 0.8}"
2021020153,2021-11-04,PIT,PHI,1,0.469913,0.491101,0.450292,0.465594,0.502053,0.469913,0.491101,0.491101,0.4659888000000001,0,away,0.030086999999999975,"{""deep_feature_base"": 0.2, ""phase1_base"": 0.8}"
2021020154,2021-11-04,CGY,DAL,0,0.725319,0.738493,0.694651,0.698624,0.647522,0.725319,0.738493,0.725319,0.7191854000000001,1,home,0.22531900000000005,"{""deep_feature_base"": 0.2, ""phase1_base"": 0.8}"
2021020155,2021-11-04,SJS,STL,0,0.503625,0.512694,0.46297,0.459842,0.541863,0.503625,0.512694,0.503625,0.49549400000000005,0,away,0.0036249999999999893,"{""deep_feature_base"": 0.2, ""phase1_base"": 0.8}"
2021020156,2021-11-04,SEA,BUF,1,0.505167,0.503617,0.486874,0.479836,0.46543,0.505167,0.503617,0.505167,0.5015084000000001,1,home,0.005167000000000033,"{""deep_feature_base"": 0.2, ""phase1_base"": 0.8}"
2021020157,2021-11-05,WPG,CHI,1,0.731279,0.742664,0.686965,0.685057,0.673992,0.731279,0.742664,0.731279,0.7224162000000001,1,home,0.231279,"{""deep_feature_base"": 0.2, ""phase1_base"": 0.8}"
2021020158,2021-11-05,EDM,NYR,1,0.720847,0.735362,0.706094,0.716183,0.664348,0.720847,0.735362,0.720847,0.7178964,1,home,0.22084700000000002,"{""deep_feature_base"": 0.2, ""phase1_base"": 0.8}"
2021020159,2021-11-05,VAN,NSH,0,0.498533,0.509129,0.473948,0.477169,0.57777,0.498533,0.509129,0.509129,0.49361600000000005,0,away,0.001466999999999996,"{""deep_feature_base"": 0.2, ""phase1_base"": 0.8}"
2021020160,2021-11-05,ANA,UTA,1,0.627144,0.608871,0.647411,0.635218,0.519382,0.627144,0.608871,0.627144,0.6311974,1,home,0.12714400000000003,"{""deep_feature_base"": 0.2, ""phase1_base"": 0.8}"
2021020161,2021-11-05,LAK,NJD,1,0.681077,0.707523,0.612226,0.618017,0.65458,0.681077,0.707523,0.681077,0.6673068000000001,1,home,0.18107700000000004,"{""deep_feature_base"": 0.2, ""phase1_base"": 0.8}"
2021020162,2021-11-06,BUF,DET,0,0.552535,0.546931,0.557628,0.553551,0.516997,0.552535,0.546931,0.552535,0.5535536000000001,1,home,0.052535,"{""deep_feature_base"": 0.2, ""phase1_base"": 0.8}"
2021020163,2021-11-06,TOR,BOS,1,0.508999,0.518461,0.542756,0.562345,0.469883,0.508999,0.518461,0.508999,0.5157503999999999,1,home,0.00899899999999998,"{""deep_feature_base"": 0.2, ""phase1_base"": 0.8}"
2021020164,2021-11-06,MTL,VGK,0,0.41513,0.403091,0.429211,0.421396,0.443239,0.41513,0.403091,0.41513,0.41794620000000005,0,away,0.08487,"{""deep_feature_base"": 0.2, ""phase1_base"": 0.8}"
2021020165,2021-11-06,OTT,TBL,0,0.48472,0.49946,0.465384,0.474323,0.489255,0.48472,0.49946,0.49946,0.4808528,0,away,0.015280000000000016,"{""deep_feature_base"": 0.2, ""phase1_base"": 0.8}"
2021020166,2021-11-06,FLA,CAR,1,0.525793,0.528211,0.462786,0.446302,0.518721,0.525793,0.528211,0.525793,0.5131916,1,home,0.025792999999999955,"{""deep_feature_base"": 0.2, ""phase1_base"": 0.8}"
2021020167,2021-11-06,PIT,MIN,0,0.621656,0.665928,0.564688,0.59187,0.632649,0.621656,0.665928,0.621656,0.6102624,1,home,0.12165599999999999,"{""deep_feature_base"": 0.2, ""phase1_base"": 0.8}"
2021020168,2021-11-06,WSH,PHI,0,0.456066,0.431746,0.465554,0.44408,0.417469,0.456066,0.431746,0.431746,0.4579636,0,away,0.04393399999999997,"{""deep_feature_base"": 0.2, ""phase1_base"": 0.8}"
2021020169,2021-11-06,CBJ,COL,1,0.581817,0.569434,0.577567,0.563909,0.56593,0.581817,0.569434,0.581817,0.580967,1,home,0.08181700000000003,"{""deep_feature_base"": 0.2, ""phase1_base"": 0.8}"
2021020170,2021-11-06,WPG,NYI,0,0.55478,0.558216,0.564434,0.570766,0.56227,0.55478,0.558216,0.55478,0.5567108000000001,1,home,0.05478000000000005,"{""deep_feature_base"": 0.2, ""phase1_base"": 0.8}"
2021020171,2021-11-06,CGY,NYR,1,0.580406,0.576155,0.564984,0.556106,0.515338,0.580406,0.576155,0.580406,0.5773216,1,home,0.08040599999999998,"{""deep_feature_base"": 0.2, ""phase1_base"": 0.8}"
2021020172,2021-11-06,UTA,SEA,1,0.440096,0.458067,0.412118,0.421696,0.576459,0.440096,0.458067,0.440096,0.4345004,0,away,0.05990400000000001,"{""deep_feature_base"": 0.2, ""phase1_base"": 0.8}"
2021020173,2021-11-06,SJS,NJD,0,0.678677,0.705843,0.623635,0.634289,0.666244,0.678677,0.705843,0.678677,0.6676686000000001,1,home,0.17867699999999997,"{""deep_feature_base"": 0.2, ""phase1_base"": 0.8}"
2021020174,2021-11-07,DET,VGK,1,0.505244,0.513827,0.458856,0.453523,0.53893,0.505244,0.513827,0.505244,0.49596640000000003,0,away,0.005244000000000026,"{""deep_feature_base"": 0.2, ""phase1_base"": 0.8}"
2021020175,2021-11-07,CHI,NSH,1,0.354882,0.360917,0.366693,0.376272,0.420035,0.354882,0.360917,0.354882,0.3572442,0,away,0.14511800000000002,"{""deep_feature_base"": 0.2, ""phase1_base"": 0.8}"
2021020176,2021-11-07,MIN,NYI,1,0.554086,0.548016,0.548539,0.540805,0.529916,0.554086,0.548016,0.554086,0.5529766,1,home,0.05408599999999997,"{""deep_feature_base"": 0.2, ""phase1_base"": 0.8}"
2021020177,2021-11-07,VAN,DAL,1,0.513871,0.521872,0.527404,0.539465,0.566206,0.513871,0.521872,0.513871,0.5165776,1,home,0.013870999999999967,"{""deep_feature_base"": 0.2, ""phase1_base"": 0.8}"
2021020178,2021-11-07,ANA,STL,1,0.471587,0.490267,0.455573,0.469449,0.475886,0.471587,0.490267,0.490267,0.4683842,0,away,0.02841300000000002,"{""deep_feature_base"": 0.2, ""phase1_base"": 0.8}"
2021020179,2021-11-08,TOR,LAK,0,0.55821,0.560617,0.593227,0.60614,0.516685,0.55821,0.560617,0.55821,0.5652134,1,home,0.058209999999999984,"{""deep_feature_base"": 0.2, ""phase1_base"": 0.8}"
2021020180,2021-11-08,NYR,FLA,1,0.348689,0.356582,0.355446,0.365367,0.4611,0.348689,0.356582,0.348689,0.35004040000000003,0,away,0.15131099999999997,"{""deep_feature_base"": 0.2, ""phase1_base"": 0.8}"
2021020181,2021-11-08,WSH,BUF,1,0.516756,0.474229,0.542575,0.507794,0.489285,0.516756,0.474229,0.516756,0.5219198,1,home,0.016755999999999993,"{""deep_feature_base"": 0.2, ""phase1_base"": 0.8}"
2021020182,2021-11-09,BOS,OTT,1,0.636642,0.615519,0.650772,0.633889,0.596562,0.636642,0.615519,0.636642,0.639468,1,home,0.13664200000000004,"{""deep_feature_base"": 0.2, ""phase1_base"": 0.8}"
2021020183,2021-11-09,MTL,LAK,0,0.376037,0.375726,0.376269,0.376028,0.476682,0.376037,0.375726,0.376037,0.37608340000000007,0,away,0.12396299999999999,"{""deep_feature_base"": 0.2, ""phase1_base"": 0.8}"
2021020184,2021-11-09,DET,EDM,1,0.446662,0.47282,0.401294,0.413842,0.51484,0.446662,0.47282,0.446662,0.43758840000000004,0,away,0.053337999999999997,"{""deep_feature_base"": 0.2, ""phase1_base"": 0.8}"
2021020185,2021-11-09,TBL,CAR,0,0.460667,0.484629,0.471364,0.498534,0.557493,0.460667,0.484629,0.484629,0.4628064,0,away,0.03933300000000001,"{""deep_feature_base"": 0.2, ""phase1_base"": 0.8}"
2021020186,2021-11-09,NJD,FLA,1,0.43616,0.465468,0.398363,0.416332,0.583761,0.43616,0.465468,0.43616,0.4286006,0,away,0.06384000000000001,"{""deep_feature_base"": 0.2, ""phase1_base"": 0.8}"
2021020187,2021-11-09,CHI,PIT,1,0.409368,0.399058,0.43077,0.42688,0.459749,0.409368,0.399058,0.409368,0.4136484,0,away,0.09063199999999999,"{""deep_feature_base"": 0.2, ""phase1_base"": 0.8}"
2021020188,2021-11-09,WPG,STL,0,0.50016,0.510268,0.517418,0.532703,0.541234,0.50016,0.510268,0.50016,0.5036116,1,home,0.000160000000000049,"{""deep_feature_base"": 0.2, ""phase1_base"": 0.8}"
2021020189,2021-11-09,CGY,SJS,0,0.618325,0.602698,0.662565,0.66021,0.534953,0.618325,0.602698,0.618325,0.627173,1,home,0.11832500000000001,"{""deep_feature_base"": 0.2, ""phase1_base"": 0.8}"
2021020190,2021-11-09,VAN,ANA,0,0.519021,0.523471,0.508404,0.509668,0.555758,0.519021,0.523471,0.519021,0.5168976,1,home,0.019020999999999955,"{""deep_feature_base"": 0.2, ""phase1_base"": 0.8}"
2021020191,2021-11-09,VGK,SEA,1,0.683435,0.709174,0.637714,0.649737,0.694513,0.683435,0.709174,0.683435,0.6742908000000001,1,home,0.18343500000000001,"{""deep_feature_base"": 0.2, ""phase1_base"": 0.8}"
2021020192,2021-11-10,PHI,TOR,0,0.590441,0.575471,0.603413,0.592334,0.55933,0.590441,0.575471,0.590441,0.5930354,1,home,0.090441,"{""deep_feature_base"": 0.2, ""phase1_base"": 0.8}"
2021020193,2021-11-10,DAL,NSH,0,0.495066,0.496546,0.474986,0.470443,0.487668,0.495066,0.496546,0.496546,0.49105000000000004,0,away,0.004933999999999994,"{""deep_feature_base"": 0.2, ""phase1_base"": 0.8}"
2021020194,2021-11-10,UTA,MIN,0,0.336703,0.348192,0.311817,0.31584,0.441047,0.336703,0.348192,0.336703,0.3317258,0,away,0.16329700000000003,"{""deep_feature_base"": 0.2, ""phase1_base"": 0.8}"
2021020195,2021-11-11,BOS,EDM,0,0.503245,0.512428,0.484296,0.487795,0.584057,0.503245,0.512428,0.503245,0.4994552000000001,0,away,0.0032450000000000534,"{""deep_feature_base"": 0.2, ""phase1_base"": 0.8}"
2021020196,2021-11-11,MTL,CGY,1,0.372309,0.373116,0.362219,0.359999,0.474332,0.372309,0.373116,0.372309,0.37029100000000004,0,away,0.127691,"{""deep_feature_base"": 0.2, ""phase1_base"": 0.8}"
2021020197,2021-11-11,OTT,LAK,0,0.360804,0.365063,0.355827,0.358593,0.488284,0.360804,0.365063,0.360804,0.35980860000000003,0,away,0.139196,"{""deep_feature_base"": 0.2, ""phase1_base"": 0.8}"
2021020198,2021-11-11,DET,WSH,0,0.530578,0.541275,0.530022,0.540552,0.527463,0.530578,0.541275,0.530578,0.5304668,1,home,0.030577999999999994,"{""deep_feature_base"": 0.2, ""phase1_base"": 0.8}"
2021020199,2021-11-11,NJD,NYI,1,0.538438,0.537063,0.491276,0.475753,0.511828,0.538438,0.537063,0.538438,0.5290056,1,home,0.03843799999999997,"{""deep_feature_base"": 0.2, ""phase1_base"": 0.8}"
2021020200,2021-11-11,PIT,FLA,1,0.436461,0.465679,0.40465,0.424324,0.524642,0.436461,0.465679,0.436461,0.4300988,0,away,0.06353900000000001,"{""deep_feature_base"": 0.2, ""phase1_base"": 0.8}"
2021020201,2021-11-11,STL,NSH,0,0.563151,0.554362,0.559825,0.550038,0.496492,0.563151,0.554362,0.563151,0.5624858,1,home,0.06315099999999996,"{""deep_feature_base"": 0.2, ""phase1_base"": 0.8}"
2021020202,2021-11-11,WPG,SJS,1,0.531688,0.534344,0.542359,0.548216,0.563304,0.531688,0.534344,0.531688,0.5338222000000001,1,home,0.03168800000000005,"{""deep_feature_base"": 0.2, ""phase1_base"": 0.8}"
2021020203,2021-11-11,COL,VAN,1,0.570341,0.559395,0.550345,0.533401,0.496603,0.570341,0.559395,0.570341,0.5663418,1,home,0.07034099999999999,"{""deep_feature_base"": 0.2, ""phase1_base"": 0.8}"
2021020204,2021-11-11,VGK,MIN,1,0.479268,0.485488,0.475947,0.48117,0.52874,0.479268,0.485488,0.485488,0.4786038,0,away,0.020731999999999973,"{""deep_feature_base"": 0.2, ""phase1_base"": 0.8}"
2021020205,2021-11-11,SEA,ANA,0,0.424306,0.409514,0.435253,0.423746,0.449145,0.424306,0.409514,0.424306,0.4264954000000001,0,away,0.07569399999999998,"{""deep_feature_base"": 0.2, ""phase1_base"": 0.8}"
2021020206,2021-11-12,BUF,EDM,1,0.345759,0.354531,0.355602,0.367327,0.450358,0.345759,0.354531,0.345759,0.3477276,0,away,0.15424100000000002,"{""deep_feature_base"": 0.2, ""phase1_base"": 0.8}"
2021020207,2021-11-12,TOR,CGY,1,0.657827,0.691248,0.593761,0.607962,0.647972,0.657827,0.691248,0.657827,0.6450138000000001,1,home,0.15782700000000005,"{""deep_feature_base"": 0.2, ""phase1_base"": 0.8}"
2021020208,2021-11-12,CAR,PHI,0,0.72782,0.740243,0.670556,0.6658,0.681563,0.72782,0.740243,0.72782,0.7163672,1,home,0.22782000000000002,"{""deep_feature_base"": 0.2, ""phase1_base"": 0.8}"
2021020209,2021-11-12,CBJ,WSH,0,0.570099,0.56894,0.569153,0.567709,0.575982,0.570099,0.56894,0.570099,0.5699098,1,home,0.07009900000000002,"{""deep_feature_base"": 0.2, ""phase1_base"": 0.8}"
2021020210,2021-11-12,CHI,UTA,1,0.686578,0.711374,0.599302,0.597915,0.624886,0.686578,0.711374,0.686578,0.6691228,1,home,0.18657800000000002,"{""deep_feature_base"": 0.2, ""phase1_base"": 0.8}"
2021020211,2021-11-13,BUF,TOR,0,0.486612,0.500784,0.478632,0.490411,0.524835,0.486612,0.500784,0.500784,0.485016,0,away,0.013388000000000011,"{""deep_feature_base"": 0.2, ""phase1_base"": 0.8}"
2021020212,2021-11-13,OTT,PIT,1,0.48906,0.502498,0.465146,0.471409,0.561545,0.48906,0.502498,0.502498,0.4842772000000001,0,away,0.010940000000000005,"{""deep_feature_base"": 0.2, ""phase1_base"": 0.8}"
2021020213,2021-11-13,DET,MTL,1,0.6982,0.719509,0.657323,0.666369,0.665383,0.6982,0.719509,0.6982,0.6900246000000001,1,home,0.19820000000000004,"{""deep_feature_base"": 0.2, ""phase1_base"": 0.8}"
2021020214,2021-11-13,TBL,FLA,1,0.50034,0.520108,0.501858,0.522081,0.571274,0.50034,0.520108,0.50034,0.5006436000000001,1,home,0.00034000000000000696,"{""deep_feature_base"": 0.2, ""phase1_base"": 0.8}"
2021020215,2021-11-13,NJD,BOS,0,0.542148,0.53966,0.561676,0.565046,0.484959,0.542148,0.53966,0.542148,0.5460536,1,home,0.04214799999999996,"{""deep_feature_base"": 0.2, ""phase1_base"": 0.8}"
2021020216,2021-11-13,CAR,STL,1,0.597927,0.578705,0.615944,0.602128,0.594954,0.597927,0.578705,0.597927,0.6015304,1,home,0.09792699999999999,"{""deep_feature_base"": 0.2, ""phase1_base"": 0.8}"
2021020217,2021-11-13,CBJ,NYR,0,0.590673,0.583341,0.616717,0.617199,0.563424,0.590673,0.583341,0.590673,0.5958818,1,home,0.090673,"{""deep_feature_base"": 0.2, ""phase1_base"": 0.8}"
2021020218,2021-11-13,NSH,UTA,1,0.768036,0.768395,0.764579,0.7639,0.666342,0.768036,0.768395,0.768036,0.7673446000000002,1,home,0.26803600000000005,"{""deep_feature_base"": 0.2, ""phase1_base"": 0.8}"
2021020219,2021-11-13,DAL,PHI,1,0.47215,0.490661,0.44012,0.449023,0.488597,0.47215,0.490661,0.490661,0.46574400000000005,0,away,0.027849999999999986,"{""deep_feature_base"": 0.2, ""phase1_base"": 0.8}"
2021020220,2021-11-13,WPG,LAK,1,0.495631,0.509104,0.501074,0.51618,0.526922,0.495631,0.509104,0.509104,0.4967196,0,away,0.004369000000000012,"{""deep_feature_base"": 0.2, ""phase1_base"": 0.8}"
2021020221,2021-11-13,COL,SJS,1,0.584427,0.578969,0.618485,0.623244,0.550878,0.584427,0.578969,0.584427,0.5912386000000001,1,home,0.08442700000000003,"{""deep_feature_base"": 0.2, ""phase1_base"": 0.8}"
2021020222,2021-11-13,VGK,VAN,1,0.722373,0.73643,0.663677,0.660125,0.604686,0.722373,0.73643,0.722373,0.7106338000000001,1,home,0.22237300000000004,"{""deep_feature_base"": 0.2, ""phase1_base"": 0.8}"
2021020223,2021-11-13,SEA,MIN,0,0.456238,0.479523,0.393715,0.398243,0.534987,0.456238,0.479523,0.479523,0.4437334,0,away,0.04376200000000002,"{""deep_feature_base"": 0.2, ""phase1_base"": 0.8}"
2021020224,2021-11-14,BOS,MTL,1,0.636597,0.615488,0.676869,0.667842,0.542268,0.636597,0.615488,0.636597,0.6446514,1,home,0.13659699999999997,"{""deep_feature_base"": 0.2, ""phase1_base"": 0.8}"
2021020225,2021-11-14,OTT,CGY,0,0.397974,0.391082,0.414166,0.412131,0.474127,0.397974,0.391082,0.397974,0.4012124,0,away,0.102026,"{""deep_feature_base"": 0.2, ""phase1_base"": 0.8}"
2021020226,2021-11-14,NYR,NJD,1,0.474148,0.444404,0.509643,0.490548,0.443215,0.474148,0.444404,0.444404,0.48124700000000004,0,away,0.025851999999999986,"{""deep_feature_base"": 0.2, ""phase1_base"": 0.8}"
2021020227,2021-11-14,WSH,PIT,1,0.615658,0.591117,0.632876,0.613501,0.592107,0.615658,0.591117,0.615658,0.6191016,1,home,0.11565800000000004,"{""deep_feature_base"": 0.2, ""phase1_base"": 0.8}"
2021020228,2021-11-14,STL,EDM,0,0.500387,0.510427,0.495707,0.504344,0.567455,0.500387,0.510427,0.500387,0.49945100000000003,0,away,0.0003870000000000262,"{""deep_feature_base"": 0.2, ""phase1_base"": 0.8}"
2021020229,2021-11-14,ANA,VAN,1,0.625927,0.608019,0.662859,0.656031,0.504938,0.625927,0.608019,0.625927,0.6333134,1,home,0.125927,"{""deep_feature_base"": 0.2, ""phase1_base"": 0.8}"
2021020230,2021-11-15,TBL,NYI,1,0.680736,0.707284,0.636235,0.649433,0.673149,0.680736,0.707284,0.680736,0.6718358,1,home,0.180736,"{""deep_feature_base"": 0.2, ""phase1_base"": 0.8}"
2021020231,2021-11-15,CBJ,DET,1,0.567964,0.557731,0.590722,0.587317,0.561647,0.567964,0.557731,0.567964,0.5725156,1,home,0.06796400000000002,"{""deep_feature_base"": 0.2, ""phase1_base"": 0.8}"
2021020232,2021-11-16,TOR,NSH,1,0.533628,0.533696,0.505747,0.49745,0.497386,0.533628,0.533696,0.533628,0.5280518000000001,1,home,0.03362799999999999,"{""deep_feature_base"": 0.2, ""phase1_base"": 0.8}"
2021020233,2021-11-16,FLA,NYI,1,0.62376,0.606502,0.648277,0.638374,0.535836,0.62376,0.606502,0.62376,0.6286634,1,home,0.12375999999999998,"{""deep_feature_base"": 0.2, ""phase1_base"": 0.8}"
2021020235,2021-11-16,NYR,MTL,1,0.635645,0.614822,0.669833,0.659266,0.517369,0.635645,0.614822,0.635645,0.6424826000000001,1,home,0.13564500000000002,"{""deep_feature_base"": 0.2, ""phase1_base"": 0.8}"
2021020236,2021-11-16,PHI,CGY,1,0.567928,0.56742,0.535849,0.525716,0.602687,0.567928,0.56742,0.567928,0.5615122,1,home,0.06792799999999999,"{""deep_feature_base"": 0.2, ""phase1_base"": 0.8}"
2021020237,2021-11-16,PIT,BUF,0,0.54022,0.53831,0.51381,0.503978,0.527429,0.54022,0.53831,0.54022,0.534938,1,home,0.040220000000000034,"{""deep_feature_base"": 0.2, ""phase1_base"": 0.8}"
2021020238,2021-11-16,STL,UTA,0,0.65536,0.628622,0.704129,0.692022,0.559303,0.65536,0.628622,0.65536,0.6651138000000001,1,home,0.15536000000000005,"{""deep_feature_base"": 0.2, ""phase1_base"": 0.8}"
2021020239,2021-11-16,DAL,DET,1,0.537331,0.536288,0.541324,0.541479,0.550544,0.537331,0.536288,0.537331,0.5381296000000001,1,home,0.037331,"{""deep_feature_base"": 0.2, ""phase1_base"": 0.8}"
2021020240,2021-11-16,MIN,SJS,0,0.631405,0.611854,0.666973,0.658092,0.564797,0.631405,0.611854,0.631405,0.6385186,1,home,0.131405,"{""deep_feature_base"": 0.2, ""phase1_base"": 0.8}"
2021020241,2021-11-16,WPG,EDM,1,0.494451,0.515986,0.505185,0.52994,0.602473,0.494451,0.515986,0.515986,0.4965978,0,away,0.005549000000000026,"{""deep_feature_base"": 0.2, ""phase1_base"": 0.8}"
2021020242,2021-11-16,VGK,CAR,0,0.480792,0.498716,0.490425,0.51124,0.491848,0.480792,0.498716,0.498716,0.4827186,0,away,0.019208000000000003,"{""deep_feature_base"": 0.2, ""phase1_base"": 0.8}"
2021020243,2021-11-16,ANA,WSH,1,0.526633,0.538513,0.550549,0.569604,0.524549,0.526633,0.538513,0.526633,0.5314162,1,home,0.026633000000000018,"{""deep_feature_base"": 0.2, ""phase1_base"": 0.8}"
2021020244,2021-11-17,VAN,COL,0,0.374043,0.37433,0.351278,0.344735,0.471143,0.374043,0.37433,0.374043,0.36949,0,away,0.12595699999999999,"{""deep_feature_base"": 0.2, ""phase1_base"": 0.8}"
2021020245,2021-11-17,LAK,WSH,0,0.547056,0.552809,0.546767,0.552433,0.539641,0.547056,0.552809,0.547056,0.5469982,1,home,0.04705599999999999,"{""deep_feature_base"": 0.2, ""phase1_base"": 0.8}"
2021020246,2021-11-17,SEA,CHI,0,0.548954,0.54643,0.555038,0.554339,0.481943,0.548954,0.54643,0.548954,0.5501708000000001,1,home,0.04895400000000005,"{""deep_feature_base"": 0.2, ""phase1_base"": 0.8}"
2021020247,2021-11-18,BUF,CGY,0,0.500586,0.510566,0.488295,0.494588,0.488709,0.500586,0.510566,0.500586,0.4981278,0,away,0.0005859999999999754,"{""deep_feature_base"": 0.2, ""phase1_base"": 0.8}"
2021020248,2021-11-18,TOR,NYR,1,0.566862,0.566674,0.586638,0.592382,0.556808,0.566862,0.566674,0.566862,0.5708172,1,home,0.06686199999999998,"{""deep_feature_base"": 0.2, ""phase1_base"": 0.8}"
2021020249,2021-11-18,MTL,PIT,0,0.648143,0.684469,0.581055,0.597255,0.684566,0.648143,0.684469,0.648143,0.6347254,1,home,0.14814300000000002,"{""deep_feature_base"": 0.2, ""phase1_base"": 0.8}"
2021020251,2021-11-18,FLA,NJD,1,0.524548,0.479684,0.533698,0.491579,0.432245,0.524548,0.479684,0.524548,0.526378,1,home,0.024548000000000014,"{""deep_feature_base"": 0.2, ""phase1_base"": 0.8}"
2021020252,2021-11-18,PHI,TBL,0,0.471294,0.442406,0.494807,0.472972,0.483529,0.471294,0.442406,0.442406,0.4759966,0,away,0.02870600000000001,"{""deep_feature_base"": 0.2, ""phase1_base"": 0.8}"
2021020253,2021-11-18,STL,SJS,1,0.671136,0.700565,0.622541,0.63739,0.678706,0.671136,0.700565,0.671136,0.6614169999999999,1,home,0.17113599999999995,"{""deep_feature_base"": 0.2, ""phase1_base"": 0.8}"
2021020254,2021-11-18,MIN,DAL,1,0.579141,0.565555,0.547178,0.524003,0.562881,0.579141,0.565555,0.579141,0.5727484,1,home,0.07914100000000002,"{""deep_feature_base"": 0.2, ""phase1_base"": 0.8}"
2021020255,2021-11-18,EDM,WPG,1,0.578808,0.565322,0.566816,0.549733,0.533316,0.578808,0.565322,0.578808,0.5764096000000001,1,home,0.07880799999999999,"{""deep_feature_base"": 0.2, ""phase1_base"": 0.8}"
2021020256,2021-11-18,UTA,CBJ,0,0.412093,0.438465,0.378977,0.395414,0.526018,0.412093,0.438465,0.412093,0.40546980000000005,0,away,0.08790700000000001,"{""deep_feature_base"": 0.2, ""phase1_base"": 0.8}"
2021020257,2021-11-18,VGK,DET,1,0.593885,0.58559,0.611461,0.608438,0.582766,0.593885,0.58559,0.593885,0.5974002,1,home,0.093885,"{""deep_feature_base"": 0.2, ""phase1_base"": 0.8}"
2021020258,2021-11-18,ANA,CAR,0,0.492841,0.514859,0.49985,0.523971,0.490617,0.492841,0.514859,0.514859,0.4942428,0,away,0.0071590000000000265,"{""deep_feature_base"": 0.2, ""phase1_base"": 0.8}"
2021020259,2021-11-19,VAN,WPG,1,0.38443,0.381601,0.361285,0.351513,0.416059,0.38443,0.381601,0.38443,0.37980100000000006,0,away,0.11557,"{""deep_feature_base"": 0.2, ""phase1_base"": 0.8}"
2021020260,2021-11-19,SEA,COL,0,0.372073,0.372951,0.360094,0.357378,0.459339,0.372073,0.372951,0.372073,0.3696772,0,away,0.127927,"{""deep_feature_base"": 0.2, ""phase1_base"": 0.8}"
2021020261,2021-11-20,TOR,PIT,0,0.734527,0.744938,0.709418,0.712296,0.673341,0.734527,0.744938,0.734527,0.7295052000000001,1,home,0.23452700000000004,"{""deep_feature_base"": 0.2, ""phase1_base"": 0.8}"
2021020262,2021-11-20,MTL,NSH,1,0.36346,0.366922,0.358907,0.361004,0.438819,0.36346,0.366922,0.36346,0.3625494,0,away,0.13654,"{""deep_feature_base"": 0.2, ""phase1_base"": 0.8}"
2021020264,2021-11-20,TBL,NJD,0,0.6031,0.59204,0.642042,0.642665,0.584122,0.6031,0.59204,0.6031,0.6108884,1,home,0.10309999999999997,"{""deep_feature_base"": 0.2, ""phase1_base"": 0.8}"
2021020265,2021-11-20,FLA,MIN,1,0.563108,0.554332,0.557717,0.547324,0.563298,0.563108,0.554332,0.563108,0.5620298000000001,1,home,0.06310800000000005,"{""deep_feature_base"": 0.2, ""phase1_base"": 0.8}"
2021020266,2021-11-20,NYI,CGY,0,0.413261,0.401782,0.371457,0.347438,0.5028,0.413261,0.401782,0.413261,0.40490020000000004,0,away,0.08673900000000001,"{""deep_feature_base"": 0.2, ""phase1_base"": 0.8}"
2021020267,2021-11-20,PHI,BOS,0,0.526717,0.528858,0.508606,0.505314,0.574473,0.526717,0.528858,0.526717,0.5230948,1,home,0.02671699999999999,"{""deep_feature_base"": 0.2, ""phase1_base"": 0.8}"
2021020268,2021-11-20,DAL,STL,1,0.520569,0.524554,0.52464,0.529847,0.553254,0.520569,0.524554,0.520569,0.5213831999999999,1,home,0.02056899999999995,"{""deep_feature_base"": 0.2, ""phase1_base"": 0.8}"
2021020269,2021-11-20,EDM,CHI,1,0.750159,0.755881,0.703031,0.694614,0.747374,0.750159,0.755881,0.750159,0.7407334000000001,1,home,0.250159,"{""deep_feature_base"": 0.2, ""phase1_base"": 0.8}"
2021020270,2021-11-20,UTA,DET,1,0.499709,0.519666,0.501998,0.522643,0.520622,0.499709,0.519666,0.519666,0.5001668,1,home,0.0002909999999999857,"{""deep_feature_base"": 0.2, ""phase1_base"": 0.8}"
2021020271,2021-11-20,VGK,CBJ,1,0.545206,0.551515,0.532569,0.535085,0.596164,0.545206,0.551515,0.545206,0.5426786,1,home,0.04520599999999997,"{""deep_feature_base"": 0.2, ""phase1_base"": 0.8}"
2021020272,2021-11-20,LAK,CAR,0,0.448369,0.463859,0.413755,0.418859,0.471627,0.448369,0.463859,0.448369,0.44144620000000007,0,away,0.05163099999999998,"{""deep_feature_base"": 0.2, ""phase1_base"": 0.8}"
2021020273,2021-11-20,SJS,WSH,0,0.384776,0.381843,0.381034,0.376979,0.453561,0.384776,0.381843,0.384776,0.3840276,0,away,0.115224,"{""deep_feature_base"": 0.2, ""phase1_base"": 0.8}"
2021020274,2021-11-21,BOS,CGY,0,0.563332,0.554488,0.552945,0.540986,0.494877,0.563332,0.554488,0.563332,0.5612546,1,home,0.06333200000000005,"{""deep_feature_base"": 0.2, ""phase1_base"": 0.8}"
2021020275,2021-11-21,TBL,MIN,1,0.524952,0.527623,0.517694,0.518187,0.600971,0.524952,0.527623,0.524952,0.5235004,1,home,0.024951999999999974,"{""deep_feature_base"": 0.2, ""phase1_base"": 0.8}"
2021020276,2021-11-21,NYI,TOR,0,0.487555,0.511158,0.459255,0.474368,0.606638,0.487555,0.511158,0.511158,0.4818950000000001,0,away,0.012444999999999984,"{""deep_feature_base"": 0.2, ""phase1_base"": 0.8}"
2021020277,2021-11-21,NYR,BUF,1,0.622355,0.605519,0.661084,0.655867,0.611533,0.622355,0.605519,0.622355,0.6301008,1,home,0.12235499999999999,"{""deep_feature_base"": 0.2, ""phase1_base"": 0.8}"
2021020278,2021-11-21,VAN,CHI,0,0.44915,0.426905,0.4754,0.461029,0.436125,0.44915,0.426905,0.44915,0.4544,0,away,0.050850000000000006,"{""deep_feature_base"": 0.2, ""phase1_base"": 0.8}"
2021020279,2021-11-21,LAK,UTA,0,0.642782,0.619817,0.667005,0.651308,0.537205,0.642782,0.619817,0.642782,0.6476265999999999,1,home,0.14278199999999996,"{""deep_feature_base"": 0.2, ""phase1_base"": 0.8}"
2021020280,2021-11-21,SEA,WSH,1,0.416203,0.451499,0.372628,0.394851,0.523508,0.416203,0.451499,0.416203,0.407488,0,away,0.08379700000000001,"{""deep_feature_base"": 0.2, ""phase1_base"": 0.8}"
2021020281,2021-11-22,BUF,CBJ,0,0.380948,0.379164,0.417919,0.427226,0.455603,0.380948,0.379164,0.380948,0.3883422,0,away,0.11905199999999999,"{""deep_feature_base"": 0.2, ""phase1_base"": 0.8}"
2021020282,2021-11-22,STL,VGK,1,0.425089,0.410062,0.440051,0.429513,0.462197,0.425089,0.410062,0.425089,0.42808140000000006,0,away,0.074911,"{""deep_feature_base"": 0.2, ""phase1_base"": 0.8}"
2021020283,2021-11-22,NSH,ANA,1,0.530662,0.53162,0.502736,0.495315,0.573261,0.530662,0.53162,0.530662,0.5250768,1,home,0.030661999999999967,"{""deep_feature_base"": 0.2, ""phase1_base"": 0.8}"
2021020284,2021-11-22,WPG,PIT,0,0.679869,0.706678,0.609203,0.614812,0.669321,0.679869,0.706678,0.679869,0.6657358,1,home,0.17986899999999995,"{""deep_feature_base"": 0.2, ""phase1_base"": 0.8}"
2021020285,2021-11-22,COL,OTT,1,0.760204,0.762912,0.762798,0.766283,0.655563,0.760204,0.762912,0.760204,0.7607228,1,home,0.260204,"{""deep_feature_base"": 0.2, ""phase1_base"": 0.8}"
2021020286,2021-11-22,SJS,CAR,1,0.329373,0.343061,0.329651,0.343422,0.448913,0.329373,0.343061,0.329373,0.3294286,0,away,0.17062699999999997,"{""deep_feature_base"": 0.2, ""phase1_base"": 0.8}"
2021020287,2021-11-23,TBL,PHI,1,0.574624,0.572107,0.60006,0.605174,0.527274,0.574624,0.572107,0.574624,0.5797112,1,home,0.07462400000000002,"{""deep_feature_base"": 0.2, ""phase1_base"": 0.8}"
2021020288,2021-11-23,DAL,EDM,1,0.476322,0.493582,0.464334,0.477997,0.471813,0.476322,0.493582,0.493582,0.4739244000000001,0,away,0.023677999999999977,"{""deep_feature_base"": 0.2, ""phase1_base"": 0.8}"
2021020289,2021-11-23,CGY,CHI,1,0.733512,0.744228,0.705971,0.708425,0.642002,0.733512,0.744228,0.733512,0.7280038000000001,1,home,0.23351200000000005,"{""deep_feature_base"": 0.2, ""phase1_base"": 0.8}"
2021020290,2021-11-24,BUF,BOS,0,0.447243,0.473227,0.436599,0.459389,0.505288,0.447243,0.473227,0.447243,0.4451142,0,away,0.052757,"{""deep_feature_base"": 0.2, ""phase1_base"": 0.8}"
2021020291,2021-11-24,DET,STL,1,0.420857,0.4071,0.436269,0.427135,0.49763,0.420857,0.4071,0.420857,0.4239394,0,away,0.07914300000000002,"{""deep_feature_base"": 0.2, ""phase1_base"": 0.8}"
2021020292,2021-11-24,FLA,PHI,1,0.727148,0.739773,0.702303,0.707475,0.560474,0.727148,0.739773,0.727148,0.7221790000000001,1,home,0.22714800000000002,"{""deep_feature_base"": 0.2, ""phase1_base"": 0.8}"
2021020293,2021-11-24,NJD,MIN,0,0.52651,0.538427,0.516739,0.525725,0.600233,0.52651,0.538427,0.52651,0.5245558,1,home,0.026510000000000034,"{""deep_feature_base"": 0.2, ""phase1_base"": 0.8}"
2021020294,2021-11-24,NYI,NYR,0,0.388479,0.384435,0.337779,0.318525,0.471581,0.388479,0.384435,0.388479,0.37833900000000004,0,away,0.11152099999999998,"{""deep_feature_base"": 0.2, ""phase1_base"": 0.8}"
2021020295,2021-11-24,PIT,VAN,1,0.61114,0.597668,0.640134,0.635361,0.566125,0.61114,0.597668,0.61114,0.6169388,1,home,0.11114000000000002,"{""deep_feature_base"": 0.2, ""phase1_base"": 0.8}"
2021020296,2021-11-24,WSH,MTL,1,0.657987,0.630461,0.673648,0.650821,0.584341,0.657987,0.630461,0.657987,0.6611192,1,home,0.157987,"{""deep_feature_base"": 0.2, ""phase1_base"": 0.8}"
2021020297,2021-11-24,CBJ,WPG,1,0.596352,0.579609,0.603075,0.588348,0.525573,0.596352,0.579609,0.596352,0.5976966,1,home,0.096352,"{""deep_feature_base"": 0.2, ""phase1_base"": 0.8}"
2021020298,2021-11-24,NSH,VGK,0,0.542842,0.542151,0.554529,0.557344,0.587627,0.542842,0.542151,0.542842,0.5451794000000001,1,home,0.04284200000000005,"{""deep_feature_base"": 0.2, ""phase1_base"": 0.8}"
2021020299,2021-11-24,COL,ANA,1,0.692775,0.715711,0.643894,0.652166,0.612998,0.692775,0.715711,0.692775,0.6829988,1,home,0.19277500000000003,"{""deep_feature_base"": 0.2, ""phase1_base"": 0.8}"
2021020300,2021-11-24,UTA,EDM,0,0.435956,0.467332,0.455091,0.492207,0.49288,0.435956,0.467332,0.435956,0.43978300000000004,0,away,0.06404399999999999,"{""deep_feature_base"": 0.2, ""phase1_base"": 0.8}"
2021020301,2021-11-24,LAK,TOR,0,0.429039,0.412827,0.459908,0.452957,0.481686,0.429039,0.412827,0.429039,0.4352128,0,away,0.070961,"{""deep_feature_base"": 0.2, ""phase1_base"": 0.8}"
2021020302,2021-11-24,SJS,OTT,1,0.606494,0.594416,0.613038,0.602924,0.576424,0.606494,0.594416,0.606494,0.6078028,1,home,0.10649399999999998,"{""deep_feature_base"": 0.2, ""phase1_base"": 0.8}"
2021020303,2021-11-24,SEA,CAR,1,0.324878,0.339915,0.364338,0.391213,0.411759,0.324878,0.339915,0.324878,0.33277,0,away,0.175122,"{""deep_feature_base"": 0.2, ""phase1_base"": 0.8}"
2021020304,2021-11-26,BOS,NYR,0,0.551759,0.546388,0.534665,0.524165,0.482951,0.551759,0.546388,0.551759,0.5483401999999999,1,home,0.051759,"{""deep_feature_base"": 0.2, ""phase1_base"": 0.8}"
2021020305,2021-11-26,BUF,MTL,1,0.460052,0.434536,0.485578,0.46772,0.457718,0.460052,0.434536,0.434536,0.46515720000000005,0,away,0.039947999999999984,"{""deep_feature_base"": 0.2, ""phase1_base"": 0.8}"
2021020306,2021-11-26,TBL,SEA,1,0.734995,0.745265,0.672903,0.664546,0.690508,0.734995,0.745265,0.734995,0.7225766,1,home,0.23499499999999995,"{""deep_feature_base"": 0.2, ""phase1_base"": 0.8}"
2021020307,2021-11-26,NYI,PIT,0,0.41165,0.400655,0.382594,0.362882,0.485066,0.41165,0.400655,0.41165,0.40583880000000006,0,away,0.08834999999999998,"{""deep_feature_base"": 0.2, ""phase1_base"": 0.8}"
2021020308,2021-11-26,PHI,CAR,0,0.379219,0.377953,0.401603,0.407052,0.474488,0.379219,0.377953,0.379219,0.38369580000000003,0,away,0.12078100000000003,"{""deep_feature_base"": 0.2, ""phase1_base"": 0.8}"
2021020309,2021-11-26,WSH,FLA,1,0.519759,0.523988,0.504553,0.50422,0.546609,0.519759,0.523988,0.519759,0.5167178,1,home,0.01975899999999997,"{""deep_feature_base"": 0.2, ""phase1_base"": 0.8}"
2021020310,2021-11-26,CBJ,VAN,1,0.666105,0.636144,0.708213,0.690884,0.528948,0.666105,0.636144,0.666105,0.6745266000000001,1,home,0.16610499999999995,"{""deep_feature_base"": 0.2, ""phase1_base"": 0.8}"
2021020311,2021-11-26,CHI,STL,1,0.501086,0.510916,0.468295,0.468288,0.5618,0.501086,0.510916,0.501086,0.4945278,0,away,0.0010860000000000314,"{""deep_feature_base"": 0.2, ""phase1_base"": 0.8}"
2021020312,2021-11-26,NSH,NJD,1,0.559469,0.551785,0.541253,0.528104,0.517385,0.559469,0.551785,0.559469,0.5558258,1,home,0.059468999999999994,"{""deep_feature_base"": 0.2, ""phase1_base"": 0.8}"
2021020313,2021-11-26,DAL,COL,1,0.494552,0.506343,0.445816,0.442986,0.54702,0.494552,0.506343,0.506343,0.48480480000000004,0,away,0.005448000000000008,"{""deep_feature_base"": 0.2, ""phase1_base"": 0.8}"
2021020314,2021-11-26,MIN,WPG,1,0.599344,0.579697,0.590936,0.568766,0.463589,0.599344,0.579697,0.599344,0.5976624,1,home,0.09934399999999999,"{""deep_feature_base"": 0.2, ""phase1_base"": 0.8}"
2021020315,2021-11-26,ANA,OTT,1,0.740217,0.748921,0.724561,0.728569,0.640535,0.740217,0.748921,0.740217,0.7370858000000001,1,home,0.240217,"{""deep_feature_base"": 0.2, ""phase1_base"": 0.8}"
2021020316,2021-11-26,SJS,TOR,0,0.476353,0.493603,0.463657,0.477099,0.468784,0.476353,0.493603,0.493603,0.47381380000000006,0,away,0.023646999999999974,"{""deep_feature_base"": 0.2, ""phase1_base"": 0.8}"
2021020317,2021-11-27,DET,BUF,1,0.591062,0.583614,0.631996,0.636827,0.595924,0.591062,0.583614,0.591062,0.5992488,1,home,0.09106199999999998,"{""deep_feature_base"": 0.2, ""phase1_base"": 0.8}"
2021020318,2021-11-27,FLA,SEA,0,0.762855,0.764767,0.723031,0.712997,0.655053,0.762855,0.764767,0.762855,0.7548902000000001,1,home,0.26285499999999995,"{""deep_feature_base"": 0.2, ""phase1_base"": 0.8}"
2021020319,2021-11-27,PIT,MTL,0,0.617316,0.594283,0.631772,0.613077,0.549474,0.617316,0.594283,0.617316,0.6202072,1,home,0.11731599999999998,"{""deep_feature_base"": 0.2, ""phase1_base"": 0.8}"
2021020320,2021-11-27,STL,CBJ,1,0.493704,0.515463,0.479093,0.496469,0.585224,0.493704,0.515463,0.515463,0.49078180000000005,0,away,0.006296000000000024,"{""deep_feature_base"": 0.2, ""phase1_base"": 0.8}"
2021020321,2021-11-27,COL,NSH,1,0.587518,0.581133,0.607924,0.60766,0.50468,0.587518,0.581133,0.587518,0.5915992,1,home,0.08751799999999998,"{""deep_feature_base"": 0.2, ""phase1_base"": 0.8}"
2021020322,2021-11-27,CGY,WPG,0,0.734704,0.745062,0.736861,0.747867,0.650484,0.734704,0.745062,0.734704,0.7351354000000001,1,home,0.23470400000000002,"{""deep_feature_base"": 0.2, ""phase1_base"": 0.8}"
2021020323,2021-11-27,UTA,DAL,0,0.472155,0.500379,0.462864,0.4883,0.558727,0.472155,0.500379,0.500379,0.4702968,0,away,0.02784500000000001,"{""deep_feature_base"": 0.2, ""phase1_base"": 0.8}"
2021020324,2021-11-27,VGK,EDM,0,0.636253,0.676146,0.589581,0.615473,0.621099,0.636253,0.676146,0.636253,0.6269186,1,home,0.13625299999999996,"{""deep_feature_base"": 0.2, ""phase1_base"": 0.8}"
2021020325,2021-11-27,LAK,OTT,1,0.60279,0.571953,0.596375,0.563613,0.50301,0.60279,0.571953,0.60279,0.601507,1,home,0.10279000000000005,"{""deep_feature_base"": 0.2, ""phase1_base"": 0.8}"
2021020326,2021-11-28,BOS,VAN,1,0.658961,0.631143,0.672291,0.648471,0.554057,0.658961,0.631143,0.658961,0.661627,1,home,0.15896100000000002,"{""deep_feature_base"": 0.2, ""phase1_base"": 0.8}"
2021020327,2021-11-28,NJD,PHI,1,0.65468,0.689045,0.606969,0.627021,0.654552,0.65468,0.689045,0.65468,0.6451378000000001,1,home,0.15468000000000004,"{""deep_feature_base"": 0.2, ""phase1_base"": 0.8}"
2021020329,2021-11-28,CAR,WSH,0,0.583485,0.57831,0.584125,0.579141,0.559352,0.583485,0.57831,0.583485,0.583613,1,home,0.08348500000000003,"{""deep_feature_base"": 0.2, ""phase1_base"": 0.8}"
2021020330,2021-11-28,CHI,SJS,0,0.546871,0.55268,0.55408,0.562052,0.547352,0.546871,0.55268,0.546871,0.5483128,1,home,0.046870999999999996,"{""deep_feature_base"": 0.2, ""phase1_base"": 0.8}"
2021020331,2021-11-28,MIN,TBL,1,0.559268,0.561358,0.560817,0.563371,0.530658,0.559268,0.561358,0.559268,0.5595778,1,home,0.05926799999999999,"{""deep_feature_base"": 0.2, ""phase1_base"": 0.8}"
2021020332,2021-11-28,ANA,TOR,0,0.417843,0.40499,0.439751,0.43347,0.436737,0.417843,0.40499,0.417843,0.42222460000000006,0,away,0.08215699999999998,"{""deep_feature_base"": 0.2, ""phase1_base"": 0.8}"
2021020333,2021-11-29,BUF,SEA,0,0.627815,0.67024,0.575231,0.60188,0.664662,0.627815,0.67024,0.627815,0.6172982,1,home,0.127815,"{""deep_feature_base"": 0.2, ""phase1_base"": 0.8}"
2021020334,2021-11-29,MTL,VAN,0,0.580074,0.575922,0.598337,0.599664,0.503216,0.580074,0.575922,0.580074,0.5837266,1,home,0.08007399999999998,"{""deep_feature_base"": 0.2, ""phase1_base"": 0.8}"
2021020335,2021-11-29,WPG,UTA,0,0.605146,0.593473,0.60419,0.592229,0.599848,0.605146,0.593473,0.605146,0.6049548,1,home,0.10514599999999996,"{""deep_feature_base"": 0.2, ""phase1_base"": 0.8}"
2021020336,2021-11-29,CGY,PIT,1,0.585534,0.57003,0.561313,0.538543,0.504563,0.585534,0.57003,0.585534,0.5806898,1,home,0.085534,"{""deep_feature_base"": 0.2, ""phase1_base"": 0.8}"
2021020337,2021-11-30,BOS,DET,0,0.596171,0.577476,0.588722,0.567793,0.509405,0.596171,0.577476,0.596171,0.5946812,1,home,0.096171,"{""deep_feature_base"": 0.2, ""phase1_base"": 0.8}"
2021020338,2021-11-30,FLA,WSH,1,0.525201,0.527797,0.480711,0.46996,0.538451,0.525201,0.527797,0.525201,0.5163030000000001,1,home,0.02520100000000003,"{""deep_feature_base"": 0.2, ""phase1_base"": 0.8}"
2021020339,2021-11-30,NJD,SJS,0,0.667551,0.698055,0.608266,0.620984,0.638376,0.667551,0.698055,0.667551,0.655694,1,home,0.167551,"{""deep_feature_base"": 0.2, ""phase1_base"": 0.8}"
2021020341,2021-11-30,STL,TBL,1,0.518756,0.532999,0.552612,0.577012,0.593941,0.518756,0.532999,0.518756,0.5255272,1,home,0.018755999999999995,"{""deep_feature_base"": 0.2, ""phase1_base"": 0.8}"
2021020342,2021-11-30,NSH,CBJ,1,0.508858,0.516357,0.487572,0.488685,0.57479,0.508858,0.516357,0.508858,0.5046008000000001,1,home,0.008858000000000033,"{""deep_feature_base"": 0.2, ""phase1_base"": 0.8}"
2021020343,2021-11-30,DAL,CAR,1,0.493143,0.505357,0.487303,0.497764,0.479227,0.493143,0.505357,0.505357,0.49197500000000005,0,away,0.006857000000000002,"{""deep_feature_base"": 0.2, ""phase1_base"": 0.8}"
2021020344,2021-11-30,MIN,UTA,1,0.644289,0.611159,0.653572,0.623226,0.513455,0.644289,0.611159,0.644289,0.6461456,1,home,0.144289,"{""deep_feature_base"": 0.2, ""phase1_base"": 0.8}"
2021020345,2021-11-30,LAK,ANA,0,0.541386,0.539127,0.57016,0.576532,0.524748,0.541386,0.539127,0.541386,0.5471408000000001,1,home,0.041386000000000034,"{""deep_feature_base"": 0.2, ""phase1_base"": 0.8}"
2021020346,2021-12-01,TOR,COL,1,0.554131,0.548048,0.53661,0.52527,0.572034,0.554131,0.548048,0.554131,0.5506268000000001,1,home,0.05413100000000004,"{""deep_feature_base"": 0.2, ""phase1_base"": 0.8}"
2021020347,2021-12-01,OTT,VAN,0,0.539256,0.547349,0.532375,0.538404,0.576107,0.539256,0.547349,0.539256,0.5378798,1,home,0.03925599999999996,"{""deep_feature_base"": 0.2, ""phase1_base"": 0.8}"
2021020348,2021-12-01,DET,SEA,1,0.555163,0.54877,0.534445,0.521837,0.575807,0.555163,0.54877,0.555163,0.5510193999999999,1,home,0.05516299999999996,"{""deep_feature_base"": 0.2, ""phase1_base"": 0.8}"
2021020349,2021-12-01,NYR,PHI,1,0.723257,0.737049,0.733733,0.750668,0.68113,0.723257,0.737049,0.723257,0.7253522000000001,1,home,0.22325700000000004,"{""deep_feature_base"": 0.2, ""phase1_base"": 0.8}"
2021020350,2021-12-01,EDM,PIT,1,0.598829,0.56918,0.567283,0.528171,0.520533,0.598829,0.56918,0.598829,0.5925197999999999,1,home,0.09882899999999994,"{""deep_feature_base"": 0.2, ""phase1_base"": 0.8}"
2021020351,2021-12-01,ANA,VGK,1,0.528215,0.529907,0.522707,0.522747,0.556714,0.528215,0.529907,0.528215,0.5271134,1,home,0.02821499999999999,"{""deep_feature_base"": 0.2, ""phase1_base"": 0.8}"
2021020352,2021-12-02,MTL,COL,0,0.433774,0.463798,0.401126,0.421356,0.487133,0.433774,0.463798,0.433774,0.4272444,0,away,0.06622600000000001,"{""deep_feature_base"": 0.2, ""phase1_base"": 0.8}"
2021020353,2021-12-02,TBL,STL,1,0.565211,0.555804,0.56888,0.560574,0.497384,0.565211,0.555804,0.565211,0.5659448,1,home,0.06521100000000002,"{""deep_feature_base"": 0.2, ""phase1_base"": 0.8}"
2021020354,2021-12-02,FLA,BUF,1,0.775646,0.773721,0.707326,0.684905,0.701573,0.775646,0.773721,0.775646,0.7619819999999999,1,home,0.27564599999999995,"{""deep_feature_base"": 0.2, ""phase1_base"": 0.8}"
2021020355,2021-12-02,NYI,SJS,0,0.405256,0.396179,0.403173,0.393472,0.4793,0.405256,0.396179,0.405256,0.4048394,0,away,0.094744,"{""deep_feature_base"": 0.2, ""phase1_base"": 0.8}"
2021020356,2021-12-02,WSH,CHI,0,0.653615,0.627401,0.696901,0.683672,0.514739,0.653615,0.627401,0.653615,0.6622722000000001,1,home,0.15361499999999995,"{""deep_feature_base"": 0.2, ""phase1_base"": 0.8}"
2021020357,2021-12-02,CAR,OTT,0,0.795926,0.787918,0.75698,0.737288,0.659567,0.795926,0.787918,0.795926,0.7881368000000001,1,home,0.295926,"{""deep_feature_base"": 0.2, ""phase1_base"": 0.8}"
2021020358,2021-12-02,NSH,BOS,0,0.550509,0.555227,0.605982,0.627341,0.51247,0.550509,0.555227,0.550509,0.5616036000000001,1,home,0.050509000000000026,"{""deep_feature_base"": 0.2, ""phase1_base"": 0.8}"
2021020359,2021-12-02,DAL,CBJ,1,0.569884,0.568789,0.611902,0.623412,0.60705,0.569884,0.568789,0.569884,0.5782875999999999,1,home,0.06988399999999995,"{""deep_feature_base"": 0.2, ""phase1_base"": 0.8}"
2021020360,2021-12-02,MIN,NJD,1,0.615238,0.590823,0.64613,0.630982,0.49901,0.615238,0.590823,0.615238,0.6214164,1,home,0.11523799999999995,"{""deep_feature_base"": 0.2, ""phase1_base"": 0.8}"
2021020361,2021-12-02,LAK,CGY,0,0.417724,0.404907,0.437961,0.431215,0.43528,0.417724,0.404907,0.417724,0.4217714,0,away,0.08227600000000002,"{""deep_feature_base"": 0.2, ""phase1_base"": 0.8}"
2021020362,2021-12-03,NYR,SJS,1,0.708558,0.72676,0.677341,0.686178,0.66732,0.708558,0.72676,0.708558,0.7023146000000001,1,home,0.20855800000000002,"{""deep_feature_base"": 0.2, ""phase1_base"": 0.8}"
2021020363,2021-12-03,WPG,NJD,1,0.456389,0.431972,0.462852,0.440374,0.426036,0.456389,0.431972,0.431972,0.4576816,0,away,0.04361100000000001,"{""deep_feature_base"": 0.2, ""phase1_base"": 0.8}"
2021020364,2021-12-03,UTA,VGK,0,0.381644,0.379651,0.382947,0.381345,0.404075,0.381644,0.379651,0.381644,0.38190460000000004,0,away,0.11835600000000002,"{""deep_feature_base"": 0.2, ""phase1_base"": 0.8}"
2021020365,2021-12-03,ANA,CGY,0,0.43485,0.416895,0.460688,0.450485,0.446872,0.43485,0.416895,0.43485,0.4400176,0,away,0.06514999999999999,"{""deep_feature_base"": 0.2, ""phase1_base"": 0.8}"
2021020366,2021-12-03,SEA,EDM,1,0.446521,0.472721,0.415376,0.432232,0.496481,0.446521,0.472721,0.446521,0.440292,0,away,0.053479,"{""deep_feature_base"": 0.2, ""phase1_base"": 0.8}"
2021020367,2021-12-04,BOS,TBL,0,0.462903,0.436532,0.492549,0.475071,0.489511,0.462903,0.436532,0.436532,0.46883220000000003,0,away,0.03709699999999999,"{""deep_feature_base"": 0.2, ""phase1_base"": 0.8}"
2021020368,2021-12-04,OTT,COL,1,0.329951,0.343465,0.319656,0.330082,0.39454,0.329951,0.343465,0.329951,0.327892,0,away,0.170049,"{""deep_feature_base"": 0.2, ""phase1_base"": 0.8}"
2021020369,2021-12-04,DET,NYI,1,0.720898,0.735398,0.725067,0.740817,0.666358,0.720898,0.735398,0.720898,0.7217318000000001,1,home,0.22089800000000004,"{""deep_feature_base"": 0.2, ""phase1_base"": 0.8}"
2021020370,2021-12-04,FLA,STL,1,0.52602,0.480714,0.586636,0.559515,0.446754,0.52602,0.480714,0.52602,0.5381432000000002,1,home,0.026020000000000043,"{""deep_feature_base"": 0.2, ""phase1_base"": 0.8}"
2021020371,2021-12-04,NYR,CHI,1,0.743033,0.750892,0.703865,0.699974,0.666173,0.743033,0.750892,0.743033,0.7351994000000001,1,home,0.24303300000000005,"{""deep_feature_base"": 0.2, ""phase1_base"": 0.8}"
2021020372,2021-12-04,WSH,CBJ,1,0.691646,0.714921,0.659726,0.673425,0.638801,0.691646,0.714921,0.691646,0.685262,1,home,0.19164599999999998,"{""deep_feature_base"": 0.2, ""phase1_base"": 0.8}"
2021020373,2021-12-04,CAR,BUF,1,0.671922,0.640216,0.664287,0.63029,0.589115,0.671922,0.640216,0.671922,0.6703950000000001,1,home,0.17192200000000002,"{""deep_feature_base"": 0.2, ""phase1_base"": 0.8}"
2021020374,2021-12-04,NSH,MTL,1,0.636786,0.61562,0.69353,0.689388,0.585571,0.636786,0.61562,0.636786,0.6481348,1,home,0.13678599999999996,"{""deep_feature_base"": 0.2, ""phase1_base"": 0.8}"
2021020375,2021-12-04,MIN,TOR,1,0.530967,0.531833,0.516434,0.51294,0.561667,0.530967,0.531833,0.530967,0.5280604,1,home,0.030966999999999967,"{""deep_feature_base"": 0.2, ""phase1_base"": 0.8}"
2021020376,2021-12-04,VAN,PIT,0,0.519817,0.533742,0.518988,0.532664,0.551502,0.519817,0.533742,0.519817,0.5196512,1,home,0.019816999999999974,"{""deep_feature_base"": 0.2, ""phase1_base"": 0.8}"
2021020377,2021-12-05,NYI,CHI,0,0.427332,0.411633,0.415437,0.396169,0.454217,0.427332,0.411633,0.427332,0.424953,0,away,0.07266800000000001,"{""deep_feature_base"": 0.2, ""phase1_base"": 0.8}"
2021020378,2021-12-05,PHI,TBL,0,0.470662,0.48962,0.417186,0.420101,0.563823,0.470662,0.48962,0.48962,0.4599668,0,away,0.029337999999999975,"{""deep_feature_base"": 0.2, ""phase1_base"": 0.8}"
2021020379,2021-12-05,CBJ,SJS,1,0.477122,0.446485,0.48912,0.462082,0.391141,0.477122,0.446485,0.446485,0.47952160000000005,0,away,0.02287800000000001,"{""deep_feature_base"": 0.2, ""phase1_base"": 0.8}"
2021020380,2021-12-05,WPG,TOR,1,0.373143,0.3737,0.361259,0.358251,0.41435,0.373143,0.3737,0.373143,0.37076620000000005,0,away,0.126857,"{""deep_feature_base"": 0.2, ""phase1_base"": 0.8}"
2021020381,2021-12-05,EDM,LAK,0,0.608346,0.585998,0.618327,0.598974,0.493611,0.608346,0.585998,0.608346,0.6103422000000001,1,home,0.10834600000000005,"{""deep_feature_base"": 0.2, ""phase1_base"": 0.8}"
2021020382,2021-12-05,VGK,CGY,1,0.51838,0.523022,0.491554,0.488148,0.470756,0.51838,0.523022,0.51838,0.5130148,1,home,0.018379999999999952,"{""deep_feature_base"": 0.2, ""phase1_base"": 0.8}"
2021020234,2021-12-06,NJD,OTT,0,0.599701,0.589661,0.601989,0.592635,0.587593,0.599701,0.589661,0.599701,0.6001586000000001,1,home,0.09970100000000004,"{""deep_feature_base"": 0.2, ""phase1_base"": 0.8}"
2021020383,2021-12-06,PHI,COL,0,0.384939,0.381957,0.370321,0.362954,0.470019,0.384939,0.381957,0.384939,0.3820154,0,away,0.11506100000000002,"{""deep_feature_base"": 0.2, ""phase1_base"": 0.8}"
2021020384,2021-12-06,WSH,ANA,1,0.705501,0.72462,0.652469,0.655678,0.655129,0.705501,0.72462,0.705501,0.6948946,1,home,0.20550100000000004,"{""deep_feature_base"": 0.2, ""phase1_base"": 0.8}"
2021020385,2021-12-06,DAL,UTA,1,0.763941,0.765528,0.763406,0.764833,0.700125,0.763941,0.765528,0.763941,0.7638340000000001,1,home,0.263941,"{""deep_feature_base"": 0.2, ""phase1_base"": 0.8}"
2021020386,2021-12-06,VAN,LAK,1,0.470788,0.489708,0.480304,0.502078,0.548948,0.470788,0.489708,0.489708,0.47269120000000003,0,away,0.029212000000000016,"{""deep_feature_base"": 0.2, ""phase1_base"": 0.8}"
2021020387,2021-12-06,SEA,PIT,0,0.654885,0.689188,0.636277,0.664998,0.622634,0.654885,0.689188,0.654885,0.6511634000000001,1,home,0.15488500000000005,"{""deep_feature_base"": 0.2, ""phase1_base"": 0.8}"
2021020388,2021-12-07,BUF,ANA,0,0.453712,0.477754,0.408892,0.419488,0.523034,0.453712,0.477754,0.477754,0.44474800000000003,0,away,0.046287999999999996,"{""deep_feature_base"": 0.2, ""phase1_base"": 0.8}"
2021020389,2021-12-07,TOR,CBJ,1,0.697932,0.719321,0.693186,0.713152,0.654389,0.697932,0.719321,0.697932,0.6969828,1,home,0.197932,"{""deep_feature_base"": 0.2, ""phase1_base"": 0.8}"
2021020390,2021-12-07,MTL,TBL,0,0.336587,0.348111,0.326593,0.335118,0.48611,0.336587,0.348111,0.336587,0.33458820000000006,0,away,0.16341299999999997,"{""deep_feature_base"": 0.2, ""phase1_base"": 0.8}"
2021020391,2021-12-07,OTT,NYI,0,0.669522,0.699435,0.622494,0.638298,0.618157,0.669522,0.699435,0.669522,0.6601164,1,home,0.16952199999999995,"{""deep_feature_base"": 0.2, ""phase1_base"": 0.8}"
2021020392,2021-12-07,DET,NSH,0,0.545278,0.551565,0.515652,0.513051,0.566098,0.545278,0.551565,0.545278,0.5393528000000001,1,home,0.04527800000000004,"{""deep_feature_base"": 0.2, ""phase1_base"": 0.8}"
2021020393,2021-12-07,CHI,NYR,0,0.452389,0.476829,0.419719,0.434357,0.533556,0.452389,0.476829,0.476829,0.445855,0,away,0.047611000000000014,"{""deep_feature_base"": 0.2, ""phase1_base"": 0.8}"
2021020394,2021-12-07,STL,FLA,1,0.46554,0.486034,0.425566,0.434068,0.503608,0.46554,0.486034,0.486034,0.45754520000000004,0,away,0.03445999999999999,"{""deep_feature_base"": 0.2, ""phase1_base"": 0.8}"
2021020395,2021-12-07,WPG,CAR,0,0.475285,0.492856,0.486655,0.507636,0.480335,0.475285,0.492856,0.492856,0.477559,0,away,0.024714999999999987,"{""deep_feature_base"": 0.2, ""phase1_base"": 0.8}"
2021020396,2021-12-07,EDM,MIN,0,0.433582,0.416007,0.446527,0.432835,0.463125,0.433582,0.416007,0.433582,0.4361710000000001,0,away,0.06641799999999998,"{""deep_feature_base"": 0.2, ""phase1_base"": 0.8}"
2021020397,2021-12-07,SJS,CGY,1,0.408314,0.39832,0.43353,0.4311,0.438274,0.408314,0.39832,0.408314,0.41335720000000004,0,away,0.09168599999999999,"{""deep_feature_base"": 0.2, ""phase1_base"": 0.8}"
2021020398,2021-12-08,NJD,PHI,1,0.559826,0.561748,0.596593,0.609545,0.595622,0.559826,0.561748,0.559826,0.5671794000000001,1,home,0.059826000000000046,"{""deep_feature_base"": 0.2, ""phase1_base"": 0.8}"
2021020399,2021-12-08,NYR,COL,0,0.581948,0.577234,0.587189,0.584047,0.639179,0.581948,0.577234,0.581948,0.5829962000000001,1,home,0.08194800000000002,"{""deep_feature_base"": 0.2, ""phase1_base"": 0.8}"
2021020400,2021-12-08,VAN,BOS,1,0.473533,0.501343,0.492071,0.525443,0.561131,0.473533,0.501343,0.501343,0.4772406,0,away,0.02646700000000002,"{""deep_feature_base"": 0.2, ""phase1_base"": 0.8}"
2021020401,2021-12-08,VGK,DAL,1,0.526587,0.528767,0.482188,0.471049,0.503639,0.526587,0.528767,0.526587,0.5177072,1,home,0.026587000000000027,"{""deep_feature_base"": 0.2, ""phase1_base"": 0.8}"
2021020402,2021-12-09,TOR,TBL,0,0.549955,0.547131,0.543184,0.538329,0.505452,0.549955,0.547131,0.549955,0.5486008,1,home,0.04995499999999997,"{""deep_feature_base"": 0.2, ""phase1_base"": 0.8}"
2021020403,2021-12-09,MTL,CHI,0,0.500305,0.512376,0.496042,0.506833,0.576277,0.500305,0.512376,0.500305,0.4994524,0,away,0.0003049999999999997,"{""deep_feature_base"": 0.2, ""phase1_base"": 0.8}"
2021020404,2021-12-09,NYI,NSH,0,0.434543,0.45418,0.389072,0.395068,0.524487,0.434543,0.45418,0.434543,0.4254488,0,away,0.06545699999999999,"{""deep_feature_base"": 0.2, ""phase1_base"": 0.8}"
2021020405,2021-12-09,CBJ,ANA,0,0.464526,0.437668,0.506632,0.492406,0.472593,0.464526,0.437668,0.437668,0.4729472,0,away,0.035474000000000006,"{""deep_feature_base"": 0.2, ""phase1_base"": 0.8}"
2021020406,2021-12-09,STL,DET,1,0.666463,0.697293,0.62339,0.641298,0.713391,0.666463,0.697293,0.666463,0.6578484,1,home,0.16646300000000003,"{""deep_feature_base"": 0.2, ""phase1_base"": 0.8}"
2021020407,2021-12-09,CGY,CAR,0,0.52802,0.539484,0.56132,0.582774,0.570859,0.52802,0.539484,0.52802,0.53468,1,home,0.028020000000000045,"{""deep_feature_base"": 0.2, ""phase1_base"": 0.8}"
2021020408,2021-12-09,EDM,BOS,0,0.674159,0.70268,0.626945,0.641303,0.636194,0.674159,0.70268,0.674159,0.6647162,1,home,0.17415899999999995,"{""deep_feature_base"": 0.2, ""phase1_base"": 0.8}"
2021020409,2021-12-09,LAK,DAL,1,0.48894,0.502415,0.439979,0.438765,0.545534,0.48894,0.502415,0.502415,0.4791478,0,away,0.011060000000000014,"{""deep_feature_base"": 0.2, ""phase1_base"": 0.8}"
2021020410,2021-12-09,SJS,MIN,0,0.3803,0.37871,0.383954,0.383461,0.407945,0.3803,0.37871,0.3803,0.38103080000000006,0,away,0.11969999999999997,"{""deep_feature_base"": 0.2, ""phase1_base"": 0.8}"
2021020411,2021-12-09,SEA,WPG,0,0.449107,0.426875,0.441124,0.416497,0.439264,0.449107,0.426875,0.449107,0.4475104,0,away,0.05089300000000002,"{""deep_feature_base"": 0.2, ""phase1_base"": 0.8}"
2021020412,2021-12-10,BUF,NYR,0,0.401779,0.441401,0.35529,0.380966,0.544321,0.401779,0.441401,0.401779,0.39248120000000003,0,away,0.098221,"{""deep_feature_base"": 0.2, ""phase1_base"": 0.8}"
2021020413,2021-12-10,NJD,NSH,0,0.397941,0.391059,0.387215,0.377115,0.441278,0.397941,0.391059,0.397941,0.3957958,0,away,0.10205900000000001,"{""deep_feature_base"": 0.2, ""phase1_base"": 0.8}"
2021020414,2021-12-10,WSH,PIT,0,0.619252,0.603346,0.630987,0.618602,0.584263,0.619252,0.603346,0.619252,0.621599,1,home,0.11925200000000002,"{""deep_feature_base"": 0.2, ""phase1_base"": 0.8}"
2021020415,2021-12-10,COL,DET,1,0.728822,0.740945,0.69971,0.703099,0.623661,0.728822,0.740945,0.728822,0.7229996,1,home,0.22882199999999997,"{""deep_feature_base"": 0.2, ""phase1_base"": 0.8}"
2021020416,2021-12-10,UTA,FLA,0,0.394486,0.42614,0.353851,0.373315,0.487458,0.394486,0.42614,0.394486,0.386359,0,away,0.105514,"{""deep_feature_base"": 0.2, ""phase1_base"": 0.8}"
2021020417,2021-12-10,VAN,WPG,1,0.51714,0.531868,0.504741,0.51575,0.558778,0.51714,0.531868,0.51714,0.5146602000000001,1,home,0.017140000000000044,"{""deep_feature_base"": 0.2, ""phase1_base"": 0.8}"
2021020418,2021-12-10,VGK,PHI,0,0.745994,0.752965,0.756702,0.766886,0.641399,0.745994,0.752965,0.745994,0.7481356000000001,1,home,0.24599400000000005,"{""deep_feature_base"": 0.2, ""phase1_base"": 0.8}"
2021020419,2021-12-11,BUF,WSH,0,0.404006,0.44296,0.387645,0.421692,0.522474,0.404006,0.44296,0.404006,0.40073380000000003,0,away,0.09599400000000002,"{""deep_feature_base"": 0.2, ""phase1_base"": 0.8}"
2021020420,2021-12-11,TOR,CHI,1,0.735234,0.745433,0.703335,0.703965,0.644649,0.735234,0.745433,0.735234,0.7288542,1,home,0.23523400000000005,"{""deep_feature_base"": 0.2, ""phase1_base"": 0.8}"
2021020421,2021-12-11,OTT,TBL,1,0.327788,0.341951,0.340929,0.359035,0.423186,0.327788,0.341951,0.327788,0.33041620000000005,0,away,0.17221199999999998,"{""deep_feature_base"": 0.2, ""phase1_base"": 0.8}"
2021020422,2021-12-11,NYI,NJD,1,0.526774,0.538612,0.533419,0.54725,0.541572,0.526774,0.538612,0.526774,0.528103,1,home,0.026773999999999964,"{""deep_feature_base"": 0.2, ""phase1_base"": 0.8}"
2021020423,2021-12-11,PIT,ANA,1,0.4528,0.42946,0.51405,0.509084,0.42504,0.4528,0.42946,0.42946,0.46505,0,away,0.04720000000000002,"{""deep_feature_base"": 0.2, ""phase1_base"": 0.8}"
2021020424,2021-12-11,STL,MTL,1,0.748109,0.754445,0.756749,0.765677,0.660673,0.748109,0.754445,0.748109,0.749837,1,home,0.24810900000000002,"{""deep_feature_base"": 0.2, ""phase1_base"": 0.8}"
2021020425,2021-12-11,CGY,BOS,0,0.557137,0.559866,0.591867,0.605015,0.569784,0.557137,0.559866,0.557137,0.5640830000000001,1,home,0.05713699999999999,"{""deep_feature_base"": 0.2, ""phase1_base"": 0.8}"
2021020426,2021-12-11,EDM,CAR,0,0.5131,0.52904,0.503696,0.516815,0.553228,0.5131,0.52904,0.5131,0.5112192,1,home,0.0131,"{""deep_feature_base"": 0.2, ""phase1_base"": 0.8}"
2021020427,2021-12-11,UTA,PHI,0,0.50244,0.511864,0.457628,0.453609,0.489347,0.50244,0.511864,0.50244,0.4934776,0,away,0.0024399999999999977,"{""deep_feature_base"": 0.2, ""phase1_base"": 0.8}"
2021020428,2021-12-11,LAK,MIN,1,0.456384,0.479625,0.418914,0.430914,0.512863,0.456384,0.479625,0.479625,0.44889,0,away,0.04361599999999999,"{""deep_feature_base"": 0.2, ""phase1_base"": 0.8}"
2021020429,2021-12-11,SJS,DAL,1,0.501046,0.510888,0.485898,0.491196,0.496239,0.501046,0.510888,0.501046,0.4980164,0,away,0.0010459999999999914,"{""deep_feature_base"": 0.2, ""phase1_base"": 0.8}"
2021020430,2021-12-11,SEA,CBJ,0,0.418405,0.405383,0.412245,0.397376,0.43835,0.418405,0.405383,0.418405,0.417173,0,away,0.08159499999999997,"{""deep_feature_base"": 0.2, ""phase1_base"": 0.8}"
2021020431,2021-12-12,NYR,NSH,0,0.566517,0.556718,0.555276,0.542105,0.528322,0.566517,0.556718,0.566517,0.5642688,1,home,0.06651700000000005,"{""deep_feature_base"": 0.2, ""phase1_base"": 0.8}"
2021020432,2021-12-12,STL,ANA,0,0.562246,0.563442,0.617709,0.635544,0.529623,0.562246,0.563442,0.562246,0.5733386,1,home,0.062246000000000024,"{""deep_feature_base"": 0.2, ""phase1_base"": 0.8}"
2021020433,2021-12-12,COL,FLA,1,0.558947,0.561133,0.594632,0.607524,0.508452,0.558947,0.561133,0.558947,0.566084,1,home,0.05894699999999997,"{""deep_feature_base"": 0.2, ""phase1_base"": 0.8}"
2021020434,2021-12-12,VAN,CAR,1,0.5463,0.613179,0.488097,0.537515,0.623852,0.5463,0.613179,0.5463,0.5346594,1,home,0.04630000000000001,"{""deep_feature_base"": 0.2, ""phase1_base"": 0.8}"
2021020435,2021-12-12,VGK,MIN,1,0.478176,0.484723,0.43834,0.432937,0.474064,0.478176,0.484723,0.484723,0.47020880000000004,0,away,0.02182400000000001,"{""deep_feature_base"": 0.2, ""phase1_base"": 0.8}"
2021020437,2021-12-14,BOS,VGK,0,0.537816,0.536628,0.53529,0.533343,0.585224,0.537816,0.536628,0.537816,0.5373108,1,home,0.03781599999999996,"{""deep_feature_base"": 0.2, ""phase1_base"": 0.8}"
2021020438,2021-12-14,DET,NYI,1,0.579399,0.565735,0.552528,0.530804,0.521721,0.579399,0.565735,0.579399,0.5740248,1,home,0.079399,"{""deep_feature_base"": 0.2, ""phase1_base"": 0.8}"
2021020439,2021-12-14,TBL,LAK,1,0.599708,0.589666,0.620872,0.61718,0.51726,0.599708,0.589666,0.599708,0.6039408,1,home,0.09970800000000002,"{""deep_feature_base"": 0.2, ""phase1_base"": 0.8}"
2021020440,2021-12-14,FLA,OTT,0,0.662572,0.63367,0.696012,0.677142,0.60756,0.662572,0.63367,0.662572,0.66926,1,home,0.16257200000000005,"{""deep_feature_base"": 0.2, ""phase1_base"": 0.8}"
2021020441,2021-12-14,PHI,NJD,1,0.556319,0.549579,0.54995,0.541299,0.491919,0.556319,0.549579,0.556319,0.5550452,1,home,0.05631900000000001,"{""deep_feature_base"": 0.2, ""phase1_base"": 0.8}"
2021020442,2021-12-14,PIT,MTL,1,0.654657,0.62813,0.696534,0.68257,0.523377,0.654657,0.62813,0.654657,0.6630324000000001,1,home,0.15465700000000004,"{""deep_feature_base"": 0.2, ""phase1_base"": 0.8}"
2021020444,2021-12-14,DAL,STL,0,0.478792,0.447655,0.479526,0.448609,0.531276,0.478792,0.447655,0.447655,0.47893880000000005,0,away,0.021208000000000005,"{""deep_feature_base"": 0.2, ""phase1_base"": 0.8}"
2021020446,2021-12-14,WPG,BUF,0,0.635724,0.614877,0.677709,0.669457,0.562483,0.635724,0.614877,0.635724,0.644121,1,home,0.13572399999999996,"{""deep_feature_base"": 0.2, ""phase1_base"": 0.8}"
2021020447,2021-12-14,COL,NYR,1,0.562904,0.556195,0.578233,0.576123,0.541695,0.562904,0.556195,0.562904,0.5659698,1,home,0.06290399999999996,"{""deep_feature_base"": 0.2, ""phase1_base"": 0.8}"
2021020448,2021-12-14,EDM,TOR,0,0.500517,0.510518,0.437678,0.428827,0.530103,0.500517,0.510518,0.500517,0.4879492,0,away,0.0005169999999999897,"{""deep_feature_base"": 0.2, ""phase1_base"": 0.8}"
2021020449,2021-12-14,VAN,CBJ,1,0.515587,0.530781,0.517113,0.532764,0.55715,0.515587,0.530781,0.515587,0.5158922,1,home,0.015587000000000018,"{""deep_feature_base"": 0.2, ""phase1_base"": 0.8}"
2021020450,2021-12-14,SJS,SEA,0,0.701376,0.721732,0.682425,0.697096,0.69183,0.701376,0.721732,0.701376,0.6975858,1,home,0.201376,"{""deep_feature_base"": 0.2, ""phase1_base"": 0.8}"
2021020451,2021-12-15,CHI,WSH,1,0.439083,0.457358,0.408191,0.417199,0.466188,0.439083,0.457358,0.439083,0.43290460000000003,0,away,0.060917,"{""deep_feature_base"": 0.2, ""phase1_base"": 0.8}"
2021020452,2021-12-15,UTA,NYR,0,0.414792,0.450511,0.394637,0.424309,0.482808,0.414792,0.450511,0.414792,0.41076100000000004,0,away,0.085208,"{""deep_feature_base"": 0.2, ""phase1_base"": 0.8}"
2021020453,2021-12-15,ANA,SEA,1,0.609506,0.596524,0.655534,0.65636,0.635244,0.609506,0.596524,0.609506,0.6187116,1,home,0.10950599999999999,"{""deep_feature_base"": 0.2, ""phase1_base"": 0.8}"
2021020454,2021-12-16,MTL,PHI,1,0.388674,0.384572,0.392525,0.389578,0.455524,0.388674,0.384572,0.388674,0.3894442,0,away,0.11132599999999998,"{""deep_feature_base"": 0.2, ""phase1_base"": 0.8}"
2021020455,2021-12-16,TBL,OTT,1,0.65052,0.625234,0.629095,0.597382,0.640421,0.65052,0.625234,0.65052,0.646235,1,home,0.15052,"{""deep_feature_base"": 0.2, ""phase1_base"": 0.8}"
2021020456,2021-12-16,FLA,LAK,0,0.497857,0.461,0.523272,0.494039,0.49995,0.497857,0.461,0.461,0.50294,1,home,0.002143000000000006,"{""deep_feature_base"": 0.2, ""phase1_base"": 0.8}"
2021020457,2021-12-16,NJD,VGK,0,0.358679,0.363575,0.366342,0.373538,0.407783,0.358679,0.363575,0.358679,0.3602116,0,away,0.14132099999999997,"{""deep_feature_base"": 0.2, ""phase1_base"": 0.8}"
2021020458,2021-12-16,NYI,BOS,1,0.467898,0.497399,0.4629,0.490901,0.486163,0.467898,0.497399,0.497399,0.4668984,0,away,0.03210200000000002,"{""deep_feature_base"": 0.2, ""phase1_base"": 0.8}"
2021020459,2021-12-16,CAR,DET,1,0.736922,0.746615,0.66698,0.655691,0.713754,0.736922,0.746615,0.736922,0.7229336,1,home,0.23692199999999997,"{""deep_feature_base"": 0.2, ""phase1_base"": 0.8}"
2021020460,2021-12-16,NSH,COL,1,0.509599,0.516875,0.483878,0.483438,0.516035,0.509599,0.516875,0.509599,0.5044548,1,home,0.009599000000000024,"{""deep_feature_base"": 0.2, ""phase1_base"": 0.8}"
2021020461,2021-12-16,MIN,BUF,0,0.688503,0.651822,0.728486,0.7038,0.621434,0.688503,0.651822,0.688503,0.6964996,1,home,0.18850299999999998,"{""deep_feature_base"": 0.2, ""phase1_base"": 0.8}"
2021020463,2021-12-16,EDM,CBJ,1,0.544353,0.541203,0.492874,0.474281,0.569949,0.544353,0.541203,0.544353,0.5340572,1,home,0.044352999999999976,"{""deep_feature_base"": 0.2, ""phase1_base"": 0.8}"
2021020464,2021-12-16,SJS,VAN,0,0.553349,0.5475,0.523486,0.508678,0.518031,0.553349,0.5475,0.553349,0.5473764,1,home,0.05334899999999998,"{""deep_feature_base"": 0.2, ""phase1_base"": 0.8}"
2021020465,2021-12-17,NYR,VGK,0,0.457703,0.432892,0.489825,0.474651,0.452904,0.457703,0.432892,0.432892,0.4641274000000001,0,away,0.042296999999999974,"{""deep_feature_base"": 0.2, ""phase1_base"": 0.8}"
2021020466,2021-12-17,PIT,BUF,1,0.747884,0.754288,0.736714,0.739768,0.67677,0.747884,0.754288,0.747884,0.74565,1,home,0.247884,"{""deep_feature_base"": 0.2, ""phase1_base"": 0.8}"
2021020467,2021-12-17,CHI,NSH,0,0.386805,0.383264,0.412856,0.417129,0.403502,0.386805,0.383264,0.386805,0.39201520000000006,0,away,0.11319499999999999,"{""deep_feature_base"": 0.2, ""phase1_base"": 0.8}"
2021020468,2021-12-17,STL,DAL,1,0.663341,0.695108,0.652141,0.680548,0.622008,0.663341,0.695108,0.663341,0.6611009999999999,1,home,0.16334099999999996,"{""deep_feature_base"": 0.2, ""phase1_base"": 0.8}"
2021020469,2021-12-17,WPG,WSH,0,0.473691,0.493746,0.488098,0.512475,0.481377,0.473691,0.493746,0.493746,0.4765724,0,away,0.026309000000000027,"{""deep_feature_base"": 0.2, ""phase1_base"": 0.8}"
2021020470,2021-12-17,ANA,UTA,0,0.762731,0.764681,0.720003,0.709135,0.70265,0.762731,0.764681,0.762731,0.7541854000000001,1,home,0.26273100000000005,"{""deep_feature_base"": 0.2, ""phase1_base"": 0.8}"
2021020472,2021-12-18,DET,NJD,1,0.502219,0.464053,0.541354,0.514928,0.494271,0.502219,0.464053,0.502219,0.510046,1,home,0.002218999999999971,"{""deep_feature_base"": 0.2, ""phase1_base"": 0.8}"
2021020473,2021-12-18,PHI,OTT,1,0.562847,0.556155,0.555672,0.546828,0.571378,0.562847,0.556155,0.562847,0.561412,1,home,0.06284699999999999,"{""deep_feature_base"": 0.2, ""phase1_base"": 0.8}"
2021020474,2021-12-18,CAR,LAK,1,0.611749,0.598094,0.634979,0.628293,0.597046,0.611749,0.598094,0.611749,0.616395,1,home,0.11174899999999999,"{""deep_feature_base"": 0.2, ""phase1_base"": 0.8}"
2021020475,2021-12-18,DAL,CHI,1,0.589995,0.582867,0.605254,0.602704,0.615831,0.589995,0.582867,0.589995,0.5930468000000001,1,home,0.08999500000000005,"{""deep_feature_base"": 0.2, ""phase1_base"": 0.8}"
2021020480,2021-12-18,SEA,EDM,0,0.406998,0.397398,0.462778,0.469913,0.399048,0.406998,0.397398,0.406998,0.4181540000000001,0,away,0.09300199999999997,"{""deep_feature_base"": 0.2, ""phase1_base"": 0.8}"
2021020482,2021-12-19,NJD,PIT,0,0.449185,0.474586,0.408069,0.421135,0.522524,0.449185,0.474586,0.449185,0.4409618,0,away,0.050815,"{""deep_feature_base"": 0.2, ""phase1_base"": 0.8}"
2021020483,2021-12-19,NYI,VGK,0,0.444753,0.481197,0.433096,0.466044,0.504655,0.444753,0.481197,0.444753,0.4424216,0,away,0.05524699999999999,"{""deep_feature_base"": 0.2, ""phase1_base"": 0.8}"
2021020484,2021-12-19,WSH,LAK,0,0.704281,0.723766,0.651463,0.655103,0.687796,0.704281,0.723766,0.704281,0.6937174,1,home,0.20428100000000005,"{""deep_feature_base"": 0.2, ""phase1_base"": 0.8}"
2021020486,2021-12-19,WPG,STL,1,0.404662,0.395763,0.443356,0.446065,0.456028,0.404662,0.395763,0.404662,0.41240080000000007,0,away,0.09533799999999998,"{""deep_feature_base"": 0.2, ""phase1_base"": 0.8}"
2021020492,2021-12-20,DAL,MIN,1,0.415618,0.403433,0.430182,0.422365,0.472228,0.415618,0.403433,0.415618,0.41853080000000004,0,away,0.08438200000000001,"{""deep_feature_base"": 0.2, ""phase1_base"": 0.8}"
2021020501,2021-12-21,VGK,TBL,0,0.562674,0.563742,0.56979,0.572993,0.556791,0.562674,0.563742,0.562674,0.5640972,1,home,0.06267400000000001,"{""deep_feature_base"": 0.2, ""phase1_base"": 0.8}"
2021020537,2021-12-28,TBL,MTL,1,0.790121,0.783854,0.747941,0.72902,0.691019,0.790121,0.783854,0.790121,0.781685,1,home,0.29012099999999996,"{""deep_feature_base"": 0.2, ""phase1_base"": 0.8}"
2021020539,2021-12-28,LAK,VGK,0,0.515886,0.53099,0.540928,0.563544,0.560226,0.515886,0.53099,0.515886,0.5208944,1,home,0.015885999999999956,"{""deep_feature_base"": 0.2, ""phase1_base"": 0.8}"
2021020540,2021-12-28,SJS,UTA,1,0.61314,0.599068,0.658705,0.658302,0.586965,0.61314,0.599068,0.61314,0.6222530000000001,1,home,0.11314000000000002,"{""deep_feature_base"": 0.2, ""phase1_base"": 0.8}"
2021020541,2021-12-29,BUF,NJD,0,0.65424,0.688737,0.617125,0.640488,0.652605,0.65424,0.688737,0.65424,0.6468170000000001,1,home,0.15424000000000004,"{""deep_feature_base"": 0.2, ""phase1_base"": 0.8}"
2021020544,2021-12-29,FLA,NYR,1,0.512468,0.508728,0.475903,0.461193,0.466251,0.512468,0.508728,0.512468,0.505155,1,home,0.012468000000000035,"{""deep_feature_base"": 0.2, ""phase1_base"": 0.8}"
2021020546,2021-12-29,WSH,NSH,1,0.527232,0.529219,0.501402,0.49564,0.521827,0.527232,0.529219,0.527232,0.522066,1,home,0.027232000000000034,"{""deep_feature_base"": 0.2, ""phase1_base"": 0.8}"
2021020547,2021-12-29,STL,EDM,1,0.653945,0.68853,0.595728,0.612849,0.636783,0.653945,0.68853,0.653945,0.6423016000000001,1,home,0.153945,"{""deep_feature_base"": 0.2, ""phase1_base"": 0.8}"
2021020550,2021-12-29,ANA,VAN,0,0.490449,0.455814,0.516409,0.489562,0.483412,0.490449,0.455814,0.455814,0.495641,0,away,0.009550999999999976,"{""deep_feature_base"": 0.2, ""phase1_base"": 0.8}"
2021020551,2021-12-29,SEA,PHI,0,0.438134,0.419194,0.411254,0.38425,0.438847,0.438134,0.419194,0.438134,0.43275800000000003,0,away,0.06186599999999998,"{""deep_feature_base"": 0.2, ""phase1_base"": 0.8}"
2021020552,2021-12-30,FLA,TBL,1,0.505905,0.51429,0.478689,0.47891,0.492074,0.505905,0.51429,0.505905,0.5004618000000001,1,home,0.005905000000000049,"{""deep_feature_base"": 0.2, ""phase1_base"": 0.8}"
2021020553,2021-12-30,NYI,BUF,1,0.584395,0.578946,0.609433,0.611496,0.572609,0.584395,0.578946,0.584395,0.5894026000000001,1,home,0.084395,"{""deep_feature_base"": 0.2, ""phase1_base"": 0.8}"
2021020554,2021-12-30,CAR,MTL,1,0.79701,0.788676,0.761361,0.742332,0.707746,0.79701,0.788676,0.79701,0.7898802,1,home,0.29701,"{""deep_feature_base"": 0.2, ""phase1_base"": 0.8}"
2021020555,2021-12-30,CBJ,NSH,1,0.486342,0.500595,0.50155,0.520367,0.510344,0.486342,0.500595,0.500595,0.48938360000000003,0,away,0.013658000000000003,"{""deep_feature_base"": 0.2, ""phase1_base"": 0.8}"
2021020556,2021-12-30,LAK,VAN,1,0.475031,0.445021,0.493863,0.469503,0.469718,0.475031,0.445021,0.445021,0.4787974,0,away,0.02496900000000002,"{""deep_feature_base"": 0.2, ""phase1_base"": 0.8}"
2021020557,2021-12-30,SJS,PHI,1,0.541496,0.539204,0.539987,0.537242,0.514975,0.541496,0.539204,0.541496,0.5411942,1,home,0.04149599999999998,"{""deep_feature_base"": 0.2, ""phase1_base"": 0.8}"
2021020558,2021-12-30,SEA,CGY,0,0.471641,0.490305,0.435092,0.442791,0.477402,0.471641,0.490305,0.490305,0.4643312,0,away,0.028359000000000023,"{""deep_feature_base"": 0.2, ""phase1_base"": 0.8}"
2021020560,2021-12-31,DET,WSH,0,0.396905,0.390334,0.402955,0.398199,0.421555,0.396905,0.390334,0.396905,0.39811500000000005,0,away,0.10309499999999999,"{""deep_feature_base"": 0.2, ""phase1_base"": 0.8}"
2021020561,2021-12-31,TBL,NYR,0,0.549196,0.534437,0.521772,0.498786,0.506065,0.549196,0.534437,0.549196,0.5437112000000001,1,home,0.04919600000000002,"{""deep_feature_base"": 0.2, ""phase1_base"": 0.8}"
2021020562,2021-12-31,NJD,EDM,1,0.479236,0.505335,0.477113,0.502576,0.517375,0.479236,0.505335,0.505335,0.47881140000000005,0,away,0.020764000000000005,"{""deep_feature_base"": 0.2, ""phase1_base"": 0.8}"
2021020565,2021-12-31,VGK,ANA,1,0.614487,0.600011,0.642584,0.636537,0.579488,0.614487,0.600011,0.614487,0.6201064000000001,1,home,0.114487,"{""deep_feature_base"": 0.2, ""phase1_base"": 0.8}"
2021020566,2022-01-01,BOS,BUF,1,0.639585,0.607866,0.620754,0.583385,0.591896,0.639585,0.607866,0.639585,0.6358188,1,home,0.13958499999999996,"{""deep_feature_base"": 0.2, ""phase1_base"": 0.8}"
2021020567,2022-01-01,TOR,OTT,1,0.765654,0.766727,0.726796,0.716212,0.709219,0.765654,0.766727,0.765654,0.7578824000000001,1,home,0.26565399999999995,"{""deep_feature_base"": 0.2, ""phase1_base"": 0.8}"
2021020568,2022-01-01,FLA,MTL,1,0.678496,0.644817,0.70955,0.685188,0.575632,0.678496,0.644817,0.678496,0.6847068,1,home,0.178496,"{""deep_feature_base"": 0.2, ""phase1_base"": 0.8}"
2021020569,2022-01-01,NYI,EDM,1,0.603737,0.653385,0.5523,0.586517,0.62528,0.603737,0.653385,0.603737,0.5934496,1,home,0.10373699999999997,"{""deep_feature_base"": 0.2, ""phase1_base"": 0.8}"
2021020570,2022-01-01,CBJ,CAR,0,0.466973,0.489043,0.477486,0.502711,0.528113,0.466973,0.489043,0.489043,0.46907560000000004,0,away,0.03302699999999997,"{""deep_feature_base"": 0.2, ""phase1_base"": 0.8}"
2021020571,2022-01-01,NSH,CHI,1,0.731042,0.742499,0.662177,0.652974,0.684939,0.731042,0.742499,0.731042,0.7172689999999999,1,home,0.23104199999999997,"{""deep_feature_base"": 0.2, ""phase1_base"": 0.8}"
2021020572,2022-01-01,MIN,STL,0,0.487307,0.453615,0.515302,0.490009,0.485279,0.487307,0.453615,0.453615,0.492906,0,away,0.01269300000000001,"{""deep_feature_base"": 0.2, ""phase1_base"": 0.8}"
2021020573,2022-01-01,LAK,PHI,1,0.49729,0.460603,0.511435,0.478991,0.481301,0.49729,0.460603,0.460603,0.500119,1,home,0.00270999999999999,"{""deep_feature_base"": 0.2, ""phase1_base"": 0.8}"
2021020574,2022-01-01,SEA,VAN,0,0.413295,0.401807,0.439867,0.436349,0.414085,0.413295,0.401807,0.413295,0.4186094,0,away,0.08670499999999998,"{""deep_feature_base"": 0.2, ""phase1_base"": 0.8}"
2021020575,2022-01-02,DET,BOS,0,0.484408,0.489086,0.466759,0.466142,0.476916,0.484408,0.489086,0.489086,0.48087820000000003,0,away,0.015591999999999995,"{""deep_feature_base"": 0.2, ""phase1_base"": 0.8}"
2021020576,2022-01-02,NYR,TBL,1,0.549666,0.554636,0.532495,0.532314,0.603321,0.549666,0.554636,0.549666,0.5462318,1,home,0.04966599999999999,"{""deep_feature_base"": 0.2, ""phase1_base"": 0.8}"
2021020577,2022-01-02,PIT,SJS,1,0.580868,0.566764,0.599689,0.591231,0.576937,0.580868,0.566764,0.580868,0.5846322,1,home,0.08086800000000005,"{""deep_feature_base"": 0.2, ""phase1_base"": 0.8}"
2021020578,2022-01-02,WSH,NJD,0,0.660836,0.632456,0.649162,0.617279,0.628251,0.660836,0.632456,0.660836,0.6585012000000001,1,home,0.16083599999999998,"{""deep_feature_base"": 0.2, ""phase1_base"": 0.8}"
2021020579,2022-01-02,CHI,CGY,0,0.399663,0.392264,0.408753,0.40408,0.409193,0.399663,0.392264,0.399663,0.40148100000000003,0,away,0.10033700000000001,"{""deep_feature_base"": 0.2, ""phase1_base"": 0.8}"
2021020580,2022-01-02,COL,ANA,1,0.722236,0.736334,0.701968,0.709986,0.66682,0.722236,0.736334,0.722236,0.7181824,1,home,0.222236,"{""deep_feature_base"": 0.2, ""phase1_base"": 0.8}"
2021020582,2022-01-02,VGK,WPG,0,0.629643,0.600906,0.614937,0.581788,0.588658,0.629643,0.600906,0.629643,0.6267018,1,home,0.12964299999999995,"{""deep_feature_base"": 0.2, ""phase1_base"": 0.8}"
2021020585,2022-01-03,NYR,EDM,1,0.610282,0.597067,0.657938,0.659021,0.592106,0.610282,0.597067,0.610282,0.6198132000000001,1,home,0.11028199999999999,"{""deep_feature_base"": 0.2, ""phase1_base"": 0.8}"
2021020586,2022-01-04,BOS,NJD,1,0.629917,0.610812,0.629319,0.610034,0.596342,0.629917,0.610812,0.629917,0.6297974,1,home,0.12991699999999995,"{""deep_feature_base"": 0.2, ""phase1_base"": 0.8}"
2021020588,2022-01-04,DET,SJS,1,0.532639,0.535009,0.530417,0.532121,0.558253,0.532639,0.535009,0.532639,0.5321946000000001,1,home,0.032638999999999974,"{""deep_feature_base"": 0.2, ""phase1_base"": 0.8}"
2021020589,2022-01-04,FLA,CGY,1,0.577547,0.574153,0.564447,0.557122,0.550172,0.577547,0.574153,0.577547,0.5749270000000001,1,home,0.07754700000000003,"{""deep_feature_base"": 0.2, ""phase1_base"": 0.8}"
2021020590,2022-01-04,CBJ,TBL,0,0.499337,0.511698,0.505214,0.519337,0.521061,0.499337,0.511698,0.511698,0.5005124,1,home,0.0006630000000000247,"{""deep_feature_base"": 0.2, ""phase1_base"": 0.8}"
2021020591,2022-01-04,CHI,COL,0,0.346293,0.354905,0.350569,0.360464,0.379796,0.346293,0.354905,0.346293,0.3471482,0,away,0.15370699999999998,"{""deep_feature_base"": 0.2, ""phase1_base"": 0.8}"
2021020592,2022-01-04,UTA,WPG,0,0.457529,0.47027,0.438557,0.445606,0.45004,0.457529,0.47027,0.47027,0.45373460000000004,0,away,0.04247099999999998,"{""deep_feature_base"": 0.2, ""phase1_base"": 0.8}"
2021020593,2022-01-04,VGK,NSH,0,0.473229,0.44376,0.525705,0.51198,0.483264,0.473229,0.44376,0.44376,0.4837242,0,away,0.02677099999999999,"{""deep_feature_base"": 0.2, ""phase1_base"": 0.8}"
2021020594,2022-01-04,ANA,PHI,1,0.565649,0.556111,0.550217,0.536048,0.540573,0.565649,0.556111,0.565649,0.5625626,1,home,0.06564899999999996,"{""deep_feature_base"": 0.2, ""phase1_base"": 0.8}"
2021020596,2022-01-05,TOR,EDM,1,0.736917,0.746611,0.701214,0.700197,0.66211,0.736917,0.746611,0.736917,0.7297764000000001,1,home,0.23691700000000004,"{""deep_feature_base"": 0.2, ""phase1_base"": 0.8}"
2021020597,2022-01-05,PIT,STL,1,0.547813,0.543625,0.551456,0.548361,0.529492,0.547813,0.543625,0.547813,0.5485416000000001,1,home,0.047812999999999994,"{""deep_feature_base"": 0.2, ""phase1_base"": 0.8}"
2021020599,2022-01-06,BOS,MIN,0,0.541976,0.541545,0.519734,0.512631,0.5445,0.541976,0.541545,0.541976,0.5375276,1,home,0.04197600000000001,"{""deep_feature_base"": 0.2, ""phase1_base"": 0.8}"
2021020600,2022-01-06,BUF,SJS,0,0.589596,0.643486,0.505311,0.533916,0.63433,0.589596,0.643486,0.589596,0.572739,1,home,0.08959600000000001,"{""deep_feature_base"": 0.2, ""phase1_base"": 0.8}"
2021020602,2022-01-06,TBL,CGY,1,0.570469,0.559485,0.540749,0.520848,0.536913,0.570469,0.559485,0.570469,0.564525,1,home,0.070469,"{""deep_feature_base"": 0.2, ""phase1_base"": 0.8}"
2021020603,2022-01-06,NJD,CBJ,1,0.519988,0.533862,0.55633,0.581106,0.509063,0.519988,0.533862,0.519988,0.5272564000000001,1,home,0.019988000000000006,"{""deep_feature_base"": 0.2, ""phase1_base"": 0.8}"
2021020604,2022-01-06,PHI,PIT,0,0.384087,0.381361,0.371684,0.365237,0.449327,0.384087,0.381361,0.384087,0.3816064,0,away,0.11591299999999999,"{""deep_feature_base"": 0.2, ""phase1_base"": 0.8}"
2021020605,2022-01-06,DAL,FLA,1,0.503752,0.512783,0.487856,0.492118,0.54475,0.503752,0.512783,0.503752,0.5005728,1,home,0.0037519999999999776,"{""deep_feature_base"": 0.2, ""phase1_base"": 0.8}"
2021020606,2022-01-06,COL,WPG,1,0.738467,0.747696,0.687773,0.681794,0.67885,0.738467,0.747696,0.738467,0.7283282,1,home,0.23846699999999998,"{""deep_feature_base"": 0.2, ""phase1_base"": 0.8}"
2021020607,2022-01-06,UTA,CHI,1,0.623271,0.667059,0.549654,0.571358,0.618999,0.623271,0.667059,0.623271,0.6085476000000001,1,home,0.12327100000000002,"{""deep_feature_base"": 0.2, ""phase1_base"": 0.8}"
2021020608,2022-01-06,VGK,NYR,1,0.537944,0.536717,0.510888,0.501545,0.513143,0.537944,0.536717,0.537944,0.5325328,1,home,0.03794399999999998,"{""deep_feature_base"": 0.2, ""phase1_base"": 0.8}"
2021020610,2022-01-06,LAK,NSH,0,0.425438,0.410306,0.435936,0.423954,0.460061,0.425438,0.410306,0.425438,0.4275376,0,away,0.07456200000000002,"{""deep_feature_base"": 0.2, ""phase1_base"": 0.8}"
2021020612,2022-01-07,CAR,CGY,1,0.615167,0.592779,0.630636,0.612889,0.559675,0.615167,0.592779,0.615167,0.6182608,1,home,0.11516700000000002,"{""deep_feature_base"": 0.2, ""phase1_base"": 0.8}"
2021020613,2022-01-07,STL,WSH,1,0.534192,0.543805,0.584662,0.609416,0.553162,0.534192,0.543805,0.534192,0.544286,1,home,0.034192,"{""deep_feature_base"": 0.2, ""phase1_base"": 0.8}"
2021020615,2022-01-08,TBL,BOS,0,0.572492,0.5609,0.573842,0.562656,0.532394,0.572492,0.5609,0.572492,0.572762,1,home,0.072492,"{""deep_feature_base"": 0.2, ""phase1_base"": 0.8}"
2021020616,2022-01-08,PHI,SJS,0,0.535292,0.544574,0.521881,0.52714,0.572212,0.535292,0.544574,0.535292,0.5326098,1,home,0.03529199999999999,"{""deep_feature_base"": 0.2, ""phase1_base"": 0.8}"
2021020617,2022-01-08,CAR,FLA,0,0.583683,0.568734,0.599888,0.589801,0.55535,0.583683,0.568734,0.583683,0.586924,1,home,0.08368299999999995,"{""deep_feature_base"": 0.2, ""phase1_base"": 0.8}"
2021020618,2022-01-08,CBJ,NJD,1,0.563451,0.554572,0.530855,0.512197,0.561445,0.563451,0.554572,0.563451,0.5569318000000001,1,home,0.06345100000000004,"{""deep_feature_base"": 0.2, ""phase1_base"": 0.8}"
2021020619,2022-01-08,DAL,PIT,1,0.439208,0.419946,0.43348,0.412499,0.471057,0.439208,0.419946,0.439208,0.4380624,0,away,0.06079200000000001,"{""deep_feature_base"": 0.2, ""phase1_base"": 0.8}"
2021020620,2022-01-08,MIN,WSH,1,0.469801,0.441361,0.495147,0.47431,0.484371,0.469801,0.441361,0.441361,0.4748702,0,away,0.030198999999999976,"{""deep_feature_base"": 0.2, ""phase1_base"": 0.8}"
2021020622,2022-01-08,COL,TOR,1,0.665698,0.696758,0.604641,0.617384,0.639668,0.665698,0.696758,0.665698,0.6534866,1,home,0.165698,"{""deep_feature_base"": 0.2, ""phase1_base"": 0.8}"
2021020624,2022-01-08,UTA,NSH,0,0.326373,0.340961,0.356666,0.380342,0.370997,0.326373,0.340961,0.326373,0.3324316,0,away,0.17362699999999998,"{""deep_feature_base"": 0.2, ""phase1_base"": 0.8}"
2021020626,2022-01-08,VGK,CHI,0,0.766712,0.767468,0.748118,0.743295,0.716791,0.766712,0.767468,0.766712,0.7629931999999999,1,home,0.26671199999999995,"{""deep_feature_base"": 0.2, ""phase1_base"": 0.8}"
2021020627,2022-01-08,ANA,NYR,0,0.499452,0.511778,0.493374,0.503877,0.54899,0.499452,0.511778,0.511778,0.4982364,0,away,0.0005479999999999929,"{""deep_feature_base"": 0.2, ""phase1_base"": 0.8}"
2021020628,2022-01-08,LAK,DET,1,0.495552,0.459387,0.545258,0.524004,0.448797,0.495552,0.459387,0.459387,0.5054932,1,home,0.0044480000000000075,"{""deep_feature_base"": 0.2, ""phase1_base"": 0.8}"
2021020609,2022-01-09,ANA,DET,1,0.567335,0.559296,0.553947,0.541893,0.570218,0.567335,0.559296,0.567335,0.5646574000000001,1,home,0.06733500000000003,"{""deep_feature_base"": 0.2, ""phase1_base"": 0.8}"
2021020629,2022-01-09,STL,DAL,1,0.540055,0.538195,0.536146,0.533113,0.514734,0.540055,0.538195,0.540055,0.5392732,1,home,0.04005499999999995,"{""deep_feature_base"": 0.2, ""phase1_base"": 0.8}"
2021020632,2022-01-10,WSH,BOS,0,0.552558,0.55666,0.575885,0.586986,0.567032,0.552558,0.55666,0.552558,0.5572234,1,home,0.052557999999999994,"{""deep_feature_base"": 0.2, ""phase1_base"": 0.8}"
2021020634,2022-01-10,COL,SEA,1,0.68903,0.652191,0.742876,0.722191,0.617415,0.68903,0.652191,0.68903,0.6997992000000001,1,home,0.18903000000000003,"{""deep_feature_base"": 0.2, ""phase1_base"": 0.8}"
2021020636,2022-01-10,LAK,NYR,1,0.490445,0.493312,0.480832,0.480814,0.474291,0.490445,0.493312,0.493312,0.4885224,0,away,0.00955499999999998,"{""deep_feature_base"": 0.2, ""phase1_base"": 0.8}"
2021020637,2022-01-11,BUF,TBL,0,0.401482,0.441194,0.331853,0.350676,0.495349,0.401482,0.441194,0.401482,0.3875562,0,away,0.098518,"{""deep_feature_base"": 0.2, ""phase1_base"": 0.8}"
2021020638,2022-01-11,FLA,VAN,1,0.616447,0.601383,0.634732,0.625153,0.540177,0.616447,0.601383,0.616447,0.620104,1,home,0.11644699999999997,"{""deep_feature_base"": 0.2, ""phase1_base"": 0.8}"
2021020640,2022-01-11,CBJ,CHI,0,0.691661,0.714932,0.626559,0.630299,0.66982,0.691661,0.714932,0.691661,0.6786405999999999,1,home,0.19166099999999997,"{""deep_feature_base"": 0.2, ""phase1_base"": 0.8}"
2021020641,2022-01-11,NSH,COL,1,0.63726,0.676851,0.572023,0.592043,0.64485,0.63726,0.676851,0.63726,0.6242126,1,home,0.13726000000000005,"{""deep_feature_base"": 0.2, ""phase1_base"": 0.8}"
2021020643,2022-01-11,VGK,TOR,0,0.443465,0.422926,0.468914,0.456009,0.479253,0.443465,0.422926,0.443465,0.44855480000000003,0,away,0.056535,"{""deep_feature_base"": 0.2, ""phase1_base"": 0.8}"
2021020644,2022-01-11,ANA,PIT,0,0.498096,0.508823,0.4532,0.450459,0.532158,0.498096,0.508823,0.508823,0.4891168,0,away,0.0019040000000000168,"{""deep_feature_base"": 0.2, ""phase1_base"": 0.8}"
2021020645,2022-01-11,SJS,DET,1,0.561474,0.553188,0.547824,0.535443,0.525828,0.561474,0.553188,0.561474,0.558744,1,home,0.06147400000000003,"{""deep_feature_base"": 0.2, ""phase1_base"": 0.8}"
2021020647,2022-01-12,DAL,SEA,1,0.647723,0.623276,0.664874,0.645573,0.621762,0.647723,0.623276,0.647723,0.6511532,1,home,0.14772300000000005,"{""deep_feature_base"": 0.2, ""phase1_base"": 0.8}"
2021020649,2022-01-12,UTA,TOR,1,0.313693,0.332085,0.338357,0.364148,0.374069,0.313693,0.332085,0.313693,0.3186258,0,away,0.186307,"{""deep_feature_base"": 0.2, ""phase1_base"": 0.8}"
2021021000,2022-01-12,BOS,MTL,1,0.7826,0.778589,0.769987,0.762192,0.708189,0.7826,0.778589,0.7826,0.7800773999999999,1,home,0.28259999999999996,"{""deep_feature_base"": 0.2, ""phase1_base"": 0.8}"
2021020650,2022-01-13,BOS,PHI,1,0.751725,0.756977,0.706635,0.69836,0.71323,0.751725,0.756977,0.751725,0.742707,1,home,0.251725,"{""deep_feature_base"": 0.2, ""phase1_base"": 0.8}"
2021020651,2022-01-13,DET,WPG,0,0.536,0.54507,0.547076,0.559469,0.523318,0.536,0.54507,0.536,0.5382152000000001,1,home,0.03600000000000003,"{""deep_feature_base"": 0.2, ""phase1_base"": 0.8}"
2021020652,2022-01-13,TBL,VAN,1,0.601856,0.581455,0.626802,0.613886,0.557237,0.601856,0.581455,0.601856,0.6068452,1,home,0.10185599999999995,"{""deep_feature_base"": 0.2, ""phase1_base"": 0.8}"
2021020653,2022-01-13,NYI,NJD,1,0.666279,0.697165,0.604284,0.616571,0.650933,0.666279,0.697165,0.666279,0.65388,1,home,0.16627899999999995,"{""deep_feature_base"": 0.2, ""phase1_base"": 0.8}"
2021020654,2022-01-13,CAR,CBJ,0,0.758152,0.761475,0.726344,0.720126,0.680031,0.758152,0.761475,0.758152,0.7517904000000001,1,home,0.25815200000000005,"{""deep_feature_base"": 0.2, ""phase1_base"": 0.8}"
2021020655,2022-01-13,CHI,MTL,1,0.617656,0.602229,0.669743,0.669943,0.604292,0.617656,0.602229,0.617656,0.6280734,1,home,0.11765599999999998,"{""deep_feature_base"": 0.2, ""phase1_base"": 0.8}"
2021020656,2022-01-13,STL,SEA,1,0.659354,0.631418,0.7017,0.686468,0.597311,0.659354,0.631418,0.659354,0.6678232000000001,1,home,0.159354,"{""deep_feature_base"": 0.2, ""phase1_base"": 0.8}"
2021020657,2022-01-13,NSH,BUF,0,0.805946,0.794931,0.821508,0.815162,0.711174,0.805946,0.794931,0.805946,0.8090584000000002,1,home,0.30594600000000005,"{""deep_feature_base"": 0.2, ""phase1_base"": 0.8}"
2021020658,2022-01-13,CGY,OTT,0,0.622104,0.605343,0.65211,0.644351,0.610433,0.622104,0.605343,0.622104,0.6281052,1,home,0.12210399999999999,"{""deep_feature_base"": 0.2, ""phase1_base"": 0.8}"
2021020659,2022-01-13,LAK,PIT,1,0.440278,0.420695,0.422663,0.397794,0.474132,0.440278,0.420695,0.440278,0.43675500000000006,0,away,0.059722,"{""deep_feature_base"": 0.2, ""phase1_base"": 0.8}"
2021020660,2022-01-13,SJS,NYR,0,0.407062,0.397443,0.457007,0.462372,0.396238,0.407062,0.397443,0.407062,0.417051,0,away,0.09293800000000002,"{""deep_feature_base"": 0.2, ""phase1_base"": 0.8}"
2021020661,2022-01-14,FLA,DAL,1,0.689487,0.71341,0.645372,0.65606,0.636149,0.689487,0.71341,0.689487,0.680664,1,home,0.18948699999999996,"{""deep_feature_base"": 0.2, ""phase1_base"": 0.8}"
2021020662,2022-01-14,MIN,ANA,1,0.597763,0.578591,0.612689,0.597994,0.563366,0.597763,0.578591,0.597763,0.6007482000000001,1,home,0.09776300000000004,"{""deep_feature_base"": 0.2, ""phase1_base"": 0.8}"
2021020663,2022-01-14,COL,UTA,1,0.790362,0.784023,0.778851,0.769058,0.720735,0.790362,0.784023,0.790362,0.7880598,1,home,0.290362,"{""deep_feature_base"": 0.2, ""phase1_base"": 0.8}"
2021020635,2022-01-15,EDM,OTT,0,0.590113,0.582949,0.58816,0.580411,0.58905,0.590113,0.582949,0.590113,0.5897224000000001,1,home,0.090113,"{""deep_feature_base"": 0.2, ""phase1_base"": 0.8}"
2021020665,2022-01-15,BOS,NSH,1,0.551368,0.555828,0.553902,0.559122,0.553273,0.551368,0.555828,0.551368,0.5518748,1,home,0.05136799999999997,"{""deep_feature_base"": 0.2, ""phase1_base"": 0.8}"
2021020667,2022-01-15,DET,BUF,1,0.604061,0.592713,0.630792,0.627462,0.588417,0.604061,0.592713,0.604061,0.6094071999999999,1,home,0.10406099999999996,"{""deep_feature_base"": 0.2, ""phase1_base"": 0.8}"
2021020668,2022-01-15,TBL,DAL,1,0.693483,0.716208,0.683805,0.703626,0.673336,0.693483,0.716208,0.693483,0.6915474,1,home,0.19348299999999996,"{""deep_feature_base"": 0.2, ""phase1_base"": 0.8}"
2021020669,2022-01-15,FLA,CBJ,1,0.736778,0.746514,0.73527,0.744553,0.667347,0.736778,0.746514,0.736778,0.7364764,1,home,0.23677800000000004,"{""deep_feature_base"": 0.2, ""phase1_base"": 0.8}"
2021020670,2022-01-15,NYI,WSH,0,0.603028,0.652889,0.551476,0.585872,0.603969,0.603028,0.652889,0.603028,0.5927176000000001,1,home,0.10302800000000001,"{""deep_feature_base"": 0.2, ""phase1_base"": 0.8}"
2021020671,2022-01-15,PHI,NYR,0,0.436399,0.465636,0.386818,0.40118,0.497689,0.436399,0.465636,0.436399,0.42648280000000005,0,away,0.06360100000000002,"{""deep_feature_base"": 0.2, ""phase1_base"": 0.8}"
2021020672,2022-01-15,CAR,VAN,1,0.6195,0.593807,0.63381,0.612409,0.572006,0.6195,0.593807,0.6195,0.6223620000000001,1,home,0.11950000000000005,"{""deep_feature_base"": 0.2, ""phase1_base"": 0.8}"
2021020673,2022-01-15,CHI,ANA,1,0.523058,0.526297,0.539299,0.54741,0.491602,0.523058,0.526297,0.523058,0.5263062000000001,1,home,0.023058000000000023,"{""deep_feature_base"": 0.2, ""phase1_base"": 0.8}"
2021020674,2022-01-15,STL,TOR,0,0.437141,0.418499,0.476518,0.469689,0.490372,0.437141,0.418499,0.437141,0.44501640000000003,0,away,0.062859,"{""deep_feature_base"": 0.2, ""phase1_base"": 0.8}"
2021020677,2022-01-15,UTA,COL,0,0.408391,0.455744,0.376062,0.413716,0.507234,0.408391,0.455744,0.408391,0.40192520000000004,0,away,0.091609,"{""deep_feature_base"": 0.2, ""phase1_base"": 0.8}"
2021020678,2022-01-15,SJS,PIT,0,0.405577,0.396404,0.42335,0.419509,0.432285,0.405577,0.396404,0.405577,0.40913160000000004,0,away,0.09442299999999998,"{""deep_feature_base"": 0.2, ""phase1_base"": 0.8}"
2021020679,2022-01-15,SEA,LAK,0,0.428968,0.460434,0.379,0.395476,0.483,0.428968,0.460434,0.428968,0.4189744000000001,0,away,0.07103199999999998,"{""deep_feature_base"": 0.2, ""phase1_base"": 0.8}"
2021020680,2022-01-16,WSH,VAN,0,0.508197,0.468238,0.547097,0.518808,0.492748,0.508197,0.468238,0.508197,0.515977,1,home,0.00819700000000001,"{""deep_feature_base"": 0.2, ""phase1_base"": 0.8}"
2021020682,2022-01-17,BUF,DET,0,0.463289,0.474302,0.424308,0.423626,0.494699,0.463289,0.474302,0.474302,0.45549280000000003,0,away,0.036710999999999994,"{""deep_feature_base"": 0.2, ""phase1_base"": 0.8}"
2021020684,2022-01-17,NYI,PHI,1,0.573005,0.570973,0.612606,0.622456,0.577484,0.573005,0.570973,0.573005,0.5809252,1,home,0.07300499999999999,"{""deep_feature_base"": 0.2, ""phase1_base"": 0.8}"
2021020685,2022-01-17,STL,NSH,1,0.52413,0.529053,0.519618,0.523187,0.534074,0.52413,0.529053,0.52413,0.5232276,1,home,0.024129999999999985,"{""deep_feature_base"": 0.2, ""phase1_base"": 0.8}"
2021020686,2022-01-17,COL,MIN,1,0.559925,0.541948,0.544724,0.522186,0.519665,0.559925,0.541948,0.559925,0.5568848,1,home,0.059925000000000006,"{""deep_feature_base"": 0.2, ""phase1_base"": 0.8}"
2021020687,2022-01-17,UTA,MTL,1,0.570598,0.56158,0.585181,0.580538,0.548481,0.570598,0.56158,0.570598,0.5735146000000001,1,home,0.07059800000000005,"{""deep_feature_base"": 0.2, ""phase1_base"": 0.8}"
2021020688,2022-01-17,VGK,PIT,0,0.460131,0.434592,0.487309,0.469923,0.470982,0.460131,0.434592,0.434592,0.4655666,0,away,0.03986899999999999,"{""deep_feature_base"": 0.2, ""phase1_base"": 0.8}"
2021020689,2022-01-17,SJS,LAK,1,0.477329,0.494286,0.466271,0.479912,0.525971,0.477329,0.494286,0.494286,0.4751174,0,away,0.022670999999999997,"{""deep_feature_base"": 0.2, ""phase1_base"": 0.8}"
2021020690,2022-01-17,SEA,CHI,1,0.484278,0.499151,0.437509,0.438351,0.516383,0.484278,0.499151,0.499151,0.4749242,0,away,0.015722000000000014,"{""deep_feature_base"": 0.2, ""phase1_base"": 0.8}"
2021020340,2022-01-18,PHI,NYI,0,0.432449,0.415214,0.425183,0.405768,0.462648,0.432449,0.415214,0.432449,0.43099580000000004,0,away,0.06755100000000003,"{""deep_feature_base"": 0.2, ""phase1_base"": 0.8}"
2021020691,2022-01-18,BOS,CAR,0,0.647053,0.683706,0.597545,0.619346,0.659717,0.647053,0.683706,0.647053,0.6371514,1,home,0.147053,"{""deep_feature_base"": 0.2, ""phase1_base"": 0.8}"
2021020692,2022-01-18,OTT,BUF,0,0.724244,0.73774,0.678781,0.678639,0.646389,0.724244,0.73774,0.724244,0.7151514,1,home,0.224244,"{""deep_feature_base"": 0.2, ""phase1_base"": 0.8}"
2021020695,2022-01-18,WSH,WPG,1,0.487672,0.45387,0.522145,0.498686,0.500968,0.487672,0.45387,0.45387,0.4945666,0,away,0.012328000000000006,"{""deep_feature_base"": 0.2, ""phase1_base"": 0.8}"
2021020696,2022-01-18,NSH,VAN,0,0.715754,0.731797,0.654861,0.652637,0.697237,0.715754,0.731797,0.715754,0.7035754,1,home,0.215754,"{""deep_feature_base"": 0.2, ""phase1_base"": 0.8}"
2021020697,2022-01-18,DAL,MTL,0,0.655156,0.618765,0.643307,0.603361,0.57647,0.655156,0.618765,0.655156,0.6527862,1,home,0.15515599999999996,"{""deep_feature_base"": 0.2, ""phase1_base"": 0.8}"
2021020698,2022-01-18,CGY,FLA,1,0.380049,0.378534,0.376291,0.373649,0.432949,0.380049,0.378534,0.380049,0.37929740000000006,0,away,0.11995099999999997,"{""deep_feature_base"": 0.2, ""phase1_base"": 0.8}"
2021020700,2022-01-18,LAK,TBL,0,0.430974,0.414182,0.449531,0.438305,0.454396,0.430974,0.414182,0.430974,0.43468540000000006,0,away,0.06902599999999998,"{""deep_feature_base"": 0.2, ""phase1_base"": 0.8}"
2021020701,2022-01-19,NJD,UTA,0,0.574727,0.572179,0.580168,0.579253,0.555372,0.574727,0.572179,0.574727,0.5758152000000001,1,home,0.07472699999999999,"{""deep_feature_base"": 0.2, ""phase1_base"": 0.8}"
2021020702,2022-01-19,NYR,TOR,1,0.531619,0.534295,0.549752,0.557868,0.528102,0.531619,0.534295,0.531619,0.5352456,1,home,0.03161899999999995,"{""deep_feature_base"": 0.2, ""phase1_base"": 0.8}"
2021020703,2022-01-19,ANA,COL,0,0.408459,0.435921,0.358204,0.37059,0.48076,0.408459,0.435921,0.408459,0.39840800000000004,0,away,0.09154099999999998,"{""deep_feature_base"": 0.2, ""phase1_base"": 0.8}"
2021020704,2022-01-20,BOS,WSH,1,0.686073,0.71102,0.642661,0.654585,0.625152,0.686073,0.71102,0.686073,0.6773906000000001,1,home,0.18607300000000004,"{""deep_feature_base"": 0.2, ""phase1_base"": 0.8}"
2021020705,2022-01-20,BUF,DAL,0,0.361445,0.365511,0.386407,0.397963,0.388054,0.361445,0.365511,0.361445,0.3664374,0,away,0.13855499999999998,"{""deep_feature_base"": 0.2, ""phase1_base"": 0.8}"
2021020706,2022-01-20,PHI,CBJ,0,0.506193,0.524205,0.522839,0.545845,0.545321,0.506193,0.524205,0.506193,0.5095222,1,home,0.006193000000000004,"{""deep_feature_base"": 0.2, ""phase1_base"": 0.8}"
2021020707,2022-01-20,PIT,OTT,1,0.650937,0.625526,0.677484,0.660037,0.591711,0.650937,0.625526,0.650937,0.6562464,1,home,0.150937,"{""deep_feature_base"": 0.2, ""phase1_base"": 0.8}"
2021020708,2022-01-20,NSH,WPG,1,0.608185,0.5956,0.62741,0.620592,0.612189,0.608185,0.5956,0.608185,0.61203,1,home,0.10818499999999998,"{""deep_feature_base"": 0.2, ""phase1_base"": 0.8}"
2021020709,2022-01-20,EDM,FLA,0,0.371435,0.372504,0.331716,0.32087,0.434203,0.371435,0.372504,0.371435,0.3634912,0,away,0.12856499999999998,"{""deep_feature_base"": 0.2, ""phase1_base"": 0.8}"
2021020710,2022-01-20,VGK,MTL,1,0.659543,0.621836,0.659766,0.622127,0.589555,0.659543,0.621836,0.659543,0.6595876,1,home,0.159543,"{""deep_feature_base"": 0.2, ""phase1_base"": 0.8}"
2021020711,2022-01-20,LAK,COL,0,0.386618,0.383132,0.392875,0.391267,0.434065,0.386618,0.383132,0.386618,0.38786940000000003,0,away,0.11338199999999998,"{""deep_feature_base"": 0.2, ""phase1_base"": 0.8}"
2021020712,2022-01-20,SEA,SJS,1,0.39869,0.391583,0.423717,0.424117,0.407046,0.39869,0.391583,0.39869,0.40369540000000004,0,away,0.10131000000000001,"{""deep_feature_base"": 0.2, ""phase1_base"": 0.8}"
2021020713,2022-01-21,DET,DAL,0,0.4998,0.512022,0.504516,0.518154,0.518853,0.4998,0.512022,0.512022,0.5007432,1,home,0.00019999999999997797,"{""deep_feature_base"": 0.2, ""phase1_base"": 0.8}"
2021020714,2022-01-21,NYI,UTA,1,0.692957,0.715839,0.644817,0.653257,0.687764,0.692957,0.715839,0.692957,0.6833290000000001,1,home,0.19295700000000005,"{""deep_feature_base"": 0.2, ""phase1_base"": 0.8}"
2021020715,2022-01-21,CAR,NYR,1,0.559061,0.551499,0.556832,0.548601,0.509155,0.559061,0.551499,0.559061,0.5586152000000001,1,home,0.05906100000000003,"{""deep_feature_base"": 0.2, ""phase1_base"": 0.8}"
2021020716,2022-01-21,CBJ,PIT,0,0.391644,0.386651,0.403235,0.401719,0.430737,0.391644,0.386651,0.391644,0.39396220000000004,0,away,0.10835600000000001,"{""deep_feature_base"": 0.2, ""phase1_base"": 0.8}"
2021020717,2022-01-21,CHI,MIN,0,0.459499,0.481805,0.459978,0.482428,0.491566,0.459499,0.481805,0.481805,0.4595948,0,away,0.04050100000000001,"{""deep_feature_base"": 0.2, ""phase1_base"": 0.8}"
2021020718,2022-01-21,VAN,FLA,0,0.386306,0.382914,0.405639,0.408047,0.454383,0.386306,0.382914,0.386306,0.39017260000000004,0,away,0.11369400000000002,"{""deep_feature_base"": 0.2, ""phase1_base"": 0.8}"
2021020719,2022-01-21,ANA,TBL,1,0.427154,0.449008,0.372069,0.377397,0.504415,0.427154,0.449008,0.427154,0.416137,0,away,0.07284600000000002,"{""deep_feature_base"": 0.2, ""phase1_base"": 0.8}"
2021020720,2022-01-21,SEA,STL,0,0.356806,0.362264,0.350158,0.353622,0.417632,0.356806,0.362264,0.356806,0.3554764,0,away,0.143194,"{""deep_feature_base"": 0.2, ""phase1_base"": 0.8}"
2021020721,2022-01-22,BOS,WPG,1,0.533043,0.48563,0.560504,0.521329,0.489622,0.533043,0.48563,0.533043,0.5385352000000001,1,home,0.033043000000000045,"{""deep_feature_base"": 0.2, ""phase1_base"": 0.8}"
2021020722,2022-01-22,BUF,PHI,1,0.533629,0.543411,0.564322,0.583311,0.546179,0.533629,0.543411,0.533629,0.5397676,1,home,0.03362900000000002,"{""deep_feature_base"": 0.2, ""phase1_base"": 0.8}"
2021020724,2022-01-22,NJD,CAR,1,0.413302,0.459182,0.405034,0.448433,0.500577,0.413302,0.459182,0.413302,0.4116484,0,away,0.086698,"{""deep_feature_base"": 0.2, ""phase1_base"": 0.8}"
2021020725,2022-01-22,NYR,UTA,1,0.771204,0.770612,0.714686,0.697139,0.687531,0.771204,0.770612,0.771204,0.7599004,1,home,0.271204,"{""deep_feature_base"": 0.2, ""phase1_base"": 0.8}"
2021020726,2022-01-22,WSH,OTT,1,0.607169,0.585175,0.619265,0.600899,0.574978,0.607169,0.585175,0.607169,0.6095881999999999,1,home,0.10716899999999996,"{""deep_feature_base"": 0.2, ""phase1_base"": 0.8}"
2021020727,2022-01-22,NSH,DET,1,0.623025,0.59828,0.622222,0.597235,0.574771,0.623025,0.59828,0.623025,0.6228644000000001,1,home,0.12302500000000005,"{""deep_feature_base"": 0.2, ""phase1_base"": 0.8}"
2021020728,2022-01-22,MIN,CHI,1,0.748836,0.754955,0.742564,0.746801,0.700106,0.748836,0.754955,0.748836,0.7475816,1,home,0.24883599999999995,"{""deep_feature_base"": 0.2, ""phase1_base"": 0.8}"
2021020729,2022-01-22,COL,MTL,1,0.819311,0.804287,0.8022,0.782043,0.731308,0.819311,0.804287,0.819311,0.8158888000000001,1,home,0.319311,"{""deep_feature_base"": 0.2, ""phase1_base"": 0.8}"
2021020730,2022-01-22,EDM,CGY,1,0.422213,0.408049,0.403569,0.383811,0.445086,0.422213,0.408049,0.422213,0.41848420000000003,0,away,0.077787,"{""deep_feature_base"": 0.2, ""phase1_base"": 0.8}"
2021020731,2022-01-22,SJS,TBL,0,0.384901,0.381931,0.364704,0.355675,0.406185,0.384901,0.381931,0.384901,0.3808616,0,away,0.115099,"{""deep_feature_base"": 0.2, ""phase1_base"": 0.8}"
2021021211,2022-01-22,NYI,TOR,0,0.577144,0.63477,0.517153,0.556781,0.57827,0.577144,0.63477,0.577144,0.5651458,1,home,0.07714399999999999,"{""deep_feature_base"": 0.2, ""phase1_base"": 0.8}"
2021020732,2022-01-23,NJD,LAK,0,0.487645,0.511221,0.496021,0.52211,0.516385,0.487645,0.511221,0.511221,0.48932020000000004,0,away,0.012355000000000005,"{""deep_feature_base"": 0.2, ""phase1_base"": 0.8}"
2021020733,2022-01-23,PIT,WPG,1,0.742934,0.750823,0.740201,0.74727,0.692589,0.742934,0.750823,0.742934,0.7423873999999999,1,home,0.24293399999999998,"{""deep_feature_base"": 0.2, ""phase1_base"": 0.8}"
2021020734,2022-01-23,CBJ,OTT,0,0.560824,0.542577,0.567017,0.550628,0.51935,0.560824,0.542577,0.560824,0.5620626000000001,1,home,0.06082399999999999,"{""deep_feature_base"": 0.2, ""phase1_base"": 0.8}"
2021020735,2022-01-23,VAN,STL,0,0.407541,0.397779,0.414946,0.407406,0.477966,0.407541,0.397779,0.407541,0.409022,0,away,0.09245900000000001,"{""deep_feature_base"": 0.2, ""phase1_base"": 0.8}"
2021020736,2022-01-23,SEA,FLA,1,0.318155,0.335209,0.317034,0.333751,0.408167,0.318155,0.335209,0.318155,0.3179308,0,away,0.18184499999999998,"{""deep_feature_base"": 0.2, ""phase1_base"": 0.8}"
2021020737,2022-01-24,BOS,ANA,0,0.596643,0.56765,0.574911,0.539398,0.540949,0.596643,0.56765,0.596643,0.5922966000000001,1,home,0.09664300000000003,"{""deep_feature_base"": 0.2, ""phase1_base"": 0.8}"
2021020738,2022-01-24,NYR,LAK,1,0.698765,0.719905,0.700117,0.721662,0.670188,0.698765,0.719905,0.698765,0.6990354,1,home,0.19876499999999997,"{""deep_feature_base"": 0.2, ""phase1_base"": 0.8}"
2021020739,2022-01-24,PHI,DAL,0,0.441951,0.469522,0.414157,0.43339,0.484685,0.441951,0.469522,0.441951,0.4363922,0,away,0.05804900000000002,"{""deep_feature_base"": 0.2, ""phase1_base"": 0.8}"
2021020740,2022-01-24,WSH,VGK,0,0.540298,0.548079,0.563594,0.578363,0.567406,0.540298,0.548079,0.540298,0.5449572,1,home,0.040297999999999945,"{""deep_feature_base"": 0.2, ""phase1_base"": 0.8}"
2021020741,2022-01-24,MIN,MTL,1,0.796048,0.788003,0.751724,0.730381,0.702478,0.796048,0.788003,0.796048,0.7871832000000001,1,home,0.296048,"{""deep_feature_base"": 0.2, ""phase1_base"": 0.8}"
2021020742,2022-01-24,COL,CHI,1,0.788175,0.782492,0.772091,0.761583,0.743126,0.788175,0.782492,0.788175,0.7849581999999999,1,home,0.28817499999999996,"{""deep_feature_base"": 0.2, ""phase1_base"": 0.8}"
2021020743,2022-01-24,CGY,STL,1,0.485926,0.500305,0.462041,0.469254,0.542778,0.485926,0.500305,0.500305,0.48114900000000005,0,away,0.014073999999999975,"{""deep_feature_base"": 0.2, ""phase1_base"": 0.8}"
2021020744,2022-01-25,OTT,BUF,1,0.505512,0.466358,0.536734,0.506947,0.466735,0.505512,0.466358,0.505512,0.5117564,1,home,0.005511999999999961,"{""deep_feature_base"": 0.2, ""phase1_base"": 0.8}"
2021020745,2022-01-25,NJD,DAL,0,0.381604,0.379623,0.407227,0.412933,0.394005,0.381604,0.379623,0.381604,0.38672860000000003,0,away,0.118396,"{""deep_feature_base"": 0.2, ""phase1_base"": 0.8}"
2021020746,2022-01-25,NYI,PHI,1,0.720081,0.734826,0.704612,0.714716,0.671556,0.720081,0.734826,0.720081,0.7169872,1,home,0.22008099999999997,"{""deep_feature_base"": 0.2, ""phase1_base"": 0.8}"
2021020747,2022-01-25,PIT,UTA,1,0.781073,0.77752,0.775676,0.770504,0.716376,0.781073,0.77752,0.781073,0.7799936000000001,1,home,0.281073,"{""deep_feature_base"": 0.2, ""phase1_base"": 0.8}"
2021020748,2022-01-25,CAR,VGK,1,0.590025,0.582887,0.620954,0.623095,0.546961,0.590025,0.582887,0.590025,0.5962108,1,home,0.09002500000000002,"{""deep_feature_base"": 0.2, ""phase1_base"": 0.8}"
2021020749,2022-01-25,WPG,FLA,0,0.365902,0.368631,0.383781,0.391874,0.439675,0.365902,0.368631,0.365902,0.3694778,0,away,0.134098,"{""deep_feature_base"": 0.2, ""phase1_base"": 0.8}"
2021020750,2022-01-25,VAN,EDM,0,0.671913,0.701108,0.619905,0.633498,0.682527,0.671913,0.701108,0.671913,0.6615114,1,home,0.17191299999999998,"{""deep_feature_base"": 0.2, ""phase1_base"": 0.8}"
2021020751,2022-01-25,SEA,NSH,0,0.432307,0.462771,0.389623,0.407282,0.486288,0.432307,0.462771,0.432307,0.42377020000000004,0,away,0.067693,"{""deep_feature_base"": 0.2, ""phase1_base"": 0.8}"
2021020752,2022-01-26,TOR,ANA,1,0.614557,0.590346,0.577897,0.542688,0.56228,0.614557,0.590346,0.614557,0.607225,1,home,0.11455700000000002,"{""deep_feature_base"": 0.2, ""phase1_base"": 0.8}"
2021020753,2022-01-26,DET,CHI,0,0.559923,0.561816,0.600825,0.614989,0.582334,0.559923,0.561816,0.559923,0.5681034,1,home,0.05992299999999995,"{""deep_feature_base"": 0.2, ""phase1_base"": 0.8}"
2021020754,2022-01-26,WSH,SJS,0,0.700014,0.720779,0.654879,0.662103,0.672687,0.700014,0.720779,0.700014,0.690987,1,home,0.20001400000000003,"{""deep_feature_base"": 0.2, ""phase1_base"": 0.8}"
2021020755,2022-01-26,CBJ,CGY,0,0.425335,0.410234,0.392977,0.368169,0.442237,0.425335,0.410234,0.425335,0.4188634,0,away,0.07466499999999998,"{""deep_feature_base"": 0.2, ""phase1_base"": 0.8}"
2021020756,2022-01-26,COL,BOS,1,0.720572,0.735169,0.686377,0.690716,0.678802,0.720572,0.735169,0.720572,0.7137330000000001,1,home,0.220572,"{""deep_feature_base"": 0.2, ""phase1_base"": 0.8}"
2021020757,2022-01-27,MTL,ANA,0,0.367472,0.36973,0.390688,0.399911,0.392139,0.367472,0.36973,0.367472,0.3721152,0,away,0.13252799999999998,"{""deep_feature_base"": 0.2, ""phase1_base"": 0.8}"
2021020758,2022-01-27,OTT,CAR,0,0.345205,0.354144,0.358454,0.371367,0.409016,0.345205,0.354144,0.345205,0.3478548,0,away,0.15479500000000002,"{""deep_feature_base"": 0.2, ""phase1_base"": 0.8}"
2021020759,2022-01-27,TBL,NJD,1,0.774851,0.773165,0.739585,0.727319,0.69165,0.774851,0.773165,0.774851,0.7677978000000001,1,home,0.27485099999999996,"{""deep_feature_base"": 0.2, ""phase1_base"": 0.8}"
2021020760,2022-01-27,FLA,VGK,1,0.575456,0.562975,0.570086,0.555994,0.555007,0.575456,0.562975,0.575456,0.5743820000000001,1,home,0.07545599999999997,"{""deep_feature_base"": 0.2, ""phase1_base"": 0.8}"
2021020761,2022-01-27,NYI,LAK,0,0.620769,0.665308,0.576148,0.6073,0.598157,0.620769,0.665308,0.620769,0.6118448000000001,1,home,0.12076900000000002,"{""deep_feature_base"": 0.2, ""phase1_base"": 0.8}"
2021020762,2022-01-27,PIT,SEA,0,0.780541,0.777148,0.764796,0.756679,0.714609,0.780541,0.777148,0.780541,0.7773920000000001,1,home,0.28054100000000004,"{""deep_feature_base"": 0.2, ""phase1_base"": 0.8}"
2021020763,2022-01-27,CBJ,NYR,1,0.359036,0.363825,0.331971,0.328641,0.398346,0.359036,0.363825,0.359036,0.353623,0,away,0.14096399999999998,"{""deep_feature_base"": 0.2, ""phase1_base"": 0.8}"
2021020764,2022-01-27,STL,CGY,1,0.581035,0.576595,0.595408,0.595279,0.585878,0.581035,0.576595,0.581035,0.5839096,1,home,0.08103499999999997,"{""deep_feature_base"": 0.2, ""phase1_base"": 0.8}"
2021020765,2022-01-27,WPG,VAN,0,0.527605,0.52948,0.531076,0.533992,0.539782,0.527605,0.52948,0.527605,0.5282992,1,home,0.02760499999999999,"{""deep_feature_base"": 0.2, ""phase1_base"": 0.8}"
2021020766,2022-01-27,EDM,NSH,1,0.390383,0.385768,0.370595,0.360044,0.407488,0.390383,0.385768,0.390383,0.3864254,0,away,0.10961700000000002,"{""deep_feature_base"": 0.2, ""phase1_base"": 0.8}"
2021020767,2022-01-28,NYR,MIN,0,0.534389,0.534228,0.516879,0.511466,0.537176,0.534389,0.534228,0.534389,0.530887,1,home,0.034389,"{""deep_feature_base"": 0.2, ""phase1_base"": 0.8}"
2021020768,2022-01-28,PIT,DET,0,0.763039,0.764896,0.716498,0.704393,0.722926,0.763039,0.764896,0.763039,0.7537308,1,home,0.263039,"{""deep_feature_base"": 0.2, ""phase1_base"": 0.8}"
2021020769,2022-01-28,CHI,COL,0,0.318599,0.335519,0.319093,0.336161,0.35238,0.318599,0.335519,0.318599,0.31869780000000003,0,away,0.18140099999999998,"{""deep_feature_base"": 0.2, ""phase1_base"": 0.8}"
2021020770,2022-01-28,DAL,WSH,0,0.568698,0.558245,0.594639,0.591968,0.515883,0.568698,0.558245,0.568698,0.5738862,1,home,0.06869800000000004,"{""deep_feature_base"": 0.2, ""phase1_base"": 0.8}"
2021020771,2022-01-28,UTA,BOS,0,0.346436,0.355005,0.354393,0.36535,0.38531,0.346436,0.355005,0.346436,0.34802740000000004,0,away,0.15356399999999998,"{""deep_feature_base"": 0.2, ""phase1_base"": 0.8}"
2021020772,2022-01-29,MTL,EDM,0,0.441532,0.469229,0.455806,0.487785,0.452591,0.441532,0.469229,0.441532,0.4443868,0,away,0.05846800000000002,"{""deep_feature_base"": 0.2, ""phase1_base"": 0.8}"
2021020773,2022-01-29,OTT,ANA,0,0.426842,0.411289,0.427094,0.411617,0.458998,0.426842,0.411289,0.426842,0.42689240000000006,0,away,0.073158,"{""deep_feature_base"": 0.2, ""phase1_base"": 0.8}"
2021020774,2022-01-29,DET,TOR,0,0.428305,0.45997,0.404085,0.428483,0.492186,0.428305,0.45997,0.428305,0.42346100000000003,0,away,0.07169500000000001,"{""deep_feature_base"": 0.2, ""phase1_base"": 0.8}"
2021020775,2022-01-29,TBL,VGK,0,0.696358,0.71822,0.650842,0.65905,0.643151,0.696358,0.71822,0.696358,0.6872548,1,home,0.19635800000000003,"{""deep_feature_base"": 0.2, ""phase1_base"": 0.8}"
2021020776,2022-01-29,FLA,SJS,1,0.74872,0.754873,0.733952,0.735675,0.710412,0.74872,0.754873,0.74872,0.7457664,1,home,0.24872000000000005,"{""deep_feature_base"": 0.2, ""phase1_base"": 0.8}"
2021020778,2022-01-29,PHI,LAK,1,0.427852,0.459653,0.443051,0.479412,0.492073,0.427852,0.459653,0.427852,0.43089180000000005,0,away,0.07214799999999999,"{""deep_feature_base"": 0.2, ""phase1_base"": 0.8}"
2021020779,2022-01-29,CAR,NJD,1,0.687629,0.65121,0.712114,0.683041,0.635169,0.687629,0.65121,0.687629,0.692526,1,home,0.18762900000000005,"{""deep_feature_base"": 0.2, ""phase1_base"": 0.8}"
2021020780,2022-01-29,STL,WPG,0,0.746194,0.753105,0.746147,0.753043,0.709398,0.746194,0.753105,0.746194,0.7461846000000001,1,home,0.24619400000000002,"{""deep_feature_base"": 0.2, ""phase1_base"": 0.8}"
2021020781,2022-01-29,CGY,VAN,1,0.681697,0.707957,0.625675,0.635129,0.64401,0.681697,0.707957,0.681697,0.6704926,1,home,0.181697,"{""deep_feature_base"": 0.2, ""phase1_base"": 0.8}"
2021020782,2022-01-29,UTA,BUF,0,0.481601,0.449621,0.504359,0.479206,0.465101,0.481601,0.449621,0.449621,0.48615260000000005,0,away,0.018399,"{""deep_feature_base"": 0.2, ""phase1_base"": 0.8}"
2021020783,2022-01-30,MTL,CBJ,0,0.451231,0.476018,0.416582,0.430974,0.500589,0.451231,0.476018,0.476018,0.4443012,0,away,0.04876900000000001,"{""deep_feature_base"": 0.2, ""phase1_base"": 0.8}"
2021020784,2022-01-30,NYI,MIN,0,0.364703,0.367792,0.381497,0.389625,0.404016,0.364703,0.367792,0.364703,0.36806180000000005,0,away,0.135297,"{""deep_feature_base"": 0.2, ""phase1_base"": 0.8}"
2021020785,2022-01-30,NYR,SEA,1,0.65673,0.629581,0.65391,0.625915,0.596948,0.65673,0.629581,0.65673,0.656166,1,home,0.15673000000000004,"{""deep_feature_base"": 0.2, ""phase1_base"": 0.8}"
2021020786,2022-01-30,PIT,LAK,0,0.594028,0.58569,0.619737,0.619111,0.571626,0.594028,0.58569,0.594028,0.5991698000000001,1,home,0.094028,"{""deep_feature_base"": 0.2, ""phase1_base"": 0.8}"
2021020787,2022-01-30,CAR,SJS,1,0.7585,0.761719,0.726899,0.720638,0.722012,0.7585,0.761719,0.7585,0.7521798,1,home,0.25849999999999995,"{""deep_feature_base"": 0.2, ""phase1_base"": 0.8}"
2021020789,2022-01-30,DAL,BOS,1,0.530053,0.540907,0.534196,0.546293,0.537964,0.530053,0.540907,0.530053,0.5308816000000001,1,home,0.030052999999999996,"{""deep_feature_base"": 0.2, ""phase1_base"": 0.8}"
2021020790,2022-01-30,COL,BUF,1,0.819354,0.804317,0.813614,0.796855,0.737906,0.819354,0.804317,0.819354,0.818206,1,home,0.319354,"{""deep_feature_base"": 0.2, ""phase1_base"": 0.8}"
2021020683,2022-01-31,TOR,NJD,1,0.786153,0.781076,0.772288,0.763051,0.712794,0.786153,0.781076,0.786153,0.78338,1,home,0.286153,"{""deep_feature_base"": 0.2, ""phase1_base"": 0.8}"
2021020791,2022-01-31,OTT,EDM,1,0.511914,0.52821,0.497733,0.509775,0.565683,0.511914,0.52821,0.511914,0.5090778,1,home,0.01191399999999998,"{""deep_feature_base"": 0.2, ""phase1_base"": 0.8}"
2021020792,2022-01-31,DET,ANA,1,0.414441,0.402609,0.424734,0.415989,0.451278,0.414441,0.402609,0.414441,0.4164996,0,away,0.085559,"{""deep_feature_base"": 0.2, ""phase1_base"": 0.8}"
2021020793,2022-01-31,CBJ,FLA,0,0.360378,0.364764,0.40004,0.416325,0.417816,0.360378,0.364764,0.360378,0.36831040000000004,0,away,0.13962200000000002,"{""deep_feature_base"": 0.2, ""phase1_base"": 0.8}"
2021020794,2022-01-31,CHI,VAN,0,0.520401,0.526443,0.538461,0.549921,0.517864,0.520401,0.526443,0.520401,0.5240130000000001,1,home,0.020401000000000002,"{""deep_feature_base"": 0.2, ""phase1_base"": 0.8}"
2021020795,2022-02-01,BOS,SEA,1,0.552522,0.499266,0.583271,0.539239,0.500417,0.552522,0.499266,0.552522,0.5586718,1,home,0.05252199999999996,"{""deep_feature_base"": 0.2, ""phase1_base"": 0.8}"
2021020797,2022-02-01,TBL,SJS,1,0.740458,0.74909,0.712518,0.712767,0.696039,0.740458,0.74909,0.740458,0.7348699999999999,1,home,0.24045799999999995,"{""deep_feature_base"": 0.2, ""phase1_base"": 0.8}"
2021020798,2022-02-01,NJD,TOR,0,0.396076,0.43741,0.378426,0.414464,0.476732,0.396076,0.43741,0.396076,0.392546,0,away,0.10392400000000002,"{""deep_feature_base"": 0.2, ""phase1_base"": 0.8}"
2021020799,2022-02-01,NYI,OTT,1,0.555407,0.550947,0.566916,0.565908,0.544443,0.555407,0.550947,0.555407,0.5577088,1,home,0.055406999999999984,"{""deep_feature_base"": 0.2, ""phase1_base"": 0.8}"
2021020800,2022-02-01,NYR,FLA,1,0.428265,0.412285,0.463204,0.457706,0.456075,0.428265,0.412285,0.428265,0.43525280000000005,0,away,0.071735,"{""deep_feature_base"": 0.2, ""phase1_base"": 0.8}"
2021020801,2022-02-01,PHI,WPG,1,0.490808,0.503722,0.495266,0.509517,0.515261,0.490808,0.503722,0.503722,0.49169960000000007,0,away,0.009191999999999978,"{""deep_feature_base"": 0.2, ""phase1_base"": 0.8}"
2021020802,2022-02-01,PIT,WSH,0,0.570989,0.559848,0.58426,0.577101,0.5605,0.570989,0.559848,0.570989,0.5736432,1,home,0.07098899999999997,"{""deep_feature_base"": 0.2, ""phase1_base"": 0.8}"
2021020803,2022-02-01,NSH,VAN,1,0.712745,0.729691,0.666164,0.669135,0.677989,0.712745,0.729691,0.712745,0.7034288000000001,1,home,0.21274499999999996,"{""deep_feature_base"": 0.2, ""phase1_base"": 0.8}"
2021020804,2022-02-01,DAL,CGY,0,0.571136,0.569665,0.579938,0.581108,0.577426,0.571136,0.569665,0.571136,0.5728964,1,home,0.07113599999999998,"{""deep_feature_base"": 0.2, ""phase1_base"": 0.8}"
2021020805,2022-02-01,COL,UTA,0,0.819273,0.804261,0.828763,0.816597,0.727957,0.819273,0.804261,0.819273,0.8211710000000001,1,home,0.31927300000000003,"{""deep_feature_base"": 0.2, ""phase1_base"": 0.8}"
2021020806,2022-02-01,VGK,BUF,1,0.66131,0.625079,0.679492,0.648716,0.619093,0.66131,0.625079,0.66131,0.6649463999999999,1,home,0.16130999999999995,"{""deep_feature_base"": 0.2, ""phase1_base"": 0.8}"
2021020777,2022-02-02,NYI,SEA,0,0.581745,0.567378,0.583063,0.569091,0.554131,0.581745,0.567378,0.581745,0.5820086,1,home,0.08174499999999996,"{""deep_feature_base"": 0.2, ""phase1_base"": 0.8}"
2021020807,2022-02-02,DET,LAK,0,0.476134,0.49345,0.461152,0.473974,0.519676,0.476134,0.49345,0.49345,0.4731376,0,away,0.023866,"{""deep_feature_base"": 0.2, ""phase1_base"": 0.8}"
2021020808,2022-02-02,WSH,EDM,0,0.494439,0.458607,0.510831,0.479917,0.501369,0.494439,0.458607,0.458607,0.4977174000000001,0,away,0.005560999999999983,"{""deep_feature_base"": 0.2, ""phase1_base"": 0.8}"
2021020809,2022-02-02,CHI,MIN,0,0.341609,0.351627,0.361335,0.377269,0.404237,0.341609,0.351627,0.341609,0.34555420000000003,0,away,0.158391,"{""deep_feature_base"": 0.2, ""phase1_base"": 0.8}"
2021020810,2022-02-02,UTA,CGY,0,0.364402,0.367581,0.352956,0.352701,0.427631,0.364402,0.367581,0.364402,0.3621128,0,away,0.135598,"{""deep_feature_base"": 0.2, ""phase1_base"": 0.8}"
2021020583,2022-02-07,TOR,CAR,1,0.554591,0.558084,0.596443,0.612491,0.535174,0.554591,0.558084,0.554591,0.5629614,1,home,0.054590999999999945,"{""deep_feature_base"": 0.2, ""phase1_base"": 0.8}"
2021021128,2022-02-07,OTT,NJD,1,0.690614,0.714199,0.66254,0.677703,0.680383,0.690614,0.714199,0.690614,0.6849992,1,home,0.19061399999999995,"{""deep_feature_base"": 0.2, ""phase1_base"": 0.8}"
2021020487,2022-02-08,VAN,UTA,1,0.621516,0.604931,0.652075,0.644658,0.607258,0.621516,0.604931,0.621516,0.6276278,1,home,0.12151599999999996,"{""deep_feature_base"": 0.2, ""phase1_base"": 0.8}"
2021020510,2022-02-08,OTT,CAR,1,0.420393,0.454432,0.398406,0.425848,0.458991,0.420393,0.454432,0.420393,0.4159956,0,away,0.07960699999999998,"{""deep_feature_base"": 0.2, ""phase1_base"": 0.8}"
2021020523,2022-02-08,BOS,PIT,0,0.54647,0.542685,0.526296,0.516459,0.548053,0.54647,0.542685,0.54647,0.5424352,1,home,0.04647000000000001,"{""deep_feature_base"": 0.2, ""phase1_base"": 0.8}"
2021020531,2022-02-08,WPG,MIN,1,0.342264,0.352085,0.326518,0.331615,0.415748,0.342264,0.352085,0.342264,0.33911480000000005,0,away,0.157736,"{""deep_feature_base"": 0.2, ""phase1_base"": 0.8}"
2021020664,2022-02-08,EDM,VGK,0,0.613622,0.660305,0.566234,0.5987,0.609759,0.613622,0.660305,0.613622,0.6041444,1,home,0.113622,"{""deep_feature_base"": 0.2, ""phase1_base"": 0.8}"
2021020666,2022-02-08,MTL,NJD,0,0.423561,0.408993,0.462828,0.460039,0.457344,0.423561,0.408993,0.423561,0.4314144000000001,0,away,0.07643899999999998,"{""deep_feature_base"": 0.2, ""phase1_base"": 0.8}"
2021021293,2022-02-08,WSH,CBJ,0,0.582226,0.567715,0.590124,0.577982,0.559369,0.582226,0.567715,0.582226,0.5838056,1,home,0.08222600000000002,"{""deep_feature_base"": 0.2, ""phase1_base"": 0.8}"
2021020503,2022-02-09,SEA,UTA,0,0.691248,0.714643,0.665376,0.681009,0.663588,0.691248,0.714643,0.691248,0.6860736000000001,1,home,0.19124799999999997,"{""deep_feature_base"": 0.2, ""phase1_base"": 0.8}"
2021020530,2022-02-09,DAL,NSH,1,0.433159,0.415711,0.447606,0.434493,0.445913,0.433159,0.415711,0.433159,0.43604840000000006,0,away,0.06684099999999998,"{""deep_feature_base"": 0.2, ""phase1_base"": 0.8}"
2021020598,2022-02-09,VAN,NYI,0,0.583601,0.578391,0.599654,0.59926,0.568724,0.583601,0.578391,0.583601,0.5868116000000001,1,home,0.08360100000000004,"{""deep_feature_base"": 0.2, ""phase1_base"": 0.8}"
2021020676,2022-02-09,CGY,VGK,1,0.518322,0.522982,0.507557,0.508987,0.503799,0.518322,0.522982,0.518322,0.516169,1,home,0.01832199999999995,"{""deep_feature_base"": 0.2, ""phase1_base"": 0.8}"
2021020694,2022-02-09,PHI,DET,0,0.514356,0.520205,0.525359,0.53451,0.521237,0.514356,0.520205,0.514356,0.5165566,1,home,0.014356000000000035,"{""deep_feature_base"": 0.2, ""phase1_base"": 0.8}"
2021020699,2022-02-09,EDM,CHI,0,0.5852,0.569797,0.595257,0.58287,0.554763,0.5852,0.569797,0.5852,0.5872114,1,home,0.08520000000000005,"{""deep_feature_base"": 0.2, ""phase1_base"": 0.8}"
2021020462,2022-02-10,CGY,TOR,1,0.487165,0.501172,0.502299,0.520846,0.493806,0.487165,0.501172,0.501172,0.49019180000000007,0,away,0.012834999999999985,"{""deep_feature_base"": 0.2, ""phase1_base"": 0.8}"
2021020477,2022-02-10,COL,TBL,1,0.602219,0.591424,0.615022,0.608067,0.597301,0.602219,0.591424,0.602219,0.6047796,1,home,0.10221899999999995,"{""deep_feature_base"": 0.2, ""phase1_base"": 0.8}"
2021020489,2022-02-10,BUF,CBJ,0,0.464715,0.485456,0.436791,0.449155,0.539257,0.464715,0.485456,0.485456,0.4591302,0,away,0.03528500000000001,"{""deep_feature_base"": 0.2, ""phase1_base"": 0.8}"
2021020494,2022-02-10,BOS,CAR,0,0.419696,0.406287,0.425765,0.414177,0.451785,0.419696,0.406287,0.419696,0.4209098,0,away,0.08030399999999999,"{""deep_feature_base"": 0.2, ""phase1_base"": 0.8}"
2021020529,2022-02-10,STL,NJD,0,0.660578,0.632275,0.671404,0.646348,0.621174,0.660578,0.632275,0.660578,0.6627432,1,home,0.160578,"{""deep_feature_base"": 0.2, ""phase1_base"": 0.8}"
2021020559,2022-02-10,OTT,PIT,0,0.481987,0.507261,0.490988,0.518962,0.485383,0.481987,0.507261,0.507261,0.48378720000000003,0,away,0.018013,"{""deep_feature_base"": 0.2, ""phase1_base"": 0.8}"
2021020587,2022-02-10,MTL,WSH,0,0.425416,0.467662,0.462883,0.516369,0.52135,0.425416,0.467662,0.425416,0.43290940000000006,0,away,0.07458399999999998,"{""deep_feature_base"": 0.2, ""phase1_base"": 0.8}"
2021020506,2022-02-11,DAL,WPG,1,0.716775,0.732512,0.673073,0.675699,0.683002,0.716775,0.732512,0.716775,0.7080346000000001,1,home,0.21677500000000005,"{""deep_feature_base"": 0.2, ""phase1_base"": 0.8}"
2021020519,2022-02-11,UTA,TBL,0,0.331947,0.344863,0.336515,0.350801,0.370376,0.331947,0.344863,0.331947,0.3328606,0,away,0.168053,"{""deep_feature_base"": 0.2, ""phase1_base"": 0.8}"
2021020623,2022-02-11,EDM,NYI,1,0.545824,0.542233,0.542421,0.537809,0.56773,0.545824,0.542233,0.545824,0.5451434000000001,1,home,0.045823999999999976,"{""deep_feature_base"": 0.2, ""phase1_base"": 0.8}"
2021021033,2022-02-11,ANA,SEA,0,0.712553,0.729557,0.665667,0.668604,0.677621,0.712553,0.729557,0.712553,0.7031758000000001,1,home,0.212553,"{""deep_feature_base"": 0.2, ""phase1_base"": 0.8}"
2021020445,2022-02-12,MIN,CAR,1,0.534391,0.536236,0.548017,0.55395,0.559025,0.534391,0.536236,0.534391,0.5371161999999999,1,home,0.03439099999999995,"{""deep_feature_base"": 0.2, ""phase1_base"": 0.8}"
2021020479,2022-02-12,VAN,TOR,1,0.363472,0.36693,0.36988,0.375261,0.440075,0.363472,0.36693,0.363472,0.3647536,0,away,0.13652799999999998,"{""deep_feature_base"": 0.2, ""phase1_base"": 0.8}"
2021020499,2022-02-12,NSH,WPG,0,0.734713,0.745068,0.703104,0.703976,0.685899,0.734713,0.745068,0.734713,0.7283912,1,home,0.23471299999999995,"{""deep_feature_base"": 0.2, ""phase1_base"": 0.8}"
2021020543,2022-02-12,OTT,BOS,0,0.598423,0.649665,0.57855,0.623831,0.597064,0.598423,0.649665,0.598423,0.5944484000000001,1,home,0.09842300000000004,"{""deep_feature_base"": 0.2, ""phase1_base"": 0.8}"
2021020630,2022-02-12,MTL,CBJ,0,0.342784,0.352449,0.326839,0.33172,0.438957,0.342784,0.352449,0.342784,0.339595,0,away,0.15721600000000002,"{""deep_feature_base"": 0.2, ""phase1_base"": 0.8}"
2021020642,2022-02-12,CGY,NYI,1,0.732269,0.743357,0.734727,0.746553,0.698697,0.732269,0.743357,0.732269,0.7327606,1,home,0.23226899999999995,"{""deep_feature_base"": 0.2, ""phase1_base"": 0.8}"
2021020788,2022-02-12,STL,CHI,1,0.625138,0.607467,0.661354,0.654548,0.610724,0.625138,0.607467,0.625138,0.6323812,1,home,0.12513799999999997,"{""deep_feature_base"": 0.2, ""phase1_base"": 0.8}"
2021020811,2022-02-12,DET,PHI,1,0.584021,0.568971,0.576987,0.559827,0.557016,0.584021,0.568971,0.584021,0.5826142000000001,1,home,0.08402100000000001,"{""deep_feature_base"": 0.2, ""phase1_base"": 0.8}"
2021020526,2022-02-13,WSH,OTT,0,0.59463,0.576397,0.573544,0.548986,0.544951,0.59463,0.576397,0.59463,0.5904128000000001,1,home,0.09462999999999999,"{""deep_feature_base"": 0.2, ""phase1_base"": 0.8}"
2021020563,2022-02-13,DAL,COL,0,0.3808,0.37906,0.408863,0.415542,0.433263,0.3808,0.37906,0.3808,0.3864126,0,away,0.11919999999999997,"{""deep_feature_base"": 0.2, ""phase1_base"": 0.8}"
2021020614,2022-02-13,MTL,BUF,0,0.422935,0.408554,0.457122,0.452998,0.434859,0.422935,0.408554,0.422935,0.42977240000000005,0,away,0.077065,"{""deep_feature_base"": 0.2, ""phase1_base"": 0.8}"
2021020817,2022-02-13,NJD,PIT,0,0.430613,0.461585,0.411445,0.436666,0.458356,0.430613,0.461585,0.430613,0.42677940000000003,0,away,0.06938699999999998,"{""deep_feature_base"": 0.2, ""phase1_base"": 0.8}"
2021020488,2022-02-14,SEA,TOR,0,0.534728,0.605079,0.47424,0.526444,0.593878,0.534728,0.605079,0.534728,0.5226304,1,home,0.03472799999999998,"{""deep_feature_base"": 0.2, ""phase1_base"": 0.8}"
2021020517,2022-02-14,MIN,DET,1,0.659495,0.631517,0.668754,0.643553,0.657419,0.659495,0.631517,0.659495,0.6613468,1,home,0.15949500000000005,"{""deep_feature_base"": 0.2, ""phase1_base"": 0.8}"
2021020522,2022-02-14,SJS,EDM,0,0.526258,0.528537,0.516937,0.51642,0.483599,0.526258,0.528537,0.526258,0.5243938,1,home,0.026258000000000004,"{""deep_feature_base"": 0.2, ""phase1_base"": 0.8}"
2021020548,2022-02-14,WPG,CHI,0,0.684491,0.709913,0.636926,0.648079,0.683149,0.684491,0.709913,0.684491,0.674978,1,home,0.18449099999999996,"{""deep_feature_base"": 0.2, ""phase1_base"": 0.8}"
2021020478,2022-02-15,CGY,CBJ,1,0.718764,0.733904,0.697328,0.706038,0.685113,0.718764,0.733904,0.718764,0.7144767999999999,1,home,0.21876399999999996,"{""deep_feature_base"": 0.2, ""phase1_base"": 0.8}"
2021020495,2022-02-15,OTT,STL,0,0.491898,0.514198,0.458658,0.470986,0.509828,0.491898,0.514198,0.514198,0.48525000000000007,0,away,0.008101999999999998,"{""deep_feature_base"": 0.2, ""phase1_base"": 0.8}"
2021020507,2022-02-15,LAK,EDM,0,0.693933,0.716523,0.617536,0.617206,0.683414,0.693933,0.716523,0.693933,0.6786536000000001,1,home,0.19393300000000002,"{""deep_feature_base"": 0.2, ""phase1_base"": 0.8}"
2021020514,2022-02-15,PIT,PHI,1,0.66421,0.625103,0.702762,0.675221,0.602804,0.66421,0.625103,0.66421,0.6719204,1,home,0.16420999999999997,"{""deep_feature_base"": 0.2, ""phase1_base"": 0.8}"
2021020524,2022-02-15,BUF,NYI,1,0.499154,0.519278,0.486788,0.503202,0.554894,0.499154,0.519278,0.519278,0.4966808,0,away,0.0008460000000000134,"{""deep_feature_base"": 0.2, ""phase1_base"": 0.8}"
2021020549,2022-02-15,COL,DAL,0,0.646374,0.622332,0.684938,0.672464,0.618181,0.646374,0.622332,0.646374,0.6540868,1,home,0.146374,"{""deep_feature_base"": 0.2, ""phase1_base"": 0.8}"
2021020631,2022-02-15,NJD,TBL,0,0.334641,0.346749,0.377215,0.402095,0.383772,0.334641,0.346749,0.334641,0.3431558,0,away,0.16535899999999998,"{""deep_feature_base"": 0.2, ""phase1_base"": 0.8}"
2021021095,2022-02-15,NSH,WSH,0,0.692274,0.715361,0.658384,0.671303,0.678516,0.692274,0.715361,0.692274,0.685496,1,home,0.19227399999999994,"{""deep_feature_base"": 0.2, ""phase1_base"": 0.8}"
2021021263,2022-02-15,NYR,BOS,1,0.69255,0.715554,0.683286,0.703511,0.646531,0.69255,0.715554,0.69255,0.6906972,1,home,0.19255,"{""deep_feature_base"": 0.2, ""phase1_base"": 0.8}"
2021020500,2022-02-16,CGY,ANA,1,0.730089,0.741831,0.725926,0.736419,0.646434,0.730089,0.741831,0.730089,0.7292564,1,home,0.230089,"{""deep_feature_base"": 0.2, ""phase1_base"": 0.8}"
2021020527,2022-02-16,CAR,FLA,0,0.46,0.4345,0.500031,0.48654,0.468018,0.46,0.4345,0.4345,0.46800620000000004,0,away,0.03999999999999998,"{""deep_feature_base"": 0.2, ""phase1_base"": 0.8}"
2021020535,2022-02-16,VGK,COL,0,0.394497,0.388648,0.410374,0.409289,0.417825,0.394497,0.388648,0.394497,0.39767240000000004,0,away,0.10550300000000001,"{""deep_feature_base"": 0.2, ""phase1_base"": 0.8}"
2021020633,2022-02-16,WPG,MIN,1,0.428648,0.46021,0.405097,0.429594,0.509496,0.428648,0.46021,0.428648,0.42393780000000003,0,away,0.07135200000000003,"{""deep_feature_base"": 0.2, ""phase1_base"": 0.8}"
2021020493,2022-02-17,EDM,ANA,1,0.568427,0.558055,0.582316,0.576111,0.534128,0.568427,0.558055,0.568427,0.5712048000000001,1,home,0.06842700000000002,"{""deep_feature_base"": 0.2, ""phase1_base"": 0.8}"
2021020496,2022-02-17,PHI,WSH,0,0.56067,0.623238,0.475306,0.512265,0.605904,0.56067,0.623238,0.56067,0.5435972,1,home,0.06067,"{""deep_feature_base"": 0.2, ""phase1_base"": 0.8}"
2021020502,2022-02-17,SJS,VAN,0,0.529692,0.540655,0.487612,0.485951,0.544849,0.529692,0.540655,0.529692,0.5212760000000001,1,home,0.02969200000000005,"{""deep_feature_base"": 0.2, ""phase1_base"": 0.8}"
2021020525,2022-02-17,NYR,DET,0,0.755732,0.759781,0.693318,0.678644,0.728144,0.755732,0.759781,0.755732,0.7432492,1,home,0.25573199999999996,"{""deep_feature_base"": 0.2, ""phase1_base"": 0.8}"
2021020538,2022-02-17,CHI,CBJ,0,0.516669,0.521825,0.469144,0.460042,0.53029,0.516669,0.521825,0.516669,0.5071640000000001,1,home,0.016669000000000045,"{""deep_feature_base"": 0.2, ""phase1_base"": 0.8}"
2021020542,2022-02-17,TOR,PIT,1,0.485699,0.45249,0.517186,0.493423,0.464678,0.485699,0.45249,0.45249,0.4919964,0,away,0.014301000000000008,"{""deep_feature_base"": 0.2, ""phase1_base"": 0.8}"
2021020621,2022-02-17,WPG,SEA,1,0.696331,0.718201,0.647804,0.655115,0.678275,0.696331,0.718201,0.696331,0.6866256000000001,1,home,0.19633100000000003,"{""deep_feature_base"": 0.2, ""phase1_base"": 0.8}"
2021020796,2022-02-17,MTL,STL,1,0.294374,0.318562,0.264052,0.279143,0.352576,0.294374,0.318562,0.294374,0.28830960000000005,0,away,0.20562599999999998,"{""deep_feature_base"": 0.2, ""phase1_base"": 0.8}"
2021021006,2022-02-17,NYI,BOS,1,0.591154,0.644577,0.554726,0.59722,0.58746,0.591154,0.644577,0.591154,0.5838684000000001,1,home,0.09115399999999996,"{""deep_feature_base"": 0.2, ""phase1_base"": 0.8}"
2021021228,2022-02-17,BUF,OTT,0,0.496901,0.507987,0.496589,0.507581,0.50792,0.496901,0.507987,0.507987,0.4968386,0,away,0.0030990000000000184,"{""deep_feature_base"": 0.2, ""phase1_base"": 0.8}"
2021020476,2022-02-18,MIN,FLA,0,0.527894,0.529682,0.507975,0.503787,0.511561,0.527894,0.529682,0.527894,0.5239102,1,home,0.027893999999999974,"{""deep_feature_base"": 0.2, ""phase1_base"": 0.8}"
2021020485,2022-02-18,CAR,NSH,1,0.586595,0.570773,0.606339,0.596439,0.549113,0.586595,0.570773,0.586595,0.5905438000000001,1,home,0.08659499999999998,"{""deep_feature_base"": 0.2, ""phase1_base"": 0.8}"
2021020516,2022-02-18,CHI,DAL,0,0.377731,0.376911,0.416287,0.427034,0.429101,0.377731,0.376911,0.377731,0.38544220000000007,0,away,0.12226900000000002,"{""deep_feature_base"": 0.2, ""phase1_base"": 0.8}"
2021020521,2022-02-18,VGK,LAK,0,0.557456,0.550375,0.5429,0.531453,0.560858,0.557456,0.550375,0.557456,0.5545448,1,home,0.05745599999999995,"{""deep_feature_base"": 0.2, ""phase1_base"": 0.8}"
2021020481,2022-02-19,OTT,BOS,0,0.611363,0.658723,0.567721,0.601989,0.623279,0.611363,0.658723,0.611363,0.6026346,1,home,0.11136299999999999,"{""deep_feature_base"": 0.2, ""phase1_base"": 0.8}"
2021020504,2022-02-19,BUF,COL,0,0.360329,0.412387,0.331776,0.375268,0.433188,0.360329,0.412387,0.360329,0.3546184,0,away,0.139671,"{""deep_feature_base"": 0.2, ""phase1_base"": 0.8}"
2021020509,2022-02-19,TOR,STL,0,0.580405,0.556284,0.554659,0.522813,0.517548,0.580405,0.556284,0.580405,0.5752558,1,home,0.08040499999999995,"{""deep_feature_base"": 0.2, ""phase1_base"": 0.8}"
2021020518,2022-02-19,CGY,SEA,1,0.772941,0.771828,0.789737,0.793663,0.6989,0.772941,0.771828,0.772941,0.7763002000000001,1,home,0.272941,"{""deep_feature_base"": 0.2, ""phase1_base"": 0.8}"
2021020520,2022-02-19,VAN,ANA,0,0.584964,0.579345,0.608455,0.609883,0.535768,0.584964,0.579345,0.584964,0.5896622,1,home,0.08496400000000004,"{""deep_feature_base"": 0.2, ""phase1_base"": 0.8}"
2021020533,2022-02-19,UTA,LAK,0,0.437028,0.466076,0.396225,0.413032,0.467826,0.437028,0.466076,0.437028,0.42886740000000007,0,away,0.06297199999999997,"{""deep_feature_base"": 0.2, ""phase1_base"": 0.8}"
2021020681,2022-02-19,WPG,EDM,0,0.529474,0.540502,0.530428,0.541743,0.56729,0.529474,0.540502,0.529474,0.5296648,1,home,0.029474,"{""deep_feature_base"": 0.2, ""phase1_base"": 0.8}"
2021020263,2022-02-20,OTT,NYR,0,0.366683,0.369178,0.371917,0.375982,0.406961,0.366683,0.369178,0.366683,0.3677298,0,away,0.13331700000000002,"{""deep_feature_base"": 0.2, ""phase1_base"": 0.8}"
2021020491,2022-02-20,NYI,MTL,0,0.752425,0.757467,0.709225,0.701306,0.667098,0.752425,0.757467,0.752425,0.743785,1,home,0.252425,"{""deep_feature_base"": 0.2, ""phase1_base"": 0.8}"
2021020498,2022-02-20,CHI,FLA,0,0.322499,0.338249,0.339202,0.359964,0.391435,0.322499,0.338249,0.322499,0.3258396,0,away,0.17750100000000002,"{""deep_feature_base"": 0.2, ""phase1_base"": 0.8}"
2021020515,2022-02-20,CBJ,BUF,1,0.625776,0.600206,0.659391,0.643904,0.576319,0.625776,0.600206,0.625776,0.6324989999999999,1,home,0.125776,"{""deep_feature_base"": 0.2, ""phase1_base"": 0.8}"
2021020581,2022-02-20,UTA,DAL,1,0.403617,0.432532,0.386274,0.409985,0.461147,0.403617,0.432532,0.403617,0.4001484,0,away,0.096383,"{""deep_feature_base"": 0.2, ""phase1_base"": 0.8}"
2021020648,2022-02-20,EDM,MIN,0,0.51381,0.529537,0.519882,0.537431,0.531339,0.51381,0.529537,0.51381,0.5150244,1,home,0.013809999999999989,"{""deep_feature_base"": 0.2, ""phase1_base"": 0.8}"
2021021161,2022-02-20,SJS,VGK,0,0.587933,0.642323,0.516586,0.549571,0.597118,0.587933,0.642323,0.587933,0.5736636,1,home,0.08793300000000004,"{""deep_feature_base"": 0.2, ""phase1_base"": 0.8}"
2021021304,2022-02-20,PIT,CAR,0,0.517162,0.522169,0.520628,0.526676,0.51819,0.517162,0.522169,0.517162,0.5178552000000001,1,home,0.01716200000000001,"{""deep_feature_base"": 0.2, ""phase1_base"": 0.8}"
2021020508,2022-02-21,BOS,COL,1,0.365908,0.368636,0.38168,0.389138,0.443225,0.365908,0.368636,0.365908,0.3690624,0,away,0.134092,"{""deep_feature_base"": 0.2, ""phase1_base"": 0.8}"
2021020534,2022-02-21,VAN,SEA,1,0.596446,0.577669,0.594465,0.575092,0.537477,0.596446,0.577669,0.596446,0.5960498000000001,1,home,0.09644600000000003,"{""deep_feature_base"": 0.2, ""phase1_base"": 0.8}"
2021020564,2022-02-21,CGY,WPG,1,0.743658,0.75133,0.717371,0.717157,0.690289,0.743658,0.75133,0.743658,0.7384006000000001,1,home,0.24365800000000004,"{""deep_feature_base"": 0.2, ""phase1_base"": 0.8}"
2021020601,2022-02-21,MTL,TOR,1,0.283274,0.310792,0.299645,0.332074,0.377278,0.283274,0.310792,0.283274,0.28654820000000003,0,away,0.21672599999999997,"{""deep_feature_base"": 0.2, ""phase1_base"": 0.8}"
2021020639,2022-02-21,PHI,CAR,0,0.301173,0.323321,0.309046,0.333556,0.373537,0.301173,0.323321,0.301173,0.3027476,0,away,0.19882699999999998,"{""deep_feature_base"": 0.2, ""phase1_base"": 0.8}"
2021020511,2022-02-22,FLA,NSH,0,0.735295,0.745476,0.707743,0.709658,0.698891,0.735295,0.745476,0.735295,0.7297846000000001,1,home,0.23529500000000003,"{""deep_feature_base"": 0.2, ""phase1_base"": 0.8}"
2021020528,2022-02-22,CBJ,TOR,1,0.593699,0.646359,0.545425,0.583602,0.635147,0.593699,0.646359,0.593699,0.5840442,1,home,0.09369899999999998,"{""deep_feature_base"": 0.2, ""phase1_base"": 0.8}"
2021020536,2022-02-22,ANA,SJS,1,0.587252,0.580946,0.630045,0.636578,0.572001,0.587252,0.580946,0.587252,0.5958106000000001,1,home,0.087252,"{""deep_feature_base"": 0.2, ""phase1_base"": 0.8}"
2021020584,2022-02-22,OTT,MIN,1,0.447038,0.482797,0.447705,0.483664,0.52915,0.447038,0.482797,0.447038,0.4471714,0,away,0.05296200000000001,"{""deep_feature_base"": 0.2, ""phase1_base"": 0.8}"
2021020595,2022-02-22,SEA,NYI,0,0.512012,0.518565,0.452275,0.440906,0.508434,0.512012,0.518565,0.512012,0.5000646,1,home,0.012012000000000023,"{""deep_feature_base"": 0.2, ""phase1_base"": 0.8}"
2021020848,2022-02-22,PHI,STL,0,0.331129,0.34429,0.3545,0.374672,0.412255,0.331129,0.34429,0.331129,0.3358032,0,away,0.168871,"{""deep_feature_base"": 0.2, ""phase1_base"": 0.8}"
2021020490,2022-02-23,DET,COL,0,0.427655,0.469229,0.428088,0.469791,0.425919,0.427655,0.469229,0.427655,0.42774160000000006,0,away,0.07234499999999999,"{""deep_feature_base"": 0.2, ""phase1_base"": 0.8}"
2021020812,2022-02-23,TBL,EDM,1,0.71607,0.732018,0.678818,0.683591,0.688572,0.71607,0.732018,0.71607,0.7086196,1,home,0.21606999999999998,"{""deep_feature_base"": 0.2, ""phase1_base"": 0.8}"
2021020813,2022-02-23,DAL,WPG,1,0.599954,0.580124,0.606116,0.588135,0.569598,0.599954,0.580124,0.599954,0.6011864,1,home,0.09995399999999999,"{""deep_feature_base"": 0.2, ""phase1_base"": 0.8}"
2021020814,2022-02-23,UTA,LAK,0,0.437453,0.466373,0.416692,0.439384,0.461203,0.437453,0.466373,0.437453,0.43330080000000004,0,away,0.06254700000000002,"{""deep_feature_base"": 0.2, ""phase1_base"": 0.8}"
2021021273,2022-02-23,MTL,BUF,1,0.52737,0.529315,0.545942,0.553459,0.51915,0.52737,0.529315,0.52737,0.5310844000000001,1,home,0.027370000000000005,"{""deep_feature_base"": 0.2, ""phase1_base"": 0.8}"
2021020497,2022-02-24,PIT,NJD,0,0.663022,0.633986,0.679944,0.655984,0.627256,0.663022,0.633986,0.663022,0.6664064000000001,1,home,0.163022,"{""deep_feature_base"": 0.2, ""phase1_base"": 0.8}"
2021020815,2022-02-24,TOR,MIN,1,0.457092,0.432465,0.464803,0.442488,0.443869,0.457092,0.432465,0.432465,0.45863420000000005,0,away,0.042908,"{""deep_feature_base"": 0.2, ""phase1_base"": 0.8}"
2021020816,2022-02-24,FLA,CBJ,0,0.620069,0.594205,0.612329,0.584142,0.583355,0.620069,0.594205,0.620069,0.6185210000000001,1,home,0.12006899999999998,"{""deep_feature_base"": 0.2, ""phase1_base"": 0.8}"
2021020818,2022-02-24,NYR,WSH,1,0.604598,0.593088,0.635741,0.633574,0.625167,0.604598,0.593088,0.604598,0.6108266,1,home,0.10459799999999997,"{""deep_feature_base"": 0.2, ""phase1_base"": 0.8}"
2021020819,2022-02-24,NSH,DAL,1,0.549406,0.554454,0.547867,0.552453,0.53052,0.549406,0.554454,0.549406,0.5490982,1,home,0.04940599999999995,"{""deep_feature_base"": 0.2, ""phase1_base"": 0.8}"
2021020820,2022-02-24,VAN,CGY,1,0.386065,0.382745,0.378865,0.373386,0.425114,0.386065,0.382745,0.386065,0.384625,0,away,0.11393500000000001,"{""deep_feature_base"": 0.2, ""phase1_base"": 0.8}"
2021020821,2022-02-24,SJS,NYI,1,0.522717,0.526058,0.466142,0.452511,0.55174,0.522717,0.526058,0.522717,0.511402,1,home,0.022716999999999987,"{""deep_feature_base"": 0.2, ""phase1_base"": 0.8}"
2021020822,2022-02-24,SEA,BOS,0,0.415596,0.440917,0.368084,0.379152,0.445881,0.415596,0.440917,0.415596,0.40609360000000005,0,away,0.08440399999999998,"{""deep_feature_base"": 0.2, ""phase1_base"": 0.8}"
2021020823,2022-02-25,CAR,CBJ,1,0.606193,0.584492,0.583622,0.555149,0.595625,0.606193,0.584492,0.606193,0.6016788,1,home,0.10619299999999998,"{""deep_feature_base"": 0.2, ""phase1_base"": 0.8}"
2021020824,2022-02-25,CHI,NJD,1,0.465197,0.438138,0.500032,0.483423,0.49666,0.465197,0.438138,0.438138,0.47216400000000003,0,away,0.03480299999999997,"{""deep_feature_base"": 0.2, ""phase1_base"": 0.8}"
2021020825,2022-02-25,STL,BUF,1,0.787572,0.782069,0.783416,0.776667,0.70336,0.787572,0.782069,0.787572,0.7867408000000001,1,home,0.28757200000000005,"{""deep_feature_base"": 0.2, ""phase1_base"": 0.8}"
2021020826,2022-02-25,COL,WPG,1,0.665524,0.626023,0.67061,0.632635,0.59716,0.665524,0.626023,0.665524,0.6665412,1,home,0.165524,"{""deep_feature_base"": 0.2, ""phase1_base"": 0.8}"
2021020827,2022-02-25,UTA,VGK,1,0.549597,0.615487,0.490417,0.538553,0.590426,0.549597,0.615487,0.549597,0.537761,1,home,0.049597,"{""deep_feature_base"": 0.2, ""phase1_base"": 0.8}"
2021020828,2022-02-25,ANA,LAK,0,0.409904,0.399433,0.42376,0.417445,0.412989,0.409904,0.399433,0.409904,0.4126752,0,away,0.09009600000000001,"{""deep_feature_base"": 0.2, ""phase1_base"": 0.8}"
2021020830,2022-02-26,OTT,MTL,0,0.624837,0.607256,0.615023,0.594498,0.610685,0.624837,0.607256,0.624837,0.6228742,1,home,0.12483699999999998,"{""deep_feature_base"": 0.2, ""phase1_base"": 0.8}"
2021020831,2022-02-26,FLA,EDM,0,0.627197,0.608908,0.675289,0.671427,0.609346,0.627197,0.608908,0.627197,0.6368154,1,home,0.127197,"{""deep_feature_base"": 0.2, ""phase1_base"": 0.8}"
2021020832,2022-02-26,PHI,WSH,1,0.448839,0.484057,0.467203,0.507931,0.499411,0.448839,0.484057,0.448839,0.4525118,0,away,0.05116100000000001,"{""deep_feature_base"": 0.2, ""phase1_base"": 0.8}"
2021020833,2022-02-26,PIT,NYR,1,0.423949,0.409264,0.438002,0.427533,0.425386,0.423949,0.409264,0.423949,0.42675960000000007,0,away,0.07605099999999998,"{""deep_feature_base"": 0.2, ""phase1_base"": 0.8}"
2021020834,2022-02-26,NSH,TBL,0,0.484598,0.489219,0.451316,0.445952,0.527533,0.484598,0.489219,0.489219,0.47794159999999997,0,away,0.015402000000000027,"{""deep_feature_base"": 0.2, ""phase1_base"": 0.8}"
2021020835,2022-02-26,CGY,MIN,1,0.546527,0.542725,0.550762,0.54823,0.542743,0.546527,0.542725,0.546527,0.547374,1,home,0.046526999999999985,"{""deep_feature_base"": 0.2, ""phase1_base"": 0.8}"
2021020836,2022-02-26,VGK,COL,0,0.373748,0.374124,0.357853,0.353459,0.411738,0.373748,0.374124,0.373748,0.37056900000000004,0,away,0.12625199999999998,"{""deep_feature_base"": 0.2, ""phase1_base"": 0.8}"
2021020837,2022-02-26,LAK,NYI,1,0.621996,0.595553,0.606276,0.575118,0.590034,0.621996,0.595553,0.621996,0.618852,1,home,0.121996,"{""deep_feature_base"": 0.2, ""phase1_base"": 0.8}"
2021020838,2022-02-26,SJS,BOS,0,0.379048,0.377834,0.388776,0.390481,0.419756,0.379048,0.377834,0.379048,0.38099360000000004,0,away,0.120952,"{""deep_feature_base"": 0.2, ""phase1_base"": 0.8}"
2021021275,2022-02-26,DET,TOR,0,0.446465,0.472682,0.434362,0.456948,0.489406,0.446465,0.472682,0.446465,0.44404440000000006,0,away,0.053535,"{""deep_feature_base"": 0.2, ""phase1_base"": 0.8}"
2021020839,2022-02-27,NYR,VAN,0,0.595827,0.577235,0.565182,0.537397,0.612959,0.595827,0.577235,0.595827,0.589698,1,home,0.095827,"{""deep_feature_base"": 0.2, ""phase1_base"": 0.8}"
2021020840,2022-02-27,CAR,EDM,1,0.73119,0.742602,0.680067,0.676143,0.695724,0.73119,0.742602,0.73119,0.7209654000000001,1,home,0.23119,"{""deep_feature_base"": 0.2, ""phase1_base"": 0.8}"
2021020841,2022-02-27,CBJ,PIT,0,0.633053,0.673906,0.559862,0.578758,0.616772,0.633053,0.673906,0.633053,0.6184147999999999,1,home,0.13305299999999998,"{""deep_feature_base"": 0.2, ""phase1_base"": 0.8}"
2021020842,2022-02-27,CHI,STL,0,0.446103,0.472428,0.411853,0.427903,0.503066,0.446103,0.472428,0.446103,0.43925300000000006,0,away,0.05389699999999997,"{""deep_feature_base"": 0.2, ""phase1_base"": 0.8}"
2021020843,2022-02-27,DAL,BUF,1,0.780925,0.777416,0.746416,0.732555,0.748423,0.780925,0.777416,0.780925,0.7740232,1,home,0.280925,"{""deep_feature_base"": 0.2, ""phase1_base"": 0.8}"
2021020844,2022-02-27,UTA,WPG,0,0.526782,0.538618,0.542501,0.559052,0.520852,0.526782,0.538618,0.526782,0.5299258,1,home,0.026781999999999972,"{""deep_feature_base"": 0.2, ""phase1_base"": 0.8}"
2021020845,2022-02-27,ANA,NYI,0,0.566223,0.556512,0.56241,0.551556,0.54719,0.566223,0.556512,0.566223,0.5654604000000001,1,home,0.06622300000000003,"{""deep_feature_base"": 0.2, ""phase1_base"": 0.8}"
2021020846,2022-02-27,SJS,SEA,1,0.58849,0.581813,0.599295,0.595859,0.575554,0.58849,0.581813,0.58849,0.590651,1,home,0.08848999999999996,"{""deep_feature_base"": 0.2, ""phase1_base"": 0.8}"
2021020847,2022-02-28,NJD,VAN,1,0.577431,0.634971,0.498368,0.532189,0.595885,0.577431,0.634971,0.577431,0.5616184000000001,1,home,0.07743100000000003,"{""deep_feature_base"": 0.2, ""phase1_base"": 0.8}"
2021020849,2022-02-28,WSH,TOR,0,0.474103,0.492028,0.440554,0.448414,0.511643,0.474103,0.492028,0.492028,0.4673932,0,away,0.025897000000000003,"{""deep_feature_base"": 0.2, ""phase1_base"": 0.8}"
2021020850,2022-02-28,LAK,BOS,0,0.550241,0.545325,0.54709,0.541229,0.528807,0.550241,0.545325,0.550241,0.5496108,1,home,0.05024099999999998,"{""deep_feature_base"": 0.2, ""phase1_base"": 0.8}"
2021020851,2022-03-01,DET,CAR,1,0.335032,0.347022,0.341027,0.354817,0.395176,0.335032,0.347022,0.335032,0.33623100000000006,0,away,0.164968,"{""deep_feature_base"": 0.2, ""phase1_base"": 0.8}"
2021020852,2022-03-01,TBL,OTT,1,0.65362,0.619696,0.686642,0.662624,0.593808,0.65362,0.619696,0.65362,0.6602244,1,home,0.15361999999999998,"{""deep_feature_base"": 0.2, ""phase1_base"": 0.8}"
2021020853,2022-03-01,PHI,EDM,0,0.456388,0.489341,0.465158,0.500743,0.497938,0.456388,0.489341,0.489341,0.45814200000000005,0,away,0.043611999999999984,"{""deep_feature_base"": 0.2, ""phase1_base"": 0.8}"
2021020854,2022-03-01,CBJ,NJD,1,0.615176,0.600493,0.591062,0.569145,0.634586,0.615176,0.600493,0.615176,0.6103532,1,home,0.11517599999999995,"{""deep_feature_base"": 0.2, ""phase1_base"": 0.8}"
2021020855,2022-03-01,MIN,CGY,0,0.525065,0.529708,0.504776,0.503331,0.537705,0.525065,0.529708,0.525065,0.5210072,1,home,0.025065000000000004,"{""deep_feature_base"": 0.2, ""phase1_base"": 0.8}"
2021020856,2022-03-01,WPG,MTL,1,0.605273,0.583848,0.597138,0.573272,0.572659,0.605273,0.583848,0.605273,0.603646,1,home,0.10527299999999995,"{""deep_feature_base"": 0.2, ""phase1_base"": 0.8}"
2021020857,2022-03-01,COL,NYI,1,0.688943,0.65213,0.737395,0.715118,0.636177,0.688943,0.65213,0.688943,0.6986334000000001,1,home,0.18894299999999997,"{""deep_feature_base"": 0.2, ""phase1_base"": 0.8}"
2021020858,2022-03-01,VGK,SJS,1,0.607125,0.585144,0.602735,0.579436,0.569557,0.607125,0.585144,0.607125,0.606247,1,home,0.10712500000000003,"{""deep_feature_base"": 0.2, ""phase1_base"": 0.8}"
2021020859,2022-03-01,ANA,BOS,1,0.37909,0.377863,0.362918,0.35684,0.42666,0.37909,0.377863,0.37909,0.3758556,0,away,0.12091000000000002,"{""deep_feature_base"": 0.2, ""phase1_base"": 0.8}"
2021020860,2022-03-02,TOR,BUF,0,0.690678,0.643631,0.721466,0.683656,0.595136,0.690678,0.643631,0.690678,0.6968356,1,home,0.19067800000000001,"{""deep_feature_base"": 0.2, ""phase1_base"": 0.8}"
2021020861,2022-03-02,NYR,STL,1,0.540233,0.538319,0.521951,0.514553,0.588723,0.540233,0.538319,0.540233,0.5365766,1,home,0.04023299999999996,"{""deep_feature_base"": 0.2, ""phase1_base"": 0.8}"
2021020862,2022-03-02,DAL,LAK,1,0.553992,0.557665,0.604002,0.622677,0.58473,0.553992,0.557665,0.553992,0.5639940000000001,1,home,0.05399200000000004,"{""deep_feature_base"": 0.2, ""phase1_base"": 0.8}"
2021020863,2022-03-02,SEA,NSH,1,0.348169,0.356218,0.358295,0.369382,0.412906,0.348169,0.356218,0.348169,0.3501942,0,away,0.151831,"{""deep_feature_base"": 0.2, ""phase1_base"": 0.8}"
2021020864,2022-03-03,TBL,PIT,0,0.69975,0.720594,0.69236,0.710987,0.670838,0.69975,0.720594,0.69975,0.698272,1,home,0.19974999999999998,"{""deep_feature_base"": 0.2, ""phase1_base"": 0.8}"
2021020865,2022-03-03,FLA,OTT,1,0.661944,0.633231,0.679205,0.65567,0.601351,0.661944,0.633231,0.661944,0.6653962,1,home,0.16194399999999998,"{""deep_feature_base"": 0.2, ""phase1_base"": 0.8}"
2021020866,2022-03-03,NYI,VAN,0,0.513789,0.529522,0.497139,0.507878,0.565498,0.513789,0.529522,0.513789,0.510459,1,home,0.013789000000000051,"{""deep_feature_base"": 0.2, ""phase1_base"": 0.8}"
2021020867,2022-03-03,PHI,MIN,0,0.41078,0.447702,0.415225,0.453481,0.453485,0.41078,0.447702,0.41078,0.41166900000000006,0,away,0.08922000000000002,"{""deep_feature_base"": 0.2, ""phase1_base"": 0.8}"
2021020868,2022-03-03,WSH,CAR,1,0.373768,0.374138,0.368748,0.367612,0.423296,0.373768,0.374138,0.373768,0.37276400000000004,0,away,0.126232,"{""deep_feature_base"": 0.2, ""phase1_base"": 0.8}"
2021020869,2022-03-03,CHI,EDM,1,0.487018,0.510782,0.496719,0.523395,0.521976,0.487018,0.510782,0.510782,0.4889582,0,away,0.012981999999999994,"{""deep_feature_base"": 0.2, ""phase1_base"": 0.8}"
2021020870,2022-03-03,CGY,MTL,0,0.802571,0.792569,0.767944,0.747553,0.736524,0.802571,0.792569,0.802571,0.7956456000000001,1,home,0.30257100000000003,"{""deep_feature_base"": 0.2, ""phase1_base"": 0.8}"
2021020871,2022-03-03,UTA,COL,1,0.287583,0.313808,0.297015,0.32607,0.364444,0.287583,0.313808,0.287583,0.2894694,0,away,0.21241700000000002,"{""deep_feature_base"": 0.2, ""phase1_base"": 0.8}"
2021020872,2022-03-03,VGK,BOS,0,0.443803,0.423162,0.435522,0.412397,0.474602,0.443803,0.423162,0.443803,0.44214680000000006,0,away,0.056197,"{""deep_feature_base"": 0.2, ""phase1_base"": 0.8}"
2021020873,2022-03-04,BUF,MIN,1,0.407845,0.445647,0.402376,0.438539,0.433124,0.407845,0.445647,0.407845,0.40675120000000003,0,away,0.09215499999999999,"{""deep_feature_base"": 0.2, ""phase1_base"": 0.8}"
2021020874,2022-03-04,TBL,DET,1,0.754075,0.758622,0.733444,0.731801,0.728054,0.754075,0.758622,0.754075,0.7499488000000001,1,home,0.25407500000000005,"{""deep_feature_base"": 0.2, ""phase1_base"": 0.8}"
2021020875,2022-03-04,NYR,NJD,1,0.64675,0.612881,0.636228,0.599203,0.637981,0.64675,0.612881,0.64675,0.6446456,1,home,0.14675000000000005,"{""deep_feature_base"": 0.2, ""phase1_base"": 0.8}"
2021020876,2022-03-04,CAR,PIT,1,0.562217,0.553708,0.518051,0.496292,0.532842,0.562217,0.553708,0.562217,0.5533838,1,home,0.06221699999999997,"{""deep_feature_base"": 0.2, ""phase1_base"": 0.8}"
2021020877,2022-03-04,CBJ,LAK,0,0.635412,0.675558,0.588498,0.61457,0.652499,0.635412,0.675558,0.635412,0.6260292000000001,1,home,0.13541199999999998,"{""deep_feature_base"": 0.2, ""phase1_base"": 0.8}"
2021020878,2022-03-04,WPG,DAL,0,0.596154,0.648077,0.534159,0.567483,0.602416,0.596154,0.648077,0.596154,0.583755,1,home,0.09615399999999996,"{""deep_feature_base"": 0.2, ""phase1_base"": 0.8}"
2021020879,2022-03-04,ANA,VGK,0,0.483079,0.488155,0.447937,0.442471,0.48484,0.483079,0.488155,0.488155,0.4760506,0,away,0.01692100000000002,"{""deep_feature_base"": 0.2, ""phase1_base"": 0.8}"
2021020880,2022-03-05,TOR,VAN,0,0.590065,0.573202,0.580574,0.560864,0.565466,0.590065,0.573202,0.590065,0.5881668,1,home,0.09006499999999995,"{""deep_feature_base"": 0.2, ""phase1_base"": 0.8}"
2021020881,2022-03-05,FLA,DET,1,0.655984,0.629059,0.697573,0.683125,0.619191,0.655984,0.629059,0.655984,0.6643018,1,home,0.155984,"{""deep_feature_base"": 0.2, ""phase1_base"": 0.8}"
2021020882,2022-03-05,NYI,STL,1,0.467332,0.497002,0.461851,0.489878,0.505144,0.467332,0.497002,0.497002,0.46623580000000003,0,away,0.032667999999999975,"{""deep_feature_base"": 0.2, ""phase1_base"": 0.8}"
2021020883,2022-03-05,PHI,CHI,1,0.407694,0.397886,0.440585,0.440643,0.429457,0.407694,0.397886,0.407694,0.41427220000000003,0,away,0.092306,"{""deep_feature_base"": 0.2, ""phase1_base"": 0.8}"
2021020884,2022-03-05,WSH,SEA,1,0.621817,0.595428,0.617651,0.590013,0.578358,0.621817,0.595428,0.621817,0.6209838,1,home,0.12181699999999995,"{""deep_feature_base"": 0.2, ""phase1_base"": 0.8}"
2021020885,2022-03-05,CBJ,BOS,0,0.47504,0.482528,0.426006,0.418783,0.518824,0.47504,0.482528,0.482528,0.4652332,0,away,0.024959999999999982,"{""deep_feature_base"": 0.2, ""phase1_base"": 0.8}"
2021020886,2022-03-05,COL,CGY,0,0.705746,0.724791,0.642714,0.64285,0.675066,0.705746,0.724791,0.705746,0.6931396000000001,1,home,0.20574599999999998,"{""deep_feature_base"": 0.2, ""phase1_base"": 0.8}"
2021020887,2022-03-05,EDM,MTL,0,0.632081,0.602613,0.614909,0.58029,0.621003,0.632081,0.602613,0.632081,0.6286466,1,home,0.132081,"{""deep_feature_base"": 0.2, ""phase1_base"": 0.8}"
2021020888,2022-03-05,UTA,OTT,1,0.646822,0.683544,0.611009,0.636989,0.624368,0.646822,0.683544,0.646822,0.6396594000000001,1,home,0.146822,"{""deep_feature_base"": 0.2, ""phase1_base"": 0.8}"
2021020889,2022-03-05,SJS,NSH,0,0.473446,0.493575,0.462748,0.479667,0.535132,0.473446,0.493575,0.493575,0.4713064,0,away,0.026554000000000022,"{""deep_feature_base"": 0.2, ""phase1_base"": 0.8}"
2021020890,2022-03-06,BUF,LAK,0,0.433565,0.473365,0.437926,0.479035,0.489333,0.433565,0.473365,0.433565,0.43443719999999997,0,away,0.06643500000000002,"{""deep_feature_base"": 0.2, ""phase1_base"": 0.8}"
2021020891,2022-03-06,NJD,STL,1,0.457951,0.490436,0.473615,0.5108,0.493831,0.457951,0.490436,0.490436,0.46108380000000004,0,away,0.042049,"{""deep_feature_base"": 0.2, ""phase1_base"": 0.8}"
2021020892,2022-03-06,CAR,SEA,1,0.677418,0.634349,0.682325,0.640728,0.616082,0.677418,0.634349,0.677418,0.6783994,1,home,0.17741799999999996,"{""deep_feature_base"": 0.2, ""phase1_base"": 0.8}"
2021020893,2022-03-06,CHI,TBL,0,0.415252,0.450833,0.386946,0.414034,0.469391,0.415252,0.450833,0.415252,0.40959080000000003,0,away,0.08474799999999999,"{""deep_feature_base"": 0.2, ""phase1_base"": 0.8}"
2021020894,2022-03-06,MIN,DAL,0,0.528806,0.530321,0.485537,0.47407,0.519077,0.528806,0.530321,0.528806,0.5201522000000001,1,home,0.028806,"{""deep_feature_base"": 0.2, ""phase1_base"": 0.8}"
2021020895,2022-03-06,WPG,NYR,0,0.455967,0.481339,0.462649,0.490026,0.475239,0.455967,0.481339,0.481339,0.4573034,0,away,0.04403299999999999,"{""deep_feature_base"": 0.2, ""phase1_base"": 0.8}"
2021020896,2022-03-06,VGK,OTT,1,0.634335,0.613905,0.636904,0.617244,0.628586,0.634335,0.613905,0.634335,0.6348488000000001,1,home,0.13433499999999998,"{""deep_feature_base"": 0.2, ""phase1_base"": 0.8}"
2021020897,2022-03-06,ANA,SJS,1,0.690112,0.713847,0.642498,0.651949,0.672875,0.690112,0.713847,0.690112,0.6805892,1,home,0.19011199999999995,"{""deep_feature_base"": 0.2, ""phase1_base"": 0.8}"
2021020532,2022-03-07,CGY,EDM,1,0.629322,0.610395,0.677767,0.673374,0.557917,0.629322,0.610395,0.629322,0.6390110000000001,1,home,0.12932200000000005,"{""deep_feature_base"": 0.2, ""phase1_base"": 0.8}"
2021020898,2022-03-07,BOS,LAK,0,0.571704,0.570063,0.615151,0.626545,0.550231,0.571704,0.570063,0.571704,0.5803934000000001,1,home,0.07170399999999999,"{""deep_feature_base"": 0.2, ""phase1_base"": 0.8}"
2021020899,2022-03-07,BUF,FLA,0,0.382855,0.428155,0.344596,0.378418,0.452271,0.382855,0.428155,0.382855,0.3752032,0,away,0.117145,"{""deep_feature_base"": 0.2, ""phase1_base"": 0.8}"
2021020900,2022-03-07,NYI,COL,0,0.328066,0.342146,0.35425,0.376185,0.379751,0.328066,0.342146,0.328066,0.33330280000000007,0,away,0.17193399999999998,"{""deep_feature_base"": 0.2, ""phase1_base"": 0.8}"
2021020901,2022-03-07,CBJ,TOR,0,0.503467,0.522297,0.534806,0.563038,0.565369,0.503467,0.522297,0.503467,0.5097348,1,home,0.003466999999999998,"{""deep_feature_base"": 0.2, ""phase1_base"": 0.8}"
2021020902,2022-03-08,TOR,SEA,1,0.66538,0.625922,0.648967,0.604585,0.580282,0.66538,0.625922,0.66538,0.6620974,1,home,0.16537999999999997,"{""deep_feature_base"": 0.2, ""phase1_base"": 0.8}"
2021020903,2022-03-08,DET,UTA,0,0.478534,0.447474,0.490301,0.46277,0.479274,0.478534,0.447474,0.447474,0.4808874,0,away,0.021465999999999985,"{""deep_feature_base"": 0.2, ""phase1_base"": 0.8}"
2021020904,2022-03-08,NJD,COL,1,0.390825,0.433734,0.374972,0.413125,0.437476,0.390825,0.433734,0.390825,0.3876544,0,away,0.10917500000000002,"{""deep_feature_base"": 0.2, ""phase1_base"": 0.8}"
2021020905,2022-03-08,PHI,VGK,1,0.422927,0.456205,0.412869,0.44313,0.48815,0.422927,0.456205,0.422927,0.42091540000000005,0,away,0.077073,"{""deep_feature_base"": 0.2, ""phase1_base"": 0.8}"
2021020906,2022-03-08,PIT,FLA,0,0.506168,0.514474,0.483429,0.484912,0.555368,0.506168,0.514474,0.506168,0.5016202,1,home,0.006167999999999951,"{""deep_feature_base"": 0.2, ""phase1_base"": 0.8}"
2021020907,2022-03-08,CHI,ANA,1,0.624674,0.668041,0.551938,0.573484,0.633112,0.624674,0.668041,0.624674,0.6101268,1,home,0.12467399999999995,"{""deep_feature_base"": 0.2, ""phase1_base"": 0.8}"
2021020908,2022-03-08,STL,OTT,0,0.643227,0.620129,0.682526,0.671217,0.645841,0.643227,0.620129,0.643227,0.6510868,1,home,0.143227,"{""deep_feature_base"": 0.2, ""phase1_base"": 0.8}"
2021020909,2022-03-08,NSH,DAL,1,0.516333,0.521589,0.511991,0.515945,0.520797,0.516333,0.521589,0.516333,0.5154646,1,home,0.016333000000000042,"{""deep_feature_base"": 0.2, ""phase1_base"": 0.8}"
2021020910,2022-03-08,MIN,NYR,1,0.514511,0.530028,0.539773,0.562869,0.534925,0.514511,0.530028,0.514511,0.5195634,1,home,0.014511000000000052,"{""deep_feature_base"": 0.2, ""phase1_base"": 0.8}"
2021020911,2022-03-08,WPG,TBL,1,0.428749,0.460281,0.408988,0.434591,0.452041,0.428749,0.460281,0.428749,0.42479680000000003,0,away,0.07125100000000001,"{""deep_feature_base"": 0.2, ""phase1_base"": 0.8}"
2021020912,2022-03-08,CGY,WSH,0,0.72342,0.737164,0.667537,0.664515,0.678845,0.72342,0.737164,0.72342,0.7122434000000001,1,home,0.22341999999999995,"{""deep_feature_base"": 0.2, ""phase1_base"": 0.8}"
2021020913,2022-03-09,EDM,WSH,1,0.532462,0.542594,0.525368,0.533372,0.572056,0.532462,0.542594,0.532462,0.5310432,1,home,0.03246199999999999,"{""deep_feature_base"": 0.2, ""phase1_base"": 0.8}"
2021020914,2022-03-09,VAN,MTL,1,0.648585,0.62388,0.693195,0.681873,0.639129,0.648585,0.62388,0.648585,0.6575070000000001,1,home,0.14858499999999997,"{""deep_feature_base"": 0.2, ""phase1_base"": 0.8}"
2021020693,2022-03-10,NYI,CBJ,1,0.525921,0.538015,0.515832,0.5249,0.531097,0.525921,0.538015,0.525921,0.5239032,1,home,0.025920999999999972,"{""deep_feature_base"": 0.2, ""phase1_base"": 0.8}"
2021020915,2022-03-10,BOS,CHI,1,0.649679,0.624645,0.678571,0.662205,0.579779,0.649679,0.624645,0.649679,0.6554574000000001,1,home,0.149679,"{""deep_feature_base"": 0.2, ""phase1_base"": 0.8}"
2021020916,2022-03-10,BUF,VGK,1,0.426547,0.458739,0.393521,0.415806,0.441582,0.426547,0.458739,0.426547,0.41994180000000003,0,away,0.07345299999999999,"{""deep_feature_base"": 0.2, ""phase1_base"": 0.8}"
2021020917,2022-03-10,TOR,UTA,0,0.556876,0.502313,0.57794,0.529696,0.543576,0.556876,0.502313,0.556876,0.5610888,1,home,0.05687600000000004,"{""deep_feature_base"": 0.2, ""phase1_base"": 0.8}"
2021020918,2022-03-10,OTT,SEA,1,0.580963,0.56683,0.592661,0.582038,0.553983,0.580963,0.56683,0.580963,0.5833026,1,home,0.08096300000000001,"{""deep_feature_base"": 0.2, ""phase1_base"": 0.8}"
2021020919,2022-03-10,DET,MIN,0,0.380521,0.378864,0.363679,0.356971,0.390269,0.380521,0.378864,0.380521,0.37715260000000006,0,away,0.119479,"{""deep_feature_base"": 0.2, ""phase1_base"": 0.8}"
2021020920,2022-03-10,FLA,PHI,1,0.70034,0.660108,0.721958,0.688211,0.612374,0.70034,0.660108,0.70034,0.7046636,1,home,0.20033999999999996,"{""deep_feature_base"": 0.2, ""phase1_base"": 0.8}"
2021020921,2022-03-10,NJD,WPG,0,0.521584,0.525265,0.500211,0.49748,0.533963,0.521584,0.525265,0.521584,0.5173094,1,home,0.021584000000000048,"{""deep_feature_base"": 0.2, ""phase1_base"": 0.8}"
2021020923,2022-03-10,CAR,COL,1,0.525334,0.52789,0.499094,0.493778,0.510565,0.525334,0.52789,0.525334,0.520086,1,home,0.025333999999999968,"{""deep_feature_base"": 0.2, ""phase1_base"": 0.8}"
2021020924,2022-03-10,STL,NYR,1,0.485335,0.489734,0.446101,0.438731,0.516866,0.485335,0.489734,0.489734,0.4774882000000001,0,away,0.014664999999999984,"{""deep_feature_base"": 0.2, ""phase1_base"": 0.8}"
2021020925,2022-03-10,NSH,ANA,1,0.72465,0.738024,0.721923,0.734479,0.702058,0.72465,0.738024,0.72465,0.7241046,1,home,0.22465000000000002,"{""deep_feature_base"": 0.2, ""phase1_base"": 0.8}"
2021020926,2022-03-10,CGY,TBL,1,0.542171,0.541682,0.557635,0.561786,0.529949,0.542171,0.541682,0.542171,0.5452638,1,home,0.04217099999999996,"{""deep_feature_base"": 0.2, ""phase1_base"": 0.8}"
2021020927,2022-03-10,LAK,SJS,0,0.646206,0.6125,0.664156,0.635835,0.605328,0.646206,0.6125,0.646206,0.649796,1,home,0.14620599999999995,"{""deep_feature_base"": 0.2, ""phase1_base"": 0.8}"
2021020928,2022-03-11,NYI,WPG,1,0.545322,0.551595,0.570789,0.584703,0.564919,0.545322,0.551595,0.545322,0.5504154,1,home,0.04532199999999997,"{""deep_feature_base"": 0.2, ""phase1_base"": 0.8}"
2021020929,2022-03-11,PIT,VGK,1,0.58916,0.582282,0.633188,0.639518,0.59372,0.58916,0.582282,0.58916,0.5979656,1,home,0.08916000000000002,"{""deep_feature_base"": 0.2, ""phase1_base"": 0.8}"
2021020930,2022-03-11,CBJ,MIN,1,0.486594,0.500772,0.455845,0.460799,0.510174,0.486594,0.500772,0.500772,0.48044420000000004,0,away,0.013405999999999973,"{""deep_feature_base"": 0.2, ""phase1_base"": 0.8}"
2021020931,2022-03-11,VAN,WSH,0,0.671951,0.701135,0.600335,0.608034,0.640591,0.671951,0.701135,0.671951,0.6576278,1,home,0.17195099999999996,"{""deep_feature_base"": 0.2, ""phase1_base"": 0.8}"
2021020932,2022-03-12,BOS,UTA,1,0.624229,0.597117,0.595583,0.559877,0.596492,0.624229,0.597117,0.624229,0.6184998,1,home,0.12422900000000003,"{""deep_feature_base"": 0.2, ""phase1_base"": 0.8}"
2021020933,2022-03-12,MTL,SEA,0,0.554057,0.547996,0.536119,0.524677,0.541626,0.554057,0.547996,0.554057,0.5504694,1,home,0.05405700000000002,"{""deep_feature_base"": 0.2, ""phase1_base"": 0.8}"
2021020934,2022-03-12,OTT,CHI,0,0.549381,0.544723,0.550337,0.545966,0.535685,0.549381,0.544723,0.549381,0.5495722000000001,1,home,0.04938100000000001,"{""deep_feature_base"": 0.2, ""phase1_base"": 0.8}"
2021020935,2022-03-12,NJD,ANA,1,0.546927,0.552719,0.593345,0.613063,0.553627,0.546927,0.552719,0.546927,0.5562106000000001,1,home,0.04692700000000005,"{""deep_feature_base"": 0.2, ""phase1_base"": 0.8}"
2021020936,2022-03-12,CAR,PHI,1,0.70101,0.660577,0.749888,0.724118,0.668107,0.70101,0.660577,0.70101,0.7107856000000001,1,home,0.20101000000000002,"{""deep_feature_base"": 0.2, ""phase1_base"": 0.8}"
2021020937,2022-03-12,NSH,STL,0,0.56944,0.568478,0.622846,0.637906,0.555565,0.56944,0.568478,0.56944,0.5801212,1,home,0.06943999999999995,"{""deep_feature_base"": 0.2, ""phase1_base"": 0.8}"
2021020938,2022-03-12,DAL,NYR,0,0.657086,0.690729,0.618258,0.640253,0.63154,0.657086,0.690729,0.657086,0.6493203999999999,1,home,0.15708599999999995,"{""deep_feature_base"": 0.2, ""phase1_base"": 0.8}"
2021020939,2022-03-12,CGY,DET,1,0.773345,0.772111,0.768186,0.765404,0.703191,0.773345,0.772111,0.773345,0.7723132,1,home,0.27334499999999995,"{""deep_feature_base"": 0.2, ""phase1_base"": 0.8}"
2021020940,2022-03-12,EDM,TBL,1,0.479687,0.497943,0.446922,0.455348,0.49598,0.479687,0.497943,0.497943,0.47313400000000005,0,away,0.020313000000000025,"{""deep_feature_base"": 0.2, ""phase1_base"": 0.8}"
2021020941,2022-03-12,SJS,LAK,1,0.365486,0.36834,0.365147,0.367899,0.398102,0.365486,0.36834,0.365486,0.3654182,0,away,0.13451400000000002,"{""deep_feature_base"": 0.2, ""phase1_base"": 0.8}"
2021020942,2022-03-13,BUF,TOR,1,0.40781,0.445623,0.390144,0.422657,0.464021,0.40781,0.445623,0.40781,0.40427680000000005,0,away,0.09219,"{""deep_feature_base"": 0.2, ""phase1_base"": 0.8}"
2021020943,2022-03-13,NYI,ANA,1,0.681544,0.70785,0.687073,0.715037,0.658593,0.681544,0.70785,0.681544,0.6826498000000001,1,home,0.18154400000000004,"{""deep_feature_base"": 0.2, ""phase1_base"": 0.8}"
2021020944,2022-03-13,PHI,MTL,0,0.555316,0.558591,0.525563,0.519912,0.5771,0.555316,0.558591,0.555316,0.5493654000000001,1,home,0.05531600000000003,"{""deep_feature_base"": 0.2, ""phase1_base"": 0.8}"
2021020945,2022-03-13,PIT,CAR,1,0.515883,0.530988,0.519799,0.536079,0.532266,0.515883,0.530988,0.515883,0.5166662000000001,1,home,0.01588299999999998,"{""deep_feature_base"": 0.2, ""phase1_base"": 0.8}"
2021020946,2022-03-13,CBJ,VGK,1,0.527401,0.529337,0.506168,0.501733,0.513931,0.527401,0.529337,0.527401,0.5231544,1,home,0.02740100000000001,"{""deep_feature_base"": 0.2, ""phase1_base"": 0.8}"
2021020947,2022-03-13,STL,WPG,0,0.718749,0.733894,0.659284,0.65659,0.701694,0.718749,0.733894,0.718749,0.706856,1,home,0.21874899999999997,"{""deep_feature_base"": 0.2, ""phase1_base"": 0.8}"
2021020948,2022-03-13,MIN,NSH,0,0.544508,0.543318,0.540245,0.537776,0.570661,0.544508,0.543318,0.544508,0.5436554,1,home,0.04450799999999999,"{""deep_feature_base"": 0.2, ""phase1_base"": 0.8}"
2021020949,2022-03-13,COL,CGY,1,0.569239,0.568337,0.565097,0.562953,0.598289,0.569239,0.568337,0.569239,0.5684106,1,home,0.06923900000000005,"{""deep_feature_base"": 0.2, ""phase1_base"": 0.8}"
2021020950,2022-03-13,VAN,TBL,0,0.519783,0.533718,0.564731,0.59215,0.531533,0.519783,0.533718,0.519783,0.5287726,1,home,0.019782999999999995,"{""deep_feature_base"": 0.2, ""phase1_base"": 0.8}"
2021020951,2022-03-13,LAK,FLA,1,0.401557,0.39359,0.351828,0.328942,0.432713,0.401557,0.39359,0.401557,0.39161120000000005,0,away,0.098443,"{""deep_feature_base"": 0.2, ""phase1_base"": 0.8}"
2021020952,2022-03-14,OTT,UTA,0,0.446763,0.425234,0.46498,0.448916,0.47065,0.446763,0.425234,0.446763,0.45040640000000004,0,away,0.05323699999999998,"{""deep_feature_base"": 0.2, ""phase1_base"": 0.8}"
2021020953,2022-03-15,TOR,DAL,1,0.559038,0.561197,0.571299,0.577136,0.566408,0.559038,0.561197,0.559038,0.5614902,1,home,0.059038000000000035,"{""deep_feature_base"": 0.2, ""phase1_base"": 0.8}"
2021020954,2022-03-15,MTL,UTA,0,0.41069,0.399983,0.439525,0.437468,0.44307,0.41069,0.399983,0.41069,0.416457,0,away,0.08931,"{""deep_feature_base"": 0.2, ""phase1_base"": 0.8}"
2021020955,2022-03-15,NYR,ANA,1,0.757446,0.760982,0.73904,0.737053,0.68191,0.757446,0.760982,0.757446,0.7537648,1,home,0.25744599999999995,"{""deep_feature_base"": 0.2, ""phase1_base"": 0.8}"
2021020956,2022-03-15,WSH,NYI,1,0.577345,0.564297,0.574304,0.560345,0.571219,0.577345,0.564297,0.577345,0.5767368,1,home,0.077345,"{""deep_feature_base"": 0.2, ""phase1_base"": 0.8}"
2021020957,2022-03-15,CHI,BOS,0,0.445072,0.473712,0.45065,0.480964,0.488253,0.445072,0.473712,0.445072,0.4461876,0,away,0.05492799999999998,"{""deep_feature_base"": 0.2, ""phase1_base"": 0.8}"
2021020958,2022-03-15,NSH,PIT,1,0.54342,0.550264,0.57543,0.591877,0.527508,0.54342,0.550264,0.54342,0.549822,1,home,0.043420000000000014,"{""deep_feature_base"": 0.2, ""phase1_base"": 0.8}"
2021020959,2022-03-15,WPG,VGK,1,0.54449,0.551013,0.562727,0.574721,0.491667,0.54449,0.551013,0.54449,0.5481374,1,home,0.04449000000000003,"{""deep_feature_base"": 0.2, ""phase1_base"": 0.8}"
2021020960,2022-03-15,EDM,DET,1,0.722391,0.736443,0.701302,0.709027,0.682106,0.722391,0.736443,0.722391,0.7181732000000001,1,home,0.222391,"{""deep_feature_base"": 0.2, ""phase1_base"": 0.8}"
2021020961,2022-03-15,VAN,NJD,1,0.598589,0.581175,0.606629,0.591627,0.584075,0.598589,0.581175,0.598589,0.6001970000000001,1,home,0.09858900000000004,"{""deep_feature_base"": 0.2, ""phase1_base"": 0.8}"
2021020962,2022-03-15,LAK,COL,0,0.403761,0.395133,0.390293,0.377624,0.424669,0.403761,0.395133,0.403761,0.40106739999999996,0,away,0.09623900000000002,"{""deep_feature_base"": 0.2, ""phase1_base"": 0.8}"
2021020963,2022-03-15,SJS,FLA,0,0.338464,0.349425,0.341323,0.353141,0.40181,0.338464,0.349425,0.338464,0.3390358,0,away,0.161536,"{""deep_feature_base"": 0.2, ""phase1_base"": 0.8}"
2021020964,2022-03-16,OTT,CBJ,0,0.485346,0.499898,0.471333,0.481682,0.49648,0.485346,0.499898,0.499898,0.48254340000000007,0,away,0.014654,"{""deep_feature_base"": 0.2, ""phase1_base"": 0.8}"
2021020965,2022-03-16,MIN,BOS,1,0.500145,0.510258,0.482319,0.487084,0.503461,0.500145,0.510258,0.500145,0.49657979999999996,0,away,0.00014499999999995072,"{""deep_feature_base"": 0.2, ""phase1_base"": 0.8}"
2021020966,2022-03-16,CGY,NJD,1,0.665865,0.635975,0.710241,0.693665,0.64349,0.665865,0.635975,0.665865,0.6747402,1,home,0.16586500000000004,"{""deep_feature_base"": 0.2, ""phase1_base"": 0.8}"
2021020967,2022-03-16,SEA,TBL,0,0.418095,0.462537,0.412646,0.455453,0.47636,0.418095,0.462537,0.418095,0.4170052,0,away,0.081905,"{""deep_feature_base"": 0.2, ""phase1_base"": 0.8}"
2021020328,2022-03-17,NYR,NYI,0,0.540788,0.491052,0.557889,0.513283,0.516446,0.540788,0.491052,0.540788,0.5442082000000001,1,home,0.040788000000000046,"{""deep_feature_base"": 0.2, ""phase1_base"": 0.8}"
2021020968,2022-03-17,TOR,CAR,1,0.523649,0.536425,0.521454,0.533571,0.505291,0.523649,0.536425,0.523649,0.5232100000000001,1,home,0.02364900000000003,"{""deep_feature_base"": 0.2, ""phase1_base"": 0.8}"
2021020969,2022-03-17,MTL,DAL,0,0.40878,0.436146,0.384664,0.404795,0.447687,0.40878,0.436146,0.40878,0.4039568,0,away,0.09122000000000002,"{""deep_feature_base"": 0.2, ""phase1_base"": 0.8}"
2021020970,2022-03-17,PHI,NSH,1,0.324644,0.339751,0.305434,0.314777,0.392422,0.324644,0.339751,0.324644,0.320802,0,away,0.175356,"{""deep_feature_base"": 0.2, ""phase1_base"": 0.8}"
2021020971,2022-03-17,CBJ,WSH,0,0.441954,0.421868,0.465811,0.452881,0.462098,0.441954,0.421868,0.441954,0.44672540000000005,0,away,0.058045999999999986,"{""deep_feature_base"": 0.2, ""phase1_base"": 0.8}"
2021020972,2022-03-17,STL,PIT,0,0.5268,0.530922,0.538699,0.546391,0.525594,0.5268,0.530922,0.5268,0.5291798000000001,1,home,0.026800000000000046,"{""deep_feature_base"": 0.2, ""phase1_base"": 0.8}"
2021020973,2022-03-17,EDM,BUF,1,0.626343,0.598596,0.640171,0.616572,0.59413,0.626343,0.598596,0.626343,0.6291086,1,home,0.12634299999999998,"{""deep_feature_base"": 0.2, ""phase1_base"": 0.8}"
2021020974,2022-03-17,VAN,DET,0,0.73442,0.744863,0.728768,0.737516,0.669155,0.73442,0.744863,0.73442,0.7332896,1,home,0.23441999999999996,"{""deep_feature_base"": 0.2, ""phase1_base"": 0.8}"
2021020975,2022-03-17,VGK,FLA,1,0.364877,0.367914,0.336731,0.331324,0.416474,0.364877,0.367914,0.364877,0.35924780000000006,0,away,0.135123,"{""deep_feature_base"": 0.2, ""phase1_base"": 0.8}"
2021020976,2022-03-17,LAK,SJS,1,0.616449,0.591671,0.59197,0.559848,0.605897,0.616449,0.591671,0.616449,0.6115532,1,home,0.11644900000000002,"{""deep_feature_base"": 0.2, ""phase1_base"": 0.8}"
2021020977,2022-03-18,OTT,PHI,1,0.563855,0.554855,0.536419,0.519188,0.548727,0.563855,0.554855,0.563855,0.5583678000000001,1,home,0.063855,"{""deep_feature_base"": 0.2, ""phase1_base"": 0.8}"
2021020978,2022-03-18,CAR,WSH,0,0.583373,0.568517,0.570084,0.551242,0.546211,0.583373,0.568517,0.583373,0.5807152000000001,1,home,0.08337300000000003,"{""deep_feature_base"": 0.2, ""phase1_base"": 0.8}"
2021020979,2022-03-18,WPG,BOS,0,0.478383,0.495024,0.491908,0.512607,0.465379,0.478383,0.495024,0.495024,0.481088,0,away,0.021616999999999997,"{""deep_feature_base"": 0.2, ""phase1_base"": 0.8}"
2021020980,2022-03-18,CGY,BUF,0,0.793156,0.785978,0.783651,0.773622,0.723994,0.793156,0.785978,0.793156,0.791255,1,home,0.29315599999999997,"{""deep_feature_base"": 0.2, ""phase1_base"": 0.8}"
2021020981,2022-03-18,ANA,FLA,0,0.335685,0.347479,0.314719,0.320223,0.377929,0.335685,0.347479,0.335685,0.3314918,0,away,0.164315,"{""deep_feature_base"": 0.2, ""phase1_base"": 0.8}"
2021020982,2022-03-18,SJS,COL,0,0.395688,0.437138,0.353454,0.382233,0.456172,0.395688,0.437138,0.395688,0.3872412,0,away,0.10431200000000002,"{""deep_feature_base"": 0.2, ""phase1_base"": 0.8}"
2021020983,2022-03-19,MTL,OTT,1,0.527049,0.538805,0.544558,0.561566,0.537549,0.527049,0.538805,0.527049,0.5305508,1,home,0.02704899999999999,"{""deep_feature_base"": 0.2, ""phase1_base"": 0.8}"
2021020984,2022-03-19,TBL,NYR,0,0.554356,0.548205,0.551091,0.543961,0.519592,0.554356,0.548205,0.554356,0.5537030000000001,1,home,0.05435599999999996,"{""deep_feature_base"": 0.2, ""phase1_base"": 0.8}"
2021020985,2022-03-19,NYI,DAL,1,0.610146,0.657871,0.554341,0.585325,0.615066,0.610146,0.657871,0.610146,0.598985,1,home,0.11014599999999997,"{""deep_feature_base"": 0.2, ""phase1_base"": 0.8}"
2021020986,2022-03-19,CBJ,STL,1,0.434128,0.416389,0.487603,0.485907,0.478713,0.434128,0.416389,0.434128,0.444823,0,away,0.06587199999999999,"{""deep_feature_base"": 0.2, ""phase1_base"": 0.8}"
2021020987,2022-03-19,NSH,TOR,1,0.54292,0.549914,0.567449,0.581802,0.535075,0.54292,0.549914,0.54292,0.5478258,1,home,0.04291999999999996,"{""deep_feature_base"": 0.2, ""phase1_base"": 0.8}"
2021020988,2022-03-19,MIN,CHI,1,0.629716,0.610671,0.647177,0.63337,0.606183,0.629716,0.610671,0.629716,0.6332082,1,home,0.12971600000000005,"{""deep_feature_base"": 0.2, ""phase1_base"": 0.8}"
2021020989,2022-03-19,EDM,NJD,1,0.72738,0.739935,0.698649,0.702585,0.667544,0.72738,0.739935,0.72738,0.7216338000000001,1,home,0.22738000000000003,"{""deep_feature_base"": 0.2, ""phase1_base"": 0.8}"
2021020990,2022-03-19,VAN,CGY,0,0.50056,0.520262,0.538382,0.569431,0.529886,0.50056,0.520262,0.50056,0.5081244,1,home,0.0005600000000000049,"{""deep_feature_base"": 0.2, ""phase1_base"": 0.8}"
2021020991,2022-03-19,UTA,PIT,0,0.583822,0.639445,0.514557,0.5494,0.586169,0.583822,0.639445,0.583822,0.569969,1,home,0.08382199999999995,"{""deep_feature_base"": 0.2, ""phase1_base"": 0.8}"
2021020992,2022-03-19,VGK,LAK,1,0.486176,0.490323,0.468033,0.466738,0.471352,0.486176,0.490323,0.490323,0.4825474,0,away,0.013824000000000003,"{""deep_feature_base"": 0.2, ""phase1_base"": 0.8}"
2021020993,2022-03-19,SEA,DET,1,0.520746,0.534393,0.543163,0.563534,0.546967,0.520746,0.534393,0.520746,0.5252294000000001,1,home,0.020746000000000042,"{""deep_feature_base"": 0.2, ""phase1_base"": 0.8}"
2021020994,2022-03-20,PHI,NYI,1,0.374712,0.374799,0.365108,0.362313,0.418645,0.374712,0.374799,0.374712,0.37279120000000004,0,away,0.125288,"{""deep_feature_base"": 0.2, ""phase1_base"": 0.8}"
2021020995,2022-03-20,WSH,DAL,0,0.570042,0.568899,0.594843,0.601141,0.579381,0.570042,0.568899,0.570042,0.5750022,1,home,0.07004200000000005,"{""deep_feature_base"": 0.2, ""phase1_base"": 0.8}"
2021020996,2022-03-20,CAR,NYR,0,0.565393,0.565645,0.572031,0.574274,0.552097,0.565393,0.565645,0.565393,0.5667206,1,home,0.06539300000000003,"{""deep_feature_base"": 0.2, ""phase1_base"": 0.8}"
2021020997,2022-03-20,CHI,WPG,0,0.503962,0.51293,0.478023,0.479209,0.50354,0.503962,0.51293,0.503962,0.4987742,0,away,0.003962000000000021,"{""deep_feature_base"": 0.2, ""phase1_base"": 0.8}"
2021020998,2022-03-20,VAN,BUF,0,0.731385,0.742738,0.702249,0.704863,0.703793,0.731385,0.742738,0.731385,0.7255578,1,home,0.23138499999999995,"{""deep_feature_base"": 0.2, ""phase1_base"": 0.8}"
2021020999,2022-03-20,SJS,UTA,1,0.513552,0.519643,0.464653,0.456074,0.524726,0.513552,0.519643,0.513552,0.5037722,1,home,0.013552000000000008,"{""deep_feature_base"": 0.2, ""phase1_base"": 0.8}"
2021020646,2022-03-21,MTL,BOS,0,0.326186,0.34083,0.355498,0.378936,0.381176,0.326186,0.34083,0.326186,0.33204839999999997,0,away,0.17381400000000002,"{""deep_feature_base"": 0.2, ""phase1_base"": 0.8}"
2021021001,2022-03-21,MIN,VGK,1,0.685579,0.710675,0.651253,0.666051,0.650571,0.685579,0.710675,0.685579,0.6787138,1,home,0.18557900000000005,"{""deep_feature_base"": 0.2, ""phase1_base"": 0.8}"
2021021002,2022-03-21,COL,EDM,1,0.635909,0.615006,0.63647,0.615736,0.632129,0.635909,0.615006,0.635909,0.6360212,1,home,0.13590899999999995,"{""deep_feature_base"": 0.2, ""phase1_base"": 0.8}"
2021021003,2022-03-21,ANA,NSH,0,0.360625,0.364937,0.325054,0.318695,0.431409,0.360625,0.364937,0.360625,0.3535108,0,away,0.13937500000000003,"{""deep_feature_base"": 0.2, ""phase1_base"": 0.8}"
2021021004,2022-03-22,DET,PHI,1,0.487642,0.45385,0.545458,0.52901,0.462399,0.487642,0.45385,0.45385,0.49920520000000007,0,away,0.01235799999999998,"{""deep_feature_base"": 0.2, ""phase1_base"": 0.8}"
2021021005,2022-03-22,NJD,NYR,1,0.341076,0.351253,0.35756,0.372682,0.425525,0.341076,0.351253,0.341076,0.34437280000000003,0,away,0.158924,"{""deep_feature_base"": 0.2, ""phase1_base"": 0.8}"
2021021007,2022-03-22,PIT,CBJ,1,0.716465,0.732295,0.654616,0.651891,0.675648,0.716465,0.732295,0.716465,0.7040952,1,home,0.21646500000000002,"{""deep_feature_base"": 0.2, ""phase1_base"": 0.8}"
2021021008,2022-03-22,WSH,STL,0,0.559171,0.551576,0.574976,0.572122,0.558879,0.559171,0.551576,0.559171,0.562332,1,home,0.059170999999999974,"{""deep_feature_base"": 0.2, ""phase1_base"": 0.8}"
2021021009,2022-03-22,CAR,TBL,1,0.542832,0.540139,0.528611,0.521652,0.537176,0.542832,0.540139,0.542832,0.5399878,1,home,0.04283199999999998,"{""deep_feature_base"": 0.2, ""phase1_base"": 0.8}"
2021021010,2022-03-22,DAL,EDM,1,0.478358,0.44735,0.504733,0.481638,0.474922,0.478358,0.44735,0.44735,0.48363300000000004,0,away,0.021641999999999995,"{""deep_feature_base"": 0.2, ""phase1_base"": 0.8}"
2021021011,2022-03-22,WPG,VGK,1,0.652024,0.687186,0.627154,0.654856,0.624759,0.652024,0.687186,0.652024,0.6470500000000001,1,home,0.15202400000000005,"{""deep_feature_base"": 0.2, ""phase1_base"": 0.8}"
2021021012,2022-03-22,CGY,SJS,0,0.767791,0.768223,0.733294,0.723377,0.707254,0.767791,0.768223,0.767791,0.7608916,1,home,0.267791,"{""deep_feature_base"": 0.2, ""phase1_base"": 0.8}"
2021021013,2022-03-22,LAK,NSH,1,0.438804,0.419663,0.391105,0.357654,0.452058,0.438804,0.419663,0.438804,0.42926420000000004,0,away,0.06119599999999997,"{""deep_feature_base"": 0.2, ""phase1_base"": 0.8}"
2021021017,2022-03-22,UTA,SEA,0,0.605159,0.593481,0.644852,0.645083,0.598471,0.605159,0.593481,0.605159,0.6130976,1,home,0.105159,"{""deep_feature_base"": 0.2, ""phase1_base"": 0.8}"
2021021021,2022-03-22,NYI,OTT,1,0.713231,0.730031,0.666822,0.669699,0.685493,0.713231,0.730031,0.713231,0.7039492,1,home,0.21323099999999995,"{""deep_feature_base"": 0.2, ""phase1_base"": 0.8}"
2021021014,2022-03-23,BUF,PIT,1,0.336583,0.348108,0.357443,0.375226,0.392777,0.336583,0.348108,0.336583,0.34075500000000003,0,away,0.16341699999999998,"{""deep_feature_base"": 0.2, ""phase1_base"": 0.8}"
2021021015,2022-03-23,TOR,NJD,1,0.628568,0.600154,0.585467,0.544122,0.547876,0.628568,0.600154,0.628568,0.6199478,1,home,0.12856800000000002,"{""deep_feature_base"": 0.2, ""phase1_base"": 0.8}"
2021021016,2022-03-23,COL,VAN,0,0.763646,0.765322,0.740595,0.735354,0.689431,0.763646,0.765322,0.763646,0.7590358,1,home,0.26364600000000005,"{""deep_feature_base"": 0.2, ""phase1_base"": 0.8}"
2021021018,2022-03-23,ANA,CHI,0,0.457653,0.432857,0.488225,0.472601,0.459302,0.457653,0.432857,0.432857,0.46376740000000005,0,away,0.042347000000000024,"{""deep_feature_base"": 0.2, ""phase1_base"": 0.8}"
2021020545,2022-03-24,NYI,DET,1,0.705015,0.72428,0.671846,0.68116,0.661524,0.705015,0.72428,0.705015,0.6983812,1,home,0.20501499999999995,"{""deep_feature_base"": 0.2, ""phase1_base"": 0.8}"
2021020675,2022-03-24,WPG,OTT,0,0.729926,0.741718,0.722641,0.732246,0.662884,0.729926,0.741718,0.729926,0.728469,1,home,0.22992599999999996,"{""deep_feature_base"": 0.2, ""phase1_base"": 0.8}"
2021021019,2022-03-24,BOS,TBL,1,0.553962,0.54793,0.56186,0.558197,0.539289,0.553962,0.54793,0.553962,0.5555416,1,home,0.053961999999999954,"{""deep_feature_base"": 0.2, ""phase1_base"": 0.8}"
2021021020,2022-03-24,MTL,FLA,0,0.306231,0.326862,0.310349,0.332214,0.351214,0.306231,0.326862,0.306231,0.3070546,0,away,0.19376900000000002,"{""deep_feature_base"": 0.2, ""phase1_base"": 0.8}"
2021021022,2022-03-24,CAR,DAL,0,0.564958,0.555627,0.544319,0.528796,0.580358,0.564958,0.555627,0.564958,0.5608302000000001,1,home,0.06495799999999996,"{""deep_feature_base"": 0.2, ""phase1_base"": 0.8}"
2021021023,2022-03-24,STL,PHI,0,0.662192,0.633404,0.707623,0.692465,0.590549,0.662192,0.633404,0.662192,0.6712782,1,home,0.162192,"{""deep_feature_base"": 0.2, ""phase1_base"": 0.8}"
2021021024,2022-03-24,MIN,VAN,1,0.57637,0.563616,0.584455,0.574125,0.550768,0.57637,0.563616,0.57637,0.577987,1,home,0.07637000000000005,"{""deep_feature_base"": 0.2, ""phase1_base"": 0.8}"
2021021025,2022-03-24,EDM,SJS,1,0.711446,0.728782,0.666926,0.670906,0.635765,0.711446,0.728782,0.711446,0.702542,1,home,0.21144600000000002,"{""deep_feature_base"": 0.2, ""phase1_base"": 0.8}"
2021021026,2022-03-24,VGK,NSH,1,0.412435,0.401204,0.389391,0.371247,0.448017,0.412435,0.401204,0.412435,0.4078262,0,away,0.087565,"{""deep_feature_base"": 0.2, ""phase1_base"": 0.8}"
2021021027,2022-03-24,LAK,CHI,0,0.622996,0.596254,0.648857,0.629872,0.598574,0.622996,0.596254,0.622996,0.6281682000000001,1,home,0.122996,"{""deep_feature_base"": 0.2, ""phase1_base"": 0.8}"
2021021028,2022-03-25,BUF,WSH,0,0.461159,0.482968,0.483414,0.511899,0.489895,0.461159,0.482968,0.482968,0.46561,0,away,0.038841000000000014,"{""deep_feature_base"": 0.2, ""phase1_base"": 0.8}"
2021021029,2022-03-25,NYR,PIT,1,0.462971,0.43658,0.478479,0.45674,0.446772,0.462971,0.43658,0.43658,0.46607260000000006,0,away,0.03702899999999998,"{""deep_feature_base"": 0.2, ""phase1_base"": 0.8}"
2021021030,2022-03-25,WPG,CBJ,1,0.655587,0.68968,0.60653,0.625906,0.631313,0.655587,0.68968,0.655587,0.6457756000000001,1,home,0.15558700000000003,"{""deep_feature_base"": 0.2, ""phase1_base"": 0.8}"
2021021031,2022-03-25,COL,PHI,1,0.703282,0.662168,0.721203,0.685464,0.633418,0.703282,0.662168,0.703282,0.7068662,1,home,0.20328199999999996,"{""deep_feature_base"": 0.2, ""phase1_base"": 0.8}"
2021021032,2022-03-25,CGY,UTA,1,0.654555,0.628059,0.688727,0.672483,0.612786,0.654555,0.628059,0.654555,0.6613894,1,home,0.154555,"{""deep_feature_base"": 0.2, ""phase1_base"": 0.8}"
2021021034,2022-03-26,BOS,NYI,1,0.609529,0.586826,0.605119,0.581094,0.577203,0.609529,0.586826,0.609529,0.608647,1,home,0.10952899999999999,"{""deep_feature_base"": 0.2, ""phase1_base"": 0.8}"
2021021035,2022-03-26,MTL,TOR,1,0.330501,0.343851,0.358763,0.380591,0.382793,0.330501,0.343851,0.330501,0.3361534,0,away,0.169499,"{""deep_feature_base"": 0.2, ""phase1_base"": 0.8}"
2021021036,2022-03-26,OTT,FLA,0,0.383252,0.418276,0.366777,0.396859,0.452085,0.383252,0.418276,0.383252,0.37995700000000004,0,away,0.11674800000000002,"{""deep_feature_base"": 0.2, ""phase1_base"": 0.8}"
2021021037,2022-03-26,DET,TBL,0,0.420328,0.444229,0.388984,0.403482,0.455539,0.420328,0.444229,0.420328,0.4140592,0,away,0.07967200000000002,"{""deep_feature_base"": 0.2, ""phase1_base"": 0.8}"
2021021038,2022-03-26,WSH,NJD,1,0.633407,0.613255,0.633842,0.61382,0.602555,0.633407,0.613255,0.633407,0.6334940000000001,1,home,0.13340700000000005,"{""deep_feature_base"": 0.2, ""phase1_base"": 0.8}"
2021021039,2022-03-26,STL,CAR,0,0.514165,0.529786,0.533559,0.554997,0.528291,0.514165,0.529786,0.514165,0.5180438,1,home,0.014164999999999983,"{""deep_feature_base"": 0.2, ""phase1_base"": 0.8}"
2021021040,2022-03-26,DAL,VAN,0,0.606043,0.5941,0.649507,0.650603,0.564865,0.606043,0.5941,0.606043,0.6147358,1,home,0.106043,"{""deep_feature_base"": 0.2, ""phase1_base"": 0.8}"
2021021041,2022-03-26,MIN,CBJ,1,0.594638,0.576403,0.584022,0.562602,0.568025,0.594638,0.576403,0.594638,0.5925148,1,home,0.094638,"{""deep_feature_base"": 0.2, ""phase1_base"": 0.8}"
2021021042,2022-03-26,CGY,EDM,1,0.604583,0.593078,0.626554,0.62164,0.603589,0.604583,0.593078,0.604583,0.6089772,1,home,0.10458299999999998,"{""deep_feature_base"": 0.2, ""phase1_base"": 0.8}"
2021021043,2022-03-26,VGK,CHI,1,0.584589,0.569369,0.589767,0.5761,0.57432,0.584589,0.569369,0.584589,0.5856246,1,home,0.08458900000000003,"{""deep_feature_base"": 0.2, ""phase1_base"": 0.8}"
2021021044,2022-03-26,LAK,SEA,1,0.635419,0.604949,0.621937,0.587423,0.583701,0.635419,0.604949,0.635419,0.6327226,1,home,0.13541899999999996,"{""deep_feature_base"": 0.2, ""phase1_base"": 0.8}"
2021021045,2022-03-26,SJS,ANA,1,0.569701,0.560953,0.583806,0.579289,0.56816,0.569701,0.560953,0.569701,0.572522,1,home,0.06970100000000001,"{""deep_feature_base"": 0.2, ""phase1_base"": 0.8}"
2021021046,2022-03-27,TOR,FLA,1,0.412601,0.40132,0.406194,0.392992,0.433192,0.412601,0.40132,0.412601,0.4113196,0,away,0.087399,"{""deep_feature_base"": 0.2, ""phase1_base"": 0.8}"
2021021047,2022-03-27,NJD,MTL,1,0.581597,0.576988,0.633203,0.644076,0.580707,0.581597,0.576988,0.581597,0.5919182000000001,1,home,0.08159700000000003,"{""deep_feature_base"": 0.2, ""phase1_base"": 0.8}"
2021021048,2022-03-27,NYI,TBL,0,0.499959,0.519842,0.500706,0.520812,0.48931,0.499959,0.519842,0.519842,0.5001084,1,home,4.100000000001325e-05,"{""deep_feature_base"": 0.2, ""phase1_base"": 0.8}"
2021021049,2022-03-27,NYR,BUF,1,0.652899,0.617186,0.631225,0.58901,0.585915,0.652899,0.617186,0.652899,0.6485642,1,home,0.152899,"{""deep_feature_base"": 0.2, ""phase1_base"": 0.8}"
2021021050,2022-03-27,PIT,DET,1,0.760983,0.763457,0.712535,0.700474,0.713744,0.760983,0.763457,0.760983,0.7512934000000001,1,home,0.26098299999999997,"{""deep_feature_base"": 0.2, ""phase1_base"": 0.8}"
2021021051,2022-03-27,NSH,PHI,1,0.661724,0.633077,0.658323,0.628656,0.589014,0.661724,0.633077,0.661724,0.6610438000000001,1,home,0.16172399999999998,"{""deep_feature_base"": 0.2, ""phase1_base"": 0.8}"
2021021052,2022-03-27,MIN,COL,1,0.486882,0.500973,0.467669,0.475997,0.494429,0.486882,0.500973,0.500973,0.4830394,0,away,0.013118000000000019,"{""deep_feature_base"": 0.2, ""phase1_base"": 0.8}"
2021021053,2022-03-27,WPG,UTA,1,0.599879,0.589786,0.638137,0.63952,0.553557,0.599879,0.589786,0.599879,0.6075306,1,home,0.09987900000000005,"{""deep_feature_base"": 0.2, ""phase1_base"": 0.8}"
2021021054,2022-03-28,WSH,CAR,0,0.525824,0.537947,0.534199,0.548835,0.559912,0.525824,0.537947,0.525824,0.527499,1,home,0.025823999999999958,"{""deep_feature_base"": 0.2, ""phase1_base"": 0.8}"
2021021055,2022-03-28,CHI,BUF,0,0.576172,0.573191,0.581839,0.580558,0.563499,0.576172,0.573191,0.576172,0.5773054000000001,1,home,0.07617200000000002,"{""deep_feature_base"": 0.2, ""phase1_base"": 0.8}"
2021021056,2022-03-28,STL,VAN,1,0.655757,0.689799,0.580351,0.591771,0.627413,0.655757,0.689799,0.655757,0.6406758,1,home,0.15575700000000003,"{""deep_feature_base"": 0.2, ""phase1_base"": 0.8}"
2021021057,2022-03-28,EDM,UTA,1,0.602769,0.582094,0.589908,0.565375,0.529771,0.602769,0.582094,0.602769,0.6001968,1,home,0.102769,"{""deep_feature_base"": 0.2, ""phase1_base"": 0.8}"
2021021058,2022-03-28,LAK,SEA,0,0.641292,0.609061,0.679044,0.658138,0.585506,0.641292,0.609061,0.641292,0.6488423999999999,1,home,0.14129199999999997,"{""deep_feature_base"": 0.2, ""phase1_base"": 0.8}"
2021021059,2022-03-29,BOS,TOR,0,0.68604,0.710997,0.659078,0.675946,0.679693,0.68604,0.710997,0.68604,0.6806476,1,home,0.18603999999999998,"{""deep_feature_base"": 0.2, ""phase1_base"": 0.8}"
2021021060,2022-03-29,TBL,CAR,1,0.542355,0.549519,0.536052,0.541324,0.584981,0.542355,0.549519,0.542355,0.5410944000000001,1,home,0.04235500000000003,"{""deep_feature_base"": 0.2, ""phase1_base"": 0.8}"
2021021061,2022-03-29,FLA,MTL,1,0.677802,0.634618,0.659852,0.611282,0.605765,0.677802,0.634618,0.677802,0.674212,1,home,0.17780200000000002,"{""deep_feature_base"": 0.2, ""phase1_base"": 0.8}"
2021021062,2022-03-29,PIT,NYR,0,0.647021,0.683684,0.585724,0.603998,0.630482,0.647021,0.683684,0.647021,0.6347616,1,home,0.14702099999999996,"{""deep_feature_base"": 0.2, ""phase1_base"": 0.8}"
2021021063,2022-03-29,CBJ,NYI,0,0.540035,0.538181,0.551374,0.552921,0.528125,0.540035,0.538181,0.540035,0.5423028000000001,1,home,0.04003500000000004,"{""deep_feature_base"": 0.2, ""phase1_base"": 0.8}"
2021021064,2022-03-29,NSH,OTT,1,0.651508,0.625926,0.647125,0.620228,0.589387,0.651508,0.625926,0.651508,0.6506314,1,home,0.15150799999999998,"{""deep_feature_base"": 0.2, ""phase1_base"": 0.8}"
2021021065,2022-03-29,MIN,PHI,1,0.666503,0.628714,0.680363,0.646733,0.628741,0.666503,0.628714,0.666503,0.669275,1,home,0.16650299999999996,"{""deep_feature_base"": 0.2, ""phase1_base"": 0.8}"
2021021066,2022-03-29,CGY,COL,0,0.519325,0.523684,0.50608,0.506465,0.487351,0.519325,0.523684,0.519325,0.516676,1,home,0.019325000000000037,"{""deep_feature_base"": 0.2, ""phase1_base"": 0.8}"
2021021067,2022-03-29,ANA,DAL,0,0.350114,0.357579,0.350212,0.357708,0.39808,0.350114,0.357579,0.350114,0.3501336,0,away,0.14988600000000002,"{""deep_feature_base"": 0.2, ""phase1_base"": 0.8}"
2021021068,2022-03-30,BUF,WPG,0,0.404708,0.395796,0.443199,0.445834,0.418084,0.404708,0.395796,0.404708,0.4124062,0,away,0.09529199999999999,"{""deep_feature_base"": 0.2, ""phase1_base"": 0.8}"
2021021069,2022-03-30,DET,NYR,0,0.405717,0.444158,0.353589,0.376392,0.478479,0.405717,0.444158,0.405717,0.3952914,0,away,0.094283,"{""deep_feature_base"": 0.2, ""phase1_base"": 0.8}"
2021021070,2022-03-30,EDM,LAK,1,0.54157,0.539255,0.518506,0.509273,0.493722,0.54157,0.539255,0.54157,0.5369572,1,home,0.041569999999999996,"{""deep_feature_base"": 0.2, ""phase1_base"": 0.8}"
2021021071,2022-03-30,VAN,STL,0,0.548314,0.55369,0.574921,0.588279,0.583844,0.548314,0.55369,0.548314,0.5536354,1,home,0.04831399999999997,"{""deep_feature_base"": 0.2, ""phase1_base"": 0.8}"
2021021072,2022-03-30,UTA,SJS,1,0.444586,0.42371,0.466332,0.451981,0.47777,0.444586,0.42371,0.444586,0.44893520000000003,0,away,0.05541400000000002,"{""deep_feature_base"": 0.2, ""phase1_base"": 0.8}"
2021021073,2022-03-30,SEA,VGK,0,0.470331,0.489388,0.466894,0.484921,0.49431,0.470331,0.489388,0.489388,0.4696436,0,away,0.029669,"{""deep_feature_base"": 0.2, ""phase1_base"": 0.8}"
2021021074,2022-03-31,BOS,NJD,1,0.76333,0.7651,0.747879,0.745015,0.73828,0.76333,0.7651,0.76333,0.7602398,1,home,0.26332999999999995,"{""deep_feature_base"": 0.2, ""phase1_base"": 0.8}"
2021021075,2022-03-31,TOR,WPG,1,0.590094,0.573222,0.587378,0.569691,0.572387,0.590094,0.573222,0.590094,0.5895508,1,home,0.09009400000000001,"{""deep_feature_base"": 0.2, ""phase1_base"": 0.8}"
2021021076,2022-03-31,FLA,CHI,1,0.676698,0.643559,0.684001,0.653053,0.616009,0.676698,0.643559,0.676698,0.6781586000000001,1,home,0.17669800000000002,"{""deep_feature_base"": 0.2, ""phase1_base"": 0.8}"
2021021077,2022-03-31,NYI,CBJ,1,0.573332,0.571203,0.573155,0.570972,0.569883,0.573332,0.571203,0.573332,0.5732966,1,home,0.07333199999999995,"{""deep_feature_base"": 0.2, ""phase1_base"": 0.8}"
2021021078,2022-03-31,CAR,MTL,1,0.671165,0.629972,0.685692,0.648856,0.601772,0.671165,0.629972,0.671165,0.6740704000000001,1,home,0.171165,"{""deep_feature_base"": 0.2, ""phase1_base"": 0.8}"
2021021079,2022-03-31,MIN,PIT,0,0.55161,0.546283,0.547806,0.541339,0.548004,0.55161,0.546283,0.55161,0.5508492,1,home,0.051610000000000045,"{""deep_feature_base"": 0.2, ""phase1_base"": 0.8}"
2021021080,2022-03-31,COL,SJS,1,0.785209,0.780416,0.745039,0.728195,0.740081,0.785209,0.780416,0.785209,0.7771750000000001,1,home,0.28520900000000005,"{""deep_feature_base"": 0.2, ""phase1_base"": 0.8}"
2021021081,2022-03-31,CGY,LAK,0,0.71037,0.728029,0.698429,0.712505,0.683407,0.71037,0.728029,0.71037,0.7079818,1,home,0.21036999999999995,"{""deep_feature_base"": 0.2, ""phase1_base"": 0.8}"
2021021082,2022-03-31,ANA,DAL,0,0.342924,0.352547,0.348983,0.360423,0.392248,0.342924,0.352547,0.342924,0.3441358,0,away,0.157076,"{""deep_feature_base"": 0.2, ""phase1_base"": 0.8}"
2021021083,2022-04-01,BUF,NSH,1,0.424828,0.44738,0.413325,0.432425,0.475745,0.424828,0.44738,0.424828,0.4225274,0,away,0.07517200000000002,"{""deep_feature_base"": 0.2, ""phase1_base"": 0.8}"
2021021084,2022-04-01,DET,OTT,0,0.54028,0.538352,0.530492,0.525628,0.489757,0.54028,0.538352,0.54028,0.5383224,1,home,0.04027999999999998,"{""deep_feature_base"": 0.2, ""phase1_base"": 0.8}"
2021021085,2022-04-01,TBL,CHI,1,0.652123,0.618649,0.683703,0.659701,0.631482,0.652123,0.618649,0.652123,0.658439,1,home,0.152123,"{""deep_feature_base"": 0.2, ""phase1_base"": 0.8}"
2021021086,2022-04-01,NYR,NYI,0,0.614706,0.59045,0.597381,0.567928,0.567387,0.614706,0.59045,0.614706,0.611241,1,home,0.11470599999999997,"{""deep_feature_base"": 0.2, ""phase1_base"": 0.8}"
2021021087,2022-04-01,EDM,STL,1,0.548769,0.544294,0.543338,0.537235,0.519209,0.548769,0.544294,0.548769,0.5476828,1,home,0.04876899999999995,"{""deep_feature_base"": 0.2, ""phase1_base"": 0.8}"
2021021088,2022-04-01,UTA,ANA,0,0.576263,0.56354,0.580221,0.568686,0.541702,0.576263,0.56354,0.576263,0.5770546,1,home,0.07626299999999997,"{""deep_feature_base"": 0.2, ""phase1_base"": 0.8}"
2021021089,2022-04-01,SEA,VGK,0,0.458504,0.481109,0.431067,0.44544,0.500621,0.458504,0.481109,0.481109,0.45301660000000005,0,away,0.04149599999999998,"{""deep_feature_base"": 0.2, ""phase1_base"": 0.8}"
2021021090,2022-04-02,BOS,CBJ,1,0.751188,0.756601,0.705629,0.697374,0.671787,0.751188,0.756601,0.751188,0.7420762,1,home,0.25118799999999997,"{""deep_feature_base"": 0.2, ""phase1_base"": 0.8}"
2021021091,2022-04-02,TBL,MTL,0,0.689576,0.652573,0.757986,0.741506,0.603796,0.689576,0.652573,0.689576,0.7032579999999999,1,home,0.18957599999999997,"{""deep_feature_base"": 0.2, ""phase1_base"": 0.8}"
2021021092,2022-04-02,NJD,FLA,0,0.406183,0.444484,0.379743,0.410113,0.479327,0.406183,0.444484,0.406183,0.400895,0,away,0.09381699999999998,"{""deep_feature_base"": 0.2, ""phase1_base"": 0.8}"
2021021093,2022-04-02,PHI,TOR,0,0.415192,0.460504,0.401067,0.442142,0.49653,0.415192,0.460504,0.415192,0.41236700000000004,0,away,0.084808,"{""deep_feature_base"": 0.2, ""phase1_base"": 0.8}"
2021021094,2022-04-02,CAR,MIN,0,0.565203,0.557804,0.58169,0.579237,0.517215,0.565203,0.557804,0.565203,0.5685004,1,home,0.06520300000000001,"{""deep_feature_base"": 0.2, ""phase1_base"": 0.8}"
2021021096,2022-04-02,WPG,LAK,0,0.536517,0.545432,0.552195,0.565813,0.534379,0.536517,0.545432,0.536517,0.5396526,1,home,0.03651700000000002,"{""deep_feature_base"": 0.2, ""phase1_base"": 0.8}"
2021021097,2022-04-02,COL,PIT,1,0.589518,0.572819,0.578718,0.558779,0.587893,0.589518,0.572819,0.589518,0.587358,1,home,0.08951799999999999,"{""deep_feature_base"": 0.2, ""phase1_base"": 0.8}"
2021021098,2022-04-02,CGY,STL,0,0.704513,0.723928,0.654278,0.658623,0.672703,0.704513,0.723928,0.704513,0.694466,1,home,0.20451299999999994,"{""deep_feature_base"": 0.2, ""phase1_base"": 0.8}"
2021021099,2022-04-02,SJS,DAL,0,0.367153,0.369507,0.402425,0.41536,0.391996,0.367153,0.369507,0.367153,0.37420739999999997,0,away,0.132847,"{""deep_feature_base"": 0.2, ""phase1_base"": 0.8}"
2021021100,2022-04-03,BUF,FLA,0,0.404282,0.443154,0.351354,0.374348,0.443072,0.404282,0.443154,0.404282,0.3936964,0,away,0.09571800000000003,"{""deep_feature_base"": 0.2, ""phase1_base"": 0.8}"
2021021101,2022-04-03,OTT,DET,1,0.677565,0.705065,0.648719,0.667566,0.665654,0.677565,0.705065,0.677565,0.6717957999999999,1,home,0.17756499999999997,"{""deep_feature_base"": 0.2, ""phase1_base"": 0.8}"
2021021102,2022-04-03,NJD,NYI,0,0.473624,0.491693,0.453678,0.465763,0.483877,0.473624,0.491693,0.491693,0.4696348,0,away,0.02637600000000001,"{""deep_feature_base"": 0.2, ""phase1_base"": 0.8}"
2021021103,2022-04-03,NYR,PHI,0,0.675858,0.633257,0.697474,0.661357,0.612032,0.675858,0.633257,0.675858,0.6801812,1,home,0.17585799999999996,"{""deep_feature_base"": 0.2, ""phase1_base"": 0.8}"
2021021104,2022-04-03,WSH,MIN,0,0.427901,0.412031,0.440053,0.427829,0.43629,0.427901,0.412031,0.427901,0.4303314,0,away,0.07209900000000002,"{""deep_feature_base"": 0.2, ""phase1_base"": 0.8}"
2021021105,2022-04-03,CHI,UTA,0,0.658727,0.691878,0.620077,0.641633,0.637581,0.658727,0.691878,0.658727,0.6509969999999999,1,home,0.15872699999999995,"{""deep_feature_base"": 0.2, ""phase1_base"": 0.8}"
2021021106,2022-04-03,VAN,VGK,0,0.518173,0.522877,0.477271,0.469704,0.548126,0.518173,0.522877,0.518173,0.5099926,1,home,0.018172999999999995,"{""deep_feature_base"": 0.2, ""phase1_base"": 0.8}"
2021021107,2022-04-03,ANA,EDM,0,0.440482,0.468493,0.393074,0.406864,0.521447,0.440482,0.468493,0.440482,0.4310004,0,away,0.059518000000000015,"{""deep_feature_base"": 0.2, ""phase1_base"": 0.8}"
2021021108,2022-04-03,SEA,DAL,1,0.418249,0.452931,0.400268,0.429555,0.432878,0.418249,0.452931,0.418249,0.4146528,0,away,0.08175100000000002,"{""deep_feature_base"": 0.2, ""phase1_base"": 0.8}"
2021021109,2022-04-04,TBL,TOR,0,0.549725,0.554678,0.598093,0.617556,0.592667,0.549725,0.554678,0.549725,0.5593986000000001,1,home,0.04972500000000002,"{""deep_feature_base"": 0.2, ""phase1_base"": 0.8}"
2021021110,2022-04-04,CBJ,BOS,0,0.355884,0.361619,0.336755,0.336751,0.41375,0.355884,0.361619,0.355884,0.3520582,0,away,0.14411600000000002,"{""deep_feature_base"": 0.2, ""phase1_base"": 0.8}"
2021021111,2022-04-04,STL,UTA,1,0.728675,0.740842,0.719165,0.728478,0.660394,0.728675,0.740842,0.728675,0.726773,1,home,0.22867499999999996,"{""deep_feature_base"": 0.2, ""phase1_base"": 0.8}"
2021021112,2022-04-04,LAK,CGY,0,0.52016,0.524268,0.504252,0.503588,0.545567,0.52016,0.524268,0.52016,0.5169784,1,home,0.020159999999999956,"{""deep_feature_base"": 0.2, ""phase1_base"": 0.8}"
2021021113,2022-04-05,BUF,CAR,1,0.42507,0.457705,0.40737,0.434694,0.479921,0.42507,0.457705,0.42507,0.42153,0,away,0.07493,"{""deep_feature_base"": 0.2, ""phase1_base"": 0.8}"
2021021114,2022-04-05,MTL,OTT,0,0.439012,0.419808,0.454,0.439293,0.470675,0.439012,0.419808,0.439012,0.4420096,0,away,0.06098799999999999,"{""deep_feature_base"": 0.2, ""phase1_base"": 0.8}"
2021021115,2022-04-05,DET,BOS,1,0.307833,0.327983,0.28168,0.293984,0.37453,0.307833,0.327983,0.307833,0.30260240000000005,0,away,0.19216699999999998,"{""deep_feature_base"": 0.2, ""phase1_base"": 0.8}"
2021021116,2022-04-05,FLA,TOR,1,0.562284,0.553755,0.530049,0.51185,0.53359,0.562284,0.553755,0.562284,0.555837,1,home,0.062284000000000006,"{""deep_feature_base"": 0.2, ""phase1_base"": 0.8}"
2021021117,2022-04-05,NJD,NYR,0,0.425117,0.457738,0.424153,0.456485,0.492924,0.425117,0.457738,0.425117,0.4249242000000001,0,away,0.07488299999999998,"{""deep_feature_base"": 0.2, ""phase1_base"": 0.8}"
2021021118,2022-04-05,PHI,CBJ,0,0.49447,0.506285,0.443391,0.439883,0.49769,0.49447,0.506285,0.506285,0.4842542,0,away,0.005529999999999979,"{""deep_feature_base"": 0.2, ""phase1_base"": 0.8}"
2021021119,2022-04-05,PIT,COL,0,0.487166,0.503179,0.487037,0.50301,0.505719,0.487166,0.503179,0.503179,0.4871402,0,away,0.012834000000000012,"{""deep_feature_base"": 0.2, ""phase1_base"": 0.8}"
2021021120,2022-04-05,NSH,MIN,1,0.490503,0.493352,0.473211,0.470873,0.485263,0.490503,0.493352,0.493352,0.48704460000000005,0,away,0.009496999999999978,"{""deep_feature_base"": 0.2, ""phase1_base"": 0.8}"
2021021121,2022-04-05,DAL,NYI,1,0.567918,0.557699,0.540414,0.521944,0.566226,0.567918,0.557699,0.567918,0.5624172000000001,1,home,0.06791800000000003,"{""deep_feature_base"": 0.2, ""phase1_base"": 0.8}"
2021021122,2022-04-05,SJS,EDM,0,0.468795,0.498026,0.440281,0.460958,0.545415,0.468795,0.498026,0.498026,0.46309220000000006,0,away,0.031204999999999983,"{""deep_feature_base"": 0.2, ""phase1_base"": 0.8}"
2021021123,2022-04-06,WSH,TBL,1,0.429677,0.413274,0.413306,0.391991,0.438773,0.429677,0.413274,0.429677,0.42640279999999997,0,away,0.07032300000000002,"{""deep_feature_base"": 0.2, ""phase1_base"": 0.8}"
2021021124,2022-04-06,STL,SEA,1,0.744661,0.752032,0.695424,0.688024,0.67968,0.744661,0.752032,0.744661,0.7348136000000001,1,home,0.24466100000000002,"{""deep_feature_base"": 0.2, ""phase1_base"": 0.8}"
2021021125,2022-04-06,WPG,DET,0,0.726526,0.739338,0.696704,0.700569,0.709315,0.726526,0.739338,0.726526,0.7205616,1,home,0.226526,"{""deep_feature_base"": 0.2, ""phase1_base"": 0.8}"
2021021126,2022-04-06,VGK,VAN,0,0.694776,0.717113,0.678433,0.695867,0.647654,0.694776,0.717113,0.694776,0.6915074,1,home,0.19477599999999995,"{""deep_feature_base"": 0.2, ""phase1_base"": 0.8}"
2021021127,2022-04-06,ANA,CGY,0,0.332995,0.345596,0.366928,0.38971,0.409556,0.332995,0.345596,0.332995,0.3397816,0,away,0.16700500000000001,"{""deep_feature_base"": 0.2, ""phase1_base"": 0.8}"
2021020250,2022-04-07,OTT,NSH,0,0.457382,0.48233,0.442783,0.46335,0.535403,0.457382,0.48233,0.48233,0.45446220000000004,0,away,0.04261799999999999,"{""deep_feature_base"": 0.2, ""phase1_base"": 0.8}"
2021020512,2022-04-07,NJD,MTL,0,0.561005,0.552859,0.54402,0.530779,0.54574,0.561005,0.552859,0.561005,0.557608,1,home,0.061004999999999976,"{""deep_feature_base"": 0.2, ""phase1_base"": 0.8}"
2021021129,2022-04-07,NYR,PIT,1,0.559358,0.551707,0.542408,0.529672,0.55317,0.559358,0.551707,0.559358,0.555968,1,home,0.05935800000000002,"{""deep_feature_base"": 0.2, ""phase1_base"": 0.8}"
2021021130,2022-04-07,CAR,BUF,1,0.638123,0.608848,0.634501,0.60414,0.587163,0.638123,0.608848,0.638123,0.6373986,1,home,0.138123,"{""deep_feature_base"": 0.2, ""phase1_base"": 0.8}"
2021021131,2022-04-07,CBJ,PHI,0,0.615271,0.60056,0.654482,0.651535,0.583708,0.615271,0.60056,0.615271,0.6231132,1,home,0.11527100000000001,"{""deep_feature_base"": 0.2, ""phase1_base"": 0.8}"
2021021132,2022-04-07,CHI,SEA,0,0.545602,0.542078,0.531551,0.523811,0.552949,0.545602,0.542078,0.545602,0.5427918,1,home,0.04560200000000003,"{""deep_feature_base"": 0.2, ""phase1_base"": 0.8}"
2021021133,2022-04-07,DAL,TOR,0,0.519225,0.523614,0.50276,0.502209,0.565615,0.519225,0.523614,0.519225,0.5159320000000001,1,home,0.019225000000000048,"{""deep_feature_base"": 0.2, ""phase1_base"": 0.8}"
2021021134,2022-04-07,UTA,VAN,0,0.484942,0.499615,0.44728,0.450655,0.515933,0.484942,0.499615,0.499615,0.4774096,0,away,0.015058000000000016,"{""deep_feature_base"": 0.2, ""phase1_base"": 0.8}"
2021021135,2022-04-07,LAK,EDM,0,0.443199,0.422739,0.469638,0.45711,0.508586,0.443199,0.422739,0.443199,0.4484868,0,away,0.05680099999999999,"{""deep_feature_base"": 0.2, ""phase1_base"": 0.8}"
2021021136,2022-04-07,SJS,CGY,0,0.427384,0.459325,0.417746,0.446796,0.482619,0.427384,0.459325,0.427384,0.4254564,0,away,0.07261600000000001,"{""deep_feature_base"": 0.2, ""phase1_base"": 0.8}"
2021021137,2022-04-08,TBL,BOS,0,0.434469,0.416628,0.468684,0.461108,0.459817,0.434469,0.416628,0.434469,0.44131200000000004,0,away,0.065531,"{""deep_feature_base"": 0.2, ""phase1_base"": 0.8}"
2021021138,2022-04-08,FLA,BUF,1,0.670207,0.629301,0.671939,0.631552,0.590891,0.670207,0.629301,0.670207,0.6705534,1,home,0.170207,"{""deep_feature_base"": 0.2, ""phase1_base"": 0.8}"
2021021139,2022-04-08,CAR,NYI,0,0.507952,0.468067,0.523052,0.487696,0.478628,0.507952,0.468067,0.507952,0.510972,1,home,0.007951999999999959,"{""deep_feature_base"": 0.2, ""phase1_base"": 0.8}"
2021021140,2022-04-08,STL,MIN,1,0.517927,0.524711,0.539401,0.552627,0.519614,0.517927,0.524711,0.517927,0.5222218000000001,1,home,0.017927000000000026,"{""deep_feature_base"": 0.2, ""phase1_base"": 0.8}"
2021021141,2022-04-08,WPG,COL,0,0.417706,0.452551,0.37164,0.392665,0.466006,0.417706,0.452551,0.417706,0.40849280000000004,0,away,0.08229399999999998,"{""deep_feature_base"": 0.2, ""phase1_base"": 0.8}"
2021021142,2022-04-09,TOR,MTL,1,0.686862,0.650673,0.727392,0.703363,0.610283,0.686862,0.650673,0.686862,0.694968,1,home,0.18686199999999997,"{""deep_feature_base"": 0.2, ""phase1_base"": 0.8}"
2021021143,2022-04-09,DET,CBJ,0,0.514347,0.520199,0.481791,0.477876,0.502234,0.514347,0.520199,0.514347,0.5078358000000001,1,home,0.014346999999999999,"{""deep_feature_base"": 0.2, ""phase1_base"": 0.8}"
2021021144,2022-04-09,NYR,OTT,1,0.649003,0.614458,0.620346,0.577204,0.580371,0.649003,0.614458,0.649003,0.6432716,1,home,0.149003,"{""deep_feature_base"": 0.2, ""phase1_base"": 0.8}"
2021021145,2022-04-09,PHI,ANA,0,0.545926,0.542304,0.538825,0.533073,0.533284,0.545926,0.542304,0.545926,0.5445058,1,home,0.04592600000000002,"{""deep_feature_base"": 0.2, ""phase1_base"": 0.8}"
2021021146,2022-04-09,PIT,WSH,0,0.674961,0.703242,0.627359,0.64136,0.642586,0.674961,0.703242,0.674961,0.6654406,1,home,0.17496100000000003,"{""deep_feature_base"": 0.2, ""phase1_base"": 0.8}"
2021021147,2022-04-09,STL,NYI,1,0.560171,0.552276,0.544344,0.5317,0.509716,0.560171,0.552276,0.560171,0.5570056,1,home,0.060170999999999975,"{""deep_feature_base"": 0.2, ""phase1_base"": 0.8}"
2021021148,2022-04-09,NSH,FLA,0,0.500789,0.520422,0.486799,0.502236,0.51914,0.500789,0.520422,0.500789,0.4979910000000001,0,away,0.0007890000000000397,"{""deep_feature_base"": 0.2, ""phase1_base"": 0.8}"
2021021149,2022-04-09,DAL,NJD,0,0.763373,0.76513,0.738806,0.733193,0.710056,0.763373,0.76513,0.763373,0.7584596,1,home,0.26337299999999997,"{""deep_feature_base"": 0.2, ""phase1_base"": 0.8}"
2021021151,2022-04-09,EDM,COL,0,0.392074,0.386952,0.415627,0.41757,0.419588,0.392074,0.386952,0.392074,0.39678460000000004,0,away,0.10792600000000002,"{""deep_feature_base"": 0.2, ""phase1_base"": 0.8}"
2021021152,2022-04-09,VAN,SJS,1,0.725253,0.738446,0.684862,0.685938,0.668471,0.725253,0.738446,0.725253,0.7171748,1,home,0.22525300000000004,"{""deep_feature_base"": 0.2, ""phase1_base"": 0.8}"
2021021153,2022-04-09,VGK,UTA,1,0.7344,0.74485,0.72583,0.733708,0.685899,0.7344,0.74485,0.7344,0.7326860000000001,1,home,0.23440000000000005,"{""deep_feature_base"": 0.2, ""phase1_base"": 0.8}"
2021021154,2022-04-09,SEA,CGY,0,0.419785,0.454005,0.407295,0.437769,0.470358,0.419785,0.454005,0.419785,0.417287,0,away,0.08021499999999998,"{""deep_feature_base"": 0.2, ""phase1_base"": 0.8}"
2021021150,2022-04-10,MIN,LAK,1,0.577116,0.564137,0.574621,0.560894,0.537081,0.577116,0.564137,0.577116,0.576617,1,home,0.07711599999999996,"{""deep_feature_base"": 0.2, ""phase1_base"": 0.8}"
2021021155,2022-04-10,OTT,WPG,0,0.519785,0.533719,0.535872,0.554633,0.536616,0.519785,0.533719,0.519785,0.5230024000000001,1,home,0.019785000000000053,"{""deep_feature_base"": 0.2, ""phase1_base"": 0.8}"
2021021156,2022-04-10,TBL,BUF,1,0.62583,0.598237,0.635863,0.61128,0.576823,0.62583,0.598237,0.62583,0.6278366,1,home,0.12583,"{""deep_feature_base"": 0.2, ""phase1_base"": 0.8}"
2021021157,2022-04-10,PIT,NSH,1,0.532831,0.533138,0.492124,0.480218,0.553972,0.532831,0.533138,0.532831,0.5246896000000001,1,home,0.032831000000000055,"{""deep_feature_base"": 0.2, ""phase1_base"": 0.8}"
2021021158,2022-04-10,WSH,BOS,1,0.416892,0.404324,0.427144,0.417653,0.434569,0.416892,0.404324,0.416892,0.41894240000000005,0,away,0.08310800000000002,"{""deep_feature_base"": 0.2, ""phase1_base"": 0.8}"
2021021159,2022-04-10,CAR,ANA,1,0.652442,0.616866,0.665039,0.633241,0.623255,0.652442,0.616866,0.652442,0.6549614,1,home,0.15244199999999997,"{""deep_feature_base"": 0.2, ""phase1_base"": 0.8}"
2021021160,2022-04-10,CHI,DAL,0,0.422396,0.445677,0.40479,0.42279,0.460172,0.422396,0.445677,0.422396,0.4188748,0,away,0.077604,"{""deep_feature_base"": 0.2, ""phase1_base"": 0.8}"
2021021162,2022-04-11,MTL,WPG,0,0.395664,0.389465,0.416227,0.416197,0.420319,0.395664,0.389465,0.395664,0.39977660000000004,0,away,0.10433599999999998,"{""deep_feature_base"": 0.2, ""phase1_base"": 0.8}"
2021020922,2022-04-12,NYI,PIT,1,0.517758,0.522587,0.496508,0.494962,0.510499,0.517758,0.522587,0.517758,0.5135080000000001,1,home,0.01775800000000005,"{""deep_feature_base"": 0.2, ""phase1_base"": 0.8}"
2021021163,2022-04-12,MIN,EDM,1,0.573299,0.57118,0.582945,0.583719,0.559179,0.573299,0.57118,0.573299,0.5752282000000001,1,home,0.073299,"{""deep_feature_base"": 0.2, ""phase1_base"": 0.8}"
2021021164,2022-04-12,BOS,STL,0,0.487192,0.453535,0.45075,0.40616,0.483786,0.487192,0.453535,0.453535,0.47990360000000004,0,away,0.012807999999999986,"{""deep_feature_base"": 0.2, ""phase1_base"": 0.8}"
2021021165,2022-04-12,TOR,BUF,0,0.778431,0.775671,0.73145,0.714595,0.69114,0.778431,0.775671,0.778431,0.7690348,1,home,0.278431,"{""deep_feature_base"": 0.2, ""phase1_base"": 0.8}"
2021021166,2022-04-12,DET,OTT,0,0.452087,0.428961,0.485792,0.472777,0.442344,0.452087,0.428961,0.428961,0.458828,0,away,0.04791299999999998,"{""deep_feature_base"": 0.2, ""phase1_base"": 0.8}"
2021021167,2022-04-12,FLA,ANA,1,0.70733,0.665001,0.739823,0.707242,0.648025,0.70733,0.665001,0.70733,0.7138286,1,home,0.20733000000000001,"{""deep_feature_base"": 0.2, ""phase1_base"": 0.8}"
2021021168,2022-04-12,NYR,CAR,0,0.564463,0.557286,0.559786,0.551206,0.560679,0.564463,0.557286,0.564463,0.5635276,1,home,0.06446300000000005,"{""deep_feature_base"": 0.2, ""phase1_base"": 0.8}"
2021021170,2022-04-12,WSH,PHI,1,0.652123,0.616643,0.664679,0.632964,0.606184,0.652123,0.616643,0.652123,0.6546342,1,home,0.152123,"{""deep_feature_base"": 0.2, ""phase1_base"": 0.8}"
2021021173,2022-04-12,DAL,TBL,1,0.653416,0.688161,0.580744,0.593687,0.665146,0.653416,0.688161,0.653416,0.6388816,1,home,0.153416,"{""deep_feature_base"": 0.2, ""phase1_base"": 0.8}"
2021021174,2022-04-12,CGY,SEA,1,0.675902,0.643002,0.713888,0.692383,0.605038,0.675902,0.643002,0.675902,0.6834992,1,home,0.175902,"{""deep_feature_base"": 0.2, ""phase1_base"": 0.8}"
2021021175,2022-04-12,VAN,VGK,1,0.532137,0.532652,0.538382,0.54077,0.543658,0.532137,0.532652,0.532137,0.533386,1,home,0.03213699999999997,"{""deep_feature_base"": 0.2, ""phase1_base"": 0.8}"
2021021176,2022-04-12,UTA,NJD,0,0.537501,0.536407,0.495671,0.482028,0.571919,0.537501,0.536407,0.537501,0.529135,1,home,0.03750100000000001,"{""deep_feature_base"": 0.2, ""phase1_base"": 0.8}"
2021021187,2022-04-12,CHI,LAK,0,0.375016,0.375012,0.388428,0.392446,0.435507,0.375016,0.375012,0.375016,0.37769840000000005,0,away,0.12498399999999998,"{""deep_feature_base"": 0.2, ""phase1_base"": 0.8}"
2021021188,2022-04-12,NSH,SJS,1,0.750595,0.756186,0.731367,0.731189,0.693821,0.750595,0.756186,0.750595,0.7467494,1,home,0.250595,"{""deep_feature_base"": 0.2, ""phase1_base"": 0.8}"
2021021177,2022-04-13,PHI,NYR,0,0.395682,0.437133,0.383299,0.421036,0.475222,0.395682,0.437133,0.395682,0.3932054,0,away,0.10431800000000002,"{""deep_feature_base"": 0.2, ""phase1_base"": 0.8}"
2021021178,2022-04-13,CBJ,MTL,1,0.607946,0.595432,0.641263,0.638745,0.594525,0.607946,0.595432,0.607946,0.6146094000000001,1,home,0.10794599999999999,"{""deep_feature_base"": 0.2, ""phase1_base"": 0.8}"
2021021180,2022-04-13,COL,LAK,1,0.756381,0.760236,0.715133,0.706614,0.704123,0.756381,0.760236,0.756381,0.7481314,1,home,0.25638099999999997,"{""deep_feature_base"": 0.2, ""phase1_base"": 0.8}"
2021021171,2022-04-14,CHI,SJS,1,0.528284,0.529955,0.498519,0.491261,0.541345,0.528284,0.529955,0.528284,0.522331,1,home,0.028283999999999976,"{""deep_feature_base"": 0.2, ""phase1_base"": 0.8}"
2021021172,2022-04-14,NSH,EDM,0,0.660719,0.693272,0.588613,0.599535,0.670537,0.660719,0.693272,0.660719,0.6462978,1,home,0.16071899999999995,"{""deep_feature_base"": 0.2, ""phase1_base"": 0.8}"
2021021181,2022-04-14,BOS,OTT,0,0.661071,0.63262,0.686535,0.665722,0.640634,0.661071,0.63262,0.661071,0.6661638000000001,1,home,0.16107099999999996,"{""deep_feature_base"": 0.2, ""phase1_base"": 0.8}"
2021021182,2022-04-14,BUF,STL,0,0.364123,0.367386,0.374528,0.380913,0.434514,0.364123,0.367386,0.364123,0.36620400000000003,0,away,0.13587700000000003,"{""deep_feature_base"": 0.2, ""phase1_base"": 0.8}"
2021021183,2022-04-14,TOR,WSH,1,0.581037,0.576596,0.573595,0.566921,0.610102,0.581037,0.576596,0.581037,0.5795486000000001,1,home,0.08103700000000003,"{""deep_feature_base"": 0.2, ""phase1_base"": 0.8}"
2021021184,2022-04-14,TBL,ANA,1,0.629992,0.590994,0.611271,0.566657,0.548622,0.629992,0.590994,0.629992,0.6262478,1,home,0.129992,"{""deep_feature_base"": 0.2, ""phase1_base"": 0.8}"
2021021185,2022-04-14,PIT,NYI,1,0.553793,0.547812,0.548862,0.541401,0.542168,0.553793,0.547812,0.553793,0.5528067999999999,1,home,0.05379299999999998,"{""deep_feature_base"": 0.2, ""phase1_base"": 0.8}"
2021021186,2022-04-14,CAR,DET,0,0.780889,0.777392,0.753817,0.742197,0.710386,0.780889,0.777392,0.780889,0.7754746000000001,1,home,0.28088900000000006,"{""deep_feature_base"": 0.2, ""phase1_base"": 0.8}"
2021021189,2022-04-14,DAL,MIN,0,0.518933,0.523409,0.50607,0.506687,0.559933,0.518933,0.523409,0.518933,0.5163604,1,home,0.018932999999999978,"{""deep_feature_base"": 0.2, ""phase1_base"": 0.8}"
2021021190,2022-04-14,COL,NJD,1,0.806487,0.79531,0.79944,0.786148,0.734909,0.806487,0.79531,0.806487,0.8050776000000001,1,home,0.30648699999999995,"{""deep_feature_base"": 0.2, ""phase1_base"": 0.8}"
2021021191,2022-04-14,CGY,VGK,0,0.612561,0.598663,0.591899,0.571802,0.600033,0.612561,0.598663,0.612561,0.6084286000000001,1,home,0.11256100000000002,"{""deep_feature_base"": 0.2, ""phase1_base"": 0.8}"
2021021192,2022-04-14,VAN,UTA,1,0.747234,0.753833,0.76124,0.77204,0.694884,0.747234,0.753833,0.747234,0.7500352,1,home,0.24723399999999995,"{""deep_feature_base"": 0.2, ""phase1_base"": 0.8}"
2021021193,2022-04-15,MTL,NYI,0,0.458803,0.491033,0.443208,0.470759,0.518573,0.458803,0.491033,0.491033,0.45568400000000003,0,away,0.041196999999999984,"{""deep_feature_base"": 0.2, ""phase1_base"": 0.8}"
2021021194,2022-04-15,FLA,WPG,1,0.646665,0.612822,0.614127,0.570522,0.579087,0.646665,0.612822,0.646665,0.6401574,1,home,0.14666500000000005,"{""deep_feature_base"": 0.2, ""phase1_base"": 0.8}"
2021021195,2022-04-16,EDM,VGK,1,0.479711,0.448298,0.502113,0.47742,0.494504,0.479711,0.448298,0.448298,0.48419140000000005,0,away,0.020289,"{""deep_feature_base"": 0.2, ""phase1_base"": 0.8}"
2021021196,2022-04-16,BOS,PIT,1,0.479216,0.447951,0.449452,0.409258,0.479095,0.479216,0.447951,0.447951,0.4732632,0,away,0.020784000000000025,"{""deep_feature_base"": 0.2, ""phase1_base"": 0.8}"
2021021197,2022-04-16,BUF,PHI,1,0.599248,0.589344,0.636784,0.638141,0.606766,0.599248,0.589344,0.599248,0.6067552,1,home,0.099248,"{""deep_feature_base"": 0.2, ""phase1_base"": 0.8}"
2021021198,2022-04-16,MTL,WSH,0,0.398274,0.428792,0.343714,0.357864,0.47787,0.398274,0.428792,0.398274,0.38736200000000004,0,away,0.10172599999999998,"{""deep_feature_base"": 0.2, ""phase1_base"": 0.8}"
2021021199,2022-04-16,OTT,TOR,0,0.410212,0.437148,0.402009,0.426484,0.48079,0.410212,0.437148,0.410212,0.4085714000000001,0,away,0.08978799999999998,"{""deep_feature_base"": 0.2, ""phase1_base"": 0.8}"
2021021200,2022-04-16,TBL,WPG,1,0.607392,0.595045,0.633698,0.629242,0.572738,0.607392,0.595045,0.607392,0.6126532,1,home,0.10739200000000004,"{""deep_feature_base"": 0.2, ""phase1_base"": 0.8}"
2021021201,2022-04-16,NYR,DET,1,0.778723,0.775875,0.749518,0.737909,0.735243,0.778723,0.775875,0.778723,0.7728820000000001,1,home,0.27872300000000005,"{""deep_feature_base"": 0.2, ""phase1_base"": 0.8}"
2021021202,2022-04-16,STL,MIN,1,0.647214,0.683819,0.614209,0.640912,0.621291,0.647214,0.683819,0.647214,0.640613,1,home,0.14721399999999996,"{""deep_feature_base"": 0.2, ""phase1_base"": 0.8}"
2021021203,2022-04-16,NSH,CHI,1,0.653266,0.627156,0.691023,0.676241,0.621871,0.653266,0.627156,0.653266,0.6608174,1,home,0.153266,"{""deep_feature_base"": 0.2, ""phase1_base"": 0.8}"
2021021204,2022-04-16,DAL,SJS,1,0.657965,0.630446,0.666041,0.640945,0.608373,0.657965,0.630446,0.657965,0.6595802000000001,1,home,0.15796500000000002,"{""deep_feature_base"": 0.2, ""phase1_base"": 0.8}"
2021021205,2022-04-16,COL,CAR,1,0.735145,0.745371,0.692226,0.689576,0.706715,0.735145,0.745371,0.735145,0.7265612000000001,1,home,0.23514500000000005,"{""deep_feature_base"": 0.2, ""phase1_base"": 0.8}"
2021021206,2022-04-16,CGY,UTA,1,0.782774,0.778711,0.735041,0.716658,0.683349,0.782774,0.778711,0.782774,0.7732274,1,home,0.28277399999999997,"{""deep_feature_base"": 0.2, ""phase1_base"": 0.8}"
2021021208,2022-04-16,LAK,CBJ,1,0.499191,0.461934,0.505182,0.469721,0.485598,0.499191,0.461934,0.461934,0.5003892,1,home,0.0008090000000000042,"{""deep_feature_base"": 0.2, ""phase1_base"": 0.8}"
2021021209,2022-04-16,SEA,NJD,1,0.648441,0.684678,0.572731,0.586255,0.64561,0.648441,0.684678,0.648441,0.6332990000000001,1,home,0.14844100000000005,"{""deep_feature_base"": 0.2, ""phase1_base"": 0.8}"
2021020723,2022-04-17,TOR,NYI,1,0.616414,0.60136,0.62873,0.61737,0.607402,0.616414,0.60136,0.616414,0.6188772,1,home,0.11641400000000002,"{""deep_feature_base"": 0.2, ""phase1_base"": 0.8}"
2021021210,2022-04-17,DET,FLA,0,0.293375,0.317863,0.285201,0.307236,0.37059,0.293375,0.317863,0.293375,0.2917402,0,away,0.206625,"{""deep_feature_base"": 0.2, ""phase1_base"": 0.8}"
2021021212,2022-04-17,PHI,BUF,0,0.490457,0.503476,0.459345,0.463031,0.501787,0.490457,0.503476,0.503476,0.48423459999999996,0,away,0.009543000000000024,"{""deep_feature_base"": 0.2, ""phase1_base"": 0.8}"
2021021213,2022-04-17,NSH,STL,0,0.508938,0.516413,0.495183,0.498532,0.54634,0.508938,0.516413,0.508938,0.506187,1,home,0.008938000000000001,"{""deep_feature_base"": 0.2, ""phase1_base"": 0.8}"
2021021214,2022-04-17,MIN,SJS,1,0.680718,0.646372,0.733499,0.714988,0.607489,0.680718,0.646372,0.680718,0.6912742000000001,1,home,0.18071800000000005,"{""deep_feature_base"": 0.2, ""phase1_base"": 0.8}"
2021021215,2022-04-17,ANA,CBJ,1,0.488741,0.502275,0.456804,0.460756,0.50313,0.488741,0.502275,0.502275,0.48235360000000005,0,away,0.011259000000000019,"{""deep_feature_base"": 0.2, ""phase1_base"": 0.8}"
2021020436,2022-04-18,CHI,CGY,0,0.403612,0.442685,0.364859,0.392305,0.493533,0.403612,0.442685,0.403612,0.39586140000000003,0,away,0.09638799999999997,"{""deep_feature_base"": 0.2, ""phase1_base"": 0.8}"
2021020611,2022-04-18,SEA,OTT,1,0.543254,0.550148,0.536209,0.54099,0.539772,0.543254,0.550148,0.543254,0.541845,1,home,0.043254000000000015,"{""deep_feature_base"": 0.2, ""phase1_base"": 0.8}"
2021021216,2022-04-18,COL,WSH,0,0.745219,0.752422,0.687648,0.67758,0.714026,0.745219,0.752422,0.745219,0.7337048,1,home,0.24521899999999996,"{""deep_feature_base"": 0.2, ""phase1_base"": 0.8}"
2021021217,2022-04-18,VAN,DAL,1,0.643981,0.681556,0.601908,0.626861,0.634463,0.643981,0.681556,0.643981,0.6355664,1,home,0.14398100000000003,"{""deep_feature_base"": 0.2, ""phase1_base"": 0.8}"
2021021218,2022-04-18,UTA,CAR,0,0.335618,0.347433,0.311079,0.315532,0.38845,0.335618,0.347433,0.335618,0.3307102,0,away,0.16438199999999997,"{""deep_feature_base"": 0.2, ""phase1_base"": 0.8}"
2021021219,2022-04-18,VGK,NJD,0,0.737789,0.747222,0.702314,0.701104,0.693573,0.737789,0.747222,0.737789,0.7306940000000001,1,home,0.23778900000000003,"{""deep_feature_base"": 0.2, ""phase1_base"": 0.8}"
2021020443,2022-04-19,NSH,CGY,1,0.494056,0.505995,0.449415,0.447963,0.528882,0.494056,0.505995,0.505995,0.4851278,0,away,0.005944000000000005,"{""deep_feature_base"": 0.2, ""phase1_base"": 0.8}"
2021020625,2022-04-19,VAN,OTT,0,0.739519,0.748432,0.72953,0.735447,0.661239,0.739519,0.748432,0.739519,0.7375212,1,home,0.23951900000000004,"{""deep_feature_base"": 0.2, ""phase1_base"": 0.8}"
2021021220,2022-04-19,TOR,PHI,1,0.808297,0.796577,0.788215,0.770471,0.742325,0.808297,0.796577,0.808297,0.8042806,1,home,0.30829700000000004,"{""deep_feature_base"": 0.2, ""phase1_base"": 0.8}"
2021021221,2022-04-19,MTL,MIN,0,0.307896,0.328027,0.325991,0.351551,0.402287,0.307896,0.328027,0.307896,0.311515,0,away,0.192104,"{""deep_feature_base"": 0.2, ""phase1_base"": 0.8}"
2021021222,2022-04-19,TBL,DET,0,0.665683,0.635849,0.691224,0.669052,0.597684,0.665683,0.635849,0.665683,0.6707912,1,home,0.16568300000000002,"{""deep_feature_base"": 0.2, ""phase1_base"": 0.8}"
2021021223,2022-04-19,NYI,FLA,0,0.436112,0.465434,0.385953,0.400229,0.497592,0.436112,0.465434,0.436112,0.4260802,0,away,0.063888,"{""deep_feature_base"": 0.2, ""phase1_base"": 0.8}"
2021021224,2022-04-19,NYR,WPG,1,0.641595,0.618987,0.639997,0.616909,0.571075,0.641595,0.618987,0.641595,0.6412754,1,home,0.14159500000000003,"{""deep_feature_base"": 0.2, ""phase1_base"": 0.8}"
2021021225,2022-04-19,STL,BOS,0,0.674338,0.702806,0.67689,0.706124,0.629694,0.674338,0.702806,0.674338,0.6748484,1,home,0.174338,"{""deep_feature_base"": 0.2, ""phase1_base"": 0.8}"
2021021226,2022-04-19,ANA,LAK,0,0.568394,0.628645,0.515577,0.559983,0.573876,0.568394,0.628645,0.568394,0.5578306,1,home,0.06839399999999995,"{""deep_feature_base"": 0.2, ""phase1_base"": 0.8}"
2021021227,2022-04-19,SJS,CBJ,1,0.499215,0.509607,0.487703,0.494642,0.507915,0.499215,0.509607,0.509607,0.49691260000000004,0,away,0.0007849999999999802,"{""deep_feature_base"": 0.2, ""phase1_base"": 0.8}"
2021021229,2022-04-20,EDM,DAL,1,0.56193,0.553508,0.591234,0.591602,0.512068,0.56193,0.553508,0.56193,0.5677908,1,home,0.06193000000000004,"{""deep_feature_base"": 0.2, ""phase1_base"": 0.8}"
2021021230,2022-04-20,UTA,CHI,0,0.455786,0.43155,0.437721,0.408066,0.46459,0.455786,0.43155,0.43155,0.45217300000000005,0,away,0.044213999999999976,"{""deep_feature_base"": 0.2, ""phase1_base"": 0.8}"
2021021231,2022-04-20,VGK,WSH,1,0.503024,0.512273,0.504291,0.513919,0.533246,0.503024,0.512273,0.503024,0.5032774,1,home,0.0030240000000000267,"{""deep_feature_base"": 0.2, ""phase1_base"": 0.8}"
2021021232,2022-04-20,SEA,COL,1,0.296965,0.320376,0.328114,0.360869,0.367403,0.296965,0.320376,0.296965,0.3031948,0,away,0.20303500000000002,"{""deep_feature_base"": 0.2, ""phase1_base"": 0.8}"
2021021233,2022-04-21,MTL,PHI,0,0.664656,0.696028,0.600491,0.612615,0.657061,0.664656,0.696028,0.664656,0.651823,1,home,0.16465600000000002,"{""deep_feature_base"": 0.2, ""phase1_base"": 0.8}"
2021021234,2022-04-21,TBL,TOR,1,0.413714,0.4021,0.466933,0.471284,0.449764,0.413714,0.4021,0.413714,0.4243578,0,away,0.08628599999999997,"{""deep_feature_base"": 0.2, ""phase1_base"": 0.8}"
2021021235,2022-04-21,FLA,DET,1,0.810032,0.797792,0.799,0.78345,0.725192,0.810032,0.797792,0.810032,0.8078256,1,home,0.310032,"{""deep_feature_base"": 0.2, ""phase1_base"": 0.8}"
2021021236,2022-04-21,NJD,BUF,0,0.545144,0.551471,0.543763,0.549676,0.563769,0.545144,0.551471,0.545144,0.5448678,1,home,0.04514399999999996,"{""deep_feature_base"": 0.2, ""phase1_base"": 0.8}"
2021021237,2022-04-21,NYI,NYR,0,0.487823,0.511346,0.467216,0.484557,0.521174,0.487823,0.511346,0.511346,0.4837016,0,away,0.012176999999999993,"{""deep_feature_base"": 0.2, ""phase1_base"": 0.8}"
2021021238,2022-04-21,PIT,BOS,1,0.625693,0.668754,0.582011,0.611968,0.6136,0.625693,0.668754,0.625693,0.6169566000000001,1,home,0.12569300000000005,"{""deep_feature_base"": 0.2, ""phase1_base"": 0.8}"
2021021239,2022-04-21,CAR,WPG,1,0.611631,0.590304,0.619381,0.600379,0.568238,0.611631,0.590304,0.611631,0.613181,1,home,0.11163100000000004,"{""deep_feature_base"": 0.2, ""phase1_base"": 0.8}"
2021021240,2022-04-21,MIN,VAN,1,0.509085,0.468859,0.533542,0.500653,0.493152,0.509085,0.468859,0.509085,0.5139764,1,home,0.00908500000000001,"{""deep_feature_base"": 0.2, ""phase1_base"": 0.8}"
2021021241,2022-04-21,CGY,DAL,1,0.579434,0.56576,0.618499,0.616545,0.528802,0.579434,0.56576,0.579434,0.5872470000000001,1,home,0.079434,"{""deep_feature_base"": 0.2, ""phase1_base"": 0.8}"
2021021242,2022-04-21,LAK,CHI,1,0.552259,0.499082,0.602145,0.563933,0.52598,0.552259,0.499082,0.552259,0.5622362000000001,1,home,0.052259000000000055,"{""deep_feature_base"": 0.2, ""phase1_base"": 0.8}"
2021021243,2022-04-21,SJS,STL,0,0.329644,0.343251,0.316525,0.326196,0.417557,0.329644,0.343251,0.329644,0.3270202,0,away,0.170356,"{""deep_feature_base"": 0.2, ""phase1_base"": 0.8}"
2021021244,2022-04-22,CBJ,OTT,0,0.559615,0.561601,0.579032,0.586843,0.554823,0.559615,0.561601,0.559615,0.5634984,1,home,0.059614999999999974,"{""deep_feature_base"": 0.2, ""phase1_base"": 0.8}"
2021021245,2022-04-22,MIN,SEA,1,0.650827,0.615735,0.654397,0.620376,0.575234,0.650827,0.615735,0.650827,0.651541,1,home,0.15082700000000004,"{""deep_feature_base"": 0.2, ""phase1_base"": 0.8}"
2021021246,2022-04-22,EDM,COL,1,0.482619,0.497989,0.47781,0.491738,0.499111,0.482619,0.497989,0.497989,0.4816572,0,away,0.01738099999999998,"{""deep_feature_base"": 0.2, ""phase1_base"": 0.8}"
2021021247,2022-04-22,UTA,WSH,0,0.32804,0.342128,0.320508,0.332336,0.413766,0.32804,0.342128,0.32804,0.3265336,0,away,0.17196,"{""deep_feature_base"": 0.2, ""phase1_base"": 0.8}"
2021021248,2022-04-23,BOS,NYR,1,0.513608,0.519682,0.50143,0.50385,0.550497,0.513608,0.519682,0.513608,0.5111724,1,home,0.013607999999999953,"{""deep_feature_base"": 0.2, ""phase1_base"": 0.8}"
2021021249,2022-04-23,BUF,NYI,1,0.522463,0.535594,0.559987,0.584376,0.536888,0.522463,0.535594,0.522463,0.5299678,1,home,0.02246300000000001,"{""deep_feature_base"": 0.2, ""phase1_base"": 0.8}"
2021021250,2022-04-23,OTT,MTL,1,0.727313,0.739889,0.688836,0.689867,0.665126,0.727313,0.739889,0.727313,0.7196176,1,home,0.227313,"{""deep_feature_base"": 0.2, ""phase1_base"": 0.8}"
2021021251,2022-04-23,DET,PIT,0,0.356535,0.362074,0.34211,0.343322,0.393064,0.356535,0.362074,0.356535,0.35365,0,away,0.143465,"{""deep_feature_base"": 0.2, ""phase1_base"": 0.8}"
2021021252,2022-04-23,TBL,NSH,1,0.676462,0.704292,0.641072,0.658285,0.653096,0.676462,0.704292,0.676462,0.669384,1,home,0.176462,"{""deep_feature_base"": 0.2, ""phase1_base"": 0.8}"
2021021253,2022-04-23,FLA,TOR,1,0.60812,0.595554,0.637136,0.633275,0.613065,0.60812,0.595554,0.60812,0.6139232000000001,1,home,0.10812,"{""deep_feature_base"": 0.2, ""phase1_base"": 0.8}"
2021021254,2022-04-23,NJD,CAR,0,0.429265,0.460641,0.393481,0.414123,0.439271,0.429265,0.460641,0.429265,0.42210820000000004,0,away,0.07073499999999999,"{""deep_feature_base"": 0.2, ""phase1_base"": 0.8}"
2021021255,2022-04-23,DAL,SEA,1,0.529154,0.482908,0.558827,0.521482,0.518974,0.529154,0.482908,0.529154,0.5350886,1,home,0.029154000000000013,"{""deep_feature_base"": 0.2, ""phase1_base"": 0.8}"
2021021256,2022-04-23,CGY,VAN,1,0.591177,0.57398,0.558368,0.531329,0.580948,0.591177,0.57398,0.591177,0.5846152,1,home,0.09117699999999995,"{""deep_feature_base"": 0.2, ""phase1_base"": 0.8}"
2021021257,2022-04-23,UTA,STL,0,0.305912,0.326639,0.268155,0.277555,0.381285,0.305912,0.326639,0.305912,0.29836060000000003,0,away,0.19408799999999998,"{""deep_feature_base"": 0.2, ""phase1_base"": 0.8}"
2021021258,2022-04-23,LAK,ANA,1,0.62076,0.584532,0.630054,0.596615,0.560145,0.62076,0.584532,0.62076,0.6226188,1,home,0.12075999999999998,"{""deep_feature_base"": 0.2, ""phase1_base"": 0.8}"
2021021259,2022-04-23,SJS,CHI,1,0.548955,0.546431,0.55076,0.548777,0.514429,0.548955,0.546431,0.548955,0.549316,1,home,0.04895499999999997,"{""deep_feature_base"": 0.2, ""phase1_base"": 0.8}"
2021020471,2022-04-24,MTL,BOS,0,0.363142,0.4042,0.327795,0.358248,0.410345,0.363142,0.4042,0.363142,0.3560726000000001,0,away,0.13685799999999998,"{""deep_feature_base"": 0.2, ""phase1_base"": 0.8}"
2021021260,2022-04-24,FLA,TBL,0,0.631218,0.611723,0.6638,0.65408,0.641115,0.631218,0.611723,0.631218,0.6377343999999999,1,home,0.13121799999999995,"{""deep_feature_base"": 0.2, ""phase1_base"": 0.8}"
2021021261,2022-04-24,NJD,DET,0,0.551133,0.545949,0.569217,0.569459,0.501555,0.551133,0.545949,0.551133,0.5547498000000001,1,home,0.051132999999999984,"{""deep_feature_base"": 0.2, ""phase1_base"": 0.8}"
2021021262,2022-04-24,NYI,CAR,0,0.399939,0.392458,0.411446,0.407416,0.416083,0.399939,0.392458,0.399939,0.4022404,0,away,0.10006100000000001,"{""deep_feature_base"": 0.2, ""phase1_base"": 0.8}"
2021021264,2022-04-24,PHI,PIT,1,0.32563,0.340441,0.319427,0.332377,0.396155,0.32563,0.340441,0.32563,0.32438940000000005,0,away,0.17437000000000002,"{""deep_feature_base"": 0.2, ""phase1_base"": 0.8}"
2021021265,2022-04-24,WSH,TOR,0,0.536233,0.545233,0.556861,0.57205,0.547247,0.536233,0.545233,0.536233,0.5403586,1,home,0.03623299999999996,"{""deep_feature_base"": 0.2, ""phase1_base"": 0.8}"
2021021266,2022-04-24,CBJ,EDM,1,0.546018,0.612982,0.445916,0.48285,0.617922,0.546018,0.612982,0.546018,0.5259976000000001,1,home,0.046018,"{""deep_feature_base"": 0.2, ""phase1_base"": 0.8}"
2021021267,2022-04-24,NSH,MIN,0,0.483683,0.498735,0.451389,0.456752,0.516398,0.483683,0.498735,0.498735,0.47722420000000004,0,away,0.016317000000000026,"{""deep_feature_base"": 0.2, ""phase1_base"": 0.8}"
2021021268,2022-04-24,WPG,COL,1,0.396971,0.42788,0.374652,0.398864,0.463526,0.396971,0.42788,0.396971,0.39250720000000006,0,away,0.10302899999999998,"{""deep_feature_base"": 0.2, ""phase1_base"": 0.8}"
2021021269,2022-04-24,VGK,SJS,0,0.742486,0.750509,0.695617,0.689579,0.697567,0.742486,0.750509,0.742486,0.7331122,1,home,0.24248599999999998,"{""deep_feature_base"": 0.2, ""phase1_base"": 0.8}"
2021021270,2022-04-24,ANA,STL,0,0.395443,0.436966,0.363519,0.395465,0.486065,0.395443,0.436966,0.395443,0.3890582,0,away,0.10455700000000001,"{""deep_feature_base"": 0.2, ""phase1_base"": 0.8}"
2021021271,2022-04-25,CHI,PHI,1,0.525726,0.518008,0.481557,0.460589,0.54048,0.525726,0.518008,0.525726,0.5168922,1,home,0.025726000000000027,"{""deep_feature_base"": 0.2, ""phase1_base"": 0.8}"
2021020829,2022-04-26,TOR,DET,1,0.782025,0.778187,0.736616,0.719155,0.679555,0.782025,0.778187,0.782025,0.7729432,1,home,0.28202499999999997,"{""deep_feature_base"": 0.2, ""phase1_base"": 0.8}"
2021021272,2022-04-26,BOS,FLA,1,0.504633,0.523113,0.515854,0.537701,0.545731,0.504633,0.523113,0.504633,0.5068772,1,home,0.004632999999999998,"{""deep_feature_base"": 0.2, ""phase1_base"": 0.8}"
2021021274,2022-04-26,OTT,NJD,1,0.698599,0.719789,0.688847,0.707111,0.664722,0.698599,0.719789,0.698599,0.6966486000000001,1,home,0.19859899999999997,"{""deep_feature_base"": 0.2, ""phase1_base"": 0.8}"
2021021276,2022-04-26,TBL,CBJ,1,0.640123,0.610248,0.663965,0.641243,0.549319,0.640123,0.610248,0.640123,0.6448914000000001,1,home,0.140123,"{""deep_feature_base"": 0.2, ""phase1_base"": 0.8}"
2021021277,2022-04-26,NYR,CAR,0,0.571965,0.570246,0.585626,0.588005,0.579771,0.571965,0.570246,0.571965,0.5746972,1,home,0.07196499999999995,"{""deep_feature_base"": 0.2, ""phase1_base"": 0.8}"
2021021278,2022-04-26,PIT,EDM,0,0.536774,0.545612,0.533719,0.54164,0.559464,0.536774,0.545612,0.536774,0.5361630000000001,1,home,0.03677399999999997,"{""deep_feature_base"": 0.2, ""phase1_base"": 0.8}"
2021021279,2022-04-26,WSH,NYI,0,0.609856,0.596769,0.643937,0.641075,0.58241,0.609856,0.596769,0.609856,0.6166722,1,home,0.10985599999999995,"{""deep_feature_base"": 0.2, ""phase1_base"": 0.8}"
2021021280,2022-04-26,NSH,CGY,0,0.405415,0.396291,0.405124,0.395912,0.427271,0.405415,0.396291,0.405415,0.4053568000000001,0,away,0.09458499999999997,"{""deep_feature_base"": 0.2, ""phase1_base"": 0.8}"
2021021281,2022-04-26,DAL,VGK,1,0.555961,0.549329,0.525826,0.510154,0.547006,0.555961,0.549329,0.555961,0.5499340000000001,1,home,0.05596100000000004,"{""deep_feature_base"": 0.2, ""phase1_base"": 0.8}"
2021021282,2022-04-26,MIN,UTA,0,0.808955,0.797038,0.80024,0.785708,0.747664,0.808955,0.797038,0.808955,0.807212,1,home,0.308955,"{""deep_feature_base"": 0.2, ""phase1_base"": 0.8}"
2021021283,2022-04-26,COL,STL,1,0.563409,0.554542,0.522141,0.500894,0.572816,0.563409,0.554542,0.563409,0.5551554000000001,1,home,0.06340900000000005,"{""deep_feature_base"": 0.2, ""phase1_base"": 0.8}"
2021021284,2022-04-26,VAN,SEA,1,0.722648,0.736623,0.695319,0.701094,0.666959,0.722648,0.736623,0.722648,0.7171822000000001,1,home,0.22264799999999996,"{""deep_feature_base"": 0.2, ""phase1_base"": 0.8}"
2021021285,2022-04-26,SJS,ANA,0,0.583662,0.578434,0.616188,0.620717,0.555604,0.583662,0.578434,0.583662,0.5901672,1,home,0.08366200000000001,"{""deep_feature_base"": 0.2, ""phase1_base"": 0.8}"
2021020505,2022-04-27,NYR,MTL,0,0.690802,0.643718,0.707198,0.665032,0.647353,0.690802,0.643718,0.690802,0.6940812000000001,1,home,0.19080200000000003,"{""deep_feature_base"": 0.2, ""phase1_base"": 0.8}"
2021021286,2022-04-27,CHI,VGK,1,0.456391,0.47963,0.419381,0.431517,0.471185,0.456391,0.47963,0.47963,0.448989,0,away,0.04360900000000001,"{""deep_feature_base"": 0.2, ""phase1_base"": 0.8}"
2021021287,2022-04-27,DAL,UTA,0,0.767058,0.76771,0.720551,0.707251,0.732323,0.767058,0.76771,0.767058,0.7577566,1,home,0.267058,"{""deep_feature_base"": 0.2, ""phase1_base"": 0.8}"
2021021288,2022-04-27,WPG,PHI,1,0.616189,0.591488,0.604655,0.576495,0.596399,0.616189,0.591488,0.616189,0.6138822,1,home,0.11618899999999999,"{""deep_feature_base"": 0.2, ""phase1_base"": 0.8}"
2021021289,2022-04-27,SEA,LAK,0,0.572596,0.631586,0.480124,0.511373,0.599993,0.572596,0.631586,0.572596,0.5541016,1,home,0.072596,"{""deep_feature_base"": 0.2, ""phase1_base"": 0.8}"
2021020513,2022-04-28,NYI,WSH,1,0.490187,0.493131,0.456602,0.44947,0.483479,0.490187,0.493131,0.493131,0.48347,0,away,0.009813000000000016,"{""deep_feature_base"": 0.2, ""phase1_base"": 0.8}"
2021021290,2022-04-28,BOS,BUF,1,0.750866,0.756376,0.682354,0.667309,0.737496,0.750866,0.756376,0.750866,0.7371636,1,home,0.25086600000000003,"{""deep_feature_base"": 0.2, ""phase1_base"": 0.8}"
2021021291,2022-04-28,OTT,FLA,0,0.525355,0.598518,0.494054,0.557826,0.54903,0.525355,0.598518,0.525355,0.5190948000000001,1,home,0.025355000000000016,"{""deep_feature_base"": 0.2, ""phase1_base"": 0.8}"
2021021294,2022-04-28,CAR,NJD,1,0.785799,0.780829,0.775844,0.767887,0.750692,0.785799,0.780829,0.785799,0.7838080000000001,1,home,0.285799,"{""deep_feature_base"": 0.2, ""phase1_base"": 0.8}"
2021021295,2022-04-28,MIN,CGY,1,0.537507,0.536411,0.523295,0.517936,0.537402,0.537507,0.536411,0.537507,0.5346645999999999,1,home,0.03750699999999996,"{""deep_feature_base"": 0.2, ""phase1_base"": 0.8}"
2021021296,2022-04-28,COL,NSH,0,0.744402,0.751851,0.694785,0.687349,0.700554,0.744402,0.751851,0.744402,0.7344786,1,home,0.244402,"{""deep_feature_base"": 0.2, ""phase1_base"": 0.8}"
2021021297,2022-04-28,EDM,SJS,1,0.675348,0.642614,0.697205,0.671028,0.612918,0.675348,0.642614,0.675348,0.6797194,1,home,0.17534799999999995,"{""deep_feature_base"": 0.2, ""phase1_base"": 0.8}"
2021021305,2022-04-28,CBJ,TBL,1,0.352535,0.359275,0.365799,0.376518,0.402215,0.352535,0.359275,0.352535,0.3551878,0,away,0.147465,"{""deep_feature_base"": 0.2, ""phase1_base"": 0.8}"
2021021310,2022-04-28,VAN,LAK,1,0.642841,0.680758,0.617376,0.647653,0.620506,0.642841,0.680758,0.642841,0.637748,1,home,0.142841,"{""deep_feature_base"": 0.2, ""phase1_base"": 0.8}"
2021021169,2022-04-29,PIT,CBJ,1,0.617359,0.602022,0.640705,0.632371,0.57692,0.617359,0.602022,0.617359,0.6220282,1,home,0.11735899999999999,"{""deep_feature_base"": 0.2, ""phase1_base"": 0.8}"
2021021207,2022-04-29,EDM,VAN,1,0.505198,0.466139,0.526581,0.493936,0.4964,0.505198,0.466139,0.505198,0.5094746,1,home,0.005198000000000036,"{""deep_feature_base"": 0.2, ""phase1_base"": 0.8}"
2021021292,2022-04-29,NYI,TBL,0,0.410929,0.40015,0.424,0.417142,0.441021,0.410929,0.40015,0.410929,0.4135432,0,away,0.08907100000000001,"{""deep_feature_base"": 0.2, ""phase1_base"": 0.8}"
2021021298,2022-04-29,BUF,CHI,1,0.599296,0.589377,0.640004,0.642298,0.599096,0.599296,0.589377,0.599296,0.6074376,1,home,0.09929600000000005,"{""deep_feature_base"": 0.2, ""phase1_base"": 0.8}"
2021021299,2022-04-29,TOR,BOS,1,0.543092,0.540321,0.520968,0.51156,0.469946,0.543092,0.540321,0.543092,0.5386672,1,home,0.04309200000000002,"{""deep_feature_base"": 0.2, ""phase1_base"": 0.8}"
2021021300,2022-04-29,MTL,FLA,1,0.468436,0.558674,0.41176,0.484995,0.515499,0.468436,0.558674,0.558674,0.4571008000000001,0,away,0.03156399999999998,"{""deep_feature_base"": 0.2, ""phase1_base"": 0.8}"
2021021301,2022-04-29,NJD,DET,0,0.546425,0.552368,0.571371,0.584798,0.545033,0.546425,0.552368,0.546425,0.5514142000000001,1,home,0.04642500000000005,"{""deep_feature_base"": 0.2, ""phase1_base"": 0.8}"
2021021302,2022-04-29,NYR,WSH,1,0.694919,0.717212,0.631995,0.635411,0.673807,0.694919,0.717212,0.694919,0.6823342,1,home,0.19491899999999995,"{""deep_feature_base"": 0.2, ""phase1_base"": 0.8}"
2021021303,2022-04-29,PHI,OTT,0,0.46006,0.472042,0.450455,0.459555,0.472047,0.46006,0.472042,0.472042,0.4581390000000001,0,away,0.039939999999999976,"{""deep_feature_base"": 0.2, ""phase1_base"": 0.8}"
2021021306,2022-04-29,STL,VGK,0,0.62719,0.608903,0.62003,0.599595,0.574367,0.62719,0.608903,0.62719,0.625758,1,home,0.12719000000000003,"{""deep_feature_base"": 0.2, ""phase1_base"": 0.8}"
2021021307,2022-04-29,DAL,ANA,1,0.649188,0.624302,0.677794,0.661489,0.605722,0.649188,0.624302,0.649188,0.6549092,1,home,0.149188,"{""deep_feature_base"": 0.2, ""phase1_base"": 0.8}"
2021021308,2022-04-29,MIN,COL,1,0.543338,0.550207,0.554416,0.564608,0.536738,0.543338,0.550207,0.543338,0.5455536000000001,1,home,0.04333799999999999,"{""deep_feature_base"": 0.2, ""phase1_base"": 0.8}"
2021021309,2022-04-29,WPG,CGY,1,0.442828,0.45998,0.404829,0.410581,0.491012,0.442828,0.45998,0.442828,0.43522820000000007,0,away,0.057172,"{""deep_feature_base"": 0.2, ""phase1_base"": 0.8}"
2021021311,2022-04-29,UTA,NSH,1,0.44119,0.468989,0.41529,0.435319,0.473298,0.44119,0.468989,0.44119,0.43601000000000006,0,away,0.05880999999999997,"{""deep_feature_base"": 0.2, ""phase1_base"": 0.8}"
2021021312,2022-04-29,SEA,SJS,1,0.551813,0.546425,0.533015,0.521987,0.539407,0.551813,0.546425,0.551813,0.5480534,1,home,0.051813,"{""deep_feature_base"": 0.2, ""phase1_base"": 0.8}"
2021021179,2022-05-01,WPG,SEA,1,0.713027,0.729888,0.663509,0.665514,0.689732,0.713027,0.729888,0.713027,0.7031234,1,home,0.21302699999999997,"{""deep_feature_base"": 0.2, ""phase1_base"": 0.8}"
