season,game_id,game_date,home_team_abbrev,away_team_abbrev,home_win_probability,away_win_probability,predicted_winner_abbrev,actual_home_win,actual_winner_abbrev,is_correct_pick,is_synthetic,data_source
20162017,20162017000001,2016-10-01,CGY,MIN,0.529131,0.470869,CGY,1,CGY,1,1,FABRICATED_SYNTHETIC_RANDOM_SEED_42
20162017,20162017000002,2016-10-01,NYR,SJS,0.529138,0.470862,NYR,1,NYR,1,1,FABRICATED_SYNTHETIC_RANDOM_SEED_42
20162017,20162017000003,2016-10-01,MTL,CHI,0.527206,0.472794,MTL,1,MTL,1,1,FABRICATED_SYNTHETIC_RANDOM_SEED_42
20162017,20162017000004,2016-10-02,EDM,LAK,0.528178,0.471822,EDM,0,LAK,0,1,FABRICATED_SYNTHETIC_RANDOM_SEED_42
20162017,20162017000005,2016-10-02,VAN,LAK,0.533598,0.466402,VAN,1,VAN,1,1,FABRICATED_SYNTHETIC_RANDOM_SEED_42
20162017,20162017000006,2016-10-03,STL,PHI,0.528339,0.471661,STL,1,STL,1,1,FABRICATED_SYNTHETIC_RANDOM_SEED_42
20162017,20162017000007,2016-10-03,OTT,MIN,0.534778,0.465222,OTT,1,OTT,1,1,FABRICATED_SYNTHETIC_RANDOM_SEED_42
20162017,20162017000008,2016-10-03,DET,CHI,0.533614,0.466386,DET,1,DET,1,1,FABRICATED_SYNTHETIC_RANDOM_SEED_42
20162017,20162017000009,2016-10-04,CAR,WSH,0.529522,0.470478,CAR,0,WSH,0,1,FABRICATED_SYNTHETIC_RANDOM_SEED_42
20162017,20162017000010,2016-10-04,ARI,CAR,0.484693,0.515307,CAR,0,CAR,1,1,FABRICATED_SYNTHETIC_RANDOM_SEED_42
20162017,20162017000011,2016-10-05,PHI,LAK,0.444683,0.555317,LAK,1,PHI,0,1,FABRICATED_SYNTHETIC_RANDOM_SEED_42
20162017,20162017000012,2016-10-05,CGY,OTT,0.664812,0.335188,CGY,1,CGY,1,1,FABRICATED_SYNTHETIC_RANDOM_SEED_42
20162017,20162017000013,2016-10-06,LAK,CHI,0.562784,0.437216,LAK,1,LAK,1,1,FABRICATED_SYNTHETIC_RANDOM_SEED_42
20162017,20162017000014,2016-10-06,EDM,STL,0.708216,0.291784,EDM,1,EDM,1,1,FABRICATED_SYNTHETIC_RANDOM_SEED_42
20162017,20162017000015,2016-10-06,TOR,BUF,0.529526,0.470474,TOR,1,TOR,1,1,FABRICATED_SYNTHETIC_RANDOM_SEED_42
20162017,20162017000016,2016-10-07,ANA,TOR,0.569182,0.430818,ANA,0,TOR,0,1,FABRICATED_SYNTHETIC_RANDOM_SEED_42
20162017,20162017000017,2016-10-07,OTT,CHI,0.570566,0.429434,OTT,0,CHI,0,1,FABRICATED_SYNTHETIC_RANDOM_SEED_42
20162017,20162017000018,2016-10-08,LAK,CBJ,0.400643,0.599357,CBJ,1,LAK,0,1,FABRICATED_SYNTHETIC_RANDOM_SEED_42
20162017,20162017000019,2016-10-08,CAR,DAL,0.34895,0.65105,DAL,1,CAR,0,1,FABRICATED_SYNTHETIC_RANDOM_SEED_42
20162017,20162017000020,2016-10-08,DAL,STL,0.530646,0.469354,DAL,1,DAL,1,1,FABRICATED_SYNTHETIC_RANDOM_SEED_42
20162017,20162017000021,2016-10-09,NJD,FLA,0.526927,0.473073,NJD,0,FLA,0,1,FABRICATED_SYNTHETIC_RANDOM_SEED_42
20162017,20162017000022,2016-10-09,WPG,WSH,0.513518,0.486482,WPG,0,WSH,0,1,FABRICATED_SYNTHETIC_RANDOM_SEED_42
20162017,20162017000023,2016-10-10,COL,ANA,0.585528,0.414472,COL,0,ANA,0,1,FABRICATED_SYNTHETIC_RANDOM_SEED_42
20162017,20162017000024,2016-10-10,DET,BOS,0.399961,0.600039,BOS,1,DET,0,1,FABRICATED_SYNTHETIC_RANDOM_SEED_42
20162017,20162017000025,2016-10-11,MIN,CAR,0.475349,0.524651,CAR,1,MIN,0,1,FABRICATED_SYNTHETIC_RANDOM_SEED_42
20162017,20162017000026,2016-10-11,VGK,WPG,0.530478,0.469522,VGK,1,VGK,1,1,FABRICATED_SYNTHETIC_RANDOM_SEED_42
20162017,20162017000027,2016-10-11,STL,BUF,0.420501,0.579499,BUF,0,BUF,1,1,FABRICATED_SYNTHETIC_RANDOM_SEED_42
20162017,20162017000028,2016-10-12,SJS,TOR,0.492713,0.507287,TOR,0,TOR,1,1,FABRICATED_SYNTHETIC_RANDOM_SEED_42
20162017,20162017000029,2016-10-12,WPG,SJS,0.570219,0.429781,WPG,1,WPG,1,1,FABRICATED_SYNTHETIC_RANDOM_SEED_42
20162017,20162017000030,2016-10-13,BUF,NJD,0.476146,0.523854,NJD,0,NJD,1,1,FABRICATED_SYNTHETIC_RANDOM_SEED_42
20162017,20162017000031,2016-10-13,MTL,NJD,0.420702,0.579298,NJD,1,MTL,0,1,FABRICATED_SYNTHETIC_RANDOM_SEED_42
20162017,20162017000032,2016-10-14,VAN,ANA,0.422485,0.577515,ANA,0,ANA,1,1,FABRICATED_SYNTHETIC_RANDOM_SEED_42
20162017,20162017000033,2016-10-14,DET,OTT,0.519046,0.480954,DET,1,DET,1,1,FABRICATED_SYNTHETIC_RANDOM_SEED_42
20162017,20162017000034,2016-10-14,TBL,NJD,0.569981,0.430019,TBL,0,NJD,0,1,FABRICATED_SYNTHETIC_RANDOM_SEED_42
20162017,20162017000035,2016-10-15,PHI,MTL,0.409515,0.590485,MTL,1,PHI,0,1,FABRICATED_SYNTHETIC_RANDOM_SEED_42
20162017,20162017000036,2016-10-15,ARI,WPG,0.478726,0.521274,WPG,1,ARI,0,1,FABRICATED_SYNTHETIC_RANDOM_SEED_42
20162017,20162017000037,2016-10-16,OTT,EDM,0.439302,0.560698,EDM,0,EDM,1,1,FABRICATED_SYNTHETIC_RANDOM_SEED_42
20162017,20162017000038,2016-10-16,BOS,VAN,0.5061,0.4939,BOS,1,BOS,1,1,FABRICATED_SYNTHETIC_RANDOM_SEED_42
20162017,20162017000039,2016-10-16,NYI,EDM,0.569182,0.430818,NYI,0,EDM,0,1,FABRICATED_SYNTHETIC_RANDOM_SEED_42
20162017,20162017000040,2016-10-17,CAR,COL,0.391016,0.608984,COL,0,COL,1,1,FABRICATED_SYNTHETIC_RANDOM_SEED_42
20162017,20162017000041,2016-10-17,MTL,VGK,0.621463,0.378537,MTL,0,VGK,0,1,FABRICATED_SYNTHETIC_RANDOM_SEED_42
20162017,20162017000042,2016-10-18,FLA,TOR,0.487323,0.512677,TOR,1,FLA,0,1,FABRICATED_SYNTHETIC_RANDOM_SEED_42
20162017,20162017000043,2016-10-18,WPG,CAR,0.583798,0.416202,WPG,1,WPG,1,1,FABRICATED_SYNTHETIC_RANDOM_SEED_42
20162017,20162017000044,2016-10-19,ARI,WSH,0.479629,0.520371,WSH,1,ARI,0,1,FABRICATED_SYNTHETIC_RANDOM_SEED_42
20162017,20162017000045,2016-10-19,NYR,CHI,0.531338,0.468662,NYR,1,NYR,1,1,FABRICATED_SYNTHETIC_RANDOM_SEED_42
20162017,20162017000046,2016-10-19,LAK,ARI,0.579193,0.420807,LAK,0,ARI,0,1,FABRICATED_SYNTHETIC_RANDOM_SEED_42
20162017,20162017000047,2016-10-20,CHI,TBL,0.48955,0.51045,TBL,1,CHI,0,1,FABRICATED_SYNTHETIC_RANDOM_SEED_42
20162017,20162017000048,2016-10-20,MTL,NYR,0.464203,0.535797,NYR,0,NYR,1,1,FABRICATED_SYNTHETIC_RANDOM_SEED_42
20162017,20162017000049,2016-10-21,DAL,OTT,0.467491,0.532509,OTT,1,DAL,0,1,FABRICATED_SYNTHETIC_RANDOM_SEED_42
20162017,20162017000050,2016-10-21,TOR,SJS,0.563762,0.436238,TOR,1,TOR,1,1,FABRICATED_SYNTHETIC_RANDOM_SEED_42
20162017,20162017000051,2016-10-21,PIT,NJD,0.552182,0.447818,PIT,1,PIT,1,1,FABRICATED_SYNTHETIC_RANDOM_SEED_42
20162017,20162017000052,2016-10-22,NYI,WPG,0.563616,0.436384,NYI,1,NYI,1,1,FABRICATED_SYNTHETIC_RANDOM_SEED_42
20162017,20162017000053,2016-10-22,CAR,WPG,0.531321,0.468679,CAR,1,CAR,1,1,FABRICATED_SYNTHETIC_RANDOM_SEED_42
20162017,20162017000054,2016-10-23,PIT,MTL,0.560349,0.439651,PIT,1,PIT,1,1,FABRICATED_SYNTHETIC_RANDOM_SEED_42
20162017,20162017000055,2016-10-23,DET,PHI,0.619815,0.380185,DET,1,DET,1,1,FABRICATED_SYNTHETIC_RANDOM_SEED_42
20162017,20162017000056,2016-10-24,STL,DET,0.424975,0.575025,DET,1,STL,0,1,FABRICATED_SYNTHETIC_RANDOM_SEED_42
20162017,20162017000057,2016-10-24,TBL,SJS,0.456932,0.543068,SJS,0,SJS,1,1,FABRICATED_SYNTHETIC_RANDOM_SEED_42
20162017,20162017000058,2016-10-24,DET,PIT,0.731524,0.268476,DET,0,PIT,0,1,FABRICATED_SYNTHETIC_RANDOM_SEED_42
20162017,20162017000059,2016-10-25,CAR,FLA,0.41769,0.58231,FLA,0,FLA,1,1,FABRICATED_SYNTHETIC_RANDOM_SEED_42
20162017,20162017000060,2016-10-25,ARI,ANA,0.482389,0.517611,ANA,1,ARI,0,1,FABRICATED_SYNTHETIC_RANDOM_SEED_42
20162017,20162017000061,2016-10-26,BUF,TBL,0.571579,0.428421,BUF,1,BUF,1,1,FABRICATED_SYNTHETIC_RANDOM_SEED_42
20162017,20162017000062,2016-10-26,CAR,CGY,0.664679,0.335321,CAR,0,CGY,0,1,FABRICATED_SYNTHETIC_RANDOM_SEED_42
20162017,20162017000063,2016-10-27,VGK,ARI,0.577211,0.422789,VGK,0,ARI,0,1,FABRICATED_SYNTHETIC_RANDOM_SEED_42
20162017,20162017000064,2016-10-27,LAK,NYR,0.520596,0.479404,LAK,0,NYR,0,1,FABRICATED_SYNTHETIC_RANDOM_SEED_42
20162017,20162017000065,2016-10-27,TOR,TBL,0.558013,0.441987,TOR,0,TBL,0,1,FABRICATED_SYNTHETIC_RANDOM_SEED_42
20162017,20162017000066,2016-10-28,BUF,DAL,0.685107,0.314893,BUF,0,DAL,0,1,FABRICATED_SYNTHETIC_RANDOM_SEED_42
20162017,20162017000067,2016-10-28,BOS,FLA,0.537482,0.462518,BOS,0,FLA,0,1,FABRICATED_SYNTHETIC_RANDOM_SEED_42
20162017,20162017000068,2016-10-29,TOR,NYR,0.508189,0.491811,TOR,0,NYR,0,1,FABRICATED_SYNTHETIC_RANDOM_SEED_42
20162017,20162017000069,2016-10-29,COL,NYR,0.492105,0.507895,NYR,1,COL,0,1,FABRICATED_SYNTHETIC_RANDOM_SEED_42
20162017,20162017000070,2016-10-29,EDM,NYR,0.406865,0.593135,NYR,0,NYR,1,1,FABRICATED_SYNTHETIC_RANDOM_SEED_42
20162017,20162017000071,2016-10-30,CAR,ARI,0.588612,0.411388,CAR,0,ARI,0,1,FABRICATED_SYNTHETIC_RANDOM_SEED_42
20162017,20162017000072,2016-10-30,LAK,FLA,0.606111,0.393889,LAK,1,LAK,1,1,FABRICATED_SYNTHETIC_RANDOM_SEED_42
20162017,20162017000073,2016-10-31,MTL,ANA,0.486494,0.513506,ANA,0,ANA,1,1,FABRICATED_SYNTHETIC_RANDOM_SEED_42
20162017,20162017000074,2016-10-31,TBL,ARI,0.59082,0.40918,TBL,0,ARI,0,1,FABRICATED_SYNTHETIC_RANDOM_SEED_42
20162017,20162017000075,2016-11-01,ANA,WPG,0.52634,0.47366,ANA,0,WPG,0,1,FABRICATED_SYNTHETIC_RANDOM_SEED_42
20162017,20162017000076,2016-11-01,WSH,PHI,0.594072,0.405928,WSH,1,WSH,1,1,FABRICATED_SYNTHETIC_RANDOM_SEED_42
20162017,20162017000077,2016-11-01,MTL,FLA,0.528455,0.471545,MTL,0,FLA,0,1,FABRICATED_SYNTHETIC_RANDOM_SEED_42
20162017,20162017000078,2016-11-02,DET,NYI,0.558127,0.441873,DET,1,DET,1,1,FABRICATED_SYNTHETIC_RANDOM_SEED_42
20162017,20162017000079,2016-11-02,CBJ,WSH,0.54127,0.45873,CBJ,1,CBJ,1,1,FABRICATED_SYNTHETIC_RANDOM_SEED_42
20162017,20162017000080,2016-11-03,SJS,ANA,0.533624,0.466376,SJS,0,ANA,0,1,FABRICATED_SYNTHETIC_RANDOM_SEED_42
20162017,20162017000081,2016-11-03,CGY,VAN,0.467413,0.532587,VAN,0,VAN,1,1,FABRICATED_SYNTHETIC_RANDOM_SEED_42
20162017,20162017000082,2016-11-03,COL,VGK,0.558182,0.441818,COL,1,COL,1,1,FABRICATED_SYNTHETIC_RANDOM_SEED_42
20162017,20162017000083,2016-11-04,SJS,NJD,0.484212,0.515788,NJD,0,NJD,1,1,FABRICATED_SYNTHETIC_RANDOM_SEED_42
20162017,20162017000084,2016-11-04,DET,CBJ,0.586948,0.413052,DET,1,DET,1,1,FABRICATED_SYNTHETIC_RANDOM_SEED_42
20162017,20162017000085,2016-11-05,FLA,NYI,0.560991,0.439009,FLA,0,NYI,0,1,FABRICATED_SYNTHETIC_RANDOM_SEED_42
20162017,20162017000086,2016-11-05,SJS,MIN,0.558279,0.441721,SJS,0,MIN,0,1,FABRICATED_SYNTHETIC_RANDOM_SEED_42
20162017,20162017000087,2016-11-06,NYR,TBL,0.597901,0.402099,NYR,1,NYR,1,1,FABRICATED_SYNTHETIC_RANDOM_SEED_42
20162017,20162017000088,2016-11-06,LAK,NYI,0.547492,0.452508,LAK,1,LAK,1,1,FABRICATED_SYNTHETIC_RANDOM_SEED_42
20162017,20162017000089,2016-11-06,PIT,ARI,0.584833,0.415167,PIT,0,ARI,0,1,FABRICATED_SYNTHETIC_RANDOM_SEED_42
20162017,20162017000090,2016-11-07,BUF,PIT,0.581361,0.418639,BUF,0,PIT,0,1,FABRICATED_SYNTHETIC_RANDOM_SEED_42
20162017,20162017000091,2016-11-07,VAN,CGY,0.549934,0.450066,VAN,1,VAN,1,1,FABRICATED_SYNTHETIC_RANDOM_SEED_42
20162017,20162017000092,2016-11-08,CBJ,OTT,0.576496,0.423504,CBJ,0,OTT,0,1,FABRICATED_SYNTHETIC_RANDOM_SEED_42
20162017,20162017000093,2016-11-08,NYR,MTL,0.607646,0.392354,NYR,0,MTL,0,1,FABRICATED_SYNTHETIC_RANDOM_SEED_42
20162017,20162017000094,2016-11-09,OTT,TBL,0.621219,0.378781,OTT,1,OTT,1,1,FABRICATED_SYNTHETIC_RANDOM_SEED_42
20162017,20162017000095,2016-11-09,MIN,PHI,0.521872,0.478128,MIN,1,MIN,1,1,FABRICATED_SYNTHETIC_RANDOM_SEED_42
20162017,20162017000096,2016-11-09,NYI,PHI,0.529764,0.470236,NYI,0,PHI,0,1,FABRICATED_SYNTHETIC_RANDOM_SEED_42
20162017,20162017000097,2016-11-10,PHI,VAN,0.554202,0.445798,PHI,1,PHI,1,1,FABRICATED_SYNTHETIC_RANDOM_SEED_42
20162017,20162017000098,2016-11-10,MIN,LAK,0.479597,0.520403,LAK,1,MIN,0,1,FABRICATED_SYNTHETIC_RANDOM_SEED_42
20162017,20162017000099,2016-11-11,BUF,LAK,0.49662,0.50338,LAK,1,BUF,0,1,FABRICATED_SYNTHETIC_RANDOM_SEED_42
20162017,20162017000100,2016-11-11,CBJ,LAK,0.581607,0.418393,CBJ,1,CBJ,1,1,FABRICATED_SYNTHETIC_RANDOM_SEED_42
20162017,20162017000101,2016-11-11,DET,CGY,0.57698,0.42302,DET,0,CGY,0,1,FABRICATED_SYNTHETIC_RANDOM_SEED_42
20162017,20162017000102,2016-11-12,NYI,FLA,0.551544,0.448456,NYI,1,NYI,1,1,FABRICATED_SYNTHETIC_RANDOM_SEED_42
20162017,20162017000103,2016-11-12,CHI,MTL,0.49221,0.50779,MTL,1,CHI,0,1,FABRICATED_SYNTHETIC_RANDOM_SEED_42
20162017,20162017000104,2016-11-13,FLA,LAK,0.477462,0.522538,LAK,1,FLA,0,1,FABRICATED_SYNTHETIC_RANDOM_SEED_42
20162017,20162017000105,2016-11-13,VAN,WSH,0.485424,0.514576,WSH,0,WSH,1,1,FABRICATED_SYNTHETIC_RANDOM_SEED_42
20162017,20162017000106,2016-11-14,DAL,CHI,0.530902,0.469098,DAL,0,CHI,0,1,FABRICATED_SYNTHETIC_RANDOM_SEED_42
20162017,20162017000107,2016-11-14,VAN,FLA,0.575644,0.424356,VAN,0,FLA,0,1,FABRICATED_SYNTHETIC_RANDOM_SEED_42
20162017,20162017000108,2016-11-14,CBJ,VAN,0.580023,0.419977,CBJ,1,CBJ,1,1,FABRICATED_SYNTHETIC_RANDOM_SEED_42
20162017,20162017000109,2016-11-15,FLA,WPG,0.487492,0.512508,WPG,1,FLA,0,1,FABRICATED_SYNTHETIC_RANDOM_SEED_42
20162017,20162017000110,2016-11-15,OTT,CBJ,0.481843,0.518157,CBJ,0,CBJ,1,1,FABRICATED_SYNTHETIC_RANDOM_SEED_42
20162017,20162017000111,2016-11-16,CHI,NYI,0.579944,0.420056,CHI,1,CHI,1,1,FABRICATED_SYNTHETIC_RANDOM_SEED_42
20162017,20162017000112,2016-11-16,NYR,BOS,0.586216,0.413784,NYR,1,NYR,1,1,FABRICATED_SYNTHETIC_RANDOM_SEED_42
20162017,20162017000113,2016-11-16,WSH,BUF,0.525186,0.474814,WSH,1,WSH,1,1,FABRICATED_SYNTHETIC_RANDOM_SEED_42
20162017,20162017000114,2016-11-17,CGY,COL,0.472619,0.527381,COL,0,COL,1,1,FABRICATED_SYNTHETIC_RANDOM_SEED_42
20162017,20162017000115,2016-11-17,WSH,SJS,0.620757,0.379243,WSH,0,SJS,0,1,FABRICATED_SYNTHETIC_RANDOM_SEED_42
20162017,20162017000116,2016-11-18,TBL,NYI,0.611074,0.388926,TBL,1,TBL,1,1,FABRICATED_SYNTHETIC_RANDOM_SEED_42
20162017,20162017000117,2016-11-18,NJD,CHI,0.57307,0.42693,NJD,0,CHI,0,1,FABRICATED_SYNTHETIC_RANDOM_SEED_42
20162017,20162017000118,2016-11-19,EDM,TBL,0.565831,0.434169,EDM,0,TBL,0,1,FABRICATED_SYNTHETIC_RANDOM_SEED_42
20162017,20162017000119,2016-11-19,NYI,TBL,0.549341,0.450659,NYI,0,TBL,0,1,FABRICATED_SYNTHETIC_RANDOM_SEED_42
20162017,20162017000120,2016-11-19,MTL,WSH,0.468313,0.531687,WSH,1,MTL,0,1,FABRICATED_SYNTHETIC_RANDOM_SEED_42
20162017,20162017000121,2016-11-20,OTT,NYI,0.585662,0.414338,OTT,0,NYI,0,1,FABRICATED_SYNTHETIC_RANDOM_SEED_42
20162017,20162017000122,2016-11-20,BOS,BUF,0.510311,0.489689,BOS,1,BOS,1,1,FABRICATED_SYNTHETIC_RANDOM_SEED_42
20162017,20162017000123,2016-11-21,WSH,EDM,0.54348,0.45652,WSH,1,WSH,1,1,FABRICATED_SYNTHETIC_RANDOM_SEED_42
20162017,20162017000124,2016-11-21,VGK,NYR,0.398832,0.601168,NYR,0,NYR,1,1,FABRICATED_SYNTHETIC_RANDOM_SEED_42
20162017,20162017000125,2016-11-22,ANA,VGK,0.529574,0.470426,ANA,0,VGK,0,1,FABRICATED_SYNTHETIC_RANDOM_SEED_42
20162017,20162017000126,2016-11-22,NYI,MTL,0.447944,0.552056,MTL,0,MTL,1,1,FABRICATED_SYNTHETIC_RANDOM_SEED_42
20162017,20162017000127,2016-11-22,EDM,NJD,0.54091,0.45909,EDM,1,EDM,1,1,FABRICATED_SYNTHETIC_RANDOM_SEED_42
20162017,20162017000128,2016-11-23,BOS,MTL,0.538643,0.461357,BOS,1,BOS,1,1,FABRICATED_SYNTHETIC_RANDOM_SEED_42
20162017,20162017000129,2016-11-23,EDM,VGK,0.572394,0.427606,EDM,0,VGK,0,1,FABRICATED_SYNTHETIC_RANDOM_SEED_42
20162017,20162017000130,2016-11-24,CBJ,DET,0.517946,0.482054,CBJ,1,CBJ,1,1,FABRICATED_SYNTHETIC_RANDOM_SEED_42
20162017,20162017000131,2016-11-24,BUF,PHI,0.526054,0.473946,BUF,1,BUF,1,1,FABRICATED_SYNTHETIC_RANDOM_SEED_42
20162017,20162017000132,2016-11-24,COL,SJS,0.553313,0.446687,COL,1,COL,1,1,FABRICATED_SYNTHETIC_RANDOM_SEED_42
20162017,20162017000133,2016-11-25,LAK,CGY,0.548845,0.451155,LAK,1,LAK,1,1,FABRICATED_SYNTHETIC_RANDOM_SEED_42
20162017,20162017000134,2016-11-25,NYI,CBJ,0.445271,0.554729,CBJ,1,NYI,0,1,FABRICATED_SYNTHETIC_RANDOM_SEED_42
20162017,20162017000135,2016-11-26,MIN,CGY,0.486345,0.513655,CGY,0,CGY,1,1,FABRICATED_SYNTHETIC_RANDOM_SEED_42
20162017,20162017000136,2016-11-26,DET,LAK,0.628662,0.371338,DET,0,LAK,0,1,FABRICATED_SYNTHETIC_RANDOM_SEED_42
20162017,20162017000137,2016-11-27,EDM,CHI,0.530098,0.469902,EDM,1,EDM,1,1,FABRICATED_SYNTHETIC_RANDOM_SEED_42
20162017,20162017000138,2016-11-27,BUF,TOR,0.506119,0.493881,BUF,1,BUF,1,1,FABRICATED_SYNTHETIC_RANDOM_SEED_42
20162017,20162017000139,2016-11-27,COL,CAR,0.608895,0.391105,COL,0,CAR,0,1,FABRICATED_SYNTHETIC_RANDOM_SEED_42
20162017,20162017000140,2016-11-28,DET,BUF,0.556233,0.443767,DET,1,DET,1,1,FABRICATED_SYNTHETIC_RANDOM_SEED_42
20162017,20162017000141,2016-11-28,OTT,TOR,0.620542,0.379458,OTT,1,OTT,1,1,FABRICATED_SYNTHETIC_RANDOM_SEED_42
20162017,20162017000142,2016-11-29,CGY,ARI,0.575568,0.424432,CGY,1,CGY,1,1,FABRICATED_SYNTHETIC_RANDOM_SEED_42
20162017,20162017000143,2016-11-29,LAK,COL,0.446424,0.553576,COL,1,LAK,0,1,FABRICATED_SYNTHETIC_RANDOM_SEED_42
20162017,20162017000144,2016-11-29,TOR,MTL,0.565385,0.434615,TOR,1,TOR,1,1,FABRICATED_SYNTHETIC_RANDOM_SEED_42
20162017,20162017000145,2016-11-30,STL,PIT,0.582209,0.417791,STL,0,PIT,0,1,FABRICATED_SYNTHETIC_RANDOM_SEED_42
20162017,20162017000146,2016-11-30,ANA,BOS,0.526463,0.473537,ANA,1,ANA,1,1,FABRICATED_SYNTHETIC_RANDOM_SEED_42
20162017,20162017000147,2016-12-01,COL,STL,0.572367,0.427633,COL,0,STL,0,1,FABRICATED_SYNTHETIC_RANDOM_SEED_42
20162017,20162017000148,2016-12-01,NYI,STL,0.497828,0.502172,STL,0,STL,1,1,FABRICATED_SYNTHETIC_RANDOM_SEED_42
20162017,20162017000149,2016-12-02,TBL,CGY,0.524211,0.475789,TBL,1,TBL,1,1,FABRICATED_SYNTHETIC_RANDOM_SEED_42
20162017,20162017000150,2016-12-02,WPG,STL,0.536034,0.463966,WPG,0,STL,0,1,FABRICATED_SYNTHETIC_RANDOM_SEED_42
20162017,20162017000151,2016-12-02,DAL,DET,0.433352,0.566648,DET,0,DET,1,1,FABRICATED_SYNTHETIC_RANDOM_SEED_42
20162017,20162017000152,2016-12-03,CBJ,CHI,0.589681,0.410319,CBJ,1,CBJ,1,1,FABRICATED_SYNTHETIC_RANDOM_SEED_42
20162017,20162017000153,2016-12-03,PIT,CGY,0.500618,0.499382,PIT,0,CGY,0,1,FABRICATED_SYNTHETIC_RANDOM_SEED_42
20162017,20162017000154,2016-12-04,ARI,COL,0.480804,0.519196,COL,1,ARI,0,1,FABRICATED_SYNTHETIC_RANDOM_SEED_42
20162017,20162017000155,2016-12-04,CGY,TOR,0.512139,0.487861,CGY,0,TOR,0,1,FABRICATED_SYNTHETIC_RANDOM_SEED_42
20162017,20162017000156,2016-12-05,DAL,TOR,0.42968,0.57032,TOR,1,DAL,0,1,FABRICATED_SYNTHETIC_RANDOM_SEED_42
20162017,20162017000157,2016-12-05,CHI,FLA,0.546751,0.453249,CHI,0,FLA,0,1,FABRICATED_SYNTHETIC_RANDOM_SEED_42
20162017,20162017000158,2016-12-05,MTL,BUF,0.568134,0.431866,MTL,1,MTL,1,1,FABRICATED_SYNTHETIC_RANDOM_SEED_42
20162017,20162017000159,2016-12-06,VAN,VGK,0.52834,0.47166,VAN,0,VGK,0,1,FABRICATED_SYNTHETIC_RANDOM_SEED_42
20162017,20162017000160,2016-12-06,BOS,DET,0.508234,0.491766,BOS,0,DET,0,1,FABRICATED_SYNTHETIC_RANDOM_SEED_42
20162017,20162017000161,2016-12-07,VGK,ANA,0.4697,0.5303,ANA,0,ANA,1,1,FABRICATED_SYNTHETIC_RANDOM_SEED_42
20162017,20162017000162,2016-12-07,NYI,SJS,0.592753,0.407247,NYI,1,NYI,1,1,FABRICATED_SYNTHETIC_RANDOM_SEED_42
20162017,20162017000163,2016-12-07,TOR,DAL,0.617725,0.382275,TOR,1,TOR,1,1,FABRICATED_SYNTHETIC_RANDOM_SEED_42
20162017,20162017000164,2016-12-08,STL,ARI,0.58349,0.41651,STL,0,ARI,0,1,FABRICATED_SYNTHETIC_RANDOM_SEED_42
20162017,20162017000165,2016-12-08,BUF,STL,0.564496,0.435504,BUF,1,BUF,1,1,FABRICATED_SYNTHETIC_RANDOM_SEED_42
20162017,20162017000166,2016-12-09,BUF,VAN,0.509529,0.490471,BUF,1,BUF,1,1,FABRICATED_SYNTHETIC_RANDOM_SEED_42
20162017,20162017000167,2016-12-09,TBL,VAN,0.57989,0.42011,TBL,1,TBL,1,1,FABRICATED_SYNTHETIC_RANDOM_SEED_42
20162017,20162017000168,2016-12-10,MTL,VAN,0.521216,0.478784,MTL,0,VAN,0,1,FABRICATED_SYNTHETIC_RANDOM_SEED_42
20162017,20162017000169,2016-12-10,FLA,ARI,0.579611,0.420389,FLA,1,FLA,1,1,FABRICATED_SYNTHETIC_RANDOM_SEED_42
20162017,20162017000170,2016-12-10,DET,CAR,0.539068,0.460932,DET,1,DET,1,1,FABRICATED_SYNTHETIC_RANDOM_SEED_42
20162017,20162017000171,2016-12-11,STL,VGK,0.51453,0.48547,STL,0,VGK,0,1,FABRICATED_SYNTHETIC_RANDOM_SEED_42
20162017,20162017000172,2016-12-11,DAL,NYR,0.367835,0.632165,NYR,0,NYR,1,1,FABRICATED_SYNTHETIC_RANDOM_SEED_42
20162017,20162017000173,2016-12-12,CHI,PIT,0.524813,0.475187,CHI,1,CHI,1,1,FABRICATED_SYNTHETIC_RANDOM_SEED_42
20162017,20162017000174,2016-12-12,EDM,COL,0.51902,0.48098,EDM,1,EDM,1,1,FABRICATED_SYNTHETIC_RANDOM_SEED_42
20162017,20162017000175,2016-12-13,TOR,ARI,0.583313,0.416687,TOR,0,ARI,0,1,FABRICATED_SYNTHETIC_RANDOM_SEED_42
20162017,20162017000176,2016-12-13,NJD,NYI,0.501172,0.498828,NJD,1,NJD,1,1,FABRICATED_SYNTHETIC_RANDOM_SEED_42
20162017,20162017000177,2016-12-13,VGK,COL,0.591886,0.408114,VGK,0,COL,0,1,FABRICATED_SYNTHETIC_RANDOM_SEED_42
20162017,20162017000178,2016-12-14,PHI,CBJ,0.460473,0.539527,CBJ,0,CBJ,1,1,FABRICATED_SYNTHETIC_RANDOM_SEED_42
20162017,20162017000179,2016-12-14,OTT,COL,0.557549,0.442451,OTT,0,COL,0,1,FABRICATED_SYNTHETIC_RANDOM_SEED_42
20162017,20162017000180,2016-12-15,DAL,BOS,0.476691,0.523309,BOS,1,DAL,0,1,FABRICATED_SYNTHETIC_RANDOM_SEED_42
20162017,20162017000181,2016-12-15,VGK,DET,0.541654,0.458346,VGK,1,VGK,1,1,FABRICATED_SYNTHETIC_RANDOM_SEED_42
20162017,20162017000182,2016-12-15,FLA,NYR,0.524649,0.475351,FLA,0,NYR,0,1,FABRICATED_SYNTHETIC_RANDOM_SEED_42
20162017,20162017000183,2016-12-16,BOS,CGY,0.567317,0.432683,BOS,1,BOS,1,1,FABRICATED_SYNTHETIC_RANDOM_SEED_42
20162017,20162017000184,2016-12-16,DET,ANA,0.536636,0.463364,DET,1,DET,1,1,FABRICATED_SYNTHETIC_RANDOM_SEED_42
20162017,20162017000185,2016-12-17,CAR,OTT,0.49181,0.50819,OTT,0,OTT,1,1,FABRICATED_SYNTHETIC_RANDOM_SEED_42
20162017,20162017000186,2016-12-17,ANA,PHI,0.5281,0.4719,ANA,0,PHI,0,1,FABRICATED_SYNTHETIC_RANDOM_SEED_42
20162017,20162017000187,2016-12-18,STL,COL,0.570745,0.429255,STL,0,COL,0,1,FABRICATED_SYNTHETIC_RANDOM_SEED_42
20162017,20162017000188,2016-12-18,VAN,TOR,0.520109,0.479891,VAN,1,VAN,1,1,FABRICATED_SYNTHETIC_RANDOM_SEED_42
20162017,20162017000189,2016-12-18,VGK,SJS,0.57918,0.42082,VGK,0,SJS,0,1,FABRICATED_SYNTHETIC_RANDOM_SEED_42
20162017,20162017000190,2016-12-19,CBJ,MIN,0.54648,0.45352,CBJ,1,CBJ,1,1,FABRICATED_SYNTHETIC_RANDOM_SEED_42
20162017,20162017000191,2016-12-19,EDM,NYI,0.57204,0.42796,EDM,1,EDM,1,1,FABRICATED_SYNTHETIC_RANDOM_SEED_42
20162017,20162017000192,2016-12-20,CGY,WSH,0.454946,0.545054,WSH,0,WSH,1,1,FABRICATED_SYNTHETIC_RANDOM_SEED_42
20162017,20162017000193,2016-12-20,ARI,VAN,0.47823,0.52177,VAN,1,ARI,0,1,FABRICATED_SYNTHETIC_RANDOM_SEED_42
20162017,20162017000194,2016-12-20,BUF,MIN,0.547749,0.452251,BUF,1,BUF,1,1,FABRICATED_SYNTHETIC_RANDOM_SEED_42
20162017,20162017000195,2016-12-21,MTL,BOS,0.542176,0.457824,MTL,1,MTL,1,1,FABRICATED_SYNTHETIC_RANDOM_SEED_42
20162017,20162017000196,2016-12-21,PIT,VGK,0.502663,0.497337,PIT,1,PIT,1,1,FABRICATED_SYNTHETIC_RANDOM_SEED_42
20162017,20162017000197,2016-12-22,EDM,ARI,0.583244,0.416756,EDM,0,ARI,0,1,FABRICATED_SYNTHETIC_RANDOM_SEED_42
20162017,20162017000198,2016-12-22,CGY,DAL,0.562491,0.437509,CGY,1,CGY,1,1,FABRICATED_SYNTHETIC_RANDOM_SEED_42
20162017,20162017000199,2016-12-23,WSH,OTT,0.508608,0.491392,WSH,1,WSH,1,1,FABRICATED_SYNTHETIC_RANDOM_SEED_42
20162017,20162017000200,2016-12-23,PIT,CBJ,0.493718,0.506282,CBJ,0,CBJ,1,1,FABRICATED_SYNTHETIC_RANDOM_SEED_42
20162017,20162017000201,2016-12-23,FLA,MTL,0.518229,0.481771,FLA,0,MTL,0,1,FABRICATED_SYNTHETIC_RANDOM_SEED_42
20162017,20162017000202,2016-12-24,WPG,VAN,0.455877,0.544123,VAN,1,WPG,0,1,FABRICATED_SYNTHETIC_RANDOM_SEED_42
20162017,20162017000203,2016-12-24,WSH,ARI,0.571841,0.428159,WSH,1,WSH,1,1,FABRICATED_SYNTHETIC_RANDOM_SEED_42
20162017,20162017000204,2016-12-25,BOS,CBJ,0.490279,0.509721,CBJ,1,BOS,0,1,FABRICATED_SYNTHETIC_RANDOM_SEED_42
20162017,20162017000205,2016-12-25,CBJ,NYR,0.532111,0.467889,CBJ,0,NYR,0,1,FABRICATED_SYNTHETIC_RANDOM_SEED_42
20162017,20162017000206,2016-12-26,PIT,NYR,0.452186,0.547814,NYR,1,PIT,0,1,FABRICATED_SYNTHETIC_RANDOM_SEED_42
20162017,20162017000207,2016-12-26,MTL,WPG,0.553159,0.446841,MTL,1,MTL,1,1,FABRICATED_SYNTHETIC_RANDOM_SEED_42
20162017,20162017000208,2016-12-26,PIT,EDM,0.538499,0.461501,PIT,0,EDM,0,1,FABRICATED_SYNTHETIC_RANDOM_SEED_42
20162017,20162017000209,2016-12-27,NJD,SJS,0.547564,0.452436,NJD,0,SJS,0,1,FABRICATED_SYNTHETIC_RANDOM_SEED_42
20162017,20162017000210,2016-12-27,STL,WSH,0.491418,0.508582,WSH,1,STL,0,1,FABRICATED_SYNTHETIC_RANDOM_SEED_42
20162017,20162017000211,2016-12-28,CGY,NJD,0.487687,0.512313,NJD,1,CGY,0,1,FABRICATED_SYNTHETIC_RANDOM_SEED_42
20162017,20162017000212,2016-12-28,TBL,PHI,0.553073,0.446927,TBL,0,PHI,0,1,FABRICATED_SYNTHETIC_RANDOM_SEED_42
20162017,20162017000213,2016-12-28,MIN,NYR,0.430145,0.569855,NYR,1,MIN,0,1,FABRICATED_SYNTHETIC_RANDOM_SEED_42
20162017,20162017000214,2016-12-29,DAL,WPG,0.490384,0.509616,WPG,1,DAL,0,1,FABRICATED_SYNTHETIC_RANDOM_SEED_42
20162017,20162017000215,2016-12-29,MTL,LAK,0.53124,0.46876,MTL,1,MTL,1,1,FABRICATED_SYNTHETIC_RANDOM_SEED_42
20162017,20162017000216,2016-12-30,NJD,PIT,0.54772,0.45228,NJD,1,NJD,1,1,FABRICATED_SYNTHETIC_RANDOM_SEED_42
20162017,20162017000217,2016-12-30,EDM,CAR,0.523221,0.476779,EDM,0,CAR,0,1,FABRICATED_SYNTHETIC_RANDOM_SEED_42
20162017,20162017000218,2016-12-31,PIT,ANA,0.461792,0.538208,ANA,0,ANA,1,1,FABRICATED_SYNTHETIC_RANDOM_SEED_42
20162017,20162017000219,2016-12-31,TOR,BOS,0.581053,0.418947,TOR,0,BOS,0,1,FABRICATED_SYNTHETIC_RANDOM_SEED_42
20162017,20162017000220,2016-12-31,STL,MTL,0.494758,0.505242,MTL,1,STL,0,1,FABRICATED_SYNTHETIC_RANDOM_SEED_42
20162017,20162017000221,2017-01-01,CHI,STL,0.503257,0.496743,CHI,1,CHI,1,1,FABRICATED_SYNTHETIC_RANDOM_SEED_42
20162017,20162017000222,2017-01-01,DAL,TBL,0.480998,0.519002,TBL,0,TBL,1,1,FABRICATED_SYNTHETIC_RANDOM_SEED_42
20162017,20162017000223,2017-01-02,TOR,EDM,0.531091,0.468909,TOR,1,TOR,1,1,FABRICATED_SYNTHETIC_RANDOM_SEED_42
20162017,20162017000224,2017-01-02,TOR,ANA,0.491968,0.508032,ANA,1,TOR,0,1,FABRICATED_SYNTHETIC_RANDOM_SEED_42
20162017,20162017000225,2017-01-02,CBJ,ARI,0.577714,0.422286,CBJ,1,CBJ,1,1,FABRICATED_SYNTHETIC_RANDOM_SEED_42
20162017,20162017000226,2017-01-03,ANA,WSH,0.521312,0.478688,ANA,1,ANA,1,1,FABRICATED_SYNTHETIC_RANDOM_SEED_42
20162017,20162017000227,2017-01-03,BUF,BOS,0.507187,0.492813,BUF,0,BOS,0,1,FABRICATED_SYNTHETIC_RANDOM_SEED_42
20162017,20162017000228,2017-01-04,BOS,PHI,0.569142,0.430858,BOS,1,BOS,1,1,FABRICATED_SYNTHETIC_RANDOM_SEED_42
20162017,20162017000229,2017-01-04,COL,PIT,0.588319,0.411681,COL,0,PIT,0,1,FABRICATED_SYNTHETIC_RANDOM_SEED_42
20162017,20162017000230,2017-01-05,CAR,VGK,0.57752,0.42248,CAR,0,VGK,0,1,FABRICATED_SYNTHETIC_RANDOM_SEED_42
20162017,20162017000231,2017-01-05,CBJ,PIT,0.587933,0.412067,CBJ,1,CBJ,1,1,FABRICATED_SYNTHETIC_RANDOM_SEED_42
20162017,20162017000232,2017-01-05,VGK,WSH,0.470508,0.529492,WSH,1,VGK,0,1,FABRICATED_SYNTHETIC_RANDOM_SEED_42
20162017,20162017000233,2017-01-06,PHI,DAL,0.628084,0.371916,PHI,0,DAL,0,1,FABRICATED_SYNTHETIC_RANDOM_SEED_42
20162017,20162017000234,2017-01-06,SJS,WPG,0.564574,0.435426,SJS,0,WPG,0,1,FABRICATED_SYNTHETIC_RANDOM_SEED_42
20162017,20162017000235,2017-01-07,TOR,FLA,0.51241,0.48759,TOR,1,TOR,1,1,FABRICATED_SYNTHETIC_RANDOM_SEED_42
20162017,20162017000236,2017-01-07,BUF,COL,0.520533,0.479467,BUF,1,BUF,1,1,FABRICATED_SYNTHETIC_RANDOM_SEED_42
20162017,20162017000237,2017-01-08,SJS,COL,0.493028,0.506972,COL,1,SJS,0,1,FABRICATED_SYNTHETIC_RANDOM_SEED_42
20162017,20162017000238,2017-01-08,BOS,TOR,0.545999,0.454001,BOS,1,BOS,1,1,FABRICATED_SYNTHETIC_RANDOM_SEED_42
20162017,20162017000239,2017-01-08,FLA,OTT,0.529419,0.470581,FLA,0,OTT,0,1,FABRICATED_SYNTHETIC_RANDOM_SEED_42
20162017,20162017000240,2017-01-09,OTT,PHI,0.598441,0.401559,OTT,1,OTT,1,1,FABRICATED_SYNTHETIC_RANDOM_SEED_42
20162017,20162017000241,2017-01-09,OTT,VAN,0.548221,0.451779,OTT,1,OTT,1,1,FABRICATED_SYNTHETIC_RANDOM_SEED_42
20162017,20162017000242,2017-01-10,WSH,COL,0.567438,0.432562,WSH,0,COL,0,1,FABRICATED_SYNTHETIC_RANDOM_SEED_42
20162017,20162017000243,2017-01-10,VGK,BOS,0.516643,0.483357,VGK,0,BOS,0,1,FABRICATED_SYNTHETIC_RANDOM_SEED_42
20162017,20162017000244,2017-01-10,ARI,NJD,0.477427,0.522573,NJD,1,ARI,0,1,FABRICATED_SYNTHETIC_RANDOM_SEED_42
20162017,20162017000245,2017-01-11,LAK,DET,0.539033,0.460967,LAK,0,DET,0,1,FABRICATED_SYNTHETIC_RANDOM_SEED_42
20162017,20162017000246,2017-01-11,DAL,WSH,0.450987,0.549013,WSH,0,WSH,1,1,FABRICATED_SYNTHETIC_RANDOM_SEED_42
20162017,20162017000247,2017-01-12,ARI,LAK,0.475578,0.524422,LAK,1,ARI,0,1,FABRICATED_SYNTHETIC_RANDOM_SEED_42
20162017,20162017000248,2017-01-12,FLA,VGK,0.597,0.403,FLA,1,FLA,1,1,FABRICATED_SYNTHETIC_RANDOM_SEED_42
20162017,20162017000249,2017-01-13,NYR,ANA,0.487697,0.512303,ANA,0,ANA,1,1,FABRICATED_SYNTHETIC_RANDOM_SEED_42
20162017,20162017000250,2017-01-13,BOS,PIT,0.577189,0.422811,BOS,1,BOS,1,1,FABRICATED_SYNTHETIC_RANDOM_SEED_42
20162017,20162017000251,2017-01-13,OTT,NYR,0.548332,0.451668,OTT,0,NYR,0,1,FABRICATED_SYNTHETIC_RANDOM_SEED_42
20162017,20162017000252,2017-01-14,CHI,CAR,0.53599,0.46401,CHI,0,CAR,0,1,FABRICATED_SYNTHETIC_RANDOM_SEED_42
20162017,20162017000253,2017-01-14,CHI,MIN,0.582271,0.417729,CHI,1,CHI,1,1,FABRICATED_SYNTHETIC_RANDOM_SEED_42
20162017,20162017000254,2017-01-15,LAK,EDM,0.590094,0.409906,LAK,1,LAK,1,1,FABRICATED_SYNTHETIC_RANDOM_SEED_42
20162017,20162017000255,2017-01-15,CHI,SJS,0.459912,0.540088,SJS,1,CHI,0,1,FABRICATED_SYNTHETIC_RANDOM_SEED_42
20162017,20162017000256,2017-01-15,DAL,NYI,0.514305,0.485695,DAL,0,NYI,0,1,FABRICATED_SYNTHETIC_RANDOM_SEED_42
20162017,20162017000257,2017-01-16,LAK,DAL,0.567577,0.432423,LAK,1,LAK,1,1,FABRICATED_SYNTHETIC_RANDOM_SEED_42
20162017,20162017000258,2017-01-16,NYR,VGK,0.532626,0.467374,NYR,0,VGK,0,1,FABRICATED_SYNTHETIC_RANDOM_SEED_42
20162017,20162017000259,2017-01-17,BOS,NJD,0.585868,0.414132,BOS,1,BOS,1,1,FABRICATED_SYNTHETIC_RANDOM_SEED_42
20162017,20162017000260,2017-01-17,OTT,ANA,0.617607,0.382393,OTT,0,ANA,0,1,FABRICATED_SYNTHETIC_RANDOM_SEED_42
20162017,20162017000261,2017-01-18,DET,TOR,0.52752,0.47248,DET,1,DET,1,1,FABRICATED_SYNTHETIC_RANDOM_SEED_42
20162017,20162017000262,2017-01-18,LAK,WPG,0.509015,0.490985,LAK,1,LAK,1,1,FABRICATED_SYNTHETIC_RANDOM_SEED_42
20162017,20162017000263,2017-01-18,NJD,CAR,0.539802,0.460198,NJD,0,CAR,0,1,FABRICATED_SYNTHETIC_RANDOM_SEED_42
20162017,20162017000264,2017-01-19,EDM,BOS,0.430744,0.569256,BOS,0,BOS,1,1,FABRICATED_SYNTHETIC_RANDOM_SEED_42
20162017,20162017000265,2017-01-19,NYI,CHI,0.471385,0.528615,CHI,1,NYI,0,1,FABRICATED_SYNTHETIC_RANDOM_SEED_42
20162017,20162017000266,2017-01-20,VAN,ARI,0.580739,0.419261,VAN,1,VAN,1,1,FABRICATED_SYNTHETIC_RANDOM_SEED_42
20162017,20162017000267,2017-01-20,EDM,WSH,0.553357,0.446643,EDM,1,EDM,1,1,FABRICATED_SYNTHETIC_RANDOM_SEED_42
20162017,20162017000268,2017-01-21,VAN,NJD,0.53672,0.46328,VAN,0,NJD,0,1,FABRICATED_SYNTHETIC_RANDOM_SEED_42
20162017,20162017000269,2017-01-21,PHI,TBL,0.514976,0.485024,PHI,1,PHI,1,1,FABRICATED_SYNTHETIC_RANDOM_SEED_42
20162017,20162017000270,2017-01-21,CGY,DET,0.563577,0.436423,CGY,1,CGY,1,1,FABRICATED_SYNTHETIC_RANDOM_SEED_42
20162017,20162017000271,2017-01-22,VGK,CGY,0.539249,0.460751,VGK,1,VGK,1,1,FABRICATED_SYNTHETIC_RANDOM_SEED_42
20162017,20162017000272,2017-01-22,LAK,VAN,0.496737,0.503263,VAN,1,LAK,0,1,FABRICATED_SYNTHETIC_RANDOM_SEED_42
20162017,20162017000273,2017-01-23,OTT,VGK,0.600928,0.399072,OTT,0,VGK,0,1,FABRICATED_SYNTHETIC_RANDOM_SEED_42
20162017,20162017000274,2017-01-23,MTL,CGY,0.53886,0.46114,MTL,0,CGY,0,1,FABRICATED_SYNTHETIC_RANDOM_SEED_42
20162017,20162017000275,2017-01-23,SJS,CAR,0.439122,0.560878,CAR,1,SJS,0,1,FABRICATED_SYNTHETIC_RANDOM_SEED_42
20162017,20162017000276,2017-01-24,PIT,NYI,0.599332,0.400668,PIT,1,PIT,1,1,FABRICATED_SYNTHETIC_RANDOM_SEED_42
20162017,20162017000277,2017-01-24,PIT,MIN,0.50215,0.49785,PIT,0,MIN,0,1,FABRICATED_SYNTHETIC_RANDOM_SEED_42
20162017,20162017000278,2017-01-25,CBJ,DAL,0.603004,0.396996,CBJ,0,DAL,0,1,FABRICATED_SYNTHETIC_RANDOM_SEED_42
20162017,20162017000279,2017-01-25,BUF,OTT,0.49018,0.50982,OTT,1,BUF,0,1,FABRICATED_SYNTHETIC_RANDOM_SEED_42
20162017,20162017000280,2017-01-26,ARI,BUF,0.478022,0.521978,BUF,0,BUF,1,1,FABRICATED_SYNTHETIC_RANDOM_SEED_42
20162017,20162017000281,2017-01-26,CBJ,COL,0.54936,0.45064,CBJ,1,CBJ,1,1,FABRICATED_SYNTHETIC_RANDOM_SEED_42
20162017,20162017000282,2017-01-26,WSH,MTL,0.572998,0.427002,WSH,1,WSH,1,1,FABRICATED_SYNTHETIC_RANDOM_SEED_42
20162017,20162017000283,2017-01-27,NYR,LAK,0.558605,0.441395,NYR,1,NYR,1,1,FABRICATED_SYNTHETIC_RANDOM_SEED_42
20162017,20162017000284,2017-01-27,CBJ,NJD,0.49108,0.50892,NJD,1,CBJ,0,1,FABRICATED_SYNTHETIC_RANDOM_SEED_42
20162017,20162017000285,2017-01-28,WPG,PIT,0.511567,0.488433,WPG,1,WPG,1,1,FABRICATED_SYNTHETIC_RANDOM_SEED_42
20162017,20162017000286,2017-01-28,NYR,TOR,0.529104,0.470896,NYR,0,TOR,0,1,FABRICATED_SYNTHETIC_RANDOM_SEED_42
20162017,20162017000287,2017-01-28,DAL,CBJ,0.507895,0.492105,DAL,1,DAL,1,1,FABRICATED_SYNTHETIC_RANDOM_SEED_42
20162017,20162017000288,2017-01-29,SJS,VGK,0.570782,0.429218,SJS,1,SJS,1,1,FABRICATED_SYNTHETIC_RANDOM_SEED_42
20162017,20162017000289,2017-01-29,COL,CGY,0.583878,0.416122,COL,1,COL,1,1,FABRICATED_SYNTHETIC_RANDOM_SEED_42
20162017,20162017000290,2017-01-30,WSH,NJD,0.516986,0.483014,WSH,0,NJD,0,1,FABRICATED_SYNTHETIC_RANDOM_SEED_42
20162017,20162017000291,2017-01-30,PHI,CGY,0.521684,0.478316,PHI,1,PHI,1,1,FABRICATED_SYNTHETIC_RANDOM_SEED_42
20162017,20162017000292,2017-01-31,CGY,WPG,0.564957,0.435043,CGY,0,WPG,0,1,FABRICATED_SYNTHETIC_RANDOM_SEED_42
20162017,20162017000293,2017-01-31,DAL,EDM,0.545658,0.454342,DAL,0,EDM,0,1,FABRICATED_SYNTHETIC_RANDOM_SEED_42
20162017,20162017000294,2017-01-31,ARI,MTL,0.476283,0.523717,MTL,0,MTL,1,1,FABRICATED_SYNTHETIC_RANDOM_SEED_42
20162017,20162017000295,2017-02-01,SJS,TBL,0.492282,0.507718,TBL,1,SJS,0,1,FABRICATED_SYNTHETIC_RANDOM_SEED_42
20162017,20162017000296,2017-02-01,TOR,PIT,0.527685,0.472315,TOR,1,TOR,1,1,FABRICATED_SYNTHETIC_RANDOM_SEED_42
20162017,20162017000297,2017-02-02,CHI,NJD,0.507862,0.492138,CHI,1,CHI,1,1,FABRICATED_SYNTHETIC_RANDOM_SEED_42
20162017,20162017000298,2017-02-02,BUF,CBJ,0.467423,0.532577,CBJ,1,BUF,0,1,FABRICATED_SYNTHETIC_RANDOM_SEED_42
20162017,20162017000299,2017-02-03,COL,EDM,0.48038,0.51962,EDM,0,EDM,1,1,FABRICATED_SYNTHETIC_RANDOM_SEED_42
20162017,20162017000300,2017-02-03,CGY,NYR,0.497382,0.502618,NYR,0,NYR,1,1,FABRICATED_SYNTHETIC_RANDOM_SEED_42
20162017,20162017000301,2017-02-03,EDM,BUF,0.610648,0.389352,EDM,1,EDM,1,1,FABRICATED_SYNTHETIC_RANDOM_SEED_42
20162017,20162017000302,2017-02-04,NYR,COL,0.553658,0.446342,NYR,1,NYR,1,1,FABRICATED_SYNTHETIC_RANDOM_SEED_42
20162017,20162017000303,2017-02-04,NJD,CGY,0.511555,0.488445,NJD,1,NJD,1,1,FABRICATED_SYNTHETIC_RANDOM_SEED_42
20162017,20162017000304,2017-02-05,CHI,DAL,0.466472,0.533528,DAL,0,DAL,1,1,FABRICATED_SYNTHETIC_RANDOM_SEED_42
20162017,20162017000305,2017-02-05,VAN,DET,0.601278,0.398722,VAN,0,DET,0,1,FABRICATED_SYNTHETIC_RANDOM_SEED_42
20162017,20162017000306,2017-02-05,ARI,SJS,0.474913,0.525087,SJS,0,SJS,1,1,FABRICATED_SYNTHETIC_RANDOM_SEED_42
20162017,20162017000307,2017-02-06,PHI,TOR,0.556268,0.443732,PHI,0,TOR,0,1,FABRICATED_SYNTHETIC_RANDOM_SEED_42
20162017,20162017000308,2017-02-06,ARI,NYR,0.47125,0.52875,NYR,1,ARI,0,1,FABRICATED_SYNTHETIC_RANDOM_SEED_42
20162017,20162017000309,2017-02-07,COL,DAL,0.535469,0.464531,COL,1,COL,1,1,FABRICATED_SYNTHETIC_RANDOM_SEED_42
20162017,20162017000310,2017-02-07,DET,TBL,0.468636,0.531364,TBL,1,DET,0,1,FABRICATED_SYNTHETIC_RANDOM_SEED_42
20162017,20162017000311,2017-02-08,OTT,CAR,0.614194,0.385806,OTT,0,CAR,0,1,FABRICATED_SYNTHETIC_RANDOM_SEED_42
20162017,20162017000312,2017-02-08,NYI,DAL,0.515297,0.484703,NYI,0,DAL,0,1,FABRICATED_SYNTHETIC_RANDOM_SEED_42
20162017,20162017000313,2017-02-08,FLA,SJS,0.572176,0.427824,FLA,0,SJS,0,1,FABRICATED_SYNTHETIC_RANDOM_SEED_42
20162017,20162017000314,2017-02-09,CHI,ARI,0.582151,0.417849,CHI,1,CHI,1,1,FABRICATED_SYNTHETIC_RANDOM_SEED_42
20162017,20162017000315,2017-02-09,PIT,DAL,0.492823,0.507177,DAL,1,PIT,0,1,FABRICATED_SYNTHETIC_RANDOM_SEED_42
20162017,20162017000316,2017-02-10,BUF,CAR,0.499837,0.500163,CAR,0,CAR,1,1,FABRICATED_SYNTHETIC_RANDOM_SEED_42
20162017,20162017000317,2017-02-10,DET,FLA,0.508749,0.491251,DET,0,FLA,0,1,FABRICATED_SYNTHETIC_RANDOM_SEED_42
20162017,20162017000318,2017-02-10,PIT,WPG,0.478395,0.521605,WPG,1,PIT,0,1,FABRICATED_SYNTHETIC_RANDOM_SEED_42
20162017,20162017000319,2017-02-11,LAK,STL,0.455512,0.544488,STL,0,STL,1,1,FABRICATED_SYNTHETIC_RANDOM_SEED_42
20162017,20162017000320,2017-02-11,SJS,WSH,0.547489,0.452511,SJS,1,SJS,1,1,FABRICATED_SYNTHETIC_RANDOM_SEED_42
20162017,20162017000321,2017-02-12,OTT,BUF,0.571214,0.428786,OTT,0,BUF,0,1,FABRICATED_SYNTHETIC_RANDOM_SEED_42
20162017,20162017000322,2017-02-12,TBL,MTL,0.495054,0.504946,MTL,0,MTL,1,1,FABRICATED_SYNTHETIC_RANDOM_SEED_42
20162017,20162017000323,2017-02-13,LAK,NJD,0.430637,0.569363,NJD,1,LAK,0,1,FABRICATED_SYNTHETIC_RANDOM_SEED_42
20162017,20162017000324,2017-02-13,PHI,ANA,0.543006,0.456994,PHI,1,PHI,1,1,FABRICATED_SYNTHETIC_RANDOM_SEED_42
20162017,20162017000325,2017-02-13,FLA,PHI,0.504968,0.495032,FLA,1,FLA,1,1,FABRICATED_SYNTHETIC_RANDOM_SEED_42
20162017,20162017000326,2017-02-14,TBL,OTT,0.515157,0.484843,TBL,1,TBL,1,1,FABRICATED_SYNTHETIC_RANDOM_SEED_42
20162017,20162017000327,2017-02-14,PHI,BOS,0.527477,0.472523,PHI,0,BOS,0,1,FABRICATED_SYNTHETIC_RANDOM_SEED_42
20162017,20162017000328,2017-02-15,CBJ,TBL,0.518969,0.481031,CBJ,0,TBL,0,1,FABRICATED_SYNTHETIC_RANDOM_SEED_42
20162017,20162017000329,2017-02-15,OTT,DAL,0.58557,0.41443,OTT,1,OTT,1,1,FABRICATED_SYNTHETIC_RANDOM_SEED_42
20162017,20162017000330,2017-02-16,TOR,WSH,0.509416,0.490584,TOR,1,TOR,1,1,FABRICATED_SYNTHETIC_RANDOM_SEED_42
20162017,20162017000331,2017-02-16,BUF,ANA,0.545506,0.454494,BUF,0,ANA,0,1,FABRICATED_SYNTHETIC_RANDOM_SEED_42
20162017,20162017000332,2017-02-16,TBL,DAL,0.558672,0.441328,TBL,1,TBL,1,1,FABRICATED_SYNTHETIC_RANDOM_SEED_42
20162017,20162017000333,2017-02-17,WPG,MIN,0.543734,0.456266,WPG,1,WPG,1,1,FABRICATED_SYNTHETIC_RANDOM_SEED_42
20162017,20162017000334,2017-02-17,NYR,PIT,0.528369,0.471631,NYR,1,NYR,1,1,FABRICATED_SYNTHETIC_RANDOM_SEED_42
20162017,20162017000335,2017-02-18,CHI,CGY,0.46928,0.53072,CGY,1,CHI,0,1,FABRICATED_SYNTHETIC_RANDOM_SEED_42
20162017,20162017000336,2017-02-18,PHI,NJD,0.508719,0.491281,PHI,1,PHI,1,1,FABRICATED_SYNTHETIC_RANDOM_SEED_42
20162017,20162017000337,2017-02-18,MTL,NYI,0.501477,0.498523,MTL,1,MTL,1,1,FABRICATED_SYNTHETIC_RANDOM_SEED_42
20162017,20162017000338,2017-02-19,CAR,LAK,0.539745,0.460255,CAR,0,LAK,0,1,FABRICATED_SYNTHETIC_RANDOM_SEED_42
20162017,20162017000339,2017-02-19,WPG,CBJ,0.541531,0.458469,WPG,0,CBJ,0,1,FABRICATED_SYNTHETIC_RANDOM_SEED_42
20162017,20162017000340,2017-02-20,STL,SJS,0.606243,0.393757,STL,0,SJS,0,1,FABRICATED_SYNTHETIC_RANDOM_SEED_42
20162017,20162017000341,2017-02-20,DET,VAN,0.54711,0.45289,DET,1,DET,1,1,FABRICATED_SYNTHETIC_RANDOM_SEED_42
20162017,20162017000342,2017-02-21,CGY,PIT,0.53378,0.46622,CGY,1,CGY,1,1,FABRICATED_SYNTHETIC_RANDOM_SEED_42
20162017,20162017000343,2017-02-21,COL,OTT,0.479939,0.520061,OTT,0,OTT,1,1,FABRICATED_SYNTHETIC_RANDOM_SEED_42
20162017,20162017000344,2017-02-21,FLA,BUF,0.516471,0.483529,FLA,1,FLA,1,1,FABRICATED_SYNTHETIC_RANDOM_SEED_42
20162017,20162017000345,2017-02-22,NYI,LAK,0.52242,0.47758,NYI,0,LAK,0,1,FABRICATED_SYNTHETIC_RANDOM_SEED_42
20162017,20162017000346,2017-02-22,CBJ,TOR,0.561952,0.438048,CBJ,1,CBJ,1,1,FABRICATED_SYNTHETIC_RANDOM_SEED_42
20162017,20162017000347,2017-02-23,TBL,DET,0.562012,0.437988,TBL,1,TBL,1,1,FABRICATED_SYNTHETIC_RANDOM_SEED_42
20162017,20162017000348,2017-02-23,ANA,ARI,0.58501,0.41499,ANA,1,ANA,1,1,FABRICATED_SYNTHETIC_RANDOM_SEED_42
20162017,20162017000349,2017-02-24,ANA,DET,0.562735,0.437265,ANA,0,DET,0,1,FABRICATED_SYNTHETIC_RANDOM_SEED_42
20162017,20162017000350,2017-02-24,NYR,FLA,0.470031,0.529969,FLA,0,FLA,1,1,FABRICATED_SYNTHETIC_RANDOM_SEED_42
20162017,20162017000351,2017-02-24,ARI,PHI,0.47456,0.52544,PHI,0,PHI,1,1,FABRICATED_SYNTHETIC_RANDOM_SEED_42
20162017,20162017000352,2017-02-25,TBL,BUF,0.523773,0.476227,TBL,1,TBL,1,1,FABRICATED_SYNTHETIC_RANDOM_SEED_42
20162017,20162017000353,2017-02-25,MTL,PIT,0.567059,0.432941,MTL,1,MTL,1,1,FABRICATED_SYNTHETIC_RANDOM_SEED_42
20162017,20162017000354,2017-02-26,STL,BOS,0.527221,0.472779,STL,0,BOS,0,1,FABRICATED_SYNTHETIC_RANDOM_SEED_42
20162017,20162017000355,2017-02-26,CBJ,BOS,0.489273,0.510727,BOS,1,CBJ,0,1,FABRICATED_SYNTHETIC_RANDOM_SEED_42
20162017,20162017000356,2017-02-26,BUF,ARI,0.580414,0.419586,BUF,0,ARI,0,1,FABRICATED_SYNTHETIC_RANDOM_SEED_42
20162017,20162017000357,2017-02-27,WPG,COL,0.505256,0.494744,WPG,0,COL,0,1,FABRICATED_SYNTHETIC_RANDOM_SEED_42
20162017,20162017000358,2017-02-27,PIT,BUF,0.535191,0.464809,PIT,0,BUF,0,1,FABRICATED_SYNTHETIC_RANDOM_SEED_42
20162017,20162017000359,2017-02-28,WSH,DET,0.577143,0.422857,WSH,1,WSH,1,1,FABRICATED_SYNTHETIC_RANDOM_SEED_42
20162017,20162017000360,2017-02-28,VAN,COL,0.577301,0.422699,VAN,0,COL,0,1,FABRICATED_SYNTHETIC_RANDOM_SEED_42
20162017,20162017000361,2017-03-01,MIN,WSH,0.528236,0.471764,MIN,1,MIN,1,1,FABRICATED_SYNTHETIC_RANDOM_SEED_42
20162017,20162017000362,2017-03-01,MTL,MIN,0.516105,0.483895,MTL,1,MTL,1,1,FABRICATED_SYNTHETIC_RANDOM_SEED_42
20162017,20162017000363,2017-03-01,NYI,NJD,0.498201,0.501799,NJD,1,NYI,0,1,FABRICATED_SYNTHETIC_RANDOM_SEED_42
20162017,20162017000364,2017-03-02,OTT,PIT,0.603223,0.396777,OTT,0,PIT,0,1,FABRICATED_SYNTHETIC_RANDOM_SEED_42
20162017,20162017000365,2017-03-02,COL,LAK,0.573428,0.426572,COL,1,COL,1,1,FABRICATED_SYNTHETIC_RANDOM_SEED_42
20162017,20162017000366,2017-03-03,TBL,BOS,0.496574,0.503426,BOS,1,TBL,0,1,FABRICATED_SYNTHETIC_RANDOM_SEED_42
20162017,20162017000367,2017-03-03,NYR,CGY,0.528815,0.471185,NYR,0,CGY,0,1,FABRICATED_SYNTHETIC_RANDOM_SEED_42
20162017,20162017000368,2017-03-03,LAK,OTT,0.457929,0.542071,OTT,0,OTT,1,1,FABRICATED_SYNTHETIC_RANDOM_SEED_42
20162017,20162017000369,2017-03-04,BUF,CGY,0.583072,0.416928,BUF,1,BUF,1,1,FABRICATED_SYNTHETIC_RANDOM_SEED_42
20162017,20162017000370,2017-03-04,NYR,WPG,0.566348,0.433652,NYR,0,WPG,0,1,FABRICATED_SYNTHETIC_RANDOM_SEED_42
20162017,20162017000371,2017-03-05,WSH,NYI,0.649801,0.350199,WSH,1,WSH,1,1,FABRICATED_SYNTHETIC_RANDOM_SEED_42
20162017,20162017000372,2017-03-05,PHI,CHI,0.608924,0.391076,PHI,0,CHI,0,1,FABRICATED_SYNTHETIC_RANDOM_SEED_42
20162017,20162017000373,2017-03-06,SJS,BUF,0.550113,0.449887,SJS,1,SJS,1,1,FABRICATED_SYNTHETIC_RANDOM_SEED_42
20162017,20162017000374,2017-03-06,MTL,OTT,0.470838,0.529162,OTT,1,MTL,0,1,FABRICATED_SYNTHETIC_RANDOM_SEED_42
20162017,20162017000375,2017-03-06,VAN,BOS,0.476476,0.523524,BOS,0,BOS,1,1,FABRICATED_SYNTHETIC_RANDOM_SEED_42
20162017,20162017000376,2017-03-07,WPG,VGK,0.594422,0.405578,WPG,0,VGK,0,1,FABRICATED_SYNTHETIC_RANDOM_SEED_42
20162017,20162017000377,2017-03-07,CGY,SJS,0.506122,0.493878,CGY,1,CGY,1,1,FABRICATED_SYNTHETIC_RANDOM_SEED_42
20162017,20162017000378,2017-03-08,VAN,CBJ,0.545243,0.454757,VAN,1,VAN,1,1,FABRICATED_SYNTHETIC_RANDOM_SEED_42
20162017,20162017000379,2017-03-08,MIN,STL,0.553949,0.446051,MIN,1,MIN,1,1,FABRICATED_SYNTHETIC_RANDOM_SEED_42
20162017,20162017000380,2017-03-09,FLA,STL,0.490151,0.509849,STL,0,STL,1,1,FABRICATED_SYNTHETIC_RANDOM_SEED_42
20162017,20162017000381,2017-03-09,BUF,VGK,0.558421,0.441579,BUF,0,VGK,0,1,FABRICATED_SYNTHETIC_RANDOM_SEED_42
20162017,20162017000382,2017-03-09,NYI,ARI,0.586744,0.413256,NYI,0,ARI,0,1,FABRICATED_SYNTHETIC_RANDOM_SEED_42
20162017,20162017000383,2017-03-10,EDM,CGY,0.589327,0.410673,EDM,1,EDM,1,1,FABRICATED_SYNTHETIC_RANDOM_SEED_42
20162017,20162017000384,2017-03-10,STL,EDM,0.440469,0.559531,EDM,1,STL,0,1,FABRICATED_SYNTHETIC_RANDOM_SEED_42
20162017,20162017000385,2017-03-11,TBL,TOR,0.52059,0.47941,TBL,0,TOR,0,1,FABRICATED_SYNTHETIC_RANDOM_SEED_42
20162017,20162017000386,2017-03-11,STL,DAL,0.533703,0.466297,STL,0,DAL,0,1,FABRICATED_SYNTHETIC_RANDOM_SEED_42
20162017,20162017000387,2017-03-11,NJD,CBJ,0.542944,0.457056,NJD,0,CBJ,0,1,FABRICATED_SYNTHETIC_RANDOM_SEED_42
20162017,20162017000388,2017-03-12,COL,NJD,0.528019,0.471981,COL,1,COL,1,1,FABRICATED_SYNTHETIC_RANDOM_SEED_42
20162017,20162017000389,2017-03-12,EDM,PHI,0.533656,0.466344,EDM,0,PHI,0,1,FABRICATED_SYNTHETIC_RANDOM_SEED_42
20162017,20162017000390,2017-03-13,VAN,MTL,0.542179,0.457821,VAN,1,VAN,1,1,FABRICATED_SYNTHETIC_RANDOM_SEED_42
20162017,20162017000391,2017-03-13,FLA,NJD,0.564912,0.435088,FLA,0,NJD,0,1,FABRICATED_SYNTHETIC_RANDOM_SEED_42
20162017,20162017000392,2017-03-14,CHI,COL,0.50515,0.49485,CHI,0,COL,0,1,FABRICATED_SYNTHETIC_RANDOM_SEED_42
20162017,20162017000393,2017-03-14,CGY,CHI,0.509335,0.490665,CGY,0,CHI,0,1,FABRICATED_SYNTHETIC_RANDOM_SEED_42
20162017,20162017000394,2017-03-14,NJD,NYR,0.523321,0.476679,NJD,1,NJD,1,1,FABRICATED_SYNTHETIC_RANDOM_SEED_42
20162017,20162017000395,2017-03-15,ANA,COL,0.567946,0.432054,ANA,0,COL,0,1,FABRICATED_SYNTHETIC_RANDOM_SEED_42
20162017,20162017000396,2017-03-15,WSH,BOS,0.557502,0.442498,WSH,0,BOS,0,1,FABRICATED_SYNTHETIC_RANDOM_SEED_42
20162017,20162017000397,2017-03-16,OTT,FLA,0.55196,0.44804,OTT,1,OTT,1,1,FABRICATED_SYNTHETIC_RANDOM_SEED_42
20162017,20162017000398,2017-03-16,ARI,CGY,0.472766,0.527234,CGY,0,CGY,1,1,FABRICATED_SYNTHETIC_RANDOM_SEED_42
20162017,20162017000399,2017-03-16,TOR,DET,0.475234,0.524766,DET,1,TOR,0,1,FABRICATED_SYNTHETIC_RANDOM_SEED_42
20162017,20162017000400,2017-03-17,CBJ,NYI,0.627179,0.372821,CBJ,0,NYI,0,1,FABRICATED_SYNTHETIC_RANDOM_SEED_42
20162017,20162017000401,2017-03-17,ANA,NYI,0.591863,0.408137,ANA,1,ANA,1,1,FABRICATED_SYNTHETIC_RANDOM_SEED_42
20162017,20162017000402,2017-03-18,TOR,NJD,0.493583,0.506417,NJD,0,NJD,1,1,FABRICATED_SYNTHETIC_RANDOM_SEED_42
20162017,20162017000403,2017-03-18,WPG,DAL,0.516491,0.483509,WPG,1,WPG,1,1,FABRICATED_SYNTHETIC_RANDOM_SEED_42
20162017,20162017000404,2017-03-19,STL,MIN,0.513245,0.486755,STL,1,STL,1,1,FABRICATED_SYNTHETIC_RANDOM_SEED_42
20162017,20162017000405,2017-03-19,SJS,DET,0.507361,0.492639,SJS,0,DET,0,1,FABRICATED_SYNTHETIC_RANDOM_SEED_42
20162017,20162017000406,2017-03-19,BOS,NYR,0.53393,0.46607,BOS,1,BOS,1,1,FABRICATED_SYNTHETIC_RANDOM_SEED_42
20162017,20162017000407,2017-03-20,COL,CBJ,0.476542,0.523458,CBJ,1,COL,0,1,FABRICATED_SYNTHETIC_RANDOM_SEED_42
20162017,20162017000408,2017-03-20,STL,NJD,0.519789,0.480211,STL,1,STL,1,1,FABRICATED_SYNTHETIC_RANDOM_SEED_42
20162017,20162017000409,2017-03-21,DET,NYR,0.53501,0.46499,DET,1,DET,1,1,FABRICATED_SYNTHETIC_RANDOM_SEED_42
20162017,20162017000410,2017-03-21,MIN,BUF,0.576183,0.423817,MIN,1,MIN,1,1,FABRICATED_SYNTHETIC_RANDOM_SEED_42
20162017,20162017000411,2017-03-22,NYR,PHI,0.45257,0.54743,PHI,1,NYR,0,1,FABRICATED_SYNTHETIC_RANDOM_SEED_42
20162017,20162017000412,2017-03-22,NJD,PHI,0.544358,0.455642,NJD,1,NJD,1,1,FABRICATED_SYNTHETIC_RANDOM_SEED_42
20162017,20162017000413,2017-03-22,STL,TOR,0.485667,0.514333,TOR,1,STL,0,1,FABRICATED_SYNTHETIC_RANDOM_SEED_42
20162017,20162017000414,2017-03-23,ARI,NYI,0.474745,0.525255,NYI,0,NYI,1,1,FABRICATED_SYNTHETIC_RANDOM_SEED_42
20162017,20162017000415,2017-03-23,STL,NYR,0.502491,0.497509,STL,1,STL,1,1,FABRICATED_SYNTHETIC_RANDOM_SEED_42
20162017,20162017000416,2017-03-24,WPG,FLA,0.526829,0.473171,WPG,0,FLA,0,1,FABRICATED_SYNTHETIC_RANDOM_SEED_42
20162017,20162017000417,2017-03-24,EDM,TOR,0.582043,0.417957,EDM,1,EDM,1,1,FABRICATED_SYNTHETIC_RANDOM_SEED_42
20162017,20162017000418,2017-03-24,CAR,EDM,0.519451,0.480549,CAR,0,EDM,0,1,FABRICATED_SYNTHETIC_RANDOM_SEED_42
20162017,20162017000419,2017-03-25,LAK,TOR,0.502062,0.497938,LAK,1,LAK,1,1,FABRICATED_SYNTHETIC_RANDOM_SEED_42
20162017,20162017000420,2017-03-25,CGY,PHI,0.484892,0.515108,PHI,0,PHI,1,1,FABRICATED_SYNTHETIC_RANDOM_SEED_42
20162017,20162017000421,2017-03-26,WSH,STL,0.54405,0.45595,WSH,1,WSH,1,1,FABRICATED_SYNTHETIC_RANDOM_SEED_42
20162017,20162017000422,2017-03-26,CAR,ANA,0.550845,0.449155,CAR,1,CAR,1,1,FABRICATED_SYNTHETIC_RANDOM_SEED_42
20162017,20162017000423,2017-03-27,ARI,DET,0.472958,0.527042,DET,1,ARI,0,1,FABRICATED_SYNTHETIC_RANDOM_SEED_42
20162017,20162017000424,2017-03-27,NYR,ARI,0.578185,0.421815,NYR,0,ARI,0,1,FABRICATED_SYNTHETIC_RANDOM_SEED_42
20162017,20162017000425,2017-03-27,TBL,CAR,0.572766,0.427234,TBL,1,TBL,1,1,FABRICATED_SYNTHETIC_RANDOM_SEED_42
20162017,20162017000426,2017-03-28,NYI,NYR,0.515316,0.484684,NYI,0,NYR,0,1,FABRICATED_SYNTHETIC_RANDOM_SEED_42
20162017,20162017000427,2017-03-28,MTL,TOR,0.462679,0.537321,TOR,1,MTL,0,1,FABRICATED_SYNTHETIC_RANDOM_SEED_42
20162017,20162017000428,2017-03-29,TBL,EDM,0.513706,0.486294,TBL,0,EDM,0,1,FABRICATED_SYNTHETIC_RANDOM_SEED_42
20162017,20162017000429,2017-03-29,WSH,ANA,0.553184,0.446816,WSH,1,WSH,1,1,FABRICATED_SYNTHETIC_RANDOM_SEED_42
20162017,20162017000430,2017-03-29,WSH,TOR,0.544256,0.455744,WSH,1,WSH,1,1,FABRICATED_SYNTHETIC_RANDOM_SEED_42
20162017,20162017000431,2017-03-30,CAR,NYR,0.492632,0.507368,NYR,0,NYR,1,1,FABRICATED_SYNTHETIC_RANDOM_SEED_42
20162017,20162017000432,2017-03-30,NYI,BUF,0.533387,0.466613,NYI,0,BUF,0,1,FABRICATED_SYNTHETIC_RANDOM_SEED_42
20162017,20162017000433,2017-03-31,VAN,NYR,0.540291,0.459709,VAN,0,NYR,0,1,FABRICATED_SYNTHETIC_RANDOM_SEED_42
20162017,20162017000434,2017-03-31,PIT,TOR,0.534672,0.465328,PIT,1,PIT,1,1,FABRICATED_SYNTHETIC_RANDOM_SEED_42
20162017,20162017000435,2017-04-01,WPG,BOS,0.493752,0.506248,BOS,1,WPG,0,1,FABRICATED_SYNTHETIC_RANDOM_SEED_42
20162017,20162017000436,2017-04-01,WPG,DET,0.538648,0.461352,WPG,0,DET,0,1,FABRICATED_SYNTHETIC_RANDOM_SEED_42
20162017,20162017000437,2017-04-01,PIT,BOS,0.534757,0.465243,PIT,0,BOS,0,1,FABRICATED_SYNTHETIC_RANDOM_SEED_42
20162017,20162017000438,2017-04-02,CAR,BUF,0.589035,0.410965,CAR,0,BUF,0,1,FABRICATED_SYNTHETIC_RANDOM_SEED_42
20162017,20162017000439,2017-04-02,PIT,LAK,0.603124,0.396876,PIT,0,LAK,0,1,FABRICATED_SYNTHETIC_RANDOM_SEED_42
20162017,20162017000440,2017-04-03,NYI,CGY,0.494818,0.505182,CGY,1,NYI,0,1,FABRICATED_SYNTHETIC_RANDOM_SEED_42
20162017,20162017000441,2017-04-03,ANA,MIN,0.535915,0.464085,ANA,1,ANA,1,1,FABRICATED_SYNTHETIC_RANDOM_SEED_42
20162017,20162017000442,2017-04-04,PIT,PHI,0.47943,0.52057,PHI,0,PHI,1,1,FABRICATED_SYNTHETIC_RANDOM_SEED_42
20162017,20162017000443,2017-04-04,ANA,OTT,0.486673,0.513327,OTT,0,OTT,1,1,FABRICATED_SYNTHETIC_RANDOM_SEED_42
20162017,20162017000444,2017-04-04,COL,TOR,0.546747,0.453253,COL,0,TOR,0,1,FABRICATED_SYNTHETIC_RANDOM_SEED_42
20162017,20162017000445,2017-04-05,WPG,TOR,0.549204,0.450796,WPG,0,TOR,0,1,FABRICATED_SYNTHETIC_RANDOM_SEED_42
20162017,20162017000446,2017-04-05,NYR,OTT,0.504031,0.495969,NYR,1,NYR,1,1,FABRICATED_SYNTHETIC_RANDOM_SEED_42
20162017,20162017000447,2017-04-06,MIN,VAN,0.510537,0.489463,MIN,1,MIN,1,1,FABRICATED_SYNTHETIC_RANDOM_SEED_42
20162017,20162017000448,2017-04-06,NJD,COL,0.58074,0.41926,NJD,1,NJD,1,1,FABRICATED_SYNTHETIC_RANDOM_SEED_42
20162017,20162017000449,2017-04-06,SJS,PIT,0.565204,0.434796,SJS,1,SJS,1,1,FABRICATED_SYNTHETIC_RANDOM_SEED_42
20162017,20162017000450,2017-04-07,LAK,SJS,0.535163,0.464837,LAK,0,SJS,0,1,FABRICATED_SYNTHETIC_RANDOM_SEED_42
20162017,20162017000451,2017-04-07,OTT,DET,0.668045,0.331955,OTT,0,DET,0,1,FABRICATED_SYNTHETIC_RANDOM_SEED_42
20162017,20162017000452,2017-04-08,WPG,ARI,0.579289,0.420711,WPG,1,WPG,1,1,FABRICATED_SYNTHETIC_RANDOM_SEED_42
20162017,20162017000453,2017-04-08,NYR,CAR,0.494822,0.505178,CAR,1,NYR,0,1,FABRICATED_SYNTHETIC_RANDOM_SEED_42
20162017,20162017000454,2017-04-09,PIT,OTT,0.484971,0.515029,OTT,1,PIT,0,1,FABRICATED_SYNTHETIC_RANDOM_SEED_42
20162017,20162017000455,2017-04-09,LAK,PHI,0.491528,0.508472,PHI,0,PHI,1,1,FABRICATED_SYNTHETIC_RANDOM_SEED_42
20162017,20162017000456,2017-04-09,DET,VGK,0.456302,0.543698,VGK,1,DET,0,1,FABRICATED_SYNTHETIC_RANDOM_SEED_42
20162017,20162017000457,2017-04-10,NJD,MTL,0.551859,0.448141,NJD,0,MTL,0,1,FABRICATED_SYNTHETIC_RANDOM_SEED_42
20162017,20162017000458,2017-04-10,CHI,BOS,0.531862,0.468138,CHI,1,CHI,1,1,FABRICATED_SYNTHETIC_RANDOM_SEED_42
20162017,20162017000459,2017-04-11,MTL,DAL,0.52092,0.47908,MTL,1,MTL,1,1,FABRICATED_SYNTHETIC_RANDOM_SEED_42
20162017,20162017000460,2017-04-11,FLA,BOS,0.566946,0.433054,FLA,1,FLA,1,1,FABRICATED_SYNTHETIC_RANDOM_SEED_42
20162017,20162017000461,2017-04-11,FLA,WSH,0.562956,0.437044,FLA,1,FLA,1,1,FABRICATED_SYNTHETIC_RANDOM_SEED_42
20162017,20162017000462,2017-04-12,CAR,NJD,0.521878,0.478122,CAR,1,CAR,1,1,FABRICATED_SYNTHETIC_RANDOM_SEED_42
20162017,20162017000463,2017-04-12,NJD,DET,0.588309,0.411691,NJD,0,DET,0,1,FABRICATED_SYNTHETIC_RANDOM_SEED_42
20162017,20162017000464,2017-04-13,EDM,MIN,0.571515,0.428485,EDM,1,EDM,1,1,FABRICATED_SYNTHETIC_RANDOM_SEED_42
20162017,20162017000465,2017-04-13,PHI,OTT,0.546952,0.453048,PHI,1,PHI,1,1,FABRICATED_SYNTHETIC_RANDOM_SEED_42
20162017,20162017000466,2017-04-14,PHI,WSH,0.626302,0.373698,PHI,0,WSH,0,1,FABRICATED_SYNTHETIC_RANDOM_SEED_42
20162017,20162017000467,2017-04-14,PIT,CHI,0.512453,0.487547,PIT,1,PIT,1,1,FABRICATED_SYNTHETIC_RANDOM_SEED_42
20162017,20162017000468,2017-04-14,NYI,CAR,0.501521,0.498479,NYI,1,NYI,1,1,FABRICATED_SYNTHETIC_RANDOM_SEED_42
20172018,20172018000001,2017-10-01,MTL,SJS,0.568417,0.431583,MTL,0,SJS,0,1,FABRICATED_SYNTHETIC_RANDOM_SEED_42
20172018,20172018000002,2017-10-01,TBL,CAR,0.571192,0.428808,TBL,1,TBL,1,1,FABRICATED_SYNTHETIC_RANDOM_SEED_42
20172018,20172018000003,2017-10-01,FLA,DET,0.582691,0.417309,FLA,0,DET,0,1,FABRICATED_SYNTHETIC_RANDOM_SEED_42
20172018,20172018000004,2017-10-02,CGY,COL,0.561055,0.438945,CGY,0,COL,0,1,FABRICATED_SYNTHETIC_RANDOM_SEED_42
20172018,20172018000005,2017-10-02,BUF,CHI,0.570206,0.429794,BUF,1,BUF,1,1,FABRICATED_SYNTHETIC_RANDOM_SEED_42
20172018,20172018000006,2017-10-03,TBL,ANA,0.475321,0.524679,ANA,0,ANA,1,1,FABRICATED_SYNTHETIC_RANDOM_SEED_42
20172018,20172018000007,2017-10-03,ARI,SJS,0.625535,0.374465,ARI,1,ARI,1,1,FABRICATED_SYNTHETIC_RANDOM_SEED_42
20172018,20172018000008,2017-10-03,CGY,CAR,0.581901,0.418099,CGY,1,CGY,1,1,FABRICATED_SYNTHETIC_RANDOM_SEED_42
20172018,20172018000009,2017-10-04,ARI,CAR,0.612717,0.387283,ARI,0,CAR,0,1,FABRICATED_SYNTHETIC_RANDOM_SEED_42
20172018,20172018000010,2017-10-04,CAR,CHI,0.61273,0.38727,CAR,0,CHI,0,1,FABRICATED_SYNTHETIC_RANDOM_SEED_42
20172018,20172018000011,2017-10-05,CHI,CAR,0.611539,0.388461,CHI,0,CAR,0,1,FABRICATED_SYNTHETIC_RANDOM_SEED_42
20172018,20172018000012,2017-10-05,BOS,FLA,0.547982,0.452018,BOS,1,BOS,1,1,FABRICATED_SYNTHETIC_RANDOM_SEED_42
20172018,20172018000013,2017-10-06,CAR,TBL,0.555478,0.444522,CAR,0,TBL,0,1,FABRICATED_SYNTHETIC_RANDOM_SEED_42
20172018,20172018000014,2017-10-06,FLA,WSH,0.493914,0.506086,WSH,1,FLA,0,1,FABRICATED_SYNTHETIC_RANDOM_SEED_42
20172018,20172018000015,2017-10-06,MIN,CAR,0.553656,0.446344,MIN,1,MIN,1,1,FABRICATED_SYNTHETIC_RANDOM_SEED_42
20172018,20172018000016,2017-10-07,ARI,STL,0.620305,0.379695,ARI,1,ARI,1,1,FABRICATED_SYNTHETIC_RANDOM_SEED_42
20172018,20172018000017,2017-10-07,WSH,PIT,0.500591,0.499409,WSH,1,WSH,1,1,FABRICATED_SYNTHETIC_RANDOM_SEED_42
20172018,20172018000018,2017-10-08,VAN,NYR,0.588762,0.411238,VAN,0,NYR,0,1,FABRICATED_SYNTHETIC_RANDOM_SEED_42
20172018,20172018000019,2017-10-08,LAK,DAL,0.597407,0.402593,LAK,1,LAK,1,1,FABRICATED_SYNTHETIC_RANDOM_SEED_42
20172018,20172018000020,2017-10-08,NYR,STL,0.445439,0.554561,STL,1,NYR,0,1,FABRICATED_SYNTHETIC_RANDOM_SEED_42
20172018,20172018000021,2017-10-09,CAR,SJS,0.672425,0.327575,CAR,1,CAR,1,1,FABRICATED_SYNTHETIC_RANDOM_SEED_42
20172018,20172018000022,2017-10-09,LAK,FLA,0.621348,0.378652,LAK,0,FLA,0,1,FABRICATED_SYNTHETIC_RANDOM_SEED_42
20172018,20172018000023,2017-10-10,ARI,TBL,0.609725,0.390275,ARI,1,ARI,1,1,FABRICATED_SYNTHETIC_RANDOM_SEED_42
20172018,20172018000024,2017-10-10,FLA,CGY,0.4623,0.5377,CGY,1,FLA,0,1,FABRICATED_SYNTHETIC_RANDOM_SEED_42
20172018,20172018000025,2017-10-11,CAR,BUF,0.544564,0.455436,CAR,1,CAR,1,1,FABRICATED_SYNTHETIC_RANDOM_SEED_42
20172018,20172018000026,2017-10-11,FLA,ARI,0.528296,0.471704,FLA,0,ARI,0,1,FABRICATED_SYNTHETIC_RANDOM_SEED_42
20172018,20172018000027,2017-10-11,OTT,MTL,0.514909,0.485091,OTT,0,MTL,0,1,FABRICATED_SYNTHETIC_RANDOM_SEED_42
20172018,20172018000028,2017-10-12,STL,CGY,0.623846,0.376154,STL,0,CGY,0,1,FABRICATED_SYNTHETIC_RANDOM_SEED_42
20172018,20172018000029,2017-10-12,CAR,CGY,0.578768,0.421232,CAR,1,CAR,1,1,FABRICATED_SYNTHETIC_RANDOM_SEED_42
20172018,20172018000030,2017-10-13,CHI,WPG,0.45755,0.54245,WPG,1,CHI,0,1,FABRICATED_SYNTHETIC_RANDOM_SEED_42
20172018,20172018000031,2017-10-13,ARI,VGK,0.60977,0.39023,ARI,0,VGK,0,1,FABRICATED_SYNTHETIC_RANDOM_SEED_42
20172018,20172018000032,2017-10-14,OTT,MIN,0.544943,0.455057,OTT,1,OTT,1,1,FABRICATED_SYNTHETIC_RANDOM_SEED_42
20172018,20172018000033,2017-10-14,CBJ,BOS,0.581662,0.418338,CBJ,0,BOS,0,1,FABRICATED_SYNTHETIC_RANDOM_SEED_42
20172018,20172018000034,2017-10-14,VAN,CAR,0.711067,0.288933,VAN,0,CAR,0,1,FABRICATED_SYNTHETIC_RANDOM_SEED_42
20172018,20172018000035,2017-10-15,VGK,ANA,0.596057,0.403943,VGK,1,VGK,1,1,FABRICATED_SYNTHETIC_RANDOM_SEED_42
20172018,20172018000036,2017-10-15,VAN,EDM,0.456171,0.543829,EDM,1,VAN,0,1,FABRICATED_SYNTHETIC_RANDOM_SEED_42
20172018,20172018000037,2017-10-16,MTL,CGY,0.594823,0.405177,MTL,0,CGY,0,1,FABRICATED_SYNTHETIC_RANDOM_SEED_42
20172018,20172018000038,2017-10-16,NYR,EDM,0.411408,0.588592,EDM,0,EDM,1,1,FABRICATED_SYNTHETIC_RANDOM_SEED_42
20172018,20172018000039,2017-10-16,ANA,MIN,0.552307,0.447693,ANA,1,ANA,1,1,FABRICATED_SYNTHETIC_RANDOM_SEED_42
20172018,20172018000040,2017-10-17,DAL,DET,0.580495,0.419505,DAL,1,DAL,1,1,FABRICATED_SYNTHETIC_RANDOM_SEED_42
20172018,20172018000041,2017-10-17,PIT,CGY,0.641856,0.358144,PIT,0,CGY,0,1,FABRICATED_SYNTHETIC_RANDOM_SEED_42
20172018,20172018000042,2017-10-18,NJD,MTL,0.537048,0.462952,NJD,1,NJD,1,1,FABRICATED_SYNTHETIC_RANDOM_SEED_42
20172018,20172018000043,2017-10-18,TBL,OTT,0.415366,0.584634,OTT,1,TBL,0,1,FABRICATED_SYNTHETIC_RANDOM_SEED_42
20172018,20172018000044,2017-10-19,TBL,VGK,0.529727,0.470273,TBL,0,VGK,0,1,FABRICATED_SYNTHETIC_RANDOM_SEED_42
20172018,20172018000045,2017-10-19,TBL,CHI,0.623627,0.376373,TBL,1,TBL,1,1,FABRICATED_SYNTHETIC_RANDOM_SEED_42
20172018,20172018000046,2017-10-19,STL,ARI,0.490239,0.509761,ARI,1,STL,0,1,FABRICATED_SYNTHETIC_RANDOM_SEED_42
20172018,20172018000047,2017-10-20,TOR,NJD,0.554878,0.445122,TOR,1,TOR,1,1,FABRICATED_SYNTHETIC_RANDOM_SEED_42
20172018,20172018000048,2017-10-20,DET,BOS,0.613896,0.386104,DET,0,BOS,0,1,FABRICATED_SYNTHETIC_RANDOM_SEED_42
20172018,20172018000049,2017-10-21,CBJ,CHI,0.582661,0.417339,CBJ,1,CBJ,1,1,FABRICATED_SYNTHETIC_RANDOM_SEED_42
20172018,20172018000050,2017-10-21,NYI,OTT,0.535292,0.464708,NYI,1,NYI,1,1,FABRICATED_SYNTHETIC_RANDOM_SEED_42
20172018,20172018000051,2017-10-21,FLA,COL,0.544171,0.455829,FLA,0,COL,0,1,FABRICATED_SYNTHETIC_RANDOM_SEED_42
20172018,20172018000052,2017-10-22,LAK,CHI,0.618857,0.381143,LAK,1,LAK,1,1,FABRICATED_SYNTHETIC_RANDOM_SEED_42
20172018,20172018000053,2017-10-22,STL,BOS,0.595154,0.404846,STL,1,STL,1,1,FABRICATED_SYNTHETIC_RANDOM_SEED_42
20172018,20172018000054,2017-10-23,MTL,PHI,0.488885,0.511115,PHI,0,PHI,1,1,FABRICATED_SYNTHETIC_RANDOM_SEED_42
20172018,20172018000055,2017-10-23,DAL,CBJ,0.582355,0.417645,DAL,1,DAL,1,1,FABRICATED_SYNTHETIC_RANDOM_SEED_42
20172018,20172018000056,2017-10-24,WSH,VAN,0.567948,0.432052,WSH,1,WSH,1,1,FABRICATED_SYNTHETIC_RANDOM_SEED_42
20172018,20172018000057,2017-10-24,DET,FLA,0.568761,0.431239,DET,1,DET,1,1,FABRICATED_SYNTHETIC_RANDOM_SEED_42
20172018,20172018000058,2017-10-24,FLA,PHI,0.48607,0.51393,PHI,0,PHI,1,1,FABRICATED_SYNTHETIC_RANDOM_SEED_42
20172018,20172018000059,2017-10-25,STL,EDM,0.629663,0.370337,STL,0,EDM,0,1,FABRICATED_SYNTHETIC_RANDOM_SEED_42
20172018,20172018000060,2017-10-25,OTT,CBJ,0.599092,0.400908,OTT,0,CBJ,0,1,FABRICATED_SYNTHETIC_RANDOM_SEED_42
20172018,20172018000061,2017-10-26,WSH,BOS,0.634661,0.365339,WSH,1,WSH,1,1,FABRICATED_SYNTHETIC_RANDOM_SEED_42
20172018,20172018000062,2017-10-26,STL,CBJ,0.525236,0.474764,STL,0,CBJ,0,1,FABRICATED_SYNTHETIC_RANDOM_SEED_42
20172018,20172018000063,2017-10-27,CHI,TOR,0.531315,0.468685,CHI,1,CHI,1,1,FABRICATED_SYNTHETIC_RANDOM_SEED_42
20172018,20172018000064,2017-10-27,EDM,TBL,0.560878,0.439122,EDM,0,TBL,0,1,FABRICATED_SYNTHETIC_RANDOM_SEED_42
20172018,20172018000065,2017-10-27,LAK,COL,0.505025,0.494975,LAK,0,COL,0,1,FABRICATED_SYNTHETIC_RANDOM_SEED_42
20172018,20172018000066,2017-10-28,TOR,STL,0.546444,0.453556,TOR,1,TOR,1,1,FABRICATED_SYNTHETIC_RANDOM_SEED_42
20172018,20172018000067,2017-10-28,MIN,MTL,0.573108,0.426892,MIN,1,MIN,1,1,FABRICATED_SYNTHETIC_RANDOM_SEED_42
20172018,20172018000068,2017-10-29,PHI,BOS,0.672112,0.327888,PHI,0,BOS,0,1,FABRICATED_SYNTHETIC_RANDOM_SEED_42
20172018,20172018000069,2017-10-29,WSH,COL,0.546319,0.453681,WSH,1,WSH,1,1,FABRICATED_SYNTHETIC_RANDOM_SEED_42
20172018,20172018000070,2017-10-29,COL,ARI,0.491345,0.508655,ARI,0,ARI,1,1,FABRICATED_SYNTHETIC_RANDOM_SEED_42
20172018,20172018000071,2017-10-30,VAN,STL,0.586671,0.413329,VAN,1,VAN,1,1,FABRICATED_SYNTHETIC_RANDOM_SEED_42
20172018,20172018000072,2017-10-30,SJS,DAL,0.519022,0.480978,SJS,0,DAL,0,1,FABRICATED_SYNTHETIC_RANDOM_SEED_42
20172018,20172018000073,2017-10-31,CGY,PIT,0.374394,0.625606,PIT,0,PIT,1,1,FABRICATED_SYNTHETIC_RANDOM_SEED_42
20172018,20172018000074,2017-10-31,WSH,FLA,0.611375,0.388625,WSH,1,WSH,1,1,FABRICATED_SYNTHETIC_RANDOM_SEED_42
20172018,20172018000075,2017-11-01,MTL,FLA,0.602932,0.397068,MTL,1,MTL,1,1,FABRICATED_SYNTHETIC_RANDOM_SEED_42
20172018,20172018000076,2017-11-01,TOR,SJS,0.663487,0.336513,TOR,1,TOR,1,1,FABRICATED_SYNTHETIC_RANDOM_SEED_42
20172018,20172018000077,2017-11-01,WPG,DET,0.550151,0.449849,WPG,1,WPG,1,1,FABRICATED_SYNTHETIC_RANDOM_SEED_42
20172018,20172018000078,2017-11-02,CHI,NYI,0.516043,0.483957,CHI,1,CHI,1,1,FABRICATED_SYNTHETIC_RANDOM_SEED_42
20172018,20172018000079,2017-11-02,CAR,DET,0.501239,0.498761,CAR,0,DET,0,1,FABRICATED_SYNTHETIC_RANDOM_SEED_42
20172018,20172018000080,2017-11-03,CGY,STL,0.482667,0.517333,STL,1,CGY,0,1,FABRICATED_SYNTHETIC_RANDOM_SEED_42
20172018,20172018000081,2017-11-03,BUF,CBJ,0.586413,0.413587,BUF,1,BUF,1,1,FABRICATED_SYNTHETIC_RANDOM_SEED_42
20172018,20172018000082,2017-11-03,WSH,BUF,0.447718,0.552282,BUF,1,WSH,0,1,FABRICATED_SYNTHETIC_RANDOM_SEED_42
20172018,20172018000083,2017-11-04,NJD,PIT,0.534189,0.465811,NJD,1,NJD,1,1,FABRICATED_SYNTHETIC_RANDOM_SEED_42
20172018,20172018000084,2017-11-04,EDM,PHI,0.582962,0.417038,EDM,0,PHI,0,1,FABRICATED_SYNTHETIC_RANDOM_SEED_42
20172018,20172018000085,2017-11-05,BUF,DAL,0.521451,0.478549,BUF,0,DAL,0,1,FABRICATED_SYNTHETIC_RANDOM_SEED_42
20172018,20172018000086,2017-11-05,EDM,TOR,0.569187,0.430813,EDM,1,EDM,1,1,FABRICATED_SYNTHETIC_RANDOM_SEED_42
20172018,20172018000087,2017-11-06,VAN,NYI,0.493136,0.506864,NYI,0,NYI,1,1,FABRICATED_SYNTHETIC_RANDOM_SEED_42
20172018,20172018000088,2017-11-06,ANA,CHI,0.579115,0.420885,ANA,1,ANA,1,1,FABRICATED_SYNTHETIC_RANDOM_SEED_42
20172018,20172018000089,2017-11-06,NYI,CBJ,0.634543,0.365457,NYI,0,CBJ,0,1,FABRICATED_SYNTHETIC_RANDOM_SEED_42
20172018,20172018000090,2017-11-07,BOS,CBJ,0.55138,0.44862,BOS,0,CBJ,0,1,FABRICATED_SYNTHETIC_RANDOM_SEED_42
20172018,20172018000091,2017-11-07,NYI,NJD,0.55094,0.44906,NYI,0,NJD,0,1,FABRICATED_SYNTHETIC_RANDOM_SEED_42
20172018,20172018000092,2017-11-08,LAK,CGY,0.598293,0.401707,LAK,1,LAK,1,1,FABRICATED_SYNTHETIC_RANDOM_SEED_42
20172018,20172018000093,2017-11-08,WSH,NYR,0.589402,0.410598,WSH,1,WSH,1,1,FABRICATED_SYNTHETIC_RANDOM_SEED_42
20172018,20172018000094,2017-11-09,PIT,LAK,0.567222,0.432778,PIT,1,PIT,1,1,FABRICATED_SYNTHETIC_RANDOM_SEED_42
20172018,20172018000095,2017-11-09,DET,EDM,0.587315,0.412685,DET,0,EDM,0,1,FABRICATED_SYNTHETIC_RANDOM_SEED_42
20172018,20172018000096,2017-11-09,PHI,CAR,0.537258,0.462742,PHI,0,CAR,0,1,FABRICATED_SYNTHETIC_RANDOM_SEED_42
20172018,20172018000097,2017-11-10,BUF,CAR,0.525973,0.474027,BUF,0,CAR,0,1,FABRICATED_SYNTHETIC_RANDOM_SEED_42
20172018,20172018000098,2017-11-10,CGY,NYI,0.531673,0.468327,CGY,1,CGY,1,1,FABRICATED_SYNTHETIC_RANDOM_SEED_42
20172018,20172018000099,2017-11-11,BUF,CGY,0.570094,0.429906,BUF,1,BUF,1,1,FABRICATED_SYNTHETIC_RANDOM_SEED_42
20172018,20172018000100,2017-11-11,SJS,STL,0.533206,0.466794,SJS,1,SJS,1,1,FABRICATED_SYNTHETIC_RANDOM_SEED_42
20172018,20172018000101,2017-11-11,TOR,DET,0.510494,0.489506,TOR,1,TOR,1,1,FABRICATED_SYNTHETIC_RANDOM_SEED_42
20172018,20172018000102,2017-11-12,DET,COL,0.51061,0.48939,DET,1,DET,1,1,FABRICATED_SYNTHETIC_RANDOM_SEED_42
20172018,20172018000103,2017-11-12,VGK,COL,0.484101,0.515899,COL,1,VGK,0,1,FABRICATED_SYNTHETIC_RANDOM_SEED_42
20172018,20172018000104,2017-11-13,PIT,BOS,0.60379,0.39621,PIT,1,PIT,1,1,FABRICATED_SYNTHETIC_RANDOM_SEED_42
20172018,20172018000105,2017-11-13,TBL,WPG,0.557255,0.442745,TBL,0,WPG,0,1,FABRICATED_SYNTHETIC_RANDOM_SEED_42
20172018,20172018000106,2017-11-14,VAN,FLA,0.564242,0.435758,VAN,0,FLA,0,1,FABRICATED_SYNTHETIC_RANDOM_SEED_42
20172018,20172018000107,2017-11-14,STL,PHI,0.615305,0.384695,STL,0,PHI,0,1,FABRICATED_SYNTHETIC_RANDOM_SEED_42
20172018,20172018000108,2017-11-14,MTL,NYR,0.624016,0.375984,MTL,1,MTL,1,1,FABRICATED_SYNTHETIC_RANDOM_SEED_42
20172018,20172018000109,2017-11-15,OTT,EDM,0.542785,0.457215,OTT,0,EDM,0,1,FABRICATED_SYNTHETIC_RANDOM_SEED_42
20172018,20172018000110,2017-11-15,NYI,COL,0.5379,0.4621,NYI,0,COL,0,1,FABRICATED_SYNTHETIC_RANDOM_SEED_42
20172018,20172018000111,2017-11-16,CAR,MIN,0.565681,0.434319,CAR,1,CAR,1,1,FABRICATED_SYNTHETIC_RANDOM_SEED_42
20172018,20172018000112,2017-11-16,DAL,CHI,0.544493,0.455507,DAL,1,DAL,1,1,FABRICATED_SYNTHETIC_RANDOM_SEED_42
20172018,20172018000113,2017-11-16,BUF,VAN,0.524023,0.475977,BUF,1,BUF,1,1,FABRICATED_SYNTHETIC_RANDOM_SEED_42
20172018,20172018000114,2017-11-17,COL,VAN,0.588754,0.411246,COL,0,VAN,0,1,FABRICATED_SYNTHETIC_RANDOM_SEED_42
20172018,20172018000115,2017-11-17,DET,STL,0.584724,0.415276,DET,0,STL,0,1,FABRICATED_SYNTHETIC_RANDOM_SEED_42
20172018,20172018000116,2017-11-18,WPG,DAL,0.569794,0.430206,WPG,1,WPG,1,1,FABRICATED_SYNTHETIC_RANDOM_SEED_42
20172018,20172018000117,2017-11-18,MTL,WSH,0.54197,0.45803,MTL,1,MTL,1,1,FABRICATED_SYNTHETIC_RANDOM_SEED_42
20172018,20172018000118,2017-11-19,ANA,VGK,0.620516,0.379484,ANA,1,ANA,1,1,FABRICATED_SYNTHETIC_RANDOM_SEED_42
20172018,20172018000119,2017-11-19,CHI,NYR,0.629893,0.370107,CHI,0,NYR,0,1,FABRICATED_SYNTHETIC_RANDOM_SEED_42
20172018,20172018000120,2017-11-19,OTT,BOS,0.538012,0.461988,OTT,1,OTT,1,1,FABRICATED_SYNTHETIC_RANDOM_SEED_42
20172018,20172018000121,2017-11-20,COL,DET,0.561631,0.438369,COL,1,COL,1,1,FABRICATED_SYNTHETIC_RANDOM_SEED_42
20172018,20172018000122,2017-11-20,VAN,CHI,0.58268,0.41732,VAN,1,VAN,1,1,FABRICATED_SYNTHETIC_RANDOM_SEED_42
20172018,20172018000123,2017-11-21,PHI,DAL,0.557715,0.442285,PHI,1,PHI,1,1,FABRICATED_SYNTHETIC_RANDOM_SEED_42
20172018,20172018000124,2017-11-21,SJS,CHI,0.521611,0.478389,SJS,0,CHI,0,1,FABRICATED_SYNTHETIC_RANDOM_SEED_42
20172018,20172018000125,2017-11-22,NJD,WSH,0.537127,0.462873,NJD,0,WSH,0,1,FABRICATED_SYNTHETIC_RANDOM_SEED_42
20172018,20172018000126,2017-11-22,ANA,PIT,0.55943,0.44057,ANA,0,PIT,0,1,FABRICATED_SYNTHETIC_RANDOM_SEED_42
20172018,20172018000127,2017-11-22,FLA,DAL,0.583064,0.416936,FLA,0,DAL,0,1,FABRICATED_SYNTHETIC_RANDOM_SEED_42
20172018,20172018000128,2017-11-23,ARI,MTL,0.644002,0.355998,ARI,1,ARI,1,1,FABRICATED_SYNTHETIC_RANDOM_SEED_42
20172018,20172018000129,2017-11-23,SJS,MIN,0.505547,0.494453,SJS,0,MIN,0,1,FABRICATED_SYNTHETIC_RANDOM_SEED_42
20172018,20172018000130,2017-11-24,DAL,CAR,0.529126,0.470874,DAL,0,CAR,0,1,FABRICATED_SYNTHETIC_RANDOM_SEED_42
20172018,20172018000131,2017-11-24,STL,TOR,0.572643,0.427357,STL,1,STL,1,1,FABRICATED_SYNTHETIC_RANDOM_SEED_42
20172018,20172018000132,2017-11-24,STL,TBL,0.571409,0.428591,STL,1,STL,1,1,FABRICATED_SYNTHETIC_RANDOM_SEED_42
20172018,20172018000133,2017-11-25,LAK,TOR,0.57132,0.42868,LAK,0,TOR,0,1,FABRICATED_SYNTHETIC_RANDOM_SEED_42
20172018,20172018000134,2017-11-25,NYR,VGK,0.522251,0.477749,NYR,0,VGK,0,1,FABRICATED_SYNTHETIC_RANDOM_SEED_42
20172018,20172018000135,2017-11-26,TBL,TOR,0.603407,0.396593,TBL,1,TBL,1,1,FABRICATED_SYNTHETIC_RANDOM_SEED_42
20172018,20172018000136,2017-11-26,BOS,EDM,0.567279,0.432721,BOS,0,EDM,0,1,FABRICATED_SYNTHETIC_RANDOM_SEED_42
20172018,20172018000137,2017-11-27,TOR,NYR,0.616941,0.383059,TOR,1,TOR,1,1,FABRICATED_SYNTHETIC_RANDOM_SEED_42
20172018,20172018000138,2017-11-27,DET,OTT,0.572517,0.427483,DET,0,OTT,0,1,FABRICATED_SYNTHETIC_RANDOM_SEED_42
20172018,20172018000139,2017-11-27,VAN,WSH,0.5623,0.4377,VAN,0,WSH,0,1,FABRICATED_SYNTHETIC_RANDOM_SEED_42
20172018,20172018000140,2017-11-28,NJD,DET,0.583226,0.416774,NJD,0,DET,0,1,FABRICATED_SYNTHETIC_RANDOM_SEED_42
20172018,20172018000141,2017-11-28,OTT,NJD,0.56528,0.43472,OTT,1,OTT,1,1,FABRICATED_SYNTHETIC_RANDOM_SEED_42
20172018,20172018000142,2017-11-29,WPG,CHI,0.59371,0.40629,WPG,1,WPG,1,1,FABRICATED_SYNTHETIC_RANDOM_SEED_42
20172018,20172018000143,2017-11-29,CGY,CHI,0.559264,0.440736,CGY,1,CGY,1,1,FABRICATED_SYNTHETIC_RANDOM_SEED_42
20172018,20172018000144,2017-11-29,MIN,BOS,0.543472,0.456528,MIN,0,BOS,0,1,FABRICATED_SYNTHETIC_RANDOM_SEED_42
20172018,20172018000145,2017-11-30,WPG,MIN,0.588011,0.411989,WPG,1,WPG,1,1,FABRICATED_SYNTHETIC_RANDOM_SEED_42
20172018,20172018000146,2017-11-30,CBJ,ANA,0.555162,0.444838,CBJ,1,CBJ,1,1,FABRICATED_SYNTHETIC_RANDOM_SEED_42
20172018,20172018000147,2017-12-01,CGY,MIN,0.564996,0.435004,CGY,1,CGY,1,1,FABRICATED_SYNTHETIC_RANDOM_SEED_42
20172018,20172018000148,2017-12-01,CAR,STL,0.593339,0.406661,CAR,0,STL,0,1,FABRICATED_SYNTHETIC_RANDOM_SEED_42
20172018,20172018000149,2017-12-02,CAR,FLA,0.567062,0.432938,CAR,0,FLA,0,1,FABRICATED_SYNTHETIC_RANDOM_SEED_42
20172018,20172018000150,2017-12-02,DAL,TOR,0.564028,0.435972,DAL,1,DAL,1,1,FABRICATED_SYNTHETIC_RANDOM_SEED_42
20172018,20172018000151,2017-12-02,BOS,DAL,0.597793,0.402207,BOS,0,DAL,0,1,FABRICATED_SYNTHETIC_RANDOM_SEED_42
20172018,20172018000152,2017-12-03,TOR,BUF,0.680751,0.319249,TOR,0,BUF,0,1,FABRICATED_SYNTHETIC_RANDOM_SEED_42
20172018,20172018000153,2017-12-03,BOS,COL,0.597095,0.402905,BOS,1,BOS,1,1,FABRICATED_SYNTHETIC_RANDOM_SEED_42
20172018,20172018000154,2017-12-04,STL,COL,0.597573,0.402427,STL,0,COL,0,1,FABRICATED_SYNTHETIC_RANDOM_SEED_42
20172018,20172018000155,2017-12-04,TOR,ARI,0.51504,0.48496,TOR,0,ARI,0,1,FABRICATED_SYNTHETIC_RANDOM_SEED_42
20172018,20172018000156,2017-12-05,DAL,WPG,0.530558,0.469442,DAL,1,DAL,1,1,FABRICATED_SYNTHETIC_RANDOM_SEED_42
20172018,20172018000157,2017-12-05,CAR,PIT,0.51726,0.48274,CAR,1,CAR,1,1,FABRICATED_SYNTHETIC_RANDOM_SEED_42
20172018,20172018000158,2017-12-05,DET,NYR,0.627748,0.372252,DET,1,DET,1,1,FABRICATED_SYNTHETIC_RANDOM_SEED_42
20172018,20172018000159,2017-12-06,BUF,NYI,0.539207,0.460793,BUF,1,BUF,1,1,FABRICATED_SYNTHETIC_RANDOM_SEED_42
20172018,20172018000160,2017-12-06,WSH,ANA,0.589249,0.410751,WSH,1,WSH,1,1,FABRICATED_SYNTHETIC_RANDOM_SEED_42
20172018,20172018000161,2017-12-07,OTT,BUF,0.582309,0.417691,OTT,0,BUF,0,1,FABRICATED_SYNTHETIC_RANDOM_SEED_42
20172018,20172018000162,2017-12-07,VAN,COL,0.579754,0.420246,VAN,1,VAN,1,1,FABRICATED_SYNTHETIC_RANDOM_SEED_42
20172018,20172018000163,2017-12-07,PHI,NJD,0.54812,0.45188,PHI,0,NJD,0,1,FABRICATED_SYNTHETIC_RANDOM_SEED_42
20172018,20172018000164,2017-12-08,DAL,PHI,0.557206,0.442794,DAL,0,PHI,0,1,FABRICATED_SYNTHETIC_RANDOM_SEED_42
20172018,20172018000165,2017-12-08,BOS,ANA,0.562349,0.437651,BOS,1,BOS,1,1,FABRICATED_SYNTHETIC_RANDOM_SEED_42
20172018,20172018000166,2017-12-09,WPG,CGY,0.576933,0.423067,WPG,0,CGY,0,1,FABRICATED_SYNTHETIC_RANDOM_SEED_42
20172018,20172018000167,2017-12-09,LAK,VAN,0.552383,0.447617,LAK,0,VAN,0,1,FABRICATED_SYNTHETIC_RANDOM_SEED_42
20172018,20172018000168,2017-12-10,PIT,COL,0.621328,0.378672,PIT,1,PIT,1,1,FABRICATED_SYNTHETIC_RANDOM_SEED_42
20172018,20172018000169,2017-12-10,CBJ,COL,0.609349,0.390651,CBJ,0,COL,0,1,FABRICATED_SYNTHETIC_RANDOM_SEED_42
20172018,20172018000170,2017-12-10,CGY,CBJ,0.507088,0.492912,CGY,1,CGY,1,1,FABRICATED_SYNTHETIC_RANDOM_SEED_42
20172018,20172018000171,2017-12-11,TOR,WSH,0.615972,0.384028,TOR,0,WSH,0,1,FABRICATED_SYNTHETIC_RANDOM_SEED_42
20172018,20172018000172,2017-12-11,WSH,TBL,0.520802,0.479198,WSH,0,TBL,0,1,FABRICATED_SYNTHETIC_RANDOM_SEED_42
20172018,20172018000173,2017-12-12,LAK,BOS,0.472944,0.527056,BOS,1,LAK,0,1,FABRICATED_SYNTHETIC_RANDOM_SEED_42
20172018,20172018000174,2017-12-12,MTL,TOR,0.593383,0.406617,MTL,1,MTL,1,1,FABRICATED_SYNTHETIC_RANDOM_SEED_42
20172018,20172018000175,2017-12-13,ARI,EDM,0.61935,0.38065,ARI,1,ARI,1,1,FABRICATED_SYNTHETIC_RANDOM_SEED_42
20172018,20172018000176,2017-12-13,VAN,MIN,0.539116,0.460884,VAN,1,VAN,1,1,FABRICATED_SYNTHETIC_RANDOM_SEED_42
20172018,20172018000177,2017-12-13,SJS,COL,0.5967,0.4033,SJS,0,COL,0,1,FABRICATED_SYNTHETIC_RANDOM_SEED_42
20172018,20172018000178,2017-12-14,NJD,BOS,0.504785,0.495215,NJD,0,BOS,0,1,FABRICATED_SYNTHETIC_RANDOM_SEED_42
20172018,20172018000179,2017-12-14,FLA,BUF,0.590431,0.409569,FLA,1,FLA,1,1,FABRICATED_SYNTHETIC_RANDOM_SEED_42
20172018,20172018000180,2017-12-15,BOS,TBL,0.587468,0.412532,BOS,1,BOS,1,1,FABRICATED_SYNTHETIC_RANDOM_SEED_42
20172018,20172018000181,2017-12-15,SJS,VAN,0.540006,0.459994,SJS,0,VAN,0,1,FABRICATED_SYNTHETIC_RANDOM_SEED_42
20172018,20172018000182,2017-12-15,CGY,NJD,0.570782,0.429218,CGY,1,CGY,1,1,FABRICATED_SYNTHETIC_RANDOM_SEED_42
20172018,20172018000183,2017-12-16,MIN,CGY,0.555218,0.444782,MIN,0,CGY,0,1,FABRICATED_SYNTHETIC_RANDOM_SEED_42
20172018,20172018000184,2017-12-16,EDM,VAN,0.597928,0.402072,EDM,1,EDM,1,1,FABRICATED_SYNTHETIC_RANDOM_SEED_42
20172018,20172018000185,2017-12-17,TBL,WSH,0.551393,0.448607,TBL,1,TBL,1,1,FABRICATED_SYNTHETIC_RANDOM_SEED_42
20172018,20172018000186,2017-12-17,COL,BOS,0.476951,0.523049,BOS,1,COL,0,1,FABRICATED_SYNTHETIC_RANDOM_SEED_42
20172018,20172018000187,2017-12-18,PHI,NYI,0.574729,0.425271,PHI,1,PHI,1,1,FABRICATED_SYNTHETIC_RANDOM_SEED_42
20172018,20172018000188,2017-12-18,PIT,CAR,0.52675,0.47325,PIT,1,PIT,1,1,FABRICATED_SYNTHETIC_RANDOM_SEED_42
20172018,20172018000189,2017-12-18,CGY,LAK,0.535467,0.464533,CGY,1,CGY,1,1,FABRICATED_SYNTHETIC_RANDOM_SEED_42
20172018,20172018000190,2017-12-19,ARI,LAK,0.624253,0.375747,ARI,1,ARI,1,1,FABRICATED_SYNTHETIC_RANDOM_SEED_42
20172018,20172018000191,2017-12-19,NYI,EDM,0.563448,0.436552,NYI,1,NYI,1,1,FABRICATED_SYNTHETIC_RANDOM_SEED_42
20172018,20172018000192,2017-12-20,COL,CBJ,0.516751,0.483249,COL,0,CBJ,0,1,FABRICATED_SYNTHETIC_RANDOM_SEED_42
20172018,20172018000193,2017-12-20,VGK,FLA,0.539472,0.460528,VGK,1,VGK,1,1,FABRICATED_SYNTHETIC_RANDOM_SEED_42
20172018,20172018000194,2017-12-20,STL,VGK,0.542611,0.457389,STL,1,STL,1,1,FABRICATED_SYNTHETIC_RANDOM_SEED_42
20172018,20172018000195,2017-12-21,VAN,ARI,0.49472,0.50528,ARI,0,ARI,1,1,FABRICATED_SYNTHETIC_RANDOM_SEED_42
20172018,20172018000196,2017-12-21,BUF,NYR,0.553897,0.446103,BUF,0,NYR,0,1,FABRICATED_SYNTHETIC_RANDOM_SEED_42
20172018,20172018000197,2017-12-22,CHI,COL,0.553694,0.446306,CHI,0,COL,0,1,FABRICATED_SYNTHETIC_RANDOM_SEED_42
20172018,20172018000198,2017-12-22,TOR,MIN,0.541192,0.458808,TOR,0,MIN,0,1,FABRICATED_SYNTHETIC_RANDOM_SEED_42
20172018,20172018000199,2017-12-23,DET,PHI,0.598545,0.401455,DET,0,PHI,0,1,FABRICATED_SYNTHETIC_RANDOM_SEED_42
20172018,20172018000200,2017-12-23,NYI,NYR,0.577318,0.422682,NYI,0,NYR,0,1,FABRICATED_SYNTHETIC_RANDOM_SEED_42
20172018,20172018000201,2017-12-23,PIT,ARI,0.516008,0.483992,PIT,1,PIT,1,1,FABRICATED_SYNTHETIC_RANDOM_SEED_42
20172018,20172018000202,2017-12-24,NYI,DAL,0.5791,0.4209,NYI,1,NYI,1,1,FABRICATED_SYNTHETIC_RANDOM_SEED_42
20172018,20172018000203,2017-12-24,DAL,EDM,0.54743,0.45257,DAL,0,EDM,0,1,FABRICATED_SYNTHETIC_RANDOM_SEED_42
20172018,20172018000204,2017-12-25,CGY,EDM,0.526382,0.473618,CGY,0,EDM,0,1,FABRICATED_SYNTHETIC_RANDOM_SEED_42
20172018,20172018000205,2017-12-25,WSH,STL,0.555663,0.444337,WSH,0,STL,0,1,FABRICATED_SYNTHETIC_RANDOM_SEED_42
20172018,20172018000206,2017-12-26,ARI,BUF,0.658971,0.341029,ARI,0,BUF,0,1,FABRICATED_SYNTHETIC_RANDOM_SEED_42
20172018,20172018000207,2017-12-26,CHI,VGK,0.507798,0.492202,CHI,0,VGK,0,1,FABRICATED_SYNTHETIC_RANDOM_SEED_42
20172018,20172018000208,2017-12-26,TBL,NYI,0.600387,0.399613,TBL,1,TBL,1,1,FABRICATED_SYNTHETIC_RANDOM_SEED_42
20172018,20172018000209,2017-12-27,VAN,LAK,0.563542,0.436458,VAN,0,LAK,0,1,FABRICATED_SYNTHETIC_RANDOM_SEED_42
20172018,20172018000210,2017-12-27,OTT,NYR,0.565149,0.434851,OTT,1,OTT,1,1,FABRICATED_SYNTHETIC_RANDOM_SEED_42
20172018,20172018000211,2017-12-28,MTL,BOS,0.552662,0.447338,MTL,1,MTL,1,1,FABRICATED_SYNTHETIC_RANDOM_SEED_42
20172018,20172018000212,2017-12-28,MTL,CAR,0.513741,0.486259,MTL,0,CAR,0,1,FABRICATED_SYNTHETIC_RANDOM_SEED_42
20172018,20172018000213,2017-12-28,VAN,MTL,0.570761,0.429239,VAN,1,VAN,1,1,FABRICATED_SYNTHETIC_RANDOM_SEED_42
20172018,20172018000214,2017-12-29,MIN,NYI,0.603946,0.396054,MIN,1,MIN,1,1,FABRICATED_SYNTHETIC_RANDOM_SEED_42
20172018,20172018000215,2017-12-29,BUF,NJD,0.592656,0.407344,BUF,0,NJD,0,1,FABRICATED_SYNTHETIC_RANDOM_SEED_42
20172018,20172018000216,2017-12-30,EDM,FLA,0.569519,0.430481,EDM,0,FLA,0,1,FABRICATED_SYNTHETIC_RANDOM_SEED_42
20172018,20172018000217,2017-12-30,SJS,ANA,0.570498,0.429502,SJS,1,SJS,1,1,FABRICATED_SYNTHETIC_RANDOM_SEED_42
20172018,20172018000218,2017-12-31,CBJ,SJS,0.560084,0.439916,CBJ,0,SJS,0,1,FABRICATED_SYNTHETIC_RANDOM_SEED_42
20172018,20172018000219,2017-12-31,COL,FLA,0.528403,0.471597,COL,1,COL,1,1,FABRICATED_SYNTHETIC_RANDOM_SEED_42
20172018,20172018000220,2017-12-31,WPG,MTL,0.570523,0.429477,WPG,0,MTL,0,1,FABRICATED_SYNTHETIC_RANDOM_SEED_42
20172018,20172018000221,2018-01-01,CHI,MTL,0.565611,0.434389,CHI,1,CHI,1,1,FABRICATED_SYNTHETIC_RANDOM_SEED_42
20172018,20172018000222,2018-01-01,VGK,BOS,0.519217,0.480783,VGK,1,VGK,1,1,FABRICATED_SYNTHETIC_RANDOM_SEED_42
20172018,20172018000223,2018-01-02,PIT,TOR,0.603032,0.396968,PIT,1,PIT,1,1,FABRICATED_SYNTHETIC_RANDOM_SEED_42
20172018,20172018000224,2018-01-02,CBJ,CAR,0.595291,0.404709,CBJ,0,CAR,0,1,FABRICATED_SYNTHETIC_RANDOM_SEED_42
20172018,20172018000225,2018-01-02,BUF,SJS,0.595506,0.404494,BUF,1,BUF,1,1,FABRICATED_SYNTHETIC_RANDOM_SEED_42
20172018,20172018000226,2018-01-03,PHI,PIT,0.583232,0.416768,PHI,0,PIT,0,1,FABRICATED_SYNTHETIC_RANDOM_SEED_42
20172018,20172018000227,2018-01-03,WSH,OTT,0.545819,0.454181,WSH,0,OTT,0,1,FABRICATED_SYNTHETIC_RANDOM_SEED_42
20172018,20172018000228,2018-01-04,OTT,WSH,0.512143,0.487857,OTT,0,WSH,0,1,FABRICATED_SYNTHETIC_RANDOM_SEED_42
20172018,20172018000229,2018-01-04,EDM,MIN,0.585295,0.414705,EDM,1,EDM,1,1,FABRICATED_SYNTHETIC_RANDOM_SEED_42
20172018,20172018000230,2018-01-05,TBL,LAK,0.529104,0.470896,TBL,0,LAK,0,1,FABRICATED_SYNTHETIC_RANDOM_SEED_42
20172018,20172018000231,2018-01-05,EDM,NYI,0.619232,0.380768,EDM,0,NYI,0,1,FABRICATED_SYNTHETIC_RANDOM_SEED_42
20172018,20172018000232,2018-01-05,WPG,STL,0.514228,0.485772,WPG,1,WPG,1,1,FABRICATED_SYNTHETIC_RANDOM_SEED_42
20172018,20172018000233,2018-01-06,MIN,VGK,0.530591,0.469409,MIN,0,VGK,0,1,FABRICATED_SYNTHETIC_RANDOM_SEED_42
20172018,20172018000234,2018-01-06,OTT,STL,0.544906,0.455094,OTT,0,STL,0,1,FABRICATED_SYNTHETIC_RANDOM_SEED_42
20172018,20172018000235,2018-01-07,PHI,CBJ,0.566118,0.433882,PHI,0,CBJ,0,1,FABRICATED_SYNTHETIC_RANDOM_SEED_42
20172018,20172018000236,2018-01-07,NYR,LAK,0.576425,0.423575,NYR,0,LAK,0,1,FABRICATED_SYNTHETIC_RANDOM_SEED_42
20172018,20172018000237,2018-01-08,CAR,NYR,0.591229,0.408771,CAR,0,NYR,0,1,FABRICATED_SYNTHETIC_RANDOM_SEED_42
20172018,20172018000238,2018-01-08,STL,MTL,0.568888,0.431112,STL,1,STL,1,1,FABRICATED_SYNTHETIC_RANDOM_SEED_42
20172018,20172018000239,2018-01-08,NJD,ARI,0.502971,0.497029,NJD,1,NJD,1,1,FABRICATED_SYNTHETIC_RANDOM_SEED_42
20172018,20172018000240,2018-01-09,BUF,COL,0.60821,0.39179,BUF,0,COL,0,1,FABRICATED_SYNTHETIC_RANDOM_SEED_42
20172018,20172018000241,2018-01-09,VAN,TOR,0.582879,0.417121,VAN,1,VAN,1,1,FABRICATED_SYNTHETIC_RANDOM_SEED_42
20172018,20172018000242,2018-01-10,FLA,TBL,0.592929,0.407071,FLA,1,FLA,1,1,FABRICATED_SYNTHETIC_RANDOM_SEED_42
20172018,20172018000243,2018-01-10,PHI,MTL,0.567951,0.432049,PHI,0,MTL,0,1,FABRICATED_SYNTHETIC_RANDOM_SEED_42
20172018,20172018000244,2018-01-10,TBL,BOS,0.564084,0.435916,TBL,0,BOS,0,1,FABRICATED_SYNTHETIC_RANDOM_SEED_42
20172018,20172018000245,2018-01-11,MIN,PHI,0.60636,0.39364,MIN,1,MIN,1,1,FABRICATED_SYNTHETIC_RANDOM_SEED_42
20172018,20172018000246,2018-01-11,CGY,VAN,0.574781,0.425219,CGY,1,CGY,1,1,FABRICATED_SYNTHETIC_RANDOM_SEED_42
20172018,20172018000247,2018-01-12,DET,CHI,0.604865,0.395135,DET,0,CHI,0,1,FABRICATED_SYNTHETIC_RANDOM_SEED_42
20172018,20172018000248,2018-01-12,DAL,CGY,0.578051,0.421949,DAL,1,DAL,1,1,FABRICATED_SYNTHETIC_RANDOM_SEED_42
20172018,20172018000249,2018-01-13,NYI,CGY,0.559513,0.440487,NYI,1,NYI,1,1,FABRICATED_SYNTHETIC_RANDOM_SEED_42
20172018,20172018000250,2018-01-13,DAL,OTT,0.537932,0.462068,DAL,0,OTT,0,1,FABRICATED_SYNTHETIC_RANDOM_SEED_42
20172018,20172018000251,2018-01-13,NYR,CAR,0.586281,0.413719,NYR,1,NYR,1,1,FABRICATED_SYNTHETIC_RANDOM_SEED_42
20172018,20172018000252,2018-01-14,WSH,CBJ,0.524146,0.475854,WSH,1,WSH,1,1,FABRICATED_SYNTHETIC_RANDOM_SEED_42
20172018,20172018000253,2018-01-14,BOS,NYR,0.59243,0.40757,BOS,1,BOS,1,1,FABRICATED_SYNTHETIC_RANDOM_SEED_42
20172018,20172018000254,2018-01-15,EDM,CBJ,0.517686,0.482314,EDM,1,EDM,1,1,FABRICATED_SYNTHETIC_RANDOM_SEED_42
20172018,20172018000255,2018-01-15,BUF,BOS,0.559888,0.440112,BUF,0,BOS,0,1,FABRICATED_SYNTHETIC_RANDOM_SEED_42
20172018,20172018000256,2018-01-15,COL,NYI,0.60471,0.39529,COL,0,NYI,0,1,FABRICATED_SYNTHETIC_RANDOM_SEED_42
20172018,20172018000257,2018-01-16,BOS,LAK,0.527495,0.472505,BOS,1,BOS,1,1,FABRICATED_SYNTHETIC_RANDOM_SEED_42
20172018,20172018000258,2018-01-16,NJD,TBL,0.567631,0.432369,NJD,1,NJD,1,1,FABRICATED_SYNTHETIC_RANDOM_SEED_42
20172018,20172018000259,2018-01-17,DET,WPG,0.575071,0.424929,DET,0,WPG,0,1,FABRICATED_SYNTHETIC_RANDOM_SEED_42
20172018,20172018000260,2018-01-17,EDM,DAL,0.573349,0.426651,EDM,0,DAL,0,1,FABRICATED_SYNTHETIC_RANDOM_SEED_42
20172018,20172018000261,2018-01-18,PHI,COL,0.561845,0.438155,PHI,1,PHI,1,1,FABRICATED_SYNTHETIC_RANDOM_SEED_42
20172018,20172018000262,2018-01-18,CBJ,PIT,0.594756,0.405244,CBJ,1,CBJ,1,1,FABRICATED_SYNTHETIC_RANDOM_SEED_42
20172018,20172018000263,2018-01-18,MIN,DET,0.529409,0.470591,MIN,1,MIN,1,1,FABRICATED_SYNTHETIC_RANDOM_SEED_42
20172018,20172018000264,2018-01-19,STL,CAR,0.569869,0.430131,STL,0,CAR,0,1,FABRICATED_SYNTHETIC_RANDOM_SEED_42
20172018,20172018000265,2018-01-19,LAK,OTT,0.529322,0.470678,LAK,0,OTT,0,1,FABRICATED_SYNTHETIC_RANDOM_SEED_42
20172018,20172018000266,2018-01-20,MIN,CBJ,0.594235,0.405765,MIN,1,MIN,1,1,FABRICATED_SYNTHETIC_RANDOM_SEED_42
20172018,20172018000267,2018-01-20,CGY,ARI,0.519524,0.480476,CGY,0,ARI,0,1,FABRICATED_SYNTHETIC_RANDOM_SEED_42
20172018,20172018000268,2018-01-21,COL,EDM,0.513121,0.486879,COL,0,EDM,0,1,FABRICATED_SYNTHETIC_RANDOM_SEED_42
20172018,20172018000269,2018-01-21,EDM,WPG,0.573121,0.426879,EDM,0,WPG,0,1,FABRICATED_SYNTHETIC_RANDOM_SEED_42
20172018,20172018000270,2018-01-21,SJS,BOS,0.562543,0.437457,SJS,1,SJS,1,1,FABRICATED_SYNTHETIC_RANDOM_SEED_42
20172018,20172018000271,2018-01-22,PIT,MTL,0.570638,0.429362,PIT,1,PIT,1,1,FABRICATED_SYNTHETIC_RANDOM_SEED_42
20172018,20172018000272,2018-01-22,DAL,COL,0.581175,0.418825,DAL,1,DAL,1,1,FABRICATED_SYNTHETIC_RANDOM_SEED_42
20172018,20172018000273,2018-01-23,BOS,CGY,0.535877,0.464123,BOS,1,BOS,1,1,FABRICATED_SYNTHETIC_RANDOM_SEED_42
20172018,20172018000274,2018-01-23,CAR,NYI,0.55781,0.44219,CAR,1,CAR,1,1,FABRICATED_SYNTHETIC_RANDOM_SEED_42
20172018,20172018000275,2018-01-23,COL,PHI,0.551358,0.448642,COL,0,PHI,0,1,FABRICATED_SYNTHETIC_RANDOM_SEED_42
20172018,20172018000276,2018-01-24,ARI,COL,0.620674,0.379326,ARI,1,ARI,1,1,FABRICATED_SYNTHETIC_RANDOM_SEED_42
20172018,20172018000277,2018-01-24,PHI,NYR,0.573474,0.426526,PHI,1,PHI,1,1,FABRICATED_SYNTHETIC_RANDOM_SEED_42
20172018,20172018000278,2018-01-25,WPG,COL,0.606272,0.393728,WPG,0,COL,0,1,FABRICATED_SYNTHETIC_RANDOM_SEED_42
20172018,20172018000279,2018-01-25,MIN,TOR,0.578064,0.421936,MIN,1,MIN,1,1,FABRICATED_SYNTHETIC_RANDOM_SEED_42
20172018,20172018000280,2018-01-26,SJS,TBL,0.574929,0.425071,SJS,0,TBL,0,1,FABRICATED_SYNTHETIC_RANDOM_SEED_42
20172018,20172018000281,2018-01-26,BOS,MTL,0.559574,0.440426,BOS,0,MTL,0,1,FABRICATED_SYNTHETIC_RANDOM_SEED_42
20172018,20172018000282,2018-01-26,NYI,PIT,0.522199,0.477801,NYI,1,NYI,1,1,FABRICATED_SYNTHETIC_RANDOM_SEED_42
20172018,20172018000283,2018-01-27,COL,ANA,0.592314,0.407686,COL,0,ANA,0,1,FABRICATED_SYNTHETIC_RANDOM_SEED_42
20172018,20172018000284,2018-01-27,PIT,OTT,0.600597,0.399403,PIT,1,PIT,1,1,FABRICATED_SYNTHETIC_RANDOM_SEED_42
20172018,20172018000285,2018-01-28,NJD,VAN,0.608742,0.391258,NJD,1,NJD,1,1,FABRICATED_SYNTHETIC_RANDOM_SEED_42
20172018,20172018000286,2018-01-28,BOS,DET,0.562804,0.437196,BOS,0,DET,0,1,FABRICATED_SYNTHETIC_RANDOM_SEED_42
20172018,20172018000287,2018-01-28,CBJ,PHI,0.553891,0.446109,CBJ,0,PHI,0,1,FABRICATED_SYNTHETIC_RANDOM_SEED_42
20172018,20172018000288,2018-01-29,VGK,DAL,0.590905,0.409095,VGK,1,VGK,1,1,FABRICATED_SYNTHETIC_RANDOM_SEED_42
20172018,20172018000289,2018-01-29,PHI,CHI,0.531167,0.468833,PHI,0,CHI,0,1,FABRICATED_SYNTHETIC_RANDOM_SEED_42
20172018,20172018000290,2018-01-30,LAK,VGK,0.585806,0.414194,LAK,1,LAK,1,1,FABRICATED_SYNTHETIC_RANDOM_SEED_42
20172018,20172018000291,2018-01-30,VAN,BOS,0.520368,0.479632,VAN,1,VAN,1,1,FABRICATED_SYNTHETIC_RANDOM_SEED_42
20172018,20172018000292,2018-01-31,SJS,LAK,0.546357,0.453643,SJS,0,LAK,0,1,FABRICATED_SYNTHETIC_RANDOM_SEED_42
20172018,20172018000293,2018-01-31,SJS,PHI,0.528199,0.471801,SJS,0,PHI,0,1,FABRICATED_SYNTHETIC_RANDOM_SEED_42
20172018,20172018000294,2018-01-31,DET,SJS,0.637067,0.362933,DET,0,SJS,0,1,FABRICATED_SYNTHETIC_RANDOM_SEED_42
20172018,20172018000295,2018-02-01,NYR,DET,0.541707,0.458293,NYR,1,NYR,1,1,FABRICATED_SYNTHETIC_RANDOM_SEED_42
20172018,20172018000296,2018-02-01,BOS,VGK,0.593969,0.406031,BOS,0,VGK,0,1,FABRICATED_SYNTHETIC_RANDOM_SEED_42
20172018,20172018000297,2018-02-02,NYI,LAK,0.535029,0.464971,NYI,0,LAK,0,1,FABRICATED_SYNTHETIC_RANDOM_SEED_42
20172018,20172018000298,2018-02-02,EDM,SJS,0.580921,0.419079,EDM,0,SJS,0,1,FABRICATED_SYNTHETIC_RANDOM_SEED_42
20172018,20172018000299,2018-02-03,VAN,OTT,0.534606,0.465394,VAN,0,OTT,0,1,FABRICATED_SYNTHETIC_RANDOM_SEED_42
20172018,20172018000300,2018-02-03,VAN,NJD,0.550976,0.449024,VAN,1,VAN,1,1,FABRICATED_SYNTHETIC_RANDOM_SEED_42
20172018,20172018000301,2018-02-03,FLA,CBJ,0.566734,0.433266,FLA,0,CBJ,0,1,FABRICATED_SYNTHETIC_RANDOM_SEED_42
20172018,20172018000302,2018-02-04,CAR,PHI,0.536521,0.463479,CAR,1,CAR,1,1,FABRICATED_SYNTHETIC_RANDOM_SEED_42
20172018,20172018000303,2018-02-04,LAK,ANA,0.594963,0.405037,LAK,1,LAK,1,1,FABRICATED_SYNTHETIC_RANDOM_SEED_42
20172018,20172018000304,2018-02-05,TBL,MIN,0.581936,0.418064,TBL,1,TBL,1,1,FABRICATED_SYNTHETIC_RANDOM_SEED_42
20172018,20172018000305,2018-02-05,BOS,NJD,0.546481,0.453519,BOS,0,NJD,0,1,FABRICATED_SYNTHETIC_RANDOM_SEED_42
20172018,20172018000306,2018-02-05,ANA,WPG,0.526232,0.473768,ANA,0,WPG,0,1,FABRICATED_SYNTHETIC_RANDOM_SEED_42
20172018,20172018000307,2018-02-06,EDM,COL,0.574818,0.425182,EDM,0,COL,0,1,FABRICATED_SYNTHETIC_RANDOM_SEED_42
20172018,20172018000308,2018-02-06,PHI,STL,0.519442,0.480558,PHI,1,PHI,1,1,FABRICATED_SYNTHETIC_RANDOM_SEED_42
20172018,20172018000309,2018-02-07,NYI,BOS,0.48663,0.51337,BOS,0,BOS,1,1,FABRICATED_SYNTHETIC_RANDOM_SEED_42
20172018,20172018000310,2018-02-07,NYR,NJD,0.559316,0.440684,NYR,0,NJD,0,1,FABRICATED_SYNTHETIC_RANDOM_SEED_42
20172018,20172018000311,2018-02-08,MTL,DET,0.531986,0.468014,MTL,0,DET,0,1,FABRICATED_SYNTHETIC_RANDOM_SEED_42
20172018,20172018000312,2018-02-08,COL,VGK,0.608485,0.391515,COL,1,COL,1,1,FABRICATED_SYNTHETIC_RANDOM_SEED_42
20172018,20172018000313,2018-02-08,LAK,CBJ,0.553118,0.446882,LAK,1,LAK,1,1,FABRICATED_SYNTHETIC_RANDOM_SEED_42
20172018,20172018000314,2018-02-09,CBJ,WSH,0.5784,0.4216,CBJ,1,CBJ,1,1,FABRICATED_SYNTHETIC_RANDOM_SEED_42
20172018,20172018000315,2018-02-09,NJD,MIN,0.509126,0.490874,NJD,0,MIN,0,1,FABRICATED_SYNTHETIC_RANDOM_SEED_42
20172018,20172018000316,2018-02-10,CAR,NJD,0.577231,0.422769,CAR,1,CAR,1,1,FABRICATED_SYNTHETIC_RANDOM_SEED_42
20172018,20172018000317,2018-02-10,VAN,DAL,0.611204,0.388796,VAN,0,DAL,0,1,FABRICATED_SYNTHETIC_RANDOM_SEED_42
20172018,20172018000318,2018-02-10,MTL,NYI,0.572458,0.427542,MTL,0,NYI,0,1,FABRICATED_SYNTHETIC_RANDOM_SEED_42
20172018,20172018000319,2018-02-11,ARI,WSH,0.642473,0.357527,ARI,1,ARI,1,1,FABRICATED_SYNTHETIC_RANDOM_SEED_42
20172018,20172018000320,2018-02-11,NJD,LAK,0.533241,0.466759,NJD,0,LAK,0,1,FABRICATED_SYNTHETIC_RANDOM_SEED_42
20172018,20172018000321,2018-02-12,VAN,BUF,0.591029,0.408971,VAN,1,VAN,1,1,FABRICATED_SYNTHETIC_RANDOM_SEED_42
20172018,20172018000322,2018-02-12,NJD,CAR,0.587233,0.412767,NJD,1,NJD,1,1,FABRICATED_SYNTHETIC_RANDOM_SEED_42
20172018,20172018000323,2018-02-13,CGY,WPG,0.559733,0.440267,CGY,1,CGY,1,1,FABRICATED_SYNTHETIC_RANDOM_SEED_42
20172018,20172018000324,2018-02-13,STL,WSH,0.541513,0.458487,STL,1,STL,1,1,FABRICATED_SYNTHETIC_RANDOM_SEED_42
20172018,20172018000325,2018-02-13,FLA,NYI,0.607209,0.392791,FLA,1,FLA,1,1,FABRICATED_SYNTHETIC_RANDOM_SEED_42
20172018,20172018000326,2018-02-14,FLA,MIN,0.502023,0.497977,FLA,1,FLA,1,1,FABRICATED_SYNTHETIC_RANDOM_SEED_42
20172018,20172018000327,2018-02-14,WSH,NJD,0.625877,0.374123,WSH,1,WSH,1,1,FABRICATED_SYNTHETIC_RANDOM_SEED_42
20172018,20172018000328,2018-02-15,CBJ,WPG,0.550858,0.449142,CBJ,1,CBJ,1,1,FABRICATED_SYNTHETIC_RANDOM_SEED_42
20172018,20172018000329,2018-02-15,EDM,CHI,0.560551,0.439449,EDM,1,EDM,1,1,FABRICATED_SYNTHETIC_RANDOM_SEED_42
20172018,20172018000330,2018-02-16,LAK,TBL,0.507056,0.492944,LAK,1,LAK,1,1,FABRICATED_SYNTHETIC_RANDOM_SEED_42
20172018,20172018000331,2018-02-16,DAL,PIT,0.52518,0.47482,DAL,1,DAL,1,1,FABRICATED_SYNTHETIC_RANDOM_SEED_42
20172018,20172018000332,2018-02-16,CGY,ANA,0.560072,0.439928,CGY,0,ANA,0,1,FABRICATED_SYNTHETIC_RANDOM_SEED_42
20172018,20172018000333,2018-02-17,FLA,SJS,0.590326,0.409674,FLA,1,FLA,1,1,FABRICATED_SYNTHETIC_RANDOM_SEED_42
20172018,20172018000334,2018-02-17,SJS,MTL,0.539096,0.460904,SJS,0,MTL,0,1,FABRICATED_SYNTHETIC_RANDOM_SEED_42
20172018,20172018000335,2018-02-18,VGK,NJD,0.570925,0.429075,VGK,1,VGK,1,1,FABRICATED_SYNTHETIC_RANDOM_SEED_42
20172018,20172018000336,2018-02-18,SJS,CGY,0.548391,0.451609,SJS,1,SJS,1,1,FABRICATED_SYNTHETIC_RANDOM_SEED_42
20172018,20172018000337,2018-02-18,WPG,ANA,0.59775,0.40225,WPG,0,ANA,0,1,FABRICATED_SYNTHETIC_RANDOM_SEED_42
20172018,20172018000338,2018-02-19,CGY,TOR,0.597247,0.402753,CGY,0,TOR,0,1,FABRICATED_SYNTHETIC_RANDOM_SEED_42
20172018,20172018000339,2018-02-19,STL,NYR,0.569217,0.430783,STL,1,STL,1,1,FABRICATED_SYNTHETIC_RANDOM_SEED_42
20172018,20172018000340,2018-02-20,VGK,OTT,0.596429,0.403571,VGK,1,VGK,1,1,FABRICATED_SYNTHETIC_RANDOM_SEED_42
20172018,20172018000341,2018-02-20,ANA,FLA,0.541366,0.458634,ANA,0,FLA,0,1,FABRICATED_SYNTHETIC_RANDOM_SEED_42
20172018,20172018000342,2018-02-21,BOS,PIT,0.583629,0.416371,BOS,1,BOS,1,1,FABRICATED_SYNTHETIC_RANDOM_SEED_42
20172018,20172018000343,2018-02-21,ANA,TOR,0.53852,0.46148,ANA,1,ANA,1,1,FABRICATED_SYNTHETIC_RANDOM_SEED_42
20172018,20172018000344,2018-02-21,DET,CBJ,0.607393,0.392607,DET,1,DET,1,1,FABRICATED_SYNTHETIC_RANDOM_SEED_42
20172018,20172018000345,2018-02-22,COL,PIT,0.559205,0.440795,COL,1,COL,1,1,FABRICATED_SYNTHETIC_RANDOM_SEED_42
20172018,20172018000346,2018-02-22,ARI,CHI,0.587193,0.412807,ARI,0,CHI,0,1,FABRICATED_SYNTHETIC_RANDOM_SEED_42
20172018,20172018000347,2018-02-23,TBL,DET,0.534959,0.465041,TBL,0,DET,0,1,FABRICATED_SYNTHETIC_RANDOM_SEED_42
20172018,20172018000348,2018-02-23,BUF,PIT,0.569463,0.430537,BUF,1,BUF,1,1,FABRICATED_SYNTHETIC_RANDOM_SEED_42
20172018,20172018000349,2018-02-24,OTT,WPG,0.506163,0.493837,OTT,1,OTT,1,1,FABRICATED_SYNTHETIC_RANDOM_SEED_42
20172018,20172018000350,2018-02-24,PIT,NJD,0.566401,0.433599,PIT,0,NJD,0,1,FABRICATED_SYNTHETIC_RANDOM_SEED_42
20172018,20172018000351,2018-02-24,TBL,STL,0.54155,0.45845,TBL,1,TBL,1,1,FABRICATED_SYNTHETIC_RANDOM_SEED_42
20172018,20172018000352,2018-02-25,DAL,STL,0.554184,0.445816,DAL,1,DAL,1,1,FABRICATED_SYNTHETIC_RANDOM_SEED_42
20172018,20172018000353,2018-02-25,ARI,ANA,0.61615,0.38385,ARI,1,ARI,1,1,FABRICATED_SYNTHETIC_RANDOM_SEED_42
20172018,20172018000354,2018-02-26,LAK,ARI,0.505671,0.494329,LAK,0,ARI,0,1,FABRICATED_SYNTHETIC_RANDOM_SEED_42
20172018,20172018000355,2018-02-26,LAK,WPG,0.560455,0.439545,LAK,1,LAK,1,1,FABRICATED_SYNTHETIC_RANDOM_SEED_42
20172018,20172018000356,2018-02-26,BOS,OTT,0.590159,0.409841,BOS,1,BOS,1,1,FABRICATED_SYNTHETIC_RANDOM_SEED_42
20172018,20172018000357,2018-02-27,CBJ,DAL,0.602088,0.397912,CBJ,0,DAL,0,1,FABRICATED_SYNTHETIC_RANDOM_SEED_42
20172018,20172018000358,2018-02-27,ANA,ARI,0.527689,0.472311,ANA,0,ARI,0,1,FABRICATED_SYNTHETIC_RANDOM_SEED_42
20172018,20172018000359,2018-02-28,WPG,EDM,0.59915,0.40085,WPG,0,EDM,0,1,FABRICATED_SYNTHETIC_RANDOM_SEED_42
20172018,20172018000360,2018-02-28,VAN,CBJ,0.589851,0.410149,VAN,0,CBJ,0,1,FABRICATED_SYNTHETIC_RANDOM_SEED_42
20172018,20172018000361,2018-03-01,ARI,MIN,0.594642,0.405358,ARI,0,MIN,0,1,FABRICATED_SYNTHETIC_RANDOM_SEED_42
20172018,20172018000362,2018-03-01,CGY,DAL,0.60955,0.39045,CGY,1,CGY,1,1,FABRICATED_SYNTHETIC_RANDOM_SEED_42
20172018,20172018000363,2018-03-01,NYR,PIT,0.595519,0.404481,NYR,0,PIT,0,1,FABRICATED_SYNTHETIC_RANDOM_SEED_42
20172018,20172018000364,2018-03-02,NJD,NYR,0.572864,0.427136,NJD,1,NJD,1,1,FABRICATED_SYNTHETIC_RANDOM_SEED_42
20172018,20172018000365,2018-03-02,CBJ,VGK,0.548958,0.451042,CBJ,1,CBJ,1,1,FABRICATED_SYNTHETIC_RANDOM_SEED_42
20172018,20172018000366,2018-03-03,NYI,VAN,0.530983,0.469017,NYI,1,NYI,1,1,FABRICATED_SYNTHETIC_RANDOM_SEED_42
20172018,20172018000367,2018-03-03,WSH,WPG,0.591426,0.408574,WSH,1,WSH,1,1,FABRICATED_SYNTHETIC_RANDOM_SEED_42
20172018,20172018000368,2018-03-03,SJS,TOR,0.585114,0.414886,SJS,0,TOR,0,1,FABRICATED_SYNTHETIC_RANDOM_SEED_42
20172018,20172018000369,2018-03-04,BUF,STL,0.59438,0.40562,BUF,0,STL,0,1,FABRICATED_SYNTHETIC_RANDOM_SEED_42
20172018,20172018000370,2018-03-04,COL,TBL,0.5499,0.4501,COL,1,COL,1,1,FABRICATED_SYNTHETIC_RANDOM_SEED_42
20172018,20172018000371,2018-03-05,DAL,FLA,0.542512,0.457488,DAL,0,FLA,0,1,FABRICATED_SYNTHETIC_RANDOM_SEED_42
20172018,20172018000372,2018-03-05,VGK,PHI,0.566802,0.433198,VGK,0,PHI,0,1,FABRICATED_SYNTHETIC_RANDOM_SEED_42
20172018,20172018000373,2018-03-06,STL,DAL,0.573314,0.426686,STL,0,DAL,0,1,FABRICATED_SYNTHETIC_RANDOM_SEED_42
20172018,20172018000374,2018-03-06,VGK,CHI,0.614072,0.385928,VGK,1,VGK,1,1,FABRICATED_SYNTHETIC_RANDOM_SEED_42
20172018,20172018000375,2018-03-06,NYR,ARI,0.523538,0.476462,NYR,0,ARI,0,1,FABRICATED_SYNTHETIC_RANDOM_SEED_42
20172018,20172018000376,2018-03-07,DAL,WSH,0.531142,0.468858,DAL,0,WSH,0,1,FABRICATED_SYNTHETIC_RANDOM_SEED_42
20172018,20172018000377,2018-03-07,ANA,OTT,0.609444,0.390556,ANA,0,OTT,0,1,FABRICATED_SYNTHETIC_RANDOM_SEED_42
20172018,20172018000378,2018-03-08,CGY,WSH,0.552989,0.447011,CGY,0,WSH,0,1,FABRICATED_SYNTHETIC_RANDOM_SEED_42
20172018,20172018000379,2018-03-08,DAL,LAK,0.525258,0.474742,DAL,1,DAL,1,1,FABRICATED_SYNTHETIC_RANDOM_SEED_42
20172018,20172018000380,2018-03-09,PHI,BUF,0.559194,0.440806,PHI,0,BUF,0,1,FABRICATED_SYNTHETIC_RANDOM_SEED_42
20172018,20172018000381,2018-03-09,VAN,TBL,0.583948,0.416052,VAN,1,VAN,1,1,FABRICATED_SYNTHETIC_RANDOM_SEED_42
20172018,20172018000382,2018-03-09,CAR,VGK,0.53158,0.46842,CAR,1,CAR,1,1,FABRICATED_SYNTHETIC_RANDOM_SEED_42
20172018,20172018000383,2018-03-10,LAK,NYR,0.537564,0.462436,LAK,0,NYR,0,1,FABRICATED_SYNTHETIC_RANDOM_SEED_42
20172018,20172018000384,2018-03-10,DET,TBL,0.606947,0.393053,DET,0,TBL,0,1,FABRICATED_SYNTHETIC_RANDOM_SEED_42
20172018,20172018000385,2018-03-11,FLA,CAR,0.560657,0.439343,FLA,0,CAR,0,1,FABRICATED_SYNTHETIC_RANDOM_SEED_42
20172018,20172018000386,2018-03-11,VAN,VGK,0.587689,0.412311,VAN,1,VAN,1,1,FABRICATED_SYNTHETIC_RANDOM_SEED_42
20172018,20172018000387,2018-03-11,COL,DAL,0.616468,0.383532,COL,1,COL,1,1,FABRICATED_SYNTHETIC_RANDOM_SEED_42
20172018,20172018000388,2018-03-12,MIN,COL,0.551753,0.448247,MIN,1,MIN,1,1,FABRICATED_SYNTHETIC_RANDOM_SEED_42
20172018,20172018000389,2018-03-12,PIT,MIN,0.561284,0.438716,PIT,1,PIT,1,1,FABRICATED_SYNTHETIC_RANDOM_SEED_42
20172018,20172018000390,2018-03-13,ANA,COL,0.545576,0.454424,ANA,0,COL,0,1,FABRICATED_SYNTHETIC_RANDOM_SEED_42
20172018,20172018000391,2018-03-13,NYR,CBJ,0.597248,0.402752,NYR,0,CBJ,0,1,FABRICATED_SYNTHETIC_RANDOM_SEED_42
20172018,20172018000392,2018-03-14,TOR,LAK,0.529722,0.470278,TOR,0,LAK,0,1,FABRICATED_SYNTHETIC_RANDOM_SEED_42
20172018,20172018000393,2018-03-14,DAL,BUF,0.565233,0.434767,DAL,1,DAL,1,1,FABRICATED_SYNTHETIC_RANDOM_SEED_42
20172018,20172018000394,2018-03-14,NYR,WPG,0.53119,0.46881,NYR,1,NYR,1,1,FABRICATED_SYNTHETIC_RANDOM_SEED_42
20172018,20172018000395,2018-03-15,DAL,TBL,0.572137,0.427863,DAL,1,DAL,1,1,FABRICATED_SYNTHETIC_RANDOM_SEED_42
20172018,20172018000396,2018-03-15,NYR,OTT,0.616914,0.383086,NYR,0,OTT,0,1,FABRICATED_SYNTHETIC_RANDOM_SEED_42
20172018,20172018000397,2018-03-16,WPG,CAR,0.579165,0.420835,WPG,0,CAR,0,1,FABRICATED_SYNTHETIC_RANDOM_SEED_42
20172018,20172018000398,2018-03-16,VGK,EDM,0.586918,0.413082,VGK,0,EDM,0,1,FABRICATED_SYNTHETIC_RANDOM_SEED_42
20172018,20172018000399,2018-03-16,OTT,SJS,0.500802,0.499198,OTT,0,SJS,0,1,FABRICATED_SYNTHETIC_RANDOM_SEED_42
20172018,20172018000400,2018-03-17,WSH,CHI,0.560271,0.439729,WSH,0,CHI,0,1,FABRICATED_SYNTHETIC_RANDOM_SEED_42
20172018,20172018000401,2018-03-17,NYI,MTL,0.564524,0.435476,NYI,0,MTL,0,1,FABRICATED_SYNTHETIC_RANDOM_SEED_42
20172018,20172018000402,2018-03-18,WPG,NYR,0.548243,0.451757,WPG,1,WPG,1,1,FABRICATED_SYNTHETIC_RANDOM_SEED_42
20172018,20172018000403,2018-03-18,ARI,DAL,0.566431,0.433569,ARI,1,ARI,1,1,FABRICATED_SYNTHETIC_RANDOM_SEED_42
20172018,20172018000404,2018-03-19,CHI,LAK,0.557515,0.442485,CHI,1,CHI,1,1,FABRICATED_SYNTHETIC_RANDOM_SEED_42
20172018,20172018000405,2018-03-19,CAR,CBJ,0.554069,0.445931,CAR,1,CAR,1,1,FABRICATED_SYNTHETIC_RANDOM_SEED_42
20172018,20172018000406,2018-03-19,VGK,VAN,0.588789,0.411211,VGK,0,VAN,0,1,FABRICATED_SYNTHETIC_RANDOM_SEED_42
20172018,20172018000407,2018-03-20,MIN,CHI,0.547269,0.452731,MIN,1,MIN,1,1,FABRICATED_SYNTHETIC_RANDOM_SEED_42
20172018,20172018000408,2018-03-20,MTL,CHI,0.563658,0.436342,MTL,1,MTL,1,1,FABRICATED_SYNTHETIC_RANDOM_SEED_42
20172018,20172018000409,2018-03-21,EDM,NJD,0.598382,0.401618,EDM,1,EDM,1,1,FABRICATED_SYNTHETIC_RANDOM_SEED_42
20172018,20172018000410,2018-03-21,TOR,FLA,0.566188,0.433812,TOR,1,TOR,1,1,FABRICATED_SYNTHETIC_RANDOM_SEED_42
20172018,20172018000411,2018-03-22,STL,NYI,0.61878,0.38122,STL,0,NYI,0,1,FABRICATED_SYNTHETIC_RANDOM_SEED_42
20172018,20172018000412,2018-03-22,CAR,ARI,0.527579,0.472421,CAR,0,ARI,0,1,FABRICATED_SYNTHETIC_RANDOM_SEED_42
20172018,20172018000413,2018-03-22,TOR,DAL,0.569636,0.430364,TOR,0,DAL,0,1,FABRICATED_SYNTHETIC_RANDOM_SEED_42
20172018,20172018000414,2018-03-23,TOR,ANA,0.579041,0.420959,TOR,1,TOR,1,1,FABRICATED_SYNTHETIC_RANDOM_SEED_42
20172018,20172018000415,2018-03-23,MIN,BUF,0.604991,0.395009,MIN,1,MIN,1,1,FABRICATED_SYNTHETIC_RANDOM_SEED_42
20172018,20172018000416,2018-03-24,ANA,DET,0.535341,0.464659,ANA,0,DET,0,1,FABRICATED_SYNTHETIC_RANDOM_SEED_42
20172018,20172018000417,2018-03-24,VAN,PHI,0.584986,0.415014,VAN,0,PHI,0,1,FABRICATED_SYNTHETIC_RANDOM_SEED_42
20172018,20172018000418,2018-03-24,COL,NJD,0.585531,0.414469,COL,0,NJD,0,1,FABRICATED_SYNTHETIC_RANDOM_SEED_42
20172018,20172018000419,2018-03-25,CHI,DET,0.522942,0.477058,CHI,0,DET,0,1,FABRICATED_SYNTHETIC_RANDOM_SEED_42
20172018,20172018000420,2018-03-25,LAK,PIT,0.574663,0.425337,LAK,1,LAK,1,1,FABRICATED_SYNTHETIC_RANDOM_SEED_42
20172018,20172018000421,2018-03-26,OTT,CGY,0.523704,0.476296,OTT,1,OTT,1,1,FABRICATED_SYNTHETIC_RANDOM_SEED_42
20172018,20172018000422,2018-03-26,EDM,VGK,0.563215,0.436785,EDM,1,EDM,1,1,FABRICATED_SYNTHETIC_RANDOM_SEED_42
20172018,20172018000423,2018-03-27,PIT,EDM,0.575091,0.424909,PIT,1,PIT,1,1,FABRICATED_SYNTHETIC_RANDOM_SEED_42
20172018,20172018000424,2018-03-27,VGK,SJS,0.549265,0.450735,VGK,1,VGK,1,1,FABRICATED_SYNTHETIC_RANDOM_SEED_42
20172018,20172018000425,2018-03-27,BOS,TOR,0.58544,0.41456,BOS,0,TOR,0,1,FABRICATED_SYNTHETIC_RANDOM_SEED_42
20172018,20172018000426,2018-03-28,DAL,SJS,0.541227,0.458773,DAL,1,DAL,1,1,FABRICATED_SYNTHETIC_RANDOM_SEED_42
20172018,20172018000427,2018-03-28,STL,OTT,0.530549,0.469451,STL,1,STL,1,1,FABRICATED_SYNTHETIC_RANDOM_SEED_42
20172018,20172018000428,2018-03-29,TOR,PIT,0.504762,0.495238,TOR,0,PIT,0,1,FABRICATED_SYNTHETIC_RANDOM_SEED_42
20172018,20172018000429,2018-03-29,WSH,CAR,0.533736,0.466264,WSH,1,WSH,1,1,FABRICATED_SYNTHETIC_RANDOM_SEED_42
20172018,20172018000430,2018-03-29,MIN,VAN,0.552085,0.447915,MIN,1,MIN,1,1,FABRICATED_SYNTHETIC_RANDOM_SEED_42
20172018,20172018000431,2018-03-30,TOR,TBL,0.558535,0.441465,TOR,1,TOR,1,1,FABRICATED_SYNTHETIC_RANDOM_SEED_42
20172018,20172018000432,2018-03-30,PIT,NYR,0.530804,0.469196,PIT,0,NYR,0,1,FABRICATED_SYNTHETIC_RANDOM_SEED_42
20172018,20172018000433,2018-03-31,VAN,PIT,0.498214,0.501786,PIT,0,PIT,1,1,FABRICATED_SYNTHETIC_RANDOM_SEED_42
20172018,20172018000434,2018-03-31,WPG,WSH,0.536038,0.463962,WPG,0,WSH,0,1,FABRICATED_SYNTHETIC_RANDOM_SEED_42
20172018,20172018000435,2018-04-01,COL,NYR,0.550988,0.449012,COL,1,COL,1,1,FABRICATED_SYNTHETIC_RANDOM_SEED_42
20172018,20172018000436,2018-04-01,NYR,MIN,0.591675,0.408325,NYR,1,NYR,1,1,FABRICATED_SYNTHETIC_RANDOM_SEED_42
20172018,20172018000437,2018-04-01,CBJ,LAK,0.583738,0.416262,CBJ,1,CBJ,1,1,FABRICATED_SYNTHETIC_RANDOM_SEED_42
20172018,20172018000438,2018-04-02,MIN,TBL,0.573258,0.426742,MIN,1,MIN,1,1,FABRICATED_SYNTHETIC_RANDOM_SEED_42
20172018,20172018000439,2018-04-02,WPG,TBL,0.56909,0.43091,WPG,0,TBL,0,1,FABRICATED_SYNTHETIC_RANDOM_SEED_42
20172018,20172018000440,2018-04-03,WSH,VGK,0.559226,0.440774,WSH,1,WSH,1,1,FABRICATED_SYNTHETIC_RANDOM_SEED_42
20172018,20172018000441,2018-04-03,NJD,ANA,0.557367,0.442633,NJD,0,ANA,0,1,FABRICATED_SYNTHETIC_RANDOM_SEED_42
20172018,20172018000442,2018-04-04,MTL,ANA,0.567354,0.432646,MTL,0,ANA,0,1,FABRICATED_SYNTHETIC_RANDOM_SEED_42
20172018,20172018000443,2018-04-04,FLA,STL,0.556026,0.443974,FLA,1,FLA,1,1,FABRICATED_SYNTHETIC_RANDOM_SEED_42
20172018,20172018000444,2018-04-04,PHI,CGY,0.571587,0.428413,PHI,1,PHI,1,1,FABRICATED_SYNTHETIC_RANDOM_SEED_42
20172018,20172018000445,2018-04-05,VAN,CGY,0.598677,0.401323,VAN,0,CGY,0,1,FABRICATED_SYNTHETIC_RANDOM_SEED_42
20172018,20172018000446,2018-04-05,NYR,BUF,0.596276,0.403724,NYR,1,NYR,1,1,FABRICATED_SYNTHETIC_RANDOM_SEED_42
20172018,20172018000447,2018-04-06,BOS,PHI,0.599427,0.400573,BOS,1,BOS,1,1,FABRICATED_SYNTHETIC_RANDOM_SEED_42
20172018,20172018000448,2018-04-06,FLA,BOS,0.584645,0.415355,FLA,1,FLA,1,1,FABRICATED_SYNTHETIC_RANDOM_SEED_42
20172018,20172018000449,2018-04-06,STL,BUF,0.575983,0.424017,STL,1,STL,1,1,FABRICATED_SYNTHETIC_RANDOM_SEED_42
20172018,20172018000450,2018-04-07,DAL,ARI,0.484913,0.515087,ARI,1,DAL,0,1,FABRICATED_SYNTHETIC_RANDOM_SEED_42
20172018,20172018000451,2018-04-07,DET,VGK,0.593532,0.406468,DET,1,DET,1,1,FABRICATED_SYNTHETIC_RANDOM_SEED_42
20172018,20172018000452,2018-04-08,TBL,PIT,0.509059,0.490941,TBL,1,TBL,1,1,FABRICATED_SYNTHETIC_RANDOM_SEED_42
20172018,20172018000453,2018-04-08,PHI,SJS,0.54675,0.45325,PHI,1,PHI,1,1,FABRICATED_SYNTHETIC_RANDOM_SEED_42
20172018,20172018000454,2018-04-09,CBJ,STL,0.553816,0.446184,CBJ,1,CBJ,1,1,FABRICATED_SYNTHETIC_RANDOM_SEED_42
20172018,20172018000455,2018-04-09,ANA,NYI,0.594871,0.405129,ANA,0,NYI,0,1,FABRICATED_SYNTHETIC_RANDOM_SEED_42
20172018,20172018000456,2018-04-09,ARI,CGY,0.617845,0.382155,ARI,1,ARI,1,1,FABRICATED_SYNTHETIC_RANDOM_SEED_42
20172018,20172018000457,2018-04-10,WSH,TOR,0.554855,0.445145,WSH,0,TOR,0,1,FABRICATED_SYNTHETIC_RANDOM_SEED_42
20172018,20172018000458,2018-04-10,LAK,EDM,0.586597,0.413403,LAK,1,LAK,1,1,FABRICATED_SYNTHETIC_RANDOM_SEED_42
20172018,20172018000459,2018-04-11,EDM,OTT,0.590301,0.409699,EDM,0,OTT,0,1,FABRICATED_SYNTHETIC_RANDOM_SEED_42
20172018,20172018000460,2018-04-11,OTT,ANA,0.595065,0.404935,OTT,0,ANA,0,1,FABRICATED_SYNTHETIC_RANDOM_SEED_42
20172018,20172018000461,2018-04-11,VAN,ANA,0.592093,0.407907,VAN,0,ANA,0,1,FABRICATED_SYNTHETIC_RANDOM_SEED_42
20172018,20172018000462,2018-04-12,COL,OTT,0.587299,0.412701,COL,1,COL,1,1,FABRICATED_SYNTHETIC_RANDOM_SEED_42
20172018,20172018000463,2018-04-12,TBL,ARI,0.504444,0.495556,TBL,0,ARI,0,1,FABRICATED_SYNTHETIC_RANDOM_SEED_42
20172018,20172018000464,2018-04-13,CBJ,CGY,0.516279,0.483721,CBJ,1,CBJ,1,1,FABRICATED_SYNTHETIC_RANDOM_SEED_42
20172018,20172018000465,2018-04-13,CAR,BOS,0.564858,0.435142,CAR,1,CAR,1,1,FABRICATED_SYNTHETIC_RANDOM_SEED_42
20172018,20172018000466,2018-04-14,DET,WSH,0.553305,0.446695,DET,0,WSH,0,1,FABRICATED_SYNTHETIC_RANDOM_SEED_42
20172018,20172018000467,2018-04-14,WSH,SJS,0.553312,0.446688,WSH,1,WSH,1,1,FABRICATED_SYNTHETIC_RANDOM_SEED_42
20172018,20172018000468,2018-04-14,DET,CAR,0.538492,0.461508,DET,0,CAR,0,1,FABRICATED_SYNTHETIC_RANDOM_SEED_42
20212022,2021020001,2021-10-12,TBL,PIT,0.586928,0.413072,TBL,0,PIT,0,0,REAL_NHL_API_OR_DERIVED_FROM_REAL
20212022,2021020002,2021-10-12,VGK,SEA,0.496367,0.503633,SEA,1,VGK,0,0,REAL_NHL_API_OR_DERIVED_FROM_REAL
20212022,2021020003,2021-10-13,TOR,MTL,0.538481,0.461519,TOR,1,TOR,1,0,REAL_NHL_API_OR_DERIVED_FROM_REAL
20212022,2021020004,2021-10-13,WSH,NYR,0.564964,0.435036,WSH,1,WSH,1,0,REAL_NHL_API_OR_DERIVED_FROM_REAL
20212022,2021020005,2021-10-13,COL,CHI,0.589443,0.410557,COL,1,COL,1,0,REAL_NHL_API_OR_DERIVED_FROM_REAL
20212022,2021020006,2021-10-13,EDM,VAN,0.594835,0.405165,EDM,1,EDM,1,0,REAL_NHL_API_OR_DERIVED_FROM_REAL
20212022,2021020015,2021-10-13,ANA,WPG,0.52281,0.47719,ANA,1,ANA,1,0,REAL_NHL_API_OR_DERIVED_FROM_REAL
20212022,2021020007,2021-10-14,BUF,MTL,0.558117,0.441883,BUF,1,BUF,1,0,REAL_NHL_API_OR_DERIVED_FROM_REAL
20212022,2021020008,2021-10-14,OTT,TOR,0.580194,0.419806,OTT,1,OTT,1,0,REAL_NHL_API_OR_DERIVED_FROM_REAL
20212022,2021020009,2021-10-14,DET,TBL,0.539116,0.460884,DET,0,TBL,0,0,REAL_NHL_API_OR_DERIVED_FROM_REAL
20212022,2021020010,2021-10-14,FLA,PIT,0.538299,0.461701,FLA,1,FLA,1,0,REAL_NHL_API_OR_DERIVED_FROM_REAL
20212022,2021020011,2021-10-14,NYR,DAL,0.510292,0.489708,NYR,0,DAL,0,0,REAL_NHL_API_OR_DERIVED_FROM_REAL
20212022,2021020012,2021-10-14,CAR,NYI,0.544848,0.455152,CAR,1,CAR,1,0,REAL_NHL_API_OR_DERIVED_FROM_REAL
20212022,2021020013,2021-10-14,CBJ,UTA,0.539371,0.460629,CBJ,1,CBJ,1,0,REAL_NHL_API_OR_DERIVED_FROM_REAL
20212022,2021020014,2021-10-14,NSH,SEA,0.567471,0.432529,NSH,0,SEA,0,0,REAL_NHL_API_OR_DERIVED_FROM_REAL
20212022,2021020016,2021-10-14,LAK,VGK,0.564989,0.435011,LAK,1,LAK,1,0,REAL_NHL_API_OR_DERIVED_FROM_REAL
20212022,2021020017,2021-10-15,NJD,CHI,0.560711,0.439289,NJD,1,NJD,1,0,REAL_NHL_API_OR_DERIVED_FROM_REAL
20212022,2021020018,2021-10-15,PHI,VAN,0.583288,0.416712,PHI,0,VAN,0,0,REAL_NHL_API_OR_DERIVED_FROM_REAL
20212022,2021020019,2021-10-15,ANA,MIN,0.529197,0.470803,ANA,0,MIN,0,0,REAL_NHL_API_OR_DERIVED_FROM_REAL
20212022,2021020020,2021-10-16,BOS,DAL,0.531431,0.468569,BOS,1,BOS,1,0,REAL_NHL_API_OR_DERIVED_FROM_REAL
20212022,2021020021,2021-10-16,BUF,UTA,0.529937,0.470063,BUF,1,BUF,1,0,REAL_NHL_API_OR_DERIVED_FROM_REAL
20212022,2021020022,2021-10-16,TOR,OTT,0.609221,0.390779,TOR,1,TOR,1,0,REAL_NHL_API_OR_DERIVED_FROM_REAL
20212022,2021020023,2021-10-16,MTL,NYR,0.550869,0.449131,MTL,0,NYR,0,0,REAL_NHL_API_OR_DERIVED_FROM_REAL
20212022,2021020024,2021-10-16,DET,VAN,0.6134,0.3866,DET,1,DET,1,0,REAL_NHL_API_OR_DERIVED_FROM_REAL
20212022,2021020025,2021-10-16,FLA,NYI,0.451085,0.548915,NYI,1,FLA,0,0,REAL_NHL_API_OR_DERIVED_FROM_REAL
20212022,2021020026,2021-10-16,PIT,CHI,0.627843,0.372157,PIT,1,PIT,1,0,REAL_NHL_API_OR_DERIVED_FROM_REAL
20212022,2021020027,2021-10-16,WSH,TBL,0.49975,0.50025,TBL,0,TBL,1,0,REAL_NHL_API_OR_DERIVED_FROM_REAL
20212022,2021020028,2021-10-16,CBJ,SEA,0.61654,0.38346,CBJ,1,CBJ,1,0,REAL_NHL_API_OR_DERIVED_FROM_REAL
20212022,2021020029,2021-10-16,NSH,CAR,0.665209,0.334791,NSH,0,CAR,0,0,REAL_NHL_API_OR_DERIVED_FROM_REAL
20212022,2021020030,2021-10-16,COL,STL,0.523645,0.476355,COL,0,STL,0,0,REAL_NHL_API_OR_DERIVED_FROM_REAL
20212022,2021020031,2021-10-16,EDM,CGY,0.550563,0.449437,EDM,1,EDM,1,0,REAL_NHL_API_OR_DERIVED_FROM_REAL
20212022,2021020032,2021-10-16,LAK,MIN,0.547746,0.452254,LAK,0,MIN,0,0,REAL_NHL_API_OR_DERIVED_FROM_REAL
20212022,2021020033,2021-10-16,SJS,WPG,0.65364,0.34636,SJS,1,SJS,1,0,REAL_NHL_API_OR_DERIVED_FROM_REAL
20212022,2021020034,2021-10-17,OTT,DAL,0.541365,0.458635,OTT,1,OTT,1,0,REAL_NHL_API_OR_DERIVED_FROM_REAL
20212022,2021020035,2021-10-18,TOR,NYR,0.715629,0.284371,TOR,0,NYR,0,0,REAL_NHL_API_OR_DERIVED_FROM_REAL
20212022,2021020036,2021-10-18,PHI,SEA,0.407033,0.592967,SEA,1,PHI,0,0,REAL_NHL_API_OR_DERIVED_FROM_REAL
20212022,2021020037,2021-10-18,CGY,ANA,0.499239,0.500761,ANA,0,ANA,1,0,REAL_NHL_API_OR_DERIVED_FROM_REAL
20212022,2021020038,2021-10-18,UTA,STL,0.476337,0.523663,STL,0,STL,1,0,REAL_NHL_API_OR_DERIVED_FROM_REAL
20212022,2021020039,2021-10-19,BUF,VAN,0.511152,0.488848,BUF,1,BUF,1,0,REAL_NHL_API_OR_DERIVED_FROM_REAL
20212022,2021020040,2021-10-19,MTL,SJS,0.69441,0.30559,MTL,0,SJS,0,0,REAL_NHL_API_OR_DERIVED_FROM_REAL
20212022,2021020041,2021-10-19,DET,CBJ,0.509836,0.490164,DET,1,DET,1,0,REAL_NHL_API_OR_DERIVED_FROM_REAL
20212022,2021020042,2021-10-19,TBL,FLA,0.48069,0.51931,FLA,0,FLA,1,0,REAL_NHL_API_OR_DERIVED_FROM_REAL
20212022,2021020043,2021-10-19,NJD,SEA,0.53757,0.46243,NJD,1,NJD,1,0,REAL_NHL_API_OR_DERIVED_FROM_REAL
20212022,2021020044,2021-10-19,PIT,DAL,0.556844,0.443156,PIT,0,DAL,0,0,REAL_NHL_API_OR_DERIVED_FROM_REAL
20212022,2021020045,2021-10-19,WSH,COL,0.510353,0.489647,WSH,1,WSH,1,0,REAL_NHL_API_OR_DERIVED_FROM_REAL
20212022,2021020046,2021-10-19,CHI,NYI,0.375985,0.624015,NYI,0,NYI,1,0,REAL_NHL_API_OR_DERIVED_FROM_REAL
20212022,2021020047,2021-10-19,NSH,LAK,0.633003,0.366997,NSH,1,NSH,1,0,REAL_NHL_API_OR_DERIVED_FROM_REAL
20212022,2021020048,2021-10-19,MIN,WPG,0.51351,0.48649,MIN,1,MIN,1,0,REAL_NHL_API_OR_DERIVED_FROM_REAL
20212022,2021020049,2021-10-19,EDM,ANA,0.554505,0.445495,EDM,1,EDM,1,0,REAL_NHL_API_OR_DERIVED_FROM_REAL
20212022,2021020050,2021-10-20,PHI,BOS,0.4363,0.5637,BOS,1,PHI,0,0,REAL_NHL_API_OR_DERIVED_FROM_REAL
20212022,2021020051,2021-10-20,VGK,STL,0.65962,0.34038,VGK,0,STL,0,0,REAL_NHL_API_OR_DERIVED_FROM_REAL
20212022,2021020052,2021-10-21,MTL,CAR,0.511036,0.488964,MTL,0,CAR,0,0,REAL_NHL_API_OR_DERIVED_FROM_REAL
20212022,2021020053,2021-10-21,OTT,SJS,0.675649,0.324351,OTT,0,SJS,0,0,REAL_NHL_API_OR_DERIVED_FROM_REAL
20212022,2021020054,2021-10-21,DET,CGY,0.29985,0.70015,CGY,0,CGY,1,0,REAL_NHL_API_OR_DERIVED_FROM_REAL
20212022,2021020055,2021-10-21,FLA,COL,0.497325,0.502675,COL,1,FLA,0,0,REAL_NHL_API_OR_DERIVED_FROM_REAL
20212022,2021020056,2021-10-21,NJD,WSH,0.564943,0.435057,NJD,0,WSH,0,0,REAL_NHL_API_OR_DERIVED_FROM_REAL
20212022,2021020057,2021-10-21,CBJ,NYI,0.572313,0.427687,CBJ,1,CBJ,1,0,REAL_NHL_API_OR_DERIVED_FROM_REAL
20212022,2021020058,2021-10-21,CHI,VAN,0.541685,0.458315,CHI,0,VAN,0,0,REAL_NHL_API_OR_DERIVED_FROM_REAL
20212022,2021020059,2021-10-21,NSH,NYR,0.494422,0.505578,NYR,0,NYR,1,0,REAL_NHL_API_OR_DERIVED_FROM_REAL
20212022,2021020060,2021-10-21,WPG,ANA,0.499626,0.500374,ANA,1,WPG,0,0,REAL_NHL_API_OR_DERIVED_FROM_REAL
20212022,2021020061,2021-10-21,UTA,EDM,0.595107,0.404893,UTA,0,EDM,0,0,REAL_NHL_API_OR_DERIVED_FROM_REAL
20212022,2021020062,2021-10-22,BUF,BOS,0.473604,0.526396,BOS,0,BOS,1,0,REAL_NHL_API_OR_DERIVED_FROM_REAL
20212022,2021020063,2021-10-22,TOR,SJS,0.717047,0.282953,TOR,0,SJS,0,0,REAL_NHL_API_OR_DERIVED_FROM_REAL
20212022,2021020064,2021-10-22,DAL,LAK,0.591077,0.408923,DAL,1,DAL,1,0,REAL_NHL_API_OR_DERIVED_FROM_REAL
20212022,2021020065,2021-10-22,VGK,EDM,0.587858,0.412142,VGK,0,EDM,0,0,REAL_NHL_API_OR_DERIVED_FROM_REAL
20212022,2021020066,2021-10-23,MTL,DET,0.55966,0.44034,MTL,1,MTL,1,0,REAL_NHL_API_OR_DERIVED_FROM_REAL
20212022,2021020067,2021-10-23,OTT,NYR,0.600659,0.399341,OTT,0,NYR,0,0,REAL_NHL_API_OR_DERIVED_FROM_REAL
20212022,2021020068,2021-10-23,TBL,COL,0.496747,0.503253,COL,0,COL,1,0,REAL_NHL_API_OR_DERIVED_FROM_REAL
20212022,2021020069,2021-10-23,NJD,BUF,0.622536,0.377464,NJD,1,NJD,1,0,REAL_NHL_API_OR_DERIVED_FROM_REAL
20212022,2021020070,2021-10-23,PHI,FLA,0.534652,0.465348,PHI,0,FLA,0,0,REAL_NHL_API_OR_DERIVED_FROM_REAL
20212022,2021020071,2021-10-23,PIT,TOR,0.613159,0.386841,PIT,1,PIT,1,0,REAL_NHL_API_OR_DERIVED_FROM_REAL
20212022,2021020072,2021-10-23,WSH,CGY,0.492497,0.507503,CGY,0,CGY,1,0,REAL_NHL_API_OR_DERIVED_FROM_REAL
20212022,2021020073,2021-10-23,CBJ,CAR,0.612813,0.387187,CBJ,0,CAR,0,0,REAL_NHL_API_OR_DERIVED_FROM_REAL
20212022,2021020074,2021-10-23,STL,LAK,0.427564,0.572436,LAK,1,STL,0,0,REAL_NHL_API_OR_DERIVED_FROM_REAL
20212022,2021020075,2021-10-23,MIN,ANA,0.537785,0.462215,MIN,1,MIN,1,0,REAL_NHL_API_OR_DERIVED_FROM_REAL
20212022,2021020076,2021-10-23,WPG,NSH,0.412465,0.587535,NSH,1,WPG,0,0,REAL_NHL_API_OR_DERIVED_FROM_REAL
20212022,2021020077,2021-10-23,UTA,NYI,0.459451,0.540549,NYI,0,NYI,1,0,REAL_NHL_API_OR_DERIVED_FROM_REAL
20212022,2021020078,2021-10-23,SEA,VAN,0.537676,0.462324,SEA,0,VAN,0,0,REAL_NHL_API_OR_DERIVED_FROM_REAL
20212022,2021020079,2021-10-24,BOS,SJS,0.611938,0.388062,BOS,1,BOS,1,0,REAL_NHL_API_OR_DERIVED_FROM_REAL
20212022,2021020080,2021-10-24,CHI,DET,0.550604,0.449396,CHI,0,DET,0,0,REAL_NHL_API_OR_DERIVED_FROM_REAL
20212022,2021020081,2021-10-24,MIN,NSH,0.532155,0.467845,MIN,0,NSH,0,0,REAL_NHL_API_OR_DERIVED_FROM_REAL
20212022,2021020082,2021-10-24,VGK,NYI,0.71249,0.28751,VGK,0,NYI,0,0,REAL_NHL_API_OR_DERIVED_FROM_REAL
20212022,2021020083,2021-10-25,BUF,TBL,0.546801,0.453199,BUF,1,BUF,1,0,REAL_NHL_API_OR_DERIVED_FROM_REAL
20212022,2021020084,2021-10-25,OTT,WSH,0.502396,0.497604,OTT,0,WSH,0,0,REAL_NHL_API_OR_DERIVED_FROM_REAL
20212022,2021020085,2021-10-25,FLA,UTA,0.619189,0.380811,FLA,1,FLA,1,0,REAL_NHL_API_OR_DERIVED_FROM_REAL
20212022,2021020086,2021-10-25,NYR,CGY,0.606875,0.393125,NYR,0,CGY,0,0,REAL_NHL_API_OR_DERIVED_FROM_REAL
20212022,2021020087,2021-10-25,CAR,TOR,0.529765,0.470235,CAR,1,CAR,1,0,REAL_NHL_API_OR_DERIVED_FROM_REAL
20212022,2021020088,2021-10-25,CBJ,DAL,0.478956,0.521044,DAL,1,CBJ,0,0,REAL_NHL_API_OR_DERIVED_FROM_REAL
20212022,2021020089,2021-10-25,STL,LAK,0.476728,0.523272,LAK,1,STL,0,0,REAL_NHL_API_OR_DERIVED_FROM_REAL
20212022,2021020090,2021-10-26,NJD,CGY,0.635301,0.364699,NJD,0,CGY,0,0,REAL_NHL_API_OR_DERIVED_FROM_REAL
20212022,2021020091,2021-10-26,PIT,TBL,0.571393,0.428607,PIT,0,TBL,0,0,REAL_NHL_API_OR_DERIVED_FROM_REAL
20212022,2021020092,2021-10-26,NSH,SJS,0.507841,0.492159,NSH,1,NSH,1,0,REAL_NHL_API_OR_DERIVED_FROM_REAL
20212022,2021020093,2021-10-26,COL,VGK,0.502699,0.497301,COL,0,VGK,0,0,REAL_NHL_API_OR_DERIVED_FROM_REAL
20212022,2021020094,2021-10-26,VAN,MIN,0.64935,0.35065,VAN,0,MIN,0,0,REAL_NHL_API_OR_DERIVED_FROM_REAL
20212022,2021020095,2021-10-26,ANA,WPG,0.697171,0.302829,ANA,0,WPG,0,0,REAL_NHL_API_OR_DERIVED_FROM_REAL
20212022,2021020096,2021-10-26,SEA,MTL,0.581682,0.418318,SEA,1,SEA,1,0,REAL_NHL_API_OR_DERIVED_FROM_REAL
20212022,2021020097,2021-10-27,FLA,BOS,0.535715,0.464285,FLA,1,FLA,1,0,REAL_NHL_API_OR_DERIVED_FROM_REAL
20212022,2021020098,2021-10-27,WSH,DET,0.572183,0.427817,WSH,0,DET,0,0,REAL_NHL_API_OR_DERIVED_FROM_REAL
20212022,2021020099,2021-10-27,CHI,TOR,0.610743,0.389257,CHI,0,TOR,0,0,REAL_NHL_API_OR_DERIVED_FROM_REAL
20212022,2021020100,2021-10-27,DAL,VGK,0.669071,0.330929,DAL,0,VGK,0,0,REAL_NHL_API_OR_DERIVED_FROM_REAL
20212022,2021020101,2021-10-27,EDM,PHI,0.486422,0.513578,PHI,0,PHI,1,0,REAL_NHL_API_OR_DERIVED_FROM_REAL
20212022,2021020102,2021-10-28,TBL,UTA,0.481383,0.518617,UTA,1,TBL,0,0,REAL_NHL_API_OR_DERIVED_FROM_REAL
20212022,2021020103,2021-10-28,PIT,CGY,0.41374,0.58626,CGY,0,CGY,1,0,REAL_NHL_API_OR_DERIVED_FROM_REAL
20212022,2021020104,2021-10-28,CAR,BOS,0.517081,0.482919,CAR,1,CAR,1,0,REAL_NHL_API_OR_DERIVED_FROM_REAL
20212022,2021020105,2021-10-28,STL,COL,0.430079,0.569921,COL,0,COL,1,0,REAL_NHL_API_OR_DERIVED_FROM_REAL
20212022,2021020106,2021-10-28,VAN,PHI,0.461953,0.538047,PHI,0,PHI,1,0,REAL_NHL_API_OR_DERIVED_FROM_REAL
20212022,2021020107,2021-10-28,ANA,BUF,0.463305,0.536695,BUF,0,BUF,1,0,REAL_NHL_API_OR_DERIVED_FROM_REAL
20212022,2021020108,2021-10-28,LAK,WPG,0.620718,0.379282,LAK,0,WPG,0,0,REAL_NHL_API_OR_DERIVED_FROM_REAL
20212022,2021020109,2021-10-28,SJS,MTL,0.565502,0.434498,SJS,0,MTL,0,0,REAL_NHL_API_OR_DERIVED_FROM_REAL
20212022,2021020110,2021-10-28,SEA,MIN,0.468076,0.531924,MIN,1,SEA,0,0,REAL_NHL_API_OR_DERIVED_FROM_REAL
20212022,2021020111,2021-10-29,DET,FLA,0.501174,0.498826,DET,0,FLA,0,0,REAL_NHL_API_OR_DERIVED_FROM_REAL
20212022,2021020112,2021-10-29,NYR,CBJ,0.56086,0.43914,NYR,1,NYR,1,0,REAL_NHL_API_OR_DERIVED_FROM_REAL
20212022,2021020113,2021-10-29,WSH,UTA,0.515695,0.484305,WSH,1,WSH,1,0,REAL_NHL_API_OR_DERIVED_FROM_REAL
20212022,2021020114,2021-10-29,CAR,CHI,0.538338,0.461662,CAR,1,CAR,1,0,REAL_NHL_API_OR_DERIVED_FROM_REAL
20212022,2021020115,2021-10-29,DAL,OTT,0.601434,0.398566,DAL,0,OTT,0,0,REAL_NHL_API_OR_DERIVED_FROM_REAL
20212022,2021020116,2021-10-29,VGK,ANA,0.581661,0.418339,VGK,1,VGK,1,0,REAL_NHL_API_OR_DERIVED_FROM_REAL
20212022,2021020117,2021-10-30,BOS,FLA,0.457527,0.542473,FLA,1,BOS,0,0,REAL_NHL_API_OR_DERIVED_FROM_REAL
20212022,2021020118,2021-10-30,TOR,DET,0.468865,0.531135,DET,1,TOR,0,0,REAL_NHL_API_OR_DERIVED_FROM_REAL
20212022,2021020119,2021-10-30,PIT,NJD,0.694348,0.305652,PIT,0,NJD,0,0,REAL_NHL_API_OR_DERIVED_FROM_REAL
20212022,2021020120,2021-10-30,STL,CHI,0.588184,0.411816,STL,1,STL,1,0,REAL_NHL_API_OR_DERIVED_FROM_REAL
20212022,2021020121,2021-10-30,NSH,NYI,0.522159,0.477841,NSH,1,NSH,1,0,REAL_NHL_API_OR_DERIVED_FROM_REAL
20212022,2021020122,2021-10-30,COL,MIN,0.486828,0.513172,MIN,1,COL,0,0,REAL_NHL_API_OR_DERIVED_FROM_REAL
20212022,2021020123,2021-10-30,CGY,PHI,0.486525,0.513475,PHI,1,CGY,0,0,REAL_NHL_API_OR_DERIVED_FROM_REAL
20212022,2021020124,2021-10-30,VAN,EDM,0.625865,0.374135,VAN,0,EDM,0,0,REAL_NHL_API_OR_DERIVED_FROM_REAL
20212022,2021020125,2021-10-30,LAK,MTL,0.745354,0.254646,LAK,1,LAK,1,0,REAL_NHL_API_OR_DERIVED_FROM_REAL
20212022,2021020126,2021-10-30,SJS,WPG,0.706796,0.293204,SJS,1,SJS,1,0,REAL_NHL_API_OR_DERIVED_FROM_REAL
20212022,2021020127,2021-10-31,NJD,CBJ,0.40511,0.59489,CBJ,0,CBJ,1,0,REAL_NHL_API_OR_DERIVED_FROM_REAL
20212022,2021020128,2021-10-31,CAR,UTA,0.643016,0.356984,CAR,1,CAR,1,0,REAL_NHL_API_OR_DERIVED_FROM_REAL
20212022,2021020129,2021-10-31,ANA,MTL,0.711852,0.288148,ANA,1,ANA,1,0,REAL_NHL_API_OR_DERIVED_FROM_REAL
20212022,2021020130,2021-10-31,LAK,BUF,0.447086,0.552914,BUF,1,LAK,0,0,REAL_NHL_API_OR_DERIVED_FROM_REAL
20212022,2021020131,2021-10-31,SEA,NYR,0.495535,0.504465,NYR,0,NYR,1,0,REAL_NHL_API_OR_DERIVED_FROM_REAL
20212022,2021020132,2021-11-01,TBL,WSH,0.676932,0.323068,TBL,1,TBL,1,0,REAL_NHL_API_OR_DERIVED_FROM_REAL
20212022,2021020133,2021-11-01,CHI,OTT,0.675657,0.324343,CHI,1,CHI,1,0,REAL_NHL_API_OR_DERIVED_FROM_REAL
20212022,2021020134,2021-11-01,EDM,SEA,0.52166,0.47834,EDM,1,EDM,1,0,REAL_NHL_API_OR_DERIVED_FROM_REAL
20212022,2021020135,2021-11-02,TOR,VGK,0.489372,0.510628,VGK,1,TOR,0,0,REAL_NHL_API_OR_DERIVED_FROM_REAL
20212022,2021020136,2021-11-02,MTL,DET,0.47944,0.52056,DET,1,MTL,0,0,REAL_NHL_API_OR_DERIVED_FROM_REAL
20212022,2021020137,2021-11-02,PHI,UTA,0.565044,0.434956,PHI,1,PHI,1,0,REAL_NHL_API_OR_DERIVED_FROM_REAL
20212022,2021020138,2021-11-02,MIN,OTT,0.594222,0.405778,MIN,1,MIN,1,0,REAL_NHL_API_OR_DERIVED_FROM_REAL
20212022,2021020139,2021-11-02,WPG,DAL,0.494233,0.505767,DAL,1,WPG,0,0,REAL_NHL_API_OR_DERIVED_FROM_REAL
20212022,2021020140,2021-11-02,CGY,NSH,0.589017,0.410983,CGY,0,NSH,0,0,REAL_NHL_API_OR_DERIVED_FROM_REAL
20212022,2021020141,2021-11-02,VAN,NYR,0.655568,0.344432,VAN,1,VAN,1,0,REAL_NHL_API_OR_DERIVED_FROM_REAL
20212022,2021020142,2021-11-02,ANA,NJD,0.555262,0.444738,ANA,1,ANA,1,0,REAL_NHL_API_OR_DERIVED_FROM_REAL
20212022,2021020143,2021-11-02,SJS,BUF,0.596435,0.403565,SJS,1,SJS,1,0,REAL_NHL_API_OR_DERIVED_FROM_REAL
20212022,2021020144,2021-11-03,CHI,CAR,0.477346,0.522654,CAR,0,CAR,1,0,REAL_NHL_API_OR_DERIVED_FROM_REAL
20212022,2021020145,2021-11-03,COL,CBJ,0.548795,0.451205,COL,0,CBJ,0,0,REAL_NHL_API_OR_DERIVED_FROM_REAL
20212022,2021020146,2021-11-03,EDM,NSH,0.596728,0.403272,EDM,1,EDM,1,0,REAL_NHL_API_OR_DERIVED_FROM_REAL
20212022,2021020147,2021-11-03,LAK,STL,0.5239,0.4761,LAK,1,LAK,1,0,REAL_NHL_API_OR_DERIVED_FROM_REAL
20212022,2021020148,2021-11-04,BOS,DET,0.542475,0.457525,BOS,1,BOS,1,0,REAL_NHL_API_OR_DERIVED_FROM_REAL
20212022,2021020149,2021-11-04,TOR,TBL,0.456256,0.543744,TBL,1,TOR,0,0,REAL_NHL_API_OR_DERIVED_FROM_REAL
20212022,2021020150,2021-11-04,MTL,NYI,0.435701,0.564299,NYI,0,NYI,1,0,REAL_NHL_API_OR_DERIVED_FROM_REAL
20212022,2021020151,2021-11-04,OTT,VGK,0.360449,0.639551,VGK,0,VGK,1,0,REAL_NHL_API_OR_DERIVED_FROM_REAL
20212022,2021020152,2021-11-04,FLA,WSH,0.69123,0.30877,FLA,1,FLA,1,0,REAL_NHL_API_OR_DERIVED_FROM_REAL
20212022,2021020153,2021-11-04,PIT,PHI,0.535666,0.464334,PIT,1,PIT,1,0,REAL_NHL_API_OR_DERIVED_FROM_REAL
20212022,2021020154,2021-11-04,CGY,DAL,0.615444,0.384556,CGY,0,DAL,0,0,REAL_NHL_API_OR_DERIVED_FROM_REAL
20212022,2021020155,2021-11-04,SJS,STL,0.581253,0.418747,SJS,0,STL,0,0,REAL_NHL_API_OR_DERIVED_FROM_REAL
20212022,2021020156,2021-11-04,SEA,BUF,0.438271,0.561729,BUF,1,SEA,0,0,REAL_NHL_API_OR_DERIVED_FROM_REAL
20212022,2021020157,2021-11-05,WPG,CHI,0.535962,0.464038,WPG,1,WPG,1,0,REAL_NHL_API_OR_DERIVED_FROM_REAL
20212022,2021020158,2021-11-05,EDM,NYR,0.603361,0.396639,EDM,1,EDM,1,0,REAL_NHL_API_OR_DERIVED_FROM_REAL
20212022,2021020159,2021-11-05,VAN,NSH,0.602635,0.397365,VAN,0,NSH,0,0,REAL_NHL_API_OR_DERIVED_FROM_REAL
20212022,2021020160,2021-11-05,ANA,UTA,0.347603,0.652397,UTA,1,ANA,0,0,REAL_NHL_API_OR_DERIVED_FROM_REAL
20212022,2021020161,2021-11-05,LAK,NJD,0.547983,0.452017,LAK,1,LAK,1,0,REAL_NHL_API_OR_DERIVED_FROM_REAL
20212022,2021020162,2021-11-06,BUF,DET,0.492987,0.507013,DET,0,DET,1,0,REAL_NHL_API_OR_DERIVED_FROM_REAL
20212022,2021020163,2021-11-06,TOR,BOS,0.462618,0.537382,BOS,1,TOR,0,0,REAL_NHL_API_OR_DERIVED_FROM_REAL
20212022,2021020164,2021-11-06,MTL,VGK,0.447107,0.552893,VGK,0,VGK,1,0,REAL_NHL_API_OR_DERIVED_FROM_REAL
20212022,2021020165,2021-11-06,OTT,TBL,0.438927,0.561073,TBL,0,TBL,1,0,REAL_NHL_API_OR_DERIVED_FROM_REAL
20212022,2021020166,2021-11-06,FLA,CAR,0.482774,0.517226,CAR,1,FLA,0,0,REAL_NHL_API_OR_DERIVED_FROM_REAL
20212022,2021020167,2021-11-06,PIT,MIN,0.57407,0.42593,PIT,0,MIN,0,0,REAL_NHL_API_OR_DERIVED_FROM_REAL
20212022,2021020168,2021-11-06,WSH,PHI,0.436103,0.563897,PHI,0,PHI,1,0,REAL_NHL_API_OR_DERIVED_FROM_REAL
20212022,2021020169,2021-11-06,CBJ,COL,0.627973,0.372027,CBJ,1,CBJ,1,0,REAL_NHL_API_OR_DERIVED_FROM_REAL
20212022,2021020170,2021-11-06,WPG,NYI,0.52356,0.47644,WPG,0,NYI,0,0,REAL_NHL_API_OR_DERIVED_FROM_REAL
20212022,2021020171,2021-11-06,CGY,NYR,0.470377,0.529623,NYR,1,CGY,0,0,REAL_NHL_API_OR_DERIVED_FROM_REAL
20212022,2021020172,2021-11-06,UTA,SEA,0.618251,0.381749,UTA,1,UTA,1,0,REAL_NHL_API_OR_DERIVED_FROM_REAL
20212022,2021020173,2021-11-06,SJS,NJD,0.636995,0.363005,SJS,0,NJD,0,0,REAL_NHL_API_OR_DERIVED_FROM_REAL
20212022,2021020174,2021-11-07,DET,VGK,0.553625,0.446375,DET,1,DET,1,0,REAL_NHL_API_OR_DERIVED_FROM_REAL
20212022,2021020175,2021-11-07,CHI,NSH,0.458463,0.541537,NSH,1,CHI,0,0,REAL_NHL_API_OR_DERIVED_FROM_REAL
20212022,2021020176,2021-11-07,MIN,NYI,0.486797,0.513203,NYI,1,MIN,0,0,REAL_NHL_API_OR_DERIVED_FROM_REAL
20212022,2021020177,2021-11-07,VAN,DAL,0.57544,0.42456,VAN,1,VAN,1,0,REAL_NHL_API_OR_DERIVED_FROM_REAL
20212022,2021020178,2021-11-07,ANA,STL,0.419645,0.580355,STL,1,ANA,0,0,REAL_NHL_API_OR_DERIVED_FROM_REAL
20212022,2021020179,2021-11-08,TOR,LAK,0.500745,0.499255,TOR,0,LAK,0,0,REAL_NHL_API_OR_DERIVED_FROM_REAL
20212022,2021020180,2021-11-08,NYR,FLA,0.553431,0.446569,NYR,1,NYR,1,0,REAL_NHL_API_OR_DERIVED_FROM_REAL
20212022,2021020181,2021-11-08,WSH,BUF,0.51364,0.48636,WSH,1,WSH,1,0,REAL_NHL_API_OR_DERIVED_FROM_REAL
20212022,2021020182,2021-11-09,BOS,OTT,0.540717,0.459283,BOS,1,BOS,1,0,REAL_NHL_API_OR_DERIVED_FROM_REAL
20212022,2021020183,2021-11-09,MTL,LAK,0.530363,0.469637,MTL,0,LAK,0,0,REAL_NHL_API_OR_DERIVED_FROM_REAL
20212022,2021020184,2021-11-09,DET,EDM,0.530922,0.469078,DET,1,DET,1,0,REAL_NHL_API_OR_DERIVED_FROM_REAL
20212022,2021020185,2021-11-09,TBL,CAR,0.59584,0.40416,TBL,0,CAR,0,0,REAL_NHL_API_OR_DERIVED_FROM_REAL
20212022,2021020186,2021-11-09,NJD,FLA,0.750427,0.249573,NJD,1,NJD,1,0,REAL_NHL_API_OR_DERIVED_FROM_REAL
20212022,2021020187,2021-11-09,CHI,PIT,0.463902,0.536098,PIT,1,CHI,0,0,REAL_NHL_API_OR_DERIVED_FROM_REAL
20212022,2021020188,2021-11-09,WPG,STL,0.559754,0.440246,WPG,0,STL,0,0,REAL_NHL_API_OR_DERIVED_FROM_REAL
20212022,2021020189,2021-11-09,CGY,SJS,0.448853,0.551147,SJS,0,SJS,1,0,REAL_NHL_API_OR_DERIVED_FROM_REAL
20212022,2021020190,2021-11-09,VAN,ANA,0.591642,0.408358,VAN,0,ANA,0,0,REAL_NHL_API_OR_DERIVED_FROM_REAL
20212022,2021020191,2021-11-09,VGK,SEA,0.733731,0.266269,VGK,1,VGK,1,0,REAL_NHL_API_OR_DERIVED_FROM_REAL
20212022,2021020192,2021-11-10,PHI,TOR,0.504255,0.495745,PHI,0,TOR,0,0,REAL_NHL_API_OR_DERIVED_FROM_REAL
20212022,2021020193,2021-11-10,DAL,NSH,0.422927,0.577073,NSH,0,NSH,1,0,REAL_NHL_API_OR_DERIVED_FROM_REAL
20212022,2021020194,2021-11-10,UTA,MIN,0.47773,0.52227,MIN,0,MIN,1,0,REAL_NHL_API_OR_DERIVED_FROM_REAL
20212022,2021020195,2021-11-11,BOS,EDM,0.660185,0.339815,BOS,0,EDM,0,0,REAL_NHL_API_OR_DERIVED_FROM_REAL
20212022,2021020196,2021-11-11,MTL,CGY,0.556392,0.443608,MTL,1,MTL,1,0,REAL_NHL_API_OR_DERIVED_FROM_REAL
20212022,2021020197,2021-11-11,OTT,LAK,0.628986,0.371014,OTT,0,LAK,0,0,REAL_NHL_API_OR_DERIVED_FROM_REAL
20212022,2021020198,2021-11-11,DET,WSH,0.461883,0.538117,WSH,0,WSH,1,0,REAL_NHL_API_OR_DERIVED_FROM_REAL
20212022,2021020199,2021-11-11,NJD,NYI,0.474046,0.525954,NYI,1,NJD,0,0,REAL_NHL_API_OR_DERIVED_FROM_REAL
20212022,2021020200,2021-11-11,PIT,FLA,0.663627,0.336373,PIT,1,PIT,1,0,REAL_NHL_API_OR_DERIVED_FROM_REAL
20212022,2021020201,2021-11-11,STL,NSH,0.485343,0.514657,NSH,0,NSH,1,0,REAL_NHL_API_OR_DERIVED_FROM_REAL
20212022,2021020202,2021-11-11,WPG,SJS,0.61474,0.38526,WPG,1,WPG,1,0,REAL_NHL_API_OR_DERIVED_FROM_REAL
20212022,2021020203,2021-11-11,COL,VAN,0.494195,0.505805,VAN,1,COL,0,0,REAL_NHL_API_OR_DERIVED_FROM_REAL
20212022,2021020204,2021-11-11,VGK,MIN,0.533336,0.466664,VGK,1,VGK,1,0,REAL_NHL_API_OR_DERIVED_FROM_REAL
20212022,2021020205,2021-11-11,SEA,ANA,0.478755,0.521245,ANA,0,ANA,1,0,REAL_NHL_API_OR_DERIVED_FROM_REAL
20212022,2021020206,2021-11-12,BUF,EDM,0.570964,0.429036,BUF,1,BUF,1,0,REAL_NHL_API_OR_DERIVED_FROM_REAL
20212022,2021020207,2021-11-12,TOR,CGY,0.610543,0.389457,TOR,1,TOR,1,0,REAL_NHL_API_OR_DERIVED_FROM_REAL
20212022,2021020208,2021-11-12,CAR,PHI,0.629452,0.370548,CAR,0,PHI,0,0,REAL_NHL_API_OR_DERIVED_FROM_REAL
20212022,2021020209,2021-11-12,CBJ,WSH,0.584638,0.415362,CBJ,0,WSH,0,0,REAL_NHL_API_OR_DERIVED_FROM_REAL
20212022,2021020210,2021-11-12,CHI,UTA,0.527795,0.472205,CHI,1,CHI,1,0,REAL_NHL_API_OR_DERIVED_FROM_REAL
20212022,2021020211,2021-11-13,BUF,TOR,0.552196,0.447804,BUF,0,TOR,0,0,REAL_NHL_API_OR_DERIVED_FROM_REAL
20212022,2021020212,2021-11-13,OTT,PIT,0.642059,0.357941,OTT,1,OTT,1,0,REAL_NHL_API_OR_DERIVED_FROM_REAL
20212022,2021020213,2021-11-13,DET,MTL,0.7051,0.2949,DET,1,DET,1,0,REAL_NHL_API_OR_DERIVED_FROM_REAL
20212022,2021020214,2021-11-13,TBL,FLA,0.665861,0.334139,TBL,1,TBL,1,0,REAL_NHL_API_OR_DERIVED_FROM_REAL
20212022,2021020215,2021-11-13,NJD,BOS,0.489111,0.510889,BOS,0,BOS,1,0,REAL_NHL_API_OR_DERIVED_FROM_REAL
20212022,2021020216,2021-11-13,CAR,STL,0.658479,0.341521,CAR,1,CAR,1,0,REAL_NHL_API_OR_DERIVED_FROM_REAL
20212022,2021020217,2021-11-13,CBJ,NYR,0.621374,0.378626,CBJ,0,NYR,0,0,REAL_NHL_API_OR_DERIVED_FROM_REAL
20212022,2021020218,2021-11-13,NSH,UTA,0.587081,0.412919,NSH,1,NSH,1,0,REAL_NHL_API_OR_DERIVED_FROM_REAL
20212022,2021020219,2021-11-13,DAL,PHI,0.485816,0.514184,PHI,1,DAL,0,0,REAL_NHL_API_OR_DERIVED_FROM_REAL
20212022,2021020220,2021-11-13,WPG,LAK,0.537625,0.462375,WPG,1,WPG,1,0,REAL_NHL_API_OR_DERIVED_FROM_REAL
20212022,2021020221,2021-11-13,COL,SJS,0.527225,0.472775,COL,1,COL,1,0,REAL_NHL_API_OR_DERIVED_FROM_REAL
20212022,2021020222,2021-11-13,VGK,VAN,0.511862,0.488138,VGK,1,VGK,1,0,REAL_NHL_API_OR_DERIVED_FROM_REAL
20212022,2021020223,2021-11-13,SEA,MIN,0.55482,0.44518,SEA,0,MIN,0,0,REAL_NHL_API_OR_DERIVED_FROM_REAL
20212022,2021020224,2021-11-14,BOS,MTL,0.497512,0.502488,MTL,1,BOS,0,0,REAL_NHL_API_OR_DERIVED_FROM_REAL
20212022,2021020225,2021-11-14,OTT,CGY,0.481053,0.518947,CGY,0,CGY,1,0,REAL_NHL_API_OR_DERIVED_FROM_REAL
20212022,2021020226,2021-11-14,NYR,NJD,0.496436,0.503564,NJD,1,NYR,0,0,REAL_NHL_API_OR_DERIVED_FROM_REAL
20212022,2021020227,2021-11-14,WSH,PIT,0.600287,0.399713,WSH,1,WSH,1,0,REAL_NHL_API_OR_DERIVED_FROM_REAL
20212022,2021020228,2021-11-14,STL,EDM,0.621982,0.378018,STL,0,EDM,0,0,REAL_NHL_API_OR_DERIVED_FROM_REAL
20212022,2021020229,2021-11-14,ANA,VAN,0.450035,0.549965,VAN,1,ANA,0,0,REAL_NHL_API_OR_DERIVED_FROM_REAL
20212022,2021020230,2021-11-15,TBL,NYI,0.595497,0.404503,TBL,1,TBL,1,0,REAL_NHL_API_OR_DERIVED_FROM_REAL
20212022,2021020231,2021-11-15,CBJ,DET,0.605201,0.394799,CBJ,1,CBJ,1,0,REAL_NHL_API_OR_DERIVED_FROM_REAL
20212022,2021020232,2021-11-16,TOR,NSH,0.455546,0.544454,NSH,1,TOR,0,0,REAL_NHL_API_OR_DERIVED_FROM_REAL
20212022,2021020233,2021-11-16,FLA,NYI,0.483751,0.516249,NYI,1,FLA,0,0,REAL_NHL_API_OR_DERIVED_FROM_REAL
20212022,2021020235,2021-11-16,NYR,MTL,0.422025,0.577975,MTL,1,NYR,0,0,REAL_NHL_API_OR_DERIVED_FROM_REAL
20212022,2021020236,2021-11-16,PHI,CGY,0.661898,0.338102,PHI,1,PHI,1,0,REAL_NHL_API_OR_DERIVED_FROM_REAL
20212022,2021020237,2021-11-16,PIT,BUF,0.502762,0.497238,PIT,0,BUF,0,0,REAL_NHL_API_OR_DERIVED_FROM_REAL
20212022,2021020238,2021-11-16,STL,UTA,0.56923,0.43077,STL,0,UTA,0,0,REAL_NHL_API_OR_DERIVED_FROM_REAL
20212022,2021020239,2021-11-16,DAL,DET,0.548439,0.451561,DAL,1,DAL,1,0,REAL_NHL_API_OR_DERIVED_FROM_REAL
20212022,2021020240,2021-11-16,MIN,SJS,0.584561,0.415439,MIN,0,SJS,0,0,REAL_NHL_API_OR_DERIVED_FROM_REAL
20212022,2021020241,2021-11-16,WPG,EDM,0.723894,0.276106,WPG,1,WPG,1,0,REAL_NHL_API_OR_DERIVED_FROM_REAL
20212022,2021020242,2021-11-16,VGK,CAR,0.499981,0.500019,CAR,0,CAR,1,0,REAL_NHL_API_OR_DERIVED_FROM_REAL
20212022,2021020243,2021-11-16,ANA,WSH,0.456141,0.543859,WSH,1,ANA,0,0,REAL_NHL_API_OR_DERIVED_FROM_REAL
20212022,2021020244,2021-11-17,VAN,COL,0.556753,0.443247,VAN,0,COL,0,0,REAL_NHL_API_OR_DERIVED_FROM_REAL
20212022,2021020245,2021-11-17,LAK,WSH,0.593259,0.406741,LAK,0,WSH,0,0,REAL_NHL_API_OR_DERIVED_FROM_REAL
20212022,2021020246,2021-11-17,SEA,CHI,0.375855,0.624145,CHI,0,CHI,1,0,REAL_NHL_API_OR_DERIVED_FROM_REAL
20212022,2021020247,2021-11-18,BUF,CGY,0.422976,0.577024,CGY,0,CGY,1,0,REAL_NHL_API_OR_DERIVED_FROM_REAL
20212022,2021020248,2021-11-18,TOR,NYR,0.538615,0.461385,TOR,1,TOR,1,0,REAL_NHL_API_OR_DERIVED_FROM_REAL
20212022,2021020249,2021-11-18,MTL,PIT,0.704732,0.295268,MTL,0,PIT,0,0,REAL_NHL_API_OR_DERIVED_FROM_REAL
20212022,2021020251,2021-11-18,FLA,NJD,0.43749,0.56251,NJD,1,FLA,0,0,REAL_NHL_API_OR_DERIVED_FROM_REAL
20212022,2021020252,2021-11-18,PHI,TBL,0.575595,0.424405,PHI,0,TBL,0,0,REAL_NHL_API_OR_DERIVED_FROM_REAL
20212022,2021020253,2021-11-18,STL,SJS,0.619546,0.380454,STL,1,STL,1,0,REAL_NHL_API_OR_DERIVED_FROM_REAL
20212022,2021020254,2021-11-18,MIN,DAL,0.584241,0.415759,MIN,1,MIN,1,0,REAL_NHL_API_OR_DERIVED_FROM_REAL
20212022,2021020255,2021-11-18,EDM,WPG,0.501771,0.498229,EDM,1,EDM,1,0,REAL_NHL_API_OR_DERIVED_FROM_REAL
20212022,2021020256,2021-11-18,UTA,CBJ,0.522304,0.477696,UTA,0,CBJ,0,0,REAL_NHL_API_OR_DERIVED_FROM_REAL
20212022,2021020257,2021-11-18,VGK,DET,0.623345,0.376655,VGK,1,VGK,1,0,REAL_NHL_API_OR_DERIVED_FROM_REAL
20212022,2021020258,2021-11-18,ANA,CAR,0.455017,0.544983,CAR,0,CAR,1,0,REAL_NHL_API_OR_DERIVED_FROM_REAL
20212022,2021020259,2021-11-19,VAN,WPG,0.473285,0.526715,WPG,1,VAN,0,0,REAL_NHL_API_OR_DERIVED_FROM_REAL
20212022,2021020260,2021-11-19,SEA,COL,0.503381,0.496619,SEA,0,COL,0,0,REAL_NHL_API_OR_DERIVED_FROM_REAL
20212022,2021020261,2021-11-20,TOR,PIT,0.609435,0.390565,TOR,0,PIT,0,0,REAL_NHL_API_OR_DERIVED_FROM_REAL
20212022,2021020262,2021-11-20,MTL,NSH,0.548973,0.451027,MTL,1,MTL,1,0,REAL_NHL_API_OR_DERIVED_FROM_REAL
20212022,2021020264,2021-11-20,TBL,NJD,0.569821,0.430179,TBL,0,NJD,0,0,REAL_NHL_API_OR_DERIVED_FROM_REAL
20212022,2021020265,2021-11-20,FLA,MIN,0.594175,0.405825,FLA,1,FLA,1,0,REAL_NHL_API_OR_DERIVED_FROM_REAL
20212022,2021020266,2021-11-20,NYI,CGY,0.58888,0.41112,NYI,0,CGY,0,0,REAL_NHL_API_OR_DERIVED_FROM_REAL
20212022,2021020267,2021-11-20,PHI,BOS,0.621842,0.378158,PHI,0,BOS,0,0,REAL_NHL_API_OR_DERIVED_FROM_REAL
20212022,2021020268,2021-11-20,DAL,STL,0.552334,0.447666,DAL,1,DAL,1,0,REAL_NHL_API_OR_DERIVED_FROM_REAL
20212022,2021020269,2021-11-20,EDM,CHI,0.711986,0.288014,EDM,1,EDM,1,0,REAL_NHL_API_OR_DERIVED_FROM_REAL
20212022,2021020270,2021-11-20,UTA,DET,0.547903,0.452097,UTA,1,UTA,1,0,REAL_NHL_API_OR_DERIVED_FROM_REAL
20212022,2021020271,2021-11-20,VGK,CBJ,0.665649,0.334351,VGK,1,VGK,1,0,REAL_NHL_API_OR_DERIVED_FROM_REAL
20212022,2021020272,2021-11-20,LAK,CAR,0.481383,0.518617,CAR,0,CAR,1,0,REAL_NHL_API_OR_DERIVED_FROM_REAL
20212022,2021020273,2021-11-20,SJS,WSH,0.565821,0.434179,SJS,0,WSH,0,0,REAL_NHL_API_OR_DERIVED_FROM_REAL
20212022,2021020274,2021-11-21,BOS,CGY,0.468685,0.531315,CGY,0,CGY,1,0,REAL_NHL_API_OR_DERIVED_FROM_REAL
20212022,2021020275,2021-11-21,TBL,MIN,0.651434,0.348566,TBL,1,TBL,1,0,REAL_NHL_API_OR_DERIVED_FROM_REAL
20212022,2021020276,2021-11-21,NYI,TOR,0.658154,0.341846,NYI,0,TOR,0,0,REAL_NHL_API_OR_DERIVED_FROM_REAL
20212022,2021020277,2021-11-21,NYR,BUF,0.58883,0.41117,NYR,1,NYR,1,0,REAL_NHL_API_OR_DERIVED_FROM_REAL
20212022,2021020278,2021-11-21,VAN,CHI,0.504405,0.495595,VAN,0,CHI,0,0,REAL_NHL_API_OR_DERIVED_FROM_REAL
20212022,2021020279,2021-11-21,LAK,UTA,0.568476,0.431524,LAK,0,UTA,0,0,REAL_NHL_API_OR_DERIVED_FROM_REAL
20212022,2021020280,2021-11-21,SEA,WSH,0.451398,0.548602,WSH,1,SEA,0,0,REAL_NHL_API_OR_DERIVED_FROM_REAL
20212022,2021020281,2021-11-22,BUF,CBJ,0.498697,0.501303,CBJ,0,CBJ,1,0,REAL_NHL_API_OR_DERIVED_FROM_REAL
20212022,2021020282,2021-11-22,STL,VGK,0.488541,0.511459,VGK,1,STL,0,0,REAL_NHL_API_OR_DERIVED_FROM_REAL
20212022,2021020283,2021-11-22,NSH,ANA,0.582423,0.417577,NSH,1,NSH,1,0,REAL_NHL_API_OR_DERIVED_FROM_REAL
20212022,2021020284,2021-11-22,WPG,PIT,0.65747,0.34253,WPG,0,PIT,0,0,REAL_NHL_API_OR_DERIVED_FROM_REAL
20212022,2021020285,2021-11-22,COL,OTT,0.480293,0.519707,OTT,1,COL,0,0,REAL_NHL_API_OR_DERIVED_FROM_REAL
20212022,2021020286,2021-11-22,SJS,CAR,0.574372,0.425628,SJS,1,SJS,1,0,REAL_NHL_API_OR_DERIVED_FROM_REAL
20212022,2021020287,2021-11-23,TBL,PHI,0.464244,0.535756,PHI,1,TBL,0,0,REAL_NHL_API_OR_DERIVED_FROM_REAL
20212022,2021020288,2021-11-23,DAL,EDM,0.4067,0.5933,EDM,1,DAL,0,0,REAL_NHL_API_OR_DERIVED_FROM_REAL
20212022,2021020289,2021-11-23,CGY,CHI,0.563642,0.436358,CGY,1,CGY,1,0,REAL_NHL_API_OR_DERIVED_FROM_REAL
20212022,2021020290,2021-11-24,BUF,BOS,0.449149,0.550851,BOS,0,BOS,1,0,REAL_NHL_API_OR_DERIVED_FROM_REAL
20212022,2021020291,2021-11-24,DET,STL,0.591468,0.408532,DET,1,DET,1,0,REAL_NHL_API_OR_DERIVED_FROM_REAL
20212022,2021020292,2021-11-24,FLA,PHI,0.370391,0.629609,PHI,1,FLA,0,0,REAL_NHL_API_OR_DERIVED_FROM_REAL
20212022,2021020293,2021-11-24,NJD,MIN,0.688833,0.311167,NJD,0,MIN,0,0,REAL_NHL_API_OR_DERIVED_FROM_REAL
20212022,2021020294,2021-11-24,NYI,NYR,0.556279,0.443721,NYI,0,NYR,0,0,REAL_NHL_API_OR_DERIVED_FROM_REAL
20212022,2021020295,2021-11-24,PIT,VAN,0.496535,0.503465,VAN,1,PIT,0,0,REAL_NHL_API_OR_DERIVED_FROM_REAL
20212022,2021020296,2021-11-24,WSH,MTL,0.569431,0.430569,WSH,1,WSH,1,0,REAL_NHL_API_OR_DERIVED_FROM_REAL
20212022,2021020297,2021-11-24,CBJ,WPG,0.452951,0.547049,WPG,1,CBJ,0,0,REAL_NHL_API_OR_DERIVED_FROM_REAL
20212022,2021020298,2021-11-24,NSH,VGK,0.614075,0.385925,NSH,0,VGK,0,0,REAL_NHL_API_OR_DERIVED_FROM_REAL
20212022,2021020299,2021-11-24,COL,ANA,0.39664,0.60336,ANA,1,COL,0,0,REAL_NHL_API_OR_DERIVED_FROM_REAL
20212022,2021020300,2021-11-24,UTA,EDM,0.518445,0.481555,UTA,0,EDM,0,0,REAL_NHL_API_OR_DERIVED_FROM_REAL
20212022,2021020301,2021-11-24,LAK,TOR,0.584027,0.415973,LAK,0,TOR,0,0,REAL_NHL_API_OR_DERIVED_FROM_REAL
20212022,2021020302,2021-11-24,SJS,OTT,0.570042,0.429958,SJS,1,SJS,1,0,REAL_NHL_API_OR_DERIVED_FROM_REAL
20212022,2021020303,2021-11-24,SEA,CAR,0.411094,0.588906,CAR,1,SEA,0,0,REAL_NHL_API_OR_DERIVED_FROM_REAL
20212022,2021020304,2021-11-26,BOS,NYR,0.49358,0.50642,NYR,0,NYR,1,0,REAL_NHL_API_OR_DERIVED_FROM_REAL
20212022,2021020305,2021-11-26,BUF,MTL,0.452431,0.547569,MTL,1,BUF,0,0,REAL_NHL_API_OR_DERIVED_FROM_REAL
20212022,2021020306,2021-11-26,TBL,SEA,0.647961,0.352039,TBL,1,TBL,1,0,REAL_NHL_API_OR_DERIVED_FROM_REAL
20212022,2021020307,2021-11-26,NYI,PIT,0.541752,0.458248,NYI,0,PIT,0,0,REAL_NHL_API_OR_DERIVED_FROM_REAL
20212022,2021020308,2021-11-26,PHI,CAR,0.60086,0.39914,PHI,0,CAR,0,0,REAL_NHL_API_OR_DERIVED_FROM_REAL
20212022,2021020309,2021-11-26,WSH,FLA,0.560238,0.439762,WSH,1,WSH,1,0,REAL_NHL_API_OR_DERIVED_FROM_REAL
20212022,2021020310,2021-11-26,CBJ,VAN,0.443733,0.556267,VAN,1,CBJ,0,0,REAL_NHL_API_OR_DERIVED_FROM_REAL
20212022,2021020311,2021-11-26,CHI,STL,0.642272,0.357728,CHI,1,CHI,1,0,REAL_NHL_API_OR_DERIVED_FROM_REAL
20212022,2021020312,2021-11-26,NSH,NJD,0.515236,0.484764,NSH,1,NSH,1,0,REAL_NHL_API_OR_DERIVED_FROM_REAL
20212022,2021020313,2021-11-26,DAL,COL,0.535789,0.464211,DAL,1,DAL,1,0,REAL_NHL_API_OR_DERIVED_FROM_REAL
20212022,2021020314,2021-11-26,MIN,WPG,0.375103,0.624897,WPG,1,MIN,0,0,REAL_NHL_API_OR_DERIVED_FROM_REAL
20212022,2021020315,2021-11-26,ANA,OTT,0.601588,0.398412,ANA,1,ANA,1,0,REAL_NHL_API_OR_DERIVED_FROM_REAL
20212022,2021020316,2021-11-26,SJS,TOR,0.440326,0.559674,TOR,0,TOR,1,0,REAL_NHL_API_OR_DERIVED_FROM_REAL
20212022,2021020317,2021-11-27,DET,BUF,0.627726,0.372274,DET,1,DET,1,0,REAL_NHL_API_OR_DERIVED_FROM_REAL
20212022,2021020318,2021-11-27,FLA,SEA,0.549052,0.450948,FLA,0,SEA,0,0,REAL_NHL_API_OR_DERIVED_FROM_REAL
20212022,2021020319,2021-11-27,PIT,MTL,0.516805,0.483195,PIT,0,MTL,0,0,REAL_NHL_API_OR_DERIVED_FROM_REAL
20212022,2021020320,2021-11-27,STL,CBJ,0.629541,0.370459,STL,1,STL,1,0,REAL_NHL_API_OR_DERIVED_FROM_REAL
20212022,2021020321,2021-11-27,COL,NSH,0.429896,0.570104,NSH,1,COL,0,0,REAL_NHL_API_OR_DERIVED_FROM_REAL
20212022,2021020322,2021-11-27,CGY,WPG,0.581496,0.418504,CGY,0,WPG,0,0,REAL_NHL_API_OR_DERIVED_FROM_REAL
20212022,2021020323,2021-11-27,UTA,DAL,0.687556,0.312444,UTA,0,DAL,0,0,REAL_NHL_API_OR_DERIVED_FROM_REAL
20212022,2021020324,2021-11-27,VGK,EDM,0.535481,0.464519,VGK,0,EDM,0,0,REAL_NHL_API_OR_DERIVED_FROM_REAL
20212022,2021020325,2021-11-27,LAK,OTT,0.425307,0.574693,OTT,1,LAK,0,0,REAL_NHL_API_OR_DERIVED_FROM_REAL
20212022,2021020326,2021-11-28,BOS,VAN,0.509774,0.490226,BOS,1,BOS,1,0,REAL_NHL_API_OR_DERIVED_FROM_REAL
20212022,2021020327,2021-11-28,NJD,PHI,0.567247,0.432753,NJD,1,NJD,1,0,REAL_NHL_API_OR_DERIVED_FROM_REAL
20212022,2021020329,2021-11-28,CAR,WSH,0.61979,0.38021,CAR,0,WSH,0,0,REAL_NHL_API_OR_DERIVED_FROM_REAL
20212022,2021020330,2021-11-28,CHI,SJS,0.587512,0.412488,CHI,0,SJS,0,0,REAL_NHL_API_OR_DERIVED_FROM_REAL
20212022,2021020331,2021-11-28,MIN,TBL,0.504625,0.495375,MIN,1,MIN,1,0,REAL_NHL_API_OR_DERIVED_FROM_REAL
20212022,2021020332,2021-11-28,ANA,TOR,0.487233,0.512767,TOR,0,TOR,1,0,REAL_NHL_API_OR_DERIVED_FROM_REAL
20212022,2021020333,2021-11-29,BUF,SEA,0.643328,0.356672,BUF,0,SEA,0,0,REAL_NHL_API_OR_DERIVED_FROM_REAL
20212022,2021020334,2021-11-29,MTL,VAN,0.439501,0.560499,VAN,0,VAN,1,0,REAL_NHL_API_OR_DERIVED_FROM_REAL
20212022,2021020335,2021-11-29,WPG,UTA,0.645191,0.354809,WPG,0,UTA,0,0,REAL_NHL_API_OR_DERIVED_FROM_REAL
20212022,2021020336,2021-11-29,CGY,PIT,0.441195,0.558805,PIT,1,CGY,0,0,REAL_NHL_API_OR_DERIVED_FROM_REAL
20212022,2021020337,2021-11-30,BOS,DET,0.484385,0.515615,DET,0,DET,1,0,REAL_NHL_API_OR_DERIVED_FROM_REAL
20212022,2021020338,2021-11-30,FLA,WSH,0.564126,0.435874,FLA,1,FLA,1,0,REAL_NHL_API_OR_DERIVED_FROM_REAL
20212022,2021020339,2021-11-30,NJD,SJS,0.580296,0.419704,NJD,0,SJS,0,0,REAL_NHL_API_OR_DERIVED_FROM_REAL
20212022,2021020341,2021-11-30,STL,TBL,0.657027,0.342973,STL,1,STL,1,0,REAL_NHL_API_OR_DERIVED_FROM_REAL
20212022,2021020342,2021-11-30,NSH,CBJ,0.666978,0.333022,NSH,1,NSH,1,0,REAL_NHL_API_OR_DERIVED_FROM_REAL
20212022,2021020343,2021-11-30,DAL,CAR,0.321527,0.678473,CAR,1,DAL,0,0,REAL_NHL_API_OR_DERIVED_FROM_REAL
20212022,2021020344,2021-11-30,MIN,UTA,0.402091,0.597909,UTA,1,MIN,0,0,REAL_NHL_API_OR_DERIVED_FROM_REAL
20212022,2021020345,2021-11-30,LAK,ANA,0.485275,0.514725,ANA,0,ANA,1,0,REAL_NHL_API_OR_DERIVED_FROM_REAL
20212022,2021020346,2021-12-01,TOR,COL,0.692601,0.307399,TOR,1,TOR,1,0,REAL_NHL_API_OR_DERIVED_FROM_REAL
20212022,2021020347,2021-12-01,OTT,VAN,0.56301,0.43699,OTT,0,VAN,0,0,REAL_NHL_API_OR_DERIVED_FROM_REAL
20212022,2021020348,2021-12-01,DET,SEA,0.601403,0.398597,DET,1,DET,1,0,REAL_NHL_API_OR_DERIVED_FROM_REAL
20212022,2021020349,2021-12-01,NYR,PHI,0.556756,0.443244,NYR,1,NYR,1,0,REAL_NHL_API_OR_DERIVED_FROM_REAL
20212022,2021020350,2021-12-01,EDM,PIT,0.482071,0.517929,PIT,1,EDM,0,0,REAL_NHL_API_OR_DERIVED_FROM_REAL
20212022,2021020351,2021-12-01,ANA,VGK,0.590949,0.409051,ANA,1,ANA,1,0,REAL_NHL_API_OR_DERIVED_FROM_REAL
20212022,2021020352,2021-12-02,MTL,COL,0.563774,0.436226,MTL,0,COL,0,0,REAL_NHL_API_OR_DERIVED_FROM_REAL
20212022,2021020353,2021-12-02,TBL,STL,0.484823,0.515177,STL,1,TBL,0,0,REAL_NHL_API_OR_DERIVED_FROM_REAL
20212022,2021020354,2021-12-02,FLA,BUF,0.609857,0.390143,FLA,1,FLA,1,0,REAL_NHL_API_OR_DERIVED_FROM_REAL
20212022,2021020355,2021-12-02,NYI,SJS,0.578893,0.421107,NYI,0,SJS,0,0,REAL_NHL_API_OR_DERIVED_FROM_REAL
20212022,2021020356,2021-12-02,WSH,CHI,0.384718,0.615282,CHI,0,CHI,1,0,REAL_NHL_API_OR_DERIVED_FROM_REAL
20212022,2021020357,2021-12-02,CAR,OTT,0.638521,0.361479,CAR,0,OTT,0,0,REAL_NHL_API_OR_DERIVED_FROM_REAL
20212022,2021020358,2021-12-02,NSH,BOS,0.452806,0.547194,BOS,0,BOS,1,0,REAL_NHL_API_OR_DERIVED_FROM_REAL
20212022,2021020359,2021-12-02,DAL,CBJ,0.609831,0.390169,DAL,1,DAL,1,0,REAL_NHL_API_OR_DERIVED_FROM_REAL
20212022,2021020360,2021-12-02,MIN,NJD,0.45473,0.54527,NJD,1,MIN,0,0,REAL_NHL_API_OR_DERIVED_FROM_REAL
20212022,2021020361,2021-12-02,LAK,CGY,0.452571,0.547429,CGY,0,CGY,1,0,REAL_NHL_API_OR_DERIVED_FROM_REAL
20212022,2021020362,2021-12-03,NYR,SJS,0.563319,0.436681,NYR,1,NYR,1,0,REAL_NHL_API_OR_DERIVED_FROM_REAL
20212022,2021020363,2021-12-03,WPG,NJD,0.518201,0.481799,WPG,1,WPG,1,0,REAL_NHL_API_OR_DERIVED_FROM_REAL
20212022,2021020364,2021-12-03,UTA,VGK,0.469942,0.530058,VGK,0,VGK,1,0,REAL_NHL_API_OR_DERIVED_FROM_REAL
20212022,2021020365,2021-12-03,ANA,CGY,0.480065,0.519935,CGY,0,CGY,1,0,REAL_NHL_API_OR_DERIVED_FROM_REAL
20212022,2021020366,2021-12-03,SEA,EDM,0.519323,0.480677,SEA,1,SEA,1,0,REAL_NHL_API_OR_DERIVED_FROM_REAL
20212022,2021020367,2021-12-04,BOS,TBL,0.603604,0.396396,BOS,0,TBL,0,0,REAL_NHL_API_OR_DERIVED_FROM_REAL
20212022,2021020368,2021-12-04,OTT,COL,0.408615,0.591385,COL,1,OTT,0,0,REAL_NHL_API_OR_DERIVED_FROM_REAL
20212022,2021020369,2021-12-04,DET,NYI,0.527928,0.472072,DET,1,DET,1,0,REAL_NHL_API_OR_DERIVED_FROM_REAL
20212022,2021020370,2021-12-04,FLA,STL,0.42976,0.57024,STL,1,FLA,0,0,REAL_NHL_API_OR_DERIVED_FROM_REAL
20212022,2021020371,2021-12-04,NYR,CHI,0.555137,0.444863,NYR,1,NYR,1,0,REAL_NHL_API_OR_DERIVED_FROM_REAL
20212022,2021020372,2021-12-04,WSH,CBJ,0.625365,0.374635,WSH,1,WSH,1,0,REAL_NHL_API_OR_DERIVED_FROM_REAL
20212022,2021020373,2021-12-04,CAR,BUF,0.579071,0.420929,CAR,1,CAR,1,0,REAL_NHL_API_OR_DERIVED_FROM_REAL
20212022,2021020374,2021-12-04,NSH,MTL,0.518395,0.481605,NSH,1,NSH,1,0,REAL_NHL_API_OR_DERIVED_FROM_REAL
20212022,2021020375,2021-12-04,MIN,TOR,0.597276,0.402724,MIN,1,MIN,1,0,REAL_NHL_API_OR_DERIVED_FROM_REAL
20212022,2021020376,2021-12-04,VAN,PIT,0.572596,0.427404,VAN,0,PIT,0,0,REAL_NHL_API_OR_DERIVED_FROM_REAL
20212022,2021020377,2021-12-05,NYI,CHI,0.505793,0.494207,NYI,0,CHI,0,0,REAL_NHL_API_OR_DERIVED_FROM_REAL
20212022,2021020378,2021-12-05,PHI,TBL,0.602702,0.397298,PHI,0,TBL,0,0,REAL_NHL_API_OR_DERIVED_FROM_REAL
20212022,2021020379,2021-12-05,CBJ,SJS,0.390398,0.609602,SJS,1,CBJ,0,0,REAL_NHL_API_OR_DERIVED_FROM_REAL
20212022,2021020380,2021-12-05,WPG,TOR,0.488772,0.511228,TOR,1,WPG,0,0,REAL_NHL_API_OR_DERIVED_FROM_REAL
20212022,2021020381,2021-12-05,EDM,LAK,0.401966,0.598034,LAK,0,LAK,1,0,REAL_NHL_API_OR_DERIVED_FROM_REAL
20212022,2021020382,2021-12-05,VGK,CGY,0.35541,0.64459,CGY,1,VGK,0,0,REAL_NHL_API_OR_DERIVED_FROM_REAL
20212022,2021020234,2021-12-06,NJD,OTT,0.526445,0.473555,NJD,0,OTT,0,0,REAL_NHL_API_OR_DERIVED_FROM_REAL
20212022,2021020383,2021-12-06,PHI,COL,0.577719,0.422281,PHI,0,COL,0,0,REAL_NHL_API_OR_DERIVED_FROM_REAL
20212022,2021020384,2021-12-06,WSH,ANA,0.558359,0.441641,WSH,1,WSH,1,0,REAL_NHL_API_OR_DERIVED_FROM_REAL
20212022,2021020385,2021-12-06,DAL,UTA,0.579656,0.420344,DAL,1,DAL,1,0,REAL_NHL_API_OR_DERIVED_FROM_REAL
20212022,2021020386,2021-12-06,VAN,LAK,0.622044,0.377956,VAN,1,VAN,1,0,REAL_NHL_API_OR_DERIVED_FROM_REAL
20212022,2021020387,2021-12-06,SEA,PIT,0.524064,0.475936,SEA,0,PIT,0,0,REAL_NHL_API_OR_DERIVED_FROM_REAL
20212022,2021020388,2021-12-07,BUF,ANA,0.525548,0.474452,BUF,0,ANA,0,0,REAL_NHL_API_OR_DERIVED_FROM_REAL
20212022,2021020389,2021-12-07,TOR,CBJ,0.630101,0.369899,TOR,1,TOR,1,0,REAL_NHL_API_OR_DERIVED_FROM_REAL
20212022,2021020390,2021-12-07,MTL,TBL,0.632776,0.367224,MTL,0,TBL,0,0,REAL_NHL_API_OR_DERIVED_FROM_REAL
20212022,2021020391,2021-12-07,OTT,NYI,0.501045,0.498955,OTT,0,NYI,0,0,REAL_NHL_API_OR_DERIVED_FROM_REAL
20212022,2021020392,2021-12-07,DET,NSH,0.612395,0.387605,DET,0,NSH,0,0,REAL_NHL_API_OR_DERIVED_FROM_REAL
20212022,2021020393,2021-12-07,CHI,NYR,0.558777,0.441223,CHI,0,NYR,0,0,REAL_NHL_API_OR_DERIVED_FROM_REAL
20212022,2021020394,2021-12-07,STL,FLA,0.611404,0.388596,STL,1,STL,1,0,REAL_NHL_API_OR_DERIVED_FROM_REAL
20212022,2021020395,2021-12-07,WPG,CAR,0.467487,0.532513,CAR,0,CAR,1,0,REAL_NHL_API_OR_DERIVED_FROM_REAL
20212022,2021020396,2021-12-07,EDM,MIN,0.549785,0.450215,EDM,0,MIN,0,0,REAL_NHL_API_OR_DERIVED_FROM_REAL
20212022,2021020397,2021-12-07,SJS,CGY,0.460389,0.539611,CGY,1,SJS,0,0,REAL_NHL_API_OR_DERIVED_FROM_REAL
20212022,2021020398,2021-12-08,NJD,PHI,0.618591,0.381409,NJD,1,NJD,1,0,REAL_NHL_API_OR_DERIVED_FROM_REAL
20212022,2021020399,2021-12-08,NYR,COL,0.747932,0.252068,NYR,0,COL,0,0,REAL_NHL_API_OR_DERIVED_FROM_REAL
20212022,2021020400,2021-12-08,VAN,BOS,0.564762,0.435238,VAN,1,VAN,1,0,REAL_NHL_API_OR_DERIVED_FROM_REAL
20212022,2021020401,2021-12-08,VGK,DAL,0.444218,0.555782,DAL,1,VGK,0,0,REAL_NHL_API_OR_DERIVED_FROM_REAL
20212022,2021020402,2021-12-09,TOR,TBL,0.464394,0.535606,TBL,0,TBL,1,0,REAL_NHL_API_OR_DERIVED_FROM_REAL
20212022,2021020403,2021-12-09,MTL,CHI,0.686006,0.313994,MTL,0,CHI,0,0,REAL_NHL_API_OR_DERIVED_FROM_REAL
20212022,2021020404,2021-12-09,NYI,NSH,0.615303,0.384697,NYI,0,NSH,0,0,REAL_NHL_API_OR_DERIVED_FROM_REAL
20212022,2021020405,2021-12-09,CBJ,ANA,0.519157,0.480843,CBJ,0,ANA,0,0,REAL_NHL_API_OR_DERIVED_FROM_REAL
20212022,2021020406,2021-12-09,STL,DET,0.698691,0.301309,STL,1,STL,1,0,REAL_NHL_API_OR_DERIVED_FROM_REAL
20212022,2021020407,2021-12-09,CGY,CAR,0.633942,0.366058,CGY,0,CAR,0,0,REAL_NHL_API_OR_DERIVED_FROM_REAL
20212022,2021020408,2021-12-09,EDM,BOS,0.556595,0.443405,EDM,0,BOS,0,0,REAL_NHL_API_OR_DERIVED_FROM_REAL
20212022,2021020409,2021-12-09,LAK,DAL,0.610151,0.389849,LAK,1,LAK,1,0,REAL_NHL_API_OR_DERIVED_FROM_REAL
20212022,2021020410,2021-12-09,SJS,MIN,0.410311,0.589689,MIN,0,MIN,1,0,REAL_NHL_API_OR_DERIVED_FROM_REAL
20212022,2021020411,2021-12-09,SEA,WPG,0.413016,0.586984,WPG,0,WPG,1,0,REAL_NHL_API_OR_DERIVED_FROM_REAL
20212022,2021020412,2021-12-10,BUF,NYR,0.618343,0.381657,BUF,0,NYR,0,0,REAL_NHL_API_OR_DERIVED_FROM_REAL
20212022,2021020413,2021-12-10,NJD,NSH,0.441112,0.558888,NSH,0,NSH,1,0,REAL_NHL_API_OR_DERIVED_FROM_REAL
20212022,2021020414,2021-12-10,WSH,PIT,0.640313,0.359687,WSH,0,PIT,0,0,REAL_NHL_API_OR_DERIVED_FROM_REAL
20212022,2021020415,2021-12-10,COL,DET,0.558781,0.441219,COL,1,COL,1,0,REAL_NHL_API_OR_DERIVED_FROM_REAL
20212022,2021020416,2021-12-10,UTA,FLA,0.507278,0.492722,UTA,0,FLA,0,0,REAL_NHL_API_OR_DERIVED_FROM_REAL
20212022,2021020417,2021-12-10,VAN,WPG,0.606405,0.393595,VAN,1,VAN,1,0,REAL_NHL_API_OR_DERIVED_FROM_REAL
20212022,2021020418,2021-12-10,VGK,PHI,0.547408,0.452592,VGK,0,PHI,0,0,REAL_NHL_API_OR_DERIVED_FROM_REAL
20212022,2021020419,2021-12-11,BUF,WSH,0.530042,0.469958,BUF,0,WSH,0,0,REAL_NHL_API_OR_DERIVED_FROM_REAL
20212022,2021020420,2021-12-11,TOR,CHI,0.514015,0.485985,TOR,1,TOR,1,0,REAL_NHL_API_OR_DERIVED_FROM_REAL
20212022,2021020421,2021-12-11,OTT,TBL,0.484168,0.515832,TBL,1,OTT,0,0,REAL_NHL_API_OR_DERIVED_FROM_REAL
20212022,2021020422,2021-12-11,NYI,NJD,0.519572,0.480428,NYI,1,NYI,1,0,REAL_NHL_API_OR_DERIVED_FROM_REAL
20212022,2021020423,2021-12-11,PIT,ANA,0.453863,0.546137,ANA,1,PIT,0,0,REAL_NHL_API_OR_DERIVED_FROM_REAL
20212022,2021020424,2021-12-11,STL,MTL,0.615807,0.384193,STL,1,STL,1,0,REAL_NHL_API_OR_DERIVED_FROM_REAL
20212022,2021020425,2021-12-11,CGY,BOS,0.599155,0.400845,CGY,0,BOS,0,0,REAL_NHL_API_OR_DERIVED_FROM_REAL
20212022,2021020426,2021-12-11,EDM,CAR,0.610738,0.389262,EDM,0,CAR,0,0,REAL_NHL_API_OR_DERIVED_FROM_REAL
20212022,2021020427,2021-12-11,UTA,PHI,0.538439,0.461561,UTA,0,PHI,0,0,REAL_NHL_API_OR_DERIVED_FROM_REAL
20212022,2021020428,2021-12-11,LAK,MIN,0.51485,0.48515,LAK,1,LAK,1,0,REAL_NHL_API_OR_DERIVED_FROM_REAL
20212022,2021020429,2021-12-11,SJS,DAL,0.445704,0.554296,DAL,1,SJS,0,0,REAL_NHL_API_OR_DERIVED_FROM_REAL
20212022,2021020430,2021-12-11,SEA,CBJ,0.45434,0.54566,CBJ,0,CBJ,1,0,REAL_NHL_API_OR_DERIVED_FROM_REAL
20212022,2021020431,2021-12-12,NYR,NSH,0.499957,0.500043,NSH,0,NSH,1,0,REAL_NHL_API_OR_DERIVED_FROM_REAL
20212022,2021020432,2021-12-12,STL,ANA,0.470686,0.529314,ANA,0,ANA,1,0,REAL_NHL_API_OR_DERIVED_FROM_REAL
20212022,2021020433,2021-12-12,COL,FLA,0.523536,0.476464,COL,1,COL,1,0,REAL_NHL_API_OR_DERIVED_FROM_REAL
20212022,2021020434,2021-12-12,VAN,CAR,0.580033,0.419967,VAN,1,VAN,1,0,REAL_NHL_API_OR_DERIVED_FROM_REAL
20212022,2021020435,2021-12-12,VGK,MIN,0.388533,0.611467,MIN,1,VGK,0,0,REAL_NHL_API_OR_DERIVED_FROM_REAL
20212022,2021020437,2021-12-14,BOS,VGK,0.725434,0.274566,BOS,0,VGK,0,0,REAL_NHL_API_OR_DERIVED_FROM_REAL
20212022,2021020438,2021-12-14,DET,NYI,0.486263,0.513737,NYI,1,DET,0,0,REAL_NHL_API_OR_DERIVED_FROM_REAL
20212022,2021020439,2021-12-14,TBL,LAK,0.482669,0.517331,LAK,1,TBL,0,0,REAL_NHL_API_OR_DERIVED_FROM_REAL
20212022,2021020440,2021-12-14,FLA,OTT,0.670402,0.329598,FLA,0,OTT,0,0,REAL_NHL_API_OR_DERIVED_FROM_REAL
20212022,2021020441,2021-12-14,PHI,NJD,0.442792,0.557208,NJD,1,PHI,0,0,REAL_NHL_API_OR_DERIVED_FROM_REAL
20212022,2021020442,2021-12-14,PIT,MTL,0.413967,0.586033,MTL,1,PIT,0,0,REAL_NHL_API_OR_DERIVED_FROM_REAL
20212022,2021020444,2021-12-14,DAL,STL,0.707973,0.292027,DAL,0,STL,0,0,REAL_NHL_API_OR_DERIVED_FROM_REAL
20212022,2021020446,2021-12-14,WPG,BUF,0.442555,0.557445,BUF,0,BUF,1,0,REAL_NHL_API_OR_DERIVED_FROM_REAL
20212022,2021020447,2021-12-14,COL,NYR,0.495333,0.504667,NYR,1,COL,0,0,REAL_NHL_API_OR_DERIVED_FROM_REAL
20212022,2021020448,2021-12-14,EDM,TOR,0.579754,0.420246,EDM,0,TOR,0,0,REAL_NHL_API_OR_DERIVED_FROM_REAL
20212022,2021020449,2021-12-14,VAN,CBJ,0.682464,0.317536,VAN,1,VAN,1,0,REAL_NHL_API_OR_DERIVED_FROM_REAL
20212022,2021020450,2021-12-14,SJS,SEA,0.662493,0.337507,SJS,0,SEA,0,0,REAL_NHL_API_OR_DERIVED_FROM_REAL
20212022,2021020451,2021-12-15,CHI,WSH,0.483618,0.516382,WSH,1,CHI,0,0,REAL_NHL_API_OR_DERIVED_FROM_REAL
20212022,2021020452,2021-12-15,UTA,NYR,0.615338,0.384662,UTA,0,NYR,0,0,REAL_NHL_API_OR_DERIVED_FROM_REAL
20212022,2021020453,2021-12-15,ANA,SEA,0.749057,0.250943,ANA,1,ANA,1,0,REAL_NHL_API_OR_DERIVED_FROM_REAL
20212022,2021020454,2021-12-16,MTL,PHI,0.574827,0.425173,MTL,1,MTL,1,0,REAL_NHL_API_OR_DERIVED_FROM_REAL
20212022,2021020455,2021-12-16,TBL,OTT,0.676274,0.323726,TBL,1,TBL,1,0,REAL_NHL_API_OR_DERIVED_FROM_REAL
20212022,2021020456,2021-12-16,FLA,LAK,0.506949,0.493051,FLA,0,LAK,0,0,REAL_NHL_API_OR_DERIVED_FROM_REAL
20212022,2021020457,2021-12-16,NJD,VGK,0.589806,0.410194,NJD,0,VGK,0,0,REAL_NHL_API_OR_DERIVED_FROM_REAL
20212022,2021020458,2021-12-16,NYI,BOS,0.422477,0.577523,BOS,1,NYI,0,0,REAL_NHL_API_OR_DERIVED_FROM_REAL
20212022,2021020459,2021-12-16,CAR,DET,0.668149,0.331851,CAR,1,CAR,1,0,REAL_NHL_API_OR_DERIVED_FROM_REAL
20212022,2021020460,2021-12-16,NSH,COL,0.519406,0.480594,NSH,1,NSH,1,0,REAL_NHL_API_OR_DERIVED_FROM_REAL
20212022,2021020461,2021-12-16,MIN,BUF,0.509898,0.490102,MIN,0,BUF,0,0,REAL_NHL_API_OR_DERIVED_FROM_REAL
20212022,2021020463,2021-12-16,EDM,CBJ,0.661645,0.338355,EDM,1,EDM,1,0,REAL_NHL_API_OR_DERIVED_FROM_REAL
20212022,2021020464,2021-12-16,SJS,VAN,0.457773,0.542227,VAN,0,VAN,1,0,REAL_NHL_API_OR_DERIVED_FROM_REAL
20212022,2021020465,2021-12-17,NYR,VGK,0.58259,0.41741,NYR,0,VGK,0,0,REAL_NHL_API_OR_DERIVED_FROM_REAL
20212022,2021020466,2021-12-17,PIT,BUF,0.498592,0.501408,BUF,1,PIT,0,0,REAL_NHL_API_OR_DERIVED_FROM_REAL
20212022,2021020467,2021-12-17,CHI,NSH,0.459638,0.540362,NSH,0,NSH,1,0,REAL_NHL_API_OR_DERIVED_FROM_REAL
20212022,2021020468,2021-12-17,STL,DAL,0.493535,0.506465,DAL,1,STL,0,0,REAL_NHL_API_OR_DERIVED_FROM_REAL
20212022,2021020469,2021-12-17,WPG,WSH,0.504097,0.495903,WPG,0,WSH,0,0,REAL_NHL_API_OR_DERIVED_FROM_REAL
20212022,2021020470,2021-12-17,ANA,UTA,0.543009,0.456991,ANA,0,UTA,0,0,REAL_NHL_API_OR_DERIVED_FROM_REAL
20212022,2021020472,2021-12-18,DET,NJD,0.461062,0.538938,NJD,1,DET,0,0,REAL_NHL_API_OR_DERIVED_FROM_REAL
20212022,2021020473,2021-12-18,PHI,OTT,0.599811,0.400189,PHI,1,PHI,1,0,REAL_NHL_API_OR_DERIVED_FROM_REAL
20212022,2021020474,2021-12-18,CAR,LAK,0.582888,0.417112,CAR,1,CAR,1,0,REAL_NHL_API_OR_DERIVED_FROM_REAL
20212022,2021020475,2021-12-18,DAL,CHI,0.707031,0.292969,DAL,1,DAL,1,0,REAL_NHL_API_OR_DERIVED_FROM_REAL
20212022,2021020480,2021-12-18,SEA,EDM,0.3646,0.6354,EDM,0,EDM,1,0,REAL_NHL_API_OR_DERIVED_FROM_REAL
20212022,2021020482,2021-12-19,NJD,PIT,0.650432,0.349568,NJD,0,PIT,0,0,REAL_NHL_API_OR_DERIVED_FROM_REAL
20212022,2021020483,2021-12-19,NYI,VGK,0.628633,0.371367,NYI,0,VGK,0,0,REAL_NHL_API_OR_DERIVED_FROM_REAL
20212022,2021020484,2021-12-19,WSH,LAK,0.602316,0.397684,WSH,0,LAK,0,0,REAL_NHL_API_OR_DERIVED_FROM_REAL
20212022,2021020486,2021-12-19,WPG,STL,0.593602,0.406398,WPG,1,WPG,1,0,REAL_NHL_API_OR_DERIVED_FROM_REAL
20212022,2021020492,2021-12-20,DAL,MIN,0.591467,0.408533,DAL,1,DAL,1,0,REAL_NHL_API_OR_DERIVED_FROM_REAL
20212022,2021020501,2021-12-21,VGK,TBL,0.519034,0.480966,VGK,0,TBL,0,0,REAL_NHL_API_OR_DERIVED_FROM_REAL
20212022,2021020537,2021-12-28,TBL,MTL,0.394708,0.605292,MTL,1,TBL,0,0,REAL_NHL_API_OR_DERIVED_FROM_REAL
20212022,2021020539,2021-12-28,LAK,VGK,0.719895,0.280105,LAK,0,VGK,0,0,REAL_NHL_API_OR_DERIVED_FROM_REAL
20212022,2021020540,2021-12-28,SJS,UTA,0.57722,0.42278,SJS,1,SJS,1,0,REAL_NHL_API_OR_DERIVED_FROM_REAL
20212022,2021020541,2021-12-29,BUF,NJD,0.651106,0.348894,BUF,0,NJD,0,0,REAL_NHL_API_OR_DERIVED_FROM_REAL
20212022,2021020544,2021-12-29,FLA,NYR,0.365111,0.634889,NYR,1,FLA,0,0,REAL_NHL_API_OR_DERIVED_FROM_REAL
20212022,2021020546,2021-12-29,WSH,NSH,0.542723,0.457277,WSH,1,WSH,1,0,REAL_NHL_API_OR_DERIVED_FROM_REAL
20212022,2021020547,2021-12-29,STL,EDM,0.545846,0.454154,STL,1,STL,1,0,REAL_NHL_API_OR_DERIVED_FROM_REAL
20212022,2021020550,2021-12-29,ANA,VAN,0.503906,0.496094,ANA,0,VAN,0,0,REAL_NHL_API_OR_DERIVED_FROM_REAL
20212022,2021020551,2021-12-29,SEA,PHI,0.428491,0.571509,PHI,0,PHI,1,0,REAL_NHL_API_OR_DERIVED_FROM_REAL
20212022,2021020552,2021-12-30,FLA,TBL,0.471086,0.528914,TBL,1,FLA,0,0,REAL_NHL_API_OR_DERIVED_FROM_REAL
20212022,2021020553,2021-12-30,NYI,BUF,0.60579,0.39421,NYI,1,NYI,1,0,REAL_NHL_API_OR_DERIVED_FROM_REAL
20212022,2021020554,2021-12-30,CAR,MTL,0.442124,0.557876,MTL,1,CAR,0,0,REAL_NHL_API_OR_DERIVED_FROM_REAL
20212022,2021020555,2021-12-30,CBJ,NSH,0.589986,0.410014,CBJ,1,CBJ,1,0,REAL_NHL_API_OR_DERIVED_FROM_REAL
20212022,2021020556,2021-12-30,LAK,VAN,0.472289,0.527711,VAN,1,LAK,0,0,REAL_NHL_API_OR_DERIVED_FROM_REAL
20212022,2021020557,2021-12-30,SJS,PHI,0.459171,0.540829,PHI,1,SJS,0,0,REAL_NHL_API_OR_DERIVED_FROM_REAL
20212022,2021020558,2021-12-30,SEA,CGY,0.472018,0.527982,CGY,0,CGY,1,0,REAL_NHL_API_OR_DERIVED_FROM_REAL
20212022,2021020560,2021-12-31,DET,WSH,0.409374,0.590626,WSH,0,WSH,1,0,REAL_NHL_API_OR_DERIVED_FROM_REAL
20212022,2021020561,2021-12-31,TBL,NYR,0.369587,0.630413,NYR,0,NYR,1,0,REAL_NHL_API_OR_DERIVED_FROM_REAL
20212022,2021020562,2021-12-31,NJD,EDM,0.631874,0.368126,NJD,1,NJD,1,0,REAL_NHL_API_OR_DERIVED_FROM_REAL
20212022,2021020565,2021-12-31,VGK,ANA,0.508197,0.491803,VGK,1,VGK,1,0,REAL_NHL_API_OR_DERIVED_FROM_REAL
20212022,2021020566,2022-01-01,BOS,BUF,0.51994,0.48006,BOS,1,BOS,1,0,REAL_NHL_API_OR_DERIVED_FROM_REAL
20212022,2021020567,2022-01-01,TOR,OTT,0.548132,0.451868,TOR,1,TOR,1,0,REAL_NHL_API_OR_DERIVED_FROM_REAL
20212022,2021020568,2022-01-01,FLA,MTL,0.343403,0.656597,MTL,1,FLA,0,0,REAL_NHL_API_OR_DERIVED_FROM_REAL
20212022,2021020569,2022-01-01,NYI,EDM,0.656594,0.343406,NYI,1,NYI,1,0,REAL_NHL_API_OR_DERIVED_FROM_REAL
20212022,2021020570,2022-01-01,CBJ,CAR,0.633632,0.366368,CBJ,0,CAR,0,0,REAL_NHL_API_OR_DERIVED_FROM_REAL
20212022,2021020571,2022-01-01,NSH,CHI,0.516154,0.483846,NSH,1,NSH,1,0,REAL_NHL_API_OR_DERIVED_FROM_REAL
20212022,2021020572,2022-01-01,MIN,STL,0.479248,0.520752,STL,0,STL,1,0,REAL_NHL_API_OR_DERIVED_FROM_REAL
20212022,2021020573,2022-01-01,LAK,PHI,0.471226,0.528774,PHI,1,LAK,0,0,REAL_NHL_API_OR_DERIVED_FROM_REAL
20212022,2021020574,2022-01-01,SEA,VAN,0.414465,0.585535,VAN,0,VAN,1,0,REAL_NHL_API_OR_DERIVED_FROM_REAL
20212022,2021020575,2022-01-02,DET,BOS,0.455856,0.544144,BOS,0,BOS,1,0,REAL_NHL_API_OR_DERIVED_FROM_REAL
20212022,2021020576,2022-01-02,NYR,TBL,0.776175,0.223825,NYR,1,NYR,1,0,REAL_NHL_API_OR_DERIVED_FROM_REAL
20212022,2021020577,2022-01-02,PIT,SJS,0.57635,0.42365,PIT,1,PIT,1,0,REAL_NHL_API_OR_DERIVED_FROM_REAL
20212022,2021020578,2022-01-02,WSH,NJD,0.528783,0.471217,WSH,0,NJD,0,0,REAL_NHL_API_OR_DERIVED_FROM_REAL
20212022,2021020579,2022-01-02,CHI,CGY,0.427283,0.572717,CGY,0,CGY,1,0,REAL_NHL_API_OR_DERIVED_FROM_REAL
20212022,2021020580,2022-01-02,COL,ANA,0.507739,0.492261,COL,1,COL,1,0,REAL_NHL_API_OR_DERIVED_FROM_REAL
20212022,2021020582,2022-01-02,VGK,WPG,0.508154,0.491846,VGK,0,WPG,0,0,REAL_NHL_API_OR_DERIVED_FROM_REAL
20212022,2021020585,2022-01-03,NYR,EDM,0.618832,0.381168,NYR,1,NYR,1,0,REAL_NHL_API_OR_DERIVED_FROM_REAL
20212022,2021020586,2022-01-04,BOS,NJD,0.531039,0.468961,BOS,1,BOS,1,0,REAL_NHL_API_OR_DERIVED_FROM_REAL
20212022,2021020588,2022-01-04,DET,SJS,0.66586,0.33414,DET,1,DET,1,0,REAL_NHL_API_OR_DERIVED_FROM_REAL
20212022,2021020589,2022-01-04,FLA,CGY,0.530025,0.469975,FLA,1,FLA,1,0,REAL_NHL_API_OR_DERIVED_FROM_REAL
20212022,2021020590,2022-01-04,CBJ,TBL,0.569252,0.430748,CBJ,0,TBL,0,0,REAL_NHL_API_OR_DERIVED_FROM_REAL
20212022,2021020591,2022-01-04,CHI,COL,0.48391,0.51609,COL,0,COL,1,0,REAL_NHL_API_OR_DERIVED_FROM_REAL
20212022,2021020592,2022-01-04,UTA,WPG,0.422639,0.577361,WPG,0,WPG,1,0,REAL_NHL_API_OR_DERIVED_FROM_REAL
20212022,2021020593,2022-01-04,VGK,NSH,0.551443,0.448557,VGK,0,NSH,0,0,REAL_NHL_API_OR_DERIVED_FROM_REAL
20212022,2021020594,2022-01-04,ANA,PHI,0.536071,0.463929,ANA,1,ANA,1,0,REAL_NHL_API_OR_DERIVED_FROM_REAL
20212022,2021020596,2022-01-05,TOR,EDM,0.443546,0.556454,EDM,1,TOR,0,0,REAL_NHL_API_OR_DERIVED_FROM_REAL
20212022,2021020597,2022-01-05,PIT,STL,0.474548,0.525452,STL,1,PIT,0,0,REAL_NHL_API_OR_DERIVED_FROM_REAL
20212022,2021020599,2022-01-06,BOS,MIN,0.523924,0.476076,BOS,0,MIN,0,0,REAL_NHL_API_OR_DERIVED_FROM_REAL
20212022,2021020600,2022-01-06,BUF,SJS,0.771091,0.228909,BUF,0,SJS,0,0,REAL_NHL_API_OR_DERIVED_FROM_REAL
20212022,2021020602,2022-01-06,TBL,CGY,0.442359,0.557641,CGY,1,TBL,0,0,REAL_NHL_API_OR_DERIVED_FROM_REAL
20212022,2021020603,2022-01-06,NJD,CBJ,0.530551,0.469449,NJD,1,NJD,1,0,REAL_NHL_API_OR_DERIVED_FROM_REAL
20212022,2021020604,2022-01-06,PHI,PIT,0.662622,0.337378,PHI,0,PIT,0,0,REAL_NHL_API_OR_DERIVED_FROM_REAL
20212022,2021020605,2022-01-06,DAL,FLA,0.623416,0.376584,DAL,1,DAL,1,0,REAL_NHL_API_OR_DERIVED_FROM_REAL
20212022,2021020606,2022-01-06,COL,WPG,0.523441,0.476559,COL,1,COL,1,0,REAL_NHL_API_OR_DERIVED_FROM_REAL
20212022,2021020607,2022-01-06,UTA,CHI,0.573922,0.426078,UTA,1,UTA,1,0,REAL_NHL_API_OR_DERIVED_FROM_REAL
20212022,2021020608,2022-01-06,VGK,NYR,0.441441,0.558559,NYR,1,VGK,0,0,REAL_NHL_API_OR_DERIVED_FROM_REAL
20212022,2021020610,2022-01-06,LAK,NSH,0.515926,0.484074,LAK,0,NSH,0,0,REAL_NHL_API_OR_DERIVED_FROM_REAL
20212022,2021020612,2022-01-07,CAR,CGY,0.401697,0.598303,CGY,1,CAR,0,0,REAL_NHL_API_OR_DERIVED_FROM_REAL
20212022,2021020613,2022-01-07,STL,WSH,0.672119,0.327881,STL,1,STL,1,0,REAL_NHL_API_OR_DERIVED_FROM_REAL
20212022,2021020615,2022-01-08,TBL,BOS,0.371918,0.628082,BOS,0,BOS,1,0,REAL_NHL_API_OR_DERIVED_FROM_REAL
20212022,2021020616,2022-01-08,PHI,SJS,0.670146,0.329854,PHI,0,SJS,0,0,REAL_NHL_API_OR_DERIVED_FROM_REAL
20212022,2021020617,2022-01-08,CAR,FLA,0.419259,0.580741,FLA,0,FLA,1,0,REAL_NHL_API_OR_DERIVED_FROM_REAL
20212022,2021020618,2022-01-08,CBJ,NJD,0.537208,0.462792,CBJ,1,CBJ,1,0,REAL_NHL_API_OR_DERIVED_FROM_REAL
20212022,2021020619,2022-01-08,DAL,PIT,0.584146,0.415854,DAL,1,DAL,1,0,REAL_NHL_API_OR_DERIVED_FROM_REAL
20212022,2021020620,2022-01-08,MIN,WSH,0.549166,0.450834,MIN,1,MIN,1,0,REAL_NHL_API_OR_DERIVED_FROM_REAL
20212022,2021020622,2022-01-08,COL,TOR,0.525826,0.474174,COL,1,COL,1,0,REAL_NHL_API_OR_DERIVED_FROM_REAL
20212022,2021020624,2022-01-08,UTA,NSH,0.429363,0.570637,NSH,0,NSH,1,0,REAL_NHL_API_OR_DERIVED_FROM_REAL
20212022,2021020626,2022-01-08,VGK,CHI,0.615867,0.384133,VGK,0,CHI,0,0,REAL_NHL_API_OR_DERIVED_FROM_REAL
20212022,2021020627,2022-01-08,ANA,NYR,0.604834,0.395166,ANA,0,NYR,0,0,REAL_NHL_API_OR_DERIVED_FROM_REAL
20212022,2021020628,2022-01-08,LAK,DET,0.389802,0.610198,DET,1,LAK,0,0,REAL_NHL_API_OR_DERIVED_FROM_REAL
20212022,2021020609,2022-01-09,ANA,DET,0.625443,0.374557,ANA,1,ANA,1,0,REAL_NHL_API_OR_DERIVED_FROM_REAL
20212022,2021020629,2022-01-09,STL,DAL,0.461873,0.538127,DAL,1,STL,0,0,REAL_NHL_API_OR_DERIVED_FROM_REAL
20212022,2021020632,2022-01-10,WSH,BOS,0.568616,0.431384,WSH,0,BOS,0,0,REAL_NHL_API_OR_DERIVED_FROM_REAL
20212022,2021020634,2022-01-10,COL,SEA,0.443606,0.556394,SEA,1,COL,0,0,REAL_NHL_API_OR_DERIVED_FROM_REAL
20212022,2021020636,2022-01-10,LAK,NYR,0.41691,0.58309,NYR,1,LAK,0,0,REAL_NHL_API_OR_DERIVED_FROM_REAL
20212022,2021020637,2022-01-11,BUF,TBL,0.721021,0.278979,BUF,0,TBL,0,0,REAL_NHL_API_OR_DERIVED_FROM_REAL
20212022,2021020638,2022-01-11,FLA,VAN,0.442705,0.557295,VAN,1,FLA,0,0,REAL_NHL_API_OR_DERIVED_FROM_REAL
20212022,2021020640,2022-01-11,CBJ,CHI,0.561906,0.438094,CBJ,0,CHI,0,0,REAL_NHL_API_OR_DERIVED_FROM_REAL
20212022,2021020641,2022-01-11,NSH,COL,0.691611,0.308389,NSH,1,NSH,1,0,REAL_NHL_API_OR_DERIVED_FROM_REAL
20212022,2021020643,2022-01-11,VGK,TOR,0.610231,0.389769,VGK,0,TOR,0,0,REAL_NHL_API_OR_DERIVED_FROM_REAL
20212022,2021020644,2022-01-11,ANA,PIT,0.601938,0.398062,ANA,0,PIT,0,0,REAL_NHL_API_OR_DERIVED_FROM_REAL
20212022,2021020645,2022-01-11,SJS,DET,0.387559,0.612441,DET,1,SJS,0,0,REAL_NHL_API_OR_DERIVED_FROM_REAL
20212022,2021020647,2022-01-12,DAL,SEA,0.581794,0.418206,DAL,1,DAL,1,0,REAL_NHL_API_OR_DERIVED_FROM_REAL
20212022,2021020649,2022-01-12,UTA,TOR,0.534112,0.465888,UTA,1,UTA,1,0,REAL_NHL_API_OR_DERIVED_FROM_REAL
20212022,2021021000,2022-01-12,BOS,MTL,0.579567,0.420433,BOS,1,BOS,1,0,REAL_NHL_API_OR_DERIVED_FROM_REAL
20212022,2021020650,2022-01-13,BOS,PHI,0.630033,0.369967,BOS,1,BOS,1,0,REAL_NHL_API_OR_DERIVED_FROM_REAL
20212022,2021020651,2022-01-13,DET,WPG,0.456821,0.543179,WPG,0,WPG,1,0,REAL_NHL_API_OR_DERIVED_FROM_REAL
20212022,2021020652,2022-01-13,TBL,VAN,0.4844,0.5156,VAN,1,TBL,0,0,REAL_NHL_API_OR_DERIVED_FROM_REAL
20212022,2021020653,2022-01-13,NYI,NJD,0.581985,0.418015,NYI,1,NYI,1,0,REAL_NHL_API_OR_DERIVED_FROM_REAL
20212022,2021020654,2022-01-13,CAR,CBJ,0.482681,0.517319,CBJ,0,CBJ,1,0,REAL_NHL_API_OR_DERIVED_FROM_REAL
20212022,2021020655,2022-01-13,CHI,MTL,0.601818,0.398182,CHI,1,CHI,1,0,REAL_NHL_API_OR_DERIVED_FROM_REAL
20212022,2021020656,2022-01-13,STL,SEA,0.515606,0.484394,STL,1,STL,1,0,REAL_NHL_API_OR_DERIVED_FROM_REAL
20212022,2021020657,2022-01-13,NSH,BUF,0.559705,0.440295,NSH,0,BUF,0,0,REAL_NHL_API_OR_DERIVED_FROM_REAL
20212022,2021020658,2022-01-13,CGY,OTT,0.60951,0.39049,CGY,0,OTT,0,0,REAL_NHL_API_OR_DERIVED_FROM_REAL
20212022,2021020659,2022-01-13,LAK,PIT,0.591137,0.408863,LAK,1,LAK,1,0,REAL_NHL_API_OR_DERIVED_FROM_REAL
20212022,2021020660,2022-01-13,SJS,NYR,0.325886,0.674114,NYR,0,NYR,1,0,REAL_NHL_API_OR_DERIVED_FROM_REAL
20212022,2021020661,2022-01-14,FLA,DAL,0.593607,0.406393,FLA,1,FLA,1,0,REAL_NHL_API_OR_DERIVED_FROM_REAL
20212022,2021020662,2022-01-14,MIN,ANA,0.484269,0.515731,ANA,1,MIN,0,0,REAL_NHL_API_OR_DERIVED_FROM_REAL
20212022,2021020663,2022-01-14,COL,UTA,0.611445,0.388555,COL,1,COL,1,0,REAL_NHL_API_OR_DERIVED_FROM_REAL
20212022,2021020635,2022-01-15,EDM,OTT,0.596184,0.403816,EDM,0,OTT,0,0,REAL_NHL_API_OR_DERIVED_FROM_REAL
20212022,2021020665,2022-01-15,BOS,NSH,0.521226,0.478774,BOS,1,BOS,1,0,REAL_NHL_API_OR_DERIVED_FROM_REAL
20212022,2021020667,2022-01-15,DET,BUF,0.626912,0.373088,DET,1,DET,1,0,REAL_NHL_API_OR_DERIVED_FROM_REAL
20212022,2021020668,2022-01-15,TBL,DAL,0.590143,0.409857,TBL,1,TBL,1,0,REAL_NHL_API_OR_DERIVED_FROM_REAL
20212022,2021020669,2022-01-15,FLA,CBJ,0.474148,0.525852,CBJ,1,FLA,0,0,REAL_NHL_API_OR_DERIVED_FROM_REAL
20212022,2021020670,2022-01-15,NYI,WSH,0.607429,0.392571,NYI,0,WSH,0,0,REAL_NHL_API_OR_DERIVED_FROM_REAL
20212022,2021020671,2022-01-15,PHI,NYR,0.550822,0.449178,PHI,0,NYR,0,0,REAL_NHL_API_OR_DERIVED_FROM_REAL
20212022,2021020672,2022-01-15,CAR,VAN,0.479394,0.520606,VAN,1,CAR,0,0,REAL_NHL_API_OR_DERIVED_FROM_REAL
20212022,2021020673,2022-01-15,CHI,ANA,0.411129,0.588871,ANA,1,CHI,0,0,REAL_NHL_API_OR_DERIVED_FROM_REAL
20212022,2021020674,2022-01-15,STL,TOR,0.596824,0.403176,STL,0,TOR,0,0,REAL_NHL_API_OR_DERIVED_FROM_REAL
20212022,2021020677,2022-01-15,UTA,COL,0.725023,0.274977,UTA,0,COL,0,0,REAL_NHL_API_OR_DERIVED_FROM_REAL
20212022,2021020678,2022-01-15,SJS,PIT,0.472292,0.527708,PIT,0,PIT,1,0,REAL_NHL_API_OR_DERIVED_FROM_REAL
20212022,2021020679,2022-01-15,SEA,LAK,0.62883,0.37117,SEA,0,LAK,0,0,REAL_NHL_API_OR_DERIVED_FROM_REAL
20212022,2021020680,2022-01-16,WSH,VAN,0.488922,0.511078,VAN,0,VAN,1,0,REAL_NHL_API_OR_DERIVED_FROM_REAL
20212022,2021020682,2022-01-17,BUF,DET,0.541624,0.458376,BUF,0,DET,0,0,REAL_NHL_API_OR_DERIVED_FROM_REAL
20212022,2021020684,2022-01-17,NYI,PHI,0.546318,0.453682,NYI,1,NYI,1,0,REAL_NHL_API_OR_DERIVED_FROM_REAL
20212022,2021020685,2022-01-17,STL,NSH,0.547808,0.452192,STL,1,STL,1,0,REAL_NHL_API_OR_DERIVED_FROM_REAL
20212022,2021020686,2022-01-17,COL,MIN,0.375484,0.624516,MIN,1,COL,0,0,REAL_NHL_API_OR_DERIVED_FROM_REAL
20212022,2021020687,2022-01-17,UTA,MTL,0.543873,0.456127,UTA,1,UTA,1,0,REAL_NHL_API_OR_DERIVED_FROM_REAL
20212022,2021020688,2022-01-17,VGK,PIT,0.494482,0.505518,PIT,0,PIT,1,0,REAL_NHL_API_OR_DERIVED_FROM_REAL
20212022,2021020689,2022-01-17,SJS,LAK,0.611939,0.388061,SJS,1,SJS,1,0,REAL_NHL_API_OR_DERIVED_FROM_REAL
20212022,2021020690,2022-01-17,SEA,CHI,0.631383,0.368617,SEA,1,SEA,1,0,REAL_NHL_API_OR_DERIVED_FROM_REAL
20212022,2021020340,2022-01-18,PHI,NYI,0.535549,0.464451,PHI,0,NYI,0,0,REAL_NHL_API_OR_DERIVED_FROM_REAL
20212022,2021020691,2022-01-18,BOS,CAR,0.54686,0.45314,BOS,0,CAR,0,0,REAL_NHL_API_OR_DERIVED_FROM_REAL
20212022,2021020692,2022-01-18,OTT,BUF,0.443728,0.556272,BUF,0,BUF,1,0,REAL_NHL_API_OR_DERIVED_FROM_REAL
20212022,2021020695,2022-01-18,WSH,WPG,0.525306,0.474694,WSH,1,WSH,1,0,REAL_NHL_API_OR_DERIVED_FROM_REAL
20212022,2021020696,2022-01-18,NSH,VAN,0.636925,0.363075,NSH,0,VAN,0,0,REAL_NHL_API_OR_DERIVED_FROM_REAL
20212022,2021020697,2022-01-18,DAL,MTL,0.425749,0.574251,MTL,0,MTL,1,0,REAL_NHL_API_OR_DERIVED_FROM_REAL
20212022,2021020698,2022-01-18,CGY,FLA,0.571749,0.428251,CGY,1,CGY,1,0,REAL_NHL_API_OR_DERIVED_FROM_REAL
20212022,2021020700,2022-01-18,LAK,TBL,0.499087,0.500913,TBL,0,TBL,1,0,REAL_NHL_API_OR_DERIVED_FROM_REAL
20212022,2021020701,2022-01-19,NJD,UTA,0.519021,0.480979,NJD,0,UTA,0,0,REAL_NHL_API_OR_DERIVED_FROM_REAL
20212022,2021020702,2022-01-19,NYR,TOR,0.553134,0.446866,NYR,1,NYR,1,0,REAL_NHL_API_OR_DERIVED_FROM_REAL
20212022,2021020703,2022-01-19,ANA,COL,0.666027,0.333973,ANA,0,COL,0,0,REAL_NHL_API_OR_DERIVED_FROM_REAL
20212022,2021020704,2022-01-20,BOS,WSH,0.477709,0.522291,WSH,1,BOS,0,0,REAL_NHL_API_OR_DERIVED_FROM_REAL
20212022,2021020705,2022-01-20,BUF,DAL,0.4911,0.5089,DAL,0,DAL,1,0,REAL_NHL_API_OR_DERIVED_FROM_REAL
20212022,2021020706,2022-01-20,PHI,CBJ,0.683814,0.316186,PHI,0,CBJ,0,0,REAL_NHL_API_OR_DERIVED_FROM_REAL
20212022,2021020707,2022-01-20,PIT,OTT,0.560214,0.439786,PIT,1,PIT,1,0,REAL_NHL_API_OR_DERIVED_FROM_REAL
20212022,2021020708,2022-01-20,NSH,WPG,0.674775,0.325225,NSH,1,NSH,1,0,REAL_NHL_API_OR_DERIVED_FROM_REAL
20212022,2021020709,2022-01-20,EDM,FLA,0.56777,0.43223,EDM,0,FLA,0,0,REAL_NHL_API_OR_DERIVED_FROM_REAL
20212022,2021020710,2022-01-20,VGK,MTL,0.505674,0.494326,VGK,1,VGK,1,0,REAL_NHL_API_OR_DERIVED_FROM_REAL
20212022,2021020711,2022-01-20,LAK,COL,0.544434,0.455566,LAK,0,COL,0,0,REAL_NHL_API_OR_DERIVED_FROM_REAL
20212022,2021020712,2022-01-20,SEA,SJS,0.493844,0.506156,SJS,1,SEA,0,0,REAL_NHL_API_OR_DERIVED_FROM_REAL
20212022,2021020713,2022-01-21,DET,DAL,0.599126,0.400874,DET,0,DAL,0,0,REAL_NHL_API_OR_DERIVED_FROM_REAL
20212022,2021020714,2022-01-21,NYI,UTA,0.660089,0.339911,NYI,1,NYI,1,0,REAL_NHL_API_OR_DERIVED_FROM_REAL
20212022,2021020715,2022-01-21,CAR,NYR,0.376344,0.623656,NYR,1,CAR,0,0,REAL_NHL_API_OR_DERIVED_FROM_REAL
20212022,2021020716,2022-01-21,CBJ,PIT,0.564539,0.435461,CBJ,0,PIT,0,0,REAL_NHL_API_OR_DERIVED_FROM_REAL
20212022,2021020717,2022-01-21,CHI,MIN,0.529447,0.470553,CHI,0,MIN,0,0,REAL_NHL_API_OR_DERIVED_FROM_REAL
20212022,2021020718,2022-01-21,VAN,FLA,0.625146,0.374854,VAN,0,FLA,0,0,REAL_NHL_API_OR_DERIVED_FROM_REAL
20212022,2021020719,2022-01-21,ANA,TBL,0.659172,0.340828,ANA,1,ANA,1,0,REAL_NHL_API_OR_DERIVED_FROM_REAL
20212022,2021020720,2022-01-21,SEA,STL,0.554126,0.445874,SEA,0,STL,0,0,REAL_NHL_API_OR_DERIVED_FROM_REAL
20212022,2021020721,2022-01-22,BOS,WPG,0.419377,0.580623,WPG,1,BOS,0,0,REAL_NHL_API_OR_DERIVED_FROM_REAL
20212022,2021020722,2022-01-22,BUF,PHI,0.522538,0.477462,BUF,1,BUF,1,0,REAL_NHL_API_OR_DERIVED_FROM_REAL
20212022,2021020724,2022-01-22,NJD,CAR,0.690003,0.309997,NJD,1,NJD,1,0,REAL_NHL_API_OR_DERIVED_FROM_REAL
20212022,2021020725,2022-01-22,NYR,UTA,0.593882,0.406118,NYR,1,NYR,1,0,REAL_NHL_API_OR_DERIVED_FROM_REAL
20212022,2021020726,2022-01-22,WSH,OTT,0.504459,0.495541,WSH,1,WSH,1,0,REAL_NHL_API_OR_DERIVED_FROM_REAL
20212022,2021020727,2022-01-22,NSH,DET,0.505862,0.494138,NSH,1,NSH,1,0,REAL_NHL_API_OR_DERIVED_FROM_REAL
20212022,2021020728,2022-01-22,MIN,CHI,0.62198,0.37802,MIN,1,MIN,1,0,REAL_NHL_API_OR_DERIVED_FROM_REAL
20212022,2021020729,2022-01-22,COL,MTL,0.55887,0.44113,COL,1,COL,1,0,REAL_NHL_API_OR_DERIVED_FROM_REAL
20212022,2021020730,2022-01-22,EDM,CGY,0.495908,0.504092,CGY,1,EDM,0,0,REAL_NHL_API_OR_DERIVED_FROM_REAL
20212022,2021020731,2022-01-22,SJS,TBL,0.471748,0.528252,TBL,0,TBL,1,0,REAL_NHL_API_OR_DERIVED_FROM_REAL
20212022,2021021211,2022-01-22,NYI,TOR,0.530442,0.469558,NYI,0,TOR,0,0,REAL_NHL_API_OR_DERIVED_FROM_REAL
20212022,2021020732,2022-01-23,NJD,LAK,0.576588,0.423412,NJD,0,LAK,0,0,REAL_NHL_API_OR_DERIVED_FROM_REAL
20212022,2021020733,2022-01-23,PIT,WPG,0.599151,0.400849,PIT,1,PIT,1,0,REAL_NHL_API_OR_DERIVED_FROM_REAL
20212022,2021020734,2022-01-23,CBJ,OTT,0.43813,0.56187,OTT,0,OTT,1,0,REAL_NHL_API_OR_DERIVED_FROM_REAL
20212022,2021020735,2022-01-23,VAN,STL,0.646178,0.353822,VAN,0,STL,0,0,REAL_NHL_API_OR_DERIVED_FROM_REAL
20212022,2021020736,2022-01-23,SEA,FLA,0.620073,0.379927,SEA,1,SEA,1,0,REAL_NHL_API_OR_DERIVED_FROM_REAL
20212022,2021020737,2022-01-24,BOS,ANA,0.384171,0.615829,ANA,0,ANA,1,0,REAL_NHL_API_OR_DERIVED_FROM_REAL
20212022,2021020738,2022-01-24,NYR,LAK,0.587062,0.412938,NYR,1,NYR,1,0,REAL_NHL_API_OR_DERIVED_FROM_REAL
20212022,2021020739,2022-01-24,PHI,DAL,0.540003,0.459997,PHI,0,DAL,0,0,REAL_NHL_API_OR_DERIVED_FROM_REAL
20212022,2021020740,2022-01-24,WSH,VGK,0.592384,0.407616,WSH,0,VGK,0,0,REAL_NHL_API_OR_DERIVED_FROM_REAL
20212022,2021020741,2022-01-24,MIN,MTL,0.435155,0.564845,MTL,1,MIN,0,0,REAL_NHL_API_OR_DERIVED_FROM_REAL
20212022,2021020742,2022-01-24,COL,CHI,0.657336,0.342664,COL,1,COL,1,0,REAL_NHL_API_OR_DERIVED_FROM_REAL
20212022,2021020743,2022-01-24,CGY,STL,0.672283,0.327717,CGY,1,CGY,1,0,REAL_NHL_API_OR_DERIVED_FROM_REAL
20212022,2021020744,2022-01-25,OTT,BUF,0.400171,0.599829,BUF,1,OTT,0,0,REAL_NHL_API_OR_DERIVED_FROM_REAL
20212022,2021020745,2022-01-25,NJD,DAL,0.448105,0.551895,DAL,0,DAL,1,0,REAL_NHL_API_OR_DERIVED_FROM_REAL
20212022,2021020746,2022-01-25,NYI,PHI,0.513201,0.486799,NYI,1,NYI,1,0,REAL_NHL_API_OR_DERIVED_FROM_REAL
20212022,2021020747,2022-01-25,PIT,UTA,0.587998,0.412002,PIT,1,PIT,1,0,REAL_NHL_API_OR_DERIVED_FROM_REAL
20212022,2021020748,2022-01-25,CAR,VGK,0.392902,0.607098,VGK,1,CAR,0,0,REAL_NHL_API_OR_DERIVED_FROM_REAL
20212022,2021020749,2022-01-25,WPG,FLA,0.598531,0.401469,WPG,0,FLA,0,0,REAL_NHL_API_OR_DERIVED_FROM_REAL
20212022,2021020750,2022-01-25,VAN,EDM,0.660859,0.339141,VAN,0,EDM,0,0,REAL_NHL_API_OR_DERIVED_FROM_REAL
20212022,2021020751,2022-01-25,SEA,NSH,0.6134,0.3866,SEA,0,NSH,0,0,REAL_NHL_API_OR_DERIVED_FROM_REAL
20212022,2021020752,2022-01-26,TOR,ANA,0.436663,0.563337,ANA,1,TOR,0,0,REAL_NHL_API_OR_DERIVED_FROM_REAL
20212022,2021020753,2022-01-26,DET,CHI,0.648331,0.351669,DET,0,CHI,0,0,REAL_NHL_API_OR_DERIVED_FROM_REAL
20212022,2021020754,2022-01-26,WSH,SJS,0.629195,0.370805,WSH,0,SJS,0,0,REAL_NHL_API_OR_DERIVED_FROM_REAL
20212022,2021020755,2022-01-26,CBJ,CGY,0.494704,0.505296,CGY,0,CGY,1,0,REAL_NHL_API_OR_DERIVED_FROM_REAL
20212022,2021020756,2022-01-26,COL,BOS,0.62689,0.37311,COL,1,COL,1,0,REAL_NHL_API_OR_DERIVED_FROM_REAL
20212022,2021020757,2022-01-27,MTL,ANA,0.364619,0.635381,ANA,0,ANA,1,0,REAL_NHL_API_OR_DERIVED_FROM_REAL
20212022,2021020758,2022-01-27,OTT,CAR,0.591952,0.408048,OTT,0,CAR,0,0,REAL_NHL_API_OR_DERIVED_FROM_REAL
20212022,2021020759,2022-01-27,TBL,NJD,0.542449,0.457551,TBL,1,TBL,1,0,REAL_NHL_API_OR_DERIVED_FROM_REAL
20212022,2021020760,2022-01-27,FLA,VGK,0.501499,0.498501,FLA,1,FLA,1,0,REAL_NHL_API_OR_DERIVED_FROM_REAL
20212022,2021020761,2022-01-27,NYI,LAK,0.541265,0.458735,NYI,0,LAK,0,0,REAL_NHL_API_OR_DERIVED_FROM_REAL
20212022,2021020762,2022-01-27,PIT,SEA,0.505236,0.494764,PIT,0,SEA,0,0,REAL_NHL_API_OR_DERIVED_FROM_REAL
20212022,2021020763,2022-01-27,CBJ,NYR,0.510597,0.489403,CBJ,1,CBJ,1,0,REAL_NHL_API_OR_DERIVED_FROM_REAL
20212022,2021020764,2022-01-27,STL,CGY,0.589138,0.410862,STL,1,STL,1,0,REAL_NHL_API_OR_DERIVED_FROM_REAL
20212022,2021020765,2022-01-27,WPG,VAN,0.604597,0.395403,WPG,0,VAN,0,0,REAL_NHL_API_OR_DERIVED_FROM_REAL
20212022,2021020766,2022-01-27,EDM,NSH,0.482184,0.517816,NSH,1,EDM,0,0,REAL_NHL_API_OR_DERIVED_FROM_REAL
20212022,2021020767,2022-01-28,NYR,MIN,0.575796,0.424204,NYR,0,MIN,0,0,REAL_NHL_API_OR_DERIVED_FROM_REAL
20212022,2021020768,2022-01-28,PIT,DET,0.617761,0.382239,PIT,0,DET,0,0,REAL_NHL_API_OR_DERIVED_FROM_REAL
20212022,2021020769,2022-01-28,CHI,COL,0.413997,0.586003,COL,0,COL,1,0,REAL_NHL_API_OR_DERIVED_FROM_REAL
20212022,2021020770,2022-01-28,DAL,WSH,0.333986,0.666014,WSH,0,WSH,1,0,REAL_NHL_API_OR_DERIVED_FROM_REAL
20212022,2021020771,2022-01-28,UTA,BOS,0.459722,0.540278,BOS,0,BOS,1,0,REAL_NHL_API_OR_DERIVED_FROM_REAL
20212022,2021020772,2022-01-29,MTL,EDM,0.412515,0.587485,EDM,0,EDM,1,0,REAL_NHL_API_OR_DERIVED_FROM_REAL
20212022,2021020773,2022-01-29,OTT,ANA,0.530365,0.469635,OTT,0,ANA,0,0,REAL_NHL_API_OR_DERIVED_FROM_REAL
20212022,2021020774,2022-01-29,DET,TOR,0.578065,0.421935,DET,0,TOR,0,0,REAL_NHL_API_OR_DERIVED_FROM_REAL
20212022,2021020775,2022-01-29,TBL,VGK,0.510005,0.489995,TBL,0,VGK,0,0,REAL_NHL_API_OR_DERIVED_FROM_REAL
20212022,2021020776,2022-01-29,FLA,SJS,0.605125,0.394875,FLA,1,FLA,1,0,REAL_NHL_API_OR_DERIVED_FROM_REAL
20212022,2021020778,2022-01-29,PHI,LAK,0.575851,0.424149,PHI,1,PHI,1,0,REAL_NHL_API_OR_DERIVED_FROM_REAL
20212022,2021020779,2022-01-29,CAR,NJD,0.555353,0.444647,CAR,1,CAR,1,0,REAL_NHL_API_OR_DERIVED_FROM_REAL
20212022,2021020780,2022-01-29,STL,WPG,0.589498,0.410502,STL,0,WPG,0,0,REAL_NHL_API_OR_DERIVED_FROM_REAL
20212022,2021020781,2022-01-29,CGY,VAN,0.498798,0.501202,VAN,1,CGY,0,0,REAL_NHL_API_OR_DERIVED_FROM_REAL
20212022,2021020782,2022-01-29,UTA,BUF,0.443123,0.556877,BUF,0,BUF,1,0,REAL_NHL_API_OR_DERIVED_FROM_REAL
20212022,2021020783,2022-01-30,MTL,CBJ,0.5011,0.4989,MTL,0,CBJ,0,0,REAL_NHL_API_OR_DERIVED_FROM_REAL
20212022,2021020784,2022-01-30,NYI,MIN,0.491803,0.508197,MIN,0,MIN,1,0,REAL_NHL_API_OR_DERIVED_FROM_REAL
20212022,2021020785,2022-01-30,NYR,SEA,0.484649,0.515351,SEA,1,NYR,0,0,REAL_NHL_API_OR_DERIVED_FROM_REAL
20212022,2021020786,2022-01-30,PIT,LAK,0.494093,0.505907,LAK,0,LAK,1,0,REAL_NHL_API_OR_DERIVED_FROM_REAL
20212022,2021020787,2022-01-30,CAR,SJS,0.650679,0.349321,CAR,1,CAR,1,0,REAL_NHL_API_OR_DERIVED_FROM_REAL
20212022,2021020789,2022-01-30,DAL,BOS,0.461553,0.538447,BOS,1,DAL,0,0,REAL_NHL_API_OR_DERIVED_FROM_REAL
20212022,2021020790,2022-01-30,COL,BUF,0.619427,0.380573,COL,1,COL,1,0,REAL_NHL_API_OR_DERIVED_FROM_REAL
20212022,2021020683,2022-01-31,TOR,NJD,0.497456,0.502544,NJD,1,TOR,0,0,REAL_NHL_API_OR_DERIVED_FROM_REAL
20212022,2021020791,2022-01-31,OTT,EDM,0.682711,0.317289,OTT,1,OTT,1,0,REAL_NHL_API_OR_DERIVED_FROM_REAL
20212022,2021020792,2022-01-31,DET,ANA,0.513843,0.486157,DET,1,DET,1,0,REAL_NHL_API_OR_DERIVED_FROM_REAL
20212022,2021020793,2022-01-31,CBJ,FLA,0.576022,0.423978,CBJ,0,FLA,0,0,REAL_NHL_API_OR_DERIVED_FROM_REAL
20212022,2021020794,2022-01-31,CHI,VAN,0.507139,0.492861,CHI,0,VAN,0,0,REAL_NHL_API_OR_DERIVED_FROM_REAL
20212022,2021020795,2022-02-01,BOS,SEA,0.413741,0.586259,SEA,1,BOS,0,0,REAL_NHL_API_OR_DERIVED_FROM_REAL
20212022,2021020797,2022-02-01,TBL,SJS,0.595496,0.404504,TBL,1,TBL,1,0,REAL_NHL_API_OR_DERIVED_FROM_REAL
20212022,2021020798,2022-02-01,NJD,TOR,0.625473,0.374527,NJD,0,TOR,0,0,REAL_NHL_API_OR_DERIVED_FROM_REAL
20212022,2021020799,2022-02-01,NYI,OTT,0.491497,0.508503,OTT,1,NYI,0,0,REAL_NHL_API_OR_DERIVED_FROM_REAL
20212022,2021020800,2022-02-01,NYR,FLA,0.549804,0.450196,NYR,1,NYR,1,0,REAL_NHL_API_OR_DERIVED_FROM_REAL
20212022,2021020801,2022-02-01,PHI,WPG,0.510237,0.489763,PHI,1,PHI,1,0,REAL_NHL_API_OR_DERIVED_FROM_REAL
20212022,2021020802,2022-02-01,PIT,WSH,0.569223,0.430777,PIT,0,WSH,0,0,REAL_NHL_API_OR_DERIVED_FROM_REAL
20212022,2021020803,2022-02-01,NSH,VAN,0.589686,0.410314,NSH,1,NSH,1,0,REAL_NHL_API_OR_DERIVED_FROM_REAL
20212022,2021020804,2022-02-01,DAL,CGY,0.662733,0.337267,DAL,0,CGY,0,0,REAL_NHL_API_OR_DERIVED_FROM_REAL
20212022,2021020805,2022-02-01,COL,UTA,0.56839,0.43161,COL,0,UTA,0,0,REAL_NHL_API_OR_DERIVED_FROM_REAL
20212022,2021020806,2022-02-01,VGK,BUF,0.630919,0.369081,VGK,1,VGK,1,0,REAL_NHL_API_OR_DERIVED_FROM_REAL
20212022,2021020777,2022-02-02,NYI,SEA,0.50811,0.49189,NYI,0,SEA,0,0,REAL_NHL_API_OR_DERIVED_FROM_REAL
20212022,2021020807,2022-02-02,DET,LAK,0.566091,0.433909,DET,0,LAK,0,0,REAL_NHL_API_OR_DERIVED_FROM_REAL
20212022,2021020808,2022-02-02,WSH,EDM,0.542239,0.457761,WSH,0,EDM,0,0,REAL_NHL_API_OR_DERIVED_FROM_REAL
20212022,2021020809,2022-02-02,CHI,MIN,0.55885,0.44115,CHI,0,MIN,0,0,REAL_NHL_API_OR_DERIVED_FROM_REAL
20212022,2021020810,2022-02-02,UTA,CGY,0.545809,0.454191,UTA,0,CGY,0,0,REAL_NHL_API_OR_DERIVED_FROM_REAL
20212022,2021020583,2022-02-07,TOR,CAR,0.449836,0.550164,CAR,1,TOR,0,0,REAL_NHL_API_OR_DERIVED_FROM_REAL
20212022,2021021128,2022-02-07,OTT,NJD,0.652059,0.347941,OTT,1,OTT,1,0,REAL_NHL_API_OR_DERIVED_FROM_REAL
20212022,2021020487,2022-02-08,VAN,UTA,0.583399,0.416601,VAN,1,VAN,1,0,REAL_NHL_API_OR_DERIVED_FROM_REAL
20212022,2021020510,2022-02-08,OTT,CAR,0.524457,0.475543,OTT,1,OTT,1,0,REAL_NHL_API_OR_DERIVED_FROM_REAL
20212022,2021020523,2022-02-08,BOS,PIT,0.495391,0.504609,PIT,0,PIT,1,0,REAL_NHL_API_OR_DERIVED_FROM_REAL
20212022,2021020531,2022-02-08,WPG,MIN,0.603858,0.396142,WPG,1,WPG,1,0,REAL_NHL_API_OR_DERIVED_FROM_REAL
20212022,2021020664,2022-02-08,EDM,VGK,0.525625,0.474375,EDM,0,VGK,0,0,REAL_NHL_API_OR_DERIVED_FROM_REAL
20212022,2021020666,2022-02-08,MTL,NJD,0.439867,0.560133,NJD,0,NJD,1,0,REAL_NHL_API_OR_DERIVED_FROM_REAL
20212022,2021021293,2022-02-08,WSH,CBJ,0.416927,0.583073,CBJ,0,CBJ,1,0,REAL_NHL_API_OR_DERIVED_FROM_REAL
20212022,2021020503,2022-02-09,SEA,UTA,0.56045,0.43955,SEA,0,UTA,0,0,REAL_NHL_API_OR_DERIVED_FROM_REAL
20212022,2021020530,2022-02-09,DAL,NSH,0.473201,0.526799,NSH,1,DAL,0,0,REAL_NHL_API_OR_DERIVED_FROM_REAL
20212022,2021020598,2022-02-09,VAN,NYI,0.485279,0.514721,NYI,0,NYI,1,0,REAL_NHL_API_OR_DERIVED_FROM_REAL
20212022,2021020676,2022-02-09,CGY,VGK,0.420506,0.579494,VGK,1,CGY,0,0,REAL_NHL_API_OR_DERIVED_FROM_REAL
20212022,2021020694,2022-02-09,PHI,DET,0.489869,0.510131,DET,0,DET,1,0,REAL_NHL_API_OR_DERIVED_FROM_REAL
20212022,2021020699,2022-02-09,EDM,CHI,0.509729,0.490271,EDM,0,CHI,0,0,REAL_NHL_API_OR_DERIVED_FROM_REAL
20212022,2021020462,2022-02-10,CGY,TOR,0.57941,0.42059,CGY,1,CGY,1,0,REAL_NHL_API_OR_DERIVED_FROM_REAL
20212022,2021020477,2022-02-10,COL,TBL,0.591117,0.408883,COL,1,COL,1,0,REAL_NHL_API_OR_DERIVED_FROM_REAL
20212022,2021020489,2022-02-10,BUF,CBJ,0.651053,0.348947,BUF,0,CBJ,0,0,REAL_NHL_API_OR_DERIVED_FROM_REAL
20212022,2021020494,2022-02-10,BOS,CAR,0.475537,0.524463,CAR,0,CAR,1,0,REAL_NHL_API_OR_DERIVED_FROM_REAL
20212022,2021020529,2022-02-10,STL,NJD,0.563034,0.436966,STL,0,NJD,0,0,REAL_NHL_API_OR_DERIVED_FROM_REAL
20212022,2021020559,2022-02-10,OTT,PIT,0.540833,0.459167,OTT,0,PIT,0,0,REAL_NHL_API_OR_DERIVED_FROM_REAL
20212022,2021020587,2022-02-10,MTL,WSH,0.667118,0.332882,MTL,0,WSH,0,0,REAL_NHL_API_OR_DERIVED_FROM_REAL
20212022,2021020506,2022-02-11,DAL,WPG,0.617651,0.382349,DAL,1,DAL,1,0,REAL_NHL_API_OR_DERIVED_FROM_REAL
20212022,2021020519,2022-02-11,UTA,TBL,0.50886,0.49114,UTA,0,TBL,0,0,REAL_NHL_API_OR_DERIVED_FROM_REAL
20212022,2021020623,2022-02-11,EDM,NYI,0.589433,0.410567,EDM,1,EDM,1,0,REAL_NHL_API_OR_DERIVED_FROM_REAL
20212022,2021021033,2022-02-11,ANA,SEA,0.614184,0.385816,ANA,0,SEA,0,0,REAL_NHL_API_OR_DERIVED_FROM_REAL
20212022,2021020445,2022-02-12,MIN,CAR,0.557542,0.442458,MIN,1,MIN,1,0,REAL_NHL_API_OR_DERIVED_FROM_REAL
20212022,2021020479,2022-02-12,VAN,TOR,0.596005,0.403995,VAN,1,VAN,1,0,REAL_NHL_API_OR_DERIVED_FROM_REAL
20212022,2021020499,2022-02-12,NSH,WPG,0.577622,0.422378,NSH,0,WPG,0,0,REAL_NHL_API_OR_DERIVED_FROM_REAL
20212022,2021020543,2022-02-12,OTT,BOS,0.612223,0.387777,OTT,0,BOS,0,0,REAL_NHL_API_OR_DERIVED_FROM_REAL
20212022,2021020630,2022-02-12,MTL,CBJ,0.572514,0.427486,MTL,0,CBJ,0,0,REAL_NHL_API_OR_DERIVED_FROM_REAL
20212022,2021020642,2022-02-12,CGY,NYI,0.605857,0.394143,CGY,1,CGY,1,0,REAL_NHL_API_OR_DERIVED_FROM_REAL
20212022,2021020788,2022-02-12,STL,CHI,0.556173,0.443827,STL,1,STL,1,0,REAL_NHL_API_OR_DERIVED_FROM_REAL
20212022,2021020811,2022-02-12,DET,PHI,0.46876,0.53124,PHI,1,DET,0,0,REAL_NHL_API_OR_DERIVED_FROM_REAL
20212022,2021020526,2022-02-13,WSH,OTT,0.360926,0.639074,OTT,0,OTT,1,0,REAL_NHL_API_OR_DERIVED_FROM_REAL
20212022,2021020563,2022-02-13,DAL,COL,0.533051,0.466949,DAL,0,COL,0,0,REAL_NHL_API_OR_DERIVED_FROM_REAL
20212022,2021020614,2022-02-13,MTL,BUF,0.435797,0.564203,BUF,0,BUF,1,0,REAL_NHL_API_OR_DERIVED_FROM_REAL
20212022,2021020817,2022-02-13,NJD,PIT,0.486837,0.513163,PIT,0,PIT,1,0,REAL_NHL_API_OR_DERIVED_FROM_REAL
20212022,2021020488,2022-02-14,SEA,TOR,0.636471,0.363529,SEA,0,TOR,0,0,REAL_NHL_API_OR_DERIVED_FROM_REAL
20212022,2021020517,2022-02-14,MIN,DET,0.646577,0.353423,MIN,1,MIN,1,0,REAL_NHL_API_OR_DERIVED_FROM_REAL
20212022,2021020522,2022-02-14,SJS,EDM,0.40133,0.59867,EDM,0,EDM,1,0,REAL_NHL_API_OR_DERIVED_FROM_REAL
20212022,2021020548,2022-02-14,WPG,CHI,0.633788,0.366212,WPG,0,CHI,0,0,REAL_NHL_API_OR_DERIVED_FROM_REAL
20212022,2021020478,2022-02-15,CGY,CBJ,0.554871,0.445129,CGY,1,CGY,1,0,REAL_NHL_API_OR_DERIVED_FROM_REAL
20212022,2021020495,2022-02-15,OTT,STL,0.541666,0.458334,OTT,0,STL,0,0,REAL_NHL_API_OR_DERIVED_FROM_REAL
20212022,2021020507,2022-02-15,LAK,EDM,0.668877,0.331123,LAK,0,EDM,0,0,REAL_NHL_API_OR_DERIVED_FROM_REAL
20212022,2021020514,2022-02-15,PIT,PHI,0.47621,0.52379,PHI,1,PIT,0,0,REAL_NHL_API_OR_DERIVED_FROM_REAL
20212022,2021020524,2022-02-15,BUF,NYI,0.600919,0.399081,BUF,1,BUF,1,0,REAL_NHL_API_OR_DERIVED_FROM_REAL
20212022,2021020549,2022-02-15,COL,DAL,0.560146,0.439854,COL,0,DAL,0,0,REAL_NHL_API_OR_DERIVED_FROM_REAL
20212022,2021020631,2022-02-15,NJD,TBL,0.446726,0.553274,TBL,0,TBL,1,0,REAL_NHL_API_OR_DERIVED_FROM_REAL
20212022,2021021095,2022-02-15,NSH,WSH,0.634585,0.365415,NSH,0,WSH,0,0,REAL_NHL_API_OR_DERIVED_FROM_REAL
20212022,2021021263,2022-02-15,NYR,BOS,0.486533,0.513467,BOS,1,NYR,0,0,REAL_NHL_API_OR_DERIVED_FROM_REAL
20212022,2021020500,2022-02-16,CGY,ANA,0.537269,0.462731,CGY,1,CGY,1,0,REAL_NHL_API_OR_DERIVED_FROM_REAL
20212022,2021020527,2022-02-16,CAR,FLA,0.522824,0.477176,CAR,0,FLA,0,0,REAL_NHL_API_OR_DERIVED_FROM_REAL
20212022,2021020535,2022-02-16,VGK,COL,0.536741,0.463259,VGK,0,COL,0,0,REAL_NHL_API_OR_DERIVED_FROM_REAL
20212022,2021020633,2022-02-16,WPG,MIN,0.660701,0.339299,WPG,1,WPG,1,0,REAL_NHL_API_OR_DERIVED_FROM_REAL
20212022,2021020493,2022-02-17,EDM,ANA,0.50724,0.49276,EDM,1,EDM,1,0,REAL_NHL_API_OR_DERIVED_FROM_REAL
20212022,2021020496,2022-02-17,PHI,WSH,0.6234,0.3766,PHI,0,WSH,0,0,REAL_NHL_API_OR_DERIVED_FROM_REAL
20212022,2021020502,2022-02-17,SJS,VAN,0.620825,0.379175,SJS,0,VAN,0,0,REAL_NHL_API_OR_DERIVED_FROM_REAL
20212022,2021020525,2022-02-17,NYR,DET,0.655731,0.344269,NYR,0,DET,0,0,REAL_NHL_API_OR_DERIVED_FROM_REAL
20212022,2021020538,2022-02-17,CHI,CBJ,0.542593,0.457407,CHI,0,CBJ,0,0,REAL_NHL_API_OR_DERIVED_FROM_REAL
20212022,2021020542,2022-02-17,TOR,PIT,0.426927,0.573073,PIT,1,TOR,0,0,REAL_NHL_API_OR_DERIVED_FROM_REAL
20212022,2021020621,2022-02-17,WPG,SEA,0.629515,0.370485,WPG,1,WPG,1,0,REAL_NHL_API_OR_DERIVED_FROM_REAL
20212022,2021020796,2022-02-17,MTL,STL,0.522551,0.477449,MTL,1,MTL,1,0,REAL_NHL_API_OR_DERIVED_FROM_REAL
20212022,2021021006,2022-02-17,NYI,BOS,0.583838,0.416162,NYI,1,NYI,1,0,REAL_NHL_API_OR_DERIVED_FROM_REAL
20212022,2021021228,2022-02-17,BUF,OTT,0.51991,0.48009,BUF,0,OTT,0,0,REAL_NHL_API_OR_DERIVED_FROM_REAL
20212022,2021020476,2022-02-18,MIN,FLA,0.475109,0.524891,FLA,0,FLA,1,0,REAL_NHL_API_OR_DERIVED_FROM_REAL
20212022,2021020485,2022-02-18,CAR,NSH,0.492852,0.507148,NSH,1,CAR,0,0,REAL_NHL_API_OR_DERIVED_FROM_REAL
20212022,2021020516,2022-02-18,CHI,DAL,0.525947,0.474053,CHI,0,DAL,0,0,REAL_NHL_API_OR_DERIVED_FROM_REAL
20212022,2021020521,2022-02-18,VGK,LAK,0.533533,0.466467,VGK,0,LAK,0,0,REAL_NHL_API_OR_DERIVED_FROM_REAL
20212022,2021020481,2022-02-19,OTT,BOS,0.612839,0.387161,OTT,0,BOS,0,0,REAL_NHL_API_OR_DERIVED_FROM_REAL
20212022,2021020504,2022-02-19,BUF,COL,0.547836,0.452164,BUF,0,COL,0,0,REAL_NHL_API_OR_DERIVED_FROM_REAL
20212022,2021020509,2022-02-19,TOR,STL,0.415753,0.584247,STL,0,STL,1,0,REAL_NHL_API_OR_DERIVED_FROM_REAL
20212022,2021020518,2022-02-19,CGY,SEA,0.566817,0.433183,CGY,1,CGY,1,0,REAL_NHL_API_OR_DERIVED_FROM_REAL
20212022,2021020520,2022-02-19,VAN,ANA,0.370421,0.629579,ANA,0,ANA,1,0,REAL_NHL_API_OR_DERIVED_FROM_REAL
20212022,2021020533,2022-02-19,UTA,LAK,0.494984,0.505016,LAK,0,LAK,1,0,REAL_NHL_API_OR_DERIVED_FROM_REAL
20212022,2021020681,2022-02-19,WPG,EDM,0.636564,0.363436,WPG,0,EDM,0,0,REAL_NHL_API_OR_DERIVED_FROM_REAL
20212022,2021020263,2022-02-20,OTT,NYR,0.474479,0.525521,NYR,0,NYR,1,0,REAL_NHL_API_OR_DERIVED_FROM_REAL
20212022,2021020491,2022-02-20,NYI,MTL,0.436248,0.563752,MTL,0,MTL,1,0,REAL_NHL_API_OR_DERIVED_FROM_REAL
20212022,2021020498,2022-02-20,CHI,FLA,0.567757,0.432243,CHI,0,FLA,0,0,REAL_NHL_API_OR_DERIVED_FROM_REAL
20212022,2021020515,2022-02-20,CBJ,BUF,0.51346,0.48654,CBJ,1,CBJ,1,0,REAL_NHL_API_OR_DERIVED_FROM_REAL
20212022,2021020581,2022-02-20,UTA,DAL,0.475353,0.524647,DAL,1,UTA,0,0,REAL_NHL_API_OR_DERIVED_FROM_REAL
20212022,2021020648,2022-02-20,EDM,MIN,0.505333,0.494667,EDM,0,MIN,0,0,REAL_NHL_API_OR_DERIVED_FROM_REAL
20212022,2021021161,2022-02-20,SJS,VGK,0.616724,0.383276,SJS,0,VGK,0,0,REAL_NHL_API_OR_DERIVED_FROM_REAL
20212022,2021021304,2022-02-20,PIT,CAR,0.572246,0.427754,PIT,0,CAR,0,0,REAL_NHL_API_OR_DERIVED_FROM_REAL
20212022,2021020508,2022-02-21,BOS,COL,0.614294,0.385706,BOS,1,BOS,1,0,REAL_NHL_API_OR_DERIVED_FROM_REAL
20212022,2021020534,2022-02-21,VAN,SEA,0.408942,0.591058,SEA,1,VAN,0,0,REAL_NHL_API_OR_DERIVED_FROM_REAL
20212022,2021020564,2022-02-21,CGY,WPG,0.571145,0.428855,CGY,1,CGY,1,0,REAL_NHL_API_OR_DERIVED_FROM_REAL
20212022,2021020601,2022-02-21,MTL,TOR,0.617742,0.382258,MTL,1,MTL,1,0,REAL_NHL_API_OR_DERIVED_FROM_REAL
20212022,2021020639,2022-02-21,PHI,CAR,0.467199,0.532801,CAR,0,CAR,1,0,REAL_NHL_API_OR_DERIVED_FROM_REAL
20212022,2021020511,2022-02-22,FLA,NSH,0.540694,0.459306,FLA,0,NSH,0,0,REAL_NHL_API_OR_DERIVED_FROM_REAL
20212022,2021020528,2022-02-22,CBJ,TOR,0.646138,0.353862,CBJ,1,CBJ,1,0,REAL_NHL_API_OR_DERIVED_FROM_REAL
20212022,2021020536,2022-02-22,ANA,SJS,0.524516,0.475484,ANA,1,ANA,1,0,REAL_NHL_API_OR_DERIVED_FROM_REAL
20212022,2021020584,2022-02-22,OTT,MIN,0.643306,0.356694,OTT,1,OTT,1,0,REAL_NHL_API_OR_DERIVED_FROM_REAL
20212022,2021020595,2022-02-22,SEA,NYI,0.467059,0.532941,NYI,0,NYI,1,0,REAL_NHL_API_OR_DERIVED_FROM_REAL
20212022,2021020848,2022-02-22,PHI,STL,0.58328,0.41672,PHI,0,STL,0,0,REAL_NHL_API_OR_DERIVED_FROM_REAL
20212022,2021020490,2022-02-23,DET,COL,0.427188,0.572812,COL,0,COL,1,0,REAL_NHL_API_OR_DERIVED_FROM_REAL
20212022,2021020812,2022-02-23,TBL,EDM,0.668944,0.331056,TBL,1,TBL,1,0,REAL_NHL_API_OR_DERIVED_FROM_REAL
20212022,2021020813,2022-02-23,DAL,WPG,0.549994,0.450006,DAL,1,DAL,1,0,REAL_NHL_API_OR_DERIVED_FROM_REAL
20212022,2021020814,2022-02-23,UTA,LAK,0.499314,0.500686,LAK,0,LAK,1,0,REAL_NHL_API_OR_DERIVED_FROM_REAL
20212022,2021021273,2022-02-23,MTL,BUF,0.521277,0.478723,MTL,1,MTL,1,0,REAL_NHL_API_OR_DERIVED_FROM_REAL
20212022,2021020497,2022-02-24,PIT,NJD,0.571933,0.428067,PIT,0,NJD,0,0,REAL_NHL_API_OR_DERIVED_FROM_REAL
20212022,2021020815,2022-02-24,TOR,MIN,0.440529,0.559471,MIN,1,TOR,0,0,REAL_NHL_API_OR_DERIVED_FROM_REAL
20212022,2021020816,2022-02-24,FLA,CBJ,0.486889,0.513111,CBJ,0,CBJ,1,0,REAL_NHL_API_OR_DERIVED_FROM_REAL
20212022,2021020818,2022-02-24,NYR,WSH,0.692749,0.307251,NYR,1,NYR,1,0,REAL_NHL_API_OR_DERIVED_FROM_REAL
20212022,2021020819,2022-02-24,NSH,DAL,0.481281,0.518719,DAL,1,NSH,0,0,REAL_NHL_API_OR_DERIVED_FROM_REAL
20212022,2021020820,2022-02-24,VAN,CGY,0.504183,0.495817,VAN,1,VAN,1,0,REAL_NHL_API_OR_DERIVED_FROM_REAL
20212022,2021020821,2022-02-24,SJS,NYI,0.584032,0.415968,SJS,1,SJS,1,0,REAL_NHL_API_OR_DERIVED_FROM_REAL
20212022,2021020822,2022-02-24,SEA,BOS,0.491079,0.508921,BOS,0,BOS,1,0,REAL_NHL_API_OR_DERIVED_FROM_REAL
20212022,2021020823,2022-02-25,CAR,CBJ,0.616091,0.383909,CAR,1,CAR,1,0,REAL_NHL_API_OR_DERIVED_FROM_REAL
20212022,2021020824,2022-02-25,CHI,NJD,0.582125,0.417875,CHI,1,CHI,1,0,REAL_NHL_API_OR_DERIVED_FROM_REAL
20212022,2021020825,2022-02-25,STL,BUF,0.510711,0.489289,STL,1,STL,1,0,REAL_NHL_API_OR_DERIVED_FROM_REAL
20212022,2021020826,2022-02-25,COL,WPG,0.476702,0.523298,WPG,1,COL,0,0,REAL_NHL_API_OR_DERIVED_FROM_REAL
20212022,2021020827,2022-02-25,UTA,VGK,0.618508,0.381492,UTA,1,UTA,1,0,REAL_NHL_API_OR_DERIVED_FROM_REAL
20212022,2021020828,2022-02-25,ANA,LAK,0.382632,0.617368,LAK,0,LAK,1,0,REAL_NHL_API_OR_DERIVED_FROM_REAL
20212022,2021020830,2022-02-26,OTT,MTL,0.677236,0.322764,OTT,0,MTL,0,0,REAL_NHL_API_OR_DERIVED_FROM_REAL
20212022,2021020831,2022-02-26,FLA,EDM,0.646195,0.353805,FLA,0,EDM,0,0,REAL_NHL_API_OR_DERIVED_FROM_REAL
20212022,2021020832,2022-02-26,PHI,WSH,0.603592,0.396408,PHI,1,PHI,1,0,REAL_NHL_API_OR_DERIVED_FROM_REAL
20212022,2021020833,2022-02-26,PIT,NYR,0.428308,0.571692,NYR,1,PIT,0,0,REAL_NHL_API_OR_DERIVED_FROM_REAL
20212022,2021020834,2022-02-26,NSH,TBL,0.581512,0.418488,NSH,0,TBL,0,0,REAL_NHL_API_OR_DERIVED_FROM_REAL
20212022,2021020835,2022-02-26,CGY,MIN,0.518992,0.481008,CGY,1,CGY,1,0,REAL_NHL_API_OR_DERIVED_FROM_REAL
20212022,2021020836,2022-02-26,VGK,COL,0.522567,0.477433,VGK,0,COL,0,0,REAL_NHL_API_OR_DERIVED_FROM_REAL
20212022,2021020837,2022-02-26,LAK,NYI,0.554204,0.445796,LAK,1,LAK,1,0,REAL_NHL_API_OR_DERIVED_FROM_REAL
20212022,2021020838,2022-02-26,SJS,BOS,0.500695,0.499305,SJS,0,BOS,0,0,REAL_NHL_API_OR_DERIVED_FROM_REAL
20212022,2021021275,2022-02-26,DET,TOR,0.461052,0.538948,TOR,0,TOR,1,0,REAL_NHL_API_OR_DERIVED_FROM_REAL
20212022,2021020839,2022-02-27,NYR,VAN,0.713809,0.286191,NYR,0,VAN,0,0,REAL_NHL_API_OR_DERIVED_FROM_REAL
20212022,2021020840,2022-02-27,CAR,EDM,0.674005,0.325995,CAR,1,CAR,1,0,REAL_NHL_API_OR_DERIVED_FROM_REAL
20212022,2021020841,2022-02-27,CBJ,PIT,0.586871,0.413129,CBJ,0,PIT,0,0,REAL_NHL_API_OR_DERIVED_FROM_REAL
20212022,2021020842,2022-02-27,CHI,STL,0.590815,0.409185,CHI,0,STL,0,0,REAL_NHL_API_OR_DERIVED_FROM_REAL
20212022,2021020843,2022-02-27,DAL,BUF,0.664825,0.335175,DAL,1,DAL,1,0,REAL_NHL_API_OR_DERIVED_FROM_REAL
20212022,2021020844,2022-02-27,UTA,WPG,0.537888,0.462112,UTA,0,WPG,0,0,REAL_NHL_API_OR_DERIVED_FROM_REAL
20212022,2021020845,2022-02-27,ANA,NYI,0.513133,0.486867,ANA,0,NYI,0,0,REAL_NHL_API_OR_DERIVED_FROM_REAL
20212022,2021020846,2022-02-27,SJS,SEA,0.523499,0.476501,SJS,1,SJS,1,0,REAL_NHL_API_OR_DERIVED_FROM_REAL
20212022,2021020847,2022-02-28,NJD,VAN,0.704035,0.295965,NJD,1,NJD,1,0,REAL_NHL_API_OR_DERIVED_FROM_REAL
20212022,2021020849,2022-02-28,WSH,TOR,0.593023,0.406977,WSH,0,TOR,0,0,REAL_NHL_API_OR_DERIVED_FROM_REAL
20212022,2021020850,2022-02-28,LAK,BOS,0.440482,0.559518,BOS,0,BOS,1,0,REAL_NHL_API_OR_DERIVED_FROM_REAL
20212022,2021020851,2022-03-01,DET,CAR,0.460943,0.539057,CAR,1,DET,0,0,REAL_NHL_API_OR_DERIVED_FROM_REAL
20212022,2021020852,2022-03-01,TBL,OTT,0.490112,0.509888,OTT,1,TBL,0,0,REAL_NHL_API_OR_DERIVED_FROM_REAL
20212022,2021020853,2022-03-01,PHI,EDM,0.597024,0.402976,PHI,0,EDM,0,0,REAL_NHL_API_OR_DERIVED_FROM_REAL
20212022,2021020854,2022-03-01,CBJ,NJD,0.7384,0.2616,CBJ,1,CBJ,1,0,REAL_NHL_API_OR_DERIVED_FROM_REAL
20212022,2021020855,2022-03-01,MIN,CGY,0.596789,0.403211,MIN,0,CGY,0,0,REAL_NHL_API_OR_DERIVED_FROM_REAL
20212022,2021020856,2022-03-01,WPG,MTL,0.549945,0.450055,WPG,1,WPG,1,0,REAL_NHL_API_OR_DERIVED_FROM_REAL
20212022,2021020857,2022-03-01,COL,NYI,0.56816,0.43184,COL,1,COL,1,0,REAL_NHL_API_OR_DERIVED_FROM_REAL
20212022,2021020858,2022-03-01,VGK,SJS,0.558685,0.441315,VGK,1,VGK,1,0,REAL_NHL_API_OR_DERIVED_FROM_REAL
20212022,2021020859,2022-03-01,ANA,BOS,0.516009,0.483991,ANA,1,ANA,1,0,REAL_NHL_API_OR_DERIVED_FROM_REAL
20212022,2021020860,2022-03-02,TOR,BUF,0.362664,0.637336,BUF,0,BUF,1,0,REAL_NHL_API_OR_DERIVED_FROM_REAL
20212022,2021020861,2022-03-02,NYR,STL,0.665244,0.334756,NYR,1,NYR,1,0,REAL_NHL_API_OR_DERIVED_FROM_REAL
20212022,2021020862,2022-03-02,DAL,LAK,0.689312,0.310688,DAL,1,DAL,1,0,REAL_NHL_API_OR_DERIVED_FROM_REAL
20212022,2021020863,2022-03-02,SEA,NSH,0.55112,0.44888,SEA,1,SEA,1,0,REAL_NHL_API_OR_DERIVED_FROM_REAL
20212022,2021020864,2022-03-03,TBL,PIT,0.59602,0.40398,TBL,0,PIT,0,0,REAL_NHL_API_OR_DERIVED_FROM_REAL
20212022,2021020865,2022-03-03,FLA,OTT,0.449643,0.550357,OTT,1,FLA,0,0,REAL_NHL_API_OR_DERIVED_FROM_REAL
20212022,2021020866,2022-03-03,NYI,VAN,0.723657,0.276343,NYI,0,VAN,0,0,REAL_NHL_API_OR_DERIVED_FROM_REAL
20212022,2021020867,2022-03-03,PHI,MIN,0.537112,0.462888,PHI,0,MIN,0,0,REAL_NHL_API_OR_DERIVED_FROM_REAL
20212022,2021020868,2022-03-03,WSH,CAR,0.497331,0.502669,CAR,1,WSH,0,0,REAL_NHL_API_OR_DERIVED_FROM_REAL
20212022,2021020869,2022-03-03,CHI,EDM,0.608218,0.391782,CHI,1,CHI,1,0,REAL_NHL_API_OR_DERIVED_FROM_REAL
20212022,2021020870,2022-03-03,CGY,MTL,0.626017,0.373983,CGY,0,MTL,0,0,REAL_NHL_API_OR_DERIVED_FROM_REAL
20212022,2021020871,2022-03-03,UTA,COL,0.555325,0.444675,UTA,1,UTA,1,0,REAL_NHL_API_OR_DERIVED_FROM_REAL
20212022,2021020872,2022-03-03,VGK,BOS,0.573239,0.426761,VGK,0,BOS,0,0,REAL_NHL_API_OR_DERIVED_FROM_REAL
20212022,2021020873,2022-03-04,BUF,MIN,0.43781,0.56219,MIN,1,BUF,0,0,REAL_NHL_API_OR_DERIVED_FROM_REAL
20212022,2021020874,2022-03-04,TBL,DET,0.650575,0.349425,TBL,1,TBL,1,0,REAL_NHL_API_OR_DERIVED_FROM_REAL
20212022,2021020875,2022-03-04,NYR,NJD,0.622483,0.377517,NYR,1,NYR,1,0,REAL_NHL_API_OR_DERIVED_FROM_REAL
20212022,2021020876,2022-03-04,CAR,PIT,0.521645,0.478355,CAR,1,CAR,1,0,REAL_NHL_API_OR_DERIVED_FROM_REAL
20212022,2021020877,2022-03-04,CBJ,LAK,0.653262,0.346738,CBJ,0,LAK,0,0,REAL_NHL_API_OR_DERIVED_FROM_REAL
20212022,2021020878,2022-03-04,WPG,DAL,0.555689,0.444311,WPG,0,DAL,0,0,REAL_NHL_API_OR_DERIVED_FROM_REAL
20212022,2021020879,2022-03-04,ANA,VGK,0.441194,0.558806,VGK,0,VGK,1,0,REAL_NHL_API_OR_DERIVED_FROM_REAL
20212022,2021020880,2022-03-05,TOR,VAN,0.560003,0.439997,TOR,0,VAN,0,0,REAL_NHL_API_OR_DERIVED_FROM_REAL
20212022,2021020881,2022-03-05,FLA,DET,0.615592,0.384408,FLA,1,FLA,1,0,REAL_NHL_API_OR_DERIVED_FROM_REAL
20212022,2021020882,2022-03-05,NYI,STL,0.608544,0.391456,NYI,1,NYI,1,0,REAL_NHL_API_OR_DERIVED_FROM_REAL
20212022,2021020883,2022-03-05,PHI,CHI,0.489089,0.510911,CHI,1,PHI,0,0,REAL_NHL_API_OR_DERIVED_FROM_REAL
20212022,2021020884,2022-03-05,WSH,SEA,0.456326,0.543674,SEA,1,WSH,0,0,REAL_NHL_API_OR_DERIVED_FROM_REAL
20212022,2021020885,2022-03-05,CBJ,BOS,0.627276,0.372724,CBJ,0,BOS,0,0,REAL_NHL_API_OR_DERIVED_FROM_REAL
20212022,2021020886,2022-03-05,COL,CGY,0.622705,0.377295,COL,0,CGY,0,0,REAL_NHL_API_OR_DERIVED_FROM_REAL
20212022,2021020887,2022-03-05,EDM,MTL,0.566902,0.433098,EDM,0,MTL,0,0,REAL_NHL_API_OR_DERIVED_FROM_REAL
20212022,2021020888,2022-03-05,UTA,OTT,0.611166,0.388834,UTA,1,UTA,1,0,REAL_NHL_API_OR_DERIVED_FROM_REAL
20212022,2021020889,2022-03-05,SJS,NSH,0.647207,0.352793,SJS,0,NSH,0,0,REAL_NHL_API_OR_DERIVED_FROM_REAL
20212022,2021020890,2022-03-06,BUF,LAK,0.562923,0.437077,BUF,0,LAK,0,0,REAL_NHL_API_OR_DERIVED_FROM_REAL
20212022,2021020891,2022-03-06,NJD,STL,0.545076,0.454924,NJD,1,NJD,1,0,REAL_NHL_API_OR_DERIVED_FROM_REAL
20212022,2021020892,2022-03-06,CAR,SEA,0.505147,0.494853,CAR,1,CAR,1,0,REAL_NHL_API_OR_DERIVED_FROM_REAL
20212022,2021020893,2022-03-06,CHI,TBL,0.554071,0.445929,CHI,0,TBL,0,0,REAL_NHL_API_OR_DERIVED_FROM_REAL
20212022,2021020894,2022-03-06,MIN,DAL,0.480472,0.519528,DAL,0,DAL,1,0,REAL_NHL_API_OR_DERIVED_FROM_REAL
20212022,2021020895,2022-03-06,WPG,NYR,0.495747,0.504253,NYR,0,NYR,1,0,REAL_NHL_API_OR_DERIVED_FROM_REAL
20212022,2021020896,2022-03-06,VGK,OTT,0.646435,0.353565,VGK,1,VGK,1,0,REAL_NHL_API_OR_DERIVED_FROM_REAL
20212022,2021020897,2022-03-06,ANA,SJS,0.635237,0.364763,ANA,1,ANA,1,0,REAL_NHL_API_OR_DERIVED_FROM_REAL
20212022,2021020532,2022-03-07,CGY,EDM,0.434017,0.565983,EDM,1,CGY,0,0,REAL_NHL_API_OR_DERIVED_FROM_REAL
20212022,2021020898,2022-03-07,BOS,LAK,0.486701,0.513299,LAK,0,LAK,1,0,REAL_NHL_API_OR_DERIVED_FROM_REAL
20212022,2021020899,2022-03-07,BUF,FLA,0.564097,0.435903,BUF,0,FLA,0,0,REAL_NHL_API_OR_DERIVED_FROM_REAL
20212022,2021020900,2022-03-07,NYI,COL,0.537408,0.462592,NYI,0,COL,0,0,REAL_NHL_API_OR_DERIVED_FROM_REAL
20212022,2021020901,2022-03-07,CBJ,TOR,0.747637,0.252363,CBJ,0,TOR,0,0,REAL_NHL_API_OR_DERIVED_FROM_REAL
20212022,2021020902,2022-03-08,TOR,SEA,0.389247,0.610753,SEA,1,TOR,0,0,REAL_NHL_API_OR_DERIVED_FROM_REAL
20212022,2021020903,2022-03-08,DET,UTA,0.482351,0.517649,UTA,0,UTA,1,0,REAL_NHL_API_OR_DERIVED_FROM_REAL
20212022,2021020904,2022-03-08,NJD,COL,0.554956,0.445044,NJD,1,NJD,1,0,REAL_NHL_API_OR_DERIVED_FROM_REAL
20212022,2021020905,2022-03-08,PHI,VGK,0.618708,0.381292,PHI,1,PHI,1,0,REAL_NHL_API_OR_DERIVED_FROM_REAL
20212022,2021020906,2022-03-08,PIT,FLA,0.676643,0.323357,PIT,0,FLA,0,0,REAL_NHL_API_OR_DERIVED_FROM_REAL
20212022,2021020907,2022-03-08,CHI,ANA,0.663165,0.336835,CHI,1,CHI,1,0,REAL_NHL_API_OR_DERIVED_FROM_REAL
20212022,2021020908,2022-03-08,STL,OTT,0.670773,0.329227,STL,0,OTT,0,0,REAL_NHL_API_OR_DERIVED_FROM_REAL
20212022,2021020909,2022-03-08,NSH,DAL,0.485956,0.514044,DAL,1,NSH,0,0,REAL_NHL_API_OR_DERIVED_FROM_REAL
20212022,2021020910,2022-03-08,MIN,NYR,0.578105,0.421895,MIN,1,MIN,1,0,REAL_NHL_API_OR_DERIVED_FROM_REAL
20212022,2021020911,2022-03-08,WPG,TBL,0.470762,0.529238,TBL,1,WPG,0,0,REAL_NHL_API_OR_DERIVED_FROM_REAL
20212022,2021020912,2022-03-08,CGY,WSH,0.530306,0.469694,CGY,0,WSH,0,0,REAL_NHL_API_OR_DERIVED_FROM_REAL
20212022,2021020913,2022-03-09,EDM,WSH,0.673912,0.326088,EDM,1,EDM,1,0,REAL_NHL_API_OR_DERIVED_FROM_REAL
20212022,2021020914,2022-03-09,VAN,MTL,0.625842,0.374158,VAN,1,VAN,1,0,REAL_NHL_API_OR_DERIVED_FROM_REAL
20212022,2021020693,2022-03-10,NYI,CBJ,0.584047,0.415953,NYI,1,NYI,1,0,REAL_NHL_API_OR_DERIVED_FROM_REAL
20212022,2021020915,2022-03-10,BOS,CHI,0.469644,0.530356,CHI,1,BOS,0,0,REAL_NHL_API_OR_DERIVED_FROM_REAL
20212022,2021020916,2022-03-10,BUF,VGK,0.458823,0.541177,VGK,1,BUF,0,0,REAL_NHL_API_OR_DERIVED_FROM_REAL
20212022,2021020917,2022-03-10,TOR,UTA,0.547495,0.452505,TOR,0,UTA,0,0,REAL_NHL_API_OR_DERIVED_FROM_REAL
20212022,2021020918,2022-03-10,OTT,SEA,0.50445,0.49555,OTT,1,OTT,1,0,REAL_NHL_API_OR_DERIVED_FROM_REAL
20212022,2021020919,2022-03-10,DET,MIN,0.437824,0.562176,MIN,0,MIN,1,0,REAL_NHL_API_OR_DERIVED_FROM_REAL
20212022,2021020920,2022-03-10,FLA,PHI,0.414824,0.585176,PHI,1,FLA,0,0,REAL_NHL_API_OR_DERIVED_FROM_REAL
20212022,2021020921,2022-03-10,NJD,WPG,0.588317,0.411683,NJD,0,WPG,0,0,REAL_NHL_API_OR_DERIVED_FROM_REAL
20212022,2021020923,2022-03-10,CAR,COL,0.541613,0.458387,CAR,1,CAR,1,0,REAL_NHL_API_OR_DERIVED_FROM_REAL
20212022,2021020924,2022-03-10,STL,NYR,0.638501,0.361499,STL,1,STL,1,0,REAL_NHL_API_OR_DERIVED_FROM_REAL
20212022,2021020925,2022-03-10,NSH,ANA,0.610799,0.389201,NSH,1,NSH,1,0,REAL_NHL_API_OR_DERIVED_FROM_REAL
20212022,2021020926,2022-03-10,CGY,TBL,0.512661,0.487339,CGY,1,CGY,1,0,REAL_NHL_API_OR_DERIVED_FROM_REAL
20212022,2021020927,2022-03-10,LAK,SJS,0.551815,0.448185,LAK,0,SJS,0,0,REAL_NHL_API_OR_DERIVED_FROM_REAL
20212022,2021020928,2022-03-11,NYI,WPG,0.65229,0.34771,NYI,1,NYI,1,0,REAL_NHL_API_OR_DERIVED_FROM_REAL
20212022,2021020929,2022-03-11,PIT,VGK,0.638735,0.361265,PIT,1,PIT,1,0,REAL_NHL_API_OR_DERIVED_FROM_REAL
20212022,2021020930,2022-03-11,CBJ,MIN,0.564357,0.435643,CBJ,1,CBJ,1,0,REAL_NHL_API_OR_DERIVED_FROM_REAL
20212022,2021020931,2022-03-11,VAN,WSH,0.540629,0.459371,VAN,0,WSH,0,0,REAL_NHL_API_OR_DERIVED_FROM_REAL
20212022,2021020932,2022-03-12,BOS,UTA,0.586925,0.413075,BOS,1,BOS,1,0,REAL_NHL_API_OR_DERIVED_FROM_REAL
20212022,2021020933,2022-03-12,MTL,SEA,0.491669,0.508331,SEA,0,SEA,1,0,REAL_NHL_API_OR_DERIVED_FROM_REAL
20212022,2021020934,2022-03-12,OTT,CHI,0.505979,0.494021,OTT,0,CHI,0,0,REAL_NHL_API_OR_DERIVED_FROM_REAL
20212022,2021020935,2022-03-12,NJD,ANA,0.641709,0.358291,NJD,1,NJD,1,0,REAL_NHL_API_OR_DERIVED_FROM_REAL
20212022,2021020936,2022-03-12,CAR,PHI,0.630668,0.369332,CAR,1,CAR,1,0,REAL_NHL_API_OR_DERIVED_FROM_REAL
20212022,2021020937,2022-03-12,NSH,STL,0.503652,0.496348,NSH,0,STL,0,0,REAL_NHL_API_OR_DERIVED_FROM_REAL
20212022,2021020938,2022-03-12,DAL,NYR,0.574128,0.425872,DAL,0,NYR,0,0,REAL_NHL_API_OR_DERIVED_FROM_REAL
20212022,2021020939,2022-03-12,CGY,DET,0.568825,0.431175,CGY,1,CGY,1,0,REAL_NHL_API_OR_DERIVED_FROM_REAL
20212022,2021020940,2022-03-12,EDM,TBL,0.558627,0.441373,EDM,1,EDM,1,0,REAL_NHL_API_OR_DERIVED_FROM_REAL
20212022,2021020941,2022-03-12,SJS,LAK,0.422622,0.577378,LAK,1,SJS,0,0,REAL_NHL_API_OR_DERIVED_FROM_REAL
20212022,2021020942,2022-03-13,BUF,TOR,0.573096,0.426904,BUF,1,BUF,1,0,REAL_NHL_API_OR_DERIVED_FROM_REAL
20212022,2021020943,2022-03-13,NYI,ANA,0.593342,0.406658,NYI,1,NYI,1,0,REAL_NHL_API_OR_DERIVED_FROM_REAL
20212022,2021020944,2022-03-13,PHI,MTL,0.668206,0.331794,PHI,0,MTL,0,0,REAL_NHL_API_OR_DERIVED_FROM_REAL
20212022,2021020945,2022-03-13,PIT,CAR,0.49999,0.50001,CAR,1,PIT,0,0,REAL_NHL_API_OR_DERIVED_FROM_REAL
20212022,2021020946,2022-03-13,CBJ,VGK,0.492854,0.507146,VGK,1,CBJ,0,0,REAL_NHL_API_OR_DERIVED_FROM_REAL
20212022,2021020947,2022-03-13,STL,WPG,0.655734,0.344266,STL,0,WPG,0,0,REAL_NHL_API_OR_DERIVED_FROM_REAL
20212022,2021020948,2022-03-13,MIN,NSH,0.631982,0.368018,MIN,0,NSH,0,0,REAL_NHL_API_OR_DERIVED_FROM_REAL
20212022,2021020949,2022-03-13,COL,CGY,0.732178,0.267822,COL,1,COL,1,0,REAL_NHL_API_OR_DERIVED_FROM_REAL
20212022,2021020950,2022-03-13,VAN,TBL,0.564327,0.435673,VAN,0,TBL,0,0,REAL_NHL_API_OR_DERIVED_FROM_REAL
20212022,2021020951,2022-03-13,LAK,FLA,0.53208,0.46792,LAK,1,LAK,1,0,REAL_NHL_API_OR_DERIVED_FROM_REAL
20212022,2021020952,2022-03-14,OTT,UTA,0.488257,0.511743,UTA,0,UTA,1,0,REAL_NHL_API_OR_DERIVED_FROM_REAL
20212022,2021020953,2022-03-15,TOR,DAL,0.559927,0.440073,TOR,1,TOR,1,0,REAL_NHL_API_OR_DERIVED_FROM_REAL
20212022,2021020954,2022-03-15,MTL,UTA,0.50589,0.49411,MTL,0,UTA,0,0,REAL_NHL_API_OR_DERIVED_FROM_REAL
20212022,2021020955,2022-03-15,NYR,ANA,0.505471,0.494529,NYR,1,NYR,1,0,REAL_NHL_API_OR_DERIVED_FROM_REAL
20212022,2021020956,2022-03-15,WSH,NYI,0.565149,0.434851,WSH,1,WSH,1,0,REAL_NHL_API_OR_DERIVED_FROM_REAL
20212022,2021020957,2022-03-15,CHI,BOS,0.532368,0.467632,CHI,0,BOS,0,0,REAL_NHL_API_OR_DERIVED_FROM_REAL
20212022,2021020958,2022-03-15,NSH,PIT,0.469284,0.530716,PIT,1,NSH,0,0,REAL_NHL_API_OR_DERIVED_FROM_REAL
20212022,2021020959,2022-03-15,WPG,VGK,0.380165,0.619835,VGK,1,WPG,0,0,REAL_NHL_API_OR_DERIVED_FROM_REAL
20212022,2021020960,2022-03-15,EDM,DET,0.673639,0.326361,EDM,1,EDM,1,0,REAL_NHL_API_OR_DERIVED_FROM_REAL
20212022,2021020961,2022-03-15,VAN,NJD,0.596147,0.403853,VAN,1,VAN,1,0,REAL_NHL_API_OR_DERIVED_FROM_REAL
20212022,2021020962,2022-03-15,LAK,COL,0.450847,0.549153,COL,0,COL,1,0,REAL_NHL_API_OR_DERIVED_FROM_REAL
20212022,2021020963,2022-03-15,SJS,FLA,0.514553,0.485447,SJS,0,FLA,0,0,REAL_NHL_API_OR_DERIVED_FROM_REAL
20212022,2021020964,2022-03-16,OTT,CBJ,0.483566,0.516434,CBJ,0,CBJ,1,0,REAL_NHL_API_OR_DERIVED_FROM_REAL
20212022,2021020965,2022-03-16,MIN,BOS,0.459036,0.540964,BOS,1,MIN,0,0,REAL_NHL_API_OR_DERIVED_FROM_REAL
20212022,2021020966,2022-03-16,CGY,NJD,0.668344,0.331656,CGY,1,CGY,1,0,REAL_NHL_API_OR_DERIVED_FROM_REAL
20212022,2021020967,2022-03-16,SEA,TBL,0.563841,0.436159,SEA,0,TBL,0,0,REAL_NHL_API_OR_DERIVED_FROM_REAL
20212022,2021020328,2022-03-17,NYR,NYI,0.503348,0.496652,NYR,0,NYI,0,0,REAL_NHL_API_OR_DERIVED_FROM_REAL
20212022,2021020968,2022-03-17,TOR,CAR,0.401817,0.598183,CAR,1,TOR,0,0,REAL_NHL_API_OR_DERIVED_FROM_REAL
20212022,2021020969,2022-03-17,MTL,DAL,0.425612,0.574388,DAL,0,DAL,1,0,REAL_NHL_API_OR_DERIVED_FROM_REAL
20212022,2021020970,2022-03-17,PHI,NSH,0.541498,0.458502,PHI,1,PHI,1,0,REAL_NHL_API_OR_DERIVED_FROM_REAL
20212022,2021020971,2022-03-17,CBJ,WSH,0.431007,0.568993,WSH,0,WSH,1,0,REAL_NHL_API_OR_DERIVED_FROM_REAL
20212022,2021020972,2022-03-17,STL,PIT,0.486991,0.513009,PIT,0,PIT,1,0,REAL_NHL_API_OR_DERIVED_FROM_REAL
20212022,2021020973,2022-03-17,EDM,BUF,0.507098,0.492902,EDM,1,EDM,1,0,REAL_NHL_API_OR_DERIVED_FROM_REAL
20212022,2021020974,2022-03-17,VAN,DET,0.530703,0.469297,VAN,0,DET,0,0,REAL_NHL_API_OR_DERIVED_FROM_REAL
20212022,2021020975,2022-03-17,VGK,FLA,0.553735,0.446265,VGK,1,VGK,1,0,REAL_NHL_API_OR_DERIVED_FROM_REAL
20212022,2021020976,2022-03-17,LAK,SJS,0.668189,0.331811,LAK,1,LAK,1,0,REAL_NHL_API_OR_DERIVED_FROM_REAL
20212022,2021020977,2022-03-18,OTT,PHI,0.492053,0.507947,PHI,1,OTT,0,0,REAL_NHL_API_OR_DERIVED_FROM_REAL
20212022,2021020978,2022-03-18,CAR,WSH,0.506098,0.493902,CAR,0,WSH,0,0,REAL_NHL_API_OR_DERIVED_FROM_REAL
20212022,2021020979,2022-03-18,WPG,BOS,0.447501,0.552499,BOS,0,BOS,1,0,REAL_NHL_API_OR_DERIVED_FROM_REAL
20212022,2021020980,2022-03-18,CGY,BUF,0.574118,0.425882,CGY,0,BUF,0,0,REAL_NHL_API_OR_DERIVED_FROM_REAL
20212022,2021020981,2022-03-18,ANA,FLA,0.490045,0.509955,FLA,0,FLA,1,0,REAL_NHL_API_OR_DERIVED_FROM_REAL
20212022,2021020982,2022-03-18,SJS,COL,0.551155,0.448845,SJS,0,COL,0,0,REAL_NHL_API_OR_DERIVED_FROM_REAL
20212022,2021020983,2022-03-19,MTL,OTT,0.559155,0.440845,MTL,1,MTL,1,0,REAL_NHL_API_OR_DERIVED_FROM_REAL
20212022,2021020984,2022-03-19,TBL,NYR,0.506734,0.493266,TBL,0,NYR,0,0,REAL_NHL_API_OR_DERIVED_FROM_REAL
20212022,2021020985,2022-03-19,NYI,DAL,0.578894,0.421106,NYI,1,NYI,1,0,REAL_NHL_API_OR_DERIVED_FROM_REAL
20212022,2021020986,2022-03-19,CBJ,STL,0.493587,0.506413,STL,1,CBJ,0,0,REAL_NHL_API_OR_DERIVED_FROM_REAL
20212022,2021020987,2022-03-19,NSH,TOR,0.557272,0.442728,NSH,1,NSH,1,0,REAL_NHL_API_OR_DERIVED_FROM_REAL
20212022,2021020988,2022-03-19,MIN,CHI,0.536568,0.463432,MIN,1,MIN,1,0,REAL_NHL_API_OR_DERIVED_FROM_REAL
20212022,2021020989,2022-03-19,EDM,NJD,0.558023,0.441977,EDM,1,EDM,1,0,REAL_NHL_API_OR_DERIVED_FROM_REAL
20212022,2021020990,2022-03-19,VAN,CGY,0.52696,0.47304,VAN,0,CGY,0,0,REAL_NHL_API_OR_DERIVED_FROM_REAL
20212022,2021020991,2022-03-19,UTA,PIT,0.506802,0.493198,UTA,0,PIT,0,0,REAL_NHL_API_OR_DERIVED_FROM_REAL
20212022,2021020992,2022-03-19,VGK,LAK,0.38778,0.61222,LAK,1,VGK,0,0,REAL_NHL_API_OR_DERIVED_FROM_REAL
20212022,2021020993,2022-03-19,SEA,DET,0.614324,0.385676,SEA,1,SEA,1,0,REAL_NHL_API_OR_DERIVED_FROM_REAL
20212022,2021020994,2022-03-20,PHI,NYI,0.525302,0.474698,PHI,1,PHI,1,0,REAL_NHL_API_OR_DERIVED_FROM_REAL
20212022,2021020995,2022-03-20,WSH,DAL,0.606784,0.393216,WSH,0,DAL,0,0,REAL_NHL_API_OR_DERIVED_FROM_REAL
20212022,2021020996,2022-03-20,CAR,NYR,0.579554,0.420446,CAR,0,NYR,0,0,REAL_NHL_API_OR_DERIVED_FROM_REAL
20212022,2021020997,2022-03-20,CHI,WPG,0.462038,0.537962,WPG,0,WPG,1,0,REAL_NHL_API_OR_DERIVED_FROM_REAL
20212022,2021020998,2022-03-20,VAN,BUF,0.616494,0.383506,VAN,0,BUF,0,0,REAL_NHL_API_OR_DERIVED_FROM_REAL
20212022,2021020999,2022-03-20,SJS,UTA,0.496022,0.503978,UTA,1,SJS,0,0,REAL_NHL_API_OR_DERIVED_FROM_REAL
20212022,2021020646,2022-03-21,MTL,BOS,0.443984,0.556016,BOS,0,BOS,1,0,REAL_NHL_API_OR_DERIVED_FROM_REAL
20212022,2021021001,2022-03-21,MIN,VGK,0.536455,0.463545,MIN,1,MIN,1,0,REAL_NHL_API_OR_DERIVED_FROM_REAL
20212022,2021021002,2022-03-21,COL,EDM,0.687854,0.312146,COL,1,COL,1,0,REAL_NHL_API_OR_DERIVED_FROM_REAL
20212022,2021021003,2022-03-21,ANA,NSH,0.595439,0.404561,ANA,0,NSH,0,0,REAL_NHL_API_OR_DERIVED_FROM_REAL
20212022,2021021004,2022-03-22,DET,PHI,0.453144,0.546856,PHI,1,DET,0,0,REAL_NHL_API_OR_DERIVED_FROM_REAL
20212022,2021021005,2022-03-22,NJD,NYR,0.629439,0.370561,NJD,1,NJD,1,0,REAL_NHL_API_OR_DERIVED_FROM_REAL
20212022,2021021007,2022-03-22,PIT,CBJ,0.660787,0.339213,PIT,1,PIT,1,0,REAL_NHL_API_OR_DERIVED_FROM_REAL
20212022,2021021008,2022-03-22,WSH,STL,0.570289,0.429711,WSH,0,STL,0,0,REAL_NHL_API_OR_DERIVED_FROM_REAL
20212022,2021021009,2022-03-22,CAR,TBL,0.527032,0.472968,CAR,1,CAR,1,0,REAL_NHL_API_OR_DERIVED_FROM_REAL
20212022,2021021010,2022-03-22,DAL,EDM,0.532831,0.467169,DAL,1,DAL,1,0,REAL_NHL_API_OR_DERIVED_FROM_REAL
20212022,2021021011,2022-03-22,WPG,VGK,0.545785,0.454215,WPG,1,WPG,1,0,REAL_NHL_API_OR_DERIVED_FROM_REAL
20212022,2021021012,2022-03-22,CGY,SJS,0.546363,0.453637,CGY,0,SJS,0,0,REAL_NHL_API_OR_DERIVED_FROM_REAL
20212022,2021021013,2022-03-22,LAK,NSH,0.544424,0.455576,LAK,1,LAK,1,0,REAL_NHL_API_OR_DERIVED_FROM_REAL
20212022,2021021017,2022-03-22,UTA,SEA,0.589676,0.410324,UTA,0,SEA,0,0,REAL_NHL_API_OR_DERIVED_FROM_REAL
20212022,2021021021,2022-03-22,NYI,OTT,0.620944,0.379056,NYI,1,NYI,1,0,REAL_NHL_API_OR_DERIVED_FROM_REAL
20212022,2021021014,2022-03-23,BUF,PIT,0.502096,0.497904,BUF,1,BUF,1,0,REAL_NHL_API_OR_DERIVED_FROM_REAL
20212022,2021021015,2022-03-23,TOR,NJD,0.38865,0.61135,NJD,1,TOR,0,0,REAL_NHL_API_OR_DERIVED_FROM_REAL
20212022,2021021016,2022-03-23,COL,VAN,0.612569,0.387431,COL,0,VAN,0,0,REAL_NHL_API_OR_DERIVED_FROM_REAL
20212022,2021021018,2022-03-23,ANA,CHI,0.541538,0.458462,ANA,0,CHI,0,0,REAL_NHL_API_OR_DERIVED_FROM_REAL
20212022,2021020545,2022-03-24,NYI,DET,0.57548,0.42452,NYI,1,NYI,1,0,REAL_NHL_API_OR_DERIVED_FROM_REAL
20212022,2021020675,2022-03-24,WPG,OTT,0.539934,0.460066,WPG,0,OTT,0,0,REAL_NHL_API_OR_DERIVED_FROM_REAL
20212022,2021021019,2022-03-24,BOS,TBL,0.502168,0.497832,BOS,1,BOS,1,0,REAL_NHL_API_OR_DERIVED_FROM_REAL
20212022,2021021020,2022-03-24,MTL,FLA,0.481054,0.518946,FLA,0,FLA,1,0,REAL_NHL_API_OR_DERIVED_FROM_REAL
20212022,2021021022,2022-03-24,CAR,DAL,0.600276,0.399724,CAR,0,DAL,0,0,REAL_NHL_API_OR_DERIVED_FROM_REAL
20212022,2021021023,2022-03-24,STL,PHI,0.403539,0.596461,PHI,0,PHI,1,0,REAL_NHL_API_OR_DERIVED_FROM_REAL
20212022,2021021024,2022-03-24,MIN,VAN,0.496708,0.503292,VAN,1,MIN,0,0,REAL_NHL_API_OR_DERIVED_FROM_REAL
20212022,2021021025,2022-03-24,EDM,SJS,0.476387,0.523613,SJS,1,EDM,0,0,REAL_NHL_API_OR_DERIVED_FROM_REAL
20212022,2021021026,2022-03-24,VGK,NSH,0.550005,0.449995,VGK,1,VGK,1,0,REAL_NHL_API_OR_DERIVED_FROM_REAL
20212022,2021021027,2022-03-24,LAK,CHI,0.606124,0.393876,LAK,0,CHI,0,0,REAL_NHL_API_OR_DERIVED_FROM_REAL
20212022,2021021028,2022-03-25,BUF,WSH,0.552556,0.447444,BUF,0,WSH,0,0,REAL_NHL_API_OR_DERIVED_FROM_REAL
20212022,2021021029,2022-03-25,NYR,PIT,0.437562,0.562438,PIT,1,NYR,0,0,REAL_NHL_API_OR_DERIVED_FROM_REAL
20212022,2021021030,2022-03-25,WPG,CBJ,0.590233,0.409767,WPG,1,WPG,1,0,REAL_NHL_API_OR_DERIVED_FROM_REAL
20212022,2021021031,2022-03-25,COL,PHI,0.534794,0.465206,COL,1,COL,1,0,REAL_NHL_API_OR_DERIVED_FROM_REAL
20212022,2021021032,2022-03-25,CGY,UTA,0.589236,0.410764,CGY,1,CGY,1,0,REAL_NHL_API_OR_DERIVED_FROM_REAL
20212022,2021021034,2022-03-26,BOS,NYI,0.526727,0.473273,BOS,1,BOS,1,0,REAL_NHL_API_OR_DERIVED_FROM_REAL
20212022,2021021035,2022-03-26,MTL,TOR,0.500714,0.499286,MTL,1,MTL,1,0,REAL_NHL_API_OR_DERIVED_FROM_REAL
20212022,2021021036,2022-03-26,OTT,FLA,0.533317,0.466683,OTT,0,FLA,0,0,REAL_NHL_API_OR_DERIVED_FROM_REAL
20212022,2021021037,2022-03-26,DET,TBL,0.454444,0.545556,TBL,0,TBL,1,0,REAL_NHL_API_OR_DERIVED_FROM_REAL
20212022,2021021038,2022-03-26,WSH,NJD,0.596058,0.403942,WSH,1,WSH,1,0,REAL_NHL_API_OR_DERIVED_FROM_REAL
20212022,2021021039,2022-03-26,STL,CAR,0.492085,0.507915,CAR,0,CAR,1,0,REAL_NHL_API_OR_DERIVED_FROM_REAL
20212022,2021021040,2022-03-26,DAL,VAN,0.427088,0.572912,VAN,0,VAN,1,0,REAL_NHL_API_OR_DERIVED_FROM_REAL
20212022,2021021041,2022-03-26,MIN,CBJ,0.568921,0.431079,MIN,1,MIN,1,0,REAL_NHL_API_OR_DERIVED_FROM_REAL
20212022,2021021042,2022-03-26,CGY,EDM,0.683615,0.316385,CGY,1,CGY,1,0,REAL_NHL_API_OR_DERIVED_FROM_REAL
20212022,2021021043,2022-03-26,VGK,CHI,0.576927,0.423073,VGK,1,VGK,1,0,REAL_NHL_API_OR_DERIVED_FROM_REAL
20212022,2021021044,2022-03-26,LAK,SEA,0.494324,0.505676,SEA,1,LAK,0,0,REAL_NHL_API_OR_DERIVED_FROM_REAL
20212022,2021021045,2022-03-26,SJS,ANA,0.557152,0.442848,SJS,1,SJS,1,0,REAL_NHL_API_OR_DERIVED_FROM_REAL
20212022,2021021046,2022-03-27,TOR,FLA,0.467433,0.532567,FLA,1,TOR,0,0,REAL_NHL_API_OR_DERIVED_FROM_REAL
20212022,2021021047,2022-03-27,NJD,MTL,0.649377,0.350623,NJD,1,NJD,1,0,REAL_NHL_API_OR_DERIVED_FROM_REAL
20212022,2021021048,2022-03-27,NYI,TBL,0.414493,0.585507,TBL,0,TBL,1,0,REAL_NHL_API_OR_DERIVED_FROM_REAL
20212022,2021021049,2022-03-27,NYR,BUF,0.406584,0.593416,BUF,1,NYR,0,0,REAL_NHL_API_OR_DERIVED_FROM_REAL
20212022,2021021050,2022-03-27,PIT,DET,0.698246,0.301754,PIT,1,PIT,1,0,REAL_NHL_API_OR_DERIVED_FROM_REAL
20212022,2021021051,2022-03-27,NSH,PHI,0.480895,0.519105,PHI,1,NSH,0,0,REAL_NHL_API_OR_DERIVED_FROM_REAL
20212022,2021021052,2022-03-27,MIN,COL,0.54021,0.45979,MIN,1,MIN,1,0,REAL_NHL_API_OR_DERIVED_FROM_REAL
20212022,2021021053,2022-03-27,WPG,UTA,0.479959,0.520041,UTA,1,WPG,0,0,REAL_NHL_API_OR_DERIVED_FROM_REAL
20212022,2021021054,2022-03-28,WSH,CAR,0.610548,0.389452,WSH,0,CAR,0,0,REAL_NHL_API_OR_DERIVED_FROM_REAL
20212022,2021021055,2022-03-28,CHI,BUF,0.507991,0.492009,CHI,0,BUF,0,0,REAL_NHL_API_OR_DERIVED_FROM_REAL
20212022,2021021056,2022-03-28,STL,VAN,0.537116,0.462884,STL,1,STL,1,0,REAL_NHL_API_OR_DERIVED_FROM_REAL
20212022,2021021057,2022-03-28,EDM,UTA,0.295876,0.704124,UTA,1,EDM,0,0,REAL_NHL_API_OR_DERIVED_FROM_REAL
20212022,2021021058,2022-03-28,LAK,SEA,0.495812,0.504188,SEA,0,SEA,1,0,REAL_NHL_API_OR_DERIVED_FROM_REAL
20212022,2021021059,2022-03-29,BOS,TOR,0.64505,0.35495,BOS,0,TOR,0,0,REAL_NHL_API_OR_DERIVED_FROM_REAL
20212022,2021021060,2022-03-29,TBL,CAR,0.714473,0.285527,TBL,1,TBL,1,0,REAL_NHL_API_OR_DERIVED_FROM_REAL
20212022,2021021061,2022-03-29,FLA,MTL,0.433545,0.566455,MTL,1,FLA,0,0,REAL_NHL_API_OR_DERIVED_FROM_REAL
20212022,2021021062,2022-03-29,PIT,NYR,0.598914,0.401086,PIT,0,NYR,0,0,REAL_NHL_API_OR_DERIVED_FROM_REAL
20212022,2021021063,2022-03-29,CBJ,NYI,0.527812,0.472188,CBJ,0,NYI,0,0,REAL_NHL_API_OR_DERIVED_FROM_REAL
20212022,2021021064,2022-03-29,NSH,OTT,0.470626,0.529374,OTT,1,NSH,0,0,REAL_NHL_API_OR_DERIVED_FROM_REAL
20212022,2021021065,2022-03-29,MIN,PHI,0.531081,0.468919,MIN,1,MIN,1,0,REAL_NHL_API_OR_DERIVED_FROM_REAL
20212022,2021021066,2022-03-29,CGY,COL,0.425992,0.574008,COL,0,COL,1,0,REAL_NHL_API_OR_DERIVED_FROM_REAL
20212022,2021021067,2022-03-29,ANA,DAL,0.524609,0.475391,ANA,0,DAL,0,0,REAL_NHL_API_OR_DERIVED_FROM_REAL
20212022,2021021068,2022-03-30,BUF,WPG,0.442276,0.557724,WPG,0,WPG,1,0,REAL_NHL_API_OR_DERIVED_FROM_REAL
20212022,2021021069,2022-03-30,DET,NYR,0.607844,0.392156,DET,0,NYR,0,0,REAL_NHL_API_OR_DERIVED_FROM_REAL
20212022,2021021070,2022-03-30,EDM,LAK,0.313682,0.686318,LAK,1,EDM,0,0,REAL_NHL_API_OR_DERIVED_FROM_REAL
20212022,2021021071,2022-03-30,VAN,STL,0.712639,0.287361,VAN,0,STL,0,0,REAL_NHL_API_OR_DERIVED_FROM_REAL
20212022,2021021072,2022-03-30,UTA,SJS,0.579841,0.420159,UTA,1,UTA,1,0,REAL_NHL_API_OR_DERIVED_FROM_REAL
20212022,2021021073,2022-03-30,SEA,VGK,0.549531,0.450469,SEA,0,VGK,0,0,REAL_NHL_API_OR_DERIVED_FROM_REAL
20212022,2021021074,2022-03-31,BOS,NJD,0.680793,0.319207,BOS,1,BOS,1,0,REAL_NHL_API_OR_DERIVED_FROM_REAL
20212022,2021021075,2022-03-31,TOR,WPG,0.512506,0.487494,TOR,1,TOR,1,0,REAL_NHL_API_OR_DERIVED_FROM_REAL
20212022,2021021076,2022-03-31,FLA,CHI,0.557685,0.442315,FLA,1,FLA,1,0,REAL_NHL_API_OR_DERIVED_FROM_REAL
20212022,2021021077,2022-03-31,NYI,CBJ,0.540918,0.459082,NYI,1,NYI,1,0,REAL_NHL_API_OR_DERIVED_FROM_REAL
20212022,2021021078,2022-03-31,CAR,MTL,0.397307,0.602693,MTL,1,CAR,0,0,REAL_NHL_API_OR_DERIVED_FROM_REAL
20212022,2021021079,2022-03-31,MIN,PIT,0.624632,0.375368,MIN,0,PIT,0,0,REAL_NHL_API_OR_DERIVED_FROM_REAL
20212022,2021021080,2022-03-31,COL,SJS,0.634575,0.365425,COL,1,COL,1,0,REAL_NHL_API_OR_DERIVED_FROM_REAL
20212022,2021021081,2022-03-31,CGY,LAK,0.575237,0.424763,CGY,0,LAK,0,0,REAL_NHL_API_OR_DERIVED_FROM_REAL
20212022,2021021082,2022-03-31,ANA,DAL,0.52235,0.47765,ANA,0,DAL,0,0,REAL_NHL_API_OR_DERIVED_FROM_REAL
20212022,2021021083,2022-04-01,BUF,NSH,0.530174,0.469826,BUF,1,BUF,1,0,REAL_NHL_API_OR_DERIVED_FROM_REAL
20212022,2021021084,2022-04-01,DET,OTT,0.350094,0.649906,OTT,0,OTT,1,0,REAL_NHL_API_OR_DERIVED_FROM_REAL
20212022,2021021085,2022-04-01,TBL,CHI,0.624317,0.375683,TBL,1,TBL,1,0,REAL_NHL_API_OR_DERIVED_FROM_REAL
20212022,2021021086,2022-04-01,NYR,NYI,0.462491,0.537509,NYI,0,NYI,1,0,REAL_NHL_API_OR_DERIVED_FROM_REAL
20212022,2021021087,2022-04-01,EDM,STL,0.441028,0.558972,STL,1,EDM,0,0,REAL_NHL_API_OR_DERIVED_FROM_REAL
20212022,2021021088,2022-04-01,UTA,ANA,0.498669,0.501331,ANA,0,ANA,1,0,REAL_NHL_API_OR_DERIVED_FROM_REAL
20212022,2021021089,2022-04-01,SEA,VGK,0.576921,0.423079,SEA,0,VGK,0,0,REAL_NHL_API_OR_DERIVED_FROM_REAL
20212022,2021021090,2022-04-02,BOS,CBJ,0.447871,0.552129,CBJ,1,BOS,0,0,REAL_NHL_API_OR_DERIVED_FROM_REAL
20212022,2021021091,2022-04-02,TBL,MTL,0.400113,0.599887,MTL,0,MTL,1,0,REAL_NHL_API_OR_DERIVED_FROM_REAL
20212022,2021021092,2022-04-02,NJD,FLA,0.637962,0.362038,NJD,0,FLA,0,0,REAL_NHL_API_OR_DERIVED_FROM_REAL
20212022,2021021093,2022-04-02,PHI,TOR,0.661717,0.338283,PHI,0,TOR,0,0,REAL_NHL_API_OR_DERIVED_FROM_REAL
20212022,2021021094,2022-04-02,CAR,MIN,0.390271,0.609729,MIN,0,MIN,1,0,REAL_NHL_API_OR_DERIVED_FROM_REAL
20212022,2021021096,2022-04-02,WPG,LAK,0.510393,0.489607,WPG,0,LAK,0,0,REAL_NHL_API_OR_DERIVED_FROM_REAL
20212022,2021021097,2022-04-02,COL,PIT,0.625082,0.374918,COL,1,COL,1,0,REAL_NHL_API_OR_DERIVED_FROM_REAL
20212022,2021021098,2022-04-02,CGY,STL,0.614391,0.385609,CGY,0,STL,0,0,REAL_NHL_API_OR_DERIVED_FROM_REAL
20212022,2021021099,2022-04-02,SJS,DAL,0.398963,0.601037,DAL,0,DAL,1,0,REAL_NHL_API_OR_DERIVED_FROM_REAL
20212022,2021021100,2022-04-03,BUF,FLA,0.512883,0.487117,BUF,0,FLA,0,0,REAL_NHL_API_OR_DERIVED_FROM_REAL
20212022,2021021101,2022-04-03,OTT,DET,0.644759,0.355241,OTT,1,OTT,1,0,REAL_NHL_API_OR_DERIVED_FROM_REAL
20212022,2021021102,2022-04-03,NJD,NYI,0.480431,0.519569,NYI,0,NYI,1,0,REAL_NHL_API_OR_DERIVED_FROM_REAL
20212022,2021021103,2022-04-03,NYR,PHI,0.451084,0.548916,PHI,0,PHI,1,0,REAL_NHL_API_OR_DERIVED_FROM_REAL
20212022,2021021104,2022-04-03,WSH,MIN,0.452183,0.547817,MIN,0,MIN,1,0,REAL_NHL_API_OR_DERIVED_FROM_REAL
20212022,2021021105,2022-04-03,CHI,UTA,0.586603,0.413397,CHI,0,UTA,0,0,REAL_NHL_API_OR_DERIVED_FROM_REAL
20212022,2021021106,2022-04-03,VAN,VGK,0.605276,0.394724,VAN,0,VGK,0,0,REAL_NHL_API_OR_DERIVED_FROM_REAL
20212022,2021021107,2022-04-03,ANA,EDM,0.724767,0.275233,ANA,0,EDM,0,0,REAL_NHL_API_OR_DERIVED_FROM_REAL
20212022,2021021108,2022-04-03,SEA,DAL,0.476638,0.523362,DAL,1,SEA,0,0,REAL_NHL_API_OR_DERIVED_FROM_REAL
20212022,2021021109,2022-04-04,TBL,TOR,0.661919,0.338081,TBL,0,TOR,0,0,REAL_NHL_API_OR_DERIVED_FROM_REAL
20212022,2021021110,2022-04-04,CBJ,BOS,0.634066,0.365934,CBJ,0,BOS,0,0,REAL_NHL_API_OR_DERIVED_FROM_REAL
20212022,2021021111,2022-04-04,STL,UTA,0.514484,0.485516,STL,1,STL,1,0,REAL_NHL_API_OR_DERIVED_FROM_REAL
20212022,2021021112,2022-04-04,LAK,CGY,0.619397,0.380603,LAK,0,CGY,0,0,REAL_NHL_API_OR_DERIVED_FROM_REAL
20212022,2021021113,2022-04-05,BUF,CAR,0.558562,0.441438,BUF,1,BUF,1,0,REAL_NHL_API_OR_DERIVED_FROM_REAL
20212022,2021021114,2022-04-05,MTL,OTT,0.586714,0.413286,MTL,0,OTT,0,0,REAL_NHL_API_OR_DERIVED_FROM_REAL
20212022,2021021115,2022-04-05,DET,BOS,0.530419,0.469581,DET,1,DET,1,0,REAL_NHL_API_OR_DERIVED_FROM_REAL
20212022,2021021116,2022-04-05,FLA,TOR,0.527331,0.472669,FLA,1,FLA,1,0,REAL_NHL_API_OR_DERIVED_FROM_REAL
20212022,2021021117,2022-04-05,NJD,NYR,0.646947,0.353053,NJD,0,NYR,0,0,REAL_NHL_API_OR_DERIVED_FROM_REAL
20212022,2021021118,2022-04-05,PHI,CBJ,0.460544,0.539456,CBJ,0,CBJ,1,0,REAL_NHL_API_OR_DERIVED_FROM_REAL
20212022,2021021119,2022-04-05,PIT,COL,0.504264,0.495736,PIT,0,COL,0,0,REAL_NHL_API_OR_DERIVED_FROM_REAL
20212022,2021021120,2022-04-05,NSH,MIN,0.476284,0.523716,MIN,1,NSH,0,0,REAL_NHL_API_OR_DERIVED_FROM_REAL
20212022,2021021121,2022-04-05,DAL,NYI,0.576063,0.423937,DAL,1,DAL,1,0,REAL_NHL_API_OR_DERIVED_FROM_REAL
20212022,2021021122,2022-04-05,SJS,EDM,0.691012,0.308988,SJS,0,EDM,0,0,REAL_NHL_API_OR_DERIVED_FROM_REAL
20212022,2021021123,2022-04-06,WSH,TBL,0.451057,0.548943,TBL,1,WSH,0,0,REAL_NHL_API_OR_DERIVED_FROM_REAL
20212022,2021021124,2022-04-06,STL,SEA,0.475959,0.524041,SEA,1,STL,0,0,REAL_NHL_API_OR_DERIVED_FROM_REAL
20212022,2021021125,2022-04-06,WPG,DET,0.681085,0.318915,WPG,0,DET,0,0,REAL_NHL_API_OR_DERIVED_FROM_REAL
20212022,2021021126,2022-04-06,VGK,VAN,0.51857,0.48143,VGK,0,VAN,0,0,REAL_NHL_API_OR_DERIVED_FROM_REAL
20212022,2021021127,2022-04-06,ANA,CGY,0.560453,0.439547,ANA,0,CGY,0,0,REAL_NHL_API_OR_DERIVED_FROM_REAL
20212022,2021020250,2022-04-07,OTT,NSH,0.721185,0.278815,OTT,0,NSH,0,0,REAL_NHL_API_OR_DERIVED_FROM_REAL
20212022,2021020512,2022-04-07,NJD,MTL,0.459613,0.540387,MTL,0,MTL,1,0,REAL_NHL_API_OR_DERIVED_FROM_REAL
20212022,2021021129,2022-04-07,NYR,PIT,0.525546,0.474454,NYR,1,NYR,1,0,REAL_NHL_API_OR_DERIVED_FROM_REAL
20212022,2021021130,2022-04-07,CAR,BUF,0.541485,0.458515,CAR,1,CAR,1,0,REAL_NHL_API_OR_DERIVED_FROM_REAL
20212022,2021021131,2022-04-07,CBJ,PHI,0.543919,0.456081,CBJ,0,PHI,0,0,REAL_NHL_API_OR_DERIVED_FROM_REAL
20212022,2021021132,2022-04-07,CHI,SEA,0.562926,0.437074,CHI,0,SEA,0,0,REAL_NHL_API_OR_DERIVED_FROM_REAL
20212022,2021021133,2022-04-07,DAL,TOR,0.719836,0.280164,DAL,0,TOR,0,0,REAL_NHL_API_OR_DERIVED_FROM_REAL
20212022,2021021134,2022-04-07,UTA,VAN,0.61172,0.38828,UTA,0,VAN,0,0,REAL_NHL_API_OR_DERIVED_FROM_REAL
20212022,2021021135,2022-04-07,LAK,EDM,0.68569,0.31431,LAK,0,EDM,0,0,REAL_NHL_API_OR_DERIVED_FROM_REAL
20212022,2021021136,2022-04-07,SJS,CGY,0.523917,0.476083,SJS,0,CGY,0,0,REAL_NHL_API_OR_DERIVED_FROM_REAL
20212022,2021021137,2022-04-08,TBL,BOS,0.554834,0.445166,TBL,0,BOS,0,0,REAL_NHL_API_OR_DERIVED_FROM_REAL
20212022,2021021138,2022-04-08,FLA,BUF,0.393036,0.606964,BUF,1,FLA,0,0,REAL_NHL_API_OR_DERIVED_FROM_REAL
20212022,2021021139,2022-04-08,CAR,NYI,0.434272,0.565728,NYI,0,NYI,1,0,REAL_NHL_API_OR_DERIVED_FROM_REAL
20212022,2021021140,2022-04-08,STL,MIN,0.459063,0.540937,MIN,1,STL,0,0,REAL_NHL_API_OR_DERIVED_FROM_REAL
20212022,2021021141,2022-04-08,WPG,COL,0.572982,0.427018,WPG,0,COL,0,0,REAL_NHL_API_OR_DERIVED_FROM_REAL
20212022,2021021142,2022-04-09,TOR,MTL,0.502423,0.497577,TOR,1,TOR,1,0,REAL_NHL_API_OR_DERIVED_FROM_REAL
20212022,2021021143,2022-04-09,DET,CBJ,0.454587,0.545413,CBJ,0,CBJ,1,0,REAL_NHL_API_OR_DERIVED_FROM_REAL
20212022,2021021144,2022-04-09,NYR,OTT,0.438158,0.561842,OTT,1,NYR,0,0,REAL_NHL_API_OR_DERIVED_FROM_REAL
20212022,2021021145,2022-04-09,PHI,ANA,0.539945,0.460055,PHI,0,ANA,0,0,REAL_NHL_API_OR_DERIVED_FROM_REAL
20212022,2021021146,2022-04-09,PIT,WSH,0.597929,0.402071,PIT,0,WSH,0,0,REAL_NHL_API_OR_DERIVED_FROM_REAL
20212022,2021021147,2022-04-09,STL,NYI,0.373277,0.626723,NYI,1,STL,0,0,REAL_NHL_API_OR_DERIVED_FROM_REAL
20212022,2021021148,2022-04-09,NSH,FLA,0.607249,0.392751,NSH,0,FLA,0,0,REAL_NHL_API_OR_DERIVED_FROM_REAL
20212022,2021021149,2022-04-09,DAL,NJD,0.602452,0.397548,DAL,0,NJD,0,0,REAL_NHL_API_OR_DERIVED_FROM_REAL
20212022,2021021151,2022-04-09,EDM,COL,0.457236,0.542764,COL,0,COL,1,0,REAL_NHL_API_OR_DERIVED_FROM_REAL
20212022,2021021152,2022-04-09,VAN,SJS,0.564819,0.435181,VAN,1,VAN,1,0,REAL_NHL_API_OR_DERIVED_FROM_REAL
20212022,2021021153,2022-04-09,VGK,UTA,0.580964,0.419036,VGK,1,VGK,1,0,REAL_NHL_API_OR_DERIVED_FROM_REAL
20212022,2021021154,2022-04-09,SEA,CGY,0.580946,0.419054,SEA,0,CGY,0,0,REAL_NHL_API_OR_DERIVED_FROM_REAL
20212022,2021021150,2022-04-10,MIN,LAK,0.438659,0.561341,LAK,1,MIN,0,0,REAL_NHL_API_OR_DERIVED_FROM_REAL
20212022,2021021155,2022-04-10,OTT,WPG,0.539456,0.460544,OTT,0,WPG,0,0,REAL_NHL_API_OR_DERIVED_FROM_REAL
20212022,2021021156,2022-04-10,TBL,BUF,0.5737,0.4263,TBL,1,TBL,1,0,REAL_NHL_API_OR_DERIVED_FROM_REAL
20212022,2021021157,2022-04-10,PIT,NSH,0.589623,0.410377,PIT,1,PIT,1,0,REAL_NHL_API_OR_DERIVED_FROM_REAL
20212022,2021021158,2022-04-10,WSH,BOS,0.485631,0.514369,BOS,1,WSH,0,0,REAL_NHL_API_OR_DERIVED_FROM_REAL
20212022,2021021159,2022-04-10,CAR,ANA,0.561229,0.438771,CAR,1,CAR,1,0,REAL_NHL_API_OR_DERIVED_FROM_REAL
20212022,2021021160,2022-04-10,CHI,DAL,0.509766,0.490234,CHI,0,DAL,0,0,REAL_NHL_API_OR_DERIVED_FROM_REAL
20212022,2021021162,2022-04-11,MTL,WPG,0.420186,0.579814,WPG,0,WPG,1,0,REAL_NHL_API_OR_DERIVED_FROM_REAL
20212022,2021020922,2022-04-12,NYI,PIT,0.471931,0.528069,PIT,1,NYI,0,0,REAL_NHL_API_OR_DERIVED_FROM_REAL
20212022,2021021163,2022-04-12,MIN,EDM,0.515971,0.484029,MIN,1,MIN,1,0,REAL_NHL_API_OR_DERIVED_FROM_REAL
20212022,2021021164,2022-04-12,BOS,STL,0.531938,0.468062,BOS,0,STL,0,0,REAL_NHL_API_OR_DERIVED_FROM_REAL
20212022,2021021165,2022-04-12,TOR,BUF,0.407424,0.592576,BUF,0,BUF,1,0,REAL_NHL_API_OR_DERIVED_FROM_REAL
20212022,2021021166,2022-04-12,DET,OTT,0.470203,0.529797,OTT,0,OTT,1,0,REAL_NHL_API_OR_DERIVED_FROM_REAL
20212022,2021021167,2022-04-12,FLA,ANA,0.458784,0.541216,ANA,1,FLA,0,0,REAL_NHL_API_OR_DERIVED_FROM_REAL
20212022,2021021168,2022-04-12,NYR,CAR,0.547909,0.452091,NYR,0,CAR,0,0,REAL_NHL_API_OR_DERIVED_FROM_REAL
20212022,2021021170,2022-04-12,WSH,PHI,0.512173,0.487827,WSH,1,WSH,1,0,REAL_NHL_API_OR_DERIVED_FROM_REAL
20212022,2021021173,2022-04-12,DAL,TBL,0.637713,0.362287,DAL,1,DAL,1,0,REAL_NHL_API_OR_DERIVED_FROM_REAL
20212022,2021021174,2022-04-12,CGY,SEA,0.404662,0.595338,SEA,1,CGY,0,0,REAL_NHL_API_OR_DERIVED_FROM_REAL
20212022,2021021175,2022-04-12,VAN,VGK,0.55361,0.44639,VAN,1,VAN,1,0,REAL_NHL_API_OR_DERIVED_FROM_REAL
20212022,2021021176,2022-04-12,UTA,NJD,0.702756,0.297244,UTA,0,NJD,0,0,REAL_NHL_API_OR_DERIVED_FROM_REAL
20212022,2021021187,2022-04-12,CHI,LAK,0.555922,0.444078,CHI,0,LAK,0,0,REAL_NHL_API_OR_DERIVED_FROM_REAL
20212022,2021021188,2022-04-12,NSH,SJS,0.603675,0.396325,NSH,1,NSH,1,0,REAL_NHL_API_OR_DERIVED_FROM_REAL
20212022,2021021177,2022-04-13,PHI,NYR,0.604626,0.395374,PHI,0,NYR,0,0,REAL_NHL_API_OR_DERIVED_FROM_REAL
20212022,2021021178,2022-04-13,CBJ,MTL,0.679324,0.320676,CBJ,1,CBJ,1,0,REAL_NHL_API_OR_DERIVED_FROM_REAL
20212022,2021021180,2022-04-13,COL,LAK,0.657823,0.342177,COL,1,COL,1,0,REAL_NHL_API_OR_DERIVED_FROM_REAL
20212022,2021021171,2022-04-14,CHI,SJS,0.552389,0.447611,CHI,1,CHI,1,0,REAL_NHL_API_OR_DERIVED_FROM_REAL
20212022,2021021172,2022-04-14,NSH,EDM,0.633056,0.366944,NSH,0,EDM,0,0,REAL_NHL_API_OR_DERIVED_FROM_REAL
20212022,2021021181,2022-04-14,BOS,OTT,0.58613,0.41387,BOS,0,OTT,0,0,REAL_NHL_API_OR_DERIVED_FROM_REAL
20212022,2021021182,2022-04-14,BUF,STL,0.604436,0.395564,BUF,0,STL,0,0,REAL_NHL_API_OR_DERIVED_FROM_REAL
20212022,2021021183,2022-04-14,TOR,WSH,0.690735,0.309265,TOR,1,TOR,1,0,REAL_NHL_API_OR_DERIVED_FROM_REAL
20212022,2021021184,2022-04-14,TBL,ANA,0.386358,0.613642,ANA,1,TBL,0,0,REAL_NHL_API_OR_DERIVED_FROM_REAL
20212022,2021021185,2022-04-14,PIT,NYI,0.553858,0.446142,PIT,1,PIT,1,0,REAL_NHL_API_OR_DERIVED_FROM_REAL
20212022,2021021186,2022-04-14,CAR,DET,0.539476,0.460524,CAR,0,DET,0,0,REAL_NHL_API_OR_DERIVED_FROM_REAL
20212022,2021021189,2022-04-14,DAL,MIN,0.594853,0.405147,DAL,0,MIN,0,0,REAL_NHL_API_OR_DERIVED_FROM_REAL
20212022,2021021190,2022-04-14,COL,NJD,0.582988,0.417012,COL,1,COL,1,0,REAL_NHL_API_OR_DERIVED_FROM_REAL
20212022,2021021191,2022-04-14,CGY,VGK,0.53841,0.46159,CGY,0,VGK,0,0,REAL_NHL_API_OR_DERIVED_FROM_REAL
20212022,2021021192,2022-04-14,VAN,UTA,0.625105,0.374895,VAN,1,VAN,1,0,REAL_NHL_API_OR_DERIVED_FROM_REAL
20212022,2021021193,2022-04-15,MTL,NYI,0.646129,0.353871,MTL,0,NYI,0,0,REAL_NHL_API_OR_DERIVED_FROM_REAL
20212022,2021021194,2022-04-15,FLA,WPG,0.448493,0.551507,WPG,1,FLA,0,0,REAL_NHL_API_OR_DERIVED_FROM_REAL
20212022,2021021195,2022-04-16,EDM,VGK,0.5873,0.4127,EDM,1,EDM,1,0,REAL_NHL_API_OR_DERIVED_FROM_REAL
20212022,2021021196,2022-04-16,BOS,PIT,0.491314,0.508686,PIT,1,BOS,0,0,REAL_NHL_API_OR_DERIVED_FROM_REAL
20212022,2021021197,2022-04-16,BUF,PHI,0.661345,0.338655,BUF,1,BUF,1,0,REAL_NHL_API_OR_DERIVED_FROM_REAL
20212022,2021021198,2022-04-16,MTL,WSH,0.67941,0.32059,MTL,0,WSH,0,0,REAL_NHL_API_OR_DERIVED_FROM_REAL
20212022,2021021199,2022-04-16,OTT,TOR,0.633763,0.366237,OTT,0,TOR,0,0,REAL_NHL_API_OR_DERIVED_FROM_REAL
20212022,2021021200,2022-04-16,TBL,WPG,0.577558,0.422442,TBL,1,TBL,1,0,REAL_NHL_API_OR_DERIVED_FROM_REAL
20212022,2021021201,2022-04-16,NYR,DET,0.604448,0.395552,NYR,1,NYR,1,0,REAL_NHL_API_OR_DERIVED_FROM_REAL
20212022,2021021202,2022-04-16,STL,MIN,0.54532,0.45468,STL,1,STL,1,0,REAL_NHL_API_OR_DERIVED_FROM_REAL
20212022,2021021203,2022-04-16,NSH,CHI,0.620065,0.379935,NSH,1,NSH,1,0,REAL_NHL_API_OR_DERIVED_FROM_REAL
20212022,2021021204,2022-04-16,DAL,SJS,0.539541,0.460459,DAL,1,DAL,1,0,REAL_NHL_API_OR_DERIVED_FROM_REAL
20212022,2021021205,2022-04-16,COL,CAR,0.677518,0.322482,COL,1,COL,1,0,REAL_NHL_API_OR_DERIVED_FROM_REAL
20212022,2021021206,2022-04-16,CGY,UTA,0.435261,0.564739,UTA,1,CGY,0,0,REAL_NHL_API_OR_DERIVED_FROM_REAL
20212022,2021021208,2022-04-16,LAK,CBJ,0.468337,0.531663,CBJ,1,LAK,0,0,REAL_NHL_API_OR_DERIVED_FROM_REAL
20212022,2021021209,2022-04-16,SEA,NJD,0.649078,0.350922,SEA,1,SEA,1,0,REAL_NHL_API_OR_DERIVED_FROM_REAL
20212022,2021020723,2022-04-17,TOR,NYI,0.563303,0.436697,TOR,1,TOR,1,0,REAL_NHL_API_OR_DERIVED_FROM_REAL
20212022,2021021210,2022-04-17,DET,FLA,0.595994,0.404006,DET,0,FLA,0,0,REAL_NHL_API_OR_DERIVED_FROM_REAL
20212022,2021021212,2022-04-17,PHI,BUF,0.468595,0.531405,BUF,0,BUF,1,0,REAL_NHL_API_OR_DERIVED_FROM_REAL
20212022,2021021213,2022-04-17,NSH,STL,0.619261,0.380739,NSH,0,STL,0,0,REAL_NHL_API_OR_DERIVED_FROM_REAL
20212022,2021021214,2022-04-17,MIN,SJS,0.449716,0.550284,SJS,1,MIN,0,0,REAL_NHL_API_OR_DERIVED_FROM_REAL
20212022,2021021215,2022-04-17,ANA,CBJ,0.552691,0.447309,ANA,1,ANA,1,0,REAL_NHL_API_OR_DERIVED_FROM_REAL
20212022,2021020436,2022-04-18,CHI,CGY,0.71906,0.28094,CHI,0,CGY,0,0,REAL_NHL_API_OR_DERIVED_FROM_REAL
20212022,2021020611,2022-04-18,SEA,OTT,0.516756,0.483244,SEA,1,SEA,1,0,REAL_NHL_API_OR_DERIVED_FROM_REAL
20212022,2021021216,2022-04-18,COL,WSH,0.670327,0.329673,COL,0,WSH,0,0,REAL_NHL_API_OR_DERIVED_FROM_REAL
20212022,2021021217,2022-04-18,VAN,DAL,0.630203,0.369797,VAN,1,VAN,1,0,REAL_NHL_API_OR_DERIVED_FROM_REAL
20212022,2021021218,2022-04-18,UTA,CAR,0.506448,0.493552,UTA,0,CAR,0,0,REAL_NHL_API_OR_DERIVED_FROM_REAL
20212022,2021021219,2022-04-18,VGK,NJD,0.611152,0.388848,VGK,0,NJD,0,0,REAL_NHL_API_OR_DERIVED_FROM_REAL
20212022,2021020443,2022-04-19,NSH,CGY,0.634105,0.365895,NSH,1,NSH,1,0,REAL_NHL_API_OR_DERIVED_FROM_REAL
20212022,2021020625,2022-04-19,VAN,OTT,0.487714,0.512286,OTT,0,OTT,1,0,REAL_NHL_API_OR_DERIVED_FROM_REAL
20212022,2021021220,2022-04-19,TOR,PHI,0.602546,0.397454,TOR,1,TOR,1,0,REAL_NHL_API_OR_DERIVED_FROM_REAL
20212022,2021021221,2022-04-19,MTL,MIN,0.573689,0.426311,MTL,0,MIN,0,0,REAL_NHL_API_OR_DERIVED_FROM_REAL
20212022,2021021222,2022-04-19,TBL,DET,0.416163,0.583837,DET,0,DET,1,0,REAL_NHL_API_OR_DERIVED_FROM_REAL
20212022,2021021223,2022-04-19,NYI,FLA,0.629533,0.370467,NYI,0,FLA,0,0,REAL_NHL_API_OR_DERIVED_FROM_REAL
20212022,2021021224,2022-04-19,NYR,WPG,0.48116,0.51884,WPG,1,NYR,0,0,REAL_NHL_API_OR_DERIVED_FROM_REAL
20212022,2021021225,2022-04-19,STL,BOS,0.526421,0.473579,STL,0,BOS,0,0,REAL_NHL_API_OR_DERIVED_FROM_REAL
20212022,2021021226,2022-04-19,ANA,LAK,0.604012,0.395988,ANA,0,LAK,0,0,REAL_NHL_API_OR_DERIVED_FROM_REAL
20212022,2021021227,2022-04-19,SJS,CBJ,0.552932,0.447068,SJS,1,SJS,1,0,REAL_NHL_API_OR_DERIVED_FROM_REAL
20212022,2021021229,2022-04-20,EDM,DAL,0.493672,0.506328,DAL,1,EDM,0,0,REAL_NHL_API_OR_DERIVED_FROM_REAL
20212022,2021021230,2022-04-20,UTA,CHI,0.494677,0.505323,CHI,0,CHI,1,0,REAL_NHL_API_OR_DERIVED_FROM_REAL
20212022,2021021231,2022-04-20,VGK,WSH,0.563489,0.436511,VGK,1,VGK,1,0,REAL_NHL_API_OR_DERIVED_FROM_REAL
20212022,2021021232,2022-04-20,SEA,COL,0.522971,0.477029,SEA,1,SEA,1,0,REAL_NHL_API_OR_DERIVED_FROM_REAL
20212022,2021021233,2022-04-21,MTL,PHI,0.575809,0.424191,MTL,0,PHI,0,0,REAL_NHL_API_OR_DERIVED_FROM_REAL
20212022,2021021234,2022-04-21,TBL,TOR,0.512545,0.487455,TBL,1,TBL,1,0,REAL_NHL_API_OR_DERIVED_FROM_REAL
20212022,2021021235,2022-04-21,FLA,DET,0.517354,0.482646,FLA,1,FLA,1,0,REAL_NHL_API_OR_DERIVED_FROM_REAL
20212022,2021021236,2022-04-21,NJD,BUF,0.66995,0.33005,NJD,0,BUF,0,0,REAL_NHL_API_OR_DERIVED_FROM_REAL
20212022,2021021237,2022-04-21,NYI,NYR,0.610962,0.389038,NYI,0,NYR,0,0,REAL_NHL_API_OR_DERIVED_FROM_REAL
20212022,2021021238,2022-04-21,PIT,BOS,0.550709,0.449291,PIT,1,PIT,1,0,REAL_NHL_API_OR_DERIVED_FROM_REAL
20212022,2021021239,2022-04-21,CAR,WPG,0.512607,0.487393,CAR,1,CAR,1,0,REAL_NHL_API_OR_DERIVED_FROM_REAL
20212022,2021021240,2022-04-21,MIN,VAN,0.518396,0.481604,MIN,1,MIN,1,0,REAL_NHL_API_OR_DERIVED_FROM_REAL
20212022,2021021241,2022-04-21,CGY,DAL,0.347113,0.652887,DAL,1,CGY,0,0,REAL_NHL_API_OR_DERIVED_FROM_REAL
20212022,2021021242,2022-04-21,LAK,CHI,0.500538,0.499462,LAK,1,LAK,1,0,REAL_NHL_API_OR_DERIVED_FROM_REAL
20212022,2021021243,2022-04-21,SJS,STL,0.616043,0.383957,SJS,0,STL,0,0,REAL_NHL_API_OR_DERIVED_FROM_REAL
20212022,2021021244,2022-04-22,CBJ,OTT,0.578654,0.421346,CBJ,0,OTT,0,0,REAL_NHL_API_OR_DERIVED_FROM_REAL
20212022,2021021245,2022-04-22,MIN,SEA,0.402745,0.597255,SEA,1,MIN,0,0,REAL_NHL_API_OR_DERIVED_FROM_REAL
20212022,2021021246,2022-04-22,EDM,COL,0.565359,0.434641,EDM,1,EDM,1,0,REAL_NHL_API_OR_DERIVED_FROM_REAL
20212022,2021021247,2022-04-22,UTA,WSH,0.643426,0.356574,UTA,0,WSH,0,0,REAL_NHL_API_OR_DERIVED_FROM_REAL
20212022,2021021248,2022-04-23,BOS,NYR,0.644372,0.355628,BOS,1,BOS,1,0,REAL_NHL_API_OR_DERIVED_FROM_REAL
20212022,2021021249,2022-04-23,BUF,NYI,0.565547,0.434453,BUF,1,BUF,1,0,REAL_NHL_API_OR_DERIVED_FROM_REAL
20212022,2021021250,2022-04-23,OTT,MTL,0.530559,0.469441,OTT,1,OTT,1,0,REAL_NHL_API_OR_DERIVED_FROM_REAL
20212022,2021021251,2022-04-23,DET,PIT,0.474675,0.525325,PIT,0,PIT,1,0,REAL_NHL_API_OR_DERIVED_FROM_REAL
20212022,2021021252,2022-04-23,TBL,NSH,0.591194,0.408806,TBL,1,TBL,1,0,REAL_NHL_API_OR_DERIVED_FROM_REAL
20212022,2021021253,2022-04-23,FLA,TOR,0.676992,0.323008,FLA,1,FLA,1,0,REAL_NHL_API_OR_DERIVED_FROM_REAL
20212022,2021021254,2022-04-23,NJD,CAR,0.437288,0.562712,CAR,0,CAR,1,0,REAL_NHL_API_OR_DERIVED_FROM_REAL
20212022,2021021255,2022-04-23,DAL,SEA,0.551781,0.448219,DAL,1,DAL,1,0,REAL_NHL_API_OR_DERIVED_FROM_REAL
20212022,2021021256,2022-04-23,CGY,VAN,0.525293,0.474707,CGY,1,CGY,1,0,REAL_NHL_API_OR_DERIVED_FROM_REAL
20212022,2021021257,2022-04-23,UTA,STL,0.534769,0.465231,UTA,0,STL,0,0,REAL_NHL_API_OR_DERIVED_FROM_REAL
20212022,2021021258,2022-04-23,LAK,ANA,0.433365,0.566635,ANA,1,LAK,0,0,REAL_NHL_API_OR_DERIVED_FROM_REAL
20212022,2021021259,2022-04-23,SJS,CHI,0.513871,0.486129,SJS,1,SJS,1,0,REAL_NHL_API_OR_DERIVED_FROM_REAL
20212022,2021020471,2022-04-24,MTL,BOS,0.475722,0.524278,BOS,0,BOS,1,0,REAL_NHL_API_OR_DERIVED_FROM_REAL
20212022,2021021260,2022-04-24,FLA,TBL,0.654369,0.345631,FLA,0,TBL,0,0,REAL_NHL_API_OR_DERIVED_FROM_REAL
20212022,2021021261,2022-04-24,NJD,DET,0.456574,0.543426,DET,0,DET,1,0,REAL_NHL_API_OR_DERIVED_FROM_REAL
20212022,2021021262,2022-04-24,NYI,CAR,0.523613,0.476387,NYI,0,CAR,0,0,REAL_NHL_API_OR_DERIVED_FROM_REAL
20212022,2021021264,2022-04-24,PHI,PIT,0.522829,0.477171,PHI,1,PHI,1,0,REAL_NHL_API_OR_DERIVED_FROM_REAL
20212022,2021021265,2022-04-24,WSH,TOR,0.535221,0.464779,WSH,0,TOR,0,0,REAL_NHL_API_OR_DERIVED_FROM_REAL
20212022,2021021266,2022-04-24,CBJ,EDM,0.705591,0.294409,CBJ,1,CBJ,1,0,REAL_NHL_API_OR_DERIVED_FROM_REAL
20212022,2021021267,2022-04-24,NSH,MIN,0.531122,0.468878,NSH,0,MIN,0,0,REAL_NHL_API_OR_DERIVED_FROM_REAL
20212022,2021021268,2022-04-24,WPG,COL,0.603696,0.396304,WPG,1,WPG,1,0,REAL_NHL_API_OR_DERIVED_FROM_REAL
20212022,2021021269,2022-04-24,VGK,SJS,0.57298,0.42702,VGK,0,SJS,0,0,REAL_NHL_API_OR_DERIVED_FROM_REAL
20212022,2021021270,2022-04-24,ANA,STL,0.646829,0.353171,ANA,0,STL,0,0,REAL_NHL_API_OR_DERIVED_FROM_REAL
20212022,2021021271,2022-04-25,CHI,PHI,0.565623,0.434377,CHI,1,CHI,1,0,REAL_NHL_API_OR_DERIVED_FROM_REAL
20212022,2021020829,2022-04-26,TOR,DET,0.469081,0.530919,DET,1,TOR,0,0,REAL_NHL_API_OR_DERIVED_FROM_REAL
20212022,2021021272,2022-04-26,BOS,FLA,0.680423,0.319577,BOS,1,BOS,1,0,REAL_NHL_API_OR_DERIVED_FROM_REAL
20212022,2021021274,2022-04-26,OTT,NJD,0.56472,0.43528,OTT,1,OTT,1,0,REAL_NHL_API_OR_DERIVED_FROM_REAL
20212022,2021021276,2022-04-26,TBL,CBJ,0.39039,0.60961,CBJ,1,TBL,0,0,REAL_NHL_API_OR_DERIVED_FROM_REAL
20212022,2021021277,2022-04-26,NYR,CAR,0.622325,0.377675,NYR,0,CAR,0,0,REAL_NHL_API_OR_DERIVED_FROM_REAL
20212022,2021021278,2022-04-26,PIT,EDM,0.60554,0.39446,PIT,0,EDM,0,0,REAL_NHL_API_OR_DERIVED_FROM_REAL
20212022,2021021279,2022-04-26,WSH,NYI,0.489015,0.510985,NYI,0,NYI,1,0,REAL_NHL_API_OR_DERIVED_FROM_REAL
20212022,2021021280,2022-04-26,NSH,CGY,0.444292,0.555708,CGY,0,CGY,1,0,REAL_NHL_API_OR_DERIVED_FROM_REAL
20212022,2021021281,2022-04-26,DAL,VGK,0.506501,0.493499,DAL,1,DAL,1,0,REAL_NHL_API_OR_DERIVED_FROM_REAL
20212022,2021021282,2022-04-26,MIN,UTA,0.541072,0.458928,MIN,0,UTA,0,0,REAL_NHL_API_OR_DERIVED_FROM_REAL
20212022,2021021283,2022-04-26,COL,STL,0.61476,0.38524,COL,1,COL,1,0,REAL_NHL_API_OR_DERIVED_FROM_REAL
20212022,2021021284,2022-04-26,VAN,SEA,0.534575,0.465425,VAN,1,VAN,1,0,REAL_NHL_API_OR_DERIVED_FROM_REAL
20212022,2021021285,2022-04-26,SJS,ANA,0.458217,0.541783,ANA,0,ANA,1,0,REAL_NHL_API_OR_DERIVED_FROM_REAL
20212022,2021020505,2022-04-27,NYR,MTL,0.579855,0.420145,NYR,0,MTL,0,0,REAL_NHL_API_OR_DERIVED_FROM_REAL
20212022,2021021286,2022-04-27,CHI,VGK,0.415769,0.584231,VGK,1,CHI,0,0,REAL_NHL_API_OR_DERIVED_FROM_REAL
20212022,2021021287,2022-04-27,DAL,UTA,0.664434,0.335566,DAL,0,UTA,0,0,REAL_NHL_API_OR_DERIVED_FROM_REAL
20212022,2021021288,2022-04-27,WPG,PHI,0.569543,0.430457,WPG,1,WPG,1,0,REAL_NHL_API_OR_DERIVED_FROM_REAL
20212022,2021021289,2022-04-27,SEA,LAK,0.619205,0.380795,SEA,0,LAK,0,0,REAL_NHL_API_OR_DERIVED_FROM_REAL
20212022,2021020513,2022-04-28,NYI,WSH,0.434464,0.565536,WSH,1,NYI,0,0,REAL_NHL_API_OR_DERIVED_FROM_REAL
20212022,2021021290,2022-04-28,BOS,BUF,0.700951,0.299049,BOS,1,BOS,1,0,REAL_NHL_API_OR_DERIVED_FROM_REAL
20212022,2021021291,2022-04-28,OTT,FLA,0.574683,0.425317,OTT,0,FLA,0,0,REAL_NHL_API_OR_DERIVED_FROM_REAL
20212022,2021021294,2022-04-28,CAR,NJD,0.68717,0.31283,CAR,1,CAR,1,0,REAL_NHL_API_OR_DERIVED_FROM_REAL
20212022,2021021295,2022-04-28,MIN,CGY,0.507997,0.492003,MIN,1,MIN,1,0,REAL_NHL_API_OR_DERIVED_FROM_REAL
20212022,2021021296,2022-04-28,COL,NSH,0.65247,0.34753,COL,0,NSH,0,0,REAL_NHL_API_OR_DERIVED_FROM_REAL
20212022,2021021297,2022-04-28,EDM,SJS,0.478842,0.521158,SJS,1,EDM,0,0,REAL_NHL_API_OR_DERIVED_FROM_REAL
20212022,2021021305,2022-04-28,CBJ,TBL,0.570158,0.429842,CBJ,1,CBJ,1,0,REAL_NHL_API_OR_DERIVED_FROM_REAL
20212022,2021021310,2022-04-28,VAN,LAK,0.534724,0.465276,VAN,1,VAN,1,0,REAL_NHL_API_OR_DERIVED_FROM_REAL
20212022,2021021169,2022-04-29,PIT,CBJ,0.610046,0.389954,PIT,1,PIT,1,0,REAL_NHL_API_OR_DERIVED_FROM_REAL
20212022,2021021207,2022-04-29,EDM,VAN,0.513243,0.486757,EDM,1,EDM,1,0,REAL_NHL_API_OR_DERIVED_FROM_REAL
20212022,2021021292,2022-04-29,NYI,TBL,0.519205,0.480795,NYI,0,TBL,0,0,REAL_NHL_API_OR_DERIVED_FROM_REAL
20212022,2021021298,2022-04-29,BUF,CHI,0.613202,0.386798,BUF,1,BUF,1,0,REAL_NHL_API_OR_DERIVED_FROM_REAL
20212022,2021021299,2022-04-29,TOR,BOS,0.294031,0.705969,BOS,1,TOR,0,0,REAL_NHL_API_OR_DERIVED_FROM_REAL
20212022,2021021300,2022-04-29,MTL,FLA,0.553103,0.446897,MTL,1,MTL,1,0,REAL_NHL_API_OR_DERIVED_FROM_REAL
20212022,2021021301,2022-04-29,NJD,DET,0.525032,0.474968,NJD,0,DET,0,0,REAL_NHL_API_OR_DERIVED_FROM_REAL
20212022,2021021302,2022-04-29,NYR,WSH,0.564563,0.435437,NYR,1,NYR,1,0,REAL_NHL_API_OR_DERIVED_FROM_REAL
20212022,2021021303,2022-04-29,PHI,OTT,0.447981,0.552019,OTT,0,OTT,1,0,REAL_NHL_API_OR_DERIVED_FROM_REAL
20212022,2021021306,2022-04-29,STL,VGK,0.451485,0.548515,VGK,0,VGK,1,0,REAL_NHL_API_OR_DERIVED_FROM_REAL
20212022,2021021307,2022-04-29,DAL,ANA,0.555275,0.444725,DAL,1,DAL,1,0,REAL_NHL_API_OR_DERIVED_FROM_REAL
20212022,2021021308,2022-04-29,MIN,COL,0.448821,0.551179,COL,1,MIN,0,0,REAL_NHL_API_OR_DERIVED_FROM_REAL
20212022,2021021309,2022-04-29,WPG,CGY,0.577062,0.422938,WPG,1,WPG,1,0,REAL_NHL_API_OR_DERIVED_FROM_REAL
20212022,2021021311,2022-04-29,UTA,NSH,0.521779,0.478221,UTA,1,UTA,1,0,REAL_NHL_API_OR_DERIVED_FROM_REAL
20212022,2021021312,2022-04-29,SEA,SJS,0.510775,0.489225,SEA,1,SEA,1,0,REAL_NHL_API_OR_DERIVED_FROM_REAL
20212022,2021021179,2022-05-01,WPG,SEA,0.672024,0.327976,WPG,1,WPG,1,0,REAL_NHL_API_OR_DERIVED_FROM_REAL
20222023,2022020001,2022-10-07,NSH,SJS,0.535711,0.464289,NSH,1,NSH,1,0,REAL_NHL_API_OR_DERIVED_FROM_REAL
20222023,2022020002,2022-10-08,SJS,NSH,0.363875,0.636125,NSH,0,NSH,1,0,REAL_NHL_API_OR_DERIVED_FROM_REAL
20222023,2022020003,2022-10-11,NYR,TBL,0.611787,0.388213,NYR,1,NYR,1,0,REAL_NHL_API_OR_DERIVED_FROM_REAL
20222023,2022020004,2022-10-11,LAK,VGK,0.488216,0.511784,VGK,0,VGK,1,0,REAL_NHL_API_OR_DERIVED_FROM_REAL
20222023,2022020005,2022-10-12,WSH,BOS,0.362669,0.637331,BOS,0,BOS,1,0,REAL_NHL_API_OR_DERIVED_FROM_REAL
20222023,2022020006,2022-10-12,CAR,CBJ,0.478285,0.521715,CBJ,1,CAR,0,0,REAL_NHL_API_OR_DERIVED_FROM_REAL
20222023,2022020007,2022-10-12,MTL,TOR,0.672566,0.327434,MTL,1,MTL,1,0,REAL_NHL_API_OR_DERIVED_FROM_REAL
20222023,2022020008,2022-10-12,COL,CHI,0.542518,0.457482,COL,1,COL,1,0,REAL_NHL_API_OR_DERIVED_FROM_REAL
20222023,2022020009,2022-10-12,ANA,SEA,0.464597,0.535403,SEA,1,ANA,0,0,REAL_NHL_API_OR_DERIVED_FROM_REAL
20222023,2022020010,2022-10-12,EDM,VAN,0.583489,0.416511,EDM,1,EDM,1,0,REAL_NHL_API_OR_DERIVED_FROM_REAL
20222023,2022020011,2022-10-13,PIT,UTA,0.524798,0.475202,PIT,1,PIT,1,0,REAL_NHL_API_OR_DERIVED_FROM_REAL
20222023,2022020012,2022-10-13,PHI,NJD,0.59819,0.40181,PHI,1,PHI,1,0,REAL_NHL_API_OR_DERIVED_FROM_REAL
20222023,2022020013,2022-10-13,BUF,OTT,0.379014,0.620986,OTT,1,BUF,0,0,REAL_NHL_API_OR_DERIVED_FROM_REAL
20222023,2022020014,2022-10-13,NYI,FLA,0.507607,0.492393,NYI,0,FLA,0,0,REAL_NHL_API_OR_DERIVED_FROM_REAL
20222023,2022020015,2022-10-13,TOR,WSH,0.481663,0.518337,WSH,1,TOR,0,0,REAL_NHL_API_OR_DERIVED_FROM_REAL
20222023,2022020016,2022-10-13,NSH,DAL,0.599523,0.400477,NSH,0,DAL,0,0,REAL_NHL_API_OR_DERIVED_FROM_REAL
20222023,2022020017,2022-10-13,MIN,NYR,0.456083,0.543917,NYR,0,NYR,1,0,REAL_NHL_API_OR_DERIVED_FROM_REAL
20222023,2022020018,2022-10-13,CGY,COL,0.426874,0.573126,COL,1,CGY,0,0,REAL_NHL_API_OR_DERIVED_FROM_REAL
20222023,2022020019,2022-10-13,VGK,CHI,0.683259,0.316741,VGK,1,VGK,1,0,REAL_NHL_API_OR_DERIVED_FROM_REAL
20222023,2022020020,2022-10-13,LAK,SEA,0.50648,0.49352,LAK,0,SEA,0,0,REAL_NHL_API_OR_DERIVED_FROM_REAL
20222023,2022020021,2022-10-14,CBJ,TBL,0.411645,0.588355,TBL,0,TBL,1,0,REAL_NHL_API_OR_DERIVED_FROM_REAL
20222023,2022020022,2022-10-14,DET,MTL,0.499155,0.500845,MTL,1,DET,0,0,REAL_NHL_API_OR_DERIVED_FROM_REAL
20222023,2022020023,2022-10-14,WPG,NYR,0.49692,0.50308,NYR,1,WPG,0,0,REAL_NHL_API_OR_DERIVED_FROM_REAL
20222023,2022020024,2022-10-14,SJS,CAR,0.381141,0.618859,CAR,0,CAR,1,0,REAL_NHL_API_OR_DERIVED_FROM_REAL
20222023,2022020025,2022-10-15,BUF,FLA,0.447422,0.552578,FLA,0,FLA,1,0,REAL_NHL_API_OR_DERIVED_FROM_REAL
20222023,2022020026,2022-10-15,PHI,VAN,0.654342,0.345658,PHI,1,PHI,1,0,REAL_NHL_API_OR_DERIVED_FROM_REAL
20222023,2022020027,2022-10-15,BOS,UTA,0.65923,0.34077,BOS,1,BOS,1,0,REAL_NHL_API_OR_DERIVED_FROM_REAL
20222023,2022020028,2022-10-15,NJD,DET,0.418144,0.581856,DET,0,DET,1,0,REAL_NHL_API_OR_DERIVED_FROM_REAL
20222023,2022020029,2022-10-15,WSH,MTL,0.59404,0.40596,WSH,1,WSH,1,0,REAL_NHL_API_OR_DERIVED_FROM_REAL
20222023,2022020030,2022-10-15,TOR,OTT,0.612081,0.387919,TOR,1,TOR,1,0,REAL_NHL_API_OR_DERIVED_FROM_REAL
20222023,2022020031,2022-10-15,PIT,TBL,0.620353,0.379647,PIT,1,PIT,1,0,REAL_NHL_API_OR_DERIVED_FROM_REAL
20222023,2022020032,2022-10-15,NYI,ANA,0.641902,0.358098,NYI,1,NYI,1,0,REAL_NHL_API_OR_DERIVED_FROM_REAL
20222023,2022020033,2022-10-15,STL,CBJ,0.651979,0.348021,STL,1,STL,1,0,REAL_NHL_API_OR_DERIVED_FROM_REAL
20222023,2022020034,2022-10-15,MIN,LAK,0.279771,0.720229,LAK,0,LAK,1,0,REAL_NHL_API_OR_DERIVED_FROM_REAL
20222023,2022020035,2022-10-15,DAL,NSH,0.604232,0.395768,DAL,1,DAL,1,0,REAL_NHL_API_OR_DERIVED_FROM_REAL
20222023,2022020036,2022-10-15,EDM,CGY,0.319645,0.680355,CGY,0,CGY,1,0,REAL_NHL_API_OR_DERIVED_FROM_REAL
20222023,2022020037,2022-10-15,SEA,VGK,0.308421,0.691579,VGK,0,VGK,1,0,REAL_NHL_API_OR_DERIVED_FROM_REAL
20222023,2022020038,2022-10-15,SJS,CHI,0.451612,0.548388,CHI,0,CHI,1,0,REAL_NHL_API_OR_DERIVED_FROM_REAL
20222023,2022020039,2022-10-17,NYR,ANA,0.772747,0.227253,NYR,1,NYR,1,0,REAL_NHL_API_OR_DERIVED_FROM_REAL
20222023,2022020040,2022-10-17,TOR,UTA,0.652219,0.347781,TOR,0,UTA,0,0,REAL_NHL_API_OR_DERIVED_FROM_REAL
20222023,2022020041,2022-10-17,BOS,FLA,0.34802,0.65198,FLA,1,BOS,0,0,REAL_NHL_API_OR_DERIVED_FROM_REAL
20222023,2022020042,2022-10-17,MTL,PIT,0.399755,0.600245,PIT,1,MTL,0,0,REAL_NHL_API_OR_DERIVED_FROM_REAL
20222023,2022020043,2022-10-17,WSH,VAN,0.436835,0.563165,VAN,1,WSH,0,0,REAL_NHL_API_OR_DERIVED_FROM_REAL
20222023,2022020044,2022-10-17,DET,LAK,0.611445,0.388555,DET,0,LAK,0,0,REAL_NHL_API_OR_DERIVED_FROM_REAL
20222023,2022020045,2022-10-17,MIN,COL,0.606817,0.393183,MIN,0,COL,0,0,REAL_NHL_API_OR_DERIVED_FROM_REAL
20222023,2022020046,2022-10-17,DAL,WPG,0.619434,0.380566,DAL,1,DAL,1,0,REAL_NHL_API_OR_DERIVED_FROM_REAL
20222023,2022020047,2022-10-17,SEA,CAR,0.446984,0.553016,CAR,0,CAR,1,0,REAL_NHL_API_OR_DERIVED_FROM_REAL
20222023,2022020048,2022-10-18,NJD,ANA,0.582915,0.417085,NJD,1,NJD,1,0,REAL_NHL_API_OR_DERIVED_FROM_REAL
20222023,2022020049,2022-10-18,OTT,BOS,0.571408,0.428592,OTT,1,OTT,1,0,REAL_NHL_API_OR_DERIVED_FROM_REAL
20222023,2022020050,2022-10-18,CBJ,VAN,0.424787,0.575213,VAN,1,CBJ,0,0,REAL_NHL_API_OR_DERIVED_FROM_REAL
20222023,2022020051,2022-10-18,NYI,SJS,0.658815,0.341185,NYI,1,NYI,1,0,REAL_NHL_API_OR_DERIVED_FROM_REAL
20222023,2022020052,2022-10-18,NSH,LAK,0.470365,0.529635,LAK,0,LAK,1,0,REAL_NHL_API_OR_DERIVED_FROM_REAL
20222023,2022020053,2022-10-18,TBL,PHI,0.532567,0.467433,TBL,0,PHI,0,0,REAL_NHL_API_OR_DERIVED_FROM_REAL
20222023,2022020054,2022-10-18,EDM,BUF,0.487124,0.512876,BUF,0,BUF,1,0,REAL_NHL_API_OR_DERIVED_FROM_REAL
20222023,2022020055,2022-10-18,CGY,VGK,0.456105,0.543895,VGK,1,CGY,0,0,REAL_NHL_API_OR_DERIVED_FROM_REAL
20222023,2022020056,2022-10-19,FLA,PHI,0.457335,0.542665,PHI,1,FLA,0,0,REAL_NHL_API_OR_DERIVED_FROM_REAL
20222023,2022020057,2022-10-19,COL,WPG,0.643827,0.356173,COL,0,WPG,0,0,REAL_NHL_API_OR_DERIVED_FROM_REAL
20222023,2022020058,2022-10-19,SEA,STL,0.411284,0.588716,STL,0,STL,1,0,REAL_NHL_API_OR_DERIVED_FROM_REAL
20222023,2022020059,2022-10-20,BOS,ANA,0.652621,0.347379,BOS,1,BOS,1,0,REAL_NHL_API_OR_DERIVED_FROM_REAL
20222023,2022020060,2022-10-20,MTL,UTA,0.636495,0.363505,MTL,1,MTL,1,0,REAL_NHL_API_OR_DERIVED_FROM_REAL
20222023,2022020061,2022-10-20,TOR,DAL,0.428339,0.571661,DAL,1,TOR,0,0,REAL_NHL_API_OR_DERIVED_FROM_REAL
20222023,2022020062,2022-10-20,PIT,LAK,0.775992,0.224008,PIT,1,PIT,1,0,REAL_NHL_API_OR_DERIVED_FROM_REAL
20222023,2022020063,2022-10-20,CBJ,NSH,0.429115,0.570885,NSH,1,CBJ,0,0,REAL_NHL_API_OR_DERIVED_FROM_REAL
20222023,2022020064,2022-10-20,NYR,SJS,0.694739,0.305261,NYR,0,SJS,0,0,REAL_NHL_API_OR_DERIVED_FROM_REAL
20222023,2022020065,2022-10-20,OTT,WSH,0.635249,0.364751,OTT,1,OTT,1,0,REAL_NHL_API_OR_DERIVED_FROM_REAL
20222023,2022020066,2022-10-20,NYI,NJD,0.676871,0.323129,NYI,0,NJD,0,0,REAL_NHL_API_OR_DERIVED_FROM_REAL
20222023,2022020067,2022-10-20,MIN,VAN,0.484999,0.515001,VAN,1,MIN,0,0,REAL_NHL_API_OR_DERIVED_FROM_REAL
20222023,2022020068,2022-10-20,CGY,BUF,0.460631,0.539369,BUF,0,BUF,1,0,REAL_NHL_API_OR_DERIVED_FROM_REAL
20222023,2022020069,2022-10-20,EDM,CAR,0.416993,0.583007,CAR,1,EDM,0,0,REAL_NHL_API_OR_DERIVED_FROM_REAL
20222023,2022020070,2022-10-20,VGK,WPG,0.488268,0.511732,WPG,1,VGK,0,0,REAL_NHL_API_OR_DERIVED_FROM_REAL
20222023,2022020071,2022-10-21,FLA,TBL,0.62262,0.37738,FLA,0,TBL,0,0,REAL_NHL_API_OR_DERIVED_FROM_REAL
20222023,2022020072,2022-10-21,CHI,DET,0.267704,0.732296,DET,1,CHI,0,0,REAL_NHL_API_OR_DERIVED_FROM_REAL
20222023,2022020073,2022-10-21,COL,SEA,0.772753,0.227247,COL,0,SEA,0,0,REAL_NHL_API_OR_DERIVED_FROM_REAL
20222023,2022020074,2022-10-22,BOS,MIN,0.651421,0.348579,BOS,1,BOS,1,0,REAL_NHL_API_OR_DERIVED_FROM_REAL
20222023,2022020075,2022-10-22,NJD,SJS,0.63995,0.36005,NJD,1,NJD,1,0,REAL_NHL_API_OR_DERIVED_FROM_REAL
20222023,2022020076,2022-10-22,OTT,UTA,0.675601,0.324399,OTT,1,OTT,1,0,REAL_NHL_API_OR_DERIVED_FROM_REAL
20222023,2022020077,2022-10-22,EDM,STL,0.437199,0.562801,STL,0,STL,1,0,REAL_NHL_API_OR_DERIVED_FROM_REAL
20222023,2022020078,2022-10-22,MTL,DAL,0.579033,0.420967,MTL,0,DAL,0,0,REAL_NHL_API_OR_DERIVED_FROM_REAL
20222023,2022020079,2022-10-22,WSH,LAK,0.604839,0.395161,WSH,1,WSH,1,0,REAL_NHL_API_OR_DERIVED_FROM_REAL
20222023,2022020080,2022-10-22,TBL,NYI,0.459775,0.540225,NYI,1,TBL,0,0,REAL_NHL_API_OR_DERIVED_FROM_REAL
20222023,2022020081,2022-10-22,CBJ,PIT,0.393506,0.606494,PIT,0,PIT,1,0,REAL_NHL_API_OR_DERIVED_FROM_REAL
20222023,2022020082,2022-10-22,WPG,TOR,0.606252,0.393748,WPG,0,TOR,0,0,REAL_NHL_API_OR_DERIVED_FROM_REAL
20222023,2022020083,2022-10-22,NSH,PHI,0.460942,0.539058,PHI,0,PHI,1,0,REAL_NHL_API_OR_DERIVED_FROM_REAL
20222023,2022020084,2022-10-22,VAN,BUF,0.427866,0.572134,BUF,0,BUF,1,0,REAL_NHL_API_OR_DERIVED_FROM_REAL
20222023,2022020085,2022-10-22,CGY,CAR,0.573777,0.426223,CGY,1,CGY,1,0,REAL_NHL_API_OR_DERIVED_FROM_REAL
20222023,2022020086,2022-10-22,VGK,COL,0.610011,0.389989,VGK,0,COL,0,0,REAL_NHL_API_OR_DERIVED_FROM_REAL
20222023,2022020087,2022-10-23,CHI,SEA,0.586217,0.413783,CHI,1,CHI,1,0,REAL_NHL_API_OR_DERIVED_FROM_REAL
20222023,2022020088,2022-10-23,DET,ANA,0.666803,0.333197,DET,1,DET,1,0,REAL_NHL_API_OR_DERIVED_FROM_REAL
20222023,2022020089,2022-10-23,NYR,CBJ,0.660528,0.339472,NYR,0,CBJ,0,0,REAL_NHL_API_OR_DERIVED_FROM_REAL
20222023,2022020090,2022-10-23,FLA,NYI,0.627258,0.372742,FLA,1,FLA,1,0,REAL_NHL_API_OR_DERIVED_FROM_REAL
20222023,2022020091,2022-10-23,PHI,SJS,0.665056,0.334944,PHI,0,SJS,0,0,REAL_NHL_API_OR_DERIVED_FROM_REAL
20222023,2022020092,2022-10-24,OTT,DAL,0.465538,0.534462,DAL,1,OTT,0,0,REAL_NHL_API_OR_DERIVED_FROM_REAL
20222023,2022020093,2022-10-24,NJD,WSH,0.38579,0.61421,WSH,0,WSH,1,0,REAL_NHL_API_OR_DERIVED_FROM_REAL
20222023,2022020094,2022-10-24,EDM,PIT,0.416216,0.583784,PIT,1,EDM,0,0,REAL_NHL_API_OR_DERIVED_FROM_REAL
20222023,2022020095,2022-10-24,WPG,STL,0.427124,0.572876,STL,1,WPG,0,0,REAL_NHL_API_OR_DERIVED_FROM_REAL
20222023,2022020096,2022-10-24,VGK,TOR,0.440686,0.559314,TOR,1,VGK,0,0,REAL_NHL_API_OR_DERIVED_FROM_REAL
20222023,2022020097,2022-10-24,VAN,CAR,0.40884,0.59116,CAR,0,CAR,1,0,REAL_NHL_API_OR_DERIVED_FROM_REAL
20222023,2022020098,2022-10-25,CBJ,UTA,0.521663,0.478337,CBJ,0,UTA,0,0,REAL_NHL_API_OR_DERIVED_FROM_REAL
20222023,2022020099,2022-10-25,NYR,COL,0.43596,0.56404,COL,0,COL,1,0,REAL_NHL_API_OR_DERIVED_FROM_REAL
20222023,2022020100,2022-10-25,BOS,DAL,0.63031,0.36969,BOS,1,BOS,1,0,REAL_NHL_API_OR_DERIVED_FROM_REAL
20222023,2022020101,2022-10-25,MTL,MIN,0.579499,0.420501,MTL,0,MIN,0,0,REAL_NHL_API_OR_DERIVED_FROM_REAL
20222023,2022020102,2022-10-25,DET,NJD,0.693546,0.306454,DET,0,NJD,0,0,REAL_NHL_API_OR_DERIVED_FROM_REAL
20222023,2022020103,2022-10-25,CHI,FLA,0.429894,0.570106,FLA,1,CHI,0,0,REAL_NHL_API_OR_DERIVED_FROM_REAL
20222023,2022020104,2022-10-25,CGY,PIT,0.538058,0.461942,CGY,1,CGY,1,0,REAL_NHL_API_OR_DERIVED_FROM_REAL
20222023,2022020105,2022-10-25,SEA,BUF,0.358111,0.641889,BUF,1,SEA,0,0,REAL_NHL_API_OR_DERIVED_FROM_REAL
20222023,2022020106,2022-10-25,LAK,TBL,0.446817,0.553183,TBL,1,LAK,0,0,REAL_NHL_API_OR_DERIVED_FROM_REAL
20222023,2022020107,2022-10-25,SJS,VGK,0.41013,0.58987,VGK,0,VGK,1,0,REAL_NHL_API_OR_DERIVED_FROM_REAL
20222023,2022020108,2022-10-26,NYI,NYR,0.466419,0.533581,NYR,1,NYI,0,0,REAL_NHL_API_OR_DERIVED_FROM_REAL
20222023,2022020109,2022-10-26,STL,EDM,0.596274,0.403726,STL,0,EDM,0,0,REAL_NHL_API_OR_DERIVED_FROM_REAL
20222023,2022020110,2022-10-26,ANA,TBL,0.441049,0.558951,TBL,0,TBL,1,0,REAL_NHL_API_OR_DERIVED_FROM_REAL
20222023,2022020111,2022-10-27,BOS,DET,0.603434,0.396566,BOS,1,BOS,1,0,REAL_NHL_API_OR_DERIVED_FROM_REAL
20222023,2022020112,2022-10-27,PHI,FLA,0.516508,0.483492,PHI,1,PHI,1,0,REAL_NHL_API_OR_DERIVED_FROM_REAL
20222023,2022020113,2022-10-27,OTT,MIN,0.662007,0.337993,OTT,0,MIN,0,0,REAL_NHL_API_OR_DERIVED_FROM_REAL
20222023,2022020114,2022-10-27,BUF,MTL,0.512732,0.487268,BUF,0,MTL,0,0,REAL_NHL_API_OR_DERIVED_FROM_REAL
20222023,2022020115,2022-10-27,NSH,STL,0.441544,0.558456,STL,1,NSH,0,0,REAL_NHL_API_OR_DERIVED_FROM_REAL
20222023,2022020116,2022-10-27,CHI,EDM,0.593968,0.406032,CHI,0,EDM,0,0,REAL_NHL_API_OR_DERIVED_FROM_REAL
20222023,2022020117,2022-10-27,DAL,WSH,0.596364,0.403636,DAL,1,DAL,1,0,REAL_NHL_API_OR_DERIVED_FROM_REAL
20222023,2022020118,2022-10-27,SEA,VAN,0.628819,0.371181,SEA,0,VAN,0,0,REAL_NHL_API_OR_DERIVED_FROM_REAL
20222023,2022020119,2022-10-27,SJS,TOR,0.420694,0.579306,TOR,1,SJS,0,0,REAL_NHL_API_OR_DERIVED_FROM_REAL
20222023,2022020120,2022-10-27,LAK,WPG,0.470999,0.529001,WPG,0,WPG,1,0,REAL_NHL_API_OR_DERIVED_FROM_REAL
20222023,2022020121,2022-10-28,VGK,ANA,0.79593,0.20407,VGK,1,VGK,1,0,REAL_NHL_API_OR_DERIVED_FROM_REAL
20222023,2022020122,2022-10-28,CBJ,BOS,0.368979,0.631021,BOS,0,BOS,1,0,REAL_NHL_API_OR_DERIVED_FROM_REAL
20222023,2022020123,2022-10-28,NJD,COL,0.458268,0.541732,COL,1,NJD,0,0,REAL_NHL_API_OR_DERIVED_FROM_REAL
20222023,2022020124,2022-10-28,CAR,NYI,0.626902,0.373098,CAR,0,NYI,0,0,REAL_NHL_API_OR_DERIVED_FROM_REAL
20222023,2022020125,2022-10-28,VAN,PIT,0.405338,0.594662,PIT,1,VAN,0,0,REAL_NHL_API_OR_DERIVED_FROM_REAL
20222023,2022020126,2022-10-28,UTA,WPG,0.416587,0.583413,WPG,0,WPG,1,0,REAL_NHL_API_OR_DERIVED_FROM_REAL
20222023,2022020127,2022-10-29,DAL,NYR,0.461726,0.538274,NYR,0,NYR,1,0,REAL_NHL_API_OR_DERIVED_FROM_REAL
20222023,2022020128,2022-10-29,FLA,OTT,0.420437,0.579563,OTT,1,FLA,0,0,REAL_NHL_API_OR_DERIVED_FROM_REAL
20222023,2022020129,2022-10-29,SJS,TBL,0.429023,0.570977,TBL,0,TBL,1,0,REAL_NHL_API_OR_DERIVED_FROM_REAL
20222023,2022020130,2022-10-29,PHI,CAR,0.58868,0.41132,PHI,0,CAR,0,0,REAL_NHL_API_OR_DERIVED_FROM_REAL
20222023,2022020131,2022-10-29,BUF,CHI,0.64849,0.35151,BUF,1,BUF,1,0,REAL_NHL_API_OR_DERIVED_FROM_REAL
20222023,2022020132,2022-10-29,DET,MIN,0.434905,0.565095,MIN,1,DET,0,0,REAL_NHL_API_OR_DERIVED_FROM_REAL
20222023,2022020133,2022-10-29,STL,MTL,0.626789,0.373211,STL,0,MTL,0,0,REAL_NHL_API_OR_DERIVED_FROM_REAL
20222023,2022020134,2022-10-29,LAK,TOR,0.360728,0.639272,TOR,1,LAK,0,0,REAL_NHL_API_OR_DERIVED_FROM_REAL
20222023,2022020135,2022-10-29,NYI,COL,0.621757,0.378243,NYI,1,NYI,1,0,REAL_NHL_API_OR_DERIVED_FROM_REAL
20222023,2022020136,2022-10-29,NSH,WSH,0.444817,0.555183,WSH,0,WSH,1,0,REAL_NHL_API_OR_DERIVED_FROM_REAL
20222023,2022020137,2022-10-29,CGY,EDM,0.568744,0.431256,CGY,0,EDM,0,0,REAL_NHL_API_OR_DERIVED_FROM_REAL
20222023,2022020138,2022-10-29,SEA,PIT,0.441118,0.558882,PIT,1,SEA,0,0,REAL_NHL_API_OR_DERIVED_FROM_REAL
20222023,2022020139,2022-10-30,NJD,CBJ,0.595582,0.404418,NJD,1,NJD,1,0,REAL_NHL_API_OR_DERIVED_FROM_REAL
20222023,2022020140,2022-10-30,CHI,MIN,0.614353,0.385647,CHI,0,MIN,0,0,REAL_NHL_API_OR_DERIVED_FROM_REAL
20222023,2022020141,2022-10-30,UTA,NYR,0.454487,0.545513,NYR,0,NYR,1,0,REAL_NHL_API_OR_DERIVED_FROM_REAL
20222023,2022020142,2022-10-30,ANA,TOR,0.410152,0.589848,TOR,1,ANA,0,0,REAL_NHL_API_OR_DERIVED_FROM_REAL
20222023,2022020143,2022-10-30,VGK,WPG,0.636185,0.363815,VGK,1,VGK,1,0,REAL_NHL_API_OR_DERIVED_FROM_REAL
20222023,2022020144,2022-10-31,BUF,DET,0.624247,0.375753,BUF,1,BUF,1,0,REAL_NHL_API_OR_DERIVED_FROM_REAL
20222023,2022020145,2022-10-31,CAR,WSH,0.442923,0.557077,WSH,1,CAR,0,0,REAL_NHL_API_OR_DERIVED_FROM_REAL
20222023,2022020146,2022-10-31,STL,LAK,0.305698,0.694302,LAK,0,LAK,1,0,REAL_NHL_API_OR_DERIVED_FROM_REAL
20222023,2022020147,2022-11-01,PIT,BOS,0.61376,0.38624,PIT,0,BOS,0,0,REAL_NHL_API_OR_DERIVED_FROM_REAL
20222023,2022020148,2022-11-01,TBL,OTT,0.614008,0.385992,TBL,1,TBL,1,0,REAL_NHL_API_OR_DERIVED_FROM_REAL
20222023,2022020149,2022-11-01,NYR,PHI,0.442535,0.557465,PHI,1,NYR,0,0,REAL_NHL_API_OR_DERIVED_FROM_REAL
20222023,2022020150,2022-11-01,WSH,VGK,0.426237,0.573763,VGK,0,VGK,1,0,REAL_NHL_API_OR_DERIVED_FROM_REAL
20222023,2022020151,2022-11-01,MIN,MTL,0.462038,0.537962,MTL,1,MIN,0,0,REAL_NHL_API_OR_DERIVED_FROM_REAL
20222023,2022020152,2022-11-01,CHI,NYI,0.295522,0.704478,NYI,0,NYI,1,0,REAL_NHL_API_OR_DERIVED_FROM_REAL
20222023,2022020153,2022-11-01,DAL,LAK,0.437232,0.562768,LAK,1,DAL,0,0,REAL_NHL_API_OR_DERIVED_FROM_REAL
20222023,2022020154,2022-11-01,EDM,NSH,0.619652,0.380348,EDM,1,EDM,1,0,REAL_NHL_API_OR_DERIVED_FROM_REAL
20222023,2022020155,2022-11-01,CGY,SEA,0.618091,0.381909,CGY,0,SEA,0,0,REAL_NHL_API_OR_DERIVED_FROM_REAL
20222023,2022020156,2022-11-01,UTA,FLA,0.43136,0.56864,FLA,1,UTA,0,0,REAL_NHL_API_OR_DERIVED_FROM_REAL
20222023,2022020157,2022-11-01,VAN,NJD,0.460835,0.539165,NJD,0,NJD,1,0,REAL_NHL_API_OR_DERIVED_FROM_REAL
20222023,2022020158,2022-11-01,SJS,ANA,0.627739,0.372261,SJS,0,ANA,0,0,REAL_NHL_API_OR_DERIVED_FROM_REAL
20222023,2022020159,2022-11-02,TOR,PHI,0.529017,0.470983,TOR,1,TOR,1,0,REAL_NHL_API_OR_DERIVED_FROM_REAL
20222023,2022020160,2022-11-02,BUF,PIT,0.655005,0.344995,BUF,1,BUF,1,0,REAL_NHL_API_OR_DERIVED_FROM_REAL
20222023,2022020161,2022-11-03,NYR,BOS,0.410526,0.589474,BOS,0,BOS,1,0,REAL_NHL_API_OR_DERIVED_FROM_REAL
20222023,2022020162,2022-11-03,TBL,CAR,0.63588,0.36412,TBL,0,CAR,0,0,REAL_NHL_API_OR_DERIVED_FROM_REAL
20222023,2022020163,2022-11-03,OTT,VGK,0.276001,0.723999,VGK,0,VGK,1,0,REAL_NHL_API_OR_DERIVED_FROM_REAL
20222023,2022020164,2022-11-03,DET,WSH,0.444586,0.555414,WSH,1,DET,0,0,REAL_NHL_API_OR_DERIVED_FROM_REAL
20222023,2022020165,2022-11-03,WPG,MTL,0.633883,0.366117,WPG,1,WPG,1,0,REAL_NHL_API_OR_DERIVED_FROM_REAL
20222023,2022020166,2022-11-03,STL,NYI,0.406396,0.593604,NYI,0,NYI,1,0,REAL_NHL_API_OR_DERIVED_FROM_REAL
20222023,2022020167,2022-11-03,MIN,SEA,0.595784,0.404216,MIN,0,SEA,0,0,REAL_NHL_API_OR_DERIVED_FROM_REAL
20222023,2022020168,2022-11-03,CHI,LAK,0.437026,0.562974,LAK,1,CHI,0,0,REAL_NHL_API_OR_DERIVED_FROM_REAL
20222023,2022020169,2022-11-03,CGY,NSH,0.584841,0.415159,CGY,0,NSH,0,0,REAL_NHL_API_OR_DERIVED_FROM_REAL
20222023,2022020170,2022-11-03,EDM,NJD,0.661177,0.338823,EDM,0,NJD,0,0,REAL_NHL_API_OR_DERIVED_FROM_REAL
20222023,2022020171,2022-11-03,VAN,ANA,0.632017,0.367983,VAN,1,VAN,1,0,REAL_NHL_API_OR_DERIVED_FROM_REAL
20222023,2022020172,2022-11-03,UTA,DAL,0.295049,0.704951,DAL,0,DAL,1,0,REAL_NHL_API_OR_DERIVED_FROM_REAL
20222023,2022020173,2022-11-03,SJS,FLA,0.450062,0.549938,FLA,0,FLA,1,0,REAL_NHL_API_OR_DERIVED_FROM_REAL
20222023,2022020174,2022-11-04,CAR,BUF,0.433115,0.566885,BUF,1,CAR,0,0,REAL_NHL_API_OR_DERIVED_FROM_REAL
20222023,2022020175,2022-11-04,COL,CBJ,0.624411,0.375589,COL,1,COL,1,0,REAL_NHL_API_OR_DERIVED_FROM_REAL
20222023,2022020176,2022-11-05,WPG,CHI,0.736961,0.263039,WPG,1,WPG,1,0,REAL_NHL_API_OR_DERIVED_FROM_REAL
20222023,2022020177,2022-11-05,EDM,DAL,0.490202,0.509798,DAL,0,DAL,1,0,REAL_NHL_API_OR_DERIVED_FROM_REAL
20222023,2022020178,2022-11-05,WSH,UTA,0.635998,0.364002,WSH,0,UTA,0,0,REAL_NHL_API_OR_DERIVED_FROM_REAL
20222023,2022020179,2022-11-05,TOR,BOS,0.250936,0.749064,BOS,1,TOR,0,0,REAL_NHL_API_OR_DERIVED_FROM_REAL
20222023,2022020180,2022-11-05,TBL,BUF,0.461992,0.538008,BUF,1,TBL,0,0,REAL_NHL_API_OR_DERIVED_FROM_REAL
20222023,2022020181,2022-11-05,DET,NYI,0.619275,0.380725,DET,1,DET,1,0,REAL_NHL_API_OR_DERIVED_FROM_REAL
20222023,2022020182,2022-11-05,OTT,PHI,0.650767,0.349233,OTT,0,PHI,0,0,REAL_NHL_API_OR_DERIVED_FROM_REAL
20222023,2022020183,2022-11-05,PIT,SEA,0.398807,0.601193,SEA,0,SEA,1,0,REAL_NHL_API_OR_DERIVED_FROM_REAL
20222023,2022020184,2022-11-05,MTL,VGK,0.399912,0.600088,VGK,0,VGK,1,0,REAL_NHL_API_OR_DERIVED_FROM_REAL
20222023,2022020185,2022-11-05,CBJ,COL,0.42603,0.57397,COL,0,COL,1,0,REAL_NHL_API_OR_DERIVED_FROM_REAL
20222023,2022020186,2022-11-05,VAN,NSH,0.45278,0.54722,NSH,0,NSH,1,0,REAL_NHL_API_OR_DERIVED_FROM_REAL
20222023,2022020187,2022-11-05,CGY,NJD,0.413714,0.586286,NJD,0,NJD,1,0,REAL_NHL_API_OR_DERIVED_FROM_REAL
20222023,2022020188,2022-11-05,SJS,ANA,0.619257,0.380743,SJS,0,ANA,0,0,REAL_NHL_API_OR_DERIVED_FROM_REAL
20222023,2022020189,2022-11-05,LAK,FLA,0.459443,0.540557,FLA,1,LAK,0,0,REAL_NHL_API_OR_DERIVED_FROM_REAL
20222023,2022020190,2022-11-06,NYR,DET,0.621922,0.378078,NYR,0,DET,0,0,REAL_NHL_API_OR_DERIVED_FROM_REAL
20222023,2022020191,2022-11-06,CAR,TOR,0.602191,0.397809,CAR,0,TOR,0,0,REAL_NHL_API_OR_DERIVED_FROM_REAL
20222023,2022020192,2022-11-06,ANA,FLA,0.434169,0.565831,FLA,0,FLA,1,0,REAL_NHL_API_OR_DERIVED_FROM_REAL
20222023,2022020193,2022-11-07,NYI,CGY,0.400536,0.599464,CGY,1,NYI,0,0,REAL_NHL_API_OR_DERIVED_FROM_REAL
20222023,2022020194,2022-11-07,BOS,STL,0.683884,0.316116,BOS,1,BOS,1,0,REAL_NHL_API_OR_DERIVED_FROM_REAL
20222023,2022020195,2022-11-07,WSH,EDM,0.402605,0.597395,EDM,1,WSH,0,0,REAL_NHL_API_OR_DERIVED_FROM_REAL
20222023,2022020196,2022-11-08,BUF,UTA,0.683972,0.316028,BUF,0,UTA,0,0,REAL_NHL_API_OR_DERIVED_FROM_REAL
20222023,2022020197,2022-11-08,NJD,CGY,0.622445,0.377555,NJD,1,NJD,1,0,REAL_NHL_API_OR_DERIVED_FROM_REAL
20222023,2022020198,2022-11-08,NYR,NYI,0.459892,0.540108,NYI,0,NYI,1,0,REAL_NHL_API_OR_DERIVED_FROM_REAL
20222023,2022020199,2022-11-08,PHI,STL,0.619655,0.380345,PHI,1,PHI,1,0,REAL_NHL_API_OR_DERIVED_FROM_REAL
20222023,2022020200,2022-11-08,OTT,VAN,0.591813,0.408187,OTT,0,VAN,0,0,REAL_NHL_API_OR_DERIVED_FROM_REAL
20222023,2022020201,2022-11-08,TOR,VGK,0.443799,0.556201,VGK,0,VGK,1,0,REAL_NHL_API_OR_DERIVED_FROM_REAL
20222023,2022020202,2022-11-08,TBL,EDM,0.635902,0.364098,TBL,0,EDM,0,0,REAL_NHL_API_OR_DERIVED_FROM_REAL
20222023,2022020203,2022-11-08,DET,MTL,0.632269,0.367731,DET,0,MTL,0,0,REAL_NHL_API_OR_DERIVED_FROM_REAL
20222023,2022020204,2022-11-08,WPG,DAL,0.609671,0.390329,WPG,1,WPG,1,0,REAL_NHL_API_OR_DERIVED_FROM_REAL
20222023,2022020205,2022-11-08,SEA,NSH,0.779114,0.220886,SEA,1,SEA,1,0,REAL_NHL_API_OR_DERIVED_FROM_REAL
20222023,2022020206,2022-11-08,LAK,MIN,0.620524,0.379476,LAK,1,LAK,1,0,REAL_NHL_API_OR_DERIVED_FROM_REAL
20222023,2022020207,2022-11-09,FLA,CAR,0.616722,0.383278,FLA,1,FLA,1,0,REAL_NHL_API_OR_DERIVED_FROM_REAL
20222023,2022020208,2022-11-09,WSH,PIT,0.626672,0.373328,WSH,0,PIT,0,0,REAL_NHL_API_OR_DERIVED_FROM_REAL
20222023,2022020209,2022-11-09,MTL,VAN,0.554043,0.445957,MTL,1,MTL,1,0,REAL_NHL_API_OR_DERIVED_FROM_REAL
20222023,2022020210,2022-11-09,ANA,MIN,0.477425,0.522575,MIN,0,MIN,1,0,REAL_NHL_API_OR_DERIVED_FROM_REAL
20222023,2022020211,2022-11-10,BOS,CGY,0.675144,0.324856,BOS,1,BOS,1,0,REAL_NHL_API_OR_DERIVED_FROM_REAL
20222023,2022020212,2022-11-10,CAR,EDM,0.454429,0.545571,EDM,1,CAR,0,0,REAL_NHL_API_OR_DERIVED_FROM_REAL
20222023,2022020213,2022-11-10,NJD,OTT,0.478391,0.521609,OTT,1,NJD,0,0,REAL_NHL_API_OR_DERIVED_FROM_REAL
20222023,2022020214,2022-11-10,CBJ,PHI,0.401903,0.598097,PHI,1,CBJ,0,0,REAL_NHL_API_OR_DERIVED_FROM_REAL
20222023,2022020215,2022-11-10,BUF,VGK,0.440298,0.559702,VGK,0,VGK,1,0,REAL_NHL_API_OR_DERIVED_FROM_REAL
20222023,2022020216,2022-11-10,NYI,UTA,0.627732,0.372268,NYI,0,UTA,0,0,REAL_NHL_API_OR_DERIVED_FROM_REAL
20222023,2022020217,2022-11-10,DET,NYR,0.69574,0.30426,DET,0,NYR,0,0,REAL_NHL_API_OR_DERIVED_FROM_REAL
20222023,2022020218,2022-11-10,STL,SJS,0.483493,0.516507,SJS,1,STL,0,0,REAL_NHL_API_OR_DERIVED_FROM_REAL
20222023,2022020219,2022-11-10,COL,NSH,0.65904,0.34096,COL,1,COL,1,0,REAL_NHL_API_OR_DERIVED_FROM_REAL
20222023,2022020220,2022-11-10,LAK,CHI,0.663513,0.336487,LAK,1,LAK,1,0,REAL_NHL_API_OR_DERIVED_FROM_REAL
20222023,2022020221,2022-11-11,TOR,PIT,0.614628,0.385372,TOR,0,PIT,0,0,REAL_NHL_API_OR_DERIVED_FROM_REAL
20222023,2022020222,2022-11-11,WSH,TBL,0.404777,0.595223,TBL,1,WSH,0,0,REAL_NHL_API_OR_DERIVED_FROM_REAL
20222023,2022020223,2022-11-11,DAL,SJS,0.70765,0.29235,DAL,0,SJS,0,0,REAL_NHL_API_OR_DERIVED_FROM_REAL
20222023,2022020224,2022-11-11,SEA,MIN,0.514319,0.485681,SEA,0,MIN,0,0,REAL_NHL_API_OR_DERIVED_FROM_REAL
20222023,2022020225,2022-11-12,PHI,OTT,0.60291,0.39709,PHI,0,OTT,0,0,REAL_NHL_API_OR_DERIVED_FROM_REAL
20222023,2022020226,2022-11-12,FLA,EDM,0.492752,0.507248,EDM,0,EDM,1,0,REAL_NHL_API_OR_DERIVED_FROM_REAL
20222023,2022020227,2022-11-12,NJD,UTA,0.642309,0.357691,NJD,1,NJD,1,0,REAL_NHL_API_OR_DERIVED_FROM_REAL
20222023,2022020228,2022-11-12,BUF,BOS,0.41755,0.58245,BOS,0,BOS,1,0,REAL_NHL_API_OR_DERIVED_FROM_REAL
20222023,2022020229,2022-11-12,MTL,PIT,0.603825,0.396175,MTL,1,MTL,1,0,REAL_NHL_API_OR_DERIVED_FROM_REAL
20222023,2022020230,2022-11-12,TOR,VAN,0.58209,0.41791,TOR,1,TOR,1,0,REAL_NHL_API_OR_DERIVED_FROM_REAL
20222023,2022020231,2022-11-12,NYI,CBJ,0.607697,0.392303,NYI,1,NYI,1,0,REAL_NHL_API_OR_DERIVED_FROM_REAL
20222023,2022020232,2022-11-12,NSH,NYR,0.50573,0.49427,NSH,1,NSH,1,0,REAL_NHL_API_OR_DERIVED_FROM_REAL
20222023,2022020233,2022-11-12,COL,CAR,0.635173,0.364827,COL,1,COL,1,0,REAL_NHL_API_OR_DERIVED_FROM_REAL
20222023,2022020234,2022-11-12,ANA,CHI,0.474184,0.525816,CHI,0,CHI,1,0,REAL_NHL_API_OR_DERIVED_FROM_REAL
20222023,2022020235,2022-11-12,VGK,STL,0.702949,0.297051,VGK,0,STL,0,0,REAL_NHL_API_OR_DERIVED_FROM_REAL
20222023,2022020236,2022-11-12,CGY,WPG,0.415637,0.584363,WPG,1,CGY,0,0,REAL_NHL_API_OR_DERIVED_FROM_REAL
20222023,2022020237,2022-11-12,LAK,DET,0.60624,0.39376,LAK,1,LAK,1,0,REAL_NHL_API_OR_DERIVED_FROM_REAL
20222023,2022020238,2022-11-13,PHI,DAL,0.415659,0.584341,DAL,0,DAL,1,0,REAL_NHL_API_OR_DERIVED_FROM_REAL
20222023,2022020239,2022-11-13,NYR,UTA,0.508342,0.491658,NYR,1,NYR,1,0,REAL_NHL_API_OR_DERIVED_FROM_REAL
20222023,2022020240,2022-11-13,MIN,SJS,0.590215,0.409785,MIN,0,SJS,0,0,REAL_NHL_API_OR_DERIVED_FROM_REAL
20222023,2022020241,2022-11-13,BOS,VAN,0.630698,0.369302,BOS,1,BOS,1,0,REAL_NHL_API_OR_DERIVED_FROM_REAL
20222023,2022020242,2022-11-13,TBL,WSH,0.795157,0.204843,TBL,1,TBL,1,0,REAL_NHL_API_OR_DERIVED_FROM_REAL
20222023,2022020243,2022-11-13,SEA,WPG,0.51715,0.48285,SEA,0,WPG,0,0,REAL_NHL_API_OR_DERIVED_FROM_REAL
20222023,2022020244,2022-11-14,OTT,NYI,0.446613,0.553387,NYI,0,NYI,1,0,REAL_NHL_API_OR_DERIVED_FROM_REAL
20222023,2022020245,2022-11-14,CHI,CAR,0.402821,0.597179,CAR,0,CAR,1,0,REAL_NHL_API_OR_DERIVED_FROM_REAL
20222023,2022020246,2022-11-14,CGY,LAK,0.423333,0.576667,LAK,1,CGY,0,0,REAL_NHL_API_OR_DERIVED_FROM_REAL
20222023,2022020247,2022-11-14,COL,STL,0.722815,0.277185,COL,0,STL,0,0,REAL_NHL_API_OR_DERIVED_FROM_REAL
20222023,2022020248,2022-11-15,TBL,DAL,0.464616,0.535384,DAL,1,TBL,0,0,REAL_NHL_API_OR_DERIVED_FROM_REAL
20222023,2022020249,2022-11-15,MTL,NJD,0.425758,0.574242,NJD,0,NJD,1,0,REAL_NHL_API_OR_DERIVED_FROM_REAL
20222023,2022020250,2022-11-15,CBJ,PHI,0.284499,0.715501,PHI,1,CBJ,0,0,REAL_NHL_API_OR_DERIVED_FROM_REAL
20222023,2022020251,2022-11-15,PIT,TOR,0.508961,0.491039,PIT,0,TOR,0,0,REAL_NHL_API_OR_DERIVED_FROM_REAL
20222023,2022020252,2022-11-15,BUF,VAN,0.617524,0.382476,BUF,0,VAN,0,0,REAL_NHL_API_OR_DERIVED_FROM_REAL
20222023,2022020253,2022-11-15,FLA,WSH,0.6559,0.3441,FLA,1,FLA,1,0,REAL_NHL_API_OR_DERIVED_FROM_REAL
20222023,2022020254,2022-11-15,NSH,MIN,0.48175,0.51825,MIN,1,NSH,0,0,REAL_NHL_API_OR_DERIVED_FROM_REAL
20222023,2022020255,2022-11-15,ANA,DET,0.420103,0.579897,DET,1,ANA,0,0,REAL_NHL_API_OR_DERIVED_FROM_REAL
20222023,2022020256,2022-11-15,VGK,SJS,0.623686,0.376314,VGK,0,SJS,0,0,REAL_NHL_API_OR_DERIVED_FROM_REAL
20222023,2022020257,2022-11-16,OTT,BUF,0.773767,0.226233,OTT,1,OTT,1,0,REAL_NHL_API_OR_DERIVED_FROM_REAL
20222023,2022020258,2022-11-16,CHI,STL,0.551203,0.448797,CHI,0,STL,0,0,REAL_NHL_API_OR_DERIVED_FROM_REAL
20222023,2022020259,2022-11-16,EDM,LAK,0.440216,0.559784,LAK,0,LAK,1,0,REAL_NHL_API_OR_DERIVED_FROM_REAL
20222023,2022020260,2022-11-17,TBL,CGY,0.642639,0.357361,TBL,1,TBL,1,0,REAL_NHL_API_OR_DERIVED_FROM_REAL
20222023,2022020261,2022-11-17,CAR,COL,0.403361,0.596639,COL,0,COL,1,0,REAL_NHL_API_OR_DERIVED_FROM_REAL
20222023,2022020262,2022-11-17,FLA,DAL,0.761755,0.238245,FLA,0,DAL,0,0,REAL_NHL_API_OR_DERIVED_FROM_REAL
20222023,2022020263,2022-11-17,CBJ,MTL,0.443266,0.556734,MTL,1,CBJ,0,0,REAL_NHL_API_OR_DERIVED_FROM_REAL
20222023,2022020264,2022-11-17,TOR,NJD,0.417273,0.582727,NJD,0,NJD,1,0,REAL_NHL_API_OR_DERIVED_FROM_REAL
20222023,2022020265,2022-11-17,BOS,PHI,0.658909,0.341091,BOS,1,BOS,1,0,REAL_NHL_API_OR_DERIVED_FROM_REAL
20222023,2022020266,2022-11-17,WPG,ANA,0.66143,0.33857,WPG,1,WPG,1,0,REAL_NHL_API_OR_DERIVED_FROM_REAL
20222023,2022020267,2022-11-17,NSH,NYI,0.439886,0.560114,NYI,1,NSH,0,0,REAL_NHL_API_OR_DERIVED_FROM_REAL
20222023,2022020268,2022-11-17,MIN,PIT,0.588747,0.411253,MIN,0,PIT,0,0,REAL_NHL_API_OR_DERIVED_FROM_REAL
20222023,2022020269,2022-11-17,STL,WSH,0.63026,0.36974,STL,1,STL,1,0,REAL_NHL_API_OR_DERIVED_FROM_REAL
20222023,2022020270,2022-11-17,VGK,UTA,0.66869,0.33131,VGK,1,VGK,1,0,REAL_NHL_API_OR_DERIVED_FROM_REAL
20222023,2022020271,2022-11-17,SEA,NYR,0.622347,0.377653,SEA,1,SEA,1,0,REAL_NHL_API_OR_DERIVED_FROM_REAL
20222023,2022020272,2022-11-17,SJS,DET,0.460173,0.539827,DET,0,DET,1,0,REAL_NHL_API_OR_DERIVED_FROM_REAL
20222023,2022020273,2022-11-18,VAN,LAK,0.450762,0.549238,LAK,1,VAN,0,0,REAL_NHL_API_OR_DERIVED_FROM_REAL
20222023,2022020274,2022-11-19,OTT,NJD,0.285105,0.714895,NJD,0,NJD,1,0,REAL_NHL_API_OR_DERIVED_FROM_REAL
20222023,2022020275,2022-11-19,FLA,CGY,0.666358,0.333642,FLA,0,CGY,0,0,REAL_NHL_API_OR_DERIVED_FROM_REAL
20222023,2022020276,2022-11-19,TOR,BUF,0.616453,0.383547,TOR,1,TOR,1,0,REAL_NHL_API_OR_DERIVED_FROM_REAL
20222023,2022020277,2022-11-19,BOS,CHI,0.683093,0.316907,BOS,1,BOS,1,0,REAL_NHL_API_OR_DERIVED_FROM_REAL
20222023,2022020278,2022-11-19,WSH,COL,0.416988,0.583012,COL,0,COL,1,0,REAL_NHL_API_OR_DERIVED_FROM_REAL
20222023,2022020279,2022-11-19,CBJ,DET,0.448602,0.551398,DET,0,DET,1,0,REAL_NHL_API_OR_DERIVED_FROM_REAL
20222023,2022020280,2022-11-19,MTL,PHI,0.649328,0.350672,MTL,1,MTL,1,0,REAL_NHL_API_OR_DERIVED_FROM_REAL
20222023,2022020281,2022-11-19,WPG,PIT,0.630017,0.369983,WPG,0,PIT,0,0,REAL_NHL_API_OR_DERIVED_FROM_REAL
20222023,2022020282,2022-11-19,STL,ANA,0.773007,0.226993,STL,1,STL,1,0,REAL_NHL_API_OR_DERIVED_FROM_REAL
20222023,2022020283,2022-11-19,MIN,CAR,0.463055,0.536945,CAR,1,MIN,0,0,REAL_NHL_API_OR_DERIVED_FROM_REAL
20222023,2022020284,2022-11-19,DAL,NYI,0.589597,0.410403,DAL,1,DAL,1,0,REAL_NHL_API_OR_DERIVED_FROM_REAL
20222023,2022020285,2022-11-19,NSH,TBL,0.576439,0.423561,NSH,0,TBL,0,0,REAL_NHL_API_OR_DERIVED_FROM_REAL
20222023,2022020286,2022-11-19,SEA,LAK,0.636128,0.363872,SEA,1,SEA,1,0,REAL_NHL_API_OR_DERIVED_FROM_REAL
20222023,2022020287,2022-11-19,EDM,VGK,0.436297,0.563703,VGK,1,EDM,0,0,REAL_NHL_API_OR_DERIVED_FROM_REAL
20222023,2022020288,2022-11-19,SJS,NYR,0.428578,0.571422,NYR,0,NYR,1,0,REAL_NHL_API_OR_DERIVED_FROM_REAL
20222023,2022020289,2022-11-20,CBJ,FLA,0.457635,0.542365,FLA,1,CBJ,0,0,REAL_NHL_API_OR_DERIVED_FROM_REAL
20222023,2022020290,2022-11-20,CHI,PIT,0.39566,0.60434,PIT,0,PIT,1,0,REAL_NHL_API_OR_DERIVED_FROM_REAL
20222023,2022020291,2022-11-21,TBL,BOS,0.421058,0.578942,BOS,0,BOS,1,0,REAL_NHL_API_OR_DERIVED_FROM_REAL
20222023,2022020292,2022-11-21,PHI,CGY,0.595726,0.404274,PHI,0,CGY,0,0,REAL_NHL_API_OR_DERIVED_FROM_REAL
20222023,2022020293,2022-11-21,NJD,EDM,0.654212,0.345788,NJD,1,NJD,1,0,REAL_NHL_API_OR_DERIVED_FROM_REAL
20222023,2022020294,2022-11-21,WPG,CAR,0.590829,0.409171,WPG,1,WPG,1,0,REAL_NHL_API_OR_DERIVED_FROM_REAL
20222023,2022020295,2022-11-21,TOR,NYI,0.661294,0.338706,TOR,0,NYI,0,0,REAL_NHL_API_OR_DERIVED_FROM_REAL
20222023,2022020296,2022-11-21,STL,ANA,0.646347,0.353653,STL,1,STL,1,0,REAL_NHL_API_OR_DERIVED_FROM_REAL
20222023,2022020297,2022-11-21,NSH,UTA,0.486434,0.513566,UTA,1,NSH,0,0,REAL_NHL_API_OR_DERIVED_FROM_REAL
20222023,2022020298,2022-11-21,DAL,COL,0.544215,0.455785,DAL,0,COL,0,0,REAL_NHL_API_OR_DERIVED_FROM_REAL
20222023,2022020299,2022-11-21,SJS,OTT,0.663611,0.336389,SJS,1,SJS,1,0,REAL_NHL_API_OR_DERIVED_FROM_REAL
20222023,2022020300,2022-11-21,VAN,VGK,0.436784,0.563216,VGK,0,VGK,1,0,REAL_NHL_API_OR_DERIVED_FROM_REAL
20222023,2022020301,2022-11-22,MTL,BUF,0.614259,0.385741,MTL,0,BUF,0,0,REAL_NHL_API_OR_DERIVED_FROM_REAL
20222023,2022020302,2022-11-22,LAK,NYR,0.439875,0.560125,NYR,0,NYR,1,0,REAL_NHL_API_OR_DERIVED_FROM_REAL
20222023,2022020303,2022-11-23,CAR,UTA,0.625113,0.374887,CAR,0,UTA,0,0,REAL_NHL_API_OR_DERIVED_FROM_REAL
20222023,2022020304,2022-11-23,FLA,BOS,0.439434,0.560566,BOS,1,FLA,0,0,REAL_NHL_API_OR_DERIVED_FROM_REAL
20222023,2022020305,2022-11-23,PIT,CGY,0.604194,0.395806,PIT,1,PIT,1,0,REAL_NHL_API_OR_DERIVED_FROM_REAL
20222023,2022020306,2022-11-23,CBJ,MTL,0.465779,0.534221,MTL,0,MTL,1,0,REAL_NHL_API_OR_DERIVED_FROM_REAL
20222023,2022020307,2022-11-23,BUF,STL,0.427374,0.572626,STL,1,BUF,0,0,REAL_NHL_API_OR_DERIVED_FROM_REAL
20222023,2022020308,2022-11-23,NJD,TOR,0.606612,0.393388,NJD,0,TOR,0,0,REAL_NHL_API_OR_DERIVED_FROM_REAL
20222023,2022020309,2022-11-23,MIN,WPG,0.416198,0.583802,WPG,1,MIN,0,0,REAL_NHL_API_OR_DERIVED_FROM_REAL
20222023,2022020310,2022-11-23,NYI,EDM,0.693628,0.306372,NYI,1,NYI,1,0,REAL_NHL_API_OR_DERIVED_FROM_REAL
20222023,2022020311,2022-11-23,DET,NSH,0.446889,0.553111,NSH,1,DET,0,0,REAL_NHL_API_OR_DERIVED_FROM_REAL
20222023,2022020312,2022-11-23,WSH,PHI,0.465937,0.534063,PHI,1,WSH,0,0,REAL_NHL_API_OR_DERIVED_FROM_REAL
20222023,2022020313,2022-11-23,DAL,CHI,0.712059,0.287941,DAL,1,DAL,1,0,REAL_NHL_API_OR_DERIVED_FROM_REAL
20222023,2022020314,2022-11-23,ANA,NYR,0.439158,0.560842,NYR,1,ANA,0,0,REAL_NHL_API_OR_DERIVED_FROM_REAL
20222023,2022020315,2022-11-23,VGK,OTT,0.669851,0.330149,VGK,1,VGK,1,0,REAL_NHL_API_OR_DERIVED_FROM_REAL
20222023,2022020316,2022-11-23,SEA,SJS,0.641633,0.358367,SEA,1,SEA,1,0,REAL_NHL_API_OR_DERIVED_FROM_REAL
20222023,2022020317,2022-11-23,COL,VAN,0.649462,0.350538,COL,0,VAN,0,0,REAL_NHL_API_OR_DERIVED_FROM_REAL
20222023,2022020318,2022-11-25,BOS,CAR,0.509578,0.490422,BOS,1,BOS,1,0,REAL_NHL_API_OR_DERIVED_FROM_REAL
20222023,2022020319,2022-11-25,WSH,CGY,0.588429,0.411571,WSH,1,WSH,1,0,REAL_NHL_API_OR_DERIVED_FROM_REAL
20222023,2022020321,2022-11-25,CHI,MTL,0.43927,0.56073,MTL,0,MTL,1,0,REAL_NHL_API_OR_DERIVED_FROM_REAL
20222023,2022020322,2022-11-25,MIN,TOR,0.464251,0.535749,TOR,0,TOR,1,0,REAL_NHL_API_OR_DERIVED_FROM_REAL
20222023,2022020323,2022-11-25,ANA,OTT,0.619869,0.380131,ANA,0,OTT,0,0,REAL_NHL_API_OR_DERIVED_FROM_REAL
20222023,2022020324,2022-11-25,PHI,PIT,0.267377,0.732623,PIT,0,PIT,1,0,REAL_NHL_API_OR_DERIVED_FROM_REAL
20222023,2022020325,2022-11-25,DET,UTA,0.640201,0.359799,DET,1,DET,1,0,REAL_NHL_API_OR_DERIVED_FROM_REAL
20222023,2022020326,2022-11-25,CBJ,NYI,0.422817,0.577183,NYI,0,NYI,1,0,REAL_NHL_API_OR_DERIVED_FROM_REAL
20222023,2022020327,2022-11-25,BUF,NJD,0.46386,0.53614,NJD,0,NJD,1,0,REAL_NHL_API_OR_DERIVED_FROM_REAL
20222023,2022020328,2022-11-25,TBL,STL,0.613262,0.386738,TBL,1,TBL,1,0,REAL_NHL_API_OR_DERIVED_FROM_REAL
20222023,2022020329,2022-11-25,VGK,SEA,0.470893,0.529107,SEA,0,SEA,1,0,REAL_NHL_API_OR_DERIVED_FROM_REAL
20222023,2022020330,2022-11-25,DAL,WPG,0.664264,0.335736,DAL,0,WPG,0,0,REAL_NHL_API_OR_DERIVED_FROM_REAL
20222023,2022020331,2022-11-25,SJS,LAK,0.47257,0.52743,LAK,0,LAK,1,0,REAL_NHL_API_OR_DERIVED_FROM_REAL
20222023,2022020332,2022-11-26,NYR,EDM,0.578732,0.421268,NYR,0,EDM,0,0,REAL_NHL_API_OR_DERIVED_FROM_REAL
20222023,2022020333,2022-11-26,CAR,CGY,0.603357,0.396643,CAR,1,CAR,1,0,REAL_NHL_API_OR_DERIVED_FROM_REAL
20222023,2022020334,2022-11-26,FLA,STL,0.791544,0.208456,FLA,0,STL,0,0,REAL_NHL_API_OR_DERIVED_FROM_REAL
20222023,2022020335,2022-11-26,PIT,TOR,0.660485,0.339515,PIT,0,TOR,0,0,REAL_NHL_API_OR_DERIVED_FROM_REAL
20222023,2022020336,2022-11-26,NJD,WSH,0.630019,0.369981,NJD,1,NJD,1,0,REAL_NHL_API_OR_DERIVED_FROM_REAL
20222023,2022020337,2022-11-26,NYI,PHI,0.649023,0.350977,NYI,1,NYI,1,0,REAL_NHL_API_OR_DERIVED_FROM_REAL
20222023,2022020339,2022-11-26,COL,DAL,0.406944,0.593056,DAL,1,COL,0,0,REAL_NHL_API_OR_DERIVED_FROM_REAL
20222023,2022020340,2022-11-26,VGK,VAN,0.622193,0.377807,VGK,0,VAN,0,0,REAL_NHL_API_OR_DERIVED_FROM_REAL
20222023,2022020341,2022-11-27,MIN,UTA,0.632221,0.367779,MIN,1,MIN,1,0,REAL_NHL_API_OR_DERIVED_FROM_REAL
20222023,2022020342,2022-11-27,CHI,WPG,0.409302,0.590698,WPG,0,WPG,1,0,REAL_NHL_API_OR_DERIVED_FROM_REAL
20222023,2022020343,2022-11-27,ANA,SEA,0.230947,0.769053,SEA,0,SEA,1,0,REAL_NHL_API_OR_DERIVED_FROM_REAL
20222023,2022020344,2022-11-27,SJS,VAN,0.401042,0.598958,VAN,0,VAN,1,0,REAL_NHL_API_OR_DERIVED_FROM_REAL
20222023,2022020345,2022-11-27,LAK,OTT,0.63854,0.36146,LAK,0,OTT,0,0,REAL_NHL_API_OR_DERIVED_FROM_REAL
20222023,2022020346,2022-11-28,NYR,NJD,0.425616,0.574384,NJD,0,NJD,1,0,REAL_NHL_API_OR_DERIVED_FROM_REAL
20222023,2022020347,2022-11-28,BUF,TBL,0.415256,0.584744,TBL,0,TBL,1,0,REAL_NHL_API_OR_DERIVED_FROM_REAL
20222023,2022020348,2022-11-28,DET,TOR,0.434496,0.565504,TOR,0,TOR,1,0,REAL_NHL_API_OR_DERIVED_FROM_REAL
20222023,2022020349,2022-11-28,CBJ,VGK,0.441821,0.558179,VGK,0,VGK,1,0,REAL_NHL_API_OR_DERIVED_FROM_REAL
20222023,2022020350,2022-11-28,STL,DAL,0.433152,0.566848,DAL,0,DAL,1,0,REAL_NHL_API_OR_DERIVED_FROM_REAL
20222023,2022020351,2022-11-28,EDM,FLA,0.597471,0.402529,EDM,1,EDM,1,0,REAL_NHL_API_OR_DERIVED_FROM_REAL
20222023,2022020352,2022-11-29,PIT,CAR,0.635968,0.364032,PIT,0,CAR,0,0,REAL_NHL_API_OR_DERIVED_FROM_REAL
20222023,2022020353,2022-11-29,PHI,NYI,0.416261,0.583739,NYI,1,PHI,0,0,REAL_NHL_API_OR_DERIVED_FROM_REAL
20222023,2022020354,2022-11-29,MTL,SJS,0.598674,0.401326,MTL,0,SJS,0,0,REAL_NHL_API_OR_DERIVED_FROM_REAL
20222023,2022020355,2022-11-29,BOS,TBL,0.630701,0.369299,BOS,1,BOS,1,0,REAL_NHL_API_OR_DERIVED_FROM_REAL
20222023,2022020356,2022-11-29,NSH,ANA,0.676408,0.323592,NSH,1,NSH,1,0,REAL_NHL_API_OR_DERIVED_FROM_REAL
20222023,2022020357,2022-11-29,WPG,COL,0.576303,0.423697,WPG,1,WPG,1,0,REAL_NHL_API_OR_DERIVED_FROM_REAL
20222023,2022020358,2022-11-29,CGY,FLA,0.602336,0.397664,CGY,1,CGY,1,0,REAL_NHL_API_OR_DERIVED_FROM_REAL
20222023,2022020359,2022-11-29,VAN,WSH,0.671541,0.328459,VAN,0,WSH,0,0,REAL_NHL_API_OR_DERIVED_FROM_REAL
20222023,2022020360,2022-11-29,LAK,SEA,0.243011,0.756989,SEA,0,SEA,1,0,REAL_NHL_API_OR_DERIVED_FROM_REAL
20222023,2022020361,2022-11-30,DET,BUF,0.622773,0.377227,DET,0,BUF,0,0,REAL_NHL_API_OR_DERIVED_FROM_REAL
20222023,2022020362,2022-11-30,OTT,NYR,0.430848,0.569152,NYR,0,NYR,1,0,REAL_NHL_API_OR_DERIVED_FROM_REAL
20222023,2022020363,2022-11-30,TOR,SJS,0.472292,0.527708,SJS,1,TOR,0,0,REAL_NHL_API_OR_DERIVED_FROM_REAL
20222023,2022020364,2022-11-30,CHI,EDM,0.430254,0.569746,EDM,0,EDM,1,0,REAL_NHL_API_OR_DERIVED_FROM_REAL
20222023,2022020365,2022-12-01,BUF,COL,0.47248,0.52752,COL,0,COL,1,0,REAL_NHL_API_OR_DERIVED_FROM_REAL
20222023,2022020366,2022-12-01,NJD,NSH,0.611738,0.388262,NJD,0,NSH,0,0,REAL_NHL_API_OR_DERIVED_FROM_REAL
20222023,2022020367,2022-12-01,PHI,TBL,0.392394,0.607606,TBL,0,TBL,1,0,REAL_NHL_API_OR_DERIVED_FROM_REAL
20222023,2022020368,2022-12-01,PIT,VGK,0.481859,0.518141,VGK,1,PIT,0,0,REAL_NHL_API_OR_DERIVED_FROM_REAL
20222023,2022020369,2022-12-01,STL,CAR,0.787395,0.212605,STL,0,CAR,0,0,REAL_NHL_API_OR_DERIVED_FROM_REAL
20222023,2022020370,2022-12-01,MIN,EDM,0.480547,0.519453,EDM,1,MIN,0,0,REAL_NHL_API_OR_DERIVED_FROM_REAL
20222023,2022020371,2022-12-01,DAL,ANA,0.661189,0.338811,DAL,1,DAL,1,0,REAL_NHL_API_OR_DERIVED_FROM_REAL
20222023,2022020372,2022-12-01,CGY,MTL,0.48508,0.51492,MTL,0,MTL,1,0,REAL_NHL_API_OR_DERIVED_FROM_REAL
20222023,2022020373,2022-12-01,VAN,FLA,0.29002,0.70998,FLA,0,FLA,1,0,REAL_NHL_API_OR_DERIVED_FROM_REAL
20222023,2022020374,2022-12-01,SEA,WSH,0.694302,0.305698,SEA,1,SEA,1,0,REAL_NHL_API_OR_DERIVED_FROM_REAL
20222023,2022020375,2022-12-01,LAK,UTA,0.614556,0.385444,LAK,1,LAK,1,0,REAL_NHL_API_OR_DERIVED_FROM_REAL
20222023,2022020376,2022-12-02,NYR,OTT,0.507937,0.492063,NYR,0,OTT,0,0,REAL_NHL_API_OR_DERIVED_FROM_REAL
20222023,2022020377,2022-12-02,NYI,NSH,0.67224,0.32776,NYI,0,NSH,0,0,REAL_NHL_API_OR_DERIVED_FROM_REAL
20222023,2022020378,2022-12-02,WPG,CBJ,0.671553,0.328447,WPG,0,CBJ,0,0,REAL_NHL_API_OR_DERIVED_FROM_REAL
20222023,2022020379,2022-12-03,MIN,ANA,0.68217,0.31783,MIN,1,MIN,1,0,REAL_NHL_API_OR_DERIVED_FROM_REAL
20222023,2022020380,2022-12-03,BOS,COL,0.669389,0.330611,BOS,1,BOS,1,0,REAL_NHL_API_OR_DERIVED_FROM_REAL
20222023,2022020381,2022-12-03,EDM,MTL,0.496065,0.503935,MTL,1,EDM,0,0,REAL_NHL_API_OR_DERIVED_FROM_REAL
20222023,2022020382,2022-12-03,PHI,NJD,0.399766,0.600234,NJD,0,NJD,1,0,REAL_NHL_API_OR_DERIVED_FROM_REAL
20222023,2022020383,2022-12-03,OTT,SJS,0.586884,0.413116,OTT,1,OTT,1,0,REAL_NHL_API_OR_DERIVED_FROM_REAL
20222023,2022020384,2022-12-03,PIT,STL,0.734506,0.265494,PIT,1,PIT,1,0,REAL_NHL_API_OR_DERIVED_FROM_REAL
20222023,2022020385,2022-12-03,TBL,TOR,0.631178,0.368822,TBL,1,TBL,1,0,REAL_NHL_API_OR_DERIVED_FROM_REAL
20222023,2022020386,2022-12-03,DET,VGK,0.4901,0.5099,VGK,0,VGK,1,0,REAL_NHL_API_OR_DERIVED_FROM_REAL
20222023,2022020387,2022-12-03,NYR,CHI,0.787516,0.212484,NYR,0,CHI,0,0,REAL_NHL_API_OR_DERIVED_FROM_REAL
20222023,2022020388,2022-12-03,VAN,UTA,0.631199,0.368801,VAN,1,VAN,1,0,REAL_NHL_API_OR_DERIVED_FROM_REAL
20222023,2022020389,2022-12-03,SEA,FLA,0.518831,0.481169,SEA,0,FLA,0,0,REAL_NHL_API_OR_DERIVED_FROM_REAL
20222023,2022020390,2022-12-03,CGY,WSH,0.746428,0.253572,CGY,1,CGY,1,0,REAL_NHL_API_OR_DERIVED_FROM_REAL
20222023,2022020391,2022-12-03,LAK,CAR,0.477455,0.522545,CAR,0,CAR,1,0,REAL_NHL_API_OR_DERIVED_FROM_REAL
20222023,2022020392,2022-12-04,WPG,ANA,0.6708,0.3292,WPG,1,WPG,1,0,REAL_NHL_API_OR_DERIVED_FROM_REAL
20222023,2022020393,2022-12-04,DAL,MIN,0.415059,0.584941,MIN,0,MIN,1,0,REAL_NHL_API_OR_DERIVED_FROM_REAL
20222023,2022020394,2022-12-04,CBJ,DET,0.459227,0.540773,DET,0,DET,1,0,REAL_NHL_API_OR_DERIVED_FROM_REAL
20222023,2022020395,2022-12-04,BUF,SJS,0.459649,0.540351,SJS,1,BUF,0,0,REAL_NHL_API_OR_DERIVED_FROM_REAL
20222023,2022020396,2022-12-04,NYI,CHI,0.634726,0.365274,NYI,1,NYI,1,0,REAL_NHL_API_OR_DERIVED_FROM_REAL
20222023,2022020397,2022-12-05,PHI,COL,0.368754,0.631246,COL,1,PHI,0,0,REAL_NHL_API_OR_DERIVED_FROM_REAL
20222023,2022020398,2022-12-05,NYR,STL,0.465553,0.534447,STL,1,NYR,0,0,REAL_NHL_API_OR_DERIVED_FROM_REAL
20222023,2022020399,2022-12-05,BOS,VGK,0.675096,0.324904,BOS,0,VGK,0,0,REAL_NHL_API_OR_DERIVED_FROM_REAL
20222023,2022020400,2022-12-05,EDM,WSH,0.662684,0.337316,EDM,0,WSH,0,0,REAL_NHL_API_OR_DERIVED_FROM_REAL
20222023,2022020401,2022-12-05,CGY,UTA,0.628039,0.371961,CGY,1,CGY,1,0,REAL_NHL_API_OR_DERIVED_FROM_REAL
20222023,2022020402,2022-12-05,VAN,MTL,0.347406,0.652594,MTL,1,VAN,0,0,REAL_NHL_API_OR_DERIVED_FROM_REAL
20222023,2022020403,2022-12-06,NJD,CHI,0.66082,0.33918,NJD,1,NJD,1,0,REAL_NHL_API_OR_DERIVED_FROM_REAL
20222023,2022020404,2022-12-06,PIT,CBJ,0.623991,0.376009,PIT,1,PIT,1,0,REAL_NHL_API_OR_DERIVED_FROM_REAL
20222023,2022020405,2022-12-06,TBL,DET,0.660393,0.339607,TBL,0,DET,0,0,REAL_NHL_API_OR_DERIVED_FROM_REAL
20222023,2022020406,2022-12-06,OTT,LAK,0.435453,0.564547,LAK,0,LAK,1,0,REAL_NHL_API_OR_DERIVED_FROM_REAL
20222023,2022020407,2022-12-06,NYI,STL,0.619699,0.380301,NYI,0,STL,0,0,REAL_NHL_API_OR_DERIVED_FROM_REAL
20222023,2022020408,2022-12-06,WPG,FLA,0.762404,0.237596,WPG,1,WPG,1,0,REAL_NHL_API_OR_DERIVED_FROM_REAL
20222023,2022020409,2022-12-06,DAL,TOR,0.389572,0.610428,TOR,0,TOR,1,0,REAL_NHL_API_OR_DERIVED_FROM_REAL
20222023,2022020410,2022-12-06,ANA,CAR,0.412078,0.587922,CAR,1,ANA,0,0,REAL_NHL_API_OR_DERIVED_FROM_REAL
20222023,2022020411,2022-12-06,SEA,MTL,0.691691,0.308309,SEA,0,MTL,0,0,REAL_NHL_API_OR_DERIVED_FROM_REAL
20222023,2022020412,2022-12-07,CBJ,BUF,0.283011,0.716989,BUF,0,BUF,1,0,REAL_NHL_API_OR_DERIVED_FROM_REAL
20222023,2022020413,2022-12-07,PHI,WSH,0.474257,0.525743,WSH,0,WSH,1,0,REAL_NHL_API_OR_DERIVED_FROM_REAL
20222023,2022020414,2022-12-07,CGY,MIN,0.475611,0.524389,MIN,1,CGY,0,0,REAL_NHL_API_OR_DERIVED_FROM_REAL
20222023,2022020415,2022-12-07,COL,BOS,0.457677,0.542323,BOS,0,BOS,1,0,REAL_NHL_API_OR_DERIVED_FROM_REAL
20222023,2022020416,2022-12-07,EDM,UTA,0.65198,0.34802,EDM,1,EDM,1,0,REAL_NHL_API_OR_DERIVED_FROM_REAL
20222023,2022020417,2022-12-07,VGK,NYR,0.456582,0.543418,NYR,0,NYR,1,0,REAL_NHL_API_OR_DERIVED_FROM_REAL
20222023,2022020418,2022-12-07,SJS,VAN,0.348552,0.651448,VAN,0,VAN,1,0,REAL_NHL_API_OR_DERIVED_FROM_REAL
20222023,2022020419,2022-12-08,FLA,DET,0.464665,0.535335,DET,1,FLA,0,0,REAL_NHL_API_OR_DERIVED_FROM_REAL
20222023,2022020420,2022-12-08,TOR,LAK,0.600918,0.399082,TOR,1,TOR,1,0,REAL_NHL_API_OR_DERIVED_FROM_REAL
20222023,2022020421,2022-12-08,TBL,NSH,0.624707,0.375293,TBL,1,TBL,1,0,REAL_NHL_API_OR_DERIVED_FROM_REAL
20222023,2022020422,2022-12-08,STL,WPG,0.399249,0.600751,WPG,0,WPG,1,0,REAL_NHL_API_OR_DERIVED_FROM_REAL
20222023,2022020423,2022-12-08,DAL,OTT,0.589452,0.410548,DAL,1,DAL,1,0,REAL_NHL_API_OR_DERIVED_FROM_REAL
20222023,2022020424,2022-12-09,CBJ,CGY,0.231366,0.768634,CGY,1,CBJ,0,0,REAL_NHL_API_OR_DERIVED_FROM_REAL
20222023,2022020425,2022-12-09,NJD,NYI,0.468598,0.531402,NYI,0,NYI,1,0,REAL_NHL_API_OR_DERIVED_FROM_REAL
20222023,2022020426,2022-12-09,BUF,PIT,0.498421,0.501579,PIT,0,PIT,1,0,REAL_NHL_API_OR_DERIVED_FROM_REAL
20222023,2022020427,2022-12-09,WSH,SEA,0.421583,0.578417,SEA,1,WSH,0,0,REAL_NHL_API_OR_DERIVED_FROM_REAL
20222023,2022020428,2022-12-09,CHI,WPG,0.385155,0.614845,WPG,0,WPG,1,0,REAL_NHL_API_OR_DERIVED_FROM_REAL
20222023,2022020429,2022-12-09,EDM,MIN,0.47586,0.52414,MIN,1,EDM,0,0,REAL_NHL_API_OR_DERIVED_FROM_REAL
20222023,2022020430,2022-12-09,COL,NYR,0.589204,0.410796,COL,0,NYR,0,0,REAL_NHL_API_OR_DERIVED_FROM_REAL
20222023,2022020431,2022-12-09,UTA,BOS,0.407296,0.592704,BOS,1,UTA,0,0,REAL_NHL_API_OR_DERIVED_FROM_REAL
20222023,2022020432,2022-12-09,VGK,PHI,0.605303,0.394697,VGK,1,VGK,1,0,REAL_NHL_API_OR_DERIVED_FROM_REAL
20222023,2022020433,2022-12-09,ANA,SJS,0.459225,0.540775,SJS,0,SJS,1,0,REAL_NHL_API_OR_DERIVED_FROM_REAL
20222023,2022020434,2022-12-10,NSH,OTT,0.491028,0.508972,OTT,0,OTT,1,0,REAL_NHL_API_OR_DERIVED_FROM_REAL
20222023,2022020435,2022-12-10,DAL,DET,0.491653,0.508347,DET,1,DAL,0,0,REAL_NHL_API_OR_DERIVED_FROM_REAL
20222023,2022020436,2022-12-10,TBL,FLA,0.623776,0.376224,TBL,1,TBL,1,0,REAL_NHL_API_OR_DERIVED_FROM_REAL
20222023,2022020437,2022-12-10,PIT,BUF,0.626991,0.373009,PIT,1,PIT,1,0,REAL_NHL_API_OR_DERIVED_FROM_REAL
20222023,2022020438,2022-12-10,TOR,CGY,0.556192,0.443808,TOR,1,TOR,1,0,REAL_NHL_API_OR_DERIVED_FROM_REAL
20222023,2022020439,2022-12-10,MTL,LAK,0.562612,0.437388,MTL,0,LAK,0,0,REAL_NHL_API_OR_DERIVED_FROM_REAL
20222023,2022020440,2022-12-10,NYI,CAR,0.606594,0.393406,NYI,0,CAR,0,0,REAL_NHL_API_OR_DERIVED_FROM_REAL
20222023,2022020441,2022-12-10,VAN,MIN,0.342115,0.657885,MIN,0,MIN,1,0,REAL_NHL_API_OR_DERIVED_FROM_REAL
20222023,2022020442,2022-12-11,STL,COL,0.439695,0.560305,COL,0,COL,1,0,REAL_NHL_API_OR_DERIVED_FROM_REAL
20222023,2022020443,2022-12-11,CBJ,LAK,0.435976,0.564024,LAK,1,CBJ,0,0,REAL_NHL_API_OR_DERIVED_FROM_REAL
20222023,2022020444,2022-12-11,FLA,SEA,0.464778,0.535222,SEA,0,SEA,1,0,REAL_NHL_API_OR_DERIVED_FROM_REAL
20222023,2022020445,2022-12-11,UTA,PHI,0.625538,0.374462,UTA,1,UTA,1,0,REAL_NHL_API_OR_DERIVED_FROM_REAL
20222023,2022020446,2022-12-11,WPG,WSH,0.630122,0.369878,WPG,0,WSH,0,0,REAL_NHL_API_OR_DERIVED_FROM_REAL
20222023,2022020447,2022-12-11,VGK,BOS,0.396346,0.603654,BOS,0,BOS,1,0,REAL_NHL_API_OR_DERIVED_FROM_REAL
20222023,2022020448,2022-12-12,MTL,CGY,0.571377,0.428623,MTL,1,MTL,1,0,REAL_NHL_API_OR_DERIVED_FROM_REAL
20222023,2022020449,2022-12-12,PIT,DAL,0.471319,0.528681,DAL,1,PIT,0,0,REAL_NHL_API_OR_DERIVED_FROM_REAL
20222023,2022020450,2022-12-12,NYR,NJD,0.455007,0.544993,NJD,1,NYR,0,0,REAL_NHL_API_OR_DERIVED_FROM_REAL
20222023,2022020451,2022-12-12,OTT,ANA,0.690627,0.309373,OTT,1,OTT,1,0,REAL_NHL_API_OR_DERIVED_FROM_REAL
20222023,2022020452,2022-12-12,MIN,EDM,0.426396,0.573604,EDM,1,MIN,0,0,REAL_NHL_API_OR_DERIVED_FROM_REAL
20222023,2022020453,2022-12-12,STL,NSH,0.35437,0.64563,NSH,1,STL,0,0,REAL_NHL_API_OR_DERIVED_FROM_REAL
20222023,2022020454,2022-12-13,TOR,ANA,0.822911,0.177089,TOR,1,TOR,1,0,REAL_NHL_API_OR_DERIVED_FROM_REAL
20222023,2022020455,2022-12-13,FLA,CBJ,0.632147,0.367853,FLA,1,FLA,1,0,REAL_NHL_API_OR_DERIVED_FROM_REAL
20222023,2022020456,2022-12-13,NJD,DAL,0.473075,0.526925,DAL,0,DAL,1,0,REAL_NHL_API_OR_DERIVED_FROM_REAL
20222023,2022020457,2022-12-13,BUF,LAK,0.475377,0.524623,LAK,1,BUF,0,0,REAL_NHL_API_OR_DERIVED_FROM_REAL
20222023,2022020458,2022-12-13,BOS,NYI,0.644102,0.355898,BOS,1,BOS,1,0,REAL_NHL_API_OR_DERIVED_FROM_REAL
20222023,2022020459,2022-12-13,TBL,SEA,0.793601,0.206399,TBL,1,TBL,1,0,REAL_NHL_API_OR_DERIVED_FROM_REAL
20222023,2022020460,2022-12-13,DET,CAR,0.429951,0.570049,CAR,0,CAR,1,0,REAL_NHL_API_OR_DERIVED_FROM_REAL
20222023,2022020461,2022-12-13,NSH,EDM,0.586606,0.413394,NSH,0,EDM,0,0,REAL_NHL_API_OR_DERIVED_FROM_REAL
20222023,2022020462,2022-12-13,WPG,VGK,0.690815,0.309185,WPG,0,VGK,0,0,REAL_NHL_API_OR_DERIVED_FROM_REAL
20222023,2022020463,2022-12-13,CHI,WSH,0.430971,0.569029,WSH,0,WSH,1,0,REAL_NHL_API_OR_DERIVED_FROM_REAL
20222023,2022020464,2022-12-13,COL,PHI,0.614475,0.385525,COL,1,COL,1,0,REAL_NHL_API_OR_DERIVED_FROM_REAL
20222023,2022020465,2022-12-13,SJS,UTA,0.463937,0.536063,UTA,1,SJS,0,0,REAL_NHL_API_OR_DERIVED_FROM_REAL
20222023,2022020466,2022-12-14,OTT,MTL,0.481086,0.518914,MTL,1,OTT,0,0,REAL_NHL_API_OR_DERIVED_FROM_REAL
20222023,2022020467,2022-12-14,MIN,DET,0.661901,0.338099,MIN,1,MIN,1,0,REAL_NHL_API_OR_DERIVED_FROM_REAL
20222023,2022020468,2022-12-14,CGY,VAN,0.509885,0.490115,CGY,0,VAN,0,0,REAL_NHL_API_OR_DERIVED_FROM_REAL
20222023,2022020469,2022-12-15,MTL,ANA,0.639848,0.360152,MTL,0,ANA,0,0,REAL_NHL_API_OR_DERIVED_FROM_REAL
20222023,2022020470,2022-12-15,TBL,CBJ,0.669866,0.330134,TBL,1,TBL,1,0,REAL_NHL_API_OR_DERIVED_FROM_REAL
20222023,2022020471,2022-12-15,WSH,DAL,0.525224,0.474776,WSH,0,DAL,0,0,REAL_NHL_API_OR_DERIVED_FROM_REAL
20222023,2022020472,2022-12-15,BOS,LAK,0.657028,0.342972,BOS,0,LAK,0,0,REAL_NHL_API_OR_DERIVED_FROM_REAL
20222023,2022020473,2022-12-15,NJD,PHI,0.638995,0.361005,NJD,0,PHI,0,0,REAL_NHL_API_OR_DERIVED_FROM_REAL
20222023,2022020474,2022-12-15,FLA,PIT,0.766733,0.233267,FLA,0,PIT,0,0,REAL_NHL_API_OR_DERIVED_FROM_REAL
20222023,2022020475,2022-12-15,CAR,SEA,0.488097,0.511903,SEA,1,CAR,0,0,REAL_NHL_API_OR_DERIVED_FROM_REAL
20222023,2022020476,2022-12-15,NYR,TOR,0.433772,0.566228,TOR,1,NYR,0,0,REAL_NHL_API_OR_DERIVED_FROM_REAL
20222023,2022020477,2022-12-15,WPG,NSH,0.660738,0.339262,WPG,1,WPG,1,0,REAL_NHL_API_OR_DERIVED_FROM_REAL
20222023,2022020478,2022-12-15,CHI,VGK,0.446632,0.553368,VGK,0,VGK,1,0,REAL_NHL_API_OR_DERIVED_FROM_REAL
20222023,2022020479,2022-12-15,COL,BUF,0.432735,0.567265,BUF,0,BUF,1,0,REAL_NHL_API_OR_DERIVED_FROM_REAL
20222023,2022020480,2022-12-15,EDM,STL,0.673935,0.326065,EDM,0,STL,0,0,REAL_NHL_API_OR_DERIVED_FROM_REAL
20222023,2022020481,2022-12-16,MIN,CHI,0.679934,0.320066,MIN,1,MIN,1,0,REAL_NHL_API_OR_DERIVED_FROM_REAL
20222023,2022020482,2022-12-16,CGY,STL,0.62588,0.37412,CGY,0,STL,0,0,REAL_NHL_API_OR_DERIVED_FROM_REAL
20222023,2022020483,2022-12-16,UTA,NYI,0.443403,0.556597,NYI,1,UTA,0,0,REAL_NHL_API_OR_DERIVED_FROM_REAL
20222023,2022020484,2022-12-17,BOS,CBJ,0.641902,0.358098,BOS,1,BOS,1,0,REAL_NHL_API_OR_DERIVED_FROM_REAL
20222023,2022020485,2022-12-17,DET,OTT,0.584007,0.415993,DET,0,OTT,0,0,REAL_NHL_API_OR_DERIVED_FROM_REAL
20222023,2022020486,2022-12-17,EDM,ANA,0.704406,0.295594,EDM,0,ANA,0,0,REAL_NHL_API_OR_DERIVED_FROM_REAL
20222023,2022020487,2022-12-17,CAR,DAL,0.447696,0.552304,DAL,1,CAR,0,0,REAL_NHL_API_OR_DERIVED_FROM_REAL
20222023,2022020488,2022-12-17,NJD,FLA,0.5912,0.4088,NJD,0,FLA,0,0,REAL_NHL_API_OR_DERIVED_FROM_REAL
20222023,2022020489,2022-12-17,PHI,NYR,0.416267,0.583733,NYR,0,NYR,1,0,REAL_NHL_API_OR_DERIVED_FROM_REAL
20222023,2022020490,2022-12-17,MTL,TBL,0.388017,0.611983,TBL,0,TBL,1,0,REAL_NHL_API_OR_DERIVED_FROM_REAL
20222023,2022020491,2022-12-17,WSH,TOR,0.426632,0.573368,TOR,1,WSH,0,0,REAL_NHL_API_OR_DERIVED_FROM_REAL
20222023,2022020492,2022-12-17,UTA,BUF,0.391194,0.608806,BUF,0,BUF,1,0,REAL_NHL_API_OR_DERIVED_FROM_REAL
20222023,2022020493,2022-12-17,COL,NSH,0.60714,0.39286,COL,1,COL,1,0,REAL_NHL_API_OR_DERIVED_FROM_REAL
20222023,2022020494,2022-12-17,VGK,NYI,0.635981,0.364019,VGK,0,NYI,0,0,REAL_NHL_API_OR_DERIVED_FROM_REAL
20222023,2022020495,2022-12-17,VAN,WPG,0.426236,0.573764,WPG,0,WPG,1,0,REAL_NHL_API_OR_DERIVED_FROM_REAL
20222023,2022020496,2022-12-17,LAK,SJS,0.573877,0.426123,LAK,1,LAK,1,0,REAL_NHL_API_OR_DERIVED_FROM_REAL
20222023,2022020497,2022-12-18,MIN,OTT,0.620294,0.379706,MIN,1,MIN,1,0,REAL_NHL_API_OR_DERIVED_FROM_REAL
20222023,2022020498,2022-12-18,CAR,PIT,0.448106,0.551894,PIT,1,CAR,0,0,REAL_NHL_API_OR_DERIVED_FROM_REAL
20222023,2022020499,2022-12-18,CHI,NYR,0.344941,0.655059,NYR,0,NYR,1,0,REAL_NHL_API_OR_DERIVED_FROM_REAL
20222023,2022020500,2022-12-18,SEA,WPG,0.420049,0.579951,WPG,1,SEA,0,0,REAL_NHL_API_OR_DERIVED_FROM_REAL
20222023,2022020501,2022-12-18,SJS,CGY,0.636921,0.363079,SJS,0,CGY,0,0,REAL_NHL_API_OR_DERIVED_FROM_REAL
20222023,2022020502,2022-12-19,CBJ,DAL,0.486305,0.513695,DAL,0,DAL,1,0,REAL_NHL_API_OR_DERIVED_FROM_REAL
20222023,2022020503,2022-12-19,WSH,DET,0.694122,0.305878,WSH,1,WSH,1,0,REAL_NHL_API_OR_DERIVED_FROM_REAL
20222023,2022020504,2022-12-19,BOS,FLA,0.632691,0.367309,BOS,1,BOS,1,0,REAL_NHL_API_OR_DERIVED_FROM_REAL
20222023,2022020505,2022-12-19,NSH,EDM,0.422174,0.577826,EDM,1,NSH,0,0,REAL_NHL_API_OR_DERIVED_FROM_REAL
20222023,2022020506,2022-12-19,COL,NYI,0.4534,0.5466,NYI,1,COL,0,0,REAL_NHL_API_OR_DERIVED_FROM_REAL
20222023,2022020507,2022-12-19,VGK,BUF,0.431328,0.568672,BUF,0,BUF,1,0,REAL_NHL_API_OR_DERIVED_FROM_REAL
20222023,2022020508,2022-12-19,UTA,MTL,0.645856,0.354144,UTA,0,MTL,0,0,REAL_NHL_API_OR_DERIVED_FROM_REAL
20222023,2022020509,2022-12-19,VAN,STL,0.434245,0.565755,STL,0,STL,1,0,REAL_NHL_API_OR_DERIVED_FROM_REAL
20222023,2022020510,2022-12-20,PHI,CBJ,0.625474,0.374526,PHI,1,PHI,1,0,REAL_NHL_API_OR_DERIVED_FROM_REAL
20222023,2022020511,2022-12-20,PIT,NYR,0.432033,0.567967,NYR,1,PIT,0,0,REAL_NHL_API_OR_DERIVED_FROM_REAL
20222023,2022020512,2022-12-20,CAR,NJD,0.797651,0.202349,CAR,1,CAR,1,0,REAL_NHL_API_OR_DERIVED_FROM_REAL
20222023,2022020513,2022-12-20,TOR,TBL,0.418213,0.581787,TBL,1,TOR,0,0,REAL_NHL_API_OR_DERIVED_FROM_REAL
20222023,2022020514,2022-12-20,WPG,OTT,0.61588,0.38412,WPG,1,WPG,1,0,REAL_NHL_API_OR_DERIVED_FROM_REAL
20222023,2022020515,2022-12-20,SEA,STL,0.603789,0.396211,SEA,1,SEA,1,0,REAL_NHL_API_OR_DERIVED_FROM_REAL
20222023,2022020516,2022-12-20,LAK,ANA,0.618671,0.381329,LAK,1,LAK,1,0,REAL_NHL_API_OR_DERIVED_FROM_REAL
20222023,2022020517,2022-12-20,SJS,CGY,0.458883,0.541117,CGY,0,CGY,1,0,REAL_NHL_API_OR_DERIVED_FROM_REAL
20222023,2022020518,2022-12-21,FLA,NJD,0.508199,0.491801,FLA,0,NJD,0,0,REAL_NHL_API_OR_DERIVED_FROM_REAL
20222023,2022020519,2022-12-21,DET,TBL,0.378681,0.621319,TBL,1,DET,0,0,REAL_NHL_API_OR_DERIVED_FROM_REAL
20222023,2022020520,2022-12-21,COL,MTL,0.507391,0.492609,COL,1,COL,1,0,REAL_NHL_API_OR_DERIVED_FROM_REAL
20222023,2022020521,2022-12-21,CHI,NSH,0.392832,0.607168,NSH,0,NSH,1,0,REAL_NHL_API_OR_DERIVED_FROM_REAL
20222023,2022020522,2022-12-21,DAL,EDM,0.607952,0.392048,DAL,0,EDM,0,0,REAL_NHL_API_OR_DERIVED_FROM_REAL
20222023,2022020523,2022-12-21,VGK,UTA,0.617903,0.382097,VGK,1,VGK,1,0,REAL_NHL_API_OR_DERIVED_FROM_REAL
20222023,2022020524,2022-12-21,ANA,MIN,0.398308,0.601692,MIN,0,MIN,1,0,REAL_NHL_API_OR_DERIVED_FROM_REAL
20222023,2022020525,2022-12-22,TOR,PHI,0.662895,0.337105,TOR,1,TOR,1,0,REAL_NHL_API_OR_DERIVED_FROM_REAL
20222023,2022020526,2022-12-22,PIT,CAR,0.572141,0.427859,PIT,0,CAR,0,0,REAL_NHL_API_OR_DERIVED_FROM_REAL
20222023,2022020527,2022-12-22,NYR,NYI,0.66883,0.33117,NYR,1,NYR,1,0,REAL_NHL_API_OR_DERIVED_FROM_REAL
20222023,2022020528,2022-12-22,OTT,WSH,0.404116,0.595884,WSH,0,WSH,1,0,REAL_NHL_API_OR_DERIVED_FROM_REAL
20222023,2022020529,2022-12-22,BOS,WPG,0.636371,0.363629,BOS,1,BOS,1,0,REAL_NHL_API_OR_DERIVED_FROM_REAL
20222023,2022020530,2022-12-22,VAN,SEA,0.451713,0.548287,SEA,1,VAN,0,0,REAL_NHL_API_OR_DERIVED_FROM_REAL
20222023,2022020531,2022-12-22,LAK,CGY,0.579956,0.420044,LAK,1,LAK,1,0,REAL_NHL_API_OR_DERIVED_FROM_REAL
20222023,2022020532,2022-12-22,SJS,MIN,0.417607,0.582393,MIN,1,SJS,0,0,REAL_NHL_API_OR_DERIVED_FROM_REAL
20222023,2022020533,2022-12-23,NJD,BOS,0.207312,0.792688,BOS,0,BOS,1,0,REAL_NHL_API_OR_DERIVED_FROM_REAL
20222023,2022020535,2022-12-23,CAR,PHI,0.701616,0.298384,CAR,1,CAR,1,0,REAL_NHL_API_OR_DERIVED_FROM_REAL
20222023,2022020537,2022-12-23,WSH,WPG,0.504865,0.495135,WSH,1,WSH,1,0,REAL_NHL_API_OR_DERIVED_FROM_REAL
20222023,2022020538,2022-12-23,NYI,FLA,0.643642,0.356358,NYI,1,NYI,1,0,REAL_NHL_API_OR_DERIVED_FROM_REAL
20222023,2022020539,2022-12-23,NSH,COL,0.496815,0.503185,COL,0,COL,1,0,REAL_NHL_API_OR_DERIVED_FROM_REAL
20222023,2022020540,2022-12-23,CHI,CBJ,0.637615,0.362385,CHI,1,CHI,1,0,REAL_NHL_API_OR_DERIVED_FROM_REAL
20222023,2022020541,2022-12-23,DAL,MTL,0.652811,0.347189,DAL,1,DAL,1,0,REAL_NHL_API_OR_DERIVED_FROM_REAL
20222023,2022020542,2022-12-23,EDM,VAN,0.519897,0.480103,EDM,0,VAN,0,0,REAL_NHL_API_OR_DERIVED_FROM_REAL
20222023,2022020543,2022-12-23,UTA,LAK,0.477697,0.522303,LAK,1,UTA,0,0,REAL_NHL_API_OR_DERIVED_FROM_REAL
20222023,2022020544,2022-12-23,ANA,CGY,0.387666,0.612334,CGY,0,CGY,1,0,REAL_NHL_API_OR_DERIVED_FROM_REAL
20222023,2022020545,2022-12-23,VGK,STL,0.633615,0.366385,VGK,1,VGK,1,0,REAL_NHL_API_OR_DERIVED_FROM_REAL
20222023,2022020546,2022-12-27,OTT,BOS,0.406888,0.593112,BOS,1,OTT,0,0,REAL_NHL_API_OR_DERIVED_FROM_REAL
20222023,2022020548,2022-12-27,CAR,CHI,0.691521,0.308479,CAR,1,CAR,1,0,REAL_NHL_API_OR_DERIVED_FROM_REAL
20222023,2022020549,2022-12-27,NYR,WSH,0.46864,0.53136,WSH,0,WSH,1,0,REAL_NHL_API_OR_DERIVED_FROM_REAL
20222023,2022020550,2022-12-27,NYI,PIT,0.616611,0.383389,NYI,1,NYI,1,0,REAL_NHL_API_OR_DERIVED_FROM_REAL
20222023,2022020551,2022-12-27,NSH,DAL,0.436221,0.563779,DAL,0,DAL,1,0,REAL_NHL_API_OR_DERIVED_FROM_REAL
20222023,2022020552,2022-12-27,WPG,MIN,0.459719,0.540281,MIN,0,MIN,1,0,REAL_NHL_API_OR_DERIVED_FROM_REAL
20222023,2022020553,2022-12-27,STL,TOR,0.455525,0.544475,TOR,0,TOR,1,0,REAL_NHL_API_OR_DERIVED_FROM_REAL
20222023,2022020554,2022-12-27,UTA,COL,0.449412,0.550588,COL,1,UTA,0,0,REAL_NHL_API_OR_DERIVED_FROM_REAL
20222023,2022020555,2022-12-27,CGY,EDM,0.471373,0.528627,EDM,0,EDM,1,0,REAL_NHL_API_OR_DERIVED_FROM_REAL
20222023,2022020556,2022-12-27,VAN,SJS,0.612045,0.387955,VAN,1,VAN,1,0,REAL_NHL_API_OR_DERIVED_FROM_REAL
20222023,2022020557,2022-12-27,LAK,VGK,0.451654,0.548346,VGK,1,LAK,0,0,REAL_NHL_API_OR_DERIVED_FROM_REAL
20222023,2022020558,2022-12-28,NJD,BOS,0.361835,0.638165,BOS,0,BOS,1,0,REAL_NHL_API_OR_DERIVED_FROM_REAL
20222023,2022020559,2022-12-28,TBL,MTL,0.694376,0.305624,TBL,1,TBL,1,0,REAL_NHL_API_OR_DERIVED_FROM_REAL
20222023,2022020560,2022-12-28,PIT,DET,0.770349,0.229651,PIT,0,DET,0,0,REAL_NHL_API_OR_DERIVED_FROM_REAL
20222023,2022020561,2022-12-28,SEA,CGY,0.587387,0.412613,SEA,0,CGY,0,0,REAL_NHL_API_OR_DERIVED_FROM_REAL
20222023,2022020562,2022-12-28,ANA,VGK,0.603349,0.396651,ANA,1,ANA,1,0,REAL_NHL_API_OR_DERIVED_FROM_REAL
20222023,2022020563,2022-12-29,BUF,DET,0.632309,0.367691,BUF,1,BUF,1,0,REAL_NHL_API_OR_DERIVED_FROM_REAL
20222023,2022020564,2022-12-29,FLA,MTL,0.714496,0.285504,FLA,1,FLA,1,0,REAL_NHL_API_OR_DERIVED_FROM_REAL
20222023,2022020565,2022-12-29,TBL,NYR,0.455902,0.544098,NYR,1,TBL,0,0,REAL_NHL_API_OR_DERIVED_FROM_REAL
20222023,2022020566,2022-12-29,WSH,OTT,0.668161,0.331839,WSH,0,OTT,0,0,REAL_NHL_API_OR_DERIVED_FROM_REAL
20222023,2022020567,2022-12-29,NYI,CBJ,0.694968,0.305032,NYI,1,NYI,1,0,REAL_NHL_API_OR_DERIVED_FROM_REAL
20222023,2022020568,2022-12-29,STL,CHI,0.665046,0.334954,STL,1,STL,1,0,REAL_NHL_API_OR_DERIVED_FROM_REAL
20222023,2022020569,2022-12-29,MIN,DAL,0.629514,0.370486,MIN,0,DAL,0,0,REAL_NHL_API_OR_DERIVED_FROM_REAL
20222023,2022020570,2022-12-29,WPG,VAN,0.586675,0.413325,WPG,1,WPG,1,0,REAL_NHL_API_OR_DERIVED_FROM_REAL
20222023,2022020571,2022-12-29,COL,LAK,0.604105,0.395895,COL,0,LAK,0,0,REAL_NHL_API_OR_DERIVED_FROM_REAL
20222023,2022020572,2022-12-29,UTA,TOR,0.439466,0.560534,TOR,1,UTA,0,0,REAL_NHL_API_OR_DERIVED_FROM_REAL
20222023,2022020573,2022-12-29,SJS,PHI,0.442353,0.557647,PHI,0,PHI,1,0,REAL_NHL_API_OR_DERIVED_FROM_REAL
20222023,2022020574,2022-12-30,ANA,NSH,0.551989,0.448011,ANA,0,NSH,0,0,REAL_NHL_API_OR_DERIVED_FROM_REAL
20222023,2022020575,2022-12-30,CAR,FLA,0.606923,0.393077,CAR,1,CAR,1,0,REAL_NHL_API_OR_DERIVED_FROM_REAL
20222023,2022020576,2022-12-30,PIT,NJD,0.6296,0.3704,PIT,0,NJD,0,0,REAL_NHL_API_OR_DERIVED_FROM_REAL
20222023,2022020577,2022-12-30,SEA,EDM,0.327708,0.672292,EDM,0,EDM,1,0,REAL_NHL_API_OR_DERIVED_FROM_REAL
20222023,2022020578,2022-12-31,BOS,BUF,0.633405,0.366595,BOS,0,BUF,0,0,REAL_NHL_API_OR_DERIVED_FROM_REAL
20222023,2022020579,2022-12-31,VGK,NSH,0.587379,0.412621,VGK,1,VGK,1,0,REAL_NHL_API_OR_DERIVED_FROM_REAL
20222023,2022020580,2022-12-31,WSH,MTL,0.691895,0.308105,WSH,1,WSH,1,0,REAL_NHL_API_OR_DERIVED_FROM_REAL
20222023,2022020581,2022-12-31,LAK,PHI,0.598096,0.401904,LAK,0,PHI,0,0,REAL_NHL_API_OR_DERIVED_FROM_REAL
20222023,2022020582,2022-12-31,TBL,UTA,0.649224,0.350776,TBL,1,TBL,1,0,REAL_NHL_API_OR_DERIVED_FROM_REAL
20222023,2022020583,2022-12-31,CBJ,CHI,0.625084,0.374916,CBJ,1,CBJ,1,0,REAL_NHL_API_OR_DERIVED_FROM_REAL
20222023,2022020584,2022-12-31,DET,OTT,0.463182,0.536818,OTT,1,DET,0,0,REAL_NHL_API_OR_DERIVED_FROM_REAL
20222023,2022020585,2022-12-31,COL,TOR,0.387941,0.612059,TOR,0,TOR,1,0,REAL_NHL_API_OR_DERIVED_FROM_REAL
20222023,2022020586,2022-12-31,DAL,SJS,0.652999,0.347001,DAL,1,DAL,1,0,REAL_NHL_API_OR_DERIVED_FROM_REAL
20222023,2022020587,2022-12-31,CGY,VAN,0.479718,0.520282,VAN,1,CGY,0,0,REAL_NHL_API_OR_DERIVED_FROM_REAL
20222023,2022020588,2022-12-31,EDM,WPG,0.619779,0.380221,EDM,0,WPG,0,0,REAL_NHL_API_OR_DERIVED_FROM_REAL
20222023,2022020589,2022-12-31,STL,MIN,0.467282,0.532718,MIN,0,MIN,1,0,REAL_NHL_API_OR_DERIVED_FROM_REAL
20222023,2022020590,2023-01-01,NJD,CAR,0.381847,0.618153,CAR,0,CAR,1,0,REAL_NHL_API_OR_DERIVED_FROM_REAL
20222023,2022020591,2023-01-01,FLA,NYR,0.452731,0.547269,NYR,0,NYR,1,0,REAL_NHL_API_OR_DERIVED_FROM_REAL
20222023,2022020592,2023-01-01,OTT,BUF,0.560353,0.439647,OTT,1,OTT,1,0,REAL_NHL_API_OR_DERIVED_FROM_REAL
20222023,2022020593,2023-01-01,CHI,SJS,0.44077,0.55923,SJS,0,SJS,1,0,REAL_NHL_API_OR_DERIVED_FROM_REAL
20222023,2022020594,2023-01-01,SEA,NYI,0.439023,0.560977,NYI,1,SEA,0,0,REAL_NHL_API_OR_DERIVED_FROM_REAL
20222023,2022020595,2023-01-02,BOS,PIT,0.682716,0.317284,BOS,1,BOS,1,0,REAL_NHL_API_OR_DERIVED_FROM_REAL
20222023,2022020596,2023-01-02,COL,VGK,0.36381,0.63619,VGK,0,VGK,1,0,REAL_NHL_API_OR_DERIVED_FROM_REAL
20222023,2022020597,2023-01-02,ANA,PHI,0.552498,0.447502,ANA,0,PHI,0,0,REAL_NHL_API_OR_DERIVED_FROM_REAL
20222023,2022020598,2023-01-03,FLA,UTA,0.445488,0.554512,UTA,1,FLA,0,0,REAL_NHL_API_OR_DERIVED_FROM_REAL
20222023,2022020599,2023-01-03,WSH,BUF,0.666047,0.333953,WSH,0,BUF,0,0,REAL_NHL_API_OR_DERIVED_FROM_REAL
20222023,2022020600,2023-01-03,NYR,CAR,0.586433,0.413567,NYR,1,NYR,1,0,REAL_NHL_API_OR_DERIVED_FROM_REAL
20222023,2022020601,2023-01-03,OTT,CBJ,0.636297,0.363703,OTT,1,OTT,1,0,REAL_NHL_API_OR_DERIVED_FROM_REAL
20222023,2022020602,2023-01-03,TOR,STL,0.662693,0.337307,TOR,0,STL,0,0,REAL_NHL_API_OR_DERIVED_FROM_REAL
20222023,2022020603,2023-01-03,WPG,CGY,0.592091,0.407909,WPG,1,WPG,1,0,REAL_NHL_API_OR_DERIVED_FROM_REAL
20222023,2022020604,2023-01-03,NSH,MTL,0.548952,0.451048,NSH,1,NSH,1,0,REAL_NHL_API_OR_DERIVED_FROM_REAL
20222023,2022020605,2023-01-03,CHI,TBL,0.41647,0.58353,TBL,0,TBL,1,0,REAL_NHL_API_OR_DERIVED_FROM_REAL
20222023,2022020606,2023-01-03,EDM,SEA,0.313338,0.686662,SEA,0,SEA,1,0,REAL_NHL_API_OR_DERIVED_FROM_REAL
20222023,2022020607,2023-01-03,VAN,NYI,0.443291,0.556709,NYI,0,NYI,1,0,REAL_NHL_API_OR_DERIVED_FROM_REAL
20222023,2022020608,2023-01-03,LAK,DAL,0.60984,0.39016,LAK,1,LAK,1,0,REAL_NHL_API_OR_DERIVED_FROM_REAL
20222023,2022020609,2023-01-04,DET,NJD,0.479518,0.520482,NJD,0,NJD,1,0,REAL_NHL_API_OR_DERIVED_FROM_REAL
20222023,2022020610,2023-01-04,MIN,TBL,0.447096,0.552904,TBL,1,MIN,0,0,REAL_NHL_API_OR_DERIVED_FROM_REAL
20222023,2022020611,2023-01-04,ANA,DAL,0.375895,0.624105,DAL,1,ANA,0,0,REAL_NHL_API_OR_DERIVED_FROM_REAL
20222023,2022020612,2023-01-05,PHI,UTA,0.641118,0.358882,PHI,1,PHI,1,0,REAL_NHL_API_OR_DERIVED_FROM_REAL
20222023,2022020613,2023-01-05,MTL,NYR,0.399163,0.600837,NYR,0,NYR,1,0,REAL_NHL_API_OR_DERIVED_FROM_REAL
20222023,2022020614,2023-01-05,CAR,NSH,0.624952,0.375048,CAR,0,NSH,0,0,REAL_NHL_API_OR_DERIVED_FROM_REAL
20222023,2022020615,2023-01-05,TOR,SEA,0.652659,0.347341,TOR,0,SEA,0,0,REAL_NHL_API_OR_DERIVED_FROM_REAL
20222023,2022020616,2023-01-05,NJD,STL,0.490494,0.509506,STL,0,STL,1,0,REAL_NHL_API_OR_DERIVED_FROM_REAL
20222023,2022020617,2023-01-05,CBJ,WSH,0.373122,0.626878,WSH,0,WSH,1,0,REAL_NHL_API_OR_DERIVED_FROM_REAL
20222023,2022020618,2023-01-05,EDM,NYI,0.41832,0.58168,NYI,1,EDM,0,0,REAL_NHL_API_OR_DERIVED_FROM_REAL
20222023,2022020619,2023-01-05,VAN,COL,0.482315,0.517685,COL,1,VAN,0,0,REAL_NHL_API_OR_DERIVED_FROM_REAL
20222023,2022020620,2023-01-05,VGK,PIT,0.62237,0.37763,VGK,1,VGK,1,0,REAL_NHL_API_OR_DERIVED_FROM_REAL
20222023,2022020621,2023-01-05,LAK,BOS,0.464749,0.535251,BOS,0,BOS,1,0,REAL_NHL_API_OR_DERIVED_FROM_REAL
20222023,2022020622,2023-01-06,WSH,NSH,0.623918,0.376082,WSH,0,NSH,0,0,REAL_NHL_API_OR_DERIVED_FROM_REAL
20222023,2022020623,2023-01-06,DET,FLA,0.580168,0.419832,DET,0,FLA,0,0,REAL_NHL_API_OR_DERIVED_FROM_REAL
20222023,2022020624,2023-01-06,WPG,TBL,0.627202,0.372798,WPG,1,WPG,1,0,REAL_NHL_API_OR_DERIVED_FROM_REAL
20222023,2022020625,2023-01-06,CHI,UTA,0.391969,0.608031,UTA,1,CHI,0,0,REAL_NHL_API_OR_DERIVED_FROM_REAL
20222023,2022020626,2023-01-06,CGY,NYI,0.454139,0.545861,NYI,1,CGY,0,0,REAL_NHL_API_OR_DERIVED_FROM_REAL
20222023,2022020627,2023-01-06,ANA,SJS,0.435295,0.564705,SJS,1,ANA,0,0,REAL_NHL_API_OR_DERIVED_FROM_REAL
20222023,2022020628,2023-01-07,NJD,NYR,0.48211,0.51789,NYR,1,NJD,0,0,REAL_NHL_API_OR_DERIVED_FROM_REAL
20222023,2022020629,2023-01-07,CBJ,CAR,0.401195,0.598805,CAR,1,CBJ,0,0,REAL_NHL_API_OR_DERIVED_FROM_REAL
20222023,2022020630,2023-01-07,TOR,DET,0.660284,0.339716,TOR,1,TOR,1,0,REAL_NHL_API_OR_DERIVED_FROM_REAL
20222023,2022020631,2023-01-07,BUF,MIN,0.453005,0.546995,MIN,1,BUF,0,0,REAL_NHL_API_OR_DERIVED_FROM_REAL
20222023,2022020632,2023-01-07,OTT,SEA,0.436915,0.563085,SEA,0,SEA,1,0,REAL_NHL_API_OR_DERIVED_FROM_REAL
20222023,2022020633,2023-01-07,MTL,STL,0.344283,0.655717,STL,1,MTL,0,0,REAL_NHL_API_OR_DERIVED_FROM_REAL
20222023,2022020634,2023-01-07,EDM,COL,0.633192,0.366808,EDM,0,COL,0,0,REAL_NHL_API_OR_DERIVED_FROM_REAL
20222023,2022020635,2023-01-07,VGK,LAK,0.305986,0.694014,LAK,0,LAK,1,0,REAL_NHL_API_OR_DERIVED_FROM_REAL
20222023,2022020636,2023-01-07,SJS,BOS,0.435273,0.564727,BOS,0,BOS,1,0,REAL_NHL_API_OR_DERIVED_FROM_REAL
20222023,2022020637,2023-01-08,DAL,FLA,0.609162,0.390838,DAL,1,DAL,1,0,REAL_NHL_API_OR_DERIVED_FROM_REAL
20222023,2022020638,2023-01-08,WPG,VAN,0.749559,0.250441,WPG,1,WPG,1,0,REAL_NHL_API_OR_DERIVED_FROM_REAL
20222023,2022020639,2023-01-08,WSH,CBJ,0.687731,0.312269,WSH,1,WSH,1,0,REAL_NHL_API_OR_DERIVED_FROM_REAL
20222023,2022020640,2023-01-08,CHI,CGY,0.584395,0.415605,CHI,1,CHI,1,0,REAL_NHL_API_OR_DERIVED_FROM_REAL
20222023,2022020641,2023-01-08,UTA,PIT,0.468952,0.531048,PIT,0,PIT,1,0,REAL_NHL_API_OR_DERIVED_FROM_REAL
20222023,2022020642,2023-01-08,MIN,STL,0.628802,0.371198,MIN,0,STL,0,0,REAL_NHL_API_OR_DERIVED_FROM_REAL
20222023,2022020643,2023-01-08,PHI,TOR,0.453048,0.546952,TOR,0,TOR,1,0,REAL_NHL_API_OR_DERIVED_FROM_REAL
20222023,2022020644,2023-01-08,ANA,BOS,0.427349,0.572651,BOS,0,BOS,1,0,REAL_NHL_API_OR_DERIVED_FROM_REAL
20222023,2022020645,2023-01-09,OTT,NSH,0.37197,0.62803,NSH,0,NSH,1,0,REAL_NHL_API_OR_DERIVED_FROM_REAL
20222023,2022020646,2023-01-09,MTL,SEA,0.359123,0.640877,SEA,0,SEA,1,0,REAL_NHL_API_OR_DERIVED_FROM_REAL
20222023,2022020647,2023-01-09,LAK,EDM,0.782278,0.217722,LAK,1,LAK,1,0,REAL_NHL_API_OR_DERIVED_FROM_REAL
20222023,2022020990,2023-01-09,BUF,PHI,0.636988,0.363012,BUF,0,PHI,0,0,REAL_NHL_API_OR_DERIVED_FROM_REAL
20222023,2022020648,2023-01-10,TBL,CBJ,0.671748,0.328252,TBL,1,TBL,1,0,REAL_NHL_API_OR_DERIVED_FROM_REAL
20222023,2022020649,2023-01-10,NYR,MIN,0.613152,0.386848,NYR,1,NYR,1,0,REAL_NHL_API_OR_DERIVED_FROM_REAL
20222023,2022020650,2023-01-10,CAR,NJD,0.458562,0.541438,NJD,0,NJD,1,0,REAL_NHL_API_OR_DERIVED_FROM_REAL
20222023,2022020651,2023-01-10,BUF,SEA,0.40415,0.59585,SEA,0,SEA,1,0,REAL_NHL_API_OR_DERIVED_FROM_REAL
20222023,2022020652,2023-01-10,PIT,VAN,0.467803,0.532197,VAN,1,PIT,0,0,REAL_NHL_API_OR_DERIVED_FROM_REAL
20222023,2022020653,2023-01-10,NYI,DAL,0.617027,0.382973,NYI,0,DAL,0,0,REAL_NHL_API_OR_DERIVED_FROM_REAL
20222023,2022020654,2023-01-10,DET,WPG,0.370118,0.629882,WPG,1,DET,0,0,REAL_NHL_API_OR_DERIVED_FROM_REAL
20222023,2022020655,2023-01-10,STL,CGY,0.463104,0.536896,CGY,1,STL,0,0,REAL_NHL_API_OR_DERIVED_FROM_REAL
20222023,2022020656,2023-01-10,COL,FLA,0.462661,0.537339,FLA,0,FLA,1,0,REAL_NHL_API_OR_DERIVED_FROM_REAL
20222023,2022020657,2023-01-10,UTA,SJS,0.59451,0.40549,UTA,0,SJS,0,0,REAL_NHL_API_OR_DERIVED_FROM_REAL
20222023,2022020658,2023-01-11,TOR,NSH,0.657019,0.342981,TOR,1,TOR,1,0,REAL_NHL_API_OR_DERIVED_FROM_REAL
20222023,2022020659,2023-01-11,PHI,WSH,0.447314,0.552686,WSH,1,PHI,0,0,REAL_NHL_API_OR_DERIVED_FROM_REAL
20222023,2022020660,2023-01-11,ANA,EDM,0.363913,0.636087,EDM,0,EDM,1,0,REAL_NHL_API_OR_DERIVED_FROM_REAL
20222023,2022020661,2023-01-11,LAK,SJS,0.614671,0.385329,LAK,1,LAK,1,0,REAL_NHL_API_OR_DERIVED_FROM_REAL
20222023,2022020662,2023-01-12,CBJ,CAR,0.405002,0.594998,CAR,0,CAR,1,0,REAL_NHL_API_OR_DERIVED_FROM_REAL
20222023,2022020663,2023-01-12,NYR,DAL,0.495019,0.504981,DAL,1,NYR,0,0,REAL_NHL_API_OR_DERIVED_FROM_REAL
20222023,2022020664,2023-01-12,MTL,NSH,0.317998,0.682002,NSH,1,MTL,0,0,REAL_NHL_API_OR_DERIVED_FROM_REAL
20222023,2022020665,2023-01-12,BOS,SEA,0.648482,0.351518,BOS,0,SEA,0,0,REAL_NHL_API_OR_DERIVED_FROM_REAL
20222023,2022020666,2023-01-12,DET,TOR,0.427572,0.572428,TOR,1,DET,0,0,REAL_NHL_API_OR_DERIVED_FROM_REAL
20222023,2022020667,2023-01-12,TBL,VAN,0.630559,0.369441,TBL,1,TBL,1,0,REAL_NHL_API_OR_DERIVED_FROM_REAL
20222023,2022020668,2023-01-12,BUF,WPG,0.428582,0.571418,WPG,0,WPG,1,0,REAL_NHL_API_OR_DERIVED_FROM_REAL
20222023,2022020669,2023-01-12,NYI,MIN,0.401595,0.598405,MIN,0,MIN,1,0,REAL_NHL_API_OR_DERIVED_FROM_REAL
20222023,2022020670,2023-01-12,STL,CGY,0.641638,0.358362,STL,0,CGY,0,0,REAL_NHL_API_OR_DERIVED_FROM_REAL
20222023,2022020671,2023-01-12,CHI,COL,0.372988,0.627012,COL,1,CHI,0,0,REAL_NHL_API_OR_DERIVED_FROM_REAL
20222023,2022020672,2023-01-12,UTA,OTT,0.622384,0.377616,UTA,0,OTT,0,0,REAL_NHL_API_OR_DERIVED_FROM_REAL
20222023,2022020673,2023-01-12,VGK,FLA,0.611199,0.388801,VGK,1,VGK,1,0,REAL_NHL_API_OR_DERIVED_FROM_REAL
20222023,2022020674,2023-01-13,PIT,WPG,0.554558,0.445442,PIT,0,WPG,0,0,REAL_NHL_API_OR_DERIVED_FROM_REAL
20222023,2022020675,2023-01-13,ANA,NJD,0.397082,0.602918,NJD,0,NJD,1,0,REAL_NHL_API_OR_DERIVED_FROM_REAL
20222023,2022020676,2023-01-13,SJS,EDM,0.450843,0.549157,EDM,0,EDM,1,0,REAL_NHL_API_OR_DERIVED_FROM_REAL
20222023,2022020677,2023-01-14,DAL,CGY,0.582318,0.417682,DAL,0,CGY,0,0,REAL_NHL_API_OR_DERIVED_FROM_REAL
20222023,2022020678,2023-01-14,DET,CBJ,0.633477,0.366523,DET,0,CBJ,0,0,REAL_NHL_API_OR_DERIVED_FROM_REAL
20222023,2022020679,2023-01-14,NYI,MTL,0.635616,0.364384,NYI,1,NYI,1,0,REAL_NHL_API_OR_DERIVED_FROM_REAL
20222023,2022020680,2023-01-14,COL,OTT,0.490078,0.509922,OTT,1,COL,0,0,REAL_NHL_API_OR_DERIVED_FROM_REAL
20222023,2022020681,2023-01-14,WSH,PHI,0.591238,0.408762,WSH,0,PHI,0,0,REAL_NHL_API_OR_DERIVED_FROM_REAL
20222023,2022020682,2023-01-14,CAR,PIT,0.667259,0.332741,CAR,1,CAR,1,0,REAL_NHL_API_OR_DERIVED_FROM_REAL
20222023,2022020683,2023-01-14,BOS,TOR,0.627257,0.372743,BOS,1,BOS,1,0,REAL_NHL_API_OR_DERIVED_FROM_REAL
20222023,2022020684,2023-01-14,FLA,VAN,0.459989,0.540011,VAN,1,FLA,0,0,REAL_NHL_API_OR_DERIVED_FROM_REAL
20222023,2022020685,2023-01-14,MIN,UTA,0.679934,0.320066,MIN,1,MIN,1,0,REAL_NHL_API_OR_DERIVED_FROM_REAL
20222023,2022020686,2023-01-14,NSH,BUF,0.463166,0.536834,BUF,0,BUF,1,0,REAL_NHL_API_OR_DERIVED_FROM_REAL
20222023,2022020687,2023-01-14,CHI,SEA,0.203178,0.796822,SEA,0,SEA,1,0,REAL_NHL_API_OR_DERIVED_FROM_REAL
20222023,2022020688,2023-01-14,STL,TBL,0.444845,0.555155,TBL,0,TBL,1,0,REAL_NHL_API_OR_DERIVED_FROM_REAL
20222023,2022020689,2023-01-14,VGK,EDM,0.593204,0.406796,VGK,0,EDM,0,0,REAL_NHL_API_OR_DERIVED_FROM_REAL
20222023,2022020690,2023-01-14,LAK,NJD,0.467548,0.532452,NJD,0,NJD,1,0,REAL_NHL_API_OR_DERIVED_FROM_REAL
20222023,2022020691,2023-01-15,NYR,MTL,0.668116,0.331884,NYR,0,MTL,0,0,REAL_NHL_API_OR_DERIVED_FROM_REAL
20222023,2022020692,2023-01-15,CAR,VAN,0.612333,0.387667,CAR,0,VAN,0,0,REAL_NHL_API_OR_DERIVED_FROM_REAL
20222023,2022020693,2023-01-15,WPG,UTA,0.69727,0.30273,WPG,1,WPG,1,0,REAL_NHL_API_OR_DERIVED_FROM_REAL
20222023,2022020694,2023-01-16,BUF,FLA,0.443466,0.556534,FLA,0,FLA,1,0,REAL_NHL_API_OR_DERIVED_FROM_REAL
20222023,2022020695,2023-01-16,BOS,PHI,0.771398,0.228602,BOS,1,BOS,1,0,REAL_NHL_API_OR_DERIVED_FROM_REAL
20222023,2022020696,2023-01-16,COL,DET,0.799986,0.200014,COL,1,COL,1,0,REAL_NHL_API_OR_DERIVED_FROM_REAL
20222023,2022020697,2023-01-16,SJS,NJD,0.39418,0.60582,NJD,0,NJD,1,0,REAL_NHL_API_OR_DERIVED_FROM_REAL
20222023,2022020698,2023-01-16,SEA,TBL,0.645663,0.354337,SEA,0,TBL,0,0,REAL_NHL_API_OR_DERIVED_FROM_REAL
20222023,2022020699,2023-01-16,VGK,DAL,0.630669,0.369331,VGK,0,DAL,0,0,REAL_NHL_API_OR_DERIVED_FROM_REAL
20222023,2022020700,2023-01-16,PIT,ANA,0.668359,0.331641,PIT,1,PIT,1,0,REAL_NHL_API_OR_DERIVED_FROM_REAL
20222023,2022020701,2023-01-16,CBJ,NYR,0.428133,0.571867,NYR,0,NYR,1,0,REAL_NHL_API_OR_DERIVED_FROM_REAL
20222023,2022020702,2023-01-16,NYI,WSH,0.445863,0.554137,WSH,0,WSH,1,0,REAL_NHL_API_OR_DERIVED_FROM_REAL
20222023,2022020703,2023-01-16,NSH,CGY,0.473786,0.526214,CGY,1,NSH,0,0,REAL_NHL_API_OR_DERIVED_FROM_REAL
20222023,2022020704,2023-01-16,STL,OTT,0.486956,0.513044,OTT,1,STL,0,0,REAL_NHL_API_OR_DERIVED_FROM_REAL
20222023,2022020338,2023-01-17,NSH,CBJ,0.661868,0.338132,NSH,1,NSH,1,0,REAL_NHL_API_OR_DERIVED_FROM_REAL
20222023,2022020705,2023-01-17,PHI,ANA,0.6418,0.3582,PHI,1,PHI,1,0,REAL_NHL_API_OR_DERIVED_FROM_REAL
20222023,2022020706,2023-01-17,TOR,FLA,0.440659,0.559341,FLA,1,TOR,0,0,REAL_NHL_API_OR_DERIVED_FROM_REAL
20222023,2022020707,2023-01-17,WSH,MIN,0.581881,0.418119,WSH,0,MIN,0,0,REAL_NHL_API_OR_DERIVED_FROM_REAL
20222023,2022020708,2023-01-17,MTL,WPG,0.398771,0.601229,WPG,1,MTL,0,0,REAL_NHL_API_OR_DERIVED_FROM_REAL
20222023,2022020709,2023-01-17,CHI,BUF,0.409806,0.590194,BUF,1,CHI,0,0,REAL_NHL_API_OR_DERIVED_FROM_REAL
20222023,2022020710,2023-01-17,UTA,DET,0.432165,0.567835,DET,1,UTA,0,0,REAL_NHL_API_OR_DERIVED_FROM_REAL
20222023,2022020711,2023-01-17,EDM,SEA,0.444418,0.555582,SEA,1,EDM,0,0,REAL_NHL_API_OR_DERIVED_FROM_REAL
20222023,2022020712,2023-01-18,OTT,PIT,0.589012,0.410988,OTT,1,OTT,1,0,REAL_NHL_API_OR_DERIVED_FROM_REAL
20222023,2022020713,2023-01-18,NYI,BOS,0.473051,0.526949,BOS,0,BOS,1,0,REAL_NHL_API_OR_DERIVED_FROM_REAL
20222023,2022020714,2023-01-18,CGY,COL,0.421467,0.578533,COL,0,COL,1,0,REAL_NHL_API_OR_DERIVED_FROM_REAL
20222023,2022020715,2023-01-18,VAN,TBL,0.257999,0.742001,TBL,0,TBL,1,0,REAL_NHL_API_OR_DERIVED_FROM_REAL
20222023,2022020716,2023-01-18,SJS,DAL,0.415351,0.584649,DAL,1,SJS,0,0,REAL_NHL_API_OR_DERIVED_FROM_REAL
20222023,2022020717,2023-01-19,CBJ,ANA,0.760213,0.239787,CBJ,0,ANA,0,0,REAL_NHL_API_OR_DERIVED_FROM_REAL
20222023,2022020718,2023-01-19,NYR,BOS,0.426028,0.573972,BOS,0,BOS,1,0,REAL_NHL_API_OR_DERIVED_FROM_REAL
20222023,2022020719,2023-01-19,PHI,CHI,0.646088,0.353912,PHI,0,CHI,0,0,REAL_NHL_API_OR_DERIVED_FROM_REAL
20222023,2022020720,2023-01-19,MTL,FLA,0.599567,0.400433,MTL,0,FLA,0,0,REAL_NHL_API_OR_DERIVED_FROM_REAL
20222023,2022020721,2023-01-19,CAR,MIN,0.457239,0.542761,MIN,1,CAR,0,0,REAL_NHL_API_OR_DERIVED_FROM_REAL
20222023,2022020722,2023-01-19,BUF,NYI,0.636484,0.363516,BUF,1,BUF,1,0,REAL_NHL_API_OR_DERIVED_FROM_REAL
20222023,2022020723,2023-01-19,TOR,WPG,0.62862,0.37138,TOR,1,TOR,1,0,REAL_NHL_API_OR_DERIVED_FROM_REAL
20222023,2022020724,2023-01-19,STL,NSH,0.435984,0.564016,NSH,1,STL,0,0,REAL_NHL_API_OR_DERIVED_FROM_REAL
20222023,2022020725,2023-01-19,EDM,TBL,0.452421,0.547579,TBL,1,EDM,0,0,REAL_NHL_API_OR_DERIVED_FROM_REAL
20222023,2022020726,2023-01-19,UTA,WSH,0.42096,0.57904,WSH,0,WSH,1,0,REAL_NHL_API_OR_DERIVED_FROM_REAL
20222023,2022020727,2023-01-19,VGK,DET,0.569614,0.430386,VGK,0,DET,0,0,REAL_NHL_API_OR_DERIVED_FROM_REAL
20222023,2022020728,2023-01-19,SEA,NJD,0.439594,0.560406,NJD,1,SEA,0,0,REAL_NHL_API_OR_DERIVED_FROM_REAL
20222023,2022020729,2023-01-19,LAK,DAL,0.322584,0.677416,DAL,0,DAL,1,0,REAL_NHL_API_OR_DERIVED_FROM_REAL
20222023,2022020730,2023-01-20,PIT,OTT,0.49959,0.50041,OTT,1,PIT,0,0,REAL_NHL_API_OR_DERIVED_FROM_REAL
20222023,2022020731,2023-01-20,VAN,COL,0.422211,0.577789,COL,0,COL,1,0,REAL_NHL_API_OR_DERIVED_FROM_REAL
20222023,2022020732,2023-01-21,BUF,ANA,0.627921,0.372079,BUF,1,BUF,1,0,REAL_NHL_API_OR_DERIVED_FROM_REAL
20222023,2022020733,2023-01-21,CGY,TBL,0.507895,0.492105,CGY,1,CGY,1,0,REAL_NHL_API_OR_DERIVED_FROM_REAL
20222023,2022020734,2023-01-21,FLA,MIN,0.494976,0.505024,MIN,1,FLA,0,0,REAL_NHL_API_OR_DERIVED_FROM_REAL
20222023,2022020735,2023-01-21,DET,PHI,0.470472,0.529528,PHI,0,PHI,1,0,REAL_NHL_API_OR_DERIVED_FROM_REAL
20222023,2022020736,2023-01-21,CBJ,SJS,0.428673,0.571327,SJS,1,CBJ,0,0,REAL_NHL_API_OR_DERIVED_FROM_REAL
20222023,2022020737,2023-01-21,MTL,TOR,0.596951,0.403049,MTL,1,MTL,1,0,REAL_NHL_API_OR_DERIVED_FROM_REAL
20222023,2022020738,2023-01-21,OTT,WPG,0.427602,0.572398,WPG,0,WPG,1,0,REAL_NHL_API_OR_DERIVED_FROM_REAL
20222023,2022020739,2023-01-21,NYI,CAR,0.4307,0.5693,CAR,0,CAR,1,0,REAL_NHL_API_OR_DERIVED_FROM_REAL
20222023,2022020740,2023-01-21,DAL,UTA,0.66288,0.33712,DAL,1,DAL,1,0,REAL_NHL_API_OR_DERIVED_FROM_REAL
20222023,2022020741,2023-01-21,STL,CHI,0.582256,0.417744,STL,0,CHI,0,0,REAL_NHL_API_OR_DERIVED_FROM_REAL
20222023,2022020742,2023-01-21,NSH,LAK,0.793253,0.206747,NSH,1,NSH,1,0,REAL_NHL_API_OR_DERIVED_FROM_REAL
20222023,2022020743,2023-01-21,SEA,COL,0.573581,0.426419,SEA,0,COL,0,0,REAL_NHL_API_OR_DERIVED_FROM_REAL
20222023,2022020744,2023-01-21,VAN,EDM,0.379954,0.620046,EDM,0,EDM,1,0,REAL_NHL_API_OR_DERIVED_FROM_REAL
20222023,2022020745,2023-01-21,VGK,WSH,0.624587,0.375413,VGK,1,VGK,1,0,REAL_NHL_API_OR_DERIVED_FROM_REAL
20222023,2022020746,2023-01-22,NJD,PIT,0.671772,0.328228,NJD,1,NJD,1,0,REAL_NHL_API_OR_DERIVED_FROM_REAL
20222023,2022020747,2023-01-22,CHI,LAK,0.452745,0.547255,LAK,0,LAK,1,0,REAL_NHL_API_OR_DERIVED_FROM_REAL
20222023,2022020748,2023-01-22,BOS,SJS,0.504044,0.495956,BOS,1,BOS,1,0,REAL_NHL_API_OR_DERIVED_FROM_REAL
20222023,2022020749,2023-01-22,PHI,WPG,0.437732,0.562268,WPG,0,WPG,1,0,REAL_NHL_API_OR_DERIVED_FROM_REAL
20222023,2022020750,2023-01-22,UTA,VGK,0.40728,0.59272,VGK,1,UTA,0,0,REAL_NHL_API_OR_DERIVED_FROM_REAL
20222023,2022020751,2023-01-23,NYR,FLA,0.416367,0.583633,FLA,1,NYR,0,0,REAL_NHL_API_OR_DERIVED_FROM_REAL
20222023,2022020752,2023-01-23,TOR,NYI,0.599555,0.400445,TOR,1,TOR,1,0,REAL_NHL_API_OR_DERIVED_FROM_REAL
20222023,2022020753,2023-01-23,DAL,BUF,0.655247,0.344753,DAL,0,BUF,0,0,REAL_NHL_API_OR_DERIVED_FROM_REAL
20222023,2022020754,2023-01-23,CGY,CBJ,0.654088,0.345912,CGY,1,CGY,1,0,REAL_NHL_API_OR_DERIVED_FROM_REAL
20222023,2022020755,2023-01-24,MTL,BOS,0.384909,0.615091,BOS,0,BOS,1,0,REAL_NHL_API_OR_DERIVED_FROM_REAL
20222023,2022020756,2023-01-24,PIT,FLA,0.413163,0.586837,FLA,1,PIT,0,0,REAL_NHL_API_OR_DERIVED_FROM_REAL
20222023,2022020757,2023-01-24,PHI,LAK,0.644318,0.355682,PHI,0,LAK,0,0,REAL_NHL_API_OR_DERIVED_FROM_REAL
20222023,2022020758,2023-01-24,TBL,MIN,0.655084,0.344916,TBL,1,TBL,1,0,REAL_NHL_API_OR_DERIVED_FROM_REAL
20222023,2022020759,2023-01-24,NJD,VGK,0.502966,0.497034,NJD,1,NJD,1,0,REAL_NHL_API_OR_DERIVED_FROM_REAL
20222023,2022020760,2023-01-24,DET,SJS,0.621647,0.378353,DET,1,DET,1,0,REAL_NHL_API_OR_DERIVED_FROM_REAL
20222023,2022020761,2023-01-24,STL,BUF,0.43507,0.56493,BUF,0,BUF,1,0,REAL_NHL_API_OR_DERIVED_FROM_REAL
20222023,2022020762,2023-01-24,NSH,WPG,0.451769,0.548231,WPG,1,NSH,0,0,REAL_NHL_API_OR_DERIVED_FROM_REAL
20222023,2022020763,2023-01-24,UTA,ANA,0.63864,0.36136,UTA,0,ANA,0,0,REAL_NHL_API_OR_DERIVED_FROM_REAL
20222023,2022020764,2023-01-24,COL,WSH,0.654765,0.345235,COL,1,COL,1,0,REAL_NHL_API_OR_DERIVED_FROM_REAL
20222023,2022020765,2023-01-24,VAN,CHI,0.428389,0.571611,CHI,1,VAN,0,0,REAL_NHL_API_OR_DERIVED_FROM_REAL
20222023,2022020766,2023-01-25,OTT,NYI,0.51299,0.48701,OTT,1,OTT,1,0,REAL_NHL_API_OR_DERIVED_FROM_REAL
20222023,2022020767,2023-01-25,TOR,NYR,0.388817,0.611183,NYR,1,TOR,0,0,REAL_NHL_API_OR_DERIVED_FROM_REAL
20222023,2022020768,2023-01-25,DAL,CAR,0.77175,0.22825,DAL,0,CAR,0,0,REAL_NHL_API_OR_DERIVED_FROM_REAL
20222023,2022020769,2023-01-25,EDM,CBJ,0.659683,0.340317,EDM,0,CBJ,0,0,REAL_NHL_API_OR_DERIVED_FROM_REAL
20222023,2022020770,2023-01-25,SEA,VAN,0.59835,0.40165,SEA,1,SEA,1,0,REAL_NHL_API_OR_DERIVED_FROM_REAL
20222023,2022020771,2023-01-26,TBL,BOS,0.586489,0.413511,TBL,1,TBL,1,0,REAL_NHL_API_OR_DERIVED_FROM_REAL
20222023,2022020772,2023-01-26,MTL,DET,0.447295,0.552705,DET,0,DET,1,0,REAL_NHL_API_OR_DERIVED_FROM_REAL
20222023,2022020773,2023-01-26,WSH,PIT,0.607642,0.392358,WSH,1,WSH,1,0,REAL_NHL_API_OR_DERIVED_FROM_REAL
20222023,2022020774,2023-01-26,WPG,BUF,0.617354,0.382646,WPG,0,BUF,0,0,REAL_NHL_API_OR_DERIVED_FROM_REAL
20222023,2022020775,2023-01-26,NSH,NJD,0.464655,0.535345,NJD,1,NSH,0,0,REAL_NHL_API_OR_DERIVED_FROM_REAL
20222023,2022020776,2023-01-26,COL,ANA,0.654172,0.345828,COL,0,ANA,0,0,REAL_NHL_API_OR_DERIVED_FROM_REAL
20222023,2022020777,2023-01-26,CGY,CHI,0.644405,0.355595,CGY,0,CHI,0,0,REAL_NHL_API_OR_DERIVED_FROM_REAL
20222023,2022020778,2023-01-26,MIN,PHI,0.629306,0.370694,MIN,1,MIN,1,0,REAL_NHL_API_OR_DERIVED_FROM_REAL
20222023,2022020779,2023-01-26,UTA,STL,0.405497,0.594503,STL,1,UTA,0,0,REAL_NHL_API_OR_DERIVED_FROM_REAL
20222023,2022020780,2023-01-27,NYI,DET,0.42237,0.57763,DET,1,NYI,0,0,REAL_NHL_API_OR_DERIVED_FROM_REAL
20222023,2022020781,2023-01-27,FLA,LAK,0.533458,0.466542,FLA,0,LAK,0,0,REAL_NHL_API_OR_DERIVED_FROM_REAL
20222023,2022020782,2023-01-27,TOR,OTT,0.649222,0.350778,TOR,0,OTT,0,0,REAL_NHL_API_OR_DERIVED_FROM_REAL
20222023,2022020783,2023-01-27,CAR,SJS,0.635405,0.364595,CAR,1,CAR,1,0,REAL_NHL_API_OR_DERIVED_FROM_REAL
20222023,2022020784,2023-01-27,NYR,VGK,0.629039,0.370961,NYR,1,NYR,1,0,REAL_NHL_API_OR_DERIVED_FROM_REAL
20222023,2022020785,2023-01-27,DAL,NJD,0.4402,0.5598,NJD,0,NJD,1,0,REAL_NHL_API_OR_DERIVED_FROM_REAL
20222023,2022020786,2023-01-27,SEA,CGY,0.595095,0.404905,SEA,0,CGY,0,0,REAL_NHL_API_OR_DERIVED_FROM_REAL
20222023,2022020787,2023-01-27,VAN,CBJ,0.601283,0.398717,VAN,1,VAN,1,0,REAL_NHL_API_OR_DERIVED_FROM_REAL
20222023,2022020788,2023-01-28,COL,STL,0.664898,0.335102,COL,1,COL,1,0,REAL_NHL_API_OR_DERIVED_FROM_REAL
20222023,2022020789,2023-01-28,FLA,BOS,0.448777,0.551223,BOS,1,FLA,0,0,REAL_NHL_API_OR_DERIVED_FROM_REAL
20222023,2022020790,2023-01-28,TBL,LAK,0.659441,0.340559,TBL,1,TBL,1,0,REAL_NHL_API_OR_DERIVED_FROM_REAL
20222023,2022020791,2023-01-28,OTT,MTL,0.521171,0.478829,OTT,1,OTT,1,0,REAL_NHL_API_OR_DERIVED_FROM_REAL
20222023,2022020792,2023-01-28,WPG,PHI,0.487833,0.512167,PHI,0,PHI,1,0,REAL_NHL_API_OR_DERIVED_FROM_REAL
20222023,2022020793,2023-01-28,PIT,SJS,0.654275,0.345725,PIT,0,SJS,0,0,REAL_NHL_API_OR_DERIVED_FROM_REAL
20222023,2022020794,2023-01-28,NYI,VGK,0.416867,0.583133,VGK,1,NYI,0,0,REAL_NHL_API_OR_DERIVED_FROM_REAL
20222023,2022020795,2023-01-28,MIN,BUF,0.43249,0.56751,BUF,1,MIN,0,0,REAL_NHL_API_OR_DERIVED_FROM_REAL
20222023,2022020796,2023-01-28,ANA,UTA,0.65984,0.34016,ANA,1,ANA,1,0,REAL_NHL_API_OR_DERIVED_FROM_REAL
20222023,2022020797,2023-01-28,EDM,CHI,0.561076,0.438924,EDM,1,EDM,1,0,REAL_NHL_API_OR_DERIVED_FROM_REAL
20222023,2022020798,2023-01-28,SEA,CBJ,0.614376,0.385624,SEA,1,SEA,1,0,REAL_NHL_API_OR_DERIVED_FROM_REAL
20222023,2022020799,2023-01-29,CAR,BOS,0.611217,0.388783,CAR,1,CAR,1,0,REAL_NHL_API_OR_DERIVED_FROM_REAL
20222023,2022020800,2023-01-29,TOR,WSH,0.778259,0.221741,TOR,1,TOR,1,0,REAL_NHL_API_OR_DERIVED_FROM_REAL
20222023,2022020801,2023-01-30,WPG,STL,0.657839,0.342161,WPG,1,WPG,1,0,REAL_NHL_API_OR_DERIVED_FROM_REAL
20222023,2022020802,2023-01-31,CAR,LAK,0.667475,0.332525,CAR,1,CAR,1,0,REAL_NHL_API_OR_DERIVED_FROM_REAL
20222023,2022020803,2023-01-31,MTL,OTT,0.59389,0.40611,MTL,0,OTT,0,0,REAL_NHL_API_OR_DERIVED_FROM_REAL
20222023,2022020804,2023-01-31,CBJ,WSH,0.474366,0.525634,WSH,0,WSH,1,0,REAL_NHL_API_OR_DERIVED_FROM_REAL
20222023,2022020805,2023-02-01,BUF,CAR,0.445897,0.554103,CAR,0,CAR,1,0,REAL_NHL_API_OR_DERIVED_FROM_REAL
20222023,2022020806,2023-02-01,TOR,BOS,0.454595,0.545405,BOS,0,BOS,1,0,REAL_NHL_API_OR_DERIVED_FROM_REAL
20222023,2022020807,2023-02-06,PHI,NYI,0.479717,0.520283,NYI,0,NYI,1,0,REAL_NHL_API_OR_DERIVED_FROM_REAL
20222023,2022020808,2023-02-06,FLA,TBL,0.462114,0.537886,TBL,1,FLA,0,0,REAL_NHL_API_OR_DERIVED_FROM_REAL
20222023,2022020809,2023-02-06,NYR,CGY,0.611849,0.388151,NYR,1,NYR,1,0,REAL_NHL_API_OR_DERIVED_FROM_REAL
20222023,2022020810,2023-02-06,NJD,VAN,0.641313,0.358687,NJD,1,NJD,1,0,REAL_NHL_API_OR_DERIVED_FROM_REAL
20222023,2022020811,2023-02-06,DAL,ANA,0.604652,0.395348,DAL,1,DAL,1,0,REAL_NHL_API_OR_DERIVED_FROM_REAL
20222023,2022020812,2023-02-06,UTA,MIN,0.52141,0.47859,UTA,1,UTA,1,0,REAL_NHL_API_OR_DERIVED_FROM_REAL
20222023,2022020813,2023-02-07,PIT,COL,0.41887,0.58113,COL,1,PIT,0,0,REAL_NHL_API_OR_DERIVED_FROM_REAL
20222023,2022020814,2023-02-07,TBL,SJS,0.654445,0.345555,TBL,0,SJS,0,0,REAL_NHL_API_OR_DERIVED_FROM_REAL
20222023,2022020815,2023-02-07,DET,EDM,0.38769,0.61231,EDM,0,EDM,1,0,REAL_NHL_API_OR_DERIVED_FROM_REAL
20222023,2022020816,2023-02-07,NYI,SEA,0.426218,0.573782,SEA,1,NYI,0,0,REAL_NHL_API_OR_DERIVED_FROM_REAL
20222023,2022020817,2023-02-07,NSH,VGK,0.659785,0.340215,NSH,0,VGK,0,0,REAL_NHL_API_OR_DERIVED_FROM_REAL
20222023,2022020818,2023-02-07,CHI,ANA,0.632439,0.367561,CHI,0,ANA,0,0,REAL_NHL_API_OR_DERIVED_FROM_REAL
20222023,2022020819,2023-02-08,NYR,VAN,0.638902,0.361098,NYR,1,NYR,1,0,REAL_NHL_API_OR_DERIVED_FROM_REAL
20222023,2022020820,2023-02-08,DAL,MIN,0.618195,0.381805,DAL,1,DAL,1,0,REAL_NHL_API_OR_DERIVED_FROM_REAL
20222023,2022020821,2023-02-09,TBL,COL,0.60802,0.39198,TBL,1,TBL,1,0,REAL_NHL_API_OR_DERIVED_FROM_REAL
20222023,2022020822,2023-02-09,PHI,EDM,0.443032,0.556968,EDM,1,PHI,0,0,REAL_NHL_API_OR_DERIVED_FROM_REAL
20222023,2022020823,2023-02-09,FLA,SJS,0.658968,0.341032,FLA,1,FLA,1,0,REAL_NHL_API_OR_DERIVED_FROM_REAL
20222023,2022020824,2023-02-09,NJD,SEA,0.616311,0.383689,NJD,1,NJD,1,0,REAL_NHL_API_OR_DERIVED_FROM_REAL
20222023,2022020825,2023-02-09,DET,CGY,0.537584,0.462416,DET,1,DET,1,0,REAL_NHL_API_OR_DERIVED_FROM_REAL
20222023,2022020826,2023-02-09,NYI,VAN,0.632281,0.367719,NYI,0,VAN,0,0,REAL_NHL_API_OR_DERIVED_FROM_REAL
20222023,2022020827,2023-02-09,MIN,VGK,0.622121,0.377879,MIN,0,VGK,0,0,REAL_NHL_API_OR_DERIVED_FROM_REAL
20222023,2022020828,2023-02-10,NYR,SEA,0.503277,0.496723,NYR,1,NYR,1,0,REAL_NHL_API_OR_DERIVED_FROM_REAL
20222023,2022020829,2023-02-10,CBJ,TOR,0.447185,0.552815,TOR,0,TOR,1,0,REAL_NHL_API_OR_DERIVED_FROM_REAL
20222023,2022020830,2023-02-10,CHI,UTA,0.621785,0.378215,CHI,1,CHI,1,0,REAL_NHL_API_OR_DERIVED_FROM_REAL
20222023,2022020831,2023-02-10,ANA,PIT,0.545886,0.454114,ANA,0,PIT,0,0,REAL_NHL_API_OR_DERIVED_FROM_REAL
20222023,2022020832,2023-02-11,DET,VAN,0.61648,0.38352,DET,1,DET,1,0,REAL_NHL_API_OR_DERIVED_FROM_REAL
20222023,2022020833,2023-02-11,BUF,CGY,0.625037,0.374963,BUF,0,CGY,0,0,REAL_NHL_API_OR_DERIVED_FROM_REAL
20222023,2022020834,2023-02-11,OTT,EDM,0.418446,0.581554,EDM,0,EDM,1,0,REAL_NHL_API_OR_DERIVED_FROM_REAL
20222023,2022020835,2023-02-11,MTL,NYI,0.433321,0.566679,NYI,1,MTL,0,0,REAL_NHL_API_OR_DERIVED_FROM_REAL
20222023,2022020836,2023-02-11,PHI,NSH,0.439472,0.560528,NSH,0,NSH,1,0,REAL_NHL_API_OR_DERIVED_FROM_REAL
20222023,2022020837,2023-02-11,DAL,TBL,0.423681,0.576319,TBL,0,TBL,1,0,REAL_NHL_API_OR_DERIVED_FROM_REAL
20222023,2022020838,2023-02-11,BOS,WSH,0.668852,0.331148,BOS,0,WSH,0,0,REAL_NHL_API_OR_DERIVED_FROM_REAL
20222023,2022020839,2023-02-11,FLA,COL,0.495329,0.504671,COL,0,COL,1,0,REAL_NHL_API_OR_DERIVED_FROM_REAL
20222023,2022020840,2023-02-11,TOR,CBJ,0.651173,0.348827,TOR,0,CBJ,0,0,REAL_NHL_API_OR_DERIVED_FROM_REAL
20222023,2022020841,2023-02-11,CAR,NYR,0.591033,0.408967,CAR,0,NYR,0,0,REAL_NHL_API_OR_DERIVED_FROM_REAL
20222023,2022020842,2023-02-11,STL,UTA,0.590867,0.409133,STL,1,STL,1,0,REAL_NHL_API_OR_DERIVED_FROM_REAL
20222023,2022020843,2023-02-11,MIN,NJD,0.458441,0.541559,NJD,1,MIN,0,0,REAL_NHL_API_OR_DERIVED_FROM_REAL
20222023,2022020844,2023-02-11,WPG,CHI,0.627484,0.372516,WPG,1,WPG,1,0,REAL_NHL_API_OR_DERIVED_FROM_REAL
20222023,2022020845,2023-02-11,LAK,PIT,0.759133,0.240867,LAK,1,LAK,1,0,REAL_NHL_API_OR_DERIVED_FROM_REAL
20222023,2022020846,2023-02-12,MTL,EDM,0.408797,0.591203,EDM,1,MTL,0,0,REAL_NHL_API_OR_DERIVED_FROM_REAL
20222023,2022020847,2023-02-12,WSH,SJS,0.752095,0.247905,WSH,0,SJS,0,0,REAL_NHL_API_OR_DERIVED_FROM_REAL
20222023,2022020848,2023-02-12,PHI,SEA,0.446295,0.553705,SEA,0,SEA,1,0,REAL_NHL_API_OR_DERIVED_FROM_REAL
20222023,2022020849,2023-02-12,VGK,ANA,0.617212,0.382788,VGK,1,VGK,1,0,REAL_NHL_API_OR_DERIVED_FROM_REAL
20222023,2022020850,2023-02-13,OTT,CGY,0.609115,0.390885,OTT,1,OTT,1,0,REAL_NHL_API_OR_DERIVED_FROM_REAL
20222023,2022020851,2023-02-13,NSH,UTA,0.632175,0.367825,NSH,0,UTA,0,0,REAL_NHL_API_OR_DERIVED_FROM_REAL
20222023,2022020852,2023-02-13,MIN,FLA,0.528994,0.471006,MIN,0,FLA,0,0,REAL_NHL_API_OR_DERIVED_FROM_REAL
20222023,2022020853,2023-02-13,VAN,DET,0.448642,0.551358,DET,0,DET,1,0,REAL_NHL_API_OR_DERIVED_FROM_REAL
20222023,2022020854,2023-02-13,LAK,BUF,0.638595,0.361405,LAK,1,LAK,1,0,REAL_NHL_API_OR_DERIVED_FROM_REAL
20222023,2022020855,2023-02-14,WSH,CAR,0.597632,0.402368,WSH,0,CAR,0,0,REAL_NHL_API_OR_DERIVED_FROM_REAL
20222023,2022020856,2023-02-14,MTL,CHI,0.604009,0.395991,MTL,1,MTL,1,0,REAL_NHL_API_OR_DERIVED_FROM_REAL
20222023,2022020857,2023-02-14,CBJ,NJD,0.449977,0.550023,NJD,0,NJD,1,0,REAL_NHL_API_OR_DERIVED_FROM_REAL
20222023,2022020858,2023-02-14,NYI,OTT,0.568597,0.431403,NYI,0,OTT,0,0,REAL_NHL_API_OR_DERIVED_FROM_REAL
20222023,2022020859,2023-02-14,STL,FLA,0.403963,0.596037,FLA,1,STL,0,0,REAL_NHL_API_OR_DERIVED_FROM_REAL
20222023,2022020860,2023-02-14,WPG,SEA,0.635145,0.364855,WPG,1,WPG,1,0,REAL_NHL_API_OR_DERIVED_FROM_REAL
20222023,2022020861,2023-02-14,DAL,BOS,0.445372,0.554628,BOS,0,BOS,1,0,REAL_NHL_API_OR_DERIVED_FROM_REAL
20222023,2022020862,2023-02-14,COL,TBL,0.450064,0.549936,TBL,0,TBL,1,0,REAL_NHL_API_OR_DERIVED_FROM_REAL
20222023,2022020863,2023-02-14,SJS,PIT,0.470702,0.529298,PIT,0,PIT,1,0,REAL_NHL_API_OR_DERIVED_FROM_REAL
20222023,2022020864,2023-02-15,TOR,CHI,0.589562,0.410438,TOR,1,TOR,1,0,REAL_NHL_API_OR_DERIVED_FROM_REAL
20222023,2022020865,2023-02-15,UTA,TBL,0.441924,0.558076,TBL,1,UTA,0,0,REAL_NHL_API_OR_DERIVED_FROM_REAL
20222023,2022020866,2023-02-15,MIN,COL,0.431347,0.568653,COL,0,COL,1,0,REAL_NHL_API_OR_DERIVED_FROM_REAL
20222023,2022020867,2023-02-15,EDM,DET,0.638034,0.361966,EDM,0,DET,0,0,REAL_NHL_API_OR_DERIVED_FROM_REAL
20222023,2022020868,2023-02-15,ANA,BUF,0.461338,0.538662,BUF,0,BUF,1,0,REAL_NHL_API_OR_DERIVED_FROM_REAL
20222023,2022020869,2023-02-15,VAN,NYR,0.482391,0.517609,NYR,0,NYR,1,0,REAL_NHL_API_OR_DERIVED_FROM_REAL
20222023,2022020870,2023-02-16,WSH,FLA,0.469919,0.530081,FLA,0,FLA,1,0,REAL_NHL_API_OR_DERIVED_FROM_REAL
20222023,2022020871,2023-02-16,CAR,MTL,0.650772,0.349228,CAR,1,CAR,1,0,REAL_NHL_API_OR_DERIVED_FROM_REAL
20222023,2022020872,2023-02-16,CBJ,WPG,0.436825,0.563175,WPG,1,CBJ,0,0,REAL_NHL_API_OR_DERIVED_FROM_REAL
20222023,2022020873,2023-02-16,NSH,BOS,0.440065,0.559935,BOS,0,BOS,1,0,REAL_NHL_API_OR_DERIVED_FROM_REAL
20222023,2022020874,2023-02-16,STL,NJD,0.443212,0.556788,NJD,1,STL,0,0,REAL_NHL_API_OR_DERIVED_FROM_REAL
20222023,2022020875,2023-02-16,CGY,DET,0.516101,0.483899,CGY,0,DET,0,0,REAL_NHL_API_OR_DERIVED_FROM_REAL
20222023,2022020876,2023-02-16,SEA,PHI,0.750176,0.249824,SEA,1,SEA,1,0,REAL_NHL_API_OR_DERIVED_FROM_REAL
20222023,2022020877,2023-02-16,VGK,SJS,0.640745,0.359255,VGK,1,VGK,1,0,REAL_NHL_API_OR_DERIVED_FROM_REAL
20222023,2022020878,2023-02-17,OTT,CHI,0.653438,0.346562,OTT,0,CHI,0,0,REAL_NHL_API_OR_DERIVED_FROM_REAL
20222023,2022020879,2023-02-17,NYI,PIT,0.467146,0.532854,PIT,1,NYI,0,0,REAL_NHL_API_OR_DERIVED_FROM_REAL
20222023,2022020880,2023-02-17,MIN,DAL,0.5172,0.4828,MIN,1,MIN,1,0,REAL_NHL_API_OR_DERIVED_FROM_REAL
20222023,2022020881,2023-02-17,EDM,NYR,0.614256,0.385744,EDM,0,NYR,0,0,REAL_NHL_API_OR_DERIVED_FROM_REAL
20222023,2022020882,2023-02-17,ANA,LAK,0.568239,0.431761,ANA,0,LAK,0,0,REAL_NHL_API_OR_DERIVED_FROM_REAL
20222023,2022020883,2023-02-18,STL,COL,0.62524,0.37476,STL,0,COL,0,0,REAL_NHL_API_OR_DERIVED_FROM_REAL
20222023,2022020884,2023-02-18,NSH,FLA,0.762155,0.237845,NSH,1,NSH,1,0,REAL_NHL_API_OR_DERIVED_FROM_REAL
20222023,2022020885,2023-02-18,BOS,NYI,0.622616,0.377384,BOS,1,BOS,1,0,REAL_NHL_API_OR_DERIVED_FROM_REAL
20222023,2022020886,2023-02-18,PIT,NJD,0.430619,0.569381,NJD,0,NJD,1,0,REAL_NHL_API_OR_DERIVED_FROM_REAL
20222023,2022020887,2023-02-18,DAL,CBJ,0.647734,0.352266,DAL,0,CBJ,0,0,REAL_NHL_API_OR_DERIVED_FROM_REAL
20222023,2022020888,2023-02-18,TOR,MTL,0.627338,0.372662,TOR,1,TOR,1,0,REAL_NHL_API_OR_DERIVED_FROM_REAL
20222023,2022020889,2023-02-18,CAR,WSH,0.637044,0.362956,CAR,1,CAR,1,0,REAL_NHL_API_OR_DERIVED_FROM_REAL
20222023,2022020890,2023-02-18,CGY,NYR,0.391316,0.608684,NYR,1,CGY,0,0,REAL_NHL_API_OR_DERIVED_FROM_REAL
20222023,2022020891,2023-02-18,VAN,PHI,0.614819,0.385181,VAN,1,VAN,1,0,REAL_NHL_API_OR_DERIVED_FROM_REAL
20222023,2022020892,2023-02-18,LAK,UTA,0.787212,0.212788,LAK,1,LAK,1,0,REAL_NHL_API_OR_DERIVED_FROM_REAL
20222023,2022020893,2023-02-18,SJS,BUF,0.451842,0.548158,BUF,0,BUF,1,0,REAL_NHL_API_OR_DERIVED_FROM_REAL
20222023,2022020894,2023-02-18,SEA,DET,0.433799,0.566201,DET,1,SEA,0,0,REAL_NHL_API_OR_DERIVED_FROM_REAL
20222023,2022020895,2023-02-18,VGK,TBL,0.62771,0.37229,VGK,1,VGK,1,0,REAL_NHL_API_OR_DERIVED_FROM_REAL
20222023,2022020896,2023-02-19,MIN,NSH,0.432769,0.567231,NSH,1,MIN,0,0,REAL_NHL_API_OR_DERIVED_FROM_REAL
20222023,2022020897,2023-02-19,OTT,STL,0.612955,0.387045,OTT,1,OTT,1,0,REAL_NHL_API_OR_DERIVED_FROM_REAL
20222023,2022020898,2023-02-19,COL,EDM,0.288145,0.711855,EDM,1,COL,0,0,REAL_NHL_API_OR_DERIVED_FROM_REAL
20222023,2022020899,2023-02-19,CHI,TOR,0.404542,0.595458,TOR,1,CHI,0,0,REAL_NHL_API_OR_DERIVED_FROM_REAL
20222023,2022020900,2023-02-19,NJD,WPG,0.622486,0.377514,NJD,1,NJD,1,0,REAL_NHL_API_OR_DERIVED_FROM_REAL
20222023,2022020901,2023-02-19,UTA,CBJ,0.642712,0.357288,UTA,1,UTA,1,0,REAL_NHL_API_OR_DERIVED_FROM_REAL
20222023,2022020902,2023-02-20,FLA,ANA,0.630578,0.369422,FLA,1,FLA,1,0,REAL_NHL_API_OR_DERIVED_FROM_REAL
20222023,2022020903,2023-02-20,BOS,OTT,0.633348,0.366652,BOS,1,BOS,1,0,REAL_NHL_API_OR_DERIVED_FROM_REAL
20222023,2022020904,2023-02-20,CGY,PHI,0.651238,0.348762,CGY,0,PHI,0,0,REAL_NHL_API_OR_DERIVED_FROM_REAL
20222023,2022020905,2023-02-20,SJS,SEA,0.395688,0.604312,SEA,1,SJS,0,0,REAL_NHL_API_OR_DERIVED_FROM_REAL
20222023,2022020906,2023-02-20,PIT,NYI,0.554314,0.445686,PIT,0,NYI,0,0,REAL_NHL_API_OR_DERIVED_FROM_REAL
20222023,2022020907,2023-02-20,NYR,WPG,0.516384,0.483616,NYR,0,WPG,0,0,REAL_NHL_API_OR_DERIVED_FROM_REAL
20222023,2022020908,2023-02-21,TBL,ANA,0.639134,0.360866,TBL,1,TBL,1,0,REAL_NHL_API_OR_DERIVED_FROM_REAL
20222023,2022020909,2023-02-21,WSH,DET,0.379148,0.620852,DET,0,DET,1,0,REAL_NHL_API_OR_DERIVED_FROM_REAL
20222023,2022020910,2023-02-21,NJD,MTL,0.621024,0.378976,NJD,0,MTL,0,0,REAL_NHL_API_OR_DERIVED_FROM_REAL
20222023,2022020911,2023-02-21,CAR,STL,0.629109,0.370891,CAR,1,CAR,1,0,REAL_NHL_API_OR_DERIVED_FROM_REAL
20222023,2022020912,2023-02-21,BUF,TOR,0.255388,0.744612,TOR,0,TOR,1,0,REAL_NHL_API_OR_DERIVED_FROM_REAL
20222023,2022020913,2023-02-21,MIN,LAK,0.556499,0.443501,MIN,1,MIN,1,0,REAL_NHL_API_OR_DERIVED_FROM_REAL
20222023,2022020914,2023-02-21,NSH,VAN,0.630603,0.369397,NSH,1,NSH,1,0,REAL_NHL_API_OR_DERIVED_FROM_REAL
20222023,2022020915,2023-02-21,CHI,VGK,0.3887,0.6113,VGK,1,CHI,0,0,REAL_NHL_API_OR_DERIVED_FROM_REAL
20222023,2022020916,2023-02-21,EDM,PHI,0.651467,0.348533,EDM,1,EDM,1,0,REAL_NHL_API_OR_DERIVED_FROM_REAL
20222023,2022020917,2023-02-22,NYI,WPG,0.482339,0.517661,WPG,1,NYI,0,0,REAL_NHL_API_OR_DERIVED_FROM_REAL
20222023,2022020918,2023-02-22,DAL,CHI,0.63401,0.36599,DAL,0,CHI,0,0,REAL_NHL_API_OR_DERIVED_FROM_REAL
20222023,2022020919,2023-02-22,UTA,CGY,0.583007,0.416993,UTA,0,CGY,0,0,REAL_NHL_API_OR_DERIVED_FROM_REAL
20222023,2022020920,2023-02-23,WSH,ANA,0.592395,0.407605,WSH,0,ANA,0,0,REAL_NHL_API_OR_DERIVED_FROM_REAL
20222023,2022020921,2023-02-23,TBL,BUF,0.650953,0.349047,TBL,0,BUF,0,0,REAL_NHL_API_OR_DERIVED_FROM_REAL
20222023,2022020922,2023-02-23,PIT,EDM,0.250821,0.749179,EDM,0,EDM,1,0,REAL_NHL_API_OR_DERIVED_FROM_REAL
20222023,2022020923,2023-02-23,NJD,LAK,0.394935,0.605065,LAK,1,NJD,0,0,REAL_NHL_API_OR_DERIVED_FROM_REAL
20222023,2022020924,2023-02-23,CBJ,MIN,0.489077,0.510923,MIN,0,MIN,1,0,REAL_NHL_API_OR_DERIVED_FROM_REAL
20222023,2022020925,2023-02-23,DET,NYR,0.440391,0.559609,NYR,1,DET,0,0,REAL_NHL_API_OR_DERIVED_FROM_REAL
20222023,2022020926,2023-02-23,STL,VAN,0.457004,0.542996,VAN,0,VAN,1,0,REAL_NHL_API_OR_DERIVED_FROM_REAL
20222023,2022020927,2023-02-23,SEA,BOS,0.415481,0.584519,BOS,0,BOS,1,0,REAL_NHL_API_OR_DERIVED_FROM_REAL
20222023,2022020928,2023-02-23,VGK,CGY,0.608696,0.391304,VGK,1,VGK,1,0,REAL_NHL_API_OR_DERIVED_FROM_REAL
20222023,2022020929,2023-02-23,SJS,NSH,0.411719,0.588281,NSH,0,NSH,1,0,REAL_NHL_API_OR_DERIVED_FROM_REAL
20222023,2022020930,2023-02-24,FLA,BUF,0.464375,0.535625,BUF,0,BUF,1,0,REAL_NHL_API_OR_DERIVED_FROM_REAL
20222023,2022020931,2023-02-24,TOR,MIN,0.660793,0.339207,TOR,1,TOR,1,0,REAL_NHL_API_OR_DERIVED_FROM_REAL
20222023,2022020932,2023-02-24,PHI,MTL,0.41829,0.58171,MTL,0,MTL,1,0,REAL_NHL_API_OR_DERIVED_FROM_REAL
20222023,2022020933,2023-02-24,CAR,OTT,0.611912,0.388088,CAR,1,CAR,1,0,REAL_NHL_API_OR_DERIVED_FROM_REAL
20222023,2022020934,2023-02-24,NYI,LAK,0.557781,0.442219,NYI,0,LAK,0,0,REAL_NHL_API_OR_DERIVED_FROM_REAL
20222023,2022020935,2023-02-24,WPG,COL,0.245567,0.754433,COL,0,COL,1,0,REAL_NHL_API_OR_DERIVED_FROM_REAL
20222023,2022020936,2023-02-25,CBJ,EDM,0.614451,0.385549,CBJ,1,CBJ,1,0,REAL_NHL_API_OR_DERIVED_FROM_REAL
20222023,2022020937,2023-02-25,WSH,NYR,0.603031,0.396969,WSH,1,WSH,1,0,REAL_NHL_API_OR_DERIVED_FROM_REAL
20222023,2022020938,2023-02-25,CAR,ANA,0.654748,0.345252,CAR,0,ANA,0,0,REAL_NHL_API_OR_DERIVED_FROM_REAL
20222023,2022020939,2023-02-25,VAN,BOS,0.411935,0.588065,BOS,0,BOS,1,0,REAL_NHL_API_OR_DERIVED_FROM_REAL
20222023,2022020940,2023-02-25,MTL,OTT,0.619667,0.380333,MTL,0,OTT,0,0,REAL_NHL_API_OR_DERIVED_FROM_REAL
20222023,2022020941,2023-02-25,NJD,PHI,0.595569,0.404431,NJD,1,NJD,1,0,REAL_NHL_API_OR_DERIVED_FROM_REAL
20222023,2022020942,2023-02-25,DET,TBL,0.450772,0.549228,TBL,0,TBL,1,0,REAL_NHL_API_OR_DERIVED_FROM_REAL
20222023,2022020943,2023-02-25,STL,PIT,0.416146,0.583854,PIT,0,PIT,1,0,REAL_NHL_API_OR_DERIVED_FROM_REAL
20222023,2022020944,2023-02-25,COL,CGY,0.642957,0.357043,COL,1,COL,1,0,REAL_NHL_API_OR_DERIVED_FROM_REAL
20222023,2022020945,2023-02-25,VGK,DAL,0.670916,0.329084,VGK,0,DAL,0,0,REAL_NHL_API_OR_DERIVED_FROM_REAL
20222023,2022020946,2023-02-25,SJS,CHI,0.550335,0.449665,SJS,0,CHI,0,0,REAL_NHL_API_OR_DERIVED_FROM_REAL
20222023,2022020947,2023-02-26,BUF,WSH,0.772073,0.227927,BUF,1,BUF,1,0,REAL_NHL_API_OR_DERIVED_FROM_REAL
20222023,2022020948,2023-02-26,MIN,CBJ,0.570701,0.429299,MIN,1,MIN,1,0,REAL_NHL_API_OR_DERIVED_FROM_REAL
20222023,2022020949,2023-02-26,WPG,NYI,0.585437,0.414563,WPG,0,NYI,0,0,REAL_NHL_API_OR_DERIVED_FROM_REAL
20222023,2022020950,2023-02-26,NYR,LAK,0.6131,0.3869,NYR,1,NYR,1,0,REAL_NHL_API_OR_DERIVED_FROM_REAL
20222023,2022020951,2023-02-26,PIT,TBL,0.425142,0.574858,TBL,1,PIT,0,0,REAL_NHL_API_OR_DERIVED_FROM_REAL
20222023,2022020952,2023-02-26,UTA,NSH,0.260832,0.739168,NSH,0,NSH,1,0,REAL_NHL_API_OR_DERIVED_FROM_REAL
20222023,2022020953,2023-02-26,SEA,TOR,0.239606,0.760394,TOR,0,TOR,1,0,REAL_NHL_API_OR_DERIVED_FROM_REAL
20222023,2022020534,2023-02-27,OTT,DET,0.494982,0.505018,DET,1,OTT,0,0,REAL_NHL_API_OR_DERIVED_FROM_REAL
20222023,2022020954,2023-02-27,EDM,BOS,0.446242,0.553758,BOS,0,BOS,1,0,REAL_NHL_API_OR_DERIVED_FROM_REAL
20222023,2022020955,2023-02-27,DAL,VAN,0.587912,0.412088,DAL,0,VAN,0,0,REAL_NHL_API_OR_DERIVED_FROM_REAL
20222023,2022020956,2023-02-27,COL,VGK,0.508868,0.491132,COL,1,COL,1,0,REAL_NHL_API_OR_DERIVED_FROM_REAL
20222023,2022020957,2023-02-27,ANA,CHI,0.452621,0.547379,CHI,1,ANA,0,0,REAL_NHL_API_OR_DERIVED_FROM_REAL
20222023,2022020958,2023-02-28,BUF,CBJ,0.624736,0.375264,BUF,0,CBJ,0,0,REAL_NHL_API_OR_DERIVED_FROM_REAL
20222023,2022020959,2023-02-28,OTT,DET,0.676201,0.323799,OTT,1,OTT,1,0,REAL_NHL_API_OR_DERIVED_FROM_REAL
20222023,2022020960,2023-02-28,TBL,FLA,0.643652,0.356348,TBL,0,FLA,0,0,REAL_NHL_API_OR_DERIVED_FROM_REAL
20222023,2022020961,2023-02-28,WPG,LAK,0.412541,0.587459,LAK,0,LAK,1,0,REAL_NHL_API_OR_DERIVED_FROM_REAL
20222023,2022020962,2023-02-28,MIN,NYI,0.624896,0.375104,MIN,1,MIN,1,0,REAL_NHL_API_OR_DERIVED_FROM_REAL
20222023,2022020963,2023-02-28,NSH,PIT,0.674131,0.325869,NSH,0,PIT,0,0,REAL_NHL_API_OR_DERIVED_FROM_REAL
20222023,2022020964,2023-02-28,STL,SEA,0.447304,0.552696,SEA,0,SEA,1,0,REAL_NHL_API_OR_DERIVED_FROM_REAL
20222023,2022020965,2023-02-28,CGY,BOS,0.25,0.75,BOS,0,BOS,1,0,REAL_NHL_API_OR_DERIVED_FROM_REAL
20222023,2022020966,2023-02-28,UTA,CHI,0.452717,0.547283,CHI,1,UTA,0,0,REAL_NHL_API_OR_DERIVED_FROM_REAL
20222023,2022020967,2023-02-28,SJS,MTL,0.441663,0.558337,MTL,0,MTL,1,0,REAL_NHL_API_OR_DERIVED_FROM_REAL
20222023,2022020968,2023-03-01,PHI,NYR,0.274927,0.725073,NYR,0,NYR,1,0,REAL_NHL_API_OR_DERIVED_FROM_REAL
20222023,2022020969,2023-03-01,EDM,TOR,0.418719,0.581281,TOR,1,EDM,0,0,REAL_NHL_API_OR_DERIVED_FROM_REAL
20222023,2022020970,2023-03-01,DAL,UTA,0.585411,0.414589,DAL,1,DAL,1,0,REAL_NHL_API_OR_DERIVED_FROM_REAL
20222023,2022020971,2023-03-01,COL,NJD,0.632035,0.367965,COL,0,NJD,0,0,REAL_NHL_API_OR_DERIVED_FROM_REAL
20222023,2022020972,2023-03-01,VGK,CAR,0.429165,0.570835,CAR,1,VGK,0,0,REAL_NHL_API_OR_DERIVED_FROM_REAL
20222023,2022020973,2023-03-01,ANA,WSH,0.476318,0.523682,WSH,0,WSH,1,0,REAL_NHL_API_OR_DERIVED_FROM_REAL
20222023,2022020974,2023-03-02,BOS,BUF,0.678078,0.321922,BOS,1,BOS,1,0,REAL_NHL_API_OR_DERIVED_FROM_REAL
20222023,2022020975,2023-03-02,FLA,NSH,0.598218,0.401782,FLA,0,NSH,0,0,REAL_NHL_API_OR_DERIVED_FROM_REAL
20222023,2022020976,2023-03-02,NYR,OTT,0.633009,0.366991,NYR,0,OTT,0,0,REAL_NHL_API_OR_DERIVED_FROM_REAL
20222023,2022020977,2023-03-02,TBL,PIT,0.611142,0.388858,TBL,0,PIT,0,0,REAL_NHL_API_OR_DERIVED_FROM_REAL
20222023,2022020978,2023-03-02,DET,SEA,0.685922,0.314078,DET,0,SEA,0,0,REAL_NHL_API_OR_DERIVED_FROM_REAL
20222023,2022020979,2023-03-02,CHI,DAL,0.379745,0.620255,DAL,0,DAL,1,0,REAL_NHL_API_OR_DERIVED_FROM_REAL
20222023,2022020980,2023-03-02,CGY,TOR,0.400631,0.599369,TOR,0,TOR,1,0,REAL_NHL_API_OR_DERIVED_FROM_REAL
20222023,2022020981,2023-03-02,VAN,MIN,0.488312,0.511688,MIN,0,MIN,1,0,REAL_NHL_API_OR_DERIVED_FROM_REAL
20222023,2022020982,2023-03-02,LAK,MTL,0.618955,0.381045,LAK,1,LAK,1,0,REAL_NHL_API_OR_DERIVED_FROM_REAL
20222023,2022020983,2023-03-02,SJS,STL,0.443841,0.556159,STL,0,STL,1,0,REAL_NHL_API_OR_DERIVED_FROM_REAL
20222023,2022020984,2023-03-03,CBJ,SEA,0.460871,0.539129,SEA,0,SEA,1,0,REAL_NHL_API_OR_DERIVED_FROM_REAL
20222023,2022020985,2023-03-03,EDM,WPG,0.671447,0.328553,EDM,1,EDM,1,0,REAL_NHL_API_OR_DERIVED_FROM_REAL
20222023,2022020986,2023-03-03,UTA,CAR,0.436644,0.563356,CAR,0,CAR,1,0,REAL_NHL_API_OR_DERIVED_FROM_REAL
20222023,2022020987,2023-03-03,ANA,MTL,0.485282,0.514718,MTL,1,ANA,0,0,REAL_NHL_API_OR_DERIVED_FROM_REAL
20222023,2022020988,2023-03-03,VGK,NJD,0.429125,0.570875,NJD,1,VGK,0,0,REAL_NHL_API_OR_DERIVED_FROM_REAL
20222023,2022020536,2023-03-04,BUF,TBL,0.612292,0.387708,BUF,1,BUF,1,0,REAL_NHL_API_OR_DERIVED_FROM_REAL
20222023,2022020989,2023-03-04,NYI,DET,0.644533,0.355467,NYI,1,NYI,1,0,REAL_NHL_API_OR_DERIVED_FROM_REAL
20222023,2022020991,2023-03-04,BOS,NYR,0.502027,0.497973,BOS,1,BOS,1,0,REAL_NHL_API_OR_DERIVED_FROM_REAL
20222023,2022020992,2023-03-04,FLA,PIT,0.431842,0.568158,PIT,1,FLA,0,0,REAL_NHL_API_OR_DERIVED_FROM_REAL
20222023,2022020993,2023-03-04,SJS,WSH,0.396918,0.603082,WSH,0,WSH,1,0,REAL_NHL_API_OR_DERIVED_FROM_REAL
20222023,2022020994,2023-03-04,OTT,CBJ,0.79235,0.20765,OTT,1,OTT,1,0,REAL_NHL_API_OR_DERIVED_FROM_REAL
20222023,2022020995,2023-03-04,WPG,EDM,0.590504,0.409496,WPG,1,WPG,1,0,REAL_NHL_API_OR_DERIVED_FROM_REAL
20222023,2022020996,2023-03-04,VAN,TOR,0.460234,0.539766,TOR,1,VAN,0,0,REAL_NHL_API_OR_DERIVED_FROM_REAL
20222023,2022020997,2023-03-04,DAL,COL,0.757394,0.242606,DAL,1,DAL,1,0,REAL_NHL_API_OR_DERIVED_FROM_REAL
20222023,2022020998,2023-03-04,CHI,NSH,0.386918,0.613082,NSH,0,NSH,1,0,REAL_NHL_API_OR_DERIVED_FROM_REAL
20222023,2022020999,2023-03-04,CGY,MIN,0.480161,0.519839,MIN,0,MIN,1,0,REAL_NHL_API_OR_DERIVED_FROM_REAL
20222023,2022021000,2023-03-04,LAK,STL,0.637783,0.362217,LAK,1,LAK,1,0,REAL_NHL_API_OR_DERIVED_FROM_REAL
20222023,2022021001,2023-03-05,CAR,TBL,0.632258,0.367742,CAR,1,CAR,1,0,REAL_NHL_API_OR_DERIVED_FROM_REAL
20222023,2022021002,2023-03-05,PHI,DET,0.437767,0.562233,DET,1,PHI,0,0,REAL_NHL_API_OR_DERIVED_FROM_REAL
20222023,2022021003,2023-03-05,VGK,MTL,0.579908,0.420092,VGK,1,VGK,1,0,REAL_NHL_API_OR_DERIVED_FROM_REAL
20222023,2022021004,2023-03-05,UTA,NJD,0.43619,0.56381,NJD,0,NJD,1,0,REAL_NHL_API_OR_DERIVED_FROM_REAL
20222023,2022021005,2023-03-05,COL,SEA,0.467358,0.532642,SEA,0,SEA,1,0,REAL_NHL_API_OR_DERIVED_FROM_REAL
20222023,2022021006,2023-03-06,BUF,EDM,0.606142,0.393858,BUF,0,EDM,0,0,REAL_NHL_API_OR_DERIVED_FROM_REAL
20222023,2022021007,2023-03-06,WPG,SJS,0.617974,0.382026,WPG,0,SJS,0,0,REAL_NHL_API_OR_DERIVED_FROM_REAL
20222023,2022021008,2023-03-06,DAL,CGY,0.664435,0.335565,DAL,0,CGY,0,0,REAL_NHL_API_OR_DERIVED_FROM_REAL
20222023,2022021009,2023-03-06,CHI,OTT,0.367041,0.632959,OTT,1,CHI,0,0,REAL_NHL_API_OR_DERIVED_FROM_REAL
20222023,2022021010,2023-03-06,VAN,NSH,0.440189,0.559811,NSH,1,VAN,0,0,REAL_NHL_API_OR_DERIVED_FROM_REAL
20222023,2022021011,2023-03-06,LAK,WSH,0.586062,0.413938,LAK,1,LAK,1,0,REAL_NHL_API_OR_DERIVED_FROM_REAL
20222023,2022021012,2023-03-07,MTL,CAR,0.566013,0.433987,MTL,0,CAR,0,0,REAL_NHL_API_OR_DERIVED_FROM_REAL
20222023,2022021013,2023-03-07,PIT,CBJ,0.67972,0.32028,PIT,1,PIT,1,0,REAL_NHL_API_OR_DERIVED_FROM_REAL
20222023,2022021014,2023-03-07,TBL,PHI,0.639488,0.360512,TBL,1,TBL,1,0,REAL_NHL_API_OR_DERIVED_FROM_REAL
20222023,2022021015,2023-03-07,NJD,TOR,0.640372,0.359628,NJD,0,TOR,0,0,REAL_NHL_API_OR_DERIVED_FROM_REAL
20222023,2022021016,2023-03-07,FLA,VGK,0.492809,0.507191,VGK,1,FLA,0,0,REAL_NHL_API_OR_DERIVED_FROM_REAL
20222023,2022021017,2023-03-07,NYI,BUF,0.464361,0.535639,BUF,1,NYI,0,0,REAL_NHL_API_OR_DERIVED_FROM_REAL
20222023,2022021018,2023-03-07,MIN,CGY,0.626227,0.373773,MIN,0,CGY,0,0,REAL_NHL_API_OR_DERIVED_FROM_REAL
20222023,2022021019,2023-03-07,COL,SJS,0.793649,0.206351,COL,1,COL,1,0,REAL_NHL_API_OR_DERIVED_FROM_REAL
20222023,2022021020,2023-03-07,UTA,STL,0.441159,0.558841,STL,1,UTA,0,0,REAL_NHL_API_OR_DERIVED_FROM_REAL
20222023,2022021021,2023-03-07,SEA,ANA,0.616858,0.383142,SEA,1,SEA,1,0,REAL_NHL_API_OR_DERIVED_FROM_REAL
20222023,2022021022,2023-03-08,DET,CHI,0.597521,0.402479,DET,1,DET,1,0,REAL_NHL_API_OR_DERIVED_FROM_REAL
20222023,2022021023,2023-03-08,WPG,MIN,0.49,0.51,MIN,0,MIN,1,0,REAL_NHL_API_OR_DERIVED_FROM_REAL
20222023,2022021024,2023-03-08,VAN,ANA,0.617162,0.382838,VAN,1,VAN,1,0,REAL_NHL_API_OR_DERIVED_FROM_REAL
20222023,2022021025,2023-03-09,BUF,DAL,0.392639,0.607361,DAL,0,DAL,1,0,REAL_NHL_API_OR_DERIVED_FROM_REAL
20222023,2022021026,2023-03-09,BOS,EDM,0.651826,0.348174,BOS,0,EDM,0,0,REAL_NHL_API_OR_DERIVED_FROM_REAL
20222023,2022021027,2023-03-09,PIT,NYI,0.486649,0.513351,NYI,0,NYI,1,0,REAL_NHL_API_OR_DERIVED_FROM_REAL
20222023,2022021028,2023-03-09,MTL,NYR,0.420295,0.579705,NYR,0,NYR,1,0,REAL_NHL_API_OR_DERIVED_FROM_REAL
20222023,2022021029,2023-03-09,WSH,NJD,0.464452,0.535548,NJD,0,NJD,1,0,REAL_NHL_API_OR_DERIVED_FROM_REAL
20222023,2022021030,2023-03-09,CAR,PHI,0.642339,0.357661,CAR,1,CAR,1,0,REAL_NHL_API_OR_DERIVED_FROM_REAL
20222023,2022021031,2023-03-09,TBL,VGK,0.6397,0.3603,TBL,0,VGK,0,0,REAL_NHL_API_OR_DERIVED_FROM_REAL
20222023,2022021032,2023-03-09,STL,SJS,0.650513,0.349487,STL,1,STL,1,0,REAL_NHL_API_OR_DERIVED_FROM_REAL
20222023,2022021033,2023-03-09,COL,LAK,0.652346,0.347654,COL,0,LAK,0,0,REAL_NHL_API_OR_DERIVED_FROM_REAL
20222023,2022021034,2023-03-09,UTA,NSH,0.429853,0.570147,NSH,1,UTA,0,0,REAL_NHL_API_OR_DERIVED_FROM_REAL
20222023,2022021035,2023-03-09,SEA,OTT,0.461524,0.538476,OTT,0,OTT,1,0,REAL_NHL_API_OR_DERIVED_FROM_REAL
20222023,2022021036,2023-03-10,FLA,CHI,0.661187,0.338813,FLA,1,FLA,1,0,REAL_NHL_API_OR_DERIVED_FROM_REAL
20222023,2022021037,2023-03-10,CGY,ANA,0.582654,0.417346,CGY,0,ANA,0,0,REAL_NHL_API_OR_DERIVED_FROM_REAL
20222023,2022021038,2023-03-11,BOS,DET,0.69109,0.30891,BOS,1,BOS,1,0,REAL_NHL_API_OR_DERIVED_FROM_REAL
20222023,2022021039,2023-03-11,PIT,PHI,0.702327,0.297673,PIT,1,PIT,1,0,REAL_NHL_API_OR_DERIVED_FROM_REAL
20222023,2022021040,2023-03-11,BUF,NYR,0.559326,0.440674,BUF,0,NYR,0,0,REAL_NHL_API_OR_DERIVED_FROM_REAL
20222023,2022021041,2023-03-11,COL,UTA,0.620276,0.379724,COL,1,COL,1,0,REAL_NHL_API_OR_DERIVED_FROM_REAL
20222023,2022021042,2023-03-11,TBL,CHI,0.655021,0.344979,TBL,1,TBL,1,0,REAL_NHL_API_OR_DERIVED_FROM_REAL
20222023,2022021043,2023-03-11,TOR,EDM,0.417611,0.582389,EDM,1,TOR,0,0,REAL_NHL_API_OR_DERIVED_FROM_REAL
20222023,2022021044,2023-03-11,MTL,NJD,0.425987,0.574013,NJD,0,NJD,1,0,REAL_NHL_API_OR_DERIVED_FROM_REAL
20222023,2022021045,2023-03-11,CBJ,STL,0.61991,0.38009,CBJ,0,STL,0,0,REAL_NHL_API_OR_DERIVED_FROM_REAL
20222023,2022021046,2023-03-11,CAR,VGK,0.657744,0.342256,CAR,0,VGK,0,0,REAL_NHL_API_OR_DERIVED_FROM_REAL
20222023,2022021047,2023-03-11,FLA,WPG,0.657274,0.342726,FLA,0,WPG,0,0,REAL_NHL_API_OR_DERIVED_FROM_REAL
20222023,2022021048,2023-03-11,NYI,WSH,0.617703,0.382297,NYI,0,WSH,0,0,REAL_NHL_API_OR_DERIVED_FROM_REAL
20222023,2022021049,2023-03-11,SEA,DAL,0.444063,0.555937,DAL,0,DAL,1,0,REAL_NHL_API_OR_DERIVED_FROM_REAL
20222023,2022021050,2023-03-11,VAN,OTT,0.430515,0.569485,OTT,1,VAN,0,0,REAL_NHL_API_OR_DERIVED_FROM_REAL
20222023,2022021051,2023-03-11,SJS,MIN,0.424747,0.575253,MIN,0,MIN,1,0,REAL_NHL_API_OR_DERIVED_FROM_REAL
20222023,2022021052,2023-03-11,LAK,NSH,0.394377,0.605623,NSH,0,NSH,1,0,REAL_NHL_API_OR_DERIVED_FROM_REAL
20222023,2022021053,2023-03-12,DET,BOS,0.378339,0.621661,BOS,1,DET,0,0,REAL_NHL_API_OR_DERIVED_FROM_REAL
20222023,2022021054,2023-03-12,PIT,NYR,0.630308,0.369692,PIT,1,PIT,1,0,REAL_NHL_API_OR_DERIVED_FROM_REAL
20222023,2022021055,2023-03-12,NJD,CAR,0.418959,0.581041,CAR,1,NJD,0,0,REAL_NHL_API_OR_DERIVED_FROM_REAL
20222023,2022021056,2023-03-12,STL,VGK,0.404577,0.595423,VGK,0,VGK,1,0,REAL_NHL_API_OR_DERIVED_FROM_REAL
20222023,2022021057,2023-03-12,TBL,WPG,0.620658,0.379342,TBL,0,WPG,0,0,REAL_NHL_API_OR_DERIVED_FROM_REAL
20222023,2022021058,2023-03-12,UTA,MIN,0.436765,0.563235,MIN,1,UTA,0,0,REAL_NHL_API_OR_DERIVED_FROM_REAL
20222023,2022021059,2023-03-12,CGY,OTT,0.577965,0.422035,CGY,1,CGY,1,0,REAL_NHL_API_OR_DERIVED_FROM_REAL
20222023,2022021060,2023-03-12,ANA,NSH,0.445295,0.554705,NSH,0,NSH,1,0,REAL_NHL_API_OR_DERIVED_FROM_REAL
20222023,2022021061,2023-03-13,TOR,BUF,0.603888,0.396112,TOR,0,BUF,0,0,REAL_NHL_API_OR_DERIVED_FROM_REAL
20222023,2022021062,2023-03-13,MTL,COL,0.265355,0.734645,COL,0,COL,1,0,REAL_NHL_API_OR_DERIVED_FROM_REAL
20222023,2022021063,2023-03-13,SEA,DAL,0.408216,0.591784,DAL,0,DAL,1,0,REAL_NHL_API_OR_DERIVED_FROM_REAL
20222023,2022021064,2023-03-14,PIT,MTL,0.497561,0.502439,MTL,0,MTL,1,0,REAL_NHL_API_OR_DERIVED_FROM_REAL
20222023,2022021065,2023-03-14,NJD,TBL,0.628712,0.371288,NJD,0,TBL,0,0,REAL_NHL_API_OR_DERIVED_FROM_REAL
20222023,2022021066,2023-03-14,PHI,VGK,0.419762,0.580238,VGK,0,VGK,1,0,REAL_NHL_API_OR_DERIVED_FROM_REAL
20222023,2022021067,2023-03-14,NYR,WSH,0.589794,0.410206,NYR,1,NYR,1,0,REAL_NHL_API_OR_DERIVED_FROM_REAL
20222023,2022021068,2023-03-14,CAR,WPG,0.615432,0.384568,CAR,1,CAR,1,0,REAL_NHL_API_OR_DERIVED_FROM_REAL
20222023,2022021069,2023-03-14,NSH,DET,0.666583,0.333417,NSH,1,NSH,1,0,REAL_NHL_API_OR_DERIVED_FROM_REAL
20222023,2022021070,2023-03-14,CHI,BOS,0.223248,0.776752,BOS,1,CHI,0,0,REAL_NHL_API_OR_DERIVED_FROM_REAL
20222023,2022021071,2023-03-14,EDM,OTT,0.493277,0.506723,OTT,1,EDM,0,0,REAL_NHL_API_OR_DERIVED_FROM_REAL
20222023,2022021072,2023-03-14,UTA,CGY,0.638178,0.361822,UTA,1,UTA,1,0,REAL_NHL_API_OR_DERIVED_FROM_REAL
20222023,2022021073,2023-03-14,VAN,DAL,0.415603,0.584397,DAL,1,VAN,0,0,REAL_NHL_API_OR_DERIVED_FROM_REAL
20222023,2022021074,2023-03-14,SJS,CBJ,0.434867,0.565133,CBJ,0,CBJ,1,0,REAL_NHL_API_OR_DERIVED_FROM_REAL
20222023,2022021075,2023-03-14,LAK,NYI,0.65452,0.34548,LAK,1,LAK,1,0,REAL_NHL_API_OR_DERIVED_FROM_REAL
20222023,2022021076,2023-03-15,WSH,BUF,0.514621,0.485379,WSH,1,WSH,1,0,REAL_NHL_API_OR_DERIVED_FROM_REAL
20222023,2022021077,2023-03-15,TOR,COL,0.452817,0.547183,COL,0,COL,1,0,REAL_NHL_API_OR_DERIVED_FROM_REAL
20222023,2022021078,2023-03-15,STL,MIN,0.304273,0.695727,MIN,0,MIN,1,0,REAL_NHL_API_OR_DERIVED_FROM_REAL
20222023,2022021079,2023-03-15,ANA,NYI,0.446411,0.553589,NYI,0,NYI,1,0,REAL_NHL_API_OR_DERIVED_FROM_REAL
20222023,2022021080,2023-03-16,OTT,COL,0.573394,0.426606,OTT,0,COL,0,0,REAL_NHL_API_OR_DERIVED_FROM_REAL
20222023,2022021081,2023-03-16,FLA,MTL,0.766646,0.233354,FLA,1,FLA,1,0,REAL_NHL_API_OR_DERIVED_FROM_REAL
20222023,2022021082,2023-03-16,NYR,PIT,0.45386,0.54614,PIT,1,NYR,0,0,REAL_NHL_API_OR_DERIVED_FROM_REAL
20222023,2022021083,2023-03-16,NJD,TBL,0.620804,0.379196,NJD,0,TBL,0,0,REAL_NHL_API_OR_DERIVED_FROM_REAL
20222023,2022021084,2023-03-16,WPG,BOS,0.409004,0.590996,BOS,0,BOS,1,0,REAL_NHL_API_OR_DERIVED_FROM_REAL
20222023,2022021085,2023-03-16,NSH,CHI,0.64545,0.35455,NSH,0,CHI,0,0,REAL_NHL_API_OR_DERIVED_FROM_REAL
20222023,2022021086,2023-03-16,EDM,DAL,0.437196,0.562804,DAL,1,EDM,0,0,REAL_NHL_API_OR_DERIVED_FROM_REAL
20222023,2022021087,2023-03-16,VGK,CGY,0.63698,0.36302,VGK,0,CGY,0,0,REAL_NHL_API_OR_DERIVED_FROM_REAL
20222023,2022021088,2023-03-16,UTA,VAN,0.42082,0.57918,VAN,1,UTA,0,0,REAL_NHL_API_OR_DERIVED_FROM_REAL
20222023,2022021089,2023-03-16,LAK,CBJ,0.785842,0.214158,LAK,1,LAK,1,0,REAL_NHL_API_OR_DERIVED_FROM_REAL
20222023,2022021090,2023-03-16,SJS,SEA,0.413207,0.586793,SEA,0,SEA,1,0,REAL_NHL_API_OR_DERIVED_FROM_REAL
20222023,2022021091,2023-03-17,PHI,BUF,0.388491,0.611509,BUF,1,PHI,0,0,REAL_NHL_API_OR_DERIVED_FROM_REAL
20222023,2022021092,2023-03-17,TOR,CAR,0.653781,0.346219,TOR,1,TOR,1,0,REAL_NHL_API_OR_DERIVED_FROM_REAL
20222023,2022021093,2023-03-17,WSH,STL,0.544703,0.455297,WSH,0,STL,0,0,REAL_NHL_API_OR_DERIVED_FROM_REAL
20222023,2022021094,2023-03-17,ANA,CBJ,0.629394,0.370606,ANA,1,ANA,1,0,REAL_NHL_API_OR_DERIVED_FROM_REAL
20222023,2022021095,2023-03-18,DET,COL,0.498294,0.501706,COL,0,COL,1,0,REAL_NHL_API_OR_DERIVED_FROM_REAL
20222023,2022021096,2023-03-18,MIN,BOS,0.451264,0.548736,BOS,0,BOS,1,0,REAL_NHL_API_OR_DERIVED_FROM_REAL
20222023,2022021097,2023-03-18,NSH,WPG,0.615319,0.384681,NSH,0,WPG,0,0,REAL_NHL_API_OR_DERIVED_FROM_REAL
20222023,2022021098,2023-03-18,SEA,EDM,0.256978,0.743022,EDM,0,EDM,1,0,REAL_NHL_API_OR_DERIVED_FROM_REAL
20222023,2022021099,2023-03-18,PHI,CAR,0.44001,0.55999,CAR,0,CAR,1,0,REAL_NHL_API_OR_DERIVED_FROM_REAL
20222023,2022021100,2023-03-18,FLA,NJD,0.490548,0.509452,NJD,1,FLA,0,0,REAL_NHL_API_OR_DERIVED_FROM_REAL
20222023,2022021101,2023-03-18,TBL,MTL,0.459624,0.540376,MTL,1,TBL,0,0,REAL_NHL_API_OR_DERIVED_FROM_REAL
20222023,2022021102,2023-03-18,OTT,TOR,0.613338,0.386662,OTT,0,TOR,0,0,REAL_NHL_API_OR_DERIVED_FROM_REAL
20222023,2022021103,2023-03-18,NYR,PIT,0.771499,0.228501,NYR,1,NYR,1,0,REAL_NHL_API_OR_DERIVED_FROM_REAL
20222023,2022021104,2023-03-18,CGY,DAL,0.430472,0.569528,DAL,0,DAL,1,0,REAL_NHL_API_OR_DERIVED_FROM_REAL
20222023,2022021105,2023-03-18,LAK,VAN,0.615779,0.384221,LAK,0,VAN,0,0,REAL_NHL_API_OR_DERIVED_FROM_REAL
20222023,2022021106,2023-03-18,UTA,CHI,0.615126,0.384874,UTA,1,UTA,1,0,REAL_NHL_API_OR_DERIVED_FROM_REAL
20222023,2022021107,2023-03-18,SJS,NYI,0.426104,0.573896,NYI,0,NYI,1,0,REAL_NHL_API_OR_DERIVED_FROM_REAL
20222023,2022021108,2023-03-19,BUF,BOS,0.410545,0.589455,BOS,0,BOS,1,0,REAL_NHL_API_OR_DERIVED_FROM_REAL
20222023,2022021109,2023-03-19,MIN,WSH,0.661244,0.338756,MIN,1,MIN,1,0,REAL_NHL_API_OR_DERIVED_FROM_REAL
20222023,2022021110,2023-03-19,VGK,CBJ,0.80708,0.19292,VGK,1,VGK,1,0,REAL_NHL_API_OR_DERIVED_FROM_REAL
20222023,2022021111,2023-03-19,NYR,NSH,0.792592,0.207408,NYR,1,NYR,1,0,REAL_NHL_API_OR_DERIVED_FROM_REAL
20222023,2022021112,2023-03-19,TBL,NJD,0.635416,0.364584,TBL,0,NJD,0,0,REAL_NHL_API_OR_DERIVED_FROM_REAL
20222023,2022021113,2023-03-19,STL,WPG,0.293424,0.706576,WPG,1,STL,0,0,REAL_NHL_API_OR_DERIVED_FROM_REAL
20222023,2022021114,2023-03-19,ANA,VAN,0.470877,0.529123,VAN,0,VAN,1,0,REAL_NHL_API_OR_DERIVED_FROM_REAL
20222023,2022021115,2023-03-20,PIT,OTT,0.631096,0.368904,PIT,0,OTT,0,0,REAL_NHL_API_OR_DERIVED_FROM_REAL
20222023,2022021116,2023-03-20,DET,FLA,0.383037,0.616963,FLA,0,FLA,1,0,REAL_NHL_API_OR_DERIVED_FROM_REAL
20222023,2022021117,2023-03-20,COL,CHI,0.661491,0.338509,COL,1,COL,1,0,REAL_NHL_API_OR_DERIVED_FROM_REAL
20222023,2022021118,2023-03-20,EDM,SJS,0.664787,0.335213,EDM,1,EDM,1,0,REAL_NHL_API_OR_DERIVED_FROM_REAL
20222023,2022021119,2023-03-20,LAK,CGY,0.765144,0.234856,LAK,1,LAK,1,0,REAL_NHL_API_OR_DERIVED_FROM_REAL
20222023,2022021120,2023-03-21,NYR,CAR,0.694194,0.305806,NYR,0,CAR,0,0,REAL_NHL_API_OR_DERIVED_FROM_REAL
20222023,2022021121,2023-03-21,WSH,CBJ,0.644519,0.355481,WSH,0,CBJ,0,0,REAL_NHL_API_OR_DERIVED_FROM_REAL
20222023,2022021122,2023-03-21,PHI,FLA,0.39181,0.60819,FLA,1,PHI,0,0,REAL_NHL_API_OR_DERIVED_FROM_REAL
20222023,2022021123,2023-03-21,NJD,MIN,0.393984,0.606016,MIN,0,MIN,1,0,REAL_NHL_API_OR_DERIVED_FROM_REAL
20222023,2022021124,2023-03-21,BUF,NSH,0.470128,0.529872,NSH,0,NSH,1,0,REAL_NHL_API_OR_DERIVED_FROM_REAL
20222023,2022021125,2023-03-21,BOS,OTT,0.69319,0.30681,BOS,1,BOS,1,0,REAL_NHL_API_OR_DERIVED_FROM_REAL
20222023,2022021126,2023-03-21,MTL,TBL,0.458632,0.541368,TBL,1,MTL,0,0,REAL_NHL_API_OR_DERIVED_FROM_REAL
20222023,2022021127,2023-03-21,NYI,TOR,0.420817,0.579183,TOR,1,NYI,0,0,REAL_NHL_API_OR_DERIVED_FROM_REAL
20222023,2022021128,2023-03-21,WPG,UTA,0.367867,0.632133,UTA,1,WPG,0,0,REAL_NHL_API_OR_DERIVED_FROM_REAL
20222023,2022021129,2023-03-21,STL,DET,0.661582,0.338418,STL,0,DET,0,0,REAL_NHL_API_OR_DERIVED_FROM_REAL
20222023,2022021130,2023-03-21,DAL,SEA,0.482782,0.517218,SEA,0,SEA,1,0,REAL_NHL_API_OR_DERIVED_FROM_REAL
20222023,2022021131,2023-03-21,ANA,CGY,0.501454,0.498546,ANA,0,CGY,0,0,REAL_NHL_API_OR_DERIVED_FROM_REAL
20222023,2022021132,2023-03-21,VAN,VGK,0.45185,0.54815,VGK,0,VGK,1,0,REAL_NHL_API_OR_DERIVED_FROM_REAL
20222023,2022021133,2023-03-22,COL,PIT,0.679067,0.320933,COL,0,PIT,0,0,REAL_NHL_API_OR_DERIVED_FROM_REAL
20222023,2022021134,2023-03-22,EDM,UTA,0.644784,0.355216,EDM,1,EDM,1,0,REAL_NHL_API_OR_DERIVED_FROM_REAL
20222023,2022021135,2023-03-23,WSH,CHI,0.675734,0.324266,WSH,1,WSH,1,0,REAL_NHL_API_OR_DERIVED_FROM_REAL
20222023,2022021136,2023-03-23,PHI,MIN,0.40316,0.59684,MIN,1,PHI,0,0,REAL_NHL_API_OR_DERIVED_FROM_REAL
20222023,2022021137,2023-03-23,BOS,MTL,0.677973,0.322027,BOS,1,BOS,1,0,REAL_NHL_API_OR_DERIVED_FROM_REAL
20222023,2022021138,2023-03-23,CAR,NYR,0.540208,0.459792,CAR,0,NYR,0,0,REAL_NHL_API_OR_DERIVED_FROM_REAL
20222023,2022021139,2023-03-23,OTT,TBL,0.412433,0.587567,TBL,1,OTT,0,0,REAL_NHL_API_OR_DERIVED_FROM_REAL
20222023,2022021140,2023-03-23,FLA,TOR,0.671831,0.328169,FLA,0,TOR,0,0,REAL_NHL_API_OR_DERIVED_FROM_REAL
20222023,2022021141,2023-03-23,DET,STL,0.283827,0.716173,STL,0,STL,1,0,REAL_NHL_API_OR_DERIVED_FROM_REAL
20222023,2022021142,2023-03-23,NSH,SEA,0.422429,0.577571,SEA,1,NSH,0,0,REAL_NHL_API_OR_DERIVED_FROM_REAL
20222023,2022021143,2023-03-23,DAL,PIT,0.669309,0.330691,DAL,1,DAL,1,0,REAL_NHL_API_OR_DERIVED_FROM_REAL
20222023,2022021144,2023-03-23,CGY,VGK,0.623415,0.376585,CGY,0,VGK,0,0,REAL_NHL_API_OR_DERIVED_FROM_REAL
20222023,2022021145,2023-03-23,VAN,SJS,0.656463,0.343537,VAN,1,VAN,1,0,REAL_NHL_API_OR_DERIVED_FROM_REAL
20222023,2022021146,2023-03-23,ANA,WPG,0.465778,0.534222,WPG,0,WPG,1,0,REAL_NHL_API_OR_DERIVED_FROM_REAL
20222023,2022021147,2023-03-24,CBJ,NYI,0.441423,0.558577,NYI,1,CBJ,0,0,REAL_NHL_API_OR_DERIVED_FROM_REAL
20222023,2022021148,2023-03-24,BUF,NJD,0.620845,0.379155,BUF,1,BUF,1,0,REAL_NHL_API_OR_DERIVED_FROM_REAL
20222023,2022021149,2023-03-24,COL,UTA,0.611329,0.388671,COL,1,COL,1,0,REAL_NHL_API_OR_DERIVED_FROM_REAL
20222023,2022021150,2023-03-25,PHI,DET,0.646603,0.353397,PHI,1,PHI,1,0,REAL_NHL_API_OR_DERIVED_FROM_REAL
20222023,2022021151,2023-03-25,BOS,TBL,0.6787,0.3213,BOS,1,BOS,1,0,REAL_NHL_API_OR_DERIVED_FROM_REAL
20222023,2022021152,2023-03-25,NSH,SEA,0.423667,0.576333,SEA,0,SEA,1,0,REAL_NHL_API_OR_DERIVED_FROM_REAL
20222023,2022021153,2023-03-25,CGY,SJS,0.662248,0.337752,CGY,1,CGY,1,0,REAL_NHL_API_OR_DERIVED_FROM_REAL
20222023,2022021154,2023-03-25,LAK,WPG,0.693925,0.306075,LAK,1,LAK,1,0,REAL_NHL_API_OR_DERIVED_FROM_REAL
20222023,2022021155,2023-03-25,MIN,CHI,0.706191,0.293809,MIN,1,MIN,1,0,REAL_NHL_API_OR_DERIVED_FROM_REAL
20222023,2022021156,2023-03-25,FLA,NYR,0.436191,0.563809,NYR,0,NYR,1,0,REAL_NHL_API_OR_DERIVED_FROM_REAL
20222023,2022021157,2023-03-25,NYI,BUF,0.652447,0.347553,NYI,0,BUF,0,0,REAL_NHL_API_OR_DERIVED_FROM_REAL
20222023,2022021158,2023-03-25,MTL,CBJ,0.658175,0.341825,MTL,1,MTL,1,0,REAL_NHL_API_OR_DERIVED_FROM_REAL
20222023,2022021159,2023-03-25,NJD,OTT,0.569717,0.430283,NJD,1,NJD,1,0,REAL_NHL_API_OR_DERIVED_FROM_REAL
20222023,2022021160,2023-03-25,CAR,TOR,0.598919,0.401081,CAR,1,CAR,1,0,REAL_NHL_API_OR_DERIVED_FROM_REAL
20222023,2022021161,2023-03-25,DAL,VAN,0.594782,0.405218,DAL,0,VAN,0,0,REAL_NHL_API_OR_DERIVED_FROM_REAL
20222023,2022021162,2023-03-25,PIT,WSH,0.549999,0.450001,PIT,1,PIT,1,0,REAL_NHL_API_OR_DERIVED_FROM_REAL
20222023,2022021163,2023-03-25,EDM,VGK,0.495188,0.504812,VGK,0,VGK,1,0,REAL_NHL_API_OR_DERIVED_FROM_REAL
20222023,2022021164,2023-03-25,ANA,STL,0.448143,0.551857,STL,0,STL,1,0,REAL_NHL_API_OR_DERIVED_FROM_REAL
20222023,2022021165,2023-03-26,UTA,COL,0.61999,0.38001,UTA,0,COL,0,0,REAL_NHL_API_OR_DERIVED_FROM_REAL
20222023,2022021166,2023-03-26,CAR,BOS,0.454459,0.545541,BOS,0,BOS,1,0,REAL_NHL_API_OR_DERIVED_FROM_REAL
20222023,2022021167,2023-03-26,NSH,TOR,0.397643,0.602357,TOR,0,TOR,1,0,REAL_NHL_API_OR_DERIVED_FROM_REAL
20222023,2022021168,2023-03-26,CHI,VAN,0.336687,0.663313,VAN,0,VAN,1,0,REAL_NHL_API_OR_DERIVED_FROM_REAL
20222023,2022021169,2023-03-26,LAK,STL,0.775007,0.224993,LAK,1,LAK,1,0,REAL_NHL_API_OR_DERIVED_FROM_REAL
20222023,2022021170,2023-03-27,OTT,FLA,0.445946,0.554054,FLA,1,OTT,0,0,REAL_NHL_API_OR_DERIVED_FROM_REAL
20222023,2022021171,2023-03-27,BUF,MTL,0.507829,0.492171,BUF,0,MTL,0,0,REAL_NHL_API_OR_DERIVED_FROM_REAL
20222023,2022021172,2023-03-27,NYI,NJD,0.479688,0.520312,NJD,1,NYI,0,0,REAL_NHL_API_OR_DERIVED_FROM_REAL
20222023,2022021173,2023-03-27,MIN,SEA,0.75168,0.24832,MIN,1,MIN,1,0,REAL_NHL_API_OR_DERIVED_FROM_REAL
20222023,2022021174,2023-03-27,ANA,COL,0.403106,0.596894,COL,0,COL,1,0,REAL_NHL_API_OR_DERIVED_FROM_REAL
20222023,2022021175,2023-03-27,UTA,EDM,0.418242,0.581758,EDM,0,EDM,1,0,REAL_NHL_API_OR_DERIVED_FROM_REAL
20222023,2022021176,2023-03-28,NYR,CBJ,0.68451,0.31549,NYR,1,NYR,1,0,REAL_NHL_API_OR_DERIVED_FROM_REAL
20222023,2022021177,2023-03-28,PHI,MTL,0.549433,0.450567,PHI,1,PHI,1,0,REAL_NHL_API_OR_DERIVED_FROM_REAL
20222023,2022021178,2023-03-28,BOS,NSH,0.68669,0.31331,BOS,0,NSH,0,0,REAL_NHL_API_OR_DERIVED_FROM_REAL
20222023,2022021179,2023-03-28,CAR,TBL,0.461153,0.538847,TBL,0,TBL,1,0,REAL_NHL_API_OR_DERIVED_FROM_REAL
20222023,2022021180,2023-03-28,DET,PIT,0.574473,0.425527,DET,1,DET,1,0,REAL_NHL_API_OR_DERIVED_FROM_REAL
20222023,2022021181,2023-03-28,STL,VAN,0.626358,0.373642,STL,1,STL,1,0,REAL_NHL_API_OR_DERIVED_FROM_REAL
20222023,2022021182,2023-03-28,CHI,DAL,0.219931,0.780069,DAL,0,DAL,1,0,REAL_NHL_API_OR_DERIVED_FROM_REAL
20222023,2022021183,2023-03-28,CGY,LAK,0.395975,0.604025,LAK,1,CGY,0,0,REAL_NHL_API_OR_DERIVED_FROM_REAL
20222023,2022021184,2023-03-28,VGK,EDM,0.389346,0.610654,EDM,0,EDM,1,0,REAL_NHL_API_OR_DERIVED_FROM_REAL
20222023,2022021185,2023-03-28,SJS,WPG,0.45042,0.54958,WPG,1,SJS,0,0,REAL_NHL_API_OR_DERIVED_FROM_REAL
20222023,2022021186,2023-03-29,TOR,FLA,0.495201,0.504799,FLA,0,FLA,1,0,REAL_NHL_API_OR_DERIVED_FROM_REAL
20222023,2022021187,2023-03-29,WSH,NYI,0.461248,0.538752,NYI,0,NYI,1,0,REAL_NHL_API_OR_DERIVED_FROM_REAL
20222023,2022021188,2023-03-29,COL,MIN,0.631135,0.368865,COL,0,MIN,0,0,REAL_NHL_API_OR_DERIVED_FROM_REAL
20222023,2022021189,2023-03-30,BOS,CBJ,0.658203,0.341797,BOS,1,BOS,1,0,REAL_NHL_API_OR_DERIVED_FROM_REAL
20222023,2022021190,2023-03-30,MTL,FLA,0.47634,0.52366,FLA,0,FLA,1,0,REAL_NHL_API_OR_DERIVED_FROM_REAL
20222023,2022021191,2023-03-30,NJD,NYR,0.412171,0.587829,NYR,1,NJD,0,0,REAL_NHL_API_OR_DERIVED_FROM_REAL
20222023,2022021192,2023-03-30,PIT,NSH,0.611272,0.388728,PIT,1,PIT,1,0,REAL_NHL_API_OR_DERIVED_FROM_REAL
20222023,2022021193,2023-03-30,OTT,PHI,0.502829,0.497171,OTT,1,OTT,1,0,REAL_NHL_API_OR_DERIVED_FROM_REAL
20222023,2022021194,2023-03-30,TBL,WSH,0.608157,0.391843,TBL,1,TBL,1,0,REAL_NHL_API_OR_DERIVED_FROM_REAL
20222023,2022021195,2023-03-30,DET,CAR,0.465646,0.534354,CAR,1,DET,0,0,REAL_NHL_API_OR_DERIVED_FROM_REAL
20222023,2022021196,2023-03-30,CHI,STL,0.467292,0.532708,STL,0,STL,1,0,REAL_NHL_API_OR_DERIVED_FROM_REAL
20222023,2022021197,2023-03-30,EDM,LAK,0.592089,0.407911,EDM,1,EDM,1,0,REAL_NHL_API_OR_DERIVED_FROM_REAL
20222023,2022021198,2023-03-30,SEA,ANA,0.654937,0.345063,SEA,1,SEA,1,0,REAL_NHL_API_OR_DERIVED_FROM_REAL
20222023,2022021199,2023-03-30,SJS,VGK,0.466469,0.533531,VGK,1,SJS,0,0,REAL_NHL_API_OR_DERIVED_FROM_REAL
20222023,2022021200,2023-03-31,BUF,NYR,0.462067,0.537933,NYR,1,BUF,0,0,REAL_NHL_API_OR_DERIVED_FROM_REAL
20222023,2022021201,2023-03-31,WPG,DET,0.585261,0.414739,WPG,1,WPG,1,0,REAL_NHL_API_OR_DERIVED_FROM_REAL
20222023,2022021202,2023-03-31,VAN,CGY,0.470987,0.529013,CGY,0,CGY,1,0,REAL_NHL_API_OR_DERIVED_FROM_REAL
20222023,2022021203,2023-03-31,UTA,DAL,0.419426,0.580574,DAL,0,DAL,1,0,REAL_NHL_API_OR_DERIVED_FROM_REAL
20222023,2022021204,2023-04-01,NSH,STL,0.44382,0.55618,STL,1,NSH,0,0,REAL_NHL_API_OR_DERIVED_FROM_REAL
20222023,2022021205,2023-04-01,PIT,BOS,0.451515,0.548485,BOS,0,BOS,1,0,REAL_NHL_API_OR_DERIVED_FROM_REAL
20222023,2022021206,2023-04-01,PHI,BUF,0.626982,0.373018,PHI,0,BUF,0,0,REAL_NHL_API_OR_DERIVED_FROM_REAL
20222023,2022021207,2023-04-01,MTL,CAR,0.442295,0.557705,CAR,0,CAR,1,0,REAL_NHL_API_OR_DERIVED_FROM_REAL
20222023,2022021208,2023-04-01,CBJ,FLA,0.500376,0.499624,CBJ,0,FLA,0,0,REAL_NHL_API_OR_DERIVED_FROM_REAL
20222023,2022021209,2023-04-01,TBL,NYI,0.793224,0.206776,TBL,1,TBL,1,0,REAL_NHL_API_OR_DERIVED_FROM_REAL
20222023,2022021210,2023-04-01,OTT,TOR,0.412616,0.587384,TOR,0,TOR,1,0,REAL_NHL_API_OR_DERIVED_FROM_REAL
20222023,2022021211,2023-04-01,CHI,NJD,0.430599,0.569401,NJD,0,NJD,1,0,REAL_NHL_API_OR_DERIVED_FROM_REAL
20222023,2022021212,2023-04-01,COL,DAL,0.610162,0.389838,COL,1,COL,1,0,REAL_NHL_API_OR_DERIVED_FROM_REAL
20222023,2022021213,2023-04-01,EDM,ANA,0.821981,0.178019,EDM,1,EDM,1,0,REAL_NHL_API_OR_DERIVED_FROM_REAL
20222023,2022021214,2023-04-01,SEA,LAK,0.425069,0.574931,LAK,0,LAK,1,0,REAL_NHL_API_OR_DERIVED_FROM_REAL
20222023,2022021215,2023-04-01,VGK,MIN,0.610433,0.389567,VGK,1,VGK,1,0,REAL_NHL_API_OR_DERIVED_FROM_REAL
20222023,2022021216,2023-04-01,UTA,SJS,0.585007,0.414993,UTA,0,SJS,0,0,REAL_NHL_API_OR_DERIVED_FROM_REAL
20222023,2022021217,2023-04-02,WSH,NYR,0.445122,0.554878,NYR,0,NYR,1,0,REAL_NHL_API_OR_DERIVED_FROM_REAL
20222023,2022021218,2023-04-02,STL,BOS,0.555095,0.444905,STL,0,BOS,0,0,REAL_NHL_API_OR_DERIVED_FROM_REAL
20222023,2022021219,2023-04-02,CAR,NYI,0.624167,0.375833,CAR,1,CAR,1,0,REAL_NHL_API_OR_DERIVED_FROM_REAL
20222023,2022021220,2023-04-02,CBJ,OTT,0.418005,0.581995,OTT,1,CBJ,0,0,REAL_NHL_API_OR_DERIVED_FROM_REAL
20222023,2022021221,2023-04-02,PIT,PHI,0.604708,0.395292,PIT,1,PIT,1,0,REAL_NHL_API_OR_DERIVED_FROM_REAL
20222023,2022021222,2023-04-02,TOR,DET,0.60235,0.39765,TOR,0,DET,0,0,REAL_NHL_API_OR_DERIVED_FROM_REAL
20222023,2022021223,2023-04-02,WPG,NJD,0.679266,0.320734,WPG,1,WPG,1,0,REAL_NHL_API_OR_DERIVED_FROM_REAL
20222023,2022021224,2023-04-02,CGY,ANA,0.477119,0.522881,ANA,1,CGY,0,0,REAL_NHL_API_OR_DERIVED_FROM_REAL
20222023,2022021225,2023-04-02,VAN,LAK,0.524597,0.475403,VAN,0,LAK,0,0,REAL_NHL_API_OR_DERIVED_FROM_REAL
20222023,2022021226,2023-04-03,MIN,VGK,0.45,0.55,VGK,0,VGK,1,0,REAL_NHL_API_OR_DERIVED_FROM_REAL
20222023,2022021227,2023-04-03,DAL,NSH,0.633653,0.366347,DAL,1,DAL,1,0,REAL_NHL_API_OR_DERIVED_FROM_REAL
20222023,2022021228,2023-04-03,SEA,UTA,0.604355,0.395645,SEA,1,SEA,1,0,REAL_NHL_API_OR_DERIVED_FROM_REAL
20222023,2022021229,2023-04-04,FLA,BUF,0.502657,0.497343,FLA,1,FLA,1,0,REAL_NHL_API_OR_DERIVED_FROM_REAL
20222023,2022021230,2023-04-04,TOR,CBJ,0.612195,0.387805,TOR,1,TOR,1,0,REAL_NHL_API_OR_DERIVED_FROM_REAL
20222023,2022021231,2023-04-04,MTL,DET,0.598686,0.401314,MTL,0,DET,0,0,REAL_NHL_API_OR_DERIVED_FROM_REAL
20222023,2022021232,2023-04-04,CAR,OTT,0.571671,0.428329,CAR,1,CAR,1,0,REAL_NHL_API_OR_DERIVED_FROM_REAL
20222023,2022021233,2023-04-04,NJD,PIT,0.619681,0.380319,NJD,1,NJD,1,0,REAL_NHL_API_OR_DERIVED_FROM_REAL
20222023,2022021234,2023-04-04,STL,PHI,0.622423,0.377577,STL,1,STL,1,0,REAL_NHL_API_OR_DERIVED_FROM_REAL
20222023,2022021235,2023-04-04,NSH,VGK,0.383475,0.616525,VGK,1,NSH,0,0,REAL_NHL_API_OR_DERIVED_FROM_REAL
20222023,2022021236,2023-04-04,CGY,CHI,0.662626,0.337374,CGY,0,CHI,0,0,REAL_NHL_API_OR_DERIVED_FROM_REAL
20222023,2022021237,2023-04-04,LAK,EDM,0.430507,0.569493,EDM,0,EDM,1,0,REAL_NHL_API_OR_DERIVED_FROM_REAL
20222023,2022021238,2023-04-04,VAN,SEA,0.468282,0.531718,SEA,0,SEA,1,0,REAL_NHL_API_OR_DERIVED_FROM_REAL
20222023,2022021239,2023-04-04,SJS,COL,0.445677,0.554323,COL,0,COL,1,0,REAL_NHL_API_OR_DERIVED_FROM_REAL
20222023,2022021240,2023-04-05,WPG,CGY,0.441807,0.558193,CGY,0,CGY,1,0,REAL_NHL_API_OR_DERIVED_FROM_REAL
20222023,2022021241,2023-04-05,NYR,TBL,0.636642,0.363358,NYR,1,NYR,1,0,REAL_NHL_API_OR_DERIVED_FROM_REAL
20222023,2022021242,2023-04-05,ANA,EDM,0.389958,0.610042,EDM,0,EDM,1,0,REAL_NHL_API_OR_DERIVED_FROM_REAL
20222023,2022021243,2023-04-06,NJD,CBJ,0.795091,0.204909,NJD,1,NJD,1,0,REAL_NHL_API_OR_DERIVED_FROM_REAL
20222023,2022021244,2023-04-06,PIT,MIN,0.599121,0.400879,PIT,1,PIT,1,0,REAL_NHL_API_OR_DERIVED_FROM_REAL
20222023,2022021245,2023-04-06,FLA,OTT,0.734129,0.265871,FLA,1,FLA,1,0,REAL_NHL_API_OR_DERIVED_FROM_REAL
20222023,2022021246,2023-04-06,BOS,TOR,0.633749,0.366251,BOS,1,BOS,1,0,REAL_NHL_API_OR_DERIVED_FROM_REAL
20222023,2022021247,2023-04-06,MTL,WSH,0.36487,0.63513,WSH,1,MTL,0,0,REAL_NHL_API_OR_DERIVED_FROM_REAL
20222023,2022021248,2023-04-06,DET,BUF,0.63307,0.36693,DET,0,BUF,0,0,REAL_NHL_API_OR_DERIVED_FROM_REAL
20222023,2022021249,2023-04-06,NYI,TBL,0.561218,0.438782,NYI,1,NYI,1,0,REAL_NHL_API_OR_DERIVED_FROM_REAL
20222023,2022021250,2023-04-06,NSH,CAR,0.523913,0.476087,NSH,1,NSH,1,0,REAL_NHL_API_OR_DERIVED_FROM_REAL
20222023,2022021251,2023-04-06,STL,NYR,0.445921,0.554079,NYR,1,STL,0,0,REAL_NHL_API_OR_DERIVED_FROM_REAL
20222023,2022021252,2023-04-06,DAL,PHI,0.633365,0.366635,DAL,1,DAL,1,0,REAL_NHL_API_OR_DERIVED_FROM_REAL
20222023,2022021253,2023-04-06,SEA,UTA,0.633346,0.366654,SEA,1,SEA,1,0,REAL_NHL_API_OR_DERIVED_FROM_REAL
20222023,2022021254,2023-04-06,VAN,CHI,0.68669,0.31331,VAN,1,VAN,1,0,REAL_NHL_API_OR_DERIVED_FROM_REAL
20222023,2022021255,2023-04-06,VGK,LAK,0.792599,0.207401,VGK,1,VGK,1,0,REAL_NHL_API_OR_DERIVED_FROM_REAL
20222023,2022021256,2023-04-06,SJS,COL,0.257823,0.742177,COL,0,COL,1,0,REAL_NHL_API_OR_DERIVED_FROM_REAL
20222023,2022021257,2023-04-08,BUF,CAR,0.488507,0.511493,CAR,1,BUF,0,0,REAL_NHL_API_OR_DERIVED_FROM_REAL
20222023,2022021258,2023-04-08,MIN,STL,0.590835,0.409165,MIN,1,MIN,1,0,REAL_NHL_API_OR_DERIVED_FROM_REAL
20222023,2022021259,2023-04-08,SJS,EDM,0.341732,0.658268,EDM,0,EDM,1,0,REAL_NHL_API_OR_DERIVED_FROM_REAL
20222023,2022021260,2023-04-08,UTA,ANA,0.575208,0.424792,UTA,1,UTA,1,0,REAL_NHL_API_OR_DERIVED_FROM_REAL
20222023,2022021261,2023-04-08,WSH,FLA,0.621558,0.378442,WSH,0,FLA,0,0,REAL_NHL_API_OR_DERIVED_FROM_REAL
20222023,2022021262,2023-04-08,TOR,MTL,0.359064,0.640936,MTL,1,TOR,0,0,REAL_NHL_API_OR_DERIVED_FROM_REAL
20222023,2022021263,2023-04-08,CBJ,NYR,0.355117,0.644883,NYR,0,NYR,1,0,REAL_NHL_API_OR_DERIVED_FROM_REAL
20222023,2022021264,2023-04-08,WPG,NSH,0.619549,0.380451,WPG,1,WPG,1,0,REAL_NHL_API_OR_DERIVED_FROM_REAL
20222023,2022021265,2023-04-08,BOS,NJD,0.471765,0.528235,NJD,1,BOS,0,0,REAL_NHL_API_OR_DERIVED_FROM_REAL
20222023,2022021266,2023-04-08,DET,PIT,0.59691,0.40309,DET,0,PIT,0,0,REAL_NHL_API_OR_DERIVED_FROM_REAL
20222023,2022021267,2023-04-08,OTT,TBL,0.482952,0.517048,TBL,1,OTT,0,0,REAL_NHL_API_OR_DERIVED_FROM_REAL
20222023,2022021268,2023-04-08,NYI,PHI,0.788788,0.211212,NYI,1,NYI,1,0,REAL_NHL_API_OR_DERIVED_FROM_REAL
20222023,2022021269,2023-04-08,DAL,VGK,0.475658,0.524342,VGK,1,DAL,0,0,REAL_NHL_API_OR_DERIVED_FROM_REAL
20222023,2022021270,2023-04-08,VAN,CGY,0.442318,0.557682,CGY,1,VAN,0,0,REAL_NHL_API_OR_DERIVED_FROM_REAL
20222023,2022021271,2023-04-08,SEA,CHI,0.512719,0.487281,SEA,1,SEA,1,0,REAL_NHL_API_OR_DERIVED_FROM_REAL
20222023,2022021272,2023-04-08,LAK,COL,0.395057,0.604943,COL,0,COL,1,0,REAL_NHL_API_OR_DERIVED_FROM_REAL
20222023,2022021273,2023-04-09,PHI,BOS,0.335649,0.664351,BOS,0,BOS,1,0,REAL_NHL_API_OR_DERIVED_FROM_REAL
20222023,2022021274,2023-04-09,ANA,COL,0.449945,0.550055,COL,0,COL,1,0,REAL_NHL_API_OR_DERIVED_FROM_REAL
20222023,2022021275,2023-04-10,NYR,BUF,0.644428,0.355572,NYR,0,BUF,0,0,REAL_NHL_API_OR_DERIVED_FROM_REAL
20222023,2022021276,2023-04-10,OTT,CAR,0.472213,0.527787,CAR,1,OTT,0,0,REAL_NHL_API_OR_DERIVED_FROM_REAL
20222023,2022021277,2023-04-10,WSH,NYI,0.61892,0.38108,WSH,1,WSH,1,0,REAL_NHL_API_OR_DERIVED_FROM_REAL
20222023,2022021278,2023-04-10,WPG,SJS,0.607383,0.392617,WPG,1,WPG,1,0,REAL_NHL_API_OR_DERIVED_FROM_REAL
20222023,2022021279,2023-04-10,FLA,TOR,0.493347,0.506653,TOR,0,TOR,1,0,REAL_NHL_API_OR_DERIVED_FROM_REAL
20222023,2022021280,2023-04-10,DET,DAL,0.559556,0.440444,DET,0,DAL,0,0,REAL_NHL_API_OR_DERIVED_FROM_REAL
20222023,2022021281,2023-04-10,CHI,MIN,0.335674,0.664326,MIN,0,MIN,1,0,REAL_NHL_API_OR_DERIVED_FROM_REAL
20222023,2022021282,2023-04-10,CGY,NSH,0.616694,0.383306,CGY,0,NSH,0,0,REAL_NHL_API_OR_DERIVED_FROM_REAL
20222023,2022021283,2023-04-10,UTA,SEA,0.585709,0.414291,UTA,0,SEA,0,0,REAL_NHL_API_OR_DERIVED_FROM_REAL
20222023,2022021284,2023-04-10,LAK,VAN,0.467727,0.532273,VAN,1,LAK,0,0,REAL_NHL_API_OR_DERIVED_FROM_REAL
20222023,2022021285,2023-04-11,NJD,BUF,0.684405,0.315595,NJD,1,NJD,1,0,REAL_NHL_API_OR_DERIVED_FROM_REAL
20222023,2022021286,2023-04-11,PIT,CHI,0.682184,0.317816,PIT,0,CHI,0,0,REAL_NHL_API_OR_DERIVED_FROM_REAL
20222023,2022021287,2023-04-11,PHI,CBJ,0.376851,0.623149,CBJ,1,PHI,0,0,REAL_NHL_API_OR_DERIVED_FROM_REAL
20222023,2022021288,2023-04-11,CAR,DET,0.583895,0.416105,CAR,1,CAR,1,0,REAL_NHL_API_OR_DERIVED_FROM_REAL
20222023,2022021289,2023-04-11,TBL,TOR,0.41824,0.58176,TOR,0,TOR,1,0,REAL_NHL_API_OR_DERIVED_FROM_REAL
20222023,2022021290,2023-04-11,BOS,WSH,0.673193,0.326807,BOS,1,BOS,1,0,REAL_NHL_API_OR_DERIVED_FROM_REAL
20222023,2022021291,2023-04-11,MIN,WPG,0.56145,0.43855,MIN,0,WPG,0,0,REAL_NHL_API_OR_DERIVED_FROM_REAL
20222023,2022021292,2023-04-11,COL,EDM,0.465403,0.534597,EDM,0,EDM,1,0,REAL_NHL_API_OR_DERIVED_FROM_REAL
20222023,2022021293,2023-04-11,VGK,SEA,0.433706,0.566294,SEA,1,VGK,0,0,REAL_NHL_API_OR_DERIVED_FROM_REAL
20222023,2022021294,2023-04-11,ANA,VAN,0.501522,0.498478,ANA,0,VAN,0,0,REAL_NHL_API_OR_DERIVED_FROM_REAL
20222023,2022021295,2023-04-12,NYI,MTL,0.611856,0.388144,NYI,1,NYI,1,0,REAL_NHL_API_OR_DERIVED_FROM_REAL
20222023,2022021296,2023-04-12,STL,DAL,0.500899,0.499101,STL,0,DAL,0,0,REAL_NHL_API_OR_DERIVED_FROM_REAL
20222023,2022021297,2023-04-12,CGY,SJS,0.655,0.345,CGY,1,CGY,1,0,REAL_NHL_API_OR_DERIVED_FROM_REAL
20222023,2022021298,2023-04-13,MTL,BOS,0.445597,0.554403,BOS,0,BOS,1,0,REAL_NHL_API_OR_DERIVED_FROM_REAL
20222023,2022021299,2023-04-13,FLA,CAR,0.69711,0.30289,FLA,0,CAR,0,0,REAL_NHL_API_OR_DERIVED_FROM_REAL
20222023,2022021300,2023-04-13,TBL,DET,0.653909,0.346091,TBL,1,TBL,1,0,REAL_NHL_API_OR_DERIVED_FROM_REAL
20222023,2022021301,2023-04-13,WSH,NJD,0.607781,0.392219,WSH,0,NJD,0,0,REAL_NHL_API_OR_DERIVED_FROM_REAL
20222023,2022021302,2023-04-13,BUF,OTT,0.42917,0.57083,OTT,1,BUF,0,0,REAL_NHL_API_OR_DERIVED_FROM_REAL
20222023,2022021303,2023-04-13,CBJ,PIT,0.44281,0.55719,PIT,1,CBJ,0,0,REAL_NHL_API_OR_DERIVED_FROM_REAL
20222023,2022021304,2023-04-13,NYR,TOR,0.565149,0.434851,NYR,0,TOR,0,0,REAL_NHL_API_OR_DERIVED_FROM_REAL
20222023,2022021305,2023-04-13,NSH,MIN,0.41907,0.58093,MIN,1,NSH,0,0,REAL_NHL_API_OR_DERIVED_FROM_REAL
20222023,2022021306,2023-04-13,CHI,PHI,0.482866,0.517134,PHI,0,PHI,1,0,REAL_NHL_API_OR_DERIVED_FROM_REAL
20222023,2022021307,2023-04-13,DAL,STL,0.483311,0.516689,STL,1,DAL,0,0,REAL_NHL_API_OR_DERIVED_FROM_REAL
20222023,2022021308,2023-04-13,EDM,SJS,0.701451,0.298549,EDM,1,EDM,1,0,REAL_NHL_API_OR_DERIVED_FROM_REAL
20222023,2022021309,2023-04-13,COL,WPG,0.530636,0.469364,COL,1,COL,1,0,REAL_NHL_API_OR_DERIVED_FROM_REAL
20222023,2022021310,2023-04-13,ANA,LAK,0.430294,0.569706,LAK,0,LAK,1,0,REAL_NHL_API_OR_DERIVED_FROM_REAL
20222023,2022021311,2023-04-13,UTA,VAN,0.429898,0.570102,VAN,0,VAN,1,0,REAL_NHL_API_OR_DERIVED_FROM_REAL
20222023,2022021312,2023-04-13,SEA,VGK,0.607252,0.392748,SEA,0,VGK,0,0,REAL_NHL_API_OR_DERIVED_FROM_REAL
20222023,2022020320,2023-04-14,NSH,COL,0.406592,0.593408,COL,0,COL,1,0,REAL_NHL_API_OR_DERIVED_FROM_REAL
20222023,2022020547,2023-04-14,CBJ,BUF,0.22589,0.77411,BUF,0,BUF,1,0,REAL_NHL_API_OR_DERIVED_FROM_REAL
20232024,2023020001,2023-10-10,TBL,NSH,0.608553,0.391447,TBL,1,TBL,1,0,REAL_NHL_API_OR_DERIVED_FROM_REAL
20232024,2023020002,2023-10-10,PIT,CHI,0.456129,0.543871,CHI,0,CHI,1,0,REAL_NHL_API_OR_DERIVED_FROM_REAL
20232024,2023020003,2023-10-10,VGK,SEA,0.569542,0.430458,VGK,1,VGK,1,0,REAL_NHL_API_OR_DERIVED_FROM_REAL
20232024,2023020004,2023-10-11,CAR,OTT,0.380326,0.619674,OTT,1,CAR,0,0,REAL_NHL_API_OR_DERIVED_FROM_REAL
20232024,2023020005,2023-10-11,TOR,MTL,0.523045,0.476955,TOR,1,TOR,1,0,REAL_NHL_API_OR_DERIVED_FROM_REAL
20232024,2023020006,2023-10-11,BOS,CHI,0.480586,0.519414,CHI,1,BOS,0,0,REAL_NHL_API_OR_DERIVED_FROM_REAL
20232024,2023020007,2023-10-11,CGY,WPG,0.522994,0.477006,CGY,1,CGY,1,0,REAL_NHL_API_OR_DERIVED_FROM_REAL
20232024,2023020008,2023-10-11,LAK,COL,0.534287,0.465713,LAK,0,COL,0,0,REAL_NHL_API_OR_DERIVED_FROM_REAL
20232024,2023020009,2023-10-11,VAN,EDM,0.523843,0.476157,VAN,1,VAN,1,0,REAL_NHL_API_OR_DERIVED_FROM_REAL
20232024,2023020010,2023-10-12,BUF,NYR,0.531056,0.468944,BUF,0,NYR,0,0,REAL_NHL_API_OR_DERIVED_FROM_REAL
20232024,2023020011,2023-10-12,CBJ,PHI,0.563374,0.436626,CBJ,0,PHI,0,0,REAL_NHL_API_OR_DERIVED_FROM_REAL
20232024,2023020012,2023-10-12,NJD,DET,0.550187,0.449813,NJD,1,NJD,1,0,REAL_NHL_API_OR_DERIVED_FROM_REAL
20232024,2023020013,2023-10-12,DAL,STL,0.602335,0.397665,DAL,1,DAL,1,0,REAL_NHL_API_OR_DERIVED_FROM_REAL
20232024,2023020014,2023-10-12,MIN,FLA,0.426245,0.573755,FLA,1,MIN,0,0,REAL_NHL_API_OR_DERIVED_FROM_REAL
20232024,2023020015,2023-10-12,NSH,SEA,0.520855,0.479145,NSH,1,NSH,1,0,REAL_NHL_API_OR_DERIVED_FROM_REAL
20232024,2023020016,2023-10-12,SJS,VGK,0.372313,0.627687,VGK,0,VGK,1,0,REAL_NHL_API_OR_DERIVED_FROM_REAL
20232024,2023020017,2023-10-13,NJD,UTA,0.658511,0.341489,NJD,0,UTA,0,0,REAL_NHL_API_OR_DERIVED_FROM_REAL
20232024,2023020018,2023-10-13,WSH,PIT,0.464536,0.535464,PIT,0,PIT,1,0,REAL_NHL_API_OR_DERIVED_FROM_REAL
20232024,2023020019,2023-10-14,OTT,PHI,0.429929,0.570071,PHI,1,OTT,0,0,REAL_NHL_API_OR_DERIVED_FROM_REAL
20232024,2023020020,2023-10-14,WPG,FLA,0.497356,0.502644,FLA,1,WPG,0,0,REAL_NHL_API_OR_DERIVED_FROM_REAL
20232024,2023020021,2023-10-14,BOS,NSH,0.648274,0.351726,BOS,1,BOS,1,0,REAL_NHL_API_OR_DERIVED_FROM_REAL
20232024,2023020022,2023-10-14,CBJ,NYR,0.296902,0.703098,NYR,1,CBJ,0,0,REAL_NHL_API_OR_DERIVED_FROM_REAL
20232024,2023020023,2023-10-14,DET,TBL,0.367885,0.632115,TBL,1,DET,0,0,REAL_NHL_API_OR_DERIVED_FROM_REAL
20232024,2023020024,2023-10-14,MTL,CHI,0.507861,0.492139,MTL,1,MTL,1,0,REAL_NHL_API_OR_DERIVED_FROM_REAL
20232024,2023020025,2023-10-14,PIT,CGY,0.445646,0.554354,CGY,1,PIT,0,0,REAL_NHL_API_OR_DERIVED_FROM_REAL
20232024,2023020026,2023-10-14,TOR,MIN,0.538026,0.461974,TOR,1,TOR,1,0,REAL_NHL_API_OR_DERIVED_FROM_REAL
20232024,2023020027,2023-10-14,NYI,BUF,0.542857,0.457143,NYI,1,NYI,1,0,REAL_NHL_API_OR_DERIVED_FROM_REAL
20232024,2023020028,2023-10-14,STL,SEA,0.531504,0.468496,STL,1,STL,1,0,REAL_NHL_API_OR_DERIVED_FROM_REAL
20232024,2023020029,2023-10-14,EDM,VAN,0.39745,0.60255,VAN,0,VAN,1,0,REAL_NHL_API_OR_DERIVED_FROM_REAL
20232024,2023020030,2023-10-14,SJS,COL,0.317984,0.682016,COL,0,COL,1,0,REAL_NHL_API_OR_DERIVED_FROM_REAL
20232024,2023020031,2023-10-14,VGK,ANA,0.583305,0.416695,VGK,1,VGK,1,0,REAL_NHL_API_OR_DERIVED_FROM_REAL
20232024,2023020032,2023-10-14,LAK,CAR,0.383354,0.616646,CAR,0,CAR,1,0,REAL_NHL_API_OR_DERIVED_FROM_REAL
20232024,2023020033,2023-10-15,OTT,TBL,0.492654,0.507346,TBL,1,OTT,0,0,REAL_NHL_API_OR_DERIVED_FROM_REAL
20232024,2023020034,2023-10-15,ANA,CAR,0.455408,0.544592,CAR,1,ANA,0,0,REAL_NHL_API_OR_DERIVED_FROM_REAL
20232024,2023020035,2023-10-16,CBJ,DET,0.482696,0.517304,DET,0,DET,1,0,REAL_NHL_API_OR_DERIVED_FROM_REAL
20232024,2023020036,2023-10-16,NJD,FLA,0.488826,0.511174,FLA,0,FLA,1,0,REAL_NHL_API_OR_DERIVED_FROM_REAL
20232024,2023020037,2023-10-16,NYR,UTA,0.452486,0.547514,UTA,1,NYR,0,0,REAL_NHL_API_OR_DERIVED_FROM_REAL
20232024,2023020038,2023-10-16,TOR,CHI,0.658632,0.341368,TOR,0,CHI,0,0,REAL_NHL_API_OR_DERIVED_FROM_REAL
20232024,2023020039,2023-10-16,WSH,CGY,0.512314,0.487686,WSH,1,WSH,1,0,REAL_NHL_API_OR_DERIVED_FROM_REAL
20232024,2023020040,2023-10-17,BUF,TBL,0.579643,0.420357,BUF,1,BUF,1,0,REAL_NHL_API_OR_DERIVED_FROM_REAL
20232024,2023020041,2023-10-17,MTL,MIN,0.421206,0.578794,MIN,0,MIN,1,0,REAL_NHL_API_OR_DERIVED_FROM_REAL
20232024,2023020042,2023-10-17,PHI,VAN,0.401004,0.598996,VAN,1,PHI,0,0,REAL_NHL_API_OR_DERIVED_FROM_REAL
20232024,2023020043,2023-10-17,NYI,UTA,0.635565,0.364435,NYI,1,NYI,1,0,REAL_NHL_API_OR_DERIVED_FROM_REAL
20232024,2023020044,2023-10-17,NSH,EDM,0.455664,0.544336,EDM,0,EDM,1,0,REAL_NHL_API_OR_DERIVED_FROM_REAL
20232024,2023020045,2023-10-17,WPG,LAK,0.621849,0.378151,WPG,0,LAK,0,0,REAL_NHL_API_OR_DERIVED_FROM_REAL
20232024,2023020046,2023-10-17,SEA,COL,0.408392,0.591608,COL,0,COL,1,0,REAL_NHL_API_OR_DERIVED_FROM_REAL
20232024,2023020047,2023-10-17,SJS,CAR,0.548251,0.451749,SJS,0,CAR,0,0,REAL_NHL_API_OR_DERIVED_FROM_REAL
20232024,2023020048,2023-10-17,VGK,DAL,0.538417,0.461583,VGK,1,VGK,1,0,REAL_NHL_API_OR_DERIVED_FROM_REAL
20232024,2023020049,2023-10-18,OTT,WSH,0.664915,0.335085,OTT,1,OTT,1,0,REAL_NHL_API_OR_DERIVED_FROM_REAL
20232024,2023020050,2023-10-18,DET,PIT,0.549871,0.450129,DET,1,DET,1,0,REAL_NHL_API_OR_DERIVED_FROM_REAL
20232024,2023020051,2023-10-19,BUF,CGY,0.564449,0.435551,BUF,0,CGY,0,0,REAL_NHL_API_OR_DERIVED_FROM_REAL
20232024,2023020052,2023-10-19,FLA,TOR,0.417364,0.582636,TOR,1,FLA,0,0,REAL_NHL_API_OR_DERIVED_FROM_REAL
20232024,2023020053,2023-10-19,NYR,NSH,0.461582,0.538418,NSH,0,NSH,1,0,REAL_NHL_API_OR_DERIVED_FROM_REAL
20232024,2023020054,2023-10-19,PHI,EDM,0.648122,0.351878,PHI,1,PHI,1,0,REAL_NHL_API_OR_DERIVED_FROM_REAL
20232024,2023020055,2023-10-19,TBL,VAN,0.460867,0.539133,VAN,1,TBL,0,0,REAL_NHL_API_OR_DERIVED_FROM_REAL
20232024,2023020056,2023-10-19,MIN,LAK,0.541929,0.458071,MIN,0,LAK,0,0,REAL_NHL_API_OR_DERIVED_FROM_REAL
20232024,2023020057,2023-10-19,STL,UTA,0.559521,0.440479,STL,0,UTA,0,0,REAL_NHL_API_OR_DERIVED_FROM_REAL
20232024,2023020058,2023-10-19,WPG,VGK,0.380554,0.619446,VGK,0,VGK,1,0,REAL_NHL_API_OR_DERIVED_FROM_REAL
20232024,2023020059,2023-10-19,ANA,DAL,0.589386,0.410614,ANA,0,DAL,0,0,REAL_NHL_API_OR_DERIVED_FROM_REAL
20232024,2023020060,2023-10-19,SEA,CAR,0.546713,0.453287,SEA,1,SEA,1,0,REAL_NHL_API_OR_DERIVED_FROM_REAL
20232024,2023020061,2023-10-19,COL,CHI,0.664185,0.335815,COL,1,COL,1,0,REAL_NHL_API_OR_DERIVED_FROM_REAL
20232024,2023020062,2023-10-19,SJS,BOS,0.360715,0.639285,BOS,0,BOS,1,0,REAL_NHL_API_OR_DERIVED_FROM_REAL
20232024,2023020063,2023-10-20,CBJ,CGY,0.429266,0.570734,CGY,1,CBJ,0,0,REAL_NHL_API_OR_DERIVED_FROM_REAL
20232024,2023020064,2023-10-20,NYI,NJD,0.632684,0.367316,NYI,0,NJD,0,0,REAL_NHL_API_OR_DERIVED_FROM_REAL
20232024,2023020065,2023-10-21,OTT,DET,0.657083,0.342917,OTT,0,DET,0,0,REAL_NHL_API_OR_DERIVED_FROM_REAL
20232024,2023020066,2023-10-21,UTA,ANA,0.595449,0.404551,UTA,1,UTA,1,0,REAL_NHL_API_OR_DERIVED_FROM_REAL
20232024,2023020067,2023-10-21,BUF,NYI,0.456904,0.543096,NYI,1,BUF,0,0,REAL_NHL_API_OR_DERIVED_FROM_REAL
20232024,2023020068,2023-10-21,FLA,VAN,0.572937,0.427063,FLA,0,VAN,0,0,REAL_NHL_API_OR_DERIVED_FROM_REAL
20232024,2023020069,2023-10-21,MTL,WSH,0.469032,0.530968,WSH,1,MTL,0,0,REAL_NHL_API_OR_DERIVED_FROM_REAL
20232024,2023020070,2023-10-21,TBL,TOR,0.696983,0.303017,TBL,0,TOR,0,0,REAL_NHL_API_OR_DERIVED_FROM_REAL
20232024,2023020071,2023-10-21,CHI,VGK,0.398043,0.601957,VGK,0,VGK,1,0,REAL_NHL_API_OR_DERIVED_FROM_REAL
20232024,2023020072,2023-10-21,DAL,PHI,0.646195,0.353805,DAL,1,DAL,1,0,REAL_NHL_API_OR_DERIVED_FROM_REAL
20232024,2023020073,2023-10-21,MIN,CBJ,0.507402,0.492598,MIN,0,CBJ,0,0,REAL_NHL_API_OR_DERIVED_FROM_REAL
20232024,2023020074,2023-10-21,NSH,SJS,0.588513,0.411487,NSH,1,NSH,1,0,REAL_NHL_API_OR_DERIVED_FROM_REAL
20232024,2023020075,2023-10-21,STL,PIT,0.381746,0.618254,PIT,1,STL,0,0,REAL_NHL_API_OR_DERIVED_FROM_REAL
20232024,2023020076,2023-10-21,COL,CAR,0.66646,0.33354,COL,1,COL,1,0,REAL_NHL_API_OR_DERIVED_FROM_REAL
20232024,2023020077,2023-10-21,EDM,WPG,0.58596,0.41404,EDM,0,WPG,0,0,REAL_NHL_API_OR_DERIVED_FROM_REAL
20232024,2023020078,2023-10-21,SEA,NYR,0.397866,0.602134,NYR,0,NYR,1,0,REAL_NHL_API_OR_DERIVED_FROM_REAL
20232024,2023020079,2023-10-21,LAK,BOS,0.433271,0.566729,BOS,0,BOS,1,0,REAL_NHL_API_OR_DERIVED_FROM_REAL
20232024,2023020080,2023-10-22,DET,CGY,0.665309,0.334691,DET,1,DET,1,0,REAL_NHL_API_OR_DERIVED_FROM_REAL
20232024,2023020081,2023-10-22,ANA,BOS,0.408136,0.591864,BOS,0,BOS,1,0,REAL_NHL_API_OR_DERIVED_FROM_REAL
20232024,2023020082,2023-10-23,BUF,MTL,0.472448,0.527552,MTL,0,MTL,1,0,REAL_NHL_API_OR_DERIVED_FROM_REAL
20232024,2023020083,2023-10-24,WSH,TOR,0.374792,0.625208,TOR,0,TOR,1,0,REAL_NHL_API_OR_DERIVED_FROM_REAL
20232024,2023020084,2023-10-24,CBJ,ANA,0.641302,0.358698,CBJ,0,ANA,0,0,REAL_NHL_API_OR_DERIVED_FROM_REAL
20232024,2023020085,2023-10-24,OTT,BUF,0.456165,0.543835,BUF,0,BUF,1,0,REAL_NHL_API_OR_DERIVED_FROM_REAL
20232024,2023020086,2023-10-24,TBL,CAR,0.453243,0.546757,CAR,1,TBL,0,0,REAL_NHL_API_OR_DERIVED_FROM_REAL
20232024,2023020087,2023-10-24,MTL,NJD,0.488301,0.511699,NJD,0,NJD,1,0,REAL_NHL_API_OR_DERIVED_FROM_REAL
20232024,2023020088,2023-10-24,PIT,DAL,0.449861,0.550139,DAL,0,DAL,1,0,REAL_NHL_API_OR_DERIVED_FROM_REAL
20232024,2023020089,2023-10-24,FLA,SJS,0.618041,0.381959,FLA,1,FLA,1,0,REAL_NHL_API_OR_DERIVED_FROM_REAL
20232024,2023020090,2023-10-24,NYI,COL,0.451263,0.548737,COL,0,COL,1,0,REAL_NHL_API_OR_DERIVED_FROM_REAL
20232024,2023020091,2023-10-24,DET,SEA,0.680565,0.319435,DET,0,SEA,0,0,REAL_NHL_API_OR_DERIVED_FROM_REAL
20232024,2023020092,2023-10-24,CHI,BOS,0.373094,0.626906,BOS,0,BOS,1,0,REAL_NHL_API_OR_DERIVED_FROM_REAL
20232024,2023020093,2023-10-24,WPG,STL,0.536766,0.463234,WPG,1,WPG,1,0,REAL_NHL_API_OR_DERIVED_FROM_REAL
20232024,2023020094,2023-10-24,MIN,EDM,0.560666,0.439334,MIN,1,MIN,1,0,REAL_NHL_API_OR_DERIVED_FROM_REAL
20232024,2023020095,2023-10-24,NSH,VAN,0.469425,0.530575,VAN,0,VAN,1,0,REAL_NHL_API_OR_DERIVED_FROM_REAL
20232024,2023020096,2023-10-24,CGY,NYR,0.430837,0.569163,NYR,0,NYR,1,0,REAL_NHL_API_OR_DERIVED_FROM_REAL
20232024,2023020097,2023-10-24,LAK,UTA,0.640482,0.359518,LAK,1,LAK,1,0,REAL_NHL_API_OR_DERIVED_FROM_REAL
20232024,2023020098,2023-10-24,VGK,PHI,0.646358,0.353642,VGK,1,VGK,1,0,REAL_NHL_API_OR_DERIVED_FROM_REAL
20232024,2023020099,2023-10-25,NJD,WSH,0.65045,0.34955,NJD,0,WSH,0,0,REAL_NHL_API_OR_DERIVED_FROM_REAL
20232024,2023020100,2023-10-26,BOS,ANA,0.623333,0.376667,BOS,0,ANA,0,0,REAL_NHL_API_OR_DERIVED_FROM_REAL
20232024,2023020101,2023-10-26,CAR,SEA,0.672119,0.327881,CAR,1,CAR,1,0,REAL_NHL_API_OR_DERIVED_FROM_REAL
20232024,2023020102,2023-10-26,DET,WPG,0.611653,0.388347,DET,0,WPG,0,0,REAL_NHL_API_OR_DERIVED_FROM_REAL
20232024,2023020103,2023-10-26,MTL,CBJ,0.447387,0.552613,CBJ,1,MTL,0,0,REAL_NHL_API_OR_DERIVED_FROM_REAL
20232024,2023020104,2023-10-26,PHI,MIN,0.577034,0.422966,PHI,1,PHI,1,0,REAL_NHL_API_OR_DERIVED_FROM_REAL
20232024,2023020105,2023-10-26,PIT,COL,0.562901,0.437099,PIT,1,PIT,1,0,REAL_NHL_API_OR_DERIVED_FROM_REAL
20232024,2023020106,2023-10-26,TBL,SJS,0.728072,0.271928,TBL,1,TBL,1,0,REAL_NHL_API_OR_DERIVED_FROM_REAL
20232024,2023020107,2023-10-26,NYI,OTT,0.468405,0.531595,OTT,1,NYI,0,0,REAL_NHL_API_OR_DERIVED_FROM_REAL
20232024,2023020108,2023-10-26,DAL,TOR,0.594092,0.405908,DAL,0,TOR,0,0,REAL_NHL_API_OR_DERIVED_FROM_REAL
20232024,2023020109,2023-10-26,CGY,STL,0.525141,0.474859,CGY,0,STL,0,0,REAL_NHL_API_OR_DERIVED_FROM_REAL
20232024,2023020110,2023-10-26,EDM,NYR,0.39112,0.60888,NYR,0,NYR,1,0,REAL_NHL_API_OR_DERIVED_FROM_REAL
20232024,2023020111,2023-10-27,VGK,CHI,0.733324,0.266676,VGK,0,CHI,0,0,REAL_NHL_API_OR_DERIVED_FROM_REAL
20232024,2023020112,2023-10-27,CAR,SJS,0.662027,0.337973,CAR,1,CAR,1,0,REAL_NHL_API_OR_DERIVED_FROM_REAL
20232024,2023020113,2023-10-27,NJD,BUF,0.752513,0.247487,NJD,1,NJD,1,0,REAL_NHL_API_OR_DERIVED_FROM_REAL
20232024,2023020114,2023-10-27,WSH,MIN,0.458543,0.541457,MIN,1,WSH,0,0,REAL_NHL_API_OR_DERIVED_FROM_REAL
20232024,2023020115,2023-10-27,UTA,LAK,0.614322,0.385678,UTA,0,LAK,0,0,REAL_NHL_API_OR_DERIVED_FROM_REAL
20232024,2023020116,2023-10-27,VAN,STL,0.635581,0.364419,VAN,1,VAN,1,0,REAL_NHL_API_OR_DERIVED_FROM_REAL
20232024,2023020117,2023-10-28,PHI,ANA,0.646145,0.353855,PHI,0,ANA,0,0,REAL_NHL_API_OR_DERIVED_FROM_REAL
20232024,2023020118,2023-10-28,FLA,SEA,0.629616,0.370384,FLA,1,FLA,1,0,REAL_NHL_API_OR_DERIVED_FROM_REAL
20232024,2023020119,2023-10-28,BOS,DET,0.537445,0.462555,BOS,1,BOS,1,0,REAL_NHL_API_OR_DERIVED_FROM_REAL
20232024,2023020120,2023-10-28,CBJ,NYI,0.501126,0.498874,CBJ,0,NYI,0,0,REAL_NHL_API_OR_DERIVED_FROM_REAL
20232024,2023020121,2023-10-28,MTL,WPG,0.558158,0.441842,MTL,1,MTL,1,0,REAL_NHL_API_OR_DERIVED_FROM_REAL
20232024,2023020122,2023-10-28,NSH,TOR,0.436771,0.563229,TOR,1,NSH,0,0,REAL_NHL_API_OR_DERIVED_FROM_REAL
20232024,2023020123,2023-10-28,PIT,OTT,0.476101,0.523899,OTT,0,OTT,1,0,REAL_NHL_API_OR_DERIVED_FROM_REAL
20232024,2023020124,2023-10-28,VAN,NYR,0.520355,0.479645,VAN,0,NYR,0,0,REAL_NHL_API_OR_DERIVED_FROM_REAL
20232024,2023020125,2023-10-28,LAK,VGK,0.447411,0.552589,VGK,0,VGK,1,0,REAL_NHL_API_OR_DERIVED_FROM_REAL
20232024,2023020126,2023-10-29,BUF,COL,0.45813,0.54187,COL,1,BUF,0,0,REAL_NHL_API_OR_DERIVED_FROM_REAL
20232024,2023020127,2023-10-29,NJD,MIN,0.526099,0.473901,NJD,1,NJD,1,0,REAL_NHL_API_OR_DERIVED_FROM_REAL
20232024,2023020128,2023-10-29,WSH,SJS,0.567384,0.432616,WSH,1,WSH,1,0,REAL_NHL_API_OR_DERIVED_FROM_REAL
20232024,2023020129,2023-10-29,EDM,CGY,0.512504,0.487496,EDM,1,EDM,1,0,REAL_NHL_API_OR_DERIVED_FROM_REAL
20232024,2023020130,2023-10-30,BOS,FLA,0.556407,0.443593,BOS,1,BOS,1,0,REAL_NHL_API_OR_DERIVED_FROM_REAL
20232024,2023020131,2023-10-30,PHI,CAR,0.565687,0.434313,PHI,0,CAR,0,0,REAL_NHL_API_OR_DERIVED_FROM_REAL
20232024,2023020132,2023-10-30,PIT,ANA,0.598563,0.401437,PIT,0,ANA,0,0,REAL_NHL_API_OR_DERIVED_FROM_REAL
20232024,2023020133,2023-10-30,TBL,SEA,0.60848,0.39152,TBL,0,SEA,0,0,REAL_NHL_API_OR_DERIVED_FROM_REAL
20232024,2023020134,2023-10-30,NYI,DET,0.524252,0.475748,NYI,0,DET,0,0,REAL_NHL_API_OR_DERIVED_FROM_REAL
20232024,2023020135,2023-10-30,WPG,NYR,0.54327,0.45673,WPG,0,NYR,0,0,REAL_NHL_API_OR_DERIVED_FROM_REAL
20232024,2023020136,2023-10-30,DAL,CBJ,0.638414,0.361586,DAL,1,DAL,1,0,REAL_NHL_API_OR_DERIVED_FROM_REAL
20232024,2023020137,2023-10-30,UTA,CHI,0.747067,0.252933,UTA,1,UTA,1,0,REAL_NHL_API_OR_DERIVED_FROM_REAL
20232024,2023020138,2023-10-30,VGK,MTL,0.610198,0.389802,VGK,1,VGK,1,0,REAL_NHL_API_OR_DERIVED_FROM_REAL
20232024,2023020139,2023-10-31,TOR,LAK,0.491501,0.508499,LAK,0,LAK,1,0,REAL_NHL_API_OR_DERIVED_FROM_REAL
20232024,2023020140,2023-10-31,VAN,NSH,0.63786,0.36214,VAN,1,VAN,1,0,REAL_NHL_API_OR_DERIVED_FROM_REAL
20232024,2023020141,2023-11-01,PHI,BUF,0.402676,0.597324,BUF,0,BUF,1,0,REAL_NHL_API_OR_DERIVED_FROM_REAL
20232024,2023020142,2023-11-01,CGY,DAL,0.426319,0.573681,DAL,0,DAL,1,0,REAL_NHL_API_OR_DERIVED_FROM_REAL
20232024,2023020143,2023-11-01,COL,STL,0.609419,0.390581,COL,1,COL,1,0,REAL_NHL_API_OR_DERIVED_FROM_REAL
20232024,2023020144,2023-11-01,ANA,UTA,0.544666,0.455334,ANA,1,ANA,1,0,REAL_NHL_API_OR_DERIVED_FROM_REAL
20232024,2023020145,2023-11-02,BOS,TOR,0.639646,0.360354,BOS,1,BOS,1,0,REAL_NHL_API_OR_DERIVED_FROM_REAL
20232024,2023020146,2023-11-02,CBJ,TBL,0.468074,0.531926,TBL,1,CBJ,0,0,REAL_NHL_API_OR_DERIVED_FROM_REAL
20232024,2023020147,2023-11-02,DET,FLA,0.526593,0.473407,DET,0,FLA,0,0,REAL_NHL_API_OR_DERIVED_FROM_REAL
20232024,2023020148,2023-11-02,NYR,CAR,0.563506,0.436494,NYR,1,NYR,1,0,REAL_NHL_API_OR_DERIVED_FROM_REAL
20232024,2023020149,2023-11-02,OTT,LAK,0.547968,0.452032,OTT,0,LAK,0,0,REAL_NHL_API_OR_DERIVED_FROM_REAL
20232024,2023020150,2023-11-02,WSH,NYI,0.524908,0.475092,WSH,0,NYI,0,0,REAL_NHL_API_OR_DERIVED_FROM_REAL
20232024,2023020151,2023-11-02,MIN,NJD,0.483124,0.516876,NJD,0,NJD,1,0,REAL_NHL_API_OR_DERIVED_FROM_REAL
20232024,2023020152,2023-11-02,EDM,DAL,0.384307,0.615693,DAL,0,DAL,1,0,REAL_NHL_API_OR_DERIVED_FROM_REAL
20232024,2023020153,2023-11-02,UTA,MTL,0.636651,0.363349,UTA,1,UTA,1,0,REAL_NHL_API_OR_DERIVED_FROM_REAL
20232024,2023020154,2023-11-02,SEA,NSH,0.488002,0.511998,NSH,1,SEA,0,0,REAL_NHL_API_OR_DERIVED_FROM_REAL
20232024,2023020155,2023-11-02,VGK,WPG,0.618015,0.381985,VGK,1,VGK,1,0,REAL_NHL_API_OR_DERIVED_FROM_REAL
20232024,2023020156,2023-11-02,SJS,VAN,0.226351,0.773649,VAN,0,VAN,1,0,REAL_NHL_API_OR_DERIVED_FROM_REAL
20232024,2023020157,2023-11-03,BUF,PHI,0.673444,0.326556,BUF,0,PHI,0,0,REAL_NHL_API_OR_DERIVED_FROM_REAL
20232024,2023020158,2023-11-03,STL,NJD,0.482745,0.517255,NJD,1,STL,0,0,REAL_NHL_API_OR_DERIVED_FROM_REAL
20232024,2023020159,2023-11-04,EDM,NSH,0.562599,0.437401,EDM,0,NSH,0,0,REAL_NHL_API_OR_DERIVED_FROM_REAL
20232024,2023020160,2023-11-04,UTA,WPG,0.566482,0.433518,UTA,0,WPG,0,0,REAL_NHL_API_OR_DERIVED_FROM_REAL
20232024,2023020161,2023-11-04,DET,BOS,0.464589,0.535411,BOS,1,DET,0,0,REAL_NHL_API_OR_DERIVED_FROM_REAL
20232024,2023020162,2023-11-04,OTT,TBL,0.438265,0.561735,TBL,0,TBL,1,0,REAL_NHL_API_OR_DERIVED_FROM_REAL
20232024,2023020163,2023-11-04,PHI,LAK,0.428785,0.571215,LAK,0,LAK,1,0,REAL_NHL_API_OR_DERIVED_FROM_REAL
20232024,2023020164,2023-11-04,STL,MTL,0.561376,0.438624,STL,1,STL,1,0,REAL_NHL_API_OR_DERIVED_FROM_REAL
20232024,2023020165,2023-11-04,TOR,BUF,0.437799,0.562201,BUF,0,BUF,1,0,REAL_NHL_API_OR_DERIVED_FROM_REAL
20232024,2023020166,2023-11-04,WSH,CBJ,0.600286,0.399714,WSH,1,WSH,1,0,REAL_NHL_API_OR_DERIVED_FROM_REAL
20232024,2023020167,2023-11-04,NYI,CAR,0.559242,0.440758,NYI,0,CAR,0,0,REAL_NHL_API_OR_DERIVED_FROM_REAL
20232024,2023020168,2023-11-04,CHI,FLA,0.402802,0.597198,FLA,1,CHI,0,0,REAL_NHL_API_OR_DERIVED_FROM_REAL
20232024,2023020169,2023-11-04,MIN,NYR,0.278907,0.721093,NYR,1,MIN,0,0,REAL_NHL_API_OR_DERIVED_FROM_REAL
20232024,2023020170,2023-11-04,SEA,CGY,0.603409,0.396591,SEA,0,CGY,0,0,REAL_NHL_API_OR_DERIVED_FROM_REAL
20232024,2023020171,2023-11-04,SJS,PIT,0.488229,0.511771,PIT,0,PIT,1,0,REAL_NHL_API_OR_DERIVED_FROM_REAL
20232024,2023020172,2023-11-04,VAN,DAL,0.568845,0.431155,VAN,1,VAN,1,0,REAL_NHL_API_OR_DERIVED_FROM_REAL
20232024,2023020173,2023-11-04,VGK,COL,0.545355,0.454645,VGK,1,VGK,1,0,REAL_NHL_API_OR_DERIVED_FROM_REAL
20232024,2023020174,2023-11-05,CHI,NJD,0.39084,0.60916,NJD,0,NJD,1,0,REAL_NHL_API_OR_DERIVED_FROM_REAL
20232024,2023020175,2023-11-05,ANA,VGK,0.445046,0.554954,VGK,1,ANA,0,0,REAL_NHL_API_OR_DERIVED_FROM_REAL
20232024,2023020176,2023-11-06,FLA,CBJ,0.736804,0.263196,FLA,1,FLA,1,0,REAL_NHL_API_OR_DERIVED_FROM_REAL
20232024,2023020177,2023-11-06,TOR,TBL,0.378849,0.621151,TBL,1,TOR,0,0,REAL_NHL_API_OR_DERIVED_FROM_REAL
20232024,2023020178,2023-11-06,DAL,BOS,0.522897,0.477103,DAL,0,BOS,0,0,REAL_NHL_API_OR_DERIVED_FROM_REAL
20232024,2023020179,2023-11-06,VAN,EDM,0.643988,0.356012,VAN,1,VAN,1,0,REAL_NHL_API_OR_DERIVED_FROM_REAL
20232024,2023020180,2023-11-07,CAR,BUF,0.627646,0.372354,CAR,1,CAR,1,0,REAL_NHL_API_OR_DERIVED_FROM_REAL
20232024,2023020181,2023-11-07,MTL,TBL,0.381192,0.618808,TBL,0,TBL,1,0,REAL_NHL_API_OR_DERIVED_FROM_REAL
20232024,2023020182,2023-11-07,NYI,MIN,0.601978,0.398022,NYI,0,MIN,0,0,REAL_NHL_API_OR_DERIVED_FROM_REAL
20232024,2023020183,2023-11-07,NYR,DET,0.539767,0.460233,NYR,1,NYR,1,0,REAL_NHL_API_OR_DERIVED_FROM_REAL
20232024,2023020184,2023-11-07,STL,WPG,0.544806,0.455194,STL,0,WPG,0,0,REAL_NHL_API_OR_DERIVED_FROM_REAL
20232024,2023020185,2023-11-07,UTA,SEA,0.619593,0.380407,UTA,1,UTA,1,0,REAL_NHL_API_OR_DERIVED_FROM_REAL
20232024,2023020186,2023-11-07,CGY,NSH,0.452154,0.547846,NSH,1,CGY,0,0,REAL_NHL_API_OR_DERIVED_FROM_REAL
20232024,2023020187,2023-11-07,ANA,PIT,0.763559,0.236441,ANA,0,PIT,0,0,REAL_NHL_API_OR_DERIVED_FROM_REAL
20232024,2023020188,2023-11-07,COL,NJD,0.550635,0.449365,COL,1,COL,1,0,REAL_NHL_API_OR_DERIVED_FROM_REAL
20232024,2023020189,2023-11-07,SJS,PHI,0.511021,0.488979,SJS,1,SJS,1,0,REAL_NHL_API_OR_DERIVED_FROM_REAL
20232024,2023020190,2023-11-08,TOR,OTT,0.533944,0.466056,TOR,0,OTT,0,0,REAL_NHL_API_OR_DERIVED_FROM_REAL
20232024,2023020191,2023-11-08,WSH,FLA,0.493162,0.506838,FLA,0,FLA,1,0,REAL_NHL_API_OR_DERIVED_FROM_REAL
20232024,2023020192,2023-11-08,VGK,LAK,0.614489,0.385511,VGK,0,LAK,0,0,REAL_NHL_API_OR_DERIVED_FROM_REAL
20232024,2023020193,2023-11-09,BOS,NYI,0.592721,0.407279,BOS,1,BOS,1,0,REAL_NHL_API_OR_DERIVED_FROM_REAL
20232024,2023020194,2023-11-09,CBJ,DAL,0.408416,0.591584,DAL,0,DAL,1,0,REAL_NHL_API_OR_DERIVED_FROM_REAL
20232024,2023020195,2023-11-09,DET,MTL,0.640542,0.359458,DET,0,MTL,0,0,REAL_NHL_API_OR_DERIVED_FROM_REAL
20232024,2023020196,2023-11-09,NYR,MIN,0.612743,0.387257,NYR,1,NYR,1,0,REAL_NHL_API_OR_DERIVED_FROM_REAL
20232024,2023020197,2023-11-09,OTT,VAN,0.489869,0.510131,VAN,0,VAN,1,0,REAL_NHL_API_OR_DERIVED_FROM_REAL
20232024,2023020198,2023-11-09,TBL,CHI,0.65147,0.34853,TBL,0,CHI,0,0,REAL_NHL_API_OR_DERIVED_FROM_REAL
20232024,2023020199,2023-11-09,STL,UTA,0.50177,0.49823,STL,1,STL,1,0,REAL_NHL_API_OR_DERIVED_FROM_REAL
20232024,2023020200,2023-11-09,WPG,NSH,0.564809,0.435191,WPG,1,WPG,1,0,REAL_NHL_API_OR_DERIVED_FROM_REAL
20232024,2023020201,2023-11-09,COL,SEA,0.520949,0.479051,COL,0,SEA,0,0,REAL_NHL_API_OR_DERIVED_FROM_REAL
20232024,2023020202,2023-11-09,LAK,PIT,0.561922,0.438078,LAK,0,PIT,0,0,REAL_NHL_API_OR_DERIVED_FROM_REAL
20232024,2023020203,2023-11-09,SJS,EDM,0.327073,0.672927,EDM,1,SJS,0,0,REAL_NHL_API_OR_DERIVED_FROM_REAL
20232024,2023020204,2023-11-10,BUF,MIN,0.657381,0.342619,BUF,1,BUF,1,0,REAL_NHL_API_OR_DERIVED_FROM_REAL
20232024,2023020205,2023-11-10,FLA,CAR,0.503312,0.496688,FLA,1,FLA,1,0,REAL_NHL_API_OR_DERIVED_FROM_REAL
20232024,2023020206,2023-11-10,NJD,WSH,0.391399,0.608601,WSH,0,WSH,1,0,REAL_NHL_API_OR_DERIVED_FROM_REAL
20232024,2023020207,2023-11-10,TOR,CGY,0.560452,0.439548,TOR,1,TOR,1,0,REAL_NHL_API_OR_DERIVED_FROM_REAL
20232024,2023020208,2023-11-10,ANA,PHI,0.638111,0.361889,ANA,0,PHI,0,0,REAL_NHL_API_OR_DERIVED_FROM_REAL
20232024,2023020209,2023-11-10,VGK,SJS,0.709441,0.290559,VGK,1,VGK,1,0,REAL_NHL_API_OR_DERIVED_FROM_REAL
20232024,2023020210,2023-11-11,DET,CBJ,0.570541,0.429459,DET,1,DET,1,0,REAL_NHL_API_OR_DERIVED_FROM_REAL
20232024,2023020211,2023-11-11,WPG,DAL,0.519695,0.480305,WPG,0,DAL,0,0,REAL_NHL_API_OR_DERIVED_FROM_REAL
20232024,2023020212,2023-11-11,MTL,BOS,0.372094,0.627906,BOS,1,MTL,0,0,REAL_NHL_API_OR_DERIVED_FROM_REAL
20232024,2023020213,2023-11-11,OTT,CGY,0.564854,0.435146,OTT,1,OTT,1,0,REAL_NHL_API_OR_DERIVED_FROM_REAL
20232024,2023020214,2023-11-11,TBL,CAR,0.557601,0.442399,TBL,0,CAR,0,0,REAL_NHL_API_OR_DERIVED_FROM_REAL
20232024,2023020215,2023-11-11,TOR,VAN,0.345439,0.654561,VAN,1,TOR,0,0,REAL_NHL_API_OR_DERIVED_FROM_REAL
20232024,2023020216,2023-11-11,NYI,WSH,0.528852,0.471148,NYI,0,WSH,0,0,REAL_NHL_API_OR_DERIVED_FROM_REAL
20232024,2023020217,2023-11-11,PIT,BUF,0.522036,0.477964,PIT,1,PIT,1,0,REAL_NHL_API_OR_DERIVED_FROM_REAL
20232024,2023020218,2023-11-11,NSH,UTA,0.536468,0.463532,NSH,0,UTA,0,0,REAL_NHL_API_OR_DERIVED_FROM_REAL
20232024,2023020219,2023-11-11,COL,STL,0.454894,0.545106,STL,0,STL,1,0,REAL_NHL_API_OR_DERIVED_FROM_REAL
20232024,2023020220,2023-11-11,SEA,EDM,0.460947,0.539053,EDM,0,EDM,1,0,REAL_NHL_API_OR_DERIVED_FROM_REAL
20232024,2023020221,2023-11-11,LAK,PHI,0.65503,0.34497,LAK,0,PHI,0,0,REAL_NHL_API_OR_DERIVED_FROM_REAL
20232024,2023020222,2023-11-12,FLA,CHI,0.690107,0.309893,FLA,1,FLA,1,0,REAL_NHL_API_OR_DERIVED_FROM_REAL
20232024,2023020223,2023-11-12,MIN,DAL,0.421623,0.578377,DAL,0,DAL,1,0,REAL_NHL_API_OR_DERIVED_FROM_REAL
20232024,2023020224,2023-11-12,MTL,VAN,0.422602,0.577398,VAN,0,VAN,1,0,REAL_NHL_API_OR_DERIVED_FROM_REAL
20232024,2023020225,2023-11-12,NYR,CBJ,0.680281,0.319719,NYR,1,NYR,1,0,REAL_NHL_API_OR_DERIVED_FROM_REAL
20232024,2023020226,2023-11-12,ANA,SJS,0.733203,0.266797,ANA,1,ANA,1,0,REAL_NHL_API_OR_DERIVED_FROM_REAL
20232024,2023020227,2023-11-13,EDM,NYI,0.48754,0.51246,NYI,1,EDM,0,0,REAL_NHL_API_OR_DERIVED_FROM_REAL
20232024,2023020228,2023-11-13,SEA,COL,0.416734,0.583266,COL,0,COL,1,0,REAL_NHL_API_OR_DERIVED_FROM_REAL
20232024,2023020229,2023-11-14,BUF,BOS,0.222016,0.777984,BOS,0,BOS,1,0,REAL_NHL_API_OR_DERIVED_FROM_REAL
20232024,2023020230,2023-11-14,CBJ,PIT,0.407317,0.592683,PIT,0,PIT,1,0,REAL_NHL_API_OR_DERIVED_FROM_REAL
20232024,2023020231,2023-11-14,MTL,CGY,0.612708,0.387292,MTL,0,CGY,0,0,REAL_NHL_API_OR_DERIVED_FROM_REAL
20232024,2023020232,2023-11-14,WSH,VGK,0.474368,0.525632,VGK,1,WSH,0,0,REAL_NHL_API_OR_DERIVED_FROM_REAL
20232024,2023020233,2023-11-14,DAL,UTA,0.608904,0.391096,DAL,1,DAL,1,0,REAL_NHL_API_OR_DERIVED_FROM_REAL
20232024,2023020234,2023-11-14,NSH,ANA,0.493562,0.506438,ANA,0,ANA,1,0,REAL_NHL_API_OR_DERIVED_FROM_REAL
20232024,2023020235,2023-11-14,STL,TBL,0.579404,0.420596,STL,1,STL,1,0,REAL_NHL_API_OR_DERIVED_FROM_REAL
20232024,2023020236,2023-11-14,WPG,NJD,0.638977,0.361023,WPG,1,WPG,1,0,REAL_NHL_API_OR_DERIVED_FROM_REAL
20232024,2023020237,2023-11-14,SJS,FLA,0.324195,0.675805,FLA,0,FLA,1,0,REAL_NHL_API_OR_DERIVED_FROM_REAL
20232024,2023020238,2023-11-15,CAR,PHI,0.620472,0.379528,CAR,0,PHI,0,0,REAL_NHL_API_OR_DERIVED_FROM_REAL
20232024,2023020239,2023-11-15,EDM,SEA,0.450689,0.549311,SEA,1,EDM,0,0,REAL_NHL_API_OR_DERIVED_FROM_REAL
20232024,2023020240,2023-11-15,COL,ANA,0.430492,0.569508,ANA,1,COL,0,0,REAL_NHL_API_OR_DERIVED_FROM_REAL
20232024,2023020241,2023-11-15,VAN,NYI,0.676092,0.323908,VAN,1,VAN,1,0,REAL_NHL_API_OR_DERIVED_FROM_REAL
20232024,2023020242,2023-11-16,OTT,DET,0.554614,0.445386,OTT,1,OTT,1,0,REAL_NHL_API_OR_DERIVED_FROM_REAL
20232024,2023020243,2023-11-16,CBJ,UTA,0.49669,0.50331,UTA,0,UTA,1,0,REAL_NHL_API_OR_DERIVED_FROM_REAL
20232024,2023020244,2023-11-16,MTL,VGK,0.480209,0.519791,VGK,0,VGK,1,0,REAL_NHL_API_OR_DERIVED_FROM_REAL
20232024,2023020245,2023-11-16,PIT,NJD,0.585564,0.414436,PIT,0,NJD,0,0,REAL_NHL_API_OR_DERIVED_FROM_REAL
20232024,2023020246,2023-11-16,CHI,TBL,0.458855,0.541145,TBL,0,TBL,1,0,REAL_NHL_API_OR_DERIVED_FROM_REAL
20232024,2023020247,2023-11-16,CGY,VAN,0.383272,0.616728,VAN,1,CGY,0,0,REAL_NHL_API_OR_DERIVED_FROM_REAL
20232024,2023020248,2023-11-16,SEA,NYI,0.577564,0.422436,SEA,1,SEA,1,0,REAL_NHL_API_OR_DERIVED_FROM_REAL
20232024,2023020249,2023-11-16,LAK,FLA,0.416982,0.583018,FLA,1,LAK,0,0,REAL_NHL_API_OR_DERIVED_FROM_REAL
20232024,2023020250,2023-11-16,SJS,STL,0.509125,0.490875,SJS,1,SJS,1,0,REAL_NHL_API_OR_DERIVED_FROM_REAL
20232024,2023020251,2023-11-17,DET,TOR,0.42305,0.57695,TOR,0,TOR,1,0,REAL_NHL_API_OR_DERIVED_FROM_REAL
20232024,2023020252,2023-11-17,WPG,BUF,0.650928,0.349072,WPG,1,WPG,1,0,REAL_NHL_API_OR_DERIVED_FROM_REAL
20232024,2023020253,2023-11-17,ANA,FLA,0.369328,0.630672,FLA,0,FLA,1,0,REAL_NHL_API_OR_DERIVED_FROM_REAL
20232024,2023020254,2023-11-18,OTT,MIN,0.648158,0.351842,OTT,1,OTT,1,0,REAL_NHL_API_OR_DERIVED_FROM_REAL
20232024,2023020255,2023-11-18,PHI,VGK,0.447162,0.552838,VGK,1,PHI,0,0,REAL_NHL_API_OR_DERIVED_FROM_REAL
20232024,2023020256,2023-11-18,NSH,CHI,0.502526,0.497474,NSH,1,NSH,1,0,REAL_NHL_API_OR_DERIVED_FROM_REAL
20232024,2023020257,2023-11-18,TBL,EDM,0.584256,0.415744,TBL,1,TBL,1,0,REAL_NHL_API_OR_DERIVED_FROM_REAL
20232024,2023020258,2023-11-18,BOS,MTL,0.676441,0.323559,BOS,1,BOS,1,0,REAL_NHL_API_OR_DERIVED_FROM_REAL
20232024,2023020259,2023-11-18,CAR,PIT,0.507741,0.492259,CAR,1,CAR,1,0,REAL_NHL_API_OR_DERIVED_FROM_REAL
20232024,2023020260,2023-11-18,CGY,NYI,0.589216,0.410784,CGY,0,NYI,0,0,REAL_NHL_API_OR_DERIVED_FROM_REAL
20232024,2023020261,2023-11-18,NJD,NYR,0.413023,0.586977,NYR,0,NYR,1,0,REAL_NHL_API_OR_DERIVED_FROM_REAL
20232024,2023020262,2023-11-18,WPG,UTA,0.607891,0.392109,WPG,1,WPG,1,0,REAL_NHL_API_OR_DERIVED_FROM_REAL
20232024,2023020263,2023-11-18,WSH,CBJ,0.618589,0.381411,WSH,1,WSH,1,0,REAL_NHL_API_OR_DERIVED_FROM_REAL
20232024,2023020264,2023-11-18,DAL,COL,0.474489,0.525511,COL,0,COL,1,0,REAL_NHL_API_OR_DERIVED_FROM_REAL
20232024,2023020265,2023-11-18,VAN,SEA,0.667973,0.332027,VAN,0,SEA,0,0,REAL_NHL_API_OR_DERIVED_FROM_REAL
20232024,2023020266,2023-11-18,LAK,STL,0.617995,0.382005,LAK,1,LAK,1,0,REAL_NHL_API_OR_DERIVED_FROM_REAL
20232024,2023020267,2023-11-19,MIN,TOR,0.471592,0.528408,TOR,0,TOR,1,0,REAL_NHL_API_OR_DERIVED_FROM_REAL
20232024,2023020268,2023-11-19,PHI,CBJ,0.615165,0.384835,PHI,1,PHI,1,0,REAL_NHL_API_OR_DERIVED_FROM_REAL
20232024,2023020269,2023-11-19,PIT,VGK,0.521548,0.478452,PIT,1,PIT,1,0,REAL_NHL_API_OR_DERIVED_FROM_REAL
20232024,2023020270,2023-11-19,CHI,BUF,0.455993,0.544007,BUF,0,BUF,1,0,REAL_NHL_API_OR_DERIVED_FROM_REAL
20232024,2023020271,2023-11-19,ANA,STL,0.565091,0.434909,ANA,0,STL,0,0,REAL_NHL_API_OR_DERIVED_FROM_REAL
20232024,2023020272,2023-11-20,FLA,EDM,0.657111,0.342889,FLA,1,FLA,1,0,REAL_NHL_API_OR_DERIVED_FROM_REAL
20232024,2023020273,2023-11-20,TBL,BOS,0.415586,0.584414,BOS,1,TBL,0,0,REAL_NHL_API_OR_DERIVED_FROM_REAL
20232024,2023020274,2023-11-20,DAL,NYR,0.458614,0.541386,NYR,1,DAL,0,0,REAL_NHL_API_OR_DERIVED_FROM_REAL
20232024,2023020275,2023-11-20,NSH,COL,0.405102,0.594898,COL,1,NSH,0,0,REAL_NHL_API_OR_DERIVED_FROM_REAL
20232024,2023020276,2023-11-20,UTA,LAK,0.462029,0.537971,LAK,0,LAK,1,0,REAL_NHL_API_OR_DERIVED_FROM_REAL
20232024,2023020277,2023-11-20,SEA,CGY,0.370722,0.629278,CGY,0,CGY,1,0,REAL_NHL_API_OR_DERIVED_FROM_REAL
20232024,2023020278,2023-11-20,VAN,SJS,0.701909,0.298091,VAN,1,VAN,1,0,REAL_NHL_API_OR_DERIVED_FROM_REAL
20232024,2023020279,2023-11-22,CAR,EDM,0.650439,0.349561,CAR,1,CAR,1,0,REAL_NHL_API_OR_DERIVED_FROM_REAL
20232024,2023020280,2023-11-22,CBJ,CHI,0.639224,0.360776,CBJ,1,CBJ,1,0,REAL_NHL_API_OR_DERIVED_FROM_REAL
20232024,2023020281,2023-11-22,DET,NJD,0.442092,0.557908,NJD,1,DET,0,0,REAL_NHL_API_OR_DERIVED_FROM_REAL
20232024,2023020282,2023-11-22,FLA,BOS,0.52884,0.47116,FLA,0,BOS,0,0,REAL_NHL_API_OR_DERIVED_FROM_REAL
20232024,2023020283,2023-11-22,PIT,NYR,0.475126,0.524874,NYR,0,NYR,1,0,REAL_NHL_API_OR_DERIVED_FROM_REAL
20232024,2023020284,2023-11-22,TBL,WPG,0.447328,0.552672,WPG,0,WPG,1,0,REAL_NHL_API_OR_DERIVED_FROM_REAL
20232024,2023020285,2023-11-22,WSH,BUF,0.574345,0.425655,WSH,1,WSH,1,0,REAL_NHL_API_OR_DERIVED_FROM_REAL
20232024,2023020286,2023-11-22,NYI,PHI,0.462659,0.537341,PHI,1,NYI,0,0,REAL_NHL_API_OR_DERIVED_FROM_REAL
20232024,2023020287,2023-11-22,UTA,STL,0.493363,0.506637,STL,0,STL,1,0,REAL_NHL_API_OR_DERIVED_FROM_REAL
20232024,2023020288,2023-11-22,NSH,CGY,0.618095,0.381905,NSH,1,NSH,1,0,REAL_NHL_API_OR_DERIVED_FROM_REAL
20232024,2023020289,2023-11-22,DAL,VGK,0.529563,0.470437,DAL,0,VGK,0,0,REAL_NHL_API_OR_DERIVED_FROM_REAL
20232024,2023020290,2023-11-22,ANA,MTL,0.556296,0.443704,ANA,0,MTL,0,0,REAL_NHL_API_OR_DERIVED_FROM_REAL
20232024,2023020291,2023-11-22,COL,VAN,0.525263,0.474737,COL,1,COL,1,0,REAL_NHL_API_OR_DERIVED_FROM_REAL
20232024,2023020292,2023-11-22,SEA,SJS,0.792132,0.207868,SEA,1,SEA,1,0,REAL_NHL_API_OR_DERIVED_FROM_REAL
20232024,2023020293,2023-11-24,BOS,DET,0.643148,0.356852,BOS,0,DET,0,0,REAL_NHL_API_OR_DERIVED_FROM_REAL
20232024,2023020294,2023-11-24,PHI,NYR,0.504466,0.495534,PHI,0,NYR,0,0,REAL_NHL_API_OR_DERIVED_FROM_REAL
20232024,2023020295,2023-11-24,CHI,TOR,0.376192,0.623808,TOR,1,CHI,0,0,REAL_NHL_API_OR_DERIVED_FROM_REAL
20232024,2023020296,2023-11-24,NJD,CBJ,0.564451,0.435549,NJD,0,CBJ,0,0,REAL_NHL_API_OR_DERIVED_FROM_REAL
20232024,2023020297,2023-11-24,STL,NSH,0.377753,0.622247,NSH,0,NSH,1,0,REAL_NHL_API_OR_DERIVED_FROM_REAL
20232024,2023020298,2023-11-24,WSH,EDM,0.651065,0.348935,WSH,0,EDM,0,0,REAL_NHL_API_OR_DERIVED_FROM_REAL
20232024,2023020299,2023-11-24,ANA,LAK,0.436399,0.563601,LAK,0,LAK,1,0,REAL_NHL_API_OR_DERIVED_FROM_REAL
20232024,2023020300,2023-11-24,SJS,MTL,0.409717,0.590283,MTL,0,MTL,1,0,REAL_NHL_API_OR_DERIVED_FROM_REAL
20232024,2023020301,2023-11-24,BUF,PIT,0.469513,0.530487,PIT,1,BUF,0,0,REAL_NHL_API_OR_DERIVED_FROM_REAL
20232024,2023020302,2023-11-24,OTT,NYI,0.635557,0.364443,OTT,0,NYI,0,0,REAL_NHL_API_OR_DERIVED_FROM_REAL
20232024,2023020303,2023-11-24,CAR,TBL,0.596524,0.403476,CAR,0,TBL,0,0,REAL_NHL_API_OR_DERIVED_FROM_REAL
20232024,2023020304,2023-11-24,FLA,WPG,0.525309,0.474691,FLA,0,WPG,0,0,REAL_NHL_API_OR_DERIVED_FROM_REAL
20232024,2023020305,2023-11-24,DAL,CGY,0.608307,0.391693,DAL,0,CGY,0,0,REAL_NHL_API_OR_DERIVED_FROM_REAL
20232024,2023020306,2023-11-24,MIN,COL,0.358148,0.641852,COL,0,COL,1,0,REAL_NHL_API_OR_DERIVED_FROM_REAL
20232024,2023020307,2023-11-24,SEA,VAN,0.515241,0.484759,SEA,0,VAN,0,0,REAL_NHL_API_OR_DERIVED_FROM_REAL
20232024,2023020308,2023-11-25,NYR,BOS,0.541508,0.458492,NYR,1,NYR,1,0,REAL_NHL_API_OR_DERIVED_FROM_REAL
20232024,2023020309,2023-11-25,LAK,MTL,0.635704,0.364296,LAK,1,LAK,1,0,REAL_NHL_API_OR_DERIVED_FROM_REAL
20232024,2023020310,2023-11-25,NJD,BUF,0.457153,0.542847,BUF,1,NJD,0,0,REAL_NHL_API_OR_DERIVED_FROM_REAL
20232024,2023020311,2023-11-25,PIT,TOR,0.449058,0.550942,TOR,1,PIT,0,0,REAL_NHL_API_OR_DERIVED_FROM_REAL
20232024,2023020312,2023-11-25,NYI,PHI,0.528798,0.471202,NYI,0,PHI,0,0,REAL_NHL_API_OR_DERIVED_FROM_REAL
20232024,2023020313,2023-11-25,COL,CGY,0.59283,0.40717,COL,1,COL,1,0,REAL_NHL_API_OR_DERIVED_FROM_REAL
20232024,2023020314,2023-11-25,SJS,VAN,0.346935,0.653065,VAN,1,SJS,0,0,REAL_NHL_API_OR_DERIVED_FROM_REAL
20232024,2023020315,2023-11-25,VGK,UTA,0.617548,0.382452,VGK,0,UTA,0,0,REAL_NHL_API_OR_DERIVED_FROM_REAL
20232024,2023020316,2023-11-26,DET,MIN,0.605763,0.394237,DET,1,DET,1,0,REAL_NHL_API_OR_DERIVED_FROM_REAL
20232024,2023020317,2023-11-26,CHI,STL,0.477551,0.522449,STL,0,STL,1,0,REAL_NHL_API_OR_DERIVED_FROM_REAL
20232024,2023020318,2023-11-26,CAR,CBJ,0.657103,0.342897,CAR,1,CAR,1,0,REAL_NHL_API_OR_DERIVED_FROM_REAL
20232024,2023020319,2023-11-26,NSH,WPG,0.473828,0.526172,WPG,1,NSH,0,0,REAL_NHL_API_OR_DERIVED_FROM_REAL
20232024,2023020320,2023-11-26,EDM,ANA,0.716926,0.283074,EDM,1,EDM,1,0,REAL_NHL_API_OR_DERIVED_FROM_REAL
20232024,2023020321,2023-11-27,CBJ,BOS,0.608696,0.391304,CBJ,1,CBJ,1,0,REAL_NHL_API_OR_DERIVED_FROM_REAL
20232024,2023020322,2023-11-27,NYR,BUF,0.663413,0.336587,NYR,0,BUF,0,0,REAL_NHL_API_OR_DERIVED_FROM_REAL
20232024,2023020323,2023-11-27,OTT,FLA,0.501215,0.498785,OTT,0,FLA,0,0,REAL_NHL_API_OR_DERIVED_FROM_REAL
20232024,2023020324,2023-11-27,COL,TBL,0.587421,0.412579,COL,1,COL,1,0,REAL_NHL_API_OR_DERIVED_FROM_REAL
20232024,2023020325,2023-11-27,CGY,VGK,0.488663,0.511337,VGK,1,CGY,0,0,REAL_NHL_API_OR_DERIVED_FROM_REAL
20232024,2023020326,2023-11-27,SJS,WSH,0.402546,0.597454,WSH,1,SJS,0,0,REAL_NHL_API_OR_DERIVED_FROM_REAL
20232024,2023020327,2023-11-28,NJD,NYI,0.312494,0.687506,NYI,1,NJD,0,0,REAL_NHL_API_OR_DERIVED_FROM_REAL
20232024,2023020328,2023-11-28,PHI,CAR,0.572257,0.427743,PHI,0,CAR,0,0,REAL_NHL_API_OR_DERIVED_FROM_REAL
20232024,2023020329,2023-11-28,TOR,FLA,0.538975,0.461025,TOR,1,TOR,1,0,REAL_NHL_API_OR_DERIVED_FROM_REAL
20232024,2023020330,2023-11-28,MIN,STL,0.432327,0.567673,STL,1,MIN,0,0,REAL_NHL_API_OR_DERIVED_FROM_REAL
20232024,2023020331,2023-11-28,NSH,PIT,0.542639,0.457361,NSH,1,NSH,1,0,REAL_NHL_API_OR_DERIVED_FROM_REAL
20232024,2023020332,2023-11-28,WPG,DAL,0.534431,0.465569,WPG,0,DAL,0,0,REAL_NHL_API_OR_DERIVED_FROM_REAL
20232024,2023020333,2023-11-28,CHI,SEA,0.439196,0.560804,SEA,1,CHI,0,0,REAL_NHL_API_OR_DERIVED_FROM_REAL
20232024,2023020334,2023-11-28,UTA,TBL,0.521426,0.478574,UTA,1,UTA,1,0,REAL_NHL_API_OR_DERIVED_FROM_REAL
20232024,2023020335,2023-11-28,EDM,VGK,0.48124,0.51876,VGK,1,EDM,0,0,REAL_NHL_API_OR_DERIVED_FROM_REAL
20232024,2023020336,2023-11-28,VAN,ANA,0.621309,0.378691,VAN,1,VAN,1,0,REAL_NHL_API_OR_DERIVED_FROM_REAL
20232024,2023020337,2023-11-29,CBJ,MTL,0.509324,0.490676,CBJ,0,MTL,0,0,REAL_NHL_API_OR_DERIVED_FROM_REAL
20232024,2023020338,2023-11-29,NYR,DET,0.62837,0.37163,NYR,1,NYR,1,0,REAL_NHL_API_OR_DERIVED_FROM_REAL
20232024,2023020339,2023-11-29,LAK,WSH,0.606952,0.393048,LAK,0,WSH,0,0,REAL_NHL_API_OR_DERIVED_FROM_REAL
20232024,2023020340,2023-11-30,BOS,SJS,0.660532,0.339468,BOS,1,BOS,1,0,REAL_NHL_API_OR_DERIVED_FROM_REAL
20232024,2023020341,2023-11-30,CAR,NYI,0.640377,0.359623,CAR,0,NYI,0,0,REAL_NHL_API_OR_DERIVED_FROM_REAL
20232024,2023020342,2023-11-30,DET,CHI,0.649643,0.350357,DET,1,DET,1,0,REAL_NHL_API_OR_DERIVED_FROM_REAL
20232024,2023020343,2023-11-30,MTL,FLA,0.477805,0.522195,FLA,0,FLA,1,0,REAL_NHL_API_OR_DERIVED_FROM_REAL
20232024,2023020344,2023-11-30,PHI,NJD,0.481042,0.518958,NJD,0,NJD,1,0,REAL_NHL_API_OR_DERIVED_FROM_REAL
20232024,2023020345,2023-11-30,TBL,PIT,0.49966,0.50034,PIT,0,PIT,1,0,REAL_NHL_API_OR_DERIVED_FROM_REAL
20232024,2023020346,2023-11-30,TOR,SEA,0.634818,0.365182,TOR,1,TOR,1,0,REAL_NHL_API_OR_DERIVED_FROM_REAL
20232024,2023020347,2023-11-30,NSH,MIN,0.53182,0.46818,NSH,0,MIN,0,0,REAL_NHL_API_OR_DERIVED_FROM_REAL
20232024,2023020348,2023-11-30,STL,BUF,0.600686,0.399314,STL,1,STL,1,0,REAL_NHL_API_OR_DERIVED_FROM_REAL
20232024,2023020349,2023-11-30,WPG,EDM,0.638946,0.361054,WPG,0,EDM,0,0,REAL_NHL_API_OR_DERIVED_FROM_REAL
20232024,2023020350,2023-11-30,UTA,COL,0.416347,0.583653,COL,1,UTA,0,0,REAL_NHL_API_OR_DERIVED_FROM_REAL
20232024,2023020351,2023-11-30,CGY,DAL,0.474711,0.525289,DAL,1,CGY,0,0,REAL_NHL_API_OR_DERIVED_FROM_REAL
20232024,2023020352,2023-11-30,ANA,WSH,0.407107,0.592893,WSH,0,WSH,1,0,REAL_NHL_API_OR_DERIVED_FROM_REAL
20232024,2023020353,2023-11-30,VAN,VGK,0.790653,0.209347,VAN,0,VGK,0,0,REAL_NHL_API_OR_DERIVED_FROM_REAL
20232024,2023020354,2023-12-01,CBJ,OTT,0.431749,0.568251,OTT,1,CBJ,0,0,REAL_NHL_API_OR_DERIVED_FROM_REAL
20232024,2023020355,2023-12-01,NJD,SJS,0.721609,0.278391,NJD,0,SJS,0,0,REAL_NHL_API_OR_DERIVED_FROM_REAL
20232024,2023020356,2023-12-02,DAL,TBL,0.763183,0.236817,DAL,1,DAL,1,0,REAL_NHL_API_OR_DERIVED_FROM_REAL
20232024,2023020357,2023-12-02,WPG,CHI,0.661087,0.338913,WPG,1,WPG,1,0,REAL_NHL_API_OR_DERIVED_FROM_REAL
20232024,2023020358,2023-12-02,NSH,NYR,0.477943,0.522057,NYR,0,NYR,1,0,REAL_NHL_API_OR_DERIVED_FROM_REAL
20232024,2023020359,2023-12-02,FLA,NYI,0.597165,0.402835,FLA,0,NYI,0,0,REAL_NHL_API_OR_DERIVED_FROM_REAL
20232024,2023020360,2023-12-02,CAR,BUF,0.623424,0.376576,CAR,1,CAR,1,0,REAL_NHL_API_OR_DERIVED_FROM_REAL
20232024,2023020361,2023-12-02,MTL,DET,0.427615,0.572385,DET,0,DET,1,0,REAL_NHL_API_OR_DERIVED_FROM_REAL
20232024,2023020362,2023-12-02,OTT,SEA,0.569141,0.430859,OTT,1,OTT,1,0,REAL_NHL_API_OR_DERIVED_FROM_REAL
20232024,2023020363,2023-12-02,PIT,PHI,0.494573,0.505427,PHI,0,PHI,1,0,REAL_NHL_API_OR_DERIVED_FROM_REAL
20232024,2023020364,2023-12-02,TOR,BOS,0.536351,0.463649,TOR,0,BOS,0,0,REAL_NHL_API_OR_DERIVED_FROM_REAL
20232024,2023020365,2023-12-02,UTA,STL,0.492118,0.507882,STL,1,UTA,0,0,REAL_NHL_API_OR_DERIVED_FROM_REAL
20232024,2023020366,2023-12-02,ANA,COL,0.376459,0.623541,COL,1,ANA,0,0,REAL_NHL_API_OR_DERIVED_FROM_REAL
20232024,2023020367,2023-12-02,CGY,VAN,0.537789,0.462211,CGY,0,VAN,0,0,REAL_NHL_API_OR_DERIVED_FROM_REAL
20232024,2023020368,2023-12-02,VGK,WSH,0.510667,0.489333,VGK,1,VGK,1,0,REAL_NHL_API_OR_DERIVED_FROM_REAL
20232024,2023020369,2023-12-03,MIN,CHI,0.549671,0.450329,MIN,1,MIN,1,0,REAL_NHL_API_OR_DERIVED_FROM_REAL
20232024,2023020370,2023-12-03,NYR,SJS,0.680096,0.319904,NYR,1,NYR,1,0,REAL_NHL_API_OR_DERIVED_FROM_REAL
20232024,2023020371,2023-12-03,BOS,CBJ,0.617028,0.382972,BOS,1,BOS,1,0,REAL_NHL_API_OR_DERIVED_FROM_REAL
20232024,2023020372,2023-12-03,BUF,NSH,0.442495,0.557505,NSH,0,NSH,1,0,REAL_NHL_API_OR_DERIVED_FROM_REAL
20232024,2023020373,2023-12-03,LAK,COL,0.52236,0.47764,LAK,1,LAK,1,0,REAL_NHL_API_OR_DERIVED_FROM_REAL
20232024,2023020374,2023-12-04,PHI,PIT,0.437217,0.562783,PIT,1,PHI,0,0,REAL_NHL_API_OR_DERIVED_FROM_REAL
20232024,2023020375,2023-12-04,TBL,DAL,0.456719,0.543281,DAL,1,TBL,0,0,REAL_NHL_API_OR_DERIVED_FROM_REAL
20232024,2023020376,2023-12-04,MTL,SEA,0.500004,0.499996,MTL,1,MTL,1,0,REAL_NHL_API_OR_DERIVED_FROM_REAL
20232024,2023020377,2023-12-04,WPG,CAR,0.557667,0.442333,WPG,1,WPG,1,0,REAL_NHL_API_OR_DERIVED_FROM_REAL
20232024,2023020378,2023-12-04,UTA,WSH,0.73303,0.26697,UTA,1,UTA,1,0,REAL_NHL_API_OR_DERIVED_FROM_REAL
20232024,2023020379,2023-12-04,VGK,STL,0.612895,0.387105,VGK,0,STL,0,0,REAL_NHL_API_OR_DERIVED_FROM_REAL
20232024,2023020380,2023-12-05,BUF,DET,0.409123,0.590877,DET,0,DET,1,0,REAL_NHL_API_OR_DERIVED_FROM_REAL
20232024,2023020381,2023-12-05,CBJ,LAK,0.401697,0.598303,LAK,0,LAK,1,0,REAL_NHL_API_OR_DERIVED_FROM_REAL
20232024,2023020382,2023-12-05,OTT,NYR,0.38069,0.61931,NYR,1,OTT,0,0,REAL_NHL_API_OR_DERIVED_FROM_REAL
20232024,2023020383,2023-12-05,NYI,SJS,0.616764,0.383236,NYI,0,SJS,0,0,REAL_NHL_API_OR_DERIVED_FROM_REAL
20232024,2023020384,2023-12-05,CHI,NSH,0.437933,0.562067,NSH,0,NSH,1,0,REAL_NHL_API_OR_DERIVED_FROM_REAL
20232024,2023020385,2023-12-05,CGY,MIN,0.443,0.557,MIN,0,MIN,1,0,REAL_NHL_API_OR_DERIVED_FROM_REAL
20232024,2023020386,2023-12-05,COL,ANA,0.662637,0.337363,COL,1,COL,1,0,REAL_NHL_API_OR_DERIVED_FROM_REAL
20232024,2023020387,2023-12-05,VAN,NJD,0.547541,0.452459,VAN,0,NJD,0,0,REAL_NHL_API_OR_DERIVED_FROM_REAL
20232024,2023020388,2023-12-06,FLA,DAL,0.541319,0.458681,FLA,1,FLA,1,0,REAL_NHL_API_OR_DERIVED_FROM_REAL
20232024,2023020389,2023-12-06,TBL,PIT,0.549913,0.450087,TBL,1,TBL,1,0,REAL_NHL_API_OR_DERIVED_FROM_REAL
20232024,2023020390,2023-12-06,STL,VGK,0.519869,0.480131,STL,0,VGK,0,0,REAL_NHL_API_OR_DERIVED_FROM_REAL
20232024,2023020391,2023-12-06,EDM,CAR,0.644535,0.355465,EDM,1,EDM,1,0,REAL_NHL_API_OR_DERIVED_FROM_REAL
20232024,2023020392,2023-12-07,BOS,BUF,0.693548,0.306452,BOS,0,BUF,0,0,REAL_NHL_API_OR_DERIVED_FROM_REAL
20232024,2023020393,2023-12-07,DET,SJS,0.787492,0.212508,DET,0,SJS,0,0,REAL_NHL_API_OR_DERIVED_FROM_REAL
20232024,2023020394,2023-12-07,MTL,LAK,0.354809,0.645191,LAK,0,LAK,1,0,REAL_NHL_API_OR_DERIVED_FROM_REAL
20232024,2023020395,2023-12-07,OTT,TOR,0.738427,0.261573,OTT,0,TOR,0,0,REAL_NHL_API_OR_DERIVED_FROM_REAL
20232024,2023020396,2023-12-07,WSH,DAL,0.520424,0.479576,WSH,0,DAL,0,0,REAL_NHL_API_OR_DERIVED_FROM_REAL
20232024,2023020397,2023-12-07,NYI,CBJ,0.604718,0.395282,NYI,1,NYI,1,0,REAL_NHL_API_OR_DERIVED_FROM_REAL
20232024,2023020398,2023-12-07,NSH,TBL,0.62222,0.37778,NSH,1,NSH,1,0,REAL_NHL_API_OR_DERIVED_FROM_REAL
20232024,2023020399,2023-12-07,CHI,ANA,0.575142,0.424858,CHI,1,CHI,1,0,REAL_NHL_API_OR_DERIVED_FROM_REAL
20232024,2023020400,2023-12-07,UTA,PHI,0.572323,0.427677,UTA,0,PHI,0,0,REAL_NHL_API_OR_DERIVED_FROM_REAL
20232024,2023020401,2023-12-07,CGY,CAR,0.452664,0.547336,CAR,1,CGY,0,0,REAL_NHL_API_OR_DERIVED_FROM_REAL
20232024,2023020402,2023-12-07,COL,WPG,0.549319,0.450681,COL,0,WPG,0,0,REAL_NHL_API_OR_DERIVED_FROM_REAL
20232024,2023020403,2023-12-07,SEA,NJD,0.426628,0.573372,NJD,0,NJD,1,0,REAL_NHL_API_OR_DERIVED_FROM_REAL
20232024,2023020404,2023-12-07,VAN,MIN,0.5332,0.4668,VAN,1,VAN,1,0,REAL_NHL_API_OR_DERIVED_FROM_REAL
20232024,2023020405,2023-12-08,CBJ,STL,0.496949,0.503051,STL,1,CBJ,0,0,REAL_NHL_API_OR_DERIVED_FROM_REAL
20232024,2023020406,2023-12-08,FLA,PIT,0.535893,0.464107,FLA,1,FLA,1,0,REAL_NHL_API_OR_DERIVED_FROM_REAL
20232024,2023020407,2023-12-08,EDM,MIN,0.611054,0.388946,EDM,1,EDM,1,0,REAL_NHL_API_OR_DERIVED_FROM_REAL
20232024,2023020408,2023-12-09,BOS,UTA,0.526563,0.473437,BOS,1,BOS,1,0,REAL_NHL_API_OR_DERIVED_FROM_REAL
20232024,2023020409,2023-12-09,CGY,NJD,0.422951,0.577049,NJD,0,NJD,1,0,REAL_NHL_API_OR_DERIVED_FROM_REAL
20232024,2023020410,2023-12-09,DAL,VGK,0.471177,0.528823,VGK,0,VGK,1,0,REAL_NHL_API_OR_DERIVED_FROM_REAL
20232024,2023020411,2023-12-09,BUF,MTL,0.479123,0.520877,MTL,0,MTL,1,0,REAL_NHL_API_OR_DERIVED_FROM_REAL
20232024,2023020412,2023-12-09,DET,OTT,0.596893,0.403107,DET,0,OTT,0,0,REAL_NHL_API_OR_DERIVED_FROM_REAL
20232024,2023020413,2023-12-09,TOR,NSH,0.592405,0.407595,TOR,1,TOR,1,0,REAL_NHL_API_OR_DERIVED_FROM_REAL
20232024,2023020414,2023-12-09,WSH,NYR,0.395369,0.604631,NYR,1,WSH,0,0,REAL_NHL_API_OR_DERIVED_FROM_REAL
20232024,2023020415,2023-12-09,NYI,LAK,0.441085,0.558915,LAK,1,NYI,0,0,REAL_NHL_API_OR_DERIVED_FROM_REAL
20232024,2023020416,2023-12-09,CHI,STL,0.394191,0.605809,STL,1,CHI,0,0,REAL_NHL_API_OR_DERIVED_FROM_REAL
20232024,2023020417,2023-12-09,COL,PHI,0.544784,0.455216,COL,0,PHI,0,0,REAL_NHL_API_OR_DERIVED_FROM_REAL
20232024,2023020418,2023-12-09,SEA,TBL,0.3072,0.6928,TBL,0,TBL,1,0,REAL_NHL_API_OR_DERIVED_FROM_REAL
20232024,2023020419,2023-12-09,VAN,CAR,0.604697,0.395303,VAN,1,VAN,1,0,REAL_NHL_API_OR_DERIVED_FROM_REAL
20232024,2023020420,2023-12-10,CBJ,FLA,0.467051,0.532949,FLA,0,FLA,1,0,REAL_NHL_API_OR_DERIVED_FROM_REAL
20232024,2023020421,2023-12-10,EDM,NJD,0.589989,0.410011,EDM,1,EDM,1,0,REAL_NHL_API_OR_DERIVED_FROM_REAL
20232024,2023020422,2023-12-10,CHI,WSH,0.467475,0.532525,WSH,0,WSH,1,0,REAL_NHL_API_OR_DERIVED_FROM_REAL
20232024,2023020423,2023-12-10,MTL,NSH,0.476201,0.523799,NSH,0,NSH,1,0,REAL_NHL_API_OR_DERIVED_FROM_REAL
20232024,2023020424,2023-12-10,NYR,LAK,0.527194,0.472806,NYR,1,NYR,1,0,REAL_NHL_API_OR_DERIVED_FROM_REAL
20232024,2023020425,2023-12-10,ANA,WPG,0.383914,0.616086,WPG,0,WPG,1,0,REAL_NHL_API_OR_DERIVED_FROM_REAL
20232024,2023020426,2023-12-10,SEA,MIN,0.47551,0.52449,MIN,0,MIN,1,0,REAL_NHL_API_OR_DERIVED_FROM_REAL
20232024,2023020427,2023-12-10,VGK,SJS,0.629764,0.370236,VGK,1,VGK,1,0,REAL_NHL_API_OR_DERIVED_FROM_REAL
20232024,2023020428,2023-12-11,BUF,UTA,0.480685,0.519315,UTA,1,BUF,0,0,REAL_NHL_API_OR_DERIVED_FROM_REAL
20232024,2023020429,2023-12-11,NYI,TOR,0.515826,0.484174,NYI,1,NYI,1,0,REAL_NHL_API_OR_DERIVED_FROM_REAL
20232024,2023020430,2023-12-11,DAL,DET,0.491608,0.508392,DET,1,DAL,0,0,REAL_NHL_API_OR_DERIVED_FROM_REAL
20232024,2023020431,2023-12-11,COL,CGY,0.401851,0.598149,CGY,1,COL,0,0,REAL_NHL_API_OR_DERIVED_FROM_REAL
20232024,2023020432,2023-12-12,NYR,TOR,0.55645,0.44355,NYR,0,TOR,0,0,REAL_NHL_API_OR_DERIVED_FROM_REAL
20232024,2023020433,2023-12-12,OTT,CAR,0.595118,0.404882,OTT,0,CAR,0,0,REAL_NHL_API_OR_DERIVED_FROM_REAL
20232024,2023020434,2023-12-12,PIT,UTA,0.448175,0.551825,UTA,1,PIT,0,0,REAL_NHL_API_OR_DERIVED_FROM_REAL
20232024,2023020435,2023-12-12,NSH,PHI,0.536283,0.463717,NSH,1,NSH,1,0,REAL_NHL_API_OR_DERIVED_FROM_REAL
20232024,2023020436,2023-12-12,STL,DET,0.447356,0.552644,DET,0,DET,1,0,REAL_NHL_API_OR_DERIVED_FROM_REAL
20232024,2023020437,2023-12-12,EDM,CHI,0.704724,0.295276,EDM,1,EDM,1,0,REAL_NHL_API_OR_DERIVED_FROM_REAL
20232024,2023020438,2023-12-12,SEA,FLA,0.413816,0.586184,FLA,1,SEA,0,0,REAL_NHL_API_OR_DERIVED_FROM_REAL
20232024,2023020439,2023-12-12,VAN,TBL,0.63702,0.36298,VAN,1,VAN,1,0,REAL_NHL_API_OR_DERIVED_FROM_REAL
20232024,2023020440,2023-12-12,VGK,CGY,0.574799,0.425201,VGK,1,VGK,1,0,REAL_NHL_API_OR_DERIVED_FROM_REAL
20232024,2023020441,2023-12-12,SJS,WPG,0.48824,0.51176,WPG,1,SJS,0,0,REAL_NHL_API_OR_DERIVED_FROM_REAL
20232024,2023020442,2023-12-13,MTL,PIT,0.56604,0.43396,MTL,0,PIT,0,0,REAL_NHL_API_OR_DERIVED_FROM_REAL
20232024,2023020443,2023-12-13,NJD,BOS,0.447002,0.552998,BOS,1,NJD,0,0,REAL_NHL_API_OR_DERIVED_FROM_REAL
20232024,2023020444,2023-12-13,NYI,ANA,0.702225,0.297775,NYI,1,NYI,1,0,REAL_NHL_API_OR_DERIVED_FROM_REAL
20232024,2023020445,2023-12-13,COL,BUF,0.571394,0.428606,COL,1,COL,1,0,REAL_NHL_API_OR_DERIVED_FROM_REAL
20232024,2023020446,2023-12-13,LAK,WPG,0.509117,0.490883,LAK,0,WPG,0,0,REAL_NHL_API_OR_DERIVED_FROM_REAL
20232024,2023020447,2023-12-14,DET,CAR,0.629929,0.370071,DET,0,CAR,0,0,REAL_NHL_API_OR_DERIVED_FROM_REAL
20232024,2023020448,2023-12-14,PHI,WSH,0.470027,0.529973,WSH,1,PHI,0,0,REAL_NHL_API_OR_DERIVED_FROM_REAL
20232024,2023020449,2023-12-14,TOR,CBJ,0.649394,0.350606,TOR,0,CBJ,0,0,REAL_NHL_API_OR_DERIVED_FROM_REAL
20232024,2023020450,2023-12-14,MIN,CGY,0.480939,0.519061,CGY,1,MIN,0,0,REAL_NHL_API_OR_DERIVED_FROM_REAL
20232024,2023020451,2023-12-14,STL,OTT,0.49294,0.50706,OTT,1,STL,0,0,REAL_NHL_API_OR_DERIVED_FROM_REAL
20232024,2023020452,2023-12-14,EDM,TBL,0.661505,0.338495,EDM,0,TBL,0,0,REAL_NHL_API_OR_DERIVED_FROM_REAL
20232024,2023020453,2023-12-14,SEA,CHI,0.686532,0.313468,SEA,1,SEA,1,0,REAL_NHL_API_OR_DERIVED_FROM_REAL
20232024,2023020454,2023-12-14,VAN,FLA,0.744108,0.255892,VAN,1,VAN,1,0,REAL_NHL_API_OR_DERIVED_FROM_REAL
20232024,2023020455,2023-12-15,CAR,NSH,0.426726,0.573274,NSH,0,NSH,1,0,REAL_NHL_API_OR_DERIVED_FROM_REAL
20232024,2023020456,2023-12-15,NYR,ANA,0.629805,0.370195,NYR,1,NYR,1,0,REAL_NHL_API_OR_DERIVED_FROM_REAL
20232024,2023020457,2023-12-15,NYI,BOS,0.535407,0.464593,NYI,0,BOS,0,0,REAL_NHL_API_OR_DERIVED_FROM_REAL
20232024,2023020458,2023-12-15,DAL,OTT,0.38357,0.61643,OTT,1,DAL,0,0,REAL_NHL_API_OR_DERIVED_FROM_REAL
20232024,2023020459,2023-12-15,UTA,SJS,0.527814,0.472186,UTA,1,UTA,1,0,REAL_NHL_API_OR_DERIVED_FROM_REAL
20232024,2023020460,2023-12-15,VGK,BUF,0.692606,0.307394,VGK,0,BUF,0,0,REAL_NHL_API_OR_DERIVED_FROM_REAL
20232024,2023020461,2023-12-16,MIN,VAN,0.463427,0.536573,VAN,1,MIN,0,0,REAL_NHL_API_OR_DERIVED_FROM_REAL
20232024,2023020462,2023-12-16,BOS,NYR,0.466214,0.533786,NYR,0,NYR,1,0,REAL_NHL_API_OR_DERIVED_FROM_REAL
20232024,2023020463,2023-12-16,CBJ,NJD,0.454,0.546,NJD,0,NJD,1,0,REAL_NHL_API_OR_DERIVED_FROM_REAL
20232024,2023020464,2023-12-16,MTL,NYI,0.464898,0.535102,NYI,1,MTL,0,0,REAL_NHL_API_OR_DERIVED_FROM_REAL
20232024,2023020465,2023-12-16,PHI,DET,0.704995,0.295005,PHI,1,PHI,1,0,REAL_NHL_API_OR_DERIVED_FROM_REAL
20232024,2023020466,2023-12-16,TOR,PIT,0.741274,0.258726,TOR,1,TOR,1,0,REAL_NHL_API_OR_DERIVED_FROM_REAL
20232024,2023020467,2023-12-16,WPG,COL,0.557326,0.442674,WPG,1,WPG,1,0,REAL_NHL_API_OR_DERIVED_FROM_REAL
20232024,2023020468,2023-12-16,NSH,WSH,0.629038,0.370962,NSH,1,NSH,1,0,REAL_NHL_API_OR_DERIVED_FROM_REAL
20232024,2023020469,2023-12-16,STL,DAL,0.403528,0.596472,DAL,1,STL,0,0,REAL_NHL_API_OR_DERIVED_FROM_REAL
20232024,2023020470,2023-12-16,UTA,BUF,0.589323,0.410677,UTA,1,UTA,1,0,REAL_NHL_API_OR_DERIVED_FROM_REAL
20232024,2023020471,2023-12-16,CGY,TBL,0.539005,0.460995,CGY,1,CGY,1,0,REAL_NHL_API_OR_DERIVED_FROM_REAL
20232024,2023020472,2023-12-16,EDM,FLA,0.477108,0.522892,FLA,0,FLA,1,0,REAL_NHL_API_OR_DERIVED_FROM_REAL
20232024,2023020473,2023-12-16,SEA,LAK,0.405089,0.594911,LAK,0,LAK,1,0,REAL_NHL_API_OR_DERIVED_FROM_REAL
20232024,2023020474,2023-12-17,CHI,VAN,0.34697,0.65303,VAN,0,VAN,1,0,REAL_NHL_API_OR_DERIVED_FROM_REAL
20232024,2023020475,2023-12-17,CAR,WSH,0.548427,0.451573,CAR,0,WSH,0,0,REAL_NHL_API_OR_DERIVED_FROM_REAL
20232024,2023020476,2023-12-17,NJD,ANA,0.779079,0.220921,NJD,0,ANA,0,0,REAL_NHL_API_OR_DERIVED_FROM_REAL
20232024,2023020477,2023-12-17,COL,SJS,0.609444,0.390556,COL,1,COL,1,0,REAL_NHL_API_OR_DERIVED_FROM_REAL
20232024,2023020478,2023-12-17,VGK,OTT,0.629111,0.370889,VGK,1,VGK,1,0,REAL_NHL_API_OR_DERIVED_FROM_REAL
20232024,2023020479,2023-12-18,DET,ANA,0.487535,0.512465,ANA,0,ANA,1,0,REAL_NHL_API_OR_DERIVED_FROM_REAL
20232024,2023020480,2023-12-18,PIT,MIN,0.551294,0.448706,PIT,1,PIT,1,0,REAL_NHL_API_OR_DERIVED_FROM_REAL
20232024,2023020481,2023-12-18,WPG,MTL,0.669637,0.330363,WPG,0,MTL,0,0,REAL_NHL_API_OR_DERIVED_FROM_REAL
20232024,2023020482,2023-12-18,DAL,SEA,0.631391,0.368609,DAL,1,DAL,1,0,REAL_NHL_API_OR_DERIVED_FROM_REAL
20232024,2023020483,2023-12-18,CGY,FLA,0.529581,0.470419,CGY,1,CGY,1,0,REAL_NHL_API_OR_DERIVED_FROM_REAL
20232024,2023020484,2023-12-19,BOS,MIN,0.558353,0.441647,BOS,0,MIN,0,0,REAL_NHL_API_OR_DERIVED_FROM_REAL
20232024,2023020485,2023-12-19,BUF,CBJ,0.409044,0.590956,CBJ,0,CBJ,1,0,REAL_NHL_API_OR_DERIVED_FROM_REAL
20232024,2023020486,2023-12-19,CAR,VGK,0.589753,0.410247,CAR,1,CAR,1,0,REAL_NHL_API_OR_DERIVED_FROM_REAL
20232024,2023020487,2023-12-19,NJD,PHI,0.52586,0.47414,NJD,0,PHI,0,0,REAL_NHL_API_OR_DERIVED_FROM_REAL
20232024,2023020488,2023-12-19,TBL,STL,0.73405,0.26595,TBL,1,TBL,1,0,REAL_NHL_API_OR_DERIVED_FROM_REAL
20232024,2023020489,2023-12-19,TOR,NYR,0.55871,0.44129,TOR,0,NYR,0,0,REAL_NHL_API_OR_DERIVED_FROM_REAL
20232024,2023020490,2023-12-19,NYI,EDM,0.476699,0.523301,EDM,1,NYI,0,0,REAL_NHL_API_OR_DERIVED_FROM_REAL
20232024,2023020491,2023-12-19,NSH,VAN,0.395496,0.604504,VAN,0,VAN,1,0,REAL_NHL_API_OR_DERIVED_FROM_REAL
20232024,2023020492,2023-12-19,CHI,COL,0.399298,0.600702,COL,1,CHI,0,0,REAL_NHL_API_OR_DERIVED_FROM_REAL
20232024,2023020493,2023-12-19,UTA,OTT,0.444435,0.555565,OTT,1,UTA,0,0,REAL_NHL_API_OR_DERIVED_FROM_REAL
20232024,2023020494,2023-12-19,SJS,LAK,0.466693,0.533307,LAK,0,LAK,1,0,REAL_NHL_API_OR_DERIVED_FROM_REAL
20232024,2023020495,2023-12-20,WPG,DET,0.552649,0.447351,WPG,1,WPG,1,0,REAL_NHL_API_OR_DERIVED_FROM_REAL
20232024,2023020496,2023-12-20,WSH,NYI,0.605411,0.394589,WSH,1,WSH,1,0,REAL_NHL_API_OR_DERIVED_FROM_REAL
20232024,2023020497,2023-12-20,LAK,SEA,0.590019,0.409981,LAK,0,SEA,0,0,REAL_NHL_API_OR_DERIVED_FROM_REAL
20232024,2023020498,2023-12-21,BUF,TOR,0.553055,0.446945,BUF,1,BUF,1,0,REAL_NHL_API_OR_DERIVED_FROM_REAL
20232024,2023020499,2023-12-21,CBJ,WSH,0.557736,0.442264,CBJ,0,WSH,0,0,REAL_NHL_API_OR_DERIVED_FROM_REAL
20232024,2023020500,2023-12-21,FLA,STL,0.554003,0.445997,FLA,0,STL,0,0,REAL_NHL_API_OR_DERIVED_FROM_REAL
20232024,2023020501,2023-12-21,NJD,EDM,0.376328,0.623672,EDM,0,EDM,1,0,REAL_NHL_API_OR_DERIVED_FROM_REAL
20232024,2023020502,2023-12-21,PHI,NSH,0.504445,0.495555,PHI,0,NSH,0,0,REAL_NHL_API_OR_DERIVED_FROM_REAL
20232024,2023020503,2023-12-21,PIT,CAR,0.542846,0.457154,PIT,1,PIT,1,0,REAL_NHL_API_OR_DERIVED_FROM_REAL
20232024,2023020504,2023-12-21,TBL,VGK,0.47845,0.52155,VGK,1,TBL,0,0,REAL_NHL_API_OR_DERIVED_FROM_REAL
20232024,2023020505,2023-12-21,DAL,VAN,0.570493,0.429507,DAL,1,DAL,1,0,REAL_NHL_API_OR_DERIVED_FROM_REAL
20232024,2023020506,2023-12-21,MIN,MTL,0.467383,0.532617,MTL,1,MIN,0,0,REAL_NHL_API_OR_DERIVED_FROM_REAL
20232024,2023020507,2023-12-21,COL,OTT,0.640916,0.359084,COL,1,COL,1,0,REAL_NHL_API_OR_DERIVED_FROM_REAL
20232024,2023020508,2023-12-21,ANA,CGY,0.484693,0.515307,CGY,0,CGY,1,0,REAL_NHL_API_OR_DERIVED_FROM_REAL
20232024,2023020509,2023-12-21,SJS,UTA,0.47354,0.52646,UTA,0,UTA,1,0,REAL_NHL_API_OR_DERIVED_FROM_REAL
20232024,2023020510,2023-12-22,DET,PHI,0.532283,0.467717,DET,1,DET,1,0,REAL_NHL_API_OR_DERIVED_FROM_REAL
20232024,2023020511,2023-12-22,NYR,EDM,0.579457,0.420543,NYR,0,EDM,0,0,REAL_NHL_API_OR_DERIVED_FROM_REAL
20232024,2023020512,2023-12-22,WPG,BOS,0.56665,0.43335,WPG,1,WPG,1,0,REAL_NHL_API_OR_DERIVED_FROM_REAL
20232024,2023020513,2023-12-22,CHI,MTL,0.51373,0.48627,CHI,0,MTL,0,0,REAL_NHL_API_OR_DERIVED_FROM_REAL
20232024,2023020514,2023-12-23,FLA,VGK,0.540127,0.459873,FLA,1,FLA,1,0,REAL_NHL_API_OR_DERIVED_FROM_REAL
20232024,2023020515,2023-12-23,NSH,DAL,0.452328,0.547672,DAL,0,DAL,1,0,REAL_NHL_API_OR_DERIVED_FROM_REAL
20232024,2023020516,2023-12-23,CAR,NYI,0.52316,0.47684,CAR,0,NYI,0,0,REAL_NHL_API_OR_DERIVED_FROM_REAL
20232024,2023020517,2023-12-23,CBJ,TOR,0.464175,0.535825,TOR,0,TOR,1,0,REAL_NHL_API_OR_DERIVED_FROM_REAL
20232024,2023020518,2023-12-23,MIN,BOS,0.521788,0.478212,MIN,1,MIN,1,0,REAL_NHL_API_OR_DERIVED_FROM_REAL
20232024,2023020519,2023-12-23,NJD,DET,0.529701,0.470299,NJD,1,NJD,1,0,REAL_NHL_API_OR_DERIVED_FROM_REAL
20232024,2023020520,2023-12-23,OTT,PIT,0.515782,0.484218,OTT,1,OTT,1,0,REAL_NHL_API_OR_DERIVED_FROM_REAL
20232024,2023020521,2023-12-23,WSH,TBL,0.49702,0.50298,TBL,0,TBL,1,0,REAL_NHL_API_OR_DERIVED_FROM_REAL
20232024,2023020522,2023-12-23,NYR,BUF,0.655335,0.344665,NYR,1,NYR,1,0,REAL_NHL_API_OR_DERIVED_FROM_REAL
20232024,2023020523,2023-12-23,ANA,SEA,0.480202,0.519798,SEA,0,SEA,1,0,REAL_NHL_API_OR_DERIVED_FROM_REAL
20232024,2023020524,2023-12-23,STL,CHI,0.611548,0.388452,STL,1,STL,1,0,REAL_NHL_API_OR_DERIVED_FROM_REAL
20232024,2023020525,2023-12-23,COL,UTA,0.537675,0.462325,COL,1,COL,1,0,REAL_NHL_API_OR_DERIVED_FROM_REAL
20232024,2023020526,2023-12-23,LAK,CGY,0.553345,0.446655,LAK,1,LAK,1,0,REAL_NHL_API_OR_DERIVED_FROM_REAL
20232024,2023020527,2023-12-23,VAN,SJS,0.718948,0.281052,VAN,1,VAN,1,0,REAL_NHL_API_OR_DERIVED_FROM_REAL
20232024,2023020528,2023-12-27,NJD,CBJ,0.521947,0.478053,NJD,1,NJD,1,0,REAL_NHL_API_OR_DERIVED_FROM_REAL
20232024,2023020529,2023-12-27,NYR,WSH,0.569355,0.430645,NYR,1,NYR,1,0,REAL_NHL_API_OR_DERIVED_FROM_REAL
20232024,2023020530,2023-12-27,TBL,FLA,0.607922,0.392078,TBL,0,FLA,0,0,REAL_NHL_API_OR_DERIVED_FROM_REAL
20232024,2023020531,2023-12-27,TOR,OTT,0.556947,0.443053,TOR,0,OTT,0,0,REAL_NHL_API_OR_DERIVED_FROM_REAL
20232024,2023020532,2023-12-27,BUF,BOS,0.475431,0.524569,BOS,0,BOS,1,0,REAL_NHL_API_OR_DERIVED_FROM_REAL
20232024,2023020533,2023-12-27,NYI,PIT,0.504616,0.495384,NYI,0,PIT,0,0,REAL_NHL_API_OR_DERIVED_FROM_REAL
20232024,2023020534,2023-12-27,MIN,DET,0.602941,0.397059,MIN,1,MIN,1,0,REAL_NHL_API_OR_DERIVED_FROM_REAL
20232024,2023020535,2023-12-27,NSH,CAR,0.425893,0.574107,CAR,0,CAR,1,0,REAL_NHL_API_OR_DERIVED_FROM_REAL
20232024,2023020536,2023-12-27,STL,DAL,0.42721,0.57279,DAL,1,STL,0,0,REAL_NHL_API_OR_DERIVED_FROM_REAL
20232024,2023020537,2023-12-27,UTA,COL,0.449196,0.550804,COL,1,UTA,0,0,REAL_NHL_API_OR_DERIVED_FROM_REAL
20232024,2023020538,2023-12-27,CHI,WPG,0.344016,0.655984,WPG,1,CHI,0,0,REAL_NHL_API_OR_DERIVED_FROM_REAL
20232024,2023020539,2023-12-27,CGY,SEA,0.542925,0.457075,CGY,0,SEA,0,0,REAL_NHL_API_OR_DERIVED_FROM_REAL
20232024,2023020540,2023-12-27,ANA,VGK,0.461838,0.538162,VGK,1,ANA,0,0,REAL_NHL_API_OR_DERIVED_FROM_REAL
20232024,2023020541,2023-12-27,LAK,SJS,0.601074,0.398926,LAK,1,LAK,1,0,REAL_NHL_API_OR_DERIVED_FROM_REAL
20232024,2023020542,2023-12-28,CAR,MTL,0.478789,0.521211,MTL,1,CAR,0,0,REAL_NHL_API_OR_DERIVED_FROM_REAL
20232024,2023020543,2023-12-28,VAN,PHI,0.716364,0.283636,VAN,0,PHI,0,0,REAL_NHL_API_OR_DERIVED_FROM_REAL
20232024,2023020544,2023-12-28,VGK,LAK,0.461242,0.538758,LAK,1,VGK,0,0,REAL_NHL_API_OR_DERIVED_FROM_REAL
20232024,2023020545,2023-12-28,SJS,EDM,0.257981,0.742019,EDM,0,EDM,1,0,REAL_NHL_API_OR_DERIVED_FROM_REAL
20232024,2023020546,2023-12-29,CBJ,TOR,0.290518,0.709482,TOR,1,CBJ,0,0,REAL_NHL_API_OR_DERIVED_FROM_REAL
20232024,2023020547,2023-12-29,DET,NSH,0.481543,0.518457,NSH,1,DET,0,0,REAL_NHL_API_OR_DERIVED_FROM_REAL
20232024,2023020548,2023-12-29,FLA,NYR,0.464913,0.535087,NYR,1,FLA,0,0,REAL_NHL_API_OR_DERIVED_FROM_REAL
20232024,2023020549,2023-12-29,OTT,NJD,0.528144,0.471856,OTT,0,NJD,0,0,REAL_NHL_API_OR_DERIVED_FROM_REAL
20232024,2023020550,2023-12-29,NYI,WSH,0.68684,0.31316,NYI,1,NYI,1,0,REAL_NHL_API_OR_DERIVED_FROM_REAL
20232024,2023020551,2023-12-29,DAL,CHI,0.662305,0.337695,DAL,1,DAL,1,0,REAL_NHL_API_OR_DERIVED_FROM_REAL
20232024,2023020552,2023-12-29,STL,COL,0.533677,0.466323,STL,0,COL,0,0,REAL_NHL_API_OR_DERIVED_FROM_REAL
20232024,2023020553,2023-12-29,ANA,UTA,0.488384,0.511616,UTA,0,UTA,1,0,REAL_NHL_API_OR_DERIVED_FROM_REAL
20232024,2023020554,2023-12-29,SEA,PHI,0.492428,0.507572,PHI,1,SEA,0,0,REAL_NHL_API_OR_DERIVED_FROM_REAL
20232024,2023020555,2023-12-30,WPG,MIN,0.67873,0.32127,WPG,1,WPG,1,0,REAL_NHL_API_OR_DERIVED_FROM_REAL
20232024,2023020556,2023-12-30,BUF,CBJ,0.458735,0.541265,CBJ,1,BUF,0,0,REAL_NHL_API_OR_DERIVED_FROM_REAL
20232024,2023020557,2023-12-30,BOS,NJD,0.568831,0.431169,BOS,1,BOS,1,0,REAL_NHL_API_OR_DERIVED_FROM_REAL
20232024,2023020558,2023-12-30,FLA,MTL,0.595952,0.404048,FLA,1,FLA,1,0,REAL_NHL_API_OR_DERIVED_FROM_REAL
20232024,2023020559,2023-12-30,PIT,STL,0.575087,0.424913,PIT,1,PIT,1,0,REAL_NHL_API_OR_DERIVED_FROM_REAL
20232024,2023020560,2023-12-30,TBL,NYR,0.451473,0.548527,NYR,0,NYR,1,0,REAL_NHL_API_OR_DERIVED_FROM_REAL
20232024,2023020561,2023-12-30,TOR,CAR,0.542723,0.457277,TOR,0,CAR,0,0,REAL_NHL_API_OR_DERIVED_FROM_REAL
20232024,2023020562,2023-12-30,WSH,NSH,0.519403,0.480597,WSH,0,NSH,0,0,REAL_NHL_API_OR_DERIVED_FROM_REAL
20232024,2023020563,2023-12-30,LAK,EDM,0.52748,0.47252,LAK,0,EDM,0,0,REAL_NHL_API_OR_DERIVED_FROM_REAL
20232024,2023020564,2023-12-31,MIN,WPG,0.488749,0.511251,WPG,0,WPG,1,0,REAL_NHL_API_OR_DERIVED_FROM_REAL
20232024,2023020565,2023-12-31,DET,BOS,0.502969,0.497031,DET,0,BOS,0,0,REAL_NHL_API_OR_DERIVED_FROM_REAL
20232024,2023020566,2023-12-31,OTT,BUF,0.513325,0.486675,OTT,1,OTT,1,0,REAL_NHL_API_OR_DERIVED_FROM_REAL
20232024,2023020567,2023-12-31,PIT,NYI,0.515754,0.484246,PIT,1,PIT,1,0,REAL_NHL_API_OR_DERIVED_FROM_REAL
20232024,2023020568,2023-12-31,TBL,MTL,0.501764,0.498236,TBL,1,TBL,1,0,REAL_NHL_API_OR_DERIVED_FROM_REAL
20232024,2023020569,2023-12-31,ANA,EDM,0.449142,0.550858,EDM,0,EDM,1,0,REAL_NHL_API_OR_DERIVED_FROM_REAL
20232024,2023020570,2023-12-31,CGY,PHI,0.497271,0.502729,PHI,1,CGY,0,0,REAL_NHL_API_OR_DERIVED_FROM_REAL
20232024,2023020571,2023-12-31,COL,SJS,0.685028,0.314972,COL,1,COL,1,0,REAL_NHL_API_OR_DERIVED_FROM_REAL
20232024,2023020572,2023-12-31,DAL,CHI,0.811889,0.188111,DAL,1,DAL,1,0,REAL_NHL_API_OR_DERIVED_FROM_REAL
20232024,2023020573,2024-01-01,SEA,VGK,0.44542,0.55458,VGK,1,SEA,0,0,REAL_NHL_API_OR_DERIVED_FROM_REAL
20232024,2023020574,2024-01-02,CBJ,BOS,0.453191,0.546809,BOS,0,BOS,1,0,REAL_NHL_API_OR_DERIVED_FROM_REAL
20232024,2023020575,2024-01-02,NYR,CAR,0.568301,0.431699,NYR,0,CAR,0,0,REAL_NHL_API_OR_DERIVED_FROM_REAL
20232024,2023020576,2024-01-02,PIT,WSH,0.432725,0.567275,WSH,0,WSH,1,0,REAL_NHL_API_OR_DERIVED_FROM_REAL
20232024,2023020577,2024-01-02,DAL,MTL,0.648049,0.351951,DAL,0,MTL,0,0,REAL_NHL_API_OR_DERIVED_FROM_REAL
20232024,2023020578,2024-01-02,MIN,CGY,0.530486,0.469514,MIN,0,CGY,0,0,REAL_NHL_API_OR_DERIVED_FROM_REAL
20232024,2023020579,2024-01-02,NSH,CHI,0.649333,0.350667,NSH,1,NSH,1,0,REAL_NHL_API_OR_DERIVED_FROM_REAL
20232024,2023020580,2024-01-02,WPG,TBL,0.649453,0.350547,WPG,1,WPG,1,0,REAL_NHL_API_OR_DERIVED_FROM_REAL
20232024,2023020581,2024-01-02,UTA,FLA,0.431463,0.568537,FLA,0,FLA,1,0,REAL_NHL_API_OR_DERIVED_FROM_REAL
20232024,2023020582,2024-01-02,COL,NYI,0.740924,0.259076,COL,1,COL,1,0,REAL_NHL_API_OR_DERIVED_FROM_REAL
20232024,2023020583,2024-01-02,EDM,PHI,0.549869,0.450131,EDM,1,EDM,1,0,REAL_NHL_API_OR_DERIVED_FROM_REAL
20232024,2023020584,2024-01-02,VAN,OTT,0.754212,0.245788,VAN,1,VAN,1,0,REAL_NHL_API_OR_DERIVED_FROM_REAL
20232024,2023020585,2024-01-02,LAK,TOR,0.628707,0.371293,LAK,0,TOR,0,0,REAL_NHL_API_OR_DERIVED_FROM_REAL
20232024,2023020586,2024-01-02,SJS,DET,0.416947,0.583053,DET,0,DET,1,0,REAL_NHL_API_OR_DERIVED_FROM_REAL
20232024,2023020587,2024-01-03,WSH,NJD,0.495869,0.504131,NJD,0,NJD,1,0,REAL_NHL_API_OR_DERIVED_FROM_REAL
20232024,2023020588,2024-01-03,ANA,TOR,0.425659,0.574341,TOR,0,TOR,1,0,REAL_NHL_API_OR_DERIVED_FROM_REAL
20232024,2023020589,2024-01-04,BOS,PIT,0.62568,0.37432,BOS,0,PIT,0,0,REAL_NHL_API_OR_DERIVED_FROM_REAL
20232024,2023020590,2024-01-04,MTL,BUF,0.546136,0.453864,MTL,0,BUF,0,0,REAL_NHL_API_OR_DERIVED_FROM_REAL
20232024,2023020591,2024-01-04,NYR,CHI,0.680071,0.319929,NYR,1,NYR,1,0,REAL_NHL_API_OR_DERIVED_FROM_REAL
20232024,2023020592,2024-01-04,PHI,CBJ,0.574722,0.425278,PHI,0,CBJ,0,0,REAL_NHL_API_OR_DERIVED_FROM_REAL
20232024,2023020593,2024-01-04,DAL,COL,0.529124,0.470876,DAL,0,COL,0,0,REAL_NHL_API_OR_DERIVED_FROM_REAL
20232024,2023020594,2024-01-04,MIN,TBL,0.489959,0.510041,TBL,0,TBL,1,0,REAL_NHL_API_OR_DERIVED_FROM_REAL
20232024,2023020595,2024-01-04,NSH,CGY,0.4711,0.5289,CGY,0,CGY,1,0,REAL_NHL_API_OR_DERIVED_FROM_REAL
20232024,2023020596,2024-01-04,STL,VAN,0.399887,0.600113,VAN,1,STL,0,0,REAL_NHL_API_OR_DERIVED_FROM_REAL
20232024,2023020597,2024-01-04,UTA,NYI,0.513891,0.486109,UTA,0,NYI,0,0,REAL_NHL_API_OR_DERIVED_FROM_REAL
20232024,2023020598,2024-01-04,SEA,OTT,0.603999,0.396001,SEA,1,SEA,1,0,REAL_NHL_API_OR_DERIVED_FROM_REAL
20232024,2023020599,2024-01-04,VGK,FLA,0.457861,0.542139,FLA,0,FLA,1,0,REAL_NHL_API_OR_DERIVED_FROM_REAL
20232024,2023020600,2024-01-04,LAK,DET,0.588641,0.411359,LAK,0,DET,0,0,REAL_NHL_API_OR_DERIVED_FROM_REAL
20232024,2023020601,2024-01-04,SJS,WPG,0.356806,0.643194,WPG,0,WPG,1,0,REAL_NHL_API_OR_DERIVED_FROM_REAL
20232024,2023020602,2024-01-05,NJD,CHI,0.69367,0.30633,NJD,1,NJD,1,0,REAL_NHL_API_OR_DERIVED_FROM_REAL
20232024,2023020603,2024-01-05,WSH,CAR,0.415635,0.584365,CAR,0,CAR,1,0,REAL_NHL_API_OR_DERIVED_FROM_REAL
20232024,2023020604,2024-01-05,ANA,WPG,0.369355,0.630645,WPG,0,WPG,1,0,REAL_NHL_API_OR_DERIVED_FROM_REAL
20232024,2023020605,2024-01-06,PHI,CGY,0.511487,0.488513,PHI,1,PHI,1,0,REAL_NHL_API_OR_DERIVED_FROM_REAL
20232024,2023020606,2024-01-06,COL,FLA,0.401055,0.598945,FLA,0,FLA,1,0,REAL_NHL_API_OR_DERIVED_FROM_REAL
20232024,2023020607,2024-01-06,BOS,TBL,0.579504,0.420496,BOS,1,BOS,1,0,REAL_NHL_API_OR_DERIVED_FROM_REAL
20232024,2023020608,2024-01-06,CAR,STL,0.627246,0.372754,CAR,0,STL,0,0,REAL_NHL_API_OR_DERIVED_FROM_REAL
20232024,2023020609,2024-01-06,CBJ,MIN,0.470554,0.529446,MIN,0,MIN,1,0,REAL_NHL_API_OR_DERIVED_FROM_REAL
20232024,2023020610,2024-01-06,MTL,NYR,0.418312,0.581688,NYR,1,MTL,0,0,REAL_NHL_API_OR_DERIVED_FROM_REAL
20232024,2023020611,2024-01-06,NJD,VAN,0.523648,0.476352,NJD,0,VAN,0,0,REAL_NHL_API_OR_DERIVED_FROM_REAL
20232024,2023020612,2024-01-06,PIT,BUF,0.630044,0.369956,PIT,0,BUF,0,0,REAL_NHL_API_OR_DERIVED_FROM_REAL
20232024,2023020613,2024-01-06,SJS,TOR,0.399908,0.600092,TOR,0,TOR,1,0,REAL_NHL_API_OR_DERIVED_FROM_REAL
20232024,2023020614,2024-01-06,DAL,NSH,0.560098,0.439902,DAL,0,NSH,0,0,REAL_NHL_API_OR_DERIVED_FROM_REAL
20232024,2023020615,2024-01-06,EDM,OTT,0.678675,0.321325,EDM,1,EDM,1,0,REAL_NHL_API_OR_DERIVED_FROM_REAL
20232024,2023020616,2024-01-06,VGK,NYI,0.534404,0.465596,VGK,1,VGK,1,0,REAL_NHL_API_OR_DERIVED_FROM_REAL
20232024,2023020617,2024-01-07,CHI,CGY,0.42182,0.57818,CGY,1,CHI,0,0,REAL_NHL_API_OR_DERIVED_FROM_REAL
20232024,2023020618,2024-01-07,WSH,LAK,0.513163,0.486837,WSH,1,WSH,1,0,REAL_NHL_API_OR_DERIVED_FROM_REAL
20232024,2023020619,2024-01-07,UTA,WPG,0.37985,0.62015,WPG,0,WPG,1,0,REAL_NHL_API_OR_DERIVED_FROM_REAL
20232024,2023020620,2024-01-07,ANA,DET,0.469226,0.530774,DET,0,DET,1,0,REAL_NHL_API_OR_DERIVED_FROM_REAL
20232024,2023020621,2024-01-08,NYR,VAN,0.499526,0.500474,VAN,0,VAN,1,0,REAL_NHL_API_OR_DERIVED_FROM_REAL
20232024,2023020622,2024-01-08,PHI,PIT,0.423312,0.576688,PIT,0,PIT,1,0,REAL_NHL_API_OR_DERIVED_FROM_REAL
20232024,2023020623,2024-01-08,MIN,DAL,0.454511,0.545489,DAL,0,DAL,1,0,REAL_NHL_API_OR_DERIVED_FROM_REAL
20232024,2023020624,2024-01-08,COL,BOS,0.572693,0.427307,COL,1,COL,1,0,REAL_NHL_API_OR_DERIVED_FROM_REAL
20232024,2023020625,2024-01-09,BUF,SEA,0.525824,0.474176,BUF,0,SEA,0,0,REAL_NHL_API_OR_DERIVED_FROM_REAL
20232024,2023020626,2024-01-09,TBL,LAK,0.524635,0.475365,TBL,1,TBL,1,0,REAL_NHL_API_OR_DERIVED_FROM_REAL
20232024,2023020627,2024-01-09,TOR,SJS,0.813226,0.186774,TOR,1,TOR,1,0,REAL_NHL_API_OR_DERIVED_FROM_REAL
20232024,2023020628,2024-01-09,NYI,VAN,0.480973,0.519027,VAN,0,VAN,1,0,REAL_NHL_API_OR_DERIVED_FROM_REAL
20232024,2023020629,2024-01-09,NSH,ANA,0.685691,0.314309,NSH,0,ANA,0,0,REAL_NHL_API_OR_DERIVED_FROM_REAL
20232024,2023020630,2024-01-09,STL,FLA,0.498914,0.501086,FLA,0,FLA,1,0,REAL_NHL_API_OR_DERIVED_FROM_REAL
20232024,2023020631,2024-01-09,WPG,CBJ,0.66371,0.33629,WPG,1,WPG,1,0,REAL_NHL_API_OR_DERIVED_FROM_REAL
20232024,2023020632,2024-01-09,CHI,EDM,0.337666,0.662334,EDM,0,EDM,1,0,REAL_NHL_API_OR_DERIVED_FROM_REAL
20232024,2023020633,2024-01-09,UTA,BOS,0.576259,0.423741,UTA,1,UTA,1,0,REAL_NHL_API_OR_DERIVED_FROM_REAL
20232024,2023020634,2024-01-09,CGY,OTT,0.691511,0.308489,CGY,1,CGY,1,0,REAL_NHL_API_OR_DERIVED_FROM_REAL
20232024,2023020635,2024-01-10,PHI,MTL,0.507209,0.492791,PHI,1,PHI,1,0,REAL_NHL_API_OR_DERIVED_FROM_REAL
20232024,2023020636,2024-01-10,DAL,MIN,0.534447,0.465553,DAL,1,DAL,1,0,REAL_NHL_API_OR_DERIVED_FROM_REAL
20232024,2023020637,2024-01-10,COL,VGK,0.574953,0.425047,COL,1,COL,1,0,REAL_NHL_API_OR_DERIVED_FROM_REAL
20232024,2023020638,2024-01-11,BUF,OTT,0.72184,0.27816,BUF,1,BUF,1,0,REAL_NHL_API_OR_DERIVED_FROM_REAL
20232024,2023020639,2024-01-11,CAR,ANA,0.636928,0.363072,CAR,1,CAR,1,0,REAL_NHL_API_OR_DERIVED_FROM_REAL
20232024,2023020640,2024-01-11,DET,EDM,0.450423,0.549577,EDM,0,EDM,1,0,REAL_NHL_API_OR_DERIVED_FROM_REAL
20232024,2023020641,2024-01-11,FLA,LAK,0.586969,0.413031,FLA,1,FLA,1,0,REAL_NHL_API_OR_DERIVED_FROM_REAL
20232024,2023020642,2024-01-11,MTL,SJS,0.583476,0.416524,MTL,0,SJS,0,0,REAL_NHL_API_OR_DERIVED_FROM_REAL
20232024,2023020643,2024-01-11,PIT,VAN,0.339927,0.660073,VAN,0,VAN,1,0,REAL_NHL_API_OR_DERIVED_FROM_REAL
20232024,2023020644,2024-01-11,TBL,NJD,0.51452,0.48548,TBL,1,TBL,1,0,REAL_NHL_API_OR_DERIVED_FROM_REAL
20232024,2023020645,2024-01-11,WSH,SEA,0.460671,0.539329,SEA,0,SEA,1,0,REAL_NHL_API_OR_DERIVED_FROM_REAL
20232024,2023020646,2024-01-11,NYI,TOR,0.385414,0.614586,TOR,1,NYI,0,0,REAL_NHL_API_OR_DERIVED_FROM_REAL
20232024,2023020647,2024-01-11,STL,NYR,0.493902,0.506098,NYR,1,STL,0,0,REAL_NHL_API_OR_DERIVED_FROM_REAL
20232024,2023020648,2024-01-11,WPG,CHI,0.726031,0.273969,WPG,1,WPG,1,0,REAL_NHL_API_OR_DERIVED_FROM_REAL
20232024,2023020649,2024-01-11,UTA,CGY,0.264684,0.735316,CGY,0,CGY,1,0,REAL_NHL_API_OR_DERIVED_FROM_REAL
20232024,2023020650,2024-01-11,VGK,BOS,0.57442,0.42558,VGK,1,VGK,1,0,REAL_NHL_API_OR_DERIVED_FROM_REAL
20232024,2023020651,2024-01-12,DAL,NSH,0.605372,0.394628,DAL,0,NSH,0,0,REAL_NHL_API_OR_DERIVED_FROM_REAL
20232024,2023020652,2024-01-12,MIN,PHI,0.47212,0.52788,PHI,0,PHI,1,0,REAL_NHL_API_OR_DERIVED_FROM_REAL
20232024,2023020653,2024-01-13,WSH,NYR,0.457008,0.542992,NYR,1,WSH,0,0,REAL_NHL_API_OR_DERIVED_FROM_REAL
20232024,2023020654,2024-01-13,BUF,VAN,0.403216,0.596784,VAN,0,VAN,1,0,REAL_NHL_API_OR_DERIVED_FROM_REAL
20232024,2023020655,2024-01-13,OTT,SJS,0.574912,0.425088,OTT,1,OTT,1,0,REAL_NHL_API_OR_DERIVED_FROM_REAL
20232024,2023020656,2024-01-13,FLA,NJD,0.64716,0.35284,FLA,0,NJD,0,0,REAL_NHL_API_OR_DERIVED_FROM_REAL
20232024,2023020657,2024-01-13,CAR,PIT,0.627916,0.372084,CAR,1,CAR,1,0,REAL_NHL_API_OR_DERIVED_FROM_REAL
20232024,2023020658,2024-01-13,CBJ,SEA,0.376319,0.623681,SEA,0,SEA,1,0,REAL_NHL_API_OR_DERIVED_FROM_REAL
20232024,2023020659,2024-01-13,DET,LAK,0.69338,0.30662,DET,1,DET,1,0,REAL_NHL_API_OR_DERIVED_FROM_REAL
20232024,2023020660,2024-01-13,MTL,EDM,0.381974,0.618026,EDM,0,EDM,1,0,REAL_NHL_API_OR_DERIVED_FROM_REAL
20232024,2023020661,2024-01-13,TBL,ANA,0.632738,0.367262,TBL,1,TBL,1,0,REAL_NHL_API_OR_DERIVED_FROM_REAL
20232024,2023020662,2024-01-13,TOR,COL,0.465938,0.534062,COL,0,COL,1,0,REAL_NHL_API_OR_DERIVED_FROM_REAL
20232024,2023020663,2024-01-13,WPG,PHI,0.55562,0.44438,WPG,0,PHI,0,0,REAL_NHL_API_OR_DERIVED_FROM_REAL
20232024,2023020664,2024-01-13,CHI,DAL,0.548353,0.451647,CHI,0,DAL,0,0,REAL_NHL_API_OR_DERIVED_FROM_REAL
20232024,2023020665,2024-01-13,MIN,UTA,0.43143,0.56857,UTA,0,UTA,1,0,REAL_NHL_API_OR_DERIVED_FROM_REAL
20232024,2023020666,2024-01-13,NSH,NYI,0.636512,0.363488,NSH,1,NSH,1,0,REAL_NHL_API_OR_DERIVED_FROM_REAL
20232024,2023020667,2024-01-13,STL,BOS,0.4311,0.5689,BOS,0,BOS,1,0,REAL_NHL_API_OR_DERIVED_FROM_REAL
20232024,2023020668,2024-01-13,VGK,CGY,0.484187,0.515813,CGY,0,CGY,1,0,REAL_NHL_API_OR_DERIVED_FROM_REAL
20232024,2023020669,2024-01-14,NYR,WSH,0.59017,0.40983,NYR,1,NYR,1,0,REAL_NHL_API_OR_DERIVED_FROM_REAL
20232024,2023020670,2024-01-14,TOR,DET,0.505757,0.494243,TOR,0,DET,0,0,REAL_NHL_API_OR_DERIVED_FROM_REAL
20232024,2023020671,2024-01-15,BOS,NJD,0.608151,0.391849,BOS,1,BOS,1,0,REAL_NHL_API_OR_DERIVED_FROM_REAL
20232024,2023020672,2024-01-15,BUF,SJS,0.624492,0.375508,BUF,1,BUF,1,0,REAL_NHL_API_OR_DERIVED_FROM_REAL
20232024,2023020673,2024-01-15,CBJ,VAN,0.341981,0.658019,VAN,1,CBJ,0,0,REAL_NHL_API_OR_DERIVED_FROM_REAL
20232024,2023020674,2024-01-15,FLA,ANA,0.712513,0.287487,FLA,0,ANA,0,0,REAL_NHL_API_OR_DERIVED_FROM_REAL
20232024,2023020675,2024-01-15,CAR,LAK,0.553695,0.446305,CAR,0,LAK,0,0,REAL_NHL_API_OR_DERIVED_FROM_REAL
20232024,2023020676,2024-01-15,MIN,NYI,0.580807,0.419193,MIN,1,MIN,1,0,REAL_NHL_API_OR_DERIVED_FROM_REAL
20232024,2023020677,2024-01-15,PIT,SEA,0.456283,0.543717,SEA,1,PIT,0,0,REAL_NHL_API_OR_DERIVED_FROM_REAL
20232024,2023020678,2024-01-15,MTL,COL,0.377289,0.622711,COL,1,MTL,0,0,REAL_NHL_API_OR_DERIVED_FROM_REAL
20232024,2023020679,2024-01-15,STL,PHI,0.524499,0.475501,STL,0,PHI,0,0,REAL_NHL_API_OR_DERIVED_FROM_REAL
20232024,2023020680,2024-01-15,VGK,NSH,0.573482,0.426518,VGK,1,VGK,1,0,REAL_NHL_API_OR_DERIVED_FROM_REAL
20232024,2023020681,2024-01-16,NYR,SEA,0.456874,0.543126,SEA,1,NYR,0,0,REAL_NHL_API_OR_DERIVED_FROM_REAL
20232024,2023020682,2024-01-16,OTT,COL,0.410077,0.589923,COL,0,COL,1,0,REAL_NHL_API_OR_DERIVED_FROM_REAL
20232024,2023020683,2024-01-16,WSH,ANA,0.556394,0.443606,WSH,1,WSH,1,0,REAL_NHL_API_OR_DERIVED_FROM_REAL
20232024,2023020684,2024-01-16,DAL,LAK,0.620077,0.379923,DAL,1,DAL,1,0,REAL_NHL_API_OR_DERIVED_FROM_REAL
20232024,2023020685,2024-01-16,WPG,NYI,0.621382,0.378618,WPG,1,WPG,1,0,REAL_NHL_API_OR_DERIVED_FROM_REAL
20232024,2023020686,2024-01-16,CHI,SJS,0.574834,0.425166,CHI,1,CHI,1,0,REAL_NHL_API_OR_DERIVED_FROM_REAL
20232024,2023020687,2024-01-16,CGY,UTA,0.606442,0.393558,CGY,1,CGY,1,0,REAL_NHL_API_OR_DERIVED_FROM_REAL
20232024,2023020688,2024-01-16,EDM,TOR,0.618808,0.381192,EDM,1,EDM,1,0,REAL_NHL_API_OR_DERIVED_FROM_REAL
20232024,2023020689,2024-01-17,FLA,DET,0.601969,0.398031,FLA,0,DET,0,0,REAL_NHL_API_OR_DERIVED_FROM_REAL
20232024,2023020690,2024-01-17,NJD,MTL,0.57655,0.42345,NJD,0,MTL,0,0,REAL_NHL_API_OR_DERIVED_FROM_REAL
20232024,2023020691,2024-01-18,BUF,CHI,0.589022,0.410978,BUF,1,BUF,1,0,REAL_NHL_API_OR_DERIVED_FROM_REAL
20232024,2023020692,2024-01-18,BOS,COL,0.428232,0.571768,COL,1,BOS,0,0,REAL_NHL_API_OR_DERIVED_FROM_REAL
20232024,2023020693,2024-01-18,OTT,MTL,0.582722,0.417278,OTT,1,OTT,1,0,REAL_NHL_API_OR_DERIVED_FROM_REAL
20232024,2023020694,2024-01-18,PHI,DAL,0.445582,0.554418,DAL,1,PHI,0,0,REAL_NHL_API_OR_DERIVED_FROM_REAL
20232024,2023020695,2024-01-18,TBL,MIN,0.661158,0.338842,TBL,1,TBL,1,0,REAL_NHL_API_OR_DERIVED_FROM_REAL
20232024,2023020696,2024-01-18,WSH,STL,0.521749,0.478251,WSH,1,WSH,1,0,REAL_NHL_API_OR_DERIVED_FROM_REAL
20232024,2023020697,2024-01-18,CGY,TOR,0.531277,0.468723,CGY,0,TOR,0,0,REAL_NHL_API_OR_DERIVED_FROM_REAL
20232024,2023020698,2024-01-18,EDM,SEA,0.630888,0.369112,EDM,1,EDM,1,0,REAL_NHL_API_OR_DERIVED_FROM_REAL
20232024,2023020699,2024-01-18,LAK,NSH,0.457531,0.542469,NSH,0,NSH,1,0,REAL_NHL_API_OR_DERIVED_FROM_REAL
20232024,2023020700,2024-01-18,VAN,UTA,0.683833,0.316167,VAN,1,VAN,1,0,REAL_NHL_API_OR_DERIVED_FROM_REAL
20232024,2023020701,2024-01-18,VGK,NYR,0.490358,0.509642,NYR,1,VGK,0,0,REAL_NHL_API_OR_DERIVED_FROM_REAL
20232024,2023020702,2024-01-19,CAR,DET,0.518634,0.481366,CAR,1,CAR,1,0,REAL_NHL_API_OR_DERIVED_FROM_REAL
20232024,2023020703,2024-01-19,CBJ,NJD,0.505724,0.494276,CBJ,0,NJD,0,0,REAL_NHL_API_OR_DERIVED_FROM_REAL
20232024,2023020704,2024-01-19,FLA,MIN,0.646025,0.353975,FLA,0,MIN,0,0,REAL_NHL_API_OR_DERIVED_FROM_REAL
20232024,2023020705,2024-01-19,CHI,NYI,0.409235,0.590765,NYI,1,CHI,0,0,REAL_NHL_API_OR_DERIVED_FROM_REAL
20232024,2023020706,2024-01-20,BUF,TBL,0.468297,0.531703,TBL,0,TBL,1,0,REAL_NHL_API_OR_DERIVED_FROM_REAL
20232024,2023020707,2024-01-20,PHI,COL,0.341714,0.658286,COL,0,COL,1,0,REAL_NHL_API_OR_DERIVED_FROM_REAL
20232024,2023020708,2024-01-20,UTA,NSH,0.444964,0.555036,NSH,1,UTA,0,0,REAL_NHL_API_OR_DERIVED_FROM_REAL
20232024,2023020709,2024-01-20,OTT,WPG,0.416533,0.583467,WPG,0,WPG,1,0,REAL_NHL_API_OR_DERIVED_FROM_REAL
20232024,2023020710,2024-01-20,BOS,MTL,0.791346,0.208654,BOS,1,BOS,1,0,REAL_NHL_API_OR_DERIVED_FROM_REAL
20232024,2023020711,2024-01-20,NJD,DAL,0.503177,0.496823,NJD,0,DAL,0,0,REAL_NHL_API_OR_DERIVED_FROM_REAL
20232024,2023020712,2024-01-20,VAN,TOR,0.577925,0.422075,VAN,1,VAN,1,0,REAL_NHL_API_OR_DERIVED_FROM_REAL
20232024,2023020713,2024-01-20,STL,WSH,0.523598,0.476402,STL,1,STL,1,0,REAL_NHL_API_OR_DERIVED_FROM_REAL
20232024,2023020714,2024-01-20,CGY,EDM,0.530335,0.469665,CGY,0,EDM,0,0,REAL_NHL_API_OR_DERIVED_FROM_REAL
20232024,2023020715,2024-01-20,SJS,ANA,0.460232,0.539768,ANA,1,SJS,0,0,REAL_NHL_API_OR_DERIVED_FROM_REAL
20232024,2023020716,2024-01-20,VGK,PIT,0.534647,0.465353,VGK,1,VGK,1,0,REAL_NHL_API_OR_DERIVED_FROM_REAL
20232024,2023020717,2024-01-20,LAK,NYR,0.432664,0.567336,NYR,1,LAK,0,0,REAL_NHL_API_OR_DERIVED_FROM_REAL
20232024,2023020718,2024-01-21,PHI,OTT,0.57322,0.42678,PHI,0,OTT,0,0,REAL_NHL_API_OR_DERIVED_FROM_REAL
20232024,2023020719,2024-01-21,CAR,MIN,0.616681,0.383319,CAR,0,MIN,0,0,REAL_NHL_API_OR_DERIVED_FROM_REAL
20232024,2023020720,2024-01-21,DET,TBL,0.510121,0.489879,DET,1,DET,1,0,REAL_NHL_API_OR_DERIVED_FROM_REAL
20232024,2023020721,2024-01-21,NYI,DAL,0.435382,0.564618,DAL,1,NYI,0,0,REAL_NHL_API_OR_DERIVED_FROM_REAL
20232024,2023020722,2024-01-21,ANA,NYR,0.493376,0.506624,NYR,0,NYR,1,0,REAL_NHL_API_OR_DERIVED_FROM_REAL
20232024,2023020723,2024-01-21,SEA,TOR,0.588054,0.411946,SEA,0,TOR,0,0,REAL_NHL_API_OR_DERIVED_FROM_REAL
20232024,2023020724,2024-01-22,BOS,WPG,0.548342,0.451658,BOS,1,BOS,1,0,REAL_NHL_API_OR_DERIVED_FROM_REAL
20232024,2023020725,2024-01-22,NJD,VGK,0.474432,0.525568,VGK,1,NJD,0,0,REAL_NHL_API_OR_DERIVED_FROM_REAL
20232024,2023020726,2024-01-22,NSH,FLA,0.560157,0.439843,NSH,0,FLA,0,0,REAL_NHL_API_OR_DERIVED_FROM_REAL
20232024,2023020727,2024-01-22,UTA,PIT,0.444787,0.555213,PIT,1,UTA,0,0,REAL_NHL_API_OR_DERIVED_FROM_REAL
20232024,2023020728,2024-01-22,VAN,CHI,0.730191,0.269809,VAN,1,VAN,1,0,REAL_NHL_API_OR_DERIVED_FROM_REAL
20232024,2023020729,2024-01-22,LAK,SJS,0.585427,0.414573,LAK,0,SJS,0,0,REAL_NHL_API_OR_DERIVED_FROM_REAL
20232024,2023020730,2024-01-23,DET,DAL,0.396744,0.603256,DAL,0,DAL,1,0,REAL_NHL_API_OR_DERIVED_FROM_REAL
20232024,2023020731,2024-01-23,MTL,OTT,0.527953,0.472047,MTL,0,OTT,0,0,REAL_NHL_API_OR_DERIVED_FROM_REAL
20232024,2023020732,2024-01-23,PHI,TBL,0.58797,0.41203,PHI,0,TBL,0,0,REAL_NHL_API_OR_DERIVED_FROM_REAL
20232024,2023020733,2024-01-23,NYI,VGK,0.470767,0.529233,VGK,0,VGK,1,0,REAL_NHL_API_OR_DERIVED_FROM_REAL
20232024,2023020734,2024-01-23,MIN,WSH,0.606913,0.393087,MIN,1,MIN,1,0,REAL_NHL_API_OR_DERIVED_FROM_REAL
20232024,2023020735,2024-01-23,CGY,STL,0.530737,0.469263,CGY,0,STL,0,0,REAL_NHL_API_OR_DERIVED_FROM_REAL
20232024,2023020736,2024-01-23,EDM,CBJ,0.672867,0.327133,EDM,1,EDM,1,0,REAL_NHL_API_OR_DERIVED_FROM_REAL
20232024,2023020737,2024-01-23,ANA,BUF,0.476033,0.523967,BUF,1,ANA,0,0,REAL_NHL_API_OR_DERIVED_FROM_REAL
20232024,2023020738,2024-01-23,SJS,NYR,0.431569,0.568431,NYR,1,SJS,0,0,REAL_NHL_API_OR_DERIVED_FROM_REAL
20232024,2023020739,2024-01-24,FLA,UTA,0.569735,0.430265,FLA,1,FLA,1,0,REAL_NHL_API_OR_DERIVED_FROM_REAL
20232024,2023020740,2024-01-24,TOR,WPG,0.475909,0.524091,WPG,1,TOR,0,0,REAL_NHL_API_OR_DERIVED_FROM_REAL
20232024,2023020741,2024-01-24,BOS,CAR,0.573594,0.426406,BOS,0,CAR,0,0,REAL_NHL_API_OR_DERIVED_FROM_REAL
20232024,2023020742,2024-01-24,COL,WSH,0.659589,0.340411,COL,1,COL,1,0,REAL_NHL_API_OR_DERIVED_FROM_REAL
20232024,2023020743,2024-01-24,SEA,CHI,0.688249,0.311751,SEA,1,SEA,1,0,REAL_NHL_API_OR_DERIVED_FROM_REAL
20232024,2023020744,2024-01-24,VAN,STL,0.613109,0.386891,VAN,0,STL,0,0,REAL_NHL_API_OR_DERIVED_FROM_REAL
20232024,2023020745,2024-01-24,LAK,BUF,0.523826,0.476174,LAK,0,BUF,0,0,REAL_NHL_API_OR_DERIVED_FROM_REAL
20232024,2023020746,2024-01-25,CAR,NJD,0.704074,0.295926,CAR,1,CAR,1,0,REAL_NHL_API_OR_DERIVED_FROM_REAL
20232024,2023020747,2024-01-25,DET,PHI,0.529485,0.470515,DET,1,DET,1,0,REAL_NHL_API_OR_DERIVED_FROM_REAL
20232024,2023020748,2024-01-25,MTL,NYI,0.575844,0.424156,MTL,1,MTL,1,0,REAL_NHL_API_OR_DERIVED_FROM_REAL
20232024,2023020749,2024-01-25,OTT,BOS,0.478234,0.521766,BOS,0,BOS,1,0,REAL_NHL_API_OR_DERIVED_FROM_REAL
20232024,2023020750,2024-01-25,TBL,UTA,0.643892,0.356108,TBL,1,TBL,1,0,REAL_NHL_API_OR_DERIVED_FROM_REAL
20232024,2023020751,2024-01-25,DAL,ANA,0.680806,0.319194,DAL,1,DAL,1,0,REAL_NHL_API_OR_DERIVED_FROM_REAL
20232024,2023020752,2024-01-25,MIN,NSH,0.496881,0.503119,NSH,0,NSH,1,0,REAL_NHL_API_OR_DERIVED_FROM_REAL
20232024,2023020753,2024-01-25,CGY,CBJ,0.624335,0.375665,CGY,0,CBJ,0,0,REAL_NHL_API_OR_DERIVED_FROM_REAL
20232024,2023020754,2024-01-25,EDM,CHI,0.705383,0.294617,EDM,1,EDM,1,0,REAL_NHL_API_OR_DERIVED_FROM_REAL
20232024,2023020755,2024-01-26,NYR,VGK,0.524604,0.475396,NYR,0,VGK,0,0,REAL_NHL_API_OR_DERIVED_FROM_REAL
20232024,2023020756,2024-01-26,PIT,FLA,0.44312,0.55688,FLA,0,FLA,1,0,REAL_NHL_API_OR_DERIVED_FROM_REAL
20232024,2023020757,2024-01-26,COL,LAK,0.806322,0.193678,COL,1,COL,1,0,REAL_NHL_API_OR_DERIVED_FROM_REAL
20232024,2023020758,2024-01-26,SEA,STL,0.51805,0.48195,SEA,0,STL,0,0,REAL_NHL_API_OR_DERIVED_FROM_REAL
20232024,2023020759,2024-01-27,PHI,BOS,0.221029,0.778971,BOS,0,BOS,1,0,REAL_NHL_API_OR_DERIVED_FROM_REAL
20232024,2023020760,2024-01-27,DAL,WSH,0.646767,0.353233,DAL,1,DAL,1,0,REAL_NHL_API_OR_DERIVED_FROM_REAL
20232024,2023020761,2024-01-27,EDM,NSH,0.636502,0.363498,EDM,1,EDM,1,0,REAL_NHL_API_OR_DERIVED_FROM_REAL
20232024,2023020762,2024-01-27,SJS,BUF,0.538433,0.461567,SJS,0,BUF,0,0,REAL_NHL_API_OR_DERIVED_FROM_REAL
20232024,2023020763,2024-01-27,CAR,UTA,0.556724,0.443276,CAR,1,CAR,1,0,REAL_NHL_API_OR_DERIVED_FROM_REAL
20232024,2023020764,2024-01-27,DET,VGK,0.479895,0.520105,VGK,1,DET,0,0,REAL_NHL_API_OR_DERIVED_FROM_REAL
20232024,2023020765,2024-01-27,OTT,NYR,0.39966,0.60034,NYR,0,NYR,1,0,REAL_NHL_API_OR_DERIVED_FROM_REAL
20232024,2023020766,2024-01-27,PIT,MTL,0.469163,0.530837,MTL,1,PIT,0,0,REAL_NHL_API_OR_DERIVED_FROM_REAL
20232024,2023020767,2024-01-27,TBL,NJD,0.662628,0.337372,TBL,1,TBL,1,0,REAL_NHL_API_OR_DERIVED_FROM_REAL
20232024,2023020768,2024-01-27,WPG,TOR,0.545611,0.454389,WPG,0,TOR,0,0,REAL_NHL_API_OR_DERIVED_FROM_REAL
20232024,2023020769,2024-01-27,NYI,FLA,0.418579,0.581421,FLA,0,FLA,1,0,REAL_NHL_API_OR_DERIVED_FROM_REAL
20232024,2023020770,2024-01-27,MIN,ANA,0.677736,0.322264,MIN,0,ANA,0,0,REAL_NHL_API_OR_DERIVED_FROM_REAL
20232024,2023020771,2024-01-27,CGY,CHI,0.655736,0.344264,CGY,1,CGY,1,0,REAL_NHL_API_OR_DERIVED_FROM_REAL
20232024,2023020772,2024-01-27,VAN,CBJ,0.606384,0.393616,VAN,1,VAN,1,0,REAL_NHL_API_OR_DERIVED_FROM_REAL
20232024,2023020773,2024-01-28,STL,LAK,0.575903,0.424097,STL,1,STL,1,0,REAL_NHL_API_OR_DERIVED_FROM_REAL
20232024,2023020774,2024-01-28,SEA,CBJ,0.605493,0.394507,SEA,1,SEA,1,0,REAL_NHL_API_OR_DERIVED_FROM_REAL
20232024,2023020775,2024-01-29,OTT,NSH,0.373836,0.626164,NSH,1,OTT,0,0,REAL_NHL_API_OR_DERIVED_FROM_REAL
20232024,2023020776,2024-01-30,STL,CBJ,0.675332,0.324668,STL,0,CBJ,0,0,REAL_NHL_API_OR_DERIVED_FROM_REAL
20232024,2023020777,2024-01-30,SJS,SEA,0.416568,0.583432,SEA,1,SJS,0,0,REAL_NHL_API_OR_DERIVED_FROM_REAL
20232024,2023020778,2024-01-31,DET,OTT,0.616485,0.383515,DET,0,OTT,0,0,REAL_NHL_API_OR_DERIVED_FROM_REAL
20232024,2023020779,2024-01-31,NSH,LAK,0.552613,0.447387,NSH,0,LAK,0,0,REAL_NHL_API_OR_DERIVED_FROM_REAL
20232024,2023020780,2024-01-31,ANA,SJS,0.593007,0.406993,ANA,1,ANA,1,0,REAL_NHL_API_OR_DERIVED_FROM_REAL
20232024,2023020781,2024-02-05,NYR,COL,0.430949,0.569051,COL,1,NYR,0,0,REAL_NHL_API_OR_DERIVED_FROM_REAL
20232024,2023020782,2024-02-05,TOR,NYI,0.61338,0.38662,TOR,0,NYI,0,0,REAL_NHL_API_OR_DERIVED_FROM_REAL
20232024,2023020783,2024-02-06,BOS,CGY,0.597765,0.402235,BOS,0,CGY,0,0,REAL_NHL_API_OR_DERIVED_FROM_REAL
20232024,2023020784,2024-02-06,BUF,DAL,0.43065,0.56935,DAL,0,DAL,1,0,REAL_NHL_API_OR_DERIVED_FROM_REAL
20232024,2023020785,2024-02-06,CAR,VAN,0.536493,0.463507,CAR,0,VAN,0,0,REAL_NHL_API_OR_DERIVED_FROM_REAL
20232024,2023020786,2024-02-06,FLA,PHI,0.594518,0.405482,FLA,0,PHI,0,0,REAL_NHL_API_OR_DERIVED_FROM_REAL
20232024,2023020787,2024-02-06,NJD,COL,0.423276,0.576724,COL,1,NJD,0,0,REAL_NHL_API_OR_DERIVED_FROM_REAL
20232024,2023020788,2024-02-06,PIT,WPG,0.50679,0.49321,PIT,1,PIT,1,0,REAL_NHL_API_OR_DERIVED_FROM_REAL
20232024,2023020789,2024-02-06,WSH,MTL,0.58294,0.41706,WSH,0,MTL,0,0,REAL_NHL_API_OR_DERIVED_FROM_REAL
20232024,2023020790,2024-02-06,VGK,EDM,0.551418,0.448582,VGK,1,VGK,1,0,REAL_NHL_API_OR_DERIVED_FROM_REAL
20232024,2023020791,2024-02-07,NYR,TBL,0.580489,0.419511,NYR,1,NYR,1,0,REAL_NHL_API_OR_DERIVED_FROM_REAL
20232024,2023020792,2024-02-07,TOR,DAL,0.429479,0.570521,DAL,1,TOR,0,0,REAL_NHL_API_OR_DERIVED_FROM_REAL
20232024,2023020793,2024-02-07,CHI,MIN,0.382647,0.617353,MIN,0,MIN,1,0,REAL_NHL_API_OR_DERIVED_FROM_REAL
20232024,2023020794,2024-02-08,BOS,VAN,0.559653,0.440347,BOS,1,BOS,1,0,REAL_NHL_API_OR_DERIVED_FROM_REAL
20232024,2023020795,2024-02-08,FLA,WSH,0.65984,0.34016,FLA,1,FLA,1,0,REAL_NHL_API_OR_DERIVED_FROM_REAL
20232024,2023020796,2024-02-08,NJD,CGY,0.530107,0.469893,NJD,0,CGY,0,0,REAL_NHL_API_OR_DERIVED_FROM_REAL
20232024,2023020797,2024-02-08,PHI,WPG,0.557109,0.442891,PHI,1,PHI,1,0,REAL_NHL_API_OR_DERIVED_FROM_REAL
20232024,2023020798,2024-02-08,NYI,TBL,0.455434,0.544566,TBL,1,NYI,0,0,REAL_NHL_API_OR_DERIVED_FROM_REAL
20232024,2023020799,2024-02-08,CAR,COL,0.286318,0.713682,COL,1,CAR,0,0,REAL_NHL_API_OR_DERIVED_FROM_REAL
20232024,2023020800,2024-02-08,UTA,VGK,0.321751,0.678249,VGK,0,VGK,1,0,REAL_NHL_API_OR_DERIVED_FROM_REAL
20232024,2023020801,2024-02-09,MIN,PIT,0.524888,0.475112,MIN,1,MIN,1,0,REAL_NHL_API_OR_DERIVED_FROM_REAL
20232024,2023020802,2024-02-09,CHI,NYR,0.412473,0.587527,NYR,0,NYR,1,0,REAL_NHL_API_OR_DERIVED_FROM_REAL
20232024,2023020803,2024-02-09,ANA,EDM,0.280793,0.719207,EDM,0,EDM,1,0,REAL_NHL_API_OR_DERIVED_FROM_REAL
20232024,2023020804,2024-02-10,BUF,STL,0.494121,0.505879,STL,0,STL,1,0,REAL_NHL_API_OR_DERIVED_FROM_REAL
20232024,2023020805,2024-02-10,DET,VAN,0.565009,0.434991,DET,1,DET,1,0,REAL_NHL_API_OR_DERIVED_FROM_REAL
20232024,2023020806,2024-02-10,MTL,DAL,0.396593,0.603407,DAL,0,DAL,1,0,REAL_NHL_API_OR_DERIVED_FROM_REAL
20232024,2023020807,2024-02-10,NYI,CGY,0.498864,0.501136,CGY,0,CGY,1,0,REAL_NHL_API_OR_DERIVED_FROM_REAL
20232024,2023020808,2024-02-10,BOS,WSH,0.689602,0.310398,BOS,0,WSH,0,0,REAL_NHL_API_OR_DERIVED_FROM_REAL
20232024,2023020809,2024-02-10,FLA,COL,0.48808,0.51192,COL,1,FLA,0,0,REAL_NHL_API_OR_DERIVED_FROM_REAL
20232024,2023020810,2024-02-10,CAR,NJD,0.557698,0.442302,CAR,1,CAR,1,0,REAL_NHL_API_OR_DERIVED_FROM_REAL
20232024,2023020811,2024-02-10,CBJ,TBL,0.382644,0.617356,TBL,0,TBL,1,0,REAL_NHL_API_OR_DERIVED_FROM_REAL
20232024,2023020812,2024-02-10,OTT,TOR,0.52586,0.47414,OTT,1,OTT,1,0,REAL_NHL_API_OR_DERIVED_FROM_REAL
20232024,2023020813,2024-02-10,PHI,SEA,0.59526,0.40474,PHI,1,PHI,1,0,REAL_NHL_API_OR_DERIVED_FROM_REAL
20232024,2023020814,2024-02-10,WPG,PIT,0.543874,0.456126,WPG,1,WPG,1,0,REAL_NHL_API_OR_DERIVED_FROM_REAL
20232024,2023020815,2024-02-10,NSH,UTA,0.599657,0.400343,NSH,1,NSH,1,0,REAL_NHL_API_OR_DERIVED_FROM_REAL
20232024,2023020816,2024-02-10,LAK,EDM,0.408688,0.591312,EDM,1,LAK,0,0,REAL_NHL_API_OR_DERIVED_FROM_REAL
20232024,2023020817,2024-02-11,MTL,STL,0.483987,0.516013,STL,0,STL,1,0,REAL_NHL_API_OR_DERIVED_FROM_REAL
20232024,2023020818,2024-02-11,WSH,VAN,0.422466,0.577534,VAN,0,VAN,1,0,REAL_NHL_API_OR_DERIVED_FROM_REAL
20232024,2023020819,2024-02-12,NJD,SEA,0.579351,0.420649,NJD,1,NJD,1,0,REAL_NHL_API_OR_DERIVED_FROM_REAL
20232024,2023020820,2024-02-12,NYR,CGY,0.525736,0.474264,NYR,1,NYR,1,0,REAL_NHL_API_OR_DERIVED_FROM_REAL
20232024,2023020821,2024-02-12,PHI,UTA,0.598112,0.401888,PHI,1,PHI,1,0,REAL_NHL_API_OR_DERIVED_FROM_REAL
20232024,2023020822,2024-02-12,VGK,MIN,0.560049,0.439951,VGK,0,MIN,0,0,REAL_NHL_API_OR_DERIVED_FROM_REAL
20232024,2023020823,2024-02-13,BOS,TBL,0.631262,0.368738,BOS,0,TBL,0,0,REAL_NHL_API_OR_DERIVED_FROM_REAL
20232024,2023020824,2024-02-13,BUF,LAK,0.674572,0.325428,BUF,1,BUF,1,0,REAL_NHL_API_OR_DERIVED_FROM_REAL
20232024,2023020825,2024-02-13,MTL,ANA,0.461785,0.538215,ANA,1,MTL,0,0,REAL_NHL_API_OR_DERIVED_FROM_REAL
20232024,2023020826,2024-02-13,OTT,CBJ,0.758282,0.241718,OTT,1,OTT,1,0,REAL_NHL_API_OR_DERIVED_FROM_REAL
20232024,2023020827,2024-02-13,TOR,STL,0.404353,0.595647,STL,1,TOR,0,0,REAL_NHL_API_OR_DERIVED_FROM_REAL
20232024,2023020828,2024-02-13,WSH,COL,0.431562,0.568438,COL,0,COL,1,0,REAL_NHL_API_OR_DERIVED_FROM_REAL
20232024,2023020829,2024-02-13,NYI,SEA,0.554317,0.445683,NYI,0,SEA,0,0,REAL_NHL_API_OR_DERIVED_FROM_REAL
20232024,2023020830,2024-02-13,DAL,CAR,0.501727,0.498273,DAL,1,DAL,1,0,REAL_NHL_API_OR_DERIVED_FROM_REAL
20232024,2023020831,2024-02-13,NSH,NJD,0.549117,0.450883,NSH,0,NJD,0,0,REAL_NHL_API_OR_DERIVED_FROM_REAL
20232024,2023020832,2024-02-13,CHI,VAN,0.360186,0.639814,VAN,0,VAN,1,0,REAL_NHL_API_OR_DERIVED_FROM_REAL
20232024,2023020833,2024-02-13,EDM,DET,0.712971,0.287029,EDM,1,EDM,1,0,REAL_NHL_API_OR_DERIVED_FROM_REAL
20232024,2023020834,2024-02-14,PIT,FLA,0.488179,0.511821,FLA,0,FLA,1,0,REAL_NHL_API_OR_DERIVED_FROM_REAL
20232024,2023020835,2024-02-14,WPG,SJS,0.608463,0.391537,WPG,1,WPG,1,0,REAL_NHL_API_OR_DERIVED_FROM_REAL
20232024,2023020836,2024-02-14,UTA,MIN,0.248395,0.751605,MIN,0,MIN,1,0,REAL_NHL_API_OR_DERIVED_FROM_REAL
20232024,2023020837,2024-02-15,BOS,SEA,0.606231,0.393769,BOS,0,SEA,0,0,REAL_NHL_API_OR_DERIVED_FROM_REAL
20232024,2023020838,2024-02-15,BUF,FLA,0.424825,0.575175,FLA,0,FLA,1,0,REAL_NHL_API_OR_DERIVED_FROM_REAL
20232024,2023020839,2024-02-15,NJD,LAK,0.614602,0.385398,NJD,0,LAK,0,0,REAL_NHL_API_OR_DERIVED_FROM_REAL
20232024,2023020840,2024-02-15,NYR,MTL,0.617882,0.382118,NYR,1,NYR,1,0,REAL_NHL_API_OR_DERIVED_FROM_REAL
20232024,2023020841,2024-02-15,OTT,ANA,0.745973,0.254027,OTT,0,ANA,0,0,REAL_NHL_API_OR_DERIVED_FROM_REAL
20232024,2023020842,2024-02-15,TBL,COL,0.576459,0.423541,TBL,1,TBL,1,0,REAL_NHL_API_OR_DERIVED_FROM_REAL
20232024,2023020843,2024-02-15,TOR,PHI,0.626323,0.373677,TOR,1,TOR,1,0,REAL_NHL_API_OR_DERIVED_FROM_REAL
20232024,2023020844,2024-02-15,STL,EDM,0.509202,0.490798,STL,1,STL,1,0,REAL_NHL_API_OR_DERIVED_FROM_REAL
20232024,2023020845,2024-02-15,CHI,PIT,0.417412,0.582588,PIT,0,PIT,1,0,REAL_NHL_API_OR_DERIVED_FROM_REAL
20232024,2023020846,2024-02-15,CGY,SJS,0.631355,0.368645,CGY,0,SJS,0,0,REAL_NHL_API_OR_DERIVED_FROM_REAL
20232024,2023020847,2024-02-15,NSH,DAL,0.457674,0.542326,DAL,0,DAL,1,0,REAL_NHL_API_OR_DERIVED_FROM_REAL
20232024,2023020848,2024-02-15,VAN,DET,0.536589,0.463411,VAN,1,VAN,1,0,REAL_NHL_API_OR_DERIVED_FROM_REAL
20232024,2023020849,2024-02-16,UTA,CAR,0.379611,0.620389,CAR,0,CAR,1,0,REAL_NHL_API_OR_DERIVED_FROM_REAL
20232024,2023020850,2024-02-17,DAL,EDM,0.549245,0.450755,DAL,0,EDM,0,0,REAL_NHL_API_OR_DERIVED_FROM_REAL
20232024,2023020851,2024-02-17,CHI,OTT,0.441282,0.558718,OTT,1,CHI,0,0,REAL_NHL_API_OR_DERIVED_FROM_REAL
20232024,2023020852,2024-02-17,CGY,DET,0.398922,0.601078,DET,0,DET,1,0,REAL_NHL_API_OR_DERIVED_FROM_REAL
20232024,2023020853,2024-02-17,BOS,LAK,0.619558,0.380442,BOS,0,LAK,0,0,REAL_NHL_API_OR_DERIVED_FROM_REAL
20232024,2023020854,2024-02-17,MIN,BUF,0.603147,0.396853,MIN,0,BUF,0,0,REAL_NHL_API_OR_DERIVED_FROM_REAL
20232024,2023020855,2024-02-17,STL,NSH,0.601142,0.398858,STL,0,NSH,0,0,REAL_NHL_API_OR_DERIVED_FROM_REAL
20232024,2023020856,2024-02-17,TBL,FLA,0.342107,0.657893,FLA,0,FLA,1,0,REAL_NHL_API_OR_DERIVED_FROM_REAL
20232024,2023020857,2024-02-17,MTL,WSH,0.497293,0.502707,WSH,0,WSH,1,0,REAL_NHL_API_OR_DERIVED_FROM_REAL
20232024,2023020858,2024-02-17,TOR,ANA,0.73359,0.26641,TOR,1,TOR,1,0,REAL_NHL_API_OR_DERIVED_FROM_REAL
20232024,2023020859,2024-02-17,NJD,PHI,0.519641,0.480359,NJD,1,NJD,1,0,REAL_NHL_API_OR_DERIVED_FROM_REAL
20232024,2023020860,2024-02-17,VAN,WPG,0.602462,0.397538,VAN,0,WPG,0,0,REAL_NHL_API_OR_DERIVED_FROM_REAL
20232024,2023020861,2024-02-17,SJS,CBJ,0.535628,0.464372,SJS,0,CBJ,0,0,REAL_NHL_API_OR_DERIVED_FROM_REAL
20232024,2023020862,2024-02-17,VGK,CAR,0.58476,0.41524,VGK,0,CAR,0,0,REAL_NHL_API_OR_DERIVED_FROM_REAL
20232024,2023020863,2024-02-18,NYI,NYR,0.396317,0.603683,NYR,0,NYR,1,0,REAL_NHL_API_OR_DERIVED_FROM_REAL
20232024,2023020864,2024-02-18,COL,UTA,0.657534,0.342466,COL,1,COL,1,0,REAL_NHL_API_OR_DERIVED_FROM_REAL
20232024,2023020865,2024-02-18,PIT,LAK,0.434232,0.565768,LAK,0,LAK,1,0,REAL_NHL_API_OR_DERIVED_FROM_REAL
20232024,2023020866,2024-02-19,BUF,ANA,0.594913,0.405087,BUF,0,ANA,0,0,REAL_NHL_API_OR_DERIVED_FROM_REAL
20232024,2023020867,2024-02-19,BOS,DAL,0.472326,0.527674,DAL,1,BOS,0,0,REAL_NHL_API_OR_DERIVED_FROM_REAL
20232024,2023020868,2024-02-19,STL,TOR,0.467183,0.532817,TOR,0,TOR,1,0,REAL_NHL_API_OR_DERIVED_FROM_REAL
20232024,2023020869,2024-02-19,MIN,VAN,0.410056,0.589944,VAN,1,MIN,0,0,REAL_NHL_API_OR_DERIVED_FROM_REAL
20232024,2023020870,2024-02-19,SEA,DET,0.495828,0.504172,DET,0,DET,1,0,REAL_NHL_API_OR_DERIVED_FROM_REAL
20232024,2023020871,2024-02-19,UTA,EDM,0.408219,0.591781,EDM,0,EDM,1,0,REAL_NHL_API_OR_DERIVED_FROM_REAL
20232024,2023020872,2024-02-19,CGY,WPG,0.558505,0.441495,CGY,1,CGY,1,0,REAL_NHL_API_OR_DERIVED_FROM_REAL
20232024,2023020873,2024-02-19,SJS,VGK,0.437223,0.562777,VGK,0,VGK,1,0,REAL_NHL_API_OR_DERIVED_FROM_REAL
20232024,2023020874,2024-02-19,CAR,CHI,0.671316,0.328684,CAR,1,CAR,1,0,REAL_NHL_API_OR_DERIVED_FROM_REAL
20232024,2023020875,2024-02-19,TBL,OTT,0.563816,0.436184,TBL,0,OTT,0,0,REAL_NHL_API_OR_DERIVED_FROM_REAL
20232024,2023020876,2024-02-20,FLA,OTT,0.669356,0.330644,FLA,1,FLA,1,0,REAL_NHL_API_OR_DERIVED_FROM_REAL
20232024,2023020877,2024-02-20,NYR,DAL,0.564872,0.435128,NYR,1,NYR,1,0,REAL_NHL_API_OR_DERIVED_FROM_REAL
20232024,2023020878,2024-02-20,PIT,NYI,0.443857,0.556143,NYI,0,NYI,1,0,REAL_NHL_API_OR_DERIVED_FROM_REAL
20232024,2023020879,2024-02-20,WSH,NJD,0.425051,0.574949,NJD,1,WSH,0,0,REAL_NHL_API_OR_DERIVED_FROM_REAL
20232024,2023020880,2024-02-20,WPG,MIN,0.500031,0.499969,WPG,1,WPG,1,0,REAL_NHL_API_OR_DERIVED_FROM_REAL
20232024,2023020881,2024-02-20,COL,VAN,0.436743,0.563257,VAN,1,COL,0,0,REAL_NHL_API_OR_DERIVED_FROM_REAL
20232024,2023020882,2024-02-20,VGK,NSH,0.639812,0.360188,VGK,0,NSH,0,0,REAL_NHL_API_OR_DERIVED_FROM_REAL
20232024,2023020883,2024-02-20,LAK,CBJ,0.485986,0.514014,CBJ,1,LAK,0,0,REAL_NHL_API_OR_DERIVED_FROM_REAL
20232024,2023020884,2024-02-21,MTL,BUF,0.546799,0.453201,MTL,0,BUF,0,0,REAL_NHL_API_OR_DERIVED_FROM_REAL
20232024,2023020885,2024-02-21,CHI,PHI,0.451482,0.548518,PHI,0,PHI,1,0,REAL_NHL_API_OR_DERIVED_FROM_REAL
20232024,2023020886,2024-02-21,ANA,CBJ,0.683348,0.316652,ANA,0,CBJ,0,0,REAL_NHL_API_OR_DERIVED_FROM_REAL
20232024,2023020887,2024-02-21,UTA,TOR,0.477336,0.522664,TOR,0,TOR,1,0,REAL_NHL_API_OR_DERIVED_FROM_REAL
20232024,2023020888,2024-02-21,EDM,BOS,0.590275,0.409725,EDM,0,BOS,0,0,REAL_NHL_API_OR_DERIVED_FROM_REAL
20232024,2023020889,2024-02-22,CAR,FLA,0.4123,0.5877,FLA,1,CAR,0,0,REAL_NHL_API_OR_DERIVED_FROM_REAL
20232024,2023020890,2024-02-22,DET,COL,0.509505,0.490495,DET,1,DET,1,0,REAL_NHL_API_OR_DERIVED_FROM_REAL
20232024,2023020891,2024-02-22,NJD,NYR,0.420174,0.579826,NYR,0,NYR,1,0,REAL_NHL_API_OR_DERIVED_FROM_REAL
20232024,2023020892,2024-02-22,OTT,DAL,0.589408,0.410592,OTT,1,OTT,1,0,REAL_NHL_API_OR_DERIVED_FROM_REAL
20232024,2023020893,2024-02-22,PIT,MTL,0.595067,0.404933,PIT,1,PIT,1,0,REAL_NHL_API_OR_DERIVED_FROM_REAL
20232024,2023020894,2024-02-22,TBL,WSH,0.633643,0.366357,TBL,0,WSH,0,0,REAL_NHL_API_OR_DERIVED_FROM_REAL
20232024,2023020895,2024-02-22,STL,NYI,0.603415,0.396585,STL,1,STL,1,0,REAL_NHL_API_OR_DERIVED_FROM_REAL
20232024,2023020896,2024-02-22,CGY,BOS,0.520375,0.479625,CGY,1,CGY,1,0,REAL_NHL_API_OR_DERIVED_FROM_REAL
20232024,2023020897,2024-02-22,SEA,VAN,0.428163,0.571837,VAN,1,SEA,0,0,REAL_NHL_API_OR_DERIVED_FROM_REAL
20232024,2023020898,2024-02-22,VGK,TOR,0.286622,0.713378,TOR,0,TOR,1,0,REAL_NHL_API_OR_DERIVED_FROM_REAL
20232024,2023020899,2024-02-22,LAK,NSH,0.405439,0.594561,NSH,0,NSH,1,0,REAL_NHL_API_OR_DERIVED_FROM_REAL
20232024,2023020900,2024-02-23,CBJ,BUF,0.419623,0.580377,BUF,0,BUF,1,0,REAL_NHL_API_OR_DERIVED_FROM_REAL
20232024,2023020901,2024-02-23,CHI,WPG,0.415242,0.584758,WPG,0,WPG,1,0,REAL_NHL_API_OR_DERIVED_FROM_REAL
20232024,2023020902,2024-02-23,EDM,MIN,0.627321,0.372679,EDM,0,MIN,0,0,REAL_NHL_API_OR_DERIVED_FROM_REAL
20232024,2023020903,2024-02-24,NJD,MTL,0.61764,0.38236,NJD,1,NJD,1,0,REAL_NHL_API_OR_DERIVED_FROM_REAL
20232024,2023020904,2024-02-24,NYI,TBL,0.418179,0.581821,TBL,0,TBL,1,0,REAL_NHL_API_OR_DERIVED_FROM_REAL
20232024,2023020905,2024-02-24,PHI,NYR,0.399898,0.600102,NYR,0,NYR,1,0,REAL_NHL_API_OR_DERIVED_FROM_REAL
20232024,2023020906,2024-02-24,FLA,WSH,0.582435,0.417565,FLA,1,FLA,1,0,REAL_NHL_API_OR_DERIVED_FROM_REAL
20232024,2023020907,2024-02-24,CAR,DAL,0.488644,0.511356,DAL,0,DAL,1,0,REAL_NHL_API_OR_DERIVED_FROM_REAL
20232024,2023020908,2024-02-24,COL,TOR,0.46917,0.53083,TOR,0,TOR,1,0,REAL_NHL_API_OR_DERIVED_FROM_REAL
20232024,2023020909,2024-02-24,DET,STL,0.648657,0.351343,DET,1,DET,1,0,REAL_NHL_API_OR_DERIVED_FROM_REAL
20232024,2023020910,2024-02-24,OTT,VGK,0.453025,0.546975,VGK,1,OTT,0,0,REAL_NHL_API_OR_DERIVED_FROM_REAL
20232024,2023020911,2024-02-24,VAN,BOS,0.51183,0.48817,VAN,1,VAN,1,0,REAL_NHL_API_OR_DERIVED_FROM_REAL
20232024,2023020912,2024-02-24,EDM,CGY,0.60233,0.39767,EDM,0,CGY,0,0,REAL_NHL_API_OR_DERIVED_FROM_REAL
20232024,2023020913,2024-02-24,SEA,MIN,0.2782,0.7218,MIN,0,MIN,1,0,REAL_NHL_API_OR_DERIVED_FROM_REAL
20232024,2023020914,2024-02-24,SJS,NSH,0.469258,0.530742,NSH,0,NSH,1,0,REAL_NHL_API_OR_DERIVED_FROM_REAL
20232024,2023020915,2024-02-24,LAK,ANA,0.629815,0.370185,LAK,1,LAK,1,0,REAL_NHL_API_OR_DERIVED_FROM_REAL
20232024,2023020916,2024-02-25,NJD,TBL,0.566474,0.433526,NJD,0,TBL,0,0,REAL_NHL_API_OR_DERIVED_FROM_REAL
20232024,2023020917,2024-02-25,PIT,PHI,0.525846,0.474154,PIT,1,PIT,1,0,REAL_NHL_API_OR_DERIVED_FROM_REAL
20232024,2023020918,2024-02-25,BUF,CAR,0.531017,0.468983,BUF,1,BUF,1,0,REAL_NHL_API_OR_DERIVED_FROM_REAL
20232024,2023020919,2024-02-25,CBJ,NYR,0.360311,0.639689,NYR,1,CBJ,0,0,REAL_NHL_API_OR_DERIVED_FROM_REAL
20232024,2023020920,2024-02-25,CHI,DET,0.412335,0.587665,DET,0,DET,1,0,REAL_NHL_API_OR_DERIVED_FROM_REAL
20232024,2023020921,2024-02-25,WPG,UTA,0.587339,0.412661,WPG,1,WPG,1,0,REAL_NHL_API_OR_DERIVED_FROM_REAL
20232024,2023020922,2024-02-25,ANA,NSH,0.492956,0.507044,NSH,0,NSH,1,0,REAL_NHL_API_OR_DERIVED_FROM_REAL
20232024,2023020923,2024-02-26,WSH,OTT,0.706286,0.293714,WSH,1,WSH,1,0,REAL_NHL_API_OR_DERIVED_FROM_REAL
20232024,2023020924,2024-02-26,DAL,NYI,0.572025,0.427975,DAL,0,NYI,0,0,REAL_NHL_API_OR_DERIVED_FROM_REAL
20232024,2023020925,2024-02-26,EDM,LAK,0.573018,0.426982,EDM,1,EDM,1,0,REAL_NHL_API_OR_DERIVED_FROM_REAL
20232024,2023020926,2024-02-26,SEA,BOS,0.406708,0.593292,BOS,1,SEA,0,0,REAL_NHL_API_OR_DERIVED_FROM_REAL
20232024,2023020927,2024-02-27,DET,WSH,0.592898,0.407102,DET,1,DET,1,0,REAL_NHL_API_OR_DERIVED_FROM_REAL
20232024,2023020928,2024-02-27,FLA,BUF,0.688338,0.311662,FLA,1,FLA,1,0,REAL_NHL_API_OR_DERIVED_FROM_REAL
20232024,2023020929,2024-02-27,MTL,UTA,0.503032,0.496968,MTL,1,MTL,1,0,REAL_NHL_API_OR_DERIVED_FROM_REAL
20232024,2023020930,2024-02-27,PHI,TBL,0.528714,0.471286,PHI,1,PHI,1,0,REAL_NHL_API_OR_DERIVED_FROM_REAL
20232024,2023020931,2024-02-27,TOR,VGK,0.643444,0.356556,TOR,0,VGK,0,0,REAL_NHL_API_OR_DERIVED_FROM_REAL
20232024,2023020932,2024-02-27,MIN,CAR,0.613796,0.386204,MIN,0,CAR,0,0,REAL_NHL_API_OR_DERIVED_FROM_REAL
20232024,2023020933,2024-02-27,NSH,OTT,0.65288,0.34712,NSH,1,NSH,1,0,REAL_NHL_API_OR_DERIVED_FROM_REAL
20232024,2023020934,2024-02-27,WPG,STL,0.653938,0.346062,WPG,1,WPG,1,0,REAL_NHL_API_OR_DERIVED_FROM_REAL
20232024,2023020935,2024-02-27,CGY,LAK,0.508237,0.491763,CGY,1,CGY,1,0,REAL_NHL_API_OR_DERIVED_FROM_REAL
20232024,2023020936,2024-02-27,COL,DAL,0.578315,0.421685,COL,1,COL,1,0,REAL_NHL_API_OR_DERIVED_FROM_REAL
20232024,2023020937,2024-02-27,VAN,PIT,0.558165,0.441835,VAN,0,PIT,0,0,REAL_NHL_API_OR_DERIVED_FROM_REAL
20232024,2023020938,2024-02-27,SJS,NJD,0.281769,0.718231,NJD,0,NJD,1,0,REAL_NHL_API_OR_DERIVED_FROM_REAL
20232024,2023020939,2024-02-28,NYR,CBJ,0.68146,0.31854,NYR,1,NYR,1,0,REAL_NHL_API_OR_DERIVED_FROM_REAL
20232024,2023020940,2024-02-28,EDM,STL,0.6207,0.3793,EDM,1,EDM,1,0,REAL_NHL_API_OR_DERIVED_FROM_REAL
20232024,2023020941,2024-02-29,BOS,VGK,0.508662,0.491338,BOS,1,BOS,1,0,REAL_NHL_API_OR_DERIVED_FROM_REAL
20232024,2023020942,2024-02-29,CBJ,CAR,0.441129,0.558871,CAR,0,CAR,1,0,REAL_NHL_API_OR_DERIVED_FROM_REAL
20232024,2023020943,2024-02-29,DET,NYI,0.606198,0.393802,DET,0,NYI,0,0,REAL_NHL_API_OR_DERIVED_FROM_REAL
20232024,2023020944,2024-02-29,FLA,MTL,0.689844,0.310156,FLA,1,FLA,1,0,REAL_NHL_API_OR_DERIVED_FROM_REAL
20232024,2023020945,2024-02-29,TBL,BUF,0.507076,0.492924,TBL,0,BUF,0,0,REAL_NHL_API_OR_DERIVED_FROM_REAL
20232024,2023020946,2024-02-29,TOR,UTA,0.670335,0.329665,TOR,1,TOR,1,0,REAL_NHL_API_OR_DERIVED_FROM_REAL
20232024,2023020947,2024-02-29,DAL,WPG,0.410548,0.589452,WPG,1,DAL,0,0,REAL_NHL_API_OR_DERIVED_FROM_REAL
20232024,2023020948,2024-02-29,NSH,MIN,0.641241,0.358759,NSH,1,NSH,1,0,REAL_NHL_API_OR_DERIVED_FROM_REAL
20232024,2023020949,2024-02-29,CHI,COL,0.401091,0.598909,COL,0,COL,1,0,REAL_NHL_API_OR_DERIVED_FROM_REAL
20232024,2023020950,2024-02-29,SEA,PIT,0.458977,0.541023,PIT,1,SEA,0,0,REAL_NHL_API_OR_DERIVED_FROM_REAL
20232024,2023020951,2024-02-29,VAN,LAK,0.570181,0.429819,VAN,0,LAK,0,0,REAL_NHL_API_OR_DERIVED_FROM_REAL
20232024,2023020952,2024-02-29,SJS,ANA,0.411739,0.588261,ANA,0,ANA,1,0,REAL_NHL_API_OR_DERIVED_FROM_REAL
20232024,2023020953,2024-03-01,OTT,UTA,0.569795,0.430205,OTT,0,UTA,0,0,REAL_NHL_API_OR_DERIVED_FROM_REAL
20232024,2023020954,2024-03-01,WSH,PHI,0.55729,0.44271,WSH,1,WSH,1,0,REAL_NHL_API_OR_DERIVED_FROM_REAL
20232024,2023020955,2024-03-01,ANA,NJD,0.612161,0.387839,ANA,1,ANA,1,0,REAL_NHL_API_OR_DERIVED_FROM_REAL
20232024,2023020956,2024-03-02,CAR,WPG,0.49104,0.50896,WPG,0,WPG,1,0,REAL_NHL_API_OR_DERIVED_FROM_REAL
20232024,2023020957,2024-03-02,NYI,BOS,0.528669,0.471331,NYI,1,NYI,1,0,REAL_NHL_API_OR_DERIVED_FROM_REAL
20232024,2023020958,2024-03-02,SEA,EDM,0.510746,0.489254,SEA,0,EDM,0,0,REAL_NHL_API_OR_DERIVED_FROM_REAL
20232024,2023020959,2024-03-02,NSH,COL,0.642312,0.357688,NSH,1,NSH,1,0,REAL_NHL_API_OR_DERIVED_FROM_REAL
20232024,2023020960,2024-03-02,BUF,VGK,0.505894,0.494106,BUF,1,BUF,1,0,REAL_NHL_API_OR_DERIVED_FROM_REAL
20232024,2023020961,2024-03-02,DET,FLA,0.51302,0.48698,DET,0,FLA,0,0,REAL_NHL_API_OR_DERIVED_FROM_REAL
20232024,2023020962,2024-03-02,PHI,OTT,0.548979,0.451021,PHI,1,PHI,1,0,REAL_NHL_API_OR_DERIVED_FROM_REAL
20232024,2023020963,2024-03-02,TBL,MTL,0.601123,0.398877,TBL,1,TBL,1,0,REAL_NHL_API_OR_DERIVED_FROM_REAL
20232024,2023020964,2024-03-02,TOR,NYR,0.536268,0.463732,TOR,1,TOR,1,0,REAL_NHL_API_OR_DERIVED_FROM_REAL
20232024,2023020965,2024-03-02,CHI,CBJ,0.448304,0.551696,CBJ,0,CBJ,1,0,REAL_NHL_API_OR_DERIVED_FROM_REAL
20232024,2023020966,2024-03-02,DAL,SJS,0.66926,0.33074,DAL,1,DAL,1,0,REAL_NHL_API_OR_DERIVED_FROM_REAL
20232024,2023020967,2024-03-02,STL,MIN,0.537177,0.462823,STL,1,STL,1,0,REAL_NHL_API_OR_DERIVED_FROM_REAL
20232024,2023020968,2024-03-02,CGY,PIT,0.605203,0.394797,CGY,1,CGY,1,0,REAL_NHL_API_OR_DERIVED_FROM_REAL
20232024,2023020969,2024-03-03,WSH,UTA,0.630274,0.369726,WSH,0,UTA,0,0,REAL_NHL_API_OR_DERIVED_FROM_REAL
20232024,2023020970,2024-03-03,LAK,NJD,0.678966,0.321034,LAK,1,LAK,1,0,REAL_NHL_API_OR_DERIVED_FROM_REAL
20232024,2023020971,2024-03-03,BUF,WPG,0.495098,0.504902,WPG,0,WPG,1,0,REAL_NHL_API_OR_DERIVED_FROM_REAL
20232024,2023020972,2024-03-03,MIN,SJS,0.639327,0.360673,MIN,1,MIN,1,0,REAL_NHL_API_OR_DERIVED_FROM_REAL
20232024,2023020973,2024-03-03,ANA,VAN,0.481001,0.518999,VAN,0,VAN,1,0,REAL_NHL_API_OR_DERIVED_FROM_REAL
20232024,2023020974,2024-03-03,EDM,PIT,0.648732,0.351268,EDM,1,EDM,1,0,REAL_NHL_API_OR_DERIVED_FROM_REAL
20232024,2023020975,2024-03-04,CBJ,VGK,0.432138,0.567862,VGK,1,CBJ,0,0,REAL_NHL_API_OR_DERIVED_FROM_REAL
20232024,2023020976,2024-03-04,NYR,FLA,0.513829,0.486171,NYR,0,FLA,0,0,REAL_NHL_API_OR_DERIVED_FROM_REAL
20232024,2023020977,2024-03-04,PHI,STL,0.559426,0.440574,PHI,0,STL,0,0,REAL_NHL_API_OR_DERIVED_FROM_REAL
20232024,2023020978,2024-03-04,TOR,BOS,0.639306,0.360694,TOR,0,BOS,0,0,REAL_NHL_API_OR_DERIVED_FROM_REAL
20232024,2023020979,2024-03-04,COL,CHI,0.706724,0.293276,COL,1,COL,1,0,REAL_NHL_API_OR_DERIVED_FROM_REAL
20232024,2023020980,2024-03-04,CGY,SEA,0.616593,0.383407,CGY,0,SEA,0,0,REAL_NHL_API_OR_DERIVED_FROM_REAL
20232024,2023020981,2024-03-05,BOS,EDM,0.429381,0.570619,EDM,0,EDM,1,0,REAL_NHL_API_OR_DERIVED_FROM_REAL
20232024,2023020982,2024-03-05,NJD,FLA,0.388144,0.611856,FLA,0,FLA,1,0,REAL_NHL_API_OR_DERIVED_FROM_REAL
20232024,2023020983,2024-03-05,PIT,CBJ,0.604374,0.395626,PIT,1,PIT,1,0,REAL_NHL_API_OR_DERIVED_FROM_REAL
20232024,2023020984,2024-03-05,NYI,STL,0.515015,0.484985,NYI,1,NYI,1,0,REAL_NHL_API_OR_DERIVED_FROM_REAL
20232024,2023020985,2024-03-05,NSH,MTL,0.682033,0.317967,NSH,0,MTL,0,0,REAL_NHL_API_OR_DERIVED_FROM_REAL
20232024,2023020986,2024-03-05,WPG,SEA,0.661669,0.338331,WPG,0,SEA,0,0,REAL_NHL_API_OR_DERIVED_FROM_REAL
20232024,2023020987,2024-03-05,UTA,CHI,0.597685,0.402315,UTA,0,CHI,0,0,REAL_NHL_API_OR_DERIVED_FROM_REAL
20232024,2023020988,2024-03-05,LAK,VAN,0.541272,0.458728,LAK,0,VAN,0,0,REAL_NHL_API_OR_DERIVED_FROM_REAL
20232024,2023020989,2024-03-05,SJS,DAL,0.436672,0.563328,DAL,0,DAL,1,0,REAL_NHL_API_OR_DERIVED_FROM_REAL
20232024,2023020990,2024-03-06,TOR,BUF,0.561386,0.438614,TOR,1,TOR,1,0,REAL_NHL_API_OR_DERIVED_FROM_REAL
20232024,2023020991,2024-03-06,COL,DET,0.688112,0.311888,COL,1,COL,1,0,REAL_NHL_API_OR_DERIVED_FROM_REAL
20232024,2023020992,2024-03-06,ANA,OTT,0.581657,0.418343,ANA,1,ANA,1,0,REAL_NHL_API_OR_DERIVED_FROM_REAL
20232024,2023020993,2024-03-07,BOS,TOR,0.488551,0.511449,TOR,1,BOS,0,0,REAL_NHL_API_OR_DERIVED_FROM_REAL
20232024,2023020994,2024-03-07,CAR,MTL,0.590914,0.409086,CAR,1,CAR,1,0,REAL_NHL_API_OR_DERIVED_FROM_REAL
20232024,2023020995,2024-03-07,CBJ,EDM,0.506802,0.493198,CBJ,1,CBJ,1,0,REAL_NHL_API_OR_DERIVED_FROM_REAL
20232024,2023020996,2024-03-07,FLA,PHI,0.640391,0.359609,FLA,0,PHI,0,0,REAL_NHL_API_OR_DERIVED_FROM_REAL
20232024,2023020997,2024-03-07,NJD,STL,0.511281,0.488719,NJD,1,NJD,1,0,REAL_NHL_API_OR_DERIVED_FROM_REAL
20232024,2023020998,2024-03-07,PIT,WSH,0.385435,0.614565,WSH,0,WSH,1,0,REAL_NHL_API_OR_DERIVED_FROM_REAL
20232024,2023020999,2024-03-07,TBL,CGY,0.530777,0.469223,TBL,0,CGY,0,0,REAL_NHL_API_OR_DERIVED_FROM_REAL
20232024,2023021000,2024-03-07,NSH,BUF,0.635771,0.364229,NSH,1,NSH,1,0,REAL_NHL_API_OR_DERIVED_FROM_REAL
20232024,2023021001,2024-03-07,UTA,MIN,0.586643,0.413357,UTA,0,MIN,0,0,REAL_NHL_API_OR_DERIVED_FROM_REAL
20232024,2023021002,2024-03-07,VGK,VAN,0.472635,0.527365,VAN,0,VAN,1,0,REAL_NHL_API_OR_DERIVED_FROM_REAL
20232024,2023021003,2024-03-07,LAK,OTT,0.641665,0.358335,LAK,1,LAK,1,0,REAL_NHL_API_OR_DERIVED_FROM_REAL
20232024,2023021004,2024-03-07,SJS,NYI,0.376097,0.623903,NYI,0,NYI,1,0,REAL_NHL_API_OR_DERIVED_FROM_REAL
20232024,2023021005,2024-03-08,UTA,DET,0.498434,0.501566,DET,1,UTA,0,0,REAL_NHL_API_OR_DERIVED_FROM_REAL
20232024,2023021006,2024-03-08,COL,MIN,0.672983,0.327017,COL,1,COL,1,0,REAL_NHL_API_OR_DERIVED_FROM_REAL
20232024,2023021007,2024-03-08,ANA,DAL,0.500436,0.499564,ANA,0,DAL,0,0,REAL_NHL_API_OR_DERIVED_FROM_REAL
20232024,2023021008,2024-03-08,SEA,WPG,0.502767,0.497233,SEA,0,WPG,0,0,REAL_NHL_API_OR_DERIVED_FROM_REAL
20232024,2023021009,2024-03-09,BUF,EDM,0.39174,0.60826,EDM,1,BUF,0,0,REAL_NHL_API_OR_DERIVED_FROM_REAL
20232024,2023021010,2024-03-09,CBJ,NSH,0.649515,0.350485,CBJ,0,NSH,0,0,REAL_NHL_API_OR_DERIVED_FROM_REAL
20232024,2023021011,2024-03-09,NJD,CAR,0.454299,0.545701,CAR,0,CAR,1,0,REAL_NHL_API_OR_DERIVED_FROM_REAL
20232024,2023021012,2024-03-09,BOS,PIT,0.605931,0.394069,BOS,1,BOS,1,0,REAL_NHL_API_OR_DERIVED_FROM_REAL
20232024,2023021013,2024-03-09,FLA,CGY,0.563204,0.436796,FLA,1,FLA,1,0,REAL_NHL_API_OR_DERIVED_FROM_REAL
20232024,2023021014,2024-03-09,MTL,TOR,0.449342,0.550658,TOR,0,TOR,1,0,REAL_NHL_API_OR_DERIVED_FROM_REAL
20232024,2023021015,2024-03-09,SJS,OTT,0.44457,0.55543,OTT,1,SJS,0,0,REAL_NHL_API_OR_DERIVED_FROM_REAL
20232024,2023021016,2024-03-09,TBL,PHI,0.719305,0.280695,TBL,1,TBL,1,0,REAL_NHL_API_OR_DERIVED_FROM_REAL
20232024,2023021017,2024-03-09,WSH,CHI,0.676167,0.323833,WSH,1,WSH,1,0,REAL_NHL_API_OR_DERIVED_FROM_REAL
20232024,2023021018,2024-03-09,NYR,STL,0.638052,0.361948,NYR,1,NYR,1,0,REAL_NHL_API_OR_DERIVED_FROM_REAL
20232024,2023021019,2024-03-09,VAN,WPG,0.322148,0.677852,WPG,1,VAN,0,0,REAL_NHL_API_OR_DERIVED_FROM_REAL
20232024,2023021020,2024-03-09,VGK,DET,0.466805,0.533195,DET,1,VGK,0,0,REAL_NHL_API_OR_DERIVED_FROM_REAL
20232024,2023021021,2024-03-09,LAK,DAL,0.610399,0.389601,LAK,0,DAL,0,0,REAL_NHL_API_OR_DERIVED_FROM_REAL
20232024,2023021022,2024-03-10,PIT,EDM,0.649316,0.350684,PIT,0,EDM,0,0,REAL_NHL_API_OR_DERIVED_FROM_REAL
20232024,2023021023,2024-03-10,MIN,NSH,0.429385,0.570615,NSH,1,MIN,0,0,REAL_NHL_API_OR_DERIVED_FROM_REAL
20232024,2023021024,2024-03-10,CAR,CGY,0.545281,0.454719,CAR,1,CAR,1,0,REAL_NHL_API_OR_DERIVED_FROM_REAL
20232024,2023021025,2024-03-10,CHI,UTA,0.446325,0.553675,UTA,1,CHI,0,0,REAL_NHL_API_OR_DERIVED_FROM_REAL
20232024,2023021026,2024-03-10,ANA,NYI,0.402581,0.597419,NYI,0,NYI,1,0,REAL_NHL_API_OR_DERIVED_FROM_REAL
20232024,2023021027,2024-03-11,BOS,STL,0.638541,0.361459,BOS,0,STL,0,0,REAL_NHL_API_OR_DERIVED_FROM_REAL
20232024,2023021028,2024-03-11,NYR,NJD,0.63048,0.36952,NYR,1,NYR,1,0,REAL_NHL_API_OR_DERIVED_FROM_REAL
20232024,2023021029,2024-03-11,WPG,WSH,0.594452,0.405548,WPG,1,WPG,1,0,REAL_NHL_API_OR_DERIVED_FROM_REAL
20232024,2023021030,2024-03-11,LAK,NYI,0.533932,0.466068,LAK,1,LAK,1,0,REAL_NHL_API_OR_DERIVED_FROM_REAL
20232024,2023021031,2024-03-12,BUF,DET,0.688318,0.311682,BUF,1,BUF,1,0,REAL_NHL_API_OR_DERIVED_FROM_REAL
20232024,2023021032,2024-03-12,CAR,NYR,0.504155,0.495845,CAR,0,NYR,0,0,REAL_NHL_API_OR_DERIVED_FROM_REAL
20232024,2023021033,2024-03-12,MTL,CBJ,0.661792,0.338208,MTL,1,MTL,1,0,REAL_NHL_API_OR_DERIVED_FROM_REAL
20232024,2023021034,2024-03-12,OTT,PIT,0.537285,0.462715,OTT,1,OTT,1,0,REAL_NHL_API_OR_DERIVED_FROM_REAL
20232024,2023021035,2024-03-12,PHI,SJS,0.632529,0.367471,PHI,1,PHI,1,0,REAL_NHL_API_OR_DERIVED_FROM_REAL
20232024,2023021036,2024-03-12,DAL,FLA,0.468615,0.531385,FLA,0,FLA,1,0,REAL_NHL_API_OR_DERIVED_FROM_REAL
20232024,2023021037,2024-03-12,MIN,UTA,0.612258,0.387742,MIN,1,MIN,1,0,REAL_NHL_API_OR_DERIVED_FROM_REAL
20232024,2023021038,2024-03-12,CHI,ANA,0.642566,0.357434,CHI,1,CHI,1,0,REAL_NHL_API_OR_DERIVED_FROM_REAL
20232024,2023021039,2024-03-12,CGY,COL,0.297254,0.702746,COL,0,COL,1,0,REAL_NHL_API_OR_DERIVED_FROM_REAL
20232024,2023021040,2024-03-12,SEA,VGK,0.49238,0.50762,VGK,0,VGK,1,0,REAL_NHL_API_OR_DERIVED_FROM_REAL
20232024,2023021041,2024-03-13,STL,LAK,0.442057,0.557943,LAK,1,STL,0,0,REAL_NHL_API_OR_DERIVED_FROM_REAL
20232024,2023021042,2024-03-13,WPG,NSH,0.585249,0.414751,WPG,0,NSH,0,0,REAL_NHL_API_OR_DERIVED_FROM_REAL
20232024,2023021043,2024-03-13,EDM,WSH,0.551529,0.448471,EDM,1,EDM,1,0,REAL_NHL_API_OR_DERIVED_FROM_REAL
20232024,2023021044,2024-03-13,VAN,COL,0.554138,0.445862,VAN,0,COL,0,0,REAL_NHL_API_OR_DERIVED_FROM_REAL
20232024,2023021045,2024-03-14,BUF,NYI,0.499709,0.500291,NYI,1,BUF,0,0,REAL_NHL_API_OR_DERIVED_FROM_REAL
20232024,2023021046,2024-03-14,CAR,FLA,0.486359,0.513641,FLA,1,CAR,0,0,REAL_NHL_API_OR_DERIVED_FROM_REAL
20232024,2023021047,2024-03-14,CBJ,OTT,0.435662,0.564338,OTT,0,OTT,1,0,REAL_NHL_API_OR_DERIVED_FROM_REAL
20232024,2023021048,2024-03-14,DET,UTA,0.53594,0.46406,DET,0,UTA,0,0,REAL_NHL_API_OR_DERIVED_FROM_REAL
20232024,2023021049,2024-03-14,MTL,BOS,0.403836,0.596164,BOS,0,BOS,1,0,REAL_NHL_API_OR_DERIVED_FROM_REAL
20232024,2023021050,2024-03-14,PHI,TOR,0.249957,0.750043,TOR,0,TOR,1,0,REAL_NHL_API_OR_DERIVED_FROM_REAL
20232024,2023021051,2024-03-14,PIT,SJS,0.585971,0.414029,PIT,1,PIT,1,0,REAL_NHL_API_OR_DERIVED_FROM_REAL
20232024,2023021052,2024-03-14,TBL,NYR,0.420116,0.579884,NYR,1,TBL,0,0,REAL_NHL_API_OR_DERIVED_FROM_REAL
20232024,2023021053,2024-03-14,DAL,NJD,0.419073,0.580927,NJD,0,NJD,1,0,REAL_NHL_API_OR_DERIVED_FROM_REAL
20232024,2023021054,2024-03-14,MIN,ANA,0.728726,0.271274,MIN,1,MIN,1,0,REAL_NHL_API_OR_DERIVED_FROM_REAL
20232024,2023021055,2024-03-14,CGY,VGK,0.529393,0.470607,CGY,1,CGY,1,0,REAL_NHL_API_OR_DERIVED_FROM_REAL
20232024,2023021056,2024-03-14,SEA,WSH,0.524538,0.475462,SEA,0,WSH,0,0,REAL_NHL_API_OR_DERIVED_FROM_REAL
20232024,2023021057,2024-03-15,WPG,ANA,0.704741,0.295259,WPG,1,WPG,1,0,REAL_NHL_API_OR_DERIVED_FROM_REAL
20232024,2023021058,2024-03-15,CHI,LAK,0.410172,0.589828,LAK,0,LAK,1,0,REAL_NHL_API_OR_DERIVED_FROM_REAL
20232024,2023021059,2024-03-16,DET,BUF,0.472244,0.527756,BUF,1,DET,0,0,REAL_NHL_API_OR_DERIVED_FROM_REAL
20232024,2023021060,2024-03-16,NYI,OTT,0.645075,0.354925,NYI,0,OTT,0,0,REAL_NHL_API_OR_DERIVED_FROM_REAL
20232024,2023021061,2024-03-16,PIT,NYR,0.254791,0.745209,NYR,0,NYR,1,0,REAL_NHL_API_OR_DERIVED_FROM_REAL
20232024,2023021062,2024-03-16,UTA,NJD,0.648629,0.351371,UTA,1,UTA,1,0,REAL_NHL_API_OR_DERIVED_FROM_REAL
20232024,2023021063,2024-03-16,FLA,TBL,0.623227,0.376773,FLA,0,TBL,0,0,REAL_NHL_API_OR_DERIVED_FROM_REAL
20232024,2023021064,2024-03-16,BOS,PHI,0.669203,0.330797,BOS,1,BOS,1,0,REAL_NHL_API_OR_DERIVED_FROM_REAL
20232024,2023021065,2024-03-16,CBJ,SJS,0.627871,0.372129,CBJ,1,CBJ,1,0,REAL_NHL_API_OR_DERIVED_FROM_REAL
20232024,2023021066,2024-03-16,CGY,MTL,0.549311,0.450689,CGY,1,CGY,1,0,REAL_NHL_API_OR_DERIVED_FROM_REAL
20232024,2023021067,2024-03-16,TOR,CAR,0.572981,0.427019,TOR,0,CAR,0,0,REAL_NHL_API_OR_DERIVED_FROM_REAL
20232024,2023021068,2024-03-16,DAL,LAK,0.54202,0.45798,DAL,1,DAL,1,0,REAL_NHL_API_OR_DERIVED_FROM_REAL
20232024,2023021069,2024-03-16,STL,MIN,0.491481,0.508519,MIN,1,STL,0,0,REAL_NHL_API_OR_DERIVED_FROM_REAL
20232024,2023021070,2024-03-16,EDM,COL,0.483189,0.516811,COL,0,COL,1,0,REAL_NHL_API_OR_DERIVED_FROM_REAL
20232024,2023021071,2024-03-16,SEA,NSH,0.494187,0.505813,NSH,0,NSH,1,0,REAL_NHL_API_OR_DERIVED_FROM_REAL
20232024,2023021072,2024-03-16,VAN,WSH,0.504214,0.495786,VAN,0,WSH,0,0,REAL_NHL_API_OR_DERIVED_FROM_REAL
20232024,2023021073,2024-03-17,NYR,NYI,0.557531,0.442469,NYR,1,NYR,1,0,REAL_NHL_API_OR_DERIVED_FROM_REAL
20232024,2023021074,2024-03-17,VGK,NJD,0.526033,0.473967,VGK,1,VGK,1,0,REAL_NHL_API_OR_DERIVED_FROM_REAL
20232024,2023021075,2024-03-17,CBJ,WPG,0.428809,0.571191,WPG,0,WPG,1,0,REAL_NHL_API_OR_DERIVED_FROM_REAL
20232024,2023021076,2024-03-17,CHI,SJS,0.573384,0.426616,CHI,1,CHI,1,0,REAL_NHL_API_OR_DERIVED_FROM_REAL
20232024,2023021077,2024-03-17,OTT,CAR,0.456162,0.543838,CAR,0,CAR,1,0,REAL_NHL_API_OR_DERIVED_FROM_REAL
20232024,2023021078,2024-03-17,PIT,DET,0.51647,0.48353,PIT,1,PIT,1,0,REAL_NHL_API_OR_DERIVED_FROM_REAL
20232024,2023021079,2024-03-17,STL,ANA,0.647525,0.352475,STL,1,STL,1,0,REAL_NHL_API_OR_DERIVED_FROM_REAL
20232024,2023021080,2024-03-18,CGY,WSH,0.531524,0.468476,CGY,0,WSH,0,0,REAL_NHL_API_OR_DERIVED_FROM_REAL
20232024,2023021081,2024-03-18,SEA,BUF,0.430656,0.569344,BUF,0,BUF,1,0,REAL_NHL_API_OR_DERIVED_FROM_REAL
20232024,2023021082,2024-03-19,BOS,OTT,0.644684,0.355316,BOS,1,BOS,1,0,REAL_NHL_API_OR_DERIVED_FROM_REAL
20232024,2023021083,2024-03-19,DET,CBJ,0.624847,0.375153,DET,1,DET,1,0,REAL_NHL_API_OR_DERIVED_FROM_REAL
20232024,2023021084,2024-03-19,NJD,PIT,0.522955,0.477045,NJD,1,NJD,1,0,REAL_NHL_API_OR_DERIVED_FROM_REAL
20232024,2023021085,2024-03-19,NYR,WPG,0.51614,0.48386,NYR,0,WPG,0,0,REAL_NHL_API_OR_DERIVED_FROM_REAL
20232024,2023021086,2024-03-19,PHI,TOR,0.491322,0.508678,TOR,1,PHI,0,0,REAL_NHL_API_OR_DERIVED_FROM_REAL
20232024,2023021087,2024-03-19,NYI,CAR,0.456904,0.543096,CAR,0,CAR,1,0,REAL_NHL_API_OR_DERIVED_FROM_REAL
20232024,2023021088,2024-03-19,NSH,SJS,0.723989,0.276011,NSH,1,NSH,1,0,REAL_NHL_API_OR_DERIVED_FROM_REAL
20232024,2023021089,2024-03-19,STL,COL,0.448789,0.551211,COL,0,COL,1,0,REAL_NHL_API_OR_DERIVED_FROM_REAL
20232024,2023021090,2024-03-19,EDM,MTL,0.688824,0.311176,EDM,1,EDM,1,0,REAL_NHL_API_OR_DERIVED_FROM_REAL
20232024,2023021091,2024-03-19,ANA,MIN,0.3849,0.6151,MIN,0,MIN,1,0,REAL_NHL_API_OR_DERIVED_FROM_REAL
20232024,2023021092,2024-03-19,LAK,CHI,0.580131,0.419869,LAK,1,LAK,1,0,REAL_NHL_API_OR_DERIVED_FROM_REAL
20232024,2023021093,2024-03-19,VAN,BUF,0.543733,0.456267,VAN,1,VAN,1,0,REAL_NHL_API_OR_DERIVED_FROM_REAL
20232024,2023021094,2024-03-19,VGK,TBL,0.459178,0.540822,TBL,0,TBL,1,0,REAL_NHL_API_OR_DERIVED_FROM_REAL
20232024,2023021095,2024-03-20,WSH,TOR,0.465503,0.534497,TOR,0,TOR,1,0,REAL_NHL_API_OR_DERIVED_FROM_REAL
20232024,2023021096,2024-03-20,DAL,UTA,0.626051,0.373949,DAL,1,DAL,1,0,REAL_NHL_API_OR_DERIVED_FROM_REAL
20232024,2023021097,2024-03-20,LAK,MIN,0.726604,0.273396,LAK,1,LAK,1,0,REAL_NHL_API_OR_DERIVED_FROM_REAL
20232024,2023021098,2024-03-21,BOS,NYR,0.502706,0.497294,BOS,0,NYR,0,0,REAL_NHL_API_OR_DERIVED_FROM_REAL
20232024,2023021099,2024-03-21,CAR,PHI,0.673072,0.326928,CAR,1,CAR,1,0,REAL_NHL_API_OR_DERIVED_FROM_REAL
20232024,2023021100,2024-03-21,DET,NYI,0.483992,0.516008,NYI,1,DET,0,0,REAL_NHL_API_OR_DERIVED_FROM_REAL
20232024,2023021101,2024-03-21,FLA,NSH,0.44584,0.55416,NSH,0,NSH,1,0,REAL_NHL_API_OR_DERIVED_FROM_REAL
20232024,2023021102,2024-03-21,NJD,WPG,0.442169,0.557831,WPG,1,NJD,0,0,REAL_NHL_API_OR_DERIVED_FROM_REAL
20232024,2023021103,2024-03-21,OTT,STL,0.417425,0.582575,STL,0,STL,1,0,REAL_NHL_API_OR_DERIVED_FROM_REAL
20232024,2023021104,2024-03-21,EDM,BUF,0.571862,0.428138,EDM,1,EDM,1,0,REAL_NHL_API_OR_DERIVED_FROM_REAL
20232024,2023021105,2024-03-21,ANA,CHI,0.503669,0.496331,ANA,1,ANA,1,0,REAL_NHL_API_OR_DERIVED_FROM_REAL
20232024,2023021106,2024-03-21,VAN,MTL,0.685073,0.314927,VAN,1,VAN,1,0,REAL_NHL_API_OR_DERIVED_FROM_REAL
20232024,2023021107,2024-03-21,VGK,SEA,0.640685,0.359315,VGK,1,VGK,1,0,REAL_NHL_API_OR_DERIVED_FROM_REAL
20232024,2023021108,2024-03-21,SJS,TBL,0.34271,0.65729,TBL,0,TBL,1,0,REAL_NHL_API_OR_DERIVED_FROM_REAL
20232024,2023021109,2024-03-22,WSH,CAR,0.255082,0.744918,CAR,1,WSH,0,0,REAL_NHL_API_OR_DERIVED_FROM_REAL
20232024,2023021110,2024-03-22,DAL,PIT,0.683305,0.316695,DAL,1,DAL,1,0,REAL_NHL_API_OR_DERIVED_FROM_REAL
20232024,2023021111,2024-03-22,COL,CBJ,0.691339,0.308661,COL,1,COL,1,0,REAL_NHL_API_OR_DERIVED_FROM_REAL
20232024,2023021112,2024-03-22,UTA,SEA,0.632821,0.367179,UTA,1,UTA,1,0,REAL_NHL_API_OR_DERIVED_FROM_REAL
20232024,2023021113,2024-03-23,NYI,WPG,0.664527,0.335473,NYI,1,NYI,1,0,REAL_NHL_API_OR_DERIVED_FROM_REAL
20232024,2023021114,2024-03-23,PHI,BOS,0.481683,0.518317,BOS,1,PHI,0,0,REAL_NHL_API_OR_DERIVED_FROM_REAL
20232024,2023021115,2024-03-23,MIN,STL,0.432605,0.567395,STL,0,STL,1,0,REAL_NHL_API_OR_DERIVED_FROM_REAL
20232024,2023021116,2024-03-23,NSH,DET,0.659217,0.340783,NSH,1,NSH,1,0,REAL_NHL_API_OR_DERIVED_FROM_REAL
20232024,2023021117,2024-03-23,NJD,OTT,0.633814,0.366186,NJD,0,OTT,0,0,REAL_NHL_API_OR_DERIVED_FROM_REAL
20232024,2023021118,2024-03-23,TOR,EDM,0.464888,0.535112,EDM,1,TOR,0,0,REAL_NHL_API_OR_DERIVED_FROM_REAL
20232024,2023021119,2024-03-23,NYR,FLA,0.602352,0.397648,NYR,1,NYR,1,0,REAL_NHL_API_OR_DERIVED_FROM_REAL
20232024,2023021120,2024-03-23,VAN,CGY,0.486525,0.513475,CGY,1,VAN,0,0,REAL_NHL_API_OR_DERIVED_FROM_REAL
20232024,2023021121,2024-03-23,LAK,TBL,0.454554,0.545446,TBL,1,LAK,0,0,REAL_NHL_API_OR_DERIVED_FROM_REAL
20232024,2023021122,2024-03-23,SJS,CHI,0.480963,0.519037,CHI,0,CHI,1,0,REAL_NHL_API_OR_DERIVED_FROM_REAL
20232024,2023021123,2024-03-23,VGK,CBJ,0.429125,0.570875,CBJ,1,VGK,0,0,REAL_NHL_API_OR_DERIVED_FROM_REAL
20232024,2023021124,2024-03-24,WSH,WPG,0.437559,0.562441,WPG,1,WSH,0,0,REAL_NHL_API_OR_DERIVED_FROM_REAL
20232024,2023021125,2024-03-24,COL,PIT,0.744782,0.255218,COL,1,COL,1,0,REAL_NHL_API_OR_DERIVED_FROM_REAL
20232024,2023021126,2024-03-24,NYI,NJD,0.542778,0.457222,NYI,0,NJD,0,0,REAL_NHL_API_OR_DERIVED_FROM_REAL
20232024,2023021127,2024-03-24,CAR,TOR,0.525021,0.474979,CAR,1,CAR,1,0,REAL_NHL_API_OR_DERIVED_FROM_REAL
20232024,2023021128,2024-03-24,OTT,EDM,0.394989,0.605011,EDM,1,OTT,0,0,REAL_NHL_API_OR_DERIVED_FROM_REAL
20232024,2023021129,2024-03-24,PHI,FLA,0.548951,0.451049,PHI,0,FLA,0,0,REAL_NHL_API_OR_DERIVED_FROM_REAL
20232024,2023021130,2024-03-24,UTA,DAL,0.454111,0.545889,DAL,0,DAL,1,0,REAL_NHL_API_OR_DERIVED_FROM_REAL
20232024,2023021131,2024-03-24,ANA,TBL,0.392236,0.607764,TBL,0,TBL,1,0,REAL_NHL_API_OR_DERIVED_FROM_REAL
20232024,2023021132,2024-03-24,CGY,BUF,0.603564,0.396436,CGY,0,BUF,0,0,REAL_NHL_API_OR_DERIVED_FROM_REAL
20232024,2023021133,2024-03-24,SEA,MTL,0.387136,0.612864,MTL,0,MTL,1,0,REAL_NHL_API_OR_DERIVED_FROM_REAL
20232024,2023021134,2024-03-25,STL,VGK,0.569284,0.430716,STL,0,VGK,0,0,REAL_NHL_API_OR_DERIVED_FROM_REAL
20232024,2023021135,2024-03-25,VAN,LAK,0.558655,0.441345,VAN,0,LAK,0,0,REAL_NHL_API_OR_DERIVED_FROM_REAL
20232024,2023021136,2024-03-26,FLA,BOS,0.469938,0.530062,BOS,0,BOS,1,0,REAL_NHL_API_OR_DERIVED_FROM_REAL
20232024,2023021137,2024-03-26,NYR,PHI,0.698646,0.301354,NYR,1,NYR,1,0,REAL_NHL_API_OR_DERIVED_FROM_REAL
20232024,2023021138,2024-03-26,PIT,CAR,0.425909,0.574091,CAR,1,PIT,0,0,REAL_NHL_API_OR_DERIVED_FROM_REAL
20232024,2023021139,2024-03-26,TOR,NJD,0.498562,0.501438,NJD,0,NJD,1,0,REAL_NHL_API_OR_DERIVED_FROM_REAL
20232024,2023021140,2024-03-26,WSH,DET,0.607989,0.392011,WSH,1,WSH,1,0,REAL_NHL_API_OR_DERIVED_FROM_REAL
20232024,2023021141,2024-03-26,NSH,VGK,0.647274,0.352726,NSH,1,NSH,1,0,REAL_NHL_API_OR_DERIVED_FROM_REAL
20232024,2023021142,2024-03-26,WPG,EDM,0.54534,0.45466,WPG,0,EDM,0,0,REAL_NHL_API_OR_DERIVED_FROM_REAL
20232024,2023021143,2024-03-26,CHI,CGY,0.46638,0.53362,CGY,1,CHI,0,0,REAL_NHL_API_OR_DERIVED_FROM_REAL
20232024,2023021144,2024-03-26,COL,MTL,0.735265,0.264735,COL,0,MTL,0,0,REAL_NHL_API_OR_DERIVED_FROM_REAL
20232024,2023021145,2024-03-26,UTA,CBJ,0.591592,0.408408,UTA,1,UTA,1,0,REAL_NHL_API_OR_DERIVED_FROM_REAL
20232024,2023021146,2024-03-26,SEA,ANA,0.647235,0.352765,SEA,1,SEA,1,0,REAL_NHL_API_OR_DERIVED_FROM_REAL
20232024,2023021147,2024-03-26,SJS,DAL,0.382905,0.617095,DAL,0,DAL,1,0,REAL_NHL_API_OR_DERIVED_FROM_REAL
20232024,2023021148,2024-03-27,BUF,OTT,0.387661,0.612339,OTT,0,OTT,1,0,REAL_NHL_API_OR_DERIVED_FROM_REAL
20232024,2023021149,2024-03-27,TBL,BOS,0.577631,0.422369,TBL,1,TBL,1,0,REAL_NHL_API_OR_DERIVED_FROM_REAL
20232024,2023021150,2024-03-28,CAR,DET,0.633411,0.366589,CAR,1,CAR,1,0,REAL_NHL_API_OR_DERIVED_FROM_REAL
20232024,2023021151,2024-03-28,FLA,NYI,0.614189,0.385811,FLA,0,NYI,0,0,REAL_NHL_API_OR_DERIVED_FROM_REAL
20232024,2023021152,2024-03-28,MTL,PHI,0.502051,0.497949,MTL,1,MTL,1,0,REAL_NHL_API_OR_DERIVED_FROM_REAL
20232024,2023021153,2024-03-28,OTT,CHI,0.52712,0.47288,OTT,1,OTT,1,0,REAL_NHL_API_OR_DERIVED_FROM_REAL
20232024,2023021154,2024-03-28,PIT,CBJ,0.619338,0.380662,PIT,1,PIT,1,0,REAL_NHL_API_OR_DERIVED_FROM_REAL
20232024,2023021155,2024-03-28,TOR,WSH,0.629093,0.370907,TOR,1,TOR,1,0,REAL_NHL_API_OR_DERIVED_FROM_REAL
20232024,2023021156,2024-03-28,MIN,SJS,0.672776,0.327224,MIN,1,MIN,1,0,REAL_NHL_API_OR_DERIVED_FROM_REAL
20232024,2023021157,2024-03-28,STL,CGY,0.593878,0.406122,STL,1,STL,1,0,REAL_NHL_API_OR_DERIVED_FROM_REAL
20232024,2023021158,2024-03-28,WPG,VGK,0.554863,0.445137,WPG,0,VGK,0,0,REAL_NHL_API_OR_DERIVED_FROM_REAL
20232024,2023021159,2024-03-28,COL,NYR,0.568145,0.431855,COL,0,NYR,0,0,REAL_NHL_API_OR_DERIVED_FROM_REAL
20232024,2023021160,2024-03-28,EDM,LAK,0.487325,0.512675,LAK,1,EDM,0,0,REAL_NHL_API_OR_DERIVED_FROM_REAL
20232024,2023021161,2024-03-28,UTA,NSH,0.590543,0.409457,UTA,1,UTA,1,0,REAL_NHL_API_OR_DERIVED_FROM_REAL
20232024,2023021162,2024-03-28,SEA,ANA,0.584282,0.415718,SEA,1,SEA,1,0,REAL_NHL_API_OR_DERIVED_FROM_REAL
20232024,2023021163,2024-03-28,VAN,DAL,0.522849,0.477151,VAN,0,DAL,0,0,REAL_NHL_API_OR_DERIVED_FROM_REAL
20232024,2023021164,2024-03-29,BUF,NJD,0.538454,0.461546,BUF,1,BUF,1,0,REAL_NHL_API_OR_DERIVED_FROM_REAL
20232024,2023021165,2024-03-30,FLA,DET,0.53678,0.46322,FLA,1,FLA,1,0,REAL_NHL_API_OR_DERIVED_FROM_REAL
20232024,2023021166,2024-03-30,MIN,VGK,0.401391,0.598609,VGK,0,VGK,1,0,REAL_NHL_API_OR_DERIVED_FROM_REAL
20232024,2023021167,2024-03-30,EDM,ANA,0.659392,0.340608,EDM,1,EDM,1,0,REAL_NHL_API_OR_DERIVED_FROM_REAL
20232024,2023021168,2024-03-30,UTA,NYR,0.441541,0.558459,NYR,0,NYR,1,0,REAL_NHL_API_OR_DERIVED_FROM_REAL
20232024,2023021169,2024-03-30,COL,NSH,0.375866,0.624134,NSH,1,COL,0,0,REAL_NHL_API_OR_DERIVED_FROM_REAL
20232024,2023021170,2024-03-30,BUF,TOR,0.407766,0.592234,TOR,0,TOR,1,0,REAL_NHL_API_OR_DERIVED_FROM_REAL
20232024,2023021171,2024-03-30,CBJ,PIT,0.525323,0.474677,CBJ,1,CBJ,1,0,REAL_NHL_API_OR_DERIVED_FROM_REAL
20232024,2023021172,2024-03-30,MTL,CAR,0.454873,0.545127,CAR,0,CAR,1,0,REAL_NHL_API_OR_DERIVED_FROM_REAL
20232024,2023021173,2024-03-30,PHI,CHI,0.52193,0.47807,PHI,0,CHI,0,0,REAL_NHL_API_OR_DERIVED_FROM_REAL
20232024,2023021174,2024-03-30,TBL,NYI,0.632258,0.367742,TBL,1,TBL,1,0,REAL_NHL_API_OR_DERIVED_FROM_REAL
20232024,2023021175,2024-03-30,WPG,OTT,0.544978,0.455022,WPG,0,OTT,0,0,REAL_NHL_API_OR_DERIVED_FROM_REAL
20232024,2023021176,2024-03-30,WSH,BOS,0.483545,0.516455,BOS,0,BOS,1,0,REAL_NHL_API_OR_DERIVED_FROM_REAL
20232024,2023021177,2024-03-30,STL,SJS,0.707066,0.292934,STL,0,SJS,0,0,REAL_NHL_API_OR_DERIVED_FROM_REAL
20232024,2023021178,2024-03-30,CGY,LAK,0.454475,0.545525,LAK,1,CGY,0,0,REAL_NHL_API_OR_DERIVED_FROM_REAL
20232024,2023021179,2024-03-30,SEA,DAL,0.350287,0.649713,DAL,0,DAL,1,0,REAL_NHL_API_OR_DERIVED_FROM_REAL
20232024,2023021180,2024-03-31,VAN,ANA,0.665648,0.334352,VAN,1,VAN,1,0,REAL_NHL_API_OR_DERIVED_FROM_REAL
20232024,2023021181,2024-04-01,CBJ,COL,0.375485,0.624515,COL,1,CBJ,0,0,REAL_NHL_API_OR_DERIVED_FROM_REAL
20232024,2023021182,2024-04-01,NYR,PIT,0.632166,0.367834,NYR,0,PIT,0,0,REAL_NHL_API_OR_DERIVED_FROM_REAL
20232024,2023021183,2024-04-01,PHI,NYI,0.460765,0.539235,NYI,0,NYI,1,0,REAL_NHL_API_OR_DERIVED_FROM_REAL
20232024,2023021184,2024-04-01,TBL,DET,0.594622,0.405378,TBL,0,DET,0,0,REAL_NHL_API_OR_DERIVED_FROM_REAL
20232024,2023021185,2024-04-01,TOR,FLA,0.680433,0.319567,TOR,1,TOR,1,0,REAL_NHL_API_OR_DERIVED_FROM_REAL
20232024,2023021186,2024-04-01,STL,EDM,0.510514,0.489486,STL,1,STL,1,0,REAL_NHL_API_OR_DERIVED_FROM_REAL
20232024,2023021187,2024-04-01,WPG,LAK,0.435385,0.564615,LAK,1,WPG,0,0,REAL_NHL_API_OR_DERIVED_FROM_REAL
20232024,2023021188,2024-04-01,SJS,SEA,0.432596,0.567404,SEA,0,SEA,1,0,REAL_NHL_API_OR_DERIVED_FROM_REAL
20232024,2023021189,2024-04-02,BUF,WSH,0.662592,0.337408,BUF,1,BUF,1,0,REAL_NHL_API_OR_DERIVED_FROM_REAL
20232024,2023021190,2024-04-02,MTL,FLA,0.452764,0.547236,FLA,1,MTL,0,0,REAL_NHL_API_OR_DERIVED_FROM_REAL
20232024,2023021191,2024-04-02,NJD,PIT,0.590782,0.409218,NJD,0,PIT,0,0,REAL_NHL_API_OR_DERIVED_FROM_REAL
20232024,2023021192,2024-04-02,NYI,CHI,0.574142,0.425858,NYI,1,NYI,1,0,REAL_NHL_API_OR_DERIVED_FROM_REAL
20232024,2023021193,2024-04-02,MIN,OTT,0.576866,0.423134,MIN,1,MIN,1,0,REAL_NHL_API_OR_DERIVED_FROM_REAL
20232024,2023021194,2024-04-02,NSH,BOS,0.491593,0.508407,BOS,0,BOS,1,0,REAL_NHL_API_OR_DERIVED_FROM_REAL
20232024,2023021195,2024-04-02,CGY,ANA,0.579971,0.420029,CGY,0,ANA,0,0,REAL_NHL_API_OR_DERIVED_FROM_REAL
20232024,2023021196,2024-04-02,VGK,VAN,0.512871,0.487129,VGK,1,VGK,1,0,REAL_NHL_API_OR_DERIVED_FROM_REAL
20232024,2023021197,2024-04-03,TOR,TBL,0.587712,0.412288,TOR,0,TBL,0,0,REAL_NHL_API_OR_DERIVED_FROM_REAL
20232024,2023021198,2024-04-03,NYR,NJD,0.629439,0.370561,NYR,1,NYR,1,0,REAL_NHL_API_OR_DERIVED_FROM_REAL
20232024,2023021199,2024-04-03,DAL,EDM,0.582617,0.417383,DAL,1,DAL,1,0,REAL_NHL_API_OR_DERIVED_FROM_REAL
20232024,2023021200,2024-04-03,UTA,VAN,0.506252,0.493748,UTA,0,VAN,0,0,REAL_NHL_API_OR_DERIVED_FROM_REAL
20232024,2023021201,2024-04-03,LAK,SEA,0.494506,0.505494,SEA,1,LAK,0,0,REAL_NHL_API_OR_DERIVED_FROM_REAL
20232024,2023021202,2024-04-04,CAR,BOS,0.629361,0.370639,CAR,0,BOS,0,0,REAL_NHL_API_OR_DERIVED_FROM_REAL
20232024,2023021203,2024-04-04,CBJ,NYI,0.267256,0.732744,NYI,0,NYI,1,0,REAL_NHL_API_OR_DERIVED_FROM_REAL
20232024,2023021204,2024-04-04,MTL,TBL,0.494821,0.505179,TBL,0,TBL,1,0,REAL_NHL_API_OR_DERIVED_FROM_REAL
20232024,2023021205,2024-04-04,OTT,FLA,0.332878,0.667122,FLA,0,FLA,1,0,REAL_NHL_API_OR_DERIVED_FROM_REAL
20232024,2023021206,2024-04-04,WSH,PIT,0.551773,0.448227,WSH,0,PIT,0,0,REAL_NHL_API_OR_DERIVED_FROM_REAL
20232024,2023021207,2024-04-04,MIN,COL,0.441137,0.558863,COL,0,COL,1,0,REAL_NHL_API_OR_DERIVED_FROM_REAL
20232024,2023021208,2024-04-04,NSH,STL,0.50328,0.49672,NSH,1,NSH,1,0,REAL_NHL_API_OR_DERIVED_FROM_REAL
20232024,2023021209,2024-04-04,WPG,CGY,0.560833,0.439167,WPG,1,WPG,1,0,REAL_NHL_API_OR_DERIVED_FROM_REAL
20232024,2023021210,2024-04-04,SJS,LAK,0.420099,0.579901,LAK,0,LAK,1,0,REAL_NHL_API_OR_DERIVED_FROM_REAL
20232024,2023021211,2024-04-05,BUF,PHI,0.6535,0.3465,BUF,1,BUF,1,0,REAL_NHL_API_OR_DERIVED_FROM_REAL
20232024,2023021212,2024-04-05,CAR,WSH,0.557902,0.442098,CAR,1,CAR,1,0,REAL_NHL_API_OR_DERIVED_FROM_REAL
20232024,2023021213,2024-04-05,DET,NYR,0.477836,0.522164,NYR,0,NYR,1,0,REAL_NHL_API_OR_DERIVED_FROM_REAL
20232024,2023021214,2024-04-05,EDM,COL,0.529618,0.470382,EDM,1,EDM,1,0,REAL_NHL_API_OR_DERIVED_FROM_REAL
20232024,2023021215,2024-04-05,ANA,SEA,0.418558,0.581442,SEA,0,SEA,1,0,REAL_NHL_API_OR_DERIVED_FROM_REAL
20232024,2023021216,2024-04-05,UTA,VGK,0.477125,0.522875,VGK,1,UTA,0,0,REAL_NHL_API_OR_DERIVED_FROM_REAL
20232024,2023021217,2024-04-06,PIT,TBL,0.542985,0.457015,PIT,1,PIT,1,0,REAL_NHL_API_OR_DERIVED_FROM_REAL
20232024,2023021218,2024-04-06,BOS,FLA,0.586109,0.413891,BOS,1,BOS,1,0,REAL_NHL_API_OR_DERIVED_FROM_REAL
20232024,2023021219,2024-04-06,MIN,WPG,0.464114,0.535886,WPG,0,WPG,1,0,REAL_NHL_API_OR_DERIVED_FROM_REAL
20232024,2023021220,2024-04-06,CHI,DAL,0.387468,0.612532,DAL,1,CHI,0,0,REAL_NHL_API_OR_DERIVED_FROM_REAL
20232024,2023021221,2024-04-06,SJS,STL,0.430844,0.569156,STL,1,SJS,0,0,REAL_NHL_API_OR_DERIVED_FROM_REAL
20232024,2023021222,2024-04-06,CBJ,PHI,0.521213,0.478787,CBJ,1,CBJ,1,0,REAL_NHL_API_OR_DERIVED_FROM_REAL
20232024,2023021223,2024-04-06,MTL,TOR,0.299009,0.700991,TOR,0,TOR,1,0,REAL_NHL_API_OR_DERIVED_FROM_REAL
20232024,2023021224,2024-04-06,OTT,NJD,0.344491,0.655509,NJD,0,NJD,1,0,REAL_NHL_API_OR_DERIVED_FROM_REAL
20232024,2023021225,2024-04-06,NYI,NSH,0.459449,0.540551,NSH,1,NYI,0,0,REAL_NHL_API_OR_DERIVED_FROM_REAL
20232024,2023021226,2024-04-06,CGY,EDM,0.445266,0.554734,EDM,0,EDM,1,0,REAL_NHL_API_OR_DERIVED_FROM_REAL
20232024,2023021227,2024-04-06,LAK,VAN,0.487834,0.512166,VAN,1,LAK,0,0,REAL_NHL_API_OR_DERIVED_FROM_REAL
20232024,2023021228,2024-04-07,DET,BUF,0.448756,0.551244,BUF,1,DET,0,0,REAL_NHL_API_OR_DERIVED_FROM_REAL
20232024,2023021229,2024-04-07,CHI,MIN,0.44288,0.55712,MIN,0,MIN,1,0,REAL_NHL_API_OR_DERIVED_FROM_REAL
20232024,2023021230,2024-04-07,CAR,CBJ,0.595252,0.404748,CAR,1,CAR,1,0,REAL_NHL_API_OR_DERIVED_FROM_REAL
20232024,2023021231,2024-04-07,SJS,UTA,0.447447,0.552553,UTA,0,UTA,1,0,REAL_NHL_API_OR_DERIVED_FROM_REAL
20232024,2023021232,2024-04-07,WSH,OTT,0.561528,0.438472,WSH,0,OTT,0,0,REAL_NHL_API_OR_DERIVED_FROM_REAL
20232024,2023021233,2024-04-07,NJD,NSH,0.286235,0.713765,NSH,0,NSH,1,0,REAL_NHL_API_OR_DERIVED_FROM_REAL
20232024,2023021234,2024-04-07,NYR,MTL,0.606526,0.393474,NYR,1,NYR,1,0,REAL_NHL_API_OR_DERIVED_FROM_REAL
20232024,2023021235,2024-04-07,ANA,STL,0.496127,0.503873,STL,0,STL,1,0,REAL_NHL_API_OR_DERIVED_FROM_REAL
20232024,2023021236,2024-04-07,COL,DAL,0.514085,0.485915,COL,0,DAL,0,0,REAL_NHL_API_OR_DERIVED_FROM_REAL
20232024,2023021237,2024-04-08,TOR,PIT,0.525586,0.474414,TOR,1,TOR,1,0,REAL_NHL_API_OR_DERIVED_FROM_REAL
20232024,2023021238,2024-04-08,VAN,VGK,0.508342,0.491658,VAN,1,VAN,1,0,REAL_NHL_API_OR_DERIVED_FROM_REAL
20232024,2023021239,2024-04-09,BOS,CAR,0.52678,0.47322,BOS,0,CAR,0,0,REAL_NHL_API_OR_DERIVED_FROM_REAL
20232024,2023021240,2024-04-09,DET,WSH,0.601548,0.398452,DET,0,WSH,0,0,REAL_NHL_API_OR_DERIVED_FROM_REAL
20232024,2023021241,2024-04-09,FLA,OTT,0.527218,0.472782,FLA,1,FLA,1,0,REAL_NHL_API_OR_DERIVED_FROM_REAL
20232024,2023021242,2024-04-09,MTL,PHI,0.724256,0.275744,MTL,1,MTL,1,0,REAL_NHL_API_OR_DERIVED_FROM_REAL
20232024,2023021243,2024-04-09,NJD,TOR,0.482043,0.517957,TOR,0,TOR,1,0,REAL_NHL_API_OR_DERIVED_FROM_REAL
20232024,2023021244,2024-04-09,NYI,NYR,0.481004,0.518996,NYR,1,NYI,0,0,REAL_NHL_API_OR_DERIVED_FROM_REAL
20232024,2023021245,2024-04-09,TBL,CBJ,0.636236,0.363764,TBL,1,TBL,1,0,REAL_NHL_API_OR_DERIVED_FROM_REAL
20232024,2023021246,2024-04-09,DAL,BUF,0.626765,0.373235,DAL,1,DAL,1,0,REAL_NHL_API_OR_DERIVED_FROM_REAL
20232024,2023021247,2024-04-09,NSH,WPG,0.507692,0.492308,NSH,0,WPG,0,0,REAL_NHL_API_OR_DERIVED_FROM_REAL
20232024,2023021248,2024-04-09,COL,MIN,0.619431,0.380569,COL,1,COL,1,0,REAL_NHL_API_OR_DERIVED_FROM_REAL
20232024,2023021249,2024-04-09,ANA,LAK,0.386975,0.613025,LAK,1,ANA,0,0,REAL_NHL_API_OR_DERIVED_FROM_REAL
20232024,2023021250,2024-04-09,SEA,UTA,0.377148,0.622852,UTA,1,SEA,0,0,REAL_NHL_API_OR_DERIVED_FROM_REAL
20232024,2023021251,2024-04-09,SJS,CGY,0.467641,0.532359,CGY,0,CGY,1,0,REAL_NHL_API_OR_DERIVED_FROM_REAL
20232024,2023021252,2024-04-10,STL,CHI,0.725035,0.274965,STL,1,STL,1,0,REAL_NHL_API_OR_DERIVED_FROM_REAL
20232024,2023021253,2024-04-10,EDM,VGK,0.560418,0.439582,EDM,1,EDM,1,0,REAL_NHL_API_OR_DERIVED_FROM_REAL
20232024,2023021254,2024-04-10,VAN,UTA,0.556183,0.443817,VAN,0,UTA,0,0,REAL_NHL_API_OR_DERIVED_FROM_REAL
20232024,2023021255,2024-04-11,BUF,WSH,0.556555,0.443445,BUF,1,BUF,1,0,REAL_NHL_API_OR_DERIVED_FROM_REAL
20232024,2023021256,2024-04-11,FLA,CBJ,0.622693,0.377307,FLA,1,FLA,1,0,REAL_NHL_API_OR_DERIVED_FROM_REAL
20232024,2023021257,2024-04-11,NYR,PHI,0.68281,0.31719,NYR,0,PHI,0,0,REAL_NHL_API_OR_DERIVED_FROM_REAL
20232024,2023021258,2024-04-11,PIT,DET,0.582077,0.417923,PIT,1,PIT,1,0,REAL_NHL_API_OR_DERIVED_FROM_REAL
20232024,2023021259,2024-04-11,TBL,OTT,0.631639,0.368361,TBL,0,OTT,0,0,REAL_NHL_API_OR_DERIVED_FROM_REAL
20232024,2023021260,2024-04-11,TOR,NJD,0.582195,0.417805,TOR,0,NJD,0,0,REAL_NHL_API_OR_DERIVED_FROM_REAL
20232024,2023021261,2024-04-11,NYI,MTL,0.595739,0.404261,NYI,1,NYI,1,0,REAL_NHL_API_OR_DERIVED_FROM_REAL
20232024,2023021262,2024-04-11,DAL,WPG,0.607458,0.392542,DAL,0,WPG,0,0,REAL_NHL_API_OR_DERIVED_FROM_REAL
20232024,2023021263,2024-04-11,SEA,SJS,0.638123,0.361877,SEA,0,SJS,0,0,REAL_NHL_API_OR_DERIVED_FROM_REAL
20232024,2023021264,2024-04-11,LAK,CGY,0.583766,0.416234,LAK,1,LAK,1,0,REAL_NHL_API_OR_DERIVED_FROM_REAL
20232024,2023021265,2024-04-12,STL,CAR,0.4437,0.5563,CAR,0,CAR,1,0,REAL_NHL_API_OR_DERIVED_FROM_REAL
20232024,2023021266,2024-04-12,CHI,NSH,0.449546,0.550454,NSH,0,NSH,1,0,REAL_NHL_API_OR_DERIVED_FROM_REAL
20232024,2023021267,2024-04-12,EDM,UTA,0.610655,0.389345,EDM,0,UTA,0,0,REAL_NHL_API_OR_DERIVED_FROM_REAL
20232024,2023021268,2024-04-12,ANA,CGY,0.59443,0.40557,ANA,0,CGY,0,0,REAL_NHL_API_OR_DERIVED_FROM_REAL
20232024,2023021269,2024-04-12,VGK,MIN,0.640565,0.359435,VGK,1,VGK,1,0,REAL_NHL_API_OR_DERIVED_FROM_REAL
20232024,2023021270,2024-04-13,NYR,NYI,0.571516,0.428484,NYR,1,NYR,1,0,REAL_NHL_API_OR_DERIVED_FROM_REAL
20232024,2023021271,2024-04-13,DAL,SEA,0.620085,0.379915,DAL,1,DAL,1,0,REAL_NHL_API_OR_DERIVED_FROM_REAL
20232024,2023021272,2024-04-13,COL,WPG,0.362278,0.637722,WPG,0,WPG,1,0,REAL_NHL_API_OR_DERIVED_FROM_REAL
20232024,2023021273,2024-04-13,FLA,BUF,0.562749,0.437251,FLA,1,FLA,1,0,REAL_NHL_API_OR_DERIVED_FROM_REAL
20232024,2023021274,2024-04-13,PHI,NJD,0.386239,0.613761,NJD,1,PHI,0,0,REAL_NHL_API_OR_DERIVED_FROM_REAL
20232024,2023021275,2024-04-13,WSH,TBL,0.358665,0.641335,TBL,1,WSH,0,0,REAL_NHL_API_OR_DERIVED_FROM_REAL
20232024,2023021276,2024-04-13,OTT,MTL,0.510795,0.489205,OTT,1,OTT,1,0,REAL_NHL_API_OR_DERIVED_FROM_REAL
20232024,2023021277,2024-04-13,TOR,DET,0.601821,0.398179,TOR,0,DET,0,0,REAL_NHL_API_OR_DERIVED_FROM_REAL
20232024,2023021278,2024-04-13,NSH,CBJ,0.451179,0.548821,CBJ,1,NSH,0,0,REAL_NHL_API_OR_DERIVED_FROM_REAL
20232024,2023021279,2024-04-13,PIT,BOS,0.383223,0.616777,BOS,0,BOS,1,0,REAL_NHL_API_OR_DERIVED_FROM_REAL
20232024,2023021280,2024-04-13,EDM,VAN,0.559325,0.440675,EDM,0,VAN,0,0,REAL_NHL_API_OR_DERIVED_FROM_REAL
20232024,2023021281,2024-04-13,LAK,ANA,0.666541,0.333459,LAK,1,LAK,1,0,REAL_NHL_API_OR_DERIVED_FROM_REAL
20232024,2023021282,2024-04-13,SJS,MIN,0.423388,0.576612,MIN,0,MIN,1,0,REAL_NHL_API_OR_DERIVED_FROM_REAL
20232024,2023021283,2024-04-14,STL,SEA,0.586422,0.413578,STL,1,STL,1,0,REAL_NHL_API_OR_DERIVED_FROM_REAL
20232024,2023021284,2024-04-14,VGK,COL,0.635581,0.364419,VGK,1,VGK,1,0,REAL_NHL_API_OR_DERIVED_FROM_REAL
20232024,2023021285,2024-04-14,CHI,CAR,0.399693,0.600307,CAR,0,CAR,1,0,REAL_NHL_API_OR_DERIVED_FROM_REAL
20232024,2023021286,2024-04-14,CGY,UTA,0.631839,0.368161,CGY,1,CGY,1,0,REAL_NHL_API_OR_DERIVED_FROM_REAL
20232024,2023021287,2024-04-15,DET,MTL,0.485744,0.514256,MTL,1,DET,0,0,REAL_NHL_API_OR_DERIVED_FROM_REAL
20232024,2023021288,2024-04-15,NJD,NYI,0.500829,0.499171,NJD,0,NYI,0,0,REAL_NHL_API_OR_DERIVED_FROM_REAL
20232024,2023021289,2024-04-15,PIT,NSH,0.569863,0.430137,PIT,1,PIT,1,0,REAL_NHL_API_OR_DERIVED_FROM_REAL
20232024,2023021290,2024-04-15,TBL,BUF,0.572264,0.427736,TBL,0,BUF,0,0,REAL_NHL_API_OR_DERIVED_FROM_REAL
20232024,2023021291,2024-04-15,WSH,BOS,0.464499,0.535501,BOS,1,WSH,0,0,REAL_NHL_API_OR_DERIVED_FROM_REAL
20232024,2023021292,2024-04-15,NYR,OTT,0.61397,0.38603,NYR,1,NYR,1,0,REAL_NHL_API_OR_DERIVED_FROM_REAL
20232024,2023021293,2024-04-15,EDM,SJS,0.768673,0.231327,EDM,1,EDM,1,0,REAL_NHL_API_OR_DERIVED_FROM_REAL
20232024,2023021294,2024-04-15,LAK,MIN,0.64042,0.35958,LAK,0,MIN,0,0,REAL_NHL_API_OR_DERIVED_FROM_REAL
20232024,2023021295,2024-04-16,BOS,OTT,0.583804,0.416196,BOS,0,OTT,0,0,REAL_NHL_API_OR_DERIVED_FROM_REAL
20232024,2023021296,2024-04-16,CBJ,CAR,0.467098,0.532902,CAR,1,CBJ,0,0,REAL_NHL_API_OR_DERIVED_FROM_REAL
20232024,2023021297,2024-04-16,FLA,TOR,0.462035,0.537965,TOR,1,FLA,0,0,REAL_NHL_API_OR_DERIVED_FROM_REAL
20232024,2023021298,2024-04-16,MTL,DET,0.508601,0.491399,MTL,0,DET,0,0,REAL_NHL_API_OR_DERIVED_FROM_REAL
20232024,2023021299,2024-04-16,PHI,WSH,0.524513,0.475487,PHI,0,WSH,0,0,REAL_NHL_API_OR_DERIVED_FROM_REAL
20232024,2023021300,2024-04-16,WPG,SEA,0.655401,0.344599,WPG,1,WPG,1,0,REAL_NHL_API_OR_DERIVED_FROM_REAL
20232024,2023021301,2024-04-16,VGK,CHI,0.68811,0.31189,VGK,1,VGK,1,0,REAL_NHL_API_OR_DERIVED_FROM_REAL
20232024,2023021302,2024-04-16,VAN,CGY,0.48837,0.51163,CGY,1,VAN,0,0,REAL_NHL_API_OR_DERIVED_FROM_REAL
20232024,2023021303,2024-04-17,NYI,PIT,0.602382,0.397618,NYI,1,NYI,1,0,REAL_NHL_API_OR_DERIVED_FROM_REAL
20232024,2023021304,2024-04-17,TBL,TOR,0.598986,0.401014,TBL,1,TBL,1,0,REAL_NHL_API_OR_DERIVED_FROM_REAL
20232024,2023021305,2024-04-17,DAL,STL,0.573925,0.426075,DAL,1,DAL,1,0,REAL_NHL_API_OR_DERIVED_FROM_REAL
20232024,2023021306,2024-04-17,UTA,EDM,0.452212,0.547788,EDM,1,UTA,0,0,REAL_NHL_API_OR_DERIVED_FROM_REAL
20232024,2023021307,2024-04-18,MIN,SEA,0.494003,0.505997,SEA,0,SEA,1,0,REAL_NHL_API_OR_DERIVED_FROM_REAL
20232024,2023021308,2024-04-18,WPG,VAN,0.686792,0.313208,WPG,1,WPG,1,0,REAL_NHL_API_OR_DERIVED_FROM_REAL
20232024,2023021309,2024-04-18,CGY,SJS,0.790907,0.209093,CGY,1,CGY,1,0,REAL_NHL_API_OR_DERIVED_FROM_REAL
20232024,2023021310,2024-04-18,COL,EDM,0.53168,0.46832,COL,1,COL,1,0,REAL_NHL_API_OR_DERIVED_FROM_REAL
20232024,2023021311,2024-04-18,VGK,ANA,0.54831,0.45169,VGK,0,ANA,0,0,REAL_NHL_API_OR_DERIVED_FROM_REAL
20232024,2023021312,2024-04-18,LAK,CHI,0.67498,0.32502,LAK,1,LAK,1,0,REAL_NHL_API_OR_DERIVED_FROM_REAL
20242025,2024020001,2024-10-04,BUF,NJD,0.487121,0.512879,NJD,0,NJD,1,0,REAL_NHL_API_OR_DERIVED_FROM_REAL
20242025,2024020002,2024-10-05,NJD,BUF,0.674903,0.325097,NJD,1,NJD,1,0,REAL_NHL_API_OR_DERIVED_FROM_REAL
20242025,2024020003,2024-10-08,SEA,STL,0.492766,0.507234,STL,0,STL,1,0,REAL_NHL_API_OR_DERIVED_FROM_REAL
20242025,2024020004,2024-10-08,FLA,BOS,0.537378,0.462622,FLA,1,FLA,1,0,REAL_NHL_API_OR_DERIVED_FROM_REAL
20242025,2024020005,2024-10-08,UTA,CHI,0.435449,0.564551,CHI,1,UTA,0,0,REAL_NHL_API_OR_DERIVED_FROM_REAL
20242025,2024020006,2024-10-09,MTL,TOR,0.535138,0.464862,MTL,1,MTL,1,0,REAL_NHL_API_OR_DERIVED_FROM_REAL
20242025,2024020007,2024-10-09,PIT,NYR,0.547025,0.452975,PIT,0,NYR,0,0,REAL_NHL_API_OR_DERIVED_FROM_REAL
20242025,2024020008,2024-10-09,EDM,WPG,0.329322,0.670678,WPG,0,WPG,1,0,REAL_NHL_API_OR_DERIVED_FROM_REAL
20242025,2024020009,2024-10-09,VAN,CGY,0.506728,0.493272,VAN,0,CGY,0,0,REAL_NHL_API_OR_DERIVED_FROM_REAL
20242025,2024020010,2024-10-09,VGK,COL,0.502694,0.497306,VGK,1,VGK,1,0,REAL_NHL_API_OR_DERIVED_FROM_REAL
20242025,2024020011,2024-10-10,BOS,MTL,0.424213,0.575787,MTL,1,BOS,0,0,REAL_NHL_API_OR_DERIVED_FROM_REAL
20242025,2024020012,2024-10-10,BUF,LAK,0.497375,0.502625,LAK,0,LAK,1,0,REAL_NHL_API_OR_DERIVED_FROM_REAL
20242025,2024020013,2024-10-10,OTT,FLA,0.473156,0.526844,FLA,1,OTT,0,0,REAL_NHL_API_OR_DERIVED_FROM_REAL
20242025,2024020014,2024-10-10,DET,PIT,0.476369,0.523631,PIT,0,PIT,1,0,REAL_NHL_API_OR_DERIVED_FROM_REAL
20242025,2024020015,2024-10-10,NJD,TOR,0.575644,0.424356,NJD,0,TOR,0,0,REAL_NHL_API_OR_DERIVED_FROM_REAL
20242025,2024020016,2024-10-10,NYI,UTA,0.524938,0.475062,NYI,0,UTA,0,0,REAL_NHL_API_OR_DERIVED_FROM_REAL
20242025,2024020017,2024-10-10,NSH,DAL,0.507787,0.492213,NSH,0,DAL,0,0,REAL_NHL_API_OR_DERIVED_FROM_REAL
20242025,2024020018,2024-10-10,MIN,CBJ,0.525194,0.474806,MIN,1,MIN,1,0,REAL_NHL_API_OR_DERIVED_FROM_REAL
20242025,2024020019,2024-10-10,SJS,STL,0.442105,0.557895,STL,0,STL,1,0,REAL_NHL_API_OR_DERIVED_FROM_REAL
20242025,2024020020,2024-10-11,CAR,TBL,0.487826,0.512174,TBL,0,TBL,1,0,REAL_NHL_API_OR_DERIVED_FROM_REAL
20242025,2024020021,2024-10-11,WPG,CHI,0.646202,0.353798,WPG,1,WPG,1,0,REAL_NHL_API_OR_DERIVED_FROM_REAL
20242025,2024020022,2024-10-11,VAN,PHI,0.410308,0.589692,PHI,0,PHI,1,0,REAL_NHL_API_OR_DERIVED_FROM_REAL
20242025,2024020023,2024-10-11,VGK,STL,0.568906,0.431094,VGK,1,VGK,1,0,REAL_NHL_API_OR_DERIVED_FROM_REAL
20242025,2024020024,2024-10-12,BOS,LAK,0.453534,0.546466,LAK,1,BOS,0,0,REAL_NHL_API_OR_DERIVED_FROM_REAL
20242025,2024020025,2024-10-12,BUF,FLA,0.372004,0.627996,FLA,1,BUF,0,0,REAL_NHL_API_OR_DERIVED_FROM_REAL
20242025,2024020026,2024-10-12,TOR,PIT,0.48922,0.51078,PIT,1,TOR,0,0,REAL_NHL_API_OR_DERIVED_FROM_REAL
20242025,2024020027,2024-10-12,MTL,OTT,0.485028,0.514972,OTT,1,MTL,0,0,REAL_NHL_API_OR_DERIVED_FROM_REAL
20242025,2024020028,2024-10-12,DET,NSH,0.537736,0.462264,DET,1,DET,1,0,REAL_NHL_API_OR_DERIVED_FROM_REAL
20242025,2024020030,2024-10-12,NYR,UTA,0.564523,0.435477,NYR,0,UTA,0,0,REAL_NHL_API_OR_DERIVED_FROM_REAL
20242025,2024020031,2024-10-12,WSH,NJD,0.50514,0.49486,WSH,0,NJD,0,0,REAL_NHL_API_OR_DERIVED_FROM_REAL
20242025,2024020032,2024-10-12,DAL,NYI,0.594319,0.405681,DAL,1,DAL,1,0,REAL_NHL_API_OR_DERIVED_FROM_REAL
20242025,2024020033,2024-10-12,MIN,SEA,0.672551,0.327449,MIN,0,SEA,0,0,REAL_NHL_API_OR_DERIVED_FROM_REAL
20242025,2024020034,2024-10-12,COL,CBJ,0.365693,0.634307,CBJ,0,CBJ,1,0,REAL_NHL_API_OR_DERIVED_FROM_REAL
20242025,2024020035,2024-10-12,CGY,PHI,0.607395,0.392605,CGY,1,CGY,1,0,REAL_NHL_API_OR_DERIVED_FROM_REAL
20242025,2024020036,2024-10-12,EDM,CHI,0.552422,0.447578,EDM,0,CHI,0,0,REAL_NHL_API_OR_DERIVED_FROM_REAL
20242025,2024020037,2024-10-12,SJS,ANA,0.496712,0.503288,ANA,0,ANA,1,0,REAL_NHL_API_OR_DERIVED_FROM_REAL
20242025,2024020038,2024-10-13,WPG,MIN,0.56236,0.43764,WPG,1,WPG,1,0,REAL_NHL_API_OR_DERIVED_FROM_REAL
20242025,2024020039,2024-10-13,DAL,SEA,0.607972,0.392028,DAL,1,DAL,1,0,REAL_NHL_API_OR_DERIVED_FROM_REAL
20242025,2024020040,2024-10-13,EDM,CGY,0.438194,0.561806,CGY,0,CGY,1,0,REAL_NHL_API_OR_DERIVED_FROM_REAL
20242025,2024020041,2024-10-13,VGK,ANA,0.613287,0.386713,VGK,1,VGK,1,0,REAL_NHL_API_OR_DERIVED_FROM_REAL
20242025,2024020042,2024-10-14,BOS,FLA,0.598004,0.401996,BOS,0,FLA,0,0,REAL_NHL_API_OR_DERIVED_FROM_REAL
20242025,2024020043,2024-10-14,OTT,LAK,0.459998,0.540002,LAK,1,OTT,0,0,REAL_NHL_API_OR_DERIVED_FROM_REAL
20242025,2024020044,2024-10-14,NJD,UTA,0.452935,0.547065,UTA,1,NJD,0,0,REAL_NHL_API_OR_DERIVED_FROM_REAL
20242025,2024020045,2024-10-14,NYR,DET,0.556773,0.443227,NYR,1,NYR,1,0,REAL_NHL_API_OR_DERIVED_FROM_REAL
20242025,2024020046,2024-10-14,MTL,PIT,0.63458,0.36542,MTL,0,PIT,0,0,REAL_NHL_API_OR_DERIVED_FROM_REAL
20242025,2024020047,2024-10-14,COL,NYI,0.434342,0.565658,NYI,0,NYI,1,0,REAL_NHL_API_OR_DERIVED_FROM_REAL
20242025,2024020048,2024-10-15,TBL,VAN,0.69197,0.30803,TBL,1,TBL,1,0,REAL_NHL_API_OR_DERIVED_FROM_REAL
20242025,2024020049,2024-10-15,WSH,VGK,0.37608,0.62392,VGK,1,WSH,0,0,REAL_NHL_API_OR_DERIVED_FROM_REAL
20242025,2024020050,2024-10-15,CAR,NJD,0.516361,0.483639,CAR,1,CAR,1,0,REAL_NHL_API_OR_DERIVED_FROM_REAL
20242025,2024020051,2024-10-15,CBJ,FLA,0.506557,0.493443,CBJ,0,FLA,0,0,REAL_NHL_API_OR_DERIVED_FROM_REAL
20242025,2024020052,2024-10-15,STL,MIN,0.586386,0.413614,STL,0,MIN,0,0,REAL_NHL_API_OR_DERIVED_FROM_REAL
20242025,2024020053,2024-10-15,NSH,SEA,0.557023,0.442977,NSH,0,SEA,0,0,REAL_NHL_API_OR_DERIVED_FROM_REAL
20242025,2024020054,2024-10-15,DAL,SJS,0.678011,0.321989,DAL,1,DAL,1,0,REAL_NHL_API_OR_DERIVED_FROM_REAL
20242025,2024020055,2024-10-15,CGY,CHI,0.676065,0.323935,CGY,1,CGY,1,0,REAL_NHL_API_OR_DERIVED_FROM_REAL
20242025,2024020056,2024-10-15,EDM,PHI,0.521742,0.478258,EDM,1,EDM,1,0,REAL_NHL_API_OR_DERIVED_FROM_REAL
20242025,2024020057,2024-10-16,PIT,BUF,0.423903,0.576097,BUF,1,PIT,0,0,REAL_NHL_API_OR_DERIVED_FROM_REAL
20242025,2024020058,2024-10-16,TOR,LAK,0.801403,0.198597,TOR,1,TOR,1,0,REAL_NHL_API_OR_DERIVED_FROM_REAL
20242025,2024020059,2024-10-16,COL,BOS,0.482581,0.517419,BOS,0,BOS,1,0,REAL_NHL_API_OR_DERIVED_FROM_REAL
20242025,2024020060,2024-10-16,ANA,UTA,0.449266,0.550734,UTA,1,ANA,0,0,REAL_NHL_API_OR_DERIVED_FROM_REAL
20242025,2024020061,2024-10-17,MTL,LAK,0.634499,0.365501,MTL,0,LAK,0,0,REAL_NHL_API_OR_DERIVED_FROM_REAL
20242025,2024020062,2024-10-17,OTT,NJD,0.62644,0.37356,OTT,0,NJD,0,0,REAL_NHL_API_OR_DERIVED_FROM_REAL
20242025,2024020063,2024-10-17,DET,NYR,0.308888,0.691112,NYR,0,NYR,1,0,REAL_NHL_API_OR_DERIVED_FROM_REAL
20242025,2024020064,2024-10-17,TBL,VGK,0.616177,0.383823,TBL,1,TBL,1,0,REAL_NHL_API_OR_DERIVED_FROM_REAL
20242025,2024020065,2024-10-17,FLA,VAN,0.624175,0.375825,FLA,0,VAN,0,0,REAL_NHL_API_OR_DERIVED_FROM_REAL
20242025,2024020066,2024-10-17,WSH,DAL,0.481976,0.518024,DAL,1,WSH,0,0,REAL_NHL_API_OR_DERIVED_FROM_REAL
20242025,2024020067,2024-10-17,CBJ,BUF,0.589113,0.410887,CBJ,1,CBJ,1,0,REAL_NHL_API_OR_DERIVED_FROM_REAL
20242025,2024020068,2024-10-17,STL,NYI,0.542294,0.457706,STL,1,STL,1,0,REAL_NHL_API_OR_DERIVED_FROM_REAL
20242025,2024020069,2024-10-17,NSH,EDM,0.632772,0.367228,NSH,0,EDM,0,0,REAL_NHL_API_OR_DERIVED_FROM_REAL
20242025,2024020070,2024-10-17,CHI,SJS,0.514536,0.485464,CHI,1,CHI,1,0,REAL_NHL_API_OR_DERIVED_FROM_REAL
20242025,2024020071,2024-10-17,SEA,PHI,0.789746,0.210254,SEA,1,SEA,1,0,REAL_NHL_API_OR_DERIVED_FROM_REAL
20242025,2024020072,2024-10-18,PIT,CAR,0.537165,0.462835,PIT,0,CAR,0,0,REAL_NHL_API_OR_DERIVED_FROM_REAL
20242025,2024020073,2024-10-18,WPG,SJS,0.804355,0.195645,WPG,1,WPG,1,0,REAL_NHL_API_OR_DERIVED_FROM_REAL
20242025,2024020074,2024-10-18,COL,ANA,0.622028,0.377972,COL,1,COL,1,0,REAL_NHL_API_OR_DERIVED_FROM_REAL
20242025,2024020075,2024-10-19,OTT,TBL,0.381892,0.618108,TBL,1,OTT,0,0,REAL_NHL_API_OR_DERIVED_FROM_REAL
20242025,2024020076,2024-10-19,NSH,DET,0.653014,0.346986,NSH,0,DET,0,0,REAL_NHL_API_OR_DERIVED_FROM_REAL
20242025,2024020077,2024-10-19,DAL,EDM,0.638261,0.361739,DAL,1,DAL,1,0,REAL_NHL_API_OR_DERIVED_FROM_REAL
20242025,2024020078,2024-10-19,FLA,VGK,0.66899,0.33101,FLA,1,FLA,1,0,REAL_NHL_API_OR_DERIVED_FROM_REAL
20242025,2024020079,2024-10-19,TOR,NYR,0.489211,0.510789,NYR,0,NYR,1,0,REAL_NHL_API_OR_DERIVED_FROM_REAL
20242025,2024020080,2024-10-19,NJD,WSH,0.526573,0.473427,NJD,0,WSH,0,0,REAL_NHL_API_OR_DERIVED_FROM_REAL
20242025,2024020081,2024-10-19,NYI,MTL,0.500892,0.499108,NYI,1,NYI,1,0,REAL_NHL_API_OR_DERIVED_FROM_REAL
20242025,2024020082,2024-10-19,PHI,VAN,0.570084,0.429916,PHI,0,VAN,0,0,REAL_NHL_API_OR_DERIVED_FROM_REAL
20242025,2024020083,2024-10-19,CBJ,MIN,0.531302,0.468698,CBJ,0,MIN,0,0,REAL_NHL_API_OR_DERIVED_FROM_REAL
20242025,2024020084,2024-10-19,STL,CAR,0.467221,0.532779,CAR,1,STL,0,0,REAL_NHL_API_OR_DERIVED_FROM_REAL
20242025,2024020085,2024-10-19,CHI,BUF,0.64848,0.35152,CHI,0,BUF,0,0,REAL_NHL_API_OR_DERIVED_FROM_REAL
20242025,2024020086,2024-10-19,UTA,BOS,0.543333,0.456667,UTA,1,UTA,1,0,REAL_NHL_API_OR_DERIVED_FROM_REAL
20242025,2024020087,2024-10-19,SEA,CGY,0.409383,0.590617,CGY,1,SEA,0,0,REAL_NHL_API_OR_DERIVED_FROM_REAL
20242025,2024020088,2024-10-20,WPG,PIT,0.685598,0.314402,WPG,1,WPG,1,0,REAL_NHL_API_OR_DERIVED_FROM_REAL
20242025,2024020089,2024-10-20,SJS,COL,0.627757,0.372243,SJS,0,COL,0,0,REAL_NHL_API_OR_DERIVED_FROM_REAL
20242025,2024020090,2024-10-20,ANA,LAK,0.535916,0.464084,ANA,0,LAK,0,0,REAL_NHL_API_OR_DERIVED_FROM_REAL
20242025,2024020091,2024-10-21,TOR,TBL,0.68741,0.31259,TOR,1,TOR,1,0,REAL_NHL_API_OR_DERIVED_FROM_REAL
20242025,2024020092,2024-10-22,PHI,WSH,0.36284,0.63716,WSH,0,WSH,1,0,REAL_NHL_API_OR_DERIVED_FROM_REAL
20242025,2024020093,2024-10-22,FLA,MIN,0.369654,0.630346,MIN,0,MIN,1,0,REAL_NHL_API_OR_DERIVED_FROM_REAL
20242025,2024020094,2024-10-22,NJD,TBL,0.592675,0.407325,NJD,0,TBL,0,0,REAL_NHL_API_OR_DERIVED_FROM_REAL
20242025,2024020095,2024-10-22,BUF,DAL,0.380311,0.619689,DAL,1,BUF,0,0,REAL_NHL_API_OR_DERIVED_FROM_REAL
20242025,2024020096,2024-10-22,MTL,NYR,0.248782,0.751218,NYR,0,NYR,1,0,REAL_NHL_API_OR_DERIVED_FROM_REAL
20242025,2024020097,2024-10-22,CBJ,TOR,0.487467,0.512533,TOR,1,CBJ,0,0,REAL_NHL_API_OR_DERIVED_FROM_REAL
20242025,2024020098,2024-10-22,NYI,DET,0.551688,0.448312,NYI,0,DET,0,0,REAL_NHL_API_OR_DERIVED_FROM_REAL
20242025,2024020099,2024-10-22,STL,WPG,0.413809,0.586191,WPG,0,WPG,1,0,REAL_NHL_API_OR_DERIVED_FROM_REAL
20242025,2024020100,2024-10-22,CHI,VAN,0.4593,0.5407,VAN,0,VAN,1,0,REAL_NHL_API_OR_DERIVED_FROM_REAL
20242025,2024020101,2024-10-22,NSH,BOS,0.558088,0.441912,NSH,1,NSH,1,0,REAL_NHL_API_OR_DERIVED_FROM_REAL
20242025,2024020102,2024-10-22,CGY,PIT,0.659945,0.340055,CGY,1,CGY,1,0,REAL_NHL_API_OR_DERIVED_FROM_REAL
20242025,2024020103,2024-10-22,EDM,CAR,0.501174,0.498826,EDM,0,CAR,0,0,REAL_NHL_API_OR_DERIVED_FROM_REAL
20242025,2024020104,2024-10-22,UTA,OTT,0.464042,0.535958,OTT,0,OTT,1,0,REAL_NHL_API_OR_DERIVED_FROM_REAL
20242025,2024020105,2024-10-22,ANA,SJS,0.513217,0.486783,ANA,1,ANA,1,0,REAL_NHL_API_OR_DERIVED_FROM_REAL
20242025,2024020106,2024-10-22,SEA,COL,0.636275,0.363725,SEA,0,COL,0,0,REAL_NHL_API_OR_DERIVED_FROM_REAL
20242025,2024020107,2024-10-22,VGK,LAK,0.570618,0.429382,VGK,1,VGK,1,0,REAL_NHL_API_OR_DERIVED_FROM_REAL
20242025,2024020108,2024-10-23,WSH,PHI,0.702912,0.297088,WSH,1,WSH,1,0,REAL_NHL_API_OR_DERIVED_FROM_REAL
20242025,2024020109,2024-10-24,BOS,DAL,0.516595,0.483405,BOS,0,DAL,0,0,REAL_NHL_API_OR_DERIVED_FROM_REAL
20242025,2024020110,2024-10-24,TOR,STL,0.563893,0.436107,TOR,0,STL,0,0,REAL_NHL_API_OR_DERIVED_FROM_REAL
20242025,2024020111,2024-10-24,DET,NJD,0.539031,0.460969,DET,1,DET,1,0,REAL_NHL_API_OR_DERIVED_FROM_REAL
20242025,2024020112,2024-10-24,TBL,MIN,0.581952,0.418048,TBL,0,MIN,0,0,REAL_NHL_API_OR_DERIVED_FROM_REAL
20242025,2024020113,2024-10-24,NYR,FLA,0.637202,0.362798,NYR,0,FLA,0,0,REAL_NHL_API_OR_DERIVED_FROM_REAL
20242025,2024020114,2024-10-24,CGY,CAR,0.636009,0.363991,CGY,0,CAR,0,0,REAL_NHL_API_OR_DERIVED_FROM_REAL
20242025,2024020115,2024-10-24,UTA,COL,0.611198,0.388802,UTA,0,COL,0,0,REAL_NHL_API_OR_DERIVED_FROM_REAL
20242025,2024020116,2024-10-24,SEA,WPG,0.413967,0.586033,WPG,0,WPG,1,0,REAL_NHL_API_OR_DERIVED_FROM_REAL
20242025,2024020117,2024-10-24,LAK,SJS,0.540228,0.459772,LAK,1,LAK,1,0,REAL_NHL_API_OR_DERIVED_FROM_REAL
20242025,2024020118,2024-10-25,VGK,OTT,0.56453,0.43547,VGK,1,VGK,1,0,REAL_NHL_API_OR_DERIVED_FROM_REAL
20242025,2024020119,2024-10-25,NJD,NYI,0.59886,0.40114,NJD,0,NYI,0,0,REAL_NHL_API_OR_DERIVED_FROM_REAL
20242025,2024020120,2024-10-25,CHI,NSH,0.520775,0.479225,CHI,0,NSH,0,0,REAL_NHL_API_OR_DERIVED_FROM_REAL
20242025,2024020121,2024-10-25,EDM,PIT,0.487818,0.512182,PIT,1,EDM,0,0,REAL_NHL_API_OR_DERIVED_FROM_REAL
20242025,2024020122,2024-10-26,BUF,DET,0.458407,0.541593,DET,1,BUF,0,0,REAL_NHL_API_OR_DERIVED_FROM_REAL
20242025,2024020123,2024-10-26,PHI,MIN,0.363394,0.636606,MIN,1,PHI,0,0,REAL_NHL_API_OR_DERIVED_FROM_REAL
20242025,2024020124,2024-10-26,LAK,UTA,0.576775,0.423225,LAK,1,LAK,1,0,REAL_NHL_API_OR_DERIVED_FROM_REAL
20242025,2024020125,2024-10-26,BOS,TOR,0.514336,0.485664,BOS,1,BOS,1,0,REAL_NHL_API_OR_DERIVED_FROM_REAL
20242025,2024020126,2024-10-26,MTL,STL,0.415316,0.584684,STL,1,MTL,0,0,REAL_NHL_API_OR_DERIVED_FROM_REAL
20242025,2024020127,2024-10-26,TBL,WSH,0.552674,0.447326,TBL,1,TBL,1,0,REAL_NHL_API_OR_DERIVED_FROM_REAL
20242025,2024020128,2024-10-26,NYR,ANA,0.599192,0.400808,NYR,1,NYR,1,0,REAL_NHL_API_OR_DERIVED_FROM_REAL
20242025,2024020129,2024-10-26,CGY,WPG,0.496697,0.503303,WPG,0,WPG,1,0,REAL_NHL_API_OR_DERIVED_FROM_REAL
20242025,2024020130,2024-10-26,NYI,FLA,0.491883,0.508117,FLA,0,FLA,1,0,REAL_NHL_API_OR_DERIVED_FROM_REAL
20242025,2024020131,2024-10-26,NSH,CBJ,0.467555,0.532445,CBJ,1,NSH,0,0,REAL_NHL_API_OR_DERIVED_FROM_REAL
20242025,2024020132,2024-10-26,DAL,CHI,0.713762,0.286238,DAL,1,DAL,1,0,REAL_NHL_API_OR_DERIVED_FROM_REAL
20242025,2024020133,2024-10-26,VAN,PIT,0.643629,0.356371,VAN,1,VAN,1,0,REAL_NHL_API_OR_DERIVED_FROM_REAL
20242025,2024020134,2024-10-26,VGK,SJS,0.616691,0.383309,VGK,1,VGK,1,0,REAL_NHL_API_OR_DERIVED_FROM_REAL
20242025,2024020135,2024-10-26,SEA,CAR,0.498938,0.501062,CAR,0,CAR,1,0,REAL_NHL_API_OR_DERIVED_FROM_REAL
20242025,2024020136,2024-10-27,DET,EDM,0.513359,0.486641,DET,0,EDM,0,0,REAL_NHL_API_OR_DERIVED_FROM_REAL
20242025,2024020137,2024-10-27,NJD,ANA,0.521896,0.478104,NJD,1,NJD,1,0,REAL_NHL_API_OR_DERIVED_FROM_REAL
20242025,2024020138,2024-10-27,PHI,MTL,0.576163,0.423837,PHI,0,MTL,0,0,REAL_NHL_API_OR_DERIVED_FROM_REAL
20242025,2024020139,2024-10-27,COL,OTT,0.677515,0.322485,COL,1,COL,1,0,REAL_NHL_API_OR_DERIVED_FROM_REAL
20242025,2024020140,2024-10-28,BUF,FLA,0.456106,0.543894,FLA,0,FLA,1,0,REAL_NHL_API_OR_DERIVED_FROM_REAL
20242025,2024020141,2024-10-28,TBL,NSH,0.628887,0.371113,TBL,1,TBL,1,0,REAL_NHL_API_OR_DERIVED_FROM_REAL
20242025,2024020142,2024-10-28,CBJ,EDM,0.556696,0.443304,CBJ,1,CBJ,1,0,REAL_NHL_API_OR_DERIVED_FROM_REAL
20242025,2024020143,2024-10-28,WPG,TOR,0.618574,0.381426,WPG,0,TOR,0,0,REAL_NHL_API_OR_DERIVED_FROM_REAL
20242025,2024020144,2024-10-28,COL,CHI,0.684664,0.315336,COL,0,CHI,0,0,REAL_NHL_API_OR_DERIVED_FROM_REAL
20242025,2024020145,2024-10-28,UTA,SJS,0.530867,0.469133,UTA,0,SJS,0,0,REAL_NHL_API_OR_DERIVED_FROM_REAL
20242025,2024020146,2024-10-28,VAN,CAR,0.494879,0.505121,CAR,0,CAR,1,0,REAL_NHL_API_OR_DERIVED_FROM_REAL
20242025,2024020147,2024-10-28,VGK,CGY,0.590755,0.409245,VGK,1,VGK,1,0,REAL_NHL_API_OR_DERIVED_FROM_REAL
20242025,2024020148,2024-10-29,BOS,PHI,0.612195,0.387805,BOS,0,PHI,0,0,REAL_NHL_API_OR_DERIVED_FROM_REAL
20242025,2024020149,2024-10-29,MTL,SEA,0.403012,0.596988,SEA,0,SEA,1,0,REAL_NHL_API_OR_DERIVED_FROM_REAL
20242025,2024020150,2024-10-29,OTT,STL,0.680755,0.319245,OTT,1,OTT,1,0,REAL_NHL_API_OR_DERIVED_FROM_REAL
20242025,2024020151,2024-10-29,WSH,NYR,0.490271,0.509729,NYR,1,WSH,0,0,REAL_NHL_API_OR_DERIVED_FROM_REAL
20242025,2024020152,2024-10-29,NYI,ANA,0.595519,0.404481,NYI,0,ANA,0,0,REAL_NHL_API_OR_DERIVED_FROM_REAL
20242025,2024020153,2024-10-29,PIT,MIN,0.41576,0.58424,MIN,0,MIN,1,0,REAL_NHL_API_OR_DERIVED_FROM_REAL
20242025,2024020154,2024-10-29,SJS,LAK,0.436014,0.563986,LAK,1,SJS,0,0,REAL_NHL_API_OR_DERIVED_FROM_REAL
20242025,2024020155,2024-10-30,CBJ,NYI,0.543214,0.456786,CBJ,1,CBJ,1,0,REAL_NHL_API_OR_DERIVED_FROM_REAL
20242025,2024020156,2024-10-30,DET,WPG,0.412219,0.587781,WPG,0,WPG,1,0,REAL_NHL_API_OR_DERIVED_FROM_REAL
20242025,2024020157,2024-10-30,COL,TBL,0.473706,0.526294,TBL,0,TBL,1,0,REAL_NHL_API_OR_DERIVED_FROM_REAL
20242025,2024020158,2024-10-30,UTA,CGY,0.38723,0.61277,CGY,1,UTA,0,0,REAL_NHL_API_OR_DERIVED_FROM_REAL
20242025,2024020159,2024-10-30,VAN,NJD,0.511051,0.488949,VAN,0,NJD,0,0,REAL_NHL_API_OR_DERIVED_FROM_REAL
20242025,2024020160,2024-10-30,LAK,VGK,0.472674,0.527326,VGK,1,LAK,0,0,REAL_NHL_API_OR_DERIVED_FROM_REAL
20242025,2024020161,2024-10-31,TOR,SEA,0.561692,0.438308,TOR,1,TOR,1,0,REAL_NHL_API_OR_DERIVED_FROM_REAL
20242025,2024020162,2024-10-31,PHI,STL,0.477251,0.522749,STL,1,PHI,0,0,REAL_NHL_API_OR_DERIVED_FROM_REAL
20242025,2024020163,2024-10-31,PIT,ANA,0.535221,0.464779,PIT,1,PIT,1,0,REAL_NHL_API_OR_DERIVED_FROM_REAL
20242025,2024020164,2024-10-31,WSH,MTL,0.677422,0.322578,WSH,1,WSH,1,0,REAL_NHL_API_OR_DERIVED_FROM_REAL
20242025,2024020165,2024-10-31,CAR,BOS,0.790379,0.209621,CAR,1,CAR,1,0,REAL_NHL_API_OR_DERIVED_FROM_REAL
20242025,2024020166,2024-10-31,NSH,EDM,0.387699,0.612301,EDM,0,EDM,1,0,REAL_NHL_API_OR_DERIVED_FROM_REAL
20242025,2024020167,2024-10-31,SJS,CHI,0.470615,0.529385,CHI,1,SJS,0,0,REAL_NHL_API_OR_DERIVED_FROM_REAL
20242025,2024020168,2024-11-01,DAL,FLA,0.565523,0.434477,DAL,0,FLA,0,0,REAL_NHL_API_OR_DERIVED_FROM_REAL
20242025,2024020169,2024-11-01,BUF,NYI,0.563541,0.436459,BUF,0,NYI,0,0,REAL_NHL_API_OR_DERIVED_FROM_REAL
20242025,2024020170,2024-11-01,NYR,OTT,0.520378,0.479622,NYR,1,NYR,1,0,REAL_NHL_API_OR_DERIVED_FROM_REAL
20242025,2024020171,2024-11-01,CBJ,WPG,0.485553,0.514447,WPG,0,WPG,1,0,REAL_NHL_API_OR_DERIVED_FROM_REAL
20242025,2024020172,2024-11-01,MIN,TBL,0.445412,0.554588,TBL,1,MIN,0,0,REAL_NHL_API_OR_DERIVED_FROM_REAL
20242025,2024020173,2024-11-01,CGY,NJD,0.437719,0.562281,NJD,1,CGY,0,0,REAL_NHL_API_OR_DERIVED_FROM_REAL
20242025,2024020174,2024-11-02,FLA,DAL,0.510754,0.489246,FLA,1,FLA,1,0,REAL_NHL_API_OR_DERIVED_FROM_REAL
20242025,2024020175,2024-11-02,PHI,BOS,0.35931,0.64069,BOS,0,BOS,1,0,REAL_NHL_API_OR_DERIVED_FROM_REAL
20242025,2024020176,2024-11-02,LAK,CHI,0.618489,0.381511,LAK,0,CHI,0,0,REAL_NHL_API_OR_DERIVED_FROM_REAL
20242025,2024020177,2024-11-02,WSH,CBJ,0.602833,0.397167,WSH,1,WSH,1,0,REAL_NHL_API_OR_DERIVED_FROM_REAL
20242025,2024020178,2024-11-02,OTT,SEA,0.591486,0.408514,OTT,1,OTT,1,0,REAL_NHL_API_OR_DERIVED_FROM_REAL
20242025,2024020179,2024-11-02,DET,BUF,0.553308,0.446692,DET,1,DET,1,0,REAL_NHL_API_OR_DERIVED_FROM_REAL
20242025,2024020180,2024-11-02,PIT,MTL,0.547992,0.452008,PIT,1,PIT,1,0,REAL_NHL_API_OR_DERIVED_FROM_REAL
20242025,2024020181,2024-11-02,STL,TOR,0.514289,0.485711,STL,1,STL,1,0,REAL_NHL_API_OR_DERIVED_FROM_REAL
20242025,2024020182,2024-11-02,NSH,COL,0.452524,0.547476,COL,1,NSH,0,0,REAL_NHL_API_OR_DERIVED_FROM_REAL
20242025,2024020183,2024-11-02,VGK,UTA,0.650152,0.349848,VGK,1,VGK,1,0,REAL_NHL_API_OR_DERIVED_FROM_REAL
20242025,2024020184,2024-11-02,SJS,VAN,0.38021,0.61979,VAN,0,VAN,1,0,REAL_NHL_API_OR_DERIVED_FROM_REAL
20242025,2024020185,2024-11-03,NYR,NYI,0.641106,0.358894,NYR,1,NYR,1,0,REAL_NHL_API_OR_DERIVED_FROM_REAL
20242025,2024020186,2024-11-03,WPG,TBL,0.679145,0.320855,WPG,1,WPG,1,0,REAL_NHL_API_OR_DERIVED_FROM_REAL
20242025,2024020187,2024-11-03,BOS,SEA,0.594253,0.405747,BOS,1,BOS,1,0,REAL_NHL_API_OR_DERIVED_FROM_REAL
20242025,2024020188,2024-11-03,CAR,WSH,0.55713,0.44287,CAR,1,CAR,1,0,REAL_NHL_API_OR_DERIVED_FROM_REAL
20242025,2024020189,2024-11-03,MIN,TOR,0.561127,0.438873,MIN,1,MIN,1,0,REAL_NHL_API_OR_DERIVED_FROM_REAL
20242025,2024020190,2024-11-03,CGY,EDM,0.483545,0.516455,EDM,0,EDM,1,0,REAL_NHL_API_OR_DERIVED_FROM_REAL
20242025,2024020191,2024-11-03,ANA,CHI,0.533131,0.466869,ANA,0,CHI,0,0,REAL_NHL_API_OR_DERIVED_FROM_REAL
20242025,2024020192,2024-11-04,NSH,LAK,0.517673,0.482327,NSH,0,LAK,0,0,REAL_NHL_API_OR_DERIVED_FROM_REAL
20242025,2024020193,2024-11-04,EDM,NJD,0.499736,0.500264,NJD,0,NJD,1,0,REAL_NHL_API_OR_DERIVED_FROM_REAL
20242025,2024020194,2024-11-05,BUF,OTT,0.516524,0.483476,BUF,1,BUF,1,0,REAL_NHL_API_OR_DERIVED_FROM_REAL
20242025,2024020195,2024-11-05,TOR,BOS,0.607314,0.392686,TOR,1,TOR,1,0,REAL_NHL_API_OR_DERIVED_FROM_REAL
20242025,2024020196,2024-11-05,MTL,CGY,0.441224,0.558776,CGY,0,CGY,1,0,REAL_NHL_API_OR_DERIVED_FROM_REAL
20242025,2024020197,2024-11-05,CAR,PHI,0.706751,0.293249,CAR,1,CAR,1,0,REAL_NHL_API_OR_DERIVED_FROM_REAL
20242025,2024020198,2024-11-05,NYI,PIT,0.574829,0.425171,NYI,1,NYI,1,0,REAL_NHL_API_OR_DERIVED_FROM_REAL
20242025,2024020199,2024-11-05,STL,TBL,0.546659,0.453341,STL,1,STL,1,0,REAL_NHL_API_OR_DERIVED_FROM_REAL
20242025,2024020200,2024-11-05,MIN,LAK,0.595085,0.404915,MIN,0,LAK,0,0,REAL_NHL_API_OR_DERIVED_FROM_REAL
20242025,2024020201,2024-11-05,WPG,UTA,0.73197,0.26803,WPG,1,WPG,1,0,REAL_NHL_API_OR_DERIVED_FROM_REAL
20242025,2024020202,2024-11-05,COL,SEA,0.505652,0.494348,COL,1,COL,1,0,REAL_NHL_API_OR_DERIVED_FROM_REAL
20242025,2024020203,2024-11-05,ANA,VAN,0.438272,0.561728,VAN,0,VAN,1,0,REAL_NHL_API_OR_DERIVED_FROM_REAL
20242025,2024020204,2024-11-05,SJS,CBJ,0.453601,0.546399,CBJ,1,SJS,0,0,REAL_NHL_API_OR_DERIVED_FROM_REAL
20242025,2024020205,2024-11-06,WSH,NSH,0.609989,0.390011,WSH,1,WSH,1,0,REAL_NHL_API_OR_DERIVED_FROM_REAL
20242025,2024020206,2024-11-06,CHI,DET,0.510362,0.489638,CHI,0,DET,0,0,REAL_NHL_API_OR_DERIVED_FROM_REAL
20242025,2024020207,2024-11-06,EDM,VGK,0.466113,0.533887,VGK,0,VGK,1,0,REAL_NHL_API_OR_DERIVED_FROM_REAL
20242025,2024020208,2024-11-07,BOS,CGY,0.568393,0.431607,BOS,1,BOS,1,0,REAL_NHL_API_OR_DERIVED_FROM_REAL
20242025,2024020209,2024-11-07,OTT,NYI,0.563804,0.436196,OTT,0,NYI,0,0,REAL_NHL_API_OR_DERIVED_FROM_REAL
20242025,2024020210,2024-11-07,TBL,PHI,0.651478,0.348522,TBL,0,PHI,0,0,REAL_NHL_API_OR_DERIVED_FROM_REAL
20242025,2024020211,2024-11-07,FLA,NSH,0.665429,0.334571,FLA,1,FLA,1,0,REAL_NHL_API_OR_DERIVED_FROM_REAL
20242025,2024020212,2024-11-07,NJD,MTL,0.666167,0.333833,NJD,1,NJD,1,0,REAL_NHL_API_OR_DERIVED_FROM_REAL
20242025,2024020213,2024-11-07,NYR,BUF,0.47546,0.52454,BUF,0,BUF,1,0,REAL_NHL_API_OR_DERIVED_FROM_REAL
20242025,2024020214,2024-11-07,CAR,PIT,0.68408,0.31592,CAR,1,CAR,1,0,REAL_NHL_API_OR_DERIVED_FROM_REAL
20242025,2024020215,2024-11-07,STL,UTA,0.555383,0.444617,STL,0,UTA,0,0,REAL_NHL_API_OR_DERIVED_FROM_REAL
20242025,2024020216,2024-11-07,DAL,CHI,0.609341,0.390659,DAL,1,DAL,1,0,REAL_NHL_API_OR_DERIVED_FROM_REAL
20242025,2024020217,2024-11-07,WPG,COL,0.628614,0.371386,WPG,1,WPG,1,0,REAL_NHL_API_OR_DERIVED_FROM_REAL
20242025,2024020218,2024-11-07,LAK,VAN,0.538282,0.461718,LAK,0,VAN,0,0,REAL_NHL_API_OR_DERIVED_FROM_REAL
20242025,2024020219,2024-11-07,SJS,MIN,0.377579,0.622421,MIN,0,MIN,1,0,REAL_NHL_API_OR_DERIVED_FROM_REAL
20242025,2024020220,2024-11-08,TOR,DET,0.559718,0.440282,TOR,1,TOR,1,0,REAL_NHL_API_OR_DERIVED_FROM_REAL
20242025,2024020221,2024-11-08,WSH,PIT,0.721539,0.278461,WSH,0,PIT,0,0,REAL_NHL_API_OR_DERIVED_FROM_REAL
20242025,2024020222,2024-11-08,ANA,MIN,0.354975,0.645025,MIN,0,MIN,1,0,REAL_NHL_API_OR_DERIVED_FROM_REAL
20242025,2024020223,2024-11-08,SEA,VGK,0.369453,0.630547,VGK,1,SEA,0,0,REAL_NHL_API_OR_DERIVED_FROM_REAL
20242025,2024020224,2024-11-09,BUF,CGY,0.639235,0.360765,BUF,1,BUF,1,0,REAL_NHL_API_OR_DERIVED_FROM_REAL
20242025,2024020225,2024-11-09,FLA,PHI,0.656639,0.343361,FLA,1,FLA,1,0,REAL_NHL_API_OR_DERIVED_FROM_REAL
20242025,2024020226,2024-11-09,BOS,OTT,0.565261,0.434739,BOS,0,OTT,0,0,REAL_NHL_API_OR_DERIVED_FROM_REAL
20242025,2024020227,2024-11-09,TOR,MTL,0.675284,0.324716,TOR,1,TOR,1,0,REAL_NHL_API_OR_DERIVED_FROM_REAL
20242025,2024020228,2024-11-09,DET,NYR,0.462363,0.537637,NYR,0,NYR,1,0,REAL_NHL_API_OR_DERIVED_FROM_REAL
20242025,2024020229,2024-11-09,STL,WSH,0.423727,0.576273,WSH,0,WSH,1,0,REAL_NHL_API_OR_DERIVED_FROM_REAL
20242025,2024020230,2024-11-09,WPG,DAL,0.755103,0.244897,WPG,1,WPG,1,0,REAL_NHL_API_OR_DERIVED_FROM_REAL
20242025,2024020231,2024-11-09,NYI,NJD,0.478352,0.521648,NJD,0,NJD,1,0,REAL_NHL_API_OR_DERIVED_FROM_REAL
20242025,2024020232,2024-11-09,NSH,UTA,0.510543,0.489457,NSH,1,NSH,1,0,REAL_NHL_API_OR_DERIVED_FROM_REAL
20242025,2024020233,2024-11-09,COL,CAR,0.487506,0.512494,CAR,1,COL,0,0,REAL_NHL_API_OR_DERIVED_FROM_REAL
20242025,2024020234,2024-11-09,LAK,CBJ,0.733145,0.266855,LAK,1,LAK,1,0,REAL_NHL_API_OR_DERIVED_FROM_REAL
20242025,2024020235,2024-11-09,VAN,EDM,0.337223,0.662777,EDM,0,EDM,1,0,REAL_NHL_API_OR_DERIVED_FROM_REAL
20242025,2024020236,2024-11-10,NJD,SJS,0.610858,0.389142,NJD,0,SJS,0,0,REAL_NHL_API_OR_DERIVED_FROM_REAL
20242025,2024020237,2024-11-10,CHI,MIN,0.392529,0.607471,MIN,1,CHI,0,0,REAL_NHL_API_OR_DERIVED_FROM_REAL
20242025,2024020238,2024-11-10,ANA,CBJ,0.554836,0.445164,ANA,1,ANA,1,0,REAL_NHL_API_OR_DERIVED_FROM_REAL
20242025,2024020239,2024-11-11,BUF,MTL,0.626248,0.373752,BUF,0,MTL,0,0,REAL_NHL_API_OR_DERIVED_FROM_REAL
20242025,2024020240,2024-11-11,PHI,SJS,0.517459,0.482541,PHI,1,PHI,1,0,REAL_NHL_API_OR_DERIVED_FROM_REAL
20242025,2024020241,2024-11-11,PIT,DAL,0.322579,0.677421,DAL,0,DAL,1,0,REAL_NHL_API_OR_DERIVED_FROM_REAL
20242025,2024020242,2024-11-11,CGY,LAK,0.46978,0.53022,LAK,1,CGY,0,0,REAL_NHL_API_OR_DERIVED_FROM_REAL
20242025,2024020243,2024-11-11,COL,NSH,0.549888,0.450112,COL,1,COL,1,0,REAL_NHL_API_OR_DERIVED_FROM_REAL
20242025,2024020244,2024-11-11,VGK,CAR,0.334679,0.665321,CAR,0,CAR,1,0,REAL_NHL_API_OR_DERIVED_FROM_REAL
20242025,2024020245,2024-11-12,TOR,OTT,0.561807,0.438193,TOR,0,OTT,0,0,REAL_NHL_API_OR_DERIVED_FROM_REAL
20242025,2024020246,2024-11-12,FLA,NJD,0.620964,0.379036,FLA,0,NJD,0,0,REAL_NHL_API_OR_DERIVED_FROM_REAL
20242025,2024020247,2024-11-12,NYR,WPG,0.385519,0.614481,WPG,0,WPG,1,0,REAL_NHL_API_OR_DERIVED_FROM_REAL
20242025,2024020248,2024-11-12,STL,BOS,0.545664,0.454336,STL,0,BOS,0,0,REAL_NHL_API_OR_DERIVED_FROM_REAL
20242025,2024020249,2024-11-12,EDM,NYI,0.543913,0.456087,EDM,1,EDM,1,0,REAL_NHL_API_OR_DERIVED_FROM_REAL
20242025,2024020250,2024-11-12,VAN,CGY,0.615473,0.384527,VAN,1,VAN,1,0,REAL_NHL_API_OR_DERIVED_FROM_REAL
20242025,2024020251,2024-11-12,SEA,CBJ,0.640002,0.359998,SEA,1,SEA,1,0,REAL_NHL_API_OR_DERIVED_FROM_REAL
20242025,2024020252,2024-11-13,PIT,DET,0.444156,0.555844,DET,0,DET,1,0,REAL_NHL_API_OR_DERIVED_FROM_REAL
20242025,2024020253,2024-11-13,WSH,TOR,0.54638,0.45362,WSH,0,TOR,0,0,REAL_NHL_API_OR_DERIVED_FROM_REAL
20242025,2024020254,2024-11-13,UTA,CAR,0.545999,0.454001,UTA,1,UTA,1,0,REAL_NHL_API_OR_DERIVED_FROM_REAL
20242025,2024020255,2024-11-13,COL,LAK,0.702463,0.297537,COL,1,COL,1,0,REAL_NHL_API_OR_DERIVED_FROM_REAL
20242025,2024020256,2024-11-13,ANA,VGK,0.444462,0.555538,VGK,0,VGK,1,0,REAL_NHL_API_OR_DERIVED_FROM_REAL
20242025,2024020257,2024-11-14,BUF,STL,0.576409,0.423591,BUF,1,BUF,1,0,REAL_NHL_API_OR_DERIVED_FROM_REAL
20242025,2024020258,2024-11-14,OTT,PHI,0.55312,0.44688,OTT,0,PHI,0,0,REAL_NHL_API_OR_DERIVED_FROM_REAL
20242025,2024020259,2024-11-14,TBL,WPG,0.432315,0.567685,WPG,1,TBL,0,0,REAL_NHL_API_OR_DERIVED_FROM_REAL
20242025,2024020260,2024-11-14,FLA,NJD,0.576564,0.423436,FLA,0,NJD,0,0,REAL_NHL_API_OR_DERIVED_FROM_REAL
20242025,2024020261,2024-11-14,NYR,SJS,0.666332,0.333668,NYR,1,NYR,1,0,REAL_NHL_API_OR_DERIVED_FROM_REAL
20242025,2024020262,2024-11-14,DAL,BOS,0.611586,0.388414,DAL,1,DAL,1,0,REAL_NHL_API_OR_DERIVED_FROM_REAL
20242025,2024020263,2024-11-14,MIN,MTL,0.648508,0.351492,MIN,1,MIN,1,0,REAL_NHL_API_OR_DERIVED_FROM_REAL
20242025,2024020264,2024-11-14,EDM,NSH,0.659339,0.340661,EDM,1,EDM,1,0,REAL_NHL_API_OR_DERIVED_FROM_REAL
20242025,2024020265,2024-11-14,VAN,NYI,0.522526,0.477474,VAN,0,NYI,0,0,REAL_NHL_API_OR_DERIVED_FROM_REAL
20242025,2024020266,2024-11-14,SEA,CHI,0.544796,0.455204,SEA,1,SEA,1,0,REAL_NHL_API_OR_DERIVED_FROM_REAL
20242025,2024020267,2024-11-15,CBJ,PIT,0.548276,0.451724,CBJ,1,CBJ,1,0,REAL_NHL_API_OR_DERIVED_FROM_REAL
20242025,2024020268,2024-11-15,COL,WSH,0.430547,0.569453,WSH,0,WSH,1,0,REAL_NHL_API_OR_DERIVED_FROM_REAL
20242025,2024020269,2024-11-15,CGY,NSH,0.505034,0.494966,CGY,1,CGY,1,0,REAL_NHL_API_OR_DERIVED_FROM_REAL
20242025,2024020270,2024-11-15,UTA,VGK,0.440556,0.559444,VGK,0,VGK,1,0,REAL_NHL_API_OR_DERIVED_FROM_REAL
20242025,2024020271,2024-11-15,ANA,DET,0.486244,0.513756,DET,1,ANA,0,0,REAL_NHL_API_OR_DERIVED_FROM_REAL
20242025,2024020272,2024-11-16,BOS,STL,0.635775,0.364225,BOS,0,STL,0,0,REAL_NHL_API_OR_DERIVED_FROM_REAL
20242025,2024020273,2024-11-16,SEA,NYI,0.549231,0.450769,SEA,1,SEA,1,0,REAL_NHL_API_OR_DERIVED_FROM_REAL
20242025,2024020274,2024-11-16,TOR,EDM,0.534848,0.465152,TOR,1,TOR,1,0,REAL_NHL_API_OR_DERIVED_FROM_REAL
20242025,2024020275,2024-11-16,MTL,CBJ,0.557446,0.442554,MTL,1,MTL,1,0,REAL_NHL_API_OR_DERIVED_FROM_REAL
20242025,2024020276,2024-11-16,TBL,NJD,0.504098,0.495902,TBL,1,TBL,1,0,REAL_NHL_API_OR_DERIVED_FROM_REAL
20242025,2024020277,2024-11-16,FLA,WPG,0.531103,0.468897,FLA,1,FLA,1,0,REAL_NHL_API_OR_DERIVED_FROM_REAL
20242025,2024020278,2024-11-16,PHI,BUF,0.612902,0.387098,PHI,1,PHI,1,0,REAL_NHL_API_OR_DERIVED_FROM_REAL
20242025,2024020279,2024-11-16,PIT,SJS,0.472463,0.527537,SJS,1,PIT,0,0,REAL_NHL_API_OR_DERIVED_FROM_REAL
20242025,2024020280,2024-11-16,CAR,OTT,0.626626,0.373374,CAR,1,CAR,1,0,REAL_NHL_API_OR_DERIVED_FROM_REAL
20242025,2024020281,2024-11-16,MIN,DAL,0.543371,0.456629,MIN,0,DAL,0,0,REAL_NHL_API_OR_DERIVED_FROM_REAL
20242025,2024020282,2024-11-16,LAK,DET,0.570704,0.429296,LAK,1,LAK,1,0,REAL_NHL_API_OR_DERIVED_FROM_REAL
20242025,2024020283,2024-11-16,VAN,CHI,0.629165,0.370835,VAN,1,VAN,1,0,REAL_NHL_API_OR_DERIVED_FROM_REAL
20242025,2024020284,2024-11-17,CAR,STL,0.653695,0.346305,CAR,1,CAR,1,0,REAL_NHL_API_OR_DERIVED_FROM_REAL
20242025,2024020285,2024-11-17,VAN,NSH,0.618482,0.381518,VAN,0,NSH,0,0,REAL_NHL_API_OR_DERIVED_FROM_REAL
20242025,2024020286,2024-11-17,VGK,WSH,0.562092,0.437908,VGK,0,WSH,0,0,REAL_NHL_API_OR_DERIVED_FROM_REAL
20242025,2024020287,2024-11-17,SEA,NYR,0.514447,0.485553,SEA,0,NYR,0,0,REAL_NHL_API_OR_DERIVED_FROM_REAL
20242025,2024020288,2024-11-18,BOS,CBJ,0.565287,0.434713,BOS,0,CBJ,0,0,REAL_NHL_API_OR_DERIVED_FROM_REAL
20242025,2024020289,2024-11-18,PHI,COL,0.578967,0.421033,PHI,0,COL,0,0,REAL_NHL_API_OR_DERIVED_FROM_REAL
20242025,2024020290,2024-11-18,MTL,EDM,0.406566,0.593434,EDM,1,MTL,0,0,REAL_NHL_API_OR_DERIVED_FROM_REAL
20242025,2024020291,2024-11-18,DAL,ANA,0.680856,0.319144,DAL,0,ANA,0,0,REAL_NHL_API_OR_DERIVED_FROM_REAL
20242025,2024020292,2024-11-18,UTA,WSH,0.233565,0.766435,WSH,0,WSH,1,0,REAL_NHL_API_OR_DERIVED_FROM_REAL
20242025,2024020293,2024-11-18,SJS,DET,0.540203,0.459797,SJS,1,SJS,1,0,REAL_NHL_API_OR_DERIVED_FROM_REAL
20242025,2024020294,2024-11-19,OTT,EDM,0.45567,0.54433,EDM,0,EDM,1,0,REAL_NHL_API_OR_DERIVED_FROM_REAL
20242025,2024020295,2024-11-19,PIT,TBL,0.444175,0.555825,TBL,0,TBL,1,0,REAL_NHL_API_OR_DERIVED_FROM_REAL
20242025,2024020296,2024-11-19,STL,MIN,0.409776,0.590224,MIN,0,MIN,1,0,REAL_NHL_API_OR_DERIVED_FROM_REAL
20242025,2024020297,2024-11-19,WPG,FLA,0.5334,0.4666,WPG,1,WPG,1,0,REAL_NHL_API_OR_DERIVED_FROM_REAL
20242025,2024020298,2024-11-19,CHI,ANA,0.500439,0.499561,CHI,0,ANA,0,0,REAL_NHL_API_OR_DERIVED_FROM_REAL
20242025,2024020299,2024-11-19,CGY,NYI,0.507952,0.492048,CGY,1,CGY,1,0,REAL_NHL_API_OR_DERIVED_FROM_REAL
20242025,2024020300,2024-11-19,VAN,NYR,0.43579,0.56421,NYR,0,NYR,1,0,REAL_NHL_API_OR_DERIVED_FROM_REAL
20242025,2024020301,2024-11-20,TOR,VGK,0.586314,0.413686,TOR,1,TOR,1,0,REAL_NHL_API_OR_DERIVED_FROM_REAL
20242025,2024020302,2024-11-20,PHI,CAR,0.507197,0.492803,PHI,0,CAR,0,0,REAL_NHL_API_OR_DERIVED_FROM_REAL
20242025,2024020303,2024-11-20,DAL,SJS,0.59291,0.40709,DAL,1,DAL,1,0,REAL_NHL_API_OR_DERIVED_FROM_REAL
20242025,2024020304,2024-11-20,SEA,NSH,0.585765,0.414235,SEA,1,SEA,1,0,REAL_NHL_API_OR_DERIVED_FROM_REAL
20242025,2024020305,2024-11-20,LAK,BUF,0.48313,0.51687,BUF,0,BUF,1,0,REAL_NHL_API_OR_DERIVED_FROM_REAL
20242025,2024020306,2024-11-21,BOS,UTA,0.627728,0.372272,BOS,1,BOS,1,0,REAL_NHL_API_OR_DERIVED_FROM_REAL
20242025,2024020307,2024-11-21,OTT,VGK,0.511205,0.488795,OTT,0,VGK,0,0,REAL_NHL_API_OR_DERIVED_FROM_REAL
20242025,2024020308,2024-11-21,DET,NYI,0.523638,0.476362,DET,1,DET,1,0,REAL_NHL_API_OR_DERIVED_FROM_REAL
20242025,2024020309,2024-11-21,NJD,CAR,0.458314,0.541686,CAR,1,NJD,0,0,REAL_NHL_API_OR_DERIVED_FROM_REAL
20242025,2024020310,2024-11-21,WSH,COL,0.575267,0.424733,WSH,0,COL,0,0,REAL_NHL_API_OR_DERIVED_FROM_REAL
20242025,2024020311,2024-11-21,CBJ,TBL,0.445239,0.554761,TBL,1,CBJ,0,0,REAL_NHL_API_OR_DERIVED_FROM_REAL
20242025,2024020312,2024-11-21,STL,SJS,0.587978,0.412022,STL,1,STL,1,0,REAL_NHL_API_OR_DERIVED_FROM_REAL
20242025,2024020313,2024-11-21,CHI,FLA,0.409079,0.590921,FLA,1,CHI,0,0,REAL_NHL_API_OR_DERIVED_FROM_REAL
20242025,2024020314,2024-11-21,CGY,NYR,0.429683,0.570317,NYR,1,CGY,0,0,REAL_NHL_API_OR_DERIVED_FROM_REAL
20242025,2024020315,2024-11-21,EDM,MIN,0.471297,0.528703,MIN,0,MIN,1,0,REAL_NHL_API_OR_DERIVED_FROM_REAL
20242025,2024020316,2024-11-22,PIT,WPG,0.428735,0.571265,WPG,0,WPG,1,0,REAL_NHL_API_OR_DERIVED_FROM_REAL
20242025,2024020317,2024-11-22,ANA,BUF,0.595638,0.404362,ANA,0,BUF,0,0,REAL_NHL_API_OR_DERIVED_FROM_REAL
20242025,2024020318,2024-11-23,PHI,CHI,0.571237,0.428763,PHI,1,PHI,1,0,REAL_NHL_API_OR_DERIVED_FROM_REAL
20242025,2024020319,2024-11-23,CGY,MIN,0.480071,0.519929,MIN,1,CGY,0,0,REAL_NHL_API_OR_DERIVED_FROM_REAL
20242025,2024020320,2024-11-23,LAK,SEA,0.551195,0.448805,LAK,1,LAK,1,0,REAL_NHL_API_OR_DERIVED_FROM_REAL
20242025,2024020321,2024-11-23,FLA,COL,0.514029,0.485971,FLA,0,COL,0,0,REAL_NHL_API_OR_DERIVED_FROM_REAL
20242025,2024020322,2024-11-23,MTL,VGK,0.251249,0.748751,VGK,0,VGK,1,0,REAL_NHL_API_OR_DERIVED_FROM_REAL
20242025,2024020323,2024-11-23,OTT,VAN,0.362077,0.637923,VAN,0,VAN,1,0,REAL_NHL_API_OR_DERIVED_FROM_REAL
20242025,2024020324,2024-11-23,DET,BOS,0.532924,0.467076,DET,0,BOS,0,0,REAL_NHL_API_OR_DERIVED_FROM_REAL
20242025,2024020325,2024-11-23,TBL,DAL,0.548359,0.451641,TBL,0,DAL,0,0,REAL_NHL_API_OR_DERIVED_FROM_REAL
20242025,2024020326,2024-11-23,PIT,UTA,0.572956,0.427044,PIT,0,UTA,0,0,REAL_NHL_API_OR_DERIVED_FROM_REAL
20242025,2024020327,2024-11-23,WSH,NJD,0.539401,0.460599,WSH,0,NJD,0,0,REAL_NHL_API_OR_DERIVED_FROM_REAL
20242025,2024020328,2024-11-23,CBJ,CAR,0.606342,0.393658,CBJ,1,CBJ,1,0,REAL_NHL_API_OR_DERIVED_FROM_REAL
20242025,2024020329,2024-11-23,NSH,WPG,0.499234,0.500766,WPG,1,NSH,0,0,REAL_NHL_API_OR_DERIVED_FROM_REAL
20242025,2024020330,2024-11-23,NYI,STL,0.494275,0.505725,STL,1,NYI,0,0,REAL_NHL_API_OR_DERIVED_FROM_REAL
20242025,2024020331,2024-11-23,SJS,BUF,0.426704,0.573296,BUF,0,BUF,1,0,REAL_NHL_API_OR_DERIVED_FROM_REAL
20242025,2024020332,2024-11-23,EDM,NYR,0.486054,0.513946,NYR,1,EDM,0,0,REAL_NHL_API_OR_DERIVED_FROM_REAL
20242025,2024020333,2024-11-24,TOR,UTA,0.528977,0.471023,TOR,1,TOR,1,0,REAL_NHL_API_OR_DERIVED_FROM_REAL
20242025,2024020334,2024-11-25,TBL,COL,0.631138,0.368862,TBL,1,TBL,1,0,REAL_NHL_API_OR_DERIVED_FROM_REAL
20242025,2024020335,2024-11-25,FLA,WSH,0.566307,0.433693,FLA,0,WSH,0,0,REAL_NHL_API_OR_DERIVED_FROM_REAL
20242025,2024020336,2024-11-25,NJD,NSH,0.738466,0.261534,NJD,1,NJD,1,0,REAL_NHL_API_OR_DERIVED_FROM_REAL
20242025,2024020337,2024-11-25,NYR,STL,0.664093,0.335907,NYR,0,STL,0,0,REAL_NHL_API_OR_DERIVED_FROM_REAL
20242025,2024020338,2024-11-25,PHI,VGK,0.552452,0.447548,PHI,0,VGK,0,0,REAL_NHL_API_OR_DERIVED_FROM_REAL
20242025,2024020339,2024-11-25,CAR,DAL,0.49789,0.50211,DAL,1,CAR,0,0,REAL_NHL_API_OR_DERIVED_FROM_REAL
20242025,2024020340,2024-11-25,OTT,CGY,0.505556,0.494444,OTT,1,OTT,1,0,REAL_NHL_API_OR_DERIVED_FROM_REAL
20242025,2024020341,2024-11-25,NYI,DET,0.557729,0.442271,NYI,0,DET,0,0,REAL_NHL_API_OR_DERIVED_FROM_REAL
20242025,2024020342,2024-11-25,MIN,WPG,0.49869,0.50131,WPG,0,WPG,1,0,REAL_NHL_API_OR_DERIVED_FROM_REAL
20242025,2024020343,2024-11-25,ANA,SEA,0.46424,0.53576,SEA,0,SEA,1,0,REAL_NHL_API_OR_DERIVED_FROM_REAL
20242025,2024020344,2024-11-25,SJS,LAK,0.478113,0.521887,LAK,1,SJS,0,0,REAL_NHL_API_OR_DERIVED_FROM_REAL
20242025,2024020345,2024-11-26,BOS,VAN,0.451326,0.548674,VAN,0,VAN,1,0,REAL_NHL_API_OR_DERIVED_FROM_REAL
20242025,2024020346,2024-11-26,MTL,UTA,0.513943,0.486057,MTL,0,UTA,0,0,REAL_NHL_API_OR_DERIVED_FROM_REAL
20242025,2024020347,2024-11-27,BUF,MIN,0.573069,0.426931,BUF,0,MIN,0,0,REAL_NHL_API_OR_DERIVED_FROM_REAL
20242025,2024020348,2024-11-27,NJD,STL,0.593731,0.406269,NJD,0,STL,0,0,REAL_NHL_API_OR_DERIVED_FROM_REAL
20242025,2024020349,2024-11-27,CAR,NYR,0.568867,0.431133,CAR,1,CAR,1,0,REAL_NHL_API_OR_DERIVED_FROM_REAL
20242025,2024020350,2024-11-27,DET,CGY,0.520837,0.479163,DET,1,DET,1,0,REAL_NHL_API_OR_DERIVED_FROM_REAL
20242025,2024020351,2024-11-27,TBL,WSH,0.552212,0.447788,TBL,0,WSH,0,0,REAL_NHL_API_OR_DERIVED_FROM_REAL
20242025,2024020352,2024-11-27,FLA,TOR,0.412127,0.587873,TOR,1,FLA,0,0,REAL_NHL_API_OR_DERIVED_FROM_REAL
20242025,2024020353,2024-11-27,NYI,BOS,0.499583,0.500417,BOS,0,BOS,1,0,REAL_NHL_API_OR_DERIVED_FROM_REAL
20242025,2024020354,2024-11-27,PIT,VAN,0.494563,0.505437,VAN,1,PIT,0,0,REAL_NHL_API_OR_DERIVED_FROM_REAL
20242025,2024020355,2024-11-27,CBJ,MTL,0.664294,0.335706,CBJ,0,MTL,0,0,REAL_NHL_API_OR_DERIVED_FROM_REAL
20242025,2024020356,2024-11-27,NSH,PHI,0.562427,0.437573,NSH,0,PHI,0,0,REAL_NHL_API_OR_DERIVED_FROM_REAL
20242025,2024020357,2024-11-27,CHI,DAL,0.435506,0.564494,DAL,1,CHI,0,0,REAL_NHL_API_OR_DERIVED_FROM_REAL
20242025,2024020358,2024-11-27,COL,VGK,0.618853,0.381147,COL,1,COL,1,0,REAL_NHL_API_OR_DERIVED_FROM_REAL
20242025,2024020359,2024-11-27,LAK,WPG,0.410583,0.589417,WPG,1,LAK,0,0,REAL_NHL_API_OR_DERIVED_FROM_REAL
20242025,2024020360,2024-11-27,SEA,ANA,0.601929,0.398071,SEA,0,ANA,0,0,REAL_NHL_API_OR_DERIVED_FROM_REAL
20242025,2024020361,2024-11-27,SJS,OTT,0.57199,0.42801,SJS,0,OTT,0,0,REAL_NHL_API_OR_DERIVED_FROM_REAL
20242025,2024020362,2024-11-29,PHI,NYR,0.472726,0.527274,NYR,1,PHI,0,0,REAL_NHL_API_OR_DERIVED_FROM_REAL
20242025,2024020363,2024-11-29,MIN,CHI,0.597577,0.402423,MIN,1,MIN,1,0,REAL_NHL_API_OR_DERIVED_FROM_REAL
20242025,2024020364,2024-11-29,BUF,VAN,0.514106,0.485894,BUF,0,VAN,0,0,REAL_NHL_API_OR_DERIVED_FROM_REAL
20242025,2024020365,2024-11-29,DET,NJD,0.515525,0.484475,DET,0,NJD,0,0,REAL_NHL_API_OR_DERIVED_FROM_REAL
20242025,2024020366,2024-11-29,WSH,NYI,0.679654,0.320346,WSH,1,WSH,1,0,REAL_NHL_API_OR_DERIVED_FROM_REAL
20242025,2024020367,2024-11-29,CAR,FLA,0.564351,0.435649,CAR,0,FLA,0,0,REAL_NHL_API_OR_DERIVED_FROM_REAL
20242025,2024020368,2024-11-29,CBJ,CGY,0.552581,0.447419,CBJ,1,CBJ,1,0,REAL_NHL_API_OR_DERIVED_FROM_REAL
20242025,2024020369,2024-11-29,NSH,TBL,0.461286,0.538714,TBL,0,TBL,1,0,REAL_NHL_API_OR_DERIVED_FROM_REAL
20242025,2024020370,2024-11-29,ANA,LAK,0.514622,0.485378,ANA,0,LAK,0,0,REAL_NHL_API_OR_DERIVED_FROM_REAL
20242025,2024020371,2024-11-29,SJS,SEA,0.40589,0.59411,SEA,1,SJS,0,0,REAL_NHL_API_OR_DERIVED_FROM_REAL
20242025,2024020372,2024-11-29,BOS,PIT,0.54909,0.45091,BOS,0,PIT,0,0,REAL_NHL_API_OR_DERIVED_FROM_REAL
20242025,2024020373,2024-11-29,DAL,COL,0.501381,0.498619,DAL,1,DAL,1,0,REAL_NHL_API_OR_DERIVED_FROM_REAL
20242025,2024020374,2024-11-29,VGK,WPG,0.539053,0.460947,VGK,1,VGK,1,0,REAL_NHL_API_OR_DERIVED_FROM_REAL
20242025,2024020375,2024-11-29,UTA,EDM,0.411962,0.588038,EDM,0,EDM,1,0,REAL_NHL_API_OR_DERIVED_FROM_REAL
20242025,2024020376,2024-11-30,NYR,MTL,0.647394,0.352606,NYR,1,NYR,1,0,REAL_NHL_API_OR_DERIVED_FROM_REAL
20242025,2024020377,2024-11-30,FLA,CAR,0.66661,0.33339,FLA,1,FLA,1,0,REAL_NHL_API_OR_DERIVED_FROM_REAL
20242025,2024020378,2024-11-30,TBL,TOR,0.52749,0.47251,TBL,0,TOR,0,0,REAL_NHL_API_OR_DERIVED_FROM_REAL
20242025,2024020379,2024-11-30,NJD,WSH,0.47821,0.52179,WSH,0,WSH,1,0,REAL_NHL_API_OR_DERIVED_FROM_REAL
20242025,2024020380,2024-11-30,PIT,CGY,0.454524,0.545476,CGY,1,PIT,0,0,REAL_NHL_API_OR_DERIVED_FROM_REAL
20242025,2024020381,2024-11-30,STL,PHI,0.501359,0.498641,STL,0,PHI,0,0,REAL_NHL_API_OR_DERIVED_FROM_REAL
20242025,2024020382,2024-11-30,LAK,OTT,0.58617,0.41383,LAK,1,LAK,1,0,REAL_NHL_API_OR_DERIVED_FROM_REAL
20242025,2024020383,2024-11-30,NYI,BUF,0.424474,0.575526,BUF,1,NYI,0,0,REAL_NHL_API_OR_DERIVED_FROM_REAL
20242025,2024020384,2024-11-30,MIN,NSH,0.545664,0.454336,MIN,1,MIN,1,0,REAL_NHL_API_OR_DERIVED_FROM_REAL
20242025,2024020385,2024-11-30,COL,EDM,0.571388,0.428612,COL,0,EDM,0,0,REAL_NHL_API_OR_DERIVED_FROM_REAL
20242025,2024020386,2024-11-30,VGK,UTA,0.615418,0.384582,VGK,0,UTA,0,0,REAL_NHL_API_OR_DERIVED_FROM_REAL
20242025,2024020387,2024-11-30,SEA,SJS,0.646837,0.353163,SEA,0,SJS,0,0,REAL_NHL_API_OR_DERIVED_FROM_REAL
20242025,2024020388,2024-12-01,DET,VAN,0.330953,0.669047,VAN,0,VAN,1,0,REAL_NHL_API_OR_DERIVED_FROM_REAL
20242025,2024020389,2024-12-01,BOS,MTL,0.584055,0.415945,BOS,1,BOS,1,0,REAL_NHL_API_OR_DERIVED_FROM_REAL
20242025,2024020390,2024-12-01,CHI,CBJ,0.470262,0.529738,CBJ,0,CBJ,1,0,REAL_NHL_API_OR_DERIVED_FROM_REAL
20242025,2024020391,2024-12-01,DAL,WPG,0.525665,0.474335,DAL,1,DAL,1,0,REAL_NHL_API_OR_DERIVED_FROM_REAL
20242025,2024020392,2024-12-01,ANA,OTT,0.504085,0.495915,ANA,1,ANA,1,0,REAL_NHL_API_OR_DERIVED_FROM_REAL
20242025,2024020393,2024-12-02,NYR,NJD,0.422504,0.577496,NJD,0,NJD,1,0,REAL_NHL_API_OR_DERIVED_FROM_REAL
20242025,2024020394,2024-12-02,TOR,CHI,0.565246,0.434754,TOR,1,TOR,1,0,REAL_NHL_API_OR_DERIVED_FROM_REAL
20242025,2024020395,2024-12-02,UTA,DAL,0.432557,0.567443,DAL,0,DAL,1,0,REAL_NHL_API_OR_DERIVED_FROM_REAL
20242025,2024020396,2024-12-03,BOS,DET,0.554392,0.445608,BOS,1,BOS,1,0,REAL_NHL_API_OR_DERIVED_FROM_REAL
20242025,2024020397,2024-12-03,BUF,COL,0.644001,0.355999,BUF,0,COL,0,0,REAL_NHL_API_OR_DERIVED_FROM_REAL
20242025,2024020398,2024-12-03,MTL,NYI,0.606936,0.393064,MTL,1,MTL,1,0,REAL_NHL_API_OR_DERIVED_FROM_REAL
20242025,2024020399,2024-12-03,PIT,FLA,0.45439,0.54561,FLA,1,PIT,0,0,REAL_NHL_API_OR_DERIVED_FROM_REAL
20242025,2024020400,2024-12-03,WSH,SJS,0.662109,0.337891,WSH,0,SJS,0,0,REAL_NHL_API_OR_DERIVED_FROM_REAL
20242025,2024020401,2024-12-03,CAR,SEA,0.59762,0.40238,CAR,0,SEA,0,0,REAL_NHL_API_OR_DERIVED_FROM_REAL
20242025,2024020402,2024-12-03,MIN,VAN,0.5654,0.4346,MIN,1,MIN,1,0,REAL_NHL_API_OR_DERIVED_FROM_REAL
20242025,2024020403,2024-12-03,WPG,STL,0.60133,0.39867,WPG,0,STL,0,0,REAL_NHL_API_OR_DERIVED_FROM_REAL
20242025,2024020404,2024-12-03,CGY,CBJ,0.503782,0.496218,CGY,1,CGY,1,0,REAL_NHL_API_OR_DERIVED_FROM_REAL
20242025,2024020405,2024-12-03,VGK,EDM,0.478164,0.521836,EDM,1,VGK,0,0,REAL_NHL_API_OR_DERIVED_FROM_REAL
20242025,2024020406,2024-12-04,TOR,NSH,0.679975,0.320025,TOR,1,TOR,1,0,REAL_NHL_API_OR_DERIVED_FROM_REAL
20242025,2024020407,2024-12-04,CHI,BOS,0.483388,0.516612,BOS,0,BOS,1,0,REAL_NHL_API_OR_DERIVED_FROM_REAL
20242025,2024020408,2024-12-04,ANA,VGK,0.475067,0.524933,VGK,0,VGK,1,0,REAL_NHL_API_OR_DERIVED_FROM_REAL
20242025,2024020409,2024-12-04,LAK,DAL,0.404152,0.595848,DAL,1,LAK,0,0,REAL_NHL_API_OR_DERIVED_FROM_REAL
20242025,2024020410,2024-12-05,BUF,WPG,0.512041,0.487959,BUF,0,WPG,0,0,REAL_NHL_API_OR_DERIVED_FROM_REAL
20242025,2024020411,2024-12-05,MTL,NSH,0.615686,0.384314,MTL,1,MTL,1,0,REAL_NHL_API_OR_DERIVED_FROM_REAL
20242025,2024020412,2024-12-05,OTT,DET,0.528861,0.471139,OTT,1,OTT,1,0,REAL_NHL_API_OR_DERIVED_FROM_REAL
20242025,2024020413,2024-12-05,TBL,SJS,0.797413,0.202587,TBL,1,TBL,1,0,REAL_NHL_API_OR_DERIVED_FROM_REAL
20242025,2024020414,2024-12-05,PHI,FLA,0.38716,0.61284,FLA,0,FLA,1,0,REAL_NHL_API_OR_DERIVED_FROM_REAL
20242025,2024020415,2024-12-05,CAR,COL,0.644948,0.355052,CAR,1,CAR,1,0,REAL_NHL_API_OR_DERIVED_FROM_REAL
20242025,2024020416,2024-12-05,NYI,SEA,0.338406,0.661594,SEA,0,SEA,1,0,REAL_NHL_API_OR_DERIVED_FROM_REAL
20242025,2024020417,2024-12-05,CGY,STL,0.489035,0.510965,STL,0,STL,1,0,REAL_NHL_API_OR_DERIVED_FROM_REAL
20242025,2024020418,2024-12-05,EDM,CBJ,0.523437,0.476563,EDM,1,EDM,1,0,REAL_NHL_API_OR_DERIVED_FROM_REAL
20242025,2024020419,2024-12-06,TOR,WSH,0.535546,0.464454,TOR,0,WSH,0,0,REAL_NHL_API_OR_DERIVED_FROM_REAL
20242025,2024020420,2024-12-06,NJD,SEA,0.557635,0.442365,NJD,1,NJD,1,0,REAL_NHL_API_OR_DERIVED_FROM_REAL
20242025,2024020421,2024-12-06,NYR,PIT,0.512453,0.487547,NYR,1,NYR,1,0,REAL_NHL_API_OR_DERIVED_FROM_REAL
20242025,2024020422,2024-12-06,VAN,CBJ,0.496676,0.503324,CBJ,1,VAN,0,0,REAL_NHL_API_OR_DERIVED_FROM_REAL
20242025,2024020423,2024-12-06,VGK,DAL,0.519931,0.480069,VGK,1,VGK,1,0,REAL_NHL_API_OR_DERIVED_FROM_REAL
20242025,2024020424,2024-12-06,ANA,MIN,0.478766,0.521234,MIN,0,MIN,1,0,REAL_NHL_API_OR_DERIVED_FROM_REAL
20242025,2024020425,2024-12-07,BOS,PHI,0.534047,0.465953,BOS,1,BOS,1,0,REAL_NHL_API_OR_DERIVED_FROM_REAL
20242025,2024020426,2024-12-07,BUF,UTA,0.532415,0.467585,BUF,0,UTA,0,0,REAL_NHL_API_OR_DERIVED_FROM_REAL
20242025,2024020427,2024-12-07,CHI,WPG,0.272052,0.727948,WPG,0,WPG,1,0,REAL_NHL_API_OR_DERIVED_FROM_REAL
20242025,2024020428,2024-12-07,NYI,CAR,0.386806,0.613194,CAR,1,NYI,0,0,REAL_NHL_API_OR_DERIVED_FROM_REAL
20242025,2024020429,2024-12-07,FLA,SJS,0.697237,0.302763,FLA,1,FLA,1,0,REAL_NHL_API_OR_DERIVED_FROM_REAL
20242025,2024020430,2024-12-07,MTL,WSH,0.416462,0.583538,WSH,0,WSH,1,0,REAL_NHL_API_OR_DERIVED_FROM_REAL
20242025,2024020431,2024-12-07,OTT,NSH,0.575202,0.424798,OTT,1,OTT,1,0,REAL_NHL_API_OR_DERIVED_FROM_REAL
20242025,2024020432,2024-12-07,DET,COL,0.372676,0.627324,COL,0,COL,1,0,REAL_NHL_API_OR_DERIVED_FROM_REAL
20242025,2024020433,2024-12-07,PIT,TOR,0.539226,0.460774,PIT,1,PIT,1,0,REAL_NHL_API_OR_DERIVED_FROM_REAL
20242025,2024020434,2024-12-07,LAK,MIN,0.50079,0.49921,LAK,1,LAK,1,0,REAL_NHL_API_OR_DERIVED_FROM_REAL
20242025,2024020435,2024-12-07,EDM,STL,0.525989,0.474011,EDM,1,EDM,1,0,REAL_NHL_API_OR_DERIVED_FROM_REAL
20242025,2024020436,2024-12-08,NYR,SEA,0.507506,0.492494,NYR,0,SEA,0,0,REAL_NHL_API_OR_DERIVED_FROM_REAL
20242025,2024020437,2024-12-08,VAN,TBL,0.482837,0.517163,TBL,0,TBL,1,0,REAL_NHL_API_OR_DERIVED_FROM_REAL
20242025,2024020438,2024-12-08,OTT,NYI,0.574879,0.425121,OTT,0,NYI,0,0,REAL_NHL_API_OR_DERIVED_FROM_REAL
20242025,2024020439,2024-12-08,WPG,CBJ,0.594876,0.405124,WPG,0,CBJ,0,0,REAL_NHL_API_OR_DERIVED_FROM_REAL
20242025,2024020440,2024-12-08,NJD,COL,0.635786,0.364214,NJD,0,COL,0,0,REAL_NHL_API_OR_DERIVED_FROM_REAL
20242025,2024020441,2024-12-08,PHI,UTA,0.545909,0.454091,PHI,0,UTA,0,0,REAL_NHL_API_OR_DERIVED_FROM_REAL
20242025,2024020442,2024-12-08,DAL,CGY,0.579273,0.420727,DAL,1,DAL,1,0,REAL_NHL_API_OR_DERIVED_FROM_REAL
20242025,2024020443,2024-12-09,BUF,DET,0.579181,0.420819,BUF,0,DET,0,0,REAL_NHL_API_OR_DERIVED_FROM_REAL
20242025,2024020444,2024-12-09,NYR,CHI,0.680926,0.319074,NYR,0,CHI,0,0,REAL_NHL_API_OR_DERIVED_FROM_REAL
20242025,2024020445,2024-12-09,MTL,ANA,0.538232,0.461768,MTL,1,MTL,1,0,REAL_NHL_API_OR_DERIVED_FROM_REAL
20242025,2024020446,2024-12-10,NJD,TOR,0.551727,0.448273,NJD,0,TOR,0,0,REAL_NHL_API_OR_DERIVED_FROM_REAL
20242025,2024020447,2024-12-10,PIT,COL,0.566514,0.433486,PIT,0,COL,0,0,REAL_NHL_API_OR_DERIVED_FROM_REAL
20242025,2024020448,2024-12-10,CAR,SJS,0.665002,0.334998,CAR,1,CAR,1,0,REAL_NHL_API_OR_DERIVED_FROM_REAL
20242025,2024020449,2024-12-10,CBJ,PHI,0.548509,0.451491,CBJ,0,PHI,0,0,REAL_NHL_API_OR_DERIVED_FROM_REAL
20242025,2024020450,2024-12-10,NYI,LAK,0.471709,0.528291,LAK,0,LAK,1,0,REAL_NHL_API_OR_DERIVED_FROM_REAL
20242025,2024020451,2024-12-10,NSH,CGY,0.509706,0.490294,NSH,0,CGY,0,0,REAL_NHL_API_OR_DERIVED_FROM_REAL
20242025,2024020452,2024-12-10,WPG,BOS,0.52739,0.47261,WPG,1,WPG,1,0,REAL_NHL_API_OR_DERIVED_FROM_REAL
20242025,2024020453,2024-12-10,EDM,TBL,0.51163,0.48837,EDM,1,EDM,1,0,REAL_NHL_API_OR_DERIVED_FROM_REAL
20242025,2024020454,2024-12-10,UTA,MIN,0.482967,0.517033,MIN,0,MIN,1,0,REAL_NHL_API_OR_DERIVED_FROM_REAL
20242025,2024020455,2024-12-10,VAN,STL,0.602987,0.397013,VAN,0,STL,0,0,REAL_NHL_API_OR_DERIVED_FROM_REAL
20242025,2024020456,2024-12-10,SEA,FLA,0.471914,0.528086,FLA,0,FLA,1,0,REAL_NHL_API_OR_DERIVED_FROM_REAL
20242025,2024020457,2024-12-11,BUF,NYR,0.496047,0.503953,NYR,0,NYR,1,0,REAL_NHL_API_OR_DERIVED_FROM_REAL
20242025,2024020458,2024-12-11,OTT,ANA,0.470967,0.529033,ANA,1,OTT,0,0,REAL_NHL_API_OR_DERIVED_FROM_REAL
20242025,2024020459,2024-12-12,TOR,ANA,0.398396,0.601604,ANA,1,TOR,0,0,REAL_NHL_API_OR_DERIVED_FROM_REAL
20242025,2024020460,2024-12-12,MTL,PIT,0.29572,0.70428,PIT,0,PIT,1,0,REAL_NHL_API_OR_DERIVED_FROM_REAL
20242025,2024020461,2024-12-12,NJD,LAK,0.508518,0.491482,NJD,1,NJD,1,0,REAL_NHL_API_OR_DERIVED_FROM_REAL
20242025,2024020462,2024-12-12,PHI,DET,0.585178,0.414822,PHI,1,PHI,1,0,REAL_NHL_API_OR_DERIVED_FROM_REAL
20242025,2024020463,2024-12-12,CBJ,WSH,0.383676,0.616324,WSH,0,WSH,1,0,REAL_NHL_API_OR_DERIVED_FROM_REAL
20242025,2024020464,2024-12-12,NYI,CHI,0.666299,0.333701,NYI,1,NYI,1,0,REAL_NHL_API_OR_DERIVED_FROM_REAL
20242025,2024020465,2024-12-12,STL,SJS,0.581053,0.418947,STL,0,SJS,0,0,REAL_NHL_API_OR_DERIVED_FROM_REAL
20242025,2024020466,2024-12-12,DAL,NSH,0.674929,0.325071,DAL,0,NSH,0,0,REAL_NHL_API_OR_DERIVED_FROM_REAL
20242025,2024020467,2024-12-12,MIN,EDM,0.370239,0.629761,EDM,0,EDM,1,0,REAL_NHL_API_OR_DERIVED_FROM_REAL
20242025,2024020468,2024-12-12,WPG,VGK,0.469954,0.530046,VGK,0,VGK,1,0,REAL_NHL_API_OR_DERIVED_FROM_REAL
20242025,2024020469,2024-12-12,COL,UTA,0.600546,0.399454,COL,0,UTA,0,0,REAL_NHL_API_OR_DERIVED_FROM_REAL
20242025,2024020470,2024-12-12,CGY,TBL,0.499298,0.500702,TBL,0,TBL,1,0,REAL_NHL_API_OR_DERIVED_FROM_REAL
20242025,2024020471,2024-12-12,VAN,FLA,0.492432,0.507568,FLA,1,VAN,0,0,REAL_NHL_API_OR_DERIVED_FROM_REAL
20242025,2024020472,2024-12-12,SEA,BOS,0.551703,0.448297,SEA,1,SEA,1,0,REAL_NHL_API_OR_DERIVED_FROM_REAL
20242025,2024020473,2024-12-13,CAR,OTT,0.529025,0.470975,CAR,0,OTT,0,0,REAL_NHL_API_OR_DERIVED_FROM_REAL
20242025,2024020474,2024-12-14,NJD,CHI,0.615931,0.384069,NJD,1,NJD,1,0,REAL_NHL_API_OR_DERIVED_FROM_REAL
20242025,2024020475,2024-12-14,NYR,LAK,0.296863,0.703137,LAK,0,LAK,1,0,REAL_NHL_API_OR_DERIVED_FROM_REAL
20242025,2024020476,2024-12-14,MIN,PHI,0.571937,0.428063,MIN,1,MIN,1,0,REAL_NHL_API_OR_DERIVED_FROM_REAL
20242025,2024020477,2024-12-14,EDM,VGK,0.513638,0.486362,EDM,1,EDM,1,0,REAL_NHL_API_OR_DERIVED_FROM_REAL
20242025,2024020478,2024-12-14,OTT,PIT,0.553529,0.446471,OTT,1,OTT,1,0,REAL_NHL_API_OR_DERIVED_FROM_REAL
20242025,2024020479,2024-12-14,DET,TOR,0.386518,0.613482,TOR,1,DET,0,0,REAL_NHL_API_OR_DERIVED_FROM_REAL
20242025,2024020480,2024-12-14,WSH,BUF,0.62045,0.37955,WSH,1,WSH,1,0,REAL_NHL_API_OR_DERIVED_FROM_REAL
20242025,2024020481,2024-12-14,CBJ,ANA,0.576858,0.423142,CBJ,0,ANA,0,0,REAL_NHL_API_OR_DERIVED_FROM_REAL
20242025,2024020482,2024-12-14,WPG,MTL,0.666272,0.333728,WPG,1,WPG,1,0,REAL_NHL_API_OR_DERIVED_FROM_REAL
20242025,2024020483,2024-12-14,DAL,STL,0.533497,0.466503,DAL,1,DAL,1,0,REAL_NHL_API_OR_DERIVED_FROM_REAL
20242025,2024020484,2024-12-14,COL,NSH,0.610739,0.389261,COL,1,COL,1,0,REAL_NHL_API_OR_DERIVED_FROM_REAL
20242025,2024020485,2024-12-14,CGY,FLA,0.50015,0.49985,CGY,1,CGY,1,0,REAL_NHL_API_OR_DERIVED_FROM_REAL
20242025,2024020486,2024-12-14,VAN,BOS,0.520898,0.479102,VAN,0,BOS,0,0,REAL_NHL_API_OR_DERIVED_FROM_REAL
20242025,2024020487,2024-12-14,SJS,UTA,0.433184,0.566816,UTA,0,UTA,1,0,REAL_NHL_API_OR_DERIVED_FROM_REAL
20242025,2024020488,2024-12-14,SEA,TBL,0.512057,0.487943,SEA,0,TBL,0,0,REAL_NHL_API_OR_DERIVED_FROM_REAL
20242025,2024020489,2024-12-15,CHI,NYI,0.474931,0.525069,NYI,1,CHI,0,0,REAL_NHL_API_OR_DERIVED_FROM_REAL
20242025,2024020490,2024-12-15,TOR,BUF,0.60652,0.39348,TOR,1,TOR,1,0,REAL_NHL_API_OR_DERIVED_FROM_REAL
20242025,2024020491,2024-12-15,CAR,CBJ,0.645648,0.354352,CAR,1,CAR,1,0,REAL_NHL_API_OR_DERIVED_FROM_REAL
20242025,2024020492,2024-12-15,STL,NYR,0.573809,0.426191,STL,1,STL,1,0,REAL_NHL_API_OR_DERIVED_FROM_REAL
20242025,2024020493,2024-12-15,MIN,VGK,0.46941,0.53059,VGK,0,VGK,1,0,REAL_NHL_API_OR_DERIVED_FROM_REAL
20242025,2024020494,2024-12-16,DAL,WSH,0.475902,0.524098,WSH,1,DAL,0,0,REAL_NHL_API_OR_DERIVED_FROM_REAL
20242025,2024020495,2024-12-16,EDM,FLA,0.516969,0.483031,EDM,0,FLA,0,0,REAL_NHL_API_OR_DERIVED_FROM_REAL
20242025,2024020496,2024-12-16,VAN,COL,0.41852,0.58148,COL,1,VAN,0,0,REAL_NHL_API_OR_DERIVED_FROM_REAL
20242025,2024020497,2024-12-17,MTL,BUF,0.597607,0.402393,MTL,1,MTL,1,0,REAL_NHL_API_OR_DERIVED_FROM_REAL
20242025,2024020498,2024-12-17,TBL,CBJ,0.683682,0.316318,TBL,1,TBL,1,0,REAL_NHL_API_OR_DERIVED_FROM_REAL
20242025,2024020499,2024-12-17,PIT,LAK,0.507188,0.492812,PIT,1,PIT,1,0,REAL_NHL_API_OR_DERIVED_FROM_REAL
20242025,2024020500,2024-12-17,CAR,NYI,0.729929,0.270071,CAR,1,CAR,1,0,REAL_NHL_API_OR_DERIVED_FROM_REAL
20242025,2024020501,2024-12-17,STL,NJD,0.510554,0.489446,STL,0,NJD,0,0,REAL_NHL_API_OR_DERIVED_FROM_REAL
20242025,2024020502,2024-12-17,NSH,NYR,0.428339,0.571661,NYR,1,NSH,0,0,REAL_NHL_API_OR_DERIVED_FROM_REAL
20242025,2024020503,2024-12-17,CHI,WSH,0.428484,0.571516,WSH,1,CHI,0,0,REAL_NHL_API_OR_DERIVED_FROM_REAL
20242025,2024020504,2024-12-17,CGY,BOS,0.560983,0.439017,CGY,0,BOS,0,0,REAL_NHL_API_OR_DERIVED_FROM_REAL
20242025,2024020505,2024-12-17,SEA,OTT,0.518313,0.481687,SEA,0,OTT,0,0,REAL_NHL_API_OR_DERIVED_FROM_REAL
20242025,2024020506,2024-12-17,SJS,WPG,0.40734,0.59266,WPG,0,WPG,1,0,REAL_NHL_API_OR_DERIVED_FROM_REAL
20242025,2024020507,2024-12-18,DET,PHI,0.491935,0.508065,PHI,1,DET,0,0,REAL_NHL_API_OR_DERIVED_FROM_REAL
20242025,2024020508,2024-12-18,DAL,TOR,0.340567,0.659433,TOR,0,TOR,1,0,REAL_NHL_API_OR_DERIVED_FROM_REAL
20242025,2024020509,2024-12-18,MIN,FLA,0.543976,0.456024,MIN,0,FLA,0,0,REAL_NHL_API_OR_DERIVED_FROM_REAL
20242025,2024020510,2024-12-18,UTA,VAN,0.528033,0.471967,UTA,1,UTA,1,0,REAL_NHL_API_OR_DERIVED_FROM_REAL
20242025,2024020511,2024-12-18,ANA,WPG,0.421626,0.578374,WPG,1,ANA,0,0,REAL_NHL_API_OR_DERIVED_FROM_REAL
20242025,2024020512,2024-12-19,TBL,STL,0.739972,0.260028,TBL,1,TBL,1,0,REAL_NHL_API_OR_DERIVED_FROM_REAL
20242025,2024020513,2024-12-19,PHI,LAK,0.469428,0.530572,LAK,0,LAK,1,0,REAL_NHL_API_OR_DERIVED_FROM_REAL
20242025,2024020514,2024-12-19,CBJ,NJD,0.423514,0.576486,NJD,1,CBJ,0,0,REAL_NHL_API_OR_DERIVED_FROM_REAL
20242025,2024020515,2024-12-19,NSH,PIT,0.490682,0.509318,PIT,0,PIT,1,0,REAL_NHL_API_OR_DERIVED_FROM_REAL
20242025,2024020516,2024-12-19,CHI,SEA,0.448037,0.551963,SEA,1,CHI,0,0,REAL_NHL_API_OR_DERIVED_FROM_REAL
20242025,2024020517,2024-12-19,CGY,OTT,0.477167,0.522833,OTT,0,OTT,1,0,REAL_NHL_API_OR_DERIVED_FROM_REAL
20242025,2024020518,2024-12-19,EDM,BOS,0.585248,0.414752,EDM,1,EDM,1,0,REAL_NHL_API_OR_DERIVED_FROM_REAL
20242025,2024020519,2024-12-19,VGK,VAN,0.511192,0.488808,VGK,1,VGK,1,0,REAL_NHL_API_OR_DERIVED_FROM_REAL
20242025,2024020520,2024-12-19,SJS,COL,0.463557,0.536443,COL,0,COL,1,0,REAL_NHL_API_OR_DERIVED_FROM_REAL
20242025,2024020521,2024-12-20,BUF,TOR,0.316044,0.683956,TOR,0,TOR,1,0,REAL_NHL_API_OR_DERIVED_FROM_REAL
20242025,2024020522,2024-12-20,DET,MTL,0.610055,0.389945,DET,0,MTL,0,0,REAL_NHL_API_OR_DERIVED_FROM_REAL
20242025,2024020523,2024-12-20,FLA,STL,0.525716,0.474284,FLA,1,FLA,1,0,REAL_NHL_API_OR_DERIVED_FROM_REAL
20242025,2024020524,2024-12-20,WSH,CAR,0.56694,0.43306,WSH,1,WSH,1,0,REAL_NHL_API_OR_DERIVED_FROM_REAL
20242025,2024020525,2024-12-20,DAL,NYR,0.562252,0.437748,DAL,0,NYR,0,0,REAL_NHL_API_OR_DERIVED_FROM_REAL
20242025,2024020526,2024-12-20,MIN,UTA,0.544503,0.455497,MIN,0,UTA,0,0,REAL_NHL_API_OR_DERIVED_FROM_REAL
20242025,2024020527,2024-12-20,ANA,COL,0.390196,0.609804,COL,0,COL,1,0,REAL_NHL_API_OR_DERIVED_FROM_REAL
20242025,2024020528,2024-12-21,NSH,LAK,0.418202,0.581798,LAK,1,NSH,0,0,REAL_NHL_API_OR_DERIVED_FROM_REAL
20242025,2024020529,2024-12-21,CGY,CHI,0.56003,0.43997,CGY,1,CGY,1,0,REAL_NHL_API_OR_DERIVED_FROM_REAL
20242025,2024020530,2024-12-21,EDM,SJS,0.666589,0.333411,EDM,1,EDM,1,0,REAL_NHL_API_OR_DERIVED_FROM_REAL
20242025,2024020531,2024-12-21,BOS,BUF,0.585209,0.414791,BOS,1,BOS,1,0,REAL_NHL_API_OR_DERIVED_FROM_REAL
20242025,2024020532,2024-12-21,TOR,NYI,0.631956,0.368044,TOR,0,NYI,0,0,REAL_NHL_API_OR_DERIVED_FROM_REAL
20242025,2024020533,2024-12-21,MTL,DET,0.485983,0.514017,DET,1,MTL,0,0,REAL_NHL_API_OR_DERIVED_FROM_REAL
20242025,2024020534,2024-12-21,NJD,PIT,0.512022,0.487978,NJD,1,NJD,1,0,REAL_NHL_API_OR_DERIVED_FROM_REAL
20242025,2024020535,2024-12-21,PHI,CBJ,0.572223,0.427777,PHI,1,PHI,1,0,REAL_NHL_API_OR_DERIVED_FROM_REAL
20242025,2024020536,2024-12-21,WPG,MIN,0.600542,0.399458,WPG,1,WPG,1,0,REAL_NHL_API_OR_DERIVED_FROM_REAL
20242025,2024020537,2024-12-21,VAN,OTT,0.516526,0.483474,VAN,0,OTT,0,0,REAL_NHL_API_OR_DERIVED_FROM_REAL
20242025,2024020538,2024-12-21,VGK,SEA,0.582886,0.417114,VGK,1,VGK,1,0,REAL_NHL_API_OR_DERIVED_FROM_REAL
20242025,2024020539,2024-12-22,NYR,CAR,0.509014,0.490986,NYR,0,CAR,0,0,REAL_NHL_API_OR_DERIVED_FROM_REAL
20242025,2024020540,2024-12-22,TBL,FLA,0.597923,0.402077,TBL,0,FLA,0,0,REAL_NHL_API_OR_DERIVED_FROM_REAL
20242025,2024020541,2024-12-22,WSH,LAK,0.57343,0.42657,WSH,1,WSH,1,0,REAL_NHL_API_OR_DERIVED_FROM_REAL
20242025,2024020542,2024-12-22,UTA,ANA,0.595273,0.404727,UTA,0,ANA,0,0,REAL_NHL_API_OR_DERIVED_FROM_REAL
20242025,2024020543,2024-12-22,COL,SEA,0.572185,0.427815,COL,1,COL,1,0,REAL_NHL_API_OR_DERIVED_FROM_REAL
20242025,2024020544,2024-12-22,EDM,OTT,0.744276,0.255724,EDM,1,EDM,1,0,REAL_NHL_API_OR_DERIVED_FROM_REAL
20242025,2024020545,2024-12-23,NJD,NYR,0.568638,0.431362,NJD,1,NJD,1,0,REAL_NHL_API_OR_DERIVED_FROM_REAL
20242025,2024020546,2024-12-23,TOR,WPG,0.591409,0.408591,TOR,0,WPG,0,0,REAL_NHL_API_OR_DERIVED_FROM_REAL
20242025,2024020547,2024-12-23,BOS,WSH,0.497583,0.502417,WSH,1,BOS,0,0,REAL_NHL_API_OR_DERIVED_FROM_REAL
20242025,2024020548,2024-12-23,DET,STL,0.550078,0.449922,DET,0,STL,0,0,REAL_NHL_API_OR_DERIVED_FROM_REAL
20242025,2024020549,2024-12-23,FLA,TBL,0.513804,0.486196,FLA,0,TBL,0,0,REAL_NHL_API_OR_DERIVED_FROM_REAL
20242025,2024020550,2024-12-23,PIT,PHI,0.791,0.209,PIT,1,PIT,1,0,REAL_NHL_API_OR_DERIVED_FROM_REAL
20242025,2024020551,2024-12-23,CBJ,MTL,0.49356,0.50644,MTL,1,CBJ,0,0,REAL_NHL_API_OR_DERIVED_FROM_REAL
20242025,2024020552,2024-12-23,NYI,BUF,0.58667,0.41333,NYI,0,BUF,0,0,REAL_NHL_API_OR_DERIVED_FROM_REAL
20242025,2024020553,2024-12-23,NSH,CAR,0.42344,0.57656,CAR,1,NSH,0,0,REAL_NHL_API_OR_DERIVED_FROM_REAL
20242025,2024020554,2024-12-23,MIN,CHI,0.568379,0.431621,MIN,1,MIN,1,0,REAL_NHL_API_OR_DERIVED_FROM_REAL
20242025,2024020555,2024-12-23,VAN,SJS,0.596065,0.403935,VAN,1,VAN,1,0,REAL_NHL_API_OR_DERIVED_FROM_REAL
20242025,2024020556,2024-12-23,UTA,DAL,0.516763,0.483237,UTA,0,DAL,0,0,REAL_NHL_API_OR_DERIVED_FROM_REAL
20242025,2024020557,2024-12-23,VGK,ANA,0.734034,0.265966,VGK,1,VGK,1,0,REAL_NHL_API_OR_DERIVED_FROM_REAL
20242025,2024020558,2024-12-27,BUF,CHI,0.690345,0.309655,BUF,1,BUF,1,0,REAL_NHL_API_OR_DERIVED_FROM_REAL
20242025,2024020559,2024-12-27,DET,TOR,0.285367,0.714633,TOR,0,TOR,1,0,REAL_NHL_API_OR_DERIVED_FROM_REAL
20242025,2024020560,2024-12-27,NJD,CAR,0.565889,0.434111,NJD,1,NJD,1,0,REAL_NHL_API_OR_DERIVED_FROM_REAL
20242025,2024020561,2024-12-27,CBJ,BOS,0.474187,0.525813,BOS,1,CBJ,0,0,REAL_NHL_API_OR_DERIVED_FROM_REAL
20242025,2024020562,2024-12-27,STL,NSH,0.714157,0.285843,STL,1,STL,1,0,REAL_NHL_API_OR_DERIVED_FROM_REAL
20242025,2024020563,2024-12-27,DAL,MIN,0.523109,0.476891,DAL,0,MIN,0,0,REAL_NHL_API_OR_DERIVED_FROM_REAL
20242025,2024020564,2024-12-27,UTA,COL,0.514905,0.485095,UTA,0,COL,0,0,REAL_NHL_API_OR_DERIVED_FROM_REAL
20242025,2024020565,2024-12-27,SJS,VGK,0.445908,0.554092,VGK,0,VGK,1,0,REAL_NHL_API_OR_DERIVED_FROM_REAL
20242025,2024020566,2024-12-28,FLA,MTL,0.519248,0.480752,FLA,0,MTL,0,0,REAL_NHL_API_OR_DERIVED_FROM_REAL
20242025,2024020567,2024-12-28,VAN,SEA,0.584018,0.415982,VAN,0,SEA,0,0,REAL_NHL_API_OR_DERIVED_FROM_REAL
20242025,2024020568,2024-12-28,ANA,PHI,0.516481,0.483519,ANA,0,PHI,0,0,REAL_NHL_API_OR_DERIVED_FROM_REAL
20242025,2024020569,2024-12-28,LAK,EDM,0.503285,0.496715,LAK,1,LAK,1,0,REAL_NHL_API_OR_DERIVED_FROM_REAL
20242025,2024020570,2024-12-28,BOS,CBJ,0.598891,0.401109,BOS,1,BOS,1,0,REAL_NHL_API_OR_DERIVED_FROM_REAL
20242025,2024020571,2024-12-28,TOR,WSH,0.562668,0.437332,TOR,0,WSH,0,0,REAL_NHL_API_OR_DERIVED_FROM_REAL
20242025,2024020572,2024-12-28,TBL,NYR,0.761533,0.238467,TBL,1,TBL,1,0,REAL_NHL_API_OR_DERIVED_FROM_REAL
20242025,2024020573,2024-12-28,CAR,NJD,0.551557,0.448443,CAR,1,CAR,1,0,REAL_NHL_API_OR_DERIVED_FROM_REAL
20242025,2024020574,2024-12-28,WPG,OTT,0.565642,0.434358,WPG,1,WPG,1,0,REAL_NHL_API_OR_DERIVED_FROM_REAL
20242025,2024020575,2024-12-28,NYI,PIT,0.494782,0.505218,PIT,1,NYI,0,0,REAL_NHL_API_OR_DERIVED_FROM_REAL
20242025,2024020576,2024-12-28,SJS,CGY,0.420049,0.579951,CGY,0,CGY,1,0,REAL_NHL_API_OR_DERIVED_FROM_REAL
20242025,2024020577,2024-12-29,CHI,DAL,0.432636,0.567364,DAL,0,DAL,1,0,REAL_NHL_API_OR_DERIVED_FROM_REAL
20242025,2024020578,2024-12-29,ANA,EDM,0.425513,0.574487,EDM,1,ANA,0,0,REAL_NHL_API_OR_DERIVED_FROM_REAL
20242025,2024020579,2024-12-29,DET,WSH,0.467951,0.532049,WSH,1,DET,0,0,REAL_NHL_API_OR_DERIVED_FROM_REAL
20242025,2024020580,2024-12-29,TBL,MTL,0.600259,0.399741,TBL,0,MTL,0,0,REAL_NHL_API_OR_DERIVED_FROM_REAL
20242025,2024020581,2024-12-29,PIT,NYI,0.624218,0.375782,PIT,1,PIT,1,0,REAL_NHL_API_OR_DERIVED_FROM_REAL
20242025,2024020582,2024-12-29,STL,BUF,0.544837,0.455163,STL,0,BUF,0,0,REAL_NHL_API_OR_DERIVED_FROM_REAL
20242025,2024020583,2024-12-29,MIN,OTT,0.503383,0.496617,MIN,0,OTT,0,0,REAL_NHL_API_OR_DERIVED_FROM_REAL
20242025,2024020584,2024-12-29,VGK,CGY,0.627341,0.372659,VGK,1,VGK,1,0,REAL_NHL_API_OR_DERIVED_FROM_REAL
20242025,2024020585,2024-12-29,LAK,PHI,0.619044,0.380956,LAK,1,LAK,1,0,REAL_NHL_API_OR_DERIVED_FROM_REAL
20242025,2024020586,2024-12-30,FLA,NYR,0.647746,0.352254,FLA,1,FLA,1,0,REAL_NHL_API_OR_DERIVED_FROM_REAL
20242025,2024020587,2024-12-30,WPG,NSH,0.690599,0.309401,WPG,1,WPG,1,0,REAL_NHL_API_OR_DERIVED_FROM_REAL
20242025,2024020588,2024-12-30,SEA,UTA,0.531659,0.468341,SEA,1,SEA,1,0,REAL_NHL_API_OR_DERIVED_FROM_REAL
20242025,2024020589,2024-12-31,WSH,BOS,0.538896,0.461104,WSH,1,WSH,1,0,REAL_NHL_API_OR_DERIVED_FROM_REAL
20242025,2024020590,2024-12-31,TOR,NYI,0.608147,0.391853,TOR,1,TOR,1,0,REAL_NHL_API_OR_DERIVED_FROM_REAL
20242025,2024020591,2024-12-31,VGK,MTL,0.615958,0.384042,VGK,0,MTL,0,0,REAL_NHL_API_OR_DERIVED_FROM_REAL
20242025,2024020592,2024-12-31,CHI,STL,0.497217,0.502783,STL,0,STL,1,0,REAL_NHL_API_OR_DERIVED_FROM_REAL
20242025,2024020593,2024-12-31,DET,PIT,0.447162,0.552838,PIT,1,DET,0,0,REAL_NHL_API_OR_DERIVED_FROM_REAL
20242025,2024020594,2024-12-31,CBJ,CAR,0.503313,0.496687,CBJ,1,CBJ,1,0,REAL_NHL_API_OR_DERIVED_FROM_REAL
20242025,2024020595,2024-12-31,DAL,BUF,0.544353,0.455647,DAL,1,DAL,1,0,REAL_NHL_API_OR_DERIVED_FROM_REAL
20242025,2024020596,2024-12-31,MIN,NSH,0.513144,0.486856,MIN,1,MIN,1,0,REAL_NHL_API_OR_DERIVED_FROM_REAL
20242025,2024020597,2024-12-31,COL,WPG,0.513918,0.486082,COL,1,COL,1,0,REAL_NHL_API_OR_DERIVED_FROM_REAL
20242025,2024020598,2024-12-31,ANA,NJD,0.497609,0.502391,NJD,1,ANA,0,0,REAL_NHL_API_OR_DERIVED_FROM_REAL
20242025,2024020599,2024-12-31,SJS,PHI,0.667768,0.332232,SJS,0,PHI,0,0,REAL_NHL_API_OR_DERIVED_FROM_REAL
20242025,2024020600,2024-12-31,CGY,VAN,0.516665,0.483335,CGY,1,CGY,1,0,REAL_NHL_API_OR_DERIVED_FROM_REAL
20242025,2024020601,2024-12-31,EDM,UTA,0.626041,0.373959,EDM,1,EDM,1,0,REAL_NHL_API_OR_DERIVED_FROM_REAL
20242025,2024020602,2025-01-01,LAK,NJD,0.562817,0.437183,LAK,1,LAK,1,0,REAL_NHL_API_OR_DERIVED_FROM_REAL
20242025,2024020603,2025-01-02,FLA,CAR,0.488346,0.511654,CAR,0,CAR,1,0,REAL_NHL_API_OR_DERIVED_FROM_REAL
20242025,2024020604,2025-01-02,NYR,BOS,0.500264,0.499736,NYR,1,NYR,1,0,REAL_NHL_API_OR_DERIVED_FROM_REAL
20242025,2024020605,2025-01-02,WSH,MIN,0.55663,0.44337,WSH,0,MIN,0,0,REAL_NHL_API_OR_DERIVED_FROM_REAL
20242025,2024020606,2025-01-02,CBJ,DET,0.571167,0.428833,CBJ,0,DET,0,0,REAL_NHL_API_OR_DERIVED_FROM_REAL
20242025,2024020607,2025-01-02,NYI,TOR,0.444723,0.555277,TOR,0,TOR,1,0,REAL_NHL_API_OR_DERIVED_FROM_REAL
20242025,2024020608,2025-01-02,DAL,OTT,0.566694,0.433306,DAL,1,DAL,1,0,REAL_NHL_API_OR_DERIVED_FROM_REAL
20242025,2024020609,2025-01-02,WPG,ANA,0.626526,0.373474,WPG,0,ANA,0,0,REAL_NHL_API_OR_DERIVED_FROM_REAL
20242025,2024020610,2025-01-02,COL,BUF,0.449981,0.550019,BUF,1,COL,0,0,REAL_NHL_API_OR_DERIVED_FROM_REAL
20242025,2024020611,2025-01-02,CGY,UTA,0.63145,0.36855,CGY,0,UTA,0,0,REAL_NHL_API_OR_DERIVED_FROM_REAL
20242025,2024020612,2025-01-02,VGK,PHI,0.652295,0.347705,VGK,1,VGK,1,0,REAL_NHL_API_OR_DERIVED_FROM_REAL
20242025,2024020613,2025-01-02,SEA,VAN,0.679474,0.320526,SEA,0,VAN,0,0,REAL_NHL_API_OR_DERIVED_FROM_REAL
20242025,2024020614,2025-01-02,SJS,TBL,0.434223,0.565777,TBL,1,SJS,0,0,REAL_NHL_API_OR_DERIVED_FROM_REAL
20242025,2024020615,2025-01-03,FLA,PIT,0.572496,0.427504,FLA,1,FLA,1,0,REAL_NHL_API_OR_DERIVED_FROM_REAL
20242025,2024020616,2025-01-03,CHI,MTL,0.533958,0.466042,CHI,1,CHI,1,0,REAL_NHL_API_OR_DERIVED_FROM_REAL
20242025,2024020617,2025-01-03,STL,OTT,0.539827,0.460173,STL,1,STL,1,0,REAL_NHL_API_OR_DERIVED_FROM_REAL
20242025,2024020618,2025-01-03,EDM,ANA,0.624598,0.375402,EDM,1,EDM,1,0,REAL_NHL_API_OR_DERIVED_FROM_REAL
20242025,2024020619,2025-01-03,VAN,NSH,0.47864,0.52136,NSH,0,NSH,1,0,REAL_NHL_API_OR_DERIVED_FROM_REAL
20242025,2024020620,2025-01-04,WSH,NYR,0.662544,0.337456,WSH,1,WSH,1,0,REAL_NHL_API_OR_DERIVED_FROM_REAL
20242025,2024020621,2025-01-04,WPG,DET,0.5893,0.4107,WPG,0,DET,0,0,REAL_NHL_API_OR_DERIVED_FROM_REAL
20242025,2024020622,2025-01-04,SJS,NJD,0.439207,0.560793,NJD,1,SJS,0,0,REAL_NHL_API_OR_DERIVED_FROM_REAL
20242025,2024020623,2025-01-04,TOR,BOS,0.529181,0.470819,TOR,1,TOR,1,0,REAL_NHL_API_OR_DERIVED_FROM_REAL
20242025,2024020624,2025-01-04,CAR,MIN,0.527914,0.472086,CAR,0,MIN,0,0,REAL_NHL_API_OR_DERIVED_FROM_REAL
20242025,2024020625,2025-01-04,CBJ,STL,0.515144,0.484856,CBJ,1,CBJ,1,0,REAL_NHL_API_OR_DERIVED_FROM_REAL
20242025,2024020626,2025-01-04,COL,MTL,0.621369,0.378631,COL,0,MTL,0,0,REAL_NHL_API_OR_DERIVED_FROM_REAL
20242025,2024020627,2025-01-04,CGY,NSH,0.554125,0.445875,CGY,0,NSH,0,0,REAL_NHL_API_OR_DERIVED_FROM_REAL
20242025,2024020628,2025-01-04,DAL,UTA,0.645184,0.354816,DAL,1,DAL,1,0,REAL_NHL_API_OR_DERIVED_FROM_REAL
20242025,2024020629,2025-01-04,LAK,TBL,0.544632,0.455368,LAK,1,LAK,1,0,REAL_NHL_API_OR_DERIVED_FROM_REAL
20242025,2024020630,2025-01-04,VGK,BUF,0.59199,0.40801,VGK,1,VGK,1,0,REAL_NHL_API_OR_DERIVED_FROM_REAL
20242025,2024020631,2025-01-04,SEA,EDM,0.457167,0.542833,EDM,0,EDM,1,0,REAL_NHL_API_OR_DERIVED_FROM_REAL
20242025,2024020632,2025-01-05,CHI,NYR,0.492532,0.507468,NYR,0,NYR,1,0,REAL_NHL_API_OR_DERIVED_FROM_REAL
20242025,2024020633,2025-01-05,BOS,NYI,0.616126,0.383874,BOS,0,NYI,0,0,REAL_NHL_API_OR_DERIVED_FROM_REAL
20242025,2024020634,2025-01-05,CAR,PIT,0.565216,0.434784,CAR,1,CAR,1,0,REAL_NHL_API_OR_DERIVED_FROM_REAL
20242025,2024020635,2025-01-05,TOR,PHI,0.691855,0.308145,TOR,1,TOR,1,0,REAL_NHL_API_OR_DERIVED_FROM_REAL
20242025,2024020636,2025-01-05,ANA,TBL,0.510367,0.489633,ANA,1,ANA,1,0,REAL_NHL_API_OR_DERIVED_FROM_REAL
20242025,2024020637,2025-01-06,BUF,WSH,0.469309,0.530691,WSH,1,BUF,0,0,REAL_NHL_API_OR_DERIVED_FROM_REAL
20242025,2024020638,2025-01-06,MTL,VAN,0.510341,0.489659,MTL,1,MTL,1,0,REAL_NHL_API_OR_DERIVED_FROM_REAL
20242025,2024020639,2025-01-06,COL,FLA,0.513422,0.486578,COL,1,COL,1,0,REAL_NHL_API_OR_DERIVED_FROM_REAL
20242025,2024020640,2025-01-06,SEA,NJD,0.493919,0.506081,NJD,0,NJD,1,0,REAL_NHL_API_OR_DERIVED_FROM_REAL
20242025,2024020029,2025-01-07,TBL,CAR,0.546594,0.453406,TBL,1,TBL,1,0,REAL_NHL_API_OR_DERIVED_FROM_REAL
20242025,2024020641,2025-01-07,BOS,EDM,0.642233,0.357767,BOS,0,EDM,0,0,REAL_NHL_API_OR_DERIVED_FROM_REAL
20242025,2024020642,2025-01-07,DET,OTT,0.271139,0.728861,OTT,1,DET,0,0,REAL_NHL_API_OR_DERIVED_FROM_REAL
20242025,2024020643,2025-01-07,NYR,DAL,0.457386,0.542614,DAL,0,DAL,1,0,REAL_NHL_API_OR_DERIVED_FROM_REAL
20242025,2024020644,2025-01-07,PHI,TOR,0.362392,0.637608,TOR,0,TOR,1,0,REAL_NHL_API_OR_DERIVED_FROM_REAL
20242025,2024020645,2025-01-07,PIT,CBJ,0.553208,0.446792,PIT,0,CBJ,0,0,REAL_NHL_API_OR_DERIVED_FROM_REAL
20242025,2024020646,2025-01-07,MIN,STL,0.432326,0.567674,STL,1,MIN,0,0,REAL_NHL_API_OR_DERIVED_FROM_REAL
20242025,2024020647,2025-01-07,WPG,NSH,0.65748,0.34252,WPG,1,WPG,1,0,REAL_NHL_API_OR_DERIVED_FROM_REAL
20242025,2024020648,2025-01-07,ANA,CGY,0.506844,0.493156,ANA,0,CGY,0,0,REAL_NHL_API_OR_DERIVED_FROM_REAL
20242025,2024020649,2025-01-07,SJS,VGK,0.420224,0.579776,VGK,0,VGK,1,0,REAL_NHL_API_OR_DERIVED_FROM_REAL
20242025,2024020650,2025-01-08,WSH,VAN,0.650088,0.349912,WSH,1,WSH,1,0,REAL_NHL_API_OR_DERIVED_FROM_REAL
20242025,2024020651,2025-01-08,CHI,COL,0.424019,0.575981,COL,1,CHI,0,0,REAL_NHL_API_OR_DERIVED_FROM_REAL
20242025,2024020652,2025-01-08,UTA,FLA,0.515933,0.484067,UTA,0,FLA,0,0,REAL_NHL_API_OR_DERIVED_FROM_REAL
20242025,2024020654,2025-01-09,OTT,BUF,0.548106,0.451894,OTT,0,BUF,0,0,REAL_NHL_API_OR_DERIVED_FROM_REAL
20242025,2024020655,2025-01-09,TBL,BOS,0.572159,0.427841,TBL,1,TBL,1,0,REAL_NHL_API_OR_DERIVED_FROM_REAL
20242025,2024020656,2025-01-09,NYR,NJD,0.444928,0.555072,NJD,1,NYR,0,0,REAL_NHL_API_OR_DERIVED_FROM_REAL
20242025,2024020657,2025-01-09,PHI,DAL,0.364131,0.635869,DAL,0,DAL,1,0,REAL_NHL_API_OR_DERIVED_FROM_REAL
20242025,2024020658,2025-01-09,PIT,EDM,0.45012,0.54988,EDM,1,PIT,0,0,REAL_NHL_API_OR_DERIVED_FROM_REAL
20242025,2024020659,2025-01-09,CAR,TOR,0.515631,0.484369,CAR,1,CAR,1,0,REAL_NHL_API_OR_DERIVED_FROM_REAL
20242025,2024020660,2025-01-09,CBJ,SEA,0.612118,0.387882,CBJ,1,CBJ,1,0,REAL_NHL_API_OR_DERIVED_FROM_REAL
20242025,2024020661,2025-01-09,STL,ANA,0.688458,0.311542,STL,1,STL,1,0,REAL_NHL_API_OR_DERIVED_FROM_REAL
20242025,2024020662,2025-01-09,MIN,COL,0.509969,0.490031,MIN,0,COL,0,0,REAL_NHL_API_OR_DERIVED_FROM_REAL
20242025,2024020663,2025-01-09,VGK,NYI,0.594124,0.405876,VGK,0,NYI,0,0,REAL_NHL_API_OR_DERIVED_FROM_REAL
20242025,2024020664,2025-01-10,DET,CHI,0.643941,0.356059,DET,1,DET,1,0,REAL_NHL_API_OR_DERIVED_FROM_REAL
20242025,2024020665,2025-01-10,WSH,MTL,0.519927,0.480073,WSH,0,MTL,0,0,REAL_NHL_API_OR_DERIVED_FROM_REAL
20242025,2024020666,2025-01-10,CAR,VAN,0.538073,0.461927,CAR,1,CAR,1,0,REAL_NHL_API_OR_DERIVED_FROM_REAL
20242025,2024020667,2025-01-10,WPG,LAK,0.522999,0.477001,WPG,0,LAK,0,0,REAL_NHL_API_OR_DERIVED_FROM_REAL
20242025,2024020668,2025-01-10,UTA,SJS,0.533025,0.466975,UTA,1,UTA,1,0,REAL_NHL_API_OR_DERIVED_FROM_REAL
20242025,2024020669,2025-01-11,FLA,BOS,0.524741,0.475259,FLA,0,BOS,0,0,REAL_NHL_API_OR_DERIVED_FROM_REAL
20242025,2024020670,2025-01-11,BUF,SEA,0.567436,0.432564,BUF,0,SEA,0,0,REAL_NHL_API_OR_DERIVED_FROM_REAL
20242025,2024020671,2025-01-11,PIT,OTT,0.455431,0.544569,OTT,0,OTT,1,0,REAL_NHL_API_OR_DERIVED_FROM_REAL
20242025,2024020672,2025-01-11,TOR,VAN,0.579037,0.420963,TOR,0,VAN,0,0,REAL_NHL_API_OR_DERIVED_FROM_REAL
20242025,2024020673,2025-01-11,MTL,DAL,0.500425,0.499575,MTL,0,DAL,0,0,REAL_NHL_API_OR_DERIVED_FROM_REAL
20242025,2024020674,2025-01-11,NJD,TBL,0.497327,0.502673,TBL,1,NJD,0,0,REAL_NHL_API_OR_DERIVED_FROM_REAL
20242025,2024020675,2025-01-11,PHI,ANA,0.54157,0.45843,PHI,1,PHI,1,0,REAL_NHL_API_OR_DERIVED_FROM_REAL
20242025,2024020676,2025-01-11,CHI,EDM,0.444392,0.555608,EDM,0,EDM,1,0,REAL_NHL_API_OR_DERIVED_FROM_REAL
20242025,2024020677,2025-01-11,STL,CBJ,0.545001,0.454999,STL,0,CBJ,0,0,REAL_NHL_API_OR_DERIVED_FROM_REAL
20242025,2024020678,2025-01-11,WPG,COL,0.617111,0.382889,WPG,1,WPG,1,0,REAL_NHL_API_OR_DERIVED_FROM_REAL
20242025,2024020679,2025-01-11,NSH,WSH,0.436876,0.563124,WSH,0,WSH,1,0,REAL_NHL_API_OR_DERIVED_FROM_REAL
20242025,2024020680,2025-01-11,UTA,NYI,0.514989,0.485011,UTA,0,NYI,0,0,REAL_NHL_API_OR_DERIVED_FROM_REAL
20242025,2024020681,2025-01-11,CGY,LAK,0.435327,0.564673,LAK,1,CGY,0,0,REAL_NHL_API_OR_DERIVED_FROM_REAL
20242025,2024020682,2025-01-11,VGK,NYR,0.625193,0.374807,VGK,0,NYR,0,0,REAL_NHL_API_OR_DERIVED_FROM_REAL
20242025,2024020683,2025-01-11,SJS,MIN,0.3794,0.6206,MIN,0,MIN,1,0,REAL_NHL_API_OR_DERIVED_FROM_REAL
20242025,2024020684,2025-01-12,DET,SEA,0.755225,0.244775,DET,1,DET,1,0,REAL_NHL_API_OR_DERIVED_FROM_REAL
20242025,2024020685,2025-01-12,OTT,DAL,0.391707,0.608293,DAL,1,OTT,0,0,REAL_NHL_API_OR_DERIVED_FROM_REAL
20242025,2024020686,2025-01-12,PIT,TBL,0.536177,0.463823,PIT,0,TBL,0,0,REAL_NHL_API_OR_DERIVED_FROM_REAL
20242025,2024020687,2025-01-12,CAR,ANA,0.634785,0.365215,CAR,0,ANA,0,0,REAL_NHL_API_OR_DERIVED_FROM_REAL
20242025,2024020688,2025-01-12,VGK,MIN,0.552964,0.447036,VGK,1,VGK,1,0,REAL_NHL_API_OR_DERIVED_FROM_REAL
20242025,2024020689,2025-01-13,PHI,FLA,0.517793,0.482207,PHI,1,PHI,1,0,REAL_NHL_API_OR_DERIVED_FROM_REAL
20242025,2024020690,2025-01-13,CHI,CGY,0.427635,0.572365,CGY,0,CGY,1,0,REAL_NHL_API_OR_DERIVED_FROM_REAL
20242025,2024020691,2025-01-13,EDM,LAK,0.561105,0.438895,EDM,1,EDM,1,0,REAL_NHL_API_OR_DERIVED_FROM_REAL
20242025,2024020692,2025-01-14,BOS,TBL,0.500863,0.499137,BOS,1,BOS,1,0,REAL_NHL_API_OR_DERIVED_FROM_REAL
20242025,2024020693,2025-01-14,TOR,DAL,0.517783,0.482217,TOR,0,DAL,0,0,REAL_NHL_API_OR_DERIVED_FROM_REAL
20242025,2024020694,2025-01-14,DET,SJS,0.630964,0.369036,DET,0,SJS,0,0,REAL_NHL_API_OR_DERIVED_FROM_REAL
20242025,2024020695,2025-01-14,NJD,FLA,0.504898,0.495102,NJD,0,FLA,0,0,REAL_NHL_API_OR_DERIVED_FROM_REAL
20242025,2024020696,2025-01-14,PIT,SEA,0.634919,0.365081,PIT,0,SEA,0,0,REAL_NHL_API_OR_DERIVED_FROM_REAL
20242025,2024020697,2025-01-14,WSH,ANA,0.639985,0.360015,WSH,1,WSH,1,0,REAL_NHL_API_OR_DERIVED_FROM_REAL
20242025,2024020698,2025-01-14,CBJ,PHI,0.563469,0.436531,CBJ,1,CBJ,1,0,REAL_NHL_API_OR_DERIVED_FROM_REAL
20242025,2024020699,2025-01-14,NYI,OTT,0.555965,0.444035,NYI,0,OTT,0,0,REAL_NHL_API_OR_DERIVED_FROM_REAL
20242025,2024020700,2025-01-14,STL,CGY,0.531036,0.468964,STL,1,STL,1,0,REAL_NHL_API_OR_DERIVED_FROM_REAL
20242025,2024020701,2025-01-14,NSH,VGK,0.410809,0.589191,VGK,1,NSH,0,0,REAL_NHL_API_OR_DERIVED_FROM_REAL
20242025,2024020702,2025-01-14,WPG,VAN,0.62666,0.37334,WPG,1,WPG,1,0,REAL_NHL_API_OR_DERIVED_FROM_REAL
20242025,2024020703,2025-01-14,COL,NYR,0.532173,0.467827,COL,1,COL,1,0,REAL_NHL_API_OR_DERIVED_FROM_REAL
20242025,2024020704,2025-01-14,UTA,MTL,0.424111,0.575889,MTL,0,MTL,1,0,REAL_NHL_API_OR_DERIVED_FROM_REAL
20242025,2024020705,2025-01-15,BUF,CAR,0.463821,0.536179,CAR,1,BUF,0,0,REAL_NHL_API_OR_DERIVED_FROM_REAL
20242025,2024020706,2025-01-15,MIN,EDM,0.486163,0.513837,EDM,0,EDM,1,0,REAL_NHL_API_OR_DERIVED_FROM_REAL
20242025,2024020707,2025-01-16,TOR,NJD,0.536108,0.463892,TOR,1,TOR,1,0,REAL_NHL_API_OR_DERIVED_FROM_REAL
20242025,2024020708,2025-01-16,OTT,WSH,0.52048,0.47952,OTT,0,WSH,0,0,REAL_NHL_API_OR_DERIVED_FROM_REAL
20242025,2024020709,2025-01-16,TBL,ANA,0.6091,0.3909,TBL,1,TBL,1,0,REAL_NHL_API_OR_DERIVED_FROM_REAL
20242025,2024020710,2025-01-16,FLA,DET,0.359148,0.640852,DET,0,DET,1,0,REAL_NHL_API_OR_DERIVED_FROM_REAL
20242025,2024020711,2025-01-16,CBJ,SJS,0.610738,0.389262,CBJ,1,CBJ,1,0,REAL_NHL_API_OR_DERIVED_FROM_REAL
20242025,2024020712,2025-01-16,NYI,PHI,0.533199,0.466801,NYI,0,PHI,0,0,REAL_NHL_API_OR_DERIVED_FROM_REAL
20242025,2024020713,2025-01-16,STL,CGY,0.602515,0.397485,STL,1,STL,1,0,REAL_NHL_API_OR_DERIVED_FROM_REAL
20242025,2024020714,2025-01-16,NSH,CHI,0.572006,0.427994,NSH,1,NSH,1,0,REAL_NHL_API_OR_DERIVED_FROM_REAL
20242025,2024020715,2025-01-16,DAL,MTL,0.560927,0.439073,DAL,0,MTL,0,0,REAL_NHL_API_OR_DERIVED_FROM_REAL
20242025,2024020716,2025-01-16,WPG,SEA,0.690848,0.309152,WPG,1,WPG,1,0,REAL_NHL_API_OR_DERIVED_FROM_REAL
20242025,2024020717,2025-01-16,UTA,NYR,0.442341,0.557659,NYR,0,NYR,1,0,REAL_NHL_API_OR_DERIVED_FROM_REAL
20242025,2024020718,2025-01-16,COL,EDM,0.489694,0.510306,EDM,0,EDM,1,0,REAL_NHL_API_OR_DERIVED_FROM_REAL
20242025,2024020719,2025-01-16,VAN,LAK,0.437282,0.562718,LAK,0,LAK,1,0,REAL_NHL_API_OR_DERIVED_FROM_REAL
20242025,2024020720,2025-01-17,BUF,PIT,0.57442,0.42558,BUF,0,PIT,0,0,REAL_NHL_API_OR_DERIVED_FROM_REAL
20242025,2024020721,2025-01-17,CAR,VGK,0.542474,0.457526,CAR,1,CAR,1,0,REAL_NHL_API_OR_DERIVED_FROM_REAL
20242025,2024020722,2025-01-18,NJD,PHI,0.570323,0.429677,NJD,0,PHI,0,0,REAL_NHL_API_OR_DERIVED_FROM_REAL
20242025,2024020723,2025-01-18,OTT,BOS,0.524726,0.475274,OTT,1,OTT,1,0,REAL_NHL_API_OR_DERIVED_FROM_REAL
20242025,2024020724,2025-01-18,COL,DAL,0.549452,0.450548,COL,1,COL,1,0,REAL_NHL_API_OR_DERIVED_FROM_REAL
20242025,2024020725,2025-01-18,FLA,ANA,0.588025,0.411975,FLA,1,FLA,1,0,REAL_NHL_API_OR_DERIVED_FROM_REAL
20242025,2024020726,2025-01-18,MTL,TOR,0.59467,0.40533,MTL,0,TOR,0,0,REAL_NHL_API_OR_DERIVED_FROM_REAL
20242025,2024020727,2025-01-18,TBL,DET,0.690861,0.309139,TBL,1,TBL,1,0,REAL_NHL_API_OR_DERIVED_FROM_REAL
20242025,2024020728,2025-01-18,NYR,CBJ,0.505045,0.494955,NYR,1,NYR,1,0,REAL_NHL_API_OR_DERIVED_FROM_REAL
20242025,2024020729,2025-01-18,WSH,PIT,0.601469,0.398531,WSH,1,WSH,1,0,REAL_NHL_API_OR_DERIVED_FROM_REAL
20242025,2024020730,2025-01-18,WPG,CGY,0.546473,0.453527,WPG,0,CGY,0,0,REAL_NHL_API_OR_DERIVED_FROM_REAL
20242025,2024020731,2025-01-18,NYI,SJS,0.56276,0.43724,NYI,1,NYI,1,0,REAL_NHL_API_OR_DERIVED_FROM_REAL
20242025,2024020732,2025-01-18,CHI,VGK,0.420264,0.579736,VGK,1,CHI,0,0,REAL_NHL_API_OR_DERIVED_FROM_REAL
20242025,2024020733,2025-01-18,NSH,MIN,0.528306,0.471694,NSH,1,NSH,1,0,REAL_NHL_API_OR_DERIVED_FROM_REAL
20242025,2024020734,2025-01-18,UTA,STL,0.434403,0.565597,STL,1,UTA,0,0,REAL_NHL_API_OR_DERIVED_FROM_REAL
20242025,2024020735,2025-01-18,VAN,EDM,0.37939,0.62061,EDM,1,VAN,0,0,REAL_NHL_API_OR_DERIVED_FROM_REAL
20242025,2024020736,2025-01-18,SEA,LAK,0.462407,0.537593,LAK,1,SEA,0,0,REAL_NHL_API_OR_DERIVED_FROM_REAL
20242025,2024020737,2025-01-19,NJD,OTT,0.50567,0.49433,NJD,0,OTT,0,0,REAL_NHL_API_OR_DERIVED_FROM_REAL
20242025,2024020738,2025-01-19,MTL,NYR,0.515601,0.484399,MTL,1,MTL,1,0,REAL_NHL_API_OR_DERIVED_FROM_REAL
20242025,2024020739,2025-01-19,DAL,DET,0.60775,0.39225,DAL,1,DAL,1,0,REAL_NHL_API_OR_DERIVED_FROM_REAL
20242025,2024020740,2025-01-20,BOS,SJS,0.628308,0.371692,BOS,1,BOS,1,0,REAL_NHL_API_OR_DERIVED_FROM_REAL
20242025,2024020741,2025-01-20,COL,MIN,0.518793,0.481207,COL,0,MIN,0,0,REAL_NHL_API_OR_DERIVED_FROM_REAL
20242025,2024020742,2025-01-20,SEA,BUF,0.583679,0.416321,SEA,1,SEA,1,0,REAL_NHL_API_OR_DERIVED_FROM_REAL
20242025,2024020743,2025-01-20,VGK,STL,0.557956,0.442044,VGK,0,STL,0,0,REAL_NHL_API_OR_DERIVED_FROM_REAL
20242025,2024020744,2025-01-20,TOR,TBL,0.518358,0.481642,TOR,1,TOR,1,0,REAL_NHL_API_OR_DERIVED_FROM_REAL
20242025,2024020745,2025-01-20,NYI,CBJ,0.512367,0.487633,NYI,1,NYI,1,0,REAL_NHL_API_OR_DERIVED_FROM_REAL
20242025,2024020746,2025-01-20,CHI,CAR,0.431052,0.568948,CAR,0,CAR,1,0,REAL_NHL_API_OR_DERIVED_FROM_REAL
20242025,2024020747,2025-01-20,UTA,WPG,0.388144,0.611856,WPG,1,UTA,0,0,REAL_NHL_API_OR_DERIVED_FROM_REAL
20242025,2024020748,2025-01-20,LAK,PIT,0.594447,0.405553,LAK,0,PIT,0,0,REAL_NHL_API_OR_DERIVED_FROM_REAL
20242025,2024020749,2025-01-21,MTL,TBL,0.484885,0.515115,TBL,1,MTL,0,0,REAL_NHL_API_OR_DERIVED_FROM_REAL
20242025,2024020750,2025-01-21,NYR,OTT,0.717684,0.282316,NYR,1,NYR,1,0,REAL_NHL_API_OR_DERIVED_FROM_REAL
20242025,2024020751,2025-01-21,PHI,DET,0.586212,0.413788,PHI,1,PHI,1,0,REAL_NHL_API_OR_DERIVED_FROM_REAL
20242025,2024020752,2025-01-21,NSH,SJS,0.442574,0.557426,SJS,1,NSH,0,0,REAL_NHL_API_OR_DERIVED_FROM_REAL
20242025,2024020753,2025-01-21,DAL,CAR,0.542049,0.457951,DAL,0,CAR,0,0,REAL_NHL_API_OR_DERIVED_FROM_REAL
20242025,2024020754,2025-01-21,EDM,WSH,0.519826,0.480174,EDM,0,WSH,0,0,REAL_NHL_API_OR_DERIVED_FROM_REAL
20242025,2024020755,2025-01-21,VAN,BUF,0.514825,0.485175,VAN,0,BUF,0,0,REAL_NHL_API_OR_DERIVED_FROM_REAL
20242025,2024020756,2025-01-21,ANA,FLA,0.445533,0.554467,FLA,0,FLA,1,0,REAL_NHL_API_OR_DERIVED_FROM_REAL
20242025,2024020757,2025-01-22,TOR,CBJ,0.566987,0.433013,TOR,0,CBJ,0,0,REAL_NHL_API_OR_DERIVED_FROM_REAL
20242025,2024020758,2025-01-22,NJD,BOS,0.492855,0.507145,BOS,1,NJD,0,0,REAL_NHL_API_OR_DERIVED_FROM_REAL
20242025,2024020759,2025-01-22,COL,WPG,0.543145,0.456855,COL,0,WPG,0,0,REAL_NHL_API_OR_DERIVED_FROM_REAL
20242025,2024020760,2025-01-22,LAK,FLA,0.528628,0.471372,LAK,1,LAK,1,0,REAL_NHL_API_OR_DERIVED_FROM_REAL
20242025,2024020761,2025-01-23,BOS,OTT,0.597128,0.402872,BOS,1,BOS,1,0,REAL_NHL_API_OR_DERIVED_FROM_REAL
20242025,2024020762,2025-01-23,DET,MTL,0.484538,0.515462,MTL,1,DET,0,0,REAL_NHL_API_OR_DERIVED_FROM_REAL
20242025,2024020763,2025-01-23,NYR,PHI,0.558692,0.441308,NYR,1,NYR,1,0,REAL_NHL_API_OR_DERIVED_FROM_REAL
20242025,2024020764,2025-01-23,CAR,CBJ,0.57334,0.42666,CAR,1,CAR,1,0,REAL_NHL_API_OR_DERIVED_FROM_REAL
20242025,2024020765,2025-01-23,STL,VGK,0.504048,0.495952,STL,0,VGK,0,0,REAL_NHL_API_OR_DERIVED_FROM_REAL
20242025,2024020766,2025-01-23,MIN,UTA,0.554131,0.445869,MIN,0,UTA,0,0,REAL_NHL_API_OR_DERIVED_FROM_REAL
20242025,2024020767,2025-01-23,CGY,BUF,0.608365,0.391635,CGY,1,CGY,1,0,REAL_NHL_API_OR_DERIVED_FROM_REAL
20242025,2024020768,2025-01-23,EDM,VAN,0.587937,0.412063,EDM,1,EDM,1,0,REAL_NHL_API_OR_DERIVED_FROM_REAL
20242025,2024020769,2025-01-23,ANA,PIT,0.477762,0.522238,PIT,1,ANA,0,0,REAL_NHL_API_OR_DERIVED_FROM_REAL
20242025,2024020770,2025-01-23,SEA,WSH,0.405231,0.594769,WSH,0,WSH,1,0,REAL_NHL_API_OR_DERIVED_FROM_REAL
20242025,2024020771,2025-01-23,SJS,NSH,0.445976,0.554024,NSH,0,NSH,1,0,REAL_NHL_API_OR_DERIVED_FROM_REAL
20242025,2024020772,2025-01-24,NYI,PHI,0.526164,0.473836,NYI,1,NYI,1,0,REAL_NHL_API_OR_DERIVED_FROM_REAL
20242025,2024020773,2025-01-24,CHI,TBL,0.446922,0.553078,TBL,0,TBL,1,0,REAL_NHL_API_OR_DERIVED_FROM_REAL
20242025,2024020774,2025-01-24,DAL,VGK,0.538228,0.461772,DAL,1,DAL,1,0,REAL_NHL_API_OR_DERIVED_FROM_REAL
20242025,2024020775,2025-01-24,WPG,UTA,0.621322,0.378678,WPG,1,WPG,1,0,REAL_NHL_API_OR_DERIVED_FROM_REAL
20242025,2024020776,2025-01-25,BOS,COL,0.51432,0.48568,BOS,1,BOS,1,0,REAL_NHL_API_OR_DERIVED_FROM_REAL
20242025,2024020777,2025-01-25,EDM,BUF,0.58726,0.41274,EDM,1,EDM,1,0,REAL_NHL_API_OR_DERIVED_FROM_REAL
20242025,2024020778,2025-01-25,SEA,PIT,0.529659,0.470341,SEA,1,SEA,1,0,REAL_NHL_API_OR_DERIVED_FROM_REAL
20242025,2024020779,2025-01-25,MTL,NJD,0.553694,0.446306,MTL,0,NJD,0,0,REAL_NHL_API_OR_DERIVED_FROM_REAL
20242025,2024020780,2025-01-25,OTT,TOR,0.440131,0.559869,TOR,1,OTT,0,0,REAL_NHL_API_OR_DERIVED_FROM_REAL
20242025,2024020781,2025-01-25,DET,TBL,0.538532,0.461468,DET,1,DET,1,0,REAL_NHL_API_OR_DERIVED_FROM_REAL
20242025,2024020782,2025-01-25,CBJ,LAK,0.561412,0.438588,CBJ,1,CBJ,1,0,REAL_NHL_API_OR_DERIVED_FROM_REAL
20242025,2024020783,2025-01-25,STL,DAL,0.504728,0.495272,STL,0,DAL,0,0,REAL_NHL_API_OR_DERIVED_FROM_REAL
20242025,2024020784,2025-01-25,MIN,CGY,0.521672,0.478328,MIN,0,CGY,0,0,REAL_NHL_API_OR_DERIVED_FROM_REAL
20242025,2024020785,2025-01-25,NYI,CAR,0.311366,0.688634,CAR,1,NYI,0,0,REAL_NHL_API_OR_DERIVED_FROM_REAL
20242025,2024020786,2025-01-25,VAN,WSH,0.423816,0.576184,WSH,1,VAN,0,0,REAL_NHL_API_OR_DERIVED_FROM_REAL
20242025,2024020787,2025-01-25,ANA,NSH,0.260129,0.739871,NSH,1,ANA,0,0,REAL_NHL_API_OR_DERIVED_FROM_REAL
20242025,2024020788,2025-01-25,SJS,FLA,0.251396,0.748604,FLA,0,FLA,1,0,REAL_NHL_API_OR_DERIVED_FROM_REAL
20242025,2024020789,2025-01-26,NYR,COL,0.516856,0.483144,NYR,0,COL,0,0,REAL_NHL_API_OR_DERIVED_FROM_REAL
20242025,2024020790,2025-01-26,OTT,UTA,0.556983,0.443017,OTT,1,OTT,1,0,REAL_NHL_API_OR_DERIVED_FROM_REAL
20242025,2024020791,2025-01-26,WPG,CGY,0.607182,0.392818,WPG,1,WPG,1,0,REAL_NHL_API_OR_DERIVED_FROM_REAL
20242025,2024020792,2025-01-26,CHI,MIN,0.45209,0.54791,MIN,0,MIN,1,0,REAL_NHL_API_OR_DERIVED_FROM_REAL
20242025,2024020793,2025-01-26,VGK,FLA,0.521474,0.478526,VGK,1,VGK,1,0,REAL_NHL_API_OR_DERIVED_FROM_REAL
20242025,2024020794,2025-01-27,DET,LAK,0.611308,0.388692,DET,1,DET,1,0,REAL_NHL_API_OR_DERIVED_FROM_REAL
20242025,2024020795,2025-01-27,PHI,NJD,0.499207,0.500793,NJD,1,PHI,0,0,REAL_NHL_API_OR_DERIVED_FROM_REAL
20242025,2024020796,2025-01-27,STL,VAN,0.391034,0.608966,VAN,0,VAN,1,0,REAL_NHL_API_OR_DERIVED_FROM_REAL
20242025,2024020797,2025-01-27,EDM,SEA,0.676942,0.323058,EDM,1,EDM,1,0,REAL_NHL_API_OR_DERIVED_FROM_REAL
20242025,2024020798,2025-01-27,SJS,PIT,0.498331,0.501669,PIT,1,SJS,0,0,REAL_NHL_API_OR_DERIVED_FROM_REAL
20242025,2024020799,2025-01-28,BUF,BOS,0.483941,0.516059,BOS,1,BUF,0,0,REAL_NHL_API_OR_DERIVED_FROM_REAL
20242025,2024020800,2025-01-28,MTL,WPG,0.475393,0.524607,WPG,0,WPG,1,0,REAL_NHL_API_OR_DERIVED_FROM_REAL
20242025,2024020801,2025-01-28,TBL,CHI,0.66897,0.33103,TBL,0,CHI,0,0,REAL_NHL_API_OR_DERIVED_FROM_REAL
20242025,2024020802,2025-01-28,NYR,CAR,0.481204,0.518796,CAR,0,CAR,1,0,REAL_NHL_API_OR_DERIVED_FROM_REAL
20242025,2024020803,2025-01-28,NYI,COL,0.51906,0.48094,NYI,1,NYI,1,0,REAL_NHL_API_OR_DERIVED_FROM_REAL
20242025,2024020804,2025-01-28,CGY,WSH,0.430922,0.569078,WSH,0,WSH,1,0,REAL_NHL_API_OR_DERIVED_FROM_REAL
20242025,2024020805,2025-01-28,VGK,DAL,0.567043,0.432957,VGK,0,DAL,0,0,REAL_NHL_API_OR_DERIVED_FROM_REAL
20242025,2024020806,2025-01-28,SEA,ANA,0.583899,0.416101,SEA,0,ANA,0,0,REAL_NHL_API_OR_DERIVED_FROM_REAL
20242025,2024020807,2025-01-29,TOR,MIN,0.564699,0.435301,TOR,0,MIN,0,0,REAL_NHL_API_OR_DERIVED_FROM_REAL
20242025,2024020808,2025-01-29,FLA,LAK,0.568114,0.431886,FLA,1,FLA,1,0,REAL_NHL_API_OR_DERIVED_FROM_REAL
20242025,2024020809,2025-01-29,NJD,PHI,0.693963,0.306037,NJD,1,NJD,1,0,REAL_NHL_API_OR_DERIVED_FROM_REAL
20242025,2024020810,2025-01-29,NSH,VAN,0.516864,0.483136,NSH,0,VAN,0,0,REAL_NHL_API_OR_DERIVED_FROM_REAL
20242025,2024020811,2025-01-29,UTA,PIT,0.55485,0.44515,UTA,0,PIT,0,0,REAL_NHL_API_OR_DERIVED_FROM_REAL
20242025,2024020812,2025-01-30,BOS,WPG,0.39511,0.60489,WPG,0,WPG,1,0,REAL_NHL_API_OR_DERIVED_FROM_REAL
20242025,2024020813,2025-01-30,MTL,MIN,0.552499,0.447501,MTL,0,MIN,0,0,REAL_NHL_API_OR_DERIVED_FROM_REAL
20242025,2024020814,2025-01-30,OTT,WSH,0.467968,0.532032,WSH,1,OTT,0,0,REAL_NHL_API_OR_DERIVED_FROM_REAL
20242025,2024020815,2025-01-30,TBL,LAK,0.528989,0.471011,TBL,1,TBL,1,0,REAL_NHL_API_OR_DERIVED_FROM_REAL
20242025,2024020816,2025-01-30,PHI,NYI,0.493478,0.506522,NYI,0,NYI,1,0,REAL_NHL_API_OR_DERIVED_FROM_REAL
20242025,2024020817,2025-01-30,CAR,CHI,0.661633,0.338367,CAR,1,CAR,1,0,REAL_NHL_API_OR_DERIVED_FROM_REAL
20242025,2024020818,2025-01-30,CGY,ANA,0.560273,0.439727,CGY,1,CGY,1,0,REAL_NHL_API_OR_DERIVED_FROM_REAL
20242025,2024020819,2025-01-30,EDM,DET,0.577317,0.422683,EDM,0,DET,0,0,REAL_NHL_API_OR_DERIVED_FROM_REAL
20242025,2024020820,2025-01-30,VGK,CBJ,0.569011,0.430989,VGK,0,CBJ,0,0,REAL_NHL_API_OR_DERIVED_FROM_REAL
20242025,2024020821,2025-01-30,SEA,SJS,0.763616,0.236384,SEA,1,SEA,1,0,REAL_NHL_API_OR_DERIVED_FROM_REAL
20242025,2024020822,2025-01-31,BUF,NSH,0.59516,0.40484,BUF,1,BUF,1,0,REAL_NHL_API_OR_DERIVED_FROM_REAL
20242025,2024020823,2025-01-31,DAL,VAN,0.566989,0.433011,DAL,1,DAL,1,0,REAL_NHL_API_OR_DERIVED_FROM_REAL
20242025,2024020824,2025-01-31,COL,STL,0.568188,0.431812,COL,1,COL,1,0,REAL_NHL_API_OR_DERIVED_FROM_REAL
20242025,2024020825,2025-01-31,UTA,CBJ,0.496652,0.503348,CBJ,0,CBJ,1,0,REAL_NHL_API_OR_DERIVED_FROM_REAL
20242025,2024020826,2025-02-01,FLA,CHI,0.586558,0.413442,FLA,1,FLA,1,0,REAL_NHL_API_OR_DERIVED_FROM_REAL
20242025,2024020827,2025-02-01,BOS,NYR,0.525643,0.474357,BOS,1,BOS,1,0,REAL_NHL_API_OR_DERIVED_FROM_REAL
20242025,2024020828,2025-02-01,OTT,MIN,0.519074,0.480926,OTT,1,OTT,1,0,REAL_NHL_API_OR_DERIVED_FROM_REAL
20242025,2024020829,2025-02-01,TBL,NYI,0.466417,0.533583,NYI,0,NYI,1,0,REAL_NHL_API_OR_DERIVED_FROM_REAL
20242025,2024020830,2025-02-01,PIT,NSH,0.516992,0.483008,PIT,1,PIT,1,0,REAL_NHL_API_OR_DERIVED_FROM_REAL
20242025,2024020831,2025-02-01,WSH,WPG,0.542488,0.457512,WSH,0,WPG,0,0,REAL_NHL_API_OR_DERIVED_FROM_REAL
20242025,2024020832,2025-02-01,CAR,LAK,0.583812,0.416188,CAR,0,LAK,0,0,REAL_NHL_API_OR_DERIVED_FROM_REAL
20242025,2024020833,2025-02-01,EDM,TOR,0.582188,0.417812,EDM,0,TOR,0,0,REAL_NHL_API_OR_DERIVED_FROM_REAL
20242025,2024020834,2025-02-01,CGY,DET,0.528889,0.471111,CGY,0,DET,0,0,REAL_NHL_API_OR_DERIVED_FROM_REAL
20242025,2024020835,2025-02-02,BUF,NJD,0.700526,0.299474,BUF,1,BUF,1,0,REAL_NHL_API_OR_DERIVED_FROM_REAL
20242025,2024020836,2025-02-02,COL,PHI,0.534973,0.465027,COL,1,COL,1,0,REAL_NHL_API_OR_DERIVED_FROM_REAL
20242025,2024020837,2025-02-02,ANA,MTL,0.511656,0.488344,ANA,1,ANA,1,0,REAL_NHL_API_OR_DERIVED_FROM_REAL
20242025,2024020838,2025-02-02,FLA,NYI,0.484316,0.515684,NYI,1,FLA,0,0,REAL_NHL_API_OR_DERIVED_FROM_REAL
20242025,2024020839,2025-02-02,NYR,VGK,0.478734,0.521266,VGK,1,NYR,0,0,REAL_NHL_API_OR_DERIVED_FROM_REAL
20242025,2024020840,2025-02-02,DAL,CBJ,0.582345,0.417655,DAL,1,DAL,1,0,REAL_NHL_API_OR_DERIVED_FROM_REAL
20242025,2024020841,2025-02-02,UTA,STL,0.500908,0.499092,UTA,0,STL,0,0,REAL_NHL_API_OR_DERIVED_FROM_REAL
20242025,2024020842,2025-02-02,VAN,DET,0.447158,0.552842,DET,0,DET,1,0,REAL_NHL_API_OR_DERIVED_FROM_REAL
20242025,2024020843,2025-02-02,SEA,CGY,0.516209,0.483791,SEA,0,CGY,0,0,REAL_NHL_API_OR_DERIVED_FROM_REAL
20242025,2024020844,2025-02-03,NSH,OTT,0.547001,0.452999,NSH,0,OTT,0,0,REAL_NHL_API_OR_DERIVED_FROM_REAL
20242025,2024020845,2025-02-04,BOS,MIN,0.568038,0.431962,BOS,1,BOS,1,0,REAL_NHL_API_OR_DERIVED_FROM_REAL
20242025,2024020846,2025-02-04,BUF,CBJ,0.536715,0.463285,BUF,1,BUF,1,0,REAL_NHL_API_OR_DERIVED_FROM_REAL
20242025,2024020847,2025-02-04,TBL,OTT,0.443413,0.556587,OTT,1,TBL,0,0,REAL_NHL_API_OR_DERIVED_FROM_REAL
20242025,2024020848,2025-02-04,PIT,NJD,0.464197,0.535803,NJD,0,NJD,1,0,REAL_NHL_API_OR_DERIVED_FROM_REAL
20242025,2024020849,2025-02-04,WSH,FLA,0.476539,0.523461,FLA,1,WSH,0,0,REAL_NHL_API_OR_DERIVED_FROM_REAL
20242025,2024020850,2025-02-04,NYI,VGK,0.5711,0.4289,NYI,1,NYI,1,0,REAL_NHL_API_OR_DERIVED_FROM_REAL
20242025,2024020851,2025-02-04,STL,EDM,0.436038,0.563962,EDM,0,EDM,1,0,REAL_NHL_API_OR_DERIVED_FROM_REAL
20242025,2024020852,2025-02-04,WPG,CAR,0.606704,0.393296,WPG,1,WPG,1,0,REAL_NHL_API_OR_DERIVED_FROM_REAL
20242025,2024020853,2025-02-04,CGY,TOR,0.491538,0.508462,TOR,0,TOR,1,0,REAL_NHL_API_OR_DERIVED_FROM_REAL
20242025,2024020854,2025-02-04,UTA,PHI,0.484021,0.515979,PHI,1,UTA,0,0,REAL_NHL_API_OR_DERIVED_FROM_REAL
20242025,2024020855,2025-02-04,VAN,COL,0.451893,0.548107,COL,1,VAN,0,0,REAL_NHL_API_OR_DERIVED_FROM_REAL
20242025,2024020856,2025-02-04,ANA,DAL,0.449014,0.550986,DAL,1,ANA,0,0,REAL_NHL_API_OR_DERIVED_FROM_REAL
20242025,2024020857,2025-02-04,SEA,DET,0.475556,0.524444,DET,0,DET,1,0,REAL_NHL_API_OR_DERIVED_FROM_REAL
20242025,2024020858,2025-02-04,SJS,MTL,0.415713,0.584287,MTL,0,MTL,1,0,REAL_NHL_API_OR_DERIVED_FROM_REAL
20242025,2024020859,2025-02-05,NYR,BOS,0.535263,0.464737,NYR,1,NYR,1,0,REAL_NHL_API_OR_DERIVED_FROM_REAL
20242025,2024020860,2025-02-05,CHI,EDM,0.439519,0.560481,EDM,0,EDM,1,0,REAL_NHL_API_OR_DERIVED_FROM_REAL
20242025,2024020861,2025-02-05,LAK,MTL,0.587682,0.412318,LAK,1,LAK,1,0,REAL_NHL_API_OR_DERIVED_FROM_REAL
20242025,2024020862,2025-02-06,TBL,OTT,0.525748,0.474252,TBL,1,TBL,1,0,REAL_NHL_API_OR_DERIVED_FROM_REAL
20242025,2024020863,2025-02-06,NJD,VGK,0.55586,0.44414,NJD,0,VGK,0,0,REAL_NHL_API_OR_DERIVED_FROM_REAL
20242025,2024020864,2025-02-06,PHI,WSH,0.435782,0.564218,WSH,0,WSH,1,0,REAL_NHL_API_OR_DERIVED_FROM_REAL
20242025,2024020865,2025-02-06,CBJ,UTA,0.575995,0.424005,CBJ,0,UTA,0,0,REAL_NHL_API_OR_DERIVED_FROM_REAL
20242025,2024020866,2025-02-06,STL,FLA,0.470263,0.529737,FLA,0,FLA,1,0,REAL_NHL_API_OR_DERIVED_FROM_REAL
20242025,2024020867,2025-02-06,MIN,CAR,0.533684,0.466316,MIN,1,MIN,1,0,REAL_NHL_API_OR_DERIVED_FROM_REAL
20242025,2024020868,2025-02-06,CGY,COL,0.491096,0.508904,COL,0,COL,1,0,REAL_NHL_API_OR_DERIVED_FROM_REAL
20242025,2024020869,2025-02-06,SEA,TOR,0.508437,0.491563,SEA,0,TOR,0,0,REAL_NHL_API_OR_DERIVED_FROM_REAL
20242025,2024020870,2025-02-06,SJS,VAN,0.417487,0.582513,VAN,0,VAN,1,0,REAL_NHL_API_OR_DERIVED_FROM_REAL
20242025,2024020871,2025-02-07,NYR,PIT,0.595836,0.404164,NYR,0,PIT,0,0,REAL_NHL_API_OR_DERIVED_FROM_REAL
20242025,2024020872,2025-02-07,WPG,NYI,0.519031,0.480969,WPG,1,WPG,1,0,REAL_NHL_API_OR_DERIVED_FROM_REAL
20242025,2024020873,2025-02-07,CHI,NSH,0.416656,0.583344,NSH,1,CHI,0,0,REAL_NHL_API_OR_DERIVED_FROM_REAL
20242025,2024020874,2025-02-07,EDM,COL,0.356464,0.643536,COL,0,COL,1,0,REAL_NHL_API_OR_DERIVED_FROM_REAL
20242025,2024020875,2025-02-07,LAK,DAL,0.466481,0.533519,DAL,1,LAK,0,0,REAL_NHL_API_OR_DERIVED_FROM_REAL
20242025,2024020876,2025-02-08,MTL,NJD,0.513393,0.486607,MTL,0,NJD,0,0,REAL_NHL_API_OR_DERIVED_FROM_REAL
20242025,2024020877,2025-02-08,DET,TBL,0.515516,0.484484,DET,0,TBL,0,0,REAL_NHL_API_OR_DERIVED_FROM_REAL
20242025,2024020878,2025-02-08,CAR,UTA,0.578237,0.421763,CAR,1,CAR,1,0,REAL_NHL_API_OR_DERIVED_FROM_REAL
20242025,2024020879,2025-02-08,BOS,VGK,0.519433,0.480567,BOS,0,VGK,0,0,REAL_NHL_API_OR_DERIVED_FROM_REAL
20242025,2024020880,2025-02-08,FLA,OTT,0.573597,0.426403,FLA,1,FLA,1,0,REAL_NHL_API_OR_DERIVED_FROM_REAL
20242025,2024020881,2025-02-08,PHI,PIT,0.49089,0.50911,PIT,1,PHI,0,0,REAL_NHL_API_OR_DERIVED_FROM_REAL
20242025,2024020882,2025-02-08,CBJ,NYR,0.485567,0.514433,NYR,0,NYR,1,0,REAL_NHL_API_OR_DERIVED_FROM_REAL
20242025,2024020883,2025-02-08,STL,CHI,0.544666,0.455334,STL,1,STL,1,0,REAL_NHL_API_OR_DERIVED_FROM_REAL
20242025,2024020884,2025-02-08,VAN,TOR,0.275706,0.724294,TOR,1,VAN,0,0,REAL_NHL_API_OR_DERIVED_FROM_REAL
20242025,2024020885,2025-02-08,NSH,BUF,0.445253,0.554747,BUF,1,NSH,0,0,REAL_NHL_API_OR_DERIVED_FROM_REAL
20242025,2024020886,2025-02-08,MIN,NYI,0.547221,0.452779,MIN,1,MIN,1,0,REAL_NHL_API_OR_DERIVED_FROM_REAL
20242025,2024020887,2025-02-08,CGY,SEA,0.564434,0.435566,CGY,0,SEA,0,0,REAL_NHL_API_OR_DERIVED_FROM_REAL
20242025,2024020888,2025-02-08,LAK,ANA,0.557106,0.442894,LAK,0,ANA,0,0,REAL_NHL_API_OR_DERIVED_FROM_REAL
20242025,2024020889,2025-02-08,SJS,DAL,0.343879,0.656121,DAL,0,DAL,1,0,REAL_NHL_API_OR_DERIVED_FROM_REAL
20242025,2024020890,2025-02-09,WSH,UTA,0.762724,0.237276,WSH,0,UTA,0,0,REAL_NHL_API_OR_DERIVED_FROM_REAL
20242025,2024020891,2025-02-09,MTL,TBL,0.250262,0.749738,TBL,0,TBL,1,0,REAL_NHL_API_OR_DERIVED_FROM_REAL
20242025,2024020892,2025-02-22,PHI,EDM,0.443542,0.556458,EDM,1,PHI,0,0,REAL_NHL_API_OR_DERIVED_FROM_REAL
20242025,2024020893,2025-02-22,PIT,WSH,0.249962,0.750038,WSH,0,WSH,1,0,REAL_NHL_API_OR_DERIVED_FROM_REAL
20242025,2024020894,2025-02-22,DET,MIN,0.406593,0.593407,MIN,0,MIN,1,0,REAL_NHL_API_OR_DERIVED_FROM_REAL
20242025,2024020895,2025-02-22,BUF,NYR,0.674547,0.325453,BUF,1,BUF,1,0,REAL_NHL_API_OR_DERIVED_FROM_REAL
20242025,2024020896,2025-02-22,FLA,SEA,0.535988,0.464012,FLA,0,SEA,0,0,REAL_NHL_API_OR_DERIVED_FROM_REAL
20242025,2024020897,2025-02-22,NJD,DAL,0.465211,0.534789,DAL,0,DAL,1,0,REAL_NHL_API_OR_DERIVED_FROM_REAL
20242025,2024020898,2025-02-22,NSH,COL,0.49438,0.50562,COL,1,NSH,0,0,REAL_NHL_API_OR_DERIVED_FROM_REAL
20242025,2024020899,2025-02-22,BOS,ANA,0.738398,0.261602,BOS,0,ANA,0,0,REAL_NHL_API_OR_DERIVED_FROM_REAL
20242025,2024020900,2025-02-22,TOR,CAR,0.532725,0.467275,TOR,1,TOR,1,0,REAL_NHL_API_OR_DERIVED_FROM_REAL
20242025,2024020901,2025-02-22,OTT,MTL,0.401385,0.598615,MTL,0,MTL,1,0,REAL_NHL_API_OR_DERIVED_FROM_REAL
20242025,2024020902,2025-02-22,CBJ,CHI,0.622962,0.377038,CBJ,1,CBJ,1,0,REAL_NHL_API_OR_DERIVED_FROM_REAL
20242025,2024020903,2025-02-22,STL,WPG,0.358958,0.641042,WPG,0,WPG,1,0,REAL_NHL_API_OR_DERIVED_FROM_REAL
20242025,2024020904,2025-02-22,LAK,UTA,0.577717,0.422283,LAK,1,LAK,1,0,REAL_NHL_API_OR_DERIVED_FROM_REAL
20242025,2024020905,2025-02-22,VGK,VAN,0.522913,0.477087,VGK,1,VGK,1,0,REAL_NHL_API_OR_DERIVED_FROM_REAL
20242025,2024020906,2025-02-23,WSH,EDM,0.556764,0.443236,WSH,1,WSH,1,0,REAL_NHL_API_OR_DERIVED_FROM_REAL
20242025,2024020907,2025-02-23,PIT,NYR,0.438981,0.561019,NYR,0,NYR,1,0,REAL_NHL_API_OR_DERIVED_FROM_REAL
20242025,2024020908,2025-02-23,DET,ANA,0.633364,0.366636,DET,1,DET,1,0,REAL_NHL_API_OR_DERIVED_FROM_REAL
20242025,2024020909,2025-02-23,TBL,SEA,0.576187,0.423813,TBL,1,TBL,1,0,REAL_NHL_API_OR_DERIVED_FROM_REAL
20242025,2024020910,2025-02-23,STL,COL,0.378752,0.621248,COL,1,STL,0,0,REAL_NHL_API_OR_DERIVED_FROM_REAL
20242025,2024020911,2025-02-23,NSH,NJD,0.532414,0.467586,NSH,0,NJD,0,0,REAL_NHL_API_OR_DERIVED_FROM_REAL
20242025,2024020912,2025-02-23,CHI,TOR,0.41568,0.58432,TOR,0,TOR,1,0,REAL_NHL_API_OR_DERIVED_FROM_REAL
20242025,2024020913,2025-02-23,NYI,DAL,0.448507,0.551493,DAL,0,DAL,1,0,REAL_NHL_API_OR_DERIVED_FROM_REAL
20242025,2024020914,2025-02-23,CGY,SJS,0.647962,0.352038,CGY,1,CGY,1,0,REAL_NHL_API_OR_DERIVED_FROM_REAL
20242025,2024020915,2025-02-23,UTA,VAN,0.464408,0.535592,VAN,1,UTA,0,0,REAL_NHL_API_OR_DERIVED_FROM_REAL
20242025,2024020916,2025-02-24,WPG,SJS,0.701268,0.298732,WPG,1,WPG,1,0,REAL_NHL_API_OR_DERIVED_FROM_REAL
20242025,2024020917,2025-02-24,LAK,VGK,0.563358,0.436642,LAK,1,LAK,1,0,REAL_NHL_API_OR_DERIVED_FROM_REAL
20242025,2024020918,2025-02-25,BOS,TOR,0.482416,0.517584,TOR,0,TOR,1,0,REAL_NHL_API_OR_DERIVED_FROM_REAL
20242025,2024020919,2025-02-25,BUF,ANA,0.562649,0.437351,BUF,1,BUF,1,0,REAL_NHL_API_OR_DERIVED_FROM_REAL
20242025,2024020920,2025-02-25,MTL,CAR,0.382112,0.617888,CAR,1,MTL,0,0,REAL_NHL_API_OR_DERIVED_FROM_REAL
20242025,2024020921,2025-02-25,TBL,EDM,0.600426,0.399574,TBL,1,TBL,1,0,REAL_NHL_API_OR_DERIVED_FROM_REAL
20242025,2024020922,2025-02-25,PHI,PIT,0.532898,0.467102,PHI,1,PHI,1,0,REAL_NHL_API_OR_DERIVED_FROM_REAL
20242025,2024020923,2025-02-25,WSH,CGY,0.67643,0.32357,WSH,0,CGY,0,0,REAL_NHL_API_OR_DERIVED_FROM_REAL
20242025,2024020924,2025-02-25,CBJ,DAL,0.418987,0.581013,DAL,1,CBJ,0,0,REAL_NHL_API_OR_DERIVED_FROM_REAL
20242025,2024020925,2025-02-25,NYI,NYR,0.330865,0.669135,NYR,0,NYR,1,0,REAL_NHL_API_OR_DERIVED_FROM_REAL
20242025,2024020926,2025-02-25,STL,SEA,0.598689,0.401311,STL,1,STL,1,0,REAL_NHL_API_OR_DERIVED_FROM_REAL
20242025,2024020927,2025-02-25,NSH,FLA,0.455191,0.544809,FLA,0,FLA,1,0,REAL_NHL_API_OR_DERIVED_FROM_REAL
20242025,2024020928,2025-02-25,MIN,DET,0.472829,0.527171,DET,0,DET,1,0,REAL_NHL_API_OR_DERIVED_FROM_REAL
20242025,2024020929,2025-02-25,UTA,CHI,0.612092,0.387908,UTA,1,UTA,1,0,REAL_NHL_API_OR_DERIVED_FROM_REAL
20242025,2024020930,2025-02-26,OTT,WPG,0.447111,0.552889,WPG,0,WPG,1,0,REAL_NHL_API_OR_DERIVED_FROM_REAL
20242025,2024020931,2025-02-26,COL,NJD,0.692044,0.307956,COL,1,COL,1,0,REAL_NHL_API_OR_DERIVED_FROM_REAL
20242025,2024020932,2025-02-26,LAK,VAN,0.557005,0.442995,LAK,0,VAN,0,0,REAL_NHL_API_OR_DERIVED_FROM_REAL
20242025,2024020933,2025-02-27,BOS,NYI,0.534643,0.465357,BOS,0,NYI,0,0,REAL_NHL_API_OR_DERIVED_FROM_REAL
20242025,2024020934,2025-02-27,MTL,SJS,0.602035,0.397965,MTL,1,MTL,1,0,REAL_NHL_API_OR_DERIVED_FROM_REAL
20242025,2024020935,2025-02-27,DET,CBJ,0.617028,0.382972,DET,0,CBJ,0,0,REAL_NHL_API_OR_DERIVED_FROM_REAL
20242025,2024020936,2025-02-27,TBL,CGY,0.605409,0.394591,TBL,1,TBL,1,0,REAL_NHL_API_OR_DERIVED_FROM_REAL
20242025,2024020937,2025-02-27,FLA,EDM,0.556231,0.443769,FLA,1,FLA,1,0,REAL_NHL_API_OR_DERIVED_FROM_REAL
20242025,2024020938,2025-02-27,PIT,PHI,0.354831,0.645169,PHI,1,PIT,0,0,REAL_NHL_API_OR_DERIVED_FROM_REAL
20242025,2024020939,2025-02-27,WSH,STL,0.563176,0.436824,WSH,0,STL,0,0,REAL_NHL_API_OR_DERIVED_FROM_REAL
20242025,2024020940,2025-02-27,CAR,BUF,0.719885,0.280115,CAR,1,CAR,1,0,REAL_NHL_API_OR_DERIVED_FROM_REAL
20242025,2024020941,2025-02-27,NSH,WPG,0.367516,0.632484,WPG,1,NSH,0,0,REAL_NHL_API_OR_DERIVED_FROM_REAL
20242025,2024020942,2025-02-27,UTA,MIN,0.475141,0.524859,MIN,1,UTA,0,0,REAL_NHL_API_OR_DERIVED_FROM_REAL
20242025,2024020943,2025-02-27,VGK,CHI,0.79339,0.20661,VGK,1,VGK,1,0,REAL_NHL_API_OR_DERIVED_FROM_REAL
20242025,2024020944,2025-02-27,ANA,VAN,0.502681,0.497319,ANA,1,ANA,1,0,REAL_NHL_API_OR_DERIVED_FROM_REAL
20242025,2024020945,2025-02-28,NYR,TOR,0.39509,0.60491,TOR,0,TOR,1,0,REAL_NHL_API_OR_DERIVED_FROM_REAL
20242025,2024020946,2025-02-28,DAL,LAK,0.593706,0.406294,DAL,1,DAL,1,0,REAL_NHL_API_OR_DERIVED_FROM_REAL
20242025,2024020947,2025-02-28,COL,MIN,0.540984,0.459016,COL,1,COL,1,0,REAL_NHL_API_OR_DERIVED_FROM_REAL
20242025,2024020948,2025-03-01,CBJ,DET,0.4722,0.5278,DET,1,CBJ,0,0,REAL_NHL_API_OR_DERIVED_FROM_REAL
20242025,2024020949,2025-03-01,NYI,NSH,0.563505,0.436495,NYI,1,NYI,1,0,REAL_NHL_API_OR_DERIVED_FROM_REAL
20242025,2024020950,2025-03-01,WSH,TBL,0.517242,0.482758,WSH,0,TBL,0,0,REAL_NHL_API_OR_DERIVED_FROM_REAL
20242025,2024020951,2025-03-01,FLA,CGY,0.592738,0.407262,FLA,1,FLA,1,0,REAL_NHL_API_OR_DERIVED_FROM_REAL
20242025,2024020952,2025-03-01,PIT,BOS,0.571048,0.428952,PIT,0,BOS,0,0,REAL_NHL_API_OR_DERIVED_FROM_REAL
20242025,2024020953,2025-03-01,BUF,MTL,0.618347,0.381653,BUF,0,MTL,0,0,REAL_NHL_API_OR_DERIVED_FROM_REAL
20242025,2024020954,2025-03-01,OTT,SJS,0.591549,0.408451,OTT,1,OTT,1,0,REAL_NHL_API_OR_DERIVED_FROM_REAL
20242025,2024020955,2025-03-01,CAR,EDM,0.561248,0.438752,CAR,0,EDM,0,0,REAL_NHL_API_OR_DERIVED_FROM_REAL
20242025,2024020956,2025-03-01,WPG,PHI,0.649887,0.350113,WPG,0,PHI,0,0,REAL_NHL_API_OR_DERIVED_FROM_REAL
20242025,2024020957,2025-03-01,STL,LAK,0.539345,0.460655,STL,1,STL,1,0,REAL_NHL_API_OR_DERIVED_FROM_REAL
20242025,2024020958,2025-03-01,UTA,NJD,0.529116,0.470884,UTA,0,NJD,0,0,REAL_NHL_API_OR_DERIVED_FROM_REAL
20242025,2024020959,2025-03-01,ANA,CHI,0.657586,0.342414,ANA,0,CHI,0,0,REAL_NHL_API_OR_DERIVED_FROM_REAL
20242025,2024020960,2025-03-01,SEA,VAN,0.517677,0.482323,SEA,1,SEA,1,0,REAL_NHL_API_OR_DERIVED_FROM_REAL
20242025,2024020961,2025-03-02,PIT,TOR,0.417463,0.582537,TOR,0,TOR,1,0,REAL_NHL_API_OR_DERIVED_FROM_REAL
20242025,2024020962,2025-03-02,MIN,BOS,0.527104,0.472896,MIN,1,MIN,1,0,REAL_NHL_API_OR_DERIVED_FROM_REAL
20242025,2024020963,2025-03-02,CAR,CGY,0.565874,0.434126,CAR,1,CAR,1,0,REAL_NHL_API_OR_DERIVED_FROM_REAL
20242025,2024020964,2025-03-02,DAL,STL,0.734617,0.265383,DAL,1,DAL,1,0,REAL_NHL_API_OR_DERIVED_FROM_REAL
20242025,2024020965,2025-03-02,NYR,NSH,0.604109,0.395891,NYR,1,NYR,1,0,REAL_NHL_API_OR_DERIVED_FROM_REAL
20242025,2024020966,2025-03-02,VGK,NJD,0.587366,0.412634,VGK,1,VGK,1,0,REAL_NHL_API_OR_DERIVED_FROM_REAL
20242025,2024020967,2025-03-03,WSH,OTT,0.570186,0.429814,WSH,1,WSH,1,0,REAL_NHL_API_OR_DERIVED_FROM_REAL
20242025,2024020968,2025-03-03,MTL,BUF,0.536024,0.463976,MTL,1,MTL,1,0,REAL_NHL_API_OR_DERIVED_FROM_REAL
20242025,2024020969,2025-03-03,FLA,TBL,0.491206,0.508794,TBL,1,FLA,0,0,REAL_NHL_API_OR_DERIVED_FROM_REAL
20242025,2024020970,2025-03-03,NYR,NYI,0.495813,0.504187,NYI,1,NYR,0,0,REAL_NHL_API_OR_DERIVED_FROM_REAL
20242025,2024020971,2025-03-03,TOR,SJS,0.723919,0.276081,TOR,0,SJS,0,0,REAL_NHL_API_OR_DERIVED_FROM_REAL
20242025,2024020972,2025-03-03,CHI,LAK,0.40624,0.59376,LAK,1,CHI,0,0,REAL_NHL_API_OR_DERIVED_FROM_REAL
20242025,2024020973,2025-03-04,BOS,NSH,0.599891,0.400109,BOS,0,NSH,0,0,REAL_NHL_API_OR_DERIVED_FROM_REAL
20242025,2024020974,2025-03-04,BUF,SJS,0.628082,0.371918,BUF,0,SJS,0,0,REAL_NHL_API_OR_DERIVED_FROM_REAL
20242025,2024020975,2025-03-04,DET,CAR,0.545913,0.454087,DET,0,CAR,0,0,REAL_NHL_API_OR_DERIVED_FROM_REAL
20242025,2024020976,2025-03-04,TBL,CBJ,0.600135,0.399865,TBL,1,TBL,1,0,REAL_NHL_API_OR_DERIVED_FROM_REAL
20242025,2024020977,2025-03-04,PHI,CGY,0.409808,0.590192,CGY,0,CGY,1,0,REAL_NHL_API_OR_DERIVED_FROM_REAL
20242025,2024020978,2025-03-04,NYI,WPG,0.45136,0.54864,WPG,1,NYI,0,0,REAL_NHL_API_OR_DERIVED_FROM_REAL
20242025,2024020979,2025-03-04,DAL,NJD,0.632325,0.367675,DAL,1,DAL,1,0,REAL_NHL_API_OR_DERIVED_FROM_REAL
20242025,2024020980,2025-03-04,COL,PIT,0.657746,0.342254,COL,1,COL,1,0,REAL_NHL_API_OR_DERIVED_FROM_REAL
20242025,2024020981,2025-03-04,EDM,ANA,0.360707,0.639293,ANA,0,ANA,1,0,REAL_NHL_API_OR_DERIVED_FROM_REAL
20242025,2024020982,2025-03-04,SEA,MIN,0.442069,0.557931,MIN,0,MIN,1,0,REAL_NHL_API_OR_DERIVED_FROM_REAL
20242025,2024020983,2025-03-05,NYR,WSH,0.561261,0.438739,NYR,0,WSH,0,0,REAL_NHL_API_OR_DERIVED_FROM_REAL
20242025,2024020984,2025-03-05,CHI,OTT,0.465461,0.534539,OTT,0,OTT,1,0,REAL_NHL_API_OR_DERIVED_FROM_REAL
20242025,2024020985,2025-03-05,VGK,TOR,0.637657,0.362343,VGK,1,VGK,1,0,REAL_NHL_API_OR_DERIVED_FROM_REAL
20242025,2024020986,2025-03-05,VAN,ANA,0.667328,0.332672,VAN,1,VAN,1,0,REAL_NHL_API_OR_DERIVED_FROM_REAL
20242025,2024020987,2025-03-05,LAK,STL,0.472088,0.527912,STL,0,STL,1,0,REAL_NHL_API_OR_DERIVED_FROM_REAL
20242025,2024020988,2025-03-06,DET,UTA,0.500857,0.499143,DET,0,UTA,0,0,REAL_NHL_API_OR_DERIVED_FROM_REAL
20242025,2024020989,2025-03-06,TBL,BUF,0.642387,0.357613,TBL,1,TBL,1,0,REAL_NHL_API_OR_DERIVED_FROM_REAL
20242025,2024020990,2025-03-06,FLA,CBJ,0.57475,0.42525,FLA,1,FLA,1,0,REAL_NHL_API_OR_DERIVED_FROM_REAL
20242025,2024020991,2025-03-06,PHI,WPG,0.505972,0.494028,PHI,0,WPG,0,0,REAL_NHL_API_OR_DERIVED_FROM_REAL
20242025,2024020992,2025-03-06,CAR,BOS,0.581804,0.418196,CAR,1,CAR,1,0,REAL_NHL_API_OR_DERIVED_FROM_REAL
20242025,2024020993,2025-03-06,NSH,SEA,0.425232,0.574768,SEA,1,NSH,0,0,REAL_NHL_API_OR_DERIVED_FROM_REAL
20242025,2024020994,2025-03-06,DAL,CGY,0.567231,0.432769,DAL,1,DAL,1,0,REAL_NHL_API_OR_DERIVED_FROM_REAL
20242025,2024020995,2025-03-06,EDM,MTL,0.463564,0.536436,MTL,1,EDM,0,0,REAL_NHL_API_OR_DERIVED_FROM_REAL
20242025,2024020996,2025-03-06,COL,SJS,0.59232,0.40768,COL,1,COL,1,0,REAL_NHL_API_OR_DERIVED_FROM_REAL
20242025,2024020997,2025-03-07,NJD,WPG,0.412419,0.587581,WPG,0,WPG,1,0,REAL_NHL_API_OR_DERIVED_FROM_REAL
20242025,2024020998,2025-03-07,WSH,DET,0.598561,0.401439,WSH,1,WSH,1,0,REAL_NHL_API_OR_DERIVED_FROM_REAL
20242025,2024020999,2025-03-07,CHI,UTA,0.429679,0.570321,UTA,1,CHI,0,0,REAL_NHL_API_OR_DERIVED_FROM_REAL
20242025,2024021000,2025-03-07,VAN,MIN,0.460548,0.539452,MIN,1,VAN,0,0,REAL_NHL_API_OR_DERIVED_FROM_REAL
20242025,2024021001,2025-03-07,VGK,PIT,0.610223,0.389777,VGK,1,VGK,1,0,REAL_NHL_API_OR_DERIVED_FROM_REAL
20242025,2024021002,2025-03-07,ANA,STL,0.498876,0.501124,STL,0,STL,1,0,REAL_NHL_API_OR_DERIVED_FROM_REAL
20242025,2024021003,2025-03-08,OTT,NYR,0.521038,0.478962,OTT,1,OTT,1,0,REAL_NHL_API_OR_DERIVED_FROM_REAL
20242025,2024021004,2025-03-08,PHI,SEA,0.516396,0.483604,PHI,0,SEA,0,0,REAL_NHL_API_OR_DERIVED_FROM_REAL
20242025,2024021005,2025-03-08,TBL,BOS,0.657732,0.342268,TBL,0,BOS,0,0,REAL_NHL_API_OR_DERIVED_FROM_REAL
20242025,2024021006,2025-03-08,FLA,BUF,0.661614,0.338386,FLA,1,FLA,1,0,REAL_NHL_API_OR_DERIVED_FROM_REAL
20242025,2024021007,2025-03-08,COL,TOR,0.581287,0.418713,COL,1,COL,1,0,REAL_NHL_API_OR_DERIVED_FROM_REAL
20242025,2024021008,2025-03-08,CGY,MTL,0.490004,0.509996,MTL,1,CGY,0,0,REAL_NHL_API_OR_DERIVED_FROM_REAL
20242025,2024021009,2025-03-08,NSH,CHI,0.639957,0.360043,NSH,1,NSH,1,0,REAL_NHL_API_OR_DERIVED_FROM_REAL
20242025,2024021010,2025-03-08,LAK,STL,0.555452,0.444548,LAK,1,LAK,1,0,REAL_NHL_API_OR_DERIVED_FROM_REAL
20242025,2024021011,2025-03-08,EDM,DAL,0.448197,0.551803,DAL,1,EDM,0,0,REAL_NHL_API_OR_DERIVED_FROM_REAL
20242025,2024021012,2025-03-08,SJS,NYI,0.457133,0.542867,NYI,0,NYI,1,0,REAL_NHL_API_OR_DERIVED_FROM_REAL
20242025,2024021013,2025-03-09,PHI,NJD,0.419952,0.580048,NJD,0,NJD,1,0,REAL_NHL_API_OR_DERIVED_FROM_REAL
20242025,2024021014,2025-03-09,WSH,SEA,0.669282,0.330718,WSH,1,WSH,1,0,REAL_NHL_API_OR_DERIVED_FROM_REAL
20242025,2024021015,2025-03-09,MIN,PIT,0.567669,0.432331,MIN,0,PIT,0,0,REAL_NHL_API_OR_DERIVED_FROM_REAL
20242025,2024021016,2025-03-09,CAR,WPG,0.518359,0.481641,CAR,1,CAR,1,0,REAL_NHL_API_OR_DERIVED_FROM_REAL
20242025,2024021017,2025-03-09,NYR,CBJ,0.590133,0.409867,NYR,0,CBJ,0,0,REAL_NHL_API_OR_DERIVED_FROM_REAL
20242025,2024021018,2025-03-09,VGK,LAK,0.579121,0.420879,VGK,0,LAK,0,0,REAL_NHL_API_OR_DERIVED_FROM_REAL
20242025,2024021019,2025-03-09,VAN,DAL,0.472309,0.527691,DAL,0,DAL,1,0,REAL_NHL_API_OR_DERIVED_FROM_REAL
20242025,2024021020,2025-03-09,ANA,NYI,0.494273,0.505727,NYI,1,ANA,0,0,REAL_NHL_API_OR_DERIVED_FROM_REAL
20242025,2024021021,2025-03-10,BUF,EDM,0.526437,0.473563,BUF,1,BUF,1,0,REAL_NHL_API_OR_DERIVED_FROM_REAL
20242025,2024021022,2025-03-10,OTT,DET,0.619398,0.380602,OTT,1,OTT,1,0,REAL_NHL_API_OR_DERIVED_FROM_REAL
20242025,2024021023,2025-03-10,COL,CHI,0.627385,0.372615,COL,1,COL,1,0,REAL_NHL_API_OR_DERIVED_FROM_REAL
20242025,2024021024,2025-03-10,UTA,TOR,0.531378,0.468622,UTA,0,TOR,0,0,REAL_NHL_API_OR_DERIVED_FROM_REAL
20242025,2024021025,2025-03-11,BOS,FLA,0.416021,0.583979,FLA,1,BOS,0,0,REAL_NHL_API_OR_DERIVED_FROM_REAL
20242025,2024021026,2025-03-11,NJD,CBJ,0.552777,0.447223,NJD,1,NJD,1,0,REAL_NHL_API_OR_DERIVED_FROM_REAL
20242025,2024021027,2025-03-11,PHI,OTT,0.377826,0.622174,OTT,0,OTT,1,0,REAL_NHL_API_OR_DERIVED_FROM_REAL
20242025,2024021028,2025-03-11,PIT,VGK,0.440543,0.559457,VGK,1,PIT,0,0,REAL_NHL_API_OR_DERIVED_FROM_REAL
20242025,2024021029,2025-03-11,CAR,TBL,0.517969,0.482031,CAR,1,CAR,1,0,REAL_NHL_API_OR_DERIVED_FROM_REAL
20242025,2024021030,2025-03-11,MIN,COL,0.407114,0.592886,COL,1,MIN,0,0,REAL_NHL_API_OR_DERIVED_FROM_REAL
20242025,2024021031,2025-03-11,WPG,NYR,0.661467,0.338533,WPG,1,WPG,1,0,REAL_NHL_API_OR_DERIVED_FROM_REAL
20242025,2024021032,2025-03-11,VAN,MTL,0.596709,0.403291,VAN,0,MTL,0,0,REAL_NHL_API_OR_DERIVED_FROM_REAL
20242025,2024021033,2025-03-11,ANA,WSH,0.39136,0.60864,WSH,0,WSH,1,0,REAL_NHL_API_OR_DERIVED_FROM_REAL
20242025,2024021034,2025-03-11,LAK,NYI,0.57966,0.42034,LAK,1,LAK,1,0,REAL_NHL_API_OR_DERIVED_FROM_REAL
20242025,2024021035,2025-03-11,SJS,NSH,0.416379,0.583621,NSH,0,NSH,1,0,REAL_NHL_API_OR_DERIVED_FROM_REAL
20242025,2024021036,2025-03-12,DET,BUF,0.509668,0.490332,DET,1,DET,1,0,REAL_NHL_API_OR_DERIVED_FROM_REAL
20242025,2024021037,2025-03-12,CGY,VAN,0.462898,0.537102,VAN,0,VAN,1,0,REAL_NHL_API_OR_DERIVED_FROM_REAL
20242025,2024021038,2025-03-12,UTA,ANA,0.504774,0.495226,UTA,1,UTA,1,0,REAL_NHL_API_OR_DERIVED_FROM_REAL
20242025,2024021039,2025-03-12,SEA,MTL,0.55968,0.44032,SEA,1,SEA,1,0,REAL_NHL_API_OR_DERIVED_FROM_REAL
20242025,2024021040,2025-03-13,TOR,FLA,0.53469,0.46531,TOR,0,FLA,0,0,REAL_NHL_API_OR_DERIVED_FROM_REAL
20242025,2024021041,2025-03-13,OTT,BOS,0.777194,0.222806,OTT,1,OTT,1,0,REAL_NHL_API_OR_DERIVED_FROM_REAL
20242025,2024021042,2025-03-13,NJD,EDM,0.526991,0.473009,NJD,1,NJD,1,0,REAL_NHL_API_OR_DERIVED_FROM_REAL
20242025,2024021043,2025-03-13,PHI,TBL,0.497262,0.502738,TBL,1,PHI,0,0,REAL_NHL_API_OR_DERIVED_FROM_REAL
20242025,2024021044,2025-03-13,PIT,STL,0.635081,0.364919,PIT,1,PIT,1,0,REAL_NHL_API_OR_DERIVED_FROM_REAL
20242025,2024021045,2025-03-13,CBJ,VGK,0.464475,0.535525,VGK,0,VGK,1,0,REAL_NHL_API_OR_DERIVED_FROM_REAL
20242025,2024021046,2025-03-13,MIN,NYR,0.601769,0.398231,MIN,0,NYR,0,0,REAL_NHL_API_OR_DERIVED_FROM_REAL
20242025,2024021047,2025-03-13,LAK,WSH,0.477326,0.522674,WSH,1,LAK,0,0,REAL_NHL_API_OR_DERIVED_FROM_REAL
20242025,2024021048,2025-03-13,SJS,CHI,0.496943,0.503057,CHI,1,SJS,0,0,REAL_NHL_API_OR_DERIVED_FROM_REAL
20242025,2024021049,2025-03-14,CAR,DET,0.576127,0.423873,CAR,1,CAR,1,0,REAL_NHL_API_OR_DERIVED_FROM_REAL
20242025,2024021050,2025-03-14,NYI,EDM,0.489664,0.510336,EDM,0,EDM,1,0,REAL_NHL_API_OR_DERIVED_FROM_REAL
20242025,2024021051,2025-03-14,WPG,DAL,0.526893,0.473107,WPG,1,WPG,1,0,REAL_NHL_API_OR_DERIVED_FROM_REAL
20242025,2024021052,2025-03-14,CGY,COL,0.461757,0.538243,COL,0,COL,1,0,REAL_NHL_API_OR_DERIVED_FROM_REAL
20242025,2024021053,2025-03-14,ANA,NSH,0.515667,0.484333,ANA,1,ANA,1,0,REAL_NHL_API_OR_DERIVED_FROM_REAL
20242025,2024021054,2025-03-14,SEA,UTA,0.533863,0.466137,SEA,1,SEA,1,0,REAL_NHL_API_OR_DERIVED_FROM_REAL
20242025,2024021055,2025-03-15,BUF,VGK,0.483514,0.516486,VGK,1,BUF,0,0,REAL_NHL_API_OR_DERIVED_FROM_REAL
20242025,2024021056,2025-03-15,PIT,NJD,0.445665,0.554335,NJD,1,PIT,0,0,REAL_NHL_API_OR_DERIVED_FROM_REAL
20242025,2024021057,2025-03-15,SJS,WSH,0.242539,0.757461,WSH,0,WSH,1,0,REAL_NHL_API_OR_DERIVED_FROM_REAL
20242025,2024021058,2025-03-15,BOS,TBL,0.489374,0.510626,TBL,0,TBL,1,0,REAL_NHL_API_OR_DERIVED_FROM_REAL
20242025,2024021059,2025-03-15,TOR,OTT,0.567889,0.432111,TOR,0,OTT,0,0,REAL_NHL_API_OR_DERIVED_FROM_REAL
20242025,2024021060,2025-03-15,MTL,FLA,0.502254,0.497746,MTL,1,MTL,1,0,REAL_NHL_API_OR_DERIVED_FROM_REAL
20242025,2024021061,2025-03-15,PHI,CAR,0.375367,0.624633,CAR,0,CAR,1,0,REAL_NHL_API_OR_DERIVED_FROM_REAL
20242025,2024021062,2025-03-15,CBJ,NYR,0.528289,0.471711,CBJ,0,NYR,0,0,REAL_NHL_API_OR_DERIVED_FROM_REAL
20242025,2024021063,2025-03-15,MIN,STL,0.545237,0.454763,MIN,0,STL,0,0,REAL_NHL_API_OR_DERIVED_FROM_REAL
20242025,2024021064,2025-03-15,LAK,NSH,0.559527,0.440473,LAK,1,LAK,1,0,REAL_NHL_API_OR_DERIVED_FROM_REAL
20242025,2024021065,2025-03-15,VAN,CHI,0.615418,0.384582,VAN,1,VAN,1,0,REAL_NHL_API_OR_DERIVED_FROM_REAL
20242025,2024021066,2025-03-16,DET,VGK,0.477844,0.522156,VGK,1,DET,0,0,REAL_NHL_API_OR_DERIVED_FROM_REAL
20242025,2024021067,2025-03-16,COL,DAL,0.59624,0.40376,COL,1,COL,1,0,REAL_NHL_API_OR_DERIVED_FROM_REAL
20242025,2024021068,2025-03-16,STL,ANA,0.728491,0.271509,STL,1,STL,1,0,REAL_NHL_API_OR_DERIVED_FROM_REAL
20242025,2024021069,2025-03-16,NYR,EDM,0.556117,0.443883,NYR,0,EDM,0,0,REAL_NHL_API_OR_DERIVED_FROM_REAL
20242025,2024021070,2025-03-16,NYI,FLA,0.429591,0.570409,FLA,1,NYI,0,0,REAL_NHL_API_OR_DERIVED_FROM_REAL
20242025,2024021071,2025-03-16,VAN,UTA,0.535814,0.464186,VAN,0,UTA,0,0,REAL_NHL_API_OR_DERIVED_FROM_REAL
20242025,2024021072,2025-03-16,SEA,WPG,0.643784,0.356216,SEA,0,WPG,0,0,REAL_NHL_API_OR_DERIVED_FROM_REAL
20242025,2024021073,2025-03-17,BOS,BUF,0.550311,0.449689,BOS,0,BUF,0,0,REAL_NHL_API_OR_DERIVED_FROM_REAL
20242025,2024021074,2025-03-17,TBL,PHI,0.6468,0.3532,TBL,1,TBL,1,0,REAL_NHL_API_OR_DERIVED_FROM_REAL
20242025,2024021075,2025-03-17,CBJ,NJD,0.512551,0.487449,CBJ,0,NJD,0,0,REAL_NHL_API_OR_DERIVED_FROM_REAL
20242025,2024021076,2025-03-17,TOR,CGY,0.782123,0.217877,TOR,1,TOR,1,0,REAL_NHL_API_OR_DERIVED_FROM_REAL
20242025,2024021077,2025-03-17,MIN,LAK,0.475966,0.524034,LAK,1,MIN,0,0,REAL_NHL_API_OR_DERIVED_FROM_REAL
20242025,2024021078,2025-03-18,MTL,OTT,0.48895,0.51105,OTT,1,MTL,0,0,REAL_NHL_API_OR_DERIVED_FROM_REAL
20242025,2024021079,2025-03-18,NYR,CGY,0.586032,0.413968,NYR,0,CGY,0,0,REAL_NHL_API_OR_DERIVED_FROM_REAL
20242025,2024021080,2025-03-18,PIT,NYI,0.519333,0.480667,PIT,0,NYI,0,0,REAL_NHL_API_OR_DERIVED_FROM_REAL
20242025,2024021081,2025-03-18,WSH,DET,0.587371,0.412629,WSH,1,WSH,1,0,REAL_NHL_API_OR_DERIVED_FROM_REAL
20242025,2024021082,2025-03-18,NSH,STL,0.511058,0.488942,NSH,0,STL,0,0,REAL_NHL_API_OR_DERIVED_FROM_REAL
20242025,2024021083,2025-03-18,DAL,ANA,0.656822,0.343178,DAL,1,DAL,1,0,REAL_NHL_API_OR_DERIVED_FROM_REAL
20242025,2024021084,2025-03-18,CHI,SEA,0.358685,0.641315,SEA,0,SEA,1,0,REAL_NHL_API_OR_DERIVED_FROM_REAL
20242025,2024021085,2025-03-18,EDM,UTA,0.762104,0.237896,EDM,1,EDM,1,0,REAL_NHL_API_OR_DERIVED_FROM_REAL
20242025,2024021086,2025-03-18,VAN,WPG,0.488551,0.511449,WPG,1,VAN,0,0,REAL_NHL_API_OR_DERIVED_FROM_REAL
20242025,2024021087,2025-03-19,TOR,COL,0.543956,0.456044,TOR,1,TOR,1,0,REAL_NHL_API_OR_DERIVED_FROM_REAL
20242025,2024021088,2025-03-19,MIN,SEA,0.496383,0.503617,SEA,1,MIN,0,0,REAL_NHL_API_OR_DERIVED_FROM_REAL
20242025,2024021089,2025-03-20,OTT,COL,0.311728,0.688272,COL,0,COL,1,0,REAL_NHL_API_OR_DERIVED_FROM_REAL
20242025,2024021090,2025-03-20,NJD,CGY,0.550091,0.449909,NJD,0,CGY,0,0,REAL_NHL_API_OR_DERIVED_FROM_REAL
20242025,2024021091,2025-03-20,NYR,TOR,0.486257,0.513743,TOR,0,TOR,1,0,REAL_NHL_API_OR_DERIVED_FROM_REAL
20242025,2024021092,2025-03-20,WSH,PHI,0.70722,0.29278,WSH,1,WSH,1,0,REAL_NHL_API_OR_DERIVED_FROM_REAL
20242025,2024021093,2025-03-20,CBJ,FLA,0.523713,0.476287,CBJ,0,FLA,0,0,REAL_NHL_API_OR_DERIVED_FROM_REAL
20242025,2024021094,2025-03-20,NYI,MTL,0.490399,0.509601,MTL,1,NYI,0,0,REAL_NHL_API_OR_DERIVED_FROM_REAL
20242025,2024021095,2025-03-20,STL,VAN,0.582409,0.417591,STL,1,STL,1,0,REAL_NHL_API_OR_DERIVED_FROM_REAL
20242025,2024021096,2025-03-20,NSH,ANA,0.570003,0.429997,NSH,0,ANA,0,0,REAL_NHL_API_OR_DERIVED_FROM_REAL
20242025,2024021097,2025-03-20,DAL,TBL,0.562406,0.437594,DAL,0,TBL,0,0,REAL_NHL_API_OR_DERIVED_FROM_REAL
20242025,2024021098,2025-03-20,CHI,LAK,0.442155,0.557845,LAK,0,LAK,1,0,REAL_NHL_API_OR_DERIVED_FROM_REAL
20242025,2024021099,2025-03-20,EDM,WPG,0.337605,0.662395,WPG,0,WPG,1,0,REAL_NHL_API_OR_DERIVED_FROM_REAL
20242025,2024021100,2025-03-20,UTA,BUF,0.519222,0.480778,UTA,1,UTA,1,0,REAL_NHL_API_OR_DERIVED_FROM_REAL
20242025,2024021101,2025-03-20,VGK,BOS,0.578403,0.421597,VGK,1,VGK,1,0,REAL_NHL_API_OR_DERIVED_FROM_REAL
20242025,2024021102,2025-03-20,SJS,CAR,0.487755,0.512245,CAR,0,CAR,1,0,REAL_NHL_API_OR_DERIVED_FROM_REAL
20242025,2024021103,2025-03-21,PIT,CBJ,0.585163,0.414837,PIT,1,PIT,1,0,REAL_NHL_API_OR_DERIVED_FROM_REAL
20242025,2024021104,2025-03-22,NYR,VAN,0.466644,0.533356,VAN,1,NYR,0,0,REAL_NHL_API_OR_DERIVED_FROM_REAL
20242025,2024021105,2025-03-22,DAL,PHI,0.788653,0.211347,DAL,1,DAL,1,0,REAL_NHL_API_OR_DERIVED_FROM_REAL
20242025,2024021106,2025-03-22,MIN,BUF,0.590955,0.409045,MIN,1,MIN,1,0,REAL_NHL_API_OR_DERIVED_FROM_REAL
20242025,2024021107,2025-03-22,STL,CHI,0.717197,0.282803,STL,1,STL,1,0,REAL_NHL_API_OR_DERIVED_FROM_REAL
20242025,2024021108,2025-03-22,NYI,CGY,0.645495,0.354505,NYI,0,CGY,0,0,REAL_NHL_API_OR_DERIVED_FROM_REAL
20242025,2024021109,2025-03-22,LAK,CAR,0.494966,0.505034,CAR,1,LAK,0,0,REAL_NHL_API_OR_DERIVED_FROM_REAL
20242025,2024021110,2025-03-22,WSH,FLA,0.60798,0.39202,WSH,1,WSH,1,0,REAL_NHL_API_OR_DERIVED_FROM_REAL
20242025,2024021111,2025-03-22,UTA,TBL,0.471617,0.528383,TBL,1,UTA,0,0,REAL_NHL_API_OR_DERIVED_FROM_REAL
20242025,2024021112,2025-03-22,MTL,COL,0.479803,0.520197,COL,0,COL,1,0,REAL_NHL_API_OR_DERIVED_FROM_REAL
20242025,2024021113,2025-03-22,NJD,OTT,0.472841,0.527159,OTT,0,OTT,1,0,REAL_NHL_API_OR_DERIVED_FROM_REAL
20242025,2024021114,2025-03-22,NSH,TOR,0.46657,0.53343,TOR,1,NSH,0,0,REAL_NHL_API_OR_DERIVED_FROM_REAL
20242025,2024021115,2025-03-22,VGK,DET,0.575534,0.424466,VGK,1,VGK,1,0,REAL_NHL_API_OR_DERIVED_FROM_REAL
20242025,2024021116,2025-03-22,EDM,SEA,0.644392,0.355608,EDM,1,EDM,1,0,REAL_NHL_API_OR_DERIVED_FROM_REAL
20242025,2024021117,2025-03-22,SJS,BOS,0.488956,0.511044,BOS,1,SJS,0,0,REAL_NHL_API_OR_DERIVED_FROM_REAL
20242025,2024021118,2025-03-23,CHI,PHI,0.533569,0.466431,CHI,1,CHI,1,0,REAL_NHL_API_OR_DERIVED_FROM_REAL
20242025,2024021119,2025-03-23,WPG,BUF,0.629587,0.370413,WPG,0,BUF,0,0,REAL_NHL_API_OR_DERIVED_FROM_REAL
20242025,2024021120,2025-03-23,FLA,PIT,0.610164,0.389836,FLA,1,FLA,1,0,REAL_NHL_API_OR_DERIVED_FROM_REAL
20242025,2024021121,2025-03-23,STL,NSH,0.65823,0.34177,STL,1,STL,1,0,REAL_NHL_API_OR_DERIVED_FROM_REAL
20242025,2024021122,2025-03-23,VGK,TBL,0.573809,0.426191,VGK,1,VGK,1,0,REAL_NHL_API_OR_DERIVED_FROM_REAL
20242025,2024021123,2025-03-23,ANA,CAR,0.508236,0.491764,ANA,0,CAR,0,0,REAL_NHL_API_OR_DERIVED_FROM_REAL
20242025,2024021124,2025-03-23,LAK,BOS,0.626289,0.373711,LAK,1,LAK,1,0,REAL_NHL_API_OR_DERIVED_FROM_REAL
20242025,2024021125,2025-03-24,NJD,VAN,0.544927,0.455073,NJD,0,VAN,0,0,REAL_NHL_API_OR_DERIVED_FROM_REAL
20242025,2024021126,2025-03-24,NYI,CBJ,0.672825,0.327175,NYI,0,CBJ,0,0,REAL_NHL_API_OR_DERIVED_FROM_REAL
20242025,2024021127,2025-03-24,DAL,MIN,0.601011,0.398989,DAL,1,DAL,1,0,REAL_NHL_API_OR_DERIVED_FROM_REAL
20242025,2024021128,2025-03-24,UTA,DET,0.7621,0.2379,UTA,0,DET,0,0,REAL_NHL_API_OR_DERIVED_FROM_REAL
20242025,2024021129,2025-03-25,BUF,OTT,0.519101,0.480899,BUF,1,BUF,1,0,REAL_NHL_API_OR_DERIVED_FROM_REAL
20242025,2024021130,2025-03-25,TOR,PHI,0.72711,0.27289,TOR,1,TOR,1,0,REAL_NHL_API_OR_DERIVED_FROM_REAL
20242025,2024021131,2025-03-25,TBL,PIT,0.752845,0.247155,TBL,1,TBL,1,0,REAL_NHL_API_OR_DERIVED_FROM_REAL
20242025,2024021132,2025-03-25,CAR,NSH,0.645717,0.354283,CAR,0,NSH,0,0,REAL_NHL_API_OR_DERIVED_FROM_REAL
20242025,2024021133,2025-03-25,STL,MTL,0.725935,0.274065,STL,1,STL,1,0,REAL_NHL_API_OR_DERIVED_FROM_REAL
20242025,2024021134,2025-03-25,MIN,VGK,0.417015,0.582985,VGK,0,VGK,1,0,REAL_NHL_API_OR_DERIVED_FROM_REAL
20242025,2024021135,2025-03-25,WPG,WSH,0.40761,0.59239,WSH,1,WPG,0,0,REAL_NHL_API_OR_DERIVED_FROM_REAL
20242025,2024021136,2025-03-25,COL,DET,0.680425,0.319575,COL,1,COL,1,0,REAL_NHL_API_OR_DERIVED_FROM_REAL
20242025,2024021137,2025-03-25,CGY,SEA,0.58891,0.41109,CGY,1,CGY,1,0,REAL_NHL_API_OR_DERIVED_FROM_REAL
20242025,2024021138,2025-03-25,LAK,NYR,0.573952,0.426048,LAK,1,LAK,1,0,REAL_NHL_API_OR_DERIVED_FROM_REAL
20242025,2024021139,2025-03-26,NYI,VAN,0.305374,0.694626,VAN,0,VAN,1,0,REAL_NHL_API_OR_DERIVED_FROM_REAL
20242025,2024021140,2025-03-26,CHI,NJD,0.396601,0.603399,NJD,0,NJD,1,0,REAL_NHL_API_OR_DERIVED_FROM_REAL
20242025,2024021141,2025-03-26,EDM,DAL,0.351666,0.648334,DAL,0,DAL,1,0,REAL_NHL_API_OR_DERIVED_FROM_REAL
20242025,2024021142,2025-03-26,ANA,BOS,0.558605,0.441395,ANA,1,ANA,1,0,REAL_NHL_API_OR_DERIVED_FROM_REAL
20242025,2024021143,2025-03-27,BUF,PIT,0.751286,0.248714,BUF,1,BUF,1,0,REAL_NHL_API_OR_DERIVED_FROM_REAL
20242025,2024021144,2025-03-27,DET,OTT,0.268355,0.731645,OTT,0,OTT,1,0,REAL_NHL_API_OR_DERIVED_FROM_REAL
20242025,2024021145,2025-03-27,TBL,UTA,0.778515,0.221485,TBL,1,TBL,1,0,REAL_NHL_API_OR_DERIVED_FROM_REAL
20242025,2024021146,2025-03-27,PHI,MTL,0.57691,0.42309,PHI,1,PHI,1,0,REAL_NHL_API_OR_DERIVED_FROM_REAL
20242025,2024021147,2025-03-27,NSH,STL,0.43603,0.56397,STL,0,STL,1,0,REAL_NHL_API_OR_DERIVED_FROM_REAL
20242025,2024021148,2025-03-27,MIN,WSH,0.481469,0.518531,WSH,1,MIN,0,0,REAL_NHL_API_OR_DERIVED_FROM_REAL
20242025,2024021149,2025-03-27,COL,LAK,0.566847,0.433153,COL,1,COL,1,0,REAL_NHL_API_OR_DERIVED_FROM_REAL
20242025,2024021150,2025-03-27,CGY,DAL,0.515377,0.484623,CGY,0,DAL,0,0,REAL_NHL_API_OR_DERIVED_FROM_REAL
20242025,2024021151,2025-03-27,SEA,EDM,0.562603,0.437397,SEA,1,SEA,1,0,REAL_NHL_API_OR_DERIVED_FROM_REAL
20242025,2024021152,2025-03-27,SJS,TOR,0.412956,0.587044,TOR,1,SJS,0,0,REAL_NHL_API_OR_DERIVED_FROM_REAL
20242025,2024021153,2025-03-28,FLA,UTA,0.581491,0.418509,FLA,1,FLA,1,0,REAL_NHL_API_OR_DERIVED_FROM_REAL
20242025,2024021154,2025-03-28,CAR,MTL,0.6596,0.3404,CAR,1,CAR,1,0,REAL_NHL_API_OR_DERIVED_FROM_REAL
20242025,2024021155,2025-03-28,CBJ,VAN,0.436531,0.563469,VAN,1,CBJ,0,0,REAL_NHL_API_OR_DERIVED_FROM_REAL
20242025,2024021156,2025-03-28,WPG,NJD,0.639004,0.360996,WPG,1,WPG,1,0,REAL_NHL_API_OR_DERIVED_FROM_REAL
20242025,2024021157,2025-03-28,CHI,VGK,0.375943,0.624057,VGK,0,VGK,1,0,REAL_NHL_API_OR_DERIVED_FROM_REAL
20242025,2024021158,2025-03-28,ANA,NYR,0.546427,0.453573,ANA,1,ANA,1,0,REAL_NHL_API_OR_DERIVED_FROM_REAL
20242025,2024021159,2025-03-29,PHI,BUF,0.393595,0.606405,BUF,1,PHI,0,0,REAL_NHL_API_OR_DERIVED_FROM_REAL
20242025,2024021160,2025-03-29,TBL,NYI,0.684323,0.315677,TBL,1,TBL,1,0,REAL_NHL_API_OR_DERIVED_FROM_REAL
20242025,2024021161,2025-03-29,COL,STL,0.58414,0.41586,COL,0,STL,0,0,REAL_NHL_API_OR_DERIVED_FROM_REAL
20242025,2024021162,2025-03-29,MIN,NJD,0.538674,0.461326,MIN,0,NJD,0,0,REAL_NHL_API_OR_DERIVED_FROM_REAL
20242025,2024021163,2025-03-29,NSH,VGK,0.384268,0.615732,VGK,0,VGK,1,0,REAL_NHL_API_OR_DERIVED_FROM_REAL
20242025,2024021164,2025-03-29,OTT,CBJ,0.565024,0.434976,OTT,1,OTT,1,0,REAL_NHL_API_OR_DERIVED_FROM_REAL
20242025,2024021165,2025-03-29,LAK,TOR,0.561425,0.438575,LAK,0,TOR,0,0,REAL_NHL_API_OR_DERIVED_FROM_REAL
20242025,2024021166,2025-03-29,DET,BOS,0.594535,0.405465,DET,1,DET,1,0,REAL_NHL_API_OR_DERIVED_FROM_REAL
20242025,2024021167,2025-03-29,EDM,CGY,0.560009,0.439991,EDM,1,EDM,1,0,REAL_NHL_API_OR_DERIVED_FROM_REAL
20242025,2024021168,2025-03-29,SJS,NYR,0.533174,0.466826,SJS,0,NYR,0,0,REAL_NHL_API_OR_DERIVED_FROM_REAL
20242025,2024021169,2025-03-29,SEA,DAL,0.487168,0.512832,DAL,0,DAL,1,0,REAL_NHL_API_OR_DERIVED_FROM_REAL
20242025,2024021170,2025-03-30,FLA,MTL,0.569211,0.430789,FLA,0,MTL,0,0,REAL_NHL_API_OR_DERIVED_FROM_REAL
20242025,2024021171,2025-03-30,WSH,BUF,0.607964,0.392036,WSH,0,BUF,0,0,REAL_NHL_API_OR_DERIVED_FROM_REAL
20242025,2024021172,2025-03-30,WPG,VAN,0.582832,0.417168,WPG,1,WPG,1,0,REAL_NHL_API_OR_DERIVED_FROM_REAL
20242025,2024021173,2025-03-30,CHI,UTA,0.506476,0.493524,CHI,0,UTA,0,0,REAL_NHL_API_OR_DERIVED_FROM_REAL
20242025,2024021174,2025-03-30,PIT,OTT,0.478397,0.521603,OTT,1,PIT,0,0,REAL_NHL_API_OR_DERIVED_FROM_REAL
20242025,2024021175,2025-03-30,CAR,NYI,0.619795,0.380205,CAR,1,CAR,1,0,REAL_NHL_API_OR_DERIVED_FROM_REAL
20242025,2024021176,2025-03-30,ANA,TOR,0.439958,0.560042,TOR,0,TOR,1,0,REAL_NHL_API_OR_DERIVED_FROM_REAL
20242025,2024021177,2025-03-30,LAK,SJS,0.600335,0.399665,LAK,1,LAK,1,0,REAL_NHL_API_OR_DERIVED_FROM_REAL
20242025,2024021178,2025-03-31,NJD,MIN,0.51895,0.48105,NJD,1,NJD,1,0,REAL_NHL_API_OR_DERIVED_FROM_REAL
20242025,2024021179,2025-03-31,PHI,NSH,0.589978,0.410022,PHI,1,PHI,1,0,REAL_NHL_API_OR_DERIVED_FROM_REAL
20242025,2024021180,2025-03-31,COL,CGY,0.642194,0.357806,COL,0,CGY,0,0,REAL_NHL_API_OR_DERIVED_FROM_REAL
20242025,2024021181,2025-03-31,SEA,DAL,0.405151,0.594849,DAL,0,DAL,1,0,REAL_NHL_API_OR_DERIVED_FROM_REAL
20242025,2024021182,2025-04-01,BOS,WSH,0.44735,0.55265,WSH,0,WSH,1,0,REAL_NHL_API_OR_DERIVED_FROM_REAL
20242025,2024021183,2025-04-01,MTL,FLA,0.546674,0.453326,MTL,1,MTL,1,0,REAL_NHL_API_OR_DERIVED_FROM_REAL
20242025,2024021184,2025-04-01,OTT,BUF,0.470425,0.529575,BUF,0,BUF,1,0,REAL_NHL_API_OR_DERIVED_FROM_REAL
20242025,2024021185,2025-04-01,CBJ,NSH,0.746023,0.253977,CBJ,1,CBJ,1,0,REAL_NHL_API_OR_DERIVED_FROM_REAL
20242025,2024021186,2025-04-01,NYI,TBL,0.428776,0.571224,TBL,0,TBL,1,0,REAL_NHL_API_OR_DERIVED_FROM_REAL
20242025,2024021187,2025-04-01,STL,DET,0.680528,0.319472,STL,1,STL,1,0,REAL_NHL_API_OR_DERIVED_FROM_REAL
20242025,2024021188,2025-04-01,UTA,CGY,0.576837,0.423163,UTA,1,UTA,1,0,REAL_NHL_API_OR_DERIVED_FROM_REAL
20242025,2024021189,2025-04-01,VGK,EDM,0.595904,0.404096,VGK,0,EDM,0,0,REAL_NHL_API_OR_DERIVED_FROM_REAL
20242025,2024021190,2025-04-01,ANA,SJS,0.683005,0.316995,ANA,1,ANA,1,0,REAL_NHL_API_OR_DERIVED_FROM_REAL
20242025,2024021191,2025-04-01,LAK,WPG,0.606573,0.393427,LAK,1,LAK,1,0,REAL_NHL_API_OR_DERIVED_FROM_REAL
20242025,2024021192,2025-04-02,NYR,MIN,0.614683,0.385317,NYR,1,NYR,1,0,REAL_NHL_API_OR_DERIVED_FROM_REAL
20242025,2024021193,2025-04-02,CAR,WSH,0.684323,0.315677,CAR,1,CAR,1,0,REAL_NHL_API_OR_DERIVED_FROM_REAL
20242025,2024021194,2025-04-02,TOR,FLA,0.612862,0.387138,TOR,1,TOR,1,0,REAL_NHL_API_OR_DERIVED_FROM_REAL
20242025,2024021195,2025-04-02,CHI,COL,0.365388,0.634612,COL,0,COL,1,0,REAL_NHL_API_OR_DERIVED_FROM_REAL
20242025,2024021196,2025-04-02,VAN,SEA,0.552083,0.447917,VAN,0,SEA,0,0,REAL_NHL_API_OR_DERIVED_FROM_REAL
20242025,2024021197,2025-04-03,MTL,BOS,0.560074,0.439926,MTL,1,MTL,1,0,REAL_NHL_API_OR_DERIVED_FROM_REAL
20242025,2024021198,2025-04-03,OTT,TBL,0.420921,0.579079,TBL,1,OTT,0,0,REAL_NHL_API_OR_DERIVED_FROM_REAL
20242025,2024021199,2025-04-03,CBJ,COL,0.345162,0.654838,COL,0,COL,1,0,REAL_NHL_API_OR_DERIVED_FROM_REAL
20242025,2024021200,2025-04-03,STL,PIT,0.633302,0.366698,STL,1,STL,1,0,REAL_NHL_API_OR_DERIVED_FROM_REAL
20242025,2024021201,2025-04-03,DAL,NSH,0.686715,0.313285,DAL,1,DAL,1,0,REAL_NHL_API_OR_DERIVED_FROM_REAL
20242025,2024021202,2025-04-03,UTA,LAK,0.413035,0.586965,LAK,0,LAK,1,0,REAL_NHL_API_OR_DERIVED_FROM_REAL
20242025,2024021203,2025-04-03,CGY,ANA,0.723056,0.276944,CGY,1,CGY,1,0,REAL_NHL_API_OR_DERIVED_FROM_REAL
20242025,2024021204,2025-04-03,VGK,WPG,0.319645,0.680355,WPG,0,WPG,1,0,REAL_NHL_API_OR_DERIVED_FROM_REAL
20242025,2024021205,2025-04-03,SJS,EDM,0.368252,0.631748,EDM,0,EDM,1,0,REAL_NHL_API_OR_DERIVED_FROM_REAL
20242025,2024021206,2025-04-04,DET,CAR,0.407825,0.592175,CAR,1,DET,0,0,REAL_NHL_API_OR_DERIVED_FROM_REAL
20242025,2024021207,2025-04-04,WSH,CHI,0.614847,0.385153,WSH,1,WSH,1,0,REAL_NHL_API_OR_DERIVED_FROM_REAL
20242025,2024021208,2025-04-04,NYI,MIN,0.482678,0.517322,MIN,1,NYI,0,0,REAL_NHL_API_OR_DERIVED_FROM_REAL
20242025,2024021209,2025-04-05,NJD,NYR,0.518149,0.481851,NJD,1,NJD,1,0,REAL_NHL_API_OR_DERIVED_FROM_REAL
20242025,2024021210,2025-04-05,OTT,FLA,0.492675,0.507325,FLA,1,OTT,0,0,REAL_NHL_API_OR_DERIVED_FROM_REAL
20242025,2024021211,2025-04-05,DAL,PIT,0.719338,0.280662,DAL,0,PIT,0,0,REAL_NHL_API_OR_DERIVED_FROM_REAL
20242025,2024021212,2025-04-05,VAN,ANA,0.509426,0.490574,VAN,1,VAN,1,0,REAL_NHL_API_OR_DERIVED_FROM_REAL
20242025,2024021213,2025-04-05,LAK,EDM,0.574409,0.425591,LAK,1,LAK,1,0,REAL_NHL_API_OR_DERIVED_FROM_REAL
20242025,2024021214,2025-04-05,BOS,CAR,0.468122,0.531878,CAR,1,BOS,0,0,REAL_NHL_API_OR_DERIVED_FROM_REAL
20242025,2024021215,2025-04-05,BUF,TBL,0.546463,0.453537,BUF,1,BUF,1,0,REAL_NHL_API_OR_DERIVED_FROM_REAL
20242025,2024021216,2025-04-05,TOR,CBJ,0.544511,0.455489,TOR,1,TOR,1,0,REAL_NHL_API_OR_DERIVED_FROM_REAL
20242025,2024021217,2025-04-05,MTL,PHI,0.553653,0.446347,MTL,1,MTL,1,0,REAL_NHL_API_OR_DERIVED_FROM_REAL
20242025,2024021218,2025-04-05,STL,COL,0.513277,0.486723,STL,1,STL,1,0,REAL_NHL_API_OR_DERIVED_FROM_REAL
20242025,2024021219,2025-04-05,UTA,WPG,0.39794,0.60206,WPG,1,UTA,0,0,REAL_NHL_API_OR_DERIVED_FROM_REAL
20242025,2024021220,2025-04-05,CGY,VGK,0.445424,0.554576,VGK,0,VGK,1,0,REAL_NHL_API_OR_DERIVED_FROM_REAL
20242025,2024021221,2025-04-05,SJS,SEA,0.299777,0.700223,SEA,0,SEA,1,0,REAL_NHL_API_OR_DERIVED_FROM_REAL
20242025,2024021222,2025-04-06,NYI,WSH,0.472129,0.527871,WSH,1,NYI,0,0,REAL_NHL_API_OR_DERIVED_FROM_REAL
20242025,2024021223,2025-04-06,MIN,DAL,0.4045,0.5955,DAL,1,MIN,0,0,REAL_NHL_API_OR_DERIVED_FROM_REAL
20242025,2024021224,2025-04-06,OTT,CBJ,0.771952,0.228048,OTT,1,OTT,1,0,REAL_NHL_API_OR_DERIVED_FROM_REAL
20242025,2024021225,2025-04-06,DET,FLA,0.500464,0.499536,DET,1,DET,1,0,REAL_NHL_API_OR_DERIVED_FROM_REAL
20242025,2024021226,2025-04-06,BUF,BOS,0.579107,0.420893,BUF,1,BUF,1,0,REAL_NHL_API_OR_DERIVED_FROM_REAL
20242025,2024021227,2025-04-06,CHI,PIT,0.441657,0.558343,PIT,1,CHI,0,0,REAL_NHL_API_OR_DERIVED_FROM_REAL
20242025,2024021228,2025-04-06,NSH,MTL,0.513606,0.486394,NSH,0,MTL,0,0,REAL_NHL_API_OR_DERIVED_FROM_REAL
20242025,2024021229,2025-04-06,VAN,VGK,0.526066,0.473934,VAN,0,VGK,0,0,REAL_NHL_API_OR_DERIVED_FROM_REAL
20242025,2024021230,2025-04-07,NYR,TBL,0.50443,0.49557,NYR,0,TBL,0,0,REAL_NHL_API_OR_DERIVED_FROM_REAL
20242025,2024021231,2025-04-07,WPG,STL,0.452749,0.547251,STL,1,WPG,0,0,REAL_NHL_API_OR_DERIVED_FROM_REAL
20242025,2024021232,2025-04-07,ANA,EDM,0.296954,0.703046,EDM,1,ANA,0,0,REAL_NHL_API_OR_DERIVED_FROM_REAL
20242025,2024021233,2025-04-07,LAK,SEA,0.643487,0.356513,LAK,0,SEA,0,0,REAL_NHL_API_OR_DERIVED_FROM_REAL
20242025,2024021234,2025-04-07,SJS,CGY,0.389803,0.610197,CGY,0,CGY,1,0,REAL_NHL_API_OR_DERIVED_FROM_REAL
20242025,2024021235,2025-04-08,BUF,CAR,0.586745,0.413255,BUF,1,BUF,1,0,REAL_NHL_API_OR_DERIVED_FROM_REAL
20242025,2024021236,2025-04-08,MTL,DET,0.501499,0.498501,MTL,1,MTL,1,0,REAL_NHL_API_OR_DERIVED_FROM_REAL
20242025,2024021237,2025-04-08,FLA,TOR,0.513115,0.486885,FLA,1,FLA,1,0,REAL_NHL_API_OR_DERIVED_FROM_REAL
20242025,2024021238,2025-04-08,NJD,BOS,0.406954,0.593046,BOS,0,BOS,1,0,REAL_NHL_API_OR_DERIVED_FROM_REAL
20242025,2024021239,2025-04-08,CBJ,OTT,0.467111,0.532889,OTT,1,CBJ,0,0,REAL_NHL_API_OR_DERIVED_FROM_REAL
20242025,2024021240,2025-04-08,PIT,CHI,0.621784,0.378216,PIT,1,PIT,1,0,REAL_NHL_API_OR_DERIVED_FROM_REAL
20242025,2024021241,2025-04-08,NSH,NYI,0.729229,0.270771,NSH,1,NSH,1,0,REAL_NHL_API_OR_DERIVED_FROM_REAL
20242025,2024021242,2025-04-08,DAL,VAN,0.637852,0.362148,DAL,0,VAN,0,0,REAL_NHL_API_OR_DERIVED_FROM_REAL
20242025,2024021243,2025-04-08,UTA,SEA,0.575729,0.424271,UTA,1,UTA,1,0,REAL_NHL_API_OR_DERIVED_FROM_REAL
20242025,2024021244,2025-04-08,COL,VGK,0.518856,0.481144,COL,1,COL,1,0,REAL_NHL_API_OR_DERIVED_FROM_REAL
20242025,2024021245,2025-04-09,TBL,TOR,0.526787,0.473213,TBL,0,TOR,0,0,REAL_NHL_API_OR_DERIVED_FROM_REAL
20242025,2024021246,2025-04-09,NYR,PHI,0.569394,0.430606,NYR,0,PHI,0,0,REAL_NHL_API_OR_DERIVED_FROM_REAL
20242025,2024021247,2025-04-09,MIN,SJS,0.687368,0.312632,MIN,1,MIN,1,0,REAL_NHL_API_OR_DERIVED_FROM_REAL
20242025,2024021248,2025-04-09,EDM,STL,0.680207,0.319793,EDM,1,EDM,1,0,REAL_NHL_API_OR_DERIVED_FROM_REAL
20242025,2024021249,2025-04-09,ANA,CGY,0.429052,0.570948,CGY,1,ANA,0,0,REAL_NHL_API_OR_DERIVED_FROM_REAL
20242025,2024021250,2025-04-10,BOS,CHI,0.682518,0.317482,BOS,0,CHI,0,0,REAL_NHL_API_OR_DERIVED_FROM_REAL
20242025,2024021251,2025-04-10,FLA,DET,0.586731,0.413269,FLA,1,FLA,1,0,REAL_NHL_API_OR_DERIVED_FROM_REAL
20242025,2024021252,2025-04-10,WSH,CAR,0.588088,0.411912,WSH,1,WSH,1,0,REAL_NHL_API_OR_DERIVED_FROM_REAL
20242025,2024021253,2025-04-10,CBJ,BUF,0.509448,0.490552,CBJ,1,CBJ,1,0,REAL_NHL_API_OR_DERIVED_FROM_REAL
20242025,2024021254,2025-04-10,NYI,NYR,0.375284,0.624716,NYR,0,NYR,1,0,REAL_NHL_API_OR_DERIVED_FROM_REAL
20242025,2024021255,2025-04-10,DAL,WPG,0.618479,0.381521,DAL,0,WPG,0,0,REAL_NHL_API_OR_DERIVED_FROM_REAL
20242025,2024021256,2025-04-10,COL,VAN,0.551811,0.448189,COL,0,VAN,0,0,REAL_NHL_API_OR_DERIVED_FROM_REAL
20242025,2024021257,2025-04-10,UTA,NSH,0.589583,0.410417,UTA,0,NSH,0,0,REAL_NHL_API_OR_DERIVED_FROM_REAL
20242025,2024021258,2025-04-10,VGK,SEA,0.592049,0.407951,VGK,1,VGK,1,0,REAL_NHL_API_OR_DERIVED_FROM_REAL
20242025,2024021259,2025-04-10,LAK,ANA,0.659496,0.340504,LAK,1,LAK,1,0,REAL_NHL_API_OR_DERIVED_FROM_REAL
20242025,2024021260,2025-04-11,OTT,MTL,0.456894,0.543106,MTL,1,OTT,0,0,REAL_NHL_API_OR_DERIVED_FROM_REAL
20242025,2024021261,2025-04-11,TBL,DET,0.616871,0.383129,TBL,0,DET,0,0,REAL_NHL_API_OR_DERIVED_FROM_REAL
20242025,2024021262,2025-04-11,NJD,PIT,0.66424,0.33576,NJD,0,PIT,0,0,REAL_NHL_API_OR_DERIVED_FROM_REAL
20242025,2024021263,2025-04-11,EDM,SJS,0.697022,0.302978,EDM,1,EDM,1,0,REAL_NHL_API_OR_DERIVED_FROM_REAL
20242025,2024021264,2025-04-11,CGY,MIN,0.681273,0.318727,CGY,1,CGY,1,0,REAL_NHL_API_OR_DERIVED_FROM_REAL
20242025,2024021265,2025-04-12,PHI,NYI,0.659501,0.340499,PHI,1,PHI,1,0,REAL_NHL_API_OR_DERIVED_FROM_REAL
20242025,2024021266,2025-04-12,CAR,NYR,0.518212,0.481788,CAR,1,CAR,1,0,REAL_NHL_API_OR_DERIVED_FROM_REAL
20242025,2024021267,2025-04-12,LAK,COL,0.446658,0.553342,COL,1,LAK,0,0,REAL_NHL_API_OR_DERIVED_FROM_REAL
20242025,2024021268,2025-04-12,FLA,BUF,0.526877,0.473123,FLA,1,FLA,1,0,REAL_NHL_API_OR_DERIVED_FROM_REAL
20242025,2024021269,2025-04-12,TOR,MTL,0.711858,0.288142,TOR,1,TOR,1,0,REAL_NHL_API_OR_DERIVED_FROM_REAL
20242025,2024021270,2025-04-12,CBJ,WSH,0.474264,0.525736,WSH,1,CBJ,0,0,REAL_NHL_API_OR_DERIVED_FROM_REAL
20242025,2024021271,2025-04-12,CHI,WPG,0.462131,0.537869,WPG,0,WPG,1,0,REAL_NHL_API_OR_DERIVED_FROM_REAL
20242025,2024021272,2025-04-12,DAL,UTA,0.585322,0.414678,DAL,0,UTA,0,0,REAL_NHL_API_OR_DERIVED_FROM_REAL
20242025,2024021273,2025-04-12,VAN,MIN,0.497885,0.502115,MIN,0,MIN,1,0,REAL_NHL_API_OR_DERIVED_FROM_REAL
20242025,2024021274,2025-04-12,VGK,NSH,0.654272,0.345728,VGK,1,VGK,1,0,REAL_NHL_API_OR_DERIVED_FROM_REAL
20242025,2024021275,2025-04-12,SEA,STL,0.458897,0.541103,STL,1,SEA,0,0,REAL_NHL_API_OR_DERIVED_FROM_REAL
20242025,2024021276,2025-04-13,OTT,PHI,0.557869,0.442131,OTT,1,OTT,1,0,REAL_NHL_API_OR_DERIVED_FROM_REAL
20242025,2024021277,2025-04-13,NJD,NYI,0.633285,0.366715,NJD,0,NYI,0,0,REAL_NHL_API_OR_DERIVED_FROM_REAL
20242025,2024021278,2025-04-13,PIT,BOS,0.576035,0.423965,PIT,0,BOS,0,0,REAL_NHL_API_OR_DERIVED_FROM_REAL
20242025,2024021279,2025-04-13,CAR,TOR,0.550368,0.449632,CAR,0,TOR,0,0,REAL_NHL_API_OR_DERIVED_FROM_REAL
20242025,2024021280,2025-04-13,TBL,BUF,0.550036,0.449964,TBL,1,TBL,1,0,REAL_NHL_API_OR_DERIVED_FROM_REAL
20242025,2024021281,2025-04-13,WSH,CBJ,0.552247,0.447753,WSH,0,CBJ,0,0,REAL_NHL_API_OR_DERIVED_FROM_REAL
20242025,2024021282,2025-04-13,WPG,EDM,0.51908,0.48092,WPG,0,EDM,0,0,REAL_NHL_API_OR_DERIVED_FROM_REAL
20242025,2024021283,2025-04-13,CGY,SJS,0.620319,0.379681,CGY,1,CGY,1,0,REAL_NHL_API_OR_DERIVED_FROM_REAL
20242025,2024021284,2025-04-13,ANA,COL,0.47947,0.52053,COL,0,COL,1,0,REAL_NHL_API_OR_DERIVED_FROM_REAL
20242025,2024021285,2025-04-14,MTL,CHI,0.617799,0.382201,MTL,0,CHI,0,0,REAL_NHL_API_OR_DERIVED_FROM_REAL
20242025,2024021286,2025-04-14,DET,DAL,0.449959,0.550041,DAL,1,DET,0,0,REAL_NHL_API_OR_DERIVED_FROM_REAL
20242025,2024021287,2025-04-14,FLA,NYR,0.557031,0.442969,FLA,0,NYR,0,0,REAL_NHL_API_OR_DERIVED_FROM_REAL
20242025,2024021288,2025-04-14,NSH,UTA,0.505204,0.494796,NSH,0,UTA,0,0,REAL_NHL_API_OR_DERIVED_FROM_REAL
20242025,2024021289,2025-04-14,EDM,LAK,0.565422,0.434578,EDM,0,LAK,0,0,REAL_NHL_API_OR_DERIVED_FROM_REAL
20242025,2024021290,2025-04-14,VAN,SJS,0.753584,0.246416,VAN,1,VAN,1,0,REAL_NHL_API_OR_DERIVED_FROM_REAL
20242025,2024021291,2025-04-15,BOS,NJD,0.557328,0.442672,BOS,0,NJD,0,0,REAL_NHL_API_OR_DERIVED_FROM_REAL
20242025,2024021292,2025-04-15,BUF,TOR,0.416946,0.583054,TOR,0,TOR,1,0,REAL_NHL_API_OR_DERIVED_FROM_REAL
20242025,2024021293,2025-04-15,OTT,CHI,0.57202,0.42798,OTT,0,CHI,0,0,REAL_NHL_API_OR_DERIVED_FROM_REAL
20242025,2024021294,2025-04-15,TBL,FLA,0.571926,0.428074,TBL,1,TBL,1,0,REAL_NHL_API_OR_DERIVED_FROM_REAL
20242025,2024021295,2025-04-15,PHI,CBJ,0.530832,0.469168,PHI,0,CBJ,0,0,REAL_NHL_API_OR_DERIVED_FROM_REAL
20242025,2024021296,2025-04-15,NYI,WSH,0.432045,0.567955,WSH,0,WSH,1,0,REAL_NHL_API_OR_DERIVED_FROM_REAL
20242025,2024021297,2025-04-15,STL,UTA,0.539353,0.460647,STL,1,STL,1,0,REAL_NHL_API_OR_DERIVED_FROM_REAL
20242025,2024021298,2025-04-15,MIN,ANA,0.579288,0.420712,MIN,1,MIN,1,0,REAL_NHL_API_OR_DERIVED_FROM_REAL
20242025,2024021299,2025-04-15,CGY,VGK,0.518433,0.481567,CGY,1,CGY,1,0,REAL_NHL_API_OR_DERIVED_FROM_REAL
20242025,2024021300,2025-04-15,SEA,LAK,0.524575,0.475425,SEA,0,LAK,0,0,REAL_NHL_API_OR_DERIVED_FROM_REAL
20242025,2024021301,2025-04-16,MTL,CAR,0.466272,0.533728,CAR,1,MTL,0,0,REAL_NHL_API_OR_DERIVED_FROM_REAL
20242025,2024021302,2025-04-16,WPG,ANA,0.63443,0.36557,WPG,1,WPG,1,0,REAL_NHL_API_OR_DERIVED_FROM_REAL
20242025,2024021303,2025-04-16,NJD,DET,0.52002,0.47998,NJD,0,DET,0,0,REAL_NHL_API_OR_DERIVED_FROM_REAL
20242025,2024021304,2025-04-16,NSH,DAL,0.577524,0.422476,NSH,1,NSH,1,0,REAL_NHL_API_OR_DERIVED_FROM_REAL
20242025,2024021305,2025-04-16,VAN,VGK,0.344867,0.655133,VGK,0,VGK,1,0,REAL_NHL_API_OR_DERIVED_FROM_REAL
20242025,2024021306,2025-04-16,SJS,EDM,0.272442,0.727558,EDM,0,EDM,1,0,REAL_NHL_API_OR_DERIVED_FROM_REAL
20242025,2024020653,2025-04-17,LAK,CGY,0.535726,0.464274,LAK,0,CGY,0,0,REAL_NHL_API_OR_DERIVED_FROM_REAL
20242025,2024021307,2025-04-17,BUF,PHI,0.550269,0.449731,BUF,1,BUF,1,0,REAL_NHL_API_OR_DERIVED_FROM_REAL
20242025,2024021308,2025-04-17,TOR,DET,0.543847,0.456153,TOR,1,TOR,1,0,REAL_NHL_API_OR_DERIVED_FROM_REAL
20242025,2024021309,2025-04-17,OTT,CAR,0.568077,0.431923,OTT,1,OTT,1,0,REAL_NHL_API_OR_DERIVED_FROM_REAL
20242025,2024021310,2025-04-17,NYR,TBL,0.459784,0.540216,TBL,1,NYR,0,0,REAL_NHL_API_OR_DERIVED_FROM_REAL
20242025,2024021311,2025-04-17,PIT,WSH,0.397656,0.602344,WSH,1,PIT,0,0,REAL_NHL_API_OR_DERIVED_FROM_REAL
20242025,2024021312,2025-04-17,CBJ,NYI,0.537521,0.462479,CBJ,1,CBJ,1,0,REAL_NHL_API_OR_DERIVED_FROM_REAL
20252026,2025020001,2025-10-07,FLA,CHI,0.561761,0.438239,FLA,1,FLA,1,0,REAL_NHL_API_OR_DERIVED_FROM_REAL
20252026,2025020002,2025-10-07,NYR,PIT,0.508277,0.491723,NYR,0,PIT,0,0,REAL_NHL_API_OR_DERIVED_FROM_REAL
20252026,2025020003,2025-10-07,LAK,COL,0.54455,0.45545,LAK,0,COL,0,0,REAL_NHL_API_OR_DERIVED_FROM_REAL
20252026,2025020004,2025-10-08,TOR,MTL,0.580257,0.419743,TOR,1,TOR,1,0,REAL_NHL_API_OR_DERIVED_FROM_REAL
20252026,2025020005,2025-10-08,WSH,BOS,0.47544,0.52456,BOS,0,BOS,1,0,REAL_NHL_API_OR_DERIVED_FROM_REAL
20252026,2025020006,2025-10-08,EDM,CGY,0.619347,0.380653,EDM,0,CGY,0,0,REAL_NHL_API_OR_DERIVED_FROM_REAL
20252026,2025020007,2025-10-08,VGK,LAK,0.516567,0.483433,VGK,0,LAK,0,0,REAL_NHL_API_OR_DERIVED_FROM_REAL
20252026,2025020008,2025-10-09,BOS,CHI,0.636836,0.363164,BOS,1,BOS,1,0,REAL_NHL_API_OR_DERIVED_FROM_REAL
20252026,2025020009,2025-10-09,BUF,NYR,0.498602,0.501398,NYR,0,NYR,1,0,REAL_NHL_API_OR_DERIVED_FROM_REAL
20252026,2025020010,2025-10-09,DET,MTL,0.654662,0.345338,DET,0,MTL,0,0,REAL_NHL_API_OR_DERIVED_FROM_REAL
20252026,2025020011,2025-10-09,TBL,OTT,0.630647,0.369353,TBL,0,OTT,0,0,REAL_NHL_API_OR_DERIVED_FROM_REAL
20252026,2025020012,2025-10-09,FLA,PHI,0.586369,0.413631,FLA,1,FLA,1,0,REAL_NHL_API_OR_DERIVED_FROM_REAL
20252026,2025020013,2025-10-09,PIT,NYI,0.649661,0.350339,PIT,1,PIT,1,0,REAL_NHL_API_OR_DERIVED_FROM_REAL
20252026,2025020014,2025-10-09,CAR,NJD,0.565233,0.434767,CAR,1,CAR,1,0,REAL_NHL_API_OR_DERIVED_FROM_REAL
20252026,2025020015,2025-10-09,STL,MIN,0.487607,0.512393,MIN,0,MIN,1,0,REAL_NHL_API_OR_DERIVED_FROM_REAL
20252026,2025020016,2025-10-09,NSH,CBJ,0.597761,0.402239,NSH,1,NSH,1,0,REAL_NHL_API_OR_DERIVED_FROM_REAL
20252026,2025020017,2025-10-09,WPG,DAL,0.545766,0.454234,WPG,0,DAL,0,0,REAL_NHL_API_OR_DERIVED_FROM_REAL
20252026,2025020018,2025-10-09,COL,UTA,0.564781,0.435219,COL,1,COL,1,0,REAL_NHL_API_OR_DERIVED_FROM_REAL
20252026,2025020019,2025-10-09,VAN,CGY,0.534078,0.465922,VAN,1,VAN,1,0,REAL_NHL_API_OR_DERIVED_FROM_REAL
20252026,2025020020,2025-10-09,SJS,VGK,0.481248,0.518752,VGK,0,VGK,1,0,REAL_NHL_API_OR_DERIVED_FROM_REAL
20252026,2025020021,2025-10-09,SEA,ANA,0.49803,0.50197,ANA,1,SEA,0,0,REAL_NHL_API_OR_DERIVED_FROM_REAL
20252026,2025020022,2025-10-11,WPG,LAK,0.489247,0.510753,LAK,1,WPG,0,0,REAL_NHL_API_OR_DERIVED_FROM_REAL
20252026,2025020023,2025-10-11,CGY,STL,0.57497,0.42503,CGY,0,STL,0,0,REAL_NHL_API_OR_DERIVED_FROM_REAL
20252026,2025020024,2025-10-11,BOS,BUF,0.607671,0.392329,BOS,1,BOS,1,0,REAL_NHL_API_OR_DERIVED_FROM_REAL
20252026,2025020025,2025-10-11,DET,TOR,0.456453,0.543547,TOR,1,DET,0,0,REAL_NHL_API_OR_DERIVED_FROM_REAL
20252026,2025020026,2025-10-11,TBL,NJD,0.579398,0.420602,TBL,0,NJD,0,0,REAL_NHL_API_OR_DERIVED_FROM_REAL
20252026,2025020027,2025-10-11,FLA,OTT,0.551532,0.448468,FLA,1,FLA,1,0,REAL_NHL_API_OR_DERIVED_FROM_REAL
20252026,2025020028,2025-10-11,NYI,WSH,0.533847,0.466153,NYI,0,WSH,0,0,REAL_NHL_API_OR_DERIVED_FROM_REAL
20252026,2025020029,2025-10-11,PIT,NYR,0.581074,0.418926,PIT,0,NYR,0,0,REAL_NHL_API_OR_DERIVED_FROM_REAL
20252026,2025020030,2025-10-11,CAR,PHI,0.658568,0.341432,CAR,1,CAR,1,0,REAL_NHL_API_OR_DERIVED_FROM_REAL
20252026,2025020031,2025-10-11,CHI,MTL,0.53331,0.46669,CHI,0,MTL,0,0,REAL_NHL_API_OR_DERIVED_FROM_REAL
20252026,2025020032,2025-10-11,NSH,UTA,0.585801,0.414199,NSH,0,UTA,0,0,REAL_NHL_API_OR_DERIVED_FROM_REAL
20252026,2025020033,2025-10-11,MIN,CBJ,0.66966,0.33034,MIN,0,CBJ,0,0,REAL_NHL_API_OR_DERIVED_FROM_REAL
20252026,2025020034,2025-10-11,COL,DAL,0.569383,0.430617,COL,0,DAL,0,0,REAL_NHL_API_OR_DERIVED_FROM_REAL
20252026,2025020035,2025-10-11,EDM,VAN,0.523024,0.476976,EDM,1,EDM,1,0,REAL_NHL_API_OR_DERIVED_FROM_REAL
20252026,2025020036,2025-10-11,SJS,ANA,0.590931,0.409069,SJS,0,ANA,0,0,REAL_NHL_API_OR_DERIVED_FROM_REAL
20252026,2025020037,2025-10-11,SEA,VGK,0.550389,0.449611,SEA,1,SEA,1,0,REAL_NHL_API_OR_DERIVED_FROM_REAL
20252026,2025020038,2025-10-12,NYR,WSH,0.57882,0.42118,NYR,0,WSH,0,0,REAL_NHL_API_OR_DERIVED_FROM_REAL
20252026,2025020039,2025-10-13,BUF,COL,0.432649,0.567351,COL,0,COL,1,0,REAL_NHL_API_OR_DERIVED_FROM_REAL
20252026,2025020040,2025-10-13,BOS,TBL,0.616012,0.383988,BOS,0,TBL,0,0,REAL_NHL_API_OR_DERIVED_FROM_REAL
20252026,2025020041,2025-10-13,OTT,NSH,0.5314,0.4686,OTT,0,NSH,0,0,REAL_NHL_API_OR_DERIVED_FROM_REAL
20252026,2025020042,2025-10-13,NYI,WPG,0.494597,0.505403,WPG,0,WPG,1,0,REAL_NHL_API_OR_DERIVED_FROM_REAL
20252026,2025020043,2025-10-13,TOR,DET,0.65193,0.34807,TOR,0,DET,0,0,REAL_NHL_API_OR_DERIVED_FROM_REAL
20252026,2025020044,2025-10-13,PHI,FLA,0.476455,0.523545,FLA,1,PHI,0,0,REAL_NHL_API_OR_DERIVED_FROM_REAL
20252026,2025020045,2025-10-13,CBJ,NJD,0.734708,0.265292,CBJ,0,NJD,0,0,REAL_NHL_API_OR_DERIVED_FROM_REAL
20252026,2025020046,2025-10-13,VAN,STL,0.497501,0.502499,STL,0,STL,1,0,REAL_NHL_API_OR_DERIVED_FROM_REAL
20252026,2025020047,2025-10-13,MIN,LAK,0.609049,0.390951,MIN,1,MIN,1,0,REAL_NHL_API_OR_DERIVED_FROM_REAL
20252026,2025020048,2025-10-13,CHI,UTA,0.522368,0.477632,CHI,1,CHI,1,0,REAL_NHL_API_OR_DERIVED_FROM_REAL
20252026,2025020049,2025-10-14,TOR,NSH,0.470982,0.529018,NSH,1,TOR,0,0,REAL_NHL_API_OR_DERIVED_FROM_REAL
20252026,2025020050,2025-10-14,MTL,SEA,0.454117,0.545883,SEA,1,MTL,0,0,REAL_NHL_API_OR_DERIVED_FROM_REAL
20252026,2025020051,2025-10-14,NYR,EDM,0.537587,0.462413,NYR,0,EDM,0,0,REAL_NHL_API_OR_DERIVED_FROM_REAL
20252026,2025020052,2025-10-14,WSH,TBL,0.51968,0.48032,WSH,1,WSH,1,0,REAL_NHL_API_OR_DERIVED_FROM_REAL
20252026,2025020053,2025-10-14,CGY,VGK,0.695838,0.304162,CGY,0,VGK,0,0,REAL_NHL_API_OR_DERIVED_FROM_REAL
20252026,2025020054,2025-10-14,DAL,MIN,0.632112,0.367888,DAL,1,DAL,1,0,REAL_NHL_API_OR_DERIVED_FROM_REAL
20252026,2025020055,2025-10-14,SJS,CAR,0.454321,0.545679,CAR,0,CAR,1,0,REAL_NHL_API_OR_DERIVED_FROM_REAL
20252026,2025020056,2025-10-14,ANA,PIT,0.522287,0.477713,ANA,1,ANA,1,0,REAL_NHL_API_OR_DERIVED_FROM_REAL
20252026,2025020057,2025-10-15,BUF,OTT,0.536427,0.463573,BUF,1,BUF,1,0,REAL_NHL_API_OR_DERIVED_FROM_REAL
20252026,2025020058,2025-10-15,DET,FLA,0.473842,0.526158,FLA,1,DET,0,0,REAL_NHL_API_OR_DERIVED_FROM_REAL
20252026,2025020059,2025-10-15,STL,CHI,0.454483,0.545517,CHI,0,CHI,1,0,REAL_NHL_API_OR_DERIVED_FROM_REAL
20252026,2025020060,2025-10-15,UTA,CGY,0.558691,0.441309,UTA,1,UTA,1,0,REAL_NHL_API_OR_DERIVED_FROM_REAL
20252026,2025020061,2025-10-16,TOR,NYR,0.577093,0.422907,TOR,1,TOR,1,0,REAL_NHL_API_OR_DERIVED_FROM_REAL
20252026,2025020062,2025-10-16,MTL,NSH,0.586669,0.413331,MTL,1,MTL,1,0,REAL_NHL_API_OR_DERIVED_FROM_REAL
20252026,2025020063,2025-10-16,OTT,SEA,0.471969,0.528031,SEA,1,OTT,0,0,REAL_NHL_API_OR_DERIVED_FROM_REAL
20252026,2025020064,2025-10-16,NJD,FLA,0.541548,0.458452,NJD,1,NJD,1,0,REAL_NHL_API_OR_DERIVED_FROM_REAL
20252026,2025020065,2025-10-16,NYI,EDM,0.481013,0.518987,EDM,1,NYI,0,0,REAL_NHL_API_OR_DERIVED_FROM_REAL
20252026,2025020066,2025-10-16,PHI,WPG,0.541864,0.458136,PHI,0,WPG,0,0,REAL_NHL_API_OR_DERIVED_FROM_REAL
20252026,2025020067,2025-10-16,CBJ,COL,0.485991,0.514009,COL,0,COL,1,0,REAL_NHL_API_OR_DERIVED_FROM_REAL
20252026,2025020068,2025-10-16,DAL,VAN,0.590226,0.409774,DAL,0,VAN,0,0,REAL_NHL_API_OR_DERIVED_FROM_REAL
20252026,2025020069,2025-10-16,VGK,BOS,0.482189,0.517811,BOS,1,VGK,0,0,REAL_NHL_API_OR_DERIVED_FROM_REAL
20252026,2025020070,2025-10-16,ANA,CAR,0.47264,0.52736,CAR,0,CAR,1,0,REAL_NHL_API_OR_DERIVED_FROM_REAL
20252026,2025020071,2025-10-16,LAK,PIT,0.443544,0.556456,PIT,0,PIT,1,0,REAL_NHL_API_OR_DERIVED_FROM_REAL
20252026,2025020072,2025-10-17,DET,TBL,0.66284,0.33716,DET,1,DET,1,0,REAL_NHL_API_OR_DERIVED_FROM_REAL
20252026,2025020073,2025-10-17,WSH,MIN,0.526433,0.473567,WSH,1,WSH,1,0,REAL_NHL_API_OR_DERIVED_FROM_REAL
20252026,2025020074,2025-10-17,CHI,VAN,0.492046,0.507954,VAN,0,VAN,1,0,REAL_NHL_API_OR_DERIVED_FROM_REAL
20252026,2025020075,2025-10-17,UTA,SJS,0.545404,0.454596,UTA,1,UTA,1,0,REAL_NHL_API_OR_DERIVED_FROM_REAL
20252026,2025020076,2025-10-18,BUF,FLA,0.442164,0.557836,FLA,1,BUF,0,0,REAL_NHL_API_OR_DERIVED_FROM_REAL
20252026,2025020077,2025-10-18,OTT,NYI,0.562845,0.437155,OTT,0,NYI,0,0,REAL_NHL_API_OR_DERIVED_FROM_REAL
20252026,2025020078,2025-10-18,NJD,EDM,0.573316,0.426684,NJD,1,NJD,1,0,REAL_NHL_API_OR_DERIVED_FROM_REAL
20252026,2025020079,2025-10-18,TOR,SEA,0.642482,0.357518,TOR,0,SEA,0,0,REAL_NHL_API_OR_DERIVED_FROM_REAL
20252026,2025020080,2025-10-18,MTL,NYR,0.578414,0.421586,MTL,0,NYR,0,0,REAL_NHL_API_OR_DERIVED_FROM_REAL
20252026,2025020081,2025-10-18,PHI,MIN,0.50161,0.49839,PHI,1,PHI,1,0,REAL_NHL_API_OR_DERIVED_FROM_REAL
20252026,2025020082,2025-10-18,CBJ,TBL,0.523336,0.476664,CBJ,1,CBJ,1,0,REAL_NHL_API_OR_DERIVED_FROM_REAL
20252026,2025020083,2025-10-18,STL,DAL,0.390184,0.609816,DAL,1,STL,0,0,REAL_NHL_API_OR_DERIVED_FROM_REAL
20252026,2025020084,2025-10-18,WPG,NSH,0.602292,0.397708,WPG,1,WPG,1,0,REAL_NHL_API_OR_DERIVED_FROM_REAL
20252026,2025020085,2025-10-18,COL,BOS,0.578159,0.421841,COL,1,COL,1,0,REAL_NHL_API_OR_DERIVED_FROM_REAL
20252026,2025020086,2025-10-18,LAK,CAR,0.42295,0.57705,CAR,0,CAR,1,0,REAL_NHL_API_OR_DERIVED_FROM_REAL
20252026,2025020087,2025-10-18,VGK,CGY,0.835498,0.164502,VGK,1,VGK,1,0,REAL_NHL_API_OR_DERIVED_FROM_REAL
20252026,2025020088,2025-10-18,SJS,PIT,0.515197,0.484803,SJS,0,PIT,0,0,REAL_NHL_API_OR_DERIVED_FROM_REAL
20252026,2025020089,2025-10-19,WSH,VAN,0.58339,0.41661,WSH,0,VAN,0,0,REAL_NHL_API_OR_DERIVED_FROM_REAL
20252026,2025020090,2025-10-19,DET,EDM,0.591323,0.408677,DET,1,DET,1,0,REAL_NHL_API_OR_DERIVED_FROM_REAL
20252026,2025020091,2025-10-19,CHI,ANA,0.517488,0.482512,CHI,1,CHI,1,0,REAL_NHL_API_OR_DERIVED_FROM_REAL
20252026,2025020092,2025-10-19,UTA,BOS,0.556118,0.443882,UTA,1,UTA,1,0,REAL_NHL_API_OR_DERIVED_FROM_REAL
20252026,2025020093,2025-10-20,NYR,MIN,0.559034,0.440966,NYR,0,MIN,0,0,REAL_NHL_API_OR_DERIVED_FROM_REAL
20252026,2025020094,2025-10-20,PHI,SEA,0.576101,0.423899,PHI,1,PHI,1,0,REAL_NHL_API_OR_DERIVED_FROM_REAL
20252026,2025020095,2025-10-20,MTL,BUF,0.536098,0.463902,MTL,1,MTL,1,0,REAL_NHL_API_OR_DERIVED_FROM_REAL
20252026,2025020096,2025-10-20,CGY,WPG,0.391443,0.608557,WPG,0,WPG,1,0,REAL_NHL_API_OR_DERIVED_FROM_REAL
20252026,2025020097,2025-10-20,VGK,CAR,0.440517,0.559483,CAR,1,VGK,0,0,REAL_NHL_API_OR_DERIVED_FROM_REAL
20252026,2025020098,2025-10-21,TOR,NJD,0.541339,0.458661,TOR,0,NJD,0,0,REAL_NHL_API_OR_DERIVED_FROM_REAL
20252026,2025020099,2025-10-21,OTT,EDM,0.544854,0.455146,OTT,0,EDM,0,0,REAL_NHL_API_OR_DERIVED_FROM_REAL
20252026,2025020100,2025-10-21,NYI,SJS,0.535045,0.464955,NYI,1,NYI,1,0,REAL_NHL_API_OR_DERIVED_FROM_REAL
20252026,2025020101,2025-10-21,PIT,VAN,0.467958,0.532042,VAN,1,PIT,0,0,REAL_NHL_API_OR_DERIVED_FROM_REAL
20252026,2025020102,2025-10-21,WSH,SEA,0.576611,0.423389,WSH,1,WSH,1,0,REAL_NHL_API_OR_DERIVED_FROM_REAL
20252026,2025020103,2025-10-21,BOS,FLA,0.568792,0.431208,BOS,0,FLA,0,0,REAL_NHL_API_OR_DERIVED_FROM_REAL
20252026,2025020104,2025-10-21,STL,LAK,0.629842,0.370158,STL,0,LAK,0,0,REAL_NHL_API_OR_DERIVED_FROM_REAL
20252026,2025020105,2025-10-21,NSH,ANA,0.535408,0.464592,NSH,0,ANA,0,0,REAL_NHL_API_OR_DERIVED_FROM_REAL
20252026,2025020106,2025-10-21,DAL,CBJ,0.652313,0.347687,DAL,0,CBJ,0,0,REAL_NHL_API_OR_DERIVED_FROM_REAL
20252026,2025020107,2025-10-21,UTA,COL,0.543605,0.456395,UTA,1,UTA,1,0,REAL_NHL_API_OR_DERIVED_FROM_REAL
20252026,2025020108,2025-10-22,NJD,MIN,0.587483,0.412517,NJD,1,NJD,1,0,REAL_NHL_API_OR_DERIVED_FROM_REAL
20252026,2025020109,2025-10-22,BUF,DET,0.52967,0.47033,BUF,1,BUF,1,0,REAL_NHL_API_OR_DERIVED_FROM_REAL
20252026,2025020110,2025-10-22,CGY,MTL,0.405467,0.594533,MTL,0,MTL,1,0,REAL_NHL_API_OR_DERIVED_FROM_REAL
20252026,2025020111,2025-10-23,BOS,ANA,0.507997,0.492003,BOS,0,ANA,0,0,REAL_NHL_API_OR_DERIVED_FROM_REAL
20252026,2025020112,2025-10-23,OTT,PHI,0.506439,0.493561,OTT,1,OTT,1,0,REAL_NHL_API_OR_DERIVED_FROM_REAL
20252026,2025020113,2025-10-23,TBL,CHI,0.60413,0.39587,TBL,0,CHI,0,0,REAL_NHL_API_OR_DERIVED_FROM_REAL
20252026,2025020114,2025-10-23,FLA,PIT,0.54499,0.45501,FLA,0,PIT,0,0,REAL_NHL_API_OR_DERIVED_FROM_REAL
20252026,2025020115,2025-10-23,NYI,DET,0.510743,0.489257,NYI,1,NYI,1,0,REAL_NHL_API_OR_DERIVED_FROM_REAL
20252026,2025020116,2025-10-23,NYR,SJS,0.541885,0.458115,NYR,0,SJS,0,0,REAL_NHL_API_OR_DERIVED_FROM_REAL
20252026,2025020117,2025-10-23,STL,UTA,0.294426,0.705574,UTA,0,UTA,1,0,REAL_NHL_API_OR_DERIVED_FROM_REAL
20252026,2025020118,2025-10-23,NSH,VAN,0.489258,0.510742,VAN,1,NSH,0,0,REAL_NHL_API_OR_DERIVED_FROM_REAL
20252026,2025020119,2025-10-23,DAL,LAK,0.586613,0.413387,DAL,0,LAK,0,0,REAL_NHL_API_OR_DERIVED_FROM_REAL
20252026,2025020120,2025-10-23,WPG,SEA,0.624405,0.375595,WPG,0,SEA,0,0,REAL_NHL_API_OR_DERIVED_FROM_REAL
20252026,2025020121,2025-10-23,COL,CAR,0.483442,0.516558,CAR,0,CAR,1,0,REAL_NHL_API_OR_DERIVED_FROM_REAL
20252026,2025020122,2025-10-23,EDM,MTL,0.521051,0.478949,EDM,1,EDM,1,0,REAL_NHL_API_OR_DERIVED_FROM_REAL
20252026,2025020123,2025-10-24,BUF,TOR,0.526001,0.473999,BUF,1,BUF,1,0,REAL_NHL_API_OR_DERIVED_FROM_REAL
20252026,2025020124,2025-10-24,NJD,SJS,0.687038,0.312962,NJD,1,NJD,1,0,REAL_NHL_API_OR_DERIVED_FROM_REAL
20252026,2025020125,2025-10-24,CBJ,WSH,0.485051,0.514949,WSH,0,WSH,1,0,REAL_NHL_API_OR_DERIVED_FROM_REAL
20252026,2025020126,2025-10-24,WPG,CGY,0.689018,0.310982,WPG,1,WPG,1,0,REAL_NHL_API_OR_DERIVED_FROM_REAL
20252026,2025020127,2025-10-25,PHI,NYI,0.409873,0.590127,NYI,1,PHI,0,0,REAL_NHL_API_OR_DERIVED_FROM_REAL
20252026,2025020128,2025-10-25,BOS,COL,0.503293,0.496707,BOS,1,BOS,1,0,REAL_NHL_API_OR_DERIVED_FROM_REAL
20252026,2025020129,2025-10-25,TBL,ANA,0.546085,0.453915,TBL,1,TBL,1,0,REAL_NHL_API_OR_DERIVED_FROM_REAL
20252026,2025020130,2025-10-25,FLA,VGK,0.493613,0.506387,VGK,1,FLA,0,0,REAL_NHL_API_OR_DERIVED_FROM_REAL
20252026,2025020131,2025-10-25,MIN,UTA,0.484313,0.515687,UTA,0,UTA,1,0,REAL_NHL_API_OR_DERIVED_FROM_REAL
20252026,2025020132,2025-10-25,TOR,BUF,0.526927,0.473073,TOR,1,TOR,1,0,REAL_NHL_API_OR_DERIVED_FROM_REAL
20252026,2025020133,2025-10-25,DET,STL,0.60997,0.39003,DET,1,DET,1,0,REAL_NHL_API_OR_DERIVED_FROM_REAL
20252026,2025020134,2025-10-25,PIT,CBJ,0.631444,0.368556,PIT,0,CBJ,0,0,REAL_NHL_API_OR_DERIVED_FROM_REAL
20252026,2025020135,2025-10-25,WSH,OTT,0.62417,0.37583,WSH,0,OTT,0,0,REAL_NHL_API_OR_DERIVED_FROM_REAL
20252026,2025020136,2025-10-25,VAN,MTL,0.539171,0.460829,VAN,0,MTL,0,0,REAL_NHL_API_OR_DERIVED_FROM_REAL
20252026,2025020137,2025-10-25,NSH,LAK,0.51364,0.48636,NSH,1,NSH,1,0,REAL_NHL_API_OR_DERIVED_FROM_REAL
20252026,2025020138,2025-10-25,DAL,CAR,0.480838,0.519162,CAR,1,DAL,0,0,REAL_NHL_API_OR_DERIVED_FROM_REAL
20252026,2025020139,2025-10-25,SEA,EDM,0.53234,0.46766,SEA,1,SEA,1,0,REAL_NHL_API_OR_DERIVED_FROM_REAL
20252026,2025020140,2025-10-26,NJD,COL,0.655381,0.344619,NJD,1,NJD,1,0,REAL_NHL_API_OR_DERIVED_FROM_REAL
20252026,2025020141,2025-10-26,TBL,VGK,0.365712,0.634288,VGK,1,TBL,0,0,REAL_NHL_API_OR_DERIVED_FROM_REAL
20252026,2025020142,2025-10-26,MIN,SJS,0.623287,0.376713,MIN,0,SJS,0,0,REAL_NHL_API_OR_DERIVED_FROM_REAL
20252026,2025020143,2025-10-26,WPG,UTA,0.529404,0.470596,WPG,0,UTA,0,0,REAL_NHL_API_OR_DERIVED_FROM_REAL
20252026,2025020144,2025-10-26,CHI,LAK,0.52392,0.47608,CHI,0,LAK,0,0,REAL_NHL_API_OR_DERIVED_FROM_REAL
20252026,2025020145,2025-10-26,NSH,DAL,0.518114,0.481886,NSH,0,DAL,0,0,REAL_NHL_API_OR_DERIVED_FROM_REAL
20252026,2025020146,2025-10-26,CGY,NYR,0.483596,0.516404,NYR,1,CGY,0,0,REAL_NHL_API_OR_DERIVED_FROM_REAL
20252026,2025020147,2025-10-26,VAN,EDM,0.478802,0.521198,EDM,1,VAN,0,0,REAL_NHL_API_OR_DERIVED_FROM_REAL
20252026,2025020148,2025-10-27,PIT,STL,0.607172,0.392828,PIT,1,PIT,1,0,REAL_NHL_API_OR_DERIVED_FROM_REAL
20252026,2025020149,2025-10-27,OTT,BOS,0.565249,0.434751,OTT,1,OTT,1,0,REAL_NHL_API_OR_DERIVED_FROM_REAL
20252026,2025020150,2025-10-28,PHI,PIT,0.389558,0.610442,PIT,1,PHI,0,0,REAL_NHL_API_OR_DERIVED_FROM_REAL
20252026,2025020151,2025-10-28,TOR,CGY,0.695886,0.304114,TOR,1,TOR,1,0,REAL_NHL_API_OR_DERIVED_FROM_REAL
20252026,2025020152,2025-10-28,BUF,CBJ,0.529371,0.470629,BUF,0,CBJ,0,0,REAL_NHL_API_OR_DERIVED_FROM_REAL
20252026,2025020153,2025-10-28,FLA,ANA,0.63621,0.36379,FLA,0,ANA,0,0,REAL_NHL_API_OR_DERIVED_FROM_REAL
20252026,2025020154,2025-10-28,BOS,NYI,0.498036,0.501964,NYI,1,BOS,0,0,REAL_NHL_API_OR_DERIVED_FROM_REAL
20252026,2025020155,2025-10-28,CAR,VGK,0.601205,0.398795,CAR,0,VGK,0,0,REAL_NHL_API_OR_DERIVED_FROM_REAL
20252026,2025020156,2025-10-28,NSH,TBL,0.508033,0.491967,NSH,0,TBL,0,0,REAL_NHL_API_OR_DERIVED_FROM_REAL
20252026,2025020157,2025-10-28,MIN,WPG,0.378691,0.621309,WPG,0,WPG,1,0,REAL_NHL_API_OR_DERIVED_FROM_REAL
20252026,2025020158,2025-10-28,STL,DET,0.401791,0.598209,DET,0,DET,1,0,REAL_NHL_API_OR_DERIVED_FROM_REAL
20252026,2025020159,2025-10-28,DAL,WSH,0.524284,0.475716,DAL,1,DAL,1,0,REAL_NHL_API_OR_DERIVED_FROM_REAL
20252026,2025020160,2025-10-28,CHI,OTT,0.56905,0.43095,CHI,1,CHI,1,0,REAL_NHL_API_OR_DERIVED_FROM_REAL
20252026,2025020161,2025-10-28,COL,NJD,0.488534,0.511466,NJD,1,COL,0,0,REAL_NHL_API_OR_DERIVED_FROM_REAL
20252026,2025020162,2025-10-28,EDM,UTA,0.505244,0.494756,EDM,1,EDM,1,0,REAL_NHL_API_OR_DERIVED_FROM_REAL
20252026,2025020163,2025-10-28,VAN,NYR,0.591137,0.408863,VAN,0,NYR,0,0,REAL_NHL_API_OR_DERIVED_FROM_REAL
20252026,2025020164,2025-10-28,SEA,MTL,0.51874,0.48126,SEA,0,MTL,0,0,REAL_NHL_API_OR_DERIVED_FROM_REAL
20252026,2025020165,2025-10-28,SJS,LAK,0.464376,0.535624,LAK,0,LAK,1,0,REAL_NHL_API_OR_DERIVED_FROM_REAL
20252026,2025020166,2025-10-29,CBJ,TOR,0.54817,0.45183,CBJ,1,CBJ,1,0,REAL_NHL_API_OR_DERIVED_FROM_REAL
20252026,2025020167,2025-10-30,BOS,BUF,0.432967,0.567033,BUF,1,BOS,0,0,REAL_NHL_API_OR_DERIVED_FROM_REAL
20252026,2025020168,2025-10-30,OTT,CGY,0.665577,0.334423,OTT,1,OTT,1,0,REAL_NHL_API_OR_DERIVED_FROM_REAL
20252026,2025020169,2025-10-30,TBL,DAL,0.521776,0.478224,TBL,1,TBL,1,0,REAL_NHL_API_OR_DERIVED_FROM_REAL
20252026,2025020170,2025-10-30,PHI,NSH,0.605098,0.394902,PHI,1,PHI,1,0,REAL_NHL_API_OR_DERIVED_FROM_REAL
20252026,2025020171,2025-10-30,CAR,NYI,0.564439,0.435561,CAR,1,CAR,1,0,REAL_NHL_API_OR_DERIVED_FROM_REAL
20252026,2025020172,2025-10-30,STL,VAN,0.519325,0.480675,STL,0,VAN,0,0,REAL_NHL_API_OR_DERIVED_FROM_REAL
20252026,2025020173,2025-10-30,MIN,PIT,0.382382,0.617618,PIT,0,PIT,1,0,REAL_NHL_API_OR_DERIVED_FROM_REAL
20252026,2025020174,2025-10-30,WPG,CHI,0.603192,0.396808,WPG,1,WPG,1,0,REAL_NHL_API_OR_DERIVED_FROM_REAL
20252026,2025020175,2025-10-30,EDM,NYR,0.672298,0.327702,EDM,0,NYR,0,0,REAL_NHL_API_OR_DERIVED_FROM_REAL
20252026,2025020176,2025-10-30,SJS,NJD,0.388962,0.611038,NJD,1,SJS,0,0,REAL_NHL_API_OR_DERIVED_FROM_REAL
20252026,2025020177,2025-10-30,LAK,DET,0.513032,0.486968,LAK,0,DET,0,0,REAL_NHL_API_OR_DERIVED_FROM_REAL
20252026,2025020178,2025-10-31,VGK,COL,0.534943,0.465057,VGK,0,COL,0,0,REAL_NHL_API_OR_DERIVED_FROM_REAL
20252026,2025020179,2025-10-31,WSH,NYI,0.563898,0.436102,WSH,0,NYI,0,0,REAL_NHL_API_OR_DERIVED_FROM_REAL
20252026,2025020180,2025-10-31,ANA,DET,0.533605,0.466395,ANA,1,ANA,1,0,REAL_NHL_API_OR_DERIVED_FROM_REAL
20252026,2025020181,2025-11-01,BOS,CAR,0.410777,0.589223,CAR,1,BOS,0,0,REAL_NHL_API_OR_DERIVED_FROM_REAL
20252026,2025020182,2025-11-01,WPG,PIT,0.538689,0.461311,WPG,1,WPG,1,0,REAL_NHL_API_OR_DERIVED_FROM_REAL
20252026,2025020183,2025-11-01,NSH,CGY,0.774217,0.225783,NSH,1,NSH,1,0,REAL_NHL_API_OR_DERIVED_FROM_REAL
20252026,2025020184,2025-11-01,SJS,COL,0.315611,0.684389,COL,1,SJS,0,0,REAL_NHL_API_OR_DERIVED_FROM_REAL
20252026,2025020185,2025-11-01,FLA,DAL,0.470582,0.529418,DAL,1,FLA,0,0,REAL_NHL_API_OR_DERIVED_FROM_REAL
20252026,2025020186,2025-11-01,BUF,WSH,0.503466,0.496534,BUF,1,BUF,1,0,REAL_NHL_API_OR_DERIVED_FROM_REAL
20252026,2025020187,2025-11-01,MTL,OTT,0.578126,0.421874,MTL,1,MTL,1,0,REAL_NHL_API_OR_DERIVED_FROM_REAL
20252026,2025020188,2025-11-01,PHI,TOR,0.348902,0.651098,TOR,0,TOR,1,0,REAL_NHL_API_OR_DERIVED_FROM_REAL
20252026,2025020189,2025-11-01,CBJ,STL,0.651656,0.348344,CBJ,1,CBJ,1,0,REAL_NHL_API_OR_DERIVED_FROM_REAL
20252026,2025020190,2025-11-01,MIN,VAN,0.539288,0.460712,MIN,1,MIN,1,0,REAL_NHL_API_OR_DERIVED_FROM_REAL
20252026,2025020191,2025-11-01,LAK,NJD,0.466937,0.533063,NJD,0,NJD,1,0,REAL_NHL_API_OR_DERIVED_FROM_REAL
20252026,2025020192,2025-11-01,EDM,CHI,0.578983,0.421017,EDM,1,EDM,1,0,REAL_NHL_API_OR_DERIVED_FROM_REAL
20252026,2025020193,2025-11-01,SEA,NYR,0.591788,0.408212,SEA,0,NYR,0,0,REAL_NHL_API_OR_DERIVED_FROM_REAL
20252026,2025020194,2025-11-02,UTA,TBL,0.604474,0.395526,UTA,0,TBL,0,0,REAL_NHL_API_OR_DERIVED_FROM_REAL
20252026,2025020195,2025-11-02,NYI,CBJ,0.53787,0.46213,NYI,1,NYI,1,0,REAL_NHL_API_OR_DERIVED_FROM_REAL
20252026,2025020196,2025-11-02,PHI,CGY,0.612575,0.387425,PHI,0,CGY,0,0,REAL_NHL_API_OR_DERIVED_FROM_REAL
20252026,2025020197,2025-11-02,ANA,NJD,0.560227,0.439773,ANA,1,ANA,1,0,REAL_NHL_API_OR_DERIVED_FROM_REAL
20252026,2025020198,2025-11-02,SJS,DET,0.443107,0.556893,DET,0,DET,1,0,REAL_NHL_API_OR_DERIVED_FROM_REAL
20252026,2025020199,2025-11-03,TOR,PIT,0.466045,0.533955,PIT,1,TOR,0,0,REAL_NHL_API_OR_DERIVED_FROM_REAL
20252026,2025020200,2025-11-03,STL,EDM,0.450154,0.549846,EDM,1,STL,0,0,REAL_NHL_API_OR_DERIVED_FROM_REAL
20252026,2025020201,2025-11-03,NSH,VAN,0.550291,0.449709,NSH,0,VAN,0,0,REAL_NHL_API_OR_DERIVED_FROM_REAL
20252026,2025020202,2025-11-03,SEA,CHI,0.585946,0.414054,SEA,1,SEA,1,0,REAL_NHL_API_OR_DERIVED_FROM_REAL
20252026,2025020203,2025-11-04,BUF,UTA,0.502082,0.497918,BUF,0,UTA,0,0,REAL_NHL_API_OR_DERIVED_FROM_REAL
20252026,2025020204,2025-11-04,MTL,PHI,0.596255,0.403745,MTL,0,PHI,0,0,REAL_NHL_API_OR_DERIVED_FROM_REAL
20252026,2025020205,2025-11-04,NYI,BOS,0.610629,0.389371,NYI,0,BOS,0,0,REAL_NHL_API_OR_DERIVED_FROM_REAL
20252026,2025020206,2025-11-04,NYR,CAR,0.52028,0.47972,NYR,0,CAR,0,0,REAL_NHL_API_OR_DERIVED_FROM_REAL
20252026,2025020207,2025-11-04,DAL,EDM,0.525802,0.474198,DAL,1,DAL,1,0,REAL_NHL_API_OR_DERIVED_FROM_REAL
20252026,2025020208,2025-11-04,MIN,NSH,0.524275,0.475725,MIN,1,MIN,1,0,REAL_NHL_API_OR_DERIVED_FROM_REAL
20252026,2025020209,2025-11-04,COL,TBL,0.58617,0.41383,COL,1,COL,1,0,REAL_NHL_API_OR_DERIVED_FROM_REAL
20252026,2025020210,2025-11-04,VGK,DET,0.545966,0.454034,VGK,1,VGK,1,0,REAL_NHL_API_OR_DERIVED_FROM_REAL
20252026,2025020211,2025-11-04,ANA,FLA,0.64972,0.35028,ANA,1,ANA,1,0,REAL_NHL_API_OR_DERIVED_FROM_REAL
20252026,2025020212,2025-11-04,LAK,WPG,0.431686,0.568314,WPG,1,LAK,0,0,REAL_NHL_API_OR_DERIVED_FROM_REAL
20252026,2025020213,2025-11-05,TOR,UTA,0.553052,0.446948,TOR,1,TOR,1,0,REAL_NHL_API_OR_DERIVED_FROM_REAL
20252026,2025020214,2025-11-05,WSH,STL,0.727516,0.272484,WSH,1,WSH,1,0,REAL_NHL_API_OR_DERIVED_FROM_REAL
20252026,2025020215,2025-11-05,CGY,CBJ,0.451517,0.548483,CBJ,1,CGY,0,0,REAL_NHL_API_OR_DERIVED_FROM_REAL
20252026,2025020216,2025-11-05,VAN,CHI,0.594345,0.405655,VAN,0,CHI,0,0,REAL_NHL_API_OR_DERIVED_FROM_REAL
20252026,2025020217,2025-11-05,SEA,SJS,0.342723,0.657277,SJS,0,SJS,1,0,REAL_NHL_API_OR_DERIVED_FROM_REAL
20252026,2025020218,2025-11-06,BOS,OTT,0.618755,0.381245,BOS,1,BOS,1,0,REAL_NHL_API_OR_DERIVED_FROM_REAL
20252026,2025020219,2025-11-06,BUF,STL,0.614936,0.385064,BUF,0,STL,0,0,REAL_NHL_API_OR_DERIVED_FROM_REAL
20252026,2025020220,2025-11-06,NJD,MTL,0.51328,0.48672,NJD,1,NJD,1,0,REAL_NHL_API_OR_DERIVED_FROM_REAL
20252026,2025020221,2025-11-06,PIT,WSH,0.536527,0.463473,PIT,1,PIT,1,0,REAL_NHL_API_OR_DERIVED_FROM_REAL
20252026,2025020222,2025-11-06,CAR,MIN,0.571271,0.428729,CAR,1,CAR,1,0,REAL_NHL_API_OR_DERIVED_FROM_REAL
20252026,2025020223,2025-11-06,NSH,PHI,0.507123,0.492877,NSH,0,PHI,0,0,REAL_NHL_API_OR_DERIVED_FROM_REAL
20252026,2025020224,2025-11-06,DAL,ANA,0.520668,0.479332,DAL,0,ANA,0,0,REAL_NHL_API_OR_DERIVED_FROM_REAL
20252026,2025020225,2025-11-06,VGK,TBL,0.551952,0.448048,VGK,0,TBL,0,0,REAL_NHL_API_OR_DERIVED_FROM_REAL
20252026,2025020226,2025-11-06,LAK,FLA,0.67834,0.32166,LAK,0,FLA,0,0,REAL_NHL_API_OR_DERIVED_FROM_REAL
20252026,2025020227,2025-11-07,DET,NYR,0.522907,0.477093,DET,0,NYR,0,0,REAL_NHL_API_OR_DERIVED_FROM_REAL
20252026,2025020228,2025-11-07,NYI,MIN,0.511727,0.488273,NYI,0,MIN,0,0,REAL_NHL_API_OR_DERIVED_FROM_REAL
20252026,2025020229,2025-11-07,CGY,CHI,0.512133,0.487867,CGY,0,CHI,0,0,REAL_NHL_API_OR_DERIVED_FROM_REAL
20252026,2025020230,2025-11-07,SJS,WPG,0.405407,0.594593,WPG,1,SJS,0,0,REAL_NHL_API_OR_DERIVED_FROM_REAL
20252026,2025020231,2025-11-08,NJD,PIT,0.593556,0.406444,NJD,1,NJD,1,0,REAL_NHL_API_OR_DERIVED_FROM_REAL
20252026,2025020232,2025-11-08,PHI,OTT,0.53903,0.46097,PHI,0,OTT,0,0,REAL_NHL_API_OR_DERIVED_FROM_REAL
20252026,2025020233,2025-11-08,NSH,DAL,0.528437,0.471563,NSH,0,DAL,0,0,REAL_NHL_API_OR_DERIVED_FROM_REAL
20252026,2025020234,2025-11-08,TOR,BOS,0.391463,0.608537,BOS,0,BOS,1,0,REAL_NHL_API_OR_DERIVED_FROM_REAL
20252026,2025020235,2025-11-08,MTL,UTA,0.548498,0.451502,MTL,1,MTL,1,0,REAL_NHL_API_OR_DERIVED_FROM_REAL
20252026,2025020236,2025-11-08,TBL,WSH,0.607557,0.392443,TBL,1,TBL,1,0,REAL_NHL_API_OR_DERIVED_FROM_REAL
20252026,2025020237,2025-11-08,NYR,NYI,0.573172,0.426828,NYR,0,NYI,0,0,REAL_NHL_API_OR_DERIVED_FROM_REAL
20252026,2025020238,2025-11-08,CAR,BUF,0.626492,0.373508,CAR,1,CAR,1,0,REAL_NHL_API_OR_DERIVED_FROM_REAL
20252026,2025020239,2025-11-08,STL,SEA,0.508064,0.491936,STL,0,SEA,0,0,REAL_NHL_API_OR_DERIVED_FROM_REAL
20252026,2025020240,2025-11-08,EDM,COL,0.324198,0.675802,COL,0,COL,1,0,REAL_NHL_API_OR_DERIVED_FROM_REAL
20252026,2025020241,2025-11-08,VAN,CBJ,0.536268,0.463732,VAN,1,VAN,1,0,REAL_NHL_API_OR_DERIVED_FROM_REAL
20252026,2025020242,2025-11-08,VGK,ANA,0.526667,0.473333,VGK,0,ANA,0,0,REAL_NHL_API_OR_DERIVED_FROM_REAL
20252026,2025020243,2025-11-08,SJS,FLA,0.47831,0.52169,FLA,1,SJS,0,0,REAL_NHL_API_OR_DERIVED_FROM_REAL
20252026,2025020244,2025-11-09,DET,CHI,0.6626,0.3374,DET,0,CHI,0,0,REAL_NHL_API_OR_DERIVED_FROM_REAL
20252026,2025020245,2025-11-09,PIT,LAK,0.595829,0.404171,PIT,0,LAK,0,0,REAL_NHL_API_OR_DERIVED_FROM_REAL
20252026,2025020246,2025-11-09,TOR,CAR,0.557663,0.442337,TOR,0,CAR,0,0,REAL_NHL_API_OR_DERIVED_FROM_REAL
20252026,2025020247,2025-11-09,OTT,UTA,0.486024,0.513976,UTA,1,OTT,0,0,REAL_NHL_API_OR_DERIVED_FROM_REAL
20252026,2025020248,2025-11-09,DAL,SEA,0.664097,0.335903,DAL,1,DAL,1,0,REAL_NHL_API_OR_DERIVED_FROM_REAL
20252026,2025020249,2025-11-09,MIN,CGY,0.576889,0.423111,MIN,1,MIN,1,0,REAL_NHL_API_OR_DERIVED_FROM_REAL
20252026,2025020250,2025-11-09,VAN,COL,0.511064,0.488936,VAN,0,COL,0,0,REAL_NHL_API_OR_DERIVED_FROM_REAL
20252026,2025020251,2025-11-09,ANA,WPG,0.536697,0.463303,ANA,1,ANA,1,0,REAL_NHL_API_OR_DERIVED_FROM_REAL
20252026,2025020252,2025-11-10,NJD,NYI,0.551604,0.448396,NJD,0,NYI,0,0,REAL_NHL_API_OR_DERIVED_FROM_REAL
20252026,2025020253,2025-11-10,NYR,NSH,0.735104,0.264896,NYR,1,NYR,1,0,REAL_NHL_API_OR_DERIVED_FROM_REAL
20252026,2025020254,2025-11-10,EDM,CBJ,0.439385,0.560615,CBJ,1,EDM,0,0,REAL_NHL_API_OR_DERIVED_FROM_REAL
20252026,2025020255,2025-11-10,VGK,FLA,0.53648,0.46352,VGK,0,FLA,0,0,REAL_NHL_API_OR_DERIVED_FROM_REAL
20252026,2025020256,2025-11-11,BOS,TOR,0.750917,0.249083,BOS,1,BOS,1,0,REAL_NHL_API_OR_DERIVED_FROM_REAL
20252026,2025020257,2025-11-11,MTL,LAK,0.56533,0.43467,MTL,0,LAK,0,0,REAL_NHL_API_OR_DERIVED_FROM_REAL
20252026,2025020258,2025-11-11,OTT,DAL,0.578308,0.421692,OTT,0,DAL,0,0,REAL_NHL_API_OR_DERIVED_FROM_REAL
20252026,2025020259,2025-11-11,CAR,WSH,0.42171,0.57829,WSH,0,WSH,1,0,REAL_NHL_API_OR_DERIVED_FROM_REAL
20252026,2025020260,2025-11-11,STL,CGY,0.562098,0.437902,STL,1,STL,1,0,REAL_NHL_API_OR_DERIVED_FROM_REAL
20252026,2025020261,2025-11-11,MIN,SJS,0.546034,0.453966,MIN,0,SJS,0,0,REAL_NHL_API_OR_DERIVED_FROM_REAL
20252026,2025020262,2025-11-11,COL,ANA,0.530611,0.469389,COL,1,COL,1,0,REAL_NHL_API_OR_DERIVED_FROM_REAL
20252026,2025020263,2025-11-11,VAN,WPG,0.322024,0.677976,WPG,0,WPG,1,0,REAL_NHL_API_OR_DERIVED_FROM_REAL
20252026,2025020264,2025-11-11,SEA,CBJ,0.511698,0.488302,SEA,0,CBJ,0,0,REAL_NHL_API_OR_DERIVED_FROM_REAL
20252026,2025020265,2025-11-12,TBL,NYR,0.34723,0.65277,NYR,0,NYR,1,0,REAL_NHL_API_OR_DERIVED_FROM_REAL
20252026,2025020266,2025-11-12,PHI,EDM,0.577318,0.422682,PHI,0,EDM,0,0,REAL_NHL_API_OR_DERIVED_FROM_REAL
20252026,2025020267,2025-11-12,UTA,BUF,0.616295,0.383705,UTA,1,UTA,1,0,REAL_NHL_API_OR_DERIVED_FROM_REAL
20252026,2025020268,2025-11-12,CHI,NJD,0.534454,0.465546,CHI,0,NJD,0,0,REAL_NHL_API_OR_DERIVED_FROM_REAL
20252026,2025020269,2025-11-13,TOR,LAK,0.58771,0.41229,TOR,0,LAK,0,0,REAL_NHL_API_OR_DERIVED_FROM_REAL
20252026,2025020270,2025-11-13,MTL,DAL,0.326911,0.673089,DAL,0,DAL,1,0,REAL_NHL_API_OR_DERIVED_FROM_REAL
20252026,2025020271,2025-11-13,OTT,BOS,0.511326,0.488674,OTT,1,OTT,1,0,REAL_NHL_API_OR_DERIVED_FROM_REAL
20252026,2025020272,2025-11-13,DET,ANA,0.257123,0.742877,ANA,1,DET,0,0,REAL_NHL_API_OR_DERIVED_FROM_REAL
20252026,2025020273,2025-11-13,FLA,WSH,0.591257,0.408743,FLA,1,FLA,1,0,REAL_NHL_API_OR_DERIVED_FROM_REAL
20252026,2025020274,2025-11-13,CBJ,EDM,0.586698,0.413302,CBJ,1,CBJ,1,0,REAL_NHL_API_OR_DERIVED_FROM_REAL
20252026,2025020275,2025-11-13,COL,BUF,0.801204,0.198796,COL,1,COL,1,0,REAL_NHL_API_OR_DERIVED_FROM_REAL
20252026,2025020276,2025-11-13,CGY,SJS,0.418301,0.581699,SJS,1,CGY,0,0,REAL_NHL_API_OR_DERIVED_FROM_REAL
20252026,2025020277,2025-11-13,VGK,NYI,0.559373,0.440627,VGK,0,NYI,0,0,REAL_NHL_API_OR_DERIVED_FROM_REAL
20252026,2025020278,2025-11-13,SEA,WPG,0.36938,0.63062,WPG,1,SEA,0,0,REAL_NHL_API_OR_DERIVED_FROM_REAL
20252026,2025020279,2025-11-14,CAR,VAN,0.586514,0.413486,CAR,1,CAR,1,0,REAL_NHL_API_OR_DERIVED_FROM_REAL
20252026,2025020280,2025-11-14,STL,PHI,0.560831,0.439169,STL,0,PHI,0,0,REAL_NHL_API_OR_DERIVED_FROM_REAL
20252026,2025020281,2025-11-14,NSH,PIT,0.445545,0.554455,PIT,1,NSH,0,0,REAL_NHL_API_OR_DERIVED_FROM_REAL
20252026,2025020282,2025-11-14,UTA,NYI,0.550429,0.449571,UTA,0,NYI,0,0,REAL_NHL_API_OR_DERIVED_FROM_REAL
20252026,2025020283,2025-11-15,FLA,TBL,0.555163,0.444837,FLA,0,TBL,0,0,REAL_NHL_API_OR_DERIVED_FROM_REAL
20252026,2025020284,2025-11-15,MIN,ANA,0.544134,0.455866,MIN,1,MIN,1,0,REAL_NHL_API_OR_DERIVED_FROM_REAL
20252026,2025020285,2025-11-15,MTL,BOS,0.509705,0.490295,MTL,0,BOS,0,0,REAL_NHL_API_OR_DERIVED_FROM_REAL
20252026,2025020286,2025-11-15,OTT,LAK,0.57587,0.42413,OTT,0,LAK,0,0,REAL_NHL_API_OR_DERIVED_FROM_REAL
20252026,2025020287,2025-11-15,DET,BUF,0.696869,0.303131,DET,0,BUF,0,0,REAL_NHL_API_OR_DERIVED_FROM_REAL
20252026,2025020288,2025-11-15,WSH,NJD,0.459377,0.540623,NJD,0,NJD,1,0,REAL_NHL_API_OR_DERIVED_FROM_REAL
20252026,2025020289,2025-11-15,CAR,EDM,0.689109,0.310891,CAR,0,EDM,0,0,REAL_NHL_API_OR_DERIVED_FROM_REAL
20252026,2025020290,2025-11-15,CBJ,NYR,0.492303,0.507697,NYR,0,NYR,1,0,REAL_NHL_API_OR_DERIVED_FROM_REAL
20252026,2025020291,2025-11-15,CHI,TOR,0.585791,0.414209,CHI,1,CHI,1,0,REAL_NHL_API_OR_DERIVED_FROM_REAL
20252026,2025020292,2025-11-15,STL,VGK,0.485477,0.514523,VGK,0,VGK,1,0,REAL_NHL_API_OR_DERIVED_FROM_REAL
20252026,2025020293,2025-11-15,DAL,PHI,0.58163,0.41837,DAL,1,DAL,1,0,REAL_NHL_API_OR_DERIVED_FROM_REAL
20252026,2025020294,2025-11-15,CGY,WPG,0.490426,0.509574,WPG,0,WPG,1,0,REAL_NHL_API_OR_DERIVED_FROM_REAL
20252026,2025020295,2025-11-15,SEA,SJS,0.39471,0.60529,SJS,1,SEA,0,0,REAL_NHL_API_OR_DERIVED_FROM_REAL
20252026,2025020296,2025-11-16,PIT,NSH,0.681714,0.318286,PIT,1,PIT,1,0,REAL_NHL_API_OR_DERIVED_FROM_REAL
20252026,2025020297,2025-11-16,TBL,VAN,0.542674,0.457326,TBL,0,VAN,0,0,REAL_NHL_API_OR_DERIVED_FROM_REAL
20252026,2025020298,2025-11-16,MIN,VGK,0.479831,0.520169,VGK,1,MIN,0,0,REAL_NHL_API_OR_DERIVED_FROM_REAL
20252026,2025020299,2025-11-16,NYR,DET,0.547988,0.452012,NYR,0,DET,0,0,REAL_NHL_API_OR_DERIVED_FROM_REAL
20252026,2025020300,2025-11-16,COL,NYI,0.554616,0.445384,COL,1,COL,1,0,REAL_NHL_API_OR_DERIVED_FROM_REAL
20252026,2025020301,2025-11-17,BOS,CAR,0.524363,0.475637,BOS,0,CAR,0,0,REAL_NHL_API_OR_DERIVED_FROM_REAL
20252026,2025020302,2025-11-17,BUF,EDM,0.45037,0.54963,EDM,1,BUF,0,0,REAL_NHL_API_OR_DERIVED_FROM_REAL
20252026,2025020303,2025-11-17,FLA,VAN,0.555099,0.444901,FLA,1,FLA,1,0,REAL_NHL_API_OR_DERIVED_FROM_REAL
20252026,2025020304,2025-11-17,WSH,LAK,0.510434,0.489566,WSH,1,WSH,1,0,REAL_NHL_API_OR_DERIVED_FROM_REAL
20252026,2025020305,2025-11-17,CBJ,MTL,0.517118,0.482882,CBJ,1,CBJ,1,0,REAL_NHL_API_OR_DERIVED_FROM_REAL
20252026,2025020306,2025-11-17,ANA,UTA,0.616378,0.383622,ANA,1,ANA,1,0,REAL_NHL_API_OR_DERIVED_FROM_REAL
20252026,2025020307,2025-11-18,TOR,STL,0.577316,0.422684,TOR,1,TOR,1,0,REAL_NHL_API_OR_DERIVED_FROM_REAL
20252026,2025020308,2025-11-18,DET,SEA,0.537217,0.462783,DET,1,DET,1,0,REAL_NHL_API_OR_DERIVED_FROM_REAL
20252026,2025020309,2025-11-18,TBL,NJD,0.580489,0.419511,TBL,1,TBL,1,0,REAL_NHL_API_OR_DERIVED_FROM_REAL
20252026,2025020310,2025-11-18,DAL,NYI,0.555338,0.444662,DAL,0,NYI,0,0,REAL_NHL_API_OR_DERIVED_FROM_REAL
20252026,2025020311,2025-11-18,WPG,CBJ,0.551882,0.448118,WPG,1,WPG,1,0,REAL_NHL_API_OR_DERIVED_FROM_REAL
20252026,2025020312,2025-11-18,CHI,CGY,0.583106,0.416894,CHI,1,CHI,1,0,REAL_NHL_API_OR_DERIVED_FROM_REAL
20252026,2025020313,2025-11-18,VGK,NYR,0.500725,0.499275,VGK,1,VGK,1,0,REAL_NHL_API_OR_DERIVED_FROM_REAL
20252026,2025020314,2025-11-18,SJS,UTA,0.530194,0.469806,SJS,1,SJS,1,0,REAL_NHL_API_OR_DERIVED_FROM_REAL
20252026,2025020315,2025-11-19,WSH,EDM,0.532051,0.467949,WSH,1,WSH,1,0,REAL_NHL_API_OR_DERIVED_FROM_REAL
20252026,2025020316,2025-11-19,BUF,CGY,0.660566,0.339434,BUF,0,CGY,0,0,REAL_NHL_API_OR_DERIVED_FROM_REAL
20252026,2025020317,2025-11-19,MIN,CAR,0.514415,0.485585,MIN,1,MIN,1,0,REAL_NHL_API_OR_DERIVED_FROM_REAL
20252026,2025020318,2025-11-19,ANA,BOS,0.541259,0.458741,ANA,1,ANA,1,0,REAL_NHL_API_OR_DERIVED_FROM_REAL
20252026,2025020319,2025-11-20,TOR,CBJ,0.585136,0.414864,TOR,0,CBJ,0,0,REAL_NHL_API_OR_DERIVED_FROM_REAL
20252026,2025020320,2025-11-20,MTL,WSH,0.332688,0.667312,WSH,0,WSH,1,0,REAL_NHL_API_OR_DERIVED_FROM_REAL
20252026,2025020321,2025-11-20,DET,NYI,0.602353,0.397647,DET,0,NYI,0,0,REAL_NHL_API_OR_DERIVED_FROM_REAL
20252026,2025020322,2025-11-20,TBL,EDM,0.631751,0.368249,TBL,1,TBL,1,0,REAL_NHL_API_OR_DERIVED_FROM_REAL
20252026,2025020323,2025-11-20,FLA,NJD,0.699517,0.300483,FLA,1,FLA,1,0,REAL_NHL_API_OR_DERIVED_FROM_REAL
20252026,2025020324,2025-11-20,PHI,STL,0.614876,0.385124,PHI,1,PHI,1,0,REAL_NHL_API_OR_DERIVED_FROM_REAL
20252026,2025020325,2025-11-20,CHI,SEA,0.483339,0.516661,SEA,0,SEA,1,0,REAL_NHL_API_OR_DERIVED_FROM_REAL
20252026,2025020326,2025-11-20,COL,NYR,0.573539,0.426461,COL,1,COL,1,0,REAL_NHL_API_OR_DERIVED_FROM_REAL
20252026,2025020327,2025-11-20,UTA,VGK,0.515486,0.484514,UTA,0,VGK,0,0,REAL_NHL_API_OR_DERIVED_FROM_REAL
20252026,2025020328,2025-11-20,VAN,DAL,0.551492,0.448508,VAN,0,DAL,0,0,REAL_NHL_API_OR_DERIVED_FROM_REAL
20252026,2025020329,2025-11-20,ANA,OTT,0.469367,0.530633,OTT,0,OTT,1,0,REAL_NHL_API_OR_DERIVED_FROM_REAL
20252026,2025020330,2025-11-20,SJS,LAK,0.479523,0.520477,LAK,1,SJS,0,0,REAL_NHL_API_OR_DERIVED_FROM_REAL
20252026,2025020331,2025-11-21,BUF,CHI,0.594183,0.405817,BUF,1,BUF,1,0,REAL_NHL_API_OR_DERIVED_FROM_REAL
20252026,2025020332,2025-11-21,PIT,MIN,0.374277,0.625723,MIN,0,MIN,1,0,REAL_NHL_API_OR_DERIVED_FROM_REAL
20252026,2025020333,2025-11-21,WPG,CAR,0.532611,0.467389,WPG,0,CAR,0,0,REAL_NHL_API_OR_DERIVED_FROM_REAL
20252026,2025020334,2025-11-21,LAK,BOS,0.52504,0.47496,LAK,0,BOS,0,0,REAL_NHL_API_OR_DERIVED_FROM_REAL
20252026,2025020335,2025-11-22,DET,CBJ,0.547795,0.452205,DET,1,DET,1,0,REAL_NHL_API_OR_DERIVED_FROM_REAL
20252026,2025020336,2025-11-22,NYI,STL,0.599034,0.400966,NYI,0,STL,0,0,REAL_NHL_API_OR_DERIVED_FROM_REAL
20252026,2025020337,2025-11-22,MTL,TOR,0.554612,0.445388,MTL,1,MTL,1,0,REAL_NHL_API_OR_DERIVED_FROM_REAL
20252026,2025020338,2025-11-22,FLA,EDM,0.596898,0.403102,FLA,0,EDM,0,0,REAL_NHL_API_OR_DERIVED_FROM_REAL
20252026,2025020339,2025-11-22,PHI,NJD,0.574801,0.425199,PHI,1,PHI,1,0,REAL_NHL_API_OR_DERIVED_FROM_REAL
20252026,2025020340,2025-11-22,PIT,SEA,0.472686,0.527314,SEA,0,SEA,1,0,REAL_NHL_API_OR_DERIVED_FROM_REAL
20252026,2025020341,2025-11-22,WSH,TBL,0.284772,0.715228,TBL,0,TBL,1,0,REAL_NHL_API_OR_DERIVED_FROM_REAL
20252026,2025020342,2025-11-22,SJS,OTT,0.554126,0.445874,SJS,0,OTT,0,0,REAL_NHL_API_OR_DERIVED_FROM_REAL
20252026,2025020343,2025-11-22,NSH,COL,0.386195,0.613805,COL,0,COL,1,0,REAL_NHL_API_OR_DERIVED_FROM_REAL
20252026,2025020344,2025-11-22,UTA,NYR,0.486426,0.513574,NYR,1,UTA,0,0,REAL_NHL_API_OR_DERIVED_FROM_REAL
20252026,2025020345,2025-11-22,CGY,DAL,0.444832,0.555168,DAL,1,CGY,0,0,REAL_NHL_API_OR_DERIVED_FROM_REAL
20252026,2025020346,2025-11-22,ANA,VGK,0.545353,0.454647,ANA,1,ANA,1,0,REAL_NHL_API_OR_DERIVED_FROM_REAL
20252026,2025020347,2025-11-23,BUF,CAR,0.402645,0.597355,CAR,1,BUF,0,0,REAL_NHL_API_OR_DERIVED_FROM_REAL
20252026,2025020348,2025-11-23,WPG,MIN,0.578314,0.421686,WPG,0,MIN,0,0,REAL_NHL_API_OR_DERIVED_FROM_REAL
20252026,2025020349,2025-11-23,NYI,SEA,0.490245,0.509755,SEA,1,NYI,0,0,REAL_NHL_API_OR_DERIVED_FROM_REAL
20252026,2025020350,2025-11-23,CHI,COL,0.357449,0.642551,COL,0,COL,1,0,REAL_NHL_API_OR_DERIVED_FROM_REAL
20252026,2025020351,2025-11-23,SJS,BOS,0.51249,0.48751,SJS,1,SJS,1,0,REAL_NHL_API_OR_DERIVED_FROM_REAL
20252026,2025020352,2025-11-23,VAN,CGY,0.566671,0.433329,VAN,0,CGY,0,0,REAL_NHL_API_OR_DERIVED_FROM_REAL
20252026,2025020353,2025-11-24,TBL,PHI,0.575084,0.424916,TBL,1,TBL,1,0,REAL_NHL_API_OR_DERIVED_FROM_REAL
20252026,2025020354,2025-11-24,NJD,DET,0.522109,0.477891,NJD,1,NJD,1,0,REAL_NHL_API_OR_DERIVED_FROM_REAL
20252026,2025020355,2025-11-24,NYR,STL,0.517774,0.482226,NYR,1,NYR,1,0,REAL_NHL_API_OR_DERIVED_FROM_REAL
20252026,2025020356,2025-11-24,WSH,CBJ,0.486008,0.513992,CBJ,1,WSH,0,0,REAL_NHL_API_OR_DERIVED_FROM_REAL
20252026,2025020357,2025-11-24,NSH,FLA,0.299545,0.700455,FLA,0,FLA,1,0,REAL_NHL_API_OR_DERIVED_FROM_REAL
20252026,2025020358,2025-11-24,UTA,VGK,0.48981,0.51019,VGK,1,UTA,0,0,REAL_NHL_API_OR_DERIVED_FROM_REAL
20252026,2025020359,2025-11-24,LAK,OTT,0.459617,0.540383,OTT,1,LAK,0,0,REAL_NHL_API_OR_DERIVED_FROM_REAL
20252026,2025020360,2025-11-25,EDM,DAL,0.296018,0.703982,DAL,0,DAL,1,0,REAL_NHL_API_OR_DERIVED_FROM_REAL
20252026,2025020361,2025-11-26,DET,NSH,0.684561,0.315439,DET,0,NSH,0,0,REAL_NHL_API_OR_DERIVED_FROM_REAL
20252026,2025020362,2025-11-26,TBL,CGY,0.791513,0.208487,TBL,1,TBL,1,0,REAL_NHL_API_OR_DERIVED_FROM_REAL
20252026,2025020363,2025-11-26,FLA,PHI,0.592009,0.407991,FLA,0,PHI,0,0,REAL_NHL_API_OR_DERIVED_FROM_REAL
20252026,2025020364,2025-11-26,NJD,STL,0.618206,0.381794,NJD,1,NJD,1,0,REAL_NHL_API_OR_DERIVED_FROM_REAL
20252026,2025020365,2025-11-26,NYI,BOS,0.513415,0.486585,NYI,0,BOS,0,0,REAL_NHL_API_OR_DERIVED_FROM_REAL
20252026,2025020366,2025-11-26,PIT,BUF,0.595523,0.404477,PIT,1,PIT,1,0,REAL_NHL_API_OR_DERIVED_FROM_REAL
20252026,2025020367,2025-11-26,WSH,WPG,0.528603,0.471397,WSH,1,WSH,1,0,REAL_NHL_API_OR_DERIVED_FROM_REAL
20252026,2025020368,2025-11-26,CAR,NYR,0.553369,0.446631,CAR,0,NYR,0,0,REAL_NHL_API_OR_DERIVED_FROM_REAL
20252026,2025020369,2025-11-26,CBJ,TOR,0.665204,0.334796,CBJ,0,TOR,0,0,REAL_NHL_API_OR_DERIVED_FROM_REAL
20252026,2025020370,2025-11-26,CHI,MIN,0.36437,0.63563,MIN,0,MIN,1,0,REAL_NHL_API_OR_DERIVED_FROM_REAL
20252026,2025020371,2025-11-26,COL,SJS,0.828432,0.171568,COL,1,COL,1,0,REAL_NHL_API_OR_DERIVED_FROM_REAL
20252026,2025020372,2025-11-26,UTA,MTL,0.484339,0.515661,MTL,0,MTL,1,0,REAL_NHL_API_OR_DERIVED_FROM_REAL
20252026,2025020373,2025-11-26,VGK,OTT,0.589896,0.410104,VGK,0,OTT,0,0,REAL_NHL_API_OR_DERIVED_FROM_REAL
20252026,2025020374,2025-11-26,ANA,VAN,0.566837,0.433163,ANA,0,VAN,0,0,REAL_NHL_API_OR_DERIVED_FROM_REAL
20252026,2025020375,2025-11-26,SEA,DAL,0.47246,0.52754,DAL,0,DAL,1,0,REAL_NHL_API_OR_DERIVED_FROM_REAL
20252026,2025020376,2025-11-28,BOS,NYR,0.575024,0.424976,BOS,0,NYR,0,0,REAL_NHL_API_OR_DERIVED_FROM_REAL
20252026,2025020377,2025-11-28,DET,TBL,0.47171,0.52829,TBL,0,TBL,1,0,REAL_NHL_API_OR_DERIVED_FROM_REAL
20252026,2025020378,2025-11-28,MIN,COL,0.458399,0.541601,COL,1,MIN,0,0,REAL_NHL_API_OR_DERIVED_FROM_REAL
20252026,2025020379,2025-11-28,BUF,NJD,0.537368,0.462632,BUF,0,NJD,0,0,REAL_NHL_API_OR_DERIVED_FROM_REAL
20252026,2025020380,2025-11-28,FLA,CGY,0.686369,0.313631,FLA,0,CGY,0,0,REAL_NHL_API_OR_DERIVED_FROM_REAL
20252026,2025020381,2025-11-28,NYI,PHI,0.639443,0.360557,NYI,0,PHI,0,0,REAL_NHL_API_OR_DERIVED_FROM_REAL
20252026,2025020382,2025-11-28,STL,OTT,0.51963,0.48037,STL,1,STL,1,0,REAL_NHL_API_OR_DERIVED_FROM_REAL
20252026,2025020383,2025-11-28,VGK,MTL,0.562225,0.437775,VGK,0,MTL,0,0,REAL_NHL_API_OR_DERIVED_FROM_REAL
20252026,2025020384,2025-11-28,ANA,LAK,0.506186,0.493814,ANA,1,ANA,1,0,REAL_NHL_API_OR_DERIVED_FROM_REAL
20252026,2025020385,2025-11-28,SJS,VAN,0.477665,0.522335,VAN,1,SJS,0,0,REAL_NHL_API_OR_DERIVED_FROM_REAL
20252026,2025020386,2025-11-28,WSH,TOR,0.62751,0.37249,WSH,1,WSH,1,0,REAL_NHL_API_OR_DERIVED_FROM_REAL
20252026,2025020387,2025-11-28,CAR,WPG,0.49171,0.50829,WPG,1,CAR,0,0,REAL_NHL_API_OR_DERIVED_FROM_REAL
20252026,2025020388,2025-11-28,CBJ,PIT,0.535353,0.464647,CBJ,0,PIT,0,0,REAL_NHL_API_OR_DERIVED_FROM_REAL
20252026,2025020389,2025-11-28,CHI,NSH,0.520839,0.479161,CHI,0,NSH,0,0,REAL_NHL_API_OR_DERIVED_FROM_REAL
20252026,2025020390,2025-11-28,DAL,UTA,0.715368,0.284632,DAL,1,DAL,1,0,REAL_NHL_API_OR_DERIVED_FROM_REAL
20252026,2025020391,2025-11-29,NYR,TBL,0.534797,0.465203,NYR,0,TBL,0,0,REAL_NHL_API_OR_DERIVED_FROM_REAL
20252026,2025020392,2025-11-29,COL,MTL,0.589129,0.410871,COL,1,COL,1,0,REAL_NHL_API_OR_DERIVED_FROM_REAL
20252026,2025020393,2025-11-29,SEA,EDM,0.622044,0.377956,SEA,0,EDM,0,0,REAL_NHL_API_OR_DERIVED_FROM_REAL
20252026,2025020394,2025-11-29,BOS,DET,0.535707,0.464293,BOS,1,BOS,1,0,REAL_NHL_API_OR_DERIVED_FROM_REAL
20252026,2025020395,2025-11-29,NJD,PHI,0.636296,0.363704,NJD,0,PHI,0,0,REAL_NHL_API_OR_DERIVED_FROM_REAL
20252026,2025020396,2025-11-29,PIT,TOR,0.394217,0.605783,TOR,0,TOR,1,0,REAL_NHL_API_OR_DERIVED_FROM_REAL
20252026,2025020397,2025-11-29,NSH,WPG,0.423283,0.576717,WPG,0,WPG,1,0,REAL_NHL_API_OR_DERIVED_FROM_REAL
20252026,2025020398,2025-11-29,STL,UTA,0.493406,0.506594,UTA,1,STL,0,0,REAL_NHL_API_OR_DERIVED_FROM_REAL
20252026,2025020399,2025-11-29,MIN,BUF,0.660909,0.339091,MIN,0,BUF,0,0,REAL_NHL_API_OR_DERIVED_FROM_REAL
20252026,2025020400,2025-11-29,VGK,SJS,0.572796,0.427204,VGK,1,VGK,1,0,REAL_NHL_API_OR_DERIVED_FROM_REAL
20252026,2025020401,2025-11-29,LAK,VAN,0.549453,0.450547,LAK,1,LAK,1,0,REAL_NHL_API_OR_DERIVED_FROM_REAL
20252026,2025020402,2025-11-30,NYI,WSH,0.520264,0.479736,NYI,0,WSH,0,0,REAL_NHL_API_OR_DERIVED_FROM_REAL
20252026,2025020403,2025-11-30,CHI,ANA,0.705782,0.294218,CHI,1,CHI,1,0,REAL_NHL_API_OR_DERIVED_FROM_REAL
20252026,2025020404,2025-11-30,CAR,CGY,0.67774,0.32226,CAR,1,CAR,1,0,REAL_NHL_API_OR_DERIVED_FROM_REAL
20252026,2025020405,2025-11-30,DAL,OTT,0.559452,0.440548,DAL,1,DAL,1,0,REAL_NHL_API_OR_DERIVED_FROM_REAL
20252026,2025020406,2025-12-01,NJD,CBJ,0.581426,0.418574,NJD,0,CBJ,0,0,REAL_NHL_API_OR_DERIVED_FROM_REAL
20252026,2025020407,2025-12-01,PHI,PIT,0.619314,0.380686,PHI,0,PIT,0,0,REAL_NHL_API_OR_DERIVED_FROM_REAL
20252026,2025020408,2025-12-01,BUF,WPG,0.733404,0.266596,BUF,1,BUF,1,0,REAL_NHL_API_OR_DERIVED_FROM_REAL
20252026,2025020409,2025-12-01,STL,ANA,0.278106,0.721894,ANA,0,ANA,1,0,REAL_NHL_API_OR_DERIVED_FROM_REAL
20252026,2025020410,2025-12-01,SJS,UTA,0.724929,0.275071,SJS,1,SJS,1,0,REAL_NHL_API_OR_DERIVED_FROM_REAL
20252026,2025020411,2025-12-02,MTL,OTT,0.55318,0.44682,MTL,0,OTT,0,0,REAL_NHL_API_OR_DERIVED_FROM_REAL
20252026,2025020412,2025-12-02,DET,BOS,0.728309,0.271691,DET,1,DET,1,0,REAL_NHL_API_OR_DERIVED_FROM_REAL
20252026,2025020413,2025-12-02,FLA,TOR,0.525306,0.474694,FLA,0,TOR,0,0,REAL_NHL_API_OR_DERIVED_FROM_REAL
20252026,2025020414,2025-12-02,NYI,TBL,0.366758,0.633242,TBL,1,NYI,0,0,REAL_NHL_API_OR_DERIVED_FROM_REAL
20252026,2025020415,2025-12-02,NYR,DAL,0.487785,0.512215,DAL,1,NYR,0,0,REAL_NHL_API_OR_DERIVED_FROM_REAL
20252026,2025020416,2025-12-02,NSH,CGY,0.823018,0.176982,NSH,1,NSH,1,0,REAL_NHL_API_OR_DERIVED_FROM_REAL
20252026,2025020417,2025-12-02,COL,VAN,0.496949,0.503051,VAN,1,COL,0,0,REAL_NHL_API_OR_DERIVED_FROM_REAL
20252026,2025020418,2025-12-02,EDM,MIN,0.405079,0.594921,MIN,0,MIN,1,0,REAL_NHL_API_OR_DERIVED_FROM_REAL
20252026,2025020419,2025-12-02,VGK,CHI,0.586984,0.413016,VGK,1,VGK,1,0,REAL_NHL_API_OR_DERIVED_FROM_REAL
20252026,2025020420,2025-12-02,LAK,WSH,0.41806,0.58194,WSH,0,WSH,1,0,REAL_NHL_API_OR_DERIVED_FROM_REAL
20252026,2025020421,2025-12-03,NJD,DAL,0.498836,0.501164,DAL,0,DAL,1,0,REAL_NHL_API_OR_DERIVED_FROM_REAL
20252026,2025020422,2025-12-03,MTL,WPG,0.490513,0.509487,WPG,1,MTL,0,0,REAL_NHL_API_OR_DERIVED_FROM_REAL
20252026,2025020423,2025-12-03,PHI,BUF,0.503504,0.496496,PHI,1,PHI,1,0,REAL_NHL_API_OR_DERIVED_FROM_REAL
20252026,2025020424,2025-12-03,ANA,UTA,0.607775,0.392225,ANA,0,UTA,0,0,REAL_NHL_API_OR_DERIVED_FROM_REAL
20252026,2025020425,2025-12-03,SJS,WSH,0.283998,0.716002,WSH,0,WSH,1,0,REAL_NHL_API_OR_DERIVED_FROM_REAL
20252026,2025020426,2025-12-04,BOS,STL,0.603899,0.396101,BOS,1,BOS,1,0,REAL_NHL_API_OR_DERIVED_FROM_REAL
20252026,2025020427,2025-12-04,OTT,NYR,0.545946,0.454054,OTT,0,NYR,0,0,REAL_NHL_API_OR_DERIVED_FROM_REAL
20252026,2025020428,2025-12-04,TBL,PIT,0.686372,0.313628,TBL,0,PIT,0,0,REAL_NHL_API_OR_DERIVED_FROM_REAL
20252026,2025020429,2025-12-04,FLA,NSH,0.607021,0.392979,FLA,0,NSH,0,0,REAL_NHL_API_OR_DERIVED_FROM_REAL
20252026,2025020430,2025-12-04,NYI,COL,0.396829,0.603171,COL,1,NYI,0,0,REAL_NHL_API_OR_DERIVED_FROM_REAL
20252026,2025020431,2025-12-04,CAR,TOR,0.736045,0.263955,CAR,0,TOR,0,0,REAL_NHL_API_OR_DERIVED_FROM_REAL
20252026,2025020432,2025-12-04,CBJ,DET,0.558253,0.441747,CBJ,1,CBJ,1,0,REAL_NHL_API_OR_DERIVED_FROM_REAL
20252026,2025020433,2025-12-04,CGY,MIN,0.439483,0.560517,MIN,1,CGY,0,0,REAL_NHL_API_OR_DERIVED_FROM_REAL
20252026,2025020434,2025-12-04,EDM,SEA,0.684551,0.315449,EDM,1,EDM,1,0,REAL_NHL_API_OR_DERIVED_FROM_REAL
20252026,2025020435,2025-12-04,LAK,CHI,0.555295,0.444705,LAK,0,CHI,0,0,REAL_NHL_API_OR_DERIVED_FROM_REAL
20252026,2025020436,2025-12-05,NJD,VGK,0.52496,0.47504,NJD,0,VGK,0,0,REAL_NHL_API_OR_DERIVED_FROM_REAL
20252026,2025020437,2025-12-05,WPG,BUF,0.544272,0.455728,WPG,1,WPG,1,0,REAL_NHL_API_OR_DERIVED_FROM_REAL
20252026,2025020438,2025-12-05,DAL,SJS,0.710174,0.289826,DAL,1,DAL,1,0,REAL_NHL_API_OR_DERIVED_FROM_REAL
20252026,2025020439,2025-12-05,VAN,UTA,0.465186,0.534814,UTA,0,UTA,1,0,REAL_NHL_API_OR_DERIVED_FROM_REAL
20252026,2025020440,2025-12-05,ANA,WSH,0.384684,0.615316,WSH,1,ANA,0,0,REAL_NHL_API_OR_DERIVED_FROM_REAL
20252026,2025020441,2025-12-06,NYR,COL,0.512974,0.487026,NYR,0,COL,0,0,REAL_NHL_API_OR_DERIVED_FROM_REAL
20252026,2025020442,2025-12-06,FLA,CBJ,0.603795,0.396205,FLA,1,FLA,1,0,REAL_NHL_API_OR_DERIVED_FROM_REAL
20252026,2025020443,2025-12-06,BOS,NJD,0.619008,0.380992,BOS,1,BOS,1,0,REAL_NHL_API_OR_DERIVED_FROM_REAL
20252026,2025020444,2025-12-06,TOR,MTL,0.611413,0.388587,TOR,0,MTL,0,0,REAL_NHL_API_OR_DERIVED_FROM_REAL
20252026,2025020445,2025-12-06,OTT,STL,0.618666,0.381334,OTT,0,STL,0,0,REAL_NHL_API_OR_DERIVED_FROM_REAL
20252026,2025020446,2025-12-06,TBL,NYI,0.636746,0.363254,TBL,0,NYI,0,0,REAL_NHL_API_OR_DERIVED_FROM_REAL
20252026,2025020447,2025-12-06,CAR,NSH,0.735034,0.264966,CAR,1,CAR,1,0,REAL_NHL_API_OR_DERIVED_FROM_REAL
20252026,2025020448,2025-12-06,CGY,UTA,0.449662,0.550338,UTA,1,CGY,0,0,REAL_NHL_API_OR_DERIVED_FROM_REAL
20252026,2025020449,2025-12-06,LAK,CHI,0.539888,0.460112,LAK,1,LAK,1,0,REAL_NHL_API_OR_DERIVED_FROM_REAL
20252026,2025020450,2025-12-06,EDM,WPG,0.644943,0.355057,EDM,1,EDM,1,0,REAL_NHL_API_OR_DERIVED_FROM_REAL
20252026,2025020451,2025-12-06,VAN,MIN,0.413589,0.586411,MIN,1,VAN,0,0,REAL_NHL_API_OR_DERIVED_FROM_REAL
20252026,2025020452,2025-12-06,SEA,DET,0.465647,0.534353,DET,0,DET,1,0,REAL_NHL_API_OR_DERIVED_FROM_REAL
20252026,2025020453,2025-12-07,PHI,COL,0.495832,0.504168,COL,0,COL,1,0,REAL_NHL_API_OR_DERIVED_FROM_REAL
20252026,2025020454,2025-12-07,FLA,NYI,0.547123,0.452877,FLA,1,FLA,1,0,REAL_NHL_API_OR_DERIVED_FROM_REAL
20252026,2025020455,2025-12-07,CAR,SJS,0.600483,0.399517,CAR,0,SJS,0,0,REAL_NHL_API_OR_DERIVED_FROM_REAL
20252026,2025020456,2025-12-07,DAL,PIT,0.591704,0.408296,DAL,1,DAL,1,0,REAL_NHL_API_OR_DERIVED_FROM_REAL
20252026,2025020457,2025-12-07,MTL,STL,0.614317,0.385683,MTL,0,STL,0,0,REAL_NHL_API_OR_DERIVED_FROM_REAL
20252026,2025020458,2025-12-07,NYR,VGK,0.505113,0.494887,NYR,0,VGK,0,0,REAL_NHL_API_OR_DERIVED_FROM_REAL
20252026,2025020459,2025-12-07,WSH,CBJ,0.572418,0.427582,WSH,1,WSH,1,0,REAL_NHL_API_OR_DERIVED_FROM_REAL
20252026,2025020460,2025-12-07,ANA,CHI,0.626344,0.373656,ANA,1,ANA,1,0,REAL_NHL_API_OR_DERIVED_FROM_REAL
20252026,2025020461,2025-12-08,TOR,TBL,0.558061,0.441939,TOR,1,TOR,1,0,REAL_NHL_API_OR_DERIVED_FROM_REAL
20252026,2025020462,2025-12-08,UTA,LAK,0.59679,0.40321,UTA,0,LAK,0,0,REAL_NHL_API_OR_DERIVED_FROM_REAL
20252026,2025020463,2025-12-08,CGY,BUF,0.732325,0.267675,CGY,1,CGY,1,0,REAL_NHL_API_OR_DERIVED_FROM_REAL
20252026,2025020464,2025-12-08,VAN,DET,0.259534,0.740466,DET,0,DET,1,0,REAL_NHL_API_OR_DERIVED_FROM_REAL
20252026,2025020465,2025-12-08,SEA,MIN,0.430804,0.569196,MIN,0,MIN,1,0,REAL_NHL_API_OR_DERIVED_FROM_REAL
20252026,2025020466,2025-12-09,MTL,TBL,0.269568,0.730432,TBL,0,TBL,1,0,REAL_NHL_API_OR_DERIVED_FROM_REAL
20252026,2025020467,2025-12-09,OTT,NJD,0.547086,0.452914,OTT,0,NJD,0,0,REAL_NHL_API_OR_DERIVED_FROM_REAL
20252026,2025020468,2025-12-09,NYI,VGK,0.488519,0.511481,VGK,1,NYI,0,0,REAL_NHL_API_OR_DERIVED_FROM_REAL
20252026,2025020469,2025-12-09,PHI,SJS,0.658,0.342,PHI,1,PHI,1,0,REAL_NHL_API_OR_DERIVED_FROM_REAL
20252026,2025020470,2025-12-09,PIT,ANA,0.458278,0.541722,ANA,0,ANA,1,0,REAL_NHL_API_OR_DERIVED_FROM_REAL
20252026,2025020471,2025-12-09,CAR,CBJ,0.601527,0.398473,CAR,1,CAR,1,0,REAL_NHL_API_OR_DERIVED_FROM_REAL
20252026,2025020472,2025-12-09,STL,BOS,0.408678,0.591322,BOS,0,BOS,1,0,REAL_NHL_API_OR_DERIVED_FROM_REAL
20252026,2025020473,2025-12-09,WPG,DAL,0.44309,0.55691,DAL,0,DAL,1,0,REAL_NHL_API_OR_DERIVED_FROM_REAL
20252026,2025020474,2025-12-09,EDM,BUF,0.818208,0.181792,EDM,0,BUF,0,0,REAL_NHL_API_OR_DERIVED_FROM_REAL
20252026,2025020475,2025-12-09,NSH,COL,0.70449,0.29551,NSH,1,NSH,1,0,REAL_NHL_API_OR_DERIVED_FROM_REAL
20252026,2025020476,2025-12-10,CHI,NYR,0.441327,0.558673,NYR,1,CHI,0,0,REAL_NHL_API_OR_DERIVED_FROM_REAL
20252026,2025020477,2025-12-10,CGY,DET,0.50894,0.49106,CGY,0,DET,0,0,REAL_NHL_API_OR_DERIVED_FROM_REAL
20252026,2025020478,2025-12-10,UTA,FLA,0.409531,0.590469,FLA,0,FLA,1,0,REAL_NHL_API_OR_DERIVED_FROM_REAL
20252026,2025020479,2025-12-10,SEA,LAK,0.491264,0.508736,LAK,1,SEA,0,0,REAL_NHL_API_OR_DERIVED_FROM_REAL
20252026,2025020480,2025-12-11,TOR,SJS,0.6975,0.3025,TOR,0,SJS,0,0,REAL_NHL_API_OR_DERIVED_FROM_REAL
20252026,2025020481,2025-12-11,NJD,TBL,0.408912,0.591088,TBL,0,TBL,1,0,REAL_NHL_API_OR_DERIVED_FROM_REAL
20252026,2025020482,2025-12-11,NYI,ANA,0.519791,0.480209,NYI,1,NYI,1,0,REAL_NHL_API_OR_DERIVED_FROM_REAL
20252026,2025020483,2025-12-11,PHI,VGK,0.539162,0.460838,PHI,0,VGK,0,0,REAL_NHL_API_OR_DERIVED_FROM_REAL
20252026,2025020484,2025-12-11,PIT,MTL,0.473888,0.526112,MTL,0,MTL,1,0,REAL_NHL_API_OR_DERIVED_FROM_REAL
20252026,2025020485,2025-12-11,WSH,CAR,0.56461,0.43539,WSH,0,CAR,0,0,REAL_NHL_API_OR_DERIVED_FROM_REAL
20252026,2025020486,2025-12-11,CBJ,OTT,0.366674,0.633326,OTT,0,OTT,1,0,REAL_NHL_API_OR_DERIVED_FROM_REAL
20252026,2025020487,2025-12-11,NSH,STL,0.686669,0.313331,NSH,1,NSH,1,0,REAL_NHL_API_OR_DERIVED_FROM_REAL
20252026,2025020488,2025-12-11,MIN,DAL,0.424449,0.575551,DAL,1,MIN,0,0,REAL_NHL_API_OR_DERIVED_FROM_REAL
20252026,2025020489,2025-12-11,WPG,BOS,0.461818,0.538182,BOS,0,BOS,1,0,REAL_NHL_API_OR_DERIVED_FROM_REAL
20252026,2025020490,2025-12-11,COL,FLA,0.595104,0.404896,COL,1,COL,1,0,REAL_NHL_API_OR_DERIVED_FROM_REAL
20252026,2025020491,2025-12-11,EDM,DET,0.532502,0.467498,EDM,1,EDM,1,0,REAL_NHL_API_OR_DERIVED_FROM_REAL
20252026,2025020492,2025-12-11,VAN,BUF,0.432952,0.567048,BUF,0,BUF,1,0,REAL_NHL_API_OR_DERIVED_FROM_REAL
20252026,2025020493,2025-12-12,STL,CHI,0.571734,0.428266,STL,1,STL,1,0,REAL_NHL_API_OR_DERIVED_FROM_REAL
20252026,2025020494,2025-12-12,UTA,SEA,0.542648,0.457352,UTA,1,UTA,1,0,REAL_NHL_API_OR_DERIVED_FROM_REAL
20252026,2025020495,2025-12-13,NJD,ANA,0.450342,0.549658,ANA,1,NJD,0,0,REAL_NHL_API_OR_DERIVED_FROM_REAL
20252026,2025020496,2025-12-13,MIN,OTT,0.566143,0.433857,MIN,1,MIN,1,0,REAL_NHL_API_OR_DERIVED_FROM_REAL
20252026,2025020497,2025-12-13,PIT,SJS,0.544305,0.455695,PIT,0,SJS,0,0,REAL_NHL_API_OR_DERIVED_FROM_REAL
20252026,2025020498,2025-12-13,NYI,TBL,0.692264,0.307736,NYI,1,NYI,1,0,REAL_NHL_API_OR_DERIVED_FROM_REAL
20252026,2025020499,2025-12-13,TOR,EDM,0.43476,0.56524,EDM,0,EDM,1,0,REAL_NHL_API_OR_DERIVED_FROM_REAL
20252026,2025020500,2025-12-13,NYR,MTL,0.544076,0.455924,NYR,1,NYR,1,0,REAL_NHL_API_OR_DERIVED_FROM_REAL
20252026,2025020501,2025-12-13,PHI,CAR,0.486369,0.513631,CAR,0,CAR,1,0,REAL_NHL_API_OR_DERIVED_FROM_REAL
20252026,2025020502,2025-12-13,CBJ,VGK,0.422366,0.577634,VGK,0,VGK,1,0,REAL_NHL_API_OR_DERIVED_FROM_REAL
20252026,2025020503,2025-12-13,WPG,WSH,0.342271,0.657729,WSH,1,WPG,0,0,REAL_NHL_API_OR_DERIVED_FROM_REAL
20252026,2025020504,2025-12-13,CHI,DET,0.477715,0.522285,DET,0,DET,1,0,REAL_NHL_API_OR_DERIVED_FROM_REAL
20252026,2025020505,2025-12-13,DAL,FLA,0.598042,0.401958,DAL,0,FLA,0,0,REAL_NHL_API_OR_DERIVED_FROM_REAL
20252026,2025020506,2025-12-13,COL,NSH,0.604188,0.395812,COL,1,COL,1,0,REAL_NHL_API_OR_DERIVED_FROM_REAL
20252026,2025020507,2025-12-13,LAK,CGY,0.492377,0.507623,CGY,0,CGY,1,0,REAL_NHL_API_OR_DERIVED_FROM_REAL
20252026,2025020508,2025-12-14,NJD,VAN,0.648174,0.351826,NJD,0,VAN,0,0,REAL_NHL_API_OR_DERIVED_FROM_REAL
20252026,2025020509,2025-12-14,PIT,UTA,0.567505,0.432495,PIT,0,UTA,0,0,REAL_NHL_API_OR_DERIVED_FROM_REAL
20252026,2025020510,2025-12-14,CAR,PHI,0.57958,0.42042,CAR,1,CAR,1,0,REAL_NHL_API_OR_DERIVED_FROM_REAL
20252026,2025020511,2025-12-14,MIN,BOS,0.54751,0.45249,MIN,1,MIN,1,0,REAL_NHL_API_OR_DERIVED_FROM_REAL
20252026,2025020512,2025-12-14,MTL,EDM,0.458071,0.541929,EDM,1,MTL,0,0,REAL_NHL_API_OR_DERIVED_FROM_REAL
20252026,2025020513,2025-12-14,SEA,BUF,0.521303,0.478697,SEA,0,BUF,0,0,REAL_NHL_API_OR_DERIVED_FROM_REAL
20252026,2025020514,2025-12-15,TBL,FLA,0.562213,0.437787,TBL,0,FLA,0,0,REAL_NHL_API_OR_DERIVED_FROM_REAL
20252026,2025020515,2025-12-15,NYR,ANA,0.52851,0.47149,NYR,0,ANA,0,0,REAL_NHL_API_OR_DERIVED_FROM_REAL
20252026,2025020516,2025-12-15,WPG,OTT,0.575954,0.424046,WPG,0,OTT,0,0,REAL_NHL_API_OR_DERIVED_FROM_REAL
20252026,2025020517,2025-12-15,STL,NSH,0.486497,0.513503,NSH,0,NSH,1,0,REAL_NHL_API_OR_DERIVED_FROM_REAL
20252026,2025020518,2025-12-15,DAL,LAK,0.758315,0.241685,DAL,1,DAL,1,0,REAL_NHL_API_OR_DERIVED_FROM_REAL
20252026,2025020519,2025-12-16,BOS,UTA,0.601491,0.398509,BOS,1,BOS,1,0,REAL_NHL_API_OR_DERIVED_FROM_REAL
20252026,2025020520,2025-12-16,TOR,CHI,0.681451,0.318549,TOR,1,TOR,1,0,REAL_NHL_API_OR_DERIVED_FROM_REAL
20252026,2025020521,2025-12-16,MTL,PHI,0.505236,0.494764,MTL,0,PHI,0,0,REAL_NHL_API_OR_DERIVED_FROM_REAL
20252026,2025020522,2025-12-16,DET,NYI,0.554983,0.445017,DET,1,DET,1,0,REAL_NHL_API_OR_DERIVED_FROM_REAL
20252026,2025020523,2025-12-16,NYR,VAN,0.618441,0.381559,NYR,0,VAN,0,0,REAL_NHL_API_OR_DERIVED_FROM_REAL
20252026,2025020524,2025-12-16,PIT,EDM,0.497309,0.502691,EDM,0,EDM,1,0,REAL_NHL_API_OR_DERIVED_FROM_REAL
20252026,2025020525,2025-12-16,CBJ,ANA,0.379286,0.620714,ANA,1,CBJ,0,0,REAL_NHL_API_OR_DERIVED_FROM_REAL
20252026,2025020526,2025-12-16,MIN,WSH,0.603503,0.396497,MIN,1,MIN,1,0,REAL_NHL_API_OR_DERIVED_FROM_REAL
20252026,2025020527,2025-12-16,SJS,CGY,0.567587,0.432413,SJS,1,SJS,1,0,REAL_NHL_API_OR_DERIVED_FROM_REAL
20252026,2025020528,2025-12-16,SEA,COL,0.417773,0.582227,COL,0,COL,1,0,REAL_NHL_API_OR_DERIVED_FROM_REAL
20252026,2025020529,2025-12-17,FLA,LAK,0.566057,0.433943,FLA,1,FLA,1,0,REAL_NHL_API_OR_DERIVED_FROM_REAL
20252026,2025020530,2025-12-17,DET,UTA,0.533882,0.466118,DET,0,UTA,0,0,REAL_NHL_API_OR_DERIVED_FROM_REAL
20252026,2025020531,2025-12-17,STL,WPG,0.56871,0.43129,STL,1,STL,1,0,REAL_NHL_API_OR_DERIVED_FROM_REAL
20252026,2025020532,2025-12-17,NSH,CAR,0.524744,0.475256,NSH,0,CAR,0,0,REAL_NHL_API_OR_DERIVED_FROM_REAL
20252026,2025020533,2025-12-17,VGK,NJD,0.582914,0.417086,VGK,0,NJD,0,0,REAL_NHL_API_OR_DERIVED_FROM_REAL
20252026,2025020534,2025-12-18,BOS,EDM,0.728874,0.271126,BOS,0,EDM,0,0,REAL_NHL_API_OR_DERIVED_FROM_REAL
20252026,2025020535,2025-12-18,BUF,PHI,0.544827,0.455173,BUF,1,BUF,1,0,REAL_NHL_API_OR_DERIVED_FROM_REAL
20252026,2025020536,2025-12-18,MTL,CHI,0.564266,0.435734,MTL,1,MTL,1,0,REAL_NHL_API_OR_DERIVED_FROM_REAL
20252026,2025020537,2025-12-18,OTT,PIT,0.508248,0.491752,OTT,1,OTT,1,0,REAL_NHL_API_OR_DERIVED_FROM_REAL
20252026,2025020538,2025-12-18,TBL,LAK,0.738753,0.261247,TBL,0,LAK,0,0,REAL_NHL_API_OR_DERIVED_FROM_REAL
20252026,2025020539,2025-12-18,WSH,TOR,0.532236,0.467764,WSH,1,WSH,1,0,REAL_NHL_API_OR_DERIVED_FROM_REAL
20252026,2025020540,2025-12-18,CBJ,MIN,0.305772,0.694228,MIN,0,MIN,1,0,REAL_NHL_API_OR_DERIVED_FROM_REAL
20252026,2025020541,2025-12-18,STL,NYR,0.571283,0.428717,STL,0,NYR,0,0,REAL_NHL_API_OR_DERIVED_FROM_REAL
20252026,2025020542,2025-12-18,CGY,SEA,0.614958,0.385042,CGY,1,CGY,1,0,REAL_NHL_API_OR_DERIVED_FROM_REAL
20252026,2025020543,2025-12-18,SJS,DAL,0.505468,0.494532,SJS,0,DAL,0,0,REAL_NHL_API_OR_DERIVED_FROM_REAL
20252026,2025020544,2025-12-19,FLA,CAR,0.539977,0.460023,FLA,1,FLA,1,0,REAL_NHL_API_OR_DERIVED_FROM_REAL
20252026,2025020545,2025-12-19,NYI,VAN,0.597643,0.402357,NYI,0,VAN,0,0,REAL_NHL_API_OR_DERIVED_FROM_REAL
20252026,2025020546,2025-12-19,COL,WPG,0.688645,0.311355,COL,1,COL,1,0,REAL_NHL_API_OR_DERIVED_FROM_REAL
20252026,2025020547,2025-12-19,UTA,NJD,0.507506,0.492494,UTA,0,NJD,0,0,REAL_NHL_API_OR_DERIVED_FROM_REAL
20252026,2025020548,2025-12-19,ANA,DAL,0.298165,0.701835,DAL,0,DAL,1,0,REAL_NHL_API_OR_DERIVED_FROM_REAL
20252026,2025020549,2025-12-20,NYR,PHI,0.478656,0.521344,PHI,1,NYR,0,0,REAL_NHL_API_OR_DERIVED_FROM_REAL
20252026,2025020550,2025-12-20,WSH,DET,0.542236,0.457764,WSH,0,DET,0,0,REAL_NHL_API_OR_DERIVED_FROM_REAL
20252026,2025020551,2025-12-20,OTT,CHI,0.606933,0.393067,OTT,1,OTT,1,0,REAL_NHL_API_OR_DERIVED_FROM_REAL
20252026,2025020552,2025-12-20,MIN,EDM,0.565375,0.434625,MIN,1,MIN,1,0,REAL_NHL_API_OR_DERIVED_FROM_REAL
20252026,2025020553,2025-12-20,BUF,NYI,0.535844,0.464156,BUF,1,BUF,1,0,REAL_NHL_API_OR_DERIVED_FROM_REAL
20252026,2025020554,2025-12-20,FLA,STL,0.602988,0.397012,FLA,0,STL,0,0,REAL_NHL_API_OR_DERIVED_FROM_REAL
20252026,2025020555,2025-12-20,BOS,VAN,0.602152,0.397848,BOS,0,VAN,0,0,REAL_NHL_API_OR_DERIVED_FROM_REAL
20252026,2025020556,2025-12-20,MTL,PIT,0.544489,0.455511,MTL,1,MTL,1,0,REAL_NHL_API_OR_DERIVED_FROM_REAL
20252026,2025020557,2025-12-20,TBL,CAR,0.545559,0.454441,TBL,1,TBL,1,0,REAL_NHL_API_OR_DERIVED_FROM_REAL
20252026,2025020558,2025-12-20,NSH,TOR,0.564644,0.435356,NSH,1,NSH,1,0,REAL_NHL_API_OR_DERIVED_FROM_REAL
20252026,2025020559,2025-12-20,CGY,VGK,0.542741,0.457259,CGY,1,CGY,1,0,REAL_NHL_API_OR_DERIVED_FROM_REAL
20252026,2025020560,2025-12-20,ANA,CBJ,0.56984,0.43016,ANA,1,ANA,1,0,REAL_NHL_API_OR_DERIVED_FROM_REAL
20252026,2025020561,2025-12-20,SJS,SEA,0.565824,0.434176,SJS,0,SEA,0,0,REAL_NHL_API_OR_DERIVED_FROM_REAL
20252026,2025020562,2025-12-21,DET,WSH,0.546016,0.453984,DET,1,DET,1,0,REAL_NHL_API_OR_DERIVED_FROM_REAL
20252026,2025020563,2025-12-21,MIN,COL,0.499903,0.500097,COL,0,COL,1,0,REAL_NHL_API_OR_DERIVED_FROM_REAL
20252026,2025020564,2025-12-21,BOS,OTT,0.340983,0.659017,OTT,0,OTT,1,0,REAL_NHL_API_OR_DERIVED_FROM_REAL
20252026,2025020565,2025-12-21,NJD,BUF,0.633162,0.366838,NJD,0,BUF,0,0,REAL_NHL_API_OR_DERIVED_FROM_REAL
20252026,2025020566,2025-12-21,PIT,MTL,0.532427,0.467573,PIT,1,PIT,1,0,REAL_NHL_API_OR_DERIVED_FROM_REAL
20252026,2025020567,2025-12-21,NSH,NYR,0.560275,0.439725,NSH,1,NSH,1,0,REAL_NHL_API_OR_DERIVED_FROM_REAL
20252026,2025020568,2025-12-21,DAL,TOR,0.575491,0.424509,DAL,1,DAL,1,0,REAL_NHL_API_OR_DERIVED_FROM_REAL
20252026,2025020569,2025-12-21,UTA,WPG,0.569033,0.430967,UTA,1,UTA,1,0,REAL_NHL_API_OR_DERIVED_FROM_REAL
20252026,2025020570,2025-12-21,EDM,VGK,0.623616,0.376384,EDM,1,EDM,1,0,REAL_NHL_API_OR_DERIVED_FROM_REAL
20252026,2025020571,2025-12-22,TBL,STL,0.556033,0.443967,TBL,1,TBL,1,0,REAL_NHL_API_OR_DERIVED_FROM_REAL
20252026,2025020572,2025-12-22,PHI,VAN,0.57788,0.42212,PHI,1,PHI,1,0,REAL_NHL_API_OR_DERIVED_FROM_REAL
20252026,2025020573,2025-12-22,ANA,SEA,0.598762,0.401238,ANA,0,SEA,0,0,REAL_NHL_API_OR_DERIVED_FROM_REAL
20252026,2025020574,2025-12-22,LAK,CBJ,0.610917,0.389083,LAK,0,CBJ,0,0,REAL_NHL_API_OR_DERIVED_FROM_REAL
20252026,2025020575,2025-12-23,TOR,PIT,0.517187,0.482813,TOR,1,TOR,1,0,REAL_NHL_API_OR_DERIVED_FROM_REAL
20252026,2025020576,2025-12-23,WSH,NYR,0.563633,0.436367,WSH,0,NYR,0,0,REAL_NHL_API_OR_DERIVED_FROM_REAL
20252026,2025020577,2025-12-23,BOS,MTL,0.587792,0.412208,BOS,0,MTL,0,0,REAL_NHL_API_OR_DERIVED_FROM_REAL
20252026,2025020578,2025-12-23,OTT,BUF,0.539164,0.460836,OTT,0,BUF,0,0,REAL_NHL_API_OR_DERIVED_FROM_REAL
20252026,2025020579,2025-12-23,DET,DAL,0.462494,0.537506,DAL,1,DET,0,0,REAL_NHL_API_OR_DERIVED_FROM_REAL
20252026,2025020580,2025-12-23,NYI,NJD,0.570994,0.429006,NYI,1,NYI,1,0,REAL_NHL_API_OR_DERIVED_FROM_REAL
20252026,2025020581,2025-12-23,CAR,FLA,0.494028,0.505972,FLA,0,FLA,1,0,REAL_NHL_API_OR_DERIVED_FROM_REAL
20252026,2025020582,2025-12-23,MIN,NSH,0.592418,0.407582,MIN,0,NSH,0,0,REAL_NHL_API_OR_DERIVED_FROM_REAL
20252026,2025020583,2025-12-23,CHI,PHI,0.488271,0.511729,PHI,0,PHI,1,0,REAL_NHL_API_OR_DERIVED_FROM_REAL
20252026,2025020584,2025-12-23,COL,UTA,0.695322,0.304678,COL,1,COL,1,0,REAL_NHL_API_OR_DERIVED_FROM_REAL
20252026,2025020585,2025-12-23,EDM,CGY,0.642555,0.357445,EDM,1,EDM,1,0,REAL_NHL_API_OR_DERIVED_FROM_REAL
20252026,2025020586,2025-12-23,VGK,SJS,0.754093,0.245907,VGK,1,VGK,1,0,REAL_NHL_API_OR_DERIVED_FROM_REAL
20252026,2025020587,2025-12-23,LAK,SEA,0.519122,0.480878,LAK,0,SEA,0,0,REAL_NHL_API_OR_DERIVED_FROM_REAL
20252026,2025020588,2025-12-27,NYI,NYR,0.513838,0.486162,NYI,1,NYI,1,0,REAL_NHL_API_OR_DERIVED_FROM_REAL
20252026,2025020589,2025-12-27,BUF,BOS,0.544618,0.455382,BUF,1,BUF,1,0,REAL_NHL_API_OR_DERIVED_FROM_REAL
20252026,2025020590,2025-12-27,TOR,OTT,0.56679,0.43321,TOR,1,TOR,1,0,REAL_NHL_API_OR_DERIVED_FROM_REAL
20252026,2025020591,2025-12-27,FLA,TBL,0.56851,0.43149,FLA,0,TBL,0,0,REAL_NHL_API_OR_DERIVED_FROM_REAL
20252026,2025020592,2025-12-27,NJD,WSH,0.582755,0.417245,NJD,0,WSH,0,0,REAL_NHL_API_OR_DERIVED_FROM_REAL
20252026,2025020593,2025-12-27,CAR,DET,0.583552,0.416448,CAR,1,CAR,1,0,REAL_NHL_API_OR_DERIVED_FROM_REAL
20252026,2025020594,2025-12-27,WPG,MIN,0.499927,0.500073,MIN,0,MIN,1,0,REAL_NHL_API_OR_DERIVED_FROM_REAL
20252026,2025020595,2025-12-27,STL,NSH,0.464928,0.535072,NSH,1,STL,0,0,REAL_NHL_API_OR_DERIVED_FROM_REAL
20252026,2025020596,2025-12-27,DAL,CHI,0.719808,0.280192,DAL,0,CHI,0,0,REAL_NHL_API_OR_DERIVED_FROM_REAL
20252026,2025020597,2025-12-27,LAK,ANA,0.470461,0.529539,ANA,1,LAK,0,0,REAL_NHL_API_OR_DERIVED_FROM_REAL
20252026,2025020598,2025-12-27,CGY,EDM,0.461432,0.538568,EDM,1,CGY,0,0,REAL_NHL_API_OR_DERIVED_FROM_REAL
20252026,2025020599,2025-12-27,VAN,SJS,0.569588,0.430412,VAN,0,SJS,0,0,REAL_NHL_API_OR_DERIVED_FROM_REAL
20252026,2025020600,2025-12-27,VGK,COL,0.501365,0.498635,VGK,0,COL,0,0,REAL_NHL_API_OR_DERIVED_FROM_REAL
20252026,2025020601,2025-12-28,DET,TOR,0.572957,0.427043,DET,1,DET,1,0,REAL_NHL_API_OR_DERIVED_FROM_REAL
20252026,2025020602,2025-12-28,TBL,MTL,0.641591,0.358409,TBL,1,TBL,1,0,REAL_NHL_API_OR_DERIVED_FROM_REAL
20252026,2025020603,2025-12-28,CBJ,NYI,0.499878,0.500122,NYI,1,CBJ,0,0,REAL_NHL_API_OR_DERIVED_FROM_REAL
20252026,2025020604,2025-12-28,CHI,PIT,0.347218,0.652782,PIT,0,PIT,1,0,REAL_NHL_API_OR_DERIVED_FROM_REAL
20252026,2025020605,2025-12-28,SEA,PHI,0.514604,0.485396,SEA,1,SEA,1,0,REAL_NHL_API_OR_DERIVED_FROM_REAL
20252026,2025020606,2025-12-29,OTT,CBJ,0.576474,0.423526,OTT,0,CBJ,0,0,REAL_NHL_API_OR_DERIVED_FROM_REAL
20252026,2025020607,2025-12-29,FLA,WSH,0.571064,0.428936,FLA,1,FLA,1,0,REAL_NHL_API_OR_DERIVED_FROM_REAL
20252026,2025020608,2025-12-29,CAR,NYR,0.575669,0.424331,CAR,1,CAR,1,0,REAL_NHL_API_OR_DERIVED_FROM_REAL
20252026,2025020609,2025-12-29,WPG,EDM,0.477494,0.522506,EDM,0,EDM,1,0,REAL_NHL_API_OR_DERIVED_FROM_REAL
20252026,2025020610,2025-12-29,STL,BUF,0.393848,0.606152,BUF,0,BUF,1,0,REAL_NHL_API_OR_DERIVED_FROM_REAL
20252026,2025020611,2025-12-29,COL,LAK,0.605236,0.394764,COL,1,COL,1,0,REAL_NHL_API_OR_DERIVED_FROM_REAL
20252026,2025020612,2025-12-29,UTA,NSH,0.516379,0.483621,UTA,0,NSH,0,0,REAL_NHL_API_OR_DERIVED_FROM_REAL
20252026,2025020613,2025-12-29,CGY,BOS,0.553869,0.446131,CGY,1,CGY,1,0,REAL_NHL_API_OR_DERIVED_FROM_REAL
20252026,2025020614,2025-12-29,VGK,MIN,0.318537,0.681463,MIN,0,MIN,1,0,REAL_NHL_API_OR_DERIVED_FROM_REAL
20252026,2025020615,2025-12-29,ANA,SJS,0.440063,0.559937,SJS,0,SJS,1,0,REAL_NHL_API_OR_DERIVED_FROM_REAL
20252026,2025020616,2025-12-29,SEA,VAN,0.544959,0.455041,SEA,0,VAN,0,0,REAL_NHL_API_OR_DERIVED_FROM_REAL
20252026,2025020617,2025-12-30,TOR,NJD,0.540599,0.459401,TOR,1,TOR,1,0,REAL_NHL_API_OR_DERIVED_FROM_REAL
20252026,2025020618,2025-12-30,FLA,MTL,0.555614,0.444386,FLA,0,MTL,0,0,REAL_NHL_API_OR_DERIVED_FROM_REAL
20252026,2025020619,2025-12-30,PIT,CAR,0.429616,0.570384,CAR,1,PIT,0,0,REAL_NHL_API_OR_DERIVED_FROM_REAL
20252026,2025020620,2025-12-30,CHI,NYI,0.409559,0.590441,NYI,0,NYI,1,0,REAL_NHL_API_OR_DERIVED_FROM_REAL
20252026,2025020621,2025-12-30,VAN,PHI,0.48463,0.51537,PHI,0,PHI,1,0,REAL_NHL_API_OR_DERIVED_FROM_REAL
20252026,2025020622,2025-12-31,WSH,NYR,0.554455,0.445545,WSH,1,WSH,1,0,REAL_NHL_API_OR_DERIVED_FROM_REAL
20252026,2025020623,2025-12-31,VGK,NSH,0.544548,0.455452,VGK,0,NSH,0,0,REAL_NHL_API_OR_DERIVED_FROM_REAL
20252026,2025020624,2025-12-31,ANA,TBL,0.385209,0.614791,TBL,0,TBL,1,0,REAL_NHL_API_OR_DERIVED_FROM_REAL
20252026,2025020625,2025-12-31,SJS,MIN,0.46632,0.53368,MIN,1,SJS,0,0,REAL_NHL_API_OR_DERIVED_FROM_REAL
20252026,2025020626,2025-12-31,DET,WPG,0.603042,0.396958,DET,1,DET,1,0,REAL_NHL_API_OR_DERIVED_FROM_REAL
20252026,2025020627,2025-12-31,CBJ,NJD,0.56958,0.43042,CBJ,0,NJD,0,0,REAL_NHL_API_OR_DERIVED_FROM_REAL
20252026,2025020628,2025-12-31,DAL,BUF,0.580298,0.419702,DAL,0,BUF,0,0,REAL_NHL_API_OR_DERIVED_FROM_REAL
20252026,2025020629,2025-12-31,COL,STL,0.69008,0.30992,COL,1,COL,1,0,REAL_NHL_API_OR_DERIVED_FROM_REAL
20252026,2025020630,2025-12-31,CGY,PHI,0.554991,0.445009,CGY,1,CGY,1,0,REAL_NHL_API_OR_DERIVED_FROM_REAL
20252026,2025020631,2025-12-31,EDM,BOS,0.616616,0.383384,EDM,0,BOS,0,0,REAL_NHL_API_OR_DERIVED_FROM_REAL
20252026,2025020632,2026-01-01,OTT,WSH,0.600582,0.399418,OTT,1,OTT,1,0,REAL_NHL_API_OR_DERIVED_FROM_REAL
20252026,2025020633,2026-01-01,NYI,UTA,0.362866,0.637134,UTA,0,UTA,1,0,REAL_NHL_API_OR_DERIVED_FROM_REAL
20252026,2025020634,2026-01-01,TOR,WPG,0.382335,0.617665,WPG,1,TOR,0,0,REAL_NHL_API_OR_DERIVED_FROM_REAL
20252026,2025020635,2026-01-01,PIT,DET,0.49867,0.50133,DET,1,PIT,0,0,REAL_NHL_API_OR_DERIVED_FROM_REAL
20252026,2025020636,2026-01-01,CAR,MTL,0.552721,0.447279,CAR,0,MTL,0,0,REAL_NHL_API_OR_DERIVED_FROM_REAL
20252026,2025020637,2026-01-01,CHI,DAL,0.41582,0.58418,DAL,1,CHI,0,0,REAL_NHL_API_OR_DERIVED_FROM_REAL
20252026,2025020638,2026-01-01,SEA,NSH,0.534445,0.465555,SEA,1,SEA,1,0,REAL_NHL_API_OR_DERIVED_FROM_REAL
20252026,2025020639,2026-01-01,LAK,TBL,0.478971,0.521029,TBL,0,TBL,1,0,REAL_NHL_API_OR_DERIVED_FROM_REAL
20252026,2025020640,2026-01-02,STL,VGK,0.459215,0.540785,VGK,1,STL,0,0,REAL_NHL_API_OR_DERIVED_FROM_REAL
20252026,2025020641,2026-01-02,FLA,NYR,0.564813,0.435187,FLA,0,NYR,0,0,REAL_NHL_API_OR_DERIVED_FROM_REAL
20252026,2025020642,2026-01-02,VAN,SEA,0.471497,0.528503,SEA,0,SEA,1,0,REAL_NHL_API_OR_DERIVED_FROM_REAL
20252026,2025020643,2026-01-02,ANA,MIN,0.462616,0.537384,MIN,0,MIN,1,0,REAL_NHL_API_OR_DERIVED_FROM_REAL
20252026,2025020644,2026-01-03,DET,PIT,0.549497,0.450503,DET,0,PIT,0,0,REAL_NHL_API_OR_DERIVED_FROM_REAL
20252026,2025020645,2026-01-03,NJD,UTA,0.55978,0.44022,NJD,1,NJD,1,0,REAL_NHL_API_OR_DERIVED_FROM_REAL
20252026,2025020646,2026-01-03,CBJ,BUF,0.494309,0.505691,BUF,1,CBJ,0,0,REAL_NHL_API_OR_DERIVED_FROM_REAL
20252026,2025020647,2026-01-03,EDM,PHI,0.551106,0.448894,EDM,0,PHI,0,0,REAL_NHL_API_OR_DERIVED_FROM_REAL
20252026,2025020648,2026-01-03,STL,MTL,0.478573,0.521427,MTL,1,STL,0,0,REAL_NHL_API_OR_DERIVED_FROM_REAL
20252026,2025020649,2026-01-03,SJS,TBL,0.317189,0.682811,TBL,0,TBL,1,0,REAL_NHL_API_OR_DERIVED_FROM_REAL
20252026,2025020650,2026-01-03,OTT,WPG,0.567772,0.432228,OTT,1,OTT,1,0,REAL_NHL_API_OR_DERIVED_FROM_REAL
20252026,2025020651,2026-01-03,NYI,TOR,0.573924,0.426076,NYI,1,NYI,1,0,REAL_NHL_API_OR_DERIVED_FROM_REAL
20252026,2025020652,2026-01-03,WSH,CHI,0.649565,0.350435,WSH,0,CHI,0,0,REAL_NHL_API_OR_DERIVED_FROM_REAL
20252026,2025020653,2026-01-03,CAR,COL,0.441065,0.558935,COL,0,COL,1,0,REAL_NHL_API_OR_DERIVED_FROM_REAL
20252026,2025020654,2026-01-03,CGY,NSH,0.521928,0.478072,CGY,0,NSH,0,0,REAL_NHL_API_OR_DERIVED_FROM_REAL
20252026,2025020655,2026-01-03,LAK,MIN,0.402349,0.597651,MIN,1,LAK,0,0,REAL_NHL_API_OR_DERIVED_FROM_REAL
20252026,2025020656,2026-01-03,VAN,BOS,0.486978,0.513022,BOS,0,BOS,1,0,REAL_NHL_API_OR_DERIVED_FROM_REAL
20252026,2025020657,2026-01-04,DAL,MTL,0.532558,0.467442,DAL,0,MTL,0,0,REAL_NHL_API_OR_DERIVED_FROM_REAL
20252026,2025020658,2026-01-04,CBJ,PIT,0.541301,0.458699,CBJ,0,PIT,0,0,REAL_NHL_API_OR_DERIVED_FROM_REAL
20252026,2025020659,2026-01-04,FLA,COL,0.475892,0.524108,COL,1,FLA,0,0,REAL_NHL_API_OR_DERIVED_FROM_REAL
20252026,2025020660,2026-01-04,NJD,CAR,0.459201,0.540799,CAR,0,CAR,1,0,REAL_NHL_API_OR_DERIVED_FROM_REAL
20252026,2025020661,2026-01-04,CHI,VGK,0.448781,0.551219,VGK,1,CHI,0,0,REAL_NHL_API_OR_DERIVED_FROM_REAL
20252026,2025020662,2026-01-05,NYR,UTA,0.355154,0.644846,UTA,0,UTA,1,0,REAL_NHL_API_OR_DERIVED_FROM_REAL
20252026,2025020663,2026-01-05,WSH,ANA,0.770162,0.229838,WSH,1,WSH,1,0,REAL_NHL_API_OR_DERIVED_FROM_REAL
20252026,2025020664,2026-01-05,OTT,DET,0.389063,0.610937,DET,0,DET,1,0,REAL_NHL_API_OR_DERIVED_FROM_REAL
20252026,2025020665,2026-01-05,CGY,SEA,0.570094,0.429906,CGY,0,SEA,0,0,REAL_NHL_API_OR_DERIVED_FROM_REAL
20252026,2025020666,2026-01-05,LAK,MIN,0.465646,0.534354,MIN,1,LAK,0,0,REAL_NHL_API_OR_DERIVED_FROM_REAL
20252026,2025020667,2026-01-06,BUF,VAN,0.608036,0.391964,BUF,1,BUF,1,0,REAL_NHL_API_OR_DERIVED_FROM_REAL
20252026,2025020668,2026-01-06,TBL,COL,0.54374,0.45626,TBL,1,TBL,1,0,REAL_NHL_API_OR_DERIVED_FROM_REAL
20252026,2025020669,2026-01-06,NYI,NJD,0.503472,0.496528,NYI,1,NYI,1,0,REAL_NHL_API_OR_DERIVED_FROM_REAL
20252026,2025020670,2026-01-06,PHI,ANA,0.588742,0.411258,PHI,1,PHI,1,0,REAL_NHL_API_OR_DERIVED_FROM_REAL
20252026,2025020671,2026-01-06,CAR,DAL,0.757688,0.242312,CAR,1,CAR,1,0,REAL_NHL_API_OR_DERIVED_FROM_REAL
20252026,2025020672,2026-01-06,TOR,FLA,0.56931,0.43069,TOR,1,TOR,1,0,REAL_NHL_API_OR_DERIVED_FROM_REAL
20252026,2025020673,2026-01-06,WPG,VGK,0.471853,0.528147,VGK,0,VGK,1,0,REAL_NHL_API_OR_DERIVED_FROM_REAL
20252026,2025020674,2026-01-06,EDM,NSH,0.569759,0.430241,EDM,1,EDM,1,0,REAL_NHL_API_OR_DERIVED_FROM_REAL
20252026,2025020675,2026-01-06,SJS,CBJ,0.554157,0.445843,SJS,1,SJS,1,0,REAL_NHL_API_OR_DERIVED_FROM_REAL
20252026,2025020676,2026-01-06,SEA,BOS,0.625748,0.374252,SEA,1,SEA,1,0,REAL_NHL_API_OR_DERIVED_FROM_REAL
20252026,2025020677,2026-01-07,WSH,DAL,0.521468,0.478532,WSH,0,DAL,0,0,REAL_NHL_API_OR_DERIVED_FROM_REAL
20252026,2025020678,2026-01-07,MTL,CGY,0.515681,0.484319,MTL,1,MTL,1,0,REAL_NHL_API_OR_DERIVED_FROM_REAL
20252026,2025020679,2026-01-07,CHI,STL,0.558438,0.441562,CHI,1,CHI,1,0,REAL_NHL_API_OR_DERIVED_FROM_REAL
20252026,2025020680,2026-01-07,UTA,OTT,0.495239,0.504761,OTT,1,UTA,0,0,REAL_NHL_API_OR_DERIVED_FROM_REAL
20252026,2025020681,2026-01-07,LAK,SJS,0.551532,0.448468,LAK,0,SJS,0,0,REAL_NHL_API_OR_DERIVED_FROM_REAL
20252026,2025020682,2026-01-08,BOS,CGY,0.578106,0.421894,BOS,1,BOS,1,0,REAL_NHL_API_OR_DERIVED_FROM_REAL
20252026,2025020683,2026-01-08,MTL,FLA,0.591748,0.408252,MTL,1,MTL,1,0,REAL_NHL_API_OR_DERIVED_FROM_REAL
20252026,2025020684,2026-01-08,DET,VAN,0.662009,0.337991,DET,1,DET,1,0,REAL_NHL_API_OR_DERIVED_FROM_REAL
20252026,2025020685,2026-01-08,NYR,BUF,0.480107,0.519893,BUF,0,BUF,1,0,REAL_NHL_API_OR_DERIVED_FROM_REAL
20252026,2025020686,2026-01-08,PHI,TOR,0.487887,0.512113,TOR,0,TOR,1,0,REAL_NHL_API_OR_DERIVED_FROM_REAL
20252026,2025020687,2026-01-08,PIT,NJD,0.684665,0.315335,PIT,1,PIT,1,0,REAL_NHL_API_OR_DERIVED_FROM_REAL
20252026,2025020688,2026-01-08,CAR,ANA,0.644952,0.355048,CAR,1,CAR,1,0,REAL_NHL_API_OR_DERIVED_FROM_REAL
20252026,2025020689,2026-01-08,NSH,NYI,0.536132,0.463868,NSH,1,NSH,1,0,REAL_NHL_API_OR_DERIVED_FROM_REAL
20252026,2025020690,2026-01-08,WPG,EDM,0.594474,0.405526,WPG,0,EDM,0,0,REAL_NHL_API_OR_DERIVED_FROM_REAL
20252026,2025020691,2026-01-08,COL,OTT,0.839726,0.160274,COL,1,COL,1,0,REAL_NHL_API_OR_DERIVED_FROM_REAL
20252026,2025020692,2026-01-08,VGK,CBJ,0.349403,0.650597,CBJ,1,VGK,0,0,REAL_NHL_API_OR_DERIVED_FROM_REAL
20252026,2025020693,2026-01-08,SEA,MIN,0.50849,0.49151,SEA,0,MIN,0,0,REAL_NHL_API_OR_DERIVED_FROM_REAL
20252026,2025020694,2026-01-09,CHI,WSH,0.527154,0.472846,CHI,0,WSH,0,0,REAL_NHL_API_OR_DERIVED_FROM_REAL
20252026,2025020695,2026-01-09,WPG,LAK,0.71946,0.28054,WPG,1,WPG,1,0,REAL_NHL_API_OR_DERIVED_FROM_REAL
20252026,2025020696,2026-01-09,UTA,STL,0.602798,0.397202,UTA,1,UTA,1,0,REAL_NHL_API_OR_DERIVED_FROM_REAL
20252026,2025020697,2026-01-10,BOS,NYR,0.730864,0.269136,BOS,1,BOS,1,0,REAL_NHL_API_OR_DERIVED_FROM_REAL
20252026,2025020698,2026-01-10,PIT,CGY,0.618084,0.381916,PIT,0,CGY,0,0,REAL_NHL_API_OR_DERIVED_FROM_REAL
20252026,2025020699,2026-01-10,COL,CBJ,0.661682,0.338318,COL,1,COL,1,0,REAL_NHL_API_OR_DERIVED_FROM_REAL
20252026,2025020700,2026-01-10,SJS,DAL,0.507376,0.492624,SJS,1,SJS,1,0,REAL_NHL_API_OR_DERIVED_FROM_REAL
20252026,2025020701,2026-01-10,BUF,ANA,0.626447,0.373553,BUF,1,BUF,1,0,REAL_NHL_API_OR_DERIVED_FROM_REAL
20252026,2025020702,2026-01-10,TOR,VAN,0.75373,0.24627,TOR,1,TOR,1,0,REAL_NHL_API_OR_DERIVED_FROM_REAL
20252026,2025020703,2026-01-10,MTL,DET,0.563075,0.436925,MTL,0,DET,0,0,REAL_NHL_API_OR_DERIVED_FROM_REAL
20252026,2025020704,2026-01-10,OTT,FLA,0.507996,0.492004,OTT,0,FLA,0,0,REAL_NHL_API_OR_DERIVED_FROM_REAL
20252026,2025020705,2026-01-10,PHI,TBL,0.428419,0.571581,TBL,0,TBL,1,0,REAL_NHL_API_OR_DERIVED_FROM_REAL
20252026,2025020706,2026-01-10,CAR,SEA,0.619455,0.380545,CAR,1,CAR,1,0,REAL_NHL_API_OR_DERIVED_FROM_REAL
20252026,2025020707,2026-01-10,NSH,CHI,0.636647,0.363353,NSH,0,CHI,0,0,REAL_NHL_API_OR_DERIVED_FROM_REAL
20252026,2025020708,2026-01-10,MIN,NYI,0.662142,0.337858,MIN,0,NYI,0,0,REAL_NHL_API_OR_DERIVED_FROM_REAL
20252026,2025020709,2026-01-10,EDM,LAK,0.559025,0.440975,EDM,0,LAK,0,0,REAL_NHL_API_OR_DERIVED_FROM_REAL
20252026,2025020710,2026-01-10,VGK,STL,0.625208,0.374792,VGK,1,VGK,1,0,REAL_NHL_API_OR_DERIVED_FROM_REAL
20252026,2025020711,2026-01-11,WPG,NJD,0.527554,0.472446,WPG,1,WPG,1,0,REAL_NHL_API_OR_DERIVED_FROM_REAL
20252026,2025020712,2026-01-11,BOS,PIT,0.556822,0.443178,BOS,1,BOS,1,0,REAL_NHL_API_OR_DERIVED_FROM_REAL
20252026,2025020713,2026-01-11,NSH,WSH,0.490487,0.509513,WSH,1,NSH,0,0,REAL_NHL_API_OR_DERIVED_FROM_REAL
20252026,2025020714,2026-01-11,UTA,CBJ,0.609539,0.390461,UTA,0,CBJ,0,0,REAL_NHL_API_OR_DERIVED_FROM_REAL
20252026,2025020715,2026-01-11,SJS,VGK,0.626188,0.373812,SJS,0,VGK,0,0,REAL_NHL_API_OR_DERIVED_FROM_REAL
20252026,2025020716,2026-01-12,BUF,FLA,0.643304,0.356696,BUF,0,FLA,0,0,REAL_NHL_API_OR_DERIVED_FROM_REAL
20252026,2025020717,2026-01-12,DET,CAR,0.527087,0.472913,DET,1,DET,1,0,REAL_NHL_API_OR_DERIVED_FROM_REAL
20252026,2025020718,2026-01-12,NYR,SEA,0.449382,0.550618,SEA,0,SEA,1,0,REAL_NHL_API_OR_DERIVED_FROM_REAL
20252026,2025020719,2026-01-12,PHI,TBL,0.377458,0.622542,TBL,0,TBL,1,0,REAL_NHL_API_OR_DERIVED_FROM_REAL
20252026,2025020720,2026-01-12,MTL,VAN,0.619189,0.380811,MTL,1,MTL,1,0,REAL_NHL_API_OR_DERIVED_FROM_REAL
20252026,2025020721,2026-01-12,MIN,NJD,0.706434,0.293566,MIN,0,NJD,0,0,REAL_NHL_API_OR_DERIVED_FROM_REAL
20252026,2025020722,2026-01-12,CHI,EDM,0.49225,0.50775,EDM,0,EDM,1,0,REAL_NHL_API_OR_DERIVED_FROM_REAL
20252026,2025020723,2026-01-12,COL,TOR,0.577948,0.422052,COL,0,TOR,0,0,REAL_NHL_API_OR_DERIVED_FROM_REAL
20252026,2025020724,2026-01-12,LAK,DAL,0.54842,0.45158,LAK,0,DAL,0,0,REAL_NHL_API_OR_DERIVED_FROM_REAL
20252026,2025020725,2026-01-13,OTT,VAN,0.581071,0.418929,OTT,1,OTT,1,0,REAL_NHL_API_OR_DERIVED_FROM_REAL
20252026,2025020726,2026-01-13,PIT,TBL,0.476483,0.523517,TBL,0,TBL,1,0,REAL_NHL_API_OR_DERIVED_FROM_REAL
20252026,2025020727,2026-01-13,WSH,MTL,0.51485,0.48515,WSH,1,WSH,1,0,REAL_NHL_API_OR_DERIVED_FROM_REAL
20252026,2025020728,2026-01-13,CBJ,CGY,0.57917,0.42083,CBJ,1,CBJ,1,0,REAL_NHL_API_OR_DERIVED_FROM_REAL
20252026,2025020729,2026-01-13,BOS,DET,0.453464,0.546536,DET,1,BOS,0,0,REAL_NHL_API_OR_DERIVED_FROM_REAL
20252026,2025020730,2026-01-13,STL,CAR,0.432534,0.567466,CAR,1,STL,0,0,REAL_NHL_API_OR_DERIVED_FROM_REAL
20252026,2025020731,2026-01-13,NSH,EDM,0.508901,0.491099,NSH,1,NSH,1,0,REAL_NHL_API_OR_DERIVED_FROM_REAL
20252026,2025020732,2026-01-13,WPG,NYI,0.441288,0.558712,NYI,1,WPG,0,0,REAL_NHL_API_OR_DERIVED_FROM_REAL
20252026,2025020733,2026-01-13,UTA,TOR,0.570543,0.429457,UTA,1,UTA,1,0,REAL_NHL_API_OR_DERIVED_FROM_REAL
20252026,2025020734,2026-01-13,ANA,DAL,0.456951,0.543049,DAL,1,ANA,0,0,REAL_NHL_API_OR_DERIVED_FROM_REAL
20252026,2025020735,2026-01-14,NJD,SEA,0.403934,0.596066,SEA,1,NJD,0,0,REAL_NHL_API_OR_DERIVED_FROM_REAL
20252026,2025020736,2026-01-14,BUF,PHI,0.794134,0.205866,BUF,1,BUF,1,0,REAL_NHL_API_OR_DERIVED_FROM_REAL
20252026,2025020737,2026-01-14,NYR,OTT,0.299297,0.700703,OTT,0,OTT,1,0,REAL_NHL_API_OR_DERIVED_FROM_REAL
20252026,2025020738,2026-01-14,LAK,VGK,0.652825,0.347175,LAK,0,VGK,0,0,REAL_NHL_API_OR_DERIVED_FROM_REAL
20252026,2025020739,2026-01-15,BOS,SEA,0.551724,0.448276,BOS,1,BOS,1,0,REAL_NHL_API_OR_DERIVED_FROM_REAL
20252026,2025020740,2026-01-15,BUF,MTL,0.553723,0.446277,BUF,1,BUF,1,0,REAL_NHL_API_OR_DERIVED_FROM_REAL
20252026,2025020741,2026-01-15,PIT,PHI,0.754946,0.245054,PIT,1,PIT,1,0,REAL_NHL_API_OR_DERIVED_FROM_REAL
20252026,2025020742,2026-01-15,WSH,SJS,0.486108,0.513892,SJS,0,SJS,1,0,REAL_NHL_API_OR_DERIVED_FROM_REAL
20252026,2025020743,2026-01-15,CBJ,VAN,0.642074,0.357926,CBJ,1,CBJ,1,0,REAL_NHL_API_OR_DERIVED_FROM_REAL
20252026,2025020744,2026-01-15,MIN,WPG,0.439445,0.560555,WPG,0,WPG,1,0,REAL_NHL_API_OR_DERIVED_FROM_REAL
20252026,2025020745,2026-01-15,CHI,CGY,0.587685,0.412315,CHI,0,CGY,0,0,REAL_NHL_API_OR_DERIVED_FROM_REAL
20252026,2025020746,2026-01-15,UTA,DAL,0.598902,0.401098,UTA,1,UTA,1,0,REAL_NHL_API_OR_DERIVED_FROM_REAL
20252026,2025020747,2026-01-15,EDM,NYI,0.533533,0.466467,EDM,0,NYI,0,0,REAL_NHL_API_OR_DERIVED_FROM_REAL
20252026,2025020748,2026-01-15,VGK,TOR,0.566708,0.433292,VGK,1,VGK,1,0,REAL_NHL_API_OR_DERIVED_FROM_REAL
20252026,2025020749,2026-01-16,DET,SJS,0.502115,0.497885,DET,1,DET,1,0,REAL_NHL_API_OR_DERIVED_FROM_REAL
20252026,2025020750,2026-01-16,CAR,FLA,0.551047,0.448953,CAR,1,CAR,1,0,REAL_NHL_API_OR_DERIVED_FROM_REAL
20252026,2025020751,2026-01-16,STL,TBL,0.363377,0.636623,TBL,1,STL,0,0,REAL_NHL_API_OR_DERIVED_FROM_REAL
20252026,2025020752,2026-01-16,COL,NSH,0.60338,0.39662,COL,0,NSH,0,0,REAL_NHL_API_OR_DERIVED_FROM_REAL
20252026,2025020753,2026-01-16,LAK,ANA,0.608931,0.391069,LAK,0,ANA,0,0,REAL_NHL_API_OR_DERIVED_FROM_REAL
20252026,2025020754,2026-01-17,BUF,MIN,0.635675,0.364325,BUF,0,MIN,0,0,REAL_NHL_API_OR_DERIVED_FROM_REAL
20252026,2025020755,2026-01-17,PHI,NYR,0.292021,0.707979,NYR,0,NYR,1,0,REAL_NHL_API_OR_DERIVED_FROM_REAL
20252026,2025020756,2026-01-17,CGY,NYI,0.49572,0.50428,NYI,1,CGY,0,0,REAL_NHL_API_OR_DERIVED_FROM_REAL
20252026,2025020757,2026-01-17,UTA,SEA,0.548117,0.451883,UTA,1,UTA,1,0,REAL_NHL_API_OR_DERIVED_FROM_REAL
20252026,2025020758,2026-01-17,OTT,MTL,0.488126,0.511874,MTL,0,MTL,1,0,REAL_NHL_API_OR_DERIVED_FROM_REAL
20252026,2025020759,2026-01-17,NJD,CAR,0.46703,0.53297,CAR,0,CAR,1,0,REAL_NHL_API_OR_DERIVED_FROM_REAL
20252026,2025020760,2026-01-17,PIT,CBJ,0.551845,0.448155,PIT,0,CBJ,0,0,REAL_NHL_API_OR_DERIVED_FROM_REAL
20252026,2025020761,2026-01-17,WSH,FLA,0.612396,0.387604,WSH,0,FLA,0,0,REAL_NHL_API_OR_DERIVED_FROM_REAL
20252026,2025020762,2026-01-17,WPG,TOR,0.509951,0.490049,WPG,0,TOR,0,0,REAL_NHL_API_OR_DERIVED_FROM_REAL
20252026,2025020763,2026-01-17,CHI,BOS,0.423784,0.576216,BOS,0,BOS,1,0,REAL_NHL_API_OR_DERIVED_FROM_REAL
20252026,2025020764,2026-01-17,VAN,EDM,0.40359,0.59641,EDM,0,EDM,1,0,REAL_NHL_API_OR_DERIVED_FROM_REAL
20252026,2025020765,2026-01-17,VGK,NSH,0.585901,0.414099,VGK,1,VGK,1,0,REAL_NHL_API_OR_DERIVED_FROM_REAL
20252026,2025020766,2026-01-17,ANA,LAK,0.476038,0.523962,LAK,1,ANA,0,0,REAL_NHL_API_OR_DERIVED_FROM_REAL
20252026,2025020767,2026-01-18,DAL,TBL,0.452387,0.547613,TBL,0,TBL,1,0,REAL_NHL_API_OR_DERIVED_FROM_REAL
20252026,2025020768,2026-01-18,DET,OTT,0.619539,0.380461,DET,1,DET,1,0,REAL_NHL_API_OR_DERIVED_FROM_REAL
20252026,2025020769,2026-01-18,EDM,STL,0.630083,0.369917,EDM,1,EDM,1,0,REAL_NHL_API_OR_DERIVED_FROM_REAL
20252026,2025020770,2026-01-19,CAR,BUF,0.470042,0.529958,BUF,1,CAR,0,0,REAL_NHL_API_OR_DERIVED_FROM_REAL
20252026,2025020771,2026-01-19,COL,WSH,0.598927,0.401073,COL,1,COL,1,0,REAL_NHL_API_OR_DERIVED_FROM_REAL
20252026,2025020772,2026-01-19,SEA,PIT,0.578923,0.421077,SEA,0,PIT,0,0,REAL_NHL_API_OR_DERIVED_FROM_REAL
20252026,2025020773,2026-01-19,FLA,SJS,0.567431,0.432569,FLA,0,SJS,0,0,REAL_NHL_API_OR_DERIVED_FROM_REAL
20252026,2025020774,2026-01-19,TOR,MIN,0.327484,0.672516,MIN,0,MIN,1,0,REAL_NHL_API_OR_DERIVED_FROM_REAL
20252026,2025020775,2026-01-19,VGK,PHI,0.688766,0.311234,VGK,0,PHI,0,0,REAL_NHL_API_OR_DERIVED_FROM_REAL
20252026,2025020776,2026-01-19,CHI,WPG,0.515852,0.484148,CHI,1,CHI,1,0,REAL_NHL_API_OR_DERIVED_FROM_REAL
20252026,2025020777,2026-01-19,CGY,NJD,0.471237,0.528763,NJD,0,NJD,1,0,REAL_NHL_API_OR_DERIVED_FROM_REAL
20252026,2025020778,2026-01-19,VAN,NYI,0.442357,0.557643,NYI,0,NYI,1,0,REAL_NHL_API_OR_DERIVED_FROM_REAL
20252026,2025020779,2026-01-19,ANA,NYR,0.571043,0.428957,ANA,1,ANA,1,0,REAL_NHL_API_OR_DERIVED_FROM_REAL
20252026,2025020780,2026-01-20,MTL,MIN,0.498269,0.501731,MIN,1,MTL,0,0,REAL_NHL_API_OR_DERIVED_FROM_REAL
20252026,2025020781,2026-01-20,TBL,SJS,0.622615,0.377385,TBL,1,TBL,1,0,REAL_NHL_API_OR_DERIVED_FROM_REAL
20252026,2025020782,2026-01-20,CBJ,OTT,0.376628,0.623372,OTT,0,OTT,1,0,REAL_NHL_API_OR_DERIVED_FROM_REAL
20252026,2025020783,2026-01-20,DAL,BOS,0.682152,0.317848,DAL,1,DAL,1,0,REAL_NHL_API_OR_DERIVED_FROM_REAL
20252026,2025020784,2026-01-20,NSH,BUF,0.32347,0.67653,BUF,0,BUF,1,0,REAL_NHL_API_OR_DERIVED_FROM_REAL
20252026,2025020785,2026-01-20,WPG,STL,0.635561,0.364439,WPG,1,WPG,1,0,REAL_NHL_API_OR_DERIVED_FROM_REAL
20252026,2025020786,2026-01-20,EDM,NJD,0.520005,0.479995,EDM,0,NJD,0,0,REAL_NHL_API_OR_DERIVED_FROM_REAL
20252026,2025020787,2026-01-20,LAK,NYR,0.293747,0.706253,NYR,1,LAK,0,0,REAL_NHL_API_OR_DERIVED_FROM_REAL
20252026,2025020788,2026-01-21,TOR,DET,0.54508,0.45492,TOR,0,DET,0,0,REAL_NHL_API_OR_DERIVED_FROM_REAL
20252026,2025020789,2026-01-21,COL,ANA,0.62752,0.37248,COL,0,ANA,0,0,REAL_NHL_API_OR_DERIVED_FROM_REAL
20252026,2025020790,2026-01-21,UTA,PHI,0.69518,0.30482,UTA,1,UTA,1,0,REAL_NHL_API_OR_DERIVED_FROM_REAL
20252026,2025020791,2026-01-21,CGY,PIT,0.540942,0.459058,CGY,0,PIT,0,0,REAL_NHL_API_OR_DERIVED_FROM_REAL
20252026,2025020792,2026-01-21,VAN,WSH,0.363379,0.636621,WSH,1,VAN,0,0,REAL_NHL_API_OR_DERIVED_FROM_REAL
20252026,2025020793,2026-01-21,SEA,NYI,0.5069,0.4931,SEA,1,SEA,1,0,REAL_NHL_API_OR_DERIVED_FROM_REAL
20252026,2025020794,2026-01-22,BOS,VGK,0.530658,0.469342,BOS,1,BOS,1,0,REAL_NHL_API_OR_DERIVED_FROM_REAL
20252026,2025020795,2026-01-22,MTL,BUF,0.530209,0.469791,MTL,0,BUF,0,0,REAL_NHL_API_OR_DERIVED_FROM_REAL
20252026,2025020796,2026-01-22,CAR,CHI,0.669058,0.330942,CAR,0,CHI,0,0,REAL_NHL_API_OR_DERIVED_FROM_REAL
20252026,2025020797,2026-01-22,CBJ,DAL,0.488216,0.511784,DAL,1,CBJ,0,0,REAL_NHL_API_OR_DERIVED_FROM_REAL
20252026,2025020798,2026-01-22,NSH,OTT,0.596106,0.403894,NSH,1,NSH,1,0,REAL_NHL_API_OR_DERIVED_FROM_REAL
20252026,2025020799,2026-01-22,WPG,FLA,0.592039,0.407961,WPG,0,FLA,0,0,REAL_NHL_API_OR_DERIVED_FROM_REAL
20252026,2025020800,2026-01-22,EDM,PIT,0.57414,0.42586,EDM,0,PIT,0,0,REAL_NHL_API_OR_DERIVED_FROM_REAL
20252026,2025020801,2026-01-22,MIN,DET,0.561528,0.438472,MIN,1,MIN,1,0,REAL_NHL_API_OR_DERIVED_FROM_REAL
20252026,2025020802,2026-01-23,TOR,VGK,0.4843,0.5157,VGK,0,VGK,1,0,REAL_NHL_API_OR_DERIVED_FROM_REAL
20252026,2025020803,2026-01-23,CHI,TBL,0.363144,0.636856,TBL,0,TBL,1,0,REAL_NHL_API_OR_DERIVED_FROM_REAL
20252026,2025020804,2026-01-23,DAL,STL,0.66718,0.33282,DAL,1,DAL,1,0,REAL_NHL_API_OR_DERIVED_FROM_REAL
20252026,2025020805,2026-01-23,COL,PHI,0.690583,0.309417,COL,0,PHI,0,0,REAL_NHL_API_OR_DERIVED_FROM_REAL
20252026,2025020806,2026-01-23,CGY,WSH,0.459308,0.540692,WSH,0,WSH,1,0,REAL_NHL_API_OR_DERIVED_FROM_REAL
20252026,2025020807,2026-01-23,VAN,NJD,0.472872,0.527128,NJD,0,NJD,1,0,REAL_NHL_API_OR_DERIVED_FROM_REAL
20252026,2025020808,2026-01-23,SJS,NYR,0.504405,0.495595,SJS,1,SJS,1,0,REAL_NHL_API_OR_DERIVED_FROM_REAL
20252026,2025020809,2026-01-23,SEA,ANA,0.573786,0.426214,SEA,0,ANA,0,0,REAL_NHL_API_OR_DERIVED_FROM_REAL
20252026,2025020810,2026-01-24,NYI,BUF,0.524314,0.475686,NYI,0,BUF,0,0,REAL_NHL_API_OR_DERIVED_FROM_REAL
20252026,2025020811,2026-01-24,NSH,UTA,0.531969,0.468031,NSH,0,UTA,0,0,REAL_NHL_API_OR_DERIVED_FROM_REAL
20252026,2025020812,2026-01-24,BOS,MTL,0.606854,0.393146,BOS,1,BOS,1,0,REAL_NHL_API_OR_DERIVED_FROM_REAL
20252026,2025020813,2026-01-24,OTT,CAR,0.424235,0.575765,CAR,0,CAR,1,0,REAL_NHL_API_OR_DERIVED_FROM_REAL
20252026,2025020814,2026-01-24,CBJ,TBL,0.380529,0.619471,TBL,1,CBJ,0,0,REAL_NHL_API_OR_DERIVED_FROM_REAL
20252026,2025020815,2026-01-24,WPG,DET,0.541672,0.458328,WPG,0,DET,0,0,REAL_NHL_API_OR_DERIVED_FROM_REAL
20252026,2025020816,2026-01-24,STL,LAK,0.554778,0.445222,STL,0,LAK,0,0,REAL_NHL_API_OR_DERIVED_FROM_REAL
20252026,2025020817,2026-01-24,MIN,FLA,0.521246,0.478754,MIN,0,FLA,0,0,REAL_NHL_API_OR_DERIVED_FROM_REAL
20252026,2025020818,2026-01-24,EDM,WSH,0.361551,0.638449,WSH,1,EDM,0,0,REAL_NHL_API_OR_DERIVED_FROM_REAL
20252026,2025020819,2026-01-25,TOR,COL,0.508628,0.491372,TOR,0,COL,0,0,REAL_NHL_API_OR_DERIVED_FROM_REAL
20252026,2025020820,2026-01-25,SEA,NJD,0.513675,0.486325,SEA,1,SEA,1,0,REAL_NHL_API_OR_DERIVED_FROM_REAL
20252026,2025020821,2026-01-25,OTT,VGK,0.371296,0.628704,VGK,1,OTT,0,0,REAL_NHL_API_OR_DERIVED_FROM_REAL
20252026,2025020822,2026-01-25,VAN,PIT,0.371402,0.628598,PIT,0,PIT,1,0,REAL_NHL_API_OR_DERIVED_FROM_REAL
20252026,2025020823,2026-01-25,CHI,FLA,0.498912,0.501088,FLA,0,FLA,1,0,REAL_NHL_API_OR_DERIVED_FROM_REAL
20252026,2025020824,2026-01-25,CGY,ANA,0.544329,0.455671,CGY,0,ANA,0,0,REAL_NHL_API_OR_DERIVED_FROM_REAL
20252026,2025020825,2026-01-26,TBL,UTA,0.574619,0.425381,TBL,1,TBL,1,0,REAL_NHL_API_OR_DERIVED_FROM_REAL
20252026,2025020826,2026-01-26,NYR,BOS,0.429266,0.570734,BOS,1,NYR,0,0,REAL_NHL_API_OR_DERIVED_FROM_REAL
20252026,2025020827,2026-01-26,PHI,NYI,0.409842,0.590158,NYI,0,NYI,1,0,REAL_NHL_API_OR_DERIVED_FROM_REAL
20252026,2025020829,2026-01-26,EDM,ANA,0.654386,0.345614,EDM,1,EDM,1,0,REAL_NHL_API_OR_DERIVED_FROM_REAL
20252026,2025020830,2026-01-27,BOS,NSH,0.607781,0.392219,BOS,1,BOS,1,0,REAL_NHL_API_OR_DERIVED_FROM_REAL
20252026,2025020831,2026-01-27,TOR,BUF,0.699796,0.300204,TOR,0,BUF,0,0,REAL_NHL_API_OR_DERIVED_FROM_REAL
20252026,2025020832,2026-01-27,MTL,VGK,0.528287,0.471713,MTL,1,MTL,1,0,REAL_NHL_API_OR_DERIVED_FROM_REAL
20252026,2025020833,2026-01-27,DET,LAK,0.569045,0.430955,DET,0,LAK,0,0,REAL_NHL_API_OR_DERIVED_FROM_REAL
20252026,2025020834,2026-01-27,FLA,UTA,0.548864,0.451136,FLA,0,UTA,0,0,REAL_NHL_API_OR_DERIVED_FROM_REAL
20252026,2025020835,2026-01-27,NJD,WPG,0.539873,0.460127,NJD,0,WPG,0,0,REAL_NHL_API_OR_DERIVED_FROM_REAL
20252026,2025020836,2026-01-27,STL,DAL,0.451805,0.548195,DAL,0,DAL,1,0,REAL_NHL_API_OR_DERIVED_FROM_REAL
20252026,2025020837,2026-01-27,MIN,CHI,0.695998,0.304002,MIN,1,MIN,1,0,REAL_NHL_API_OR_DERIVED_FROM_REAL
20252026,2025020838,2026-01-27,VAN,SJS,0.36411,0.63589,SJS,0,SJS,1,0,REAL_NHL_API_OR_DERIVED_FROM_REAL
20252026,2025020839,2026-01-27,SEA,WSH,0.530074,0.469926,SEA,1,SEA,1,0,REAL_NHL_API_OR_DERIVED_FROM_REAL
20252026,2025020840,2026-01-28,CBJ,PHI,0.668712,0.331288,CBJ,1,CBJ,1,0,REAL_NHL_API_OR_DERIVED_FROM_REAL
20252026,2025020841,2026-01-28,OTT,COL,0.410974,0.589026,COL,1,OTT,0,0,REAL_NHL_API_OR_DERIVED_FROM_REAL
20252026,2025020842,2026-01-28,NYI,NYR,0.529318,0.470682,NYI,1,NYI,1,0,REAL_NHL_API_OR_DERIVED_FROM_REAL
20252026,2025020843,2026-01-29,BOS,PHI,0.817453,0.182547,BOS,1,BOS,1,0,REAL_NHL_API_OR_DERIVED_FROM_REAL
20252026,2025020844,2026-01-29,BUF,LAK,0.605759,0.394241,BUF,1,BUF,1,0,REAL_NHL_API_OR_DERIVED_FROM_REAL
20252026,2025020845,2026-01-29,MTL,COL,0.479498,0.520502,COL,1,MTL,0,0,REAL_NHL_API_OR_DERIVED_FROM_REAL
20252026,2025020846,2026-01-29,DET,WSH,0.557401,0.442599,DET,0,WSH,0,0,REAL_NHL_API_OR_DERIVED_FROM_REAL
20252026,2025020847,2026-01-29,TBL,WPG,0.563201,0.436799,TBL,1,TBL,1,0,REAL_NHL_API_OR_DERIVED_FROM_REAL
20252026,2025020848,2026-01-29,NJD,NSH,0.514965,0.485035,NJD,1,NJD,1,0,REAL_NHL_API_OR_DERIVED_FROM_REAL
20252026,2025020849,2026-01-29,NYR,NYI,0.514718,0.485282,NYR,0,NYI,0,0,REAL_NHL_API_OR_DERIVED_FROM_REAL
20252026,2025020850,2026-01-29,PIT,CHI,0.615551,0.384449,PIT,1,PIT,1,0,REAL_NHL_API_OR_DERIVED_FROM_REAL
20252026,2025020851,2026-01-29,CAR,UTA,0.594882,0.405118,CAR,1,CAR,1,0,REAL_NHL_API_OR_DERIVED_FROM_REAL
20252026,2025020852,2026-01-29,STL,FLA,0.503308,0.496692,STL,1,STL,1,0,REAL_NHL_API_OR_DERIVED_FROM_REAL
20252026,2025020853,2026-01-29,MIN,CGY,0.623446,0.376554,MIN,1,MIN,1,0,REAL_NHL_API_OR_DERIVED_FROM_REAL
20252026,2025020854,2026-01-29,EDM,SJS,0.58215,0.41785,EDM,1,EDM,1,0,REAL_NHL_API_OR_DERIVED_FROM_REAL
20252026,2025020855,2026-01-29,VAN,ANA,0.268401,0.731599,ANA,1,VAN,0,0,REAL_NHL_API_OR_DERIVED_FROM_REAL
20252026,2025020856,2026-01-29,VGK,DAL,0.533147,0.466853,VGK,0,DAL,0,0,REAL_NHL_API_OR_DERIVED_FROM_REAL
20252026,2025020857,2026-01-29,SEA,TOR,0.549573,0.450427,SEA,1,SEA,1,0,REAL_NHL_API_OR_DERIVED_FROM_REAL
20252026,2025020858,2026-01-30,CHI,CBJ,0.459377,0.540623,CBJ,0,CBJ,1,0,REAL_NHL_API_OR_DERIVED_FROM_REAL
20252026,2025020859,2026-01-31,PHI,LAK,0.538878,0.461122,PHI,0,LAK,0,0,REAL_NHL_API_OR_DERIVED_FROM_REAL
20252026,2025020860,2026-01-31,DET,COL,0.282136,0.717864,COL,0,COL,1,0,REAL_NHL_API_OR_DERIVED_FROM_REAL
20252026,2025020861,2026-01-31,PIT,NYR,0.623169,0.376831,PIT,1,PIT,1,0,REAL_NHL_API_OR_DERIVED_FROM_REAL
20252026,2025020862,2026-01-31,FLA,WPG,0.560686,0.439314,FLA,0,WPG,0,0,REAL_NHL_API_OR_DERIVED_FROM_REAL
20252026,2025020863,2026-01-31,CGY,SJS,0.524777,0.475223,CGY,1,CGY,1,0,REAL_NHL_API_OR_DERIVED_FROM_REAL
20252026,2025020864,2026-01-31,WSH,CAR,0.530186,0.469814,WSH,1,WSH,1,0,REAL_NHL_API_OR_DERIVED_FROM_REAL
20252026,2025020865,2026-01-31,BUF,MTL,0.536559,0.463441,BUF,0,MTL,0,0,REAL_NHL_API_OR_DERIVED_FROM_REAL
20252026,2025020866,2026-01-31,OTT,NJD,0.548205,0.451795,OTT,1,OTT,1,0,REAL_NHL_API_OR_DERIVED_FROM_REAL
20252026,2025020867,2026-01-31,NYI,NSH,0.573254,0.426746,NYI,0,NSH,0,0,REAL_NHL_API_OR_DERIVED_FROM_REAL
20252026,2025020868,2026-01-31,STL,CBJ,0.480466,0.519534,CBJ,0,CBJ,1,0,REAL_NHL_API_OR_DERIVED_FROM_REAL
20252026,2025020869,2026-01-31,VAN,TOR,0.501769,0.498231,VAN,0,TOR,0,0,REAL_NHL_API_OR_DERIVED_FROM_REAL
20252026,2025020870,2026-01-31,UTA,DAL,0.518997,0.481003,UTA,0,DAL,0,0,REAL_NHL_API_OR_DERIVED_FROM_REAL
20252026,2025020871,2026-01-31,EDM,MIN,0.320976,0.679024,MIN,0,MIN,1,0,REAL_NHL_API_OR_DERIVED_FROM_REAL
20252026,2025020872,2026-01-31,VGK,SEA,0.575845,0.424155,VGK,0,SEA,0,0,REAL_NHL_API_OR_DERIVED_FROM_REAL
20252026,2025020873,2026-02-01,TBL,BOS,0.572073,0.427927,TBL,1,TBL,1,0,REAL_NHL_API_OR_DERIVED_FROM_REAL
20252026,2025020874,2026-02-01,CAR,LAK,0.582642,0.417358,CAR,1,CAR,1,0,REAL_NHL_API_OR_DERIVED_FROM_REAL
20252026,2025020875,2026-02-01,ANA,VGK,0.555619,0.444381,ANA,1,ANA,1,0,REAL_NHL_API_OR_DERIVED_FROM_REAL
20252026,2025020876,2026-02-02,FLA,BUF,0.532029,0.467971,FLA,0,BUF,0,0,REAL_NHL_API_OR_DERIVED_FROM_REAL
20252026,2025020877,2026-02-02,PIT,OTT,0.565836,0.434164,PIT,0,OTT,0,0,REAL_NHL_API_OR_DERIVED_FROM_REAL
20252026,2025020878,2026-02-02,WSH,NYI,0.559081,0.440919,WSH,1,WSH,1,0,REAL_NHL_API_OR_DERIVED_FROM_REAL
20252026,2025020879,2026-02-02,MIN,MTL,0.620632,0.379368,MIN,1,MIN,1,0,REAL_NHL_API_OR_DERIVED_FROM_REAL
20252026,2025020880,2026-02-02,NSH,STL,0.37654,0.62346,STL,1,NSH,0,0,REAL_NHL_API_OR_DERIVED_FROM_REAL
20252026,2025020881,2026-02-02,CHI,SJS,0.706695,0.293305,CHI,1,CHI,1,0,REAL_NHL_API_OR_DERIVED_FROM_REAL
20252026,2025020882,2026-02-02,DAL,WPG,0.606965,0.393035,DAL,1,DAL,1,0,REAL_NHL_API_OR_DERIVED_FROM_REAL
20252026,2025020883,2026-02-02,COL,DET,0.54496,0.45504,COL,0,DET,0,0,REAL_NHL_API_OR_DERIVED_FROM_REAL
20252026,2025020884,2026-02-02,UTA,VAN,0.676795,0.323205,UTA,1,UTA,1,0,REAL_NHL_API_OR_DERIVED_FROM_REAL
20252026,2025020885,2026-02-02,CGY,TOR,0.485647,0.514353,TOR,0,TOR,1,0,REAL_NHL_API_OR_DERIVED_FROM_REAL
20252026,2025020886,2026-02-03,TBL,BUF,0.508585,0.491415,TBL,1,TBL,1,0,REAL_NHL_API_OR_DERIVED_FROM_REAL
20252026,2025020887,2026-02-03,NJD,CBJ,0.528062,0.471938,NJD,0,CBJ,0,0,REAL_NHL_API_OR_DERIVED_FROM_REAL
20252026,2025020888,2026-02-03,NYI,PIT,0.522651,0.477349,NYI,1,NYI,1,0,REAL_NHL_API_OR_DERIVED_FROM_REAL
20252026,2025020889,2026-02-03,PHI,WSH,0.46057,0.53943,WSH,1,PHI,0,0,REAL_NHL_API_OR_DERIVED_FROM_REAL
20252026,2025020890,2026-02-03,CAR,OTT,0.567043,0.432957,CAR,1,CAR,1,0,REAL_NHL_API_OR_DERIVED_FROM_REAL
20252026,2025020891,2026-02-03,EDM,TOR,0.558726,0.441274,EDM,0,TOR,0,0,REAL_NHL_API_OR_DERIVED_FROM_REAL
20252026,2025020892,2026-02-03,ANA,SEA,0.531738,0.468262,ANA,1,ANA,1,0,REAL_NHL_API_OR_DERIVED_FROM_REAL
20252026,2025020893,2026-02-04,FLA,BOS,0.416656,0.583344,BOS,1,FLA,0,0,REAL_NHL_API_OR_DERIVED_FROM_REAL
20252026,2025020894,2026-02-04,CBJ,CHI,0.636892,0.363108,CBJ,1,CBJ,1,0,REAL_NHL_API_OR_DERIVED_FROM_REAL
20252026,2025020895,2026-02-04,WPG,MTL,0.461456,0.538544,MTL,0,MTL,1,0,REAL_NHL_API_OR_DERIVED_FROM_REAL
20252026,2025020896,2026-02-04,NSH,MIN,0.526534,0.473466,NSH,0,MIN,0,0,REAL_NHL_API_OR_DERIVED_FROM_REAL
20252026,2025020897,2026-02-04,COL,SJS,0.586733,0.413267,COL,1,COL,1,0,REAL_NHL_API_OR_DERIVED_FROM_REAL
20252026,2025020898,2026-02-04,UTA,DET,0.675191,0.324809,UTA,1,UTA,1,0,REAL_NHL_API_OR_DERIVED_FROM_REAL
20252026,2025020899,2026-02-04,DAL,STL,0.612907,0.387093,DAL,1,DAL,1,0,REAL_NHL_API_OR_DERIVED_FROM_REAL
20252026,2025020900,2026-02-04,CGY,EDM,0.454172,0.545828,EDM,1,CGY,0,0,REAL_NHL_API_OR_DERIVED_FROM_REAL
20252026,2025020901,2026-02-04,VGK,VAN,0.718428,0.281572,VGK,1,VGK,1,0,REAL_NHL_API_OR_DERIVED_FROM_REAL
20252026,2025020902,2026-02-04,LAK,SEA,0.508625,0.491375,LAK,0,SEA,0,0,REAL_NHL_API_OR_DERIVED_FROM_REAL
20252026,2025020903,2026-02-05,BUF,PIT,0.479339,0.520661,PIT,0,PIT,1,0,REAL_NHL_API_OR_DERIVED_FROM_REAL
20252026,2025020904,2026-02-05,TBL,FLA,0.66873,0.33127,TBL,1,TBL,1,0,REAL_NHL_API_OR_DERIVED_FROM_REAL
20252026,2025020905,2026-02-05,NJD,NYI,0.509661,0.490339,NJD,0,NYI,0,0,REAL_NHL_API_OR_DERIVED_FROM_REAL
20252026,2025020906,2026-02-05,NYR,CAR,0.498053,0.501947,CAR,0,CAR,1,0,REAL_NHL_API_OR_DERIVED_FROM_REAL
20252026,2025020907,2026-02-05,PHI,OTT,0.470482,0.529518,OTT,0,OTT,1,0,REAL_NHL_API_OR_DERIVED_FROM_REAL
20252026,2025020908,2026-02-05,WSH,NSH,0.518091,0.481909,WSH,1,WSH,1,0,REAL_NHL_API_OR_DERIVED_FROM_REAL
20252026,2025020909,2026-02-05,VGK,LAK,0.553246,0.446754,VGK,1,VGK,1,0,REAL_NHL_API_OR_DERIVED_FROM_REAL
20252026,2025020910,2026-02-25,NJD,BUF,0.526504,0.473496,NJD,0,BUF,0,0,REAL_NHL_API_OR_DERIVED_FROM_REAL
20252026,2025020911,2026-02-25,WSH,PHI,0.599312,0.400688,WSH,1,WSH,1,0,REAL_NHL_API_OR_DERIVED_FROM_REAL
20252026,2025020912,2026-02-25,TBL,TOR,0.614165,0.385835,TBL,1,TBL,1,0,REAL_NHL_API_OR_DERIVED_FROM_REAL
20252026,2025020913,2026-02-25,DAL,SEA,0.59073,0.40927,DAL,1,DAL,1,0,REAL_NHL_API_OR_DERIVED_FROM_REAL
20252026,2025020914,2026-02-25,UTA,COL,0.548687,0.451313,UTA,0,COL,0,0,REAL_NHL_API_OR_DERIVED_FROM_REAL
20252026,2025020915,2026-02-25,VAN,WPG,0.397325,0.602675,WPG,0,WPG,1,0,REAL_NHL_API_OR_DERIVED_FROM_REAL
20252026,2025020916,2026-02-25,LAK,VGK,0.514637,0.485363,LAK,0,VGK,0,0,REAL_NHL_API_OR_DERIVED_FROM_REAL
20252026,2025020917,2026-02-25,ANA,EDM,0.728506,0.271494,ANA,1,ANA,1,0,REAL_NHL_API_OR_DERIVED_FROM_REAL
20252026,2025020918,2026-02-26,BOS,CBJ,0.360832,0.639168,CBJ,1,BOS,0,0,REAL_NHL_API_OR_DERIVED_FROM_REAL
20252026,2025020919,2026-02-26,MTL,NYI,0.573206,0.426794,MTL,0,NYI,0,0,REAL_NHL_API_OR_DERIVED_FROM_REAL
20252026,2025020920,2026-02-26,OTT,DET,0.554796,0.445204,OTT,0,DET,0,0,REAL_NHL_API_OR_DERIVED_FROM_REAL
20252026,2025020921,2026-02-26,FLA,TOR,0.541856,0.458144,FLA,1,FLA,1,0,REAL_NHL_API_OR_DERIVED_FROM_REAL
20252026,2025020922,2026-02-26,PIT,NJD,0.564738,0.435262,PIT,1,PIT,1,0,REAL_NHL_API_OR_DERIVED_FROM_REAL
20252026,2025020923,2026-02-26,CAR,TBL,0.504052,0.495948,CAR,1,CAR,1,0,REAL_NHL_API_OR_DERIVED_FROM_REAL
20252026,2025020924,2026-02-26,NYR,PHI,0.524825,0.475175,NYR,0,PHI,0,0,REAL_NHL_API_OR_DERIVED_FROM_REAL
20252026,2025020925,2026-02-26,STL,SEA,0.552907,0.447093,STL,1,STL,1,0,REAL_NHL_API_OR_DERIVED_FROM_REAL
20252026,2025020926,2026-02-26,NSH,CHI,0.617481,0.382519,NSH,1,NSH,1,0,REAL_NHL_API_OR_DERIVED_FROM_REAL
20252026,2025020927,2026-02-26,COL,MIN,0.729655,0.270345,COL,0,MIN,0,0,REAL_NHL_API_OR_DERIVED_FROM_REAL
20252026,2025020928,2026-02-26,SJS,CGY,0.619628,0.380372,SJS,0,CGY,0,0,REAL_NHL_API_OR_DERIVED_FROM_REAL
20252026,2025020929,2026-02-26,LAK,EDM,0.313745,0.686255,EDM,0,EDM,1,0,REAL_NHL_API_OR_DERIVED_FROM_REAL
20252026,2025020930,2026-02-27,FLA,BUF,0.503051,0.496949,FLA,0,BUF,0,0,REAL_NHL_API_OR_DERIVED_FROM_REAL
20252026,2025020931,2026-02-27,WSH,VGK,0.535593,0.464407,WSH,1,WSH,1,0,REAL_NHL_API_OR_DERIVED_FROM_REAL
20252026,2025020932,2026-02-27,UTA,MIN,0.466041,0.533959,MIN,1,UTA,0,0,REAL_NHL_API_OR_DERIVED_FROM_REAL
20252026,2025020933,2026-02-27,ANA,WPG,0.563487,0.436513,ANA,1,ANA,1,0,REAL_NHL_API_OR_DERIVED_FROM_REAL
20252026,2025020934,2026-02-28,NYR,PIT,0.426503,0.573497,PIT,1,NYR,0,0,REAL_NHL_API_OR_DERIVED_FROM_REAL
20252026,2025020935,2026-02-28,PHI,BOS,0.459196,0.540804,BOS,1,PHI,0,0,REAL_NHL_API_OR_DERIVED_FROM_REAL
20252026,2025020936,2026-02-28,SJS,EDM,0.504696,0.495304,SJS,1,SJS,1,0,REAL_NHL_API_OR_DERIVED_FROM_REAL
20252026,2025020937,2026-02-28,CBJ,NYI,0.528028,0.471972,CBJ,0,NYI,0,0,REAL_NHL_API_OR_DERIVED_FROM_REAL
20252026,2025020938,2026-02-28,COL,CHI,0.673166,0.326834,COL,1,COL,1,0,REAL_NHL_API_OR_DERIVED_FROM_REAL
20252026,2025020939,2026-02-28,TOR,OTT,0.313159,0.686841,OTT,0,OTT,1,0,REAL_NHL_API_OR_DERIVED_FROM_REAL
20252026,2025020940,2026-02-28,MTL,WSH,0.547213,0.452787,MTL,1,MTL,1,0,REAL_NHL_API_OR_DERIVED_FROM_REAL
20252026,2025020941,2026-02-28,TBL,BUF,0.379781,0.620219,BUF,0,BUF,1,0,REAL_NHL_API_OR_DERIVED_FROM_REAL
20252026,2025020942,2026-02-28,CAR,DET,0.545518,0.454482,CAR,1,CAR,1,0,REAL_NHL_API_OR_DERIVED_FROM_REAL
20252026,2025020943,2026-02-28,STL,NJD,0.545876,0.454124,STL,0,NJD,0,0,REAL_NHL_API_OR_DERIVED_FROM_REAL
20252026,2025020944,2026-02-28,LAK,CGY,0.541933,0.458067,LAK,1,LAK,1,0,REAL_NHL_API_OR_DERIVED_FROM_REAL
20252026,2025020945,2026-02-28,DAL,NSH,0.634959,0.365041,DAL,1,DAL,1,0,REAL_NHL_API_OR_DERIVED_FROM_REAL
20252026,2025020946,2026-02-28,SEA,VAN,0.662132,0.337868,SEA,1,SEA,1,0,REAL_NHL_API_OR_DERIVED_FROM_REAL
20252026,2025020947,2026-03-01,PIT,VGK,0.570707,0.429293,PIT,1,PIT,1,0,REAL_NHL_API_OR_DERIVED_FROM_REAL
20252026,2025020948,2026-03-01,NYI,FLA,0.659075,0.340925,NYI,1,NYI,1,0,REAL_NHL_API_OR_DERIVED_FROM_REAL
20252026,2025020949,2026-03-01,UTA,CHI,0.645588,0.354412,UTA,0,CHI,0,0,REAL_NHL_API_OR_DERIVED_FROM_REAL
20252026,2025020950,2026-03-01,SJS,WPG,0.567164,0.432836,SJS,1,SJS,1,0,REAL_NHL_API_OR_DERIVED_FROM_REAL
20252026,2025020951,2026-03-01,MIN,STL,0.627436,0.372564,MIN,0,STL,0,0,REAL_NHL_API_OR_DERIVED_FROM_REAL
20252026,2025020952,2026-03-01,ANA,CGY,0.572299,0.427701,ANA,1,ANA,1,0,REAL_NHL_API_OR_DERIVED_FROM_REAL
20252026,2025020953,2026-03-02,NYR,CBJ,0.491494,0.508506,CBJ,0,CBJ,1,0,REAL_NHL_API_OR_DERIVED_FROM_REAL
20252026,2025020954,2026-03-02,TOR,PHI,0.597697,0.402303,TOR,0,PHI,0,0,REAL_NHL_API_OR_DERIVED_FROM_REAL
20252026,2025020955,2026-03-02,NSH,DET,0.750025,0.249975,NSH,0,DET,0,0,REAL_NHL_API_OR_DERIVED_FROM_REAL
20252026,2025020956,2026-03-02,VAN,DAL,0.39036,0.60964,DAL,0,DAL,1,0,REAL_NHL_API_OR_DERIVED_FROM_REAL
20252026,2025020957,2026-03-02,SEA,CAR,0.476595,0.523405,CAR,1,SEA,0,0,REAL_NHL_API_OR_DERIVED_FROM_REAL
20252026,2025020958,2026-03-02,LAK,COL,0.42966,0.57034,COL,0,COL,1,0,REAL_NHL_API_OR_DERIVED_FROM_REAL
20252026,2025020959,2026-03-03,BOS,PIT,0.548537,0.451463,BOS,1,BOS,1,0,REAL_NHL_API_OR_DERIVED_FROM_REAL
20252026,2025020960,2026-03-03,BUF,VGK,0.659361,0.340639,BUF,1,BUF,1,0,REAL_NHL_API_OR_DERIVED_FROM_REAL
20252026,2025020961,2026-03-03,NJD,FLA,0.508943,0.491057,NJD,1,NJD,1,0,REAL_NHL_API_OR_DERIVED_FROM_REAL
20252026,2025020962,2026-03-03,WSH,UTA,0.486506,0.513494,UTA,0,UTA,1,0,REAL_NHL_API_OR_DERIVED_FROM_REAL
20252026,2025020963,2026-03-03,CBJ,NSH,0.362232,0.637768,NSH,1,CBJ,0,0,REAL_NHL_API_OR_DERIVED_FROM_REAL
20252026,2025020964,2026-03-03,WPG,CHI,0.607952,0.392048,WPG,1,WPG,1,0,REAL_NHL_API_OR_DERIVED_FROM_REAL
20252026,2025020965,2026-03-03,CGY,DAL,0.307084,0.692916,DAL,0,DAL,1,0,REAL_NHL_API_OR_DERIVED_FROM_REAL
20252026,2025020966,2026-03-03,EDM,OTT,0.556159,0.443841,EDM,1,EDM,1,0,REAL_NHL_API_OR_DERIVED_FROM_REAL
20252026,2025020967,2026-03-03,MIN,TBL,0.550919,0.449081,MIN,1,MIN,1,0,REAL_NHL_API_OR_DERIVED_FROM_REAL
20252026,2025020968,2026-03-03,ANA,COL,0.511773,0.488227,ANA,0,COL,0,0,REAL_NHL_API_OR_DERIVED_FROM_REAL
20252026,2025020969,2026-03-03,SJS,MTL,0.460349,0.539651,MTL,1,SJS,0,0,REAL_NHL_API_OR_DERIVED_FROM_REAL
20252026,2025020970,2026-03-04,DET,VGK,0.573946,0.426054,DET,0,VGK,0,0,REAL_NHL_API_OR_DERIVED_FROM_REAL
20252026,2025020971,2026-03-04,NJD,TOR,0.514778,0.485222,NJD,1,NJD,1,0,REAL_NHL_API_OR_DERIVED_FROM_REAL
20252026,2025020972,2026-03-04,VAN,CAR,0.210353,0.789647,CAR,0,CAR,1,0,REAL_NHL_API_OR_DERIVED_FROM_REAL
20252026,2025020973,2026-03-04,ANA,NYI,0.474055,0.525945,NYI,1,ANA,0,0,REAL_NHL_API_OR_DERIVED_FROM_REAL
20252026,2025020974,2026-03-04,SEA,STL,0.566683,0.433317,SEA,0,STL,0,0,REAL_NHL_API_OR_DERIVED_FROM_REAL
20252026,2025020975,2026-03-05,NYR,TOR,0.494997,0.505003,TOR,1,NYR,0,0,REAL_NHL_API_OR_DERIVED_FROM_REAL
20252026,2025020976,2026-03-05,PHI,UTA,0.537437,0.462563,PHI,0,UTA,0,0,REAL_NHL_API_OR_DERIVED_FROM_REAL
20252026,2025020977,2026-03-05,PIT,BUF,0.526404,0.473596,PIT,0,BUF,0,0,REAL_NHL_API_OR_DERIVED_FROM_REAL
20252026,2025020978,2026-03-05,CBJ,FLA,0.650369,0.349631,CBJ,1,CBJ,1,0,REAL_NHL_API_OR_DERIVED_FROM_REAL
20252026,2025020979,2026-03-05,NSH,BOS,0.48456,0.51544,BOS,1,NSH,0,0,REAL_NHL_API_OR_DERIVED_FROM_REAL
20252026,2025020980,2026-03-05,WPG,TBL,0.550468,0.449532,WPG,1,WPG,1,0,REAL_NHL_API_OR_DERIVED_FROM_REAL
20252026,2025020981,2026-03-05,CGY,OTT,0.518246,0.481754,CGY,0,OTT,0,0,REAL_NHL_API_OR_DERIVED_FROM_REAL
20252026,2025020982,2026-03-05,LAK,NYI,0.435489,0.564511,NYI,1,LAK,0,0,REAL_NHL_API_OR_DERIVED_FROM_REAL
20252026,2025020983,2026-03-06,DET,FLA,0.543865,0.456135,DET,0,FLA,0,0,REAL_NHL_API_OR_DERIVED_FROM_REAL
20252026,2025020984,2026-03-06,DAL,COL,0.731715,0.268285,DAL,0,COL,0,0,REAL_NHL_API_OR_DERIVED_FROM_REAL
20252026,2025020985,2026-03-06,CHI,VAN,0.514311,0.485689,CHI,0,VAN,0,0,REAL_NHL_API_OR_DERIVED_FROM_REAL
20252026,2025020986,2026-03-06,EDM,CAR,0.51954,0.48046,EDM,0,CAR,0,0,REAL_NHL_API_OR_DERIVED_FROM_REAL
20252026,2025020987,2026-03-06,ANA,MTL,0.572483,0.427517,ANA,1,ANA,1,0,REAL_NHL_API_OR_DERIVED_FROM_REAL
20252026,2025020988,2026-03-06,VGK,MIN,0.542042,0.457958,VGK,0,MIN,0,0,REAL_NHL_API_OR_DERIVED_FROM_REAL
20252026,2025020989,2026-03-06,SJS,STL,0.545149,0.454851,SJS,0,STL,0,0,REAL_NHL_API_OR_DERIVED_FROM_REAL
20252026,2025020990,2026-03-07,BOS,WSH,0.56193,0.43807,BOS,1,BOS,1,0,REAL_NHL_API_OR_DERIVED_FROM_REAL
20252026,2025020991,2026-03-07,NJD,NYR,0.576379,0.423621,NJD,1,NJD,1,0,REAL_NHL_API_OR_DERIVED_FROM_REAL
20252026,2025020992,2026-03-07,BUF,NSH,0.591619,0.408381,BUF,1,BUF,1,0,REAL_NHL_API_OR_DERIVED_FROM_REAL
20252026,2025020993,2026-03-07,PIT,PHI,0.512005,0.487995,PIT,0,PHI,0,0,REAL_NHL_API_OR_DERIVED_FROM_REAL
20252026,2025020994,2026-03-07,TOR,TBL,0.522181,0.477819,TOR,0,TBL,0,0,REAL_NHL_API_OR_DERIVED_FROM_REAL
20252026,2025020995,2026-03-07,CBJ,UTA,0.588824,0.411176,CBJ,0,UTA,0,0,REAL_NHL_API_OR_DERIVED_FROM_REAL
20252026,2025020996,2026-03-07,WPG,VAN,0.637839,0.362161,WPG,1,WPG,1,0,REAL_NHL_API_OR_DERIVED_FROM_REAL
20252026,2025020997,2026-03-07,LAK,MTL,0.501655,0.498345,LAK,0,MTL,0,0,REAL_NHL_API_OR_DERIVED_FROM_REAL
20252026,2025020998,2026-03-07,CGY,CAR,0.37767,0.62233,CAR,1,CGY,0,0,REAL_NHL_API_OR_DERIVED_FROM_REAL
20252026,2025020999,2026-03-07,SJS,NYI,0.447135,0.552865,NYI,0,NYI,1,0,REAL_NHL_API_OR_DERIVED_FROM_REAL
20252026,2025021000,2026-03-07,SEA,OTT,0.49644,0.50356,OTT,0,OTT,1,0,REAL_NHL_API_OR_DERIVED_FROM_REAL
20252026,2025021001,2026-03-08,COL,MIN,0.602941,0.397059,COL,1,COL,1,0,REAL_NHL_API_OR_DERIVED_FROM_REAL
20252026,2025021002,2026-03-08,PIT,BOS,0.488188,0.511812,BOS,1,PIT,0,0,REAL_NHL_API_OR_DERIVED_FROM_REAL
20252026,2025021003,2026-03-08,BUF,TBL,0.59425,0.40575,BUF,1,BUF,1,0,REAL_NHL_API_OR_DERIVED_FROM_REAL
20252026,2025021004,2026-03-08,DAL,CHI,0.740485,0.259515,DAL,1,DAL,1,0,REAL_NHL_API_OR_DERIVED_FROM_REAL
20252026,2025021005,2026-03-08,NJD,DET,0.730799,0.269201,NJD,0,DET,0,0,REAL_NHL_API_OR_DERIVED_FROM_REAL
20252026,2025021006,2026-03-08,ANA,STL,0.526945,0.473055,ANA,0,STL,0,0,REAL_NHL_API_OR_DERIVED_FROM_REAL
20252026,2025021007,2026-03-08,VGK,EDM,0.46279,0.53721,EDM,0,EDM,1,0,REAL_NHL_API_OR_DERIVED_FROM_REAL
20252026,2025020828,2026-03-09,CBJ,LAK,0.573604,0.426396,CBJ,0,LAK,0,0,REAL_NHL_API_OR_DERIVED_FROM_REAL
20252026,2025021008,2026-03-09,PHI,NYR,0.307627,0.692373,NYR,0,NYR,1,0,REAL_NHL_API_OR_DERIVED_FROM_REAL
20252026,2025021009,2026-03-09,WSH,CGY,0.572839,0.427161,WSH,1,WSH,1,0,REAL_NHL_API_OR_DERIVED_FROM_REAL
20252026,2025021010,2026-03-09,CHI,UTA,0.501791,0.498209,CHI,1,CHI,1,0,REAL_NHL_API_OR_DERIVED_FROM_REAL
20252026,2025021011,2026-03-09,VAN,OTT,0.43214,0.56786,OTT,0,OTT,1,0,REAL_NHL_API_OR_DERIVED_FROM_REAL
20252026,2025021012,2026-03-10,BOS,LAK,0.531199,0.468801,BOS,1,BOS,1,0,REAL_NHL_API_OR_DERIVED_FROM_REAL
20252026,2025021013,2026-03-10,BUF,SJS,0.657137,0.342863,BUF,1,BUF,1,0,REAL_NHL_API_OR_DERIVED_FROM_REAL
20252026,2025021014,2026-03-10,MTL,TOR,0.629541,0.370459,MTL,1,MTL,1,0,REAL_NHL_API_OR_DERIVED_FROM_REAL
20252026,2025021015,2026-03-10,TBL,CBJ,0.549501,0.450499,TBL,0,CBJ,0,0,REAL_NHL_API_OR_DERIVED_FROM_REAL
20252026,2025021016,2026-03-10,FLA,DET,0.564588,0.435412,FLA,1,FLA,1,0,REAL_NHL_API_OR_DERIVED_FROM_REAL
20252026,2025021017,2026-03-10,NYR,CGY,0.524018,0.475982,NYR,1,NYR,1,0,REAL_NHL_API_OR_DERIVED_FROM_REAL
20252026,2025021018,2026-03-10,CAR,PIT,0.680082,0.319918,CAR,1,CAR,1,0,REAL_NHL_API_OR_DERIVED_FROM_REAL
20252026,2025021019,2026-03-10,STL,NYI,0.593987,0.406013,STL,0,NYI,0,0,REAL_NHL_API_OR_DERIVED_FROM_REAL
20252026,2025021020,2026-03-10,DAL,VGK,0.620037,0.379963,DAL,1,DAL,1,0,REAL_NHL_API_OR_DERIVED_FROM_REAL
20252026,2025021021,2026-03-10,MIN,UTA,0.598426,0.401574,MIN,1,MIN,1,0,REAL_NHL_API_OR_DERIVED_FROM_REAL
20252026,2025021022,2026-03-10,WPG,ANA,0.497641,0.502359,ANA,0,ANA,1,0,REAL_NHL_API_OR_DERIVED_FROM_REAL
20252026,2025021023,2026-03-10,COL,EDM,0.727719,0.272281,COL,0,EDM,0,0,REAL_NHL_API_OR_DERIVED_FROM_REAL
20252026,2025021024,2026-03-10,SEA,NSH,0.541498,0.458502,SEA,0,NSH,0,0,REAL_NHL_API_OR_DERIVED_FROM_REAL
20252026,2025021025,2026-03-11,OTT,MTL,0.549531,0.450469,OTT,0,MTL,0,0,REAL_NHL_API_OR_DERIVED_FROM_REAL
20252026,2025021026,2026-03-11,PHI,WSH,0.510629,0.489371,PHI,1,PHI,1,0,REAL_NHL_API_OR_DERIVED_FROM_REAL
20252026,2025021027,2026-03-12,BOS,SJS,0.646364,0.353636,BOS,0,SJS,0,0,REAL_NHL_API_OR_DERIVED_FROM_REAL
20252026,2025021028,2026-03-12,BUF,WSH,0.598372,0.401628,BUF,0,WSH,0,0,REAL_NHL_API_OR_DERIVED_FROM_REAL
20252026,2025021029,2026-03-12,TOR,ANA,0.520233,0.479767,TOR,1,TOR,1,0,REAL_NHL_API_OR_DERIVED_FROM_REAL
20252026,2025021030,2026-03-12,TBL,DET,0.553196,0.446804,TBL,1,TBL,1,0,REAL_NHL_API_OR_DERIVED_FROM_REAL
20252026,2025021031,2026-03-12,FLA,CBJ,0.569903,0.430097,FLA,1,FLA,1,0,REAL_NHL_API_OR_DERIVED_FROM_REAL
20252026,2025021032,2026-03-12,NJD,CGY,0.639047,0.360953,NJD,0,CGY,0,0,REAL_NHL_API_OR_DERIVED_FROM_REAL
20252026,2025021033,2026-03-12,CAR,STL,0.569457,0.430543,CAR,0,STL,0,0,REAL_NHL_API_OR_DERIVED_FROM_REAL
20252026,2025021034,2026-03-12,DAL,EDM,0.559377,0.440623,DAL,1,DAL,1,0,REAL_NHL_API_OR_DERIVED_FROM_REAL
20252026,2025021035,2026-03-12,MIN,PHI,0.595585,0.404415,MIN,0,PHI,0,0,REAL_NHL_API_OR_DERIVED_FROM_REAL
20252026,2025021036,2026-03-12,WPG,NYR,0.473876,0.526124,NYR,0,NYR,1,0,REAL_NHL_API_OR_DERIVED_FROM_REAL
20252026,2025021037,2026-03-12,UTA,CHI,0.633062,0.366938,UTA,0,CHI,0,0,REAL_NHL_API_OR_DERIVED_FROM_REAL
20252026,2025021038,2026-03-12,VAN,NSH,0.447892,0.552108,NSH,1,VAN,0,0,REAL_NHL_API_OR_DERIVED_FROM_REAL
20252026,2025021039,2026-03-12,VGK,PIT,0.549575,0.450425,VGK,1,VGK,1,0,REAL_NHL_API_OR_DERIVED_FROM_REAL
20252026,2025021040,2026-03-12,SEA,COL,0.294151,0.705849,COL,0,COL,1,0,REAL_NHL_API_OR_DERIVED_FROM_REAL
20252026,2025021041,2026-03-13,NYI,LAK,0.535075,0.464925,NYI,0,LAK,0,0,REAL_NHL_API_OR_DERIVED_FROM_REAL
20252026,2025021042,2026-03-13,STL,EDM,0.515445,0.484555,STL,1,STL,1,0,REAL_NHL_API_OR_DERIVED_FROM_REAL
20252026,2025021043,2026-03-14,OTT,ANA,0.541724,0.458276,OTT,1,OTT,1,0,REAL_NHL_API_OR_DERIVED_FROM_REAL
20252026,2025021044,2026-03-14,WSH,BOS,0.518589,0.481411,WSH,0,BOS,0,0,REAL_NHL_API_OR_DERIVED_FROM_REAL
20252026,2025021045,2026-03-14,WPG,COL,0.498595,0.501405,COL,1,WPG,0,0,REAL_NHL_API_OR_DERIVED_FROM_REAL
20252026,2025021046,2026-03-14,MIN,NYR,0.496329,0.503671,NYR,0,NYR,1,0,REAL_NHL_API_OR_DERIVED_FROM_REAL
20252026,2025021047,2026-03-14,BUF,TOR,0.645786,0.354214,BUF,1,BUF,1,0,REAL_NHL_API_OR_DERIVED_FROM_REAL
20252026,2025021048,2026-03-14,MTL,SJS,0.636096,0.363904,MTL,0,SJS,0,0,REAL_NHL_API_OR_DERIVED_FROM_REAL
20252026,2025021049,2026-03-14,TBL,CAR,0.487372,0.512628,CAR,0,CAR,1,0,REAL_NHL_API_OR_DERIVED_FROM_REAL
20252026,2025021050,2026-03-14,NJD,LAK,0.512784,0.487216,NJD,1,NJD,1,0,REAL_NHL_API_OR_DERIVED_FROM_REAL
20252026,2025021051,2026-03-14,NYI,CGY,0.742331,0.257669,NYI,1,NYI,1,0,REAL_NHL_API_OR_DERIVED_FROM_REAL
20252026,2025021052,2026-03-14,PHI,CBJ,0.540265,0.459735,PHI,0,CBJ,0,0,REAL_NHL_API_OR_DERIVED_FROM_REAL
20252026,2025021053,2026-03-14,DAL,DET,0.648587,0.351413,DAL,1,DAL,1,0,REAL_NHL_API_OR_DERIVED_FROM_REAL
20252026,2025021054,2026-03-14,UTA,PIT,0.583494,0.416506,UTA,0,PIT,0,0,REAL_NHL_API_OR_DERIVED_FROM_REAL
20252026,2025021055,2026-03-14,VAN,SEA,0.524404,0.475596,VAN,0,SEA,0,0,REAL_NHL_API_OR_DERIVED_FROM_REAL
20252026,2025021056,2026-03-14,VGK,CHI,0.577016,0.422984,VGK,1,VGK,1,0,REAL_NHL_API_OR_DERIVED_FROM_REAL
20252026,2025021057,2026-03-15,WPG,STL,0.42182,0.57818,STL,1,WPG,0,0,REAL_NHL_API_OR_DERIVED_FROM_REAL
20252026,2025021058,2026-03-15,OTT,SJS,0.585086,0.414914,OTT,1,OTT,1,0,REAL_NHL_API_OR_DERIVED_FROM_REAL
20252026,2025021059,2026-03-15,MTL,ANA,0.482126,0.517874,ANA,0,ANA,1,0,REAL_NHL_API_OR_DERIVED_FROM_REAL
20252026,2025021060,2026-03-15,MIN,TOR,0.634499,0.365501,MIN,0,TOR,0,0,REAL_NHL_API_OR_DERIVED_FROM_REAL
20252026,2025021061,2026-03-15,EDM,NSH,0.621441,0.378559,EDM,1,EDM,1,0,REAL_NHL_API_OR_DERIVED_FROM_REAL
20252026,2025021062,2026-03-15,SEA,FLA,0.535659,0.464341,SEA,1,SEA,1,0,REAL_NHL_API_OR_DERIVED_FROM_REAL
20252026,2025021063,2026-03-16,DET,CGY,0.541994,0.458006,DET,1,DET,1,0,REAL_NHL_API_OR_DERIVED_FROM_REAL
20252026,2025021064,2026-03-16,NJD,BOS,0.555233,0.444767,NJD,1,NJD,1,0,REAL_NHL_API_OR_DERIVED_FROM_REAL
20252026,2025021065,2026-03-16,NYR,LAK,0.574156,0.425844,NYR,0,LAK,0,0,REAL_NHL_API_OR_DERIVED_FROM_REAL
20252026,2025021066,2026-03-16,DAL,UTA,0.639366,0.360634,DAL,0,UTA,0,0,REAL_NHL_API_OR_DERIVED_FROM_REAL
20252026,2025021067,2026-03-16,COL,PIT,0.358041,0.641959,PIT,0,PIT,1,0,REAL_NHL_API_OR_DERIVED_FROM_REAL
20252026,2025021068,2026-03-17,TOR,NYI,0.494995,0.505005,NYI,0,NYI,1,0,REAL_NHL_API_OR_DERIVED_FROM_REAL
20252026,2025021069,2026-03-17,MTL,BOS,0.529748,0.470252,MTL,1,MTL,1,0,REAL_NHL_API_OR_DERIVED_FROM_REAL
20252026,2025021070,2026-03-17,CBJ,CAR,0.485934,0.514066,CAR,1,CBJ,0,0,REAL_NHL_API_OR_DERIVED_FROM_REAL
20252026,2025021071,2026-03-17,WPG,NSH,0.62162,0.37838,WPG,0,NSH,0,0,REAL_NHL_API_OR_DERIVED_FROM_REAL
20252026,2025021072,2026-03-17,CHI,MIN,0.626708,0.373292,CHI,0,MIN,0,0,REAL_NHL_API_OR_DERIVED_FROM_REAL
20252026,2025021073,2026-03-17,EDM,SJS,0.574868,0.425132,EDM,1,EDM,1,0,REAL_NHL_API_OR_DERIVED_FROM_REAL
20252026,2025021074,2026-03-17,VAN,FLA,0.4733,0.5267,FLA,1,VAN,0,0,REAL_NHL_API_OR_DERIVED_FROM_REAL
20252026,2025021075,2026-03-17,VGK,BUF,0.498314,0.501686,BUF,0,BUF,1,0,REAL_NHL_API_OR_DERIVED_FROM_REAL
20252026,2025021076,2026-03-17,SEA,TBL,0.521483,0.478517,SEA,0,TBL,0,0,REAL_NHL_API_OR_DERIVED_FROM_REAL
20252026,2025021077,2026-03-18,NYR,NJD,0.531686,0.468314,NYR,0,NJD,0,0,REAL_NHL_API_OR_DERIVED_FROM_REAL
20252026,2025021078,2026-03-18,CAR,PIT,0.688043,0.311957,CAR,1,CAR,1,0,REAL_NHL_API_OR_DERIVED_FROM_REAL
20252026,2025021079,2026-03-18,WSH,OTT,0.521912,0.478088,WSH,1,WSH,1,0,REAL_NHL_API_OR_DERIVED_FROM_REAL
20252026,2025021080,2026-03-18,COL,DAL,0.507065,0.492935,COL,0,DAL,0,0,REAL_NHL_API_OR_DERIVED_FROM_REAL
20252026,2025021081,2026-03-18,CGY,STL,0.486597,0.513403,STL,1,CGY,0,0,REAL_NHL_API_OR_DERIVED_FROM_REAL
20252026,2025021082,2026-03-18,ANA,PHI,0.560647,0.439353,ANA,0,PHI,0,0,REAL_NHL_API_OR_DERIVED_FROM_REAL
20252026,2025021083,2026-03-19,BOS,WPG,0.674014,0.325986,BOS,1,BOS,1,0,REAL_NHL_API_OR_DERIVED_FROM_REAL
20252026,2025021084,2026-03-19,OTT,NYI,0.434096,0.565904,NYI,1,OTT,0,0,REAL_NHL_API_OR_DERIVED_FROM_REAL
20252026,2025021085,2026-03-19,DET,MTL,0.564753,0.435247,DET,1,DET,1,0,REAL_NHL_API_OR_DERIVED_FROM_REAL
20252026,2025021086,2026-03-19,CBJ,NYR,0.545126,0.454874,CBJ,1,CBJ,1,0,REAL_NHL_API_OR_DERIVED_FROM_REAL
20252026,2025021087,2026-03-19,NSH,SEA,0.49523,0.50477,SEA,1,NSH,0,0,REAL_NHL_API_OR_DERIVED_FROM_REAL
20252026,2025021088,2026-03-19,MIN,CHI,0.63115,0.36885,MIN,0,CHI,0,0,REAL_NHL_API_OR_DERIVED_FROM_REAL
20252026,2025021089,2026-03-19,EDM,FLA,0.492132,0.507868,FLA,0,FLA,1,0,REAL_NHL_API_OR_DERIVED_FROM_REAL
20252026,2025021090,2026-03-19,VAN,TBL,0.418494,0.581506,TBL,0,TBL,1,0,REAL_NHL_API_OR_DERIVED_FROM_REAL
20252026,2025021091,2026-03-19,VGK,UTA,0.316845,0.683155,UTA,0,UTA,1,0,REAL_NHL_API_OR_DERIVED_FROM_REAL
20252026,2025021092,2026-03-19,SJS,BUF,0.495285,0.504715,BUF,0,BUF,1,0,REAL_NHL_API_OR_DERIVED_FROM_REAL
20252026,2025021093,2026-03-19,LAK,PHI,0.486918,0.513082,PHI,0,PHI,1,0,REAL_NHL_API_OR_DERIVED_FROM_REAL
20252026,2025021094,2026-03-20,TOR,CAR,0.494092,0.505908,CAR,0,CAR,1,0,REAL_NHL_API_OR_DERIVED_FROM_REAL
20252026,2025021095,2026-03-20,WSH,NJD,0.515893,0.484107,WSH,1,WSH,1,0,REAL_NHL_API_OR_DERIVED_FROM_REAL
20252026,2025021096,2026-03-20,CHI,COL,0.413128,0.586872,COL,0,COL,1,0,REAL_NHL_API_OR_DERIVED_FROM_REAL
20252026,2025021097,2026-03-20,CGY,FLA,0.44652,0.55348,FLA,1,CGY,0,0,REAL_NHL_API_OR_DERIVED_FROM_REAL
20252026,2025021098,2026-03-20,UTA,ANA,0.498385,0.501615,ANA,0,ANA,1,0,REAL_NHL_API_OR_DERIVED_FROM_REAL
20252026,2025021099,2026-03-21,PIT,WPG,0.623924,0.376076,PIT,1,PIT,1,0,REAL_NHL_API_OR_DERIVED_FROM_REAL
20252026,2025021100,2026-03-21,NSH,VGK,0.48293,0.51707,VGK,1,NSH,0,0,REAL_NHL_API_OR_DERIVED_FROM_REAL
20252026,2025021101,2026-03-21,MIN,DAL,0.517952,0.482048,MIN,1,MIN,1,0,REAL_NHL_API_OR_DERIVED_FROM_REAL
20252026,2025021102,2026-03-21,LAK,BUF,0.497544,0.502456,BUF,0,BUF,1,0,REAL_NHL_API_OR_DERIVED_FROM_REAL
20252026,2025021103,2026-03-21,SJS,PHI,0.456304,0.543696,PHI,0,PHI,1,0,REAL_NHL_API_OR_DERIVED_FROM_REAL
20252026,2025021104,2026-03-21,CBJ,SEA,0.583492,0.416508,CBJ,1,CBJ,1,0,REAL_NHL_API_OR_DERIVED_FROM_REAL
20252026,2025021105,2026-03-21,MTL,NYI,0.727137,0.272863,MTL,1,MTL,1,0,REAL_NHL_API_OR_DERIVED_FROM_REAL
20252026,2025021106,2026-03-21,OTT,TOR,0.588572,0.411428,OTT,1,OTT,1,0,REAL_NHL_API_OR_DERIVED_FROM_REAL
20252026,2025021107,2026-03-21,VAN,STL,0.465582,0.534418,STL,0,STL,1,0,REAL_NHL_API_OR_DERIVED_FROM_REAL
20252026,2025021108,2026-03-21,DET,BOS,0.528017,0.471983,DET,0,BOS,0,0,REAL_NHL_API_OR_DERIVED_FROM_REAL
20252026,2025021109,2026-03-21,EDM,TBL,0.452524,0.547476,TBL,0,TBL,1,0,REAL_NHL_API_OR_DERIVED_FROM_REAL
20252026,2025021110,2026-03-22,NYR,WPG,0.576706,0.423294,NYR,0,WPG,0,0,REAL_NHL_API_OR_DERIVED_FROM_REAL
20252026,2025021111,2026-03-22,WSH,COL,0.44265,0.55735,COL,0,COL,1,0,REAL_NHL_API_OR_DERIVED_FROM_REAL
20252026,2025021112,2026-03-22,PIT,CAR,0.438502,0.561498,CAR,0,CAR,1,0,REAL_NHL_API_OR_DERIVED_FROM_REAL
20252026,2025021113,2026-03-22,CHI,NSH,0.487363,0.512637,NSH,0,NSH,1,0,REAL_NHL_API_OR_DERIVED_FROM_REAL
20252026,2025021114,2026-03-22,NYI,CBJ,0.486793,0.513207,CBJ,1,NYI,0,0,REAL_NHL_API_OR_DERIVED_FROM_REAL
20252026,2025021115,2026-03-22,DAL,VGK,0.676679,0.323321,DAL,0,VGK,0,0,REAL_NHL_API_OR_DERIVED_FROM_REAL
20252026,2025021116,2026-03-22,CGY,TBL,0.502423,0.497577,CGY,1,CGY,1,0,REAL_NHL_API_OR_DERIVED_FROM_REAL
20252026,2025021117,2026-03-22,ANA,BUF,0.499463,0.500537,BUF,1,ANA,0,0,REAL_NHL_API_OR_DERIVED_FROM_REAL
20252026,2025021118,2026-03-22,UTA,LAK,0.513655,0.486345,UTA,1,UTA,1,0,REAL_NHL_API_OR_DERIVED_FROM_REAL
20252026,2025021119,2026-03-23,NYR,OTT,0.520895,0.479105,NYR,0,OTT,0,0,REAL_NHL_API_OR_DERIVED_FROM_REAL
20252026,2025021120,2026-03-24,BOS,TOR,0.582388,0.417612,BOS,0,TOR,0,0,REAL_NHL_API_OR_DERIVED_FROM_REAL
20252026,2025021121,2026-03-24,MTL,CAR,0.456673,0.543327,CAR,1,MTL,0,0,REAL_NHL_API_OR_DERIVED_FROM_REAL
20252026,2025021122,2026-03-24,DET,OTT,0.434443,0.565557,OTT,0,OTT,1,0,REAL_NHL_API_OR_DERIVED_FROM_REAL
20252026,2025021123,2026-03-24,FLA,SEA,0.43479,0.56521,SEA,1,FLA,0,0,REAL_NHL_API_OR_DERIVED_FROM_REAL
20252026,2025021124,2026-03-24,NYI,CHI,0.564681,0.435319,NYI,0,CHI,0,0,REAL_NHL_API_OR_DERIVED_FROM_REAL
20252026,2025021125,2026-03-24,PHI,CBJ,0.50261,0.49739,PHI,0,CBJ,0,0,REAL_NHL_API_OR_DERIVED_FROM_REAL
20252026,2025021126,2026-03-24,PIT,COL,0.52151,0.47849,PIT,0,COL,0,0,REAL_NHL_API_OR_DERIVED_FROM_REAL
20252026,2025021127,2026-03-24,TBL,MIN,0.602841,0.397159,TBL,1,TBL,1,0,REAL_NHL_API_OR_DERIVED_FROM_REAL
20252026,2025021128,2026-03-24,STL,WSH,0.565136,0.434864,STL,1,STL,1,0,REAL_NHL_API_OR_DERIVED_FROM_REAL
20252026,2025021129,2026-03-24,NSH,SJS,0.717829,0.282171,NSH,1,NSH,1,0,REAL_NHL_API_OR_DERIVED_FROM_REAL
20252026,2025021130,2026-03-24,DAL,NJD,0.32126,0.67874,NJD,0,NJD,1,0,REAL_NHL_API_OR_DERIVED_FROM_REAL
20252026,2025021131,2026-03-24,WPG,VGK,0.619508,0.380492,WPG,1,WPG,1,0,REAL_NHL_API_OR_DERIVED_FROM_REAL
20252026,2025021132,2026-03-24,UTA,EDM,0.320835,0.679165,EDM,0,EDM,1,0,REAL_NHL_API_OR_DERIVED_FROM_REAL
20252026,2025021133,2026-03-24,CGY,LAK,0.569467,0.430533,CGY,1,CGY,1,0,REAL_NHL_API_OR_DERIVED_FROM_REAL
20252026,2025021134,2026-03-24,VAN,ANA,0.49013,0.50987,ANA,0,ANA,1,0,REAL_NHL_API_OR_DERIVED_FROM_REAL
20252026,2025021135,2026-03-25,BUF,BOS,0.57644,0.42356,BUF,0,BOS,0,0,REAL_NHL_API_OR_DERIVED_FROM_REAL
20252026,2025021136,2026-03-25,TOR,NYR,0.477822,0.522178,NYR,1,TOR,0,0,REAL_NHL_API_OR_DERIVED_FROM_REAL
20252026,2025021137,2026-03-26,MTL,CBJ,0.569462,0.430538,MTL,1,MTL,1,0,REAL_NHL_API_OR_DERIVED_FROM_REAL
20252026,2025021138,2026-03-26,OTT,PIT,0.562968,0.437032,OTT,0,PIT,0,0,REAL_NHL_API_OR_DERIVED_FROM_REAL
20252026,2025021139,2026-03-26,TBL,SEA,0.63533,0.36467,TBL,0,SEA,0,0,REAL_NHL_API_OR_DERIVED_FROM_REAL
20252026,2025021140,2026-03-26,FLA,MIN,0.439628,0.560372,MIN,0,MIN,1,0,REAL_NHL_API_OR_DERIVED_FROM_REAL
20252026,2025021141,2026-03-26,NYI,DAL,0.489178,0.510822,DAL,1,NYI,0,0,REAL_NHL_API_OR_DERIVED_FROM_REAL
20252026,2025021142,2026-03-26,PHI,CHI,0.471257,0.528743,CHI,1,PHI,0,0,REAL_NHL_API_OR_DERIVED_FROM_REAL
20252026,2025021143,2026-03-26,STL,SJS,0.813119,0.186881,STL,1,STL,1,0,REAL_NHL_API_OR_DERIVED_FROM_REAL
20252026,2025021144,2026-03-26,NSH,NJD,0.522249,0.477751,NSH,0,NJD,0,0,REAL_NHL_API_OR_DERIVED_FROM_REAL
20252026,2025021145,2026-03-26,WPG,COL,0.458605,0.541395,COL,0,COL,1,0,REAL_NHL_API_OR_DERIVED_FROM_REAL
20252026,2025021146,2026-03-26,UTA,WSH,0.349324,0.650676,WSH,0,WSH,1,0,REAL_NHL_API_OR_DERIVED_FROM_REAL
20252026,2025021147,2026-03-26,CGY,ANA,0.520205,0.479795,CGY,0,ANA,0,0,REAL_NHL_API_OR_DERIVED_FROM_REAL
20252026,2025021148,2026-03-26,VGK,EDM,0.42124,0.57876,EDM,0,EDM,1,0,REAL_NHL_API_OR_DERIVED_FROM_REAL
20252026,2025021149,2026-03-26,VAN,LAK,0.462707,0.537293,LAK,0,LAK,1,0,REAL_NHL_API_OR_DERIVED_FROM_REAL
20252026,2025021150,2026-03-27,BUF,DET,0.557278,0.442722,BUF,0,DET,0,0,REAL_NHL_API_OR_DERIVED_FROM_REAL
20252026,2025021151,2026-03-27,NYR,CHI,0.646298,0.353702,NYR,1,NYR,1,0,REAL_NHL_API_OR_DERIVED_FROM_REAL
20252026,2025021152,2026-03-28,TBL,OTT,0.540019,0.459981,TBL,1,TBL,1,0,REAL_NHL_API_OR_DERIVED_FROM_REAL
20252026,2025021153,2026-03-28,NYI,FLA,0.564613,0.435387,NYI,1,NYI,1,0,REAL_NHL_API_OR_DERIVED_FROM_REAL
20252026,2025021154,2026-03-28,EDM,ANA,0.537415,0.462585,EDM,1,EDM,1,0,REAL_NHL_API_OR_DERIVED_FROM_REAL
20252026,2025021155,2026-03-28,BOS,MIN,0.532098,0.467902,BOS,1,BOS,1,0,REAL_NHL_API_OR_DERIVED_FROM_REAL
20252026,2025021156,2026-03-28,PIT,DAL,0.510098,0.489902,PIT,0,DAL,0,0,REAL_NHL_API_OR_DERIVED_FROM_REAL
20252026,2025021157,2026-03-28,CAR,NJD,0.593572,0.406428,CAR,1,CAR,1,0,REAL_NHL_API_OR_DERIVED_FROM_REAL
20252026,2025021158,2026-03-28,CBJ,SJS,0.69101,0.30899,CBJ,0,SJS,0,0,REAL_NHL_API_OR_DERIVED_FROM_REAL
20252026,2025021159,2026-03-28,BUF,SEA,0.604743,0.395257,BUF,1,BUF,1,0,REAL_NHL_API_OR_DERIVED_FROM_REAL
20252026,2025021160,2026-03-28,STL,TOR,0.593873,0.406127,STL,1,STL,1,0,REAL_NHL_API_OR_DERIVED_FROM_REAL
20252026,2025021161,2026-03-28,NSH,MTL,0.512803,0.487197,NSH,0,MTL,0,0,REAL_NHL_API_OR_DERIVED_FROM_REAL
20252026,2025021162,2026-03-28,COL,WPG,0.643161,0.356839,COL,0,WPG,0,0,REAL_NHL_API_OR_DERIVED_FROM_REAL
20252026,2025021163,2026-03-28,DET,PHI,0.345413,0.654587,PHI,0,PHI,1,0,REAL_NHL_API_OR_DERIVED_FROM_REAL
20252026,2025021164,2026-03-28,LAK,UTA,0.382967,0.617033,UTA,0,UTA,1,0,REAL_NHL_API_OR_DERIVED_FROM_REAL
20252026,2025021165,2026-03-28,CGY,VAN,0.73063,0.26937,CGY,1,CGY,1,0,REAL_NHL_API_OR_DERIVED_FROM_REAL
20252026,2025021166,2026-03-28,VGK,WSH,0.439339,0.560661,WSH,0,WSH,1,0,REAL_NHL_API_OR_DERIVED_FROM_REAL
20252026,2025021167,2026-03-29,NYR,FLA,0.561202,0.438798,NYR,1,NYR,1,0,REAL_NHL_API_OR_DERIVED_FROM_REAL
20252026,2025021168,2026-03-29,TBL,NSH,0.63693,0.36307,TBL,1,TBL,1,0,REAL_NHL_API_OR_DERIVED_FROM_REAL
20252026,2025021169,2026-03-29,CAR,MTL,0.625397,0.374603,CAR,0,MTL,0,0,REAL_NHL_API_OR_DERIVED_FROM_REAL
20252026,2025021170,2026-03-29,CBJ,BOS,0.511596,0.488404,CBJ,0,BOS,0,0,REAL_NHL_API_OR_DERIVED_FROM_REAL
20252026,2025021171,2026-03-29,NJD,CHI,0.647592,0.352408,NJD,1,NJD,1,0,REAL_NHL_API_OR_DERIVED_FROM_REAL
20252026,2025021172,2026-03-29,PHI,DAL,0.517033,0.482967,PHI,1,PHI,1,0,REAL_NHL_API_OR_DERIVED_FROM_REAL
20252026,2025021173,2026-03-30,NYI,PIT,0.375549,0.624451,PIT,0,PIT,1,0,REAL_NHL_API_OR_DERIVED_FROM_REAL
20252026,2025021174,2026-03-30,COL,CGY,0.771091,0.228909,COL,1,COL,1,0,REAL_NHL_API_OR_DERIVED_FROM_REAL
20252026,2025021175,2026-03-30,VGK,VAN,0.600932,0.399068,VGK,1,VGK,1,0,REAL_NHL_API_OR_DERIVED_FROM_REAL
20252026,2025021176,2026-03-30,ANA,TOR,0.532833,0.467167,ANA,0,TOR,0,0,REAL_NHL_API_OR_DERIVED_FROM_REAL
20252026,2025021177,2026-03-30,SJS,STL,0.381142,0.618858,STL,1,SJS,0,0,REAL_NHL_API_OR_DERIVED_FROM_REAL
20252026,2025021178,2026-03-31,BOS,DAL,0.546013,0.453987,BOS,1,BOS,1,0,REAL_NHL_API_OR_DERIVED_FROM_REAL
20252026,2025021179,2026-03-31,BUF,NYI,0.588476,0.411524,BUF,1,BUF,1,0,REAL_NHL_API_OR_DERIVED_FROM_REAL
20252026,2025021180,2026-03-31,TBL,MTL,0.604617,0.395383,TBL,0,MTL,0,0,REAL_NHL_API_OR_DERIVED_FROM_REAL
20252026,2025021181,2026-03-31,FLA,OTT,0.733554,0.266446,FLA,1,FLA,1,0,REAL_NHL_API_OR_DERIVED_FROM_REAL
20252026,2025021182,2026-03-31,NYR,NJD,0.46377,0.53623,NJD,1,NYR,0,0,REAL_NHL_API_OR_DERIVED_FROM_REAL
20252026,2025021183,2026-03-31,PIT,DET,0.738226,0.261774,PIT,1,PIT,1,0,REAL_NHL_API_OR_DERIVED_FROM_REAL
20252026,2025021184,2026-03-31,WSH,PHI,0.472067,0.527933,PHI,1,WSH,0,0,REAL_NHL_API_OR_DERIVED_FROM_REAL
20252026,2025021185,2026-03-31,CBJ,CAR,0.504473,0.495527,CBJ,0,CAR,0,0,REAL_NHL_API_OR_DERIVED_FROM_REAL
20252026,2025021186,2026-03-31,CHI,WPG,0.465223,0.534777,WPG,0,WPG,1,0,REAL_NHL_API_OR_DERIVED_FROM_REAL
20252026,2025021187,2026-03-31,EDM,SEA,0.608128,0.391872,EDM,1,EDM,1,0,REAL_NHL_API_OR_DERIVED_FROM_REAL
20252026,2025021188,2026-04-01,COL,VAN,0.509708,0.490292,COL,0,VAN,0,0,REAL_NHL_API_OR_DERIVED_FROM_REAL
20252026,2025021189,2026-04-01,LAK,STL,0.520317,0.479683,LAK,1,LAK,1,0,REAL_NHL_API_OR_DERIVED_FROM_REAL
20252026,2025021190,2026-04-01,SJS,ANA,0.357737,0.642263,ANA,1,SJS,0,0,REAL_NHL_API_OR_DERIVED_FROM_REAL
20252026,2025021191,2026-04-02,OTT,BUF,0.526643,0.473357,OTT,1,OTT,1,0,REAL_NHL_API_OR_DERIVED_FROM_REAL
20252026,2025021192,2026-04-02,TBL,PIT,0.524991,0.475009,TBL,1,TBL,1,0,REAL_NHL_API_OR_DERIVED_FROM_REAL
20252026,2025021193,2026-04-02,FLA,BOS,0.500362,0.499638,FLA,1,FLA,1,0,REAL_NHL_API_OR_DERIVED_FROM_REAL
20252026,2025021194,2026-04-02,NJD,WSH,0.551182,0.448818,NJD,1,NJD,1,0,REAL_NHL_API_OR_DERIVED_FROM_REAL
20252026,2025021195,2026-04-02,NYR,MTL,0.514847,0.485153,NYR,0,MTL,0,0,REAL_NHL_API_OR_DERIVED_FROM_REAL
20252026,2025021196,2026-04-02,PHI,DET,0.510124,0.489876,PHI,0,DET,0,0,REAL_NHL_API_OR_DERIVED_FROM_REAL
20252026,2025021197,2026-04-02,CAR,CBJ,0.624273,0.375727,CAR,1,CAR,1,0,REAL_NHL_API_OR_DERIVED_FROM_REAL
20252026,2025021198,2026-04-02,DAL,WPG,0.478015,0.521985,WPG,1,DAL,0,0,REAL_NHL_API_OR_DERIVED_FROM_REAL
20252026,2025021199,2026-04-02,MIN,VAN,0.688895,0.311105,MIN,1,MIN,1,0,REAL_NHL_API_OR_DERIVED_FROM_REAL
20252026,2025021200,2026-04-02,EDM,CHI,0.795018,0.204982,EDM,1,EDM,1,0,REAL_NHL_API_OR_DERIVED_FROM_REAL
20252026,2025021201,2026-04-02,VGK,CGY,0.527108,0.472892,VGK,1,VGK,1,0,REAL_NHL_API_OR_DERIVED_FROM_REAL
20252026,2025021202,2026-04-02,SJS,TOR,0.426941,0.573059,TOR,1,SJS,0,0,REAL_NHL_API_OR_DERIVED_FROM_REAL
20252026,2025021203,2026-04-02,SEA,UTA,0.545318,0.454682,SEA,0,UTA,0,0,REAL_NHL_API_OR_DERIVED_FROM_REAL
20252026,2025021204,2026-04-02,LAK,NSH,0.503377,0.496623,LAK,0,NSH,0,0,REAL_NHL_API_OR_DERIVED_FROM_REAL
20252026,2025021205,2026-04-03,NYI,PHI,0.553187,0.446813,NYI,0,PHI,0,0,REAL_NHL_API_OR_DERIVED_FROM_REAL
20252026,2025021206,2026-04-03,ANA,STL,0.503003,0.496997,ANA,0,STL,0,0,REAL_NHL_API_OR_DERIVED_FROM_REAL
20252026,2025021207,2026-04-04,NYR,DET,0.502393,0.497607,NYR,1,NYR,1,0,REAL_NHL_API_OR_DERIVED_FROM_REAL
20252026,2025021208,2026-04-04,OTT,MIN,0.530155,0.469845,OTT,0,MIN,0,0,REAL_NHL_API_OR_DERIVED_FROM_REAL
20252026,2025021209,2026-04-04,DAL,COL,0.480735,0.519265,COL,0,COL,1,0,REAL_NHL_API_OR_DERIVED_FROM_REAL
20252026,2025021210,2026-04-04,TBL,BOS,0.536874,0.463126,TBL,1,TBL,1,0,REAL_NHL_API_OR_DERIVED_FROM_REAL
20252026,2025021211,2026-04-04,PIT,FLA,0.753325,0.246675,PIT,1,PIT,1,0,REAL_NHL_API_OR_DERIVED_FROM_REAL
20252026,2025021212,2026-04-04,NJD,MTL,0.536563,0.463437,NJD,0,MTL,0,0,REAL_NHL_API_OR_DERIVED_FROM_REAL
20252026,2025021213,2026-04-04,WSH,BUF,0.744356,0.255644,WSH,1,WSH,1,0,REAL_NHL_API_OR_DERIVED_FROM_REAL
20252026,2025021214,2026-04-04,CAR,NYI,0.591286,0.408714,CAR,1,CAR,1,0,REAL_NHL_API_OR_DERIVED_FROM_REAL
20252026,2025021215,2026-04-04,CBJ,WPG,0.550829,0.449171,CBJ,0,WPG,0,0,REAL_NHL_API_OR_DERIVED_FROM_REAL
20252026,2025021216,2026-04-04,VAN,UTA,0.409257,0.590743,UTA,0,UTA,1,0,REAL_NHL_API_OR_DERIVED_FROM_REAL
20252026,2025021217,2026-04-04,LAK,TOR,0.580174,0.419826,LAK,1,LAK,1,0,REAL_NHL_API_OR_DERIVED_FROM_REAL
20252026,2025021218,2026-04-04,EDM,VGK,0.586258,0.413742,EDM,0,VGK,0,0,REAL_NHL_API_OR_DERIVED_FROM_REAL
20252026,2025021219,2026-04-04,ANA,CGY,0.626704,0.373296,ANA,0,CGY,0,0,REAL_NHL_API_OR_DERIVED_FROM_REAL
20252026,2025021220,2026-04-04,SJS,NSH,0.467396,0.532604,NSH,0,NSH,1,0,REAL_NHL_API_OR_DERIVED_FROM_REAL
20252026,2025021221,2026-04-04,SEA,CHI,0.612548,0.387452,SEA,0,CHI,0,0,REAL_NHL_API_OR_DERIVED_FROM_REAL
20252026,2025021222,2026-04-05,DET,MIN,0.481226,0.518774,MIN,0,MIN,1,0,REAL_NHL_API_OR_DERIVED_FROM_REAL
20252026,2025021223,2026-04-05,PIT,FLA,0.688543,0.311457,PIT,1,PIT,1,0,REAL_NHL_API_OR_DERIVED_FROM_REAL
20252026,2025021224,2026-04-05,PHI,BOS,0.42661,0.57339,BOS,1,PHI,0,0,REAL_NHL_API_OR_DERIVED_FROM_REAL
20252026,2025021225,2026-04-05,OTT,CAR,0.47727,0.52273,CAR,1,OTT,0,0,REAL_NHL_API_OR_DERIVED_FROM_REAL
20252026,2025021226,2026-04-05,MTL,NJD,0.532752,0.467248,MTL,0,NJD,0,0,REAL_NHL_API_OR_DERIVED_FROM_REAL
20252026,2025021227,2026-04-05,NYR,WSH,0.522729,0.477271,NYR,1,NYR,1,0,REAL_NHL_API_OR_DERIVED_FROM_REAL
20252026,2025021228,2026-04-05,COL,STL,0.653772,0.346228,COL,0,STL,0,0,REAL_NHL_API_OR_DERIVED_FROM_REAL
20252026,2025021229,2026-04-06,BUF,TBL,0.43973,0.56027,TBL,1,BUF,0,0,REAL_NHL_API_OR_DERIVED_FROM_REAL
20252026,2025021230,2026-04-06,WPG,SEA,0.763905,0.236095,WPG,1,WPG,1,0,REAL_NHL_API_OR_DERIVED_FROM_REAL
20252026,2025021231,2026-04-06,SJS,CHI,0.564712,0.435288,SJS,1,SJS,1,0,REAL_NHL_API_OR_DERIVED_FROM_REAL
20252026,2025021232,2026-04-06,LAK,NSH,0.577744,0.422256,LAK,1,LAK,1,0,REAL_NHL_API_OR_DERIVED_FROM_REAL
20252026,2025021233,2026-04-07,MTL,FLA,0.663332,0.336668,MTL,1,MTL,1,0,REAL_NHL_API_OR_DERIVED_FROM_REAL
20252026,2025021234,2026-04-07,OTT,TBL,0.5064,0.4936,OTT,1,OTT,1,0,REAL_NHL_API_OR_DERIVED_FROM_REAL
20252026,2025021235,2026-04-07,DET,CBJ,0.55273,0.44727,DET,0,CBJ,0,0,REAL_NHL_API_OR_DERIVED_FROM_REAL
20252026,2025021236,2026-04-07,NJD,PHI,0.612283,0.387717,NJD,0,PHI,0,0,REAL_NHL_API_OR_DERIVED_FROM_REAL
20252026,2025021237,2026-04-07,CAR,BOS,0.770043,0.229957,CAR,1,CAR,1,0,REAL_NHL_API_OR_DERIVED_FROM_REAL
20252026,2025021238,2026-04-07,STL,COL,0.464334,0.535666,COL,0,COL,1,0,REAL_NHL_API_OR_DERIVED_FROM_REAL
20252026,2025021239,2026-04-07,DAL,CGY,0.574896,0.425104,DAL,1,DAL,1,0,REAL_NHL_API_OR_DERIVED_FROM_REAL
20252026,2025021240,2026-04-07,MIN,SEA,0.600884,0.399116,MIN,1,MIN,1,0,REAL_NHL_API_OR_DERIVED_FROM_REAL
20252026,2025021241,2026-04-07,UTA,EDM,0.550029,0.449971,UTA,1,UTA,1,0,REAL_NHL_API_OR_DERIVED_FROM_REAL
20252026,2025021242,2026-04-07,VAN,VGK,0.410047,0.589953,VGK,0,VGK,1,0,REAL_NHL_API_OR_DERIVED_FROM_REAL
20252026,2025021243,2026-04-07,ANA,NSH,0.527581,0.472419,ANA,0,NSH,0,0,REAL_NHL_API_OR_DERIVED_FROM_REAL
20252026,2025021244,2026-04-08,NYR,BUF,0.516187,0.483813,NYR,0,BUF,0,0,REAL_NHL_API_OR_DERIVED_FROM_REAL
20252026,2025021245,2026-04-08,TOR,WSH,0.467271,0.532729,WSH,0,WSH,1,0,REAL_NHL_API_OR_DERIVED_FROM_REAL
20252026,2025021246,2026-04-08,SJS,EDM,0.694209,0.305791,SJS,0,EDM,0,0,REAL_NHL_API_OR_DERIVED_FROM_REAL
20252026,2025021247,2026-04-09,BUF,CBJ,0.64123,0.35877,BUF,1,BUF,1,0,REAL_NHL_API_OR_DERIVED_FROM_REAL
20252026,2025021248,2026-04-09,MTL,TBL,0.529175,0.470825,MTL,1,MTL,1,0,REAL_NHL_API_OR_DERIVED_FROM_REAL
20252026,2025021249,2026-04-09,OTT,FLA,0.578168,0.421832,OTT,1,OTT,1,0,REAL_NHL_API_OR_DERIVED_FROM_REAL
20252026,2025021250,2026-04-09,DET,PHI,0.488852,0.511148,PHI,1,DET,0,0,REAL_NHL_API_OR_DERIVED_FROM_REAL
20252026,2025021251,2026-04-09,NJD,PIT,0.460132,0.539868,PIT,0,PIT,1,0,REAL_NHL_API_OR_DERIVED_FROM_REAL
20252026,2025021252,2026-04-09,NYI,TOR,0.541218,0.458782,NYI,1,NYI,1,0,REAL_NHL_API_OR_DERIVED_FROM_REAL
20252026,2025021253,2026-04-09,STL,WPG,0.503633,0.496367,STL,0,WPG,0,0,REAL_NHL_API_OR_DERIVED_FROM_REAL
20252026,2025021254,2026-04-09,DAL,MIN,0.548429,0.451571,DAL,1,DAL,1,0,REAL_NHL_API_OR_DERIVED_FROM_REAL
20252026,2025021255,2026-04-09,CHI,CAR,0.439149,0.560851,CAR,0,CAR,1,0,REAL_NHL_API_OR_DERIVED_FROM_REAL
20252026,2025021256,2026-04-09,COL,CGY,0.616299,0.383701,COL,1,COL,1,0,REAL_NHL_API_OR_DERIVED_FROM_REAL
20252026,2025021257,2026-04-09,UTA,NSH,0.577602,0.422398,UTA,1,UTA,1,0,REAL_NHL_API_OR_DERIVED_FROM_REAL
20252026,2025021258,2026-04-09,ANA,SJS,0.54998,0.45002,ANA,1,ANA,1,0,REAL_NHL_API_OR_DERIVED_FROM_REAL
20252026,2025021259,2026-04-09,SEA,VGK,0.458134,0.541866,VGK,1,SEA,0,0,REAL_NHL_API_OR_DERIVED_FROM_REAL
20252026,2025021260,2026-04-09,LAK,VAN,0.565206,0.434794,LAK,1,LAK,1,0,REAL_NHL_API_OR_DERIVED_FROM_REAL
20252026,2025021261,2026-04-11,BOS,TBL,0.558858,0.441142,BOS,0,TBL,0,0,REAL_NHL_API_OR_DERIVED_FROM_REAL
20252026,2025021262,2026-04-11,NYI,OTT,0.52546,0.47454,NYI,0,OTT,0,0,REAL_NHL_API_OR_DERIVED_FROM_REAL
20252026,2025021263,2026-04-11,PIT,WSH,0.503408,0.496592,PIT,0,WSH,0,0,REAL_NHL_API_OR_DERIVED_FROM_REAL
20252026,2025021264,2026-04-11,LAK,EDM,0.505414,0.494586,LAK,1,LAK,1,0,REAL_NHL_API_OR_DERIVED_FROM_REAL
20252026,2025021265,2026-04-11,DET,NJD,0.53717,0.46283,DET,0,NJD,0,0,REAL_NHL_API_OR_DERIVED_FROM_REAL
20252026,2025021266,2026-04-11,CHI,STL,0.376314,0.623686,STL,0,STL,1,0,REAL_NHL_API_OR_DERIVED_FROM_REAL
20252026,2025021267,2026-04-11,NSH,MIN,0.564897,0.435103,NSH,1,NSH,1,0,REAL_NHL_API_OR_DERIVED_FROM_REAL
20252026,2025021268,2026-04-11,DAL,NYR,0.513427,0.486573,DAL,1,DAL,1,0,REAL_NHL_API_OR_DERIVED_FROM_REAL
20252026,2025021269,2026-04-11,UTA,CAR,0.56422,0.43578,UTA,0,CAR,0,0,REAL_NHL_API_OR_DERIVED_FROM_REAL
20252026,2025021270,2026-04-11,TOR,FLA,0.56289,0.43711,TOR,0,FLA,0,0,REAL_NHL_API_OR_DERIVED_FROM_REAL
20252026,2025021271,2026-04-11,MTL,CBJ,0.668519,0.331481,MTL,0,CBJ,0,0,REAL_NHL_API_OR_DERIVED_FROM_REAL
20252026,2025021272,2026-04-11,WPG,PHI,0.314433,0.685567,PHI,0,PHI,1,0,REAL_NHL_API_OR_DERIVED_FROM_REAL
20252026,2025021273,2026-04-11,SEA,CGY,0.433087,0.566913,CGY,1,SEA,0,0,REAL_NHL_API_OR_DERIVED_FROM_REAL
20252026,2025021274,2026-04-11,COL,VGK,0.597525,0.402475,COL,0,VGK,0,0,REAL_NHL_API_OR_DERIVED_FROM_REAL
20252026,2025021275,2026-04-11,SJS,VAN,0.518795,0.481205,SJS,0,VAN,0,0,REAL_NHL_API_OR_DERIVED_FROM_REAL
20252026,2025021276,2026-04-12,WSH,PIT,0.606345,0.393655,WSH,1,WSH,1,0,REAL_NHL_API_OR_DERIVED_FROM_REAL
20252026,2025021277,2026-04-12,NYI,MTL,0.459621,0.540379,MTL,0,MTL,1,0,REAL_NHL_API_OR_DERIVED_FROM_REAL
20252026,2025021278,2026-04-12,CBJ,BOS,0.453359,0.546641,BOS,0,BOS,1,0,REAL_NHL_API_OR_DERIVED_FROM_REAL
20252026,2025021279,2026-04-12,NJD,OTT,0.583171,0.416829,NJD,1,NJD,1,0,REAL_NHL_API_OR_DERIVED_FROM_REAL
20252026,2025021280,2026-04-12,ANA,VAN,0.543332,0.456668,ANA,0,VAN,0,0,REAL_NHL_API_OR_DERIVED_FROM_REAL
20252026,2025021281,2026-04-12,CGY,UTA,0.51716,0.48284,CGY,1,CGY,1,0,REAL_NHL_API_OR_DERIVED_FROM_REAL
20252026,2025021282,2026-04-13,TBL,DET,0.522913,0.477087,TBL,1,TBL,1,0,REAL_NHL_API_OR_DERIVED_FROM_REAL
20252026,2025021283,2026-04-13,FLA,NYR,0.479701,0.520299,NYR,1,FLA,0,0,REAL_NHL_API_OR_DERIVED_FROM_REAL
20252026,2025021284,2026-04-13,PHI,CAR,0.462752,0.537248,CAR,1,PHI,0,0,REAL_NHL_API_OR_DERIVED_FROM_REAL
20252026,2025021285,2026-04-13,TOR,DAL,0.575545,0.424455,TOR,0,DAL,0,0,REAL_NHL_API_OR_DERIVED_FROM_REAL
20252026,2025021286,2026-04-13,STL,MIN,0.474155,0.525845,MIN,1,STL,0,0,REAL_NHL_API_OR_DERIVED_FROM_REAL
20252026,2025021287,2026-04-13,NSH,SJS,0.622004,0.377996,NSH,0,SJS,0,0,REAL_NHL_API_OR_DERIVED_FROM_REAL
20252026,2025021288,2026-04-13,CHI,BUF,0.446568,0.553432,BUF,0,BUF,1,0,REAL_NHL_API_OR_DERIVED_FROM_REAL
20252026,2025021289,2026-04-13,EDM,COL,0.472803,0.527197,COL,0,COL,1,0,REAL_NHL_API_OR_DERIVED_FROM_REAL
20252026,2025021290,2026-04-13,VGK,WPG,0.588497,0.411503,VGK,1,VGK,1,0,REAL_NHL_API_OR_DERIVED_FROM_REAL
20252026,2025021291,2026-04-13,SEA,LAK,0.5157,0.4843,SEA,0,LAK,0,0,REAL_NHL_API_OR_DERIVED_FROM_REAL
20252026,2025021292,2026-04-14,BOS,NJD,0.603051,0.396949,BOS,1,BOS,1,0,REAL_NHL_API_OR_DERIVED_FROM_REAL
20252026,2025021293,2026-04-14,NYI,CAR,0.428726,0.571274,CAR,0,CAR,1,0,REAL_NHL_API_OR_DERIVED_FROM_REAL
20252026,2025021294,2026-04-14,PHI,MTL,0.493207,0.506793,MTL,1,PHI,0,0,REAL_NHL_API_OR_DERIVED_FROM_REAL
20252026,2025021295,2026-04-14,CBJ,WSH,0.416225,0.583775,WSH,0,WSH,1,0,REAL_NHL_API_OR_DERIVED_FROM_REAL
20252026,2025021296,2026-04-14,MIN,ANA,0.543803,0.456197,MIN,1,MIN,1,0,REAL_NHL_API_OR_DERIVED_FROM_REAL
20252026,2025021297,2026-04-14,UTA,WPG,0.578831,0.421169,UTA,1,UTA,1,0,REAL_NHL_API_OR_DERIVED_FROM_REAL
20252026,2025021298,2026-04-14,CGY,COL,0.436315,0.563685,COL,0,COL,1,0,REAL_NHL_API_OR_DERIVED_FROM_REAL
20252026,2025021299,2026-04-14,STL,PIT,0.613667,0.386333,STL,1,STL,1,0,REAL_NHL_API_OR_DERIVED_FROM_REAL
20252026,2025021300,2026-04-14,VAN,LAK,0.414051,0.585949,LAK,1,VAN,0,0,REAL_NHL_API_OR_DERIVED_FROM_REAL
20252026,2025021301,2026-04-15,BUF,DAL,0.568085,0.431915,BUF,0,DAL,0,0,REAL_NHL_API_OR_DERIVED_FROM_REAL
20252026,2025021302,2026-04-15,TBL,NYR,0.528877,0.471123,TBL,0,NYR,0,0,REAL_NHL_API_OR_DERIVED_FROM_REAL
20252026,2025021303,2026-04-15,FLA,DET,0.725306,0.274694,FLA,1,FLA,1,0,REAL_NHL_API_OR_DERIVED_FROM_REAL
20252026,2025021304,2026-04-15,OTT,TOR,0.625795,0.374205,OTT,1,OTT,1,0,REAL_NHL_API_OR_DERIVED_FROM_REAL
20252026,2025021305,2026-04-15,CHI,SJS,0.49766,0.50234,SJS,1,CHI,0,0,REAL_NHL_API_OR_DERIVED_FROM_REAL
20252026,2025021306,2026-04-15,VGK,SEA,0.675761,0.324239,VGK,1,VGK,1,0,REAL_NHL_API_OR_DERIVED_FROM_REAL
20252026,2025021307,2026-04-16,NSH,ANA,0.590333,0.409667,NSH,0,ANA,0,0,REAL_NHL_API_OR_DERIVED_FROM_REAL
20252026,2025021308,2026-04-16,WPG,SJS,0.636167,0.363833,WPG,0,SJS,0,0,REAL_NHL_API_OR_DERIVED_FROM_REAL
20252026,2025021309,2026-04-16,UTA,STL,0.363883,0.636117,STL,0,STL,1,0,REAL_NHL_API_OR_DERIVED_FROM_REAL
20252026,2025021310,2026-04-16,CGY,LAK,0.552132,0.447868,CGY,1,CGY,1,0,REAL_NHL_API_OR_DERIVED_FROM_REAL
20252026,2025021311,2026-04-16,EDM,VAN,0.557595,0.442405,EDM,1,EDM,1,0,REAL_NHL_API_OR_DERIVED_FROM_REAL
20252026,2025021312,2026-04-16,COL,SEA,0.604006,0.395994,COL,1,COL,1,0,REAL_NHL_API_OR_DERIVED_FROM_REAL
