model_id,fold_train_end_season,fold_test_season,season,game_id,game_date,home_team_abbrev,away_team_abbrev,actual_home_win,home_win_probability,away_win_probability,predicted_winner_abbrev,is_correct_pick,recency_candidate_id,recency_selector_mode,recency_selector_regime,recency_mode,recency_season_half_life,recency_game_half_life,recency_min_weight,recency_normalize_mean_one,recency_base_mode,recency_base_season_half_life,recency_base_game_half_life,recency_base_min_weight,recency_base_normalize_mean_one
logistic_engineered,20222023,20232024,20232024,2023020001,2023-10-10,TBL,NSH,1,0.593814,0.406186,TBL,1,single,season_regime,early,hybrid_exponential,0.85,552.5,0.09,True,hybrid_exponential,1.0,650.0,0.1,True
logistic_engineered,20222023,20232024,20232024,2023020002,2023-10-10,PIT,CHI,0,0.625959,0.374041,PIT,0,single,season_regime,early,hybrid_exponential,0.85,552.5,0.09,True,hybrid_exponential,1.0,650.0,0.1,True
logistic_engineered,20222023,20232024,20232024,2023020003,2023-10-10,VGK,SEA,1,0.401163,0.598837,SEA,0,single,season_regime,early,hybrid_exponential,0.85,552.5,0.09,True,hybrid_exponential,1.0,650.0,0.1,True
logistic_engineered,20222023,20232024,20232024,2023020004,2023-10-11,CAR,OTT,1,0.456614,0.543386,OTT,0,single,season_regime,early,hybrid_exponential,0.85,552.5,0.09,True,hybrid_exponential,1.0,650.0,0.1,True
logistic_engineered,20222023,20232024,20232024,2023020005,2023-10-11,TOR,MTL,1,0.706328,0.293672,TOR,1,single,season_regime,early,hybrid_exponential,0.85,552.5,0.09,True,hybrid_exponential,1.0,650.0,0.1,True
logistic_engineered,20222023,20232024,20232024,2023020006,2023-10-11,BOS,CHI,1,0.704426,0.295574,BOS,1,single,season_regime,early,hybrid_exponential,0.85,552.5,0.09,True,hybrid_exponential,1.0,650.0,0.1,True
logistic_engineered,20222023,20232024,20232024,2023020007,2023-10-11,CGY,WPG,1,0.445097,0.554903,WPG,0,single,season_regime,early,hybrid_exponential,0.85,552.5,0.09,True,hybrid_exponential,1.0,650.0,0.1,True
logistic_engineered,20222023,20232024,20232024,2023020008,2023-10-11,LAK,COL,0,0.613395,0.386605,LAK,0,single,season_regime,early,hybrid_exponential,0.85,552.5,0.09,True,hybrid_exponential,1.0,650.0,0.1,True
logistic_engineered,20222023,20232024,20232024,2023020009,2023-10-11,VAN,EDM,1,0.44932,0.55068,EDM,0,single,season_regime,early,hybrid_exponential,0.85,552.5,0.09,True,hybrid_exponential,1.0,650.0,0.1,True
logistic_engineered,20222023,20232024,20232024,2023020010,2023-10-12,BUF,NYR,0,0.553376,0.446624,BUF,0,single,season_regime,early,hybrid_exponential,0.85,552.5,0.09,True,hybrid_exponential,1.0,650.0,0.1,True
logistic_engineered,20222023,20232024,20232024,2023020011,2023-10-12,CBJ,PHI,0,0.474422,0.525578,PHI,1,single,season_regime,early,hybrid_exponential,0.85,552.5,0.09,True,hybrid_exponential,1.0,650.0,0.1,True
logistic_engineered,20222023,20232024,20232024,2023020012,2023-10-12,NJD,DET,1,0.730564,0.269436,NJD,1,single,season_regime,early,hybrid_exponential,0.85,552.5,0.09,True,hybrid_exponential,1.0,650.0,0.1,True
logistic_engineered,20222023,20232024,20232024,2023020013,2023-10-12,DAL,STL,1,0.622395,0.377605,DAL,1,single,season_regime,early,hybrid_exponential,0.85,552.5,0.09,True,hybrid_exponential,1.0,650.0,0.1,True
logistic_engineered,20222023,20232024,20232024,2023020014,2023-10-12,MIN,FLA,1,0.576018,0.423982,MIN,1,single,season_regime,early,hybrid_exponential,0.85,552.5,0.09,True,hybrid_exponential,1.0,650.0,0.1,True
logistic_engineered,20222023,20232024,20232024,2023020015,2023-10-12,NSH,SEA,1,0.455684,0.544316,SEA,0,single,season_regime,early,hybrid_exponential,0.85,552.5,0.09,True,hybrid_exponential,1.0,650.0,0.1,True
logistic_engineered,20222023,20232024,20232024,2023020016,2023-10-12,SJS,VGK,0,0.357644,0.642356,VGK,1,single,season_regime,early,hybrid_exponential,0.85,552.5,0.09,True,hybrid_exponential,1.0,650.0,0.1,True
logistic_engineered,20222023,20232024,20232024,2023020017,2023-10-13,NJD,UTA,0,0.607901,0.392099,NJD,0,single,season_regime,early,hybrid_exponential,0.85,552.5,0.09,True,hybrid_exponential,1.0,650.0,0.1,True
logistic_engineered,20222023,20232024,20232024,2023020018,2023-10-13,WSH,PIT,0,0.376712,0.623288,PIT,1,single,season_regime,early,hybrid_exponential,0.85,552.5,0.09,True,hybrid_exponential,1.0,650.0,0.1,True
logistic_engineered,20222023,20232024,20232024,2023020019,2023-10-14,OTT,PHI,1,0.343718,0.656282,PHI,0,single,season_regime,early,hybrid_exponential,0.85,552.5,0.09,True,hybrid_exponential,1.0,650.0,0.1,True
logistic_engineered,20222023,20232024,20232024,2023020020,2023-10-14,WPG,FLA,1,0.518797,0.481203,WPG,1,single,season_regime,early,hybrid_exponential,0.85,552.5,0.09,True,hybrid_exponential,1.0,650.0,0.1,True
logistic_engineered,20222023,20232024,20232024,2023020021,2023-10-14,BOS,NSH,1,0.733284,0.266716,BOS,1,single,season_regime,early,hybrid_exponential,0.85,552.5,0.09,True,hybrid_exponential,1.0,650.0,0.1,True
logistic_engineered,20222023,20232024,20232024,2023020022,2023-10-14,CBJ,NYR,1,0.079319,0.920681,NYR,0,single,season_regime,early,hybrid_exponential,0.85,552.5,0.09,True,hybrid_exponential,1.0,650.0,0.1,True
logistic_engineered,20222023,20232024,20232024,2023020023,2023-10-14,DET,TBL,1,0.249334,0.750666,TBL,0,single,season_regime,early,hybrid_exponential,0.85,552.5,0.09,True,hybrid_exponential,1.0,650.0,0.1,True
logistic_engineered,20222023,20232024,20232024,2023020024,2023-10-14,MTL,CHI,1,0.444588,0.555412,CHI,0,single,season_regime,early,hybrid_exponential,0.85,552.5,0.09,True,hybrid_exponential,1.0,650.0,0.1,True
logistic_engineered,20222023,20232024,20232024,2023020025,2023-10-14,PIT,CGY,1,0.385496,0.614504,CGY,0,single,season_regime,early,hybrid_exponential,0.85,552.5,0.09,True,hybrid_exponential,1.0,650.0,0.1,True
logistic_engineered,20222023,20232024,20232024,2023020026,2023-10-14,TOR,MIN,1,0.534122,0.465878,TOR,1,single,season_regime,early,hybrid_exponential,0.85,552.5,0.09,True,hybrid_exponential,1.0,650.0,0.1,True
logistic_engineered,20222023,20232024,20232024,2023020027,2023-10-14,NYI,BUF,1,0.457682,0.542318,BUF,0,single,season_regime,early,hybrid_exponential,0.85,552.5,0.09,True,hybrid_exponential,1.0,650.0,0.1,True
logistic_engineered,20222023,20232024,20232024,2023020028,2023-10-14,STL,SEA,1,0.449219,0.550781,SEA,0,single,season_regime,early,hybrid_exponential,0.85,552.5,0.09,True,hybrid_exponential,1.0,650.0,0.1,True
logistic_engineered,20222023,20232024,20232024,2023020029,2023-10-14,EDM,VAN,0,0.33237,0.66763,VAN,1,single,season_regime,early,hybrid_exponential,0.85,552.5,0.09,True,hybrid_exponential,1.0,650.0,0.1,True
logistic_engineered,20222023,20232024,20232024,2023020030,2023-10-14,SJS,COL,0,0.142565,0.857435,COL,1,single,season_regime,early,hybrid_exponential,0.85,552.5,0.09,True,hybrid_exponential,1.0,650.0,0.1,True
logistic_engineered,20222023,20232024,20232024,2023020031,2023-10-14,VGK,ANA,1,0.647231,0.352769,VGK,1,single,season_regime,early,hybrid_exponential,0.85,552.5,0.09,True,hybrid_exponential,1.0,650.0,0.1,True
logistic_engineered,20222023,20232024,20232024,2023020032,2023-10-14,LAK,CAR,0,0.263764,0.736236,CAR,1,single,season_regime,early,hybrid_exponential,0.85,552.5,0.09,True,hybrid_exponential,1.0,650.0,0.1,True
logistic_engineered,20222023,20232024,20232024,2023020033,2023-10-15,OTT,TBL,1,0.438576,0.561424,TBL,0,single,season_regime,early,hybrid_exponential,0.85,552.5,0.09,True,hybrid_exponential,1.0,650.0,0.1,True
logistic_engineered,20222023,20232024,20232024,2023020034,2023-10-15,ANA,CAR,1,0.214702,0.785298,CAR,0,single,season_regime,early,hybrid_exponential,0.85,552.5,0.09,True,hybrid_exponential,1.0,650.0,0.1,True
logistic_engineered,20222023,20232024,20232024,2023020035,2023-10-16,CBJ,DET,0,0.521195,0.478805,CBJ,0,single,season_regime,early,hybrid_exponential,0.85,552.5,0.09,True,hybrid_exponential,1.0,650.0,0.1,True
logistic_engineered,20222023,20232024,20232024,2023020036,2023-10-16,NJD,FLA,0,0.693536,0.306464,NJD,0,single,season_regime,early,hybrid_exponential,0.85,552.5,0.09,True,hybrid_exponential,1.0,650.0,0.1,True
logistic_engineered,20222023,20232024,20232024,2023020037,2023-10-16,NYR,UTA,1,0.555836,0.444164,NYR,1,single,season_regime,early,hybrid_exponential,0.85,552.5,0.09,True,hybrid_exponential,1.0,650.0,0.1,True
logistic_engineered,20222023,20232024,20232024,2023020038,2023-10-16,TOR,CHI,0,0.755708,0.244292,TOR,0,single,season_regime,early,hybrid_exponential,0.85,552.5,0.09,True,hybrid_exponential,1.0,650.0,0.1,True
logistic_engineered,20222023,20232024,20232024,2023020039,2023-10-16,WSH,CGY,1,0.296496,0.703504,CGY,0,single,season_regime,early,hybrid_exponential,0.85,552.5,0.09,True,hybrid_exponential,1.0,650.0,0.1,True
logistic_engineered,20222023,20232024,20232024,2023020040,2023-10-17,BUF,TBL,1,0.392243,0.607757,TBL,0,single,season_regime,early,hybrid_exponential,0.85,552.5,0.09,True,hybrid_exponential,1.0,650.0,0.1,True
logistic_engineered,20222023,20232024,20232024,2023020041,2023-10-17,MTL,MIN,0,0.448608,0.551392,MIN,1,single,season_regime,early,hybrid_exponential,0.85,552.5,0.09,True,hybrid_exponential,1.0,650.0,0.1,True
logistic_engineered,20222023,20232024,20232024,2023020042,2023-10-17,PHI,VAN,1,0.337752,0.662248,VAN,0,single,season_regime,early,hybrid_exponential,0.85,552.5,0.09,True,hybrid_exponential,1.0,650.0,0.1,True
logistic_engineered,20222023,20232024,20232024,2023020043,2023-10-17,NYI,UTA,1,0.797607,0.202393,NYI,1,single,season_regime,early,hybrid_exponential,0.85,552.5,0.09,True,hybrid_exponential,1.0,650.0,0.1,True
logistic_engineered,20222023,20232024,20232024,2023020044,2023-10-17,NSH,EDM,0,0.520358,0.479642,NSH,0,single,season_regime,early,hybrid_exponential,0.85,552.5,0.09,True,hybrid_exponential,1.0,650.0,0.1,True
logistic_engineered,20222023,20232024,20232024,2023020045,2023-10-17,WPG,LAK,0,0.637601,0.362399,WPG,0,single,season_regime,early,hybrid_exponential,0.85,552.5,0.09,True,hybrid_exponential,1.0,650.0,0.1,True
logistic_engineered,20222023,20232024,20232024,2023020046,2023-10-17,SEA,COL,0,0.307502,0.692498,COL,1,single,season_regime,early,hybrid_exponential,0.85,552.5,0.09,True,hybrid_exponential,1.0,650.0,0.1,True
logistic_engineered,20222023,20232024,20232024,2023020047,2023-10-17,SJS,CAR,0,0.390336,0.609664,CAR,1,single,season_regime,early,hybrid_exponential,0.85,552.5,0.09,True,hybrid_exponential,1.0,650.0,0.1,True
logistic_engineered,20222023,20232024,20232024,2023020048,2023-10-17,VGK,DAL,1,0.55165,0.44835,VGK,1,single,season_regime,early,hybrid_exponential,0.85,552.5,0.09,True,hybrid_exponential,1.0,650.0,0.1,True
logistic_engineered,20222023,20232024,20232024,2023020049,2023-10-18,OTT,WSH,1,0.647221,0.352779,OTT,1,single,season_regime,early,hybrid_exponential,0.85,552.5,0.09,True,hybrid_exponential,1.0,650.0,0.1,True
logistic_engineered,20222023,20232024,20232024,2023020050,2023-10-18,DET,PIT,1,0.462362,0.537638,PIT,0,single,season_regime,early,hybrid_exponential,0.85,552.5,0.09,True,hybrid_exponential,1.0,650.0,0.1,True
logistic_engineered,20222023,20232024,20232024,2023020051,2023-10-19,BUF,CGY,0,0.661732,0.338268,BUF,0,single,season_regime,early,hybrid_exponential,0.85,552.5,0.09,True,hybrid_exponential,1.0,650.0,0.1,True
logistic_engineered,20222023,20232024,20232024,2023020052,2023-10-19,FLA,TOR,1,0.392508,0.607492,TOR,0,single,season_regime,early,hybrid_exponential,0.85,552.5,0.09,True,hybrid_exponential,1.0,650.0,0.1,True
logistic_engineered,20222023,20232024,20232024,2023020053,2023-10-19,NYR,NSH,0,0.616,0.384,NYR,0,single,season_regime,early,hybrid_exponential,0.85,552.5,0.09,True,hybrid_exponential,1.0,650.0,0.1,True
logistic_engineered,20222023,20232024,20232024,2023020054,2023-10-19,PHI,EDM,1,0.505606,0.494394,PHI,1,single,season_regime,early,hybrid_exponential,0.85,552.5,0.09,True,hybrid_exponential,1.0,650.0,0.1,True
logistic_engineered,20222023,20232024,20232024,2023020055,2023-10-19,TBL,VAN,1,0.454874,0.545126,VAN,0,single,season_regime,early,hybrid_exponential,0.85,552.5,0.09,True,hybrid_exponential,1.0,650.0,0.1,True
logistic_engineered,20222023,20232024,20232024,2023020056,2023-10-19,MIN,LAK,0,0.472388,0.527612,LAK,1,single,season_regime,early,hybrid_exponential,0.85,552.5,0.09,True,hybrid_exponential,1.0,650.0,0.1,True
logistic_engineered,20222023,20232024,20232024,2023020057,2023-10-19,STL,UTA,0,0.560303,0.439697,STL,0,single,season_regime,early,hybrid_exponential,0.85,552.5,0.09,True,hybrid_exponential,1.0,650.0,0.1,True
logistic_engineered,20222023,20232024,20232024,2023020058,2023-10-19,WPG,VGK,0,0.255895,0.744105,VGK,1,single,season_regime,early,hybrid_exponential,0.85,552.5,0.09,True,hybrid_exponential,1.0,650.0,0.1,True
logistic_engineered,20222023,20232024,20232024,2023020059,2023-10-19,ANA,DAL,0,0.514816,0.485184,ANA,0,single,season_regime,early,hybrid_exponential,0.85,552.5,0.09,True,hybrid_exponential,1.0,650.0,0.1,True
logistic_engineered,20222023,20232024,20232024,2023020060,2023-10-19,SEA,CAR,1,0.399684,0.600316,CAR,0,single,season_regime,early,hybrid_exponential,0.85,552.5,0.09,True,hybrid_exponential,1.0,650.0,0.1,True
logistic_engineered,20222023,20232024,20232024,2023020061,2023-10-19,COL,CHI,1,0.689676,0.310324,COL,1,single,season_regime,early,hybrid_exponential,0.85,552.5,0.09,True,hybrid_exponential,1.0,650.0,0.1,True
logistic_engineered,20222023,20232024,20232024,2023020062,2023-10-19,SJS,BOS,0,0.200389,0.799611,BOS,1,single,season_regime,early,hybrid_exponential,0.85,552.5,0.09,True,hybrid_exponential,1.0,650.0,0.1,True
logistic_engineered,20222023,20232024,20232024,2023020063,2023-10-20,CBJ,CGY,1,0.446964,0.553036,CGY,0,single,season_regime,early,hybrid_exponential,0.85,552.5,0.09,True,hybrid_exponential,1.0,650.0,0.1,True
logistic_engineered,20222023,20232024,20232024,2023020064,2023-10-20,NYI,NJD,0,0.57347,0.42653,NYI,0,single,season_regime,early,hybrid_exponential,0.85,552.5,0.09,True,hybrid_exponential,1.0,650.0,0.1,True
logistic_engineered,20222023,20232024,20232024,2023020065,2023-10-21,OTT,DET,0,0.568649,0.431351,OTT,0,single,season_regime,early,hybrid_exponential,0.85,552.5,0.09,True,hybrid_exponential,1.0,650.0,0.1,True
logistic_engineered,20222023,20232024,20232024,2023020066,2023-10-21,UTA,ANA,1,0.588735,0.411265,UTA,1,single,season_regime,early,hybrid_exponential,0.85,552.5,0.09,True,hybrid_exponential,1.0,650.0,0.1,True
logistic_engineered,20222023,20232024,20232024,2023020067,2023-10-21,BUF,NYI,1,0.376095,0.623905,NYI,0,single,season_regime,early,hybrid_exponential,0.85,552.5,0.09,True,hybrid_exponential,1.0,650.0,0.1,True
logistic_engineered,20222023,20232024,20232024,2023020068,2023-10-21,FLA,VAN,0,0.563875,0.436125,FLA,0,single,season_regime,early,hybrid_exponential,0.85,552.5,0.09,True,hybrid_exponential,1.0,650.0,0.1,True
logistic_engineered,20222023,20232024,20232024,2023020069,2023-10-21,MTL,WSH,1,0.527443,0.472557,MTL,1,single,season_regime,early,hybrid_exponential,0.85,552.5,0.09,True,hybrid_exponential,1.0,650.0,0.1,True
logistic_engineered,20222023,20232024,20232024,2023020070,2023-10-21,TBL,TOR,0,0.690739,0.309261,TBL,0,single,season_regime,early,hybrid_exponential,0.85,552.5,0.09,True,hybrid_exponential,1.0,650.0,0.1,True
logistic_engineered,20222023,20232024,20232024,2023020071,2023-10-21,CHI,VGK,0,0.220818,0.779182,VGK,1,single,season_regime,early,hybrid_exponential,0.85,552.5,0.09,True,hybrid_exponential,1.0,650.0,0.1,True
logistic_engineered,20222023,20232024,20232024,2023020072,2023-10-21,DAL,PHI,1,0.641827,0.358173,DAL,1,single,season_regime,early,hybrid_exponential,0.85,552.5,0.09,True,hybrid_exponential,1.0,650.0,0.1,True
logistic_engineered,20222023,20232024,20232024,2023020073,2023-10-21,MIN,CBJ,0,0.623258,0.376742,MIN,0,single,season_regime,early,hybrid_exponential,0.85,552.5,0.09,True,hybrid_exponential,1.0,650.0,0.1,True
logistic_engineered,20222023,20232024,20232024,2023020074,2023-10-21,NSH,SJS,1,0.653648,0.346352,NSH,1,single,season_regime,early,hybrid_exponential,0.85,552.5,0.09,True,hybrid_exponential,1.0,650.0,0.1,True
logistic_engineered,20222023,20232024,20232024,2023020075,2023-10-21,STL,PIT,1,0.366078,0.633922,PIT,0,single,season_regime,early,hybrid_exponential,0.85,552.5,0.09,True,hybrid_exponential,1.0,650.0,0.1,True
logistic_engineered,20222023,20232024,20232024,2023020076,2023-10-21,COL,CAR,1,0.587284,0.412716,COL,1,single,season_regime,early,hybrid_exponential,0.85,552.5,0.09,True,hybrid_exponential,1.0,650.0,0.1,True
logistic_engineered,20222023,20232024,20232024,2023020077,2023-10-21,EDM,WPG,0,0.557027,0.442973,EDM,0,single,season_regime,early,hybrid_exponential,0.85,552.5,0.09,True,hybrid_exponential,1.0,650.0,0.1,True
logistic_engineered,20222023,20232024,20232024,2023020078,2023-10-21,SEA,NYR,0,0.385066,0.614934,NYR,1,single,season_regime,early,hybrid_exponential,0.85,552.5,0.09,True,hybrid_exponential,1.0,650.0,0.1,True
logistic_engineered,20222023,20232024,20232024,2023020079,2023-10-21,LAK,BOS,0,0.42182,0.57818,BOS,1,single,season_regime,early,hybrid_exponential,0.85,552.5,0.09,True,hybrid_exponential,1.0,650.0,0.1,True
logistic_engineered,20222023,20232024,20232024,2023020080,2023-10-22,DET,CGY,1,0.512157,0.487843,DET,1,single,season_regime,early,hybrid_exponential,0.85,552.5,0.09,True,hybrid_exponential,1.0,650.0,0.1,True
logistic_engineered,20222023,20232024,20232024,2023020081,2023-10-22,ANA,BOS,0,0.253055,0.746945,BOS,1,single,season_regime,early,hybrid_exponential,0.85,552.5,0.09,True,hybrid_exponential,1.0,650.0,0.1,True
logistic_engineered,20222023,20232024,20232024,2023020082,2023-10-23,BUF,MTL,0,0.637434,0.362566,BUF,0,single,season_regime,early,hybrid_exponential,0.85,552.5,0.09,True,hybrid_exponential,1.0,650.0,0.1,True
logistic_engineered,20222023,20232024,20232024,2023020083,2023-10-24,WSH,TOR,0,0.33996,0.66004,TOR,1,single,season_regime,early,hybrid_exponential,0.85,552.5,0.09,True,hybrid_exponential,1.0,650.0,0.1,True
logistic_engineered,20222023,20232024,20232024,2023020084,2023-10-24,CBJ,ANA,0,0.712562,0.287438,CBJ,0,single,season_regime,early,hybrid_exponential,0.85,552.5,0.09,True,hybrid_exponential,1.0,650.0,0.1,True
logistic_engineered,20222023,20232024,20232024,2023020085,2023-10-24,OTT,BUF,0,0.533396,0.466604,OTT,0,single,season_regime,early,hybrid_exponential,0.85,552.5,0.09,True,hybrid_exponential,1.0,650.0,0.1,True
logistic_engineered,20222023,20232024,20232024,2023020086,2023-10-24,TBL,CAR,1,0.484377,0.515623,CAR,0,single,season_regime,early,hybrid_exponential,0.85,552.5,0.09,True,hybrid_exponential,1.0,650.0,0.1,True
logistic_engineered,20222023,20232024,20232024,2023020087,2023-10-24,MTL,NJD,0,0.340249,0.659751,NJD,1,single,season_regime,early,hybrid_exponential,0.85,552.5,0.09,True,hybrid_exponential,1.0,650.0,0.1,True
logistic_engineered,20222023,20232024,20232024,2023020088,2023-10-24,PIT,DAL,0,0.41228,0.58772,DAL,1,single,season_regime,early,hybrid_exponential,0.85,552.5,0.09,True,hybrid_exponential,1.0,650.0,0.1,True
logistic_engineered,20222023,20232024,20232024,2023020089,2023-10-24,FLA,SJS,1,0.723388,0.276612,FLA,1,single,season_regime,early,hybrid_exponential,0.85,552.5,0.09,True,hybrid_exponential,1.0,650.0,0.1,True
logistic_engineered,20222023,20232024,20232024,2023020090,2023-10-24,NYI,COL,0,0.316179,0.683821,COL,1,single,season_regime,early,hybrid_exponential,0.85,552.5,0.09,True,hybrid_exponential,1.0,650.0,0.1,True
logistic_engineered,20222023,20232024,20232024,2023020091,2023-10-24,DET,SEA,0,0.66773,0.33227,DET,0,single,season_regime,early,hybrid_exponential,0.85,552.5,0.09,True,hybrid_exponential,1.0,650.0,0.1,True
logistic_engineered,20222023,20232024,20232024,2023020092,2023-10-24,CHI,BOS,0,0.220099,0.779901,BOS,1,single,season_regime,early,hybrid_exponential,0.85,552.5,0.09,True,hybrid_exponential,1.0,650.0,0.1,True
logistic_engineered,20222023,20232024,20232024,2023020093,2023-10-24,WPG,STL,1,0.600915,0.399085,WPG,1,single,season_regime,early,hybrid_exponential,0.85,552.5,0.09,True,hybrid_exponential,1.0,650.0,0.1,True
logistic_engineered,20222023,20232024,20232024,2023020094,2023-10-24,MIN,EDM,1,0.495853,0.504147,EDM,0,single,season_regime,early,hybrid_exponential,0.85,552.5,0.09,True,hybrid_exponential,1.0,650.0,0.1,True
logistic_engineered,20222023,20232024,20232024,2023020095,2023-10-24,NSH,VAN,0,0.524263,0.475737,NSH,0,single,season_regime,early,hybrid_exponential,0.85,552.5,0.09,True,hybrid_exponential,1.0,650.0,0.1,True
logistic_engineered,20222023,20232024,20232024,2023020096,2023-10-24,CGY,NYR,0,0.346906,0.653094,NYR,1,single,season_regime,early,hybrid_exponential,0.85,552.5,0.09,True,hybrid_exponential,1.0,650.0,0.1,True
logistic_engineered,20222023,20232024,20232024,2023020097,2023-10-24,LAK,UTA,1,0.718111,0.281889,LAK,1,single,season_regime,early,hybrid_exponential,0.85,552.5,0.09,True,hybrid_exponential,1.0,650.0,0.1,True
logistic_engineered,20222023,20232024,20232024,2023020098,2023-10-24,VGK,PHI,1,0.778709,0.221291,VGK,1,single,season_regime,early,hybrid_exponential,0.85,552.5,0.09,True,hybrid_exponential,1.0,650.0,0.1,True
logistic_engineered,20222023,20232024,20232024,2023020099,2023-10-25,NJD,WSH,0,0.692969,0.307031,NJD,0,single,season_regime,early,hybrid_exponential,0.85,552.5,0.09,True,hybrid_exponential,1.0,650.0,0.1,True
logistic_engineered,20222023,20232024,20232024,2023020100,2023-10-26,BOS,ANA,0,0.743942,0.256058,BOS,0,single,season_regime,early,hybrid_exponential,0.85,552.5,0.09,True,hybrid_exponential,1.0,650.0,0.1,True
logistic_engineered,20222023,20232024,20232024,2023020101,2023-10-26,CAR,SEA,1,0.520603,0.479397,CAR,1,single,season_regime,early,hybrid_exponential,0.85,552.5,0.09,True,hybrid_exponential,1.0,650.0,0.1,True
logistic_engineered,20222023,20232024,20232024,2023020102,2023-10-26,DET,WPG,0,0.4731,0.5269,WPG,1,single,season_regime,early,hybrid_exponential,0.85,552.5,0.09,True,hybrid_exponential,1.0,650.0,0.1,True
logistic_engineered,20222023,20232024,20232024,2023020103,2023-10-26,MTL,CBJ,1,0.461071,0.538929,CBJ,0,single,season_regime,early,hybrid_exponential,0.85,552.5,0.09,True,hybrid_exponential,1.0,650.0,0.1,True
logistic_engineered,20222023,20232024,20232024,2023020104,2023-10-26,PHI,MIN,1,0.487549,0.512451,MIN,0,single,season_regime,early,hybrid_exponential,0.85,552.5,0.09,True,hybrid_exponential,1.0,650.0,0.1,True
logistic_engineered,20222023,20232024,20232024,2023020105,2023-10-26,PIT,COL,1,0.350289,0.649711,COL,0,single,season_regime,early,hybrid_exponential,0.85,552.5,0.09,True,hybrid_exponential,1.0,650.0,0.1,True
logistic_engineered,20222023,20232024,20232024,2023020106,2023-10-26,TBL,SJS,1,0.893645,0.106355,TBL,1,single,season_regime,early,hybrid_exponential,0.85,552.5,0.09,True,hybrid_exponential,1.0,650.0,0.1,True
logistic_engineered,20222023,20232024,20232024,2023020107,2023-10-26,NYI,OTT,1,0.538973,0.461027,NYI,1,single,season_regime,early,hybrid_exponential,0.85,552.5,0.09,True,hybrid_exponential,1.0,650.0,0.1,True
logistic_engineered,20222023,20232024,20232024,2023020108,2023-10-26,DAL,TOR,0,0.552195,0.447805,DAL,0,single,season_regime,early,hybrid_exponential,0.85,552.5,0.09,True,hybrid_exponential,1.0,650.0,0.1,True
logistic_engineered,20222023,20232024,20232024,2023020109,2023-10-26,CGY,STL,0,0.694984,0.305016,CGY,0,single,season_regime,early,hybrid_exponential,0.85,552.5,0.09,True,hybrid_exponential,1.0,650.0,0.1,True
logistic_engineered,20222023,20232024,20232024,2023020110,2023-10-26,EDM,NYR,0,0.360873,0.639127,NYR,1,single,season_regime,early,hybrid_exponential,0.85,552.5,0.09,True,hybrid_exponential,1.0,650.0,0.1,True
logistic_engineered,20222023,20232024,20232024,2023020111,2023-10-27,VGK,CHI,0,0.795683,0.204317,VGK,0,single,season_regime,early,hybrid_exponential,0.85,552.5,0.09,True,hybrid_exponential,1.0,650.0,0.1,True
logistic_engineered,20222023,20232024,20232024,2023020112,2023-10-27,CAR,SJS,1,0.80008,0.19992,CAR,1,single,season_regime,early,hybrid_exponential,0.85,552.5,0.09,True,hybrid_exponential,1.0,650.0,0.1,True
logistic_engineered,20222023,20232024,20232024,2023020113,2023-10-27,NJD,BUF,1,0.75552,0.24448,NJD,1,single,season_regime,early,hybrid_exponential,0.85,552.5,0.09,True,hybrid_exponential,1.0,650.0,0.1,True
logistic_engineered,20222023,20232024,20232024,2023020114,2023-10-27,WSH,MIN,1,0.506765,0.493235,WSH,1,single,season_regime,early,hybrid_exponential,0.85,552.5,0.09,True,hybrid_exponential,1.0,650.0,0.1,True
logistic_engineered,20222023,20232024,20232024,2023020115,2023-10-27,UTA,LAK,0,0.505822,0.494178,UTA,0,single,season_regime,early,hybrid_exponential,0.85,552.5,0.09,True,hybrid_exponential,1.0,650.0,0.1,True
logistic_engineered,20222023,20232024,20232024,2023020116,2023-10-27,VAN,STL,1,0.802568,0.197432,VAN,1,single,season_regime,early,hybrid_exponential,0.85,552.5,0.09,True,hybrid_exponential,1.0,650.0,0.1,True
logistic_engineered,20222023,20232024,20232024,2023020117,2023-10-28,PHI,ANA,0,0.60756,0.39244,PHI,0,single,season_regime,early,hybrid_exponential,0.85,552.5,0.09,True,hybrid_exponential,1.0,650.0,0.1,True
logistic_engineered,20222023,20232024,20232024,2023020118,2023-10-28,FLA,SEA,1,0.596618,0.403382,FLA,1,single,season_regime,early,hybrid_exponential,0.85,552.5,0.09,True,hybrid_exponential,1.0,650.0,0.1,True
logistic_engineered,20222023,20232024,20232024,2023020119,2023-10-28,BOS,DET,1,0.641818,0.358182,BOS,1,single,season_regime,early,hybrid_exponential,0.85,552.5,0.09,True,hybrid_exponential,1.0,650.0,0.1,True
logistic_engineered,20222023,20232024,20232024,2023020120,2023-10-28,CBJ,NYI,0,0.402165,0.597835,NYI,1,single,season_regime,early,hybrid_exponential,0.85,552.5,0.09,True,hybrid_exponential,1.0,650.0,0.1,True
logistic_engineered,20222023,20232024,20232024,2023020121,2023-10-28,MTL,WPG,1,0.327878,0.672122,WPG,0,single,season_regime,early,hybrid_exponential,0.85,552.5,0.09,True,hybrid_exponential,1.0,650.0,0.1,True
logistic_engineered,20222023,20232024,20232024,2023020122,2023-10-28,NSH,TOR,1,0.363448,0.636552,TOR,0,single,season_regime,early,hybrid_exponential,0.85,552.5,0.09,True,hybrid_exponential,1.0,650.0,0.1,True
logistic_engineered,20222023,20232024,20232024,2023020123,2023-10-28,PIT,OTT,0,0.447706,0.552294,OTT,1,single,season_regime,early,hybrid_exponential,0.85,552.5,0.09,True,hybrid_exponential,1.0,650.0,0.1,True
logistic_engineered,20222023,20232024,20232024,2023020124,2023-10-28,VAN,NYR,0,0.359876,0.640124,NYR,1,single,season_regime,early,hybrid_exponential,0.85,552.5,0.09,True,hybrid_exponential,1.0,650.0,0.1,True
logistic_engineered,20222023,20232024,20232024,2023020125,2023-10-28,LAK,VGK,0,0.403861,0.596139,VGK,1,single,season_regime,early,hybrid_exponential,0.85,552.5,0.09,True,hybrid_exponential,1.0,650.0,0.1,True
logistic_engineered,20222023,20232024,20232024,2023020126,2023-10-29,BUF,COL,1,0.34527,0.65473,COL,0,single,season_regime,early,hybrid_exponential,0.85,552.5,0.09,True,hybrid_exponential,1.0,650.0,0.1,True
logistic_engineered,20222023,20232024,20232024,2023020127,2023-10-29,NJD,MIN,1,0.670629,0.329371,NJD,1,single,season_regime,early,hybrid_exponential,0.85,552.5,0.09,True,hybrid_exponential,1.0,650.0,0.1,True
logistic_engineered,20222023,20232024,20232024,2023020128,2023-10-29,WSH,SJS,1,0.771813,0.228187,WSH,1,single,season_regime,early,hybrid_exponential,0.85,552.5,0.09,True,hybrid_exponential,1.0,650.0,0.1,True
logistic_engineered,20222023,20232024,20232024,2023020129,2023-10-29,EDM,CGY,1,0.571836,0.428164,EDM,1,single,season_regime,early,hybrid_exponential,0.85,552.5,0.09,True,hybrid_exponential,1.0,650.0,0.1,True
logistic_engineered,20222023,20232024,20232024,2023020130,2023-10-30,BOS,FLA,1,0.569329,0.430671,BOS,1,single,season_regime,early,hybrid_exponential,0.85,552.5,0.09,True,hybrid_exponential,1.0,650.0,0.1,True
logistic_engineered,20222023,20232024,20232024,2023020131,2023-10-30,PHI,CAR,0,0.493051,0.506949,CAR,1,single,season_regime,early,hybrid_exponential,0.85,552.5,0.09,True,hybrid_exponential,1.0,650.0,0.1,True
logistic_engineered,20222023,20232024,20232024,2023020132,2023-10-30,PIT,ANA,0,0.63378,0.36622,PIT,0,single,season_regime,early,hybrid_exponential,0.85,552.5,0.09,True,hybrid_exponential,1.0,650.0,0.1,True
logistic_engineered,20222023,20232024,20232024,2023020133,2023-10-30,TBL,SEA,0,0.629705,0.370295,TBL,0,single,season_regime,early,hybrid_exponential,0.85,552.5,0.09,True,hybrid_exponential,1.0,650.0,0.1,True
logistic_engineered,20222023,20232024,20232024,2023020134,2023-10-30,NYI,DET,0,0.568151,0.431849,NYI,0,single,season_regime,early,hybrid_exponential,0.85,552.5,0.09,True,hybrid_exponential,1.0,650.0,0.1,True
logistic_engineered,20222023,20232024,20232024,2023020135,2023-10-30,WPG,NYR,0,0.390405,0.609595,NYR,1,single,season_regime,early,hybrid_exponential,0.85,552.5,0.09,True,hybrid_exponential,1.0,650.0,0.1,True
logistic_engineered,20222023,20232024,20232024,2023020136,2023-10-30,DAL,CBJ,1,0.70687,0.29313,DAL,1,single,season_regime,early,hybrid_exponential,0.85,552.5,0.09,True,hybrid_exponential,1.0,650.0,0.1,True
logistic_engineered,20222023,20232024,20232024,2023020137,2023-10-30,UTA,CHI,1,0.698265,0.301735,UTA,1,single,season_regime,early,hybrid_exponential,0.85,552.5,0.09,True,hybrid_exponential,1.0,650.0,0.1,True
logistic_engineered,20222023,20232024,20232024,2023020138,2023-10-30,VGK,MTL,1,0.67651,0.32349,VGK,1,single,season_regime,early,hybrid_exponential,0.85,552.5,0.09,True,hybrid_exponential,1.0,650.0,0.1,True
logistic_engineered,20222023,20232024,20232024,2023020139,2023-10-31,TOR,LAK,0,0.480853,0.519147,LAK,1,single,season_regime,early,hybrid_exponential,0.85,552.5,0.09,True,hybrid_exponential,1.0,650.0,0.1,True
logistic_engineered,20222023,20232024,20232024,2023020140,2023-10-31,VAN,NSH,1,0.576202,0.423798,VAN,1,single,season_regime,early,hybrid_exponential,0.85,552.5,0.09,True,hybrid_exponential,1.0,650.0,0.1,True
logistic_engineered,20222023,20232024,20232024,2023020141,2023-11-01,PHI,BUF,0,0.318249,0.681751,BUF,1,single,season_regime,early,hybrid_exponential,0.85,552.5,0.09,True,hybrid_exponential,1.0,650.0,0.1,True
logistic_engineered,20222023,20232024,20232024,2023020142,2023-11-01,CGY,DAL,0,0.336273,0.663727,DAL,1,single,season_regime,early,hybrid_exponential,0.85,552.5,0.09,True,hybrid_exponential,1.0,650.0,0.1,True
logistic_engineered,20222023,20232024,20232024,2023020143,2023-11-01,COL,STL,1,0.778187,0.221813,COL,1,single,season_regime,early,hybrid_exponential,0.85,552.5,0.09,True,hybrid_exponential,1.0,650.0,0.1,True
logistic_engineered,20222023,20232024,20232024,2023020144,2023-11-01,ANA,UTA,1,0.5277,0.4723,ANA,1,single,season_regime,early,hybrid_exponential,0.85,552.5,0.09,True,hybrid_exponential,1.0,650.0,0.1,True
logistic_engineered,20222023,20232024,20232024,2023020145,2023-11-02,BOS,TOR,1,0.614497,0.385503,BOS,1,single,season_regime,early,hybrid_exponential,0.85,552.5,0.09,True,hybrid_exponential,1.0,650.0,0.1,True
logistic_engineered,20222023,20232024,20232024,2023020146,2023-11-02,CBJ,TBL,1,0.359661,0.640339,TBL,0,single,season_regime,early,hybrid_exponential,0.85,552.5,0.09,True,hybrid_exponential,1.0,650.0,0.1,True
logistic_engineered,20222023,20232024,20232024,2023020147,2023-11-02,DET,FLA,0,0.566742,0.433258,DET,0,single,season_regime,early,hybrid_exponential,0.85,552.5,0.09,True,hybrid_exponential,1.0,650.0,0.1,True
logistic_engineered,20222023,20232024,20232024,2023020148,2023-11-02,NYR,CAR,1,0.526833,0.473167,NYR,1,single,season_regime,early,hybrid_exponential,0.85,552.5,0.09,True,hybrid_exponential,1.0,650.0,0.1,True
logistic_engineered,20222023,20232024,20232024,2023020149,2023-11-02,OTT,LAK,0,0.438103,0.561897,LAK,1,single,season_regime,early,hybrid_exponential,0.85,552.5,0.09,True,hybrid_exponential,1.0,650.0,0.1,True
logistic_engineered,20222023,20232024,20232024,2023020150,2023-11-02,WSH,NYI,0,0.40743,0.59257,NYI,1,single,season_regime,early,hybrid_exponential,0.85,552.5,0.09,True,hybrid_exponential,1.0,650.0,0.1,True
logistic_engineered,20222023,20232024,20232024,2023020151,2023-11-02,MIN,NJD,0,0.291627,0.708373,NJD,1,single,season_regime,early,hybrid_exponential,0.85,552.5,0.09,True,hybrid_exponential,1.0,650.0,0.1,True
logistic_engineered,20222023,20232024,20232024,2023020152,2023-11-02,EDM,DAL,0,0.456556,0.543444,DAL,1,single,season_regime,early,hybrid_exponential,0.85,552.5,0.09,True,hybrid_exponential,1.0,650.0,0.1,True
logistic_engineered,20222023,20232024,20232024,2023020153,2023-11-02,UTA,MTL,1,0.463439,0.536561,MTL,0,single,season_regime,early,hybrid_exponential,0.85,552.5,0.09,True,hybrid_exponential,1.0,650.0,0.1,True
logistic_engineered,20222023,20232024,20232024,2023020154,2023-11-02,SEA,NSH,1,0.594453,0.405547,SEA,1,single,season_regime,early,hybrid_exponential,0.85,552.5,0.09,True,hybrid_exponential,1.0,650.0,0.1,True
logistic_engineered,20222023,20232024,20232024,2023020155,2023-11-02,VGK,WPG,1,0.558831,0.441169,VGK,1,single,season_regime,early,hybrid_exponential,0.85,552.5,0.09,True,hybrid_exponential,1.0,650.0,0.1,True
logistic_engineered,20222023,20232024,20232024,2023020156,2023-11-02,SJS,VAN,0,0.212003,0.787997,VAN,1,single,season_regime,early,hybrid_exponential,0.85,552.5,0.09,True,hybrid_exponential,1.0,650.0,0.1,True
logistic_engineered,20222023,20232024,20232024,2023020157,2023-11-03,BUF,PHI,0,0.652717,0.347283,BUF,0,single,season_regime,early,hybrid_exponential,0.85,552.5,0.09,True,hybrid_exponential,1.0,650.0,0.1,True
logistic_engineered,20222023,20232024,20232024,2023020158,2023-11-03,STL,NJD,1,0.288699,0.711301,NJD,0,single,season_regime,early,hybrid_exponential,0.85,552.5,0.09,True,hybrid_exponential,1.0,650.0,0.1,True
logistic_engineered,20222023,20232024,20232024,2023020159,2023-11-04,EDM,NSH,0,0.571224,0.428776,EDM,0,single,season_regime,early,hybrid_exponential,0.85,552.5,0.09,True,hybrid_exponential,1.0,650.0,0.1,True
logistic_engineered,20222023,20232024,20232024,2023020160,2023-11-04,UTA,WPG,0,0.537117,0.462883,UTA,0,single,season_regime,early,hybrid_exponential,0.85,552.5,0.09,True,hybrid_exponential,1.0,650.0,0.1,True
logistic_engineered,20222023,20232024,20232024,2023020161,2023-11-04,DET,BOS,1,0.297083,0.702917,BOS,0,single,season_regime,early,hybrid_exponential,0.85,552.5,0.09,True,hybrid_exponential,1.0,650.0,0.1,True
logistic_engineered,20222023,20232024,20232024,2023020162,2023-11-04,OTT,TBL,0,0.371283,0.628717,TBL,1,single,season_regime,early,hybrid_exponential,0.85,552.5,0.09,True,hybrid_exponential,1.0,650.0,0.1,True
logistic_engineered,20222023,20232024,20232024,2023020163,2023-11-04,PHI,LAK,0,0.18845,0.81155,LAK,1,single,season_regime,early,hybrid_exponential,0.85,552.5,0.09,True,hybrid_exponential,1.0,650.0,0.1,True
logistic_engineered,20222023,20232024,20232024,2023020164,2023-11-04,STL,MTL,1,0.497249,0.502751,MTL,0,single,season_regime,early,hybrid_exponential,0.85,552.5,0.09,True,hybrid_exponential,1.0,650.0,0.1,True
logistic_engineered,20222023,20232024,20232024,2023020165,2023-11-04,TOR,BUF,0,0.768959,0.231041,TOR,0,single,season_regime,early,hybrid_exponential,0.85,552.5,0.09,True,hybrid_exponential,1.0,650.0,0.1,True
logistic_engineered,20222023,20232024,20232024,2023020166,2023-11-04,WSH,CBJ,1,0.537346,0.462654,WSH,1,single,season_regime,early,hybrid_exponential,0.85,552.5,0.09,True,hybrid_exponential,1.0,650.0,0.1,True
logistic_engineered,20222023,20232024,20232024,2023020167,2023-11-04,NYI,CAR,0,0.552192,0.447808,NYI,0,single,season_regime,early,hybrid_exponential,0.85,552.5,0.09,True,hybrid_exponential,1.0,650.0,0.1,True
logistic_engineered,20222023,20232024,20232024,2023020168,2023-11-04,CHI,FLA,1,0.313048,0.686952,FLA,0,single,season_regime,early,hybrid_exponential,0.85,552.5,0.09,True,hybrid_exponential,1.0,650.0,0.1,True
logistic_engineered,20222023,20232024,20232024,2023020169,2023-11-04,MIN,NYR,1,0.20562,0.79438,NYR,0,single,season_regime,early,hybrid_exponential,0.85,552.5,0.09,True,hybrid_exponential,1.0,650.0,0.1,True
logistic_engineered,20222023,20232024,20232024,2023020170,2023-11-04,SEA,CGY,0,0.735354,0.264646,SEA,0,single,season_regime,early,hybrid_exponential,0.85,552.5,0.09,True,hybrid_exponential,1.0,650.0,0.1,True
logistic_engineered,20222023,20232024,20232024,2023020171,2023-11-04,SJS,PIT,0,0.219063,0.780937,PIT,1,single,season_regime,early,hybrid_exponential,0.85,552.5,0.09,True,hybrid_exponential,1.0,650.0,0.1,True
logistic_engineered,20222023,20232024,20232024,2023020172,2023-11-04,VAN,DAL,1,0.386324,0.613676,DAL,0,single,season_regime,early,hybrid_exponential,0.85,552.5,0.09,True,hybrid_exponential,1.0,650.0,0.1,True
logistic_engineered,20222023,20232024,20232024,2023020173,2023-11-04,VGK,COL,1,0.612259,0.387741,VGK,1,single,season_regime,early,hybrid_exponential,0.85,552.5,0.09,True,hybrid_exponential,1.0,650.0,0.1,True
logistic_engineered,20222023,20232024,20232024,2023020174,2023-11-05,CHI,NJD,0,0.20933,0.79067,NJD,1,single,season_regime,early,hybrid_exponential,0.85,552.5,0.09,True,hybrid_exponential,1.0,650.0,0.1,True
logistic_engineered,20222023,20232024,20232024,2023020175,2023-11-05,ANA,VGK,1,0.347419,0.652581,VGK,0,single,season_regime,early,hybrid_exponential,0.85,552.5,0.09,True,hybrid_exponential,1.0,650.0,0.1,True
logistic_engineered,20222023,20232024,20232024,2023020176,2023-11-06,FLA,CBJ,1,0.772489,0.227511,FLA,1,single,season_regime,early,hybrid_exponential,0.85,552.5,0.09,True,hybrid_exponential,1.0,650.0,0.1,True
logistic_engineered,20222023,20232024,20232024,2023020177,2023-11-06,TOR,TBL,1,0.338502,0.661498,TBL,0,single,season_regime,early,hybrid_exponential,0.85,552.5,0.09,True,hybrid_exponential,1.0,650.0,0.1,True
logistic_engineered,20222023,20232024,20232024,2023020178,2023-11-06,DAL,BOS,0,0.430113,0.569887,BOS,1,single,season_regime,early,hybrid_exponential,0.85,552.5,0.09,True,hybrid_exponential,1.0,650.0,0.1,True
logistic_engineered,20222023,20232024,20232024,2023020179,2023-11-06,VAN,EDM,1,0.67203,0.32797,VAN,1,single,season_regime,early,hybrid_exponential,0.85,552.5,0.09,True,hybrid_exponential,1.0,650.0,0.1,True
logistic_engineered,20222023,20232024,20232024,2023020180,2023-11-07,CAR,BUF,1,0.58496,0.41504,CAR,1,single,season_regime,early,hybrid_exponential,0.85,552.5,0.09,True,hybrid_exponential,1.0,650.0,0.1,True
logistic_engineered,20222023,20232024,20232024,2023020181,2023-11-07,MTL,TBL,0,0.340262,0.659738,TBL,1,single,season_regime,early,hybrid_exponential,0.85,552.5,0.09,True,hybrid_exponential,1.0,650.0,0.1,True
logistic_engineered,20222023,20232024,20232024,2023020182,2023-11-07,NYI,MIN,0,0.57234,0.42766,NYI,0,single,season_regime,early,hybrid_exponential,0.85,552.5,0.09,True,hybrid_exponential,1.0,650.0,0.1,True
logistic_engineered,20222023,20232024,20232024,2023020183,2023-11-07,NYR,DET,1,0.678077,0.321923,NYR,1,single,season_regime,early,hybrid_exponential,0.85,552.5,0.09,True,hybrid_exponential,1.0,650.0,0.1,True
logistic_engineered,20222023,20232024,20232024,2023020184,2023-11-07,STL,WPG,0,0.448323,0.551677,WPG,1,single,season_regime,early,hybrid_exponential,0.85,552.5,0.09,True,hybrid_exponential,1.0,650.0,0.1,True
logistic_engineered,20222023,20232024,20232024,2023020185,2023-11-07,UTA,SEA,1,0.490815,0.509185,SEA,0,single,season_regime,early,hybrid_exponential,0.85,552.5,0.09,True,hybrid_exponential,1.0,650.0,0.1,True
logistic_engineered,20222023,20232024,20232024,2023020186,2023-11-07,CGY,NSH,1,0.452429,0.547571,NSH,0,single,season_regime,early,hybrid_exponential,0.85,552.5,0.09,True,hybrid_exponential,1.0,650.0,0.1,True
logistic_engineered,20222023,20232024,20232024,2023020187,2023-11-07,ANA,PIT,0,0.69712,0.30288,ANA,0,single,season_regime,early,hybrid_exponential,0.85,552.5,0.09,True,hybrid_exponential,1.0,650.0,0.1,True
logistic_engineered,20222023,20232024,20232024,2023020188,2023-11-07,COL,NJD,1,0.502355,0.497645,COL,1,single,season_regime,early,hybrid_exponential,0.85,552.5,0.09,True,hybrid_exponential,1.0,650.0,0.1,True
logistic_engineered,20222023,20232024,20232024,2023020189,2023-11-07,SJS,PHI,1,0.280905,0.719095,PHI,0,single,season_regime,early,hybrid_exponential,0.85,552.5,0.09,True,hybrid_exponential,1.0,650.0,0.1,True
logistic_engineered,20222023,20232024,20232024,2023020190,2023-11-08,TOR,OTT,0,0.543839,0.456161,TOR,0,single,season_regime,early,hybrid_exponential,0.85,552.5,0.09,True,hybrid_exponential,1.0,650.0,0.1,True
logistic_engineered,20222023,20232024,20232024,2023020191,2023-11-08,WSH,FLA,0,0.46583,0.53417,FLA,1,single,season_regime,early,hybrid_exponential,0.85,552.5,0.09,True,hybrid_exponential,1.0,650.0,0.1,True
logistic_engineered,20222023,20232024,20232024,2023020192,2023-11-08,VGK,LAK,0,0.449303,0.550697,LAK,1,single,season_regime,early,hybrid_exponential,0.85,552.5,0.09,True,hybrid_exponential,1.0,650.0,0.1,True
logistic_engineered,20222023,20232024,20232024,2023020193,2023-11-09,BOS,NYI,1,0.548193,0.451807,BOS,1,single,season_regime,early,hybrid_exponential,0.85,552.5,0.09,True,hybrid_exponential,1.0,650.0,0.1,True
logistic_engineered,20222023,20232024,20232024,2023020194,2023-11-09,CBJ,DAL,0,0.329837,0.670163,DAL,1,single,season_regime,early,hybrid_exponential,0.85,552.5,0.09,True,hybrid_exponential,1.0,650.0,0.1,True
logistic_engineered,20222023,20232024,20232024,2023020195,2023-11-09,DET,MTL,0,0.597726,0.402274,DET,0,single,season_regime,early,hybrid_exponential,0.85,552.5,0.09,True,hybrid_exponential,1.0,650.0,0.1,True
logistic_engineered,20222023,20232024,20232024,2023020196,2023-11-09,NYR,MIN,1,0.618119,0.381881,NYR,1,single,season_regime,early,hybrid_exponential,0.85,552.5,0.09,True,hybrid_exponential,1.0,650.0,0.1,True
logistic_engineered,20222023,20232024,20232024,2023020197,2023-11-09,OTT,VAN,0,0.443725,0.556275,VAN,1,single,season_regime,early,hybrid_exponential,0.85,552.5,0.09,True,hybrid_exponential,1.0,650.0,0.1,True
logistic_engineered,20222023,20232024,20232024,2023020198,2023-11-09,TBL,CHI,0,0.649324,0.350676,TBL,0,single,season_regime,early,hybrid_exponential,0.85,552.5,0.09,True,hybrid_exponential,1.0,650.0,0.1,True
logistic_engineered,20222023,20232024,20232024,2023020199,2023-11-09,STL,UTA,1,0.487818,0.512182,UTA,0,single,season_regime,early,hybrid_exponential,0.85,552.5,0.09,True,hybrid_exponential,1.0,650.0,0.1,True
logistic_engineered,20222023,20232024,20232024,2023020200,2023-11-09,WPG,NSH,1,0.565635,0.434365,WPG,1,single,season_regime,early,hybrid_exponential,0.85,552.5,0.09,True,hybrid_exponential,1.0,650.0,0.1,True
logistic_engineered,20222023,20232024,20232024,2023020201,2023-11-09,COL,SEA,0,0.660792,0.339208,COL,0,single,season_regime,early,hybrid_exponential,0.85,552.5,0.09,True,hybrid_exponential,1.0,650.0,0.1,True
logistic_engineered,20222023,20232024,20232024,2023020202,2023-11-09,LAK,PIT,0,0.504626,0.495374,LAK,0,single,season_regime,early,hybrid_exponential,0.85,552.5,0.09,True,hybrid_exponential,1.0,650.0,0.1,True
logistic_engineered,20222023,20232024,20232024,2023020203,2023-11-09,SJS,EDM,1,0.367983,0.632017,EDM,0,single,season_regime,early,hybrid_exponential,0.85,552.5,0.09,True,hybrid_exponential,1.0,650.0,0.1,True
logistic_engineered,20222023,20232024,20232024,2023020204,2023-11-10,BUF,MIN,1,0.56853,0.43147,BUF,1,single,season_regime,early,hybrid_exponential,0.85,552.5,0.09,True,hybrid_exponential,1.0,650.0,0.1,True
logistic_engineered,20222023,20232024,20232024,2023020205,2023-11-10,FLA,CAR,1,0.420192,0.579808,CAR,0,single,season_regime,early,hybrid_exponential,0.85,552.5,0.09,True,hybrid_exponential,1.0,650.0,0.1,True
logistic_engineered,20222023,20232024,20232024,2023020206,2023-11-10,NJD,WSH,0,0.553822,0.446178,NJD,0,single,season_regime,early,hybrid_exponential,0.85,552.5,0.09,True,hybrid_exponential,1.0,650.0,0.1,True
logistic_engineered,20222023,20232024,20232024,2023020207,2023-11-10,TOR,CGY,1,0.600895,0.399105,TOR,1,single,season_regime,early,hybrid_exponential,0.85,552.5,0.09,True,hybrid_exponential,1.0,650.0,0.1,True
logistic_engineered,20222023,20232024,20232024,2023020208,2023-11-10,ANA,PHI,0,0.582075,0.417925,ANA,0,single,season_regime,early,hybrid_exponential,0.85,552.5,0.09,True,hybrid_exponential,1.0,650.0,0.1,True
logistic_engineered,20222023,20232024,20232024,2023020209,2023-11-10,VGK,SJS,1,0.892151,0.107849,VGK,1,single,season_regime,early,hybrid_exponential,0.85,552.5,0.09,True,hybrid_exponential,1.0,650.0,0.1,True
logistic_engineered,20222023,20232024,20232024,2023020210,2023-11-11,DET,CBJ,1,0.623708,0.376292,DET,1,single,season_regime,early,hybrid_exponential,0.85,552.5,0.09,True,hybrid_exponential,1.0,650.0,0.1,True
logistic_engineered,20222023,20232024,20232024,2023020211,2023-11-11,WPG,DAL,0,0.388989,0.611011,DAL,1,single,season_regime,early,hybrid_exponential,0.85,552.5,0.09,True,hybrid_exponential,1.0,650.0,0.1,True
logistic_engineered,20222023,20232024,20232024,2023020212,2023-11-11,MTL,BOS,1,0.392377,0.607623,BOS,0,single,season_regime,early,hybrid_exponential,0.85,552.5,0.09,True,hybrid_exponential,1.0,650.0,0.1,True
logistic_engineered,20222023,20232024,20232024,2023020213,2023-11-11,OTT,CGY,1,0.666643,0.333357,OTT,1,single,season_regime,early,hybrid_exponential,0.85,552.5,0.09,True,hybrid_exponential,1.0,650.0,0.1,True
logistic_engineered,20222023,20232024,20232024,2023020214,2023-11-11,TBL,CAR,0,0.537575,0.462425,TBL,0,single,season_regime,early,hybrid_exponential,0.85,552.5,0.09,True,hybrid_exponential,1.0,650.0,0.1,True
logistic_engineered,20222023,20232024,20232024,2023020215,2023-11-11,TOR,VAN,1,0.374529,0.625471,VAN,0,single,season_regime,early,hybrid_exponential,0.85,552.5,0.09,True,hybrid_exponential,1.0,650.0,0.1,True
logistic_engineered,20222023,20232024,20232024,2023020216,2023-11-11,NYI,WSH,0,0.698217,0.301783,NYI,0,single,season_regime,early,hybrid_exponential,0.85,552.5,0.09,True,hybrid_exponential,1.0,650.0,0.1,True
logistic_engineered,20222023,20232024,20232024,2023020217,2023-11-11,PIT,BUF,1,0.488759,0.511241,BUF,0,single,season_regime,early,hybrid_exponential,0.85,552.5,0.09,True,hybrid_exponential,1.0,650.0,0.1,True
logistic_engineered,20222023,20232024,20232024,2023020218,2023-11-11,NSH,UTA,0,0.570891,0.429109,NSH,0,single,season_regime,early,hybrid_exponential,0.85,552.5,0.09,True,hybrid_exponential,1.0,650.0,0.1,True
logistic_engineered,20222023,20232024,20232024,2023020219,2023-11-11,COL,STL,0,0.519589,0.480411,COL,0,single,season_regime,early,hybrid_exponential,0.85,552.5,0.09,True,hybrid_exponential,1.0,650.0,0.1,True
logistic_engineered,20222023,20232024,20232024,2023020220,2023-11-11,SEA,EDM,0,0.442634,0.557366,EDM,1,single,season_regime,early,hybrid_exponential,0.85,552.5,0.09,True,hybrid_exponential,1.0,650.0,0.1,True
logistic_engineered,20222023,20232024,20232024,2023020221,2023-11-11,LAK,PHI,0,0.734102,0.265898,LAK,0,single,season_regime,early,hybrid_exponential,0.85,552.5,0.09,True,hybrid_exponential,1.0,650.0,0.1,True
logistic_engineered,20222023,20232024,20232024,2023020222,2023-11-12,FLA,CHI,1,0.690882,0.309118,FLA,1,single,season_regime,early,hybrid_exponential,0.85,552.5,0.09,True,hybrid_exponential,1.0,650.0,0.1,True
logistic_engineered,20222023,20232024,20232024,2023020223,2023-11-12,MIN,DAL,0,0.442447,0.557553,DAL,1,single,season_regime,early,hybrid_exponential,0.85,552.5,0.09,True,hybrid_exponential,1.0,650.0,0.1,True
logistic_engineered,20222023,20232024,20232024,2023020224,2023-11-12,MTL,VAN,0,0.345141,0.654859,VAN,1,single,season_regime,early,hybrid_exponential,0.85,552.5,0.09,True,hybrid_exponential,1.0,650.0,0.1,True
logistic_engineered,20222023,20232024,20232024,2023020225,2023-11-12,NYR,CBJ,1,0.833423,0.166577,NYR,1,single,season_regime,early,hybrid_exponential,0.85,552.5,0.09,True,hybrid_exponential,1.0,650.0,0.1,True
logistic_engineered,20222023,20232024,20232024,2023020226,2023-11-12,ANA,SJS,1,0.769007,0.230993,ANA,1,single,season_regime,early,hybrid_exponential,0.85,552.5,0.09,True,hybrid_exponential,1.0,650.0,0.1,True
logistic_engineered,20222023,20232024,20232024,2023020227,2023-11-13,EDM,NYI,1,0.45253,0.54747,NYI,0,single,season_regime,early,hybrid_exponential,0.85,552.5,0.09,True,hybrid_exponential,1.0,650.0,0.1,True
logistic_engineered,20222023,20232024,20232024,2023020228,2023-11-13,SEA,COL,0,0.489617,0.510383,COL,1,single,season_regime,early,hybrid_exponential,0.85,552.5,0.09,True,hybrid_exponential,1.0,650.0,0.1,True
logistic_engineered,20222023,20232024,20232024,2023020229,2023-11-14,BUF,BOS,0,0.274535,0.725465,BOS,1,single,season_regime,early,hybrid_exponential,0.85,552.5,0.09,True,hybrid_exponential,1.0,650.0,0.1,True
logistic_engineered,20222023,20232024,20232024,2023020230,2023-11-14,CBJ,PIT,0,0.318548,0.681452,PIT,1,single,season_regime,early,hybrid_exponential,0.85,552.5,0.09,True,hybrid_exponential,1.0,650.0,0.1,True
logistic_engineered,20222023,20232024,20232024,2023020231,2023-11-14,MTL,CGY,0,0.440825,0.559175,CGY,1,single,season_regime,early,hybrid_exponential,0.85,552.5,0.09,True,hybrid_exponential,1.0,650.0,0.1,True
logistic_engineered,20222023,20232024,20232024,2023020232,2023-11-14,WSH,VGK,1,0.357238,0.642762,VGK,0,single,season_regime,early,hybrid_exponential,0.85,552.5,0.09,True,hybrid_exponential,1.0,650.0,0.1,True
logistic_engineered,20222023,20232024,20232024,2023020233,2023-11-14,DAL,UTA,1,0.590337,0.409663,DAL,1,single,season_regime,early,hybrid_exponential,0.85,552.5,0.09,True,hybrid_exponential,1.0,650.0,0.1,True
logistic_engineered,20222023,20232024,20232024,2023020234,2023-11-14,NSH,ANA,0,0.465312,0.534688,ANA,1,single,season_regime,early,hybrid_exponential,0.85,552.5,0.09,True,hybrid_exponential,1.0,650.0,0.1,True
logistic_engineered,20222023,20232024,20232024,2023020235,2023-11-14,STL,TBL,1,0.432679,0.567321,TBL,0,single,season_regime,early,hybrid_exponential,0.85,552.5,0.09,True,hybrid_exponential,1.0,650.0,0.1,True
logistic_engineered,20222023,20232024,20232024,2023020236,2023-11-14,WPG,NJD,1,0.405053,0.594947,NJD,0,single,season_regime,early,hybrid_exponential,0.85,552.5,0.09,True,hybrid_exponential,1.0,650.0,0.1,True
logistic_engineered,20222023,20232024,20232024,2023020237,2023-11-14,SJS,FLA,0,0.258714,0.741286,FLA,1,single,season_regime,early,hybrid_exponential,0.85,552.5,0.09,True,hybrid_exponential,1.0,650.0,0.1,True
logistic_engineered,20222023,20232024,20232024,2023020238,2023-11-15,CAR,PHI,0,0.722316,0.277684,CAR,0,single,season_regime,early,hybrid_exponential,0.85,552.5,0.09,True,hybrid_exponential,1.0,650.0,0.1,True
logistic_engineered,20222023,20232024,20232024,2023020239,2023-11-15,EDM,SEA,1,0.499495,0.500505,SEA,0,single,season_regime,early,hybrid_exponential,0.85,552.5,0.09,True,hybrid_exponential,1.0,650.0,0.1,True
logistic_engineered,20222023,20232024,20232024,2023020240,2023-11-15,COL,ANA,1,0.611441,0.388559,COL,1,single,season_regime,early,hybrid_exponential,0.85,552.5,0.09,True,hybrid_exponential,1.0,650.0,0.1,True
logistic_engineered,20222023,20232024,20232024,2023020241,2023-11-15,VAN,NYI,1,0.648126,0.351874,VAN,1,single,season_regime,early,hybrid_exponential,0.85,552.5,0.09,True,hybrid_exponential,1.0,650.0,0.1,True
logistic_engineered,20222023,20232024,20232024,2023020242,2023-11-16,OTT,DET,1,0.536689,0.463311,OTT,1,single,season_regime,early,hybrid_exponential,0.85,552.5,0.09,True,hybrid_exponential,1.0,650.0,0.1,True
logistic_engineered,20222023,20232024,20232024,2023020243,2023-11-16,CBJ,UTA,0,0.394966,0.605034,UTA,1,single,season_regime,early,hybrid_exponential,0.85,552.5,0.09,True,hybrid_exponential,1.0,650.0,0.1,True
logistic_engineered,20222023,20232024,20232024,2023020244,2023-11-16,MTL,VGK,0,0.331332,0.668668,VGK,1,single,season_regime,early,hybrid_exponential,0.85,552.5,0.09,True,hybrid_exponential,1.0,650.0,0.1,True
logistic_engineered,20222023,20232024,20232024,2023020245,2023-11-16,PIT,NJD,0,0.633725,0.366275,PIT,0,single,season_regime,early,hybrid_exponential,0.85,552.5,0.09,True,hybrid_exponential,1.0,650.0,0.1,True
logistic_engineered,20222023,20232024,20232024,2023020246,2023-11-16,CHI,TBL,0,0.449004,0.550996,TBL,1,single,season_regime,early,hybrid_exponential,0.85,552.5,0.09,True,hybrid_exponential,1.0,650.0,0.1,True
logistic_engineered,20222023,20232024,20232024,2023020247,2023-11-16,CGY,VAN,1,0.45914,0.54086,VAN,0,single,season_regime,early,hybrid_exponential,0.85,552.5,0.09,True,hybrid_exponential,1.0,650.0,0.1,True
logistic_engineered,20222023,20232024,20232024,2023020248,2023-11-16,SEA,NYI,1,0.562987,0.437013,SEA,1,single,season_regime,early,hybrid_exponential,0.85,552.5,0.09,True,hybrid_exponential,1.0,650.0,0.1,True
logistic_engineered,20222023,20232024,20232024,2023020249,2023-11-16,LAK,FLA,1,0.459702,0.540298,FLA,0,single,season_regime,early,hybrid_exponential,0.85,552.5,0.09,True,hybrid_exponential,1.0,650.0,0.1,True
logistic_engineered,20222023,20232024,20232024,2023020250,2023-11-16,SJS,STL,1,0.548712,0.451288,SJS,1,single,season_regime,early,hybrid_exponential,0.85,552.5,0.09,True,hybrid_exponential,1.0,650.0,0.1,True
logistic_engineered,20222023,20232024,20232024,2023020251,2023-11-17,DET,TOR,0,0.316777,0.683223,TOR,1,single,season_regime,early,hybrid_exponential,0.85,552.5,0.09,True,hybrid_exponential,1.0,650.0,0.1,True
logistic_engineered,20222023,20232024,20232024,2023020252,2023-11-17,WPG,BUF,1,0.732355,0.267645,WPG,1,single,season_regime,early,hybrid_exponential,0.85,552.5,0.09,True,hybrid_exponential,1.0,650.0,0.1,True
logistic_engineered,20222023,20232024,20232024,2023020253,2023-11-17,ANA,FLA,0,0.542964,0.457036,ANA,0,single,season_regime,early,hybrid_exponential,0.85,552.5,0.09,True,hybrid_exponential,1.0,650.0,0.1,True
logistic_engineered,20222023,20232024,20232024,2023020254,2023-11-18,OTT,MIN,1,0.585964,0.414036,OTT,1,single,season_regime,early,hybrid_exponential,0.85,552.5,0.09,True,hybrid_exponential,1.0,650.0,0.1,True
logistic_engineered,20222023,20232024,20232024,2023020255,2023-11-18,PHI,VGK,1,0.328795,0.671205,VGK,0,single,season_regime,early,hybrid_exponential,0.85,552.5,0.09,True,hybrid_exponential,1.0,650.0,0.1,True
logistic_engineered,20222023,20232024,20232024,2023020256,2023-11-18,NSH,CHI,1,0.596053,0.403947,NSH,1,single,season_regime,early,hybrid_exponential,0.85,552.5,0.09,True,hybrid_exponential,1.0,650.0,0.1,True
logistic_engineered,20222023,20232024,20232024,2023020257,2023-11-18,TBL,EDM,1,0.501937,0.498063,TBL,1,single,season_regime,early,hybrid_exponential,0.85,552.5,0.09,True,hybrid_exponential,1.0,650.0,0.1,True
logistic_engineered,20222023,20232024,20232024,2023020258,2023-11-18,BOS,MTL,1,0.732118,0.267882,BOS,1,single,season_regime,early,hybrid_exponential,0.85,552.5,0.09,True,hybrid_exponential,1.0,650.0,0.1,True
logistic_engineered,20222023,20232024,20232024,2023020259,2023-11-18,CAR,PIT,1,0.482955,0.517045,PIT,0,single,season_regime,early,hybrid_exponential,0.85,552.5,0.09,True,hybrid_exponential,1.0,650.0,0.1,True
logistic_engineered,20222023,20232024,20232024,2023020260,2023-11-18,CGY,NYI,0,0.507078,0.492922,CGY,0,single,season_regime,early,hybrid_exponential,0.85,552.5,0.09,True,hybrid_exponential,1.0,650.0,0.1,True
logistic_engineered,20222023,20232024,20232024,2023020261,2023-11-18,NJD,NYR,0,0.421486,0.578514,NYR,1,single,season_regime,early,hybrid_exponential,0.85,552.5,0.09,True,hybrid_exponential,1.0,650.0,0.1,True
logistic_engineered,20222023,20232024,20232024,2023020262,2023-11-18,WPG,UTA,1,0.530872,0.469128,WPG,1,single,season_regime,early,hybrid_exponential,0.85,552.5,0.09,True,hybrid_exponential,1.0,650.0,0.1,True
logistic_engineered,20222023,20232024,20232024,2023020263,2023-11-18,WSH,CBJ,1,0.661756,0.338244,WSH,1,single,season_regime,early,hybrid_exponential,0.85,552.5,0.09,True,hybrid_exponential,1.0,650.0,0.1,True
logistic_engineered,20222023,20232024,20232024,2023020264,2023-11-18,DAL,COL,0,0.514827,0.485173,DAL,0,single,season_regime,early,hybrid_exponential,0.85,552.5,0.09,True,hybrid_exponential,1.0,650.0,0.1,True
logistic_engineered,20222023,20232024,20232024,2023020265,2023-11-18,VAN,SEA,0,0.547423,0.452577,VAN,0,single,season_regime,early,hybrid_exponential,0.85,552.5,0.09,True,hybrid_exponential,1.0,650.0,0.1,True
logistic_engineered,20222023,20232024,20232024,2023020266,2023-11-18,LAK,STL,1,0.588358,0.411642,LAK,1,single,season_regime,early,hybrid_exponential,0.85,552.5,0.09,True,hybrid_exponential,1.0,650.0,0.1,True
logistic_engineered,20222023,20232024,20232024,2023020267,2023-11-19,MIN,TOR,0,0.301446,0.698554,TOR,1,single,season_regime,early,hybrid_exponential,0.85,552.5,0.09,True,hybrid_exponential,1.0,650.0,0.1,True
logistic_engineered,20222023,20232024,20232024,2023020268,2023-11-19,PHI,CBJ,1,0.694497,0.305503,PHI,1,single,season_regime,early,hybrid_exponential,0.85,552.5,0.09,True,hybrid_exponential,1.0,650.0,0.1,True
logistic_engineered,20222023,20232024,20232024,2023020269,2023-11-19,PIT,VGK,1,0.298164,0.701836,VGK,0,single,season_regime,early,hybrid_exponential,0.85,552.5,0.09,True,hybrid_exponential,1.0,650.0,0.1,True
logistic_engineered,20222023,20232024,20232024,2023020270,2023-11-19,CHI,BUF,0,0.360986,0.639014,BUF,1,single,season_regime,early,hybrid_exponential,0.85,552.5,0.09,True,hybrid_exponential,1.0,650.0,0.1,True
logistic_engineered,20222023,20232024,20232024,2023020271,2023-11-19,ANA,STL,0,0.619723,0.380277,ANA,0,single,season_regime,early,hybrid_exponential,0.85,552.5,0.09,True,hybrid_exponential,1.0,650.0,0.1,True
logistic_engineered,20222023,20232024,20232024,2023020272,2023-11-20,FLA,EDM,1,0.621255,0.378745,FLA,1,single,season_regime,early,hybrid_exponential,0.85,552.5,0.09,True,hybrid_exponential,1.0,650.0,0.1,True
logistic_engineered,20222023,20232024,20232024,2023020273,2023-11-20,TBL,BOS,1,0.417476,0.582524,BOS,0,single,season_regime,early,hybrid_exponential,0.85,552.5,0.09,True,hybrid_exponential,1.0,650.0,0.1,True
logistic_engineered,20222023,20232024,20232024,2023020274,2023-11-20,DAL,NYR,1,0.465964,0.534036,NYR,0,single,season_regime,early,hybrid_exponential,0.85,552.5,0.09,True,hybrid_exponential,1.0,650.0,0.1,True
logistic_engineered,20222023,20232024,20232024,2023020275,2023-11-20,NSH,COL,1,0.332134,0.667866,COL,0,single,season_regime,early,hybrid_exponential,0.85,552.5,0.09,True,hybrid_exponential,1.0,650.0,0.1,True
logistic_engineered,20222023,20232024,20232024,2023020276,2023-11-20,UTA,LAK,0,0.403013,0.596987,LAK,1,single,season_regime,early,hybrid_exponential,0.85,552.5,0.09,True,hybrid_exponential,1.0,650.0,0.1,True
logistic_engineered,20222023,20232024,20232024,2023020277,2023-11-20,SEA,CGY,0,0.431854,0.568146,CGY,1,single,season_regime,early,hybrid_exponential,0.85,552.5,0.09,True,hybrid_exponential,1.0,650.0,0.1,True
logistic_engineered,20222023,20232024,20232024,2023020278,2023-11-20,VAN,SJS,1,0.72244,0.27756,VAN,1,single,season_regime,early,hybrid_exponential,0.85,552.5,0.09,True,hybrid_exponential,1.0,650.0,0.1,True
logistic_engineered,20222023,20232024,20232024,2023020279,2023-11-22,CAR,EDM,1,0.588476,0.411524,CAR,1,single,season_regime,early,hybrid_exponential,0.85,552.5,0.09,True,hybrid_exponential,1.0,650.0,0.1,True
logistic_engineered,20222023,20232024,20232024,2023020280,2023-11-22,CBJ,CHI,1,0.630794,0.369206,CBJ,1,single,season_regime,early,hybrid_exponential,0.85,552.5,0.09,True,hybrid_exponential,1.0,650.0,0.1,True
logistic_engineered,20222023,20232024,20232024,2023020281,2023-11-22,DET,NJD,1,0.40629,0.59371,NJD,0,single,season_regime,early,hybrid_exponential,0.85,552.5,0.09,True,hybrid_exponential,1.0,650.0,0.1,True
logistic_engineered,20222023,20232024,20232024,2023020282,2023-11-22,FLA,BOS,0,0.414405,0.585595,BOS,1,single,season_regime,early,hybrid_exponential,0.85,552.5,0.09,True,hybrid_exponential,1.0,650.0,0.1,True
logistic_engineered,20222023,20232024,20232024,2023020283,2023-11-22,PIT,NYR,0,0.346647,0.653353,NYR,1,single,season_regime,early,hybrid_exponential,0.85,552.5,0.09,True,hybrid_exponential,1.0,650.0,0.1,True
logistic_engineered,20222023,20232024,20232024,2023020284,2023-11-22,TBL,WPG,0,0.449606,0.550394,WPG,1,single,season_regime,early,hybrid_exponential,0.85,552.5,0.09,True,hybrid_exponential,1.0,650.0,0.1,True
logistic_engineered,20222023,20232024,20232024,2023020285,2023-11-22,WSH,BUF,1,0.508338,0.491662,WSH,1,single,season_regime,early,hybrid_exponential,0.85,552.5,0.09,True,hybrid_exponential,1.0,650.0,0.1,True
logistic_engineered,20222023,20232024,20232024,2023020286,2023-11-22,NYI,PHI,1,0.487527,0.512473,PHI,0,single,season_regime,early,hybrid_exponential,0.85,552.5,0.09,True,hybrid_exponential,1.0,650.0,0.1,True
logistic_engineered,20222023,20232024,20232024,2023020287,2023-11-22,UTA,STL,0,0.475657,0.524343,STL,1,single,season_regime,early,hybrid_exponential,0.85,552.5,0.09,True,hybrid_exponential,1.0,650.0,0.1,True
logistic_engineered,20222023,20232024,20232024,2023020288,2023-11-22,NSH,CGY,1,0.581371,0.418629,NSH,1,single,season_regime,early,hybrid_exponential,0.85,552.5,0.09,True,hybrid_exponential,1.0,650.0,0.1,True
logistic_engineered,20222023,20232024,20232024,2023020289,2023-11-22,DAL,VGK,0,0.426678,0.573322,VGK,1,single,season_regime,early,hybrid_exponential,0.85,552.5,0.09,True,hybrid_exponential,1.0,650.0,0.1,True
logistic_engineered,20222023,20232024,20232024,2023020290,2023-11-22,ANA,MTL,0,0.456434,0.543566,MTL,1,single,season_regime,early,hybrid_exponential,0.85,552.5,0.09,True,hybrid_exponential,1.0,650.0,0.1,True
logistic_engineered,20222023,20232024,20232024,2023020291,2023-11-22,COL,VAN,1,0.628458,0.371542,COL,1,single,season_regime,early,hybrid_exponential,0.85,552.5,0.09,True,hybrid_exponential,1.0,650.0,0.1,True
logistic_engineered,20222023,20232024,20232024,2023020292,2023-11-22,SEA,SJS,1,0.829425,0.170575,SEA,1,single,season_regime,early,hybrid_exponential,0.85,552.5,0.09,True,hybrid_exponential,1.0,650.0,0.1,True
logistic_engineered,20222023,20232024,20232024,2023020293,2023-11-24,BOS,DET,0,0.72284,0.27716,BOS,0,single,season_regime,early,hybrid_exponential,0.85,552.5,0.09,True,hybrid_exponential,1.0,650.0,0.1,True
logistic_engineered,20222023,20232024,20232024,2023020294,2023-11-24,PHI,NYR,0,0.433966,0.566034,NYR,1,single,season_regime,early,hybrid_exponential,0.85,552.5,0.09,True,hybrid_exponential,1.0,650.0,0.1,True
logistic_engineered,20222023,20232024,20232024,2023020295,2023-11-24,CHI,TOR,1,0.29943,0.70057,TOR,0,single,season_regime,early,hybrid_exponential,0.85,552.5,0.09,True,hybrid_exponential,1.0,650.0,0.1,True
logistic_engineered,20222023,20232024,20232024,2023020296,2023-11-24,NJD,CBJ,0,0.660486,0.339514,NJD,0,single,season_regime,early,hybrid_exponential,0.85,552.5,0.09,True,hybrid_exponential,1.0,650.0,0.1,True
logistic_engineered,20222023,20232024,20232024,2023020297,2023-11-24,STL,NSH,0,0.348798,0.651202,NSH,1,single,season_regime,early,hybrid_exponential,0.85,552.5,0.09,True,hybrid_exponential,1.0,650.0,0.1,True
logistic_engineered,20222023,20232024,20232024,2023020298,2023-11-24,WSH,EDM,0,0.505711,0.494289,WSH,0,single,season_regime,early,hybrid_exponential,0.85,552.5,0.09,True,hybrid_exponential,1.0,650.0,0.1,True
logistic_engineered,20222023,20232024,20232024,2023020299,2023-11-24,ANA,LAK,0,0.341487,0.658513,LAK,1,single,season_regime,early,hybrid_exponential,0.85,552.5,0.09,True,hybrid_exponential,1.0,650.0,0.1,True
logistic_engineered,20222023,20232024,20232024,2023020300,2023-11-24,SJS,MTL,0,0.492956,0.507044,MTL,1,single,season_regime,early,hybrid_exponential,0.85,552.5,0.09,True,hybrid_exponential,1.0,650.0,0.1,True
logistic_engineered,20222023,20232024,20232024,2023020301,2023-11-24,BUF,PIT,1,0.512933,0.487067,BUF,1,single,season_regime,early,hybrid_exponential,0.85,552.5,0.09,True,hybrid_exponential,1.0,650.0,0.1,True
logistic_engineered,20222023,20232024,20232024,2023020302,2023-11-24,OTT,NYI,0,0.557037,0.442963,OTT,0,single,season_regime,early,hybrid_exponential,0.85,552.5,0.09,True,hybrid_exponential,1.0,650.0,0.1,True
logistic_engineered,20222023,20232024,20232024,2023020303,2023-11-24,CAR,TBL,0,0.610139,0.389861,CAR,0,single,season_regime,early,hybrid_exponential,0.85,552.5,0.09,True,hybrid_exponential,1.0,650.0,0.1,True
logistic_engineered,20222023,20232024,20232024,2023020304,2023-11-24,FLA,WPG,0,0.443184,0.556816,WPG,1,single,season_regime,early,hybrid_exponential,0.85,552.5,0.09,True,hybrid_exponential,1.0,650.0,0.1,True
logistic_engineered,20222023,20232024,20232024,2023020305,2023-11-24,DAL,CGY,0,0.733211,0.266789,DAL,0,single,season_regime,early,hybrid_exponential,0.85,552.5,0.09,True,hybrid_exponential,1.0,650.0,0.1,True
logistic_engineered,20222023,20232024,20232024,2023020306,2023-11-24,MIN,COL,0,0.371504,0.628496,COL,1,single,season_regime,early,hybrid_exponential,0.85,552.5,0.09,True,hybrid_exponential,1.0,650.0,0.1,True
logistic_engineered,20222023,20232024,20232024,2023020307,2023-11-24,SEA,VAN,0,0.614909,0.385091,SEA,0,single,season_regime,early,hybrid_exponential,0.85,552.5,0.09,True,hybrid_exponential,1.0,650.0,0.1,True
logistic_engineered,20222023,20232024,20232024,2023020308,2023-11-25,NYR,BOS,1,0.525343,0.474657,NYR,1,single,season_regime,early,hybrid_exponential,0.85,552.5,0.09,True,hybrid_exponential,1.0,650.0,0.1,True
logistic_engineered,20222023,20232024,20232024,2023020309,2023-11-25,LAK,MTL,1,0.66861,0.33139,LAK,1,single,season_regime,early,hybrid_exponential,0.85,552.5,0.09,True,hybrid_exponential,1.0,650.0,0.1,True
logistic_engineered,20222023,20232024,20232024,2023020310,2023-11-25,NJD,BUF,1,0.576988,0.423012,NJD,1,single,season_regime,early,hybrid_exponential,0.85,552.5,0.09,True,hybrid_exponential,1.0,650.0,0.1,True
logistic_engineered,20222023,20232024,20232024,2023020311,2023-11-25,PIT,TOR,1,0.422347,0.577653,TOR,0,single,season_regime,early,hybrid_exponential,0.85,552.5,0.09,True,hybrid_exponential,1.0,650.0,0.1,True
logistic_engineered,20222023,20232024,20232024,2023020312,2023-11-25,NYI,PHI,0,0.540428,0.459572,NYI,0,single,season_regime,early,hybrid_exponential,0.85,552.5,0.09,True,hybrid_exponential,1.0,650.0,0.1,True
logistic_engineered,20222023,20232024,20232024,2023020313,2023-11-25,COL,CGY,1,0.611824,0.388176,COL,1,single,season_regime,early,hybrid_exponential,0.85,552.5,0.09,True,hybrid_exponential,1.0,650.0,0.1,True
logistic_engineered,20222023,20232024,20232024,2023020314,2023-11-25,SJS,VAN,1,0.356647,0.643353,VAN,0,single,season_regime,early,hybrid_exponential,0.85,552.5,0.09,True,hybrid_exponential,1.0,650.0,0.1,True
logistic_engineered,20222023,20232024,20232024,2023020315,2023-11-25,VGK,UTA,0,0.65533,0.34467,VGK,0,single,season_regime,early,hybrid_exponential,0.85,552.5,0.09,True,hybrid_exponential,1.0,650.0,0.1,True
logistic_engineered,20222023,20232024,20232024,2023020316,2023-11-26,DET,MIN,1,0.518545,0.481455,DET,1,single,season_regime,early,hybrid_exponential,0.85,552.5,0.09,True,hybrid_exponential,1.0,650.0,0.1,True
logistic_engineered,20222023,20232024,20232024,2023020317,2023-11-26,CHI,STL,0,0.449253,0.550747,STL,1,single,season_regime,early,hybrid_exponential,0.85,552.5,0.09,True,hybrid_exponential,1.0,650.0,0.1,True
logistic_engineered,20222023,20232024,20232024,2023020318,2023-11-26,CAR,CBJ,1,0.688099,0.311901,CAR,1,single,season_regime,early,hybrid_exponential,0.85,552.5,0.09,True,hybrid_exponential,1.0,650.0,0.1,True
logistic_engineered,20222023,20232024,20232024,2023020319,2023-11-26,NSH,WPG,1,0.350277,0.649723,WPG,0,single,season_regime,early,hybrid_exponential,0.85,552.5,0.09,True,hybrid_exponential,1.0,650.0,0.1,True
logistic_engineered,20222023,20232024,20232024,2023020320,2023-11-26,EDM,ANA,1,0.755921,0.244079,EDM,1,single,season_regime,early,hybrid_exponential,0.85,552.5,0.09,True,hybrid_exponential,1.0,650.0,0.1,True
logistic_engineered,20222023,20232024,20232024,2023020321,2023-11-27,CBJ,BOS,1,0.457262,0.542738,BOS,0,single,season_regime,early,hybrid_exponential,0.85,552.5,0.09,True,hybrid_exponential,1.0,650.0,0.1,True
logistic_engineered,20222023,20232024,20232024,2023020322,2023-11-27,NYR,BUF,0,0.692551,0.307449,NYR,0,single,season_regime,early,hybrid_exponential,0.85,552.5,0.09,True,hybrid_exponential,1.0,650.0,0.1,True
logistic_engineered,20222023,20232024,20232024,2023020323,2023-11-27,OTT,FLA,0,0.432233,0.567767,FLA,1,single,season_regime,early,hybrid_exponential,0.85,552.5,0.09,True,hybrid_exponential,1.0,650.0,0.1,True
logistic_engineered,20222023,20232024,20232024,2023020324,2023-11-27,COL,TBL,1,0.521522,0.478478,COL,1,single,season_regime,early,hybrid_exponential,0.85,552.5,0.09,True,hybrid_exponential,1.0,650.0,0.1,True
logistic_engineered,20222023,20232024,20232024,2023020325,2023-11-27,CGY,VGK,1,0.412308,0.587692,VGK,0,single,season_regime,early,hybrid_exponential,0.85,552.5,0.09,True,hybrid_exponential,1.0,650.0,0.1,True
logistic_engineered,20222023,20232024,20232024,2023020326,2023-11-27,SJS,WSH,1,0.371618,0.628382,WSH,0,single,season_regime,early,hybrid_exponential,0.85,552.5,0.09,True,hybrid_exponential,1.0,650.0,0.1,True
logistic_engineered,20222023,20232024,20232024,2023020327,2023-11-28,NJD,NYI,1,0.377013,0.622987,NYI,0,single,season_regime,early,hybrid_exponential,0.85,552.5,0.09,True,hybrid_exponential,1.0,650.0,0.1,True
logistic_engineered,20222023,20232024,20232024,2023020328,2023-11-28,PHI,CAR,0,0.483711,0.516289,CAR,1,single,season_regime,early,hybrid_exponential,0.85,552.5,0.09,True,hybrid_exponential,1.0,650.0,0.1,True
logistic_engineered,20222023,20232024,20232024,2023020329,2023-11-28,TOR,FLA,1,0.619233,0.380767,TOR,1,single,season_regime,early,hybrid_exponential,0.85,552.5,0.09,True,hybrid_exponential,1.0,650.0,0.1,True
logistic_engineered,20222023,20232024,20232024,2023020330,2023-11-28,MIN,STL,1,0.534788,0.465212,MIN,1,single,season_regime,early,hybrid_exponential,0.85,552.5,0.09,True,hybrid_exponential,1.0,650.0,0.1,True
logistic_engineered,20222023,20232024,20232024,2023020331,2023-11-28,NSH,PIT,1,0.554416,0.445584,NSH,1,single,season_regime,early,hybrid_exponential,0.85,552.5,0.09,True,hybrid_exponential,1.0,650.0,0.1,True
logistic_engineered,20222023,20232024,20232024,2023020332,2023-11-28,WPG,DAL,0,0.445703,0.554297,DAL,1,single,season_regime,early,hybrid_exponential,0.85,552.5,0.09,True,hybrid_exponential,1.0,650.0,0.1,True
logistic_engineered,20222023,20232024,20232024,2023020333,2023-11-28,CHI,SEA,1,0.373741,0.626259,SEA,0,single,season_regime,early,hybrid_exponential,0.85,552.5,0.09,True,hybrid_exponential,1.0,650.0,0.1,True
logistic_engineered,20222023,20232024,20232024,2023020334,2023-11-28,UTA,TBL,1,0.443392,0.556608,TBL,0,single,season_regime,early,hybrid_exponential,0.85,552.5,0.09,True,hybrid_exponential,1.0,650.0,0.1,True
logistic_engineered,20222023,20232024,20232024,2023020335,2023-11-28,EDM,VGK,1,0.514693,0.485307,EDM,1,single,season_regime,early,hybrid_exponential,0.85,552.5,0.09,True,hybrid_exponential,1.0,650.0,0.1,True
logistic_engineered,20222023,20232024,20232024,2023020336,2023-11-28,VAN,ANA,1,0.635981,0.364019,VAN,1,single,season_regime,early,hybrid_exponential,0.85,552.5,0.09,True,hybrid_exponential,1.0,650.0,0.1,True
logistic_engineered,20222023,20232024,20232024,2023020337,2023-11-29,CBJ,MTL,0,0.460326,0.539674,MTL,1,single,season_regime,early,hybrid_exponential,0.85,552.5,0.09,True,hybrid_exponential,1.0,650.0,0.1,True
logistic_engineered,20222023,20232024,20232024,2023020338,2023-11-29,NYR,DET,1,0.701846,0.298154,NYR,1,single,season_regime,early,hybrid_exponential,0.85,552.5,0.09,True,hybrid_exponential,1.0,650.0,0.1,True
logistic_engineered,20222023,20232024,20232024,2023020339,2023-11-29,LAK,WSH,0,0.687176,0.312824,LAK,0,single,season_regime,early,hybrid_exponential,0.85,552.5,0.09,True,hybrid_exponential,1.0,650.0,0.1,True
logistic_engineered,20222023,20232024,20232024,2023020340,2023-11-30,BOS,SJS,1,0.75903,0.24097,BOS,1,single,season_regime,early,hybrid_exponential,0.85,552.5,0.09,True,hybrid_exponential,1.0,650.0,0.1,True
logistic_engineered,20222023,20232024,20232024,2023020341,2023-11-30,CAR,NYI,0,0.625506,0.374494,CAR,0,single,season_regime,early,hybrid_exponential,0.85,552.5,0.09,True,hybrid_exponential,1.0,650.0,0.1,True
logistic_engineered,20222023,20232024,20232024,2023020342,2023-11-30,DET,CHI,1,0.584891,0.415109,DET,1,single,season_regime,early,hybrid_exponential,0.85,552.5,0.09,True,hybrid_exponential,1.0,650.0,0.1,True
logistic_engineered,20222023,20232024,20232024,2023020343,2023-11-30,MTL,FLA,0,0.336333,0.663667,FLA,1,single,season_regime,early,hybrid_exponential,0.85,552.5,0.09,True,hybrid_exponential,1.0,650.0,0.1,True
logistic_engineered,20222023,20232024,20232024,2023020344,2023-11-30,PHI,NJD,0,0.344838,0.655162,NJD,1,single,season_regime,early,hybrid_exponential,0.85,552.5,0.09,True,hybrid_exponential,1.0,650.0,0.1,True
logistic_engineered,20222023,20232024,20232024,2023020345,2023-11-30,TBL,PIT,0,0.630703,0.369297,TBL,0,single,season_regime,early,hybrid_exponential,0.85,552.5,0.09,True,hybrid_exponential,1.0,650.0,0.1,True
logistic_engineered,20222023,20232024,20232024,2023020346,2023-11-30,TOR,SEA,1,0.598857,0.401143,TOR,1,single,season_regime,early,hybrid_exponential,0.85,552.5,0.09,True,hybrid_exponential,1.0,650.0,0.1,True
logistic_engineered,20222023,20232024,20232024,2023020347,2023-11-30,NSH,MIN,0,0.351344,0.648656,MIN,1,single,season_regime,early,hybrid_exponential,0.85,552.5,0.09,True,hybrid_exponential,1.0,650.0,0.1,True
logistic_engineered,20222023,20232024,20232024,2023020348,2023-11-30,STL,BUF,1,0.469911,0.530089,BUF,0,single,season_regime,early,hybrid_exponential,0.85,552.5,0.09,True,hybrid_exponential,1.0,650.0,0.1,True
logistic_engineered,20222023,20232024,20232024,2023020349,2023-11-30,WPG,EDM,0,0.51593,0.48407,WPG,0,single,season_regime,early,hybrid_exponential,0.85,552.5,0.09,True,hybrid_exponential,1.0,650.0,0.1,True
logistic_engineered,20222023,20232024,20232024,2023020350,2023-11-30,UTA,COL,1,0.333115,0.666885,COL,0,single,season_regime,early,hybrid_exponential,0.85,552.5,0.09,True,hybrid_exponential,1.0,650.0,0.1,True
logistic_engineered,20222023,20232024,20232024,2023020351,2023-11-30,CGY,DAL,1,0.385053,0.614947,DAL,0,single,season_regime,early,hybrid_exponential,0.85,552.5,0.09,True,hybrid_exponential,1.0,650.0,0.1,True
logistic_engineered,20222023,20232024,20232024,2023020352,2023-11-30,ANA,WSH,0,0.517804,0.482196,ANA,0,single,season_regime,early,hybrid_exponential,0.85,552.5,0.09,True,hybrid_exponential,1.0,650.0,0.1,True
logistic_engineered,20222023,20232024,20232024,2023020353,2023-11-30,VAN,VGK,0,0.676064,0.323936,VAN,0,single,season_regime,early,hybrid_exponential,0.85,552.5,0.09,True,hybrid_exponential,1.0,650.0,0.1,True
logistic_engineered,20222023,20232024,20232024,2023020354,2023-12-01,CBJ,OTT,1,0.413828,0.586172,OTT,0,single,season_regime,early,hybrid_exponential,0.85,552.5,0.09,True,hybrid_exponential,1.0,650.0,0.1,True
logistic_engineered,20222023,20232024,20232024,2023020355,2023-12-01,NJD,SJS,0,0.835916,0.164084,NJD,0,single,season_regime,early,hybrid_exponential,0.85,552.5,0.09,True,hybrid_exponential,1.0,650.0,0.1,True
logistic_engineered,20222023,20232024,20232024,2023020356,2023-12-02,DAL,TBL,1,0.698158,0.301842,DAL,1,single,season_regime,early,hybrid_exponential,0.85,552.5,0.09,True,hybrid_exponential,1.0,650.0,0.1,True
logistic_engineered,20222023,20232024,20232024,2023020357,2023-12-02,WPG,CHI,1,0.651539,0.348461,WPG,1,single,season_regime,early,hybrid_exponential,0.85,552.5,0.09,True,hybrid_exponential,1.0,650.0,0.1,True
logistic_engineered,20222023,20232024,20232024,2023020358,2023-12-02,NSH,NYR,0,0.341743,0.658257,NYR,1,single,season_regime,early,hybrid_exponential,0.85,552.5,0.09,True,hybrid_exponential,1.0,650.0,0.1,True
logistic_engineered,20222023,20232024,20232024,2023020359,2023-12-02,FLA,NYI,0,0.484786,0.515214,NYI,1,single,season_regime,early,hybrid_exponential,0.85,552.5,0.09,True,hybrid_exponential,1.0,650.0,0.1,True
logistic_engineered,20222023,20232024,20232024,2023020360,2023-12-02,CAR,BUF,1,0.639385,0.360615,CAR,1,single,season_regime,early,hybrid_exponential,0.85,552.5,0.09,True,hybrid_exponential,1.0,650.0,0.1,True
logistic_engineered,20222023,20232024,20232024,2023020361,2023-12-02,MTL,DET,0,0.432233,0.567767,DET,1,single,season_regime,early,hybrid_exponential,0.85,552.5,0.09,True,hybrid_exponential,1.0,650.0,0.1,True
logistic_engineered,20222023,20232024,20232024,2023020362,2023-12-02,OTT,SEA,1,0.398363,0.601637,SEA,0,single,season_regime,early,hybrid_exponential,0.85,552.5,0.09,True,hybrid_exponential,1.0,650.0,0.1,True
logistic_engineered,20222023,20232024,20232024,2023020363,2023-12-02,PIT,PHI,0,0.569294,0.430706,PIT,0,single,season_regime,early,hybrid_exponential,0.85,552.5,0.09,True,hybrid_exponential,1.0,650.0,0.1,True
logistic_engineered,20222023,20232024,20232024,2023020364,2023-12-02,TOR,BOS,0,0.428797,0.571203,BOS,1,single,season_regime,early,hybrid_exponential,0.85,552.5,0.09,True,hybrid_exponential,1.0,650.0,0.1,True
logistic_engineered,20222023,20232024,20232024,2023020365,2023-12-02,UTA,STL,1,0.50253,0.49747,UTA,1,single,season_regime,early,hybrid_exponential,0.85,552.5,0.09,True,hybrid_exponential,1.0,650.0,0.1,True
logistic_engineered,20222023,20232024,20232024,2023020366,2023-12-02,ANA,COL,1,0.294634,0.705366,COL,0,single,season_regime,early,hybrid_exponential,0.85,552.5,0.09,True,hybrid_exponential,1.0,650.0,0.1,True
logistic_engineered,20222023,20232024,20232024,2023020367,2023-12-02,CGY,VAN,0,0.515574,0.484426,CGY,0,single,season_regime,early,hybrid_exponential,0.85,552.5,0.09,True,hybrid_exponential,1.0,650.0,0.1,True
logistic_engineered,20222023,20232024,20232024,2023020368,2023-12-02,VGK,WSH,1,0.600875,0.399125,VGK,1,single,season_regime,early,hybrid_exponential,0.85,552.5,0.09,True,hybrid_exponential,1.0,650.0,0.1,True
logistic_engineered,20222023,20232024,20232024,2023020369,2023-12-03,MIN,CHI,1,0.689463,0.310537,MIN,1,single,season_regime,early,hybrid_exponential,0.85,552.5,0.09,True,hybrid_exponential,1.0,650.0,0.1,True
logistic_engineered,20222023,20232024,20232024,2023020370,2023-12-03,NYR,SJS,1,0.74004,0.25996,NYR,1,single,season_regime,early,hybrid_exponential,0.85,552.5,0.09,True,hybrid_exponential,1.0,650.0,0.1,True
logistic_engineered,20222023,20232024,20232024,2023020371,2023-12-03,BOS,CBJ,1,0.596383,0.403617,BOS,1,single,season_regime,early,hybrid_exponential,0.85,552.5,0.09,True,hybrid_exponential,1.0,650.0,0.1,True
logistic_engineered,20222023,20232024,20232024,2023020372,2023-12-03,BUF,NSH,0,0.561556,0.438444,BUF,0,single,season_regime,early,hybrid_exponential,0.85,552.5,0.09,True,hybrid_exponential,1.0,650.0,0.1,True
logistic_engineered,20222023,20232024,20232024,2023020373,2023-12-03,LAK,COL,1,0.659297,0.340703,LAK,1,single,season_regime,early,hybrid_exponential,0.85,552.5,0.09,True,hybrid_exponential,1.0,650.0,0.1,True
logistic_engineered,20222023,20232024,20232024,2023020374,2023-12-04,PHI,PIT,1,0.479431,0.520569,PIT,0,single,season_regime,early,hybrid_exponential,0.85,552.5,0.09,True,hybrid_exponential,1.0,650.0,0.1,True
logistic_engineered,20222023,20232024,20232024,2023020375,2023-12-04,TBL,DAL,1,0.343037,0.656963,DAL,0,single,season_regime,early,hybrid_exponential,0.85,552.5,0.09,True,hybrid_exponential,1.0,650.0,0.1,True
logistic_engineered,20222023,20232024,20232024,2023020376,2023-12-04,MTL,SEA,1,0.434301,0.565699,SEA,0,single,season_regime,early,hybrid_exponential,0.85,552.5,0.09,True,hybrid_exponential,1.0,650.0,0.1,True
logistic_engineered,20222023,20232024,20232024,2023020377,2023-12-04,WPG,CAR,1,0.46035,0.53965,CAR,0,single,season_regime,early,hybrid_exponential,0.85,552.5,0.09,True,hybrid_exponential,1.0,650.0,0.1,True
logistic_engineered,20222023,20232024,20232024,2023020378,2023-12-04,UTA,WSH,1,0.753915,0.246085,UTA,1,single,season_regime,early,hybrid_exponential,0.85,552.5,0.09,True,hybrid_exponential,1.0,650.0,0.1,True
logistic_engineered,20222023,20232024,20232024,2023020379,2023-12-04,VGK,STL,0,0.694856,0.305144,VGK,0,single,season_regime,early,hybrid_exponential,0.85,552.5,0.09,True,hybrid_exponential,1.0,650.0,0.1,True
logistic_engineered,20222023,20232024,20232024,2023020380,2023-12-05,BUF,DET,0,0.468484,0.531516,DET,1,single,season_regime,early,hybrid_exponential,0.85,552.5,0.09,True,hybrid_exponential,1.0,650.0,0.1,True
logistic_engineered,20222023,20232024,20232024,2023020381,2023-12-05,CBJ,LAK,0,0.28271,0.71729,LAK,1,single,season_regime,early,hybrid_exponential,0.85,552.5,0.09,True,hybrid_exponential,1.0,650.0,0.1,True
logistic_engineered,20222023,20232024,20232024,2023020382,2023-12-05,OTT,NYR,1,0.438558,0.561442,NYR,0,single,season_regime,early,hybrid_exponential,0.85,552.5,0.09,True,hybrid_exponential,1.0,650.0,0.1,True
logistic_engineered,20222023,20232024,20232024,2023020383,2023-12-05,NYI,SJS,0,0.757359,0.242641,NYI,0,single,season_regime,early,hybrid_exponential,0.85,552.5,0.09,True,hybrid_exponential,1.0,650.0,0.1,True
logistic_engineered,20222023,20232024,20232024,2023020384,2023-12-05,CHI,NSH,0,0.424222,0.575778,NSH,1,single,season_regime,early,hybrid_exponential,0.85,552.5,0.09,True,hybrid_exponential,1.0,650.0,0.1,True
logistic_engineered,20222023,20232024,20232024,2023020385,2023-12-05,CGY,MIN,0,0.278367,0.721633,MIN,1,single,season_regime,early,hybrid_exponential,0.85,552.5,0.09,True,hybrid_exponential,1.0,650.0,0.1,True
logistic_engineered,20222023,20232024,20232024,2023020386,2023-12-05,COL,ANA,1,0.649163,0.350837,COL,1,single,season_regime,early,hybrid_exponential,0.85,552.5,0.09,True,hybrid_exponential,1.0,650.0,0.1,True
logistic_engineered,20222023,20232024,20232024,2023020387,2023-12-05,VAN,NJD,0,0.444949,0.555051,NJD,1,single,season_regime,early,hybrid_exponential,0.85,552.5,0.09,True,hybrid_exponential,1.0,650.0,0.1,True
logistic_engineered,20222023,20232024,20232024,2023020388,2023-12-06,FLA,DAL,1,0.421714,0.578286,DAL,0,single,season_regime,early,hybrid_exponential,0.85,552.5,0.09,True,hybrid_exponential,1.0,650.0,0.1,True
logistic_engineered,20222023,20232024,20232024,2023020389,2023-12-06,TBL,PIT,1,0.650379,0.349621,TBL,1,single,season_regime,early,hybrid_exponential,0.85,552.5,0.09,True,hybrid_exponential,1.0,650.0,0.1,True
logistic_engineered,20222023,20232024,20232024,2023020390,2023-12-06,STL,VGK,0,0.432577,0.567423,VGK,1,single,season_regime,early,hybrid_exponential,0.85,552.5,0.09,True,hybrid_exponential,1.0,650.0,0.1,True
logistic_engineered,20222023,20232024,20232024,2023020391,2023-12-06,EDM,CAR,1,0.574429,0.425571,EDM,1,single,season_regime,early,hybrid_exponential,0.85,552.5,0.09,True,hybrid_exponential,1.0,650.0,0.1,True
logistic_engineered,20222023,20232024,20232024,2023020392,2023-12-07,BOS,BUF,0,0.718219,0.281781,BOS,0,single,season_regime,early,hybrid_exponential,0.85,552.5,0.09,True,hybrid_exponential,1.0,650.0,0.1,True
logistic_engineered,20222023,20232024,20232024,2023020393,2023-12-07,DET,SJS,0,0.739773,0.260227,DET,0,single,season_regime,early,hybrid_exponential,0.85,552.5,0.09,True,hybrid_exponential,1.0,650.0,0.1,True
logistic_engineered,20222023,20232024,20232024,2023020394,2023-12-07,MTL,LAK,0,0.299578,0.700422,LAK,1,single,season_regime,early,hybrid_exponential,0.85,552.5,0.09,True,hybrid_exponential,1.0,650.0,0.1,True
logistic_engineered,20222023,20232024,20232024,2023020395,2023-12-07,OTT,TOR,0,0.63773,0.36227,OTT,0,single,season_regime,early,hybrid_exponential,0.85,552.5,0.09,True,hybrid_exponential,1.0,650.0,0.1,True
logistic_engineered,20222023,20232024,20232024,2023020396,2023-12-07,WSH,DAL,0,0.479617,0.520383,DAL,1,single,season_regime,early,hybrid_exponential,0.85,552.5,0.09,True,hybrid_exponential,1.0,650.0,0.1,True
logistic_engineered,20222023,20232024,20232024,2023020397,2023-12-07,NYI,CBJ,1,0.633385,0.366615,NYI,1,single,season_regime,early,hybrid_exponential,0.85,552.5,0.09,True,hybrid_exponential,1.0,650.0,0.1,True
logistic_engineered,20222023,20232024,20232024,2023020398,2023-12-07,NSH,TBL,1,0.545688,0.454312,NSH,1,single,season_regime,early,hybrid_exponential,0.85,552.5,0.09,True,hybrid_exponential,1.0,650.0,0.1,True
logistic_engineered,20222023,20232024,20232024,2023020399,2023-12-07,CHI,ANA,1,0.455407,0.544593,ANA,0,single,season_regime,early,hybrid_exponential,0.85,552.5,0.09,True,hybrid_exponential,1.0,650.0,0.1,True
logistic_engineered,20222023,20232024,20232024,2023020400,2023-12-07,UTA,PHI,0,0.535359,0.464641,UTA,0,single,season_regime,early,hybrid_exponential,0.85,552.5,0.09,True,hybrid_exponential,1.0,650.0,0.1,True
logistic_engineered,20222023,20232024,20232024,2023020401,2023-12-07,CGY,CAR,1,0.506704,0.493296,CGY,1,single,season_regime,early,hybrid_exponential,0.85,552.5,0.09,True,hybrid_exponential,1.0,650.0,0.1,True
logistic_engineered,20222023,20232024,20232024,2023020402,2023-12-07,COL,WPG,0,0.465152,0.534848,WPG,1,single,season_regime,early,hybrid_exponential,0.85,552.5,0.09,True,hybrid_exponential,1.0,650.0,0.1,True
logistic_engineered,20222023,20232024,20232024,2023020403,2023-12-07,SEA,NJD,0,0.420117,0.579883,NJD,1,single,season_regime,early,hybrid_exponential,0.85,552.5,0.09,True,hybrid_exponential,1.0,650.0,0.1,True
logistic_engineered,20222023,20232024,20232024,2023020404,2023-12-07,VAN,MIN,1,0.501689,0.498311,VAN,1,single,season_regime,early,hybrid_exponential,0.85,552.5,0.09,True,hybrid_exponential,1.0,650.0,0.1,True
logistic_engineered,20222023,20232024,20232024,2023020405,2023-12-08,CBJ,STL,1,0.394213,0.605787,STL,0,single,season_regime,early,hybrid_exponential,0.85,552.5,0.09,True,hybrid_exponential,1.0,650.0,0.1,True
logistic_engineered,20222023,20232024,20232024,2023020406,2023-12-08,FLA,PIT,1,0.610509,0.389491,FLA,1,single,season_regime,early,hybrid_exponential,0.85,552.5,0.09,True,hybrid_exponential,1.0,650.0,0.1,True
logistic_engineered,20222023,20232024,20232024,2023020407,2023-12-08,EDM,MIN,1,0.739052,0.260948,EDM,1,single,season_regime,early,hybrid_exponential,0.85,552.5,0.09,True,hybrid_exponential,1.0,650.0,0.1,True
logistic_engineered,20222023,20232024,20232024,2023020408,2023-12-09,BOS,UTA,1,0.660854,0.339146,BOS,1,single,season_regime,early,hybrid_exponential,0.85,552.5,0.09,True,hybrid_exponential,1.0,650.0,0.1,True
logistic_engineered,20222023,20232024,20232024,2023020409,2023-12-09,CGY,NJD,0,0.474761,0.525239,NJD,1,single,season_regime,early,hybrid_exponential,0.85,552.5,0.09,True,hybrid_exponential,1.0,650.0,0.1,True
logistic_engineered,20222023,20232024,20232024,2023020410,2023-12-09,DAL,VGK,0,0.386798,0.613202,VGK,1,single,season_regime,early,hybrid_exponential,0.85,552.5,0.09,True,hybrid_exponential,1.0,650.0,0.1,True
logistic_engineered,20222023,20232024,20232024,2023020411,2023-12-09,BUF,MTL,0,0.667501,0.332499,BUF,0,single,season_regime,early,hybrid_exponential,0.85,552.5,0.09,True,hybrid_exponential,1.0,650.0,0.1,True
logistic_engineered,20222023,20232024,20232024,2023020412,2023-12-09,DET,OTT,0,0.480975,0.519025,OTT,1,single,season_regime,early,hybrid_exponential,0.85,552.5,0.09,True,hybrid_exponential,1.0,650.0,0.1,True
logistic_engineered,20222023,20232024,20232024,2023020413,2023-12-09,TOR,NSH,1,0.541088,0.458912,TOR,1,single,season_regime,early,hybrid_exponential,0.85,552.5,0.09,True,hybrid_exponential,1.0,650.0,0.1,True
logistic_engineered,20222023,20232024,20232024,2023020414,2023-12-09,WSH,NYR,1,0.299221,0.700779,NYR,0,single,season_regime,early,hybrid_exponential,0.85,552.5,0.09,True,hybrid_exponential,1.0,650.0,0.1,True
logistic_engineered,20222023,20232024,20232024,2023020415,2023-12-09,NYI,LAK,1,0.387788,0.612212,LAK,0,single,season_regime,early,hybrid_exponential,0.85,552.5,0.09,True,hybrid_exponential,1.0,650.0,0.1,True
logistic_engineered,20222023,20232024,20232024,2023020416,2023-12-09,CHI,STL,1,0.564854,0.435146,CHI,1,single,season_regime,early,hybrid_exponential,0.85,552.5,0.09,True,hybrid_exponential,1.0,650.0,0.1,True
logistic_engineered,20222023,20232024,20232024,2023020417,2023-12-09,COL,PHI,0,0.630985,0.369015,COL,0,single,season_regime,early,hybrid_exponential,0.85,552.5,0.09,True,hybrid_exponential,1.0,650.0,0.1,True
logistic_engineered,20222023,20232024,20232024,2023020418,2023-12-09,SEA,TBL,0,0.366757,0.633243,TBL,1,single,season_regime,early,hybrid_exponential,0.85,552.5,0.09,True,hybrid_exponential,1.0,650.0,0.1,True
logistic_engineered,20222023,20232024,20232024,2023020419,2023-12-09,VAN,CAR,1,0.454561,0.545439,CAR,0,single,season_regime,early,hybrid_exponential,0.85,552.5,0.09,True,hybrid_exponential,1.0,650.0,0.1,True
logistic_engineered,20222023,20232024,20232024,2023020420,2023-12-10,CBJ,FLA,0,0.380476,0.619524,FLA,1,single,season_regime,early,hybrid_exponential,0.85,552.5,0.09,True,hybrid_exponential,1.0,650.0,0.1,True
logistic_engineered,20222023,20232024,20232024,2023020421,2023-12-10,EDM,NJD,1,0.583453,0.416547,EDM,1,single,season_regime,early,hybrid_exponential,0.85,552.5,0.09,True,hybrid_exponential,1.0,650.0,0.1,True
logistic_engineered,20222023,20232024,20232024,2023020422,2023-12-10,CHI,WSH,0,0.435481,0.564519,WSH,1,single,season_regime,early,hybrid_exponential,0.85,552.5,0.09,True,hybrid_exponential,1.0,650.0,0.1,True
logistic_engineered,20222023,20232024,20232024,2023020423,2023-12-10,MTL,NSH,0,0.361683,0.638317,NSH,1,single,season_regime,early,hybrid_exponential,0.85,552.5,0.09,True,hybrid_exponential,1.0,650.0,0.1,True
logistic_engineered,20222023,20232024,20232024,2023020424,2023-12-10,NYR,LAK,1,0.405208,0.594792,LAK,0,single,season_regime,early,hybrid_exponential,0.85,552.5,0.09,True,hybrid_exponential,1.0,650.0,0.1,True
logistic_engineered,20222023,20232024,20232024,2023020425,2023-12-10,ANA,WPG,0,0.348891,0.651109,WPG,1,single,season_regime,early,hybrid_exponential,0.85,552.5,0.09,True,hybrid_exponential,1.0,650.0,0.1,True
logistic_engineered,20222023,20232024,20232024,2023020426,2023-12-10,SEA,MIN,0,0.462708,0.537292,MIN,1,single,season_regime,early,hybrid_exponential,0.85,552.5,0.09,True,hybrid_exponential,1.0,650.0,0.1,True
logistic_engineered,20222023,20232024,20232024,2023020427,2023-12-10,VGK,SJS,1,0.678972,0.321028,VGK,1,single,season_regime,early,hybrid_exponential,0.85,552.5,0.09,True,hybrid_exponential,1.0,650.0,0.1,True
logistic_engineered,20222023,20232024,20232024,2023020428,2023-12-11,BUF,UTA,1,0.606112,0.393888,BUF,1,single,season_regime,early,hybrid_exponential,0.85,552.5,0.09,True,hybrid_exponential,1.0,650.0,0.1,True
logistic_engineered,20222023,20232024,20232024,2023020429,2023-12-11,NYI,TOR,1,0.487177,0.512823,TOR,0,single,season_regime,early,hybrid_exponential,0.85,552.5,0.09,True,hybrid_exponential,1.0,650.0,0.1,True
logistic_engineered,20222023,20232024,20232024,2023020430,2023-12-11,DAL,DET,1,0.540204,0.459796,DAL,1,single,season_regime,early,hybrid_exponential,0.85,552.5,0.09,True,hybrid_exponential,1.0,650.0,0.1,True
logistic_engineered,20222023,20232024,20232024,2023020431,2023-12-11,COL,CGY,1,0.443473,0.556527,CGY,0,single,season_regime,early,hybrid_exponential,0.85,552.5,0.09,True,hybrid_exponential,1.0,650.0,0.1,True
logistic_engineered,20222023,20232024,20232024,2023020432,2023-12-12,NYR,TOR,0,0.597012,0.402988,NYR,0,single,season_regime,early,hybrid_exponential,0.85,552.5,0.09,True,hybrid_exponential,1.0,650.0,0.1,True
logistic_engineered,20222023,20232024,20232024,2023020433,2023-12-12,OTT,CAR,0,0.469714,0.530286,CAR,1,single,season_regime,early,hybrid_exponential,0.85,552.5,0.09,True,hybrid_exponential,1.0,650.0,0.1,True
logistic_engineered,20222023,20232024,20232024,2023020434,2023-12-12,PIT,UTA,1,0.597146,0.402854,PIT,1,single,season_regime,early,hybrid_exponential,0.85,552.5,0.09,True,hybrid_exponential,1.0,650.0,0.1,True
logistic_engineered,20222023,20232024,20232024,2023020435,2023-12-12,NSH,PHI,1,0.552521,0.447479,NSH,1,single,season_regime,early,hybrid_exponential,0.85,552.5,0.09,True,hybrid_exponential,1.0,650.0,0.1,True
logistic_engineered,20222023,20232024,20232024,2023020436,2023-12-12,STL,DET,0,0.627513,0.372487,STL,0,single,season_regime,early,hybrid_exponential,0.85,552.5,0.09,True,hybrid_exponential,1.0,650.0,0.1,True
logistic_engineered,20222023,20232024,20232024,2023020437,2023-12-12,EDM,CHI,1,0.764536,0.235464,EDM,1,single,season_regime,early,hybrid_exponential,0.85,552.5,0.09,True,hybrid_exponential,1.0,650.0,0.1,True
logistic_engineered,20222023,20232024,20232024,2023020438,2023-12-12,SEA,FLA,1,0.409031,0.590969,FLA,0,single,season_regime,early,hybrid_exponential,0.85,552.5,0.09,True,hybrid_exponential,1.0,650.0,0.1,True
logistic_engineered,20222023,20232024,20232024,2023020439,2023-12-12,VAN,TBL,1,0.574375,0.425625,VAN,1,single,season_regime,early,hybrid_exponential,0.85,552.5,0.09,True,hybrid_exponential,1.0,650.0,0.1,True
logistic_engineered,20222023,20232024,20232024,2023020440,2023-12-12,VGK,CGY,1,0.707028,0.292972,VGK,1,single,season_regime,early,hybrid_exponential,0.85,552.5,0.09,True,hybrid_exponential,1.0,650.0,0.1,True
logistic_engineered,20222023,20232024,20232024,2023020441,2023-12-12,SJS,WPG,1,0.246963,0.753037,WPG,0,single,season_regime,early,hybrid_exponential,0.85,552.5,0.09,True,hybrid_exponential,1.0,650.0,0.1,True
logistic_engineered,20222023,20232024,20232024,2023020442,2023-12-13,MTL,PIT,0,0.458663,0.541337,PIT,1,single,season_regime,early,hybrid_exponential,0.85,552.5,0.09,True,hybrid_exponential,1.0,650.0,0.1,True
logistic_engineered,20222023,20232024,20232024,2023020443,2023-12-13,NJD,BOS,1,0.511261,0.488739,NJD,1,single,season_regime,early,hybrid_exponential,0.85,552.5,0.09,True,hybrid_exponential,1.0,650.0,0.1,True
logistic_engineered,20222023,20232024,20232024,2023020444,2023-12-13,NYI,ANA,1,0.67758,0.32242,NYI,1,single,season_regime,early,hybrid_exponential,0.85,552.5,0.09,True,hybrid_exponential,1.0,650.0,0.1,True
logistic_engineered,20222023,20232024,20232024,2023020445,2023-12-13,COL,BUF,1,0.682857,0.317143,COL,1,single,season_regime,early,hybrid_exponential,0.85,552.5,0.09,True,hybrid_exponential,1.0,650.0,0.1,True
logistic_engineered,20222023,20232024,20232024,2023020446,2023-12-13,LAK,WPG,0,0.672146,0.327854,LAK,0,single,season_regime,early,hybrid_exponential,0.85,552.5,0.09,True,hybrid_exponential,1.0,650.0,0.1,True
logistic_engineered,20222023,20232024,20232024,2023020447,2023-12-14,DET,CAR,0,0.357394,0.642606,CAR,1,single,season_regime,early,hybrid_exponential,0.85,552.5,0.09,True,hybrid_exponential,1.0,650.0,0.1,True
logistic_engineered,20222023,20232024,20232024,2023020448,2023-12-14,PHI,WSH,1,0.497044,0.502956,WSH,0,single,season_regime,early,hybrid_exponential,0.85,552.5,0.09,True,hybrid_exponential,1.0,650.0,0.1,True
logistic_engineered,20222023,20232024,20232024,2023020449,2023-12-14,TOR,CBJ,0,0.717061,0.282939,TOR,0,single,season_regime,early,hybrid_exponential,0.85,552.5,0.09,True,hybrid_exponential,1.0,650.0,0.1,True
logistic_engineered,20222023,20232024,20232024,2023020450,2023-12-14,MIN,CGY,1,0.632309,0.367691,MIN,1,single,season_regime,early,hybrid_exponential,0.85,552.5,0.09,True,hybrid_exponential,1.0,650.0,0.1,True
logistic_engineered,20222023,20232024,20232024,2023020451,2023-12-14,STL,OTT,1,0.415973,0.584027,OTT,0,single,season_regime,early,hybrid_exponential,0.85,552.5,0.09,True,hybrid_exponential,1.0,650.0,0.1,True
logistic_engineered,20222023,20232024,20232024,2023020452,2023-12-14,EDM,TBL,0,0.595049,0.404951,EDM,0,single,season_regime,early,hybrid_exponential,0.85,552.5,0.09,True,hybrid_exponential,1.0,650.0,0.1,True
logistic_engineered,20222023,20232024,20232024,2023020453,2023-12-14,SEA,CHI,1,0.796276,0.203724,SEA,1,single,season_regime,early,hybrid_exponential,0.85,552.5,0.09,True,hybrid_exponential,1.0,650.0,0.1,True
logistic_engineered,20222023,20232024,20232024,2023020454,2023-12-14,VAN,FLA,1,0.685529,0.314471,VAN,1,single,season_regime,early,hybrid_exponential,0.85,552.5,0.09,True,hybrid_exponential,1.0,650.0,0.1,True
logistic_engineered,20222023,20232024,20232024,2023020455,2023-12-15,CAR,NSH,0,0.569213,0.430787,CAR,0,single,season_regime,early,hybrid_exponential,0.85,552.5,0.09,True,hybrid_exponential,1.0,650.0,0.1,True
logistic_engineered,20222023,20232024,20232024,2023020456,2023-12-15,NYR,ANA,1,0.752033,0.247967,NYR,1,single,season_regime,early,hybrid_exponential,0.85,552.5,0.09,True,hybrid_exponential,1.0,650.0,0.1,True
logistic_engineered,20222023,20232024,20232024,2023020457,2023-12-15,NYI,BOS,0,0.471695,0.528305,BOS,1,single,season_regime,early,hybrid_exponential,0.85,552.5,0.09,True,hybrid_exponential,1.0,650.0,0.1,True
logistic_engineered,20222023,20232024,20232024,2023020458,2023-12-15,DAL,OTT,1,0.569339,0.430661,DAL,1,single,season_regime,early,hybrid_exponential,0.85,552.5,0.09,True,hybrid_exponential,1.0,650.0,0.1,True
logistic_engineered,20222023,20232024,20232024,2023020459,2023-12-15,UTA,SJS,1,0.657074,0.342926,UTA,1,single,season_regime,early,hybrid_exponential,0.85,552.5,0.09,True,hybrid_exponential,1.0,650.0,0.1,True
logistic_engineered,20222023,20232024,20232024,2023020460,2023-12-15,VGK,BUF,0,0.671764,0.328236,VGK,0,single,season_regime,early,hybrid_exponential,0.85,552.5,0.09,True,hybrid_exponential,1.0,650.0,0.1,True
logistic_engineered,20222023,20232024,20232024,2023020461,2023-12-16,MIN,VAN,1,0.502798,0.497202,MIN,1,single,season_regime,early,hybrid_exponential,0.85,552.5,0.09,True,hybrid_exponential,1.0,650.0,0.1,True
logistic_engineered,20222023,20232024,20232024,2023020462,2023-12-16,BOS,NYR,0,0.483864,0.516136,NYR,1,single,season_regime,early,hybrid_exponential,0.85,552.5,0.09,True,hybrid_exponential,1.0,650.0,0.1,True
logistic_engineered,20222023,20232024,20232024,2023020463,2023-12-16,CBJ,NJD,0,0.234573,0.765427,NJD,1,single,season_regime,early,hybrid_exponential,0.85,552.5,0.09,True,hybrid_exponential,1.0,650.0,0.1,True
logistic_engineered,20222023,20232024,20232024,2023020464,2023-12-16,MTL,NYI,1,0.429535,0.570465,NYI,0,single,season_regime,early,hybrid_exponential,0.85,552.5,0.09,True,hybrid_exponential,1.0,650.0,0.1,True
logistic_engineered,20222023,20232024,20232024,2023020465,2023-12-16,PHI,DET,1,0.670786,0.329214,PHI,1,single,season_regime,early,hybrid_exponential,0.85,552.5,0.09,True,hybrid_exponential,1.0,650.0,0.1,True
logistic_engineered,20222023,20232024,20232024,2023020466,2023-12-16,TOR,PIT,1,0.744923,0.255077,TOR,1,single,season_regime,early,hybrid_exponential,0.85,552.5,0.09,True,hybrid_exponential,1.0,650.0,0.1,True
logistic_engineered,20222023,20232024,20232024,2023020467,2023-12-16,WPG,COL,1,0.458472,0.541528,COL,0,single,season_regime,early,hybrid_exponential,0.85,552.5,0.09,True,hybrid_exponential,1.0,650.0,0.1,True
logistic_engineered,20222023,20232024,20232024,2023020468,2023-12-16,NSH,WSH,1,0.551745,0.448255,NSH,1,single,season_regime,early,hybrid_exponential,0.85,552.5,0.09,True,hybrid_exponential,1.0,650.0,0.1,True
logistic_engineered,20222023,20232024,20232024,2023020469,2023-12-16,STL,DAL,1,0.40868,0.59132,DAL,0,single,season_regime,early,hybrid_exponential,0.85,552.5,0.09,True,hybrid_exponential,1.0,650.0,0.1,True
logistic_engineered,20222023,20232024,20232024,2023020470,2023-12-16,UTA,BUF,1,0.555292,0.444708,UTA,1,single,season_regime,early,hybrid_exponential,0.85,552.5,0.09,True,hybrid_exponential,1.0,650.0,0.1,True
logistic_engineered,20222023,20232024,20232024,2023020471,2023-12-16,CGY,TBL,1,0.376144,0.623856,TBL,0,single,season_regime,early,hybrid_exponential,0.85,552.5,0.09,True,hybrid_exponential,1.0,650.0,0.1,True
logistic_engineered,20222023,20232024,20232024,2023020472,2023-12-16,EDM,FLA,0,0.619756,0.380244,EDM,0,single,season_regime,early,hybrid_exponential,0.85,552.5,0.09,True,hybrid_exponential,1.0,650.0,0.1,True
logistic_engineered,20222023,20232024,20232024,2023020473,2023-12-16,SEA,LAK,0,0.41915,0.58085,LAK,1,single,season_regime,early,hybrid_exponential,0.85,552.5,0.09,True,hybrid_exponential,1.0,650.0,0.1,True
logistic_engineered,20222023,20232024,20232024,2023020474,2023-12-17,CHI,VAN,0,0.50752,0.49248,CHI,0,single,season_regime,early,hybrid_exponential,0.85,552.5,0.09,True,hybrid_exponential,1.0,650.0,0.1,True
logistic_engineered,20222023,20232024,20232024,2023020475,2023-12-17,CAR,WSH,0,0.724385,0.275615,CAR,0,single,season_regime,early,hybrid_exponential,0.85,552.5,0.09,True,hybrid_exponential,1.0,650.0,0.1,True
logistic_engineered,20222023,20232024,20232024,2023020476,2023-12-17,NJD,ANA,0,0.767676,0.232324,NJD,0,single,season_regime,early,hybrid_exponential,0.85,552.5,0.09,True,hybrid_exponential,1.0,650.0,0.1,True
logistic_engineered,20222023,20232024,20232024,2023020477,2023-12-17,COL,SJS,1,0.649428,0.350572,COL,1,single,season_regime,early,hybrid_exponential,0.85,552.5,0.09,True,hybrid_exponential,1.0,650.0,0.1,True
logistic_engineered,20222023,20232024,20232024,2023020478,2023-12-17,VGK,OTT,1,0.562615,0.437385,VGK,1,single,season_regime,early,hybrid_exponential,0.85,552.5,0.09,True,hybrid_exponential,1.0,650.0,0.1,True
logistic_engineered,20222023,20232024,20232024,2023020479,2023-12-18,DET,ANA,0,0.476142,0.523858,ANA,1,single,season_regime,early,hybrid_exponential,0.85,552.5,0.09,True,hybrid_exponential,1.0,650.0,0.1,True
logistic_engineered,20222023,20232024,20232024,2023020480,2023-12-18,PIT,MIN,1,0.483669,0.516331,MIN,0,single,season_regime,early,hybrid_exponential,0.85,552.5,0.09,True,hybrid_exponential,1.0,650.0,0.1,True
logistic_engineered,20222023,20232024,20232024,2023020481,2023-12-18,WPG,MTL,0,0.669848,0.330152,WPG,0,single,season_regime,early,hybrid_exponential,0.85,552.5,0.09,True,hybrid_exponential,1.0,650.0,0.1,True
logistic_engineered,20222023,20232024,20232024,2023020482,2023-12-18,DAL,SEA,1,0.585867,0.414133,DAL,1,single,season_regime,early,hybrid_exponential,0.85,552.5,0.09,True,hybrid_exponential,1.0,650.0,0.1,True
logistic_engineered,20222023,20232024,20232024,2023020483,2023-12-18,CGY,FLA,1,0.325786,0.674214,FLA,0,single,season_regime,early,hybrid_exponential,0.85,552.5,0.09,True,hybrid_exponential,1.0,650.0,0.1,True
logistic_engineered,20222023,20232024,20232024,2023020484,2023-12-19,BOS,MIN,0,0.699731,0.300269,BOS,0,single,season_regime,early,hybrid_exponential,0.85,552.5,0.09,True,hybrid_exponential,1.0,650.0,0.1,True
logistic_engineered,20222023,20232024,20232024,2023020485,2023-12-19,BUF,CBJ,0,0.534982,0.465018,BUF,0,single,season_regime,early,hybrid_exponential,0.85,552.5,0.09,True,hybrid_exponential,1.0,650.0,0.1,True
logistic_engineered,20222023,20232024,20232024,2023020486,2023-12-19,CAR,VGK,1,0.578358,0.421642,CAR,1,single,season_regime,early,hybrid_exponential,0.85,552.5,0.09,True,hybrid_exponential,1.0,650.0,0.1,True
logistic_engineered,20222023,20232024,20232024,2023020487,2023-12-19,NJD,PHI,0,0.566686,0.433314,NJD,0,single,season_regime,early,hybrid_exponential,0.85,552.5,0.09,True,hybrid_exponential,1.0,650.0,0.1,True
logistic_engineered,20222023,20232024,20232024,2023020488,2023-12-19,TBL,STL,1,0.720622,0.279378,TBL,1,single,season_regime,early,hybrid_exponential,0.85,552.5,0.09,True,hybrid_exponential,1.0,650.0,0.1,True
logistic_engineered,20222023,20232024,20232024,2023020489,2023-12-19,TOR,NYR,0,0.540287,0.459713,TOR,0,single,season_regime,early,hybrid_exponential,0.85,552.5,0.09,True,hybrid_exponential,1.0,650.0,0.1,True
logistic_engineered,20222023,20232024,20232024,2023020490,2023-12-19,NYI,EDM,1,0.448962,0.551038,EDM,0,single,season_regime,early,hybrid_exponential,0.85,552.5,0.09,True,hybrid_exponential,1.0,650.0,0.1,True
logistic_engineered,20222023,20232024,20232024,2023020491,2023-12-19,NSH,VAN,0,0.367182,0.632818,VAN,1,single,season_regime,early,hybrid_exponential,0.85,552.5,0.09,True,hybrid_exponential,1.0,650.0,0.1,True
logistic_engineered,20222023,20232024,20232024,2023020492,2023-12-19,CHI,COL,1,0.364094,0.635906,COL,0,single,season_regime,early,hybrid_exponential,0.85,552.5,0.09,True,hybrid_exponential,1.0,650.0,0.1,True
logistic_engineered,20222023,20232024,20232024,2023020493,2023-12-19,UTA,OTT,1,0.378887,0.621113,OTT,0,single,season_regime,early,hybrid_exponential,0.85,552.5,0.09,True,hybrid_exponential,1.0,650.0,0.1,True
logistic_engineered,20222023,20232024,20232024,2023020494,2023-12-19,SJS,LAK,0,0.281904,0.718096,LAK,1,single,season_regime,early,hybrid_exponential,0.85,552.5,0.09,True,hybrid_exponential,1.0,650.0,0.1,True
logistic_engineered,20222023,20232024,20232024,2023020495,2023-12-20,WPG,DET,1,0.608701,0.391299,WPG,1,single,season_regime,early,hybrid_exponential,0.85,552.5,0.09,True,hybrid_exponential,1.0,650.0,0.1,True
logistic_engineered,20222023,20232024,20232024,2023020496,2023-12-20,WSH,NYI,1,0.546154,0.453846,WSH,1,single,season_regime,early,hybrid_exponential,0.85,552.5,0.09,True,hybrid_exponential,1.0,650.0,0.1,True
logistic_engineered,20222023,20232024,20232024,2023020497,2023-12-20,LAK,SEA,0,0.628116,0.371884,LAK,0,single,season_regime,early,hybrid_exponential,0.85,552.5,0.09,True,hybrid_exponential,1.0,650.0,0.1,True
logistic_engineered,20222023,20232024,20232024,2023020498,2023-12-21,BUF,TOR,1,0.536485,0.463515,BUF,1,single,season_regime,early,hybrid_exponential,0.85,552.5,0.09,True,hybrid_exponential,1.0,650.0,0.1,True
logistic_engineered,20222023,20232024,20232024,2023020499,2023-12-21,CBJ,WSH,0,0.563621,0.436379,CBJ,0,single,season_regime,early,hybrid_exponential,0.85,552.5,0.09,True,hybrid_exponential,1.0,650.0,0.1,True
logistic_engineered,20222023,20232024,20232024,2023020500,2023-12-21,FLA,STL,0,0.651221,0.348779,FLA,0,single,season_regime,early,hybrid_exponential,0.85,552.5,0.09,True,hybrid_exponential,1.0,650.0,0.1,True
logistic_engineered,20222023,20232024,20232024,2023020501,2023-12-21,NJD,EDM,0,0.282359,0.717641,EDM,1,single,season_regime,early,hybrid_exponential,0.85,552.5,0.09,True,hybrid_exponential,1.0,650.0,0.1,True
logistic_engineered,20222023,20232024,20232024,2023020502,2023-12-21,PHI,NSH,0,0.515019,0.484981,PHI,0,single,season_regime,early,hybrid_exponential,0.85,552.5,0.09,True,hybrid_exponential,1.0,650.0,0.1,True
logistic_engineered,20222023,20232024,20232024,2023020503,2023-12-21,PIT,CAR,1,0.49473,0.50527,CAR,0,single,season_regime,early,hybrid_exponential,0.85,552.5,0.09,True,hybrid_exponential,1.0,650.0,0.1,True
logistic_engineered,20222023,20232024,20232024,2023020504,2023-12-21,TBL,VGK,1,0.458235,0.541765,VGK,0,single,season_regime,early,hybrid_exponential,0.85,552.5,0.09,True,hybrid_exponential,1.0,650.0,0.1,True
logistic_engineered,20222023,20232024,20232024,2023020505,2023-12-21,DAL,VAN,1,0.692173,0.307827,DAL,1,single,season_regime,early,hybrid_exponential,0.85,552.5,0.09,True,hybrid_exponential,1.0,650.0,0.1,True
logistic_engineered,20222023,20232024,20232024,2023020506,2023-12-21,MIN,MTL,1,0.566121,0.433879,MIN,1,single,season_regime,early,hybrid_exponential,0.85,552.5,0.09,True,hybrid_exponential,1.0,650.0,0.1,True
logistic_engineered,20222023,20232024,20232024,2023020507,2023-12-21,COL,OTT,1,0.591211,0.408789,COL,1,single,season_regime,early,hybrid_exponential,0.85,552.5,0.09,True,hybrid_exponential,1.0,650.0,0.1,True
logistic_engineered,20222023,20232024,20232024,2023020508,2023-12-21,ANA,CGY,0,0.546265,0.453735,ANA,0,single,season_regime,early,hybrid_exponential,0.85,552.5,0.09,True,hybrid_exponential,1.0,650.0,0.1,True
logistic_engineered,20222023,20232024,20232024,2023020509,2023-12-21,SJS,UTA,0,0.332388,0.667612,UTA,1,single,season_regime,early,hybrid_exponential,0.85,552.5,0.09,True,hybrid_exponential,1.0,650.0,0.1,True
logistic_engineered,20222023,20232024,20232024,2023020510,2023-12-22,DET,PHI,1,0.611247,0.388753,DET,1,single,season_regime,early,hybrid_exponential,0.85,552.5,0.09,True,hybrid_exponential,1.0,650.0,0.1,True
logistic_engineered,20222023,20232024,20232024,2023020511,2023-12-22,NYR,EDM,0,0.615138,0.384862,NYR,0,single,season_regime,early,hybrid_exponential,0.85,552.5,0.09,True,hybrid_exponential,1.0,650.0,0.1,True
logistic_engineered,20222023,20232024,20232024,2023020512,2023-12-22,WPG,BOS,1,0.560841,0.439159,WPG,1,single,season_regime,early,hybrid_exponential,0.85,552.5,0.09,True,hybrid_exponential,1.0,650.0,0.1,True
logistic_engineered,20222023,20232024,20232024,2023020513,2023-12-22,CHI,MTL,0,0.567837,0.432163,CHI,0,single,season_regime,early,hybrid_exponential,0.85,552.5,0.09,True,hybrid_exponential,1.0,650.0,0.1,True
logistic_engineered,20222023,20232024,20232024,2023020514,2023-12-23,FLA,VGK,1,0.347159,0.652841,VGK,0,single,season_regime,early,hybrid_exponential,0.85,552.5,0.09,True,hybrid_exponential,1.0,650.0,0.1,True
logistic_engineered,20222023,20232024,20232024,2023020515,2023-12-23,NSH,DAL,0,0.400872,0.599128,DAL,1,single,season_regime,early,hybrid_exponential,0.85,552.5,0.09,True,hybrid_exponential,1.0,650.0,0.1,True
logistic_engineered,20222023,20232024,20232024,2023020516,2023-12-23,CAR,NYI,0,0.556834,0.443166,CAR,0,single,season_regime,early,hybrid_exponential,0.85,552.5,0.09,True,hybrid_exponential,1.0,650.0,0.1,True
logistic_engineered,20222023,20232024,20232024,2023020517,2023-12-23,CBJ,TOR,0,0.339639,0.660361,TOR,1,single,season_regime,early,hybrid_exponential,0.85,552.5,0.09,True,hybrid_exponential,1.0,650.0,0.1,True
logistic_engineered,20222023,20232024,20232024,2023020518,2023-12-23,MIN,BOS,1,0.506625,0.493375,MIN,1,single,season_regime,early,hybrid_exponential,0.85,552.5,0.09,True,hybrid_exponential,1.0,650.0,0.1,True
logistic_engineered,20222023,20232024,20232024,2023020519,2023-12-23,NJD,DET,1,0.809333,0.190667,NJD,1,single,season_regime,early,hybrid_exponential,0.85,552.5,0.09,True,hybrid_exponential,1.0,650.0,0.1,True
logistic_engineered,20222023,20232024,20232024,2023020520,2023-12-23,OTT,PIT,1,0.402188,0.597812,PIT,0,single,season_regime,early,hybrid_exponential,0.85,552.5,0.09,True,hybrid_exponential,1.0,650.0,0.1,True
logistic_engineered,20222023,20232024,20232024,2023020521,2023-12-23,WSH,TBL,0,0.39362,0.60638,TBL,1,single,season_regime,early,hybrid_exponential,0.85,552.5,0.09,True,hybrid_exponential,1.0,650.0,0.1,True
logistic_engineered,20222023,20232024,20232024,2023020522,2023-12-23,NYR,BUF,1,0.556271,0.443729,NYR,1,single,season_regime,early,hybrid_exponential,0.85,552.5,0.09,True,hybrid_exponential,1.0,650.0,0.1,True
logistic_engineered,20222023,20232024,20232024,2023020523,2023-12-23,ANA,SEA,0,0.410846,0.589154,SEA,1,single,season_regime,early,hybrid_exponential,0.85,552.5,0.09,True,hybrid_exponential,1.0,650.0,0.1,True
logistic_engineered,20222023,20232024,20232024,2023020524,2023-12-23,STL,CHI,1,0.698497,0.301503,STL,1,single,season_regime,early,hybrid_exponential,0.85,552.5,0.09,True,hybrid_exponential,1.0,650.0,0.1,True
logistic_engineered,20222023,20232024,20232024,2023020525,2023-12-23,COL,UTA,1,0.65966,0.34034,COL,1,single,season_regime,early,hybrid_exponential,0.85,552.5,0.09,True,hybrid_exponential,1.0,650.0,0.1,True
logistic_engineered,20222023,20232024,20232024,2023020526,2023-12-23,LAK,CGY,1,0.598505,0.401495,LAK,1,single,season_regime,early,hybrid_exponential,0.85,552.5,0.09,True,hybrid_exponential,1.0,650.0,0.1,True
logistic_engineered,20222023,20232024,20232024,2023020527,2023-12-23,VAN,SJS,1,0.704923,0.295077,VAN,1,single,season_regime,early,hybrid_exponential,0.85,552.5,0.09,True,hybrid_exponential,1.0,650.0,0.1,True
logistic_engineered,20222023,20232024,20232024,2023020528,2023-12-27,NJD,CBJ,1,0.672009,0.327991,NJD,1,single,season_regime,early,hybrid_exponential,0.85,552.5,0.09,True,hybrid_exponential,1.0,650.0,0.1,True
logistic_engineered,20222023,20232024,20232024,2023020529,2023-12-27,NYR,WSH,1,0.659779,0.340221,NYR,1,single,season_regime,early,hybrid_exponential,0.85,552.5,0.09,True,hybrid_exponential,1.0,650.0,0.1,True
logistic_engineered,20222023,20232024,20232024,2023020530,2023-12-27,TBL,FLA,0,0.557946,0.442054,TBL,0,single,season_regime,early,hybrid_exponential,0.85,552.5,0.09,True,hybrid_exponential,1.0,650.0,0.1,True
logistic_engineered,20222023,20232024,20232024,2023020531,2023-12-27,TOR,OTT,0,0.646248,0.353752,TOR,0,single,season_regime,early,hybrid_exponential,0.85,552.5,0.09,True,hybrid_exponential,1.0,650.0,0.1,True
logistic_engineered,20222023,20232024,20232024,2023020532,2023-12-27,BUF,BOS,0,0.540434,0.459566,BUF,0,single,season_regime,early,hybrid_exponential,0.85,552.5,0.09,True,hybrid_exponential,1.0,650.0,0.1,True
logistic_engineered,20222023,20232024,20232024,2023020533,2023-12-27,NYI,PIT,0,0.428553,0.571447,PIT,1,single,season_regime,early,hybrid_exponential,0.85,552.5,0.09,True,hybrid_exponential,1.0,650.0,0.1,True
logistic_engineered,20222023,20232024,20232024,2023020534,2023-12-27,MIN,DET,1,0.573963,0.426037,MIN,1,single,season_regime,early,hybrid_exponential,0.85,552.5,0.09,True,hybrid_exponential,1.0,650.0,0.1,True
logistic_engineered,20222023,20232024,20232024,2023020535,2023-12-27,NSH,CAR,0,0.264682,0.735318,CAR,1,single,season_regime,early,hybrid_exponential,0.85,552.5,0.09,True,hybrid_exponential,1.0,650.0,0.1,True
logistic_engineered,20222023,20232024,20232024,2023020536,2023-12-27,STL,DAL,1,0.365694,0.634306,DAL,0,single,season_regime,early,hybrid_exponential,0.85,552.5,0.09,True,hybrid_exponential,1.0,650.0,0.1,True
logistic_engineered,20222023,20232024,20232024,2023020537,2023-12-27,UTA,COL,1,0.384631,0.615369,COL,0,single,season_regime,early,hybrid_exponential,0.85,552.5,0.09,True,hybrid_exponential,1.0,650.0,0.1,True
logistic_engineered,20222023,20232024,20232024,2023020538,2023-12-27,CHI,WPG,1,0.33145,0.66855,WPG,0,single,season_regime,early,hybrid_exponential,0.85,552.5,0.09,True,hybrid_exponential,1.0,650.0,0.1,True
logistic_engineered,20222023,20232024,20232024,2023020539,2023-12-27,CGY,SEA,0,0.49673,0.50327,SEA,1,single,season_regime,early,hybrid_exponential,0.85,552.5,0.09,True,hybrid_exponential,1.0,650.0,0.1,True
logistic_engineered,20222023,20232024,20232024,2023020540,2023-12-27,ANA,VGK,1,0.23207,0.76793,VGK,0,single,season_regime,early,hybrid_exponential,0.85,552.5,0.09,True,hybrid_exponential,1.0,650.0,0.1,True
logistic_engineered,20222023,20232024,20232024,2023020541,2023-12-27,LAK,SJS,1,0.746916,0.253084,LAK,1,single,season_regime,early,hybrid_exponential,0.85,552.5,0.09,True,hybrid_exponential,1.0,650.0,0.1,True
logistic_engineered,20222023,20232024,20232024,2023020542,2023-12-28,CAR,MTL,1,0.566666,0.433334,CAR,1,single,season_regime,early,hybrid_exponential,0.85,552.5,0.09,True,hybrid_exponential,1.0,650.0,0.1,True
logistic_engineered,20222023,20232024,20232024,2023020543,2023-12-28,VAN,PHI,0,0.723411,0.276589,VAN,0,single,season_regime,early,hybrid_exponential,0.85,552.5,0.09,True,hybrid_exponential,1.0,650.0,0.1,True
logistic_engineered,20222023,20232024,20232024,2023020544,2023-12-28,VGK,LAK,1,0.532663,0.467337,VGK,1,single,season_regime,early,hybrid_exponential,0.85,552.5,0.09,True,hybrid_exponential,1.0,650.0,0.1,True
logistic_engineered,20222023,20232024,20232024,2023020545,2023-12-28,SJS,EDM,0,0.175243,0.824757,EDM,1,single,season_regime,early,hybrid_exponential,0.85,552.5,0.09,True,hybrid_exponential,1.0,650.0,0.1,True
logistic_engineered,20222023,20232024,20232024,2023020546,2023-12-29,CBJ,TOR,1,0.226244,0.773756,TOR,0,single,season_regime,early,hybrid_exponential,0.85,552.5,0.09,True,hybrid_exponential,1.0,650.0,0.1,True
logistic_engineered,20222023,20232024,20232024,2023020547,2023-12-29,DET,NSH,1,0.410537,0.589463,NSH,0,single,season_regime,early,hybrid_exponential,0.85,552.5,0.09,True,hybrid_exponential,1.0,650.0,0.1,True
logistic_engineered,20222023,20232024,20232024,2023020548,2023-12-29,FLA,NYR,1,0.46103,0.53897,NYR,0,single,season_regime,early,hybrid_exponential,0.85,552.5,0.09,True,hybrid_exponential,1.0,650.0,0.1,True
logistic_engineered,20222023,20232024,20232024,2023020549,2023-12-29,OTT,NJD,0,0.427452,0.572548,NJD,1,single,season_regime,early,hybrid_exponential,0.85,552.5,0.09,True,hybrid_exponential,1.0,650.0,0.1,True
logistic_engineered,20222023,20232024,20232024,2023020550,2023-12-29,NYI,WSH,1,0.787471,0.212529,NYI,1,single,season_regime,early,hybrid_exponential,0.85,552.5,0.09,True,hybrid_exponential,1.0,650.0,0.1,True
logistic_engineered,20222023,20232024,20232024,2023020551,2023-12-29,DAL,CHI,1,0.729874,0.270126,DAL,1,single,season_regime,early,hybrid_exponential,0.85,552.5,0.09,True,hybrid_exponential,1.0,650.0,0.1,True
logistic_engineered,20222023,20232024,20232024,2023020552,2023-12-29,STL,COL,0,0.467576,0.532424,COL,1,single,season_regime,early,hybrid_exponential,0.85,552.5,0.09,True,hybrid_exponential,1.0,650.0,0.1,True
logistic_engineered,20222023,20232024,20232024,2023020553,2023-12-29,ANA,UTA,0,0.457536,0.542464,UTA,1,single,season_regime,early,hybrid_exponential,0.85,552.5,0.09,True,hybrid_exponential,1.0,650.0,0.1,True
logistic_engineered,20222023,20232024,20232024,2023020554,2023-12-29,SEA,PHI,1,0.591319,0.408681,SEA,1,single,season_regime,early,hybrid_exponential,0.85,552.5,0.09,True,hybrid_exponential,1.0,650.0,0.1,True
logistic_engineered,20222023,20232024,20232024,2023020555,2023-12-30,WPG,MIN,1,0.71183,0.28817,WPG,1,single,season_regime,early,hybrid_exponential,0.85,552.5,0.09,True,hybrid_exponential,1.0,650.0,0.1,True
logistic_engineered,20222023,20232024,20232024,2023020556,2023-12-30,BUF,CBJ,1,0.746135,0.253865,BUF,1,single,season_regime,early,hybrid_exponential,0.85,552.5,0.09,True,hybrid_exponential,1.0,650.0,0.1,True
logistic_engineered,20222023,20232024,20232024,2023020557,2023-12-30,BOS,NJD,1,0.549878,0.450122,BOS,1,single,season_regime,early,hybrid_exponential,0.85,552.5,0.09,True,hybrid_exponential,1.0,650.0,0.1,True
logistic_engineered,20222023,20232024,20232024,2023020558,2023-12-30,FLA,MTL,1,0.593186,0.406814,FLA,1,single,season_regime,early,hybrid_exponential,0.85,552.5,0.09,True,hybrid_exponential,1.0,650.0,0.1,True
logistic_engineered,20222023,20232024,20232024,2023020559,2023-12-30,PIT,STL,1,0.634793,0.365207,PIT,1,single,season_regime,early,hybrid_exponential,0.85,552.5,0.09,True,hybrid_exponential,1.0,650.0,0.1,True
logistic_engineered,20222023,20232024,20232024,2023020560,2023-12-30,TBL,NYR,0,0.532145,0.467855,TBL,0,single,season_regime,early,hybrid_exponential,0.85,552.5,0.09,True,hybrid_exponential,1.0,650.0,0.1,True
logistic_engineered,20222023,20232024,20232024,2023020561,2023-12-30,TOR,CAR,0,0.36742,0.63258,CAR,1,single,season_regime,early,hybrid_exponential,0.85,552.5,0.09,True,hybrid_exponential,1.0,650.0,0.1,True
logistic_engineered,20222023,20232024,20232024,2023020562,2023-12-30,WSH,NSH,0,0.48947,0.51053,NSH,1,single,season_regime,early,hybrid_exponential,0.85,552.5,0.09,True,hybrid_exponential,1.0,650.0,0.1,True
logistic_engineered,20222023,20232024,20232024,2023020563,2023-12-30,LAK,EDM,0,0.565391,0.434609,LAK,0,single,season_regime,early,hybrid_exponential,0.85,552.5,0.09,True,hybrid_exponential,1.0,650.0,0.1,True
logistic_engineered,20222023,20232024,20232024,2023020564,2023-12-31,MIN,WPG,0,0.417107,0.582893,WPG,1,single,season_regime,early,hybrid_exponential,0.85,552.5,0.09,True,hybrid_exponential,1.0,650.0,0.1,True
logistic_engineered,20222023,20232024,20232024,2023020565,2023-12-31,DET,BOS,0,0.424813,0.575187,BOS,1,single,season_regime,early,hybrid_exponential,0.85,552.5,0.09,True,hybrid_exponential,1.0,650.0,0.1,True
logistic_engineered,20222023,20232024,20232024,2023020566,2023-12-31,OTT,BUF,1,0.52111,0.47889,OTT,1,single,season_regime,early,hybrid_exponential,0.85,552.5,0.09,True,hybrid_exponential,1.0,650.0,0.1,True
logistic_engineered,20222023,20232024,20232024,2023020567,2023-12-31,PIT,NYI,1,0.43766,0.56234,NYI,0,single,season_regime,early,hybrid_exponential,0.85,552.5,0.09,True,hybrid_exponential,1.0,650.0,0.1,True
logistic_engineered,20222023,20232024,20232024,2023020568,2023-12-31,TBL,MTL,1,0.631516,0.368484,TBL,1,single,season_regime,early,hybrid_exponential,0.85,552.5,0.09,True,hybrid_exponential,1.0,650.0,0.1,True
logistic_engineered,20222023,20232024,20232024,2023020569,2023-12-31,ANA,EDM,0,0.459478,0.540522,EDM,1,single,season_regime,early,hybrid_exponential,0.85,552.5,0.09,True,hybrid_exponential,1.0,650.0,0.1,True
logistic_engineered,20222023,20232024,20232024,2023020570,2023-12-31,CGY,PHI,1,0.582231,0.417769,CGY,1,single,season_regime,early,hybrid_exponential,0.85,552.5,0.09,True,hybrid_exponential,1.0,650.0,0.1,True
logistic_engineered,20222023,20232024,20232024,2023020571,2023-12-31,COL,SJS,1,0.756555,0.243445,COL,1,single,season_regime,early,hybrid_exponential,0.85,552.5,0.09,True,hybrid_exponential,1.0,650.0,0.1,True
logistic_engineered,20222023,20232024,20232024,2023020572,2023-12-31,DAL,CHI,1,0.856593,0.143407,DAL,1,single,season_regime,early,hybrid_exponential,0.85,552.5,0.09,True,hybrid_exponential,1.0,650.0,0.1,True
logistic_engineered,20222023,20232024,20232024,2023020573,2024-01-01,SEA,VGK,1,0.499282,0.500718,VGK,0,single,season_regime,early,hybrid_exponential,0.85,552.5,0.09,True,hybrid_exponential,1.0,650.0,0.1,True
logistic_engineered,20222023,20232024,20232024,2023020574,2024-01-02,CBJ,BOS,0,0.424895,0.575105,BOS,1,single,season_regime,early,hybrid_exponential,0.85,552.5,0.09,True,hybrid_exponential,1.0,650.0,0.1,True
logistic_engineered,20222023,20232024,20232024,2023020575,2024-01-02,NYR,CAR,0,0.548384,0.451616,NYR,0,single,season_regime,early,hybrid_exponential,0.85,552.5,0.09,True,hybrid_exponential,1.0,650.0,0.1,True
logistic_engineered,20222023,20232024,20232024,2023020576,2024-01-02,PIT,WSH,0,0.476318,0.523682,WSH,1,single,season_regime,early,hybrid_exponential,0.85,552.5,0.09,True,hybrid_exponential,1.0,650.0,0.1,True
logistic_engineered,20222023,20232024,20232024,2023020577,2024-01-02,DAL,MTL,0,0.748087,0.251913,DAL,0,single,season_regime,early,hybrid_exponential,0.85,552.5,0.09,True,hybrid_exponential,1.0,650.0,0.1,True
logistic_engineered,20222023,20232024,20232024,2023020578,2024-01-02,MIN,CGY,0,0.638517,0.361483,MIN,0,single,season_regime,early,hybrid_exponential,0.85,552.5,0.09,True,hybrid_exponential,1.0,650.0,0.1,True
logistic_engineered,20222023,20232024,20232024,2023020579,2024-01-02,NSH,CHI,1,0.688738,0.311262,NSH,1,single,season_regime,early,hybrid_exponential,0.85,552.5,0.09,True,hybrid_exponential,1.0,650.0,0.1,True
logistic_engineered,20222023,20232024,20232024,2023020580,2024-01-02,WPG,TBL,1,0.543094,0.456906,WPG,1,single,season_regime,early,hybrid_exponential,0.85,552.5,0.09,True,hybrid_exponential,1.0,650.0,0.1,True
logistic_engineered,20222023,20232024,20232024,2023020581,2024-01-02,UTA,FLA,0,0.389739,0.610261,FLA,1,single,season_regime,early,hybrid_exponential,0.85,552.5,0.09,True,hybrid_exponential,1.0,650.0,0.1,True
logistic_engineered,20222023,20232024,20232024,2023020582,2024-01-02,COL,NYI,1,0.674412,0.325588,COL,1,single,season_regime,early,hybrid_exponential,0.85,552.5,0.09,True,hybrid_exponential,1.0,650.0,0.1,True
logistic_engineered,20222023,20232024,20232024,2023020583,2024-01-02,EDM,PHI,1,0.602694,0.397306,EDM,1,single,season_regime,early,hybrid_exponential,0.85,552.5,0.09,True,hybrid_exponential,1.0,650.0,0.1,True
logistic_engineered,20222023,20232024,20232024,2023020584,2024-01-02,VAN,OTT,1,0.679058,0.320942,VAN,1,single,season_regime,early,hybrid_exponential,0.85,552.5,0.09,True,hybrid_exponential,1.0,650.0,0.1,True
logistic_engineered,20222023,20232024,20232024,2023020585,2024-01-02,LAK,TOR,0,0.468062,0.531938,TOR,1,single,season_regime,early,hybrid_exponential,0.85,552.5,0.09,True,hybrid_exponential,1.0,650.0,0.1,True
logistic_engineered,20222023,20232024,20232024,2023020586,2024-01-02,SJS,DET,0,0.389804,0.610196,DET,1,single,season_regime,early,hybrid_exponential,0.85,552.5,0.09,True,hybrid_exponential,1.0,650.0,0.1,True
logistic_engineered,20222023,20232024,20232024,2023020587,2024-01-03,WSH,NJD,0,0.376281,0.623719,NJD,1,single,season_regime,early,hybrid_exponential,0.85,552.5,0.09,True,hybrid_exponential,1.0,650.0,0.1,True
logistic_engineered,20222023,20232024,20232024,2023020588,2024-01-03,ANA,TOR,0,0.356511,0.643489,TOR,1,single,season_regime,early,hybrid_exponential,0.85,552.5,0.09,True,hybrid_exponential,1.0,650.0,0.1,True
logistic_engineered,20222023,20232024,20232024,2023020589,2024-01-04,BOS,PIT,0,0.525633,0.474367,BOS,0,single,season_regime,early,hybrid_exponential,0.85,552.5,0.09,True,hybrid_exponential,1.0,650.0,0.1,True
logistic_engineered,20222023,20232024,20232024,2023020590,2024-01-04,MTL,BUF,0,0.413942,0.586058,BUF,1,single,season_regime,early,hybrid_exponential,0.85,552.5,0.09,True,hybrid_exponential,1.0,650.0,0.1,True
logistic_engineered,20222023,20232024,20232024,2023020591,2024-01-04,NYR,CHI,1,0.844179,0.155821,NYR,1,single,season_regime,early,hybrid_exponential,0.85,552.5,0.09,True,hybrid_exponential,1.0,650.0,0.1,True
logistic_engineered,20222023,20232024,20232024,2023020592,2024-01-04,PHI,CBJ,0,0.592666,0.407334,PHI,0,single,season_regime,early,hybrid_exponential,0.85,552.5,0.09,True,hybrid_exponential,1.0,650.0,0.1,True
logistic_engineered,20222023,20232024,20232024,2023020593,2024-01-04,DAL,COL,0,0.485206,0.514794,COL,1,single,season_regime,early,hybrid_exponential,0.85,552.5,0.09,True,hybrid_exponential,1.0,650.0,0.1,True
logistic_engineered,20222023,20232024,20232024,2023020594,2024-01-04,MIN,TBL,0,0.443366,0.556634,TBL,1,single,season_regime,early,hybrid_exponential,0.85,552.5,0.09,True,hybrid_exponential,1.0,650.0,0.1,True
logistic_engineered,20222023,20232024,20232024,2023020595,2024-01-04,NSH,CGY,0,0.430968,0.569032,CGY,1,single,season_regime,early,hybrid_exponential,0.85,552.5,0.09,True,hybrid_exponential,1.0,650.0,0.1,True
logistic_engineered,20222023,20232024,20232024,2023020596,2024-01-04,STL,VAN,1,0.437239,0.562761,VAN,0,single,season_regime,early,hybrid_exponential,0.85,552.5,0.09,True,hybrid_exponential,1.0,650.0,0.1,True
logistic_engineered,20222023,20232024,20232024,2023020597,2024-01-04,UTA,NYI,0,0.395111,0.604889,NYI,1,single,season_regime,early,hybrid_exponential,0.85,552.5,0.09,True,hybrid_exponential,1.0,650.0,0.1,True
logistic_engineered,20222023,20232024,20232024,2023020598,2024-01-04,SEA,OTT,1,0.605577,0.394423,SEA,1,single,season_regime,early,hybrid_exponential,0.85,552.5,0.09,True,hybrid_exponential,1.0,650.0,0.1,True
logistic_engineered,20222023,20232024,20232024,2023020599,2024-01-04,VGK,FLA,0,0.461485,0.538515,FLA,1,single,season_regime,early,hybrid_exponential,0.85,552.5,0.09,True,hybrid_exponential,1.0,650.0,0.1,True
logistic_engineered,20222023,20232024,20232024,2023020600,2024-01-04,LAK,DET,0,0.5902,0.4098,LAK,0,single,season_regime,early,hybrid_exponential,0.85,552.5,0.09,True,hybrid_exponential,1.0,650.0,0.1,True
logistic_engineered,20222023,20232024,20232024,2023020601,2024-01-04,SJS,WPG,0,0.170211,0.829789,WPG,1,single,season_regime,early,hybrid_exponential,0.85,552.5,0.09,True,hybrid_exponential,1.0,650.0,0.1,True
logistic_engineered,20222023,20232024,20232024,2023020602,2024-01-05,NJD,CHI,1,0.761912,0.238088,NJD,1,single,season_regime,early,hybrid_exponential,0.85,552.5,0.09,True,hybrid_exponential,1.0,650.0,0.1,True
logistic_engineered,20222023,20232024,20232024,2023020603,2024-01-05,WSH,CAR,0,0.377082,0.622918,CAR,1,single,season_regime,early,hybrid_exponential,0.85,552.5,0.09,True,hybrid_exponential,1.0,650.0,0.1,True
logistic_engineered,20222023,20232024,20232024,2023020604,2024-01-05,ANA,WPG,0,0.363773,0.636227,WPG,1,single,season_regime,early,hybrid_exponential,0.85,552.5,0.09,True,hybrid_exponential,1.0,650.0,0.1,True
logistic_engineered,20222023,20232024,20232024,2023020605,2024-01-06,PHI,CGY,1,0.472494,0.527506,CGY,0,single,season_regime,early,hybrid_exponential,0.85,552.5,0.09,True,hybrid_exponential,1.0,650.0,0.1,True
logistic_engineered,20222023,20232024,20232024,2023020606,2024-01-06,COL,FLA,0,0.363713,0.636287,FLA,1,single,season_regime,early,hybrid_exponential,0.85,552.5,0.09,True,hybrid_exponential,1.0,650.0,0.1,True
logistic_engineered,20222023,20232024,20232024,2023020607,2024-01-06,BOS,TBL,1,0.503939,0.496061,BOS,1,single,season_regime,early,hybrid_exponential,0.85,552.5,0.09,True,hybrid_exponential,1.0,650.0,0.1,True
logistic_engineered,20222023,20232024,20232024,2023020608,2024-01-06,CAR,STL,0,0.626927,0.373073,CAR,0,single,season_regime,early,hybrid_exponential,0.85,552.5,0.09,True,hybrid_exponential,1.0,650.0,0.1,True
logistic_engineered,20222023,20232024,20232024,2023020609,2024-01-06,CBJ,MIN,0,0.402638,0.597362,MIN,1,single,season_regime,early,hybrid_exponential,0.85,552.5,0.09,True,hybrid_exponential,1.0,650.0,0.1,True
logistic_engineered,20222023,20232024,20232024,2023020610,2024-01-06,MTL,NYR,1,0.363503,0.636497,NYR,0,single,season_regime,early,hybrid_exponential,0.85,552.5,0.09,True,hybrid_exponential,1.0,650.0,0.1,True
logistic_engineered,20222023,20232024,20232024,2023020611,2024-01-06,NJD,VAN,0,0.532993,0.467007,NJD,0,single,season_regime,early,hybrid_exponential,0.85,552.5,0.09,True,hybrid_exponential,1.0,650.0,0.1,True
logistic_engineered,20222023,20232024,20232024,2023020612,2024-01-06,PIT,BUF,0,0.495631,0.504369,BUF,1,single,season_regime,early,hybrid_exponential,0.85,552.5,0.09,True,hybrid_exponential,1.0,650.0,0.1,True
logistic_engineered,20222023,20232024,20232024,2023020613,2024-01-06,SJS,TOR,0,0.247646,0.752354,TOR,1,single,season_regime,early,hybrid_exponential,0.85,552.5,0.09,True,hybrid_exponential,1.0,650.0,0.1,True
logistic_engineered,20222023,20232024,20232024,2023020614,2024-01-06,DAL,NSH,0,0.62866,0.37134,DAL,0,single,season_regime,early,hybrid_exponential,0.85,552.5,0.09,True,hybrid_exponential,1.0,650.0,0.1,True
logistic_engineered,20222023,20232024,20232024,2023020615,2024-01-06,EDM,OTT,1,0.716532,0.283468,EDM,1,single,season_regime,early,hybrid_exponential,0.85,552.5,0.09,True,hybrid_exponential,1.0,650.0,0.1,True
logistic_engineered,20222023,20232024,20232024,2023020616,2024-01-06,VGK,NYI,1,0.578946,0.421054,VGK,1,single,season_regime,early,hybrid_exponential,0.85,552.5,0.09,True,hybrid_exponential,1.0,650.0,0.1,True
logistic_engineered,20222023,20232024,20232024,2023020617,2024-01-07,CHI,CGY,1,0.415752,0.584248,CGY,0,single,season_regime,early,hybrid_exponential,0.85,552.5,0.09,True,hybrid_exponential,1.0,650.0,0.1,True
logistic_engineered,20222023,20232024,20232024,2023020618,2024-01-07,WSH,LAK,1,0.38129,0.61871,LAK,0,single,season_regime,early,hybrid_exponential,0.85,552.5,0.09,True,hybrid_exponential,1.0,650.0,0.1,True
logistic_engineered,20222023,20232024,20232024,2023020619,2024-01-07,UTA,WPG,0,0.452683,0.547317,WPG,1,single,season_regime,early,hybrid_exponential,0.85,552.5,0.09,True,hybrid_exponential,1.0,650.0,0.1,True
logistic_engineered,20222023,20232024,20232024,2023020620,2024-01-07,ANA,DET,0,0.401805,0.598195,DET,1,single,season_regime,early,hybrid_exponential,0.85,552.5,0.09,True,hybrid_exponential,1.0,650.0,0.1,True
logistic_engineered,20222023,20232024,20232024,2023020621,2024-01-08,NYR,VAN,0,0.602096,0.397904,NYR,0,single,season_regime,early,hybrid_exponential,0.85,552.5,0.09,True,hybrid_exponential,1.0,650.0,0.1,True
logistic_engineered,20222023,20232024,20232024,2023020622,2024-01-08,PHI,PIT,0,0.45275,0.54725,PIT,1,single,season_regime,early,hybrid_exponential,0.85,552.5,0.09,True,hybrid_exponential,1.0,650.0,0.1,True
logistic_engineered,20222023,20232024,20232024,2023020623,2024-01-08,MIN,DAL,0,0.4387,0.5613,DAL,1,single,season_regime,early,hybrid_exponential,0.85,552.5,0.09,True,hybrid_exponential,1.0,650.0,0.1,True
logistic_engineered,20222023,20232024,20232024,2023020624,2024-01-08,COL,BOS,1,0.577056,0.422944,COL,1,single,season_regime,early,hybrid_exponential,0.85,552.5,0.09,True,hybrid_exponential,1.0,650.0,0.1,True
logistic_engineered,20222023,20232024,20232024,2023020625,2024-01-09,BUF,SEA,0,0.482554,0.517446,SEA,1,single,season_regime,early,hybrid_exponential,0.85,552.5,0.09,True,hybrid_exponential,1.0,650.0,0.1,True
logistic_engineered,20222023,20232024,20232024,2023020626,2024-01-09,TBL,LAK,1,0.34737,0.65263,LAK,0,single,season_regime,early,hybrid_exponential,0.85,552.5,0.09,True,hybrid_exponential,1.0,650.0,0.1,True
logistic_engineered,20222023,20232024,20232024,2023020627,2024-01-09,TOR,SJS,1,0.868078,0.131922,TOR,1,single,season_regime,early,hybrid_exponential,0.85,552.5,0.09,True,hybrid_exponential,1.0,650.0,0.1,True
logistic_engineered,20222023,20232024,20232024,2023020628,2024-01-09,NYI,VAN,0,0.720326,0.279674,NYI,0,single,season_regime,early,hybrid_exponential,0.85,552.5,0.09,True,hybrid_exponential,1.0,650.0,0.1,True
logistic_engineered,20222023,20232024,20232024,2023020629,2024-01-09,NSH,ANA,0,0.627233,0.372767,NSH,0,single,season_regime,early,hybrid_exponential,0.85,552.5,0.09,True,hybrid_exponential,1.0,650.0,0.1,True
logistic_engineered,20222023,20232024,20232024,2023020630,2024-01-09,STL,FLA,0,0.310629,0.689371,FLA,1,single,season_regime,early,hybrid_exponential,0.85,552.5,0.09,True,hybrid_exponential,1.0,650.0,0.1,True
logistic_engineered,20222023,20232024,20232024,2023020631,2024-01-09,WPG,CBJ,1,0.697133,0.302867,WPG,1,single,season_regime,early,hybrid_exponential,0.85,552.5,0.09,True,hybrid_exponential,1.0,650.0,0.1,True
logistic_engineered,20222023,20232024,20232024,2023020632,2024-01-09,CHI,EDM,0,0.236201,0.763799,EDM,1,single,season_regime,early,hybrid_exponential,0.85,552.5,0.09,True,hybrid_exponential,1.0,650.0,0.1,True
logistic_engineered,20222023,20232024,20232024,2023020633,2024-01-09,UTA,BOS,1,0.590123,0.409877,UTA,1,single,season_regime,early,hybrid_exponential,0.85,552.5,0.09,True,hybrid_exponential,1.0,650.0,0.1,True
logistic_engineered,20222023,20232024,20232024,2023020634,2024-01-09,CGY,OTT,1,0.54525,0.45475,CGY,1,single,season_regime,early,hybrid_exponential,0.85,552.5,0.09,True,hybrid_exponential,1.0,650.0,0.1,True
logistic_engineered,20222023,20232024,20232024,2023020635,2024-01-10,PHI,MTL,1,0.564994,0.435006,PHI,1,single,season_regime,early,hybrid_exponential,0.85,552.5,0.09,True,hybrid_exponential,1.0,650.0,0.1,True
logistic_engineered,20222023,20232024,20232024,2023020636,2024-01-10,DAL,MIN,1,0.591452,0.408548,DAL,1,single,season_regime,early,hybrid_exponential,0.85,552.5,0.09,True,hybrid_exponential,1.0,650.0,0.1,True
logistic_engineered,20222023,20232024,20232024,2023020637,2024-01-10,COL,VGK,1,0.647014,0.352986,COL,1,single,season_regime,early,hybrid_exponential,0.85,552.5,0.09,True,hybrid_exponential,1.0,650.0,0.1,True
logistic_engineered,20222023,20232024,20232024,2023020638,2024-01-11,BUF,OTT,1,0.714935,0.285065,BUF,1,single,season_regime,early,hybrid_exponential,0.85,552.5,0.09,True,hybrid_exponential,1.0,650.0,0.1,True
logistic_engineered,20222023,20232024,20232024,2023020639,2024-01-11,CAR,ANA,1,0.726103,0.273897,CAR,1,single,season_regime,early,hybrid_exponential,0.85,552.5,0.09,True,hybrid_exponential,1.0,650.0,0.1,True
logistic_engineered,20222023,20232024,20232024,2023020640,2024-01-11,DET,EDM,0,0.327561,0.672439,EDM,1,single,season_regime,early,hybrid_exponential,0.85,552.5,0.09,True,hybrid_exponential,1.0,650.0,0.1,True
logistic_engineered,20222023,20232024,20232024,2023020641,2024-01-11,FLA,LAK,1,0.549462,0.450538,FLA,1,single,season_regime,early,hybrid_exponential,0.85,552.5,0.09,True,hybrid_exponential,1.0,650.0,0.1,True
logistic_engineered,20222023,20232024,20232024,2023020642,2024-01-11,MTL,SJS,0,0.625226,0.374774,MTL,0,single,season_regime,early,hybrid_exponential,0.85,552.5,0.09,True,hybrid_exponential,1.0,650.0,0.1,True
logistic_engineered,20222023,20232024,20232024,2023020643,2024-01-11,PIT,VAN,0,0.382054,0.617946,VAN,1,single,season_regime,early,hybrid_exponential,0.85,552.5,0.09,True,hybrid_exponential,1.0,650.0,0.1,True
logistic_engineered,20222023,20232024,20232024,2023020644,2024-01-11,TBL,NJD,1,0.557679,0.442321,TBL,1,single,season_regime,early,hybrid_exponential,0.85,552.5,0.09,True,hybrid_exponential,1.0,650.0,0.1,True
logistic_engineered,20222023,20232024,20232024,2023020645,2024-01-11,WSH,SEA,0,0.345336,0.654664,SEA,1,single,season_regime,early,hybrid_exponential,0.85,552.5,0.09,True,hybrid_exponential,1.0,650.0,0.1,True
logistic_engineered,20222023,20232024,20232024,2023020646,2024-01-11,NYI,TOR,1,0.450498,0.549502,TOR,0,single,season_regime,early,hybrid_exponential,0.85,552.5,0.09,True,hybrid_exponential,1.0,650.0,0.1,True
logistic_engineered,20222023,20232024,20232024,2023020647,2024-01-11,STL,NYR,1,0.296863,0.703137,NYR,0,single,season_regime,early,hybrid_exponential,0.85,552.5,0.09,True,hybrid_exponential,1.0,650.0,0.1,True
logistic_engineered,20222023,20232024,20232024,2023020648,2024-01-11,WPG,CHI,1,0.760172,0.239828,WPG,1,single,season_regime,early,hybrid_exponential,0.85,552.5,0.09,True,hybrid_exponential,1.0,650.0,0.1,True
logistic_engineered,20222023,20232024,20232024,2023020649,2024-01-11,UTA,CGY,0,0.353509,0.646491,CGY,1,single,season_regime,early,hybrid_exponential,0.85,552.5,0.09,True,hybrid_exponential,1.0,650.0,0.1,True
logistic_engineered,20222023,20232024,20232024,2023020650,2024-01-11,VGK,BOS,1,0.432476,0.567524,BOS,0,single,season_regime,early,hybrid_exponential,0.85,552.5,0.09,True,hybrid_exponential,1.0,650.0,0.1,True
logistic_engineered,20222023,20232024,20232024,2023020651,2024-01-12,DAL,NSH,0,0.548176,0.451824,DAL,0,single,season_regime,early,hybrid_exponential,0.85,552.5,0.09,True,hybrid_exponential,1.0,650.0,0.1,True
logistic_engineered,20222023,20232024,20232024,2023020652,2024-01-12,MIN,PHI,0,0.47498,0.52502,PHI,1,single,season_regime,early,hybrid_exponential,0.85,552.5,0.09,True,hybrid_exponential,1.0,650.0,0.1,True
logistic_engineered,20222023,20232024,20232024,2023020653,2024-01-13,WSH,NYR,1,0.34993,0.65007,NYR,0,single,season_regime,early,hybrid_exponential,0.85,552.5,0.09,True,hybrid_exponential,1.0,650.0,0.1,True
logistic_engineered,20222023,20232024,20232024,2023020654,2024-01-13,BUF,VAN,0,0.51742,0.48258,BUF,0,single,season_regime,early,hybrid_exponential,0.85,552.5,0.09,True,hybrid_exponential,1.0,650.0,0.1,True
logistic_engineered,20222023,20232024,20232024,2023020655,2024-01-13,OTT,SJS,1,0.687435,0.312565,OTT,1,single,season_regime,early,hybrid_exponential,0.85,552.5,0.09,True,hybrid_exponential,1.0,650.0,0.1,True
logistic_engineered,20222023,20232024,20232024,2023020656,2024-01-13,FLA,NJD,0,0.551227,0.448773,FLA,0,single,season_regime,early,hybrid_exponential,0.85,552.5,0.09,True,hybrid_exponential,1.0,650.0,0.1,True
logistic_engineered,20222023,20232024,20232024,2023020657,2024-01-13,CAR,PIT,1,0.567376,0.432624,CAR,1,single,season_regime,early,hybrid_exponential,0.85,552.5,0.09,True,hybrid_exponential,1.0,650.0,0.1,True
logistic_engineered,20222023,20232024,20232024,2023020658,2024-01-13,CBJ,SEA,0,0.284211,0.715789,SEA,1,single,season_regime,early,hybrid_exponential,0.85,552.5,0.09,True,hybrid_exponential,1.0,650.0,0.1,True
logistic_engineered,20222023,20232024,20232024,2023020659,2024-01-13,DET,LAK,1,0.622603,0.377397,DET,1,single,season_regime,early,hybrid_exponential,0.85,552.5,0.09,True,hybrid_exponential,1.0,650.0,0.1,True
logistic_engineered,20222023,20232024,20232024,2023020660,2024-01-13,MTL,EDM,0,0.337675,0.662325,EDM,1,single,season_regime,early,hybrid_exponential,0.85,552.5,0.09,True,hybrid_exponential,1.0,650.0,0.1,True
logistic_engineered,20222023,20232024,20232024,2023020661,2024-01-13,TBL,ANA,1,0.690379,0.309621,TBL,1,single,season_regime,early,hybrid_exponential,0.85,552.5,0.09,True,hybrid_exponential,1.0,650.0,0.1,True
logistic_engineered,20222023,20232024,20232024,2023020662,2024-01-13,TOR,COL,0,0.450656,0.549344,COL,1,single,season_regime,early,hybrid_exponential,0.85,552.5,0.09,True,hybrid_exponential,1.0,650.0,0.1,True
logistic_engineered,20222023,20232024,20232024,2023020663,2024-01-13,WPG,PHI,0,0.773952,0.226048,WPG,0,single,season_regime,early,hybrid_exponential,0.85,552.5,0.09,True,hybrid_exponential,1.0,650.0,0.1,True
logistic_engineered,20222023,20232024,20232024,2023020664,2024-01-13,CHI,DAL,0,0.576094,0.423906,CHI,0,single,season_regime,early,hybrid_exponential,0.85,552.5,0.09,True,hybrid_exponential,1.0,650.0,0.1,True
logistic_engineered,20222023,20232024,20232024,2023020665,2024-01-13,MIN,UTA,0,0.291234,0.708766,UTA,1,single,season_regime,early,hybrid_exponential,0.85,552.5,0.09,True,hybrid_exponential,1.0,650.0,0.1,True
logistic_engineered,20222023,20232024,20232024,2023020666,2024-01-13,NSH,NYI,1,0.325438,0.674562,NYI,0,single,season_regime,early,hybrid_exponential,0.85,552.5,0.09,True,hybrid_exponential,1.0,650.0,0.1,True
logistic_engineered,20222023,20232024,20232024,2023020667,2024-01-13,STL,BOS,0,0.443681,0.556319,BOS,1,single,season_regime,early,hybrid_exponential,0.85,552.5,0.09,True,hybrid_exponential,1.0,650.0,0.1,True
logistic_engineered,20222023,20232024,20232024,2023020668,2024-01-13,VGK,CGY,0,0.514347,0.485653,VGK,0,single,season_regime,early,hybrid_exponential,0.85,552.5,0.09,True,hybrid_exponential,1.0,650.0,0.1,True
logistic_engineered,20222023,20232024,20232024,2023020669,2024-01-14,NYR,WSH,1,0.619215,0.380785,NYR,1,single,season_regime,early,hybrid_exponential,0.85,552.5,0.09,True,hybrid_exponential,1.0,650.0,0.1,True
logistic_engineered,20222023,20232024,20232024,2023020670,2024-01-14,TOR,DET,0,0.551939,0.448061,TOR,0,single,season_regime,early,hybrid_exponential,0.85,552.5,0.09,True,hybrid_exponential,1.0,650.0,0.1,True
logistic_engineered,20222023,20232024,20232024,2023020671,2024-01-15,BOS,NJD,1,0.488042,0.511958,NJD,0,single,season_regime,early,hybrid_exponential,0.85,552.5,0.09,True,hybrid_exponential,1.0,650.0,0.1,True
logistic_engineered,20222023,20232024,20232024,2023020672,2024-01-15,BUF,SJS,1,0.68833,0.31167,BUF,1,single,season_regime,early,hybrid_exponential,0.85,552.5,0.09,True,hybrid_exponential,1.0,650.0,0.1,True
logistic_engineered,20222023,20232024,20232024,2023020673,2024-01-15,CBJ,VAN,1,0.256688,0.743312,VAN,0,single,season_regime,early,hybrid_exponential,0.85,552.5,0.09,True,hybrid_exponential,1.0,650.0,0.1,True
logistic_engineered,20222023,20232024,20232024,2023020674,2024-01-15,FLA,ANA,0,0.72872,0.27128,FLA,0,single,season_regime,early,hybrid_exponential,0.85,552.5,0.09,True,hybrid_exponential,1.0,650.0,0.1,True
logistic_engineered,20222023,20232024,20232024,2023020675,2024-01-15,CAR,LAK,0,0.451204,0.548796,LAK,1,single,season_regime,early,hybrid_exponential,0.85,552.5,0.09,True,hybrid_exponential,1.0,650.0,0.1,True
logistic_engineered,20222023,20232024,20232024,2023020676,2024-01-15,MIN,NYI,1,0.584099,0.415901,MIN,1,single,season_regime,early,hybrid_exponential,0.85,552.5,0.09,True,hybrid_exponential,1.0,650.0,0.1,True
logistic_engineered,20222023,20232024,20232024,2023020677,2024-01-15,PIT,SEA,1,0.535526,0.464474,PIT,1,single,season_regime,early,hybrid_exponential,0.85,552.5,0.09,True,hybrid_exponential,1.0,650.0,0.1,True
logistic_engineered,20222023,20232024,20232024,2023020678,2024-01-15,MTL,COL,1,0.270774,0.729226,COL,0,single,season_regime,early,hybrid_exponential,0.85,552.5,0.09,True,hybrid_exponential,1.0,650.0,0.1,True
logistic_engineered,20222023,20232024,20232024,2023020679,2024-01-15,STL,PHI,0,0.619647,0.380353,STL,0,single,season_regime,early,hybrid_exponential,0.85,552.5,0.09,True,hybrid_exponential,1.0,650.0,0.1,True
logistic_engineered,20222023,20232024,20232024,2023020680,2024-01-15,VGK,NSH,1,0.560103,0.439897,VGK,1,single,season_regime,early,hybrid_exponential,0.85,552.5,0.09,True,hybrid_exponential,1.0,650.0,0.1,True
logistic_engineered,20222023,20232024,20232024,2023020681,2024-01-16,NYR,SEA,1,0.60427,0.39573,NYR,1,single,season_regime,early,hybrid_exponential,0.85,552.5,0.09,True,hybrid_exponential,1.0,650.0,0.1,True
logistic_engineered,20222023,20232024,20232024,2023020682,2024-01-16,OTT,COL,0,0.463719,0.536281,COL,1,single,season_regime,early,hybrid_exponential,0.85,552.5,0.09,True,hybrid_exponential,1.0,650.0,0.1,True
logistic_engineered,20222023,20232024,20232024,2023020683,2024-01-16,WSH,ANA,1,0.651549,0.348451,WSH,1,single,season_regime,early,hybrid_exponential,0.85,552.5,0.09,True,hybrid_exponential,1.0,650.0,0.1,True
logistic_engineered,20222023,20232024,20232024,2023020684,2024-01-16,DAL,LAK,1,0.587983,0.412017,DAL,1,single,season_regime,early,hybrid_exponential,0.85,552.5,0.09,True,hybrid_exponential,1.0,650.0,0.1,True
logistic_engineered,20222023,20232024,20232024,2023020685,2024-01-16,WPG,NYI,1,0.754819,0.245181,WPG,1,single,season_regime,early,hybrid_exponential,0.85,552.5,0.09,True,hybrid_exponential,1.0,650.0,0.1,True
logistic_engineered,20222023,20232024,20232024,2023020686,2024-01-16,CHI,SJS,1,0.694058,0.305942,CHI,1,single,season_regime,early,hybrid_exponential,0.85,552.5,0.09,True,hybrid_exponential,1.0,650.0,0.1,True
logistic_engineered,20222023,20232024,20232024,2023020687,2024-01-16,CGY,UTA,1,0.491425,0.508575,UTA,0,single,season_regime,early,hybrid_exponential,0.85,552.5,0.09,True,hybrid_exponential,1.0,650.0,0.1,True
logistic_engineered,20222023,20232024,20232024,2023020688,2024-01-16,EDM,TOR,1,0.57674,0.42326,EDM,1,single,season_regime,early,hybrid_exponential,0.85,552.5,0.09,True,hybrid_exponential,1.0,650.0,0.1,True
logistic_engineered,20222023,20232024,20232024,2023020689,2024-01-17,FLA,DET,0,0.574118,0.425882,FLA,0,single,season_regime,early,hybrid_exponential,0.85,552.5,0.09,True,hybrid_exponential,1.0,650.0,0.1,True
logistic_engineered,20222023,20232024,20232024,2023020690,2024-01-17,NJD,MTL,0,0.711424,0.288576,NJD,0,single,season_regime,early,hybrid_exponential,0.85,552.5,0.09,True,hybrid_exponential,1.0,650.0,0.1,True
logistic_engineered,20222023,20232024,20232024,2023020691,2024-01-18,BUF,CHI,1,0.658192,0.341808,BUF,1,single,season_regime,early,hybrid_exponential,0.85,552.5,0.09,True,hybrid_exponential,1.0,650.0,0.1,True
logistic_engineered,20222023,20232024,20232024,2023020692,2024-01-18,BOS,COL,1,0.489327,0.510673,COL,0,single,season_regime,early,hybrid_exponential,0.85,552.5,0.09,True,hybrid_exponential,1.0,650.0,0.1,True
logistic_engineered,20222023,20232024,20232024,2023020693,2024-01-18,OTT,MTL,1,0.672831,0.327169,OTT,1,single,season_regime,early,hybrid_exponential,0.85,552.5,0.09,True,hybrid_exponential,1.0,650.0,0.1,True
logistic_engineered,20222023,20232024,20232024,2023020694,2024-01-18,PHI,DAL,1,0.332311,0.667689,DAL,0,single,season_regime,early,hybrid_exponential,0.85,552.5,0.09,True,hybrid_exponential,1.0,650.0,0.1,True
logistic_engineered,20222023,20232024,20232024,2023020695,2024-01-18,TBL,MIN,1,0.535915,0.464085,TBL,1,single,season_regime,early,hybrid_exponential,0.85,552.5,0.09,True,hybrid_exponential,1.0,650.0,0.1,True
logistic_engineered,20222023,20232024,20232024,2023020696,2024-01-18,WSH,STL,1,0.536646,0.463354,WSH,1,single,season_regime,early,hybrid_exponential,0.85,552.5,0.09,True,hybrid_exponential,1.0,650.0,0.1,True
logistic_engineered,20222023,20232024,20232024,2023020697,2024-01-18,CGY,TOR,0,0.457621,0.542379,TOR,1,single,season_regime,early,hybrid_exponential,0.85,552.5,0.09,True,hybrid_exponential,1.0,650.0,0.1,True
logistic_engineered,20222023,20232024,20232024,2023020698,2024-01-18,EDM,SEA,1,0.602466,0.397534,EDM,1,single,season_regime,early,hybrid_exponential,0.85,552.5,0.09,True,hybrid_exponential,1.0,650.0,0.1,True
logistic_engineered,20222023,20232024,20232024,2023020699,2024-01-18,LAK,NSH,0,0.603905,0.396095,LAK,0,single,season_regime,early,hybrid_exponential,0.85,552.5,0.09,True,hybrid_exponential,1.0,650.0,0.1,True
logistic_engineered,20222023,20232024,20232024,2023020700,2024-01-18,VAN,UTA,1,0.608638,0.391362,VAN,1,single,season_regime,early,hybrid_exponential,0.85,552.5,0.09,True,hybrid_exponential,1.0,650.0,0.1,True
logistic_engineered,20222023,20232024,20232024,2023020701,2024-01-18,VGK,NYR,1,0.512383,0.487617,VGK,1,single,season_regime,early,hybrid_exponential,0.85,552.5,0.09,True,hybrid_exponential,1.0,650.0,0.1,True
logistic_engineered,20222023,20232024,20232024,2023020702,2024-01-19,CAR,DET,1,0.649382,0.350618,CAR,1,single,season_regime,early,hybrid_exponential,0.85,552.5,0.09,True,hybrid_exponential,1.0,650.0,0.1,True
logistic_engineered,20222023,20232024,20232024,2023020703,2024-01-19,CBJ,NJD,0,0.322252,0.677748,NJD,1,single,season_regime,early,hybrid_exponential,0.85,552.5,0.09,True,hybrid_exponential,1.0,650.0,0.1,True
logistic_engineered,20222023,20232024,20232024,2023020704,2024-01-19,FLA,MIN,0,0.563731,0.436269,FLA,0,single,season_regime,early,hybrid_exponential,0.85,552.5,0.09,True,hybrid_exponential,1.0,650.0,0.1,True
logistic_engineered,20222023,20232024,20232024,2023020705,2024-01-19,CHI,NYI,1,0.323069,0.676931,NYI,0,single,season_regime,early,hybrid_exponential,0.85,552.5,0.09,True,hybrid_exponential,1.0,650.0,0.1,True
logistic_engineered,20222023,20232024,20232024,2023020706,2024-01-20,BUF,TBL,0,0.427377,0.572623,TBL,1,single,season_regime,early,hybrid_exponential,0.85,552.5,0.09,True,hybrid_exponential,1.0,650.0,0.1,True
logistic_engineered,20222023,20232024,20232024,2023020707,2024-01-20,PHI,COL,0,0.234151,0.765849,COL,1,single,season_regime,early,hybrid_exponential,0.85,552.5,0.09,True,hybrid_exponential,1.0,650.0,0.1,True
logistic_engineered,20222023,20232024,20232024,2023020708,2024-01-20,UTA,NSH,1,0.481286,0.518714,NSH,0,single,season_regime,early,hybrid_exponential,0.85,552.5,0.09,True,hybrid_exponential,1.0,650.0,0.1,True
logistic_engineered,20222023,20232024,20232024,2023020709,2024-01-20,OTT,WPG,0,0.421107,0.578893,WPG,1,single,season_regime,early,hybrid_exponential,0.85,552.5,0.09,True,hybrid_exponential,1.0,650.0,0.1,True
logistic_engineered,20222023,20232024,20232024,2023020710,2024-01-20,BOS,MTL,1,0.795038,0.204962,BOS,1,single,season_regime,early,hybrid_exponential,0.85,552.5,0.09,True,hybrid_exponential,1.0,650.0,0.1,True
logistic_engineered,20222023,20232024,20232024,2023020711,2024-01-20,NJD,DAL,0,0.465476,0.534524,DAL,1,single,season_regime,early,hybrid_exponential,0.85,552.5,0.09,True,hybrid_exponential,1.0,650.0,0.1,True
logistic_engineered,20222023,20232024,20232024,2023020712,2024-01-20,VAN,TOR,1,0.3906,0.6094,TOR,0,single,season_regime,early,hybrid_exponential,0.85,552.5,0.09,True,hybrid_exponential,1.0,650.0,0.1,True
logistic_engineered,20222023,20232024,20232024,2023020713,2024-01-20,STL,WSH,1,0.514853,0.485147,STL,1,single,season_regime,early,hybrid_exponential,0.85,552.5,0.09,True,hybrid_exponential,1.0,650.0,0.1,True
logistic_engineered,20222023,20232024,20232024,2023020714,2024-01-20,CGY,EDM,0,0.428579,0.571421,EDM,1,single,season_regime,early,hybrid_exponential,0.85,552.5,0.09,True,hybrid_exponential,1.0,650.0,0.1,True
logistic_engineered,20222023,20232024,20232024,2023020715,2024-01-20,SJS,ANA,1,0.458329,0.541671,ANA,0,single,season_regime,early,hybrid_exponential,0.85,552.5,0.09,True,hybrid_exponential,1.0,650.0,0.1,True
logistic_engineered,20222023,20232024,20232024,2023020716,2024-01-20,VGK,PIT,1,0.494521,0.505479,PIT,0,single,season_regime,early,hybrid_exponential,0.85,552.5,0.09,True,hybrid_exponential,1.0,650.0,0.1,True
logistic_engineered,20222023,20232024,20232024,2023020717,2024-01-20,LAK,NYR,1,0.520451,0.479549,LAK,1,single,season_regime,early,hybrid_exponential,0.85,552.5,0.09,True,hybrid_exponential,1.0,650.0,0.1,True
logistic_engineered,20222023,20232024,20232024,2023020718,2024-01-21,PHI,OTT,0,0.601058,0.398942,PHI,0,single,season_regime,early,hybrid_exponential,0.85,552.5,0.09,True,hybrid_exponential,1.0,650.0,0.1,True
logistic_engineered,20222023,20232024,20232024,2023020719,2024-01-21,CAR,MIN,0,0.614228,0.385772,CAR,0,single,season_regime,early,hybrid_exponential,0.85,552.5,0.09,True,hybrid_exponential,1.0,650.0,0.1,True
logistic_engineered,20222023,20232024,20232024,2023020720,2024-01-21,DET,TBL,1,0.507947,0.492053,DET,1,single,season_regime,early,hybrid_exponential,0.85,552.5,0.09,True,hybrid_exponential,1.0,650.0,0.1,True
logistic_engineered,20222023,20232024,20232024,2023020721,2024-01-21,NYI,DAL,1,0.450668,0.549332,DAL,0,single,season_regime,early,hybrid_exponential,0.85,552.5,0.09,True,hybrid_exponential,1.0,650.0,0.1,True
logistic_engineered,20222023,20232024,20232024,2023020722,2024-01-21,ANA,NYR,0,0.348075,0.651925,NYR,1,single,season_regime,early,hybrid_exponential,0.85,552.5,0.09,True,hybrid_exponential,1.0,650.0,0.1,True
logistic_engineered,20222023,20232024,20232024,2023020723,2024-01-21,SEA,TOR,0,0.641408,0.358592,SEA,0,single,season_regime,early,hybrid_exponential,0.85,552.5,0.09,True,hybrid_exponential,1.0,650.0,0.1,True
logistic_engineered,20222023,20232024,20232024,2023020724,2024-01-22,BOS,WPG,1,0.482332,0.517668,WPG,0,single,season_regime,early,hybrid_exponential,0.85,552.5,0.09,True,hybrid_exponential,1.0,650.0,0.1,True
logistic_engineered,20222023,20232024,20232024,2023020725,2024-01-22,NJD,VGK,1,0.478593,0.521407,VGK,0,single,season_regime,early,hybrid_exponential,0.85,552.5,0.09,True,hybrid_exponential,1.0,650.0,0.1,True
logistic_engineered,20222023,20232024,20232024,2023020726,2024-01-22,NSH,FLA,0,0.43941,0.56059,FLA,1,single,season_regime,early,hybrid_exponential,0.85,552.5,0.09,True,hybrid_exponential,1.0,650.0,0.1,True
logistic_engineered,20222023,20232024,20232024,2023020727,2024-01-22,UTA,PIT,1,0.485298,0.514702,PIT,0,single,season_regime,early,hybrid_exponential,0.85,552.5,0.09,True,hybrid_exponential,1.0,650.0,0.1,True
logistic_engineered,20222023,20232024,20232024,2023020728,2024-01-22,VAN,CHI,1,0.724224,0.275776,VAN,1,single,season_regime,early,hybrid_exponential,0.85,552.5,0.09,True,hybrid_exponential,1.0,650.0,0.1,True
logistic_engineered,20222023,20232024,20232024,2023020729,2024-01-22,LAK,SJS,0,0.700102,0.299898,LAK,0,single,season_regime,early,hybrid_exponential,0.85,552.5,0.09,True,hybrid_exponential,1.0,650.0,0.1,True
logistic_engineered,20222023,20232024,20232024,2023020730,2024-01-23,DET,DAL,0,0.267828,0.732172,DAL,1,single,season_regime,early,hybrid_exponential,0.85,552.5,0.09,True,hybrid_exponential,1.0,650.0,0.1,True
logistic_engineered,20222023,20232024,20232024,2023020731,2024-01-23,MTL,OTT,0,0.460393,0.539607,OTT,1,single,season_regime,early,hybrid_exponential,0.85,552.5,0.09,True,hybrid_exponential,1.0,650.0,0.1,True
logistic_engineered,20222023,20232024,20232024,2023020732,2024-01-23,PHI,TBL,0,0.508992,0.491008,PHI,0,single,season_regime,early,hybrid_exponential,0.85,552.5,0.09,True,hybrid_exponential,1.0,650.0,0.1,True
logistic_engineered,20222023,20232024,20232024,2023020733,2024-01-23,NYI,VGK,0,0.607472,0.392528,NYI,0,single,season_regime,early,hybrid_exponential,0.85,552.5,0.09,True,hybrid_exponential,1.0,650.0,0.1,True
logistic_engineered,20222023,20232024,20232024,2023020734,2024-01-23,MIN,WSH,1,0.591185,0.408815,MIN,1,single,season_regime,early,hybrid_exponential,0.85,552.5,0.09,True,hybrid_exponential,1.0,650.0,0.1,True
logistic_engineered,20222023,20232024,20232024,2023020735,2024-01-23,CGY,STL,0,0.613136,0.386864,CGY,0,single,season_regime,early,hybrid_exponential,0.85,552.5,0.09,True,hybrid_exponential,1.0,650.0,0.1,True
logistic_engineered,20222023,20232024,20232024,2023020736,2024-01-23,EDM,CBJ,1,0.748207,0.251793,EDM,1,single,season_regime,early,hybrid_exponential,0.85,552.5,0.09,True,hybrid_exponential,1.0,650.0,0.1,True
logistic_engineered,20222023,20232024,20232024,2023020737,2024-01-23,ANA,BUF,1,0.449324,0.550676,BUF,0,single,season_regime,early,hybrid_exponential,0.85,552.5,0.09,True,hybrid_exponential,1.0,650.0,0.1,True
logistic_engineered,20222023,20232024,20232024,2023020738,2024-01-23,SJS,NYR,1,0.296369,0.703631,NYR,0,single,season_regime,early,hybrid_exponential,0.85,552.5,0.09,True,hybrid_exponential,1.0,650.0,0.1,True
logistic_engineered,20222023,20232024,20232024,2023020739,2024-01-24,FLA,UTA,1,0.637196,0.362804,FLA,1,single,season_regime,early,hybrid_exponential,0.85,552.5,0.09,True,hybrid_exponential,1.0,650.0,0.1,True
logistic_engineered,20222023,20232024,20232024,2023020740,2024-01-24,TOR,WPG,1,0.428447,0.571553,WPG,0,single,season_regime,early,hybrid_exponential,0.85,552.5,0.09,True,hybrid_exponential,1.0,650.0,0.1,True
logistic_engineered,20222023,20232024,20232024,2023020741,2024-01-24,BOS,CAR,0,0.593331,0.406669,BOS,0,single,season_regime,early,hybrid_exponential,0.85,552.5,0.09,True,hybrid_exponential,1.0,650.0,0.1,True
logistic_engineered,20222023,20232024,20232024,2023020742,2024-01-24,COL,WSH,1,0.767044,0.232956,COL,1,single,season_regime,early,hybrid_exponential,0.85,552.5,0.09,True,hybrid_exponential,1.0,650.0,0.1,True
logistic_engineered,20222023,20232024,20232024,2023020743,2024-01-24,SEA,CHI,1,0.704449,0.295551,SEA,1,single,season_regime,early,hybrid_exponential,0.85,552.5,0.09,True,hybrid_exponential,1.0,650.0,0.1,True
logistic_engineered,20222023,20232024,20232024,2023020744,2024-01-24,VAN,STL,0,0.770088,0.229912,VAN,0,single,season_regime,early,hybrid_exponential,0.85,552.5,0.09,True,hybrid_exponential,1.0,650.0,0.1,True
logistic_engineered,20222023,20232024,20232024,2023020745,2024-01-24,LAK,BUF,0,0.60591,0.39409,LAK,0,single,season_regime,early,hybrid_exponential,0.85,552.5,0.09,True,hybrid_exponential,1.0,650.0,0.1,True
logistic_engineered,20222023,20232024,20232024,2023020746,2024-01-25,CAR,NJD,1,0.647677,0.352323,CAR,1,single,season_regime,early,hybrid_exponential,0.85,552.5,0.09,True,hybrid_exponential,1.0,650.0,0.1,True
logistic_engineered,20222023,20232024,20232024,2023020747,2024-01-25,DET,PHI,1,0.533445,0.466555,DET,1,single,season_regime,early,hybrid_exponential,0.85,552.5,0.09,True,hybrid_exponential,1.0,650.0,0.1,True
logistic_engineered,20222023,20232024,20232024,2023020748,2024-01-25,MTL,NYI,1,0.410743,0.589257,NYI,0,single,season_regime,early,hybrid_exponential,0.85,552.5,0.09,True,hybrid_exponential,1.0,650.0,0.1,True
logistic_engineered,20222023,20232024,20232024,2023020749,2024-01-25,OTT,BOS,0,0.493619,0.506381,BOS,1,single,season_regime,early,hybrid_exponential,0.85,552.5,0.09,True,hybrid_exponential,1.0,650.0,0.1,True
logistic_engineered,20222023,20232024,20232024,2023020750,2024-01-25,TBL,UTA,1,0.690207,0.309793,TBL,1,single,season_regime,early,hybrid_exponential,0.85,552.5,0.09,True,hybrid_exponential,1.0,650.0,0.1,True
logistic_engineered,20222023,20232024,20232024,2023020751,2024-01-25,DAL,ANA,1,0.721383,0.278617,DAL,1,single,season_regime,early,hybrid_exponential,0.85,552.5,0.09,True,hybrid_exponential,1.0,650.0,0.1,True
logistic_engineered,20222023,20232024,20232024,2023020752,2024-01-25,MIN,NSH,0,0.646392,0.353608,MIN,0,single,season_regime,early,hybrid_exponential,0.85,552.5,0.09,True,hybrid_exponential,1.0,650.0,0.1,True
logistic_engineered,20222023,20232024,20232024,2023020753,2024-01-25,CGY,CBJ,0,0.665453,0.334547,CGY,0,single,season_regime,early,hybrid_exponential,0.85,552.5,0.09,True,hybrid_exponential,1.0,650.0,0.1,True
logistic_engineered,20222023,20232024,20232024,2023020754,2024-01-25,EDM,CHI,1,0.8483,0.1517,EDM,1,single,season_regime,early,hybrid_exponential,0.85,552.5,0.09,True,hybrid_exponential,1.0,650.0,0.1,True
logistic_engineered,20222023,20232024,20232024,2023020755,2024-01-26,NYR,VGK,0,0.425381,0.574619,VGK,1,single,season_regime,early,hybrid_exponential,0.85,552.5,0.09,True,hybrid_exponential,1.0,650.0,0.1,True
logistic_engineered,20222023,20232024,20232024,2023020756,2024-01-26,PIT,FLA,0,0.38222,0.61778,FLA,1,single,season_regime,early,hybrid_exponential,0.85,552.5,0.09,True,hybrid_exponential,1.0,650.0,0.1,True
logistic_engineered,20222023,20232024,20232024,2023020757,2024-01-26,COL,LAK,1,0.785256,0.214744,COL,1,single,season_regime,early,hybrid_exponential,0.85,552.5,0.09,True,hybrid_exponential,1.0,650.0,0.1,True
logistic_engineered,20222023,20232024,20232024,2023020758,2024-01-26,SEA,STL,0,0.663655,0.336345,SEA,0,single,season_regime,early,hybrid_exponential,0.85,552.5,0.09,True,hybrid_exponential,1.0,650.0,0.1,True
logistic_engineered,20222023,20232024,20232024,2023020759,2024-01-27,PHI,BOS,0,0.290804,0.709196,BOS,1,single,season_regime,early,hybrid_exponential,0.85,552.5,0.09,True,hybrid_exponential,1.0,650.0,0.1,True
logistic_engineered,20222023,20232024,20232024,2023020760,2024-01-27,DAL,WSH,1,0.751697,0.248303,DAL,1,single,season_regime,early,hybrid_exponential,0.85,552.5,0.09,True,hybrid_exponential,1.0,650.0,0.1,True
logistic_engineered,20222023,20232024,20232024,2023020761,2024-01-27,EDM,NSH,1,0.603246,0.396754,EDM,1,single,season_regime,early,hybrid_exponential,0.85,552.5,0.09,True,hybrid_exponential,1.0,650.0,0.1,True
logistic_engineered,20222023,20232024,20232024,2023020762,2024-01-27,SJS,BUF,0,0.416121,0.583879,BUF,1,single,season_regime,early,hybrid_exponential,0.85,552.5,0.09,True,hybrid_exponential,1.0,650.0,0.1,True
logistic_engineered,20222023,20232024,20232024,2023020763,2024-01-27,CAR,UTA,1,0.7205,0.2795,CAR,1,single,season_regime,early,hybrid_exponential,0.85,552.5,0.09,True,hybrid_exponential,1.0,650.0,0.1,True
logistic_engineered,20222023,20232024,20232024,2023020764,2024-01-27,DET,VGK,1,0.475016,0.524984,VGK,0,single,season_regime,early,hybrid_exponential,0.85,552.5,0.09,True,hybrid_exponential,1.0,650.0,0.1,True
logistic_engineered,20222023,20232024,20232024,2023020765,2024-01-27,OTT,NYR,0,0.407508,0.592492,NYR,1,single,season_regime,early,hybrid_exponential,0.85,552.5,0.09,True,hybrid_exponential,1.0,650.0,0.1,True
logistic_engineered,20222023,20232024,20232024,2023020766,2024-01-27,PIT,MTL,1,0.640122,0.359878,PIT,1,single,season_regime,early,hybrid_exponential,0.85,552.5,0.09,True,hybrid_exponential,1.0,650.0,0.1,True
logistic_engineered,20222023,20232024,20232024,2023020767,2024-01-27,TBL,NJD,1,0.56945,0.43055,TBL,1,single,season_regime,early,hybrid_exponential,0.85,552.5,0.09,True,hybrid_exponential,1.0,650.0,0.1,True
logistic_engineered,20222023,20232024,20232024,2023020768,2024-01-27,WPG,TOR,0,0.528427,0.471573,WPG,0,single,season_regime,early,hybrid_exponential,0.85,552.5,0.09,True,hybrid_exponential,1.0,650.0,0.1,True
logistic_engineered,20222023,20232024,20232024,2023020769,2024-01-27,NYI,FLA,0,0.522857,0.477143,NYI,0,single,season_regime,early,hybrid_exponential,0.85,552.5,0.09,True,hybrid_exponential,1.0,650.0,0.1,True
logistic_engineered,20222023,20232024,20232024,2023020770,2024-01-27,MIN,ANA,0,0.658678,0.341322,MIN,0,single,season_regime,early,hybrid_exponential,0.85,552.5,0.09,True,hybrid_exponential,1.0,650.0,0.1,True
logistic_engineered,20222023,20232024,20232024,2023020771,2024-01-27,CGY,CHI,1,0.751049,0.248951,CGY,1,single,season_regime,early,hybrid_exponential,0.85,552.5,0.09,True,hybrid_exponential,1.0,650.0,0.1,True
logistic_engineered,20222023,20232024,20232024,2023020772,2024-01-27,VAN,CBJ,1,0.630508,0.369492,VAN,1,single,season_regime,early,hybrid_exponential,0.85,552.5,0.09,True,hybrid_exponential,1.0,650.0,0.1,True
logistic_engineered,20222023,20232024,20232024,2023020773,2024-01-28,STL,LAK,1,0.343764,0.656236,LAK,0,single,season_regime,early,hybrid_exponential,0.85,552.5,0.09,True,hybrid_exponential,1.0,650.0,0.1,True
logistic_engineered,20222023,20232024,20232024,2023020774,2024-01-28,SEA,CBJ,1,0.780911,0.219089,SEA,1,single,season_regime,early,hybrid_exponential,0.85,552.5,0.09,True,hybrid_exponential,1.0,650.0,0.1,True
logistic_engineered,20222023,20232024,20232024,2023020775,2024-01-29,OTT,NSH,1,0.401411,0.598589,NSH,0,single,season_regime,early,hybrid_exponential,0.85,552.5,0.09,True,hybrid_exponential,1.0,650.0,0.1,True
logistic_engineered,20222023,20232024,20232024,2023020776,2024-01-30,STL,CBJ,0,0.666209,0.333791,STL,0,single,season_regime,early,hybrid_exponential,0.85,552.5,0.09,True,hybrid_exponential,1.0,650.0,0.1,True
logistic_engineered,20222023,20232024,20232024,2023020777,2024-01-30,SJS,SEA,1,0.277781,0.722219,SEA,0,single,season_regime,early,hybrid_exponential,0.85,552.5,0.09,True,hybrid_exponential,1.0,650.0,0.1,True
logistic_engineered,20222023,20232024,20232024,2023020778,2024-01-31,DET,OTT,0,0.557497,0.442503,DET,0,single,season_regime,early,hybrid_exponential,0.85,552.5,0.09,True,hybrid_exponential,1.0,650.0,0.1,True
logistic_engineered,20222023,20232024,20232024,2023020779,2024-01-31,NSH,LAK,0,0.404132,0.595868,LAK,1,single,season_regime,early,hybrid_exponential,0.85,552.5,0.09,True,hybrid_exponential,1.0,650.0,0.1,True
logistic_engineered,20222023,20232024,20232024,2023020780,2024-01-31,ANA,SJS,1,0.67307,0.32693,ANA,1,single,season_regime,early,hybrid_exponential,0.85,552.5,0.09,True,hybrid_exponential,1.0,650.0,0.1,True
logistic_engineered,20222023,20232024,20232024,2023020781,2024-02-05,NYR,COL,1,0.478819,0.521181,COL,0,single,season_regime,early,hybrid_exponential,0.85,552.5,0.09,True,hybrid_exponential,1.0,650.0,0.1,True
logistic_engineered,20222023,20232024,20232024,2023020782,2024-02-05,TOR,NYI,0,0.565834,0.434166,TOR,0,single,season_regime,early,hybrid_exponential,0.85,552.5,0.09,True,hybrid_exponential,1.0,650.0,0.1,True
logistic_engineered,20222023,20232024,20232024,2023020783,2024-02-06,BOS,CGY,0,0.663929,0.336071,BOS,0,single,season_regime,early,hybrid_exponential,0.85,552.5,0.09,True,hybrid_exponential,1.0,650.0,0.1,True
logistic_engineered,20222023,20232024,20232024,2023020784,2024-02-06,BUF,DAL,0,0.376045,0.623955,DAL,1,single,season_regime,early,hybrid_exponential,0.85,552.5,0.09,True,hybrid_exponential,1.0,650.0,0.1,True
logistic_engineered,20222023,20232024,20232024,2023020785,2024-02-06,CAR,VAN,0,0.572197,0.427803,CAR,0,single,season_regime,early,hybrid_exponential,0.85,552.5,0.09,True,hybrid_exponential,1.0,650.0,0.1,True
logistic_engineered,20222023,20232024,20232024,2023020786,2024-02-06,FLA,PHI,0,0.623084,0.376916,FLA,0,single,season_regime,early,hybrid_exponential,0.85,552.5,0.09,True,hybrid_exponential,1.0,650.0,0.1,True
logistic_engineered,20222023,20232024,20232024,2023020787,2024-02-06,NJD,COL,1,0.486306,0.513694,COL,0,single,season_regime,early,hybrid_exponential,0.85,552.5,0.09,True,hybrid_exponential,1.0,650.0,0.1,True
logistic_engineered,20222023,20232024,20232024,2023020788,2024-02-06,PIT,WPG,1,0.439882,0.560118,WPG,0,single,season_regime,early,hybrid_exponential,0.85,552.5,0.09,True,hybrid_exponential,1.0,650.0,0.1,True
logistic_engineered,20222023,20232024,20232024,2023020789,2024-02-06,WSH,MTL,0,0.477455,0.522545,MTL,1,single,season_regime,early,hybrid_exponential,0.85,552.5,0.09,True,hybrid_exponential,1.0,650.0,0.1,True
logistic_engineered,20222023,20232024,20232024,2023020790,2024-02-06,VGK,EDM,1,0.583155,0.416845,VGK,1,single,season_regime,early,hybrid_exponential,0.85,552.5,0.09,True,hybrid_exponential,1.0,650.0,0.1,True
logistic_engineered,20222023,20232024,20232024,2023020791,2024-02-07,NYR,TBL,1,0.496201,0.503799,TBL,0,single,season_regime,early,hybrid_exponential,0.85,552.5,0.09,True,hybrid_exponential,1.0,650.0,0.1,True
logistic_engineered,20222023,20232024,20232024,2023020792,2024-02-07,TOR,DAL,1,0.53318,0.46682,TOR,1,single,season_regime,early,hybrid_exponential,0.85,552.5,0.09,True,hybrid_exponential,1.0,650.0,0.1,True
logistic_engineered,20222023,20232024,20232024,2023020793,2024-02-07,CHI,MIN,0,0.34716,0.65284,MIN,1,single,season_regime,early,hybrid_exponential,0.85,552.5,0.09,True,hybrid_exponential,1.0,650.0,0.1,True
logistic_engineered,20222023,20232024,20232024,2023020794,2024-02-08,BOS,VAN,1,0.517018,0.482982,BOS,1,single,season_regime,early,hybrid_exponential,0.85,552.5,0.09,True,hybrid_exponential,1.0,650.0,0.1,True
logistic_engineered,20222023,20232024,20232024,2023020795,2024-02-08,FLA,WSH,1,0.602095,0.397905,FLA,1,single,season_regime,early,hybrid_exponential,0.85,552.5,0.09,True,hybrid_exponential,1.0,650.0,0.1,True
logistic_engineered,20222023,20232024,20232024,2023020796,2024-02-08,NJD,CGY,0,0.580035,0.419965,NJD,0,single,season_regime,early,hybrid_exponential,0.85,552.5,0.09,True,hybrid_exponential,1.0,650.0,0.1,True
logistic_engineered,20222023,20232024,20232024,2023020797,2024-02-08,PHI,WPG,1,0.420671,0.579329,WPG,0,single,season_regime,early,hybrid_exponential,0.85,552.5,0.09,True,hybrid_exponential,1.0,650.0,0.1,True
logistic_engineered,20222023,20232024,20232024,2023020798,2024-02-08,NYI,TBL,1,0.543519,0.456481,NYI,1,single,season_regime,early,hybrid_exponential,0.85,552.5,0.09,True,hybrid_exponential,1.0,650.0,0.1,True
logistic_engineered,20222023,20232024,20232024,2023020799,2024-02-08,CAR,COL,1,0.368652,0.631348,COL,0,single,season_regime,early,hybrid_exponential,0.85,552.5,0.09,True,hybrid_exponential,1.0,650.0,0.1,True
logistic_engineered,20222023,20232024,20232024,2023020800,2024-02-08,UTA,VGK,0,0.198196,0.801804,VGK,1,single,season_regime,early,hybrid_exponential,0.85,552.5,0.09,True,hybrid_exponential,1.0,650.0,0.1,True
logistic_engineered,20222023,20232024,20232024,2023020801,2024-02-09,MIN,PIT,1,0.562554,0.437446,MIN,1,single,season_regime,early,hybrid_exponential,0.85,552.5,0.09,True,hybrid_exponential,1.0,650.0,0.1,True
logistic_engineered,20222023,20232024,20232024,2023020802,2024-02-09,CHI,NYR,0,0.297698,0.702302,NYR,1,single,season_regime,early,hybrid_exponential,0.85,552.5,0.09,True,hybrid_exponential,1.0,650.0,0.1,True
logistic_engineered,20222023,20232024,20232024,2023020803,2024-02-09,ANA,EDM,0,0.227649,0.772351,EDM,1,single,season_regime,early,hybrid_exponential,0.85,552.5,0.09,True,hybrid_exponential,1.0,650.0,0.1,True
logistic_engineered,20222023,20232024,20232024,2023020804,2024-02-10,BUF,STL,0,0.606861,0.393139,BUF,0,single,season_regime,early,hybrid_exponential,0.85,552.5,0.09,True,hybrid_exponential,1.0,650.0,0.1,True
logistic_engineered,20222023,20232024,20232024,2023020805,2024-02-10,DET,VAN,1,0.474828,0.525172,VAN,0,single,season_regime,early,hybrid_exponential,0.85,552.5,0.09,True,hybrid_exponential,1.0,650.0,0.1,True
logistic_engineered,20222023,20232024,20232024,2023020806,2024-02-10,MTL,DAL,0,0.328506,0.671494,DAL,1,single,season_regime,early,hybrid_exponential,0.85,552.5,0.09,True,hybrid_exponential,1.0,650.0,0.1,True
logistic_engineered,20222023,20232024,20232024,2023020807,2024-02-10,NYI,CGY,0,0.525673,0.474327,NYI,0,single,season_regime,early,hybrid_exponential,0.85,552.5,0.09,True,hybrid_exponential,1.0,650.0,0.1,True
logistic_engineered,20222023,20232024,20232024,2023020808,2024-02-10,BOS,WSH,0,0.674817,0.325183,BOS,0,single,season_regime,early,hybrid_exponential,0.85,552.5,0.09,True,hybrid_exponential,1.0,650.0,0.1,True
logistic_engineered,20222023,20232024,20232024,2023020809,2024-02-10,FLA,COL,1,0.518746,0.481254,FLA,1,single,season_regime,early,hybrid_exponential,0.85,552.5,0.09,True,hybrid_exponential,1.0,650.0,0.1,True
logistic_engineered,20222023,20232024,20232024,2023020810,2024-02-10,CAR,NJD,1,0.504199,0.495801,CAR,1,single,season_regime,early,hybrid_exponential,0.85,552.5,0.09,True,hybrid_exponential,1.0,650.0,0.1,True
logistic_engineered,20222023,20232024,20232024,2023020811,2024-02-10,CBJ,TBL,0,0.334874,0.665126,TBL,1,single,season_regime,early,hybrid_exponential,0.85,552.5,0.09,True,hybrid_exponential,1.0,650.0,0.1,True
logistic_engineered,20222023,20232024,20232024,2023020812,2024-02-10,OTT,TOR,1,0.510546,0.489454,OTT,1,single,season_regime,early,hybrid_exponential,0.85,552.5,0.09,True,hybrid_exponential,1.0,650.0,0.1,True
logistic_engineered,20222023,20232024,20232024,2023020813,2024-02-10,PHI,SEA,1,0.39478,0.60522,SEA,0,single,season_regime,early,hybrid_exponential,0.85,552.5,0.09,True,hybrid_exponential,1.0,650.0,0.1,True
logistic_engineered,20222023,20232024,20232024,2023020814,2024-02-10,WPG,PIT,1,0.707641,0.292359,WPG,1,single,season_regime,early,hybrid_exponential,0.85,552.5,0.09,True,hybrid_exponential,1.0,650.0,0.1,True
logistic_engineered,20222023,20232024,20232024,2023020815,2024-02-10,NSH,UTA,1,0.586381,0.413619,NSH,1,single,season_regime,early,hybrid_exponential,0.85,552.5,0.09,True,hybrid_exponential,1.0,650.0,0.1,True
logistic_engineered,20222023,20232024,20232024,2023020816,2024-02-10,LAK,EDM,1,0.555664,0.444336,LAK,1,single,season_regime,early,hybrid_exponential,0.85,552.5,0.09,True,hybrid_exponential,1.0,650.0,0.1,True
logistic_engineered,20222023,20232024,20232024,2023020817,2024-02-11,MTL,STL,0,0.348943,0.651057,STL,1,single,season_regime,early,hybrid_exponential,0.85,552.5,0.09,True,hybrid_exponential,1.0,650.0,0.1,True
logistic_engineered,20222023,20232024,20232024,2023020818,2024-02-11,WSH,VAN,0,0.44965,0.55035,VAN,1,single,season_regime,early,hybrid_exponential,0.85,552.5,0.09,True,hybrid_exponential,1.0,650.0,0.1,True
logistic_engineered,20222023,20232024,20232024,2023020819,2024-02-12,NJD,SEA,1,0.430944,0.569056,SEA,0,single,season_regime,early,hybrid_exponential,0.85,552.5,0.09,True,hybrid_exponential,1.0,650.0,0.1,True
logistic_engineered,20222023,20232024,20232024,2023020820,2024-02-12,NYR,CGY,1,0.574764,0.425236,NYR,1,single,season_regime,early,hybrid_exponential,0.85,552.5,0.09,True,hybrid_exponential,1.0,650.0,0.1,True
logistic_engineered,20222023,20232024,20232024,2023020821,2024-02-12,PHI,UTA,1,0.557465,0.442535,PHI,1,single,season_regime,early,hybrid_exponential,0.85,552.5,0.09,True,hybrid_exponential,1.0,650.0,0.1,True
logistic_engineered,20222023,20232024,20232024,2023020822,2024-02-12,VGK,MIN,0,0.517186,0.482814,VGK,0,single,season_regime,early,hybrid_exponential,0.85,552.5,0.09,True,hybrid_exponential,1.0,650.0,0.1,True
logistic_engineered,20222023,20232024,20232024,2023020823,2024-02-13,BOS,TBL,0,0.496648,0.503352,TBL,1,single,season_regime,early,hybrid_exponential,0.85,552.5,0.09,True,hybrid_exponential,1.0,650.0,0.1,True
logistic_engineered,20222023,20232024,20232024,2023020824,2024-02-13,BUF,LAK,1,0.54714,0.45286,BUF,1,single,season_regime,early,hybrid_exponential,0.85,552.5,0.09,True,hybrid_exponential,1.0,650.0,0.1,True
logistic_engineered,20222023,20232024,20232024,2023020825,2024-02-13,MTL,ANA,1,0.542978,0.457022,MTL,1,single,season_regime,early,hybrid_exponential,0.85,552.5,0.09,True,hybrid_exponential,1.0,650.0,0.1,True
logistic_engineered,20222023,20232024,20232024,2023020826,2024-02-13,OTT,CBJ,1,0.748924,0.251076,OTT,1,single,season_regime,early,hybrid_exponential,0.85,552.5,0.09,True,hybrid_exponential,1.0,650.0,0.1,True
logistic_engineered,20222023,20232024,20232024,2023020827,2024-02-13,TOR,STL,1,0.60099,0.39901,TOR,1,single,season_regime,early,hybrid_exponential,0.85,552.5,0.09,True,hybrid_exponential,1.0,650.0,0.1,True
logistic_engineered,20222023,20232024,20232024,2023020828,2024-02-13,WSH,COL,0,0.356594,0.643406,COL,1,single,season_regime,early,hybrid_exponential,0.85,552.5,0.09,True,hybrid_exponential,1.0,650.0,0.1,True
logistic_engineered,20222023,20232024,20232024,2023020829,2024-02-13,NYI,SEA,0,0.623369,0.376631,NYI,0,single,season_regime,early,hybrid_exponential,0.85,552.5,0.09,True,hybrid_exponential,1.0,650.0,0.1,True
logistic_engineered,20222023,20232024,20232024,2023020830,2024-02-13,DAL,CAR,1,0.466591,0.533409,CAR,0,single,season_regime,early,hybrid_exponential,0.85,552.5,0.09,True,hybrid_exponential,1.0,650.0,0.1,True
logistic_engineered,20222023,20232024,20232024,2023020831,2024-02-13,NSH,NJD,0,0.435164,0.564836,NJD,1,single,season_regime,early,hybrid_exponential,0.85,552.5,0.09,True,hybrid_exponential,1.0,650.0,0.1,True
logistic_engineered,20222023,20232024,20232024,2023020832,2024-02-13,CHI,VAN,0,0.420716,0.579284,VAN,1,single,season_regime,early,hybrid_exponential,0.85,552.5,0.09,True,hybrid_exponential,1.0,650.0,0.1,True
logistic_engineered,20222023,20232024,20232024,2023020833,2024-02-13,EDM,DET,1,0.763453,0.236547,EDM,1,single,season_regime,early,hybrid_exponential,0.85,552.5,0.09,True,hybrid_exponential,1.0,650.0,0.1,True
logistic_engineered,20222023,20232024,20232024,2023020834,2024-02-14,PIT,FLA,0,0.365523,0.634477,FLA,1,single,season_regime,early,hybrid_exponential,0.85,552.5,0.09,True,hybrid_exponential,1.0,650.0,0.1,True
logistic_engineered,20222023,20232024,20232024,2023020835,2024-02-14,WPG,SJS,1,0.742388,0.257612,WPG,1,single,season_regime,early,hybrid_exponential,0.85,552.5,0.09,True,hybrid_exponential,1.0,650.0,0.1,True
logistic_engineered,20222023,20232024,20232024,2023020836,2024-02-14,UTA,MIN,0,0.212208,0.787792,MIN,1,single,season_regime,early,hybrid_exponential,0.85,552.5,0.09,True,hybrid_exponential,1.0,650.0,0.1,True
logistic_engineered,20222023,20232024,20232024,2023020837,2024-02-15,BOS,SEA,0,0.612788,0.387212,BOS,0,single,season_regime,early,hybrid_exponential,0.85,552.5,0.09,True,hybrid_exponential,1.0,650.0,0.1,True
logistic_engineered,20222023,20232024,20232024,2023020838,2024-02-15,BUF,FLA,0,0.504109,0.495891,BUF,0,single,season_regime,early,hybrid_exponential,0.85,552.5,0.09,True,hybrid_exponential,1.0,650.0,0.1,True
logistic_engineered,20222023,20232024,20232024,2023020839,2024-02-15,NJD,LAK,0,0.47775,0.52225,LAK,1,single,season_regime,early,hybrid_exponential,0.85,552.5,0.09,True,hybrid_exponential,1.0,650.0,0.1,True
logistic_engineered,20222023,20232024,20232024,2023020840,2024-02-15,NYR,MTL,1,0.761958,0.238042,NYR,1,single,season_regime,early,hybrid_exponential,0.85,552.5,0.09,True,hybrid_exponential,1.0,650.0,0.1,True
logistic_engineered,20222023,20232024,20232024,2023020841,2024-02-15,OTT,ANA,0,0.787463,0.212537,OTT,0,single,season_regime,early,hybrid_exponential,0.85,552.5,0.09,True,hybrid_exponential,1.0,650.0,0.1,True
logistic_engineered,20222023,20232024,20232024,2023020842,2024-02-15,TBL,COL,1,0.505048,0.494952,TBL,1,single,season_regime,early,hybrid_exponential,0.85,552.5,0.09,True,hybrid_exponential,1.0,650.0,0.1,True
logistic_engineered,20222023,20232024,20232024,2023020843,2024-02-15,TOR,PHI,1,0.567877,0.432123,TOR,1,single,season_regime,early,hybrid_exponential,0.85,552.5,0.09,True,hybrid_exponential,1.0,650.0,0.1,True
logistic_engineered,20222023,20232024,20232024,2023020844,2024-02-15,STL,EDM,1,0.403706,0.596294,EDM,0,single,season_regime,early,hybrid_exponential,0.85,552.5,0.09,True,hybrid_exponential,1.0,650.0,0.1,True
logistic_engineered,20222023,20232024,20232024,2023020845,2024-02-15,CHI,PIT,0,0.413635,0.586365,PIT,1,single,season_regime,early,hybrid_exponential,0.85,552.5,0.09,True,hybrid_exponential,1.0,650.0,0.1,True
logistic_engineered,20222023,20232024,20232024,2023020846,2024-02-15,CGY,SJS,0,0.765629,0.234371,CGY,0,single,season_regime,early,hybrid_exponential,0.85,552.5,0.09,True,hybrid_exponential,1.0,650.0,0.1,True
logistic_engineered,20222023,20232024,20232024,2023020847,2024-02-15,NSH,DAL,0,0.328843,0.671157,DAL,1,single,season_regime,early,hybrid_exponential,0.85,552.5,0.09,True,hybrid_exponential,1.0,650.0,0.1,True
logistic_engineered,20222023,20232024,20232024,2023020848,2024-02-15,VAN,DET,1,0.606572,0.393428,VAN,1,single,season_regime,early,hybrid_exponential,0.85,552.5,0.09,True,hybrid_exponential,1.0,650.0,0.1,True
logistic_engineered,20222023,20232024,20232024,2023020849,2024-02-16,UTA,CAR,0,0.279003,0.720997,CAR,1,single,season_regime,early,hybrid_exponential,0.85,552.5,0.09,True,hybrid_exponential,1.0,650.0,0.1,True
logistic_engineered,20222023,20232024,20232024,2023020850,2024-02-17,DAL,EDM,0,0.490403,0.509597,EDM,1,single,season_regime,early,hybrid_exponential,0.85,552.5,0.09,True,hybrid_exponential,1.0,650.0,0.1,True
logistic_engineered,20222023,20232024,20232024,2023020851,2024-02-17,CHI,OTT,1,0.30465,0.69535,OTT,0,single,season_regime,early,hybrid_exponential,0.85,552.5,0.09,True,hybrid_exponential,1.0,650.0,0.1,True
logistic_engineered,20222023,20232024,20232024,2023020852,2024-02-17,CGY,DET,0,0.437038,0.562962,DET,1,single,season_regime,early,hybrid_exponential,0.85,552.5,0.09,True,hybrid_exponential,1.0,650.0,0.1,True
logistic_engineered,20222023,20232024,20232024,2023020853,2024-02-17,BOS,LAK,0,0.588775,0.411225,BOS,0,single,season_regime,early,hybrid_exponential,0.85,552.5,0.09,True,hybrid_exponential,1.0,650.0,0.1,True
logistic_engineered,20222023,20232024,20232024,2023020854,2024-02-17,MIN,BUF,0,0.573417,0.426583,MIN,0,single,season_regime,early,hybrid_exponential,0.85,552.5,0.09,True,hybrid_exponential,1.0,650.0,0.1,True
logistic_engineered,20222023,20232024,20232024,2023020855,2024-02-17,STL,NSH,0,0.544337,0.455663,STL,0,single,season_regime,early,hybrid_exponential,0.85,552.5,0.09,True,hybrid_exponential,1.0,650.0,0.1,True
logistic_engineered,20222023,20232024,20232024,2023020856,2024-02-17,TBL,FLA,0,0.346756,0.653244,FLA,1,single,season_regime,early,hybrid_exponential,0.85,552.5,0.09,True,hybrid_exponential,1.0,650.0,0.1,True
logistic_engineered,20222023,20232024,20232024,2023020857,2024-02-17,MTL,WSH,0,0.484372,0.515628,WSH,1,single,season_regime,early,hybrid_exponential,0.85,552.5,0.09,True,hybrid_exponential,1.0,650.0,0.1,True
logistic_engineered,20222023,20232024,20232024,2023020858,2024-02-17,TOR,ANA,1,0.730523,0.269477,TOR,1,single,season_regime,early,hybrid_exponential,0.85,552.5,0.09,True,hybrid_exponential,1.0,650.0,0.1,True
logistic_engineered,20222023,20232024,20232024,2023020859,2024-02-17,NJD,PHI,1,0.559652,0.440348,NJD,1,single,season_regime,early,hybrid_exponential,0.85,552.5,0.09,True,hybrid_exponential,1.0,650.0,0.1,True
logistic_engineered,20222023,20232024,20232024,2023020860,2024-02-17,VAN,WPG,0,0.420209,0.579791,WPG,1,single,season_regime,early,hybrid_exponential,0.85,552.5,0.09,True,hybrid_exponential,1.0,650.0,0.1,True
logistic_engineered,20222023,20232024,20232024,2023020861,2024-02-17,SJS,CBJ,0,0.422272,0.577728,CBJ,1,single,season_regime,early,hybrid_exponential,0.85,552.5,0.09,True,hybrid_exponential,1.0,650.0,0.1,True
logistic_engineered,20222023,20232024,20232024,2023020862,2024-02-17,VGK,CAR,0,0.535336,0.464664,VGK,0,single,season_regime,early,hybrid_exponential,0.85,552.5,0.09,True,hybrid_exponential,1.0,650.0,0.1,True
logistic_engineered,20222023,20232024,20232024,2023020863,2024-02-18,NYI,NYR,0,0.445111,0.554889,NYR,1,single,season_regime,early,hybrid_exponential,0.85,552.5,0.09,True,hybrid_exponential,1.0,650.0,0.1,True
logistic_engineered,20222023,20232024,20232024,2023020864,2024-02-18,COL,UTA,1,0.696267,0.303733,COL,1,single,season_regime,early,hybrid_exponential,0.85,552.5,0.09,True,hybrid_exponential,1.0,650.0,0.1,True
logistic_engineered,20222023,20232024,20232024,2023020865,2024-02-18,PIT,LAK,0,0.493662,0.506338,LAK,1,single,season_regime,early,hybrid_exponential,0.85,552.5,0.09,True,hybrid_exponential,1.0,650.0,0.1,True
logistic_engineered,20222023,20232024,20232024,2023020866,2024-02-19,BUF,ANA,0,0.600214,0.399786,BUF,0,single,season_regime,early,hybrid_exponential,0.85,552.5,0.09,True,hybrid_exponential,1.0,650.0,0.1,True
logistic_engineered,20222023,20232024,20232024,2023020867,2024-02-19,BOS,DAL,1,0.490406,0.509594,DAL,0,single,season_regime,early,hybrid_exponential,0.85,552.5,0.09,True,hybrid_exponential,1.0,650.0,0.1,True
logistic_engineered,20222023,20232024,20232024,2023020868,2024-02-19,STL,TOR,0,0.433507,0.566493,TOR,1,single,season_regime,early,hybrid_exponential,0.85,552.5,0.09,True,hybrid_exponential,1.0,650.0,0.1,True
logistic_engineered,20222023,20232024,20232024,2023020869,2024-02-19,MIN,VAN,1,0.391621,0.608379,VAN,0,single,season_regime,early,hybrid_exponential,0.85,552.5,0.09,True,hybrid_exponential,1.0,650.0,0.1,True
logistic_engineered,20222023,20232024,20232024,2023020870,2024-02-19,SEA,DET,0,0.524598,0.475402,SEA,0,single,season_regime,early,hybrid_exponential,0.85,552.5,0.09,True,hybrid_exponential,1.0,650.0,0.1,True
logistic_engineered,20222023,20232024,20232024,2023020871,2024-02-19,UTA,EDM,0,0.30411,0.69589,EDM,1,single,season_regime,early,hybrid_exponential,0.85,552.5,0.09,True,hybrid_exponential,1.0,650.0,0.1,True
logistic_engineered,20222023,20232024,20232024,2023020872,2024-02-19,CGY,WPG,1,0.420065,0.579935,WPG,0,single,season_regime,early,hybrid_exponential,0.85,552.5,0.09,True,hybrid_exponential,1.0,650.0,0.1,True
logistic_engineered,20222023,20232024,20232024,2023020873,2024-02-19,SJS,VGK,0,0.309943,0.690057,VGK,1,single,season_regime,early,hybrid_exponential,0.85,552.5,0.09,True,hybrid_exponential,1.0,650.0,0.1,True
logistic_engineered,20222023,20232024,20232024,2023020874,2024-02-19,CAR,CHI,1,0.740991,0.259009,CAR,1,single,season_regime,early,hybrid_exponential,0.85,552.5,0.09,True,hybrid_exponential,1.0,650.0,0.1,True
logistic_engineered,20222023,20232024,20232024,2023020875,2024-02-19,TBL,OTT,0,0.600782,0.399218,TBL,0,single,season_regime,early,hybrid_exponential,0.85,552.5,0.09,True,hybrid_exponential,1.0,650.0,0.1,True
logistic_engineered,20222023,20232024,20232024,2023020876,2024-02-20,FLA,OTT,1,0.700625,0.299375,FLA,1,single,season_regime,early,hybrid_exponential,0.85,552.5,0.09,True,hybrid_exponential,1.0,650.0,0.1,True
logistic_engineered,20222023,20232024,20232024,2023020877,2024-02-20,NYR,DAL,1,0.634474,0.365526,NYR,1,single,season_regime,early,hybrid_exponential,0.85,552.5,0.09,True,hybrid_exponential,1.0,650.0,0.1,True
logistic_engineered,20222023,20232024,20232024,2023020878,2024-02-20,PIT,NYI,0,0.435109,0.564891,NYI,1,single,season_regime,early,hybrid_exponential,0.85,552.5,0.09,True,hybrid_exponential,1.0,650.0,0.1,True
logistic_engineered,20222023,20232024,20232024,2023020879,2024-02-20,WSH,NJD,1,0.392514,0.607486,NJD,0,single,season_regime,early,hybrid_exponential,0.85,552.5,0.09,True,hybrid_exponential,1.0,650.0,0.1,True
logistic_engineered,20222023,20232024,20232024,2023020880,2024-02-20,WPG,MIN,1,0.431018,0.568982,MIN,0,single,season_regime,early,hybrid_exponential,0.85,552.5,0.09,True,hybrid_exponential,1.0,650.0,0.1,True
logistic_engineered,20222023,20232024,20232024,2023020881,2024-02-20,COL,VAN,1,0.720513,0.279487,COL,1,single,season_regime,early,hybrid_exponential,0.85,552.5,0.09,True,hybrid_exponential,1.0,650.0,0.1,True
logistic_engineered,20222023,20232024,20232024,2023020882,2024-02-20,VGK,NSH,0,0.568682,0.431318,VGK,0,single,season_regime,early,hybrid_exponential,0.85,552.5,0.09,True,hybrid_exponential,1.0,650.0,0.1,True
logistic_engineered,20222023,20232024,20232024,2023020883,2024-02-20,LAK,CBJ,1,0.645336,0.354664,LAK,1,single,season_regime,early,hybrid_exponential,0.85,552.5,0.09,True,hybrid_exponential,1.0,650.0,0.1,True
logistic_engineered,20222023,20232024,20232024,2023020884,2024-02-21,MTL,BUF,0,0.439721,0.560279,BUF,1,single,season_regime,early,hybrid_exponential,0.85,552.5,0.09,True,hybrid_exponential,1.0,650.0,0.1,True
logistic_engineered,20222023,20232024,20232024,2023020885,2024-02-21,CHI,PHI,0,0.381216,0.618784,PHI,1,single,season_regime,early,hybrid_exponential,0.85,552.5,0.09,True,hybrid_exponential,1.0,650.0,0.1,True
logistic_engineered,20222023,20232024,20232024,2023020886,2024-02-21,ANA,CBJ,0,0.732432,0.267568,ANA,0,single,season_regime,early,hybrid_exponential,0.85,552.5,0.09,True,hybrid_exponential,1.0,650.0,0.1,True
logistic_engineered,20222023,20232024,20232024,2023020887,2024-02-21,UTA,TOR,0,0.252509,0.747491,TOR,1,single,season_regime,early,hybrid_exponential,0.85,552.5,0.09,True,hybrid_exponential,1.0,650.0,0.1,True
logistic_engineered,20222023,20232024,20232024,2023020888,2024-02-21,EDM,BOS,0,0.554379,0.445621,EDM,0,single,season_regime,early,hybrid_exponential,0.85,552.5,0.09,True,hybrid_exponential,1.0,650.0,0.1,True
logistic_engineered,20222023,20232024,20232024,2023020889,2024-02-22,CAR,FLA,1,0.494297,0.505703,FLA,0,single,season_regime,early,hybrid_exponential,0.85,552.5,0.09,True,hybrid_exponential,1.0,650.0,0.1,True
logistic_engineered,20222023,20232024,20232024,2023020890,2024-02-22,DET,COL,1,0.492252,0.507748,COL,0,single,season_regime,early,hybrid_exponential,0.85,552.5,0.09,True,hybrid_exponential,1.0,650.0,0.1,True
logistic_engineered,20222023,20232024,20232024,2023020891,2024-02-22,NJD,NYR,0,0.399199,0.600801,NYR,1,single,season_regime,early,hybrid_exponential,0.85,552.5,0.09,True,hybrid_exponential,1.0,650.0,0.1,True
logistic_engineered,20222023,20232024,20232024,2023020892,2024-02-22,OTT,DAL,1,0.456898,0.543102,DAL,0,single,season_regime,early,hybrid_exponential,0.85,552.5,0.09,True,hybrid_exponential,1.0,650.0,0.1,True
logistic_engineered,20222023,20232024,20232024,2023020893,2024-02-22,PIT,MTL,1,0.664723,0.335277,PIT,1,single,season_regime,early,hybrid_exponential,0.85,552.5,0.09,True,hybrid_exponential,1.0,650.0,0.1,True
logistic_engineered,20222023,20232024,20232024,2023020894,2024-02-22,TBL,WSH,0,0.578177,0.421823,TBL,0,single,season_regime,early,hybrid_exponential,0.85,552.5,0.09,True,hybrid_exponential,1.0,650.0,0.1,True
logistic_engineered,20222023,20232024,20232024,2023020895,2024-02-22,STL,NYI,1,0.481658,0.518342,NYI,0,single,season_regime,early,hybrid_exponential,0.85,552.5,0.09,True,hybrid_exponential,1.0,650.0,0.1,True
logistic_engineered,20222023,20232024,20232024,2023020896,2024-02-22,CGY,BOS,1,0.575481,0.424519,CGY,1,single,season_regime,early,hybrid_exponential,0.85,552.5,0.09,True,hybrid_exponential,1.0,650.0,0.1,True
logistic_engineered,20222023,20232024,20232024,2023020897,2024-02-22,SEA,VAN,1,0.608163,0.391837,SEA,1,single,season_regime,early,hybrid_exponential,0.85,552.5,0.09,True,hybrid_exponential,1.0,650.0,0.1,True
logistic_engineered,20222023,20232024,20232024,2023020898,2024-02-22,VGK,TOR,0,0.426038,0.573962,TOR,1,single,season_regime,early,hybrid_exponential,0.85,552.5,0.09,True,hybrid_exponential,1.0,650.0,0.1,True
logistic_engineered,20222023,20232024,20232024,2023020899,2024-02-22,LAK,NSH,0,0.547094,0.452906,LAK,0,single,season_regime,early,hybrid_exponential,0.85,552.5,0.09,True,hybrid_exponential,1.0,650.0,0.1,True
logistic_engineered,20222023,20232024,20232024,2023020900,2024-02-23,CBJ,BUF,0,0.402024,0.597976,BUF,1,single,season_regime,early,hybrid_exponential,0.85,552.5,0.09,True,hybrid_exponential,1.0,650.0,0.1,True
logistic_engineered,20222023,20232024,20232024,2023020901,2024-02-23,CHI,WPG,0,0.364197,0.635803,WPG,1,single,season_regime,early,hybrid_exponential,0.85,552.5,0.09,True,hybrid_exponential,1.0,650.0,0.1,True
logistic_engineered,20222023,20232024,20232024,2023020902,2024-02-23,EDM,MIN,0,0.583196,0.416804,EDM,0,single,season_regime,early,hybrid_exponential,0.85,552.5,0.09,True,hybrid_exponential,1.0,650.0,0.1,True
logistic_engineered,20222023,20232024,20232024,2023020903,2024-02-24,NJD,MTL,1,0.715509,0.284491,NJD,1,single,season_regime,early,hybrid_exponential,0.85,552.5,0.09,True,hybrid_exponential,1.0,650.0,0.1,True
logistic_engineered,20222023,20232024,20232024,2023020904,2024-02-24,NYI,TBL,0,0.484724,0.515276,TBL,1,single,season_regime,early,hybrid_exponential,0.85,552.5,0.09,True,hybrid_exponential,1.0,650.0,0.1,True
logistic_engineered,20222023,20232024,20232024,2023020905,2024-02-24,PHI,NYR,0,0.350316,0.649684,NYR,1,single,season_regime,early,hybrid_exponential,0.85,552.5,0.09,True,hybrid_exponential,1.0,650.0,0.1,True
logistic_engineered,20222023,20232024,20232024,2023020906,2024-02-24,FLA,WSH,1,0.594313,0.405687,FLA,1,single,season_regime,early,hybrid_exponential,0.85,552.5,0.09,True,hybrid_exponential,1.0,650.0,0.1,True
logistic_engineered,20222023,20232024,20232024,2023020907,2024-02-24,CAR,DAL,0,0.567351,0.432649,CAR,0,single,season_regime,early,hybrid_exponential,0.85,552.5,0.09,True,hybrid_exponential,1.0,650.0,0.1,True
logistic_engineered,20222023,20232024,20232024,2023020908,2024-02-24,COL,TOR,0,0.561411,0.438589,COL,0,single,season_regime,early,hybrid_exponential,0.85,552.5,0.09,True,hybrid_exponential,1.0,650.0,0.1,True
logistic_engineered,20222023,20232024,20232024,2023020909,2024-02-24,DET,STL,1,0.704153,0.295847,DET,1,single,season_regime,early,hybrid_exponential,0.85,552.5,0.09,True,hybrid_exponential,1.0,650.0,0.1,True
logistic_engineered,20222023,20232024,20232024,2023020910,2024-02-24,OTT,VGK,1,0.404695,0.595305,VGK,0,single,season_regime,early,hybrid_exponential,0.85,552.5,0.09,True,hybrid_exponential,1.0,650.0,0.1,True
logistic_engineered,20222023,20232024,20232024,2023020911,2024-02-24,VAN,BOS,1,0.409297,0.590703,BOS,0,single,season_regime,early,hybrid_exponential,0.85,552.5,0.09,True,hybrid_exponential,1.0,650.0,0.1,True
logistic_engineered,20222023,20232024,20232024,2023020912,2024-02-24,EDM,CGY,0,0.528661,0.471339,EDM,0,single,season_regime,early,hybrid_exponential,0.85,552.5,0.09,True,hybrid_exponential,1.0,650.0,0.1,True
logistic_engineered,20222023,20232024,20232024,2023020913,2024-02-24,SEA,MIN,0,0.353203,0.646797,MIN,1,single,season_regime,early,hybrid_exponential,0.85,552.5,0.09,True,hybrid_exponential,1.0,650.0,0.1,True
logistic_engineered,20222023,20232024,20232024,2023020914,2024-02-24,SJS,NSH,0,0.413908,0.586092,NSH,1,single,season_regime,early,hybrid_exponential,0.85,552.5,0.09,True,hybrid_exponential,1.0,650.0,0.1,True
logistic_engineered,20222023,20232024,20232024,2023020915,2024-02-24,LAK,ANA,1,0.594589,0.405411,LAK,1,single,season_regime,early,hybrid_exponential,0.85,552.5,0.09,True,hybrid_exponential,1.0,650.0,0.1,True
logistic_engineered,20222023,20232024,20232024,2023020916,2024-02-25,NJD,TBL,0,0.556615,0.443385,NJD,0,single,season_regime,early,hybrid_exponential,0.85,552.5,0.09,True,hybrid_exponential,1.0,650.0,0.1,True
logistic_engineered,20222023,20232024,20232024,2023020917,2024-02-25,PIT,PHI,1,0.607715,0.392285,PIT,1,single,season_regime,early,hybrid_exponential,0.85,552.5,0.09,True,hybrid_exponential,1.0,650.0,0.1,True
logistic_engineered,20222023,20232024,20232024,2023020918,2024-02-25,BUF,CAR,1,0.414486,0.585514,CAR,0,single,season_regime,early,hybrid_exponential,0.85,552.5,0.09,True,hybrid_exponential,1.0,650.0,0.1,True
logistic_engineered,20222023,20232024,20232024,2023020919,2024-02-25,CBJ,NYR,1,0.374806,0.625194,NYR,0,single,season_regime,early,hybrid_exponential,0.85,552.5,0.09,True,hybrid_exponential,1.0,650.0,0.1,True
logistic_engineered,20222023,20232024,20232024,2023020920,2024-02-25,CHI,DET,0,0.402925,0.597075,DET,1,single,season_regime,early,hybrid_exponential,0.85,552.5,0.09,True,hybrid_exponential,1.0,650.0,0.1,True
logistic_engineered,20222023,20232024,20232024,2023020921,2024-02-25,WPG,UTA,1,0.722987,0.277013,WPG,1,single,season_regime,early,hybrid_exponential,0.85,552.5,0.09,True,hybrid_exponential,1.0,650.0,0.1,True
logistic_engineered,20222023,20232024,20232024,2023020922,2024-02-25,ANA,NSH,0,0.47472,0.52528,NSH,1,single,season_regime,early,hybrid_exponential,0.85,552.5,0.09,True,hybrid_exponential,1.0,650.0,0.1,True
logistic_engineered,20222023,20232024,20232024,2023020923,2024-02-26,WSH,OTT,1,0.635437,0.364563,WSH,1,single,season_regime,early,hybrid_exponential,0.85,552.5,0.09,True,hybrid_exponential,1.0,650.0,0.1,True
logistic_engineered,20222023,20232024,20232024,2023020924,2024-02-26,DAL,NYI,0,0.55992,0.44008,DAL,0,single,season_regime,early,hybrid_exponential,0.85,552.5,0.09,True,hybrid_exponential,1.0,650.0,0.1,True
logistic_engineered,20222023,20232024,20232024,2023020925,2024-02-26,EDM,LAK,1,0.562367,0.437633,EDM,1,single,season_regime,early,hybrid_exponential,0.85,552.5,0.09,True,hybrid_exponential,1.0,650.0,0.1,True
logistic_engineered,20222023,20232024,20232024,2023020926,2024-02-26,SEA,BOS,1,0.559635,0.440365,SEA,1,single,season_regime,early,hybrid_exponential,0.85,552.5,0.09,True,hybrid_exponential,1.0,650.0,0.1,True
logistic_engineered,20222023,20232024,20232024,2023020927,2024-02-27,DET,WSH,1,0.682393,0.317607,DET,1,single,season_regime,early,hybrid_exponential,0.85,552.5,0.09,True,hybrid_exponential,1.0,650.0,0.1,True
logistic_engineered,20222023,20232024,20232024,2023020928,2024-02-27,FLA,BUF,1,0.543579,0.456421,FLA,1,single,season_regime,early,hybrid_exponential,0.85,552.5,0.09,True,hybrid_exponential,1.0,650.0,0.1,True
logistic_engineered,20222023,20232024,20232024,2023020929,2024-02-27,MTL,UTA,1,0.653774,0.346226,MTL,1,single,season_regime,early,hybrid_exponential,0.85,552.5,0.09,True,hybrid_exponential,1.0,650.0,0.1,True
logistic_engineered,20222023,20232024,20232024,2023020930,2024-02-27,PHI,TBL,1,0.490127,0.509873,TBL,0,single,season_regime,early,hybrid_exponential,0.85,552.5,0.09,True,hybrid_exponential,1.0,650.0,0.1,True
logistic_engineered,20222023,20232024,20232024,2023020931,2024-02-27,TOR,VGK,0,0.491751,0.508249,VGK,1,single,season_regime,early,hybrid_exponential,0.85,552.5,0.09,True,hybrid_exponential,1.0,650.0,0.1,True
logistic_engineered,20222023,20232024,20232024,2023020932,2024-02-27,MIN,CAR,0,0.448231,0.551769,CAR,1,single,season_regime,early,hybrid_exponential,0.85,552.5,0.09,True,hybrid_exponential,1.0,650.0,0.1,True
logistic_engineered,20222023,20232024,20232024,2023020933,2024-02-27,NSH,OTT,1,0.623185,0.376815,NSH,1,single,season_regime,early,hybrid_exponential,0.85,552.5,0.09,True,hybrid_exponential,1.0,650.0,0.1,True
logistic_engineered,20222023,20232024,20232024,2023020934,2024-02-27,WPG,STL,1,0.589092,0.410908,WPG,1,single,season_regime,early,hybrid_exponential,0.85,552.5,0.09,True,hybrid_exponential,1.0,650.0,0.1,True
logistic_engineered,20222023,20232024,20232024,2023020935,2024-02-27,CGY,LAK,1,0.514189,0.485811,CGY,1,single,season_regime,early,hybrid_exponential,0.85,552.5,0.09,True,hybrid_exponential,1.0,650.0,0.1,True
logistic_engineered,20222023,20232024,20232024,2023020936,2024-02-27,COL,DAL,1,0.623999,0.376001,COL,1,single,season_regime,early,hybrid_exponential,0.85,552.5,0.09,True,hybrid_exponential,1.0,650.0,0.1,True
logistic_engineered,20222023,20232024,20232024,2023020937,2024-02-27,VAN,PIT,0,0.509911,0.490089,VAN,0,single,season_regime,early,hybrid_exponential,0.85,552.5,0.09,True,hybrid_exponential,1.0,650.0,0.1,True
logistic_engineered,20222023,20232024,20232024,2023020938,2024-02-27,SJS,NJD,0,0.213722,0.786278,NJD,1,single,season_regime,early,hybrid_exponential,0.85,552.5,0.09,True,hybrid_exponential,1.0,650.0,0.1,True
logistic_engineered,20222023,20232024,20232024,2023020939,2024-02-28,NYR,CBJ,1,0.699046,0.300954,NYR,1,single,season_regime,early,hybrid_exponential,0.85,552.5,0.09,True,hybrid_exponential,1.0,650.0,0.1,True
logistic_engineered,20222023,20232024,20232024,2023020940,2024-02-28,EDM,STL,1,0.744652,0.255348,EDM,1,single,season_regime,early,hybrid_exponential,0.85,552.5,0.09,True,hybrid_exponential,1.0,650.0,0.1,True
logistic_engineered,20222023,20232024,20232024,2023020941,2024-02-29,BOS,VGK,1,0.52666,0.47334,BOS,1,single,season_regime,early,hybrid_exponential,0.85,552.5,0.09,True,hybrid_exponential,1.0,650.0,0.1,True
logistic_engineered,20222023,20232024,20232024,2023020942,2024-02-29,CBJ,CAR,0,0.305144,0.694856,CAR,1,single,season_regime,early,hybrid_exponential,0.85,552.5,0.09,True,hybrid_exponential,1.0,650.0,0.1,True
logistic_engineered,20222023,20232024,20232024,2023020943,2024-02-29,DET,NYI,0,0.416705,0.583295,NYI,1,single,season_regime,early,hybrid_exponential,0.85,552.5,0.09,True,hybrid_exponential,1.0,650.0,0.1,True
logistic_engineered,20222023,20232024,20232024,2023020944,2024-02-29,FLA,MTL,1,0.652897,0.347103,FLA,1,single,season_regime,early,hybrid_exponential,0.85,552.5,0.09,True,hybrid_exponential,1.0,650.0,0.1,True
logistic_engineered,20222023,20232024,20232024,2023020945,2024-02-29,TBL,BUF,0,0.558097,0.441903,TBL,0,single,season_regime,early,hybrid_exponential,0.85,552.5,0.09,True,hybrid_exponential,1.0,650.0,0.1,True
logistic_engineered,20222023,20232024,20232024,2023020946,2024-02-29,TOR,UTA,1,0.764735,0.235265,TOR,1,single,season_regime,early,hybrid_exponential,0.85,552.5,0.09,True,hybrid_exponential,1.0,650.0,0.1,True
logistic_engineered,20222023,20232024,20232024,2023020947,2024-02-29,DAL,WPG,1,0.411739,0.588261,WPG,0,single,season_regime,early,hybrid_exponential,0.85,552.5,0.09,True,hybrid_exponential,1.0,650.0,0.1,True
logistic_engineered,20222023,20232024,20232024,2023020948,2024-02-29,NSH,MIN,1,0.412695,0.587305,MIN,0,single,season_regime,early,hybrid_exponential,0.85,552.5,0.09,True,hybrid_exponential,1.0,650.0,0.1,True
logistic_engineered,20222023,20232024,20232024,2023020949,2024-02-29,CHI,COL,0,0.362179,0.637821,COL,1,single,season_regime,early,hybrid_exponential,0.85,552.5,0.09,True,hybrid_exponential,1.0,650.0,0.1,True
logistic_engineered,20222023,20232024,20232024,2023020950,2024-02-29,SEA,PIT,1,0.610034,0.389966,SEA,1,single,season_regime,early,hybrid_exponential,0.85,552.5,0.09,True,hybrid_exponential,1.0,650.0,0.1,True
logistic_engineered,20222023,20232024,20232024,2023020951,2024-02-29,VAN,LAK,0,0.406003,0.593997,LAK,1,single,season_regime,early,hybrid_exponential,0.85,552.5,0.09,True,hybrid_exponential,1.0,650.0,0.1,True
logistic_engineered,20222023,20232024,20232024,2023020952,2024-02-29,SJS,ANA,0,0.478914,0.521086,ANA,1,single,season_regime,early,hybrid_exponential,0.85,552.5,0.09,True,hybrid_exponential,1.0,650.0,0.1,True
logistic_engineered,20222023,20232024,20232024,2023020953,2024-03-01,OTT,UTA,0,0.706146,0.293854,OTT,0,single,season_regime,early,hybrid_exponential,0.85,552.5,0.09,True,hybrid_exponential,1.0,650.0,0.1,True
logistic_engineered,20222023,20232024,20232024,2023020954,2024-03-01,WSH,PHI,1,0.553767,0.446233,WSH,1,single,season_regime,early,hybrid_exponential,0.85,552.5,0.09,True,hybrid_exponential,1.0,650.0,0.1,True
logistic_engineered,20222023,20232024,20232024,2023020955,2024-03-01,ANA,NJD,1,0.43789,0.56211,NJD,0,single,season_regime,early,hybrid_exponential,0.85,552.5,0.09,True,hybrid_exponential,1.0,650.0,0.1,True
logistic_engineered,20222023,20232024,20232024,2023020956,2024-03-02,CAR,WPG,0,0.48664,0.51336,WPG,1,single,season_regime,early,hybrid_exponential,0.85,552.5,0.09,True,hybrid_exponential,1.0,650.0,0.1,True
logistic_engineered,20222023,20232024,20232024,2023020957,2024-03-02,NYI,BOS,1,0.464041,0.535959,BOS,0,single,season_regime,early,hybrid_exponential,0.85,552.5,0.09,True,hybrid_exponential,1.0,650.0,0.1,True
logistic_engineered,20222023,20232024,20232024,2023020958,2024-03-02,SEA,EDM,0,0.486037,0.513963,EDM,1,single,season_regime,early,hybrid_exponential,0.85,552.5,0.09,True,hybrid_exponential,1.0,650.0,0.1,True
logistic_engineered,20222023,20232024,20232024,2023020959,2024-03-02,NSH,COL,1,0.469253,0.530747,COL,0,single,season_regime,early,hybrid_exponential,0.85,552.5,0.09,True,hybrid_exponential,1.0,650.0,0.1,True
logistic_engineered,20222023,20232024,20232024,2023020960,2024-03-02,BUF,VGK,1,0.407646,0.592354,VGK,0,single,season_regime,early,hybrid_exponential,0.85,552.5,0.09,True,hybrid_exponential,1.0,650.0,0.1,True
logistic_engineered,20222023,20232024,20232024,2023020961,2024-03-02,DET,FLA,0,0.499343,0.500657,FLA,1,single,season_regime,early,hybrid_exponential,0.85,552.5,0.09,True,hybrid_exponential,1.0,650.0,0.1,True
logistic_engineered,20222023,20232024,20232024,2023020962,2024-03-02,PHI,OTT,1,0.501831,0.498169,PHI,1,single,season_regime,early,hybrid_exponential,0.85,552.5,0.09,True,hybrid_exponential,1.0,650.0,0.1,True
logistic_engineered,20222023,20232024,20232024,2023020963,2024-03-02,TBL,MTL,1,0.636677,0.363323,TBL,1,single,season_regime,early,hybrid_exponential,0.85,552.5,0.09,True,hybrid_exponential,1.0,650.0,0.1,True
logistic_engineered,20222023,20232024,20232024,2023020964,2024-03-02,TOR,NYR,1,0.48474,0.51526,NYR,0,single,season_regime,early,hybrid_exponential,0.85,552.5,0.09,True,hybrid_exponential,1.0,650.0,0.1,True
logistic_engineered,20222023,20232024,20232024,2023020965,2024-03-02,CHI,CBJ,0,0.461726,0.538274,CBJ,1,single,season_regime,early,hybrid_exponential,0.85,552.5,0.09,True,hybrid_exponential,1.0,650.0,0.1,True
logistic_engineered,20222023,20232024,20232024,2023020966,2024-03-02,DAL,SJS,1,0.773125,0.226875,DAL,1,single,season_regime,early,hybrid_exponential,0.85,552.5,0.09,True,hybrid_exponential,1.0,650.0,0.1,True
logistic_engineered,20222023,20232024,20232024,2023020967,2024-03-02,STL,MIN,1,0.386732,0.613268,MIN,0,single,season_regime,early,hybrid_exponential,0.85,552.5,0.09,True,hybrid_exponential,1.0,650.0,0.1,True
logistic_engineered,20222023,20232024,20232024,2023020968,2024-03-02,CGY,PIT,1,0.459738,0.540262,PIT,0,single,season_regime,early,hybrid_exponential,0.85,552.5,0.09,True,hybrid_exponential,1.0,650.0,0.1,True
logistic_engineered,20222023,20232024,20232024,2023020969,2024-03-03,WSH,UTA,0,0.637992,0.362008,WSH,0,single,season_regime,early,hybrid_exponential,0.85,552.5,0.09,True,hybrid_exponential,1.0,650.0,0.1,True
logistic_engineered,20222023,20232024,20232024,2023020970,2024-03-03,LAK,NJD,1,0.672196,0.327804,LAK,1,single,season_regime,early,hybrid_exponential,0.85,552.5,0.09,True,hybrid_exponential,1.0,650.0,0.1,True
logistic_engineered,20222023,20232024,20232024,2023020971,2024-03-03,BUF,WPG,0,0.490208,0.509792,WPG,1,single,season_regime,early,hybrid_exponential,0.85,552.5,0.09,True,hybrid_exponential,1.0,650.0,0.1,True
logistic_engineered,20222023,20232024,20232024,2023020972,2024-03-03,MIN,SJS,1,0.716592,0.283408,MIN,1,single,season_regime,early,hybrid_exponential,0.85,552.5,0.09,True,hybrid_exponential,1.0,650.0,0.1,True
logistic_engineered,20222023,20232024,20232024,2023020973,2024-03-03,ANA,VAN,0,0.547485,0.452515,ANA,0,single,season_regime,early,hybrid_exponential,0.85,552.5,0.09,True,hybrid_exponential,1.0,650.0,0.1,True
logistic_engineered,20222023,20232024,20232024,2023020974,2024-03-03,EDM,PIT,1,0.60017,0.39983,EDM,1,single,season_regime,early,hybrid_exponential,0.85,552.5,0.09,True,hybrid_exponential,1.0,650.0,0.1,True
logistic_engineered,20222023,20232024,20232024,2023020975,2024-03-04,CBJ,VGK,1,0.301517,0.698483,VGK,0,single,season_regime,early,hybrid_exponential,0.85,552.5,0.09,True,hybrid_exponential,1.0,650.0,0.1,True
logistic_engineered,20222023,20232024,20232024,2023020976,2024-03-04,NYR,FLA,0,0.489065,0.510935,FLA,1,single,season_regime,early,hybrid_exponential,0.85,552.5,0.09,True,hybrid_exponential,1.0,650.0,0.1,True
logistic_engineered,20222023,20232024,20232024,2023020977,2024-03-04,PHI,STL,0,0.528131,0.471869,PHI,0,single,season_regime,early,hybrid_exponential,0.85,552.5,0.09,True,hybrid_exponential,1.0,650.0,0.1,True
logistic_engineered,20222023,20232024,20232024,2023020978,2024-03-04,TOR,BOS,0,0.542312,0.457688,TOR,0,single,season_regime,early,hybrid_exponential,0.85,552.5,0.09,True,hybrid_exponential,1.0,650.0,0.1,True
logistic_engineered,20222023,20232024,20232024,2023020979,2024-03-04,COL,CHI,1,0.728964,0.271036,COL,1,single,season_regime,early,hybrid_exponential,0.85,552.5,0.09,True,hybrid_exponential,1.0,650.0,0.1,True
logistic_engineered,20222023,20232024,20232024,2023020980,2024-03-04,CGY,SEA,0,0.469871,0.530129,SEA,1,single,season_regime,early,hybrid_exponential,0.85,552.5,0.09,True,hybrid_exponential,1.0,650.0,0.1,True
logistic_engineered,20222023,20232024,20232024,2023020981,2024-03-05,BOS,EDM,0,0.448697,0.551303,EDM,1,single,season_regime,early,hybrid_exponential,0.85,552.5,0.09,True,hybrid_exponential,1.0,650.0,0.1,True
logistic_engineered,20222023,20232024,20232024,2023020982,2024-03-05,NJD,FLA,0,0.550071,0.449929,NJD,0,single,season_regime,early,hybrid_exponential,0.85,552.5,0.09,True,hybrid_exponential,1.0,650.0,0.1,True
logistic_engineered,20222023,20232024,20232024,2023020983,2024-03-05,PIT,CBJ,1,0.594691,0.405309,PIT,1,single,season_regime,early,hybrid_exponential,0.85,552.5,0.09,True,hybrid_exponential,1.0,650.0,0.1,True
logistic_engineered,20222023,20232024,20232024,2023020984,2024-03-05,NYI,STL,1,0.688195,0.311805,NYI,1,single,season_regime,early,hybrid_exponential,0.85,552.5,0.09,True,hybrid_exponential,1.0,650.0,0.1,True
logistic_engineered,20222023,20232024,20232024,2023020985,2024-03-05,NSH,MTL,0,0.650314,0.349686,NSH,0,single,season_regime,early,hybrid_exponential,0.85,552.5,0.09,True,hybrid_exponential,1.0,650.0,0.1,True
logistic_engineered,20222023,20232024,20232024,2023020986,2024-03-05,WPG,SEA,0,0.649859,0.350141,WPG,0,single,season_regime,early,hybrid_exponential,0.85,552.5,0.09,True,hybrid_exponential,1.0,650.0,0.1,True
logistic_engineered,20222023,20232024,20232024,2023020987,2024-03-05,UTA,CHI,0,0.68899,0.31101,UTA,0,single,season_regime,early,hybrid_exponential,0.85,552.5,0.09,True,hybrid_exponential,1.0,650.0,0.1,True
logistic_engineered,20222023,20232024,20232024,2023020988,2024-03-05,LAK,VAN,0,0.59767,0.40233,LAK,0,single,season_regime,early,hybrid_exponential,0.85,552.5,0.09,True,hybrid_exponential,1.0,650.0,0.1,True
logistic_engineered,20222023,20232024,20232024,2023020989,2024-03-05,SJS,DAL,0,0.249747,0.750253,DAL,1,single,season_regime,early,hybrid_exponential,0.85,552.5,0.09,True,hybrid_exponential,1.0,650.0,0.1,True
logistic_engineered,20222023,20232024,20232024,2023020990,2024-03-06,TOR,BUF,1,0.644377,0.355623,TOR,1,single,season_regime,early,hybrid_exponential,0.85,552.5,0.09,True,hybrid_exponential,1.0,650.0,0.1,True
logistic_engineered,20222023,20232024,20232024,2023020991,2024-03-06,COL,DET,1,0.698629,0.301371,COL,1,single,season_regime,early,hybrid_exponential,0.85,552.5,0.09,True,hybrid_exponential,1.0,650.0,0.1,True
logistic_engineered,20222023,20232024,20232024,2023020992,2024-03-06,ANA,OTT,1,0.415115,0.584885,OTT,0,single,season_regime,early,hybrid_exponential,0.85,552.5,0.09,True,hybrid_exponential,1.0,650.0,0.1,True
logistic_engineered,20222023,20232024,20232024,2023020993,2024-03-07,BOS,TOR,1,0.524841,0.475159,BOS,1,single,season_regime,early,hybrid_exponential,0.85,552.5,0.09,True,hybrid_exponential,1.0,650.0,0.1,True
logistic_engineered,20222023,20232024,20232024,2023020994,2024-03-07,CAR,MTL,1,0.632809,0.367191,CAR,1,single,season_regime,early,hybrid_exponential,0.85,552.5,0.09,True,hybrid_exponential,1.0,650.0,0.1,True
logistic_engineered,20222023,20232024,20232024,2023020995,2024-03-07,CBJ,EDM,1,0.252157,0.747843,EDM,0,single,season_regime,early,hybrid_exponential,0.85,552.5,0.09,True,hybrid_exponential,1.0,650.0,0.1,True
logistic_engineered,20222023,20232024,20232024,2023020996,2024-03-07,FLA,PHI,0,0.631907,0.368093,FLA,0,single,season_regime,early,hybrid_exponential,0.85,552.5,0.09,True,hybrid_exponential,1.0,650.0,0.1,True
logistic_engineered,20222023,20232024,20232024,2023020997,2024-03-07,NJD,STL,1,0.635441,0.364559,NJD,1,single,season_regime,early,hybrid_exponential,0.85,552.5,0.09,True,hybrid_exponential,1.0,650.0,0.1,True
logistic_engineered,20222023,20232024,20232024,2023020998,2024-03-07,PIT,WSH,0,0.396806,0.603194,WSH,1,single,season_regime,early,hybrid_exponential,0.85,552.5,0.09,True,hybrid_exponential,1.0,650.0,0.1,True
logistic_engineered,20222023,20232024,20232024,2023020999,2024-03-07,TBL,CGY,0,0.560151,0.439849,TBL,0,single,season_regime,early,hybrid_exponential,0.85,552.5,0.09,True,hybrid_exponential,1.0,650.0,0.1,True
logistic_engineered,20222023,20232024,20232024,2023021000,2024-03-07,NSH,BUF,1,0.728055,0.271945,NSH,1,single,season_regime,early,hybrid_exponential,0.85,552.5,0.09,True,hybrid_exponential,1.0,650.0,0.1,True
logistic_engineered,20222023,20232024,20232024,2023021001,2024-03-07,UTA,MIN,0,0.35721,0.64279,MIN,1,single,season_regime,early,hybrid_exponential,0.85,552.5,0.09,True,hybrid_exponential,1.0,650.0,0.1,True
logistic_engineered,20222023,20232024,20232024,2023021002,2024-03-07,VGK,VAN,0,0.661793,0.338207,VGK,0,single,season_regime,early,hybrid_exponential,0.85,552.5,0.09,True,hybrid_exponential,1.0,650.0,0.1,True
logistic_engineered,20222023,20232024,20232024,2023021003,2024-03-07,LAK,OTT,1,0.707471,0.292529,LAK,1,single,season_regime,early,hybrid_exponential,0.85,552.5,0.09,True,hybrid_exponential,1.0,650.0,0.1,True
logistic_engineered,20222023,20232024,20232024,2023021004,2024-03-07,SJS,NYI,0,0.248033,0.751967,NYI,1,single,season_regime,early,hybrid_exponential,0.85,552.5,0.09,True,hybrid_exponential,1.0,650.0,0.1,True
logistic_engineered,20222023,20232024,20232024,2023021005,2024-03-08,UTA,DET,1,0.305424,0.694576,DET,0,single,season_regime,early,hybrid_exponential,0.85,552.5,0.09,True,hybrid_exponential,1.0,650.0,0.1,True
logistic_engineered,20222023,20232024,20232024,2023021006,2024-03-08,COL,MIN,1,0.630221,0.369779,COL,1,single,season_regime,early,hybrid_exponential,0.85,552.5,0.09,True,hybrid_exponential,1.0,650.0,0.1,True
logistic_engineered,20222023,20232024,20232024,2023021007,2024-03-08,ANA,DAL,0,0.348806,0.651194,DAL,1,single,season_regime,early,hybrid_exponential,0.85,552.5,0.09,True,hybrid_exponential,1.0,650.0,0.1,True
logistic_engineered,20222023,20232024,20232024,2023021008,2024-03-08,SEA,WPG,0,0.482378,0.517622,WPG,1,single,season_regime,early,hybrid_exponential,0.85,552.5,0.09,True,hybrid_exponential,1.0,650.0,0.1,True
logistic_engineered,20222023,20232024,20232024,2023021009,2024-03-09,BUF,EDM,1,0.345522,0.654478,EDM,0,single,season_regime,early,hybrid_exponential,0.85,552.5,0.09,True,hybrid_exponential,1.0,650.0,0.1,True
logistic_engineered,20222023,20232024,20232024,2023021010,2024-03-09,CBJ,NSH,0,0.466794,0.533206,NSH,1,single,season_regime,early,hybrid_exponential,0.85,552.5,0.09,True,hybrid_exponential,1.0,650.0,0.1,True
logistic_engineered,20222023,20232024,20232024,2023021011,2024-03-09,NJD,CAR,0,0.457708,0.542292,CAR,1,single,season_regime,early,hybrid_exponential,0.85,552.5,0.09,True,hybrid_exponential,1.0,650.0,0.1,True
logistic_engineered,20222023,20232024,20232024,2023021012,2024-03-09,BOS,PIT,1,0.545629,0.454371,BOS,1,single,season_regime,early,hybrid_exponential,0.85,552.5,0.09,True,hybrid_exponential,1.0,650.0,0.1,True
logistic_engineered,20222023,20232024,20232024,2023021013,2024-03-09,FLA,CGY,1,0.572215,0.427785,FLA,1,single,season_regime,early,hybrid_exponential,0.85,552.5,0.09,True,hybrid_exponential,1.0,650.0,0.1,True
logistic_engineered,20222023,20232024,20232024,2023021014,2024-03-09,MTL,TOR,0,0.326105,0.673895,TOR,1,single,season_regime,early,hybrid_exponential,0.85,552.5,0.09,True,hybrid_exponential,1.0,650.0,0.1,True
logistic_engineered,20222023,20232024,20232024,2023021015,2024-03-09,SJS,OTT,1,0.390865,0.609135,OTT,0,single,season_regime,early,hybrid_exponential,0.85,552.5,0.09,True,hybrid_exponential,1.0,650.0,0.1,True
logistic_engineered,20222023,20232024,20232024,2023021016,2024-03-09,TBL,PHI,1,0.751865,0.248135,TBL,1,single,season_regime,early,hybrid_exponential,0.85,552.5,0.09,True,hybrid_exponential,1.0,650.0,0.1,True
logistic_engineered,20222023,20232024,20232024,2023021017,2024-03-09,WSH,CHI,1,0.696423,0.303577,WSH,1,single,season_regime,early,hybrid_exponential,0.85,552.5,0.09,True,hybrid_exponential,1.0,650.0,0.1,True
logistic_engineered,20222023,20232024,20232024,2023021018,2024-03-09,NYR,STL,1,0.670822,0.329178,NYR,1,single,season_regime,early,hybrid_exponential,0.85,552.5,0.09,True,hybrid_exponential,1.0,650.0,0.1,True
logistic_engineered,20222023,20232024,20232024,2023021019,2024-03-09,VAN,WPG,1,0.293936,0.706064,WPG,0,single,season_regime,early,hybrid_exponential,0.85,552.5,0.09,True,hybrid_exponential,1.0,650.0,0.1,True
logistic_engineered,20222023,20232024,20232024,2023021020,2024-03-09,VGK,DET,1,0.694405,0.305595,VGK,1,single,season_regime,early,hybrid_exponential,0.85,552.5,0.09,True,hybrid_exponential,1.0,650.0,0.1,True
logistic_engineered,20222023,20232024,20232024,2023021021,2024-03-09,LAK,DAL,0,0.527127,0.472873,LAK,0,single,season_regime,early,hybrid_exponential,0.85,552.5,0.09,True,hybrid_exponential,1.0,650.0,0.1,True
logistic_engineered,20222023,20232024,20232024,2023021022,2024-03-10,PIT,EDM,0,0.565196,0.434804,PIT,0,single,season_regime,early,hybrid_exponential,0.85,552.5,0.09,True,hybrid_exponential,1.0,650.0,0.1,True
logistic_engineered,20222023,20232024,20232024,2023021023,2024-03-10,MIN,NSH,1,0.630027,0.369973,MIN,1,single,season_regime,early,hybrid_exponential,0.85,552.5,0.09,True,hybrid_exponential,1.0,650.0,0.1,True
logistic_engineered,20222023,20232024,20232024,2023021024,2024-03-10,CAR,CGY,1,0.557104,0.442896,CAR,1,single,season_regime,early,hybrid_exponential,0.85,552.5,0.09,True,hybrid_exponential,1.0,650.0,0.1,True
logistic_engineered,20222023,20232024,20232024,2023021025,2024-03-10,CHI,UTA,1,0.37185,0.62815,UTA,0,single,season_regime,early,hybrid_exponential,0.85,552.5,0.09,True,hybrid_exponential,1.0,650.0,0.1,True
logistic_engineered,20222023,20232024,20232024,2023021026,2024-03-10,ANA,NYI,0,0.375509,0.624491,NYI,1,single,season_regime,early,hybrid_exponential,0.85,552.5,0.09,True,hybrid_exponential,1.0,650.0,0.1,True
logistic_engineered,20222023,20232024,20232024,2023021027,2024-03-11,BOS,STL,0,0.668394,0.331606,BOS,0,single,season_regime,early,hybrid_exponential,0.85,552.5,0.09,True,hybrid_exponential,1.0,650.0,0.1,True
logistic_engineered,20222023,20232024,20232024,2023021028,2024-03-11,NYR,NJD,1,0.492484,0.507516,NJD,0,single,season_regime,early,hybrid_exponential,0.85,552.5,0.09,True,hybrid_exponential,1.0,650.0,0.1,True
logistic_engineered,20222023,20232024,20232024,2023021029,2024-03-11,WPG,WSH,1,0.663662,0.336338,WPG,1,single,season_regime,early,hybrid_exponential,0.85,552.5,0.09,True,hybrid_exponential,1.0,650.0,0.1,True
logistic_engineered,20222023,20232024,20232024,2023021030,2024-03-11,LAK,NYI,1,0.465219,0.534781,NYI,0,single,season_regime,early,hybrid_exponential,0.85,552.5,0.09,True,hybrid_exponential,1.0,650.0,0.1,True
logistic_engineered,20222023,20232024,20232024,2023021031,2024-03-12,BUF,DET,1,0.741206,0.258794,BUF,1,single,season_regime,early,hybrid_exponential,0.85,552.5,0.09,True,hybrid_exponential,1.0,650.0,0.1,True
logistic_engineered,20222023,20232024,20232024,2023021032,2024-03-12,CAR,NYR,0,0.644154,0.355846,CAR,0,single,season_regime,early,hybrid_exponential,0.85,552.5,0.09,True,hybrid_exponential,1.0,650.0,0.1,True
logistic_engineered,20222023,20232024,20232024,2023021033,2024-03-12,MTL,CBJ,1,0.696932,0.303068,MTL,1,single,season_regime,early,hybrid_exponential,0.85,552.5,0.09,True,hybrid_exponential,1.0,650.0,0.1,True
logistic_engineered,20222023,20232024,20232024,2023021034,2024-03-12,OTT,PIT,1,0.598266,0.401734,OTT,1,single,season_regime,early,hybrid_exponential,0.85,552.5,0.09,True,hybrid_exponential,1.0,650.0,0.1,True
logistic_engineered,20222023,20232024,20232024,2023021035,2024-03-12,PHI,SJS,1,0.667525,0.332475,PHI,1,single,season_regime,early,hybrid_exponential,0.85,552.5,0.09,True,hybrid_exponential,1.0,650.0,0.1,True
logistic_engineered,20222023,20232024,20232024,2023021036,2024-03-12,DAL,FLA,0,0.462786,0.537214,FLA,1,single,season_regime,early,hybrid_exponential,0.85,552.5,0.09,True,hybrid_exponential,1.0,650.0,0.1,True
logistic_engineered,20222023,20232024,20232024,2023021037,2024-03-12,MIN,UTA,1,0.641158,0.358842,MIN,1,single,season_regime,early,hybrid_exponential,0.85,552.5,0.09,True,hybrid_exponential,1.0,650.0,0.1,True
logistic_engineered,20222023,20232024,20232024,2023021038,2024-03-12,CHI,ANA,1,0.698308,0.301692,CHI,1,single,season_regime,early,hybrid_exponential,0.85,552.5,0.09,True,hybrid_exponential,1.0,650.0,0.1,True
logistic_engineered,20222023,20232024,20232024,2023021039,2024-03-12,CGY,COL,0,0.294643,0.705357,COL,1,single,season_regime,early,hybrid_exponential,0.85,552.5,0.09,True,hybrid_exponential,1.0,650.0,0.1,True
logistic_engineered,20222023,20232024,20232024,2023021040,2024-03-12,SEA,VGK,0,0.551863,0.448137,SEA,0,single,season_regime,early,hybrid_exponential,0.85,552.5,0.09,True,hybrid_exponential,1.0,650.0,0.1,True
logistic_engineered,20222023,20232024,20232024,2023021041,2024-03-13,STL,LAK,1,0.331286,0.668714,LAK,0,single,season_regime,early,hybrid_exponential,0.85,552.5,0.09,True,hybrid_exponential,1.0,650.0,0.1,True
logistic_engineered,20222023,20232024,20232024,2023021042,2024-03-13,WPG,NSH,0,0.492448,0.507552,NSH,1,single,season_regime,early,hybrid_exponential,0.85,552.5,0.09,True,hybrid_exponential,1.0,650.0,0.1,True
logistic_engineered,20222023,20232024,20232024,2023021043,2024-03-13,EDM,WSH,1,0.707441,0.292559,EDM,1,single,season_regime,early,hybrid_exponential,0.85,552.5,0.09,True,hybrid_exponential,1.0,650.0,0.1,True
logistic_engineered,20222023,20232024,20232024,2023021044,2024-03-13,VAN,COL,0,0.499982,0.500018,COL,1,single,season_regime,early,hybrid_exponential,0.85,552.5,0.09,True,hybrid_exponential,1.0,650.0,0.1,True
logistic_engineered,20222023,20232024,20232024,2023021045,2024-03-14,BUF,NYI,1,0.4158,0.5842,NYI,0,single,season_regime,early,hybrid_exponential,0.85,552.5,0.09,True,hybrid_exponential,1.0,650.0,0.1,True
logistic_engineered,20222023,20232024,20232024,2023021046,2024-03-14,CAR,FLA,1,0.51117,0.48883,CAR,1,single,season_regime,early,hybrid_exponential,0.85,552.5,0.09,True,hybrid_exponential,1.0,650.0,0.1,True
logistic_engineered,20222023,20232024,20232024,2023021047,2024-03-14,CBJ,OTT,0,0.539532,0.460468,CBJ,0,single,season_regime,early,hybrid_exponential,0.85,552.5,0.09,True,hybrid_exponential,1.0,650.0,0.1,True
logistic_engineered,20222023,20232024,20232024,2023021048,2024-03-14,DET,UTA,0,0.632751,0.367249,DET,0,single,season_regime,early,hybrid_exponential,0.85,552.5,0.09,True,hybrid_exponential,1.0,650.0,0.1,True
logistic_engineered,20222023,20232024,20232024,2023021049,2024-03-14,MTL,BOS,0,0.430997,0.569003,BOS,1,single,season_regime,early,hybrid_exponential,0.85,552.5,0.09,True,hybrid_exponential,1.0,650.0,0.1,True
logistic_engineered,20222023,20232024,20232024,2023021050,2024-03-14,PHI,TOR,0,0.291609,0.708391,TOR,1,single,season_regime,early,hybrid_exponential,0.85,552.5,0.09,True,hybrid_exponential,1.0,650.0,0.1,True
logistic_engineered,20222023,20232024,20232024,2023021051,2024-03-14,PIT,SJS,1,0.634596,0.365404,PIT,1,single,season_regime,early,hybrid_exponential,0.85,552.5,0.09,True,hybrid_exponential,1.0,650.0,0.1,True
logistic_engineered,20222023,20232024,20232024,2023021052,2024-03-14,TBL,NYR,1,0.476613,0.523387,NYR,0,single,season_regime,early,hybrid_exponential,0.85,552.5,0.09,True,hybrid_exponential,1.0,650.0,0.1,True
logistic_engineered,20222023,20232024,20232024,2023021053,2024-03-14,DAL,NJD,0,0.427392,0.572608,NJD,1,single,season_regime,early,hybrid_exponential,0.85,552.5,0.09,True,hybrid_exponential,1.0,650.0,0.1,True
logistic_engineered,20222023,20232024,20232024,2023021054,2024-03-14,MIN,ANA,1,0.681953,0.318047,MIN,1,single,season_regime,early,hybrid_exponential,0.85,552.5,0.09,True,hybrid_exponential,1.0,650.0,0.1,True
logistic_engineered,20222023,20232024,20232024,2023021055,2024-03-14,CGY,VGK,1,0.379859,0.620141,VGK,0,single,season_regime,early,hybrid_exponential,0.85,552.5,0.09,True,hybrid_exponential,1.0,650.0,0.1,True
logistic_engineered,20222023,20232024,20232024,2023021056,2024-03-14,SEA,WSH,0,0.625155,0.374845,SEA,0,single,season_regime,early,hybrid_exponential,0.85,552.5,0.09,True,hybrid_exponential,1.0,650.0,0.1,True
logistic_engineered,20222023,20232024,20232024,2023021057,2024-03-15,WPG,ANA,1,0.742656,0.257344,WPG,1,single,season_regime,early,hybrid_exponential,0.85,552.5,0.09,True,hybrid_exponential,1.0,650.0,0.1,True
logistic_engineered,20222023,20232024,20232024,2023021058,2024-03-15,CHI,LAK,0,0.234201,0.765799,LAK,1,single,season_regime,early,hybrid_exponential,0.85,552.5,0.09,True,hybrid_exponential,1.0,650.0,0.1,True
logistic_engineered,20222023,20232024,20232024,2023021059,2024-03-16,DET,BUF,1,0.462707,0.537293,BUF,0,single,season_regime,early,hybrid_exponential,0.85,552.5,0.09,True,hybrid_exponential,1.0,650.0,0.1,True
logistic_engineered,20222023,20232024,20232024,2023021060,2024-03-16,NYI,OTT,0,0.597577,0.402423,NYI,0,single,season_regime,early,hybrid_exponential,0.85,552.5,0.09,True,hybrid_exponential,1.0,650.0,0.1,True
logistic_engineered,20222023,20232024,20232024,2023021061,2024-03-16,PIT,NYR,0,0.203247,0.796753,NYR,1,single,season_regime,early,hybrid_exponential,0.85,552.5,0.09,True,hybrid_exponential,1.0,650.0,0.1,True
logistic_engineered,20222023,20232024,20232024,2023021062,2024-03-16,UTA,NJD,1,0.565082,0.434918,UTA,1,single,season_regime,early,hybrid_exponential,0.85,552.5,0.09,True,hybrid_exponential,1.0,650.0,0.1,True
logistic_engineered,20222023,20232024,20232024,2023021063,2024-03-16,FLA,TBL,0,0.510896,0.489104,FLA,0,single,season_regime,early,hybrid_exponential,0.85,552.5,0.09,True,hybrid_exponential,1.0,650.0,0.1,True
logistic_engineered,20222023,20232024,20232024,2023021064,2024-03-16,BOS,PHI,1,0.5991,0.4009,BOS,1,single,season_regime,early,hybrid_exponential,0.85,552.5,0.09,True,hybrid_exponential,1.0,650.0,0.1,True
logistic_engineered,20222023,20232024,20232024,2023021065,2024-03-16,CBJ,SJS,1,0.582811,0.417189,CBJ,1,single,season_regime,early,hybrid_exponential,0.85,552.5,0.09,True,hybrid_exponential,1.0,650.0,0.1,True
logistic_engineered,20222023,20232024,20232024,2023021066,2024-03-16,CGY,MTL,1,0.682509,0.317491,CGY,1,single,season_regime,early,hybrid_exponential,0.85,552.5,0.09,True,hybrid_exponential,1.0,650.0,0.1,True
logistic_engineered,20222023,20232024,20232024,2023021067,2024-03-16,TOR,CAR,0,0.382615,0.617385,CAR,1,single,season_regime,early,hybrid_exponential,0.85,552.5,0.09,True,hybrid_exponential,1.0,650.0,0.1,True
logistic_engineered,20222023,20232024,20232024,2023021068,2024-03-16,DAL,LAK,1,0.558846,0.441154,DAL,1,single,season_regime,early,hybrid_exponential,0.85,552.5,0.09,True,hybrid_exponential,1.0,650.0,0.1,True
logistic_engineered,20222023,20232024,20232024,2023021069,2024-03-16,STL,MIN,1,0.400409,0.599591,MIN,0,single,season_regime,early,hybrid_exponential,0.85,552.5,0.09,True,hybrid_exponential,1.0,650.0,0.1,True
logistic_engineered,20222023,20232024,20232024,2023021070,2024-03-16,EDM,COL,0,0.535192,0.464808,EDM,0,single,season_regime,early,hybrid_exponential,0.85,552.5,0.09,True,hybrid_exponential,1.0,650.0,0.1,True
logistic_engineered,20222023,20232024,20232024,2023021071,2024-03-16,SEA,NSH,0,0.481426,0.518574,NSH,1,single,season_regime,early,hybrid_exponential,0.85,552.5,0.09,True,hybrid_exponential,1.0,650.0,0.1,True
logistic_engineered,20222023,20232024,20232024,2023021072,2024-03-16,VAN,WSH,0,0.708965,0.291035,VAN,0,single,season_regime,early,hybrid_exponential,0.85,552.5,0.09,True,hybrid_exponential,1.0,650.0,0.1,True
logistic_engineered,20222023,20232024,20232024,2023021073,2024-03-17,NYR,NYI,1,0.594894,0.405106,NYR,1,single,season_regime,early,hybrid_exponential,0.85,552.5,0.09,True,hybrid_exponential,1.0,650.0,0.1,True
logistic_engineered,20222023,20232024,20232024,2023021074,2024-03-17,VGK,NJD,1,0.624642,0.375358,VGK,1,single,season_regime,early,hybrid_exponential,0.85,552.5,0.09,True,hybrid_exponential,1.0,650.0,0.1,True
logistic_engineered,20222023,20232024,20232024,2023021075,2024-03-17,CBJ,WPG,0,0.211286,0.788714,WPG,1,single,season_regime,early,hybrid_exponential,0.85,552.5,0.09,True,hybrid_exponential,1.0,650.0,0.1,True
logistic_engineered,20222023,20232024,20232024,2023021076,2024-03-17,CHI,SJS,1,0.677927,0.322073,CHI,1,single,season_regime,early,hybrid_exponential,0.85,552.5,0.09,True,hybrid_exponential,1.0,650.0,0.1,True
logistic_engineered,20222023,20232024,20232024,2023021077,2024-03-17,OTT,CAR,0,0.352713,0.647287,CAR,1,single,season_regime,early,hybrid_exponential,0.85,552.5,0.09,True,hybrid_exponential,1.0,650.0,0.1,True
logistic_engineered,20222023,20232024,20232024,2023021078,2024-03-17,PIT,DET,1,0.62303,0.37697,PIT,1,single,season_regime,early,hybrid_exponential,0.85,552.5,0.09,True,hybrid_exponential,1.0,650.0,0.1,True
logistic_engineered,20222023,20232024,20232024,2023021079,2024-03-17,STL,ANA,1,0.599271,0.400729,STL,1,single,season_regime,early,hybrid_exponential,0.85,552.5,0.09,True,hybrid_exponential,1.0,650.0,0.1,True
logistic_engineered,20222023,20232024,20232024,2023021080,2024-03-18,CGY,WSH,0,0.633325,0.366675,CGY,0,single,season_regime,early,hybrid_exponential,0.85,552.5,0.09,True,hybrid_exponential,1.0,650.0,0.1,True
logistic_engineered,20222023,20232024,20232024,2023021081,2024-03-18,SEA,BUF,0,0.31294,0.68706,BUF,1,single,season_regime,early,hybrid_exponential,0.85,552.5,0.09,True,hybrid_exponential,1.0,650.0,0.1,True
logistic_engineered,20222023,20232024,20232024,2023021082,2024-03-19,BOS,OTT,1,0.636873,0.363127,BOS,1,single,season_regime,early,hybrid_exponential,0.85,552.5,0.09,True,hybrid_exponential,1.0,650.0,0.1,True
logistic_engineered,20222023,20232024,20232024,2023021083,2024-03-19,DET,CBJ,1,0.663752,0.336248,DET,1,single,season_regime,early,hybrid_exponential,0.85,552.5,0.09,True,hybrid_exponential,1.0,650.0,0.1,True
logistic_engineered,20222023,20232024,20232024,2023021084,2024-03-19,NJD,PIT,1,0.591892,0.408108,NJD,1,single,season_regime,early,hybrid_exponential,0.85,552.5,0.09,True,hybrid_exponential,1.0,650.0,0.1,True
logistic_engineered,20222023,20232024,20232024,2023021085,2024-03-19,NYR,WPG,0,0.519152,0.480848,NYR,0,single,season_regime,early,hybrid_exponential,0.85,552.5,0.09,True,hybrid_exponential,1.0,650.0,0.1,True
logistic_engineered,20222023,20232024,20232024,2023021086,2024-03-19,PHI,TOR,1,0.405186,0.594814,TOR,0,single,season_regime,early,hybrid_exponential,0.85,552.5,0.09,True,hybrid_exponential,1.0,650.0,0.1,True
logistic_engineered,20222023,20232024,20232024,2023021087,2024-03-19,NYI,CAR,0,0.506958,0.493042,NYI,0,single,season_regime,early,hybrid_exponential,0.85,552.5,0.09,True,hybrid_exponential,1.0,650.0,0.1,True
logistic_engineered,20222023,20232024,20232024,2023021088,2024-03-19,NSH,SJS,1,0.718097,0.281903,NSH,1,single,season_regime,early,hybrid_exponential,0.85,552.5,0.09,True,hybrid_exponential,1.0,650.0,0.1,True
logistic_engineered,20222023,20232024,20232024,2023021089,2024-03-19,STL,COL,0,0.444859,0.555141,COL,1,single,season_regime,early,hybrid_exponential,0.85,552.5,0.09,True,hybrid_exponential,1.0,650.0,0.1,True
logistic_engineered,20222023,20232024,20232024,2023021090,2024-03-19,EDM,MTL,1,0.73739,0.26261,EDM,1,single,season_regime,early,hybrid_exponential,0.85,552.5,0.09,True,hybrid_exponential,1.0,650.0,0.1,True
logistic_engineered,20222023,20232024,20232024,2023021091,2024-03-19,ANA,MIN,0,0.364478,0.635522,MIN,1,single,season_regime,early,hybrid_exponential,0.85,552.5,0.09,True,hybrid_exponential,1.0,650.0,0.1,True
logistic_engineered,20222023,20232024,20232024,2023021092,2024-03-19,LAK,CHI,1,0.665141,0.334859,LAK,1,single,season_regime,early,hybrid_exponential,0.85,552.5,0.09,True,hybrid_exponential,1.0,650.0,0.1,True
logistic_engineered,20222023,20232024,20232024,2023021093,2024-03-19,VAN,BUF,1,0.704428,0.295572,VAN,1,single,season_regime,early,hybrid_exponential,0.85,552.5,0.09,True,hybrid_exponential,1.0,650.0,0.1,True
logistic_engineered,20222023,20232024,20232024,2023021094,2024-03-19,VGK,TBL,0,0.483267,0.516733,TBL,1,single,season_regime,early,hybrid_exponential,0.85,552.5,0.09,True,hybrid_exponential,1.0,650.0,0.1,True
logistic_engineered,20222023,20232024,20232024,2023021095,2024-03-20,WSH,TOR,0,0.486773,0.513227,TOR,1,single,season_regime,early,hybrid_exponential,0.85,552.5,0.09,True,hybrid_exponential,1.0,650.0,0.1,True
logistic_engineered,20222023,20232024,20232024,2023021096,2024-03-20,DAL,UTA,1,0.694214,0.305786,DAL,1,single,season_regime,early,hybrid_exponential,0.85,552.5,0.09,True,hybrid_exponential,1.0,650.0,0.1,True
logistic_engineered,20222023,20232024,20232024,2023021097,2024-03-20,LAK,MIN,1,0.657956,0.342044,LAK,1,single,season_regime,early,hybrid_exponential,0.85,552.5,0.09,True,hybrid_exponential,1.0,650.0,0.1,True
logistic_engineered,20222023,20232024,20232024,2023021098,2024-03-21,BOS,NYR,0,0.528126,0.471874,BOS,0,single,season_regime,early,hybrid_exponential,0.85,552.5,0.09,True,hybrid_exponential,1.0,650.0,0.1,True
logistic_engineered,20222023,20232024,20232024,2023021099,2024-03-21,CAR,PHI,1,0.622957,0.377043,CAR,1,single,season_regime,early,hybrid_exponential,0.85,552.5,0.09,True,hybrid_exponential,1.0,650.0,0.1,True
logistic_engineered,20222023,20232024,20232024,2023021100,2024-03-21,DET,NYI,1,0.383302,0.616698,NYI,0,single,season_regime,early,hybrid_exponential,0.85,552.5,0.09,True,hybrid_exponential,1.0,650.0,0.1,True
logistic_engineered,20222023,20232024,20232024,2023021101,2024-03-21,FLA,NSH,0,0.553966,0.446034,FLA,0,single,season_regime,early,hybrid_exponential,0.85,552.5,0.09,True,hybrid_exponential,1.0,650.0,0.1,True
logistic_engineered,20222023,20232024,20232024,2023021102,2024-03-21,NJD,WPG,1,0.419392,0.580608,WPG,0,single,season_regime,early,hybrid_exponential,0.85,552.5,0.09,True,hybrid_exponential,1.0,650.0,0.1,True
logistic_engineered,20222023,20232024,20232024,2023021103,2024-03-21,OTT,STL,0,0.52622,0.47378,OTT,0,single,season_regime,early,hybrid_exponential,0.85,552.5,0.09,True,hybrid_exponential,1.0,650.0,0.1,True
logistic_engineered,20222023,20232024,20232024,2023021104,2024-03-21,EDM,BUF,1,0.686901,0.313099,EDM,1,single,season_regime,early,hybrid_exponential,0.85,552.5,0.09,True,hybrid_exponential,1.0,650.0,0.1,True
logistic_engineered,20222023,20232024,20232024,2023021105,2024-03-21,ANA,CHI,1,0.549927,0.450073,ANA,1,single,season_regime,early,hybrid_exponential,0.85,552.5,0.09,True,hybrid_exponential,1.0,650.0,0.1,True
logistic_engineered,20222023,20232024,20232024,2023021106,2024-03-21,VAN,MTL,1,0.646772,0.353228,VAN,1,single,season_regime,early,hybrid_exponential,0.85,552.5,0.09,True,hybrid_exponential,1.0,650.0,0.1,True
logistic_engineered,20222023,20232024,20232024,2023021107,2024-03-21,VGK,SEA,1,0.576,0.424,VGK,1,single,season_regime,early,hybrid_exponential,0.85,552.5,0.09,True,hybrid_exponential,1.0,650.0,0.1,True
logistic_engineered,20222023,20232024,20232024,2023021108,2024-03-21,SJS,TBL,0,0.265696,0.734304,TBL,1,single,season_regime,early,hybrid_exponential,0.85,552.5,0.09,True,hybrid_exponential,1.0,650.0,0.1,True
logistic_engineered,20222023,20232024,20232024,2023021109,2024-03-22,WSH,CAR,1,0.268607,0.731393,CAR,0,single,season_regime,early,hybrid_exponential,0.85,552.5,0.09,True,hybrid_exponential,1.0,650.0,0.1,True
logistic_engineered,20222023,20232024,20232024,2023021110,2024-03-22,DAL,PIT,1,0.738949,0.261051,DAL,1,single,season_regime,early,hybrid_exponential,0.85,552.5,0.09,True,hybrid_exponential,1.0,650.0,0.1,True
logistic_engineered,20222023,20232024,20232024,2023021111,2024-03-22,COL,CBJ,1,0.745724,0.254276,COL,1,single,season_regime,early,hybrid_exponential,0.85,552.5,0.09,True,hybrid_exponential,1.0,650.0,0.1,True
logistic_engineered,20222023,20232024,20232024,2023021112,2024-03-22,UTA,SEA,1,0.55153,0.44847,UTA,1,single,season_regime,early,hybrid_exponential,0.85,552.5,0.09,True,hybrid_exponential,1.0,650.0,0.1,True
logistic_engineered,20222023,20232024,20232024,2023021113,2024-03-23,NYI,WPG,1,0.499429,0.500571,WPG,0,single,season_regime,early,hybrid_exponential,0.85,552.5,0.09,True,hybrid_exponential,1.0,650.0,0.1,True
logistic_engineered,20222023,20232024,20232024,2023021114,2024-03-23,PHI,BOS,1,0.413211,0.586789,BOS,0,single,season_regime,early,hybrid_exponential,0.85,552.5,0.09,True,hybrid_exponential,1.0,650.0,0.1,True
logistic_engineered,20222023,20232024,20232024,2023021115,2024-03-23,MIN,STL,0,0.653334,0.346666,MIN,0,single,season_regime,early,hybrid_exponential,0.85,552.5,0.09,True,hybrid_exponential,1.0,650.0,0.1,True
logistic_engineered,20222023,20232024,20232024,2023021116,2024-03-23,NSH,DET,1,0.588268,0.411732,NSH,1,single,season_regime,early,hybrid_exponential,0.85,552.5,0.09,True,hybrid_exponential,1.0,650.0,0.1,True
logistic_engineered,20222023,20232024,20232024,2023021117,2024-03-23,NJD,OTT,0,0.635224,0.364776,NJD,0,single,season_regime,early,hybrid_exponential,0.85,552.5,0.09,True,hybrid_exponential,1.0,650.0,0.1,True
logistic_engineered,20222023,20232024,20232024,2023021118,2024-03-23,TOR,EDM,1,0.404957,0.595043,EDM,0,single,season_regime,early,hybrid_exponential,0.85,552.5,0.09,True,hybrid_exponential,1.0,650.0,0.1,True
logistic_engineered,20222023,20232024,20232024,2023021119,2024-03-23,NYR,FLA,1,0.540466,0.459534,NYR,1,single,season_regime,early,hybrid_exponential,0.85,552.5,0.09,True,hybrid_exponential,1.0,650.0,0.1,True
logistic_engineered,20222023,20232024,20232024,2023021120,2024-03-23,VAN,CGY,1,0.61095,0.38905,VAN,1,single,season_regime,early,hybrid_exponential,0.85,552.5,0.09,True,hybrid_exponential,1.0,650.0,0.1,True
logistic_engineered,20222023,20232024,20232024,2023021121,2024-03-23,LAK,TBL,1,0.540072,0.459928,LAK,1,single,season_regime,early,hybrid_exponential,0.85,552.5,0.09,True,hybrid_exponential,1.0,650.0,0.1,True
logistic_engineered,20222023,20232024,20232024,2023021122,2024-03-23,SJS,CHI,0,0.510337,0.489663,SJS,0,single,season_regime,early,hybrid_exponential,0.85,552.5,0.09,True,hybrid_exponential,1.0,650.0,0.1,True
logistic_engineered,20222023,20232024,20232024,2023021123,2024-03-23,VGK,CBJ,1,0.517957,0.482043,VGK,1,single,season_regime,early,hybrid_exponential,0.85,552.5,0.09,True,hybrid_exponential,1.0,650.0,0.1,True
logistic_engineered,20222023,20232024,20232024,2023021124,2024-03-24,WSH,WPG,1,0.424626,0.575374,WPG,0,single,season_regime,early,hybrid_exponential,0.85,552.5,0.09,True,hybrid_exponential,1.0,650.0,0.1,True
logistic_engineered,20222023,20232024,20232024,2023021125,2024-03-24,COL,PIT,1,0.781026,0.218974,COL,1,single,season_regime,early,hybrid_exponential,0.85,552.5,0.09,True,hybrid_exponential,1.0,650.0,0.1,True
logistic_engineered,20222023,20232024,20232024,2023021126,2024-03-24,NYI,NJD,0,0.461498,0.538502,NJD,1,single,season_regime,early,hybrid_exponential,0.85,552.5,0.09,True,hybrid_exponential,1.0,650.0,0.1,True
logistic_engineered,20222023,20232024,20232024,2023021127,2024-03-24,CAR,TOR,1,0.602387,0.397613,CAR,1,single,season_regime,early,hybrid_exponential,0.85,552.5,0.09,True,hybrid_exponential,1.0,650.0,0.1,True
logistic_engineered,20222023,20232024,20232024,2023021128,2024-03-24,OTT,EDM,1,0.336492,0.663508,EDM,0,single,season_regime,early,hybrid_exponential,0.85,552.5,0.09,True,hybrid_exponential,1.0,650.0,0.1,True
logistic_engineered,20222023,20232024,20232024,2023021129,2024-03-24,PHI,FLA,0,0.435936,0.564064,FLA,1,single,season_regime,early,hybrid_exponential,0.85,552.5,0.09,True,hybrid_exponential,1.0,650.0,0.1,True
logistic_engineered,20222023,20232024,20232024,2023021130,2024-03-24,UTA,DAL,0,0.387364,0.612636,DAL,1,single,season_regime,early,hybrid_exponential,0.85,552.5,0.09,True,hybrid_exponential,1.0,650.0,0.1,True
logistic_engineered,20222023,20232024,20232024,2023021131,2024-03-24,ANA,TBL,0,0.442356,0.557644,TBL,1,single,season_regime,early,hybrid_exponential,0.85,552.5,0.09,True,hybrid_exponential,1.0,650.0,0.1,True
logistic_engineered,20222023,20232024,20232024,2023021132,2024-03-24,CGY,BUF,0,0.442055,0.557945,BUF,1,single,season_regime,early,hybrid_exponential,0.85,552.5,0.09,True,hybrid_exponential,1.0,650.0,0.1,True
logistic_engineered,20222023,20232024,20232024,2023021133,2024-03-24,SEA,MTL,0,0.542482,0.457518,SEA,0,single,season_regime,early,hybrid_exponential,0.85,552.5,0.09,True,hybrid_exponential,1.0,650.0,0.1,True
logistic_engineered,20222023,20232024,20232024,2023021134,2024-03-25,STL,VGK,0,0.403348,0.596652,VGK,1,single,season_regime,early,hybrid_exponential,0.85,552.5,0.09,True,hybrid_exponential,1.0,650.0,0.1,True
logistic_engineered,20222023,20232024,20232024,2023021135,2024-03-25,VAN,LAK,0,0.379414,0.620586,LAK,1,single,season_regime,early,hybrid_exponential,0.85,552.5,0.09,True,hybrid_exponential,1.0,650.0,0.1,True
logistic_engineered,20222023,20232024,20232024,2023021136,2024-03-26,FLA,BOS,0,0.387926,0.612074,BOS,1,single,season_regime,early,hybrid_exponential,0.85,552.5,0.09,True,hybrid_exponential,1.0,650.0,0.1,True
logistic_engineered,20222023,20232024,20232024,2023021137,2024-03-26,NYR,PHI,1,0.762887,0.237113,NYR,1,single,season_regime,early,hybrid_exponential,0.85,552.5,0.09,True,hybrid_exponential,1.0,650.0,0.1,True
logistic_engineered,20222023,20232024,20232024,2023021138,2024-03-26,PIT,CAR,1,0.421985,0.578015,CAR,0,single,season_regime,early,hybrid_exponential,0.85,552.5,0.09,True,hybrid_exponential,1.0,650.0,0.1,True
logistic_engineered,20222023,20232024,20232024,2023021139,2024-03-26,TOR,NJD,0,0.541075,0.458925,TOR,0,single,season_regime,early,hybrid_exponential,0.85,552.5,0.09,True,hybrid_exponential,1.0,650.0,0.1,True
logistic_engineered,20222023,20232024,20232024,2023021140,2024-03-26,WSH,DET,1,0.593522,0.406478,WSH,1,single,season_regime,early,hybrid_exponential,0.85,552.5,0.09,True,hybrid_exponential,1.0,650.0,0.1,True
logistic_engineered,20222023,20232024,20232024,2023021141,2024-03-26,NSH,VGK,1,0.623922,0.376078,NSH,1,single,season_regime,early,hybrid_exponential,0.85,552.5,0.09,True,hybrid_exponential,1.0,650.0,0.1,True
logistic_engineered,20222023,20232024,20232024,2023021142,2024-03-26,WPG,EDM,0,0.447711,0.552289,EDM,1,single,season_regime,early,hybrid_exponential,0.85,552.5,0.09,True,hybrid_exponential,1.0,650.0,0.1,True
logistic_engineered,20222023,20232024,20232024,2023021143,2024-03-26,CHI,CGY,1,0.47565,0.52435,CGY,0,single,season_regime,early,hybrid_exponential,0.85,552.5,0.09,True,hybrid_exponential,1.0,650.0,0.1,True
logistic_engineered,20222023,20232024,20232024,2023021144,2024-03-26,COL,MTL,0,0.750992,0.249008,COL,0,single,season_regime,early,hybrid_exponential,0.85,552.5,0.09,True,hybrid_exponential,1.0,650.0,0.1,True
logistic_engineered,20222023,20232024,20232024,2023021145,2024-03-26,UTA,CBJ,1,0.649063,0.350937,UTA,1,single,season_regime,early,hybrid_exponential,0.85,552.5,0.09,True,hybrid_exponential,1.0,650.0,0.1,True
logistic_engineered,20222023,20232024,20232024,2023021146,2024-03-26,SEA,ANA,1,0.675876,0.324124,SEA,1,single,season_regime,early,hybrid_exponential,0.85,552.5,0.09,True,hybrid_exponential,1.0,650.0,0.1,True
logistic_engineered,20222023,20232024,20232024,2023021147,2024-03-26,SJS,DAL,0,0.220884,0.779116,DAL,1,single,season_regime,early,hybrid_exponential,0.85,552.5,0.09,True,hybrid_exponential,1.0,650.0,0.1,True
logistic_engineered,20222023,20232024,20232024,2023021148,2024-03-27,BUF,OTT,0,0.360092,0.639908,OTT,1,single,season_regime,early,hybrid_exponential,0.85,552.5,0.09,True,hybrid_exponential,1.0,650.0,0.1,True
logistic_engineered,20222023,20232024,20232024,2023021149,2024-03-27,TBL,BOS,1,0.574587,0.425413,TBL,1,single,season_regime,early,hybrid_exponential,0.85,552.5,0.09,True,hybrid_exponential,1.0,650.0,0.1,True
logistic_engineered,20222023,20232024,20232024,2023021150,2024-03-28,CAR,DET,1,0.648181,0.351819,CAR,1,single,season_regime,early,hybrid_exponential,0.85,552.5,0.09,True,hybrid_exponential,1.0,650.0,0.1,True
logistic_engineered,20222023,20232024,20232024,2023021151,2024-03-28,FLA,NYI,0,0.47626,0.52374,NYI,1,single,season_regime,early,hybrid_exponential,0.85,552.5,0.09,True,hybrid_exponential,1.0,650.0,0.1,True
logistic_engineered,20222023,20232024,20232024,2023021152,2024-03-28,MTL,PHI,1,0.465936,0.534064,PHI,0,single,season_regime,early,hybrid_exponential,0.85,552.5,0.09,True,hybrid_exponential,1.0,650.0,0.1,True
logistic_engineered,20222023,20232024,20232024,2023021153,2024-03-28,OTT,CHI,1,0.549831,0.450169,OTT,1,single,season_regime,early,hybrid_exponential,0.85,552.5,0.09,True,hybrid_exponential,1.0,650.0,0.1,True
logistic_engineered,20222023,20232024,20232024,2023021154,2024-03-28,PIT,CBJ,1,0.65198,0.34802,PIT,1,single,season_regime,early,hybrid_exponential,0.85,552.5,0.09,True,hybrid_exponential,1.0,650.0,0.1,True
logistic_engineered,20222023,20232024,20232024,2023021155,2024-03-28,TOR,WSH,1,0.497816,0.502184,WSH,0,single,season_regime,early,hybrid_exponential,0.85,552.5,0.09,True,hybrid_exponential,1.0,650.0,0.1,True
logistic_engineered,20222023,20232024,20232024,2023021156,2024-03-28,MIN,SJS,1,0.773955,0.226045,MIN,1,single,season_regime,early,hybrid_exponential,0.85,552.5,0.09,True,hybrid_exponential,1.0,650.0,0.1,True
logistic_engineered,20222023,20232024,20232024,2023021157,2024-03-28,STL,CGY,1,0.470553,0.529447,CGY,0,single,season_regime,early,hybrid_exponential,0.85,552.5,0.09,True,hybrid_exponential,1.0,650.0,0.1,True
logistic_engineered,20222023,20232024,20232024,2023021158,2024-03-28,WPG,VGK,0,0.453393,0.546607,VGK,1,single,season_regime,early,hybrid_exponential,0.85,552.5,0.09,True,hybrid_exponential,1.0,650.0,0.1,True
logistic_engineered,20222023,20232024,20232024,2023021159,2024-03-28,COL,NYR,0,0.552643,0.447357,COL,0,single,season_regime,early,hybrid_exponential,0.85,552.5,0.09,True,hybrid_exponential,1.0,650.0,0.1,True
logistic_engineered,20222023,20232024,20232024,2023021160,2024-03-28,EDM,LAK,1,0.534124,0.465876,EDM,1,single,season_regime,early,hybrid_exponential,0.85,552.5,0.09,True,hybrid_exponential,1.0,650.0,0.1,True
logistic_engineered,20222023,20232024,20232024,2023021161,2024-03-28,UTA,NSH,1,0.527183,0.472817,UTA,1,single,season_regime,early,hybrid_exponential,0.85,552.5,0.09,True,hybrid_exponential,1.0,650.0,0.1,True
logistic_engineered,20222023,20232024,20232024,2023021162,2024-03-28,SEA,ANA,1,0.629184,0.370816,SEA,1,single,season_regime,early,hybrid_exponential,0.85,552.5,0.09,True,hybrid_exponential,1.0,650.0,0.1,True
logistic_engineered,20222023,20232024,20232024,2023021163,2024-03-28,VAN,DAL,0,0.344055,0.655945,DAL,1,single,season_regime,early,hybrid_exponential,0.85,552.5,0.09,True,hybrid_exponential,1.0,650.0,0.1,True
logistic_engineered,20222023,20232024,20232024,2023021164,2024-03-29,BUF,NJD,1,0.446641,0.553359,NJD,0,single,season_regime,early,hybrid_exponential,0.85,552.5,0.09,True,hybrid_exponential,1.0,650.0,0.1,True
logistic_engineered,20222023,20232024,20232024,2023021165,2024-03-30,FLA,DET,1,0.60456,0.39544,FLA,1,single,season_regime,early,hybrid_exponential,0.85,552.5,0.09,True,hybrid_exponential,1.0,650.0,0.1,True
logistic_engineered,20222023,20232024,20232024,2023021166,2024-03-30,MIN,VGK,0,0.494046,0.505954,VGK,1,single,season_regime,early,hybrid_exponential,0.85,552.5,0.09,True,hybrid_exponential,1.0,650.0,0.1,True
logistic_engineered,20222023,20232024,20232024,2023021167,2024-03-30,EDM,ANA,1,0.778298,0.221702,EDM,1,single,season_regime,early,hybrid_exponential,0.85,552.5,0.09,True,hybrid_exponential,1.0,650.0,0.1,True
logistic_engineered,20222023,20232024,20232024,2023021168,2024-03-30,UTA,NYR,0,0.391488,0.608512,NYR,1,single,season_regime,early,hybrid_exponential,0.85,552.5,0.09,True,hybrid_exponential,1.0,650.0,0.1,True
logistic_engineered,20222023,20232024,20232024,2023021169,2024-03-30,COL,NSH,1,0.417156,0.582844,NSH,0,single,season_regime,early,hybrid_exponential,0.85,552.5,0.09,True,hybrid_exponential,1.0,650.0,0.1,True
logistic_engineered,20222023,20232024,20232024,2023021170,2024-03-30,BUF,TOR,0,0.388736,0.611264,TOR,1,single,season_regime,early,hybrid_exponential,0.85,552.5,0.09,True,hybrid_exponential,1.0,650.0,0.1,True
logistic_engineered,20222023,20232024,20232024,2023021171,2024-03-30,CBJ,PIT,1,0.491353,0.508647,PIT,0,single,season_regime,early,hybrid_exponential,0.85,552.5,0.09,True,hybrid_exponential,1.0,650.0,0.1,True
logistic_engineered,20222023,20232024,20232024,2023021172,2024-03-30,MTL,CAR,0,0.356024,0.643976,CAR,1,single,season_regime,early,hybrid_exponential,0.85,552.5,0.09,True,hybrid_exponential,1.0,650.0,0.1,True
logistic_engineered,20222023,20232024,20232024,2023021173,2024-03-30,PHI,CHI,0,0.626801,0.373199,PHI,0,single,season_regime,early,hybrid_exponential,0.85,552.5,0.09,True,hybrid_exponential,1.0,650.0,0.1,True
logistic_engineered,20222023,20232024,20232024,2023021174,2024-03-30,TBL,NYI,1,0.534039,0.465961,TBL,1,single,season_regime,early,hybrid_exponential,0.85,552.5,0.09,True,hybrid_exponential,1.0,650.0,0.1,True
logistic_engineered,20222023,20232024,20232024,2023021175,2024-03-30,WPG,OTT,0,0.634799,0.365201,WPG,0,single,season_regime,early,hybrid_exponential,0.85,552.5,0.09,True,hybrid_exponential,1.0,650.0,0.1,True
logistic_engineered,20222023,20232024,20232024,2023021176,2024-03-30,WSH,BOS,0,0.448343,0.551657,BOS,1,single,season_regime,early,hybrid_exponential,0.85,552.5,0.09,True,hybrid_exponential,1.0,650.0,0.1,True
logistic_engineered,20222023,20232024,20232024,2023021177,2024-03-30,STL,SJS,0,0.643526,0.356474,STL,0,single,season_regime,early,hybrid_exponential,0.85,552.5,0.09,True,hybrid_exponential,1.0,650.0,0.1,True
logistic_engineered,20222023,20232024,20232024,2023021178,2024-03-30,CGY,LAK,1,0.406175,0.593825,LAK,0,single,season_regime,early,hybrid_exponential,0.85,552.5,0.09,True,hybrid_exponential,1.0,650.0,0.1,True
logistic_engineered,20222023,20232024,20232024,2023021179,2024-03-30,SEA,DAL,0,0.350263,0.649737,DAL,1,single,season_regime,early,hybrid_exponential,0.85,552.5,0.09,True,hybrid_exponential,1.0,650.0,0.1,True
logistic_engineered,20222023,20232024,20232024,2023021180,2024-03-31,VAN,ANA,1,0.749988,0.250012,VAN,1,single,season_regime,early,hybrid_exponential,0.85,552.5,0.09,True,hybrid_exponential,1.0,650.0,0.1,True
logistic_engineered,20222023,20232024,20232024,2023021181,2024-04-01,CBJ,COL,1,0.301089,0.698911,COL,0,single,season_regime,early,hybrid_exponential,0.85,552.5,0.09,True,hybrid_exponential,1.0,650.0,0.1,True
logistic_engineered,20222023,20232024,20232024,2023021182,2024-04-01,NYR,PIT,0,0.597384,0.402616,NYR,0,single,season_regime,early,hybrid_exponential,0.85,552.5,0.09,True,hybrid_exponential,1.0,650.0,0.1,True
logistic_engineered,20222023,20232024,20232024,2023021183,2024-04-01,PHI,NYI,0,0.303075,0.696925,NYI,1,single,season_regime,early,hybrid_exponential,0.85,552.5,0.09,True,hybrid_exponential,1.0,650.0,0.1,True
logistic_engineered,20222023,20232024,20232024,2023021184,2024-04-01,TBL,DET,0,0.687791,0.312209,TBL,0,single,season_regime,early,hybrid_exponential,0.85,552.5,0.09,True,hybrid_exponential,1.0,650.0,0.1,True
logistic_engineered,20222023,20232024,20232024,2023021185,2024-04-01,TOR,FLA,1,0.66894,0.33106,TOR,1,single,season_regime,early,hybrid_exponential,0.85,552.5,0.09,True,hybrid_exponential,1.0,650.0,0.1,True
logistic_engineered,20222023,20232024,20232024,2023021186,2024-04-01,STL,EDM,1,0.405075,0.594925,EDM,0,single,season_regime,early,hybrid_exponential,0.85,552.5,0.09,True,hybrid_exponential,1.0,650.0,0.1,True
logistic_engineered,20222023,20232024,20232024,2023021187,2024-04-01,WPG,LAK,1,0.514746,0.485254,WPG,1,single,season_regime,early,hybrid_exponential,0.85,552.5,0.09,True,hybrid_exponential,1.0,650.0,0.1,True
logistic_engineered,20222023,20232024,20232024,2023021188,2024-04-01,SJS,SEA,0,0.372634,0.627366,SEA,1,single,season_regime,early,hybrid_exponential,0.85,552.5,0.09,True,hybrid_exponential,1.0,650.0,0.1,True
logistic_engineered,20222023,20232024,20232024,2023021189,2024-04-02,BUF,WSH,1,0.704721,0.295279,BUF,1,single,season_regime,early,hybrid_exponential,0.85,552.5,0.09,True,hybrid_exponential,1.0,650.0,0.1,True
logistic_engineered,20222023,20232024,20232024,2023021190,2024-04-02,MTL,FLA,1,0.475447,0.524553,FLA,0,single,season_regime,early,hybrid_exponential,0.85,552.5,0.09,True,hybrid_exponential,1.0,650.0,0.1,True
logistic_engineered,20222023,20232024,20232024,2023021191,2024-04-02,NJD,PIT,0,0.681324,0.318676,NJD,0,single,season_regime,early,hybrid_exponential,0.85,552.5,0.09,True,hybrid_exponential,1.0,650.0,0.1,True
logistic_engineered,20222023,20232024,20232024,2023021192,2024-04-02,NYI,CHI,1,0.557867,0.442133,NYI,1,single,season_regime,early,hybrid_exponential,0.85,552.5,0.09,True,hybrid_exponential,1.0,650.0,0.1,True
logistic_engineered,20222023,20232024,20232024,2023021193,2024-04-02,MIN,OTT,1,0.486482,0.513518,OTT,0,single,season_regime,early,hybrid_exponential,0.85,552.5,0.09,True,hybrid_exponential,1.0,650.0,0.1,True
logistic_engineered,20222023,20232024,20232024,2023021194,2024-04-02,NSH,BOS,0,0.484148,0.515852,BOS,1,single,season_regime,early,hybrid_exponential,0.85,552.5,0.09,True,hybrid_exponential,1.0,650.0,0.1,True
logistic_engineered,20222023,20232024,20232024,2023021195,2024-04-02,CGY,ANA,0,0.722508,0.277492,CGY,0,single,season_regime,early,hybrid_exponential,0.85,552.5,0.09,True,hybrid_exponential,1.0,650.0,0.1,True
logistic_engineered,20222023,20232024,20232024,2023021196,2024-04-02,VGK,VAN,1,0.699303,0.300697,VGK,1,single,season_regime,early,hybrid_exponential,0.85,552.5,0.09,True,hybrid_exponential,1.0,650.0,0.1,True
logistic_engineered,20222023,20232024,20232024,2023021197,2024-04-03,TOR,TBL,0,0.499977,0.500023,TBL,1,single,season_regime,early,hybrid_exponential,0.85,552.5,0.09,True,hybrid_exponential,1.0,650.0,0.1,True
logistic_engineered,20222023,20232024,20232024,2023021198,2024-04-03,NYR,NJD,1,0.602508,0.397492,NYR,1,single,season_regime,early,hybrid_exponential,0.85,552.5,0.09,True,hybrid_exponential,1.0,650.0,0.1,True
logistic_engineered,20222023,20232024,20232024,2023021199,2024-04-03,DAL,EDM,1,0.437083,0.562917,EDM,0,single,season_regime,early,hybrid_exponential,0.85,552.5,0.09,True,hybrid_exponential,1.0,650.0,0.1,True
logistic_engineered,20222023,20232024,20232024,2023021200,2024-04-03,UTA,VAN,0,0.588848,0.411152,UTA,0,single,season_regime,early,hybrid_exponential,0.85,552.5,0.09,True,hybrid_exponential,1.0,650.0,0.1,True
logistic_engineered,20222023,20232024,20232024,2023021201,2024-04-03,LAK,SEA,1,0.669677,0.330323,LAK,1,single,season_regime,early,hybrid_exponential,0.85,552.5,0.09,True,hybrid_exponential,1.0,650.0,0.1,True
logistic_engineered,20222023,20232024,20232024,2023021202,2024-04-04,CAR,BOS,0,0.522669,0.477331,CAR,0,single,season_regime,early,hybrid_exponential,0.85,552.5,0.09,True,hybrid_exponential,1.0,650.0,0.1,True
logistic_engineered,20222023,20232024,20232024,2023021203,2024-04-04,CBJ,NYI,0,0.230886,0.769114,NYI,1,single,season_regime,early,hybrid_exponential,0.85,552.5,0.09,True,hybrid_exponential,1.0,650.0,0.1,True
logistic_engineered,20222023,20232024,20232024,2023021204,2024-04-04,MTL,TBL,0,0.459534,0.540466,TBL,1,single,season_regime,early,hybrid_exponential,0.85,552.5,0.09,True,hybrid_exponential,1.0,650.0,0.1,True
logistic_engineered,20222023,20232024,20232024,2023021205,2024-04-04,OTT,FLA,0,0.302306,0.697694,FLA,1,single,season_regime,early,hybrid_exponential,0.85,552.5,0.09,True,hybrid_exponential,1.0,650.0,0.1,True
logistic_engineered,20222023,20232024,20232024,2023021206,2024-04-04,WSH,PIT,0,0.523342,0.476658,WSH,0,single,season_regime,early,hybrid_exponential,0.85,552.5,0.09,True,hybrid_exponential,1.0,650.0,0.1,True
logistic_engineered,20222023,20232024,20232024,2023021207,2024-04-04,MIN,COL,0,0.389613,0.610387,COL,1,single,season_regime,early,hybrid_exponential,0.85,552.5,0.09,True,hybrid_exponential,1.0,650.0,0.1,True
logistic_engineered,20222023,20232024,20232024,2023021208,2024-04-04,NSH,STL,1,0.596906,0.403094,NSH,1,single,season_regime,early,hybrid_exponential,0.85,552.5,0.09,True,hybrid_exponential,1.0,650.0,0.1,True
logistic_engineered,20222023,20232024,20232024,2023021209,2024-04-04,WPG,CGY,1,0.645238,0.354762,WPG,1,single,season_regime,early,hybrid_exponential,0.85,552.5,0.09,True,hybrid_exponential,1.0,650.0,0.1,True
logistic_engineered,20222023,20232024,20232024,2023021210,2024-04-04,SJS,LAK,0,0.344674,0.655326,LAK,1,single,season_regime,early,hybrid_exponential,0.85,552.5,0.09,True,hybrid_exponential,1.0,650.0,0.1,True
logistic_engineered,20222023,20232024,20232024,2023021211,2024-04-05,BUF,PHI,1,0.605408,0.394592,BUF,1,single,season_regime,early,hybrid_exponential,0.85,552.5,0.09,True,hybrid_exponential,1.0,650.0,0.1,True
logistic_engineered,20222023,20232024,20232024,2023021212,2024-04-05,CAR,WSH,1,0.662539,0.337461,CAR,1,single,season_regime,early,hybrid_exponential,0.85,552.5,0.09,True,hybrid_exponential,1.0,650.0,0.1,True
logistic_engineered,20222023,20232024,20232024,2023021213,2024-04-05,DET,NYR,0,0.386773,0.613227,NYR,1,single,season_regime,early,hybrid_exponential,0.85,552.5,0.09,True,hybrid_exponential,1.0,650.0,0.1,True
logistic_engineered,20222023,20232024,20232024,2023021214,2024-04-05,EDM,COL,1,0.529435,0.470565,EDM,1,single,season_regime,early,hybrid_exponential,0.85,552.5,0.09,True,hybrid_exponential,1.0,650.0,0.1,True
logistic_engineered,20222023,20232024,20232024,2023021215,2024-04-05,ANA,SEA,0,0.365371,0.634629,SEA,1,single,season_regime,early,hybrid_exponential,0.85,552.5,0.09,True,hybrid_exponential,1.0,650.0,0.1,True
logistic_engineered,20222023,20232024,20232024,2023021216,2024-04-05,UTA,VGK,1,0.329217,0.670783,VGK,0,single,season_regime,early,hybrid_exponential,0.85,552.5,0.09,True,hybrid_exponential,1.0,650.0,0.1,True
logistic_engineered,20222023,20232024,20232024,2023021217,2024-04-06,PIT,TBL,1,0.437575,0.562425,TBL,0,single,season_regime,early,hybrid_exponential,0.85,552.5,0.09,True,hybrid_exponential,1.0,650.0,0.1,True
logistic_engineered,20222023,20232024,20232024,2023021218,2024-04-06,BOS,FLA,1,0.467135,0.532865,FLA,0,single,season_regime,early,hybrid_exponential,0.85,552.5,0.09,True,hybrid_exponential,1.0,650.0,0.1,True
logistic_engineered,20222023,20232024,20232024,2023021219,2024-04-06,MIN,WPG,0,0.414557,0.585443,WPG,1,single,season_regime,early,hybrid_exponential,0.85,552.5,0.09,True,hybrid_exponential,1.0,650.0,0.1,True
logistic_engineered,20222023,20232024,20232024,2023021220,2024-04-06,CHI,DAL,1,0.340497,0.659503,DAL,0,single,season_regime,early,hybrid_exponential,0.85,552.5,0.09,True,hybrid_exponential,1.0,650.0,0.1,True
logistic_engineered,20222023,20232024,20232024,2023021221,2024-04-06,SJS,STL,1,0.534003,0.465997,SJS,1,single,season_regime,early,hybrid_exponential,0.85,552.5,0.09,True,hybrid_exponential,1.0,650.0,0.1,True
logistic_engineered,20222023,20232024,20232024,2023021222,2024-04-06,CBJ,PHI,1,0.527869,0.472131,CBJ,1,single,season_regime,early,hybrid_exponential,0.85,552.5,0.09,True,hybrid_exponential,1.0,650.0,0.1,True
logistic_engineered,20222023,20232024,20232024,2023021223,2024-04-06,MTL,TOR,0,0.15649,0.84351,TOR,1,single,season_regime,early,hybrid_exponential,0.85,552.5,0.09,True,hybrid_exponential,1.0,650.0,0.1,True
logistic_engineered,20222023,20232024,20232024,2023021224,2024-04-06,OTT,NJD,0,0.267188,0.732812,NJD,1,single,season_regime,early,hybrid_exponential,0.85,552.5,0.09,True,hybrid_exponential,1.0,650.0,0.1,True
logistic_engineered,20222023,20232024,20232024,2023021225,2024-04-06,NYI,NSH,1,0.50601,0.49399,NYI,1,single,season_regime,early,hybrid_exponential,0.85,552.5,0.09,True,hybrid_exponential,1.0,650.0,0.1,True
logistic_engineered,20222023,20232024,20232024,2023021226,2024-04-06,CGY,EDM,0,0.434223,0.565777,EDM,1,single,season_regime,early,hybrid_exponential,0.85,552.5,0.09,True,hybrid_exponential,1.0,650.0,0.1,True
logistic_engineered,20222023,20232024,20232024,2023021227,2024-04-06,LAK,VAN,1,0.560518,0.439482,LAK,1,single,season_regime,early,hybrid_exponential,0.85,552.5,0.09,True,hybrid_exponential,1.0,650.0,0.1,True
logistic_engineered,20222023,20232024,20232024,2023021228,2024-04-07,DET,BUF,1,0.471933,0.528067,BUF,0,single,season_regime,early,hybrid_exponential,0.85,552.5,0.09,True,hybrid_exponential,1.0,650.0,0.1,True
logistic_engineered,20222023,20232024,20232024,2023021229,2024-04-07,CHI,MIN,0,0.513249,0.486751,CHI,0,single,season_regime,early,hybrid_exponential,0.85,552.5,0.09,True,hybrid_exponential,1.0,650.0,0.1,True
logistic_engineered,20222023,20232024,20232024,2023021230,2024-04-07,CAR,CBJ,1,0.77338,0.22662,CAR,1,single,season_regime,early,hybrid_exponential,0.85,552.5,0.09,True,hybrid_exponential,1.0,650.0,0.1,True
logistic_engineered,20222023,20232024,20232024,2023021231,2024-04-07,SJS,UTA,0,0.298181,0.701819,UTA,1,single,season_regime,early,hybrid_exponential,0.85,552.5,0.09,True,hybrid_exponential,1.0,650.0,0.1,True
logistic_engineered,20222023,20232024,20232024,2023021232,2024-04-07,WSH,OTT,0,0.556154,0.443846,WSH,0,single,season_regime,early,hybrid_exponential,0.85,552.5,0.09,True,hybrid_exponential,1.0,650.0,0.1,True
logistic_engineered,20222023,20232024,20232024,2023021233,2024-04-07,NJD,NSH,0,0.419471,0.580529,NSH,1,single,season_regime,early,hybrid_exponential,0.85,552.5,0.09,True,hybrid_exponential,1.0,650.0,0.1,True
logistic_engineered,20222023,20232024,20232024,2023021234,2024-04-07,NYR,MTL,1,0.795851,0.204149,NYR,1,single,season_regime,early,hybrid_exponential,0.85,552.5,0.09,True,hybrid_exponential,1.0,650.0,0.1,True
logistic_engineered,20222023,20232024,20232024,2023021235,2024-04-07,ANA,STL,0,0.546147,0.453853,ANA,0,single,season_regime,early,hybrid_exponential,0.85,552.5,0.09,True,hybrid_exponential,1.0,650.0,0.1,True
logistic_engineered,20222023,20232024,20232024,2023021236,2024-04-07,COL,DAL,0,0.586132,0.413868,COL,0,single,season_regime,early,hybrid_exponential,0.85,552.5,0.09,True,hybrid_exponential,1.0,650.0,0.1,True
logistic_engineered,20222023,20232024,20232024,2023021237,2024-04-08,TOR,PIT,1,0.63879,0.36121,TOR,1,single,season_regime,early,hybrid_exponential,0.85,552.5,0.09,True,hybrid_exponential,1.0,650.0,0.1,True
logistic_engineered,20222023,20232024,20232024,2023021238,2024-04-08,VAN,VGK,1,0.449206,0.550794,VGK,0,single,season_regime,early,hybrid_exponential,0.85,552.5,0.09,True,hybrid_exponential,1.0,650.0,0.1,True
logistic_engineered,20222023,20232024,20232024,2023021239,2024-04-09,BOS,CAR,0,0.526778,0.473222,BOS,0,single,season_regime,early,hybrid_exponential,0.85,552.5,0.09,True,hybrid_exponential,1.0,650.0,0.1,True
logistic_engineered,20222023,20232024,20232024,2023021240,2024-04-09,DET,WSH,0,0.628507,0.371493,DET,0,single,season_regime,early,hybrid_exponential,0.85,552.5,0.09,True,hybrid_exponential,1.0,650.0,0.1,True
logistic_engineered,20222023,20232024,20232024,2023021241,2024-04-09,FLA,OTT,1,0.589134,0.410866,FLA,1,single,season_regime,early,hybrid_exponential,0.85,552.5,0.09,True,hybrid_exponential,1.0,650.0,0.1,True
logistic_engineered,20222023,20232024,20232024,2023021242,2024-04-09,MTL,PHI,1,0.67793,0.32207,MTL,1,single,season_regime,early,hybrid_exponential,0.85,552.5,0.09,True,hybrid_exponential,1.0,650.0,0.1,True
logistic_engineered,20222023,20232024,20232024,2023021243,2024-04-09,NJD,TOR,0,0.633413,0.366587,NJD,0,single,season_regime,early,hybrid_exponential,0.85,552.5,0.09,True,hybrid_exponential,1.0,650.0,0.1,True
logistic_engineered,20222023,20232024,20232024,2023021244,2024-04-09,NYI,NYR,1,0.454107,0.545893,NYR,0,single,season_regime,early,hybrid_exponential,0.85,552.5,0.09,True,hybrid_exponential,1.0,650.0,0.1,True
logistic_engineered,20222023,20232024,20232024,2023021245,2024-04-09,TBL,CBJ,1,0.682355,0.317645,TBL,1,single,season_regime,early,hybrid_exponential,0.85,552.5,0.09,True,hybrid_exponential,1.0,650.0,0.1,True
logistic_engineered,20222023,20232024,20232024,2023021246,2024-04-09,DAL,BUF,1,0.652023,0.347977,DAL,1,single,season_regime,early,hybrid_exponential,0.85,552.5,0.09,True,hybrid_exponential,1.0,650.0,0.1,True
logistic_engineered,20222023,20232024,20232024,2023021247,2024-04-09,NSH,WPG,0,0.40084,0.59916,WPG,1,single,season_regime,early,hybrid_exponential,0.85,552.5,0.09,True,hybrid_exponential,1.0,650.0,0.1,True
logistic_engineered,20222023,20232024,20232024,2023021248,2024-04-09,COL,MIN,1,0.561051,0.438949,COL,1,single,season_regime,early,hybrid_exponential,0.85,552.5,0.09,True,hybrid_exponential,1.0,650.0,0.1,True
logistic_engineered,20222023,20232024,20232024,2023021249,2024-04-09,ANA,LAK,1,0.359505,0.640495,LAK,0,single,season_regime,early,hybrid_exponential,0.85,552.5,0.09,True,hybrid_exponential,1.0,650.0,0.1,True
logistic_engineered,20222023,20232024,20232024,2023021250,2024-04-09,SEA,UTA,1,0.5557,0.4443,SEA,1,single,season_regime,early,hybrid_exponential,0.85,552.5,0.09,True,hybrid_exponential,1.0,650.0,0.1,True
logistic_engineered,20222023,20232024,20232024,2023021251,2024-04-09,SJS,CGY,0,0.405873,0.594127,CGY,1,single,season_regime,early,hybrid_exponential,0.85,552.5,0.09,True,hybrid_exponential,1.0,650.0,0.1,True
logistic_engineered,20222023,20232024,20232024,2023021252,2024-04-10,STL,CHI,1,0.725567,0.274433,STL,1,single,season_regime,early,hybrid_exponential,0.85,552.5,0.09,True,hybrid_exponential,1.0,650.0,0.1,True
logistic_engineered,20222023,20232024,20232024,2023021253,2024-04-10,EDM,VGK,1,0.522563,0.477437,EDM,1,single,season_regime,early,hybrid_exponential,0.85,552.5,0.09,True,hybrid_exponential,1.0,650.0,0.1,True
logistic_engineered,20222023,20232024,20232024,2023021254,2024-04-10,VAN,UTA,0,0.654387,0.345613,VAN,0,single,season_regime,early,hybrid_exponential,0.85,552.5,0.09,True,hybrid_exponential,1.0,650.0,0.1,True
logistic_engineered,20222023,20232024,20232024,2023021255,2024-04-11,BUF,WSH,1,0.578287,0.421713,BUF,1,single,season_regime,early,hybrid_exponential,0.85,552.5,0.09,True,hybrid_exponential,1.0,650.0,0.1,True
logistic_engineered,20222023,20232024,20232024,2023021256,2024-04-11,FLA,CBJ,1,0.65123,0.34877,FLA,1,single,season_regime,early,hybrid_exponential,0.85,552.5,0.09,True,hybrid_exponential,1.0,650.0,0.1,True
logistic_engineered,20222023,20232024,20232024,2023021257,2024-04-11,NYR,PHI,0,0.736585,0.263415,NYR,0,single,season_regime,early,hybrid_exponential,0.85,552.5,0.09,True,hybrid_exponential,1.0,650.0,0.1,True
logistic_engineered,20222023,20232024,20232024,2023021258,2024-04-11,PIT,DET,1,0.656572,0.343428,PIT,1,single,season_regime,early,hybrid_exponential,0.85,552.5,0.09,True,hybrid_exponential,1.0,650.0,0.1,True
logistic_engineered,20222023,20232024,20232024,2023021259,2024-04-11,TBL,OTT,0,0.601614,0.398386,TBL,0,single,season_regime,early,hybrid_exponential,0.85,552.5,0.09,True,hybrid_exponential,1.0,650.0,0.1,True
logistic_engineered,20222023,20232024,20232024,2023021260,2024-04-11,TOR,NJD,0,0.462263,0.537737,NJD,1,single,season_regime,early,hybrid_exponential,0.85,552.5,0.09,True,hybrid_exponential,1.0,650.0,0.1,True
logistic_engineered,20222023,20232024,20232024,2023021261,2024-04-11,NYI,MTL,1,0.656194,0.343806,NYI,1,single,season_regime,early,hybrid_exponential,0.85,552.5,0.09,True,hybrid_exponential,1.0,650.0,0.1,True
logistic_engineered,20222023,20232024,20232024,2023021262,2024-04-11,DAL,WPG,0,0.485942,0.514058,WPG,1,single,season_regime,early,hybrid_exponential,0.85,552.5,0.09,True,hybrid_exponential,1.0,650.0,0.1,True
logistic_engineered,20222023,20232024,20232024,2023021263,2024-04-11,SEA,SJS,0,0.634204,0.365796,SEA,0,single,season_regime,early,hybrid_exponential,0.85,552.5,0.09,True,hybrid_exponential,1.0,650.0,0.1,True
logistic_engineered,20222023,20232024,20232024,2023021264,2024-04-11,LAK,CGY,1,0.644305,0.355695,LAK,1,single,season_regime,early,hybrid_exponential,0.85,552.5,0.09,True,hybrid_exponential,1.0,650.0,0.1,True
logistic_engineered,20222023,20232024,20232024,2023021265,2024-04-12,STL,CAR,0,0.395628,0.604372,CAR,1,single,season_regime,early,hybrid_exponential,0.85,552.5,0.09,True,hybrid_exponential,1.0,650.0,0.1,True
logistic_engineered,20222023,20232024,20232024,2023021266,2024-04-12,CHI,NSH,0,0.477373,0.522627,NSH,1,single,season_regime,early,hybrid_exponential,0.85,552.5,0.09,True,hybrid_exponential,1.0,650.0,0.1,True
logistic_engineered,20222023,20232024,20232024,2023021267,2024-04-12,EDM,UTA,0,0.691036,0.308964,EDM,0,single,season_regime,early,hybrid_exponential,0.85,552.5,0.09,True,hybrid_exponential,1.0,650.0,0.1,True
logistic_engineered,20222023,20232024,20232024,2023021268,2024-04-12,ANA,CGY,0,0.596136,0.403864,ANA,0,single,season_regime,early,hybrid_exponential,0.85,552.5,0.09,True,hybrid_exponential,1.0,650.0,0.1,True
logistic_engineered,20222023,20232024,20232024,2023021269,2024-04-12,VGK,MIN,1,0.522407,0.477593,VGK,1,single,season_regime,early,hybrid_exponential,0.85,552.5,0.09,True,hybrid_exponential,1.0,650.0,0.1,True
logistic_engineered,20222023,20232024,20232024,2023021270,2024-04-13,NYR,NYI,1,0.63525,0.36475,NYR,1,single,season_regime,early,hybrid_exponential,0.85,552.5,0.09,True,hybrid_exponential,1.0,650.0,0.1,True
logistic_engineered,20222023,20232024,20232024,2023021271,2024-04-13,DAL,SEA,1,0.649298,0.350702,DAL,1,single,season_regime,early,hybrid_exponential,0.85,552.5,0.09,True,hybrid_exponential,1.0,650.0,0.1,True
logistic_engineered,20222023,20232024,20232024,2023021272,2024-04-13,COL,WPG,0,0.308955,0.691045,WPG,1,single,season_regime,early,hybrid_exponential,0.85,552.5,0.09,True,hybrid_exponential,1.0,650.0,0.1,True
logistic_engineered,20222023,20232024,20232024,2023021273,2024-04-13,FLA,BUF,1,0.537592,0.462408,FLA,1,single,season_regime,early,hybrid_exponential,0.85,552.5,0.09,True,hybrid_exponential,1.0,650.0,0.1,True
logistic_engineered,20222023,20232024,20232024,2023021274,2024-04-13,PHI,NJD,1,0.333675,0.666325,NJD,0,single,season_regime,early,hybrid_exponential,0.85,552.5,0.09,True,hybrid_exponential,1.0,650.0,0.1,True
logistic_engineered,20222023,20232024,20232024,2023021275,2024-04-13,WSH,TBL,1,0.3632,0.6368,TBL,0,single,season_regime,early,hybrid_exponential,0.85,552.5,0.09,True,hybrid_exponential,1.0,650.0,0.1,True
logistic_engineered,20222023,20232024,20232024,2023021276,2024-04-13,OTT,MTL,1,0.567627,0.432373,OTT,1,single,season_regime,early,hybrid_exponential,0.85,552.5,0.09,True,hybrid_exponential,1.0,650.0,0.1,True
logistic_engineered,20222023,20232024,20232024,2023021277,2024-04-13,TOR,DET,0,0.586976,0.413024,TOR,0,single,season_regime,early,hybrid_exponential,0.85,552.5,0.09,True,hybrid_exponential,1.0,650.0,0.1,True
logistic_engineered,20222023,20232024,20232024,2023021278,2024-04-13,NSH,CBJ,1,0.29616,0.70384,CBJ,0,single,season_regime,early,hybrid_exponential,0.85,552.5,0.09,True,hybrid_exponential,1.0,650.0,0.1,True
logistic_engineered,20222023,20232024,20232024,2023021279,2024-04-13,PIT,BOS,0,0.351143,0.648857,BOS,1,single,season_regime,early,hybrid_exponential,0.85,552.5,0.09,True,hybrid_exponential,1.0,650.0,0.1,True
logistic_engineered,20222023,20232024,20232024,2023021280,2024-04-13,EDM,VAN,0,0.567214,0.432786,EDM,0,single,season_regime,early,hybrid_exponential,0.85,552.5,0.09,True,hybrid_exponential,1.0,650.0,0.1,True
logistic_engineered,20222023,20232024,20232024,2023021281,2024-04-13,LAK,ANA,1,0.746051,0.253949,LAK,1,single,season_regime,early,hybrid_exponential,0.85,552.5,0.09,True,hybrid_exponential,1.0,650.0,0.1,True
logistic_engineered,20222023,20232024,20232024,2023021282,2024-04-13,SJS,MIN,0,0.423779,0.576221,MIN,1,single,season_regime,early,hybrid_exponential,0.85,552.5,0.09,True,hybrid_exponential,1.0,650.0,0.1,True
logistic_engineered,20222023,20232024,20232024,2023021283,2024-04-14,STL,SEA,1,0.487529,0.512471,SEA,0,single,season_regime,early,hybrid_exponential,0.85,552.5,0.09,True,hybrid_exponential,1.0,650.0,0.1,True
logistic_engineered,20222023,20232024,20232024,2023021284,2024-04-14,VGK,COL,1,0.657831,0.342169,VGK,1,single,season_regime,early,hybrid_exponential,0.85,552.5,0.09,True,hybrid_exponential,1.0,650.0,0.1,True
logistic_engineered,20222023,20232024,20232024,2023021285,2024-04-14,CHI,CAR,0,0.368571,0.631429,CAR,1,single,season_regime,early,hybrid_exponential,0.85,552.5,0.09,True,hybrid_exponential,1.0,650.0,0.1,True
logistic_engineered,20222023,20232024,20232024,2023021286,2024-04-14,CGY,UTA,1,0.651881,0.348119,CGY,1,single,season_regime,early,hybrid_exponential,0.85,552.5,0.09,True,hybrid_exponential,1.0,650.0,0.1,True
logistic_engineered,20222023,20232024,20232024,2023021287,2024-04-15,DET,MTL,1,0.566036,0.433964,DET,1,single,season_regime,early,hybrid_exponential,0.85,552.5,0.09,True,hybrid_exponential,1.0,650.0,0.1,True
logistic_engineered,20222023,20232024,20232024,2023021288,2024-04-15,NJD,NYI,0,0.563631,0.436369,NJD,0,single,season_regime,early,hybrid_exponential,0.85,552.5,0.09,True,hybrid_exponential,1.0,650.0,0.1,True
logistic_engineered,20222023,20232024,20232024,2023021289,2024-04-15,PIT,NSH,1,0.482347,0.517653,NSH,0,single,season_regime,early,hybrid_exponential,0.85,552.5,0.09,True,hybrid_exponential,1.0,650.0,0.1,True
logistic_engineered,20222023,20232024,20232024,2023021290,2024-04-15,TBL,BUF,0,0.6411,0.3589,TBL,0,single,season_regime,early,hybrid_exponential,0.85,552.5,0.09,True,hybrid_exponential,1.0,650.0,0.1,True
logistic_engineered,20222023,20232024,20232024,2023021291,2024-04-15,WSH,BOS,1,0.418998,0.581002,BOS,0,single,season_regime,early,hybrid_exponential,0.85,552.5,0.09,True,hybrid_exponential,1.0,650.0,0.1,True
logistic_engineered,20222023,20232024,20232024,2023021292,2024-04-15,NYR,OTT,1,0.693446,0.306554,NYR,1,single,season_regime,early,hybrid_exponential,0.85,552.5,0.09,True,hybrid_exponential,1.0,650.0,0.1,True
logistic_engineered,20222023,20232024,20232024,2023021293,2024-04-15,EDM,SJS,1,0.811247,0.188753,EDM,1,single,season_regime,early,hybrid_exponential,0.85,552.5,0.09,True,hybrid_exponential,1.0,650.0,0.1,True
logistic_engineered,20222023,20232024,20232024,2023021294,2024-04-15,LAK,MIN,0,0.57489,0.42511,LAK,0,single,season_regime,early,hybrid_exponential,0.85,552.5,0.09,True,hybrid_exponential,1.0,650.0,0.1,True
logistic_engineered,20222023,20232024,20232024,2023021295,2024-04-16,BOS,OTT,0,0.596353,0.403647,BOS,0,single,season_regime,early,hybrid_exponential,0.85,552.5,0.09,True,hybrid_exponential,1.0,650.0,0.1,True
logistic_engineered,20222023,20232024,20232024,2023021296,2024-04-16,CBJ,CAR,1,0.553453,0.446547,CBJ,1,single,season_regime,early,hybrid_exponential,0.85,552.5,0.09,True,hybrid_exponential,1.0,650.0,0.1,True
logistic_engineered,20222023,20232024,20232024,2023021297,2024-04-16,FLA,TOR,1,0.527928,0.472072,FLA,1,single,season_regime,early,hybrid_exponential,0.85,552.5,0.09,True,hybrid_exponential,1.0,650.0,0.1,True
logistic_engineered,20222023,20232024,20232024,2023021298,2024-04-16,MTL,DET,0,0.546708,0.453292,MTL,0,single,season_regime,early,hybrid_exponential,0.85,552.5,0.09,True,hybrid_exponential,1.0,650.0,0.1,True
logistic_engineered,20222023,20232024,20232024,2023021299,2024-04-16,PHI,WSH,0,0.548698,0.451302,PHI,0,single,season_regime,early,hybrid_exponential,0.85,552.5,0.09,True,hybrid_exponential,1.0,650.0,0.1,True
logistic_engineered,20222023,20232024,20232024,2023021300,2024-04-16,WPG,SEA,1,0.58767,0.41233,WPG,1,single,season_regime,early,hybrid_exponential,0.85,552.5,0.09,True,hybrid_exponential,1.0,650.0,0.1,True
logistic_engineered,20222023,20232024,20232024,2023021301,2024-04-16,VGK,CHI,1,0.716962,0.283038,VGK,1,single,season_regime,early,hybrid_exponential,0.85,552.5,0.09,True,hybrid_exponential,1.0,650.0,0.1,True
logistic_engineered,20222023,20232024,20232024,2023021302,2024-04-16,VAN,CGY,1,0.524451,0.475549,VAN,1,single,season_regime,early,hybrid_exponential,0.85,552.5,0.09,True,hybrid_exponential,1.0,650.0,0.1,True
logistic_engineered,20222023,20232024,20232024,2023021303,2024-04-17,NYI,PIT,1,0.530906,0.469094,NYI,1,single,season_regime,early,hybrid_exponential,0.85,552.5,0.09,True,hybrid_exponential,1.0,650.0,0.1,True
logistic_engineered,20222023,20232024,20232024,2023021304,2024-04-17,TBL,TOR,1,0.717283,0.282717,TBL,1,single,season_regime,early,hybrid_exponential,0.85,552.5,0.09,True,hybrid_exponential,1.0,650.0,0.1,True
logistic_engineered,20222023,20232024,20232024,2023021305,2024-04-17,DAL,STL,1,0.692595,0.307405,DAL,1,single,season_regime,early,hybrid_exponential,0.85,552.5,0.09,True,hybrid_exponential,1.0,650.0,0.1,True
logistic_engineered,20222023,20232024,20232024,2023021306,2024-04-17,UTA,EDM,1,0.537853,0.462147,UTA,1,single,season_regime,early,hybrid_exponential,0.85,552.5,0.09,True,hybrid_exponential,1.0,650.0,0.1,True
logistic_engineered,20222023,20232024,20232024,2023021307,2024-04-18,MIN,SEA,0,0.50126,0.49874,MIN,0,single,season_regime,early,hybrid_exponential,0.85,552.5,0.09,True,hybrid_exponential,1.0,650.0,0.1,True
logistic_engineered,20222023,20232024,20232024,2023021308,2024-04-18,WPG,VAN,1,0.688485,0.311515,WPG,1,single,season_regime,early,hybrid_exponential,0.85,552.5,0.09,True,hybrid_exponential,1.0,650.0,0.1,True
logistic_engineered,20222023,20232024,20232024,2023021309,2024-04-18,CGY,SJS,1,0.783168,0.216832,CGY,1,single,season_regime,early,hybrid_exponential,0.85,552.5,0.09,True,hybrid_exponential,1.0,650.0,0.1,True
logistic_engineered,20222023,20232024,20232024,2023021310,2024-04-18,COL,EDM,1,0.712033,0.287967,COL,1,single,season_regime,early,hybrid_exponential,0.85,552.5,0.09,True,hybrid_exponential,1.0,650.0,0.1,True
logistic_engineered,20222023,20232024,20232024,2023021311,2024-04-18,VGK,ANA,0,0.658976,0.341024,VGK,0,single,season_regime,early,hybrid_exponential,0.85,552.5,0.09,True,hybrid_exponential,1.0,650.0,0.1,True
logistic_engineered,20222023,20232024,20232024,2023021312,2024-04-18,LAK,CHI,1,0.763838,0.236162,LAK,1,single,season_regime,early,hybrid_exponential,0.85,552.5,0.09,True,hybrid_exponential,1.0,650.0,0.1,True
logistic_engineered,20232024,20242025,20242025,2024020001,2024-10-04,BUF,NJD,0,0.598534,0.401466,BUF,0,single,season_regime,middle,hybrid_exponential,1.0,650.0,0.1,True,hybrid_exponential,1.0,650.0,0.1,True
logistic_engineered,20232024,20242025,20242025,2024020002,2024-10-05,NJD,BUF,1,0.684151,0.315849,NJD,1,single,season_regime,middle,hybrid_exponential,1.0,650.0,0.1,True,hybrid_exponential,1.0,650.0,0.1,True
logistic_engineered,20232024,20242025,20242025,2024020003,2024-10-08,SEA,STL,0,0.53642,0.46358,SEA,0,single,season_regime,middle,hybrid_exponential,1.0,650.0,0.1,True,hybrid_exponential,1.0,650.0,0.1,True
logistic_engineered,20232024,20242025,20242025,2024020004,2024-10-08,FLA,BOS,1,0.598055,0.401945,FLA,1,single,season_regime,middle,hybrid_exponential,1.0,650.0,0.1,True,hybrid_exponential,1.0,650.0,0.1,True
logistic_engineered,20232024,20242025,20242025,2024020005,2024-10-08,UTA,CHI,1,0.729096,0.270904,UTA,1,single,season_regime,middle,hybrid_exponential,1.0,650.0,0.1,True,hybrid_exponential,1.0,650.0,0.1,True
logistic_engineered,20232024,20242025,20242025,2024020006,2024-10-09,MTL,TOR,1,0.523485,0.476515,MTL,1,single,season_regime,middle,hybrid_exponential,1.0,650.0,0.1,True,hybrid_exponential,1.0,650.0,0.1,True
logistic_engineered,20232024,20242025,20242025,2024020007,2024-10-09,PIT,NYR,0,0.597511,0.402489,PIT,0,single,season_regime,middle,hybrid_exponential,1.0,650.0,0.1,True,hybrid_exponential,1.0,650.0,0.1,True
logistic_engineered,20232024,20242025,20242025,2024020008,2024-10-09,EDM,WPG,0,0.300398,0.699602,WPG,1,single,season_regime,middle,hybrid_exponential,1.0,650.0,0.1,True,hybrid_exponential,1.0,650.0,0.1,True
logistic_engineered,20232024,20242025,20242025,2024020009,2024-10-09,VAN,CGY,0,0.489671,0.510329,CGY,1,single,season_regime,middle,hybrid_exponential,1.0,650.0,0.1,True,hybrid_exponential,1.0,650.0,0.1,True
logistic_engineered,20232024,20242025,20242025,2024020010,2024-10-09,VGK,COL,1,0.486316,0.513684,COL,0,single,season_regime,middle,hybrid_exponential,1.0,650.0,0.1,True,hybrid_exponential,1.0,650.0,0.1,True
logistic_engineered,20232024,20242025,20242025,2024020011,2024-10-10,BOS,MTL,1,0.547222,0.452778,BOS,1,single,season_regime,middle,hybrid_exponential,1.0,650.0,0.1,True,hybrid_exponential,1.0,650.0,0.1,True
logistic_engineered,20232024,20242025,20242025,2024020012,2024-10-10,BUF,LAK,0,0.535366,0.464634,BUF,0,single,season_regime,middle,hybrid_exponential,1.0,650.0,0.1,True,hybrid_exponential,1.0,650.0,0.1,True
logistic_engineered,20232024,20242025,20242025,2024020013,2024-10-10,OTT,FLA,1,0.412208,0.587792,FLA,0,single,season_regime,middle,hybrid_exponential,1.0,650.0,0.1,True,hybrid_exponential,1.0,650.0,0.1,True
logistic_engineered,20232024,20242025,20242025,2024020014,2024-10-10,DET,PIT,0,0.410084,0.589916,PIT,1,single,season_regime,middle,hybrid_exponential,1.0,650.0,0.1,True,hybrid_exponential,1.0,650.0,0.1,True
logistic_engineered,20232024,20242025,20242025,2024020015,2024-10-10,NJD,TOR,0,0.724472,0.275528,NJD,0,single,season_regime,middle,hybrid_exponential,1.0,650.0,0.1,True,hybrid_exponential,1.0,650.0,0.1,True
logistic_engineered,20232024,20242025,20242025,2024020016,2024-10-10,NYI,UTA,0,0.624117,0.375883,NYI,0,single,season_regime,middle,hybrid_exponential,1.0,650.0,0.1,True,hybrid_exponential,1.0,650.0,0.1,True
logistic_engineered,20232024,20242025,20242025,2024020017,2024-10-10,NSH,DAL,0,0.446259,0.553741,DAL,1,single,season_regime,middle,hybrid_exponential,1.0,650.0,0.1,True,hybrid_exponential,1.0,650.0,0.1,True
logistic_engineered,20232024,20242025,20242025,2024020018,2024-10-10,MIN,CBJ,1,0.619469,0.380531,MIN,1,single,season_regime,middle,hybrid_exponential,1.0,650.0,0.1,True,hybrid_exponential,1.0,650.0,0.1,True
logistic_engineered,20232024,20242025,20242025,2024020019,2024-10-10,SJS,STL,0,0.394887,0.605113,STL,1,single,season_regime,middle,hybrid_exponential,1.0,650.0,0.1,True,hybrid_exponential,1.0,650.0,0.1,True
logistic_engineered,20232024,20242025,20242025,2024020020,2024-10-11,CAR,TBL,0,0.47527,0.52473,TBL,1,single,season_regime,middle,hybrid_exponential,1.0,650.0,0.1,True,hybrid_exponential,1.0,650.0,0.1,True
logistic_engineered,20232024,20242025,20242025,2024020021,2024-10-11,WPG,CHI,1,0.836923,0.163077,WPG,1,single,season_regime,middle,hybrid_exponential,1.0,650.0,0.1,True,hybrid_exponential,1.0,650.0,0.1,True
logistic_engineered,20232024,20242025,20242025,2024020022,2024-10-11,VAN,PHI,0,0.592541,0.407459,VAN,0,single,season_regime,middle,hybrid_exponential,1.0,650.0,0.1,True,hybrid_exponential,1.0,650.0,0.1,True
logistic_engineered,20232024,20242025,20242025,2024020023,2024-10-11,VGK,STL,1,0.625245,0.374755,VGK,1,single,season_regime,middle,hybrid_exponential,1.0,650.0,0.1,True,hybrid_exponential,1.0,650.0,0.1,True
logistic_engineered,20232024,20242025,20242025,2024020024,2024-10-12,BOS,LAK,1,0.444895,0.555105,LAK,0,single,season_regime,middle,hybrid_exponential,1.0,650.0,0.1,True,hybrid_exponential,1.0,650.0,0.1,True
logistic_engineered,20232024,20242025,20242025,2024020025,2024-10-12,BUF,FLA,1,0.363394,0.636606,FLA,0,single,season_regime,middle,hybrid_exponential,1.0,650.0,0.1,True,hybrid_exponential,1.0,650.0,0.1,True
logistic_engineered,20232024,20242025,20242025,2024020026,2024-10-12,TOR,PIT,1,0.446394,0.553606,PIT,0,single,season_regime,middle,hybrid_exponential,1.0,650.0,0.1,True,hybrid_exponential,1.0,650.0,0.1,True
logistic_engineered,20232024,20242025,20242025,2024020027,2024-10-12,MTL,OTT,1,0.341392,0.658608,OTT,0,single,season_regime,middle,hybrid_exponential,1.0,650.0,0.1,True,hybrid_exponential,1.0,650.0,0.1,True
logistic_engineered,20232024,20242025,20242025,2024020028,2024-10-12,DET,NSH,1,0.578475,0.421525,DET,1,single,season_regime,middle,hybrid_exponential,1.0,650.0,0.1,True,hybrid_exponential,1.0,650.0,0.1,True
logistic_engineered,20232024,20242025,20242025,2024020030,2024-10-12,NYR,UTA,0,0.693143,0.306857,NYR,0,single,season_regime,middle,hybrid_exponential,1.0,650.0,0.1,True,hybrid_exponential,1.0,650.0,0.1,True
logistic_engineered,20232024,20242025,20242025,2024020031,2024-10-12,WSH,NJD,0,0.520385,0.479615,WSH,0,single,season_regime,middle,hybrid_exponential,1.0,650.0,0.1,True,hybrid_exponential,1.0,650.0,0.1,True
logistic_engineered,20232024,20242025,20242025,2024020032,2024-10-12,DAL,NYI,1,0.72349,0.27651,DAL,1,single,season_regime,middle,hybrid_exponential,1.0,650.0,0.1,True,hybrid_exponential,1.0,650.0,0.1,True
logistic_engineered,20232024,20242025,20242025,2024020033,2024-10-12,MIN,SEA,0,0.674022,0.325978,MIN,0,single,season_regime,middle,hybrid_exponential,1.0,650.0,0.1,True,hybrid_exponential,1.0,650.0,0.1,True
logistic_engineered,20232024,20242025,20242025,2024020034,2024-10-12,COL,CBJ,0,0.306509,0.693491,CBJ,1,single,season_regime,middle,hybrid_exponential,1.0,650.0,0.1,True,hybrid_exponential,1.0,650.0,0.1,True
logistic_engineered,20232024,20242025,20242025,2024020035,2024-10-12,CGY,PHI,1,0.617972,0.382028,CGY,1,single,season_regime,middle,hybrid_exponential,1.0,650.0,0.1,True,hybrid_exponential,1.0,650.0,0.1,True
logistic_engineered,20232024,20242025,20242025,2024020036,2024-10-12,EDM,CHI,0,0.732444,0.267556,EDM,0,single,season_regime,middle,hybrid_exponential,1.0,650.0,0.1,True,hybrid_exponential,1.0,650.0,0.1,True
logistic_engineered,20232024,20242025,20242025,2024020037,2024-10-12,SJS,ANA,0,0.552086,0.447914,SJS,0,single,season_regime,middle,hybrid_exponential,1.0,650.0,0.1,True,hybrid_exponential,1.0,650.0,0.1,True
logistic_engineered,20232024,20242025,20242025,2024020038,2024-10-13,WPG,MIN,1,0.748118,0.251882,WPG,1,single,season_regime,middle,hybrid_exponential,1.0,650.0,0.1,True,hybrid_exponential,1.0,650.0,0.1,True
logistic_engineered,20232024,20242025,20242025,2024020039,2024-10-13,DAL,SEA,1,0.70652,0.29348,DAL,1,single,season_regime,middle,hybrid_exponential,1.0,650.0,0.1,True,hybrid_exponential,1.0,650.0,0.1,True
logistic_engineered,20232024,20242025,20242025,2024020040,2024-10-13,EDM,CGY,0,0.419348,0.580652,CGY,1,single,season_regime,middle,hybrid_exponential,1.0,650.0,0.1,True,hybrid_exponential,1.0,650.0,0.1,True
logistic_engineered,20232024,20242025,20242025,2024020041,2024-10-13,VGK,ANA,1,0.71247,0.28753,VGK,1,single,season_regime,middle,hybrid_exponential,1.0,650.0,0.1,True,hybrid_exponential,1.0,650.0,0.1,True
logistic_engineered,20232024,20242025,20242025,2024020042,2024-10-14,BOS,FLA,0,0.593972,0.406028,BOS,0,single,season_regime,middle,hybrid_exponential,1.0,650.0,0.1,True,hybrid_exponential,1.0,650.0,0.1,True
logistic_engineered,20232024,20242025,20242025,2024020043,2024-10-14,OTT,LAK,1,0.27472,0.72528,LAK,0,single,season_regime,middle,hybrid_exponential,1.0,650.0,0.1,True,hybrid_exponential,1.0,650.0,0.1,True
logistic_engineered,20232024,20242025,20242025,2024020044,2024-10-14,NJD,UTA,1,0.453083,0.546917,UTA,0,single,season_regime,middle,hybrid_exponential,1.0,650.0,0.1,True,hybrid_exponential,1.0,650.0,0.1,True
logistic_engineered,20232024,20242025,20242025,2024020045,2024-10-14,NYR,DET,1,0.621744,0.378256,NYR,1,single,season_regime,middle,hybrid_exponential,1.0,650.0,0.1,True,hybrid_exponential,1.0,650.0,0.1,True
logistic_engineered,20232024,20242025,20242025,2024020046,2024-10-14,MTL,PIT,0,0.570463,0.429537,MTL,0,single,season_regime,middle,hybrid_exponential,1.0,650.0,0.1,True,hybrid_exponential,1.0,650.0,0.1,True
logistic_engineered,20232024,20242025,20242025,2024020047,2024-10-14,COL,NYI,0,0.49673,0.50327,NYI,1,single,season_regime,middle,hybrid_exponential,1.0,650.0,0.1,True,hybrid_exponential,1.0,650.0,0.1,True
logistic_engineered,20232024,20242025,20242025,2024020048,2024-10-15,TBL,VAN,1,0.717223,0.282777,TBL,1,single,season_regime,middle,hybrid_exponential,1.0,650.0,0.1,True,hybrid_exponential,1.0,650.0,0.1,True
logistic_engineered,20232024,20242025,20242025,2024020049,2024-10-15,WSH,VGK,1,0.386393,0.613607,VGK,0,single,season_regime,middle,hybrid_exponential,1.0,650.0,0.1,True,hybrid_exponential,1.0,650.0,0.1,True
logistic_engineered,20232024,20242025,20242025,2024020050,2024-10-15,CAR,NJD,1,0.521335,0.478665,CAR,1,single,season_regime,middle,hybrid_exponential,1.0,650.0,0.1,True,hybrid_exponential,1.0,650.0,0.1,True
logistic_engineered,20232024,20242025,20242025,2024020051,2024-10-15,CBJ,FLA,0,0.441534,0.558466,FLA,1,single,season_regime,middle,hybrid_exponential,1.0,650.0,0.1,True,hybrid_exponential,1.0,650.0,0.1,True
logistic_engineered,20232024,20242025,20242025,2024020052,2024-10-15,STL,MIN,0,0.581229,0.418771,STL,0,single,season_regime,middle,hybrid_exponential,1.0,650.0,0.1,True,hybrid_exponential,1.0,650.0,0.1,True
logistic_engineered,20232024,20242025,20242025,2024020053,2024-10-15,NSH,SEA,0,0.557847,0.442153,NSH,0,single,season_regime,middle,hybrid_exponential,1.0,650.0,0.1,True,hybrid_exponential,1.0,650.0,0.1,True
logistic_engineered,20232024,20242025,20242025,2024020054,2024-10-15,DAL,SJS,1,0.817076,0.182924,DAL,1,single,season_regime,middle,hybrid_exponential,1.0,650.0,0.1,True,hybrid_exponential,1.0,650.0,0.1,True
logistic_engineered,20232024,20242025,20242025,2024020055,2024-10-15,CGY,CHI,1,0.640348,0.359652,CGY,1,single,season_regime,middle,hybrid_exponential,1.0,650.0,0.1,True,hybrid_exponential,1.0,650.0,0.1,True
logistic_engineered,20232024,20242025,20242025,2024020056,2024-10-15,EDM,PHI,1,0.443792,0.556208,PHI,0,single,season_regime,middle,hybrid_exponential,1.0,650.0,0.1,True,hybrid_exponential,1.0,650.0,0.1,True
logistic_engineered,20232024,20242025,20242025,2024020057,2024-10-16,PIT,BUF,1,0.34574,0.65426,BUF,0,single,season_regime,middle,hybrid_exponential,1.0,650.0,0.1,True,hybrid_exponential,1.0,650.0,0.1,True
logistic_engineered,20232024,20242025,20242025,2024020058,2024-10-16,TOR,LAK,1,0.793607,0.206393,TOR,1,single,season_regime,middle,hybrid_exponential,1.0,650.0,0.1,True,hybrid_exponential,1.0,650.0,0.1,True
logistic_engineered,20232024,20242025,20242025,2024020059,2024-10-16,COL,BOS,0,0.504771,0.495229,COL,0,single,season_regime,middle,hybrid_exponential,1.0,650.0,0.1,True,hybrid_exponential,1.0,650.0,0.1,True
logistic_engineered,20232024,20242025,20242025,2024020060,2024-10-16,ANA,UTA,1,0.467144,0.532856,UTA,0,single,season_regime,middle,hybrid_exponential,1.0,650.0,0.1,True,hybrid_exponential,1.0,650.0,0.1,True
logistic_engineered,20232024,20242025,20242025,2024020061,2024-10-17,MTL,LAK,0,0.556961,0.443039,MTL,0,single,season_regime,middle,hybrid_exponential,1.0,650.0,0.1,True,hybrid_exponential,1.0,650.0,0.1,True
logistic_engineered,20232024,20242025,20242025,2024020062,2024-10-17,OTT,NJD,0,0.514192,0.485808,OTT,0,single,season_regime,middle,hybrid_exponential,1.0,650.0,0.1,True,hybrid_exponential,1.0,650.0,0.1,True
logistic_engineered,20232024,20242025,20242025,2024020063,2024-10-17,DET,NYR,0,0.169342,0.830658,NYR,1,single,season_regime,middle,hybrid_exponential,1.0,650.0,0.1,True,hybrid_exponential,1.0,650.0,0.1,True
logistic_engineered,20232024,20242025,20242025,2024020064,2024-10-17,TBL,VGK,1,0.595077,0.404923,TBL,1,single,season_regime,middle,hybrid_exponential,1.0,650.0,0.1,True,hybrid_exponential,1.0,650.0,0.1,True
logistic_engineered,20232024,20242025,20242025,2024020065,2024-10-17,FLA,VAN,0,0.61061,0.38939,FLA,0,single,season_regime,middle,hybrid_exponential,1.0,650.0,0.1,True,hybrid_exponential,1.0,650.0,0.1,True
logistic_engineered,20232024,20242025,20242025,2024020066,2024-10-17,WSH,DAL,1,0.38357,0.61643,DAL,0,single,season_regime,middle,hybrid_exponential,1.0,650.0,0.1,True,hybrid_exponential,1.0,650.0,0.1,True
logistic_engineered,20232024,20242025,20242025,2024020067,2024-10-17,CBJ,BUF,1,0.576612,0.423388,CBJ,1,single,season_regime,middle,hybrid_exponential,1.0,650.0,0.1,True,hybrid_exponential,1.0,650.0,0.1,True
logistic_engineered,20232024,20242025,20242025,2024020068,2024-10-17,STL,NYI,1,0.535397,0.464603,STL,1,single,season_regime,middle,hybrid_exponential,1.0,650.0,0.1,True,hybrid_exponential,1.0,650.0,0.1,True
logistic_engineered,20232024,20242025,20242025,2024020069,2024-10-17,NSH,EDM,0,0.541243,0.458757,NSH,0,single,season_regime,middle,hybrid_exponential,1.0,650.0,0.1,True,hybrid_exponential,1.0,650.0,0.1,True
logistic_engineered,20232024,20242025,20242025,2024020070,2024-10-17,CHI,SJS,1,0.586413,0.413587,CHI,1,single,season_regime,middle,hybrid_exponential,1.0,650.0,0.1,True,hybrid_exponential,1.0,650.0,0.1,True
logistic_engineered,20232024,20242025,20242025,2024020071,2024-10-17,SEA,PHI,1,0.773487,0.226513,SEA,1,single,season_regime,middle,hybrid_exponential,1.0,650.0,0.1,True,hybrid_exponential,1.0,650.0,0.1,True
logistic_engineered,20232024,20242025,20242025,2024020072,2024-10-18,PIT,CAR,0,0.528713,0.471287,PIT,0,single,season_regime,middle,hybrid_exponential,1.0,650.0,0.1,True,hybrid_exponential,1.0,650.0,0.1,True
logistic_engineered,20232024,20242025,20242025,2024020073,2024-10-18,WPG,SJS,1,0.947093,0.052907,WPG,1,single,season_regime,middle,hybrid_exponential,1.0,650.0,0.1,True,hybrid_exponential,1.0,650.0,0.1,True
logistic_engineered,20232024,20242025,20242025,2024020074,2024-10-18,COL,ANA,1,0.582379,0.417621,COL,1,single,season_regime,middle,hybrid_exponential,1.0,650.0,0.1,True,hybrid_exponential,1.0,650.0,0.1,True
logistic_engineered,20232024,20242025,20242025,2024020075,2024-10-19,OTT,TBL,1,0.429127,0.570873,TBL,0,single,season_regime,middle,hybrid_exponential,1.0,650.0,0.1,True,hybrid_exponential,1.0,650.0,0.1,True
logistic_engineered,20232024,20242025,20242025,2024020076,2024-10-19,NSH,DET,0,0.544389,0.455611,NSH,0,single,season_regime,middle,hybrid_exponential,1.0,650.0,0.1,True,hybrid_exponential,1.0,650.0,0.1,True
logistic_engineered,20232024,20242025,20242025,2024020077,2024-10-19,DAL,EDM,1,0.631088,0.368912,DAL,1,single,season_regime,middle,hybrid_exponential,1.0,650.0,0.1,True,hybrid_exponential,1.0,650.0,0.1,True
logistic_engineered,20232024,20242025,20242025,2024020078,2024-10-19,FLA,VGK,1,0.775563,0.224437,FLA,1,single,season_regime,middle,hybrid_exponential,1.0,650.0,0.1,True,hybrid_exponential,1.0,650.0,0.1,True
logistic_engineered,20232024,20242025,20242025,2024020079,2024-10-19,TOR,NYR,0,0.517809,0.482191,TOR,0,single,season_regime,middle,hybrid_exponential,1.0,650.0,0.1,True,hybrid_exponential,1.0,650.0,0.1,True
logistic_engineered,20232024,20242025,20242025,2024020080,2024-10-19,NJD,WSH,0,0.611103,0.388897,NJD,0,single,season_regime,middle,hybrid_exponential,1.0,650.0,0.1,True,hybrid_exponential,1.0,650.0,0.1,True
logistic_engineered,20232024,20242025,20242025,2024020081,2024-10-19,NYI,MTL,1,0.605462,0.394538,NYI,1,single,season_regime,middle,hybrid_exponential,1.0,650.0,0.1,True,hybrid_exponential,1.0,650.0,0.1,True
logistic_engineered,20232024,20242025,20242025,2024020082,2024-10-19,PHI,VAN,0,0.450195,0.549805,VAN,1,single,season_regime,middle,hybrid_exponential,1.0,650.0,0.1,True,hybrid_exponential,1.0,650.0,0.1,True
logistic_engineered,20232024,20242025,20242025,2024020083,2024-10-19,CBJ,MIN,0,0.463156,0.536844,MIN,1,single,season_regime,middle,hybrid_exponential,1.0,650.0,0.1,True,hybrid_exponential,1.0,650.0,0.1,True
logistic_engineered,20232024,20242025,20242025,2024020084,2024-10-19,STL,CAR,1,0.507513,0.492487,STL,1,single,season_regime,middle,hybrid_exponential,1.0,650.0,0.1,True,hybrid_exponential,1.0,650.0,0.1,True
logistic_engineered,20232024,20242025,20242025,2024020085,2024-10-19,CHI,BUF,0,0.459846,0.540154,BUF,1,single,season_regime,middle,hybrid_exponential,1.0,650.0,0.1,True,hybrid_exponential,1.0,650.0,0.1,True
logistic_engineered,20232024,20242025,20242025,2024020086,2024-10-19,UTA,BOS,1,0.516727,0.483273,UTA,1,single,season_regime,middle,hybrid_exponential,1.0,650.0,0.1,True,hybrid_exponential,1.0,650.0,0.1,True
logistic_engineered,20232024,20242025,20242025,2024020087,2024-10-19,SEA,CGY,1,0.430019,0.569981,CGY,0,single,season_regime,middle,hybrid_exponential,1.0,650.0,0.1,True,hybrid_exponential,1.0,650.0,0.1,True
logistic_engineered,20232024,20242025,20242025,2024020088,2024-10-20,WPG,PIT,1,0.67459,0.32541,WPG,1,single,season_regime,middle,hybrid_exponential,1.0,650.0,0.1,True,hybrid_exponential,1.0,650.0,0.1,True
logistic_engineered,20232024,20242025,20242025,2024020089,2024-10-20,SJS,COL,0,0.275961,0.724039,COL,1,single,season_regime,middle,hybrid_exponential,1.0,650.0,0.1,True,hybrid_exponential,1.0,650.0,0.1,True
logistic_engineered,20232024,20242025,20242025,2024020090,2024-10-20,ANA,LAK,0,0.423128,0.576872,LAK,1,single,season_regime,middle,hybrid_exponential,1.0,650.0,0.1,True,hybrid_exponential,1.0,650.0,0.1,True
logistic_engineered,20232024,20242025,20242025,2024020091,2024-10-21,TOR,TBL,1,0.757181,0.242819,TOR,1,single,season_regime,middle,hybrid_exponential,1.0,650.0,0.1,True,hybrid_exponential,1.0,650.0,0.1,True
logistic_engineered,20232024,20242025,20242025,2024020092,2024-10-22,PHI,WSH,0,0.428358,0.571642,WSH,1,single,season_regime,middle,hybrid_exponential,1.0,650.0,0.1,True,hybrid_exponential,1.0,650.0,0.1,True
logistic_engineered,20232024,20242025,20242025,2024020093,2024-10-22,FLA,MIN,0,0.322288,0.677712,MIN,1,single,season_regime,middle,hybrid_exponential,1.0,650.0,0.1,True,hybrid_exponential,1.0,650.0,0.1,True
logistic_engineered,20232024,20242025,20242025,2024020094,2024-10-22,NJD,TBL,0,0.633361,0.366639,NJD,0,single,season_regime,middle,hybrid_exponential,1.0,650.0,0.1,True,hybrid_exponential,1.0,650.0,0.1,True
logistic_engineered,20232024,20242025,20242025,2024020095,2024-10-22,BUF,DAL,1,0.390622,0.609378,DAL,0,single,season_regime,middle,hybrid_exponential,1.0,650.0,0.1,True,hybrid_exponential,1.0,650.0,0.1,True
logistic_engineered,20232024,20242025,20242025,2024020096,2024-10-22,MTL,NYR,0,0.168241,0.831759,NYR,1,single,season_regime,middle,hybrid_exponential,1.0,650.0,0.1,True,hybrid_exponential,1.0,650.0,0.1,True
logistic_engineered,20232024,20242025,20242025,2024020097,2024-10-22,CBJ,TOR,1,0.414194,0.585806,TOR,0,single,season_regime,middle,hybrid_exponential,1.0,650.0,0.1,True,hybrid_exponential,1.0,650.0,0.1,True
logistic_engineered,20232024,20242025,20242025,2024020098,2024-10-22,NYI,DET,0,0.546267,0.453733,NYI,0,single,season_regime,middle,hybrid_exponential,1.0,650.0,0.1,True,hybrid_exponential,1.0,650.0,0.1,True
logistic_engineered,20232024,20242025,20242025,2024020099,2024-10-22,STL,WPG,0,0.37977,0.62023,WPG,1,single,season_regime,middle,hybrid_exponential,1.0,650.0,0.1,True,hybrid_exponential,1.0,650.0,0.1,True
logistic_engineered,20232024,20242025,20242025,2024020100,2024-10-22,CHI,VAN,0,0.351537,0.648463,VAN,1,single,season_regime,middle,hybrid_exponential,1.0,650.0,0.1,True,hybrid_exponential,1.0,650.0,0.1,True
logistic_engineered,20232024,20242025,20242025,2024020101,2024-10-22,NSH,BOS,1,0.562211,0.437789,NSH,1,single,season_regime,middle,hybrid_exponential,1.0,650.0,0.1,True,hybrid_exponential,1.0,650.0,0.1,True
logistic_engineered,20232024,20242025,20242025,2024020102,2024-10-22,CGY,PIT,1,0.610905,0.389095,CGY,1,single,season_regime,middle,hybrid_exponential,1.0,650.0,0.1,True,hybrid_exponential,1.0,650.0,0.1,True
logistic_engineered,20232024,20242025,20242025,2024020103,2024-10-22,EDM,CAR,0,0.513876,0.486124,EDM,0,single,season_regime,middle,hybrid_exponential,1.0,650.0,0.1,True,hybrid_exponential,1.0,650.0,0.1,True
logistic_engineered,20232024,20242025,20242025,2024020104,2024-10-22,UTA,OTT,0,0.370199,0.629801,OTT,1,single,season_regime,middle,hybrid_exponential,1.0,650.0,0.1,True,hybrid_exponential,1.0,650.0,0.1,True
logistic_engineered,20232024,20242025,20242025,2024020105,2024-10-22,ANA,SJS,1,0.702668,0.297332,ANA,1,single,season_regime,middle,hybrid_exponential,1.0,650.0,0.1,True,hybrid_exponential,1.0,650.0,0.1,True
logistic_engineered,20232024,20242025,20242025,2024020106,2024-10-22,SEA,COL,0,0.544111,0.455889,SEA,0,single,season_regime,middle,hybrid_exponential,1.0,650.0,0.1,True,hybrid_exponential,1.0,650.0,0.1,True
logistic_engineered,20232024,20242025,20242025,2024020107,2024-10-22,VGK,LAK,1,0.545787,0.454213,VGK,1,single,season_regime,middle,hybrid_exponential,1.0,650.0,0.1,True,hybrid_exponential,1.0,650.0,0.1,True
logistic_engineered,20232024,20242025,20242025,2024020108,2024-10-23,WSH,PHI,1,0.649734,0.350266,WSH,1,single,season_regime,middle,hybrid_exponential,1.0,650.0,0.1,True,hybrid_exponential,1.0,650.0,0.1,True
logistic_engineered,20232024,20242025,20242025,2024020109,2024-10-24,BOS,DAL,0,0.449567,0.550433,DAL,1,single,season_regime,middle,hybrid_exponential,1.0,650.0,0.1,True,hybrid_exponential,1.0,650.0,0.1,True
logistic_engineered,20232024,20242025,20242025,2024020110,2024-10-24,TOR,STL,0,0.62822,0.37178,TOR,0,single,season_regime,middle,hybrid_exponential,1.0,650.0,0.1,True,hybrid_exponential,1.0,650.0,0.1,True
logistic_engineered,20232024,20242025,20242025,2024020111,2024-10-24,DET,NJD,1,0.550974,0.449026,DET,1,single,season_regime,middle,hybrid_exponential,1.0,650.0,0.1,True,hybrid_exponential,1.0,650.0,0.1,True
logistic_engineered,20232024,20242025,20242025,2024020112,2024-10-24,TBL,MIN,0,0.458461,0.541539,MIN,1,single,season_regime,middle,hybrid_exponential,1.0,650.0,0.1,True,hybrid_exponential,1.0,650.0,0.1,True
logistic_engineered,20232024,20242025,20242025,2024020113,2024-10-24,NYR,FLA,0,0.614308,0.385692,NYR,0,single,season_regime,middle,hybrid_exponential,1.0,650.0,0.1,True,hybrid_exponential,1.0,650.0,0.1,True
logistic_engineered,20232024,20242025,20242025,2024020114,2024-10-24,CGY,CAR,0,0.497522,0.502478,CAR,1,single,season_regime,middle,hybrid_exponential,1.0,650.0,0.1,True,hybrid_exponential,1.0,650.0,0.1,True
logistic_engineered,20232024,20242025,20242025,2024020115,2024-10-24,UTA,COL,0,0.593142,0.406858,UTA,0,single,season_regime,middle,hybrid_exponential,1.0,650.0,0.1,True,hybrid_exponential,1.0,650.0,0.1,True
logistic_engineered,20232024,20242025,20242025,2024020116,2024-10-24,SEA,WPG,0,0.322219,0.677781,WPG,1,single,season_regime,middle,hybrid_exponential,1.0,650.0,0.1,True,hybrid_exponential,1.0,650.0,0.1,True
logistic_engineered,20232024,20242025,20242025,2024020117,2024-10-24,LAK,SJS,1,0.758432,0.241568,LAK,1,single,season_regime,middle,hybrid_exponential,1.0,650.0,0.1,True,hybrid_exponential,1.0,650.0,0.1,True
logistic_engineered,20232024,20242025,20242025,2024020118,2024-10-25,VGK,OTT,1,0.591841,0.408159,VGK,1,single,season_regime,middle,hybrid_exponential,1.0,650.0,0.1,True,hybrid_exponential,1.0,650.0,0.1,True
logistic_engineered,20232024,20242025,20242025,2024020119,2024-10-25,NJD,NYI,0,0.406529,0.593471,NYI,1,single,season_regime,middle,hybrid_exponential,1.0,650.0,0.1,True,hybrid_exponential,1.0,650.0,0.1,True
logistic_engineered,20232024,20242025,20242025,2024020120,2024-10-25,CHI,NSH,0,0.402583,0.597417,NSH,1,single,season_regime,middle,hybrid_exponential,1.0,650.0,0.1,True,hybrid_exponential,1.0,650.0,0.1,True
logistic_engineered,20232024,20242025,20242025,2024020121,2024-10-25,EDM,PIT,1,0.600825,0.399175,EDM,1,single,season_regime,middle,hybrid_exponential,1.0,650.0,0.1,True,hybrid_exponential,1.0,650.0,0.1,True
logistic_engineered,20232024,20242025,20242025,2024020122,2024-10-26,BUF,DET,1,0.522175,0.477825,BUF,1,single,season_regime,middle,hybrid_exponential,1.0,650.0,0.1,True,hybrid_exponential,1.0,650.0,0.1,True
logistic_engineered,20232024,20242025,20242025,2024020123,2024-10-26,PHI,MIN,1,0.387663,0.612337,MIN,0,single,season_regime,middle,hybrid_exponential,1.0,650.0,0.1,True,hybrid_exponential,1.0,650.0,0.1,True
logistic_engineered,20232024,20242025,20242025,2024020124,2024-10-26,LAK,UTA,1,0.588182,0.411818,LAK,1,single,season_regime,middle,hybrid_exponential,1.0,650.0,0.1,True,hybrid_exponential,1.0,650.0,0.1,True
logistic_engineered,20232024,20242025,20242025,2024020125,2024-10-26,BOS,TOR,1,0.560881,0.439119,BOS,1,single,season_regime,middle,hybrid_exponential,1.0,650.0,0.1,True,hybrid_exponential,1.0,650.0,0.1,True
logistic_engineered,20232024,20242025,20242025,2024020126,2024-10-26,MTL,STL,1,0.471219,0.528781,STL,0,single,season_regime,middle,hybrid_exponential,1.0,650.0,0.1,True,hybrid_exponential,1.0,650.0,0.1,True
logistic_engineered,20232024,20242025,20242025,2024020127,2024-10-26,TBL,WSH,1,0.604212,0.395788,TBL,1,single,season_regime,middle,hybrid_exponential,1.0,650.0,0.1,True,hybrid_exponential,1.0,650.0,0.1,True
logistic_engineered,20232024,20242025,20242025,2024020128,2024-10-26,NYR,ANA,1,0.764363,0.235637,NYR,1,single,season_regime,middle,hybrid_exponential,1.0,650.0,0.1,True,hybrid_exponential,1.0,650.0,0.1,True
logistic_engineered,20232024,20242025,20242025,2024020129,2024-10-26,CGY,WPG,0,0.365491,0.634509,WPG,1,single,season_regime,middle,hybrid_exponential,1.0,650.0,0.1,True,hybrid_exponential,1.0,650.0,0.1,True
logistic_engineered,20232024,20242025,20242025,2024020130,2024-10-26,NYI,FLA,0,0.367064,0.632936,FLA,1,single,season_regime,middle,hybrid_exponential,1.0,650.0,0.1,True,hybrid_exponential,1.0,650.0,0.1,True
logistic_engineered,20232024,20242025,20242025,2024020131,2024-10-26,NSH,CBJ,1,0.510492,0.489508,NSH,1,single,season_regime,middle,hybrid_exponential,1.0,650.0,0.1,True,hybrid_exponential,1.0,650.0,0.1,True
logistic_engineered,20232024,20242025,20242025,2024020132,2024-10-26,DAL,CHI,1,0.836439,0.163561,DAL,1,single,season_regime,middle,hybrid_exponential,1.0,650.0,0.1,True,hybrid_exponential,1.0,650.0,0.1,True
logistic_engineered,20232024,20242025,20242025,2024020133,2024-10-26,VAN,PIT,1,0.698452,0.301548,VAN,1,single,season_regime,middle,hybrid_exponential,1.0,650.0,0.1,True,hybrid_exponential,1.0,650.0,0.1,True
logistic_engineered,20232024,20242025,20242025,2024020134,2024-10-26,VGK,SJS,1,0.771783,0.228217,VGK,1,single,season_regime,middle,hybrid_exponential,1.0,650.0,0.1,True,hybrid_exponential,1.0,650.0,0.1,True
logistic_engineered,20232024,20242025,20242025,2024020135,2024-10-26,SEA,CAR,0,0.39244,0.60756,CAR,1,single,season_regime,middle,hybrid_exponential,1.0,650.0,0.1,True,hybrid_exponential,1.0,650.0,0.1,True
logistic_engineered,20232024,20242025,20242025,2024020136,2024-10-27,DET,EDM,0,0.402109,0.597891,EDM,1,single,season_regime,middle,hybrid_exponential,1.0,650.0,0.1,True,hybrid_exponential,1.0,650.0,0.1,True
logistic_engineered,20232024,20242025,20242025,2024020137,2024-10-27,NJD,ANA,1,0.65805,0.34195,NJD,1,single,season_regime,middle,hybrid_exponential,1.0,650.0,0.1,True,hybrid_exponential,1.0,650.0,0.1,True
logistic_engineered,20232024,20242025,20242025,2024020138,2024-10-27,PHI,MTL,0,0.655909,0.344091,PHI,0,single,season_regime,middle,hybrid_exponential,1.0,650.0,0.1,True,hybrid_exponential,1.0,650.0,0.1,True
logistic_engineered,20232024,20242025,20242025,2024020139,2024-10-27,COL,OTT,1,0.813119,0.186881,COL,1,single,season_regime,middle,hybrid_exponential,1.0,650.0,0.1,True,hybrid_exponential,1.0,650.0,0.1,True
logistic_engineered,20232024,20242025,20242025,2024020140,2024-10-28,BUF,FLA,0,0.390742,0.609258,FLA,1,single,season_regime,middle,hybrid_exponential,1.0,650.0,0.1,True,hybrid_exponential,1.0,650.0,0.1,True
logistic_engineered,20232024,20242025,20242025,2024020141,2024-10-28,TBL,NSH,1,0.616943,0.383057,TBL,1,single,season_regime,middle,hybrid_exponential,1.0,650.0,0.1,True,hybrid_exponential,1.0,650.0,0.1,True
logistic_engineered,20232024,20242025,20242025,2024020142,2024-10-28,CBJ,EDM,1,0.497844,0.502156,EDM,0,single,season_regime,middle,hybrid_exponential,1.0,650.0,0.1,True,hybrid_exponential,1.0,650.0,0.1,True
logistic_engineered,20232024,20242025,20242025,2024020143,2024-10-28,WPG,TOR,0,0.662495,0.337505,WPG,0,single,season_regime,middle,hybrid_exponential,1.0,650.0,0.1,True,hybrid_exponential,1.0,650.0,0.1,True
logistic_engineered,20232024,20242025,20242025,2024020144,2024-10-28,COL,CHI,0,0.673571,0.326429,COL,0,single,season_regime,middle,hybrid_exponential,1.0,650.0,0.1,True,hybrid_exponential,1.0,650.0,0.1,True
logistic_engineered,20232024,20242025,20242025,2024020145,2024-10-28,UTA,SJS,0,0.775577,0.224423,UTA,0,single,season_regime,middle,hybrid_exponential,1.0,650.0,0.1,True,hybrid_exponential,1.0,650.0,0.1,True
logistic_engineered,20232024,20242025,20242025,2024020146,2024-10-28,VAN,CAR,0,0.460276,0.539724,CAR,1,single,season_regime,middle,hybrid_exponential,1.0,650.0,0.1,True,hybrid_exponential,1.0,650.0,0.1,True
logistic_engineered,20232024,20242025,20242025,2024020147,2024-10-28,VGK,CGY,1,0.536145,0.463855,VGK,1,single,season_regime,middle,hybrid_exponential,1.0,650.0,0.1,True,hybrid_exponential,1.0,650.0,0.1,True
logistic_engineered,20232024,20242025,20242025,2024020148,2024-10-29,BOS,PHI,0,0.664127,0.335873,BOS,0,single,season_regime,middle,hybrid_exponential,1.0,650.0,0.1,True,hybrid_exponential,1.0,650.0,0.1,True
logistic_engineered,20232024,20242025,20242025,2024020149,2024-10-29,MTL,SEA,0,0.229033,0.770967,SEA,1,single,season_regime,middle,hybrid_exponential,1.0,650.0,0.1,True,hybrid_exponential,1.0,650.0,0.1,True
logistic_engineered,20232024,20242025,20242025,2024020150,2024-10-29,OTT,STL,1,0.725331,0.274669,OTT,1,single,season_regime,middle,hybrid_exponential,1.0,650.0,0.1,True,hybrid_exponential,1.0,650.0,0.1,True
logistic_engineered,20232024,20242025,20242025,2024020151,2024-10-29,WSH,NYR,1,0.421644,0.578356,NYR,0,single,season_regime,middle,hybrid_exponential,1.0,650.0,0.1,True,hybrid_exponential,1.0,650.0,0.1,True
logistic_engineered,20232024,20242025,20242025,2024020152,2024-10-29,NYI,ANA,0,0.655062,0.344938,NYI,0,single,season_regime,middle,hybrid_exponential,1.0,650.0,0.1,True,hybrid_exponential,1.0,650.0,0.1,True
logistic_engineered,20232024,20242025,20242025,2024020153,2024-10-29,PIT,MIN,0,0.438473,0.561527,MIN,1,single,season_regime,middle,hybrid_exponential,1.0,650.0,0.1,True,hybrid_exponential,1.0,650.0,0.1,True
logistic_engineered,20232024,20242025,20242025,2024020154,2024-10-29,SJS,LAK,1,0.286778,0.713222,LAK,0,single,season_regime,middle,hybrid_exponential,1.0,650.0,0.1,True,hybrid_exponential,1.0,650.0,0.1,True
logistic_engineered,20232024,20242025,20242025,2024020155,2024-10-30,CBJ,NYI,1,0.621719,0.378281,CBJ,1,single,season_regime,middle,hybrid_exponential,1.0,650.0,0.1,True,hybrid_exponential,1.0,650.0,0.1,True
logistic_engineered,20232024,20242025,20242025,2024020156,2024-10-30,DET,WPG,0,0.378534,0.621466,WPG,1,single,season_regime,middle,hybrid_exponential,1.0,650.0,0.1,True,hybrid_exponential,1.0,650.0,0.1,True
logistic_engineered,20232024,20242025,20242025,2024020157,2024-10-30,COL,TBL,0,0.436414,0.563586,TBL,1,single,season_regime,middle,hybrid_exponential,1.0,650.0,0.1,True,hybrid_exponential,1.0,650.0,0.1,True
logistic_engineered,20232024,20242025,20242025,2024020158,2024-10-30,UTA,CGY,1,0.560937,0.439063,UTA,1,single,season_regime,middle,hybrid_exponential,1.0,650.0,0.1,True,hybrid_exponential,1.0,650.0,0.1,True
logistic_engineered,20232024,20242025,20242025,2024020159,2024-10-30,VAN,NJD,0,0.599199,0.400801,VAN,0,single,season_regime,middle,hybrid_exponential,1.0,650.0,0.1,True,hybrid_exponential,1.0,650.0,0.1,True
logistic_engineered,20232024,20242025,20242025,2024020160,2024-10-30,LAK,VGK,1,0.440563,0.559437,VGK,0,single,season_regime,middle,hybrid_exponential,1.0,650.0,0.1,True,hybrid_exponential,1.0,650.0,0.1,True
logistic_engineered,20232024,20242025,20242025,2024020161,2024-10-31,TOR,SEA,1,0.573138,0.426862,TOR,1,single,season_regime,middle,hybrid_exponential,1.0,650.0,0.1,True,hybrid_exponential,1.0,650.0,0.1,True
logistic_engineered,20232024,20242025,20242025,2024020162,2024-10-31,PHI,STL,1,0.518525,0.481475,PHI,1,single,season_regime,middle,hybrid_exponential,1.0,650.0,0.1,True,hybrid_exponential,1.0,650.0,0.1,True
logistic_engineered,20232024,20242025,20242025,2024020163,2024-10-31,PIT,ANA,1,0.63206,0.36794,PIT,1,single,season_regime,middle,hybrid_exponential,1.0,650.0,0.1,True,hybrid_exponential,1.0,650.0,0.1,True
logistic_engineered,20232024,20242025,20242025,2024020164,2024-10-31,WSH,MTL,1,0.693085,0.306915,WSH,1,single,season_regime,middle,hybrid_exponential,1.0,650.0,0.1,True,hybrid_exponential,1.0,650.0,0.1,True
logistic_engineered,20232024,20242025,20242025,2024020165,2024-10-31,CAR,BOS,1,0.806536,0.193464,CAR,1,single,season_regime,middle,hybrid_exponential,1.0,650.0,0.1,True,hybrid_exponential,1.0,650.0,0.1,True
logistic_engineered,20232024,20242025,20242025,2024020166,2024-10-31,NSH,EDM,0,0.479078,0.520922,EDM,1,single,season_regime,middle,hybrid_exponential,1.0,650.0,0.1,True,hybrid_exponential,1.0,650.0,0.1,True
logistic_engineered,20232024,20242025,20242025,2024020167,2024-10-31,SJS,CHI,1,0.378229,0.621771,CHI,0,single,season_regime,middle,hybrid_exponential,1.0,650.0,0.1,True,hybrid_exponential,1.0,650.0,0.1,True
logistic_engineered,20232024,20242025,20242025,2024020168,2024-11-01,DAL,FLA,0,0.565382,0.434618,DAL,0,single,season_regime,middle,hybrid_exponential,1.0,650.0,0.1,True,hybrid_exponential,1.0,650.0,0.1,True
logistic_engineered,20232024,20242025,20242025,2024020169,2024-11-01,BUF,NYI,0,0.622944,0.377056,BUF,0,single,season_regime,middle,hybrid_exponential,1.0,650.0,0.1,True,hybrid_exponential,1.0,650.0,0.1,True
logistic_engineered,20232024,20242025,20242025,2024020170,2024-11-01,NYR,OTT,1,0.651526,0.348474,NYR,1,single,season_regime,middle,hybrid_exponential,1.0,650.0,0.1,True,hybrid_exponential,1.0,650.0,0.1,True
logistic_engineered,20232024,20242025,20242025,2024020171,2024-11-01,CBJ,WPG,0,0.339874,0.660126,WPG,1,single,season_regime,middle,hybrid_exponential,1.0,650.0,0.1,True,hybrid_exponential,1.0,650.0,0.1,True
logistic_engineered,20232024,20242025,20242025,2024020172,2024-11-01,MIN,TBL,1,0.485901,0.514099,TBL,0,single,season_regime,middle,hybrid_exponential,1.0,650.0,0.1,True,hybrid_exponential,1.0,650.0,0.1,True
logistic_engineered,20232024,20242025,20242025,2024020173,2024-11-01,CGY,NJD,1,0.491799,0.508201,NJD,0,single,season_regime,middle,hybrid_exponential,1.0,650.0,0.1,True,hybrid_exponential,1.0,650.0,0.1,True
logistic_engineered,20232024,20242025,20242025,2024020174,2024-11-02,FLA,DAL,1,0.56173,0.43827,FLA,1,single,season_regime,middle,hybrid_exponential,1.0,650.0,0.1,True,hybrid_exponential,1.0,650.0,0.1,True
logistic_engineered,20232024,20242025,20242025,2024020175,2024-11-02,PHI,BOS,0,0.248101,0.751899,BOS,1,single,season_regime,middle,hybrid_exponential,1.0,650.0,0.1,True,hybrid_exponential,1.0,650.0,0.1,True
logistic_engineered,20232024,20242025,20242025,2024020176,2024-11-02,LAK,CHI,0,0.731227,0.268773,LAK,0,single,season_regime,middle,hybrid_exponential,1.0,650.0,0.1,True,hybrid_exponential,1.0,650.0,0.1,True
logistic_engineered,20232024,20242025,20242025,2024020177,2024-11-02,WSH,CBJ,1,0.692159,0.307841,WSH,1,single,season_regime,middle,hybrid_exponential,1.0,650.0,0.1,True,hybrid_exponential,1.0,650.0,0.1,True
logistic_engineered,20232024,20242025,20242025,2024020178,2024-11-02,OTT,SEA,1,0.49037,0.50963,SEA,0,single,season_regime,middle,hybrid_exponential,1.0,650.0,0.1,True,hybrid_exponential,1.0,650.0,0.1,True
logistic_engineered,20232024,20242025,20242025,2024020179,2024-11-02,DET,BUF,1,0.611082,0.388918,DET,1,single,season_regime,middle,hybrid_exponential,1.0,650.0,0.1,True,hybrid_exponential,1.0,650.0,0.1,True
logistic_engineered,20232024,20242025,20242025,2024020180,2024-11-02,PIT,MTL,1,0.628209,0.371791,PIT,1,single,season_regime,middle,hybrid_exponential,1.0,650.0,0.1,True,hybrid_exponential,1.0,650.0,0.1,True
logistic_engineered,20232024,20242025,20242025,2024020181,2024-11-02,STL,TOR,1,0.472343,0.527657,TOR,0,single,season_regime,middle,hybrid_exponential,1.0,650.0,0.1,True,hybrid_exponential,1.0,650.0,0.1,True
logistic_engineered,20232024,20242025,20242025,2024020182,2024-11-02,NSH,COL,1,0.49227,0.50773,COL,0,single,season_regime,middle,hybrid_exponential,1.0,650.0,0.1,True,hybrid_exponential,1.0,650.0,0.1,True
logistic_engineered,20232024,20242025,20242025,2024020183,2024-11-02,VGK,UTA,1,0.617447,0.382553,VGK,1,single,season_regime,middle,hybrid_exponential,1.0,650.0,0.1,True,hybrid_exponential,1.0,650.0,0.1,True
logistic_engineered,20232024,20242025,20242025,2024020184,2024-11-02,SJS,VAN,0,0.333028,0.666972,VAN,1,single,season_regime,middle,hybrid_exponential,1.0,650.0,0.1,True,hybrid_exponential,1.0,650.0,0.1,True
logistic_engineered,20232024,20242025,20242025,2024020185,2024-11-03,NYR,NYI,1,0.706235,0.293765,NYR,1,single,season_regime,middle,hybrid_exponential,1.0,650.0,0.1,True,hybrid_exponential,1.0,650.0,0.1,True
logistic_engineered,20232024,20242025,20242025,2024020186,2024-11-03,WPG,TBL,1,0.64729,0.35271,WPG,1,single,season_regime,middle,hybrid_exponential,1.0,650.0,0.1,True,hybrid_exponential,1.0,650.0,0.1,True
logistic_engineered,20232024,20242025,20242025,2024020187,2024-11-03,BOS,SEA,1,0.458848,0.541152,SEA,0,single,season_regime,middle,hybrid_exponential,1.0,650.0,0.1,True,hybrid_exponential,1.0,650.0,0.1,True
logistic_engineered,20232024,20242025,20242025,2024020188,2024-11-03,CAR,WSH,1,0.69486,0.30514,CAR,1,single,season_regime,middle,hybrid_exponential,1.0,650.0,0.1,True,hybrid_exponential,1.0,650.0,0.1,True
logistic_engineered,20232024,20242025,20242025,2024020189,2024-11-03,MIN,TOR,1,0.581774,0.418226,MIN,1,single,season_regime,middle,hybrid_exponential,1.0,650.0,0.1,True,hybrid_exponential,1.0,650.0,0.1,True
logistic_engineered,20232024,20242025,20242025,2024020190,2024-11-03,CGY,EDM,0,0.438859,0.561141,EDM,1,single,season_regime,middle,hybrid_exponential,1.0,650.0,0.1,True,hybrid_exponential,1.0,650.0,0.1,True
logistic_engineered,20232024,20242025,20242025,2024020191,2024-11-03,ANA,CHI,0,0.584092,0.415908,ANA,0,single,season_regime,middle,hybrid_exponential,1.0,650.0,0.1,True,hybrid_exponential,1.0,650.0,0.1,True
logistic_engineered,20232024,20242025,20242025,2024020192,2024-11-04,NSH,LAK,0,0.564342,0.435658,NSH,0,single,season_regime,middle,hybrid_exponential,1.0,650.0,0.1,True,hybrid_exponential,1.0,650.0,0.1,True
logistic_engineered,20232024,20242025,20242025,2024020193,2024-11-04,EDM,NJD,0,0.451242,0.548758,NJD,1,single,season_regime,middle,hybrid_exponential,1.0,650.0,0.1,True,hybrid_exponential,1.0,650.0,0.1,True
logistic_engineered,20232024,20242025,20242025,2024020194,2024-11-05,BUF,OTT,1,0.534126,0.465874,BUF,1,single,season_regime,middle,hybrid_exponential,1.0,650.0,0.1,True,hybrid_exponential,1.0,650.0,0.1,True
logistic_engineered,20232024,20242025,20242025,2024020195,2024-11-05,TOR,BOS,1,0.478182,0.521818,BOS,0,single,season_regime,middle,hybrid_exponential,1.0,650.0,0.1,True,hybrid_exponential,1.0,650.0,0.1,True
logistic_engineered,20232024,20242025,20242025,2024020196,2024-11-05,MTL,CGY,0,0.575359,0.424641,MTL,0,single,season_regime,middle,hybrid_exponential,1.0,650.0,0.1,True,hybrid_exponential,1.0,650.0,0.1,True
logistic_engineered,20232024,20242025,20242025,2024020197,2024-11-05,CAR,PHI,1,0.708853,0.291147,CAR,1,single,season_regime,middle,hybrid_exponential,1.0,650.0,0.1,True,hybrid_exponential,1.0,650.0,0.1,True
logistic_engineered,20232024,20242025,20242025,2024020198,2024-11-05,NYI,PIT,1,0.579015,0.420985,NYI,1,single,season_regime,middle,hybrid_exponential,1.0,650.0,0.1,True,hybrid_exponential,1.0,650.0,0.1,True
logistic_engineered,20232024,20242025,20242025,2024020199,2024-11-05,STL,TBL,1,0.498479,0.501521,TBL,0,single,season_regime,middle,hybrid_exponential,1.0,650.0,0.1,True,hybrid_exponential,1.0,650.0,0.1,True
logistic_engineered,20232024,20242025,20242025,2024020200,2024-11-05,MIN,LAK,0,0.577,0.423,MIN,0,single,season_regime,middle,hybrid_exponential,1.0,650.0,0.1,True,hybrid_exponential,1.0,650.0,0.1,True
logistic_engineered,20232024,20242025,20242025,2024020201,2024-11-05,WPG,UTA,1,0.767681,0.232319,WPG,1,single,season_regime,middle,hybrid_exponential,1.0,650.0,0.1,True,hybrid_exponential,1.0,650.0,0.1,True
logistic_engineered,20232024,20242025,20242025,2024020202,2024-11-05,COL,SEA,1,0.581981,0.418019,COL,1,single,season_regime,middle,hybrid_exponential,1.0,650.0,0.1,True,hybrid_exponential,1.0,650.0,0.1,True
logistic_engineered,20232024,20242025,20242025,2024020203,2024-11-05,ANA,VAN,0,0.36201,0.63799,VAN,1,single,season_regime,middle,hybrid_exponential,1.0,650.0,0.1,True,hybrid_exponential,1.0,650.0,0.1,True
logistic_engineered,20232024,20242025,20242025,2024020204,2024-11-05,SJS,CBJ,1,0.438854,0.561146,CBJ,0,single,season_regime,middle,hybrid_exponential,1.0,650.0,0.1,True,hybrid_exponential,1.0,650.0,0.1,True
logistic_engineered,20232024,20242025,20242025,2024020205,2024-11-06,WSH,NSH,1,0.612638,0.387362,WSH,1,single,season_regime,middle,hybrid_exponential,1.0,650.0,0.1,True,hybrid_exponential,1.0,650.0,0.1,True
logistic_engineered,20232024,20242025,20242025,2024020206,2024-11-06,CHI,DET,0,0.40521,0.59479,DET,1,single,season_regime,middle,hybrid_exponential,1.0,650.0,0.1,True,hybrid_exponential,1.0,650.0,0.1,True
logistic_engineered,20232024,20242025,20242025,2024020207,2024-11-06,EDM,VGK,0,0.439965,0.560035,VGK,1,single,season_regime,middle,hybrid_exponential,1.0,650.0,0.1,True,hybrid_exponential,1.0,650.0,0.1,True
logistic_engineered,20232024,20242025,20242025,2024020208,2024-11-07,BOS,CGY,1,0.593936,0.406064,BOS,1,single,season_regime,middle,hybrid_exponential,1.0,650.0,0.1,True,hybrid_exponential,1.0,650.0,0.1,True
logistic_engineered,20232024,20242025,20242025,2024020209,2024-11-07,OTT,NYI,0,0.58376,0.41624,OTT,0,single,season_regime,middle,hybrid_exponential,1.0,650.0,0.1,True,hybrid_exponential,1.0,650.0,0.1,True
logistic_engineered,20232024,20242025,20242025,2024020210,2024-11-07,TBL,PHI,0,0.648195,0.351805,TBL,0,single,season_regime,middle,hybrid_exponential,1.0,650.0,0.1,True,hybrid_exponential,1.0,650.0,0.1,True
logistic_engineered,20232024,20242025,20242025,2024020211,2024-11-07,FLA,NSH,1,0.70992,0.29008,FLA,1,single,season_regime,middle,hybrid_exponential,1.0,650.0,0.1,True,hybrid_exponential,1.0,650.0,0.1,True
logistic_engineered,20232024,20242025,20242025,2024020212,2024-11-07,NJD,MTL,1,0.65896,0.34104,NJD,1,single,season_regime,middle,hybrid_exponential,1.0,650.0,0.1,True,hybrid_exponential,1.0,650.0,0.1,True
logistic_engineered,20232024,20242025,20242025,2024020213,2024-11-07,NYR,BUF,0,0.427795,0.572205,BUF,1,single,season_regime,middle,hybrid_exponential,1.0,650.0,0.1,True,hybrid_exponential,1.0,650.0,0.1,True
logistic_engineered,20232024,20242025,20242025,2024020214,2024-11-07,CAR,PIT,1,0.702647,0.297353,CAR,1,single,season_regime,middle,hybrid_exponential,1.0,650.0,0.1,True,hybrid_exponential,1.0,650.0,0.1,True
logistic_engineered,20232024,20242025,20242025,2024020215,2024-11-07,STL,UTA,0,0.578815,0.421185,STL,0,single,season_regime,middle,hybrid_exponential,1.0,650.0,0.1,True,hybrid_exponential,1.0,650.0,0.1,True
logistic_engineered,20232024,20242025,20242025,2024020216,2024-11-07,DAL,CHI,1,0.84662,0.15338,DAL,1,single,season_regime,middle,hybrid_exponential,1.0,650.0,0.1,True,hybrid_exponential,1.0,650.0,0.1,True
logistic_engineered,20232024,20242025,20242025,2024020217,2024-11-07,WPG,COL,1,0.660666,0.339334,WPG,1,single,season_regime,middle,hybrid_exponential,1.0,650.0,0.1,True,hybrid_exponential,1.0,650.0,0.1,True
logistic_engineered,20232024,20242025,20242025,2024020218,2024-11-07,LAK,VAN,0,0.46364,0.53636,VAN,1,single,season_regime,middle,hybrid_exponential,1.0,650.0,0.1,True,hybrid_exponential,1.0,650.0,0.1,True
logistic_engineered,20232024,20242025,20242025,2024020219,2024-11-07,SJS,MIN,0,0.352074,0.647926,MIN,1,single,season_regime,middle,hybrid_exponential,1.0,650.0,0.1,True,hybrid_exponential,1.0,650.0,0.1,True
logistic_engineered,20232024,20242025,20242025,2024020220,2024-11-08,TOR,DET,1,0.6199,0.3801,TOR,1,single,season_regime,middle,hybrid_exponential,1.0,650.0,0.1,True,hybrid_exponential,1.0,650.0,0.1,True
logistic_engineered,20232024,20242025,20242025,2024020221,2024-11-08,WSH,PIT,0,0.665869,0.334131,WSH,0,single,season_regime,middle,hybrid_exponential,1.0,650.0,0.1,True,hybrid_exponential,1.0,650.0,0.1,True
logistic_engineered,20232024,20242025,20242025,2024020222,2024-11-08,ANA,MIN,0,0.42782,0.57218,MIN,1,single,season_regime,middle,hybrid_exponential,1.0,650.0,0.1,True,hybrid_exponential,1.0,650.0,0.1,True
logistic_engineered,20232024,20242025,20242025,2024020223,2024-11-08,SEA,VGK,1,0.431706,0.568294,VGK,0,single,season_regime,middle,hybrid_exponential,1.0,650.0,0.1,True,hybrid_exponential,1.0,650.0,0.1,True
logistic_engineered,20232024,20242025,20242025,2024020224,2024-11-09,BUF,CGY,1,0.627816,0.372184,BUF,1,single,season_regime,middle,hybrid_exponential,1.0,650.0,0.1,True,hybrid_exponential,1.0,650.0,0.1,True
logistic_engineered,20232024,20242025,20242025,2024020225,2024-11-09,FLA,PHI,1,0.673091,0.326909,FLA,1,single,season_regime,middle,hybrid_exponential,1.0,650.0,0.1,True,hybrid_exponential,1.0,650.0,0.1,True
logistic_engineered,20232024,20242025,20242025,2024020226,2024-11-09,BOS,OTT,0,0.569498,0.430502,BOS,0,single,season_regime,middle,hybrid_exponential,1.0,650.0,0.1,True,hybrid_exponential,1.0,650.0,0.1,True
logistic_engineered,20232024,20242025,20242025,2024020227,2024-11-09,TOR,MTL,1,0.670764,0.329236,TOR,1,single,season_regime,middle,hybrid_exponential,1.0,650.0,0.1,True,hybrid_exponential,1.0,650.0,0.1,True
logistic_engineered,20232024,20242025,20242025,2024020228,2024-11-09,DET,NYR,0,0.327123,0.672877,NYR,1,single,season_regime,middle,hybrid_exponential,1.0,650.0,0.1,True,hybrid_exponential,1.0,650.0,0.1,True
logistic_engineered,20232024,20242025,20242025,2024020229,2024-11-09,STL,WSH,0,0.56365,0.43635,STL,0,single,season_regime,middle,hybrid_exponential,1.0,650.0,0.1,True,hybrid_exponential,1.0,650.0,0.1,True
logistic_engineered,20232024,20242025,20242025,2024020230,2024-11-09,WPG,DAL,1,0.794145,0.205855,WPG,1,single,season_regime,middle,hybrid_exponential,1.0,650.0,0.1,True,hybrid_exponential,1.0,650.0,0.1,True
logistic_engineered,20232024,20242025,20242025,2024020231,2024-11-09,NYI,NJD,0,0.497535,0.502465,NJD,1,single,season_regime,middle,hybrid_exponential,1.0,650.0,0.1,True,hybrid_exponential,1.0,650.0,0.1,True
logistic_engineered,20232024,20242025,20242025,2024020232,2024-11-09,NSH,UTA,1,0.508511,0.491489,NSH,1,single,season_regime,middle,hybrid_exponential,1.0,650.0,0.1,True,hybrid_exponential,1.0,650.0,0.1,True
logistic_engineered,20232024,20242025,20242025,2024020233,2024-11-09,COL,CAR,1,0.403739,0.596261,CAR,0,single,season_regime,middle,hybrid_exponential,1.0,650.0,0.1,True,hybrid_exponential,1.0,650.0,0.1,True
logistic_engineered,20232024,20242025,20242025,2024020234,2024-11-09,LAK,CBJ,1,0.738626,0.261374,LAK,1,single,season_regime,middle,hybrid_exponential,1.0,650.0,0.1,True,hybrid_exponential,1.0,650.0,0.1,True
logistic_engineered,20232024,20242025,20242025,2024020235,2024-11-09,VAN,EDM,0,0.258368,0.741632,EDM,1,single,season_regime,middle,hybrid_exponential,1.0,650.0,0.1,True,hybrid_exponential,1.0,650.0,0.1,True
logistic_engineered,20232024,20242025,20242025,2024020236,2024-11-10,NJD,SJS,0,0.680574,0.319426,NJD,0,single,season_regime,middle,hybrid_exponential,1.0,650.0,0.1,True,hybrid_exponential,1.0,650.0,0.1,True
logistic_engineered,20232024,20242025,20242025,2024020237,2024-11-10,CHI,MIN,1,0.361323,0.638677,MIN,0,single,season_regime,middle,hybrid_exponential,1.0,650.0,0.1,True,hybrid_exponential,1.0,650.0,0.1,True
logistic_engineered,20232024,20242025,20242025,2024020238,2024-11-10,ANA,CBJ,1,0.633165,0.366835,ANA,1,single,season_regime,middle,hybrid_exponential,1.0,650.0,0.1,True,hybrid_exponential,1.0,650.0,0.1,True
logistic_engineered,20232024,20242025,20242025,2024020239,2024-11-11,BUF,MTL,0,0.634936,0.365064,BUF,0,single,season_regime,middle,hybrid_exponential,1.0,650.0,0.1,True,hybrid_exponential,1.0,650.0,0.1,True
logistic_engineered,20232024,20242025,20242025,2024020240,2024-11-11,PHI,SJS,1,0.703302,0.296698,PHI,1,single,season_regime,middle,hybrid_exponential,1.0,650.0,0.1,True,hybrid_exponential,1.0,650.0,0.1,True
logistic_engineered,20232024,20242025,20242025,2024020241,2024-11-11,PIT,DAL,0,0.230299,0.769701,DAL,1,single,season_regime,middle,hybrid_exponential,1.0,650.0,0.1,True,hybrid_exponential,1.0,650.0,0.1,True
logistic_engineered,20232024,20242025,20242025,2024020242,2024-11-11,CGY,LAK,1,0.46561,0.53439,LAK,0,single,season_regime,middle,hybrid_exponential,1.0,650.0,0.1,True,hybrid_exponential,1.0,650.0,0.1,True
logistic_engineered,20232024,20242025,20242025,2024020243,2024-11-11,COL,NSH,1,0.571476,0.428524,COL,1,single,season_regime,middle,hybrid_exponential,1.0,650.0,0.1,True,hybrid_exponential,1.0,650.0,0.1,True
logistic_engineered,20232024,20242025,20242025,2024020244,2024-11-11,VGK,CAR,0,0.256615,0.743385,CAR,1,single,season_regime,middle,hybrid_exponential,1.0,650.0,0.1,True,hybrid_exponential,1.0,650.0,0.1,True
logistic_engineered,20232024,20242025,20242025,2024020245,2024-11-12,TOR,OTT,0,0.586252,0.413748,TOR,0,single,season_regime,middle,hybrid_exponential,1.0,650.0,0.1,True,hybrid_exponential,1.0,650.0,0.1,True
logistic_engineered,20232024,20242025,20242025,2024020246,2024-11-12,FLA,NJD,0,0.625602,0.374398,FLA,0,single,season_regime,middle,hybrid_exponential,1.0,650.0,0.1,True,hybrid_exponential,1.0,650.0,0.1,True
logistic_engineered,20232024,20242025,20242025,2024020247,2024-11-12,NYR,WPG,0,0.47966,0.52034,WPG,1,single,season_regime,middle,hybrid_exponential,1.0,650.0,0.1,True,hybrid_exponential,1.0,650.0,0.1,True
logistic_engineered,20232024,20242025,20242025,2024020248,2024-11-12,STL,BOS,0,0.456156,0.543844,BOS,1,single,season_regime,middle,hybrid_exponential,1.0,650.0,0.1,True,hybrid_exponential,1.0,650.0,0.1,True
logistic_engineered,20232024,20242025,20242025,2024020249,2024-11-12,EDM,NYI,1,0.600255,0.399745,EDM,1,single,season_regime,middle,hybrid_exponential,1.0,650.0,0.1,True,hybrid_exponential,1.0,650.0,0.1,True
logistic_engineered,20232024,20242025,20242025,2024020250,2024-11-12,VAN,CGY,1,0.712791,0.287209,VAN,1,single,season_regime,middle,hybrid_exponential,1.0,650.0,0.1,True,hybrid_exponential,1.0,650.0,0.1,True
logistic_engineered,20232024,20242025,20242025,2024020251,2024-11-12,SEA,CBJ,1,0.65941,0.34059,SEA,1,single,season_regime,middle,hybrid_exponential,1.0,650.0,0.1,True,hybrid_exponential,1.0,650.0,0.1,True
logistic_engineered,20232024,20242025,20242025,2024020252,2024-11-13,PIT,DET,0,0.495466,0.504534,DET,1,single,season_regime,middle,hybrid_exponential,1.0,650.0,0.1,True,hybrid_exponential,1.0,650.0,0.1,True
logistic_engineered,20232024,20242025,20242025,2024020253,2024-11-13,WSH,TOR,0,0.588274,0.411726,WSH,0,single,season_regime,middle,hybrid_exponential,1.0,650.0,0.1,True,hybrid_exponential,1.0,650.0,0.1,True
logistic_engineered,20232024,20242025,20242025,2024020254,2024-11-13,UTA,CAR,1,0.62886,0.37114,UTA,1,single,season_regime,middle,hybrid_exponential,1.0,650.0,0.1,True,hybrid_exponential,1.0,650.0,0.1,True
logistic_engineered,20232024,20242025,20242025,2024020255,2024-11-13,COL,LAK,1,0.756105,0.243895,COL,1,single,season_regime,middle,hybrid_exponential,1.0,650.0,0.1,True,hybrid_exponential,1.0,650.0,0.1,True
logistic_engineered,20232024,20242025,20242025,2024020256,2024-11-13,ANA,VGK,0,0.386967,0.613033,VGK,1,single,season_regime,middle,hybrid_exponential,1.0,650.0,0.1,True,hybrid_exponential,1.0,650.0,0.1,True
logistic_engineered,20232024,20242025,20242025,2024020257,2024-11-14,BUF,STL,1,0.636049,0.363951,BUF,1,single,season_regime,middle,hybrid_exponential,1.0,650.0,0.1,True,hybrid_exponential,1.0,650.0,0.1,True
logistic_engineered,20232024,20242025,20242025,2024020258,2024-11-14,OTT,PHI,0,0.606734,0.393266,OTT,0,single,season_regime,middle,hybrid_exponential,1.0,650.0,0.1,True,hybrid_exponential,1.0,650.0,0.1,True
logistic_engineered,20232024,20242025,20242025,2024020259,2024-11-14,TBL,WPG,1,0.430068,0.569932,WPG,0,single,season_regime,middle,hybrid_exponential,1.0,650.0,0.1,True,hybrid_exponential,1.0,650.0,0.1,True
logistic_engineered,20232024,20242025,20242025,2024020260,2024-11-14,FLA,NJD,0,0.602554,0.397446,FLA,0,single,season_regime,middle,hybrid_exponential,1.0,650.0,0.1,True,hybrid_exponential,1.0,650.0,0.1,True
logistic_engineered,20232024,20242025,20242025,2024020261,2024-11-14,NYR,SJS,1,0.768185,0.231815,NYR,1,single,season_regime,middle,hybrid_exponential,1.0,650.0,0.1,True,hybrid_exponential,1.0,650.0,0.1,True
logistic_engineered,20232024,20242025,20242025,2024020262,2024-11-14,DAL,BOS,1,0.634942,0.365058,DAL,1,single,season_regime,middle,hybrid_exponential,1.0,650.0,0.1,True,hybrid_exponential,1.0,650.0,0.1,True
logistic_engineered,20232024,20242025,20242025,2024020263,2024-11-14,MIN,MTL,1,0.683129,0.316871,MIN,1,single,season_regime,middle,hybrid_exponential,1.0,650.0,0.1,True,hybrid_exponential,1.0,650.0,0.1,True
logistic_engineered,20232024,20242025,20242025,2024020264,2024-11-14,EDM,NSH,1,0.605646,0.394354,EDM,1,single,season_regime,middle,hybrid_exponential,1.0,650.0,0.1,True,hybrid_exponential,1.0,650.0,0.1,True
logistic_engineered,20232024,20242025,20242025,2024020265,2024-11-14,VAN,NYI,0,0.590439,0.409561,VAN,0,single,season_regime,middle,hybrid_exponential,1.0,650.0,0.1,True,hybrid_exponential,1.0,650.0,0.1,True
logistic_engineered,20232024,20242025,20242025,2024020266,2024-11-14,SEA,CHI,1,0.633529,0.366471,SEA,1,single,season_regime,middle,hybrid_exponential,1.0,650.0,0.1,True,hybrid_exponential,1.0,650.0,0.1,True
logistic_engineered,20232024,20242025,20242025,2024020267,2024-11-15,CBJ,PIT,1,0.441235,0.558765,PIT,0,single,season_regime,middle,hybrid_exponential,1.0,650.0,0.1,True,hybrid_exponential,1.0,650.0,0.1,True
logistic_engineered,20232024,20242025,20242025,2024020268,2024-11-15,COL,WSH,0,0.39552,0.60448,WSH,1,single,season_regime,middle,hybrid_exponential,1.0,650.0,0.1,True,hybrid_exponential,1.0,650.0,0.1,True
logistic_engineered,20232024,20242025,20242025,2024020269,2024-11-15,CGY,NSH,1,0.570846,0.429154,CGY,1,single,season_regime,middle,hybrid_exponential,1.0,650.0,0.1,True,hybrid_exponential,1.0,650.0,0.1,True
logistic_engineered,20232024,20242025,20242025,2024020270,2024-11-15,UTA,VGK,0,0.462431,0.537569,VGK,1,single,season_regime,middle,hybrid_exponential,1.0,650.0,0.1,True,hybrid_exponential,1.0,650.0,0.1,True
logistic_engineered,20232024,20242025,20242025,2024020271,2024-11-15,ANA,DET,1,0.382975,0.617025,DET,0,single,season_regime,middle,hybrid_exponential,1.0,650.0,0.1,True,hybrid_exponential,1.0,650.0,0.1,True
logistic_engineered,20232024,20242025,20242025,2024020272,2024-11-16,BOS,STL,0,0.596912,0.403088,BOS,0,single,season_regime,middle,hybrid_exponential,1.0,650.0,0.1,True,hybrid_exponential,1.0,650.0,0.1,True
logistic_engineered,20232024,20242025,20242025,2024020273,2024-11-16,SEA,NYI,1,0.522041,0.477959,SEA,1,single,season_regime,middle,hybrid_exponential,1.0,650.0,0.1,True,hybrid_exponential,1.0,650.0,0.1,True
logistic_engineered,20232024,20242025,20242025,2024020274,2024-11-16,TOR,EDM,1,0.56147,0.43853,TOR,1,single,season_regime,middle,hybrid_exponential,1.0,650.0,0.1,True,hybrid_exponential,1.0,650.0,0.1,True
logistic_engineered,20232024,20242025,20242025,2024020275,2024-11-16,MTL,CBJ,1,0.611979,0.388021,MTL,1,single,season_regime,middle,hybrid_exponential,1.0,650.0,0.1,True,hybrid_exponential,1.0,650.0,0.1,True
logistic_engineered,20232024,20242025,20242025,2024020276,2024-11-16,TBL,NJD,1,0.558806,0.441194,TBL,1,single,season_regime,middle,hybrid_exponential,1.0,650.0,0.1,True,hybrid_exponential,1.0,650.0,0.1,True
logistic_engineered,20232024,20242025,20242025,2024020277,2024-11-16,FLA,WPG,1,0.433576,0.566424,WPG,0,single,season_regime,middle,hybrid_exponential,1.0,650.0,0.1,True,hybrid_exponential,1.0,650.0,0.1,True
logistic_engineered,20232024,20242025,20242025,2024020278,2024-11-16,PHI,BUF,1,0.49787,0.50213,BUF,0,single,season_regime,middle,hybrid_exponential,1.0,650.0,0.1,True,hybrid_exponential,1.0,650.0,0.1,True
logistic_engineered,20232024,20242025,20242025,2024020279,2024-11-16,PIT,SJS,1,0.719848,0.280152,PIT,1,single,season_regime,middle,hybrid_exponential,1.0,650.0,0.1,True,hybrid_exponential,1.0,650.0,0.1,True
logistic_engineered,20232024,20242025,20242025,2024020280,2024-11-16,CAR,OTT,1,0.665465,0.334535,CAR,1,single,season_regime,middle,hybrid_exponential,1.0,650.0,0.1,True,hybrid_exponential,1.0,650.0,0.1,True
logistic_engineered,20232024,20242025,20242025,2024020281,2024-11-16,MIN,DAL,0,0.549156,0.450844,MIN,0,single,season_regime,middle,hybrid_exponential,1.0,650.0,0.1,True,hybrid_exponential,1.0,650.0,0.1,True
logistic_engineered,20232024,20242025,20242025,2024020282,2024-11-16,LAK,DET,1,0.670936,0.329064,LAK,1,single,season_regime,middle,hybrid_exponential,1.0,650.0,0.1,True,hybrid_exponential,1.0,650.0,0.1,True
logistic_engineered,20232024,20242025,20242025,2024020283,2024-11-16,VAN,CHI,1,0.744326,0.255674,VAN,1,single,season_regime,middle,hybrid_exponential,1.0,650.0,0.1,True,hybrid_exponential,1.0,650.0,0.1,True
logistic_engineered,20232024,20242025,20242025,2024020284,2024-11-17,CAR,STL,1,0.67494,0.32506,CAR,1,single,season_regime,middle,hybrid_exponential,1.0,650.0,0.1,True,hybrid_exponential,1.0,650.0,0.1,True
logistic_engineered,20232024,20242025,20242025,2024020285,2024-11-17,VAN,NSH,0,0.440354,0.559646,NSH,1,single,season_regime,middle,hybrid_exponential,1.0,650.0,0.1,True,hybrid_exponential,1.0,650.0,0.1,True
logistic_engineered,20232024,20242025,20242025,2024020286,2024-11-17,VGK,WSH,0,0.650856,0.349144,VGK,0,single,season_regime,middle,hybrid_exponential,1.0,650.0,0.1,True,hybrid_exponential,1.0,650.0,0.1,True
logistic_engineered,20232024,20242025,20242025,2024020287,2024-11-17,SEA,NYR,0,0.317764,0.682236,NYR,1,single,season_regime,middle,hybrid_exponential,1.0,650.0,0.1,True,hybrid_exponential,1.0,650.0,0.1,True
logistic_engineered,20232024,20242025,20242025,2024020288,2024-11-18,BOS,CBJ,0,0.634651,0.365349,BOS,0,single,season_regime,middle,hybrid_exponential,1.0,650.0,0.1,True,hybrid_exponential,1.0,650.0,0.1,True
logistic_engineered,20232024,20242025,20242025,2024020289,2024-11-18,PHI,COL,0,0.5714,0.4286,PHI,0,single,season_regime,middle,hybrid_exponential,1.0,650.0,0.1,True,hybrid_exponential,1.0,650.0,0.1,True
logistic_engineered,20232024,20242025,20242025,2024020290,2024-11-18,MTL,EDM,1,0.391381,0.608619,EDM,0,single,season_regime,middle,hybrid_exponential,1.0,650.0,0.1,True,hybrid_exponential,1.0,650.0,0.1,True
logistic_engineered,20232024,20242025,20242025,2024020291,2024-11-18,DAL,ANA,0,0.796614,0.203386,DAL,0,single,season_regime,middle,hybrid_exponential,1.0,650.0,0.1,True,hybrid_exponential,1.0,650.0,0.1,True
logistic_engineered,20232024,20242025,20242025,2024020292,2024-11-18,UTA,WSH,0,0.328923,0.671077,WSH,1,single,season_regime,middle,hybrid_exponential,1.0,650.0,0.1,True,hybrid_exponential,1.0,650.0,0.1,True
logistic_engineered,20232024,20242025,20242025,2024020293,2024-11-18,SJS,DET,1,0.41641,0.58359,DET,0,single,season_regime,middle,hybrid_exponential,1.0,650.0,0.1,True,hybrid_exponential,1.0,650.0,0.1,True
logistic_engineered,20232024,20242025,20242025,2024020294,2024-11-19,OTT,EDM,0,0.538303,0.461697,OTT,0,single,season_regime,middle,hybrid_exponential,1.0,650.0,0.1,True,hybrid_exponential,1.0,650.0,0.1,True
logistic_engineered,20232024,20242025,20242025,2024020295,2024-11-19,PIT,TBL,0,0.486402,0.513598,TBL,1,single,season_regime,middle,hybrid_exponential,1.0,650.0,0.1,True,hybrid_exponential,1.0,650.0,0.1,True
logistic_engineered,20232024,20242025,20242025,2024020296,2024-11-19,STL,MIN,0,0.452324,0.547676,MIN,1,single,season_regime,middle,hybrid_exponential,1.0,650.0,0.1,True,hybrid_exponential,1.0,650.0,0.1,True
logistic_engineered,20232024,20242025,20242025,2024020297,2024-11-19,WPG,FLA,1,0.596933,0.403067,WPG,1,single,season_regime,middle,hybrid_exponential,1.0,650.0,0.1,True,hybrid_exponential,1.0,650.0,0.1,True
logistic_engineered,20232024,20242025,20242025,2024020298,2024-11-19,CHI,ANA,0,0.614618,0.385382,CHI,0,single,season_regime,middle,hybrid_exponential,1.0,650.0,0.1,True,hybrid_exponential,1.0,650.0,0.1,True
logistic_engineered,20232024,20242025,20242025,2024020299,2024-11-19,CGY,NYI,1,0.584756,0.415244,CGY,1,single,season_regime,middle,hybrid_exponential,1.0,650.0,0.1,True,hybrid_exponential,1.0,650.0,0.1,True
logistic_engineered,20232024,20242025,20242025,2024020300,2024-11-19,VAN,NYR,0,0.394404,0.605596,NYR,1,single,season_regime,middle,hybrid_exponential,1.0,650.0,0.1,True,hybrid_exponential,1.0,650.0,0.1,True
logistic_engineered,20232024,20242025,20242025,2024020301,2024-11-20,TOR,VGK,1,0.663683,0.336317,TOR,1,single,season_regime,middle,hybrid_exponential,1.0,650.0,0.1,True,hybrid_exponential,1.0,650.0,0.1,True
logistic_engineered,20232024,20242025,20242025,2024020302,2024-11-20,PHI,CAR,0,0.374156,0.625844,CAR,1,single,season_regime,middle,hybrid_exponential,1.0,650.0,0.1,True,hybrid_exponential,1.0,650.0,0.1,True
logistic_engineered,20232024,20242025,20242025,2024020303,2024-11-20,DAL,SJS,1,0.800562,0.199438,DAL,1,single,season_regime,middle,hybrid_exponential,1.0,650.0,0.1,True,hybrid_exponential,1.0,650.0,0.1,True
logistic_engineered,20232024,20242025,20242025,2024020304,2024-11-20,SEA,NSH,1,0.510359,0.489641,SEA,1,single,season_regime,middle,hybrid_exponential,1.0,650.0,0.1,True,hybrid_exponential,1.0,650.0,0.1,True
logistic_engineered,20232024,20242025,20242025,2024020305,2024-11-20,LAK,BUF,0,0.629509,0.370491,LAK,0,single,season_regime,middle,hybrid_exponential,1.0,650.0,0.1,True,hybrid_exponential,1.0,650.0,0.1,True
logistic_engineered,20232024,20242025,20242025,2024020306,2024-11-21,BOS,UTA,1,0.596528,0.403472,BOS,1,single,season_regime,middle,hybrid_exponential,1.0,650.0,0.1,True,hybrid_exponential,1.0,650.0,0.1,True
logistic_engineered,20232024,20242025,20242025,2024020307,2024-11-21,OTT,VGK,0,0.553235,0.446765,OTT,0,single,season_regime,middle,hybrid_exponential,1.0,650.0,0.1,True,hybrid_exponential,1.0,650.0,0.1,True
logistic_engineered,20232024,20242025,20242025,2024020308,2024-11-21,DET,NYI,1,0.496121,0.503879,NYI,0,single,season_regime,middle,hybrid_exponential,1.0,650.0,0.1,True,hybrid_exponential,1.0,650.0,0.1,True
logistic_engineered,20232024,20242025,20242025,2024020309,2024-11-21,NJD,CAR,1,0.533149,0.466851,NJD,1,single,season_regime,middle,hybrid_exponential,1.0,650.0,0.1,True,hybrid_exponential,1.0,650.0,0.1,True
logistic_engineered,20232024,20242025,20242025,2024020310,2024-11-21,WSH,COL,0,0.460027,0.539973,COL,1,single,season_regime,middle,hybrid_exponential,1.0,650.0,0.1,True,hybrid_exponential,1.0,650.0,0.1,True
logistic_engineered,20232024,20242025,20242025,2024020311,2024-11-21,CBJ,TBL,1,0.345376,0.654624,TBL,0,single,season_regime,middle,hybrid_exponential,1.0,650.0,0.1,True,hybrid_exponential,1.0,650.0,0.1,True
logistic_engineered,20232024,20242025,20242025,2024020312,2024-11-21,STL,SJS,1,0.742214,0.257786,STL,1,single,season_regime,middle,hybrid_exponential,1.0,650.0,0.1,True,hybrid_exponential,1.0,650.0,0.1,True
logistic_engineered,20232024,20242025,20242025,2024020313,2024-11-21,CHI,FLA,1,0.327202,0.672798,FLA,0,single,season_regime,middle,hybrid_exponential,1.0,650.0,0.1,True,hybrid_exponential,1.0,650.0,0.1,True
logistic_engineered,20232024,20242025,20242025,2024020314,2024-11-21,CGY,NYR,1,0.424113,0.575887,NYR,0,single,season_regime,middle,hybrid_exponential,1.0,650.0,0.1,True,hybrid_exponential,1.0,650.0,0.1,True
logistic_engineered,20232024,20242025,20242025,2024020315,2024-11-21,EDM,MIN,0,0.473321,0.526679,MIN,1,single,season_regime,middle,hybrid_exponential,1.0,650.0,0.1,True,hybrid_exponential,1.0,650.0,0.1,True
logistic_engineered,20232024,20242025,20242025,2024020316,2024-11-22,PIT,WPG,0,0.378398,0.621602,WPG,1,single,season_regime,middle,hybrid_exponential,1.0,650.0,0.1,True,hybrid_exponential,1.0,650.0,0.1,True
logistic_engineered,20232024,20242025,20242025,2024020317,2024-11-22,ANA,BUF,0,0.451813,0.548187,BUF,1,single,season_regime,middle,hybrid_exponential,1.0,650.0,0.1,True,hybrid_exponential,1.0,650.0,0.1,True
logistic_engineered,20232024,20242025,20242025,2024020318,2024-11-23,PHI,CHI,1,0.677974,0.322026,PHI,1,single,season_regime,middle,hybrid_exponential,1.0,650.0,0.1,True,hybrid_exponential,1.0,650.0,0.1,True
logistic_engineered,20232024,20242025,20242025,2024020319,2024-11-23,CGY,MIN,1,0.532803,0.467197,CGY,1,single,season_regime,middle,hybrid_exponential,1.0,650.0,0.1,True,hybrid_exponential,1.0,650.0,0.1,True
logistic_engineered,20232024,20242025,20242025,2024020320,2024-11-23,LAK,SEA,1,0.610612,0.389388,LAK,1,single,season_regime,middle,hybrid_exponential,1.0,650.0,0.1,True,hybrid_exponential,1.0,650.0,0.1,True
logistic_engineered,20232024,20242025,20242025,2024020321,2024-11-23,FLA,COL,0,0.519279,0.480721,FLA,0,single,season_regime,middle,hybrid_exponential,1.0,650.0,0.1,True,hybrid_exponential,1.0,650.0,0.1,True
logistic_engineered,20232024,20242025,20242025,2024020322,2024-11-23,MTL,VGK,0,0.215717,0.784283,VGK,1,single,season_regime,middle,hybrid_exponential,1.0,650.0,0.1,True,hybrid_exponential,1.0,650.0,0.1,True
logistic_engineered,20232024,20242025,20242025,2024020323,2024-11-23,OTT,VAN,0,0.446251,0.553749,VAN,1,single,season_regime,middle,hybrid_exponential,1.0,650.0,0.1,True,hybrid_exponential,1.0,650.0,0.1,True
logistic_engineered,20232024,20242025,20242025,2024020324,2024-11-23,DET,BOS,0,0.522947,0.477053,DET,0,single,season_regime,middle,hybrid_exponential,1.0,650.0,0.1,True,hybrid_exponential,1.0,650.0,0.1,True
logistic_engineered,20232024,20242025,20242025,2024020325,2024-11-23,TBL,DAL,0,0.490698,0.509302,DAL,1,single,season_regime,middle,hybrid_exponential,1.0,650.0,0.1,True,hybrid_exponential,1.0,650.0,0.1,True
logistic_engineered,20232024,20242025,20242025,2024020326,2024-11-23,PIT,UTA,0,0.480676,0.519324,UTA,1,single,season_regime,middle,hybrid_exponential,1.0,650.0,0.1,True,hybrid_exponential,1.0,650.0,0.1,True
logistic_engineered,20232024,20242025,20242025,2024020327,2024-11-23,WSH,NJD,0,0.546319,0.453681,WSH,0,single,season_regime,middle,hybrid_exponential,1.0,650.0,0.1,True,hybrid_exponential,1.0,650.0,0.1,True
logistic_engineered,20232024,20242025,20242025,2024020328,2024-11-23,CBJ,CAR,1,0.52293,0.47707,CBJ,1,single,season_regime,middle,hybrid_exponential,1.0,650.0,0.1,True,hybrid_exponential,1.0,650.0,0.1,True
logistic_engineered,20232024,20242025,20242025,2024020329,2024-11-23,NSH,WPG,1,0.462017,0.537983,WPG,0,single,season_regime,middle,hybrid_exponential,1.0,650.0,0.1,True,hybrid_exponential,1.0,650.0,0.1,True
logistic_engineered,20232024,20242025,20242025,2024020330,2024-11-23,NYI,STL,1,0.619959,0.380041,NYI,1,single,season_regime,middle,hybrid_exponential,1.0,650.0,0.1,True,hybrid_exponential,1.0,650.0,0.1,True
logistic_engineered,20232024,20242025,20242025,2024020331,2024-11-23,SJS,BUF,0,0.365567,0.634433,BUF,1,single,season_regime,middle,hybrid_exponential,1.0,650.0,0.1,True,hybrid_exponential,1.0,650.0,0.1,True
logistic_engineered,20232024,20242025,20242025,2024020332,2024-11-23,EDM,NYR,1,0.487468,0.512532,NYR,0,single,season_regime,middle,hybrid_exponential,1.0,650.0,0.1,True,hybrid_exponential,1.0,650.0,0.1,True
logistic_engineered,20232024,20242025,20242025,2024020333,2024-11-24,TOR,UTA,1,0.681689,0.318311,TOR,1,single,season_regime,middle,hybrid_exponential,1.0,650.0,0.1,True,hybrid_exponential,1.0,650.0,0.1,True
logistic_engineered,20232024,20242025,20242025,2024020334,2024-11-25,TBL,COL,1,0.732999,0.267001,TBL,1,single,season_regime,middle,hybrid_exponential,1.0,650.0,0.1,True,hybrid_exponential,1.0,650.0,0.1,True
logistic_engineered,20232024,20242025,20242025,2024020335,2024-11-25,FLA,WSH,0,0.592975,0.407025,FLA,0,single,season_regime,middle,hybrid_exponential,1.0,650.0,0.1,True,hybrid_exponential,1.0,650.0,0.1,True
logistic_engineered,20232024,20242025,20242025,2024020336,2024-11-25,NJD,NSH,1,0.778924,0.221076,NJD,1,single,season_regime,middle,hybrid_exponential,1.0,650.0,0.1,True,hybrid_exponential,1.0,650.0,0.1,True
logistic_engineered,20232024,20242025,20242025,2024020337,2024-11-25,NYR,STL,0,0.674871,0.325129,NYR,0,single,season_regime,middle,hybrid_exponential,1.0,650.0,0.1,True,hybrid_exponential,1.0,650.0,0.1,True
logistic_engineered,20232024,20242025,20242025,2024020338,2024-11-25,PHI,VGK,0,0.481411,0.518589,VGK,1,single,season_regime,middle,hybrid_exponential,1.0,650.0,0.1,True,hybrid_exponential,1.0,650.0,0.1,True
logistic_engineered,20232024,20242025,20242025,2024020339,2024-11-25,CAR,DAL,1,0.541618,0.458382,CAR,1,single,season_regime,middle,hybrid_exponential,1.0,650.0,0.1,True,hybrid_exponential,1.0,650.0,0.1,True
logistic_engineered,20232024,20242025,20242025,2024020340,2024-11-25,OTT,CGY,1,0.5388,0.4612,OTT,1,single,season_regime,middle,hybrid_exponential,1.0,650.0,0.1,True,hybrid_exponential,1.0,650.0,0.1,True
logistic_engineered,20232024,20242025,20242025,2024020341,2024-11-25,NYI,DET,0,0.584216,0.415784,NYI,0,single,season_regime,middle,hybrid_exponential,1.0,650.0,0.1,True,hybrid_exponential,1.0,650.0,0.1,True
logistic_engineered,20232024,20242025,20242025,2024020342,2024-11-25,MIN,WPG,0,0.356436,0.643564,WPG,1,single,season_regime,middle,hybrid_exponential,1.0,650.0,0.1,True,hybrid_exponential,1.0,650.0,0.1,True
logistic_engineered,20232024,20242025,20242025,2024020343,2024-11-25,ANA,SEA,0,0.452615,0.547385,SEA,1,single,season_regime,middle,hybrid_exponential,1.0,650.0,0.1,True,hybrid_exponential,1.0,650.0,0.1,True
logistic_engineered,20232024,20242025,20242025,2024020344,2024-11-25,SJS,LAK,1,0.332888,0.667112,LAK,0,single,season_regime,middle,hybrid_exponential,1.0,650.0,0.1,True,hybrid_exponential,1.0,650.0,0.1,True
logistic_engineered,20232024,20242025,20242025,2024020345,2024-11-26,BOS,VAN,0,0.452772,0.547228,VAN,1,single,season_regime,middle,hybrid_exponential,1.0,650.0,0.1,True,hybrid_exponential,1.0,650.0,0.1,True
logistic_engineered,20232024,20242025,20242025,2024020346,2024-11-26,MTL,UTA,0,0.450806,0.549194,UTA,1,single,season_regime,middle,hybrid_exponential,1.0,650.0,0.1,True,hybrid_exponential,1.0,650.0,0.1,True
logistic_engineered,20232024,20242025,20242025,2024020347,2024-11-27,BUF,MIN,0,0.600535,0.399465,BUF,0,single,season_regime,middle,hybrid_exponential,1.0,650.0,0.1,True,hybrid_exponential,1.0,650.0,0.1,True
logistic_engineered,20232024,20242025,20242025,2024020348,2024-11-27,NJD,STL,0,0.591065,0.408935,NJD,0,single,season_regime,middle,hybrid_exponential,1.0,650.0,0.1,True,hybrid_exponential,1.0,650.0,0.1,True
logistic_engineered,20232024,20242025,20242025,2024020349,2024-11-27,CAR,NYR,1,0.581438,0.418562,CAR,1,single,season_regime,middle,hybrid_exponential,1.0,650.0,0.1,True,hybrid_exponential,1.0,650.0,0.1,True
logistic_engineered,20232024,20242025,20242025,2024020350,2024-11-27,DET,CGY,1,0.56249,0.43751,DET,1,single,season_regime,middle,hybrid_exponential,1.0,650.0,0.1,True,hybrid_exponential,1.0,650.0,0.1,True
logistic_engineered,20232024,20242025,20242025,2024020351,2024-11-27,TBL,WSH,0,0.557966,0.442034,TBL,0,single,season_regime,middle,hybrid_exponential,1.0,650.0,0.1,True,hybrid_exponential,1.0,650.0,0.1,True
logistic_engineered,20232024,20242025,20242025,2024020352,2024-11-27,FLA,TOR,1,0.501235,0.498765,FLA,1,single,season_regime,middle,hybrid_exponential,1.0,650.0,0.1,True,hybrid_exponential,1.0,650.0,0.1,True
logistic_engineered,20232024,20242025,20242025,2024020353,2024-11-27,NYI,BOS,0,0.601605,0.398395,NYI,0,single,season_regime,middle,hybrid_exponential,1.0,650.0,0.1,True,hybrid_exponential,1.0,650.0,0.1,True
logistic_engineered,20232024,20242025,20242025,2024020354,2024-11-27,PIT,VAN,1,0.453696,0.546304,VAN,0,single,season_regime,middle,hybrid_exponential,1.0,650.0,0.1,True,hybrid_exponential,1.0,650.0,0.1,True
logistic_engineered,20232024,20242025,20242025,2024020355,2024-11-27,CBJ,MTL,0,0.620044,0.379956,CBJ,0,single,season_regime,middle,hybrid_exponential,1.0,650.0,0.1,True,hybrid_exponential,1.0,650.0,0.1,True
logistic_engineered,20232024,20242025,20242025,2024020356,2024-11-27,NSH,PHI,0,0.641232,0.358768,NSH,0,single,season_regime,middle,hybrid_exponential,1.0,650.0,0.1,True,hybrid_exponential,1.0,650.0,0.1,True
logistic_engineered,20232024,20242025,20242025,2024020357,2024-11-27,CHI,DAL,1,0.290412,0.709588,DAL,0,single,season_regime,middle,hybrid_exponential,1.0,650.0,0.1,True,hybrid_exponential,1.0,650.0,0.1,True
logistic_engineered,20232024,20242025,20242025,2024020358,2024-11-27,COL,VGK,1,0.613374,0.386626,COL,1,single,season_regime,middle,hybrid_exponential,1.0,650.0,0.1,True,hybrid_exponential,1.0,650.0,0.1,True
logistic_engineered,20232024,20242025,20242025,2024020359,2024-11-27,LAK,WPG,1,0.425666,0.574334,WPG,0,single,season_regime,middle,hybrid_exponential,1.0,650.0,0.1,True,hybrid_exponential,1.0,650.0,0.1,True
logistic_engineered,20232024,20242025,20242025,2024020360,2024-11-27,SEA,ANA,0,0.686434,0.313566,SEA,0,single,season_regime,middle,hybrid_exponential,1.0,650.0,0.1,True,hybrid_exponential,1.0,650.0,0.1,True
logistic_engineered,20232024,20242025,20242025,2024020361,2024-11-27,SJS,OTT,0,0.431582,0.568418,OTT,1,single,season_regime,middle,hybrid_exponential,1.0,650.0,0.1,True,hybrid_exponential,1.0,650.0,0.1,True
logistic_engineered,20232024,20242025,20242025,2024020362,2024-11-29,PHI,NYR,1,0.387225,0.612775,NYR,0,single,season_regime,middle,hybrid_exponential,1.0,650.0,0.1,True,hybrid_exponential,1.0,650.0,0.1,True
logistic_engineered,20232024,20242025,20242025,2024020363,2024-11-29,MIN,CHI,1,0.735316,0.264684,MIN,1,single,season_regime,middle,hybrid_exponential,1.0,650.0,0.1,True,hybrid_exponential,1.0,650.0,0.1,True
logistic_engineered,20232024,20242025,20242025,2024020364,2024-11-29,BUF,VAN,0,0.51907,0.48093,BUF,0,single,season_regime,middle,hybrid_exponential,1.0,650.0,0.1,True,hybrid_exponential,1.0,650.0,0.1,True
logistic_engineered,20232024,20242025,20242025,2024020365,2024-11-29,DET,NJD,0,0.543715,0.456285,DET,0,single,season_regime,middle,hybrid_exponential,1.0,650.0,0.1,True,hybrid_exponential,1.0,650.0,0.1,True
logistic_engineered,20232024,20242025,20242025,2024020366,2024-11-29,WSH,NYI,1,0.625077,0.374923,WSH,1,single,season_regime,middle,hybrid_exponential,1.0,650.0,0.1,True,hybrid_exponential,1.0,650.0,0.1,True
logistic_engineered,20232024,20242025,20242025,2024020367,2024-11-29,CAR,FLA,0,0.602282,0.397718,CAR,0,single,season_regime,middle,hybrid_exponential,1.0,650.0,0.1,True,hybrid_exponential,1.0,650.0,0.1,True
logistic_engineered,20232024,20242025,20242025,2024020368,2024-11-29,CBJ,CGY,1,0.482788,0.517212,CGY,0,single,season_regime,middle,hybrid_exponential,1.0,650.0,0.1,True,hybrid_exponential,1.0,650.0,0.1,True
logistic_engineered,20232024,20242025,20242025,2024020369,2024-11-29,NSH,TBL,0,0.449197,0.550803,TBL,1,single,season_regime,middle,hybrid_exponential,1.0,650.0,0.1,True,hybrid_exponential,1.0,650.0,0.1,True
logistic_engineered,20232024,20242025,20242025,2024020370,2024-11-29,ANA,LAK,0,0.636308,0.363692,ANA,0,single,season_regime,middle,hybrid_exponential,1.0,650.0,0.1,True,hybrid_exponential,1.0,650.0,0.1,True
logistic_engineered,20232024,20242025,20242025,2024020371,2024-11-29,SJS,SEA,1,0.361813,0.638187,SEA,0,single,season_regime,middle,hybrid_exponential,1.0,650.0,0.1,True,hybrid_exponential,1.0,650.0,0.1,True
logistic_engineered,20232024,20242025,20242025,2024020372,2024-11-29,BOS,PIT,0,0.52067,0.47933,BOS,0,single,season_regime,middle,hybrid_exponential,1.0,650.0,0.1,True,hybrid_exponential,1.0,650.0,0.1,True
logistic_engineered,20232024,20242025,20242025,2024020373,2024-11-29,DAL,COL,1,0.584684,0.415316,DAL,1,single,season_regime,middle,hybrid_exponential,1.0,650.0,0.1,True,hybrid_exponential,1.0,650.0,0.1,True
logistic_engineered,20232024,20242025,20242025,2024020374,2024-11-29,VGK,WPG,1,0.486657,0.513343,WPG,0,single,season_regime,middle,hybrid_exponential,1.0,650.0,0.1,True,hybrid_exponential,1.0,650.0,0.1,True
logistic_engineered,20232024,20242025,20242025,2024020375,2024-11-29,UTA,EDM,0,0.407464,0.592536,EDM,1,single,season_regime,middle,hybrid_exponential,1.0,650.0,0.1,True,hybrid_exponential,1.0,650.0,0.1,True
logistic_engineered,20232024,20242025,20242025,2024020376,2024-11-30,NYR,MTL,1,0.616611,0.383389,NYR,1,single,season_regime,middle,hybrid_exponential,1.0,650.0,0.1,True,hybrid_exponential,1.0,650.0,0.1,True
logistic_engineered,20232024,20242025,20242025,2024020377,2024-11-30,FLA,CAR,1,0.618817,0.381183,FLA,1,single,season_regime,middle,hybrid_exponential,1.0,650.0,0.1,True,hybrid_exponential,1.0,650.0,0.1,True
logistic_engineered,20232024,20242025,20242025,2024020378,2024-11-30,TBL,TOR,0,0.400605,0.599395,TOR,1,single,season_regime,middle,hybrid_exponential,1.0,650.0,0.1,True,hybrid_exponential,1.0,650.0,0.1,True
logistic_engineered,20232024,20242025,20242025,2024020379,2024-11-30,NJD,WSH,0,0.463782,0.536218,WSH,1,single,season_regime,middle,hybrid_exponential,1.0,650.0,0.1,True,hybrid_exponential,1.0,650.0,0.1,True
logistic_engineered,20232024,20242025,20242025,2024020380,2024-11-30,PIT,CGY,1,0.442988,0.557012,CGY,0,single,season_regime,middle,hybrid_exponential,1.0,650.0,0.1,True,hybrid_exponential,1.0,650.0,0.1,True
logistic_engineered,20232024,20242025,20242025,2024020381,2024-11-30,STL,PHI,0,0.602449,0.397551,STL,0,single,season_regime,middle,hybrid_exponential,1.0,650.0,0.1,True,hybrid_exponential,1.0,650.0,0.1,True
logistic_engineered,20232024,20242025,20242025,2024020382,2024-11-30,LAK,OTT,1,0.491237,0.508763,OTT,0,single,season_regime,middle,hybrid_exponential,1.0,650.0,0.1,True,hybrid_exponential,1.0,650.0,0.1,True
logistic_engineered,20232024,20242025,20242025,2024020383,2024-11-30,NYI,BUF,1,0.411897,0.588103,BUF,0,single,season_regime,middle,hybrid_exponential,1.0,650.0,0.1,True,hybrid_exponential,1.0,650.0,0.1,True
logistic_engineered,20232024,20242025,20242025,2024020384,2024-11-30,MIN,NSH,1,0.493086,0.506914,NSH,0,single,season_regime,middle,hybrid_exponential,1.0,650.0,0.1,True,hybrid_exponential,1.0,650.0,0.1,True
logistic_engineered,20232024,20242025,20242025,2024020385,2024-11-30,COL,EDM,0,0.472858,0.527142,EDM,1,single,season_regime,middle,hybrid_exponential,1.0,650.0,0.1,True,hybrid_exponential,1.0,650.0,0.1,True
logistic_engineered,20232024,20242025,20242025,2024020386,2024-11-30,VGK,UTA,0,0.520056,0.479944,VGK,0,single,season_regime,middle,hybrid_exponential,1.0,650.0,0.1,True,hybrid_exponential,1.0,650.0,0.1,True
logistic_engineered,20232024,20242025,20242025,2024020387,2024-11-30,SEA,SJS,0,0.676972,0.323028,SEA,0,single,season_regime,middle,hybrid_exponential,1.0,650.0,0.1,True,hybrid_exponential,1.0,650.0,0.1,True
logistic_engineered,20232024,20242025,20242025,2024020388,2024-12-01,DET,VAN,0,0.242872,0.757128,VAN,1,single,season_regime,middle,hybrid_exponential,1.0,650.0,0.1,True,hybrid_exponential,1.0,650.0,0.1,True
logistic_engineered,20232024,20242025,20242025,2024020389,2024-12-01,BOS,MTL,1,0.719499,0.280501,BOS,1,single,season_regime,middle,hybrid_exponential,1.0,650.0,0.1,True,hybrid_exponential,1.0,650.0,0.1,True
logistic_engineered,20232024,20242025,20242025,2024020390,2024-12-01,CHI,CBJ,0,0.467974,0.532026,CBJ,1,single,season_regime,middle,hybrid_exponential,1.0,650.0,0.1,True,hybrid_exponential,1.0,650.0,0.1,True
logistic_engineered,20232024,20242025,20242025,2024020391,2024-12-01,DAL,WPG,1,0.571471,0.428529,DAL,1,single,season_regime,middle,hybrid_exponential,1.0,650.0,0.1,True,hybrid_exponential,1.0,650.0,0.1,True
logistic_engineered,20232024,20242025,20242025,2024020392,2024-12-01,ANA,OTT,1,0.576545,0.423455,ANA,1,single,season_regime,middle,hybrid_exponential,1.0,650.0,0.1,True,hybrid_exponential,1.0,650.0,0.1,True
logistic_engineered,20232024,20242025,20242025,2024020393,2024-12-02,NYR,NJD,0,0.504188,0.495812,NYR,0,single,season_regime,middle,hybrid_exponential,1.0,650.0,0.1,True,hybrid_exponential,1.0,650.0,0.1,True
logistic_engineered,20232024,20242025,20242025,2024020394,2024-12-02,TOR,CHI,1,0.779211,0.220789,TOR,1,single,season_regime,middle,hybrid_exponential,1.0,650.0,0.1,True,hybrid_exponential,1.0,650.0,0.1,True
logistic_engineered,20232024,20242025,20242025,2024020395,2024-12-02,UTA,DAL,0,0.387411,0.612589,DAL,1,single,season_regime,middle,hybrid_exponential,1.0,650.0,0.1,True,hybrid_exponential,1.0,650.0,0.1,True
logistic_engineered,20232024,20242025,20242025,2024020396,2024-12-03,BOS,DET,1,0.499027,0.500973,DET,0,single,season_regime,middle,hybrid_exponential,1.0,650.0,0.1,True,hybrid_exponential,1.0,650.0,0.1,True
logistic_engineered,20232024,20242025,20242025,2024020397,2024-12-03,BUF,COL,0,0.7506,0.2494,BUF,0,single,season_regime,middle,hybrid_exponential,1.0,650.0,0.1,True,hybrid_exponential,1.0,650.0,0.1,True
logistic_engineered,20232024,20242025,20242025,2024020398,2024-12-03,MTL,NYI,1,0.398148,0.601852,NYI,0,single,season_regime,middle,hybrid_exponential,1.0,650.0,0.1,True,hybrid_exponential,1.0,650.0,0.1,True
logistic_engineered,20232024,20242025,20242025,2024020399,2024-12-03,PIT,FLA,1,0.425052,0.574948,FLA,0,single,season_regime,middle,hybrid_exponential,1.0,650.0,0.1,True,hybrid_exponential,1.0,650.0,0.1,True
logistic_engineered,20232024,20242025,20242025,2024020400,2024-12-03,WSH,SJS,0,0.778175,0.221825,WSH,0,single,season_regime,middle,hybrid_exponential,1.0,650.0,0.1,True,hybrid_exponential,1.0,650.0,0.1,True
logistic_engineered,20232024,20242025,20242025,2024020401,2024-12-03,CAR,SEA,0,0.720964,0.279036,CAR,0,single,season_regime,middle,hybrid_exponential,1.0,650.0,0.1,True,hybrid_exponential,1.0,650.0,0.1,True
logistic_engineered,20232024,20242025,20242025,2024020402,2024-12-03,MIN,VAN,1,0.462247,0.537753,VAN,0,single,season_regime,middle,hybrid_exponential,1.0,650.0,0.1,True,hybrid_exponential,1.0,650.0,0.1,True
logistic_engineered,20232024,20242025,20242025,2024020403,2024-12-03,WPG,STL,0,0.663974,0.336026,WPG,0,single,season_regime,middle,hybrid_exponential,1.0,650.0,0.1,True,hybrid_exponential,1.0,650.0,0.1,True
logistic_engineered,20232024,20242025,20242025,2024020404,2024-12-03,CGY,CBJ,1,0.592878,0.407122,CGY,1,single,season_regime,middle,hybrid_exponential,1.0,650.0,0.1,True,hybrid_exponential,1.0,650.0,0.1,True
logistic_engineered,20232024,20242025,20242025,2024020405,2024-12-03,VGK,EDM,1,0.448703,0.551297,EDM,0,single,season_regime,middle,hybrid_exponential,1.0,650.0,0.1,True,hybrid_exponential,1.0,650.0,0.1,True
logistic_engineered,20232024,20242025,20242025,2024020406,2024-12-04,TOR,NSH,1,0.591057,0.408943,TOR,1,single,season_regime,middle,hybrid_exponential,1.0,650.0,0.1,True,hybrid_exponential,1.0,650.0,0.1,True
logistic_engineered,20232024,20242025,20242025,2024020407,2024-12-04,CHI,BOS,0,0.389223,0.610777,BOS,1,single,season_regime,middle,hybrid_exponential,1.0,650.0,0.1,True,hybrid_exponential,1.0,650.0,0.1,True
logistic_engineered,20232024,20242025,20242025,2024020408,2024-12-04,ANA,VGK,0,0.520336,0.479664,ANA,0,single,season_regime,middle,hybrid_exponential,1.0,650.0,0.1,True,hybrid_exponential,1.0,650.0,0.1,True
logistic_engineered,20232024,20242025,20242025,2024020409,2024-12-04,LAK,DAL,1,0.439139,0.560861,DAL,0,single,season_regime,middle,hybrid_exponential,1.0,650.0,0.1,True,hybrid_exponential,1.0,650.0,0.1,True
logistic_engineered,20232024,20242025,20242025,2024020410,2024-12-05,BUF,WPG,0,0.553654,0.446346,BUF,0,single,season_regime,middle,hybrid_exponential,1.0,650.0,0.1,True,hybrid_exponential,1.0,650.0,0.1,True
logistic_engineered,20232024,20242025,20242025,2024020411,2024-12-05,MTL,NSH,1,0.555116,0.444884,MTL,1,single,season_regime,middle,hybrid_exponential,1.0,650.0,0.1,True,hybrid_exponential,1.0,650.0,0.1,True
logistic_engineered,20232024,20242025,20242025,2024020412,2024-12-05,OTT,DET,1,0.551366,0.448634,OTT,1,single,season_regime,middle,hybrid_exponential,1.0,650.0,0.1,True,hybrid_exponential,1.0,650.0,0.1,True
logistic_engineered,20232024,20242025,20242025,2024020413,2024-12-05,TBL,SJS,1,0.905015,0.094985,TBL,1,single,season_regime,middle,hybrid_exponential,1.0,650.0,0.1,True,hybrid_exponential,1.0,650.0,0.1,True
logistic_engineered,20232024,20242025,20242025,2024020414,2024-12-05,PHI,FLA,0,0.246194,0.753806,FLA,1,single,season_regime,middle,hybrid_exponential,1.0,650.0,0.1,True,hybrid_exponential,1.0,650.0,0.1,True
logistic_engineered,20232024,20242025,20242025,2024020415,2024-12-05,CAR,COL,1,0.56139,0.43861,CAR,1,single,season_regime,middle,hybrid_exponential,1.0,650.0,0.1,True,hybrid_exponential,1.0,650.0,0.1,True
logistic_engineered,20232024,20242025,20242025,2024020416,2024-12-05,NYI,SEA,0,0.349056,0.650944,SEA,1,single,season_regime,middle,hybrid_exponential,1.0,650.0,0.1,True,hybrid_exponential,1.0,650.0,0.1,True
logistic_engineered,20232024,20242025,20242025,2024020417,2024-12-05,CGY,STL,0,0.53343,0.46657,CGY,0,single,season_regime,middle,hybrid_exponential,1.0,650.0,0.1,True,hybrid_exponential,1.0,650.0,0.1,True
logistic_engineered,20232024,20242025,20242025,2024020418,2024-12-05,EDM,CBJ,1,0.574751,0.425249,EDM,1,single,season_regime,middle,hybrid_exponential,1.0,650.0,0.1,True,hybrid_exponential,1.0,650.0,0.1,True
logistic_engineered,20232024,20242025,20242025,2024020419,2024-12-06,TOR,WSH,0,0.588734,0.411266,TOR,0,single,season_regime,middle,hybrid_exponential,1.0,650.0,0.1,True,hybrid_exponential,1.0,650.0,0.1,True
logistic_engineered,20232024,20242025,20242025,2024020420,2024-12-06,NJD,SEA,1,0.634135,0.365865,NJD,1,single,season_regime,middle,hybrid_exponential,1.0,650.0,0.1,True,hybrid_exponential,1.0,650.0,0.1,True
logistic_engineered,20232024,20242025,20242025,2024020421,2024-12-06,NYR,PIT,1,0.632778,0.367222,NYR,1,single,season_regime,middle,hybrid_exponential,1.0,650.0,0.1,True,hybrid_exponential,1.0,650.0,0.1,True
logistic_engineered,20232024,20242025,20242025,2024020422,2024-12-06,VAN,CBJ,1,0.711633,0.288367,VAN,1,single,season_regime,middle,hybrid_exponential,1.0,650.0,0.1,True,hybrid_exponential,1.0,650.0,0.1,True
logistic_engineered,20232024,20242025,20242025,2024020423,2024-12-06,VGK,DAL,1,0.41023,0.58977,DAL,0,single,season_regime,middle,hybrid_exponential,1.0,650.0,0.1,True,hybrid_exponential,1.0,650.0,0.1,True
logistic_engineered,20232024,20242025,20242025,2024020424,2024-12-06,ANA,MIN,0,0.401369,0.598631,MIN,1,single,season_regime,middle,hybrid_exponential,1.0,650.0,0.1,True,hybrid_exponential,1.0,650.0,0.1,True
logistic_engineered,20232024,20242025,20242025,2024020425,2024-12-07,BOS,PHI,1,0.578053,0.421947,BOS,1,single,season_regime,middle,hybrid_exponential,1.0,650.0,0.1,True,hybrid_exponential,1.0,650.0,0.1,True
logistic_engineered,20232024,20242025,20242025,2024020426,2024-12-07,BUF,UTA,0,0.567129,0.432871,BUF,0,single,season_regime,middle,hybrid_exponential,1.0,650.0,0.1,True,hybrid_exponential,1.0,650.0,0.1,True
logistic_engineered,20232024,20242025,20242025,2024020427,2024-12-07,CHI,WPG,0,0.137275,0.862725,WPG,1,single,season_regime,middle,hybrid_exponential,1.0,650.0,0.1,True,hybrid_exponential,1.0,650.0,0.1,True
logistic_engineered,20232024,20242025,20242025,2024020428,2024-12-07,NYI,CAR,1,0.360765,0.639235,CAR,0,single,season_regime,middle,hybrid_exponential,1.0,650.0,0.1,True,hybrid_exponential,1.0,650.0,0.1,True
logistic_engineered,20232024,20242025,20242025,2024020429,2024-12-07,FLA,SJS,1,0.763214,0.236786,FLA,1,single,season_regime,middle,hybrid_exponential,1.0,650.0,0.1,True,hybrid_exponential,1.0,650.0,0.1,True
logistic_engineered,20232024,20242025,20242025,2024020430,2024-12-07,MTL,WSH,0,0.490904,0.509096,WSH,1,single,season_regime,middle,hybrid_exponential,1.0,650.0,0.1,True,hybrid_exponential,1.0,650.0,0.1,True
logistic_engineered,20232024,20242025,20242025,2024020431,2024-12-07,OTT,NSH,1,0.521303,0.478697,OTT,1,single,season_regime,middle,hybrid_exponential,1.0,650.0,0.1,True,hybrid_exponential,1.0,650.0,0.1,True
logistic_engineered,20232024,20242025,20242025,2024020432,2024-12-07,DET,COL,0,0.44919,0.55081,COL,1,single,season_regime,middle,hybrid_exponential,1.0,650.0,0.1,True,hybrid_exponential,1.0,650.0,0.1,True
logistic_engineered,20232024,20242025,20242025,2024020433,2024-12-07,PIT,TOR,1,0.446556,0.553444,TOR,0,single,season_regime,middle,hybrid_exponential,1.0,650.0,0.1,True,hybrid_exponential,1.0,650.0,0.1,True
logistic_engineered,20232024,20242025,20242025,2024020434,2024-12-07,LAK,MIN,1,0.60103,0.39897,LAK,1,single,season_regime,middle,hybrid_exponential,1.0,650.0,0.1,True,hybrid_exponential,1.0,650.0,0.1,True
logistic_engineered,20232024,20242025,20242025,2024020435,2024-12-07,EDM,STL,1,0.613883,0.386117,EDM,1,single,season_regime,middle,hybrid_exponential,1.0,650.0,0.1,True,hybrid_exponential,1.0,650.0,0.1,True
logistic_engineered,20232024,20242025,20242025,2024020436,2024-12-08,NYR,SEA,0,0.596116,0.403884,NYR,0,single,season_regime,middle,hybrid_exponential,1.0,650.0,0.1,True,hybrid_exponential,1.0,650.0,0.1,True
logistic_engineered,20232024,20242025,20242025,2024020437,2024-12-08,VAN,TBL,0,0.546364,0.453636,VAN,0,single,season_regime,middle,hybrid_exponential,1.0,650.0,0.1,True,hybrid_exponential,1.0,650.0,0.1,True
logistic_engineered,20232024,20242025,20242025,2024020438,2024-12-08,OTT,NYI,0,0.48951,0.51049,NYI,1,single,season_regime,middle,hybrid_exponential,1.0,650.0,0.1,True,hybrid_exponential,1.0,650.0,0.1,True
logistic_engineered,20232024,20242025,20242025,2024020439,2024-12-08,WPG,CBJ,0,0.561998,0.438002,WPG,0,single,season_regime,middle,hybrid_exponential,1.0,650.0,0.1,True,hybrid_exponential,1.0,650.0,0.1,True
logistic_engineered,20232024,20242025,20242025,2024020440,2024-12-08,NJD,COL,0,0.562017,0.437983,NJD,0,single,season_regime,middle,hybrid_exponential,1.0,650.0,0.1,True,hybrid_exponential,1.0,650.0,0.1,True
logistic_engineered,20232024,20242025,20242025,2024020441,2024-12-08,PHI,UTA,0,0.504434,0.495566,PHI,0,single,season_regime,middle,hybrid_exponential,1.0,650.0,0.1,True,hybrid_exponential,1.0,650.0,0.1,True
logistic_engineered,20232024,20242025,20242025,2024020442,2024-12-08,DAL,CGY,1,0.662166,0.337834,DAL,1,single,season_regime,middle,hybrid_exponential,1.0,650.0,0.1,True,hybrid_exponential,1.0,650.0,0.1,True
logistic_engineered,20232024,20242025,20242025,2024020443,2024-12-09,BUF,DET,0,0.70831,0.29169,BUF,0,single,season_regime,middle,hybrid_exponential,1.0,650.0,0.1,True,hybrid_exponential,1.0,650.0,0.1,True
logistic_engineered,20232024,20242025,20242025,2024020444,2024-12-09,NYR,CHI,0,0.63479,0.36521,NYR,0,single,season_regime,middle,hybrid_exponential,1.0,650.0,0.1,True,hybrid_exponential,1.0,650.0,0.1,True
logistic_engineered,20232024,20242025,20242025,2024020445,2024-12-09,MTL,ANA,1,0.581084,0.418916,MTL,1,single,season_regime,middle,hybrid_exponential,1.0,650.0,0.1,True,hybrid_exponential,1.0,650.0,0.1,True
logistic_engineered,20232024,20242025,20242025,2024020446,2024-12-10,NJD,TOR,0,0.471742,0.528258,TOR,1,single,season_regime,middle,hybrid_exponential,1.0,650.0,0.1,True,hybrid_exponential,1.0,650.0,0.1,True
logistic_engineered,20232024,20242025,20242025,2024020447,2024-12-10,PIT,COL,0,0.451658,0.548342,COL,1,single,season_regime,middle,hybrid_exponential,1.0,650.0,0.1,True,hybrid_exponential,1.0,650.0,0.1,True
logistic_engineered,20232024,20242025,20242025,2024020448,2024-12-10,CAR,SJS,1,0.806108,0.193892,CAR,1,single,season_regime,middle,hybrid_exponential,1.0,650.0,0.1,True,hybrid_exponential,1.0,650.0,0.1,True
logistic_engineered,20232024,20242025,20242025,2024020449,2024-12-10,CBJ,PHI,0,0.545028,0.454972,CBJ,0,single,season_regime,middle,hybrid_exponential,1.0,650.0,0.1,True,hybrid_exponential,1.0,650.0,0.1,True
logistic_engineered,20232024,20242025,20242025,2024020450,2024-12-10,NYI,LAK,0,0.434787,0.565213,LAK,1,single,season_regime,middle,hybrid_exponential,1.0,650.0,0.1,True,hybrid_exponential,1.0,650.0,0.1,True
logistic_engineered,20232024,20242025,20242025,2024020451,2024-12-10,NSH,CGY,0,0.612126,0.387874,NSH,0,single,season_regime,middle,hybrid_exponential,1.0,650.0,0.1,True,hybrid_exponential,1.0,650.0,0.1,True
logistic_engineered,20232024,20242025,20242025,2024020452,2024-12-10,WPG,BOS,1,0.47564,0.52436,BOS,0,single,season_regime,middle,hybrid_exponential,1.0,650.0,0.1,True,hybrid_exponential,1.0,650.0,0.1,True
logistic_engineered,20232024,20242025,20242025,2024020453,2024-12-10,EDM,TBL,1,0.597757,0.402243,EDM,1,single,season_regime,middle,hybrid_exponential,1.0,650.0,0.1,True,hybrid_exponential,1.0,650.0,0.1,True
logistic_engineered,20232024,20242025,20242025,2024020454,2024-12-10,UTA,MIN,0,0.436151,0.563849,MIN,1,single,season_regime,middle,hybrid_exponential,1.0,650.0,0.1,True,hybrid_exponential,1.0,650.0,0.1,True
logistic_engineered,20232024,20242025,20242025,2024020455,2024-12-10,VAN,STL,0,0.596236,0.403764,VAN,0,single,season_regime,middle,hybrid_exponential,1.0,650.0,0.1,True,hybrid_exponential,1.0,650.0,0.1,True
logistic_engineered,20232024,20242025,20242025,2024020456,2024-12-10,SEA,FLA,0,0.493178,0.506822,FLA,1,single,season_regime,middle,hybrid_exponential,1.0,650.0,0.1,True,hybrid_exponential,1.0,650.0,0.1,True
logistic_engineered,20232024,20242025,20242025,2024020457,2024-12-11,BUF,NYR,0,0.427964,0.572036,NYR,1,single,season_regime,middle,hybrid_exponential,1.0,650.0,0.1,True,hybrid_exponential,1.0,650.0,0.1,True
logistic_engineered,20232024,20242025,20242025,2024020458,2024-12-11,OTT,ANA,1,0.635456,0.364544,OTT,1,single,season_regime,middle,hybrid_exponential,1.0,650.0,0.1,True,hybrid_exponential,1.0,650.0,0.1,True
logistic_engineered,20232024,20242025,20242025,2024020459,2024-12-12,TOR,ANA,1,0.542025,0.457975,TOR,1,single,season_regime,middle,hybrid_exponential,1.0,650.0,0.1,True,hybrid_exponential,1.0,650.0,0.1,True
logistic_engineered,20232024,20242025,20242025,2024020460,2024-12-12,MTL,PIT,0,0.271685,0.728315,PIT,1,single,season_regime,middle,hybrid_exponential,1.0,650.0,0.1,True,hybrid_exponential,1.0,650.0,0.1,True
logistic_engineered,20232024,20242025,20242025,2024020461,2024-12-12,NJD,LAK,1,0.465424,0.534576,LAK,0,single,season_regime,middle,hybrid_exponential,1.0,650.0,0.1,True,hybrid_exponential,1.0,650.0,0.1,True
logistic_engineered,20232024,20242025,20242025,2024020462,2024-12-12,PHI,DET,1,0.540216,0.459784,PHI,1,single,season_regime,middle,hybrid_exponential,1.0,650.0,0.1,True,hybrid_exponential,1.0,650.0,0.1,True
logistic_engineered,20232024,20242025,20242025,2024020463,2024-12-12,CBJ,WSH,0,0.442117,0.557883,WSH,1,single,season_regime,middle,hybrid_exponential,1.0,650.0,0.1,True,hybrid_exponential,1.0,650.0,0.1,True
logistic_engineered,20232024,20242025,20242025,2024020464,2024-12-12,NYI,CHI,1,0.823458,0.176542,NYI,1,single,season_regime,middle,hybrid_exponential,1.0,650.0,0.1,True,hybrid_exponential,1.0,650.0,0.1,True
logistic_engineered,20232024,20242025,20242025,2024020465,2024-12-12,STL,SJS,0,0.65682,0.34318,STL,0,single,season_regime,middle,hybrid_exponential,1.0,650.0,0.1,True,hybrid_exponential,1.0,650.0,0.1,True
logistic_engineered,20232024,20242025,20242025,2024020466,2024-12-12,DAL,NSH,0,0.788936,0.211064,DAL,0,single,season_regime,middle,hybrid_exponential,1.0,650.0,0.1,True,hybrid_exponential,1.0,650.0,0.1,True
logistic_engineered,20232024,20242025,20242025,2024020467,2024-12-12,MIN,EDM,0,0.264341,0.735659,EDM,1,single,season_regime,middle,hybrid_exponential,1.0,650.0,0.1,True,hybrid_exponential,1.0,650.0,0.1,True
logistic_engineered,20232024,20242025,20242025,2024020468,2024-12-12,WPG,VGK,0,0.580137,0.419863,WPG,0,single,season_regime,middle,hybrid_exponential,1.0,650.0,0.1,True,hybrid_exponential,1.0,650.0,0.1,True
logistic_engineered,20232024,20242025,20242025,2024020469,2024-12-12,COL,UTA,0,0.627271,0.372729,COL,0,single,season_regime,middle,hybrid_exponential,1.0,650.0,0.1,True,hybrid_exponential,1.0,650.0,0.1,True
logistic_engineered,20232024,20242025,20242025,2024020470,2024-12-12,CGY,TBL,0,0.488869,0.511131,TBL,1,single,season_regime,middle,hybrid_exponential,1.0,650.0,0.1,True,hybrid_exponential,1.0,650.0,0.1,True
logistic_engineered,20232024,20242025,20242025,2024020471,2024-12-12,VAN,FLA,1,0.488637,0.511363,FLA,0,single,season_regime,middle,hybrid_exponential,1.0,650.0,0.1,True,hybrid_exponential,1.0,650.0,0.1,True
logistic_engineered,20232024,20242025,20242025,2024020472,2024-12-12,SEA,BOS,1,0.528215,0.471785,SEA,1,single,season_regime,middle,hybrid_exponential,1.0,650.0,0.1,True,hybrid_exponential,1.0,650.0,0.1,True
logistic_engineered,20232024,20242025,20242025,2024020473,2024-12-13,CAR,OTT,0,0.70156,0.29844,CAR,0,single,season_regime,middle,hybrid_exponential,1.0,650.0,0.1,True,hybrid_exponential,1.0,650.0,0.1,True
logistic_engineered,20232024,20242025,20242025,2024020474,2024-12-14,NJD,CHI,1,0.71722,0.28278,NJD,1,single,season_regime,middle,hybrid_exponential,1.0,650.0,0.1,True,hybrid_exponential,1.0,650.0,0.1,True
logistic_engineered,20232024,20242025,20242025,2024020475,2024-12-14,NYR,LAK,0,0.315534,0.684466,LAK,1,single,season_regime,middle,hybrid_exponential,1.0,650.0,0.1,True,hybrid_exponential,1.0,650.0,0.1,True
logistic_engineered,20232024,20242025,20242025,2024020476,2024-12-14,MIN,PHI,1,0.56221,0.43779,MIN,1,single,season_regime,middle,hybrid_exponential,1.0,650.0,0.1,True,hybrid_exponential,1.0,650.0,0.1,True
logistic_engineered,20232024,20242025,20242025,2024020477,2024-12-14,EDM,VGK,1,0.565364,0.434636,EDM,1,single,season_regime,middle,hybrid_exponential,1.0,650.0,0.1,True,hybrid_exponential,1.0,650.0,0.1,True
logistic_engineered,20232024,20242025,20242025,2024020478,2024-12-14,OTT,PIT,1,0.398725,0.601275,PIT,0,single,season_regime,middle,hybrid_exponential,1.0,650.0,0.1,True,hybrid_exponential,1.0,650.0,0.1,True
logistic_engineered,20232024,20242025,20242025,2024020479,2024-12-14,DET,TOR,1,0.433555,0.566445,TOR,0,single,season_regime,middle,hybrid_exponential,1.0,650.0,0.1,True,hybrid_exponential,1.0,650.0,0.1,True
logistic_engineered,20232024,20242025,20242025,2024020480,2024-12-14,WSH,BUF,1,0.602828,0.397172,WSH,1,single,season_regime,middle,hybrid_exponential,1.0,650.0,0.1,True,hybrid_exponential,1.0,650.0,0.1,True
logistic_engineered,20232024,20242025,20242025,2024020481,2024-12-14,CBJ,ANA,0,0.602092,0.397908,CBJ,0,single,season_regime,middle,hybrid_exponential,1.0,650.0,0.1,True,hybrid_exponential,1.0,650.0,0.1,True
logistic_engineered,20232024,20242025,20242025,2024020482,2024-12-14,WPG,MTL,1,0.721262,0.278738,WPG,1,single,season_regime,middle,hybrid_exponential,1.0,650.0,0.1,True,hybrid_exponential,1.0,650.0,0.1,True
logistic_engineered,20232024,20242025,20242025,2024020483,2024-12-14,DAL,STL,1,0.660156,0.339844,DAL,1,single,season_regime,middle,hybrid_exponential,1.0,650.0,0.1,True,hybrid_exponential,1.0,650.0,0.1,True
logistic_engineered,20232024,20242025,20242025,2024020484,2024-12-14,COL,NSH,1,0.621048,0.378952,COL,1,single,season_regime,middle,hybrid_exponential,1.0,650.0,0.1,True,hybrid_exponential,1.0,650.0,0.1,True
logistic_engineered,20232024,20242025,20242025,2024020485,2024-12-14,CGY,FLA,1,0.426826,0.573174,FLA,0,single,season_regime,middle,hybrid_exponential,1.0,650.0,0.1,True,hybrid_exponential,1.0,650.0,0.1,True
logistic_engineered,20232024,20242025,20242025,2024020486,2024-12-14,VAN,BOS,0,0.561654,0.438346,VAN,0,single,season_regime,middle,hybrid_exponential,1.0,650.0,0.1,True,hybrid_exponential,1.0,650.0,0.1,True
logistic_engineered,20232024,20242025,20242025,2024020487,2024-12-14,SJS,UTA,0,0.408817,0.591183,UTA,1,single,season_regime,middle,hybrid_exponential,1.0,650.0,0.1,True,hybrid_exponential,1.0,650.0,0.1,True
logistic_engineered,20232024,20242025,20242025,2024020488,2024-12-14,SEA,TBL,0,0.445766,0.554234,TBL,1,single,season_regime,middle,hybrid_exponential,1.0,650.0,0.1,True,hybrid_exponential,1.0,650.0,0.1,True
logistic_engineered,20232024,20242025,20242025,2024020489,2024-12-15,CHI,NYI,1,0.315367,0.684633,NYI,0,single,season_regime,middle,hybrid_exponential,1.0,650.0,0.1,True,hybrid_exponential,1.0,650.0,0.1,True
logistic_engineered,20232024,20242025,20242025,2024020490,2024-12-15,TOR,BUF,1,0.609414,0.390586,TOR,1,single,season_regime,middle,hybrid_exponential,1.0,650.0,0.1,True,hybrid_exponential,1.0,650.0,0.1,True
logistic_engineered,20232024,20242025,20242025,2024020491,2024-12-15,CAR,CBJ,1,0.776357,0.223643,CAR,1,single,season_regime,middle,hybrid_exponential,1.0,650.0,0.1,True,hybrid_exponential,1.0,650.0,0.1,True
logistic_engineered,20232024,20242025,20242025,2024020492,2024-12-15,STL,NYR,1,0.428017,0.571983,NYR,0,single,season_regime,middle,hybrid_exponential,1.0,650.0,0.1,True,hybrid_exponential,1.0,650.0,0.1,True
logistic_engineered,20232024,20242025,20242025,2024020493,2024-12-15,MIN,VGK,0,0.442382,0.557618,VGK,1,single,season_regime,middle,hybrid_exponential,1.0,650.0,0.1,True,hybrid_exponential,1.0,650.0,0.1,True
logistic_engineered,20232024,20242025,20242025,2024020494,2024-12-16,DAL,WSH,1,0.605192,0.394808,DAL,1,single,season_regime,middle,hybrid_exponential,1.0,650.0,0.1,True,hybrid_exponential,1.0,650.0,0.1,True
logistic_engineered,20232024,20242025,20242025,2024020495,2024-12-16,EDM,FLA,0,0.508559,0.491441,EDM,0,single,season_regime,middle,hybrid_exponential,1.0,650.0,0.1,True,hybrid_exponential,1.0,650.0,0.1,True
logistic_engineered,20232024,20242025,20242025,2024020496,2024-12-16,VAN,COL,1,0.472582,0.527418,COL,0,single,season_regime,middle,hybrid_exponential,1.0,650.0,0.1,True,hybrid_exponential,1.0,650.0,0.1,True
logistic_engineered,20232024,20242025,20242025,2024020497,2024-12-17,MTL,BUF,1,0.706312,0.293688,MTL,1,single,season_regime,middle,hybrid_exponential,1.0,650.0,0.1,True,hybrid_exponential,1.0,650.0,0.1,True
logistic_engineered,20232024,20242025,20242025,2024020498,2024-12-17,TBL,CBJ,1,0.647726,0.352274,TBL,1,single,season_regime,middle,hybrid_exponential,1.0,650.0,0.1,True,hybrid_exponential,1.0,650.0,0.1,True
logistic_engineered,20232024,20242025,20242025,2024020499,2024-12-17,PIT,LAK,1,0.478119,0.521881,LAK,0,single,season_regime,middle,hybrid_exponential,1.0,650.0,0.1,True,hybrid_exponential,1.0,650.0,0.1,True
logistic_engineered,20232024,20242025,20242025,2024020500,2024-12-17,CAR,NYI,1,0.835936,0.164064,CAR,1,single,season_regime,middle,hybrid_exponential,1.0,650.0,0.1,True,hybrid_exponential,1.0,650.0,0.1,True
logistic_engineered,20232024,20242025,20242025,2024020501,2024-12-17,STL,NJD,0,0.446651,0.553349,NJD,1,single,season_regime,middle,hybrid_exponential,1.0,650.0,0.1,True,hybrid_exponential,1.0,650.0,0.1,True
logistic_engineered,20232024,20242025,20242025,2024020502,2024-12-17,NSH,NYR,1,0.441202,0.558798,NYR,0,single,season_regime,middle,hybrid_exponential,1.0,650.0,0.1,True,hybrid_exponential,1.0,650.0,0.1,True
logistic_engineered,20232024,20242025,20242025,2024020503,2024-12-17,CHI,WSH,1,0.391087,0.608913,WSH,0,single,season_regime,middle,hybrid_exponential,1.0,650.0,0.1,True,hybrid_exponential,1.0,650.0,0.1,True
logistic_engineered,20232024,20242025,20242025,2024020504,2024-12-17,CGY,BOS,0,0.485013,0.514987,BOS,1,single,season_regime,middle,hybrid_exponential,1.0,650.0,0.1,True,hybrid_exponential,1.0,650.0,0.1,True
logistic_engineered,20232024,20242025,20242025,2024020505,2024-12-17,SEA,OTT,0,0.577711,0.422289,SEA,0,single,season_regime,middle,hybrid_exponential,1.0,650.0,0.1,True,hybrid_exponential,1.0,650.0,0.1,True
logistic_engineered,20232024,20242025,20242025,2024020506,2024-12-17,SJS,WPG,0,0.307264,0.692736,WPG,1,single,season_regime,middle,hybrid_exponential,1.0,650.0,0.1,True,hybrid_exponential,1.0,650.0,0.1,True
logistic_engineered,20232024,20242025,20242025,2024020507,2024-12-18,DET,PHI,1,0.563756,0.436244,DET,1,single,season_regime,middle,hybrid_exponential,1.0,650.0,0.1,True,hybrid_exponential,1.0,650.0,0.1,True
logistic_engineered,20232024,20242025,20242025,2024020508,2024-12-18,DAL,TOR,0,0.319394,0.680606,TOR,1,single,season_regime,middle,hybrid_exponential,1.0,650.0,0.1,True,hybrid_exponential,1.0,650.0,0.1,True
logistic_engineered,20232024,20242025,20242025,2024020509,2024-12-18,MIN,FLA,0,0.452516,0.547484,FLA,1,single,season_regime,middle,hybrid_exponential,1.0,650.0,0.1,True,hybrid_exponential,1.0,650.0,0.1,True
logistic_engineered,20232024,20242025,20242025,2024020510,2024-12-18,UTA,VAN,1,0.481251,0.518749,VAN,0,single,season_regime,middle,hybrid_exponential,1.0,650.0,0.1,True,hybrid_exponential,1.0,650.0,0.1,True
logistic_engineered,20232024,20242025,20242025,2024020511,2024-12-18,ANA,WPG,1,0.401082,0.598918,WPG,0,single,season_regime,middle,hybrid_exponential,1.0,650.0,0.1,True,hybrid_exponential,1.0,650.0,0.1,True
logistic_engineered,20232024,20242025,20242025,2024020512,2024-12-19,TBL,STL,1,0.829694,0.170306,TBL,1,single,season_regime,middle,hybrid_exponential,1.0,650.0,0.1,True,hybrid_exponential,1.0,650.0,0.1,True
logistic_engineered,20232024,20242025,20242025,2024020513,2024-12-19,PHI,LAK,0,0.392707,0.607293,LAK,1,single,season_regime,middle,hybrid_exponential,1.0,650.0,0.1,True,hybrid_exponential,1.0,650.0,0.1,True
logistic_engineered,20232024,20242025,20242025,2024020514,2024-12-19,CBJ,NJD,1,0.46386,0.53614,NJD,0,single,season_regime,middle,hybrid_exponential,1.0,650.0,0.1,True,hybrid_exponential,1.0,650.0,0.1,True
logistic_engineered,20232024,20242025,20242025,2024020515,2024-12-19,NSH,PIT,0,0.467567,0.532433,PIT,1,single,season_regime,middle,hybrid_exponential,1.0,650.0,0.1,True,hybrid_exponential,1.0,650.0,0.1,True
logistic_engineered,20232024,20242025,20242025,2024020516,2024-12-19,CHI,SEA,1,0.502107,0.497893,CHI,1,single,season_regime,middle,hybrid_exponential,1.0,650.0,0.1,True,hybrid_exponential,1.0,650.0,0.1,True
logistic_engineered,20232024,20242025,20242025,2024020517,2024-12-19,CGY,OTT,0,0.543326,0.456674,CGY,0,single,season_regime,middle,hybrid_exponential,1.0,650.0,0.1,True,hybrid_exponential,1.0,650.0,0.1,True
logistic_engineered,20232024,20242025,20242025,2024020518,2024-12-19,EDM,BOS,1,0.558639,0.441361,EDM,1,single,season_regime,middle,hybrid_exponential,1.0,650.0,0.1,True,hybrid_exponential,1.0,650.0,0.1,True
logistic_engineered,20232024,20242025,20242025,2024020519,2024-12-19,VGK,VAN,1,0.603095,0.396905,VGK,1,single,season_regime,middle,hybrid_exponential,1.0,650.0,0.1,True,hybrid_exponential,1.0,650.0,0.1,True
logistic_engineered,20232024,20242025,20242025,2024020520,2024-12-19,SJS,COL,0,0.326474,0.673526,COL,1,single,season_regime,middle,hybrid_exponential,1.0,650.0,0.1,True,hybrid_exponential,1.0,650.0,0.1,True
logistic_engineered,20232024,20242025,20242025,2024020521,2024-12-20,BUF,TOR,0,0.260788,0.739212,TOR,1,single,season_regime,middle,hybrid_exponential,1.0,650.0,0.1,True,hybrid_exponential,1.0,650.0,0.1,True
logistic_engineered,20232024,20242025,20242025,2024020522,2024-12-20,DET,MTL,0,0.606616,0.393384,DET,0,single,season_regime,middle,hybrid_exponential,1.0,650.0,0.1,True,hybrid_exponential,1.0,650.0,0.1,True
logistic_engineered,20232024,20242025,20242025,2024020523,2024-12-20,FLA,STL,1,0.655495,0.344505,FLA,1,single,season_regime,middle,hybrid_exponential,1.0,650.0,0.1,True,hybrid_exponential,1.0,650.0,0.1,True
logistic_engineered,20232024,20242025,20242025,2024020524,2024-12-20,WSH,CAR,1,0.441979,0.558021,CAR,0,single,season_regime,middle,hybrid_exponential,1.0,650.0,0.1,True,hybrid_exponential,1.0,650.0,0.1,True
logistic_engineered,20232024,20242025,20242025,2024020525,2024-12-20,DAL,NYR,0,0.548373,0.451627,DAL,0,single,season_regime,middle,hybrid_exponential,1.0,650.0,0.1,True,hybrid_exponential,1.0,650.0,0.1,True
logistic_engineered,20232024,20242025,20242025,2024020526,2024-12-20,MIN,UTA,0,0.555149,0.444851,MIN,0,single,season_regime,middle,hybrid_exponential,1.0,650.0,0.1,True,hybrid_exponential,1.0,650.0,0.1,True
logistic_engineered,20232024,20242025,20242025,2024020527,2024-12-20,ANA,COL,0,0.385477,0.614523,COL,1,single,season_regime,middle,hybrid_exponential,1.0,650.0,0.1,True,hybrid_exponential,1.0,650.0,0.1,True
logistic_engineered,20232024,20242025,20242025,2024020528,2024-12-21,NSH,LAK,1,0.425941,0.574059,LAK,0,single,season_regime,middle,hybrid_exponential,1.0,650.0,0.1,True,hybrid_exponential,1.0,650.0,0.1,True
logistic_engineered,20232024,20242025,20242025,2024020529,2024-12-21,CGY,CHI,1,0.614847,0.385153,CGY,1,single,season_regime,middle,hybrid_exponential,1.0,650.0,0.1,True,hybrid_exponential,1.0,650.0,0.1,True
logistic_engineered,20232024,20242025,20242025,2024020530,2024-12-21,EDM,SJS,1,0.790141,0.209859,EDM,1,single,season_regime,middle,hybrid_exponential,1.0,650.0,0.1,True,hybrid_exponential,1.0,650.0,0.1,True
logistic_engineered,20232024,20242025,20242025,2024020531,2024-12-21,BOS,BUF,1,0.681395,0.318605,BOS,1,single,season_regime,middle,hybrid_exponential,1.0,650.0,0.1,True,hybrid_exponential,1.0,650.0,0.1,True
logistic_engineered,20232024,20242025,20242025,2024020532,2024-12-21,TOR,NYI,0,0.435727,0.564273,NYI,1,single,season_regime,middle,hybrid_exponential,1.0,650.0,0.1,True,hybrid_exponential,1.0,650.0,0.1,True
logistic_engineered,20232024,20242025,20242025,2024020533,2024-12-21,MTL,DET,1,0.502858,0.497142,MTL,1,single,season_regime,middle,hybrid_exponential,1.0,650.0,0.1,True,hybrid_exponential,1.0,650.0,0.1,True
logistic_engineered,20232024,20242025,20242025,2024020534,2024-12-21,NJD,PIT,1,0.572169,0.427831,NJD,1,single,season_regime,middle,hybrid_exponential,1.0,650.0,0.1,True,hybrid_exponential,1.0,650.0,0.1,True
logistic_engineered,20232024,20242025,20242025,2024020535,2024-12-21,PHI,CBJ,1,0.504529,0.495471,PHI,1,single,season_regime,middle,hybrid_exponential,1.0,650.0,0.1,True,hybrid_exponential,1.0,650.0,0.1,True
logistic_engineered,20232024,20242025,20242025,2024020536,2024-12-21,WPG,MIN,1,0.653494,0.346506,WPG,1,single,season_regime,middle,hybrid_exponential,1.0,650.0,0.1,True,hybrid_exponential,1.0,650.0,0.1,True
logistic_engineered,20232024,20242025,20242025,2024020537,2024-12-21,VAN,OTT,0,0.490713,0.509287,OTT,1,single,season_regime,middle,hybrid_exponential,1.0,650.0,0.1,True,hybrid_exponential,1.0,650.0,0.1,True
logistic_engineered,20232024,20242025,20242025,2024020538,2024-12-21,VGK,SEA,1,0.596992,0.403008,VGK,1,single,season_regime,middle,hybrid_exponential,1.0,650.0,0.1,True,hybrid_exponential,1.0,650.0,0.1,True
logistic_engineered,20232024,20242025,20242025,2024020539,2024-12-22,NYR,CAR,0,0.469942,0.530058,CAR,1,single,season_regime,middle,hybrid_exponential,1.0,650.0,0.1,True,hybrid_exponential,1.0,650.0,0.1,True
logistic_engineered,20232024,20242025,20242025,2024020540,2024-12-22,TBL,FLA,0,0.511251,0.488749,TBL,0,single,season_regime,middle,hybrid_exponential,1.0,650.0,0.1,True,hybrid_exponential,1.0,650.0,0.1,True
logistic_engineered,20232024,20242025,20242025,2024020541,2024-12-22,WSH,LAK,1,0.580996,0.419004,WSH,1,single,season_regime,middle,hybrid_exponential,1.0,650.0,0.1,True,hybrid_exponential,1.0,650.0,0.1,True
logistic_engineered,20232024,20242025,20242025,2024020542,2024-12-22,UTA,ANA,0,0.703564,0.296436,UTA,0,single,season_regime,middle,hybrid_exponential,1.0,650.0,0.1,True,hybrid_exponential,1.0,650.0,0.1,True
logistic_engineered,20232024,20242025,20242025,2024020543,2024-12-22,COL,SEA,1,0.622742,0.377258,COL,1,single,season_regime,middle,hybrid_exponential,1.0,650.0,0.1,True,hybrid_exponential,1.0,650.0,0.1,True
logistic_engineered,20232024,20242025,20242025,2024020544,2024-12-22,EDM,OTT,1,0.717532,0.282468,EDM,1,single,season_regime,middle,hybrid_exponential,1.0,650.0,0.1,True,hybrid_exponential,1.0,650.0,0.1,True
logistic_engineered,20232024,20242025,20242025,2024020545,2024-12-23,NJD,NYR,1,0.534329,0.465671,NJD,1,single,season_regime,middle,hybrid_exponential,1.0,650.0,0.1,True,hybrid_exponential,1.0,650.0,0.1,True
logistic_engineered,20232024,20242025,20242025,2024020546,2024-12-23,TOR,WPG,0,0.441819,0.558181,WPG,1,single,season_regime,middle,hybrid_exponential,1.0,650.0,0.1,True,hybrid_exponential,1.0,650.0,0.1,True
logistic_engineered,20232024,20242025,20242025,2024020547,2024-12-23,BOS,WSH,1,0.603374,0.396626,BOS,1,single,season_regime,middle,hybrid_exponential,1.0,650.0,0.1,True,hybrid_exponential,1.0,650.0,0.1,True
logistic_engineered,20232024,20242025,20242025,2024020548,2024-12-23,DET,STL,0,0.467492,0.532508,STL,1,single,season_regime,middle,hybrid_exponential,1.0,650.0,0.1,True,hybrid_exponential,1.0,650.0,0.1,True
logistic_engineered,20232024,20242025,20242025,2024020549,2024-12-23,FLA,TBL,0,0.514572,0.485428,FLA,0,single,season_regime,middle,hybrid_exponential,1.0,650.0,0.1,True,hybrid_exponential,1.0,650.0,0.1,True
logistic_engineered,20232024,20242025,20242025,2024020550,2024-12-23,PIT,PHI,1,0.813754,0.186246,PIT,1,single,season_regime,middle,hybrid_exponential,1.0,650.0,0.1,True,hybrid_exponential,1.0,650.0,0.1,True
logistic_engineered,20232024,20242025,20242025,2024020551,2024-12-23,CBJ,MTL,1,0.620086,0.379914,CBJ,1,single,season_regime,middle,hybrid_exponential,1.0,650.0,0.1,True,hybrid_exponential,1.0,650.0,0.1,True
logistic_engineered,20232024,20242025,20242025,2024020552,2024-12-23,NYI,BUF,0,0.568877,0.431123,NYI,0,single,season_regime,middle,hybrid_exponential,1.0,650.0,0.1,True,hybrid_exponential,1.0,650.0,0.1,True
logistic_engineered,20232024,20242025,20242025,2024020553,2024-12-23,NSH,CAR,1,0.415352,0.584648,CAR,0,single,season_regime,middle,hybrid_exponential,1.0,650.0,0.1,True,hybrid_exponential,1.0,650.0,0.1,True
logistic_engineered,20232024,20242025,20242025,2024020554,2024-12-23,MIN,CHI,1,0.676816,0.323184,MIN,1,single,season_regime,middle,hybrid_exponential,1.0,650.0,0.1,True,hybrid_exponential,1.0,650.0,0.1,True
logistic_engineered,20232024,20242025,20242025,2024020555,2024-12-23,VAN,SJS,1,0.78064,0.21936,VAN,1,single,season_regime,middle,hybrid_exponential,1.0,650.0,0.1,True,hybrid_exponential,1.0,650.0,0.1,True
logistic_engineered,20232024,20242025,20242025,2024020556,2024-12-23,UTA,DAL,0,0.293166,0.706834,DAL,1,single,season_regime,middle,hybrid_exponential,1.0,650.0,0.1,True,hybrid_exponential,1.0,650.0,0.1,True
logistic_engineered,20232024,20242025,20242025,2024020557,2024-12-23,VGK,ANA,1,0.86111,0.13889,VGK,1,single,season_regime,middle,hybrid_exponential,1.0,650.0,0.1,True,hybrid_exponential,1.0,650.0,0.1,True
logistic_engineered,20232024,20242025,20242025,2024020558,2024-12-27,BUF,CHI,1,0.847401,0.152599,BUF,1,single,season_regime,middle,hybrid_exponential,1.0,650.0,0.1,True,hybrid_exponential,1.0,650.0,0.1,True
logistic_engineered,20232024,20242025,20242025,2024020559,2024-12-27,DET,TOR,0,0.251328,0.748672,TOR,1,single,season_regime,middle,hybrid_exponential,1.0,650.0,0.1,True,hybrid_exponential,1.0,650.0,0.1,True
logistic_engineered,20232024,20242025,20242025,2024020560,2024-12-27,NJD,CAR,1,0.483565,0.516435,CAR,0,single,season_regime,middle,hybrid_exponential,1.0,650.0,0.1,True,hybrid_exponential,1.0,650.0,0.1,True
logistic_engineered,20232024,20242025,20242025,2024020561,2024-12-27,CBJ,BOS,1,0.407289,0.592711,BOS,0,single,season_regime,middle,hybrid_exponential,1.0,650.0,0.1,True,hybrid_exponential,1.0,650.0,0.1,True
logistic_engineered,20232024,20242025,20242025,2024020562,2024-12-27,STL,NSH,1,0.735251,0.264749,STL,1,single,season_regime,middle,hybrid_exponential,1.0,650.0,0.1,True,hybrid_exponential,1.0,650.0,0.1,True
logistic_engineered,20232024,20242025,20242025,2024020563,2024-12-27,DAL,MIN,0,0.622386,0.377614,DAL,0,single,season_regime,middle,hybrid_exponential,1.0,650.0,0.1,True,hybrid_exponential,1.0,650.0,0.1,True
logistic_engineered,20232024,20242025,20242025,2024020564,2024-12-27,UTA,COL,0,0.460291,0.539709,COL,1,single,season_regime,middle,hybrid_exponential,1.0,650.0,0.1,True,hybrid_exponential,1.0,650.0,0.1,True
logistic_engineered,20232024,20242025,20242025,2024020565,2024-12-27,SJS,VGK,0,0.326593,0.673407,VGK,1,single,season_regime,middle,hybrid_exponential,1.0,650.0,0.1,True,hybrid_exponential,1.0,650.0,0.1,True
logistic_engineered,20232024,20242025,20242025,2024020566,2024-12-28,FLA,MTL,0,0.668037,0.331963,FLA,0,single,season_regime,middle,hybrid_exponential,1.0,650.0,0.1,True,hybrid_exponential,1.0,650.0,0.1,True
logistic_engineered,20232024,20242025,20242025,2024020567,2024-12-28,VAN,SEA,0,0.559897,0.440103,VAN,0,single,season_regime,middle,hybrid_exponential,1.0,650.0,0.1,True,hybrid_exponential,1.0,650.0,0.1,True
logistic_engineered,20232024,20242025,20242025,2024020568,2024-12-28,ANA,PHI,0,0.466567,0.533433,PHI,1,single,season_regime,middle,hybrid_exponential,1.0,650.0,0.1,True,hybrid_exponential,1.0,650.0,0.1,True
logistic_engineered,20232024,20242025,20242025,2024020569,2024-12-28,LAK,EDM,1,0.481302,0.518698,EDM,0,single,season_regime,middle,hybrid_exponential,1.0,650.0,0.1,True,hybrid_exponential,1.0,650.0,0.1,True
logistic_engineered,20232024,20242025,20242025,2024020570,2024-12-28,BOS,CBJ,1,0.703314,0.296686,BOS,1,single,season_regime,middle,hybrid_exponential,1.0,650.0,0.1,True,hybrid_exponential,1.0,650.0,0.1,True
logistic_engineered,20232024,20242025,20242025,2024020571,2024-12-28,TOR,WSH,0,0.517319,0.482681,TOR,0,single,season_regime,middle,hybrid_exponential,1.0,650.0,0.1,True,hybrid_exponential,1.0,650.0,0.1,True
logistic_engineered,20232024,20242025,20242025,2024020572,2024-12-28,TBL,NYR,1,0.761491,0.238509,TBL,1,single,season_regime,middle,hybrid_exponential,1.0,650.0,0.1,True,hybrid_exponential,1.0,650.0,0.1,True
logistic_engineered,20232024,20242025,20242025,2024020573,2024-12-28,CAR,NJD,1,0.600827,0.399173,CAR,1,single,season_regime,middle,hybrid_exponential,1.0,650.0,0.1,True,hybrid_exponential,1.0,650.0,0.1,True
logistic_engineered,20232024,20242025,20242025,2024020574,2024-12-28,WPG,OTT,1,0.602453,0.397547,WPG,1,single,season_regime,middle,hybrid_exponential,1.0,650.0,0.1,True,hybrid_exponential,1.0,650.0,0.1,True
logistic_engineered,20232024,20242025,20242025,2024020575,2024-12-28,NYI,PIT,1,0.521033,0.478967,NYI,1,single,season_regime,middle,hybrid_exponential,1.0,650.0,0.1,True,hybrid_exponential,1.0,650.0,0.1,True
logistic_engineered,20232024,20242025,20242025,2024020576,2024-12-28,SJS,CGY,0,0.307951,0.692049,CGY,1,single,season_regime,middle,hybrid_exponential,1.0,650.0,0.1,True,hybrid_exponential,1.0,650.0,0.1,True
logistic_engineered,20232024,20242025,20242025,2024020577,2024-12-29,CHI,DAL,0,0.337426,0.662574,DAL,1,single,season_regime,middle,hybrid_exponential,1.0,650.0,0.1,True,hybrid_exponential,1.0,650.0,0.1,True
logistic_engineered,20232024,20242025,20242025,2024020578,2024-12-29,ANA,EDM,1,0.341536,0.658464,EDM,0,single,season_regime,middle,hybrid_exponential,1.0,650.0,0.1,True,hybrid_exponential,1.0,650.0,0.1,True
logistic_engineered,20232024,20242025,20242025,2024020579,2024-12-29,DET,WSH,1,0.580411,0.419589,DET,1,single,season_regime,middle,hybrid_exponential,1.0,650.0,0.1,True,hybrid_exponential,1.0,650.0,0.1,True
logistic_engineered,20232024,20242025,20242025,2024020580,2024-12-29,TBL,MTL,0,0.677941,0.322059,TBL,0,single,season_regime,middle,hybrid_exponential,1.0,650.0,0.1,True,hybrid_exponential,1.0,650.0,0.1,True
logistic_engineered,20232024,20242025,20242025,2024020581,2024-12-29,PIT,NYI,1,0.651336,0.348664,PIT,1,single,season_regime,middle,hybrid_exponential,1.0,650.0,0.1,True,hybrid_exponential,1.0,650.0,0.1,True
logistic_engineered,20232024,20242025,20242025,2024020582,2024-12-29,STL,BUF,0,0.516157,0.483843,STL,0,single,season_regime,middle,hybrid_exponential,1.0,650.0,0.1,True,hybrid_exponential,1.0,650.0,0.1,True
logistic_engineered,20232024,20242025,20242025,2024020583,2024-12-29,MIN,OTT,0,0.582567,0.417433,MIN,0,single,season_regime,middle,hybrid_exponential,1.0,650.0,0.1,True,hybrid_exponential,1.0,650.0,0.1,True
logistic_engineered,20232024,20242025,20242025,2024020584,2024-12-29,VGK,CGY,1,0.682366,0.317634,VGK,1,single,season_regime,middle,hybrid_exponential,1.0,650.0,0.1,True,hybrid_exponential,1.0,650.0,0.1,True
logistic_engineered,20232024,20242025,20242025,2024020585,2024-12-29,LAK,PHI,1,0.609592,0.390408,LAK,1,single,season_regime,middle,hybrid_exponential,1.0,650.0,0.1,True,hybrid_exponential,1.0,650.0,0.1,True
logistic_engineered,20232024,20242025,20242025,2024020586,2024-12-30,FLA,NYR,1,0.555177,0.444823,FLA,1,single,season_regime,middle,hybrid_exponential,1.0,650.0,0.1,True,hybrid_exponential,1.0,650.0,0.1,True
logistic_engineered,20232024,20242025,20242025,2024020587,2024-12-30,WPG,NSH,1,0.628468,0.371532,WPG,1,single,season_regime,middle,hybrid_exponential,1.0,650.0,0.1,True,hybrid_exponential,1.0,650.0,0.1,True
logistic_engineered,20232024,20242025,20242025,2024020588,2024-12-30,SEA,UTA,1,0.498102,0.501898,UTA,0,single,season_regime,middle,hybrid_exponential,1.0,650.0,0.1,True,hybrid_exponential,1.0,650.0,0.1,True
logistic_engineered,20232024,20242025,20242025,2024020589,2024-12-31,WSH,BOS,1,0.440475,0.559525,BOS,0,single,season_regime,middle,hybrid_exponential,1.0,650.0,0.1,True,hybrid_exponential,1.0,650.0,0.1,True
logistic_engineered,20232024,20242025,20242025,2024020590,2024-12-31,TOR,NYI,1,0.582766,0.417234,TOR,1,single,season_regime,middle,hybrid_exponential,1.0,650.0,0.1,True,hybrid_exponential,1.0,650.0,0.1,True
logistic_engineered,20232024,20242025,20242025,2024020591,2024-12-31,VGK,MTL,0,0.636719,0.363281,VGK,0,single,season_regime,middle,hybrid_exponential,1.0,650.0,0.1,True,hybrid_exponential,1.0,650.0,0.1,True
logistic_engineered,20232024,20242025,20242025,2024020592,2024-12-31,CHI,STL,0,0.450238,0.549762,STL,1,single,season_regime,middle,hybrid_exponential,1.0,650.0,0.1,True,hybrid_exponential,1.0,650.0,0.1,True
logistic_engineered,20232024,20242025,20242025,2024020593,2024-12-31,DET,PIT,1,0.501002,0.498998,DET,1,single,season_regime,middle,hybrid_exponential,1.0,650.0,0.1,True,hybrid_exponential,1.0,650.0,0.1,True
logistic_engineered,20232024,20242025,20242025,2024020594,2024-12-31,CBJ,CAR,1,0.41252,0.58748,CAR,0,single,season_regime,middle,hybrid_exponential,1.0,650.0,0.1,True,hybrid_exponential,1.0,650.0,0.1,True
logistic_engineered,20232024,20242025,20242025,2024020595,2024-12-31,DAL,BUF,1,0.632772,0.367228,DAL,1,single,season_regime,middle,hybrid_exponential,1.0,650.0,0.1,True,hybrid_exponential,1.0,650.0,0.1,True
logistic_engineered,20232024,20242025,20242025,2024020596,2024-12-31,MIN,NSH,1,0.592928,0.407072,MIN,1,single,season_regime,middle,hybrid_exponential,1.0,650.0,0.1,True,hybrid_exponential,1.0,650.0,0.1,True
logistic_engineered,20232024,20242025,20242025,2024020597,2024-12-31,COL,WPG,1,0.506586,0.493414,COL,1,single,season_regime,middle,hybrid_exponential,1.0,650.0,0.1,True,hybrid_exponential,1.0,650.0,0.1,True
logistic_engineered,20232024,20242025,20242025,2024020598,2024-12-31,ANA,NJD,1,0.385116,0.614884,NJD,0,single,season_regime,middle,hybrid_exponential,1.0,650.0,0.1,True,hybrid_exponential,1.0,650.0,0.1,True
logistic_engineered,20232024,20242025,20242025,2024020599,2024-12-31,SJS,PHI,0,0.605973,0.394027,SJS,0,single,season_regime,middle,hybrid_exponential,1.0,650.0,0.1,True,hybrid_exponential,1.0,650.0,0.1,True
logistic_engineered,20232024,20242025,20242025,2024020600,2024-12-31,CGY,VAN,1,0.379217,0.620783,VAN,0,single,season_regime,middle,hybrid_exponential,1.0,650.0,0.1,True,hybrid_exponential,1.0,650.0,0.1,True
logistic_engineered,20232024,20242025,20242025,2024020601,2024-12-31,EDM,UTA,1,0.62671,0.37329,EDM,1,single,season_regime,middle,hybrid_exponential,1.0,650.0,0.1,True,hybrid_exponential,1.0,650.0,0.1,True
logistic_engineered,20232024,20242025,20242025,2024020602,2025-01-01,LAK,NJD,1,0.660732,0.339268,LAK,1,single,season_regime,middle,hybrid_exponential,1.0,650.0,0.1,True,hybrid_exponential,1.0,650.0,0.1,True
logistic_engineered,20232024,20242025,20242025,2024020603,2025-01-02,FLA,CAR,0,0.550265,0.449735,FLA,0,single,season_regime,middle,hybrid_exponential,1.0,650.0,0.1,True,hybrid_exponential,1.0,650.0,0.1,True
logistic_engineered,20232024,20242025,20242025,2024020604,2025-01-02,NYR,BOS,1,0.56248,0.43752,NYR,1,single,season_regime,middle,hybrid_exponential,1.0,650.0,0.1,True,hybrid_exponential,1.0,650.0,0.1,True
logistic_engineered,20232024,20242025,20242025,2024020605,2025-01-02,WSH,MIN,0,0.584577,0.415423,WSH,0,single,season_regime,middle,hybrid_exponential,1.0,650.0,0.1,True,hybrid_exponential,1.0,650.0,0.1,True
logistic_engineered,20232024,20242025,20242025,2024020606,2025-01-02,CBJ,DET,0,0.489768,0.510232,DET,1,single,season_regime,middle,hybrid_exponential,1.0,650.0,0.1,True,hybrid_exponential,1.0,650.0,0.1,True
logistic_engineered,20232024,20242025,20242025,2024020607,2025-01-02,NYI,TOR,0,0.517375,0.482625,NYI,0,single,season_regime,middle,hybrid_exponential,1.0,650.0,0.1,True,hybrid_exponential,1.0,650.0,0.1,True
logistic_engineered,20232024,20242025,20242025,2024020608,2025-01-02,DAL,OTT,1,0.642379,0.357621,DAL,1,single,season_regime,middle,hybrid_exponential,1.0,650.0,0.1,True,hybrid_exponential,1.0,650.0,0.1,True
logistic_engineered,20232024,20242025,20242025,2024020609,2025-01-02,WPG,ANA,0,0.710185,0.289815,WPG,0,single,season_regime,middle,hybrid_exponential,1.0,650.0,0.1,True,hybrid_exponential,1.0,650.0,0.1,True
logistic_engineered,20232024,20242025,20242025,2024020610,2025-01-02,COL,BUF,1,0.35564,0.64436,BUF,0,single,season_regime,middle,hybrid_exponential,1.0,650.0,0.1,True,hybrid_exponential,1.0,650.0,0.1,True
logistic_engineered,20232024,20242025,20242025,2024020611,2025-01-02,CGY,UTA,0,0.577546,0.422454,CGY,0,single,season_regime,middle,hybrid_exponential,1.0,650.0,0.1,True,hybrid_exponential,1.0,650.0,0.1,True
logistic_engineered,20232024,20242025,20242025,2024020612,2025-01-02,VGK,PHI,1,0.62115,0.37885,VGK,1,single,season_regime,middle,hybrid_exponential,1.0,650.0,0.1,True,hybrid_exponential,1.0,650.0,0.1,True
logistic_engineered,20232024,20242025,20242025,2024020613,2025-01-02,SEA,VAN,0,0.688781,0.311219,SEA,0,single,season_regime,middle,hybrid_exponential,1.0,650.0,0.1,True,hybrid_exponential,1.0,650.0,0.1,True
logistic_engineered,20232024,20242025,20242025,2024020614,2025-01-02,SJS,TBL,1,0.280569,0.719431,TBL,0,single,season_regime,middle,hybrid_exponential,1.0,650.0,0.1,True,hybrid_exponential,1.0,650.0,0.1,True
logistic_engineered,20232024,20242025,20242025,2024020615,2025-01-03,FLA,PIT,1,0.564008,0.435992,FLA,1,single,season_regime,middle,hybrid_exponential,1.0,650.0,0.1,True,hybrid_exponential,1.0,650.0,0.1,True
logistic_engineered,20232024,20242025,20242025,2024020616,2025-01-03,CHI,MTL,1,0.571072,0.428928,CHI,1,single,season_regime,middle,hybrid_exponential,1.0,650.0,0.1,True,hybrid_exponential,1.0,650.0,0.1,True
logistic_engineered,20232024,20242025,20242025,2024020617,2025-01-03,STL,OTT,1,0.533085,0.466915,STL,1,single,season_regime,middle,hybrid_exponential,1.0,650.0,0.1,True,hybrid_exponential,1.0,650.0,0.1,True
logistic_engineered,20232024,20242025,20242025,2024020618,2025-01-03,EDM,ANA,1,0.766639,0.233361,EDM,1,single,season_regime,middle,hybrid_exponential,1.0,650.0,0.1,True,hybrid_exponential,1.0,650.0,0.1,True
logistic_engineered,20232024,20242025,20242025,2024020619,2025-01-03,VAN,NSH,0,0.437362,0.562638,NSH,1,single,season_regime,middle,hybrid_exponential,1.0,650.0,0.1,True,hybrid_exponential,1.0,650.0,0.1,True
logistic_engineered,20232024,20242025,20242025,2024020620,2025-01-04,WSH,NYR,1,0.481138,0.518862,NYR,0,single,season_regime,middle,hybrid_exponential,1.0,650.0,0.1,True,hybrid_exponential,1.0,650.0,0.1,True
logistic_engineered,20232024,20242025,20242025,2024020621,2025-01-04,WPG,DET,0,0.650487,0.349513,WPG,0,single,season_regime,middle,hybrid_exponential,1.0,650.0,0.1,True,hybrid_exponential,1.0,650.0,0.1,True
logistic_engineered,20232024,20242025,20242025,2024020622,2025-01-04,SJS,NJD,1,0.322678,0.677322,NJD,0,single,season_regime,middle,hybrid_exponential,1.0,650.0,0.1,True,hybrid_exponential,1.0,650.0,0.1,True
logistic_engineered,20232024,20242025,20242025,2024020623,2025-01-04,TOR,BOS,1,0.56294,0.43706,TOR,1,single,season_regime,middle,hybrid_exponential,1.0,650.0,0.1,True,hybrid_exponential,1.0,650.0,0.1,True
logistic_engineered,20232024,20242025,20242025,2024020624,2025-01-04,CAR,MIN,0,0.590047,0.409953,CAR,0,single,season_regime,middle,hybrid_exponential,1.0,650.0,0.1,True,hybrid_exponential,1.0,650.0,0.1,True
logistic_engineered,20232024,20242025,20242025,2024020625,2025-01-04,CBJ,STL,1,0.587815,0.412185,CBJ,1,single,season_regime,middle,hybrid_exponential,1.0,650.0,0.1,True,hybrid_exponential,1.0,650.0,0.1,True
logistic_engineered,20232024,20242025,20242025,2024020626,2025-01-04,COL,MTL,0,0.677156,0.322844,COL,0,single,season_regime,middle,hybrid_exponential,1.0,650.0,0.1,True,hybrid_exponential,1.0,650.0,0.1,True
logistic_engineered,20232024,20242025,20242025,2024020627,2025-01-04,CGY,NSH,0,0.579719,0.420281,CGY,0,single,season_regime,middle,hybrid_exponential,1.0,650.0,0.1,True,hybrid_exponential,1.0,650.0,0.1,True
logistic_engineered,20232024,20242025,20242025,2024020628,2025-01-04,DAL,UTA,1,0.695007,0.304993,DAL,1,single,season_regime,middle,hybrid_exponential,1.0,650.0,0.1,True,hybrid_exponential,1.0,650.0,0.1,True
logistic_engineered,20232024,20242025,20242025,2024020629,2025-01-04,LAK,TBL,1,0.510164,0.489836,LAK,1,single,season_regime,middle,hybrid_exponential,1.0,650.0,0.1,True,hybrid_exponential,1.0,650.0,0.1,True
logistic_engineered,20232024,20242025,20242025,2024020630,2025-01-04,VGK,BUF,1,0.56338,0.43662,VGK,1,single,season_regime,middle,hybrid_exponential,1.0,650.0,0.1,True,hybrid_exponential,1.0,650.0,0.1,True
logistic_engineered,20232024,20242025,20242025,2024020631,2025-01-04,SEA,EDM,0,0.462632,0.537368,EDM,1,single,season_regime,middle,hybrid_exponential,1.0,650.0,0.1,True,hybrid_exponential,1.0,650.0,0.1,True
logistic_engineered,20232024,20242025,20242025,2024020632,2025-01-05,CHI,NYR,0,0.383246,0.616754,NYR,1,single,season_regime,middle,hybrid_exponential,1.0,650.0,0.1,True,hybrid_exponential,1.0,650.0,0.1,True
logistic_engineered,20232024,20242025,20242025,2024020633,2025-01-05,BOS,NYI,0,0.498313,0.501687,NYI,1,single,season_regime,middle,hybrid_exponential,1.0,650.0,0.1,True,hybrid_exponential,1.0,650.0,0.1,True
logistic_engineered,20232024,20242025,20242025,2024020634,2025-01-05,CAR,PIT,1,0.513552,0.486448,CAR,1,single,season_regime,middle,hybrid_exponential,1.0,650.0,0.1,True,hybrid_exponential,1.0,650.0,0.1,True
logistic_engineered,20232024,20242025,20242025,2024020635,2025-01-05,TOR,PHI,1,0.554336,0.445664,TOR,1,single,season_regime,middle,hybrid_exponential,1.0,650.0,0.1,True,hybrid_exponential,1.0,650.0,0.1,True
logistic_engineered,20232024,20242025,20242025,2024020636,2025-01-05,ANA,TBL,1,0.379387,0.620613,TBL,0,single,season_regime,middle,hybrid_exponential,1.0,650.0,0.1,True,hybrid_exponential,1.0,650.0,0.1,True
logistic_engineered,20232024,20242025,20242025,2024020637,2025-01-06,BUF,WSH,1,0.495905,0.504095,WSH,0,single,season_regime,middle,hybrid_exponential,1.0,650.0,0.1,True,hybrid_exponential,1.0,650.0,0.1,True
logistic_engineered,20232024,20242025,20242025,2024020638,2025-01-06,MTL,VAN,1,0.38582,0.61418,VAN,0,single,season_regime,middle,hybrid_exponential,1.0,650.0,0.1,True,hybrid_exponential,1.0,650.0,0.1,True
logistic_engineered,20232024,20242025,20242025,2024020639,2025-01-06,COL,FLA,1,0.492856,0.507144,FLA,0,single,season_regime,middle,hybrid_exponential,1.0,650.0,0.1,True,hybrid_exponential,1.0,650.0,0.1,True
logistic_engineered,20232024,20242025,20242025,2024020640,2025-01-06,SEA,NJD,0,0.488481,0.511519,NJD,1,single,season_regime,middle,hybrid_exponential,1.0,650.0,0.1,True,hybrid_exponential,1.0,650.0,0.1,True
logistic_engineered,20232024,20242025,20242025,2024020029,2025-01-07,TBL,CAR,1,0.434713,0.565287,CAR,0,single,season_regime,middle,hybrid_exponential,1.0,650.0,0.1,True,hybrid_exponential,1.0,650.0,0.1,True
logistic_engineered,20232024,20242025,20242025,2024020641,2025-01-07,BOS,EDM,0,0.683153,0.316847,BOS,0,single,season_regime,middle,hybrid_exponential,1.0,650.0,0.1,True,hybrid_exponential,1.0,650.0,0.1,True
logistic_engineered,20232024,20242025,20242025,2024020642,2025-01-07,DET,OTT,1,0.273875,0.726125,OTT,0,single,season_regime,middle,hybrid_exponential,1.0,650.0,0.1,True,hybrid_exponential,1.0,650.0,0.1,True
logistic_engineered,20232024,20242025,20242025,2024020643,2025-01-07,NYR,DAL,0,0.412443,0.587557,DAL,1,single,season_regime,middle,hybrid_exponential,1.0,650.0,0.1,True,hybrid_exponential,1.0,650.0,0.1,True
logistic_engineered,20232024,20242025,20242025,2024020644,2025-01-07,PHI,TOR,0,0.453245,0.546755,TOR,1,single,season_regime,middle,hybrid_exponential,1.0,650.0,0.1,True,hybrid_exponential,1.0,650.0,0.1,True
logistic_engineered,20232024,20242025,20242025,2024020645,2025-01-07,PIT,CBJ,0,0.629257,0.370743,PIT,0,single,season_regime,middle,hybrid_exponential,1.0,650.0,0.1,True,hybrid_exponential,1.0,650.0,0.1,True
logistic_engineered,20232024,20242025,20242025,2024020646,2025-01-07,MIN,STL,1,0.306548,0.693452,STL,0,single,season_regime,middle,hybrid_exponential,1.0,650.0,0.1,True,hybrid_exponential,1.0,650.0,0.1,True
logistic_engineered,20232024,20242025,20242025,2024020647,2025-01-07,WPG,NSH,1,0.648466,0.351534,WPG,1,single,season_regime,middle,hybrid_exponential,1.0,650.0,0.1,True,hybrid_exponential,1.0,650.0,0.1,True
logistic_engineered,20232024,20242025,20242025,2024020648,2025-01-07,ANA,CGY,0,0.455082,0.544918,CGY,1,single,season_regime,middle,hybrid_exponential,1.0,650.0,0.1,True,hybrid_exponential,1.0,650.0,0.1,True
logistic_engineered,20232024,20242025,20242025,2024020649,2025-01-07,SJS,VGK,0,0.292666,0.707334,VGK,1,single,season_regime,middle,hybrid_exponential,1.0,650.0,0.1,True,hybrid_exponential,1.0,650.0,0.1,True
logistic_engineered,20232024,20242025,20242025,2024020650,2025-01-08,WSH,VAN,1,0.495451,0.504549,VAN,0,single,season_regime,middle,hybrid_exponential,1.0,650.0,0.1,True,hybrid_exponential,1.0,650.0,0.1,True
logistic_engineered,20232024,20242025,20242025,2024020651,2025-01-08,CHI,COL,1,0.378021,0.621979,COL,0,single,season_regime,middle,hybrid_exponential,1.0,650.0,0.1,True,hybrid_exponential,1.0,650.0,0.1,True
logistic_engineered,20232024,20242025,20242025,2024020652,2025-01-08,UTA,FLA,0,0.490894,0.509106,FLA,1,single,season_regime,middle,hybrid_exponential,1.0,650.0,0.1,True,hybrid_exponential,1.0,650.0,0.1,True
logistic_engineered,20232024,20242025,20242025,2024020654,2025-01-09,OTT,BUF,0,0.539662,0.460338,OTT,0,single,season_regime,middle,hybrid_exponential,1.0,650.0,0.1,True,hybrid_exponential,1.0,650.0,0.1,True
logistic_engineered,20232024,20242025,20242025,2024020655,2025-01-09,TBL,BOS,1,0.612873,0.387127,TBL,1,single,season_regime,middle,hybrid_exponential,1.0,650.0,0.1,True,hybrid_exponential,1.0,650.0,0.1,True
logistic_engineered,20232024,20242025,20242025,2024020656,2025-01-09,NYR,NJD,1,0.567848,0.432152,NYR,1,single,season_regime,middle,hybrid_exponential,1.0,650.0,0.1,True,hybrid_exponential,1.0,650.0,0.1,True
logistic_engineered,20232024,20242025,20242025,2024020657,2025-01-09,PHI,DAL,0,0.400034,0.599966,DAL,1,single,season_regime,middle,hybrid_exponential,1.0,650.0,0.1,True,hybrid_exponential,1.0,650.0,0.1,True
logistic_engineered,20232024,20242025,20242025,2024020658,2025-01-09,PIT,EDM,1,0.43112,0.56888,EDM,0,single,season_regime,middle,hybrid_exponential,1.0,650.0,0.1,True,hybrid_exponential,1.0,650.0,0.1,True
logistic_engineered,20232024,20242025,20242025,2024020659,2025-01-09,CAR,TOR,1,0.596493,0.403507,CAR,1,single,season_regime,middle,hybrid_exponential,1.0,650.0,0.1,True,hybrid_exponential,1.0,650.0,0.1,True
logistic_engineered,20232024,20242025,20242025,2024020660,2025-01-09,CBJ,SEA,1,0.697029,0.302971,CBJ,1,single,season_regime,middle,hybrid_exponential,1.0,650.0,0.1,True,hybrid_exponential,1.0,650.0,0.1,True
logistic_engineered,20232024,20242025,20242025,2024020661,2025-01-09,STL,ANA,1,0.830956,0.169044,STL,1,single,season_regime,middle,hybrid_exponential,1.0,650.0,0.1,True,hybrid_exponential,1.0,650.0,0.1,True
logistic_engineered,20232024,20242025,20242025,2024020662,2025-01-09,MIN,COL,0,0.515593,0.484407,MIN,0,single,season_regime,middle,hybrid_exponential,1.0,650.0,0.1,True,hybrid_exponential,1.0,650.0,0.1,True
logistic_engineered,20232024,20242025,20242025,2024020663,2025-01-09,VGK,NYI,0,0.617367,0.382633,VGK,0,single,season_regime,middle,hybrid_exponential,1.0,650.0,0.1,True,hybrid_exponential,1.0,650.0,0.1,True
logistic_engineered,20232024,20242025,20242025,2024020664,2025-01-10,DET,CHI,1,0.751921,0.248079,DET,1,single,season_regime,middle,hybrid_exponential,1.0,650.0,0.1,True,hybrid_exponential,1.0,650.0,0.1,True
logistic_engineered,20232024,20242025,20242025,2024020665,2025-01-10,WSH,MTL,0,0.450279,0.549721,MTL,1,single,season_regime,middle,hybrid_exponential,1.0,650.0,0.1,True,hybrid_exponential,1.0,650.0,0.1,True
logistic_engineered,20232024,20242025,20242025,2024020666,2025-01-10,CAR,VAN,1,0.434997,0.565003,VAN,0,single,season_regime,middle,hybrid_exponential,1.0,650.0,0.1,True,hybrid_exponential,1.0,650.0,0.1,True
logistic_engineered,20232024,20242025,20242025,2024020667,2025-01-10,WPG,LAK,0,0.582777,0.417223,WPG,0,single,season_regime,middle,hybrid_exponential,1.0,650.0,0.1,True,hybrid_exponential,1.0,650.0,0.1,True
logistic_engineered,20232024,20242025,20242025,2024020668,2025-01-10,UTA,SJS,1,0.712272,0.287728,UTA,1,single,season_regime,middle,hybrid_exponential,1.0,650.0,0.1,True,hybrid_exponential,1.0,650.0,0.1,True
logistic_engineered,20232024,20242025,20242025,2024020669,2025-01-11,FLA,BOS,0,0.551593,0.448407,FLA,0,single,season_regime,middle,hybrid_exponential,1.0,650.0,0.1,True,hybrid_exponential,1.0,650.0,0.1,True
logistic_engineered,20232024,20242025,20242025,2024020670,2025-01-11,BUF,SEA,0,0.537653,0.462347,BUF,0,single,season_regime,middle,hybrid_exponential,1.0,650.0,0.1,True,hybrid_exponential,1.0,650.0,0.1,True
logistic_engineered,20232024,20242025,20242025,2024020671,2025-01-11,PIT,OTT,0,0.333889,0.666111,OTT,1,single,season_regime,middle,hybrid_exponential,1.0,650.0,0.1,True,hybrid_exponential,1.0,650.0,0.1,True
logistic_engineered,20232024,20242025,20242025,2024020672,2025-01-11,TOR,VAN,0,0.595898,0.404102,TOR,0,single,season_regime,middle,hybrid_exponential,1.0,650.0,0.1,True,hybrid_exponential,1.0,650.0,0.1,True
logistic_engineered,20232024,20242025,20242025,2024020673,2025-01-11,MTL,DAL,0,0.310419,0.689581,DAL,1,single,season_regime,middle,hybrid_exponential,1.0,650.0,0.1,True,hybrid_exponential,1.0,650.0,0.1,True
logistic_engineered,20232024,20242025,20242025,2024020674,2025-01-11,NJD,TBL,1,0.513929,0.486071,NJD,1,single,season_regime,middle,hybrid_exponential,1.0,650.0,0.1,True,hybrid_exponential,1.0,650.0,0.1,True
logistic_engineered,20232024,20242025,20242025,2024020675,2025-01-11,PHI,ANA,1,0.65462,0.34538,PHI,1,single,season_regime,middle,hybrid_exponential,1.0,650.0,0.1,True,hybrid_exponential,1.0,650.0,0.1,True
logistic_engineered,20232024,20242025,20242025,2024020676,2025-01-11,CHI,EDM,0,0.213049,0.786951,EDM,1,single,season_regime,middle,hybrid_exponential,1.0,650.0,0.1,True,hybrid_exponential,1.0,650.0,0.1,True
logistic_engineered,20232024,20242025,20242025,2024020677,2025-01-11,STL,CBJ,0,0.575979,0.424021,STL,0,single,season_regime,middle,hybrid_exponential,1.0,650.0,0.1,True,hybrid_exponential,1.0,650.0,0.1,True
logistic_engineered,20232024,20242025,20242025,2024020678,2025-01-11,WPG,COL,1,0.469594,0.530406,COL,0,single,season_regime,middle,hybrid_exponential,1.0,650.0,0.1,True,hybrid_exponential,1.0,650.0,0.1,True
logistic_engineered,20232024,20242025,20242025,2024020679,2025-01-11,NSH,WSH,0,0.564227,0.435773,NSH,0,single,season_regime,middle,hybrid_exponential,1.0,650.0,0.1,True,hybrid_exponential,1.0,650.0,0.1,True
logistic_engineered,20232024,20242025,20242025,2024020680,2025-01-11,UTA,NYI,0,0.452457,0.547543,NYI,1,single,season_regime,middle,hybrid_exponential,1.0,650.0,0.1,True,hybrid_exponential,1.0,650.0,0.1,True
logistic_engineered,20232024,20242025,20242025,2024020681,2025-01-11,CGY,LAK,1,0.510137,0.489863,CGY,1,single,season_regime,middle,hybrid_exponential,1.0,650.0,0.1,True,hybrid_exponential,1.0,650.0,0.1,True
logistic_engineered,20232024,20242025,20242025,2024020682,2025-01-11,VGK,NYR,0,0.585955,0.414045,VGK,0,single,season_regime,middle,hybrid_exponential,1.0,650.0,0.1,True,hybrid_exponential,1.0,650.0,0.1,True
logistic_engineered,20232024,20242025,20242025,2024020683,2025-01-11,SJS,MIN,0,0.3055,0.6945,MIN,1,single,season_regime,middle,hybrid_exponential,1.0,650.0,0.1,True,hybrid_exponential,1.0,650.0,0.1,True
logistic_engineered,20232024,20242025,20242025,2024020684,2025-01-12,DET,SEA,1,0.781358,0.218642,DET,1,single,season_regime,middle,hybrid_exponential,1.0,650.0,0.1,True,hybrid_exponential,1.0,650.0,0.1,True
logistic_engineered,20232024,20242025,20242025,2024020685,2025-01-12,OTT,DAL,1,0.325464,0.674536,DAL,0,single,season_regime,middle,hybrid_exponential,1.0,650.0,0.1,True,hybrid_exponential,1.0,650.0,0.1,True
logistic_engineered,20232024,20242025,20242025,2024020686,2025-01-12,PIT,TBL,0,0.429375,0.570625,TBL,1,single,season_regime,middle,hybrid_exponential,1.0,650.0,0.1,True,hybrid_exponential,1.0,650.0,0.1,True
logistic_engineered,20232024,20242025,20242025,2024020687,2025-01-12,CAR,ANA,0,0.721071,0.278929,CAR,0,single,season_regime,middle,hybrid_exponential,1.0,650.0,0.1,True,hybrid_exponential,1.0,650.0,0.1,True
logistic_engineered,20232024,20242025,20242025,2024020688,2025-01-12,VGK,MIN,1,0.543547,0.456453,VGK,1,single,season_regime,middle,hybrid_exponential,1.0,650.0,0.1,True,hybrid_exponential,1.0,650.0,0.1,True
logistic_engineered,20232024,20242025,20242025,2024020689,2025-01-13,PHI,FLA,1,0.458628,0.541372,FLA,0,single,season_regime,middle,hybrid_exponential,1.0,650.0,0.1,True,hybrid_exponential,1.0,650.0,0.1,True
logistic_engineered,20232024,20242025,20242025,2024020690,2025-01-13,CHI,CGY,0,0.386228,0.613772,CGY,1,single,season_regime,middle,hybrid_exponential,1.0,650.0,0.1,True,hybrid_exponential,1.0,650.0,0.1,True
logistic_engineered,20232024,20242025,20242025,2024020691,2025-01-13,EDM,LAK,1,0.551983,0.448017,EDM,1,single,season_regime,middle,hybrid_exponential,1.0,650.0,0.1,True,hybrid_exponential,1.0,650.0,0.1,True
logistic_engineered,20232024,20242025,20242025,2024020692,2025-01-14,BOS,TBL,1,0.543516,0.456484,BOS,1,single,season_regime,middle,hybrid_exponential,1.0,650.0,0.1,True,hybrid_exponential,1.0,650.0,0.1,True
logistic_engineered,20232024,20242025,20242025,2024020693,2025-01-14,TOR,DAL,0,0.47984,0.52016,DAL,1,single,season_regime,middle,hybrid_exponential,1.0,650.0,0.1,True,hybrid_exponential,1.0,650.0,0.1,True
logistic_engineered,20232024,20242025,20242025,2024020694,2025-01-14,DET,SJS,0,0.796798,0.203202,DET,0,single,season_regime,middle,hybrid_exponential,1.0,650.0,0.1,True,hybrid_exponential,1.0,650.0,0.1,True
logistic_engineered,20232024,20242025,20242025,2024020695,2025-01-14,NJD,FLA,0,0.539767,0.460233,NJD,0,single,season_regime,middle,hybrid_exponential,1.0,650.0,0.1,True,hybrid_exponential,1.0,650.0,0.1,True
logistic_engineered,20232024,20242025,20242025,2024020696,2025-01-14,PIT,SEA,0,0.486179,0.513821,SEA,1,single,season_regime,middle,hybrid_exponential,1.0,650.0,0.1,True,hybrid_exponential,1.0,650.0,0.1,True
logistic_engineered,20232024,20242025,20242025,2024020697,2025-01-14,WSH,ANA,1,0.677011,0.322989,WSH,1,single,season_regime,middle,hybrid_exponential,1.0,650.0,0.1,True,hybrid_exponential,1.0,650.0,0.1,True
logistic_engineered,20232024,20242025,20242025,2024020698,2025-01-14,CBJ,PHI,1,0.600101,0.399899,CBJ,1,single,season_regime,middle,hybrid_exponential,1.0,650.0,0.1,True,hybrid_exponential,1.0,650.0,0.1,True
logistic_engineered,20232024,20242025,20242025,2024020699,2025-01-14,NYI,OTT,0,0.617392,0.382608,NYI,0,single,season_regime,middle,hybrid_exponential,1.0,650.0,0.1,True,hybrid_exponential,1.0,650.0,0.1,True
logistic_engineered,20232024,20242025,20242025,2024020700,2025-01-14,STL,CGY,1,0.592769,0.407231,STL,1,single,season_regime,middle,hybrid_exponential,1.0,650.0,0.1,True,hybrid_exponential,1.0,650.0,0.1,True
logistic_engineered,20232024,20242025,20242025,2024020701,2025-01-14,NSH,VGK,1,0.537395,0.462605,NSH,1,single,season_regime,middle,hybrid_exponential,1.0,650.0,0.1,True,hybrid_exponential,1.0,650.0,0.1,True
logistic_engineered,20232024,20242025,20242025,2024020702,2025-01-14,WPG,VAN,1,0.526625,0.473375,WPG,1,single,season_regime,middle,hybrid_exponential,1.0,650.0,0.1,True,hybrid_exponential,1.0,650.0,0.1,True
logistic_engineered,20232024,20242025,20242025,2024020703,2025-01-14,COL,NYR,1,0.603828,0.396172,COL,1,single,season_regime,middle,hybrid_exponential,1.0,650.0,0.1,True,hybrid_exponential,1.0,650.0,0.1,True
logistic_engineered,20232024,20242025,20242025,2024020704,2025-01-14,UTA,MTL,0,0.538795,0.461205,UTA,0,single,season_regime,middle,hybrid_exponential,1.0,650.0,0.1,True,hybrid_exponential,1.0,650.0,0.1,True
logistic_engineered,20232024,20242025,20242025,2024020705,2025-01-15,BUF,CAR,1,0.461026,0.538974,CAR,0,single,season_regime,middle,hybrid_exponential,1.0,650.0,0.1,True,hybrid_exponential,1.0,650.0,0.1,True
logistic_engineered,20232024,20242025,20242025,2024020706,2025-01-15,MIN,EDM,0,0.487575,0.512425,EDM,1,single,season_regime,middle,hybrid_exponential,1.0,650.0,0.1,True,hybrid_exponential,1.0,650.0,0.1,True
logistic_engineered,20232024,20242025,20242025,2024020707,2025-01-16,TOR,NJD,1,0.568026,0.431974,TOR,1,single,season_regime,middle,hybrid_exponential,1.0,650.0,0.1,True,hybrid_exponential,1.0,650.0,0.1,True
logistic_engineered,20232024,20242025,20242025,2024020708,2025-01-16,OTT,WSH,0,0.53354,0.46646,OTT,0,single,season_regime,middle,hybrid_exponential,1.0,650.0,0.1,True,hybrid_exponential,1.0,650.0,0.1,True
logistic_engineered,20232024,20242025,20242025,2024020709,2025-01-16,TBL,ANA,1,0.724025,0.275975,TBL,1,single,season_regime,middle,hybrid_exponential,1.0,650.0,0.1,True,hybrid_exponential,1.0,650.0,0.1,True
logistic_engineered,20232024,20242025,20242025,2024020710,2025-01-16,FLA,DET,0,0.323946,0.676054,DET,1,single,season_regime,middle,hybrid_exponential,1.0,650.0,0.1,True,hybrid_exponential,1.0,650.0,0.1,True
logistic_engineered,20232024,20242025,20242025,2024020711,2025-01-16,CBJ,SJS,1,0.696111,0.303889,CBJ,1,single,season_regime,middle,hybrid_exponential,1.0,650.0,0.1,True,hybrid_exponential,1.0,650.0,0.1,True
logistic_engineered,20232024,20242025,20242025,2024020712,2025-01-16,NYI,PHI,0,0.5894,0.4106,NYI,0,single,season_regime,middle,hybrid_exponential,1.0,650.0,0.1,True,hybrid_exponential,1.0,650.0,0.1,True
logistic_engineered,20232024,20242025,20242025,2024020713,2025-01-16,STL,CGY,1,0.554747,0.445253,STL,1,single,season_regime,middle,hybrid_exponential,1.0,650.0,0.1,True,hybrid_exponential,1.0,650.0,0.1,True
logistic_engineered,20232024,20242025,20242025,2024020714,2025-01-16,NSH,CHI,1,0.722726,0.277274,NSH,1,single,season_regime,middle,hybrid_exponential,1.0,650.0,0.1,True,hybrid_exponential,1.0,650.0,0.1,True
logistic_engineered,20232024,20242025,20242025,2024020715,2025-01-16,DAL,MTL,0,0.721496,0.278504,DAL,0,single,season_regime,middle,hybrid_exponential,1.0,650.0,0.1,True,hybrid_exponential,1.0,650.0,0.1,True
logistic_engineered,20232024,20242025,20242025,2024020716,2025-01-16,WPG,SEA,1,0.680727,0.319273,WPG,1,single,season_regime,middle,hybrid_exponential,1.0,650.0,0.1,True,hybrid_exponential,1.0,650.0,0.1,True
logistic_engineered,20232024,20242025,20242025,2024020717,2025-01-16,UTA,NYR,0,0.395295,0.604705,NYR,1,single,season_regime,middle,hybrid_exponential,1.0,650.0,0.1,True,hybrid_exponential,1.0,650.0,0.1,True
logistic_engineered,20232024,20242025,20242025,2024020718,2025-01-16,COL,EDM,0,0.597731,0.402269,COL,0,single,season_regime,middle,hybrid_exponential,1.0,650.0,0.1,True,hybrid_exponential,1.0,650.0,0.1,True
logistic_engineered,20232024,20242025,20242025,2024020719,2025-01-16,VAN,LAK,0,0.508467,0.491533,VAN,0,single,season_regime,middle,hybrid_exponential,1.0,650.0,0.1,True,hybrid_exponential,1.0,650.0,0.1,True
logistic_engineered,20232024,20242025,20242025,2024020720,2025-01-17,BUF,PIT,0,0.563954,0.436046,BUF,0,single,season_regime,middle,hybrid_exponential,1.0,650.0,0.1,True,hybrid_exponential,1.0,650.0,0.1,True
logistic_engineered,20232024,20242025,20242025,2024020721,2025-01-17,CAR,VGK,1,0.59974,0.40026,CAR,1,single,season_regime,middle,hybrid_exponential,1.0,650.0,0.1,True,hybrid_exponential,1.0,650.0,0.1,True
logistic_engineered,20232024,20242025,20242025,2024020722,2025-01-18,NJD,PHI,0,0.605621,0.394379,NJD,0,single,season_regime,middle,hybrid_exponential,1.0,650.0,0.1,True,hybrid_exponential,1.0,650.0,0.1,True
logistic_engineered,20232024,20242025,20242025,2024020723,2025-01-18,OTT,BOS,1,0.461168,0.538832,BOS,0,single,season_regime,middle,hybrid_exponential,1.0,650.0,0.1,True,hybrid_exponential,1.0,650.0,0.1,True
logistic_engineered,20232024,20242025,20242025,2024020724,2025-01-18,COL,DAL,1,0.491159,0.508841,DAL,0,single,season_regime,middle,hybrid_exponential,1.0,650.0,0.1,True,hybrid_exponential,1.0,650.0,0.1,True
logistic_engineered,20232024,20242025,20242025,2024020725,2025-01-18,FLA,ANA,1,0.708027,0.291973,FLA,1,single,season_regime,middle,hybrid_exponential,1.0,650.0,0.1,True,hybrid_exponential,1.0,650.0,0.1,True
logistic_engineered,20232024,20242025,20242025,2024020726,2025-01-18,MTL,TOR,0,0.420238,0.579762,TOR,1,single,season_regime,middle,hybrid_exponential,1.0,650.0,0.1,True,hybrid_exponential,1.0,650.0,0.1,True
logistic_engineered,20232024,20242025,20242025,2024020727,2025-01-18,TBL,DET,1,0.753582,0.246418,TBL,1,single,season_regime,middle,hybrid_exponential,1.0,650.0,0.1,True,hybrid_exponential,1.0,650.0,0.1,True
logistic_engineered,20232024,20242025,20242025,2024020728,2025-01-18,NYR,CBJ,1,0.620747,0.379253,NYR,1,single,season_regime,middle,hybrid_exponential,1.0,650.0,0.1,True,hybrid_exponential,1.0,650.0,0.1,True
logistic_engineered,20232024,20242025,20242025,2024020729,2025-01-18,WSH,PIT,1,0.642048,0.357952,WSH,1,single,season_regime,middle,hybrid_exponential,1.0,650.0,0.1,True,hybrid_exponential,1.0,650.0,0.1,True
logistic_engineered,20232024,20242025,20242025,2024020730,2025-01-18,WPG,CGY,0,0.64333,0.35667,WPG,0,single,season_regime,middle,hybrid_exponential,1.0,650.0,0.1,True,hybrid_exponential,1.0,650.0,0.1,True
logistic_engineered,20232024,20242025,20242025,2024020731,2025-01-18,NYI,SJS,1,0.687295,0.312705,NYI,1,single,season_regime,middle,hybrid_exponential,1.0,650.0,0.1,True,hybrid_exponential,1.0,650.0,0.1,True
logistic_engineered,20232024,20242025,20242025,2024020732,2025-01-18,CHI,VGK,1,0.395979,0.604021,VGK,0,single,season_regime,middle,hybrid_exponential,1.0,650.0,0.1,True,hybrid_exponential,1.0,650.0,0.1,True
logistic_engineered,20232024,20242025,20242025,2024020733,2025-01-18,NSH,MIN,1,0.581824,0.418176,NSH,1,single,season_regime,middle,hybrid_exponential,1.0,650.0,0.1,True,hybrid_exponential,1.0,650.0,0.1,True
logistic_engineered,20232024,20242025,20242025,2024020734,2025-01-18,UTA,STL,1,0.444066,0.555934,STL,0,single,season_regime,middle,hybrid_exponential,1.0,650.0,0.1,True,hybrid_exponential,1.0,650.0,0.1,True
logistic_engineered,20232024,20242025,20242025,2024020735,2025-01-18,VAN,EDM,1,0.451707,0.548293,EDM,0,single,season_regime,middle,hybrid_exponential,1.0,650.0,0.1,True,hybrid_exponential,1.0,650.0,0.1,True
logistic_engineered,20232024,20242025,20242025,2024020736,2025-01-18,SEA,LAK,1,0.419764,0.580236,LAK,0,single,season_regime,middle,hybrid_exponential,1.0,650.0,0.1,True,hybrid_exponential,1.0,650.0,0.1,True
logistic_engineered,20232024,20242025,20242025,2024020737,2025-01-19,NJD,OTT,0,0.515874,0.484126,NJD,0,single,season_regime,middle,hybrid_exponential,1.0,650.0,0.1,True,hybrid_exponential,1.0,650.0,0.1,True
logistic_engineered,20232024,20242025,20242025,2024020738,2025-01-19,MTL,NYR,1,0.32973,0.67027,NYR,0,single,season_regime,middle,hybrid_exponential,1.0,650.0,0.1,True,hybrid_exponential,1.0,650.0,0.1,True
logistic_engineered,20232024,20242025,20242025,2024020739,2025-01-19,DAL,DET,1,0.537147,0.462853,DAL,1,single,season_regime,middle,hybrid_exponential,1.0,650.0,0.1,True,hybrid_exponential,1.0,650.0,0.1,True
logistic_engineered,20232024,20242025,20242025,2024020740,2025-01-20,BOS,SJS,1,0.743373,0.256627,BOS,1,single,season_regime,middle,hybrid_exponential,1.0,650.0,0.1,True,hybrid_exponential,1.0,650.0,0.1,True
logistic_engineered,20232024,20242025,20242025,2024020741,2025-01-20,COL,MIN,0,0.586052,0.413948,COL,0,single,season_regime,middle,hybrid_exponential,1.0,650.0,0.1,True,hybrid_exponential,1.0,650.0,0.1,True
logistic_engineered,20232024,20242025,20242025,2024020742,2025-01-20,SEA,BUF,1,0.497822,0.502178,BUF,0,single,season_regime,middle,hybrid_exponential,1.0,650.0,0.1,True,hybrid_exponential,1.0,650.0,0.1,True
logistic_engineered,20232024,20242025,20242025,2024020743,2025-01-20,VGK,STL,0,0.501667,0.498333,VGK,0,single,season_regime,middle,hybrid_exponential,1.0,650.0,0.1,True,hybrid_exponential,1.0,650.0,0.1,True
logistic_engineered,20232024,20242025,20242025,2024020744,2025-01-20,TOR,TBL,1,0.535746,0.464254,TOR,1,single,season_regime,middle,hybrid_exponential,1.0,650.0,0.1,True,hybrid_exponential,1.0,650.0,0.1,True
logistic_engineered,20232024,20242025,20242025,2024020745,2025-01-20,NYI,CBJ,1,0.604214,0.395786,NYI,1,single,season_regime,middle,hybrid_exponential,1.0,650.0,0.1,True,hybrid_exponential,1.0,650.0,0.1,True
logistic_engineered,20232024,20242025,20242025,2024020746,2025-01-20,CHI,CAR,0,0.284354,0.715646,CAR,1,single,season_regime,middle,hybrid_exponential,1.0,650.0,0.1,True,hybrid_exponential,1.0,650.0,0.1,True
logistic_engineered,20232024,20242025,20242025,2024020747,2025-01-20,UTA,WPG,1,0.359396,0.640604,WPG,0,single,season_regime,middle,hybrid_exponential,1.0,650.0,0.1,True,hybrid_exponential,1.0,650.0,0.1,True
logistic_engineered,20232024,20242025,20242025,2024020748,2025-01-20,LAK,PIT,0,0.62183,0.37817,LAK,0,single,season_regime,middle,hybrid_exponential,1.0,650.0,0.1,True,hybrid_exponential,1.0,650.0,0.1,True
logistic_engineered,20232024,20242025,20242025,2024020749,2025-01-21,MTL,TBL,1,0.433094,0.566906,TBL,0,single,season_regime,middle,hybrid_exponential,1.0,650.0,0.1,True,hybrid_exponential,1.0,650.0,0.1,True
logistic_engineered,20232024,20242025,20242025,2024020750,2025-01-21,NYR,OTT,1,0.767979,0.232021,NYR,1,single,season_regime,middle,hybrid_exponential,1.0,650.0,0.1,True,hybrid_exponential,1.0,650.0,0.1,True
logistic_engineered,20232024,20242025,20242025,2024020751,2025-01-21,PHI,DET,1,0.600149,0.399851,PHI,1,single,season_regime,middle,hybrid_exponential,1.0,650.0,0.1,True,hybrid_exponential,1.0,650.0,0.1,True
logistic_engineered,20232024,20242025,20242025,2024020752,2025-01-21,NSH,SJS,1,0.565392,0.434608,NSH,1,single,season_regime,middle,hybrid_exponential,1.0,650.0,0.1,True,hybrid_exponential,1.0,650.0,0.1,True
logistic_engineered,20232024,20242025,20242025,2024020753,2025-01-21,DAL,CAR,0,0.571763,0.428237,DAL,0,single,season_regime,middle,hybrid_exponential,1.0,650.0,0.1,True,hybrid_exponential,1.0,650.0,0.1,True
logistic_engineered,20232024,20242025,20242025,2024020754,2025-01-21,EDM,WSH,0,0.549358,0.450642,EDM,0,single,season_regime,middle,hybrid_exponential,1.0,650.0,0.1,True,hybrid_exponential,1.0,650.0,0.1,True
logistic_engineered,20232024,20242025,20242025,2024020755,2025-01-21,VAN,BUF,0,0.683542,0.316458,VAN,0,single,season_regime,middle,hybrid_exponential,1.0,650.0,0.1,True,hybrid_exponential,1.0,650.0,0.1,True
logistic_engineered,20232024,20242025,20242025,2024020756,2025-01-21,ANA,FLA,0,0.348848,0.651152,FLA,1,single,season_regime,middle,hybrid_exponential,1.0,650.0,0.1,True,hybrid_exponential,1.0,650.0,0.1,True
logistic_engineered,20232024,20242025,20242025,2024020757,2025-01-22,TOR,CBJ,0,0.63322,0.36678,TOR,0,single,season_regime,middle,hybrid_exponential,1.0,650.0,0.1,True,hybrid_exponential,1.0,650.0,0.1,True
logistic_engineered,20232024,20242025,20242025,2024020758,2025-01-22,NJD,BOS,1,0.497202,0.502798,BOS,0,single,season_regime,middle,hybrid_exponential,1.0,650.0,0.1,True,hybrid_exponential,1.0,650.0,0.1,True
logistic_engineered,20232024,20242025,20242025,2024020759,2025-01-22,COL,WPG,0,0.511057,0.488943,COL,0,single,season_regime,middle,hybrid_exponential,1.0,650.0,0.1,True,hybrid_exponential,1.0,650.0,0.1,True
logistic_engineered,20232024,20242025,20242025,2024020760,2025-01-22,LAK,FLA,1,0.570814,0.429186,LAK,1,single,season_regime,middle,hybrid_exponential,1.0,650.0,0.1,True,hybrid_exponential,1.0,650.0,0.1,True
logistic_engineered,20232024,20242025,20242025,2024020761,2025-01-23,BOS,OTT,1,0.474916,0.525084,OTT,0,single,season_regime,middle,hybrid_exponential,1.0,650.0,0.1,True,hybrid_exponential,1.0,650.0,0.1,True
logistic_engineered,20232024,20242025,20242025,2024020762,2025-01-23,DET,MTL,1,0.648649,0.351351,DET,1,single,season_regime,middle,hybrid_exponential,1.0,650.0,0.1,True,hybrid_exponential,1.0,650.0,0.1,True
logistic_engineered,20232024,20242025,20242025,2024020763,2025-01-23,NYR,PHI,1,0.663593,0.336407,NYR,1,single,season_regime,middle,hybrid_exponential,1.0,650.0,0.1,True,hybrid_exponential,1.0,650.0,0.1,True
logistic_engineered,20232024,20242025,20242025,2024020764,2025-01-23,CAR,CBJ,1,0.615445,0.384555,CAR,1,single,season_regime,middle,hybrid_exponential,1.0,650.0,0.1,True,hybrid_exponential,1.0,650.0,0.1,True
logistic_engineered,20232024,20242025,20242025,2024020765,2025-01-23,STL,VGK,0,0.56749,0.43251,STL,0,single,season_regime,middle,hybrid_exponential,1.0,650.0,0.1,True,hybrid_exponential,1.0,650.0,0.1,True
logistic_engineered,20232024,20242025,20242025,2024020766,2025-01-23,MIN,UTA,0,0.595154,0.404846,MIN,0,single,season_regime,middle,hybrid_exponential,1.0,650.0,0.1,True,hybrid_exponential,1.0,650.0,0.1,True
logistic_engineered,20232024,20242025,20242025,2024020767,2025-01-23,CGY,BUF,1,0.557046,0.442954,CGY,1,single,season_regime,middle,hybrid_exponential,1.0,650.0,0.1,True,hybrid_exponential,1.0,650.0,0.1,True
logistic_engineered,20232024,20242025,20242025,2024020768,2025-01-23,EDM,VAN,1,0.599829,0.400171,EDM,1,single,season_regime,middle,hybrid_exponential,1.0,650.0,0.1,True,hybrid_exponential,1.0,650.0,0.1,True
logistic_engineered,20232024,20242025,20242025,2024020769,2025-01-23,ANA,PIT,1,0.407339,0.592661,PIT,0,single,season_regime,middle,hybrid_exponential,1.0,650.0,0.1,True,hybrid_exponential,1.0,650.0,0.1,True
logistic_engineered,20232024,20242025,20242025,2024020770,2025-01-23,SEA,WSH,0,0.437768,0.562232,WSH,1,single,season_regime,middle,hybrid_exponential,1.0,650.0,0.1,True,hybrid_exponential,1.0,650.0,0.1,True
logistic_engineered,20232024,20242025,20242025,2024020771,2025-01-23,SJS,NSH,0,0.262777,0.737223,NSH,1,single,season_regime,middle,hybrid_exponential,1.0,650.0,0.1,True,hybrid_exponential,1.0,650.0,0.1,True
logistic_engineered,20232024,20242025,20242025,2024020772,2025-01-24,NYI,PHI,1,0.618253,0.381747,NYI,1,single,season_regime,middle,hybrid_exponential,1.0,650.0,0.1,True,hybrid_exponential,1.0,650.0,0.1,True
logistic_engineered,20232024,20242025,20242025,2024020773,2025-01-24,CHI,TBL,0,0.32889,0.67111,TBL,1,single,season_regime,middle,hybrid_exponential,1.0,650.0,0.1,True,hybrid_exponential,1.0,650.0,0.1,True
logistic_engineered,20232024,20242025,20242025,2024020774,2025-01-24,DAL,VGK,1,0.639274,0.360726,DAL,1,single,season_regime,middle,hybrid_exponential,1.0,650.0,0.1,True,hybrid_exponential,1.0,650.0,0.1,True
logistic_engineered,20232024,20242025,20242025,2024020775,2025-01-24,WPG,UTA,1,0.723382,0.276618,WPG,1,single,season_regime,middle,hybrid_exponential,1.0,650.0,0.1,True,hybrid_exponential,1.0,650.0,0.1,True
logistic_engineered,20232024,20242025,20242025,2024020776,2025-01-25,BOS,COL,1,0.464694,0.535306,COL,0,single,season_regime,middle,hybrid_exponential,1.0,650.0,0.1,True,hybrid_exponential,1.0,650.0,0.1,True
logistic_engineered,20232024,20242025,20242025,2024020777,2025-01-25,EDM,BUF,1,0.612148,0.387852,EDM,1,single,season_regime,middle,hybrid_exponential,1.0,650.0,0.1,True,hybrid_exponential,1.0,650.0,0.1,True
logistic_engineered,20232024,20242025,20242025,2024020778,2025-01-25,SEA,PIT,1,0.580044,0.419956,SEA,1,single,season_regime,middle,hybrid_exponential,1.0,650.0,0.1,True,hybrid_exponential,1.0,650.0,0.1,True
logistic_engineered,20232024,20242025,20242025,2024020779,2025-01-25,MTL,NJD,0,0.492216,0.507784,NJD,1,single,season_regime,middle,hybrid_exponential,1.0,650.0,0.1,True,hybrid_exponential,1.0,650.0,0.1,True
logistic_engineered,20232024,20242025,20242025,2024020780,2025-01-25,OTT,TOR,1,0.463549,0.536451,TOR,0,single,season_regime,middle,hybrid_exponential,1.0,650.0,0.1,True,hybrid_exponential,1.0,650.0,0.1,True
logistic_engineered,20232024,20242025,20242025,2024020781,2025-01-25,DET,TBL,1,0.603313,0.396687,DET,1,single,season_regime,middle,hybrid_exponential,1.0,650.0,0.1,True,hybrid_exponential,1.0,650.0,0.1,True
logistic_engineered,20232024,20242025,20242025,2024020782,2025-01-25,CBJ,LAK,1,0.432356,0.567644,LAK,0,single,season_regime,middle,hybrid_exponential,1.0,650.0,0.1,True,hybrid_exponential,1.0,650.0,0.1,True
logistic_engineered,20232024,20242025,20242025,2024020783,2025-01-25,STL,DAL,0,0.526149,0.473851,STL,0,single,season_regime,middle,hybrid_exponential,1.0,650.0,0.1,True,hybrid_exponential,1.0,650.0,0.1,True
logistic_engineered,20232024,20242025,20242025,2024020784,2025-01-25,MIN,CGY,0,0.630826,0.369174,MIN,0,single,season_regime,middle,hybrid_exponential,1.0,650.0,0.1,True,hybrid_exponential,1.0,650.0,0.1,True
logistic_engineered,20232024,20242025,20242025,2024020785,2025-01-25,NYI,CAR,1,0.20696,0.79304,CAR,0,single,season_regime,middle,hybrid_exponential,1.0,650.0,0.1,True,hybrid_exponential,1.0,650.0,0.1,True
logistic_engineered,20232024,20242025,20242025,2024020786,2025-01-25,VAN,WSH,1,0.605488,0.394512,VAN,1,single,season_regime,middle,hybrid_exponential,1.0,650.0,0.1,True,hybrid_exponential,1.0,650.0,0.1,True
logistic_engineered,20232024,20242025,20242025,2024020787,2025-01-25,ANA,NSH,1,0.201357,0.798643,NSH,0,single,season_regime,middle,hybrid_exponential,1.0,650.0,0.1,True,hybrid_exponential,1.0,650.0,0.1,True
logistic_engineered,20232024,20242025,20242025,2024020788,2025-01-25,SJS,FLA,0,0.125709,0.874291,FLA,1,single,season_regime,middle,hybrid_exponential,1.0,650.0,0.1,True,hybrid_exponential,1.0,650.0,0.1,True
logistic_engineered,20232024,20242025,20242025,2024020789,2025-01-26,NYR,COL,0,0.627356,0.372644,NYR,0,single,season_regime,middle,hybrid_exponential,1.0,650.0,0.1,True,hybrid_exponential,1.0,650.0,0.1,True
logistic_engineered,20232024,20242025,20242025,2024020790,2025-01-26,OTT,UTA,1,0.421202,0.578798,UTA,0,single,season_regime,middle,hybrid_exponential,1.0,650.0,0.1,True,hybrid_exponential,1.0,650.0,0.1,True
logistic_engineered,20232024,20242025,20242025,2024020791,2025-01-26,WPG,CGY,1,0.696269,0.303731,WPG,1,single,season_regime,middle,hybrid_exponential,1.0,650.0,0.1,True,hybrid_exponential,1.0,650.0,0.1,True
logistic_engineered,20232024,20242025,20242025,2024020792,2025-01-26,CHI,MIN,0,0.418998,0.581002,MIN,1,single,season_regime,middle,hybrid_exponential,1.0,650.0,0.1,True,hybrid_exponential,1.0,650.0,0.1,True
logistic_engineered,20232024,20242025,20242025,2024020793,2025-01-26,VGK,FLA,1,0.513309,0.486691,VGK,1,single,season_regime,middle,hybrid_exponential,1.0,650.0,0.1,True,hybrid_exponential,1.0,650.0,0.1,True
logistic_engineered,20232024,20242025,20242025,2024020794,2025-01-27,DET,LAK,1,0.575465,0.424535,DET,1,single,season_regime,middle,hybrid_exponential,1.0,650.0,0.1,True,hybrid_exponential,1.0,650.0,0.1,True
logistic_engineered,20232024,20242025,20242025,2024020795,2025-01-27,PHI,NJD,1,0.531743,0.468257,PHI,1,single,season_regime,middle,hybrid_exponential,1.0,650.0,0.1,True,hybrid_exponential,1.0,650.0,0.1,True
logistic_engineered,20232024,20242025,20242025,2024020796,2025-01-27,STL,VAN,0,0.328854,0.671146,VAN,1,single,season_regime,middle,hybrid_exponential,1.0,650.0,0.1,True,hybrid_exponential,1.0,650.0,0.1,True
logistic_engineered,20232024,20242025,20242025,2024020797,2025-01-27,EDM,SEA,1,0.647281,0.352719,EDM,1,single,season_regime,middle,hybrid_exponential,1.0,650.0,0.1,True,hybrid_exponential,1.0,650.0,0.1,True
logistic_engineered,20232024,20242025,20242025,2024020798,2025-01-27,SJS,PIT,1,0.373974,0.626026,PIT,0,single,season_regime,middle,hybrid_exponential,1.0,650.0,0.1,True,hybrid_exponential,1.0,650.0,0.1,True
logistic_engineered,20232024,20242025,20242025,2024020799,2025-01-28,BUF,BOS,1,0.473744,0.526256,BOS,0,single,season_regime,middle,hybrid_exponential,1.0,650.0,0.1,True,hybrid_exponential,1.0,650.0,0.1,True
logistic_engineered,20232024,20242025,20242025,2024020800,2025-01-28,MTL,WPG,0,0.432875,0.567125,WPG,1,single,season_regime,middle,hybrid_exponential,1.0,650.0,0.1,True,hybrid_exponential,1.0,650.0,0.1,True
logistic_engineered,20232024,20242025,20242025,2024020801,2025-01-28,TBL,CHI,0,0.772284,0.227716,TBL,0,single,season_regime,middle,hybrid_exponential,1.0,650.0,0.1,True,hybrid_exponential,1.0,650.0,0.1,True
logistic_engineered,20232024,20242025,20242025,2024020802,2025-01-28,NYR,CAR,0,0.512966,0.487034,NYR,0,single,season_regime,middle,hybrid_exponential,1.0,650.0,0.1,True,hybrid_exponential,1.0,650.0,0.1,True
logistic_engineered,20232024,20242025,20242025,2024020803,2025-01-28,NYI,COL,1,0.404536,0.595464,COL,0,single,season_regime,middle,hybrid_exponential,1.0,650.0,0.1,True,hybrid_exponential,1.0,650.0,0.1,True
logistic_engineered,20232024,20242025,20242025,2024020804,2025-01-28,CGY,WSH,0,0.405907,0.594093,WSH,1,single,season_regime,middle,hybrid_exponential,1.0,650.0,0.1,True,hybrid_exponential,1.0,650.0,0.1,True
logistic_engineered,20232024,20242025,20242025,2024020805,2025-01-28,VGK,DAL,0,0.489398,0.510602,DAL,1,single,season_regime,middle,hybrid_exponential,1.0,650.0,0.1,True,hybrid_exponential,1.0,650.0,0.1,True
logistic_engineered,20232024,20242025,20242025,2024020806,2025-01-28,SEA,ANA,0,0.604834,0.395166,SEA,0,single,season_regime,middle,hybrid_exponential,1.0,650.0,0.1,True,hybrid_exponential,1.0,650.0,0.1,True
logistic_engineered,20232024,20242025,20242025,2024020807,2025-01-29,TOR,MIN,0,0.628931,0.371069,TOR,0,single,season_regime,middle,hybrid_exponential,1.0,650.0,0.1,True,hybrid_exponential,1.0,650.0,0.1,True
logistic_engineered,20232024,20242025,20242025,2024020808,2025-01-29,FLA,LAK,1,0.53933,0.46067,FLA,1,single,season_regime,middle,hybrid_exponential,1.0,650.0,0.1,True,hybrid_exponential,1.0,650.0,0.1,True
logistic_engineered,20232024,20242025,20242025,2024020809,2025-01-29,NJD,PHI,1,0.781004,0.218996,NJD,1,single,season_regime,middle,hybrid_exponential,1.0,650.0,0.1,True,hybrid_exponential,1.0,650.0,0.1,True
logistic_engineered,20232024,20242025,20242025,2024020810,2025-01-29,NSH,VAN,0,0.518337,0.481663,NSH,0,single,season_regime,middle,hybrid_exponential,1.0,650.0,0.1,True,hybrid_exponential,1.0,650.0,0.1,True
logistic_engineered,20232024,20242025,20242025,2024020811,2025-01-29,UTA,PIT,0,0.540854,0.459146,UTA,0,single,season_regime,middle,hybrid_exponential,1.0,650.0,0.1,True,hybrid_exponential,1.0,650.0,0.1,True
logistic_engineered,20232024,20242025,20242025,2024020812,2025-01-30,BOS,WPG,0,0.433388,0.566612,WPG,1,single,season_regime,middle,hybrid_exponential,1.0,650.0,0.1,True,hybrid_exponential,1.0,650.0,0.1,True
logistic_engineered,20232024,20242025,20242025,2024020813,2025-01-30,MTL,MIN,0,0.525451,0.474549,MTL,0,single,season_regime,middle,hybrid_exponential,1.0,650.0,0.1,True,hybrid_exponential,1.0,650.0,0.1,True
logistic_engineered,20232024,20242025,20242025,2024020814,2025-01-30,OTT,WSH,1,0.541368,0.458632,OTT,1,single,season_regime,middle,hybrid_exponential,1.0,650.0,0.1,True,hybrid_exponential,1.0,650.0,0.1,True
logistic_engineered,20232024,20242025,20242025,2024020815,2025-01-30,TBL,LAK,1,0.57625,0.42375,TBL,1,single,season_regime,middle,hybrid_exponential,1.0,650.0,0.1,True,hybrid_exponential,1.0,650.0,0.1,True
logistic_engineered,20232024,20242025,20242025,2024020816,2025-01-30,PHI,NYI,0,0.355015,0.644985,NYI,1,single,season_regime,middle,hybrid_exponential,1.0,650.0,0.1,True,hybrid_exponential,1.0,650.0,0.1,True
logistic_engineered,20232024,20242025,20242025,2024020817,2025-01-30,CAR,CHI,1,0.809074,0.190926,CAR,1,single,season_regime,middle,hybrid_exponential,1.0,650.0,0.1,True,hybrid_exponential,1.0,650.0,0.1,True
logistic_engineered,20232024,20242025,20242025,2024020818,2025-01-30,CGY,ANA,1,0.672454,0.327546,CGY,1,single,season_regime,middle,hybrid_exponential,1.0,650.0,0.1,True,hybrid_exponential,1.0,650.0,0.1,True
logistic_engineered,20232024,20242025,20242025,2024020819,2025-01-30,EDM,DET,0,0.580756,0.419244,EDM,0,single,season_regime,middle,hybrid_exponential,1.0,650.0,0.1,True,hybrid_exponential,1.0,650.0,0.1,True
logistic_engineered,20232024,20242025,20242025,2024020820,2025-01-30,VGK,CBJ,0,0.6212,0.3788,VGK,0,single,season_regime,middle,hybrid_exponential,1.0,650.0,0.1,True,hybrid_exponential,1.0,650.0,0.1,True
logistic_engineered,20232024,20242025,20242025,2024020821,2025-01-30,SEA,SJS,1,0.838836,0.161164,SEA,1,single,season_regime,middle,hybrid_exponential,1.0,650.0,0.1,True,hybrid_exponential,1.0,650.0,0.1,True
logistic_engineered,20232024,20242025,20242025,2024020822,2025-01-31,BUF,NSH,1,0.577907,0.422093,BUF,1,single,season_regime,middle,hybrid_exponential,1.0,650.0,0.1,True,hybrid_exponential,1.0,650.0,0.1,True
logistic_engineered,20232024,20242025,20242025,2024020823,2025-01-31,DAL,VAN,1,0.539609,0.460391,DAL,1,single,season_regime,middle,hybrid_exponential,1.0,650.0,0.1,True,hybrid_exponential,1.0,650.0,0.1,True
logistic_engineered,20232024,20242025,20242025,2024020824,2025-01-31,COL,STL,1,0.622129,0.377871,COL,1,single,season_regime,middle,hybrid_exponential,1.0,650.0,0.1,True,hybrid_exponential,1.0,650.0,0.1,True
logistic_engineered,20232024,20242025,20242025,2024020825,2025-01-31,UTA,CBJ,0,0.642349,0.357651,UTA,0,single,season_regime,middle,hybrid_exponential,1.0,650.0,0.1,True,hybrid_exponential,1.0,650.0,0.1,True
logistic_engineered,20232024,20242025,20242025,2024020826,2025-02-01,FLA,CHI,1,0.762124,0.237876,FLA,1,single,season_regime,middle,hybrid_exponential,1.0,650.0,0.1,True,hybrid_exponential,1.0,650.0,0.1,True
logistic_engineered,20232024,20242025,20242025,2024020827,2025-02-01,BOS,NYR,1,0.486367,0.513633,NYR,0,single,season_regime,middle,hybrid_exponential,1.0,650.0,0.1,True,hybrid_exponential,1.0,650.0,0.1,True
logistic_engineered,20232024,20242025,20242025,2024020828,2025-02-01,OTT,MIN,1,0.475193,0.524807,MIN,0,single,season_regime,middle,hybrid_exponential,1.0,650.0,0.1,True,hybrid_exponential,1.0,650.0,0.1,True
logistic_engineered,20232024,20242025,20242025,2024020829,2025-02-01,TBL,NYI,0,0.587818,0.412182,TBL,0,single,season_regime,middle,hybrid_exponential,1.0,650.0,0.1,True,hybrid_exponential,1.0,650.0,0.1,True
logistic_engineered,20232024,20242025,20242025,2024020830,2025-02-01,PIT,NSH,1,0.499534,0.500466,NSH,0,single,season_regime,middle,hybrid_exponential,1.0,650.0,0.1,True,hybrid_exponential,1.0,650.0,0.1,True
logistic_engineered,20232024,20242025,20242025,2024020831,2025-02-01,WSH,WPG,0,0.433624,0.566376,WPG,1,single,season_regime,middle,hybrid_exponential,1.0,650.0,0.1,True,hybrid_exponential,1.0,650.0,0.1,True
logistic_engineered,20232024,20242025,20242025,2024020832,2025-02-01,CAR,LAK,0,0.558172,0.441828,CAR,0,single,season_regime,middle,hybrid_exponential,1.0,650.0,0.1,True,hybrid_exponential,1.0,650.0,0.1,True
logistic_engineered,20232024,20242025,20242025,2024020833,2025-02-01,EDM,TOR,0,0.528714,0.471286,EDM,0,single,season_regime,middle,hybrid_exponential,1.0,650.0,0.1,True,hybrid_exponential,1.0,650.0,0.1,True
logistic_engineered,20232024,20242025,20242025,2024020834,2025-02-01,CGY,DET,0,0.465399,0.534601,DET,1,single,season_regime,middle,hybrid_exponential,1.0,650.0,0.1,True,hybrid_exponential,1.0,650.0,0.1,True
logistic_engineered,20232024,20242025,20242025,2024020835,2025-02-02,BUF,NJD,1,0.714072,0.285928,BUF,1,single,season_regime,middle,hybrid_exponential,1.0,650.0,0.1,True,hybrid_exponential,1.0,650.0,0.1,True
logistic_engineered,20232024,20242025,20242025,2024020836,2025-02-02,COL,PHI,1,0.639905,0.360095,COL,1,single,season_regime,middle,hybrid_exponential,1.0,650.0,0.1,True,hybrid_exponential,1.0,650.0,0.1,True
logistic_engineered,20232024,20242025,20242025,2024020837,2025-02-02,ANA,MTL,1,0.499627,0.500373,MTL,0,single,season_regime,middle,hybrid_exponential,1.0,650.0,0.1,True,hybrid_exponential,1.0,650.0,0.1,True
logistic_engineered,20232024,20242025,20242025,2024020838,2025-02-02,FLA,NYI,1,0.576832,0.423168,FLA,1,single,season_regime,middle,hybrid_exponential,1.0,650.0,0.1,True,hybrid_exponential,1.0,650.0,0.1,True
logistic_engineered,20232024,20242025,20242025,2024020839,2025-02-02,NYR,VGK,1,0.524426,0.475574,NYR,1,single,season_regime,middle,hybrid_exponential,1.0,650.0,0.1,True,hybrid_exponential,1.0,650.0,0.1,True
logistic_engineered,20232024,20242025,20242025,2024020840,2025-02-02,DAL,CBJ,1,0.657829,0.342171,DAL,1,single,season_regime,middle,hybrid_exponential,1.0,650.0,0.1,True,hybrid_exponential,1.0,650.0,0.1,True
logistic_engineered,20232024,20242025,20242025,2024020841,2025-02-02,UTA,STL,0,0.517847,0.482153,UTA,0,single,season_regime,middle,hybrid_exponential,1.0,650.0,0.1,True,hybrid_exponential,1.0,650.0,0.1,True
logistic_engineered,20232024,20242025,20242025,2024020842,2025-02-02,VAN,DET,0,0.526938,0.473062,VAN,0,single,season_regime,middle,hybrid_exponential,1.0,650.0,0.1,True,hybrid_exponential,1.0,650.0,0.1,True
logistic_engineered,20232024,20242025,20242025,2024020843,2025-02-02,SEA,CGY,0,0.624413,0.375587,SEA,0,single,season_regime,middle,hybrid_exponential,1.0,650.0,0.1,True,hybrid_exponential,1.0,650.0,0.1,True
logistic_engineered,20232024,20242025,20242025,2024020844,2025-02-03,NSH,OTT,0,0.559846,0.440154,NSH,0,single,season_regime,middle,hybrid_exponential,1.0,650.0,0.1,True,hybrid_exponential,1.0,650.0,0.1,True
logistic_engineered,20232024,20242025,20242025,2024020845,2025-02-04,BOS,MIN,1,0.558661,0.441339,BOS,1,single,season_regime,middle,hybrid_exponential,1.0,650.0,0.1,True,hybrid_exponential,1.0,650.0,0.1,True
logistic_engineered,20232024,20242025,20242025,2024020846,2025-02-04,BUF,CBJ,1,0.647465,0.352535,BUF,1,single,season_regime,middle,hybrid_exponential,1.0,650.0,0.1,True,hybrid_exponential,1.0,650.0,0.1,True
logistic_engineered,20232024,20242025,20242025,2024020847,2025-02-04,TBL,OTT,1,0.629601,0.370399,TBL,1,single,season_regime,middle,hybrid_exponential,1.0,650.0,0.1,True,hybrid_exponential,1.0,650.0,0.1,True
logistic_engineered,20232024,20242025,20242025,2024020848,2025-02-04,PIT,NJD,0,0.485041,0.514959,NJD,1,single,season_regime,middle,hybrid_exponential,1.0,650.0,0.1,True,hybrid_exponential,1.0,650.0,0.1,True
logistic_engineered,20232024,20242025,20242025,2024020849,2025-02-04,WSH,FLA,1,0.444279,0.555721,FLA,0,single,season_regime,middle,hybrid_exponential,1.0,650.0,0.1,True,hybrid_exponential,1.0,650.0,0.1,True
logistic_engineered,20232024,20242025,20242025,2024020850,2025-02-04,NYI,VGK,1,0.438869,0.561131,VGK,0,single,season_regime,middle,hybrid_exponential,1.0,650.0,0.1,True,hybrid_exponential,1.0,650.0,0.1,True
logistic_engineered,20232024,20242025,20242025,2024020851,2025-02-04,STL,EDM,0,0.455584,0.544416,EDM,1,single,season_regime,middle,hybrid_exponential,1.0,650.0,0.1,True,hybrid_exponential,1.0,650.0,0.1,True
logistic_engineered,20232024,20242025,20242025,2024020852,2025-02-04,WPG,CAR,1,0.61191,0.38809,WPG,1,single,season_regime,middle,hybrid_exponential,1.0,650.0,0.1,True,hybrid_exponential,1.0,650.0,0.1,True
logistic_engineered,20232024,20242025,20242025,2024020853,2025-02-04,CGY,TOR,0,0.35514,0.64486,TOR,1,single,season_regime,middle,hybrid_exponential,1.0,650.0,0.1,True,hybrid_exponential,1.0,650.0,0.1,True
logistic_engineered,20232024,20242025,20242025,2024020854,2025-02-04,UTA,PHI,1,0.547517,0.452483,UTA,1,single,season_regime,middle,hybrid_exponential,1.0,650.0,0.1,True,hybrid_exponential,1.0,650.0,0.1,True
logistic_engineered,20232024,20242025,20242025,2024020855,2025-02-04,VAN,COL,1,0.456304,0.543696,COL,0,single,season_regime,middle,hybrid_exponential,1.0,650.0,0.1,True,hybrid_exponential,1.0,650.0,0.1,True
logistic_engineered,20232024,20242025,20242025,2024020856,2025-02-04,ANA,DAL,1,0.331821,0.668179,DAL,0,single,season_regime,middle,hybrid_exponential,1.0,650.0,0.1,True,hybrid_exponential,1.0,650.0,0.1,True
logistic_engineered,20232024,20242025,20242025,2024020857,2025-02-04,SEA,DET,0,0.490241,0.509759,DET,1,single,season_regime,middle,hybrid_exponential,1.0,650.0,0.1,True,hybrid_exponential,1.0,650.0,0.1,True
logistic_engineered,20232024,20242025,20242025,2024020858,2025-02-04,SJS,MTL,0,0.465968,0.534032,MTL,1,single,season_regime,middle,hybrid_exponential,1.0,650.0,0.1,True,hybrid_exponential,1.0,650.0,0.1,True
logistic_engineered,20232024,20242025,20242025,2024020859,2025-02-05,NYR,BOS,1,0.637944,0.362056,NYR,1,single,season_regime,middle,hybrid_exponential,1.0,650.0,0.1,True,hybrid_exponential,1.0,650.0,0.1,True
logistic_engineered,20232024,20242025,20242025,2024020860,2025-02-05,CHI,EDM,0,0.386214,0.613786,EDM,1,single,season_regime,middle,hybrid_exponential,1.0,650.0,0.1,True,hybrid_exponential,1.0,650.0,0.1,True
logistic_engineered,20232024,20242025,20242025,2024020861,2025-02-05,LAK,MTL,1,0.722208,0.277792,LAK,1,single,season_regime,middle,hybrid_exponential,1.0,650.0,0.1,True,hybrid_exponential,1.0,650.0,0.1,True
logistic_engineered,20232024,20242025,20242025,2024020862,2025-02-06,TBL,OTT,1,0.57488,0.42512,TBL,1,single,season_regime,middle,hybrid_exponential,1.0,650.0,0.1,True,hybrid_exponential,1.0,650.0,0.1,True
logistic_engineered,20232024,20242025,20242025,2024020863,2025-02-06,NJD,VGK,0,0.508969,0.491031,NJD,0,single,season_regime,middle,hybrid_exponential,1.0,650.0,0.1,True,hybrid_exponential,1.0,650.0,0.1,True
logistic_engineered,20232024,20242025,20242025,2024020864,2025-02-06,PHI,WSH,0,0.468082,0.531918,WSH,1,single,season_regime,middle,hybrid_exponential,1.0,650.0,0.1,True,hybrid_exponential,1.0,650.0,0.1,True
logistic_engineered,20232024,20242025,20242025,2024020865,2025-02-06,CBJ,UTA,0,0.560135,0.439865,CBJ,0,single,season_regime,middle,hybrid_exponential,1.0,650.0,0.1,True,hybrid_exponential,1.0,650.0,0.1,True
logistic_engineered,20232024,20242025,20242025,2024020866,2025-02-06,STL,FLA,0,0.457835,0.542165,FLA,1,single,season_regime,middle,hybrid_exponential,1.0,650.0,0.1,True,hybrid_exponential,1.0,650.0,0.1,True
logistic_engineered,20232024,20242025,20242025,2024020867,2025-02-06,MIN,CAR,1,0.485129,0.514871,CAR,0,single,season_regime,middle,hybrid_exponential,1.0,650.0,0.1,True,hybrid_exponential,1.0,650.0,0.1,True
logistic_engineered,20232024,20242025,20242025,2024020868,2025-02-06,CGY,COL,0,0.481668,0.518332,COL,1,single,season_regime,middle,hybrid_exponential,1.0,650.0,0.1,True,hybrid_exponential,1.0,650.0,0.1,True
logistic_engineered,20232024,20242025,20242025,2024020869,2025-02-06,SEA,TOR,0,0.413235,0.586765,TOR,1,single,season_regime,middle,hybrid_exponential,1.0,650.0,0.1,True,hybrid_exponential,1.0,650.0,0.1,True
logistic_engineered,20232024,20242025,20242025,2024020870,2025-02-06,SJS,VAN,0,0.351191,0.648809,VAN,1,single,season_regime,middle,hybrid_exponential,1.0,650.0,0.1,True,hybrid_exponential,1.0,650.0,0.1,True
logistic_engineered,20232024,20242025,20242025,2024020871,2025-02-07,NYR,PIT,0,0.646132,0.353868,NYR,0,single,season_regime,middle,hybrid_exponential,1.0,650.0,0.1,True,hybrid_exponential,1.0,650.0,0.1,True
logistic_engineered,20232024,20242025,20242025,2024020872,2025-02-07,WPG,NYI,1,0.614552,0.385448,WPG,1,single,season_regime,middle,hybrid_exponential,1.0,650.0,0.1,True,hybrid_exponential,1.0,650.0,0.1,True
logistic_engineered,20232024,20242025,20242025,2024020873,2025-02-07,CHI,NSH,1,0.332323,0.667677,NSH,0,single,season_regime,middle,hybrid_exponential,1.0,650.0,0.1,True,hybrid_exponential,1.0,650.0,0.1,True
logistic_engineered,20232024,20242025,20242025,2024020874,2025-02-07,EDM,COL,0,0.289474,0.710526,COL,1,single,season_regime,middle,hybrid_exponential,1.0,650.0,0.1,True,hybrid_exponential,1.0,650.0,0.1,True
logistic_engineered,20232024,20242025,20242025,2024020875,2025-02-07,LAK,DAL,1,0.455601,0.544399,DAL,0,single,season_regime,middle,hybrid_exponential,1.0,650.0,0.1,True,hybrid_exponential,1.0,650.0,0.1,True
logistic_engineered,20232024,20242025,20242025,2024020876,2025-02-08,MTL,NJD,0,0.43563,0.56437,NJD,1,single,season_regime,middle,hybrid_exponential,1.0,650.0,0.1,True,hybrid_exponential,1.0,650.0,0.1,True
logistic_engineered,20232024,20242025,20242025,2024020877,2025-02-08,DET,TBL,0,0.398269,0.601731,TBL,1,single,season_regime,middle,hybrid_exponential,1.0,650.0,0.1,True,hybrid_exponential,1.0,650.0,0.1,True
logistic_engineered,20232024,20242025,20242025,2024020878,2025-02-08,CAR,UTA,1,0.615679,0.384321,CAR,1,single,season_regime,middle,hybrid_exponential,1.0,650.0,0.1,True,hybrid_exponential,1.0,650.0,0.1,True
logistic_engineered,20232024,20242025,20242025,2024020879,2025-02-08,BOS,VGK,0,0.508561,0.491439,BOS,0,single,season_regime,middle,hybrid_exponential,1.0,650.0,0.1,True,hybrid_exponential,1.0,650.0,0.1,True
logistic_engineered,20232024,20242025,20242025,2024020880,2025-02-08,FLA,OTT,1,0.615804,0.384196,FLA,1,single,season_regime,middle,hybrid_exponential,1.0,650.0,0.1,True,hybrid_exponential,1.0,650.0,0.1,True
logistic_engineered,20232024,20242025,20242025,2024020881,2025-02-08,PHI,PIT,1,0.564788,0.435212,PHI,1,single,season_regime,middle,hybrid_exponential,1.0,650.0,0.1,True,hybrid_exponential,1.0,650.0,0.1,True
logistic_engineered,20232024,20242025,20242025,2024020882,2025-02-08,CBJ,NYR,0,0.495556,0.504444,NYR,1,single,season_regime,middle,hybrid_exponential,1.0,650.0,0.1,True,hybrid_exponential,1.0,650.0,0.1,True
logistic_engineered,20232024,20242025,20242025,2024020883,2025-02-08,STL,CHI,1,0.710861,0.289139,STL,1,single,season_regime,middle,hybrid_exponential,1.0,650.0,0.1,True,hybrid_exponential,1.0,650.0,0.1,True
logistic_engineered,20232024,20242025,20242025,2024020884,2025-02-08,VAN,TOR,1,0.249391,0.750609,TOR,0,single,season_regime,middle,hybrid_exponential,1.0,650.0,0.1,True,hybrid_exponential,1.0,650.0,0.1,True
logistic_engineered,20232024,20242025,20242025,2024020885,2025-02-08,NSH,BUF,1,0.494527,0.505473,BUF,0,single,season_regime,middle,hybrid_exponential,1.0,650.0,0.1,True,hybrid_exponential,1.0,650.0,0.1,True
logistic_engineered,20232024,20242025,20242025,2024020886,2025-02-08,MIN,NYI,1,0.613842,0.386158,MIN,1,single,season_regime,middle,hybrid_exponential,1.0,650.0,0.1,True,hybrid_exponential,1.0,650.0,0.1,True
logistic_engineered,20232024,20242025,20242025,2024020887,2025-02-08,CGY,SEA,0,0.546439,0.453561,CGY,0,single,season_regime,middle,hybrid_exponential,1.0,650.0,0.1,True,hybrid_exponential,1.0,650.0,0.1,True
logistic_engineered,20232024,20242025,20242025,2024020888,2025-02-08,LAK,ANA,0,0.539533,0.460467,LAK,0,single,season_regime,middle,hybrid_exponential,1.0,650.0,0.1,True,hybrid_exponential,1.0,650.0,0.1,True
logistic_engineered,20232024,20242025,20242025,2024020889,2025-02-08,SJS,DAL,0,0.34163,0.65837,DAL,1,single,season_regime,middle,hybrid_exponential,1.0,650.0,0.1,True,hybrid_exponential,1.0,650.0,0.1,True
logistic_engineered,20232024,20242025,20242025,2024020890,2025-02-09,WSH,UTA,0,0.82229,0.17771,WSH,0,single,season_regime,middle,hybrid_exponential,1.0,650.0,0.1,True,hybrid_exponential,1.0,650.0,0.1,True
logistic_engineered,20232024,20242025,20242025,2024020891,2025-02-09,MTL,TBL,0,0.221482,0.778518,TBL,1,single,season_regime,middle,hybrid_exponential,1.0,650.0,0.1,True,hybrid_exponential,1.0,650.0,0.1,True
logistic_engineered,20232024,20242025,20242025,2024020892,2025-02-22,PHI,EDM,1,0.385053,0.614947,EDM,0,single,season_regime,middle,hybrid_exponential,1.0,650.0,0.1,True,hybrid_exponential,1.0,650.0,0.1,True
logistic_engineered,20232024,20242025,20242025,2024020893,2025-02-22,PIT,WSH,0,0.254814,0.745186,WSH,1,single,season_regime,middle,hybrid_exponential,1.0,650.0,0.1,True,hybrid_exponential,1.0,650.0,0.1,True
logistic_engineered,20232024,20242025,20242025,2024020894,2025-02-22,DET,MIN,0,0.557828,0.442172,DET,0,single,season_regime,middle,hybrid_exponential,1.0,650.0,0.1,True,hybrid_exponential,1.0,650.0,0.1,True
logistic_engineered,20232024,20242025,20242025,2024020895,2025-02-22,BUF,NYR,1,0.646201,0.353799,BUF,1,single,season_regime,middle,hybrid_exponential,1.0,650.0,0.1,True,hybrid_exponential,1.0,650.0,0.1,True
logistic_engineered,20232024,20242025,20242025,2024020896,2025-02-22,FLA,SEA,0,0.644641,0.355359,FLA,0,single,season_regime,middle,hybrid_exponential,1.0,650.0,0.1,True,hybrid_exponential,1.0,650.0,0.1,True
logistic_engineered,20232024,20242025,20242025,2024020897,2025-02-22,NJD,DAL,0,0.493832,0.506168,DAL,1,single,season_regime,middle,hybrid_exponential,1.0,650.0,0.1,True,hybrid_exponential,1.0,650.0,0.1,True
logistic_engineered,20232024,20242025,20242025,2024020898,2025-02-22,NSH,COL,1,0.429513,0.570487,COL,0,single,season_regime,middle,hybrid_exponential,1.0,650.0,0.1,True,hybrid_exponential,1.0,650.0,0.1,True
logistic_engineered,20232024,20242025,20242025,2024020899,2025-02-22,BOS,ANA,0,0.832708,0.167292,BOS,0,single,season_regime,middle,hybrid_exponential,1.0,650.0,0.1,True,hybrid_exponential,1.0,650.0,0.1,True
logistic_engineered,20232024,20242025,20242025,2024020900,2025-02-22,TOR,CAR,1,0.509388,0.490612,TOR,1,single,season_regime,middle,hybrid_exponential,1.0,650.0,0.1,True,hybrid_exponential,1.0,650.0,0.1,True
logistic_engineered,20232024,20242025,20242025,2024020901,2025-02-22,OTT,MTL,0,0.40169,0.59831,MTL,1,single,season_regime,middle,hybrid_exponential,1.0,650.0,0.1,True,hybrid_exponential,1.0,650.0,0.1,True
logistic_engineered,20232024,20242025,20242025,2024020902,2025-02-22,CBJ,CHI,1,0.723536,0.276464,CBJ,1,single,season_regime,middle,hybrid_exponential,1.0,650.0,0.1,True,hybrid_exponential,1.0,650.0,0.1,True
logistic_engineered,20232024,20242025,20242025,2024020903,2025-02-22,STL,WPG,0,0.363174,0.636826,WPG,1,single,season_regime,middle,hybrid_exponential,1.0,650.0,0.1,True,hybrid_exponential,1.0,650.0,0.1,True
logistic_engineered,20232024,20242025,20242025,2024020904,2025-02-22,LAK,UTA,1,0.602454,0.397546,LAK,1,single,season_regime,middle,hybrid_exponential,1.0,650.0,0.1,True,hybrid_exponential,1.0,650.0,0.1,True
logistic_engineered,20232024,20242025,20242025,2024020905,2025-02-22,VGK,VAN,1,0.516772,0.483228,VGK,1,single,season_regime,middle,hybrid_exponential,1.0,650.0,0.1,True,hybrid_exponential,1.0,650.0,0.1,True
logistic_engineered,20232024,20242025,20242025,2024020906,2025-02-23,WSH,EDM,1,0.48604,0.51396,EDM,0,single,season_regime,middle,hybrid_exponential,1.0,650.0,0.1,True,hybrid_exponential,1.0,650.0,0.1,True
logistic_engineered,20232024,20242025,20242025,2024020907,2025-02-23,PIT,NYR,0,0.459136,0.540864,NYR,1,single,season_regime,middle,hybrid_exponential,1.0,650.0,0.1,True,hybrid_exponential,1.0,650.0,0.1,True
logistic_engineered,20232024,20242025,20242025,2024020908,2025-02-23,DET,ANA,1,0.597901,0.402099,DET,1,single,season_regime,middle,hybrid_exponential,1.0,650.0,0.1,True,hybrid_exponential,1.0,650.0,0.1,True
logistic_engineered,20232024,20242025,20242025,2024020909,2025-02-23,TBL,SEA,1,0.635937,0.364063,TBL,1,single,season_regime,middle,hybrid_exponential,1.0,650.0,0.1,True,hybrid_exponential,1.0,650.0,0.1,True
logistic_engineered,20232024,20242025,20242025,2024020910,2025-02-23,STL,COL,1,0.398926,0.601074,COL,0,single,season_regime,middle,hybrid_exponential,1.0,650.0,0.1,True,hybrid_exponential,1.0,650.0,0.1,True
logistic_engineered,20232024,20242025,20242025,2024020911,2025-02-23,NSH,NJD,0,0.5605,0.4395,NSH,0,single,season_regime,middle,hybrid_exponential,1.0,650.0,0.1,True,hybrid_exponential,1.0,650.0,0.1,True
logistic_engineered,20232024,20242025,20242025,2024020912,2025-02-23,CHI,TOR,0,0.363503,0.636497,TOR,1,single,season_regime,middle,hybrid_exponential,1.0,650.0,0.1,True,hybrid_exponential,1.0,650.0,0.1,True
logistic_engineered,20232024,20242025,20242025,2024020913,2025-02-23,NYI,DAL,0,0.491798,0.508202,DAL,1,single,season_regime,middle,hybrid_exponential,1.0,650.0,0.1,True,hybrid_exponential,1.0,650.0,0.1,True
logistic_engineered,20232024,20242025,20242025,2024020914,2025-02-23,CGY,SJS,1,0.74183,0.25817,CGY,1,single,season_regime,middle,hybrid_exponential,1.0,650.0,0.1,True,hybrid_exponential,1.0,650.0,0.1,True
logistic_engineered,20232024,20242025,20242025,2024020915,2025-02-23,UTA,VAN,1,0.466758,0.533242,VAN,0,single,season_regime,middle,hybrid_exponential,1.0,650.0,0.1,True,hybrid_exponential,1.0,650.0,0.1,True
logistic_engineered,20232024,20242025,20242025,2024020916,2025-02-24,WPG,SJS,1,0.854414,0.145586,WPG,1,single,season_regime,middle,hybrid_exponential,1.0,650.0,0.1,True,hybrid_exponential,1.0,650.0,0.1,True
logistic_engineered,20232024,20242025,20242025,2024020917,2025-02-24,LAK,VGK,1,0.516017,0.483983,LAK,1,single,season_regime,middle,hybrid_exponential,1.0,650.0,0.1,True,hybrid_exponential,1.0,650.0,0.1,True
logistic_engineered,20232024,20242025,20242025,2024020918,2025-02-25,BOS,TOR,0,0.505905,0.494095,BOS,0,single,season_regime,middle,hybrid_exponential,1.0,650.0,0.1,True,hybrid_exponential,1.0,650.0,0.1,True
logistic_engineered,20232024,20242025,20242025,2024020919,2025-02-25,BUF,ANA,1,0.632808,0.367192,BUF,1,single,season_regime,middle,hybrid_exponential,1.0,650.0,0.1,True,hybrid_exponential,1.0,650.0,0.1,True
logistic_engineered,20232024,20242025,20242025,2024020920,2025-02-25,MTL,CAR,1,0.365791,0.634209,CAR,0,single,season_regime,middle,hybrid_exponential,1.0,650.0,0.1,True,hybrid_exponential,1.0,650.0,0.1,True
logistic_engineered,20232024,20242025,20242025,2024020921,2025-02-25,TBL,EDM,1,0.475679,0.524321,EDM,0,single,season_regime,middle,hybrid_exponential,1.0,650.0,0.1,True,hybrid_exponential,1.0,650.0,0.1,True
logistic_engineered,20232024,20242025,20242025,2024020922,2025-02-25,PHI,PIT,1,0.519878,0.480122,PHI,1,single,season_regime,middle,hybrid_exponential,1.0,650.0,0.1,True,hybrid_exponential,1.0,650.0,0.1,True
logistic_engineered,20232024,20242025,20242025,2024020923,2025-02-25,WSH,CGY,0,0.576985,0.423015,WSH,0,single,season_regime,middle,hybrid_exponential,1.0,650.0,0.1,True,hybrid_exponential,1.0,650.0,0.1,True
logistic_engineered,20232024,20242025,20242025,2024020924,2025-02-25,CBJ,DAL,1,0.363024,0.636976,DAL,0,single,season_regime,middle,hybrid_exponential,1.0,650.0,0.1,True,hybrid_exponential,1.0,650.0,0.1,True
logistic_engineered,20232024,20242025,20242025,2024020925,2025-02-25,NYI,NYR,0,0.218313,0.781687,NYR,1,single,season_regime,middle,hybrid_exponential,1.0,650.0,0.1,True,hybrid_exponential,1.0,650.0,0.1,True
logistic_engineered,20232024,20242025,20242025,2024020926,2025-02-25,STL,SEA,1,0.589751,0.410249,STL,1,single,season_regime,middle,hybrid_exponential,1.0,650.0,0.1,True,hybrid_exponential,1.0,650.0,0.1,True
logistic_engineered,20232024,20242025,20242025,2024020927,2025-02-25,NSH,FLA,0,0.339885,0.660115,FLA,1,single,season_regime,middle,hybrid_exponential,1.0,650.0,0.1,True,hybrid_exponential,1.0,650.0,0.1,True
logistic_engineered,20232024,20242025,20242025,2024020928,2025-02-25,MIN,DET,0,0.554846,0.445154,MIN,0,single,season_regime,middle,hybrid_exponential,1.0,650.0,0.1,True,hybrid_exponential,1.0,650.0,0.1,True
logistic_engineered,20232024,20242025,20242025,2024020929,2025-02-25,UTA,CHI,1,0.616692,0.383308,UTA,1,single,season_regime,middle,hybrid_exponential,1.0,650.0,0.1,True,hybrid_exponential,1.0,650.0,0.1,True
logistic_engineered,20232024,20242025,20242025,2024020930,2025-02-26,OTT,WPG,0,0.43353,0.56647,WPG,1,single,season_regime,middle,hybrid_exponential,1.0,650.0,0.1,True,hybrid_exponential,1.0,650.0,0.1,True
logistic_engineered,20232024,20242025,20242025,2024020931,2025-02-26,COL,NJD,1,0.780208,0.219792,COL,1,single,season_regime,middle,hybrid_exponential,1.0,650.0,0.1,True,hybrid_exponential,1.0,650.0,0.1,True
logistic_engineered,20232024,20242025,20242025,2024020932,2025-02-26,LAK,VAN,0,0.494527,0.505473,VAN,1,single,season_regime,middle,hybrid_exponential,1.0,650.0,0.1,True,hybrid_exponential,1.0,650.0,0.1,True
logistic_engineered,20232024,20242025,20242025,2024020933,2025-02-27,BOS,NYI,0,0.576359,0.423641,BOS,0,single,season_regime,middle,hybrid_exponential,1.0,650.0,0.1,True,hybrid_exponential,1.0,650.0,0.1,True
logistic_engineered,20232024,20242025,20242025,2024020934,2025-02-27,MTL,SJS,1,0.693619,0.306381,MTL,1,single,season_regime,middle,hybrid_exponential,1.0,650.0,0.1,True,hybrid_exponential,1.0,650.0,0.1,True
logistic_engineered,20232024,20242025,20242025,2024020935,2025-02-27,DET,CBJ,0,0.584197,0.415803,DET,0,single,season_regime,middle,hybrid_exponential,1.0,650.0,0.1,True,hybrid_exponential,1.0,650.0,0.1,True
logistic_engineered,20232024,20242025,20242025,2024020936,2025-02-27,TBL,CGY,1,0.604962,0.395038,TBL,1,single,season_regime,middle,hybrid_exponential,1.0,650.0,0.1,True,hybrid_exponential,1.0,650.0,0.1,True
logistic_engineered,20232024,20242025,20242025,2024020937,2025-02-27,FLA,EDM,1,0.516604,0.483396,FLA,1,single,season_regime,middle,hybrid_exponential,1.0,650.0,0.1,True,hybrid_exponential,1.0,650.0,0.1,True
logistic_engineered,20232024,20242025,20242025,2024020938,2025-02-27,PIT,PHI,1,0.350281,0.649719,PHI,0,single,season_regime,middle,hybrid_exponential,1.0,650.0,0.1,True,hybrid_exponential,1.0,650.0,0.1,True
logistic_engineered,20232024,20242025,20242025,2024020939,2025-02-27,WSH,STL,0,0.623961,0.376039,WSH,0,single,season_regime,middle,hybrid_exponential,1.0,650.0,0.1,True,hybrid_exponential,1.0,650.0,0.1,True
logistic_engineered,20232024,20242025,20242025,2024020940,2025-02-27,CAR,BUF,1,0.791176,0.208824,CAR,1,single,season_regime,middle,hybrid_exponential,1.0,650.0,0.1,True,hybrid_exponential,1.0,650.0,0.1,True
logistic_engineered,20232024,20242025,20242025,2024020941,2025-02-27,NSH,WPG,1,0.418863,0.581137,WPG,0,single,season_regime,middle,hybrid_exponential,1.0,650.0,0.1,True,hybrid_exponential,1.0,650.0,0.1,True
logistic_engineered,20232024,20242025,20242025,2024020942,2025-02-27,UTA,MIN,1,0.551069,0.448931,UTA,1,single,season_regime,middle,hybrid_exponential,1.0,650.0,0.1,True,hybrid_exponential,1.0,650.0,0.1,True
logistic_engineered,20232024,20242025,20242025,2024020943,2025-02-27,VGK,CHI,1,0.862033,0.137967,VGK,1,single,season_regime,middle,hybrid_exponential,1.0,650.0,0.1,True,hybrid_exponential,1.0,650.0,0.1,True
logistic_engineered,20232024,20242025,20242025,2024020944,2025-02-27,ANA,VAN,1,0.483271,0.516729,VAN,0,single,season_regime,middle,hybrid_exponential,1.0,650.0,0.1,True,hybrid_exponential,1.0,650.0,0.1,True
logistic_engineered,20232024,20242025,20242025,2024020945,2025-02-28,NYR,TOR,0,0.518684,0.481316,NYR,0,single,season_regime,middle,hybrid_exponential,1.0,650.0,0.1,True,hybrid_exponential,1.0,650.0,0.1,True
logistic_engineered,20232024,20242025,20242025,2024020946,2025-02-28,DAL,LAK,1,0.659431,0.340569,DAL,1,single,season_regime,middle,hybrid_exponential,1.0,650.0,0.1,True,hybrid_exponential,1.0,650.0,0.1,True
logistic_engineered,20232024,20242025,20242025,2024020947,2025-02-28,COL,MIN,1,0.692099,0.307901,COL,1,single,season_regime,middle,hybrid_exponential,1.0,650.0,0.1,True,hybrid_exponential,1.0,650.0,0.1,True
logistic_engineered,20232024,20242025,20242025,2024020948,2025-03-01,CBJ,DET,1,0.498213,0.501787,DET,0,single,season_regime,middle,hybrid_exponential,1.0,650.0,0.1,True,hybrid_exponential,1.0,650.0,0.1,True
logistic_engineered,20232024,20242025,20242025,2024020949,2025-03-01,NYI,NSH,1,0.569347,0.430653,NYI,1,single,season_regime,middle,hybrid_exponential,1.0,650.0,0.1,True,hybrid_exponential,1.0,650.0,0.1,True
logistic_engineered,20232024,20242025,20242025,2024020950,2025-03-01,WSH,TBL,0,0.501515,0.498485,WSH,0,single,season_regime,middle,hybrid_exponential,1.0,650.0,0.1,True,hybrid_exponential,1.0,650.0,0.1,True
logistic_engineered,20232024,20242025,20242025,2024020951,2025-03-01,FLA,CGY,1,0.632948,0.367052,FLA,1,single,season_regime,middle,hybrid_exponential,1.0,650.0,0.1,True,hybrid_exponential,1.0,650.0,0.1,True
logistic_engineered,20232024,20242025,20242025,2024020952,2025-03-01,PIT,BOS,0,0.480392,0.519608,BOS,1,single,season_regime,middle,hybrid_exponential,1.0,650.0,0.1,True,hybrid_exponential,1.0,650.0,0.1,True
logistic_engineered,20232024,20242025,20242025,2024020953,2025-03-01,BUF,MTL,0,0.603385,0.396615,BUF,0,single,season_regime,middle,hybrid_exponential,1.0,650.0,0.1,True,hybrid_exponential,1.0,650.0,0.1,True
logistic_engineered,20232024,20242025,20242025,2024020954,2025-03-01,OTT,SJS,1,0.731674,0.268326,OTT,1,single,season_regime,middle,hybrid_exponential,1.0,650.0,0.1,True,hybrid_exponential,1.0,650.0,0.1,True
logistic_engineered,20232024,20242025,20242025,2024020955,2025-03-01,CAR,EDM,0,0.522255,0.477745,CAR,0,single,season_regime,middle,hybrid_exponential,1.0,650.0,0.1,True,hybrid_exponential,1.0,650.0,0.1,True
logistic_engineered,20232024,20242025,20242025,2024020956,2025-03-01,WPG,PHI,0,0.610258,0.389742,WPG,0,single,season_regime,middle,hybrid_exponential,1.0,650.0,0.1,True,hybrid_exponential,1.0,650.0,0.1,True
logistic_engineered,20232024,20242025,20242025,2024020957,2025-03-01,STL,LAK,1,0.551879,0.448121,STL,1,single,season_regime,middle,hybrid_exponential,1.0,650.0,0.1,True,hybrid_exponential,1.0,650.0,0.1,True
logistic_engineered,20232024,20242025,20242025,2024020958,2025-03-01,UTA,NJD,0,0.52195,0.47805,UTA,0,single,season_regime,middle,hybrid_exponential,1.0,650.0,0.1,True,hybrid_exponential,1.0,650.0,0.1,True
logistic_engineered,20232024,20242025,20242025,2024020959,2025-03-01,ANA,CHI,0,0.644001,0.355999,ANA,0,single,season_regime,middle,hybrid_exponential,1.0,650.0,0.1,True,hybrid_exponential,1.0,650.0,0.1,True
logistic_engineered,20232024,20242025,20242025,2024020960,2025-03-01,SEA,VAN,1,0.472253,0.527747,VAN,0,single,season_regime,middle,hybrid_exponential,1.0,650.0,0.1,True,hybrid_exponential,1.0,650.0,0.1,True
logistic_engineered,20232024,20242025,20242025,2024020961,2025-03-02,PIT,TOR,0,0.310456,0.689544,TOR,1,single,season_regime,middle,hybrid_exponential,1.0,650.0,0.1,True,hybrid_exponential,1.0,650.0,0.1,True
logistic_engineered,20232024,20242025,20242025,2024020962,2025-03-02,MIN,BOS,1,0.489091,0.510909,BOS,0,single,season_regime,middle,hybrid_exponential,1.0,650.0,0.1,True,hybrid_exponential,1.0,650.0,0.1,True
logistic_engineered,20232024,20242025,20242025,2024020963,2025-03-02,CAR,CGY,1,0.591944,0.408056,CAR,1,single,season_regime,middle,hybrid_exponential,1.0,650.0,0.1,True,hybrid_exponential,1.0,650.0,0.1,True
logistic_engineered,20232024,20242025,20242025,2024020964,2025-03-02,DAL,STL,1,0.847079,0.152921,DAL,1,single,season_regime,middle,hybrid_exponential,1.0,650.0,0.1,True,hybrid_exponential,1.0,650.0,0.1,True
logistic_engineered,20232024,20242025,20242025,2024020965,2025-03-02,NYR,NSH,1,0.644753,0.355247,NYR,1,single,season_regime,middle,hybrid_exponential,1.0,650.0,0.1,True,hybrid_exponential,1.0,650.0,0.1,True
logistic_engineered,20232024,20242025,20242025,2024020966,2025-03-02,VGK,NJD,1,0.551812,0.448188,VGK,1,single,season_regime,middle,hybrid_exponential,1.0,650.0,0.1,True,hybrid_exponential,1.0,650.0,0.1,True
logistic_engineered,20232024,20242025,20242025,2024020967,2025-03-03,WSH,OTT,1,0.573264,0.426736,WSH,1,single,season_regime,middle,hybrid_exponential,1.0,650.0,0.1,True,hybrid_exponential,1.0,650.0,0.1,True
logistic_engineered,20232024,20242025,20242025,2024020968,2025-03-03,MTL,BUF,1,0.448534,0.551466,BUF,0,single,season_regime,middle,hybrid_exponential,1.0,650.0,0.1,True,hybrid_exponential,1.0,650.0,0.1,True
logistic_engineered,20232024,20242025,20242025,2024020969,2025-03-03,FLA,TBL,1,0.535674,0.464326,FLA,1,single,season_regime,middle,hybrid_exponential,1.0,650.0,0.1,True,hybrid_exponential,1.0,650.0,0.1,True
logistic_engineered,20232024,20242025,20242025,2024020970,2025-03-03,NYR,NYI,1,0.461441,0.538559,NYI,0,single,season_regime,middle,hybrid_exponential,1.0,650.0,0.1,True,hybrid_exponential,1.0,650.0,0.1,True
logistic_engineered,20232024,20242025,20242025,2024020971,2025-03-03,TOR,SJS,0,0.674603,0.325397,TOR,0,single,season_regime,middle,hybrid_exponential,1.0,650.0,0.1,True,hybrid_exponential,1.0,650.0,0.1,True
logistic_engineered,20232024,20242025,20242025,2024020972,2025-03-03,CHI,LAK,1,0.309373,0.690627,LAK,0,single,season_regime,middle,hybrid_exponential,1.0,650.0,0.1,True,hybrid_exponential,1.0,650.0,0.1,True
logistic_engineered,20232024,20242025,20242025,2024020973,2025-03-04,BOS,NSH,0,0.499645,0.500355,NSH,1,single,season_regime,middle,hybrid_exponential,1.0,650.0,0.1,True,hybrid_exponential,1.0,650.0,0.1,True
logistic_engineered,20232024,20242025,20242025,2024020974,2025-03-04,BUF,SJS,0,0.670213,0.329787,BUF,0,single,season_regime,middle,hybrid_exponential,1.0,650.0,0.1,True,hybrid_exponential,1.0,650.0,0.1,True
logistic_engineered,20232024,20242025,20242025,2024020975,2025-03-04,DET,CAR,0,0.514562,0.485438,DET,0,single,season_regime,middle,hybrid_exponential,1.0,650.0,0.1,True,hybrid_exponential,1.0,650.0,0.1,True
logistic_engineered,20232024,20242025,20242025,2024020976,2025-03-04,TBL,CBJ,1,0.610866,0.389134,TBL,1,single,season_regime,middle,hybrid_exponential,1.0,650.0,0.1,True,hybrid_exponential,1.0,650.0,0.1,True
logistic_engineered,20232024,20242025,20242025,2024020977,2025-03-04,PHI,CGY,0,0.283037,0.716963,CGY,1,single,season_regime,middle,hybrid_exponential,1.0,650.0,0.1,True,hybrid_exponential,1.0,650.0,0.1,True
logistic_engineered,20232024,20242025,20242025,2024020978,2025-03-04,NYI,WPG,1,0.34858,0.65142,WPG,0,single,season_regime,middle,hybrid_exponential,1.0,650.0,0.1,True,hybrid_exponential,1.0,650.0,0.1,True
logistic_engineered,20232024,20242025,20242025,2024020979,2025-03-04,DAL,NJD,1,0.624903,0.375097,DAL,1,single,season_regime,middle,hybrid_exponential,1.0,650.0,0.1,True,hybrid_exponential,1.0,650.0,0.1,True
logistic_engineered,20232024,20242025,20242025,2024020980,2025-03-04,COL,PIT,1,0.64704,0.35296,COL,1,single,season_regime,middle,hybrid_exponential,1.0,650.0,0.1,True,hybrid_exponential,1.0,650.0,0.1,True
logistic_engineered,20232024,20242025,20242025,2024020981,2025-03-04,EDM,ANA,0,0.482767,0.517233,ANA,1,single,season_regime,middle,hybrid_exponential,1.0,650.0,0.1,True,hybrid_exponential,1.0,650.0,0.1,True
logistic_engineered,20232024,20242025,20242025,2024020982,2025-03-04,SEA,MIN,0,0.54922,0.45078,SEA,0,single,season_regime,middle,hybrid_exponential,1.0,650.0,0.1,True,hybrid_exponential,1.0,650.0,0.1,True
logistic_engineered,20232024,20242025,20242025,2024020983,2025-03-05,NYR,WSH,0,0.484023,0.515977,WSH,1,single,season_regime,middle,hybrid_exponential,1.0,650.0,0.1,True,hybrid_exponential,1.0,650.0,0.1,True
logistic_engineered,20232024,20242025,20242025,2024020984,2025-03-05,CHI,OTT,0,0.4048,0.5952,OTT,1,single,season_regime,middle,hybrid_exponential,1.0,650.0,0.1,True,hybrid_exponential,1.0,650.0,0.1,True
logistic_engineered,20232024,20242025,20242025,2024020985,2025-03-05,VGK,TOR,1,0.675246,0.324754,VGK,1,single,season_regime,middle,hybrid_exponential,1.0,650.0,0.1,True,hybrid_exponential,1.0,650.0,0.1,True
logistic_engineered,20232024,20242025,20242025,2024020986,2025-03-05,VAN,ANA,1,0.859156,0.140844,VAN,1,single,season_regime,middle,hybrid_exponential,1.0,650.0,0.1,True,hybrid_exponential,1.0,650.0,0.1,True
logistic_engineered,20232024,20242025,20242025,2024020987,2025-03-05,LAK,STL,0,0.595205,0.404795,LAK,0,single,season_regime,middle,hybrid_exponential,1.0,650.0,0.1,True,hybrid_exponential,1.0,650.0,0.1,True
logistic_engineered,20232024,20242025,20242025,2024020988,2025-03-06,DET,UTA,0,0.638873,0.361127,DET,0,single,season_regime,middle,hybrid_exponential,1.0,650.0,0.1,True,hybrid_exponential,1.0,650.0,0.1,True
logistic_engineered,20232024,20242025,20242025,2024020989,2025-03-06,TBL,BUF,1,0.507734,0.492266,TBL,1,single,season_regime,middle,hybrid_exponential,1.0,650.0,0.1,True,hybrid_exponential,1.0,650.0,0.1,True
logistic_engineered,20232024,20242025,20242025,2024020990,2025-03-06,FLA,CBJ,1,0.692032,0.307968,FLA,1,single,season_regime,middle,hybrid_exponential,1.0,650.0,0.1,True,hybrid_exponential,1.0,650.0,0.1,True
logistic_engineered,20232024,20242025,20242025,2024020991,2025-03-06,PHI,WPG,0,0.41213,0.58787,WPG,1,single,season_regime,middle,hybrid_exponential,1.0,650.0,0.1,True,hybrid_exponential,1.0,650.0,0.1,True
logistic_engineered,20232024,20242025,20242025,2024020992,2025-03-06,CAR,BOS,1,0.657577,0.342423,CAR,1,single,season_regime,middle,hybrid_exponential,1.0,650.0,0.1,True,hybrid_exponential,1.0,650.0,0.1,True
logistic_engineered,20232024,20242025,20242025,2024020993,2025-03-06,NSH,SEA,1,0.595566,0.404434,NSH,1,single,season_regime,middle,hybrid_exponential,1.0,650.0,0.1,True,hybrid_exponential,1.0,650.0,0.1,True
logistic_engineered,20232024,20242025,20242025,2024020994,2025-03-06,DAL,CGY,1,0.629477,0.370523,DAL,1,single,season_regime,middle,hybrid_exponential,1.0,650.0,0.1,True,hybrid_exponential,1.0,650.0,0.1,True
logistic_engineered,20232024,20242025,20242025,2024020995,2025-03-06,EDM,MTL,1,0.63263,0.36737,EDM,1,single,season_regime,middle,hybrid_exponential,1.0,650.0,0.1,True,hybrid_exponential,1.0,650.0,0.1,True
logistic_engineered,20232024,20242025,20242025,2024020996,2025-03-06,COL,SJS,1,0.725835,0.274165,COL,1,single,season_regime,middle,hybrid_exponential,1.0,650.0,0.1,True,hybrid_exponential,1.0,650.0,0.1,True
logistic_engineered,20232024,20242025,20242025,2024020997,2025-03-07,NJD,WPG,0,0.442568,0.557432,WPG,1,single,season_regime,middle,hybrid_exponential,1.0,650.0,0.1,True,hybrid_exponential,1.0,650.0,0.1,True
logistic_engineered,20232024,20242025,20242025,2024020998,2025-03-07,WSH,DET,1,0.640559,0.359441,WSH,1,single,season_regime,middle,hybrid_exponential,1.0,650.0,0.1,True,hybrid_exponential,1.0,650.0,0.1,True
logistic_engineered,20232024,20242025,20242025,2024020999,2025-03-07,CHI,UTA,1,0.421336,0.578664,UTA,0,single,season_regime,middle,hybrid_exponential,1.0,650.0,0.1,True,hybrid_exponential,1.0,650.0,0.1,True
logistic_engineered,20232024,20242025,20242025,2024021000,2025-03-07,VAN,MIN,1,0.538282,0.461718,VAN,1,single,season_regime,middle,hybrid_exponential,1.0,650.0,0.1,True,hybrid_exponential,1.0,650.0,0.1,True
logistic_engineered,20232024,20242025,20242025,2024021001,2025-03-07,VGK,PIT,1,0.531275,0.468725,VGK,1,single,season_regime,middle,hybrid_exponential,1.0,650.0,0.1,True,hybrid_exponential,1.0,650.0,0.1,True
logistic_engineered,20232024,20242025,20242025,2024021002,2025-03-07,ANA,STL,0,0.383471,0.616529,STL,1,single,season_regime,middle,hybrid_exponential,1.0,650.0,0.1,True,hybrid_exponential,1.0,650.0,0.1,True
logistic_engineered,20232024,20242025,20242025,2024021003,2025-03-08,OTT,NYR,1,0.475604,0.524396,NYR,0,single,season_regime,middle,hybrid_exponential,1.0,650.0,0.1,True,hybrid_exponential,1.0,650.0,0.1,True
logistic_engineered,20232024,20242025,20242025,2024021004,2025-03-08,PHI,SEA,0,0.52774,0.47226,PHI,0,single,season_regime,middle,hybrid_exponential,1.0,650.0,0.1,True,hybrid_exponential,1.0,650.0,0.1,True
logistic_engineered,20232024,20242025,20242025,2024021005,2025-03-08,TBL,BOS,0,0.647119,0.352881,TBL,0,single,season_regime,middle,hybrid_exponential,1.0,650.0,0.1,True,hybrid_exponential,1.0,650.0,0.1,True
logistic_engineered,20232024,20242025,20242025,2024021006,2025-03-08,FLA,BUF,1,0.654999,0.345001,FLA,1,single,season_regime,middle,hybrid_exponential,1.0,650.0,0.1,True,hybrid_exponential,1.0,650.0,0.1,True
logistic_engineered,20232024,20242025,20242025,2024021007,2025-03-08,COL,TOR,1,0.510772,0.489228,COL,1,single,season_regime,middle,hybrid_exponential,1.0,650.0,0.1,True,hybrid_exponential,1.0,650.0,0.1,True
logistic_engineered,20232024,20242025,20242025,2024021008,2025-03-08,CGY,MTL,1,0.585134,0.414866,CGY,1,single,season_regime,middle,hybrid_exponential,1.0,650.0,0.1,True,hybrid_exponential,1.0,650.0,0.1,True
logistic_engineered,20232024,20242025,20242025,2024021009,2025-03-08,NSH,CHI,1,0.731155,0.268845,NSH,1,single,season_regime,middle,hybrid_exponential,1.0,650.0,0.1,True,hybrid_exponential,1.0,650.0,0.1,True
logistic_engineered,20232024,20242025,20242025,2024021010,2025-03-08,LAK,STL,1,0.61653,0.38347,LAK,1,single,season_regime,middle,hybrid_exponential,1.0,650.0,0.1,True,hybrid_exponential,1.0,650.0,0.1,True
logistic_engineered,20232024,20242025,20242025,2024021011,2025-03-08,EDM,DAL,1,0.464038,0.535962,DAL,0,single,season_regime,middle,hybrid_exponential,1.0,650.0,0.1,True,hybrid_exponential,1.0,650.0,0.1,True
logistic_engineered,20232024,20242025,20242025,2024021012,2025-03-08,SJS,NYI,0,0.398666,0.601334,NYI,1,single,season_regime,middle,hybrid_exponential,1.0,650.0,0.1,True,hybrid_exponential,1.0,650.0,0.1,True
logistic_engineered,20232024,20242025,20242025,2024021013,2025-03-09,PHI,NJD,0,0.420537,0.579463,NJD,1,single,season_regime,middle,hybrid_exponential,1.0,650.0,0.1,True,hybrid_exponential,1.0,650.0,0.1,True
logistic_engineered,20232024,20242025,20242025,2024021014,2025-03-09,WSH,SEA,1,0.661538,0.338462,WSH,1,single,season_regime,middle,hybrid_exponential,1.0,650.0,0.1,True,hybrid_exponential,1.0,650.0,0.1,True
logistic_engineered,20232024,20242025,20242025,2024021015,2025-03-09,MIN,PIT,0,0.532163,0.467837,MIN,0,single,season_regime,middle,hybrid_exponential,1.0,650.0,0.1,True,hybrid_exponential,1.0,650.0,0.1,True
logistic_engineered,20232024,20242025,20242025,2024021016,2025-03-09,CAR,WPG,1,0.450875,0.549125,WPG,0,single,season_regime,middle,hybrid_exponential,1.0,650.0,0.1,True,hybrid_exponential,1.0,650.0,0.1,True
logistic_engineered,20232024,20242025,20242025,2024021017,2025-03-09,NYR,CBJ,0,0.592183,0.407817,NYR,0,single,season_regime,middle,hybrid_exponential,1.0,650.0,0.1,True,hybrid_exponential,1.0,650.0,0.1,True
logistic_engineered,20232024,20242025,20242025,2024021018,2025-03-09,VGK,LAK,0,0.547421,0.452579,VGK,0,single,season_regime,middle,hybrid_exponential,1.0,650.0,0.1,True,hybrid_exponential,1.0,650.0,0.1,True
logistic_engineered,20232024,20242025,20242025,2024021019,2025-03-09,VAN,DAL,0,0.513666,0.486334,VAN,0,single,season_regime,middle,hybrid_exponential,1.0,650.0,0.1,True,hybrid_exponential,1.0,650.0,0.1,True
logistic_engineered,20232024,20242025,20242025,2024021020,2025-03-09,ANA,NYI,1,0.54233,0.45767,ANA,1,single,season_regime,middle,hybrid_exponential,1.0,650.0,0.1,True,hybrid_exponential,1.0,650.0,0.1,True
logistic_engineered,20232024,20242025,20242025,2024021021,2025-03-10,BUF,EDM,1,0.511694,0.488306,BUF,1,single,season_regime,middle,hybrid_exponential,1.0,650.0,0.1,True,hybrid_exponential,1.0,650.0,0.1,True
logistic_engineered,20232024,20242025,20242025,2024021022,2025-03-10,OTT,DET,1,0.534346,0.465654,OTT,1,single,season_regime,middle,hybrid_exponential,1.0,650.0,0.1,True,hybrid_exponential,1.0,650.0,0.1,True
logistic_engineered,20232024,20242025,20242025,2024021023,2025-03-10,COL,CHI,1,0.702806,0.297194,COL,1,single,season_regime,middle,hybrid_exponential,1.0,650.0,0.1,True,hybrid_exponential,1.0,650.0,0.1,True
logistic_engineered,20232024,20242025,20242025,2024021024,2025-03-10,UTA,TOR,0,0.51483,0.48517,UTA,0,single,season_regime,middle,hybrid_exponential,1.0,650.0,0.1,True,hybrid_exponential,1.0,650.0,0.1,True
logistic_engineered,20232024,20242025,20242025,2024021025,2025-03-11,BOS,FLA,1,0.477026,0.522974,FLA,0,single,season_regime,middle,hybrid_exponential,1.0,650.0,0.1,True,hybrid_exponential,1.0,650.0,0.1,True
logistic_engineered,20232024,20242025,20242025,2024021026,2025-03-11,NJD,CBJ,1,0.574037,0.425963,NJD,1,single,season_regime,middle,hybrid_exponential,1.0,650.0,0.1,True,hybrid_exponential,1.0,650.0,0.1,True
logistic_engineered,20232024,20242025,20242025,2024021027,2025-03-11,PHI,OTT,0,0.456884,0.543116,OTT,1,single,season_regime,middle,hybrid_exponential,1.0,650.0,0.1,True,hybrid_exponential,1.0,650.0,0.1,True
logistic_engineered,20232024,20242025,20242025,2024021028,2025-03-11,PIT,VGK,1,0.548687,0.451313,PIT,1,single,season_regime,middle,hybrid_exponential,1.0,650.0,0.1,True,hybrid_exponential,1.0,650.0,0.1,True
logistic_engineered,20232024,20242025,20242025,2024021029,2025-03-11,CAR,TBL,1,0.533366,0.466634,CAR,1,single,season_regime,middle,hybrid_exponential,1.0,650.0,0.1,True,hybrid_exponential,1.0,650.0,0.1,True
logistic_engineered,20232024,20242025,20242025,2024021030,2025-03-11,MIN,COL,1,0.548281,0.451719,MIN,1,single,season_regime,middle,hybrid_exponential,1.0,650.0,0.1,True,hybrid_exponential,1.0,650.0,0.1,True
logistic_engineered,20232024,20242025,20242025,2024021031,2025-03-11,WPG,NYR,1,0.606611,0.393389,WPG,1,single,season_regime,middle,hybrid_exponential,1.0,650.0,0.1,True,hybrid_exponential,1.0,650.0,0.1,True
logistic_engineered,20232024,20242025,20242025,2024021032,2025-03-11,VAN,MTL,0,0.619959,0.380041,VAN,0,single,season_regime,middle,hybrid_exponential,1.0,650.0,0.1,True,hybrid_exponential,1.0,650.0,0.1,True
logistic_engineered,20232024,20242025,20242025,2024021033,2025-03-11,ANA,WSH,0,0.441812,0.558188,WSH,1,single,season_regime,middle,hybrid_exponential,1.0,650.0,0.1,True,hybrid_exponential,1.0,650.0,0.1,True
logistic_engineered,20232024,20242025,20242025,2024021034,2025-03-11,LAK,NYI,1,0.540081,0.459919,LAK,1,single,season_regime,middle,hybrid_exponential,1.0,650.0,0.1,True,hybrid_exponential,1.0,650.0,0.1,True
logistic_engineered,20232024,20242025,20242025,2024021035,2025-03-11,SJS,NSH,0,0.385705,0.614295,NSH,1,single,season_regime,middle,hybrid_exponential,1.0,650.0,0.1,True,hybrid_exponential,1.0,650.0,0.1,True
logistic_engineered,20232024,20242025,20242025,2024021036,2025-03-12,DET,BUF,1,0.59182,0.40818,DET,1,single,season_regime,middle,hybrid_exponential,1.0,650.0,0.1,True,hybrid_exponential,1.0,650.0,0.1,True
logistic_engineered,20232024,20242025,20242025,2024021037,2025-03-12,CGY,VAN,0,0.576473,0.423527,CGY,0,single,season_regime,middle,hybrid_exponential,1.0,650.0,0.1,True,hybrid_exponential,1.0,650.0,0.1,True
logistic_engineered,20232024,20242025,20242025,2024021038,2025-03-12,UTA,ANA,1,0.679076,0.320924,UTA,1,single,season_regime,middle,hybrid_exponential,1.0,650.0,0.1,True,hybrid_exponential,1.0,650.0,0.1,True
logistic_engineered,20232024,20242025,20242025,2024021039,2025-03-12,SEA,MTL,1,0.696706,0.303294,SEA,1,single,season_regime,middle,hybrid_exponential,1.0,650.0,0.1,True,hybrid_exponential,1.0,650.0,0.1,True
logistic_engineered,20232024,20242025,20242025,2024021040,2025-03-13,TOR,FLA,0,0.497295,0.502705,FLA,1,single,season_regime,middle,hybrid_exponential,1.0,650.0,0.1,True,hybrid_exponential,1.0,650.0,0.1,True
logistic_engineered,20232024,20242025,20242025,2024021041,2025-03-13,OTT,BOS,1,0.682541,0.317459,OTT,1,single,season_regime,middle,hybrid_exponential,1.0,650.0,0.1,True,hybrid_exponential,1.0,650.0,0.1,True
logistic_engineered,20232024,20242025,20242025,2024021042,2025-03-13,NJD,EDM,1,0.44478,0.55522,EDM,0,single,season_regime,middle,hybrid_exponential,1.0,650.0,0.1,True,hybrid_exponential,1.0,650.0,0.1,True
logistic_engineered,20232024,20242025,20242025,2024021043,2025-03-13,PHI,TBL,1,0.448564,0.551436,TBL,0,single,season_regime,middle,hybrid_exponential,1.0,650.0,0.1,True,hybrid_exponential,1.0,650.0,0.1,True
logistic_engineered,20232024,20242025,20242025,2024021044,2025-03-13,PIT,STL,1,0.724292,0.275708,PIT,1,single,season_regime,middle,hybrid_exponential,1.0,650.0,0.1,True,hybrid_exponential,1.0,650.0,0.1,True
logistic_engineered,20232024,20242025,20242025,2024021045,2025-03-13,CBJ,VGK,0,0.491533,0.508467,VGK,1,single,season_regime,middle,hybrid_exponential,1.0,650.0,0.1,True,hybrid_exponential,1.0,650.0,0.1,True
logistic_engineered,20232024,20242025,20242025,2024021046,2025-03-13,MIN,NYR,0,0.510704,0.489296,MIN,0,single,season_regime,middle,hybrid_exponential,1.0,650.0,0.1,True,hybrid_exponential,1.0,650.0,0.1,True
logistic_engineered,20232024,20242025,20242025,2024021047,2025-03-13,LAK,WSH,1,0.526222,0.473778,LAK,1,single,season_regime,middle,hybrid_exponential,1.0,650.0,0.1,True,hybrid_exponential,1.0,650.0,0.1,True
logistic_engineered,20232024,20242025,20242025,2024021048,2025-03-13,SJS,CHI,1,0.500743,0.499257,SJS,1,single,season_regime,middle,hybrid_exponential,1.0,650.0,0.1,True,hybrid_exponential,1.0,650.0,0.1,True
logistic_engineered,20232024,20242025,20242025,2024021049,2025-03-14,CAR,DET,1,0.601759,0.398241,CAR,1,single,season_regime,middle,hybrid_exponential,1.0,650.0,0.1,True,hybrid_exponential,1.0,650.0,0.1,True
logistic_engineered,20232024,20242025,20242025,2024021050,2025-03-14,NYI,EDM,0,0.462377,0.537623,EDM,1,single,season_regime,middle,hybrid_exponential,1.0,650.0,0.1,True,hybrid_exponential,1.0,650.0,0.1,True
logistic_engineered,20232024,20242025,20242025,2024021051,2025-03-14,WPG,DAL,1,0.530027,0.469973,WPG,1,single,season_regime,middle,hybrid_exponential,1.0,650.0,0.1,True,hybrid_exponential,1.0,650.0,0.1,True
logistic_engineered,20232024,20242025,20242025,2024021052,2025-03-14,CGY,COL,0,0.395414,0.604586,COL,1,single,season_regime,middle,hybrid_exponential,1.0,650.0,0.1,True,hybrid_exponential,1.0,650.0,0.1,True
logistic_engineered,20232024,20242025,20242025,2024021053,2025-03-14,ANA,NSH,1,0.420665,0.579335,NSH,0,single,season_regime,middle,hybrid_exponential,1.0,650.0,0.1,True,hybrid_exponential,1.0,650.0,0.1,True
logistic_engineered,20232024,20242025,20242025,2024021054,2025-03-14,SEA,UTA,1,0.518815,0.481185,SEA,1,single,season_regime,middle,hybrid_exponential,1.0,650.0,0.1,True,hybrid_exponential,1.0,650.0,0.1,True
logistic_engineered,20232024,20242025,20242025,2024021055,2025-03-15,BUF,VGK,1,0.513502,0.486498,BUF,1,single,season_regime,middle,hybrid_exponential,1.0,650.0,0.1,True,hybrid_exponential,1.0,650.0,0.1,True
logistic_engineered,20232024,20242025,20242025,2024021056,2025-03-15,PIT,NJD,1,0.541341,0.458659,PIT,1,single,season_regime,middle,hybrid_exponential,1.0,650.0,0.1,True,hybrid_exponential,1.0,650.0,0.1,True
logistic_engineered,20232024,20242025,20242025,2024021057,2025-03-15,SJS,WSH,0,0.173323,0.826677,WSH,1,single,season_regime,middle,hybrid_exponential,1.0,650.0,0.1,True,hybrid_exponential,1.0,650.0,0.1,True
logistic_engineered,20232024,20242025,20242025,2024021058,2025-03-15,BOS,TBL,0,0.524169,0.475831,BOS,0,single,season_regime,middle,hybrid_exponential,1.0,650.0,0.1,True,hybrid_exponential,1.0,650.0,0.1,True
logistic_engineered,20232024,20242025,20242025,2024021059,2025-03-15,TOR,OTT,0,0.62941,0.37059,TOR,0,single,season_regime,middle,hybrid_exponential,1.0,650.0,0.1,True,hybrid_exponential,1.0,650.0,0.1,True
logistic_engineered,20232024,20242025,20242025,2024021060,2025-03-15,MTL,FLA,1,0.353604,0.646396,FLA,0,single,season_regime,middle,hybrid_exponential,1.0,650.0,0.1,True,hybrid_exponential,1.0,650.0,0.1,True
logistic_engineered,20232024,20242025,20242025,2024021061,2025-03-15,PHI,CAR,0,0.494582,0.505418,CAR,1,single,season_regime,middle,hybrid_exponential,1.0,650.0,0.1,True,hybrid_exponential,1.0,650.0,0.1,True
logistic_engineered,20232024,20242025,20242025,2024021062,2025-03-15,CBJ,NYR,0,0.442031,0.557969,NYR,1,single,season_regime,middle,hybrid_exponential,1.0,650.0,0.1,True,hybrid_exponential,1.0,650.0,0.1,True
logistic_engineered,20232024,20242025,20242025,2024021063,2025-03-15,MIN,STL,0,0.465408,0.534592,STL,1,single,season_regime,middle,hybrid_exponential,1.0,650.0,0.1,True,hybrid_exponential,1.0,650.0,0.1,True
logistic_engineered,20232024,20242025,20242025,2024021064,2025-03-15,LAK,NSH,1,0.633508,0.366492,LAK,1,single,season_regime,middle,hybrid_exponential,1.0,650.0,0.1,True,hybrid_exponential,1.0,650.0,0.1,True
logistic_engineered,20232024,20242025,20242025,2024021065,2025-03-15,VAN,CHI,1,0.754374,0.245626,VAN,1,single,season_regime,middle,hybrid_exponential,1.0,650.0,0.1,True,hybrid_exponential,1.0,650.0,0.1,True
logistic_engineered,20232024,20242025,20242025,2024021066,2025-03-16,DET,VGK,1,0.532519,0.467481,DET,1,single,season_regime,middle,hybrid_exponential,1.0,650.0,0.1,True,hybrid_exponential,1.0,650.0,0.1,True
logistic_engineered,20232024,20242025,20242025,2024021067,2025-03-16,COL,DAL,1,0.473596,0.526404,DAL,0,single,season_regime,middle,hybrid_exponential,1.0,650.0,0.1,True,hybrid_exponential,1.0,650.0,0.1,True
logistic_engineered,20232024,20242025,20242025,2024021068,2025-03-16,STL,ANA,1,0.78493,0.21507,STL,1,single,season_regime,middle,hybrid_exponential,1.0,650.0,0.1,True,hybrid_exponential,1.0,650.0,0.1,True
logistic_engineered,20232024,20242025,20242025,2024021069,2025-03-16,NYR,EDM,0,0.374221,0.625779,EDM,1,single,season_regime,middle,hybrid_exponential,1.0,650.0,0.1,True,hybrid_exponential,1.0,650.0,0.1,True
logistic_engineered,20232024,20242025,20242025,2024021070,2025-03-16,NYI,FLA,1,0.466411,0.533589,FLA,0,single,season_regime,middle,hybrid_exponential,1.0,650.0,0.1,True,hybrid_exponential,1.0,650.0,0.1,True
logistic_engineered,20232024,20242025,20242025,2024021071,2025-03-16,VAN,UTA,0,0.533196,0.466804,VAN,0,single,season_regime,middle,hybrid_exponential,1.0,650.0,0.1,True,hybrid_exponential,1.0,650.0,0.1,True
logistic_engineered,20232024,20242025,20242025,2024021072,2025-03-16,SEA,WPG,0,0.583305,0.416695,SEA,0,single,season_regime,middle,hybrid_exponential,1.0,650.0,0.1,True,hybrid_exponential,1.0,650.0,0.1,True
logistic_engineered,20232024,20242025,20242025,2024021073,2025-03-17,BOS,BUF,0,0.59619,0.40381,BOS,0,single,season_regime,middle,hybrid_exponential,1.0,650.0,0.1,True,hybrid_exponential,1.0,650.0,0.1,True
logistic_engineered,20232024,20242025,20242025,2024021074,2025-03-17,TBL,PHI,1,0.668189,0.331811,TBL,1,single,season_regime,middle,hybrid_exponential,1.0,650.0,0.1,True,hybrid_exponential,1.0,650.0,0.1,True
logistic_engineered,20232024,20242025,20242025,2024021075,2025-03-17,CBJ,NJD,0,0.580437,0.419563,CBJ,0,single,season_regime,middle,hybrid_exponential,1.0,650.0,0.1,True,hybrid_exponential,1.0,650.0,0.1,True
logistic_engineered,20232024,20242025,20242025,2024021076,2025-03-17,TOR,CGY,1,0.849853,0.150147,TOR,1,single,season_regime,middle,hybrid_exponential,1.0,650.0,0.1,True,hybrid_exponential,1.0,650.0,0.1,True
logistic_engineered,20232024,20242025,20242025,2024021077,2025-03-17,MIN,LAK,1,0.527249,0.472751,MIN,1,single,season_regime,middle,hybrid_exponential,1.0,650.0,0.1,True,hybrid_exponential,1.0,650.0,0.1,True
logistic_engineered,20232024,20242025,20242025,2024021078,2025-03-18,MTL,OTT,1,0.497381,0.502619,OTT,0,single,season_regime,middle,hybrid_exponential,1.0,650.0,0.1,True,hybrid_exponential,1.0,650.0,0.1,True
logistic_engineered,20232024,20242025,20242025,2024021079,2025-03-18,NYR,CGY,0,0.645127,0.354873,NYR,0,single,season_regime,middle,hybrid_exponential,1.0,650.0,0.1,True,hybrid_exponential,1.0,650.0,0.1,True
logistic_engineered,20232024,20242025,20242025,2024021080,2025-03-18,PIT,NYI,0,0.560157,0.439843,PIT,0,single,season_regime,middle,hybrid_exponential,1.0,650.0,0.1,True,hybrid_exponential,1.0,650.0,0.1,True
logistic_engineered,20232024,20242025,20242025,2024021081,2025-03-18,WSH,DET,1,0.54473,0.45527,WSH,1,single,season_regime,middle,hybrid_exponential,1.0,650.0,0.1,True,hybrid_exponential,1.0,650.0,0.1,True
logistic_engineered,20232024,20242025,20242025,2024021082,2025-03-18,NSH,STL,0,0.454941,0.545059,STL,1,single,season_regime,middle,hybrid_exponential,1.0,650.0,0.1,True,hybrid_exponential,1.0,650.0,0.1,True
logistic_engineered,20232024,20242025,20242025,2024021083,2025-03-18,DAL,ANA,1,0.716052,0.283948,DAL,1,single,season_regime,middle,hybrid_exponential,1.0,650.0,0.1,True,hybrid_exponential,1.0,650.0,0.1,True
logistic_engineered,20232024,20242025,20242025,2024021084,2025-03-18,CHI,SEA,0,0.396219,0.603781,SEA,1,single,season_regime,middle,hybrid_exponential,1.0,650.0,0.1,True,hybrid_exponential,1.0,650.0,0.1,True
logistic_engineered,20232024,20242025,20242025,2024021085,2025-03-18,EDM,UTA,1,0.797601,0.202399,EDM,1,single,season_regime,middle,hybrid_exponential,1.0,650.0,0.1,True,hybrid_exponential,1.0,650.0,0.1,True
logistic_engineered,20232024,20242025,20242025,2024021086,2025-03-18,VAN,WPG,1,0.353101,0.646899,WPG,0,single,season_regime,middle,hybrid_exponential,1.0,650.0,0.1,True,hybrid_exponential,1.0,650.0,0.1,True
logistic_engineered,20232024,20242025,20242025,2024021087,2025-03-19,TOR,COL,1,0.547526,0.452474,TOR,1,single,season_regime,middle,hybrid_exponential,1.0,650.0,0.1,True,hybrid_exponential,1.0,650.0,0.1,True
logistic_engineered,20232024,20242025,20242025,2024021088,2025-03-19,MIN,SEA,1,0.572665,0.427335,MIN,1,single,season_regime,middle,hybrid_exponential,1.0,650.0,0.1,True,hybrid_exponential,1.0,650.0,0.1,True
logistic_engineered,20232024,20242025,20242025,2024021089,2025-03-20,OTT,COL,0,0.30438,0.69562,COL,1,single,season_regime,middle,hybrid_exponential,1.0,650.0,0.1,True,hybrid_exponential,1.0,650.0,0.1,True
logistic_engineered,20232024,20242025,20242025,2024021090,2025-03-20,NJD,CGY,0,0.532296,0.467704,NJD,0,single,season_regime,middle,hybrid_exponential,1.0,650.0,0.1,True,hybrid_exponential,1.0,650.0,0.1,True
logistic_engineered,20232024,20242025,20242025,2024021091,2025-03-20,NYR,TOR,0,0.593296,0.406704,NYR,0,single,season_regime,middle,hybrid_exponential,1.0,650.0,0.1,True,hybrid_exponential,1.0,650.0,0.1,True
logistic_engineered,20232024,20242025,20242025,2024021092,2025-03-20,WSH,PHI,1,0.619354,0.380646,WSH,1,single,season_regime,middle,hybrid_exponential,1.0,650.0,0.1,True,hybrid_exponential,1.0,650.0,0.1,True
logistic_engineered,20232024,20242025,20242025,2024021093,2025-03-20,CBJ,FLA,0,0.386279,0.613721,FLA,1,single,season_regime,middle,hybrid_exponential,1.0,650.0,0.1,True,hybrid_exponential,1.0,650.0,0.1,True
logistic_engineered,20232024,20242025,20242025,2024021094,2025-03-20,NYI,MTL,1,0.572021,0.427979,NYI,1,single,season_regime,middle,hybrid_exponential,1.0,650.0,0.1,True,hybrid_exponential,1.0,650.0,0.1,True
logistic_engineered,20232024,20242025,20242025,2024021095,2025-03-20,STL,VAN,1,0.626629,0.373371,STL,1,single,season_regime,middle,hybrid_exponential,1.0,650.0,0.1,True,hybrid_exponential,1.0,650.0,0.1,True
logistic_engineered,20232024,20242025,20242025,2024021096,2025-03-20,NSH,ANA,0,0.624187,0.375813,NSH,0,single,season_regime,middle,hybrid_exponential,1.0,650.0,0.1,True,hybrid_exponential,1.0,650.0,0.1,True
logistic_engineered,20232024,20242025,20242025,2024021097,2025-03-20,DAL,TBL,0,0.55923,0.44077,DAL,0,single,season_regime,middle,hybrid_exponential,1.0,650.0,0.1,True,hybrid_exponential,1.0,650.0,0.1,True
logistic_engineered,20232024,20242025,20242025,2024021098,2025-03-20,CHI,LAK,0,0.334299,0.665701,LAK,1,single,season_regime,middle,hybrid_exponential,1.0,650.0,0.1,True,hybrid_exponential,1.0,650.0,0.1,True
logistic_engineered,20232024,20242025,20242025,2024021099,2025-03-20,EDM,WPG,0,0.270829,0.729171,WPG,1,single,season_regime,middle,hybrid_exponential,1.0,650.0,0.1,True,hybrid_exponential,1.0,650.0,0.1,True
logistic_engineered,20232024,20242025,20242025,2024021100,2025-03-20,UTA,BUF,1,0.508785,0.491215,UTA,1,single,season_regime,middle,hybrid_exponential,1.0,650.0,0.1,True,hybrid_exponential,1.0,650.0,0.1,True
logistic_engineered,20232024,20242025,20242025,2024021101,2025-03-20,VGK,BOS,1,0.607267,0.392733,VGK,1,single,season_regime,middle,hybrid_exponential,1.0,650.0,0.1,True,hybrid_exponential,1.0,650.0,0.1,True
logistic_engineered,20232024,20242025,20242025,2024021102,2025-03-20,SJS,CAR,0,0.387303,0.612697,CAR,1,single,season_regime,middle,hybrid_exponential,1.0,650.0,0.1,True,hybrid_exponential,1.0,650.0,0.1,True
logistic_engineered,20232024,20242025,20242025,2024021103,2025-03-21,PIT,CBJ,1,0.700666,0.299334,PIT,1,single,season_regime,middle,hybrid_exponential,1.0,650.0,0.1,True,hybrid_exponential,1.0,650.0,0.1,True
logistic_engineered,20232024,20242025,20242025,2024021104,2025-03-22,NYR,VAN,1,0.568591,0.431409,NYR,1,single,season_regime,middle,hybrid_exponential,1.0,650.0,0.1,True,hybrid_exponential,1.0,650.0,0.1,True
logistic_engineered,20232024,20242025,20242025,2024021105,2025-03-22,DAL,PHI,1,0.836819,0.163181,DAL,1,single,season_regime,middle,hybrid_exponential,1.0,650.0,0.1,True,hybrid_exponential,1.0,650.0,0.1,True
logistic_engineered,20232024,20242025,20242025,2024021106,2025-03-22,MIN,BUF,1,0.550054,0.449946,MIN,1,single,season_regime,middle,hybrid_exponential,1.0,650.0,0.1,True,hybrid_exponential,1.0,650.0,0.1,True
logistic_engineered,20232024,20242025,20242025,2024021107,2025-03-22,STL,CHI,1,0.753489,0.246511,STL,1,single,season_regime,middle,hybrid_exponential,1.0,650.0,0.1,True,hybrid_exponential,1.0,650.0,0.1,True
logistic_engineered,20232024,20242025,20242025,2024021108,2025-03-22,NYI,CGY,0,0.596236,0.403764,NYI,0,single,season_regime,middle,hybrid_exponential,1.0,650.0,0.1,True,hybrid_exponential,1.0,650.0,0.1,True
logistic_engineered,20232024,20242025,20242025,2024021109,2025-03-22,LAK,CAR,1,0.548724,0.451276,LAK,1,single,season_regime,middle,hybrid_exponential,1.0,650.0,0.1,True,hybrid_exponential,1.0,650.0,0.1,True
logistic_engineered,20232024,20242025,20242025,2024021110,2025-03-22,WSH,FLA,1,0.430511,0.569489,FLA,0,single,season_regime,middle,hybrid_exponential,1.0,650.0,0.1,True,hybrid_exponential,1.0,650.0,0.1,True
logistic_engineered,20232024,20242025,20242025,2024021111,2025-03-22,UTA,TBL,1,0.445447,0.554553,TBL,0,single,season_regime,middle,hybrid_exponential,1.0,650.0,0.1,True,hybrid_exponential,1.0,650.0,0.1,True
logistic_engineered,20232024,20242025,20242025,2024021112,2025-03-22,MTL,COL,0,0.423363,0.576637,COL,1,single,season_regime,middle,hybrid_exponential,1.0,650.0,0.1,True,hybrid_exponential,1.0,650.0,0.1,True
logistic_engineered,20232024,20242025,20242025,2024021113,2025-03-22,NJD,OTT,0,0.488534,0.511466,OTT,1,single,season_regime,middle,hybrid_exponential,1.0,650.0,0.1,True,hybrid_exponential,1.0,650.0,0.1,True
logistic_engineered,20232024,20242025,20242025,2024021114,2025-03-22,NSH,TOR,1,0.417441,0.582559,TOR,0,single,season_regime,middle,hybrid_exponential,1.0,650.0,0.1,True,hybrid_exponential,1.0,650.0,0.1,True
logistic_engineered,20232024,20242025,20242025,2024021115,2025-03-22,VGK,DET,1,0.574846,0.425154,VGK,1,single,season_regime,middle,hybrid_exponential,1.0,650.0,0.1,True,hybrid_exponential,1.0,650.0,0.1,True
logistic_engineered,20232024,20242025,20242025,2024021116,2025-03-22,EDM,SEA,1,0.608261,0.391739,EDM,1,single,season_regime,middle,hybrid_exponential,1.0,650.0,0.1,True,hybrid_exponential,1.0,650.0,0.1,True
logistic_engineered,20232024,20242025,20242025,2024021117,2025-03-22,SJS,BOS,1,0.371849,0.628151,BOS,0,single,season_regime,middle,hybrid_exponential,1.0,650.0,0.1,True,hybrid_exponential,1.0,650.0,0.1,True
logistic_engineered,20232024,20242025,20242025,2024021118,2025-03-23,CHI,PHI,1,0.374162,0.625838,PHI,0,single,season_regime,middle,hybrid_exponential,1.0,650.0,0.1,True,hybrid_exponential,1.0,650.0,0.1,True
logistic_engineered,20232024,20242025,20242025,2024021119,2025-03-23,WPG,BUF,0,0.664459,0.335541,WPG,0,single,season_regime,middle,hybrid_exponential,1.0,650.0,0.1,True,hybrid_exponential,1.0,650.0,0.1,True
logistic_engineered,20232024,20242025,20242025,2024021120,2025-03-23,FLA,PIT,1,0.510893,0.489107,FLA,1,single,season_regime,middle,hybrid_exponential,1.0,650.0,0.1,True,hybrid_exponential,1.0,650.0,0.1,True
logistic_engineered,20232024,20242025,20242025,2024021121,2025-03-23,STL,NSH,1,0.568764,0.431236,STL,1,single,season_regime,middle,hybrid_exponential,1.0,650.0,0.1,True,hybrid_exponential,1.0,650.0,0.1,True
logistic_engineered,20232024,20242025,20242025,2024021122,2025-03-23,VGK,TBL,1,0.452859,0.547141,TBL,0,single,season_regime,middle,hybrid_exponential,1.0,650.0,0.1,True,hybrid_exponential,1.0,650.0,0.1,True
logistic_engineered,20232024,20242025,20242025,2024021123,2025-03-23,ANA,CAR,0,0.503461,0.496539,ANA,0,single,season_regime,middle,hybrid_exponential,1.0,650.0,0.1,True,hybrid_exponential,1.0,650.0,0.1,True
logistic_engineered,20232024,20242025,20242025,2024021124,2025-03-23,LAK,BOS,1,0.491733,0.508267,BOS,0,single,season_regime,middle,hybrid_exponential,1.0,650.0,0.1,True,hybrid_exponential,1.0,650.0,0.1,True
logistic_engineered,20232024,20242025,20242025,2024021125,2025-03-24,NJD,VAN,0,0.473349,0.526651,VAN,1,single,season_regime,middle,hybrid_exponential,1.0,650.0,0.1,True,hybrid_exponential,1.0,650.0,0.1,True
logistic_engineered,20232024,20242025,20242025,2024021126,2025-03-24,NYI,CBJ,0,0.613195,0.386805,NYI,0,single,season_regime,middle,hybrid_exponential,1.0,650.0,0.1,True,hybrid_exponential,1.0,650.0,0.1,True
logistic_engineered,20232024,20242025,20242025,2024021127,2025-03-24,DAL,MIN,1,0.66951,0.33049,DAL,1,single,season_regime,middle,hybrid_exponential,1.0,650.0,0.1,True,hybrid_exponential,1.0,650.0,0.1,True
logistic_engineered,20232024,20242025,20242025,2024021128,2025-03-24,UTA,DET,0,0.768497,0.231503,UTA,0,single,season_regime,middle,hybrid_exponential,1.0,650.0,0.1,True,hybrid_exponential,1.0,650.0,0.1,True
logistic_engineered,20232024,20242025,20242025,2024021129,2025-03-25,BUF,OTT,1,0.416676,0.583324,OTT,0,single,season_regime,middle,hybrid_exponential,1.0,650.0,0.1,True,hybrid_exponential,1.0,650.0,0.1,True
logistic_engineered,20232024,20242025,20242025,2024021130,2025-03-25,TOR,PHI,1,0.679082,0.320918,TOR,1,single,season_regime,middle,hybrid_exponential,1.0,650.0,0.1,True,hybrid_exponential,1.0,650.0,0.1,True
logistic_engineered,20232024,20242025,20242025,2024021131,2025-03-25,TBL,PIT,1,0.716431,0.283569,TBL,1,single,season_regime,middle,hybrid_exponential,1.0,650.0,0.1,True,hybrid_exponential,1.0,650.0,0.1,True
logistic_engineered,20232024,20242025,20242025,2024021132,2025-03-25,CAR,NSH,0,0.499542,0.500458,NSH,1,single,season_regime,middle,hybrid_exponential,1.0,650.0,0.1,True,hybrid_exponential,1.0,650.0,0.1,True
logistic_engineered,20232024,20242025,20242025,2024021133,2025-03-25,STL,MTL,1,0.724456,0.275544,STL,1,single,season_regime,middle,hybrid_exponential,1.0,650.0,0.1,True,hybrid_exponential,1.0,650.0,0.1,True
logistic_engineered,20232024,20242025,20242025,2024021134,2025-03-25,MIN,VGK,0,0.387594,0.612406,VGK,1,single,season_regime,middle,hybrid_exponential,1.0,650.0,0.1,True,hybrid_exponential,1.0,650.0,0.1,True
logistic_engineered,20232024,20242025,20242025,2024021135,2025-03-25,WPG,WSH,1,0.548024,0.451976,WPG,1,single,season_regime,middle,hybrid_exponential,1.0,650.0,0.1,True,hybrid_exponential,1.0,650.0,0.1,True
logistic_engineered,20232024,20242025,20242025,2024021136,2025-03-25,COL,DET,1,0.617918,0.382082,COL,1,single,season_regime,middle,hybrid_exponential,1.0,650.0,0.1,True,hybrid_exponential,1.0,650.0,0.1,True
logistic_engineered,20232024,20242025,20242025,2024021137,2025-03-25,CGY,SEA,1,0.522539,0.477461,CGY,1,single,season_regime,middle,hybrid_exponential,1.0,650.0,0.1,True,hybrid_exponential,1.0,650.0,0.1,True
logistic_engineered,20232024,20242025,20242025,2024021138,2025-03-25,LAK,NYR,1,0.463869,0.536131,NYR,0,single,season_regime,middle,hybrid_exponential,1.0,650.0,0.1,True,hybrid_exponential,1.0,650.0,0.1,True
logistic_engineered,20232024,20242025,20242025,2024021139,2025-03-26,NYI,VAN,0,0.257248,0.742752,VAN,1,single,season_regime,middle,hybrid_exponential,1.0,650.0,0.1,True,hybrid_exponential,1.0,650.0,0.1,True
logistic_engineered,20232024,20242025,20242025,2024021140,2025-03-26,CHI,NJD,0,0.425732,0.574268,NJD,1,single,season_regime,middle,hybrid_exponential,1.0,650.0,0.1,True,hybrid_exponential,1.0,650.0,0.1,True
logistic_engineered,20232024,20242025,20242025,2024021141,2025-03-26,EDM,DAL,0,0.251481,0.748519,DAL,1,single,season_regime,middle,hybrid_exponential,1.0,650.0,0.1,True,hybrid_exponential,1.0,650.0,0.1,True
logistic_engineered,20232024,20242025,20242025,2024021142,2025-03-26,ANA,BOS,1,0.451495,0.548505,BOS,0,single,season_regime,middle,hybrid_exponential,1.0,650.0,0.1,True,hybrid_exponential,1.0,650.0,0.1,True
logistic_engineered,20232024,20242025,20242025,2024021143,2025-03-27,BUF,PIT,1,0.775117,0.224883,BUF,1,single,season_regime,middle,hybrid_exponential,1.0,650.0,0.1,True,hybrid_exponential,1.0,650.0,0.1,True
logistic_engineered,20232024,20242025,20242025,2024021144,2025-03-27,DET,OTT,0,0.211373,0.788627,OTT,1,single,season_regime,middle,hybrid_exponential,1.0,650.0,0.1,True,hybrid_exponential,1.0,650.0,0.1,True
logistic_engineered,20232024,20242025,20242025,2024021145,2025-03-27,TBL,UTA,1,0.838623,0.161377,TBL,1,single,season_regime,middle,hybrid_exponential,1.0,650.0,0.1,True,hybrid_exponential,1.0,650.0,0.1,True
logistic_engineered,20232024,20242025,20242025,2024021146,2025-03-27,PHI,MTL,1,0.750152,0.249848,PHI,1,single,season_regime,middle,hybrid_exponential,1.0,650.0,0.1,True,hybrid_exponential,1.0,650.0,0.1,True
logistic_engineered,20232024,20242025,20242025,2024021147,2025-03-27,NSH,STL,0,0.538844,0.461156,NSH,0,single,season_regime,middle,hybrid_exponential,1.0,650.0,0.1,True,hybrid_exponential,1.0,650.0,0.1,True
logistic_engineered,20232024,20242025,20242025,2024021148,2025-03-27,MIN,WSH,1,0.453488,0.546512,WSH,0,single,season_regime,middle,hybrid_exponential,1.0,650.0,0.1,True,hybrid_exponential,1.0,650.0,0.1,True
logistic_engineered,20232024,20242025,20242025,2024021149,2025-03-27,COL,LAK,1,0.600014,0.399986,COL,1,single,season_regime,middle,hybrid_exponential,1.0,650.0,0.1,True,hybrid_exponential,1.0,650.0,0.1,True
logistic_engineered,20232024,20242025,20242025,2024021150,2025-03-27,CGY,DAL,0,0.451813,0.548187,DAL,1,single,season_regime,middle,hybrid_exponential,1.0,650.0,0.1,True,hybrid_exponential,1.0,650.0,0.1,True
logistic_engineered,20232024,20242025,20242025,2024021151,2025-03-27,SEA,EDM,1,0.702697,0.297303,SEA,1,single,season_regime,middle,hybrid_exponential,1.0,650.0,0.1,True,hybrid_exponential,1.0,650.0,0.1,True
logistic_engineered,20232024,20242025,20242025,2024021152,2025-03-27,SJS,TOR,1,0.428674,0.571326,TOR,0,single,season_regime,middle,hybrid_exponential,1.0,650.0,0.1,True,hybrid_exponential,1.0,650.0,0.1,True
logistic_engineered,20232024,20242025,20242025,2024021153,2025-03-28,FLA,UTA,1,0.744073,0.255927,FLA,1,single,season_regime,middle,hybrid_exponential,1.0,650.0,0.1,True,hybrid_exponential,1.0,650.0,0.1,True
logistic_engineered,20232024,20242025,20242025,2024021154,2025-03-28,CAR,MTL,1,0.701671,0.298329,CAR,1,single,season_regime,middle,hybrid_exponential,1.0,650.0,0.1,True,hybrid_exponential,1.0,650.0,0.1,True
logistic_engineered,20232024,20242025,20242025,2024021155,2025-03-28,CBJ,VAN,1,0.455674,0.544326,VAN,0,single,season_regime,middle,hybrid_exponential,1.0,650.0,0.1,True,hybrid_exponential,1.0,650.0,0.1,True
logistic_engineered,20232024,20242025,20242025,2024021156,2025-03-28,WPG,NJD,1,0.682996,0.317004,WPG,1,single,season_regime,middle,hybrid_exponential,1.0,650.0,0.1,True,hybrid_exponential,1.0,650.0,0.1,True
logistic_engineered,20232024,20242025,20242025,2024021157,2025-03-28,CHI,VGK,0,0.32914,0.67086,VGK,1,single,season_regime,middle,hybrid_exponential,1.0,650.0,0.1,True,hybrid_exponential,1.0,650.0,0.1,True
logistic_engineered,20232024,20242025,20242025,2024021158,2025-03-28,ANA,NYR,1,0.381742,0.618258,NYR,0,single,season_regime,middle,hybrid_exponential,1.0,650.0,0.1,True,hybrid_exponential,1.0,650.0,0.1,True
logistic_engineered,20232024,20242025,20242025,2024021159,2025-03-29,PHI,BUF,1,0.511969,0.488031,PHI,1,single,season_regime,middle,hybrid_exponential,1.0,650.0,0.1,True,hybrid_exponential,1.0,650.0,0.1,True
logistic_engineered,20232024,20242025,20242025,2024021160,2025-03-29,TBL,NYI,1,0.643313,0.356687,TBL,1,single,season_regime,middle,hybrid_exponential,1.0,650.0,0.1,True,hybrid_exponential,1.0,650.0,0.1,True
logistic_engineered,20232024,20242025,20242025,2024021161,2025-03-29,COL,STL,0,0.583167,0.416833,COL,0,single,season_regime,middle,hybrid_exponential,1.0,650.0,0.1,True,hybrid_exponential,1.0,650.0,0.1,True
logistic_engineered,20232024,20242025,20242025,2024021162,2025-03-29,MIN,NJD,0,0.65499,0.34501,MIN,0,single,season_regime,middle,hybrid_exponential,1.0,650.0,0.1,True,hybrid_exponential,1.0,650.0,0.1,True
logistic_engineered,20232024,20242025,20242025,2024021163,2025-03-29,NSH,VGK,0,0.535305,0.464695,NSH,0,single,season_regime,middle,hybrid_exponential,1.0,650.0,0.1,True,hybrid_exponential,1.0,650.0,0.1,True
logistic_engineered,20232024,20242025,20242025,2024021164,2025-03-29,OTT,CBJ,1,0.713396,0.286604,OTT,1,single,season_regime,middle,hybrid_exponential,1.0,650.0,0.1,True,hybrid_exponential,1.0,650.0,0.1,True
logistic_engineered,20232024,20242025,20242025,2024021165,2025-03-29,LAK,TOR,0,0.557124,0.442876,LAK,0,single,season_regime,middle,hybrid_exponential,1.0,650.0,0.1,True,hybrid_exponential,1.0,650.0,0.1,True
logistic_engineered,20232024,20242025,20242025,2024021166,2025-03-29,DET,BOS,1,0.586519,0.413481,DET,1,single,season_regime,middle,hybrid_exponential,1.0,650.0,0.1,True,hybrid_exponential,1.0,650.0,0.1,True
logistic_engineered,20232024,20242025,20242025,2024021167,2025-03-29,EDM,CGY,1,0.573786,0.426214,EDM,1,single,season_regime,middle,hybrid_exponential,1.0,650.0,0.1,True,hybrid_exponential,1.0,650.0,0.1,True
logistic_engineered,20232024,20242025,20242025,2024021168,2025-03-29,SJS,NYR,0,0.32308,0.67692,NYR,1,single,season_regime,middle,hybrid_exponential,1.0,650.0,0.1,True,hybrid_exponential,1.0,650.0,0.1,True
logistic_engineered,20232024,20242025,20242025,2024021169,2025-03-29,SEA,DAL,0,0.367706,0.632294,DAL,1,single,season_regime,middle,hybrid_exponential,1.0,650.0,0.1,True,hybrid_exponential,1.0,650.0,0.1,True
logistic_engineered,20232024,20242025,20242025,2024021170,2025-03-30,FLA,MTL,0,0.663829,0.336171,FLA,0,single,season_regime,middle,hybrid_exponential,1.0,650.0,0.1,True,hybrid_exponential,1.0,650.0,0.1,True
logistic_engineered,20232024,20242025,20242025,2024021171,2025-03-30,WSH,BUF,0,0.654372,0.345628,WSH,0,single,season_regime,middle,hybrid_exponential,1.0,650.0,0.1,True,hybrid_exponential,1.0,650.0,0.1,True
logistic_engineered,20232024,20242025,20242025,2024021172,2025-03-30,WPG,VAN,1,0.568448,0.431552,WPG,1,single,season_regime,middle,hybrid_exponential,1.0,650.0,0.1,True,hybrid_exponential,1.0,650.0,0.1,True
logistic_engineered,20232024,20242025,20242025,2024021173,2025-03-30,CHI,UTA,0,0.513064,0.486936,CHI,0,single,season_regime,middle,hybrid_exponential,1.0,650.0,0.1,True,hybrid_exponential,1.0,650.0,0.1,True
logistic_engineered,20232024,20242025,20242025,2024021174,2025-03-30,PIT,OTT,1,0.648552,0.351448,PIT,1,single,season_regime,middle,hybrid_exponential,1.0,650.0,0.1,True,hybrid_exponential,1.0,650.0,0.1,True
logistic_engineered,20232024,20242025,20242025,2024021175,2025-03-30,CAR,NYI,1,0.667572,0.332428,CAR,1,single,season_regime,middle,hybrid_exponential,1.0,650.0,0.1,True,hybrid_exponential,1.0,650.0,0.1,True
logistic_engineered,20232024,20242025,20242025,2024021176,2025-03-30,ANA,TOR,0,0.426231,0.573769,TOR,1,single,season_regime,middle,hybrid_exponential,1.0,650.0,0.1,True,hybrid_exponential,1.0,650.0,0.1,True
logistic_engineered,20232024,20242025,20242025,2024021177,2025-03-30,LAK,SJS,1,0.718568,0.281432,LAK,1,single,season_regime,middle,hybrid_exponential,1.0,650.0,0.1,True,hybrid_exponential,1.0,650.0,0.1,True
logistic_engineered,20232024,20242025,20242025,2024021178,2025-03-31,NJD,MIN,1,0.467456,0.532544,MIN,0,single,season_regime,middle,hybrid_exponential,1.0,650.0,0.1,True,hybrid_exponential,1.0,650.0,0.1,True
logistic_engineered,20232024,20242025,20242025,2024021179,2025-03-31,PHI,NSH,1,0.535709,0.464291,PHI,1,single,season_regime,middle,hybrid_exponential,1.0,650.0,0.1,True,hybrid_exponential,1.0,650.0,0.1,True
logistic_engineered,20232024,20242025,20242025,2024021180,2025-03-31,COL,CGY,0,0.627195,0.372805,COL,0,single,season_regime,middle,hybrid_exponential,1.0,650.0,0.1,True,hybrid_exponential,1.0,650.0,0.1,True
logistic_engineered,20232024,20242025,20242025,2024021181,2025-03-31,SEA,DAL,0,0.42273,0.57727,DAL,1,single,season_regime,middle,hybrid_exponential,1.0,650.0,0.1,True,hybrid_exponential,1.0,650.0,0.1,True
logistic_engineered,20232024,20242025,20242025,2024021182,2025-04-01,BOS,WSH,0,0.568924,0.431076,BOS,0,single,season_regime,middle,hybrid_exponential,1.0,650.0,0.1,True,hybrid_exponential,1.0,650.0,0.1,True
logistic_engineered,20232024,20242025,20242025,2024021183,2025-04-01,MTL,FLA,1,0.437812,0.562188,FLA,0,single,season_regime,middle,hybrid_exponential,1.0,650.0,0.1,True,hybrid_exponential,1.0,650.0,0.1,True
logistic_engineered,20232024,20242025,20242025,2024021184,2025-04-01,OTT,BUF,0,0.482466,0.517534,BUF,1,single,season_regime,middle,hybrid_exponential,1.0,650.0,0.1,True,hybrid_exponential,1.0,650.0,0.1,True
logistic_engineered,20232024,20242025,20242025,2024021185,2025-04-01,CBJ,NSH,1,0.71977,0.28023,CBJ,1,single,season_regime,middle,hybrid_exponential,1.0,650.0,0.1,True,hybrid_exponential,1.0,650.0,0.1,True
logistic_engineered,20232024,20242025,20242025,2024021186,2025-04-01,NYI,TBL,0,0.421078,0.578922,TBL,1,single,season_regime,middle,hybrid_exponential,1.0,650.0,0.1,True,hybrid_exponential,1.0,650.0,0.1,True
logistic_engineered,20232024,20242025,20242025,2024021187,2025-04-01,STL,DET,1,0.617648,0.382352,STL,1,single,season_regime,middle,hybrid_exponential,1.0,650.0,0.1,True,hybrid_exponential,1.0,650.0,0.1,True
logistic_engineered,20232024,20242025,20242025,2024021188,2025-04-01,UTA,CGY,1,0.565244,0.434756,UTA,1,single,season_regime,middle,hybrid_exponential,1.0,650.0,0.1,True,hybrid_exponential,1.0,650.0,0.1,True
logistic_engineered,20232024,20242025,20242025,2024021189,2025-04-01,VGK,EDM,0,0.510663,0.489337,VGK,0,single,season_regime,middle,hybrid_exponential,1.0,650.0,0.1,True,hybrid_exponential,1.0,650.0,0.1,True
logistic_engineered,20232024,20242025,20242025,2024021190,2025-04-01,ANA,SJS,1,0.67282,0.32718,ANA,1,single,season_regime,middle,hybrid_exponential,1.0,650.0,0.1,True,hybrid_exponential,1.0,650.0,0.1,True
logistic_engineered,20232024,20242025,20242025,2024021191,2025-04-01,LAK,WPG,1,0.425257,0.574743,WPG,0,single,season_regime,middle,hybrid_exponential,1.0,650.0,0.1,True,hybrid_exponential,1.0,650.0,0.1,True
logistic_engineered,20232024,20242025,20242025,2024021192,2025-04-02,NYR,MIN,1,0.647697,0.352303,NYR,1,single,season_regime,middle,hybrid_exponential,1.0,650.0,0.1,True,hybrid_exponential,1.0,650.0,0.1,True
logistic_engineered,20232024,20242025,20242025,2024021193,2025-04-02,CAR,WSH,1,0.80238,0.19762,CAR,1,single,season_regime,middle,hybrid_exponential,1.0,650.0,0.1,True,hybrid_exponential,1.0,650.0,0.1,True
logistic_engineered,20232024,20242025,20242025,2024021194,2025-04-02,TOR,FLA,1,0.583209,0.416791,TOR,1,single,season_regime,middle,hybrid_exponential,1.0,650.0,0.1,True,hybrid_exponential,1.0,650.0,0.1,True
logistic_engineered,20232024,20242025,20242025,2024021195,2025-04-02,CHI,COL,0,0.357185,0.642815,COL,1,single,season_regime,middle,hybrid_exponential,1.0,650.0,0.1,True,hybrid_exponential,1.0,650.0,0.1,True
logistic_engineered,20232024,20242025,20242025,2024021196,2025-04-02,VAN,SEA,0,0.631185,0.368815,VAN,0,single,season_regime,middle,hybrid_exponential,1.0,650.0,0.1,True,hybrid_exponential,1.0,650.0,0.1,True
logistic_engineered,20232024,20242025,20242025,2024021197,2025-04-03,MTL,BOS,1,0.507697,0.492303,MTL,1,single,season_regime,middle,hybrid_exponential,1.0,650.0,0.1,True,hybrid_exponential,1.0,650.0,0.1,True
logistic_engineered,20232024,20242025,20242025,2024021198,2025-04-03,OTT,TBL,1,0.506138,0.493862,OTT,1,single,season_regime,middle,hybrid_exponential,1.0,650.0,0.1,True,hybrid_exponential,1.0,650.0,0.1,True
logistic_engineered,20232024,20242025,20242025,2024021199,2025-04-03,CBJ,COL,0,0.249047,0.750953,COL,1,single,season_regime,middle,hybrid_exponential,1.0,650.0,0.1,True,hybrid_exponential,1.0,650.0,0.1,True
logistic_engineered,20232024,20242025,20242025,2024021200,2025-04-03,STL,PIT,1,0.565213,0.434787,STL,1,single,season_regime,middle,hybrid_exponential,1.0,650.0,0.1,True,hybrid_exponential,1.0,650.0,0.1,True
logistic_engineered,20232024,20242025,20242025,2024021201,2025-04-03,DAL,NSH,1,0.607448,0.392552,DAL,1,single,season_regime,middle,hybrid_exponential,1.0,650.0,0.1,True,hybrid_exponential,1.0,650.0,0.1,True
logistic_engineered,20232024,20242025,20242025,2024021202,2025-04-03,UTA,LAK,0,0.445328,0.554672,LAK,1,single,season_regime,middle,hybrid_exponential,1.0,650.0,0.1,True,hybrid_exponential,1.0,650.0,0.1,True
logistic_engineered,20232024,20242025,20242025,2024021203,2025-04-03,CGY,ANA,1,0.795216,0.204784,CGY,1,single,season_regime,middle,hybrid_exponential,1.0,650.0,0.1,True,hybrid_exponential,1.0,650.0,0.1,True
logistic_engineered,20232024,20242025,20242025,2024021204,2025-04-03,VGK,WPG,0,0.287567,0.712433,WPG,1,single,season_regime,middle,hybrid_exponential,1.0,650.0,0.1,True,hybrid_exponential,1.0,650.0,0.1,True
logistic_engineered,20232024,20242025,20242025,2024021205,2025-04-03,SJS,EDM,0,0.286575,0.713425,EDM,1,single,season_regime,middle,hybrid_exponential,1.0,650.0,0.1,True,hybrid_exponential,1.0,650.0,0.1,True
logistic_engineered,20232024,20242025,20242025,2024021206,2025-04-04,DET,CAR,1,0.439251,0.560749,CAR,0,single,season_regime,middle,hybrid_exponential,1.0,650.0,0.1,True,hybrid_exponential,1.0,650.0,0.1,True
logistic_engineered,20232024,20242025,20242025,2024021207,2025-04-04,WSH,CHI,1,0.71198,0.28802,WSH,1,single,season_regime,middle,hybrid_exponential,1.0,650.0,0.1,True,hybrid_exponential,1.0,650.0,0.1,True
logistic_engineered,20232024,20242025,20242025,2024021208,2025-04-04,NYI,MIN,1,0.529421,0.470579,NYI,1,single,season_regime,middle,hybrid_exponential,1.0,650.0,0.1,True,hybrid_exponential,1.0,650.0,0.1,True
logistic_engineered,20232024,20242025,20242025,2024021209,2025-04-05,NJD,NYR,1,0.444964,0.555036,NYR,0,single,season_regime,middle,hybrid_exponential,1.0,650.0,0.1,True,hybrid_exponential,1.0,650.0,0.1,True
logistic_engineered,20232024,20242025,20242025,2024021210,2025-04-05,OTT,FLA,1,0.404305,0.595695,FLA,0,single,season_regime,middle,hybrid_exponential,1.0,650.0,0.1,True,hybrid_exponential,1.0,650.0,0.1,True
logistic_engineered,20232024,20242025,20242025,2024021211,2025-04-05,DAL,PIT,0,0.676017,0.323983,DAL,0,single,season_regime,middle,hybrid_exponential,1.0,650.0,0.1,True,hybrid_exponential,1.0,650.0,0.1,True
logistic_engineered,20232024,20242025,20242025,2024021212,2025-04-05,VAN,ANA,1,0.667946,0.332054,VAN,1,single,season_regime,middle,hybrid_exponential,1.0,650.0,0.1,True,hybrid_exponential,1.0,650.0,0.1,True
logistic_engineered,20232024,20242025,20242025,2024021213,2025-04-05,LAK,EDM,1,0.51121,0.48879,LAK,1,single,season_regime,middle,hybrid_exponential,1.0,650.0,0.1,True,hybrid_exponential,1.0,650.0,0.1,True
logistic_engineered,20232024,20242025,20242025,2024021214,2025-04-05,BOS,CAR,1,0.52698,0.47302,BOS,1,single,season_regime,middle,hybrid_exponential,1.0,650.0,0.1,True,hybrid_exponential,1.0,650.0,0.1,True
logistic_engineered,20232024,20242025,20242025,2024021215,2025-04-05,BUF,TBL,1,0.575462,0.424538,BUF,1,single,season_regime,middle,hybrid_exponential,1.0,650.0,0.1,True,hybrid_exponential,1.0,650.0,0.1,True
logistic_engineered,20232024,20242025,20242025,2024021216,2025-04-05,TOR,CBJ,1,0.687791,0.312209,TOR,1,single,season_regime,middle,hybrid_exponential,1.0,650.0,0.1,True,hybrid_exponential,1.0,650.0,0.1,True
logistic_engineered,20232024,20242025,20242025,2024021217,2025-04-05,MTL,PHI,1,0.502445,0.497555,MTL,1,single,season_regime,middle,hybrid_exponential,1.0,650.0,0.1,True,hybrid_exponential,1.0,650.0,0.1,True
logistic_engineered,20232024,20242025,20242025,2024021218,2025-04-05,STL,COL,1,0.420274,0.579726,COL,0,single,season_regime,middle,hybrid_exponential,1.0,650.0,0.1,True,hybrid_exponential,1.0,650.0,0.1,True
logistic_engineered,20232024,20242025,20242025,2024021219,2025-04-05,UTA,WPG,1,0.395549,0.604451,WPG,0,single,season_regime,middle,hybrid_exponential,1.0,650.0,0.1,True,hybrid_exponential,1.0,650.0,0.1,True
logistic_engineered,20232024,20242025,20242025,2024021220,2025-04-05,CGY,VGK,0,0.509964,0.490036,CGY,0,single,season_regime,middle,hybrid_exponential,1.0,650.0,0.1,True,hybrid_exponential,1.0,650.0,0.1,True
logistic_engineered,20232024,20242025,20242025,2024021221,2025-04-05,SJS,SEA,0,0.209232,0.790768,SEA,1,single,season_regime,middle,hybrid_exponential,1.0,650.0,0.1,True,hybrid_exponential,1.0,650.0,0.1,True
logistic_engineered,20232024,20242025,20242025,2024021222,2025-04-06,NYI,WSH,1,0.550644,0.449356,NYI,1,single,season_regime,middle,hybrid_exponential,1.0,650.0,0.1,True,hybrid_exponential,1.0,650.0,0.1,True
logistic_engineered,20232024,20242025,20242025,2024021223,2025-04-06,MIN,DAL,1,0.508456,0.491544,MIN,1,single,season_regime,middle,hybrid_exponential,1.0,650.0,0.1,True,hybrid_exponential,1.0,650.0,0.1,True
logistic_engineered,20232024,20242025,20242025,2024021224,2025-04-06,OTT,CBJ,1,0.728924,0.271076,OTT,1,single,season_regime,middle,hybrid_exponential,1.0,650.0,0.1,True,hybrid_exponential,1.0,650.0,0.1,True
logistic_engineered,20232024,20242025,20242025,2024021225,2025-04-06,DET,FLA,1,0.556859,0.443141,DET,1,single,season_regime,middle,hybrid_exponential,1.0,650.0,0.1,True,hybrid_exponential,1.0,650.0,0.1,True
logistic_engineered,20232024,20242025,20242025,2024021226,2025-04-06,BUF,BOS,1,0.532248,0.467752,BUF,1,single,season_regime,middle,hybrid_exponential,1.0,650.0,0.1,True,hybrid_exponential,1.0,650.0,0.1,True
logistic_engineered,20232024,20242025,20242025,2024021227,2025-04-06,CHI,PIT,1,0.498878,0.501122,PIT,0,single,season_regime,middle,hybrid_exponential,1.0,650.0,0.1,True,hybrid_exponential,1.0,650.0,0.1,True
logistic_engineered,20232024,20242025,20242025,2024021228,2025-04-06,NSH,MTL,0,0.704092,0.295908,NSH,0,single,season_regime,middle,hybrid_exponential,1.0,650.0,0.1,True,hybrid_exponential,1.0,650.0,0.1,True
logistic_engineered,20232024,20242025,20242025,2024021229,2025-04-06,VAN,VGK,0,0.483982,0.516018,VGK,1,single,season_regime,middle,hybrid_exponential,1.0,650.0,0.1,True,hybrid_exponential,1.0,650.0,0.1,True
logistic_engineered,20232024,20242025,20242025,2024021230,2025-04-07,NYR,TBL,0,0.536057,0.463943,NYR,0,single,season_regime,middle,hybrid_exponential,1.0,650.0,0.1,True,hybrid_exponential,1.0,650.0,0.1,True
logistic_engineered,20232024,20242025,20242025,2024021231,2025-04-07,WPG,STL,1,0.563478,0.436522,WPG,1,single,season_regime,middle,hybrid_exponential,1.0,650.0,0.1,True,hybrid_exponential,1.0,650.0,0.1,True
logistic_engineered,20232024,20242025,20242025,2024021232,2025-04-07,ANA,EDM,1,0.183881,0.816119,EDM,0,single,season_regime,middle,hybrid_exponential,1.0,650.0,0.1,True,hybrid_exponential,1.0,650.0,0.1,True
logistic_engineered,20232024,20242025,20242025,2024021233,2025-04-07,LAK,SEA,0,0.606012,0.393988,LAK,0,single,season_regime,middle,hybrid_exponential,1.0,650.0,0.1,True,hybrid_exponential,1.0,650.0,0.1,True
logistic_engineered,20232024,20242025,20242025,2024021234,2025-04-07,SJS,CGY,0,0.366737,0.633263,CGY,1,single,season_regime,middle,hybrid_exponential,1.0,650.0,0.1,True,hybrid_exponential,1.0,650.0,0.1,True
logistic_engineered,20232024,20242025,20242025,2024021235,2025-04-08,BUF,CAR,1,0.409422,0.590578,CAR,0,single,season_regime,middle,hybrid_exponential,1.0,650.0,0.1,True,hybrid_exponential,1.0,650.0,0.1,True
logistic_engineered,20232024,20242025,20242025,2024021236,2025-04-08,MTL,DET,1,0.400019,0.599981,DET,0,single,season_regime,middle,hybrid_exponential,1.0,650.0,0.1,True,hybrid_exponential,1.0,650.0,0.1,True
logistic_engineered,20232024,20242025,20242025,2024021237,2025-04-08,FLA,TOR,1,0.408132,0.591868,TOR,0,single,season_regime,middle,hybrid_exponential,1.0,650.0,0.1,True,hybrid_exponential,1.0,650.0,0.1,True
logistic_engineered,20232024,20242025,20242025,2024021238,2025-04-08,NJD,BOS,0,0.255612,0.744388,BOS,1,single,season_regime,middle,hybrid_exponential,1.0,650.0,0.1,True,hybrid_exponential,1.0,650.0,0.1,True
logistic_engineered,20232024,20242025,20242025,2024021239,2025-04-08,CBJ,OTT,1,0.473471,0.526529,OTT,0,single,season_regime,middle,hybrid_exponential,1.0,650.0,0.1,True,hybrid_exponential,1.0,650.0,0.1,True
logistic_engineered,20232024,20242025,20242025,2024021240,2025-04-08,PIT,CHI,1,0.626919,0.373081,PIT,1,single,season_regime,middle,hybrid_exponential,1.0,650.0,0.1,True,hybrid_exponential,1.0,650.0,0.1,True
logistic_engineered,20232024,20242025,20242025,2024021241,2025-04-08,NSH,NYI,1,0.75072,0.24928,NSH,1,single,season_regime,middle,hybrid_exponential,1.0,650.0,0.1,True,hybrid_exponential,1.0,650.0,0.1,True
logistic_engineered,20232024,20242025,20242025,2024021242,2025-04-08,DAL,VAN,0,0.520757,0.479243,DAL,0,single,season_regime,middle,hybrid_exponential,1.0,650.0,0.1,True,hybrid_exponential,1.0,650.0,0.1,True
logistic_engineered,20232024,20242025,20242025,2024021243,2025-04-08,UTA,SEA,1,0.745083,0.254917,UTA,1,single,season_regime,middle,hybrid_exponential,1.0,650.0,0.1,True,hybrid_exponential,1.0,650.0,0.1,True
logistic_engineered,20232024,20242025,20242025,2024021244,2025-04-08,COL,VGK,1,0.594285,0.405715,COL,1,single,season_regime,middle,hybrid_exponential,1.0,650.0,0.1,True,hybrid_exponential,1.0,650.0,0.1,True
logistic_engineered,20232024,20242025,20242025,2024021245,2025-04-09,TBL,TOR,0,0.581903,0.418097,TBL,0,single,season_regime,middle,hybrid_exponential,1.0,650.0,0.1,True,hybrid_exponential,1.0,650.0,0.1,True
logistic_engineered,20232024,20242025,20242025,2024021246,2025-04-09,NYR,PHI,0,0.590423,0.409577,NYR,0,single,season_regime,middle,hybrid_exponential,1.0,650.0,0.1,True,hybrid_exponential,1.0,650.0,0.1,True
logistic_engineered,20232024,20242025,20242025,2024021247,2025-04-09,MIN,SJS,1,0.79432,0.20568,MIN,1,single,season_regime,middle,hybrid_exponential,1.0,650.0,0.1,True,hybrid_exponential,1.0,650.0,0.1,True
logistic_engineered,20232024,20242025,20242025,2024021248,2025-04-09,EDM,STL,1,0.770527,0.229473,EDM,1,single,season_regime,middle,hybrid_exponential,1.0,650.0,0.1,True,hybrid_exponential,1.0,650.0,0.1,True
logistic_engineered,20232024,20242025,20242025,2024021249,2025-04-09,ANA,CGY,1,0.507842,0.492158,ANA,1,single,season_regime,middle,hybrid_exponential,1.0,650.0,0.1,True,hybrid_exponential,1.0,650.0,0.1,True
logistic_engineered,20232024,20242025,20242025,2024021250,2025-04-10,BOS,CHI,0,0.787621,0.212379,BOS,0,single,season_regime,middle,hybrid_exponential,1.0,650.0,0.1,True,hybrid_exponential,1.0,650.0,0.1,True
logistic_engineered,20232024,20242025,20242025,2024021251,2025-04-10,FLA,DET,1,0.636076,0.363924,FLA,1,single,season_regime,middle,hybrid_exponential,1.0,650.0,0.1,True,hybrid_exponential,1.0,650.0,0.1,True
logistic_engineered,20232024,20242025,20242025,2024021252,2025-04-10,WSH,CAR,1,0.522703,0.477297,WSH,1,single,season_regime,middle,hybrid_exponential,1.0,650.0,0.1,True,hybrid_exponential,1.0,650.0,0.1,True
logistic_engineered,20232024,20242025,20242025,2024021253,2025-04-10,CBJ,BUF,1,0.526721,0.473279,CBJ,1,single,season_regime,middle,hybrid_exponential,1.0,650.0,0.1,True,hybrid_exponential,1.0,650.0,0.1,True
logistic_engineered,20232024,20242025,20242025,2024021254,2025-04-10,NYI,NYR,0,0.374887,0.625113,NYR,1,single,season_regime,middle,hybrid_exponential,1.0,650.0,0.1,True,hybrid_exponential,1.0,650.0,0.1,True
logistic_engineered,20232024,20242025,20242025,2024021255,2025-04-10,DAL,WPG,0,0.575539,0.424461,DAL,0,single,season_regime,middle,hybrid_exponential,1.0,650.0,0.1,True,hybrid_exponential,1.0,650.0,0.1,True
logistic_engineered,20232024,20242025,20242025,2024021256,2025-04-10,COL,VAN,0,0.505234,0.494766,COL,0,single,season_regime,middle,hybrid_exponential,1.0,650.0,0.1,True,hybrid_exponential,1.0,650.0,0.1,True
logistic_engineered,20232024,20242025,20242025,2024021257,2025-04-10,UTA,NSH,0,0.493604,0.506396,NSH,1,single,season_regime,middle,hybrid_exponential,1.0,650.0,0.1,True,hybrid_exponential,1.0,650.0,0.1,True
logistic_engineered,20232024,20242025,20242025,2024021258,2025-04-10,VGK,SEA,1,0.612823,0.387177,VGK,1,single,season_regime,middle,hybrid_exponential,1.0,650.0,0.1,True,hybrid_exponential,1.0,650.0,0.1,True
logistic_engineered,20232024,20242025,20242025,2024021259,2025-04-10,LAK,ANA,1,0.748308,0.251692,LAK,1,single,season_regime,middle,hybrid_exponential,1.0,650.0,0.1,True,hybrid_exponential,1.0,650.0,0.1,True
logistic_engineered,20232024,20242025,20242025,2024021260,2025-04-11,OTT,MTL,1,0.564912,0.435088,OTT,1,single,season_regime,middle,hybrid_exponential,1.0,650.0,0.1,True,hybrid_exponential,1.0,650.0,0.1,True
logistic_engineered,20232024,20242025,20242025,2024021261,2025-04-11,TBL,DET,0,0.63082,0.36918,TBL,0,single,season_regime,middle,hybrid_exponential,1.0,650.0,0.1,True,hybrid_exponential,1.0,650.0,0.1,True
logistic_engineered,20232024,20242025,20242025,2024021262,2025-04-11,NJD,PIT,0,0.60016,0.39984,NJD,0,single,season_regime,middle,hybrid_exponential,1.0,650.0,0.1,True,hybrid_exponential,1.0,650.0,0.1,True
logistic_engineered,20232024,20242025,20242025,2024021263,2025-04-11,EDM,SJS,1,0.800535,0.199465,EDM,1,single,season_regime,middle,hybrid_exponential,1.0,650.0,0.1,True,hybrid_exponential,1.0,650.0,0.1,True
logistic_engineered,20232024,20242025,20242025,2024021264,2025-04-11,CGY,MIN,1,0.731629,0.268371,CGY,1,single,season_regime,middle,hybrid_exponential,1.0,650.0,0.1,True,hybrid_exponential,1.0,650.0,0.1,True
logistic_engineered,20232024,20242025,20242025,2024021265,2025-04-12,PHI,NYI,1,0.569861,0.430139,PHI,1,single,season_regime,middle,hybrid_exponential,1.0,650.0,0.1,True,hybrid_exponential,1.0,650.0,0.1,True
logistic_engineered,20232024,20242025,20242025,2024021266,2025-04-12,CAR,NYR,1,0.518284,0.481716,CAR,1,single,season_regime,middle,hybrid_exponential,1.0,650.0,0.1,True,hybrid_exponential,1.0,650.0,0.1,True
logistic_engineered,20232024,20242025,20242025,2024021267,2025-04-12,LAK,COL,1,0.521174,0.478826,LAK,1,single,season_regime,middle,hybrid_exponential,1.0,650.0,0.1,True,hybrid_exponential,1.0,650.0,0.1,True
logistic_engineered,20232024,20242025,20242025,2024021268,2025-04-12,FLA,BUF,1,0.533861,0.466139,FLA,1,single,season_regime,middle,hybrid_exponential,1.0,650.0,0.1,True,hybrid_exponential,1.0,650.0,0.1,True
logistic_engineered,20232024,20242025,20242025,2024021269,2025-04-12,TOR,MTL,1,0.878626,0.121374,TOR,1,single,season_regime,middle,hybrid_exponential,1.0,650.0,0.1,True,hybrid_exponential,1.0,650.0,0.1,True
logistic_engineered,20232024,20242025,20242025,2024021270,2025-04-12,CBJ,WSH,1,0.487469,0.512531,WSH,0,single,season_regime,middle,hybrid_exponential,1.0,650.0,0.1,True,hybrid_exponential,1.0,650.0,0.1,True
logistic_engineered,20232024,20242025,20242025,2024021271,2025-04-12,CHI,WPG,0,0.297037,0.702963,WPG,1,single,season_regime,middle,hybrid_exponential,1.0,650.0,0.1,True,hybrid_exponential,1.0,650.0,0.1,True
logistic_engineered,20232024,20242025,20242025,2024021272,2025-04-12,DAL,UTA,0,0.688038,0.311962,DAL,0,single,season_regime,middle,hybrid_exponential,1.0,650.0,0.1,True,hybrid_exponential,1.0,650.0,0.1,True
logistic_engineered,20232024,20242025,20242025,2024021273,2025-04-12,VAN,MIN,0,0.68967,0.31033,VAN,0,single,season_regime,middle,hybrid_exponential,1.0,650.0,0.1,True,hybrid_exponential,1.0,650.0,0.1,True
logistic_engineered,20232024,20242025,20242025,2024021274,2025-04-12,VGK,NSH,1,0.583167,0.416833,VGK,1,single,season_regime,middle,hybrid_exponential,1.0,650.0,0.1,True,hybrid_exponential,1.0,650.0,0.1,True
logistic_engineered,20232024,20242025,20242025,2024021275,2025-04-12,SEA,STL,1,0.489117,0.510883,STL,0,single,season_regime,middle,hybrid_exponential,1.0,650.0,0.1,True,hybrid_exponential,1.0,650.0,0.1,True
logistic_engineered,20232024,20242025,20242025,2024021276,2025-04-13,OTT,PHI,1,0.560493,0.439507,OTT,1,single,season_regime,middle,hybrid_exponential,1.0,650.0,0.1,True,hybrid_exponential,1.0,650.0,0.1,True
logistic_engineered,20232024,20242025,20242025,2024021277,2025-04-13,NJD,NYI,0,0.610234,0.389766,NJD,0,single,season_regime,middle,hybrid_exponential,1.0,650.0,0.1,True,hybrid_exponential,1.0,650.0,0.1,True
logistic_engineered,20232024,20242025,20242025,2024021278,2025-04-13,PIT,BOS,0,0.503535,0.496465,PIT,0,single,season_regime,middle,hybrid_exponential,1.0,650.0,0.1,True,hybrid_exponential,1.0,650.0,0.1,True
logistic_engineered,20232024,20242025,20242025,2024021279,2025-04-13,CAR,TOR,0,0.480242,0.519758,TOR,1,single,season_regime,middle,hybrid_exponential,1.0,650.0,0.1,True,hybrid_exponential,1.0,650.0,0.1,True
logistic_engineered,20232024,20242025,20242025,2024021280,2025-04-13,TBL,BUF,1,0.627271,0.372729,TBL,1,single,season_regime,middle,hybrid_exponential,1.0,650.0,0.1,True,hybrid_exponential,1.0,650.0,0.1,True
logistic_engineered,20232024,20242025,20242025,2024021281,2025-04-13,WSH,CBJ,0,0.523586,0.476414,WSH,0,single,season_regime,middle,hybrid_exponential,1.0,650.0,0.1,True,hybrid_exponential,1.0,650.0,0.1,True
logistic_engineered,20232024,20242025,20242025,2024021282,2025-04-13,WPG,EDM,0,0.39539,0.60461,EDM,1,single,season_regime,middle,hybrid_exponential,1.0,650.0,0.1,True,hybrid_exponential,1.0,650.0,0.1,True
logistic_engineered,20232024,20242025,20242025,2024021283,2025-04-13,CGY,SJS,1,0.740615,0.259385,CGY,1,single,season_regime,middle,hybrid_exponential,1.0,650.0,0.1,True,hybrid_exponential,1.0,650.0,0.1,True
logistic_engineered,20232024,20242025,20242025,2024021284,2025-04-13,ANA,COL,0,0.585974,0.414026,ANA,0,single,season_regime,middle,hybrid_exponential,1.0,650.0,0.1,True,hybrid_exponential,1.0,650.0,0.1,True
logistic_engineered,20232024,20242025,20242025,2024021285,2025-04-14,MTL,CHI,0,0.69534,0.30466,MTL,0,single,season_regime,middle,hybrid_exponential,1.0,650.0,0.1,True,hybrid_exponential,1.0,650.0,0.1,True
logistic_engineered,20232024,20242025,20242025,2024021286,2025-04-14,DET,DAL,1,0.464325,0.535675,DAL,0,single,season_regime,middle,hybrid_exponential,1.0,650.0,0.1,True,hybrid_exponential,1.0,650.0,0.1,True
logistic_engineered,20232024,20242025,20242025,2024021287,2025-04-14,FLA,NYR,0,0.473303,0.526697,NYR,1,single,season_regime,middle,hybrid_exponential,1.0,650.0,0.1,True,hybrid_exponential,1.0,650.0,0.1,True
logistic_engineered,20232024,20242025,20242025,2024021288,2025-04-14,NSH,UTA,0,0.57071,0.42929,NSH,0,single,season_regime,middle,hybrid_exponential,1.0,650.0,0.1,True,hybrid_exponential,1.0,650.0,0.1,True
logistic_engineered,20232024,20242025,20242025,2024021289,2025-04-14,EDM,LAK,0,0.593206,0.406794,EDM,0,single,season_regime,middle,hybrid_exponential,1.0,650.0,0.1,True,hybrid_exponential,1.0,650.0,0.1,True
logistic_engineered,20232024,20242025,20242025,2024021290,2025-04-14,VAN,SJS,1,0.871085,0.128915,VAN,1,single,season_regime,middle,hybrid_exponential,1.0,650.0,0.1,True,hybrid_exponential,1.0,650.0,0.1,True
logistic_engineered,20232024,20242025,20242025,2024021291,2025-04-15,BOS,NJD,0,0.666372,0.333628,BOS,0,single,season_regime,middle,hybrid_exponential,1.0,650.0,0.1,True,hybrid_exponential,1.0,650.0,0.1,True
logistic_engineered,20232024,20242025,20242025,2024021292,2025-04-15,BUF,TOR,0,0.406461,0.593539,TOR,1,single,season_regime,middle,hybrid_exponential,1.0,650.0,0.1,True,hybrid_exponential,1.0,650.0,0.1,True
logistic_engineered,20232024,20242025,20242025,2024021293,2025-04-15,OTT,CHI,0,0.682826,0.317174,OTT,0,single,season_regime,middle,hybrid_exponential,1.0,650.0,0.1,True,hybrid_exponential,1.0,650.0,0.1,True
logistic_engineered,20232024,20242025,20242025,2024021294,2025-04-15,TBL,FLA,1,0.675216,0.324784,TBL,1,single,season_regime,middle,hybrid_exponential,1.0,650.0,0.1,True,hybrid_exponential,1.0,650.0,0.1,True
logistic_engineered,20232024,20242025,20242025,2024021295,2025-04-15,PHI,CBJ,0,0.491035,0.508965,CBJ,1,single,season_regime,middle,hybrid_exponential,1.0,650.0,0.1,True,hybrid_exponential,1.0,650.0,0.1,True
logistic_engineered,20232024,20242025,20242025,2024021296,2025-04-15,NYI,WSH,0,0.428565,0.571435,WSH,1,single,season_regime,middle,hybrid_exponential,1.0,650.0,0.1,True,hybrid_exponential,1.0,650.0,0.1,True
logistic_engineered,20232024,20242025,20242025,2024021297,2025-04-15,STL,UTA,1,0.635615,0.364385,STL,1,single,season_regime,middle,hybrid_exponential,1.0,650.0,0.1,True,hybrid_exponential,1.0,650.0,0.1,True
logistic_engineered,20232024,20242025,20242025,2024021298,2025-04-15,MIN,ANA,1,0.552572,0.447428,MIN,1,single,season_regime,middle,hybrid_exponential,1.0,650.0,0.1,True,hybrid_exponential,1.0,650.0,0.1,True
logistic_engineered,20232024,20242025,20242025,2024021299,2025-04-15,CGY,VGK,1,0.515688,0.484312,CGY,1,single,season_regime,middle,hybrid_exponential,1.0,650.0,0.1,True,hybrid_exponential,1.0,650.0,0.1,True
logistic_engineered,20232024,20242025,20242025,2024021300,2025-04-15,SEA,LAK,0,0.589376,0.410624,SEA,0,single,season_regime,middle,hybrid_exponential,1.0,650.0,0.1,True,hybrid_exponential,1.0,650.0,0.1,True
logistic_engineered,20232024,20242025,20242025,2024021301,2025-04-16,MTL,CAR,1,0.469389,0.530611,CAR,0,single,season_regime,middle,hybrid_exponential,1.0,650.0,0.1,True,hybrid_exponential,1.0,650.0,0.1,True
logistic_engineered,20232024,20242025,20242025,2024021302,2025-04-16,WPG,ANA,1,0.743508,0.256492,WPG,1,single,season_regime,middle,hybrid_exponential,1.0,650.0,0.1,True,hybrid_exponential,1.0,650.0,0.1,True
logistic_engineered,20232024,20242025,20242025,2024021303,2025-04-16,NJD,DET,0,0.335443,0.664557,DET,1,single,season_regime,middle,hybrid_exponential,1.0,650.0,0.1,True,hybrid_exponential,1.0,650.0,0.1,True
logistic_engineered,20232024,20242025,20242025,2024021304,2025-04-16,NSH,DAL,1,0.674608,0.325392,NSH,1,single,season_regime,middle,hybrid_exponential,1.0,650.0,0.1,True,hybrid_exponential,1.0,650.0,0.1,True
logistic_engineered,20232024,20242025,20242025,2024021305,2025-04-16,VAN,VGK,0,0.382606,0.617394,VGK,1,single,season_regime,middle,hybrid_exponential,1.0,650.0,0.1,True,hybrid_exponential,1.0,650.0,0.1,True
logistic_engineered,20232024,20242025,20242025,2024021306,2025-04-16,SJS,EDM,0,0.130129,0.869871,EDM,1,single,season_regime,middle,hybrid_exponential,1.0,650.0,0.1,True,hybrid_exponential,1.0,650.0,0.1,True
logistic_engineered,20232024,20242025,20242025,2024020653,2025-04-17,LAK,CGY,0,0.556792,0.443208,LAK,0,single,season_regime,middle,hybrid_exponential,1.0,650.0,0.1,True,hybrid_exponential,1.0,650.0,0.1,True
logistic_engineered,20232024,20242025,20242025,2024021307,2025-04-17,BUF,PHI,1,0.596126,0.403874,BUF,1,single,season_regime,middle,hybrid_exponential,1.0,650.0,0.1,True,hybrid_exponential,1.0,650.0,0.1,True
logistic_engineered,20232024,20242025,20242025,2024021308,2025-04-17,TOR,DET,1,0.676798,0.323202,TOR,1,single,season_regime,middle,hybrid_exponential,1.0,650.0,0.1,True,hybrid_exponential,1.0,650.0,0.1,True
logistic_engineered,20232024,20242025,20242025,2024021309,2025-04-17,OTT,CAR,1,0.474368,0.525632,CAR,0,single,season_regime,middle,hybrid_exponential,1.0,650.0,0.1,True,hybrid_exponential,1.0,650.0,0.1,True
logistic_engineered,20232024,20242025,20242025,2024021310,2025-04-17,NYR,TBL,1,0.547745,0.452255,NYR,1,single,season_regime,middle,hybrid_exponential,1.0,650.0,0.1,True,hybrid_exponential,1.0,650.0,0.1,True
logistic_engineered,20232024,20242025,20242025,2024021311,2025-04-17,PIT,WSH,1,0.556889,0.443111,PIT,1,single,season_regime,middle,hybrid_exponential,1.0,650.0,0.1,True,hybrid_exponential,1.0,650.0,0.1,True
logistic_engineered,20232024,20242025,20242025,2024021312,2025-04-17,CBJ,NYI,1,0.660794,0.339206,CBJ,1,single,season_regime,middle,hybrid_exponential,1.0,650.0,0.1,True,hybrid_exponential,1.0,650.0,0.1,True
logistic_engineered,20242025,20252026,20252026,2025020001,2025-10-07,FLA,CHI,1,0.620706,0.379294,FLA,1,single,season_regime,late,hybrid_exponential,1.25,780.0,0.11,True,hybrid_exponential,1.0,650.0,0.1,True
logistic_engineered,20242025,20252026,20252026,2025020002,2025-10-07,NYR,PIT,0,0.583228,0.416772,NYR,0,single,season_regime,late,hybrid_exponential,1.25,780.0,0.11,True,hybrid_exponential,1.0,650.0,0.1,True
logistic_engineered,20242025,20252026,20252026,2025020003,2025-10-07,LAK,COL,0,0.603607,0.396393,LAK,0,single,season_regime,late,hybrid_exponential,1.25,780.0,0.11,True,hybrid_exponential,1.0,650.0,0.1,True
logistic_engineered,20242025,20252026,20252026,2025020004,2025-10-08,TOR,MTL,1,0.625983,0.374017,TOR,1,single,season_regime,late,hybrid_exponential,1.25,780.0,0.11,True,hybrid_exponential,1.0,650.0,0.1,True
logistic_engineered,20242025,20252026,20252026,2025020005,2025-10-08,WSH,BOS,0,0.649362,0.350638,WSH,0,single,season_regime,late,hybrid_exponential,1.25,780.0,0.11,True,hybrid_exponential,1.0,650.0,0.1,True
logistic_engineered,20242025,20252026,20252026,2025020006,2025-10-08,EDM,CGY,0,0.673929,0.326071,EDM,0,single,season_regime,late,hybrid_exponential,1.25,780.0,0.11,True,hybrid_exponential,1.0,650.0,0.1,True
logistic_engineered,20242025,20252026,20252026,2025020007,2025-10-08,VGK,LAK,0,0.62023,0.37977,VGK,0,single,season_regime,late,hybrid_exponential,1.25,780.0,0.11,True,hybrid_exponential,1.0,650.0,0.1,True
logistic_engineered,20242025,20252026,20252026,2025020008,2025-10-09,BOS,CHI,1,0.581823,0.418177,BOS,1,single,season_regime,late,hybrid_exponential,1.25,780.0,0.11,True,hybrid_exponential,1.0,650.0,0.1,True
logistic_engineered,20242025,20252026,20252026,2025020009,2025-10-09,BUF,NYR,0,0.575267,0.424733,BUF,0,single,season_regime,late,hybrid_exponential,1.25,780.0,0.11,True,hybrid_exponential,1.0,650.0,0.1,True
logistic_engineered,20242025,20252026,20252026,2025020010,2025-10-09,DET,MTL,0,0.587521,0.412479,DET,0,single,season_regime,late,hybrid_exponential,1.25,780.0,0.11,True,hybrid_exponential,1.0,650.0,0.1,True
logistic_engineered,20242025,20252026,20252026,2025020011,2025-10-09,TBL,OTT,0,0.659634,0.340366,TBL,0,single,season_regime,late,hybrid_exponential,1.25,780.0,0.11,True,hybrid_exponential,1.0,650.0,0.1,True
logistic_engineered,20242025,20252026,20252026,2025020012,2025-10-09,FLA,PHI,1,0.542977,0.457023,FLA,1,single,season_regime,late,hybrid_exponential,1.25,780.0,0.11,True,hybrid_exponential,1.0,650.0,0.1,True
logistic_engineered,20242025,20252026,20252026,2025020013,2025-10-09,PIT,NYI,1,0.658551,0.341449,PIT,1,single,season_regime,late,hybrid_exponential,1.25,780.0,0.11,True,hybrid_exponential,1.0,650.0,0.1,True
logistic_engineered,20242025,20252026,20252026,2025020014,2025-10-09,CAR,NJD,1,0.598097,0.401903,CAR,1,single,season_regime,late,hybrid_exponential,1.25,780.0,0.11,True,hybrid_exponential,1.0,650.0,0.1,True
logistic_engineered,20242025,20252026,20252026,2025020015,2025-10-09,STL,MIN,0,0.649144,0.350856,STL,0,single,season_regime,late,hybrid_exponential,1.25,780.0,0.11,True,hybrid_exponential,1.0,650.0,0.1,True
logistic_engineered,20242025,20252026,20252026,2025020016,2025-10-09,NSH,CBJ,1,0.41495,0.58505,CBJ,0,single,season_regime,late,hybrid_exponential,1.25,780.0,0.11,True,hybrid_exponential,1.0,650.0,0.1,True
logistic_engineered,20242025,20252026,20252026,2025020017,2025-10-09,WPG,DAL,0,0.59216,0.40784,WPG,0,single,season_regime,late,hybrid_exponential,1.25,780.0,0.11,True,hybrid_exponential,1.0,650.0,0.1,True
logistic_engineered,20242025,20252026,20252026,2025020018,2025-10-09,COL,UTA,1,0.629486,0.370514,COL,1,single,season_regime,late,hybrid_exponential,1.25,780.0,0.11,True,hybrid_exponential,1.0,650.0,0.1,True
logistic_engineered,20242025,20252026,20252026,2025020019,2025-10-09,VAN,CGY,1,0.636259,0.363741,VAN,1,single,season_regime,late,hybrid_exponential,1.25,780.0,0.11,True,hybrid_exponential,1.0,650.0,0.1,True
logistic_engineered,20242025,20252026,20252026,2025020020,2025-10-09,SJS,VGK,0,0.56393,0.43607,SJS,0,single,season_regime,late,hybrid_exponential,1.25,780.0,0.11,True,hybrid_exponential,1.0,650.0,0.1,True
logistic_engineered,20242025,20252026,20252026,2025020021,2025-10-09,SEA,ANA,1,0.595152,0.404848,SEA,1,single,season_regime,late,hybrid_exponential,1.25,780.0,0.11,True,hybrid_exponential,1.0,650.0,0.1,True
logistic_engineered,20242025,20252026,20252026,2025020022,2025-10-11,WPG,LAK,1,0.54474,0.45526,WPG,1,single,season_regime,late,hybrid_exponential,1.25,780.0,0.11,True,hybrid_exponential,1.0,650.0,0.1,True
logistic_engineered,20242025,20252026,20252026,2025020023,2025-10-11,CGY,STL,0,0.559072,0.440928,CGY,0,single,season_regime,late,hybrid_exponential,1.25,780.0,0.11,True,hybrid_exponential,1.0,650.0,0.1,True
logistic_engineered,20242025,20252026,20252026,2025020024,2025-10-11,BOS,BUF,1,0.6349,0.3651,BOS,1,single,season_regime,late,hybrid_exponential,1.25,780.0,0.11,True,hybrid_exponential,1.0,650.0,0.1,True
logistic_engineered,20242025,20252026,20252026,2025020025,2025-10-11,DET,TOR,1,0.350583,0.649417,TOR,0,single,season_regime,late,hybrid_exponential,1.25,780.0,0.11,True,hybrid_exponential,1.0,650.0,0.1,True
logistic_engineered,20242025,20252026,20252026,2025020026,2025-10-11,TBL,NJD,0,0.729442,0.270558,TBL,0,single,season_regime,late,hybrid_exponential,1.25,780.0,0.11,True,hybrid_exponential,1.0,650.0,0.1,True
logistic_engineered,20242025,20252026,20252026,2025020027,2025-10-11,FLA,OTT,1,0.548338,0.451662,FLA,1,single,season_regime,late,hybrid_exponential,1.25,780.0,0.11,True,hybrid_exponential,1.0,650.0,0.1,True
logistic_engineered,20242025,20252026,20252026,2025020028,2025-10-11,NYI,WSH,0,0.503006,0.496994,NYI,0,single,season_regime,late,hybrid_exponential,1.25,780.0,0.11,True,hybrid_exponential,1.0,650.0,0.1,True
logistic_engineered,20242025,20252026,20252026,2025020029,2025-10-11,PIT,NYR,0,0.655593,0.344407,PIT,0,single,season_regime,late,hybrid_exponential,1.25,780.0,0.11,True,hybrid_exponential,1.0,650.0,0.1,True
logistic_engineered,20242025,20252026,20252026,2025020030,2025-10-11,CAR,PHI,1,0.784178,0.215822,CAR,1,single,season_regime,late,hybrid_exponential,1.25,780.0,0.11,True,hybrid_exponential,1.0,650.0,0.1,True
logistic_engineered,20242025,20252026,20252026,2025020031,2025-10-11,CHI,MTL,0,0.402538,0.597462,MTL,1,single,season_regime,late,hybrid_exponential,1.25,780.0,0.11,True,hybrid_exponential,1.0,650.0,0.1,True
logistic_engineered,20242025,20252026,20252026,2025020032,2025-10-11,NSH,UTA,0,0.655694,0.344306,NSH,0,single,season_regime,late,hybrid_exponential,1.25,780.0,0.11,True,hybrid_exponential,1.0,650.0,0.1,True
logistic_engineered,20242025,20252026,20252026,2025020033,2025-10-11,MIN,CBJ,0,0.641473,0.358527,MIN,0,single,season_regime,late,hybrid_exponential,1.25,780.0,0.11,True,hybrid_exponential,1.0,650.0,0.1,True
logistic_engineered,20242025,20252026,20252026,2025020034,2025-10-11,COL,DAL,0,0.529075,0.470925,COL,0,single,season_regime,late,hybrid_exponential,1.25,780.0,0.11,True,hybrid_exponential,1.0,650.0,0.1,True
logistic_engineered,20242025,20252026,20252026,2025020035,2025-10-11,EDM,VAN,1,0.476127,0.523873,VAN,0,single,season_regime,late,hybrid_exponential,1.25,780.0,0.11,True,hybrid_exponential,1.0,650.0,0.1,True
logistic_engineered,20242025,20252026,20252026,2025020036,2025-10-11,SJS,ANA,0,0.59807,0.40193,SJS,0,single,season_regime,late,hybrid_exponential,1.25,780.0,0.11,True,hybrid_exponential,1.0,650.0,0.1,True
logistic_engineered,20242025,20252026,20252026,2025020037,2025-10-11,SEA,VGK,1,0.596706,0.403294,SEA,1,single,season_regime,late,hybrid_exponential,1.25,780.0,0.11,True,hybrid_exponential,1.0,650.0,0.1,True
logistic_engineered,20242025,20252026,20252026,2025020038,2025-10-12,NYR,WSH,0,0.541527,0.458473,NYR,0,single,season_regime,late,hybrid_exponential,1.25,780.0,0.11,True,hybrid_exponential,1.0,650.0,0.1,True
logistic_engineered,20242025,20252026,20252026,2025020039,2025-10-13,BUF,COL,0,0.35548,0.64452,COL,1,single,season_regime,late,hybrid_exponential,1.25,780.0,0.11,True,hybrid_exponential,1.0,650.0,0.1,True
logistic_engineered,20242025,20252026,20252026,2025020040,2025-10-13,BOS,TBL,0,0.555265,0.444735,BOS,0,single,season_regime,late,hybrid_exponential,1.25,780.0,0.11,True,hybrid_exponential,1.0,650.0,0.1,True
logistic_engineered,20242025,20252026,20252026,2025020041,2025-10-13,OTT,NSH,0,0.537973,0.462027,OTT,0,single,season_regime,late,hybrid_exponential,1.25,780.0,0.11,True,hybrid_exponential,1.0,650.0,0.1,True
logistic_engineered,20242025,20252026,20252026,2025020042,2025-10-13,NYI,WPG,0,0.400052,0.599948,WPG,1,single,season_regime,late,hybrid_exponential,1.25,780.0,0.11,True,hybrid_exponential,1.0,650.0,0.1,True
logistic_engineered,20242025,20252026,20252026,2025020043,2025-10-13,TOR,DET,0,0.566727,0.433273,TOR,0,single,season_regime,late,hybrid_exponential,1.25,780.0,0.11,True,hybrid_exponential,1.0,650.0,0.1,True
logistic_engineered,20242025,20252026,20252026,2025020044,2025-10-13,PHI,FLA,1,0.413686,0.586314,FLA,0,single,season_regime,late,hybrid_exponential,1.25,780.0,0.11,True,hybrid_exponential,1.0,650.0,0.1,True
logistic_engineered,20242025,20252026,20252026,2025020045,2025-10-13,CBJ,NJD,0,0.873569,0.126431,CBJ,0,single,season_regime,late,hybrid_exponential,1.25,780.0,0.11,True,hybrid_exponential,1.0,650.0,0.1,True
logistic_engineered,20242025,20252026,20252026,2025020046,2025-10-13,VAN,STL,0,0.569039,0.430961,VAN,0,single,season_regime,late,hybrid_exponential,1.25,780.0,0.11,True,hybrid_exponential,1.0,650.0,0.1,True
logistic_engineered,20242025,20252026,20252026,2025020047,2025-10-13,MIN,LAK,1,0.50113,0.49887,MIN,1,single,season_regime,late,hybrid_exponential,1.25,780.0,0.11,True,hybrid_exponential,1.0,650.0,0.1,True
logistic_engineered,20242025,20252026,20252026,2025020048,2025-10-13,CHI,UTA,1,0.418315,0.581685,UTA,0,single,season_regime,late,hybrid_exponential,1.25,780.0,0.11,True,hybrid_exponential,1.0,650.0,0.1,True
logistic_engineered,20242025,20252026,20252026,2025020049,2025-10-14,TOR,NSH,1,0.517889,0.482111,TOR,1,single,season_regime,late,hybrid_exponential,1.25,780.0,0.11,True,hybrid_exponential,1.0,650.0,0.1,True
logistic_engineered,20242025,20252026,20252026,2025020050,2025-10-14,MTL,SEA,1,0.634631,0.365369,MTL,1,single,season_regime,late,hybrid_exponential,1.25,780.0,0.11,True,hybrid_exponential,1.0,650.0,0.1,True
logistic_engineered,20242025,20252026,20252026,2025020051,2025-10-14,NYR,EDM,0,0.521058,0.478942,NYR,0,single,season_regime,late,hybrid_exponential,1.25,780.0,0.11,True,hybrid_exponential,1.0,650.0,0.1,True
logistic_engineered,20242025,20252026,20252026,2025020052,2025-10-14,WSH,TBL,1,0.512963,0.487037,WSH,1,single,season_regime,late,hybrid_exponential,1.25,780.0,0.11,True,hybrid_exponential,1.0,650.0,0.1,True
logistic_engineered,20242025,20252026,20252026,2025020053,2025-10-14,CGY,VGK,0,0.787344,0.212656,CGY,0,single,season_regime,late,hybrid_exponential,1.25,780.0,0.11,True,hybrid_exponential,1.0,650.0,0.1,True
logistic_engineered,20242025,20252026,20252026,2025020054,2025-10-14,DAL,MIN,1,0.710014,0.289986,DAL,1,single,season_regime,late,hybrid_exponential,1.25,780.0,0.11,True,hybrid_exponential,1.0,650.0,0.1,True
logistic_engineered,20242025,20252026,20252026,2025020055,2025-10-14,SJS,CAR,0,0.311563,0.688437,CAR,1,single,season_regime,late,hybrid_exponential,1.25,780.0,0.11,True,hybrid_exponential,1.0,650.0,0.1,True
logistic_engineered,20242025,20252026,20252026,2025020056,2025-10-14,ANA,PIT,1,0.584968,0.415032,ANA,1,single,season_regime,late,hybrid_exponential,1.25,780.0,0.11,True,hybrid_exponential,1.0,650.0,0.1,True
logistic_engineered,20242025,20252026,20252026,2025020057,2025-10-15,BUF,OTT,1,0.443057,0.556943,OTT,0,single,season_regime,late,hybrid_exponential,1.25,780.0,0.11,True,hybrid_exponential,1.0,650.0,0.1,True
logistic_engineered,20242025,20252026,20252026,2025020058,2025-10-15,DET,FLA,1,0.684874,0.315126,DET,1,single,season_regime,late,hybrid_exponential,1.25,780.0,0.11,True,hybrid_exponential,1.0,650.0,0.1,True
logistic_engineered,20242025,20252026,20252026,2025020059,2025-10-15,STL,CHI,0,0.318182,0.681818,CHI,1,single,season_regime,late,hybrid_exponential,1.25,780.0,0.11,True,hybrid_exponential,1.0,650.0,0.1,True
logistic_engineered,20242025,20252026,20252026,2025020060,2025-10-15,UTA,CGY,1,0.762343,0.237657,UTA,1,single,season_regime,late,hybrid_exponential,1.25,780.0,0.11,True,hybrid_exponential,1.0,650.0,0.1,True
logistic_engineered,20242025,20252026,20252026,2025020061,2025-10-16,TOR,NYR,1,0.529355,0.470645,TOR,1,single,season_regime,late,hybrid_exponential,1.25,780.0,0.11,True,hybrid_exponential,1.0,650.0,0.1,True
logistic_engineered,20242025,20252026,20252026,2025020062,2025-10-16,MTL,NSH,1,0.610889,0.389111,MTL,1,single,season_regime,late,hybrid_exponential,1.25,780.0,0.11,True,hybrid_exponential,1.0,650.0,0.1,True
logistic_engineered,20242025,20252026,20252026,2025020063,2025-10-16,OTT,SEA,1,0.467979,0.532021,SEA,0,single,season_regime,late,hybrid_exponential,1.25,780.0,0.11,True,hybrid_exponential,1.0,650.0,0.1,True
logistic_engineered,20242025,20252026,20252026,2025020064,2025-10-16,NJD,FLA,1,0.623662,0.376338,NJD,1,single,season_regime,late,hybrid_exponential,1.25,780.0,0.11,True,hybrid_exponential,1.0,650.0,0.1,True
logistic_engineered,20242025,20252026,20252026,2025020065,2025-10-16,NYI,EDM,1,0.36021,0.63979,EDM,0,single,season_regime,late,hybrid_exponential,1.25,780.0,0.11,True,hybrid_exponential,1.0,650.0,0.1,True
logistic_engineered,20242025,20252026,20252026,2025020066,2025-10-16,PHI,WPG,0,0.455349,0.544651,WPG,1,single,season_regime,late,hybrid_exponential,1.25,780.0,0.11,True,hybrid_exponential,1.0,650.0,0.1,True
logistic_engineered,20242025,20252026,20252026,2025020067,2025-10-16,CBJ,COL,0,0.543945,0.456055,CBJ,0,single,season_regime,late,hybrid_exponential,1.25,780.0,0.11,True,hybrid_exponential,1.0,650.0,0.1,True
logistic_engineered,20242025,20252026,20252026,2025020068,2025-10-16,DAL,VAN,0,0.794767,0.205233,DAL,0,single,season_regime,late,hybrid_exponential,1.25,780.0,0.11,True,hybrid_exponential,1.0,650.0,0.1,True
logistic_engineered,20242025,20252026,20252026,2025020069,2025-10-16,VGK,BOS,1,0.548757,0.451243,VGK,1,single,season_regime,late,hybrid_exponential,1.25,780.0,0.11,True,hybrid_exponential,1.0,650.0,0.1,True
logistic_engineered,20242025,20252026,20252026,2025020070,2025-10-16,ANA,CAR,0,0.431248,0.568752,CAR,1,single,season_regime,late,hybrid_exponential,1.25,780.0,0.11,True,hybrid_exponential,1.0,650.0,0.1,True
logistic_engineered,20242025,20252026,20252026,2025020071,2025-10-16,LAK,PIT,0,0.691209,0.308791,LAK,0,single,season_regime,late,hybrid_exponential,1.25,780.0,0.11,True,hybrid_exponential,1.0,650.0,0.1,True
logistic_engineered,20242025,20252026,20252026,2025020072,2025-10-17,DET,TBL,1,0.579261,0.420739,DET,1,single,season_regime,late,hybrid_exponential,1.25,780.0,0.11,True,hybrid_exponential,1.0,650.0,0.1,True
logistic_engineered,20242025,20252026,20252026,2025020073,2025-10-17,WSH,MIN,1,0.682847,0.317153,WSH,1,single,season_regime,late,hybrid_exponential,1.25,780.0,0.11,True,hybrid_exponential,1.0,650.0,0.1,True
logistic_engineered,20242025,20252026,20252026,2025020074,2025-10-17,CHI,VAN,0,0.669677,0.330323,CHI,0,single,season_regime,late,hybrid_exponential,1.25,780.0,0.11,True,hybrid_exponential,1.0,650.0,0.1,True
logistic_engineered,20242025,20252026,20252026,2025020075,2025-10-17,UTA,SJS,1,0.728349,0.271651,UTA,1,single,season_regime,late,hybrid_exponential,1.25,780.0,0.11,True,hybrid_exponential,1.0,650.0,0.1,True
logistic_engineered,20242025,20252026,20252026,2025020076,2025-10-18,BUF,FLA,1,0.526935,0.473065,BUF,1,single,season_regime,late,hybrid_exponential,1.25,780.0,0.11,True,hybrid_exponential,1.0,650.0,0.1,True
logistic_engineered,20242025,20252026,20252026,2025020077,2025-10-18,OTT,NYI,0,0.660047,0.339953,OTT,0,single,season_regime,late,hybrid_exponential,1.25,780.0,0.11,True,hybrid_exponential,1.0,650.0,0.1,True
logistic_engineered,20242025,20252026,20252026,2025020078,2025-10-18,NJD,EDM,1,0.625081,0.374919,NJD,1,single,season_regime,late,hybrid_exponential,1.25,780.0,0.11,True,hybrid_exponential,1.0,650.0,0.1,True
logistic_engineered,20242025,20252026,20252026,2025020079,2025-10-18,TOR,SEA,0,0.734743,0.265257,TOR,0,single,season_regime,late,hybrid_exponential,1.25,780.0,0.11,True,hybrid_exponential,1.0,650.0,0.1,True
logistic_engineered,20242025,20252026,20252026,2025020080,2025-10-18,MTL,NYR,0,0.588929,0.411071,MTL,0,single,season_regime,late,hybrid_exponential,1.25,780.0,0.11,True,hybrid_exponential,1.0,650.0,0.1,True
logistic_engineered,20242025,20252026,20252026,2025020081,2025-10-18,PHI,MIN,1,0.565738,0.434262,PHI,1,single,season_regime,late,hybrid_exponential,1.25,780.0,0.11,True,hybrid_exponential,1.0,650.0,0.1,True
logistic_engineered,20242025,20252026,20252026,2025020082,2025-10-18,CBJ,TBL,1,0.647082,0.352918,CBJ,1,single,season_regime,late,hybrid_exponential,1.25,780.0,0.11,True,hybrid_exponential,1.0,650.0,0.1,True
logistic_engineered,20242025,20252026,20252026,2025020083,2025-10-18,STL,DAL,1,0.520126,0.479874,STL,1,single,season_regime,late,hybrid_exponential,1.25,780.0,0.11,True,hybrid_exponential,1.0,650.0,0.1,True
logistic_engineered,20242025,20252026,20252026,2025020084,2025-10-18,WPG,NSH,1,0.746455,0.253545,WPG,1,single,season_regime,late,hybrid_exponential,1.25,780.0,0.11,True,hybrid_exponential,1.0,650.0,0.1,True
logistic_engineered,20242025,20252026,20252026,2025020085,2025-10-18,COL,BOS,1,0.705166,0.294834,COL,1,single,season_regime,late,hybrid_exponential,1.25,780.0,0.11,True,hybrid_exponential,1.0,650.0,0.1,True
logistic_engineered,20242025,20252026,20252026,2025020086,2025-10-18,LAK,CAR,0,0.418986,0.581014,CAR,1,single,season_regime,late,hybrid_exponential,1.25,780.0,0.11,True,hybrid_exponential,1.0,650.0,0.1,True
logistic_engineered,20242025,20252026,20252026,2025020087,2025-10-18,VGK,CGY,1,0.884427,0.115573,VGK,1,single,season_regime,late,hybrid_exponential,1.25,780.0,0.11,True,hybrid_exponential,1.0,650.0,0.1,True
logistic_engineered,20242025,20252026,20252026,2025020088,2025-10-18,SJS,PIT,0,0.46069,0.53931,PIT,1,single,season_regime,late,hybrid_exponential,1.25,780.0,0.11,True,hybrid_exponential,1.0,650.0,0.1,True
logistic_engineered,20242025,20252026,20252026,2025020089,2025-10-19,WSH,VAN,0,0.68157,0.31843,WSH,0,single,season_regime,late,hybrid_exponential,1.25,780.0,0.11,True,hybrid_exponential,1.0,650.0,0.1,True
logistic_engineered,20242025,20252026,20252026,2025020090,2025-10-19,DET,EDM,1,0.72613,0.27387,DET,1,single,season_regime,late,hybrid_exponential,1.25,780.0,0.11,True,hybrid_exponential,1.0,650.0,0.1,True
logistic_engineered,20242025,20252026,20252026,2025020091,2025-10-19,CHI,ANA,1,0.571109,0.428891,CHI,1,single,season_regime,late,hybrid_exponential,1.25,780.0,0.11,True,hybrid_exponential,1.0,650.0,0.1,True
logistic_engineered,20242025,20252026,20252026,2025020092,2025-10-19,UTA,BOS,1,0.758907,0.241093,UTA,1,single,season_regime,late,hybrid_exponential,1.25,780.0,0.11,True,hybrid_exponential,1.0,650.0,0.1,True
logistic_engineered,20242025,20252026,20252026,2025020093,2025-10-20,NYR,MIN,0,0.585734,0.414266,NYR,0,single,season_regime,late,hybrid_exponential,1.25,780.0,0.11,True,hybrid_exponential,1.0,650.0,0.1,True
logistic_engineered,20242025,20252026,20252026,2025020094,2025-10-20,PHI,SEA,1,0.80884,0.19116,PHI,1,single,season_regime,late,hybrid_exponential,1.25,780.0,0.11,True,hybrid_exponential,1.0,650.0,0.1,True
logistic_engineered,20242025,20252026,20252026,2025020095,2025-10-20,MTL,BUF,1,0.66178,0.33822,MTL,1,single,season_regime,late,hybrid_exponential,1.25,780.0,0.11,True,hybrid_exponential,1.0,650.0,0.1,True
logistic_engineered,20242025,20252026,20252026,2025020096,2025-10-20,CGY,WPG,0,0.269268,0.730732,WPG,1,single,season_regime,late,hybrid_exponential,1.25,780.0,0.11,True,hybrid_exponential,1.0,650.0,0.1,True
logistic_engineered,20242025,20252026,20252026,2025020097,2025-10-20,VGK,CAR,1,0.458589,0.541411,CAR,0,single,season_regime,late,hybrid_exponential,1.25,780.0,0.11,True,hybrid_exponential,1.0,650.0,0.1,True
logistic_engineered,20242025,20252026,20252026,2025020098,2025-10-21,TOR,NJD,0,0.568884,0.431116,TOR,0,single,season_regime,late,hybrid_exponential,1.25,780.0,0.11,True,hybrid_exponential,1.0,650.0,0.1,True
logistic_engineered,20242025,20252026,20252026,2025020099,2025-10-21,OTT,EDM,0,0.611797,0.388203,OTT,0,single,season_regime,late,hybrid_exponential,1.25,780.0,0.11,True,hybrid_exponential,1.0,650.0,0.1,True
logistic_engineered,20242025,20252026,20252026,2025020100,2025-10-21,NYI,SJS,1,0.702059,0.297941,NYI,1,single,season_regime,late,hybrid_exponential,1.25,780.0,0.11,True,hybrid_exponential,1.0,650.0,0.1,True
logistic_engineered,20242025,20252026,20252026,2025020101,2025-10-21,PIT,VAN,1,0.511267,0.488733,PIT,1,single,season_regime,late,hybrid_exponential,1.25,780.0,0.11,True,hybrid_exponential,1.0,650.0,0.1,True
logistic_engineered,20242025,20252026,20252026,2025020102,2025-10-21,WSH,SEA,1,0.751273,0.248727,WSH,1,single,season_regime,late,hybrid_exponential,1.25,780.0,0.11,True,hybrid_exponential,1.0,650.0,0.1,True
logistic_engineered,20242025,20252026,20252026,2025020103,2025-10-21,BOS,FLA,0,0.471932,0.528068,FLA,1,single,season_regime,late,hybrid_exponential,1.25,780.0,0.11,True,hybrid_exponential,1.0,650.0,0.1,True
logistic_engineered,20242025,20252026,20252026,2025020104,2025-10-21,STL,LAK,0,0.624848,0.375152,STL,0,single,season_regime,late,hybrid_exponential,1.25,780.0,0.11,True,hybrid_exponential,1.0,650.0,0.1,True
logistic_engineered,20242025,20252026,20252026,2025020105,2025-10-21,NSH,ANA,0,0.631034,0.368966,NSH,0,single,season_regime,late,hybrid_exponential,1.25,780.0,0.11,True,hybrid_exponential,1.0,650.0,0.1,True
logistic_engineered,20242025,20252026,20252026,2025020106,2025-10-21,DAL,CBJ,0,0.533384,0.466616,DAL,0,single,season_regime,late,hybrid_exponential,1.25,780.0,0.11,True,hybrid_exponential,1.0,650.0,0.1,True
logistic_engineered,20242025,20252026,20252026,2025020107,2025-10-21,UTA,COL,1,0.522508,0.477492,UTA,1,single,season_regime,late,hybrid_exponential,1.25,780.0,0.11,True,hybrid_exponential,1.0,650.0,0.1,True
logistic_engineered,20242025,20252026,20252026,2025020108,2025-10-22,NJD,MIN,1,0.681944,0.318056,NJD,1,single,season_regime,late,hybrid_exponential,1.25,780.0,0.11,True,hybrid_exponential,1.0,650.0,0.1,True
logistic_engineered,20242025,20252026,20252026,2025020109,2025-10-22,BUF,DET,1,0.457991,0.542009,DET,0,single,season_regime,late,hybrid_exponential,1.25,780.0,0.11,True,hybrid_exponential,1.0,650.0,0.1,True
logistic_engineered,20242025,20252026,20252026,2025020110,2025-10-22,CGY,MTL,0,0.412071,0.587929,MTL,1,single,season_regime,late,hybrid_exponential,1.25,780.0,0.11,True,hybrid_exponential,1.0,650.0,0.1,True
logistic_engineered,20242025,20252026,20252026,2025020111,2025-10-23,BOS,ANA,0,0.590895,0.409105,BOS,0,single,season_regime,late,hybrid_exponential,1.25,780.0,0.11,True,hybrid_exponential,1.0,650.0,0.1,True
logistic_engineered,20242025,20252026,20252026,2025020112,2025-10-23,OTT,PHI,1,0.606315,0.393685,OTT,1,single,season_regime,late,hybrid_exponential,1.25,780.0,0.11,True,hybrid_exponential,1.0,650.0,0.1,True
logistic_engineered,20242025,20252026,20252026,2025020113,2025-10-23,TBL,CHI,0,0.655052,0.344948,TBL,0,single,season_regime,late,hybrid_exponential,1.25,780.0,0.11,True,hybrid_exponential,1.0,650.0,0.1,True
logistic_engineered,20242025,20252026,20252026,2025020114,2025-10-23,FLA,PIT,0,0.631023,0.368977,FLA,0,single,season_regime,late,hybrid_exponential,1.25,780.0,0.11,True,hybrid_exponential,1.0,650.0,0.1,True
logistic_engineered,20242025,20252026,20252026,2025020115,2025-10-23,NYI,DET,1,0.632448,0.367552,NYI,1,single,season_regime,late,hybrid_exponential,1.25,780.0,0.11,True,hybrid_exponential,1.0,650.0,0.1,True
logistic_engineered,20242025,20252026,20252026,2025020116,2025-10-23,NYR,SJS,0,0.745496,0.254504,NYR,0,single,season_regime,late,hybrid_exponential,1.25,780.0,0.11,True,hybrid_exponential,1.0,650.0,0.1,True
logistic_engineered,20242025,20252026,20252026,2025020117,2025-10-23,STL,UTA,0,0.213668,0.786332,UTA,1,single,season_regime,late,hybrid_exponential,1.25,780.0,0.11,True,hybrid_exponential,1.0,650.0,0.1,True
logistic_engineered,20242025,20252026,20252026,2025020118,2025-10-23,NSH,VAN,1,0.579556,0.420444,NSH,1,single,season_regime,late,hybrid_exponential,1.25,780.0,0.11,True,hybrid_exponential,1.0,650.0,0.1,True
logistic_engineered,20242025,20252026,20252026,2025020119,2025-10-23,DAL,LAK,0,0.583874,0.416126,DAL,0,single,season_regime,late,hybrid_exponential,1.25,780.0,0.11,True,hybrid_exponential,1.0,650.0,0.1,True
logistic_engineered,20242025,20252026,20252026,2025020120,2025-10-23,WPG,SEA,0,0.783765,0.216235,WPG,0,single,season_regime,late,hybrid_exponential,1.25,780.0,0.11,True,hybrid_exponential,1.0,650.0,0.1,True
logistic_engineered,20242025,20252026,20252026,2025020121,2025-10-23,COL,CAR,0,0.465042,0.534958,CAR,1,single,season_regime,late,hybrid_exponential,1.25,780.0,0.11,True,hybrid_exponential,1.0,650.0,0.1,True
logistic_engineered,20242025,20252026,20252026,2025020122,2025-10-23,EDM,MTL,1,0.6351,0.3649,EDM,1,single,season_regime,late,hybrid_exponential,1.25,780.0,0.11,True,hybrid_exponential,1.0,650.0,0.1,True
logistic_engineered,20242025,20252026,20252026,2025020123,2025-10-24,BUF,TOR,1,0.510694,0.489306,BUF,1,single,season_regime,late,hybrid_exponential,1.25,780.0,0.11,True,hybrid_exponential,1.0,650.0,0.1,True
logistic_engineered,20242025,20252026,20252026,2025020124,2025-10-24,NJD,SJS,1,0.863038,0.136962,NJD,1,single,season_regime,late,hybrid_exponential,1.25,780.0,0.11,True,hybrid_exponential,1.0,650.0,0.1,True
logistic_engineered,20242025,20252026,20252026,2025020125,2025-10-24,CBJ,WSH,0,0.503796,0.496204,CBJ,0,single,season_regime,late,hybrid_exponential,1.25,780.0,0.11,True,hybrid_exponential,1.0,650.0,0.1,True
logistic_engineered,20242025,20252026,20252026,2025020126,2025-10-24,WPG,CGY,1,0.716557,0.283443,WPG,1,single,season_regime,late,hybrid_exponential,1.25,780.0,0.11,True,hybrid_exponential,1.0,650.0,0.1,True
logistic_engineered,20242025,20252026,20252026,2025020127,2025-10-25,PHI,NYI,1,0.543713,0.456287,PHI,1,single,season_regime,late,hybrid_exponential,1.25,780.0,0.11,True,hybrid_exponential,1.0,650.0,0.1,True
logistic_engineered,20242025,20252026,20252026,2025020128,2025-10-25,BOS,COL,1,0.322165,0.677835,COL,0,single,season_regime,late,hybrid_exponential,1.25,780.0,0.11,True,hybrid_exponential,1.0,650.0,0.1,True
logistic_engineered,20242025,20252026,20252026,2025020129,2025-10-25,TBL,ANA,1,0.572613,0.427387,TBL,1,single,season_regime,late,hybrid_exponential,1.25,780.0,0.11,True,hybrid_exponential,1.0,650.0,0.1,True
logistic_engineered,20242025,20252026,20252026,2025020130,2025-10-25,FLA,VGK,1,0.349033,0.650967,VGK,0,single,season_regime,late,hybrid_exponential,1.25,780.0,0.11,True,hybrid_exponential,1.0,650.0,0.1,True
logistic_engineered,20242025,20252026,20252026,2025020131,2025-10-25,MIN,UTA,0,0.551693,0.448307,MIN,0,single,season_regime,late,hybrid_exponential,1.25,780.0,0.11,True,hybrid_exponential,1.0,650.0,0.1,True
logistic_engineered,20242025,20252026,20252026,2025020132,2025-10-25,TOR,BUF,1,0.705765,0.294235,TOR,1,single,season_regime,late,hybrid_exponential,1.25,780.0,0.11,True,hybrid_exponential,1.0,650.0,0.1,True
logistic_engineered,20242025,20252026,20252026,2025020133,2025-10-25,DET,STL,1,0.479154,0.520846,STL,0,single,season_regime,late,hybrid_exponential,1.25,780.0,0.11,True,hybrid_exponential,1.0,650.0,0.1,True
logistic_engineered,20242025,20252026,20252026,2025020134,2025-10-25,PIT,CBJ,0,0.595433,0.404567,PIT,0,single,season_regime,late,hybrid_exponential,1.25,780.0,0.11,True,hybrid_exponential,1.0,650.0,0.1,True
logistic_engineered,20242025,20252026,20252026,2025020135,2025-10-25,WSH,OTT,0,0.618367,0.381633,WSH,0,single,season_regime,late,hybrid_exponential,1.25,780.0,0.11,True,hybrid_exponential,1.0,650.0,0.1,True
logistic_engineered,20242025,20252026,20252026,2025020136,2025-10-25,VAN,MTL,0,0.516171,0.483829,VAN,0,single,season_regime,late,hybrid_exponential,1.25,780.0,0.11,True,hybrid_exponential,1.0,650.0,0.1,True
logistic_engineered,20242025,20252026,20252026,2025020137,2025-10-25,NSH,LAK,1,0.457189,0.542811,LAK,0,single,season_regime,late,hybrid_exponential,1.25,780.0,0.11,True,hybrid_exponential,1.0,650.0,0.1,True
logistic_engineered,20242025,20252026,20252026,2025020138,2025-10-25,DAL,CAR,1,0.579987,0.420013,DAL,1,single,season_regime,late,hybrid_exponential,1.25,780.0,0.11,True,hybrid_exponential,1.0,650.0,0.1,True
logistic_engineered,20242025,20252026,20252026,2025020139,2025-10-25,SEA,EDM,1,0.628006,0.371994,SEA,1,single,season_regime,late,hybrid_exponential,1.25,780.0,0.11,True,hybrid_exponential,1.0,650.0,0.1,True
logistic_engineered,20242025,20252026,20252026,2025020140,2025-10-26,NJD,COL,1,0.691263,0.308737,NJD,1,single,season_regime,late,hybrid_exponential,1.25,780.0,0.11,True,hybrid_exponential,1.0,650.0,0.1,True
logistic_engineered,20242025,20252026,20252026,2025020141,2025-10-26,TBL,VGK,1,0.418196,0.581804,VGK,0,single,season_regime,late,hybrid_exponential,1.25,780.0,0.11,True,hybrid_exponential,1.0,650.0,0.1,True
logistic_engineered,20242025,20252026,20252026,2025020142,2025-10-26,MIN,SJS,0,0.612947,0.387053,MIN,0,single,season_regime,late,hybrid_exponential,1.25,780.0,0.11,True,hybrid_exponential,1.0,650.0,0.1,True
logistic_engineered,20242025,20252026,20252026,2025020143,2025-10-26,WPG,UTA,0,0.623468,0.376532,WPG,0,single,season_regime,late,hybrid_exponential,1.25,780.0,0.11,True,hybrid_exponential,1.0,650.0,0.1,True
logistic_engineered,20242025,20252026,20252026,2025020144,2025-10-26,CHI,LAK,0,0.645323,0.354677,CHI,0,single,season_regime,late,hybrid_exponential,1.25,780.0,0.11,True,hybrid_exponential,1.0,650.0,0.1,True
logistic_engineered,20242025,20252026,20252026,2025020145,2025-10-26,NSH,DAL,0,0.364782,0.635218,DAL,1,single,season_regime,late,hybrid_exponential,1.25,780.0,0.11,True,hybrid_exponential,1.0,650.0,0.1,True
logistic_engineered,20242025,20252026,20252026,2025020146,2025-10-26,CGY,NYR,1,0.352047,0.647953,NYR,0,single,season_regime,late,hybrid_exponential,1.25,780.0,0.11,True,hybrid_exponential,1.0,650.0,0.1,True
logistic_engineered,20242025,20252026,20252026,2025020147,2025-10-26,VAN,EDM,1,0.371811,0.628189,EDM,0,single,season_regime,late,hybrid_exponential,1.25,780.0,0.11,True,hybrid_exponential,1.0,650.0,0.1,True
logistic_engineered,20242025,20252026,20252026,2025020148,2025-10-27,PIT,STL,1,0.551821,0.448179,PIT,1,single,season_regime,late,hybrid_exponential,1.25,780.0,0.11,True,hybrid_exponential,1.0,650.0,0.1,True
logistic_engineered,20242025,20252026,20252026,2025020149,2025-10-27,OTT,BOS,1,0.703878,0.296122,OTT,1,single,season_regime,late,hybrid_exponential,1.25,780.0,0.11,True,hybrid_exponential,1.0,650.0,0.1,True
logistic_engineered,20242025,20252026,20252026,2025020150,2025-10-28,PHI,PIT,1,0.609679,0.390321,PHI,1,single,season_regime,late,hybrid_exponential,1.25,780.0,0.11,True,hybrid_exponential,1.0,650.0,0.1,True
logistic_engineered,20242025,20252026,20252026,2025020151,2025-10-28,TOR,CGY,1,0.737662,0.262338,TOR,1,single,season_regime,late,hybrid_exponential,1.25,780.0,0.11,True,hybrid_exponential,1.0,650.0,0.1,True
logistic_engineered,20242025,20252026,20252026,2025020152,2025-10-28,BUF,CBJ,0,0.516259,0.483741,BUF,0,single,season_regime,late,hybrid_exponential,1.25,780.0,0.11,True,hybrid_exponential,1.0,650.0,0.1,True
logistic_engineered,20242025,20252026,20252026,2025020153,2025-10-28,FLA,ANA,0,0.587757,0.412243,FLA,0,single,season_regime,late,hybrid_exponential,1.25,780.0,0.11,True,hybrid_exponential,1.0,650.0,0.1,True
logistic_engineered,20242025,20252026,20252026,2025020154,2025-10-28,BOS,NYI,1,0.311284,0.688716,NYI,0,single,season_regime,late,hybrid_exponential,1.25,780.0,0.11,True,hybrid_exponential,1.0,650.0,0.1,True
logistic_engineered,20242025,20252026,20252026,2025020155,2025-10-28,CAR,VGK,0,0.498595,0.501405,VGK,1,single,season_regime,late,hybrid_exponential,1.25,780.0,0.11,True,hybrid_exponential,1.0,650.0,0.1,True
logistic_engineered,20242025,20252026,20252026,2025020156,2025-10-28,NSH,TBL,0,0.324754,0.675246,TBL,1,single,season_regime,late,hybrid_exponential,1.25,780.0,0.11,True,hybrid_exponential,1.0,650.0,0.1,True
logistic_engineered,20242025,20252026,20252026,2025020157,2025-10-28,MIN,WPG,0,0.284659,0.715341,WPG,1,single,season_regime,late,hybrid_exponential,1.25,780.0,0.11,True,hybrid_exponential,1.0,650.0,0.1,True
logistic_engineered,20242025,20252026,20252026,2025020158,2025-10-28,STL,DET,0,0.369361,0.630639,DET,1,single,season_regime,late,hybrid_exponential,1.25,780.0,0.11,True,hybrid_exponential,1.0,650.0,0.1,True
logistic_engineered,20242025,20252026,20252026,2025020159,2025-10-28,DAL,WSH,1,0.457486,0.542514,WSH,0,single,season_regime,late,hybrid_exponential,1.25,780.0,0.11,True,hybrid_exponential,1.0,650.0,0.1,True
logistic_engineered,20242025,20252026,20252026,2025020160,2025-10-28,CHI,OTT,1,0.457131,0.542869,OTT,0,single,season_regime,late,hybrid_exponential,1.25,780.0,0.11,True,hybrid_exponential,1.0,650.0,0.1,True
logistic_engineered,20242025,20252026,20252026,2025020161,2025-10-28,COL,NJD,1,0.412898,0.587102,NJD,0,single,season_regime,late,hybrid_exponential,1.25,780.0,0.11,True,hybrid_exponential,1.0,650.0,0.1,True
logistic_engineered,20242025,20252026,20252026,2025020162,2025-10-28,EDM,UTA,1,0.434453,0.565547,UTA,0,single,season_regime,late,hybrid_exponential,1.25,780.0,0.11,True,hybrid_exponential,1.0,650.0,0.1,True
logistic_engineered,20242025,20252026,20252026,2025020163,2025-10-28,VAN,NYR,0,0.451819,0.548181,NYR,1,single,season_regime,late,hybrid_exponential,1.25,780.0,0.11,True,hybrid_exponential,1.0,650.0,0.1,True
logistic_engineered,20242025,20252026,20252026,2025020164,2025-10-28,SEA,MTL,0,0.60889,0.39111,SEA,0,single,season_regime,late,hybrid_exponential,1.25,780.0,0.11,True,hybrid_exponential,1.0,650.0,0.1,True
logistic_engineered,20242025,20252026,20252026,2025020165,2025-10-28,SJS,LAK,0,0.392661,0.607339,LAK,1,single,season_regime,late,hybrid_exponential,1.25,780.0,0.11,True,hybrid_exponential,1.0,650.0,0.1,True
logistic_engineered,20242025,20252026,20252026,2025020166,2025-10-29,CBJ,TOR,1,0.53991,0.46009,CBJ,1,single,season_regime,late,hybrid_exponential,1.25,780.0,0.11,True,hybrid_exponential,1.0,650.0,0.1,True
logistic_engineered,20242025,20252026,20252026,2025020167,2025-10-30,BOS,BUF,1,0.44891,0.55109,BUF,0,single,season_regime,late,hybrid_exponential,1.25,780.0,0.11,True,hybrid_exponential,1.0,650.0,0.1,True
logistic_engineered,20242025,20252026,20252026,2025020168,2025-10-30,OTT,CGY,1,0.577233,0.422767,OTT,1,single,season_regime,late,hybrid_exponential,1.25,780.0,0.11,True,hybrid_exponential,1.0,650.0,0.1,True
logistic_engineered,20242025,20252026,20252026,2025020169,2025-10-30,TBL,DAL,1,0.546527,0.453473,TBL,1,single,season_regime,late,hybrid_exponential,1.25,780.0,0.11,True,hybrid_exponential,1.0,650.0,0.1,True
logistic_engineered,20242025,20252026,20252026,2025020170,2025-10-30,PHI,NSH,1,0.658775,0.341225,PHI,1,single,season_regime,late,hybrid_exponential,1.25,780.0,0.11,True,hybrid_exponential,1.0,650.0,0.1,True
logistic_engineered,20242025,20252026,20252026,2025020171,2025-10-30,CAR,NYI,1,0.718875,0.281125,CAR,1,single,season_regime,late,hybrid_exponential,1.25,780.0,0.11,True,hybrid_exponential,1.0,650.0,0.1,True
logistic_engineered,20242025,20252026,20252026,2025020172,2025-10-30,STL,VAN,0,0.52462,0.47538,STL,0,single,season_regime,late,hybrid_exponential,1.25,780.0,0.11,True,hybrid_exponential,1.0,650.0,0.1,True
logistic_engineered,20242025,20252026,20252026,2025020173,2025-10-30,MIN,PIT,0,0.431794,0.568206,PIT,1,single,season_regime,late,hybrid_exponential,1.25,780.0,0.11,True,hybrid_exponential,1.0,650.0,0.1,True
logistic_engineered,20242025,20252026,20252026,2025020174,2025-10-30,WPG,CHI,1,0.714889,0.285111,WPG,1,single,season_regime,late,hybrid_exponential,1.25,780.0,0.11,True,hybrid_exponential,1.0,650.0,0.1,True
logistic_engineered,20242025,20252026,20252026,2025020175,2025-10-30,EDM,NYR,0,0.700168,0.299832,EDM,0,single,season_regime,late,hybrid_exponential,1.25,780.0,0.11,True,hybrid_exponential,1.0,650.0,0.1,True
logistic_engineered,20242025,20252026,20252026,2025020176,2025-10-30,SJS,NJD,1,0.277378,0.722622,NJD,0,single,season_regime,late,hybrid_exponential,1.25,780.0,0.11,True,hybrid_exponential,1.0,650.0,0.1,True
logistic_engineered,20242025,20252026,20252026,2025020177,2025-10-30,LAK,DET,0,0.538533,0.461467,LAK,0,single,season_regime,late,hybrid_exponential,1.25,780.0,0.11,True,hybrid_exponential,1.0,650.0,0.1,True
logistic_engineered,20242025,20252026,20252026,2025020178,2025-10-31,VGK,COL,0,0.636683,0.363317,VGK,0,single,season_regime,late,hybrid_exponential,1.25,780.0,0.11,True,hybrid_exponential,1.0,650.0,0.1,True
logistic_engineered,20242025,20252026,20252026,2025020179,2025-10-31,WSH,NYI,0,0.740191,0.259809,WSH,0,single,season_regime,late,hybrid_exponential,1.25,780.0,0.11,True,hybrid_exponential,1.0,650.0,0.1,True
logistic_engineered,20242025,20252026,20252026,2025020180,2025-10-31,ANA,DET,1,0.693292,0.306708,ANA,1,single,season_regime,late,hybrid_exponential,1.25,780.0,0.11,True,hybrid_exponential,1.0,650.0,0.1,True
logistic_engineered,20242025,20252026,20252026,2025020181,2025-11-01,BOS,CAR,1,0.51026,0.48974,BOS,1,single,season_regime,late,hybrid_exponential,1.25,780.0,0.11,True,hybrid_exponential,1.0,650.0,0.1,True
logistic_engineered,20242025,20252026,20252026,2025020182,2025-11-01,WPG,PIT,1,0.671711,0.328289,WPG,1,single,season_regime,late,hybrid_exponential,1.25,780.0,0.11,True,hybrid_exponential,1.0,650.0,0.1,True
logistic_engineered,20242025,20252026,20252026,2025020183,2025-11-01,NSH,CGY,1,0.838473,0.161527,NSH,1,single,season_regime,late,hybrid_exponential,1.25,780.0,0.11,True,hybrid_exponential,1.0,650.0,0.1,True
logistic_engineered,20242025,20252026,20252026,2025020184,2025-11-01,SJS,COL,1,0.469097,0.530903,COL,0,single,season_regime,late,hybrid_exponential,1.25,780.0,0.11,True,hybrid_exponential,1.0,650.0,0.1,True
logistic_engineered,20242025,20252026,20252026,2025020185,2025-11-01,FLA,DAL,1,0.409046,0.590954,DAL,0,single,season_regime,late,hybrid_exponential,1.25,780.0,0.11,True,hybrid_exponential,1.0,650.0,0.1,True
logistic_engineered,20242025,20252026,20252026,2025020186,2025-11-01,BUF,WSH,1,0.573058,0.426942,BUF,1,single,season_regime,late,hybrid_exponential,1.25,780.0,0.11,True,hybrid_exponential,1.0,650.0,0.1,True
logistic_engineered,20242025,20252026,20252026,2025020187,2025-11-01,MTL,OTT,1,0.616621,0.383379,MTL,1,single,season_regime,late,hybrid_exponential,1.25,780.0,0.11,True,hybrid_exponential,1.0,650.0,0.1,True
logistic_engineered,20242025,20252026,20252026,2025020188,2025-11-01,PHI,TOR,0,0.242245,0.757755,TOR,1,single,season_regime,late,hybrid_exponential,1.25,780.0,0.11,True,hybrid_exponential,1.0,650.0,0.1,True
logistic_engineered,20242025,20252026,20252026,2025020189,2025-11-01,CBJ,STL,1,0.654199,0.345801,CBJ,1,single,season_regime,late,hybrid_exponential,1.25,780.0,0.11,True,hybrid_exponential,1.0,650.0,0.1,True
logistic_engineered,20242025,20252026,20252026,2025020190,2025-11-01,MIN,VAN,1,0.525368,0.474632,MIN,1,single,season_regime,late,hybrid_exponential,1.25,780.0,0.11,True,hybrid_exponential,1.0,650.0,0.1,True
logistic_engineered,20242025,20252026,20252026,2025020191,2025-11-01,LAK,NJD,0,0.476838,0.523162,NJD,1,single,season_regime,late,hybrid_exponential,1.25,780.0,0.11,True,hybrid_exponential,1.0,650.0,0.1,True
logistic_engineered,20242025,20252026,20252026,2025020192,2025-11-01,EDM,CHI,1,0.650364,0.349636,EDM,1,single,season_regime,late,hybrid_exponential,1.25,780.0,0.11,True,hybrid_exponential,1.0,650.0,0.1,True
logistic_engineered,20242025,20252026,20252026,2025020193,2025-11-01,SEA,NYR,0,0.622032,0.377968,SEA,0,single,season_regime,late,hybrid_exponential,1.25,780.0,0.11,True,hybrid_exponential,1.0,650.0,0.1,True
logistic_engineered,20242025,20252026,20252026,2025020194,2025-11-02,UTA,TBL,0,0.619293,0.380707,UTA,0,single,season_regime,late,hybrid_exponential,1.25,780.0,0.11,True,hybrid_exponential,1.0,650.0,0.1,True
logistic_engineered,20242025,20252026,20252026,2025020195,2025-11-02,NYI,CBJ,1,0.531401,0.468599,NYI,1,single,season_regime,late,hybrid_exponential,1.25,780.0,0.11,True,hybrid_exponential,1.0,650.0,0.1,True
logistic_engineered,20242025,20252026,20252026,2025020196,2025-11-02,PHI,CGY,0,0.609047,0.390953,PHI,0,single,season_regime,late,hybrid_exponential,1.25,780.0,0.11,True,hybrid_exponential,1.0,650.0,0.1,True
logistic_engineered,20242025,20252026,20252026,2025020197,2025-11-02,ANA,NJD,1,0.610443,0.389557,ANA,1,single,season_regime,late,hybrid_exponential,1.25,780.0,0.11,True,hybrid_exponential,1.0,650.0,0.1,True
logistic_engineered,20242025,20252026,20252026,2025020198,2025-11-02,SJS,DET,0,0.264014,0.735986,DET,1,single,season_regime,late,hybrid_exponential,1.25,780.0,0.11,True,hybrid_exponential,1.0,650.0,0.1,True
logistic_engineered,20242025,20252026,20252026,2025020199,2025-11-03,TOR,PIT,1,0.649059,0.350941,TOR,1,single,season_regime,late,hybrid_exponential,1.25,780.0,0.11,True,hybrid_exponential,1.0,650.0,0.1,True
logistic_engineered,20242025,20252026,20252026,2025020200,2025-11-03,STL,EDM,1,0.489181,0.510819,EDM,0,single,season_regime,late,hybrid_exponential,1.25,780.0,0.11,True,hybrid_exponential,1.0,650.0,0.1,True
logistic_engineered,20242025,20252026,20252026,2025020201,2025-11-03,NSH,VAN,0,0.556856,0.443144,NSH,0,single,season_regime,late,hybrid_exponential,1.25,780.0,0.11,True,hybrid_exponential,1.0,650.0,0.1,True
logistic_engineered,20242025,20252026,20252026,2025020202,2025-11-03,SEA,CHI,1,0.636382,0.363618,SEA,1,single,season_regime,late,hybrid_exponential,1.25,780.0,0.11,True,hybrid_exponential,1.0,650.0,0.1,True
logistic_engineered,20242025,20252026,20252026,2025020203,2025-11-04,BUF,UTA,0,0.53934,0.46066,BUF,0,single,season_regime,late,hybrid_exponential,1.25,780.0,0.11,True,hybrid_exponential,1.0,650.0,0.1,True
logistic_engineered,20242025,20252026,20252026,2025020204,2025-11-04,MTL,PHI,0,0.720306,0.279694,MTL,0,single,season_regime,late,hybrid_exponential,1.25,780.0,0.11,True,hybrid_exponential,1.0,650.0,0.1,True
logistic_engineered,20242025,20252026,20252026,2025020205,2025-11-04,NYI,BOS,0,0.629248,0.370752,NYI,0,single,season_regime,late,hybrid_exponential,1.25,780.0,0.11,True,hybrid_exponential,1.0,650.0,0.1,True
logistic_engineered,20242025,20252026,20252026,2025020206,2025-11-04,NYR,CAR,0,0.516446,0.483554,NYR,0,single,season_regime,late,hybrid_exponential,1.25,780.0,0.11,True,hybrid_exponential,1.0,650.0,0.1,True
logistic_engineered,20242025,20252026,20252026,2025020207,2025-11-04,DAL,EDM,1,0.738407,0.261593,DAL,1,single,season_regime,late,hybrid_exponential,1.25,780.0,0.11,True,hybrid_exponential,1.0,650.0,0.1,True
logistic_engineered,20242025,20252026,20252026,2025020208,2025-11-04,MIN,NSH,1,0.730481,0.269519,MIN,1,single,season_regime,late,hybrid_exponential,1.25,780.0,0.11,True,hybrid_exponential,1.0,650.0,0.1,True
logistic_engineered,20242025,20252026,20252026,2025020209,2025-11-04,COL,TBL,1,0.603433,0.396567,COL,1,single,season_regime,late,hybrid_exponential,1.25,780.0,0.11,True,hybrid_exponential,1.0,650.0,0.1,True
logistic_engineered,20242025,20252026,20252026,2025020210,2025-11-04,VGK,DET,1,0.736519,0.263481,VGK,1,single,season_regime,late,hybrid_exponential,1.25,780.0,0.11,True,hybrid_exponential,1.0,650.0,0.1,True
logistic_engineered,20242025,20252026,20252026,2025020211,2025-11-04,ANA,FLA,1,0.61841,0.38159,ANA,1,single,season_regime,late,hybrid_exponential,1.25,780.0,0.11,True,hybrid_exponential,1.0,650.0,0.1,True
logistic_engineered,20242025,20252026,20252026,2025020212,2025-11-04,LAK,WPG,1,0.374654,0.625346,WPG,0,single,season_regime,late,hybrid_exponential,1.25,780.0,0.11,True,hybrid_exponential,1.0,650.0,0.1,True
logistic_engineered,20242025,20252026,20252026,2025020213,2025-11-05,TOR,UTA,1,0.608135,0.391865,TOR,1,single,season_regime,late,hybrid_exponential,1.25,780.0,0.11,True,hybrid_exponential,1.0,650.0,0.1,True
logistic_engineered,20242025,20252026,20252026,2025020214,2025-11-05,WSH,STL,1,0.867529,0.132471,WSH,1,single,season_regime,late,hybrid_exponential,1.25,780.0,0.11,True,hybrid_exponential,1.0,650.0,0.1,True
logistic_engineered,20242025,20252026,20252026,2025020215,2025-11-05,CGY,CBJ,1,0.466721,0.533279,CBJ,0,single,season_regime,late,hybrid_exponential,1.25,780.0,0.11,True,hybrid_exponential,1.0,650.0,0.1,True
logistic_engineered,20242025,20252026,20252026,2025020216,2025-11-05,VAN,CHI,0,0.66281,0.33719,VAN,0,single,season_regime,late,hybrid_exponential,1.25,780.0,0.11,True,hybrid_exponential,1.0,650.0,0.1,True
logistic_engineered,20242025,20252026,20252026,2025020217,2025-11-05,SEA,SJS,0,0.382849,0.617151,SJS,1,single,season_regime,late,hybrid_exponential,1.25,780.0,0.11,True,hybrid_exponential,1.0,650.0,0.1,True
logistic_engineered,20242025,20252026,20252026,2025020218,2025-11-06,BOS,OTT,1,0.432398,0.567602,OTT,0,single,season_regime,late,hybrid_exponential,1.25,780.0,0.11,True,hybrid_exponential,1.0,650.0,0.1,True
logistic_engineered,20242025,20252026,20252026,2025020219,2025-11-06,BUF,STL,0,0.602178,0.397822,BUF,0,single,season_regime,late,hybrid_exponential,1.25,780.0,0.11,True,hybrid_exponential,1.0,650.0,0.1,True
logistic_engineered,20242025,20252026,20252026,2025020220,2025-11-06,NJD,MTL,1,0.645223,0.354777,NJD,1,single,season_regime,late,hybrid_exponential,1.25,780.0,0.11,True,hybrid_exponential,1.0,650.0,0.1,True
logistic_engineered,20242025,20252026,20252026,2025020221,2025-11-06,PIT,WSH,1,0.593283,0.406717,PIT,1,single,season_regime,late,hybrid_exponential,1.25,780.0,0.11,True,hybrid_exponential,1.0,650.0,0.1,True
logistic_engineered,20242025,20252026,20252026,2025020222,2025-11-06,CAR,MIN,1,0.66459,0.33541,CAR,1,single,season_regime,late,hybrid_exponential,1.25,780.0,0.11,True,hybrid_exponential,1.0,650.0,0.1,True
logistic_engineered,20242025,20252026,20252026,2025020223,2025-11-06,NSH,PHI,0,0.457647,0.542353,PHI,1,single,season_regime,late,hybrid_exponential,1.25,780.0,0.11,True,hybrid_exponential,1.0,650.0,0.1,True
logistic_engineered,20242025,20252026,20252026,2025020224,2025-11-06,DAL,ANA,0,0.60663,0.39337,DAL,0,single,season_regime,late,hybrid_exponential,1.25,780.0,0.11,True,hybrid_exponential,1.0,650.0,0.1,True
logistic_engineered,20242025,20252026,20252026,2025020225,2025-11-06,VGK,TBL,0,0.609742,0.390258,VGK,0,single,season_regime,late,hybrid_exponential,1.25,780.0,0.11,True,hybrid_exponential,1.0,650.0,0.1,True
logistic_engineered,20242025,20252026,20252026,2025020226,2025-11-06,LAK,FLA,0,0.578662,0.421338,LAK,0,single,season_regime,late,hybrid_exponential,1.25,780.0,0.11,True,hybrid_exponential,1.0,650.0,0.1,True
logistic_engineered,20242025,20252026,20252026,2025020227,2025-11-07,DET,NYR,0,0.622314,0.377686,DET,0,single,season_regime,late,hybrid_exponential,1.25,780.0,0.11,True,hybrid_exponential,1.0,650.0,0.1,True
logistic_engineered,20242025,20252026,20252026,2025020228,2025-11-07,NYI,MIN,0,0.626492,0.373508,NYI,0,single,season_regime,late,hybrid_exponential,1.25,780.0,0.11,True,hybrid_exponential,1.0,650.0,0.1,True
logistic_engineered,20242025,20252026,20252026,2025020229,2025-11-07,CGY,CHI,0,0.646923,0.353077,CGY,0,single,season_regime,late,hybrid_exponential,1.25,780.0,0.11,True,hybrid_exponential,1.0,650.0,0.1,True
logistic_engineered,20242025,20252026,20252026,2025020230,2025-11-07,SJS,WPG,1,0.237979,0.762021,WPG,0,single,season_regime,late,hybrid_exponential,1.25,780.0,0.11,True,hybrid_exponential,1.0,650.0,0.1,True
logistic_engineered,20242025,20252026,20252026,2025020231,2025-11-08,NJD,PIT,1,0.652791,0.347209,NJD,1,single,season_regime,late,hybrid_exponential,1.25,780.0,0.11,True,hybrid_exponential,1.0,650.0,0.1,True
logistic_engineered,20242025,20252026,20252026,2025020232,2025-11-08,PHI,OTT,0,0.541229,0.458771,PHI,0,single,season_regime,late,hybrid_exponential,1.25,780.0,0.11,True,hybrid_exponential,1.0,650.0,0.1,True
logistic_engineered,20242025,20252026,20252026,2025020233,2025-11-08,NSH,DAL,0,0.456837,0.543163,DAL,1,single,season_regime,late,hybrid_exponential,1.25,780.0,0.11,True,hybrid_exponential,1.0,650.0,0.1,True
logistic_engineered,20242025,20252026,20252026,2025020234,2025-11-08,TOR,BOS,0,0.343059,0.656941,BOS,1,single,season_regime,late,hybrid_exponential,1.25,780.0,0.11,True,hybrid_exponential,1.0,650.0,0.1,True
logistic_engineered,20242025,20252026,20252026,2025020235,2025-11-08,MTL,UTA,1,0.564939,0.435061,MTL,1,single,season_regime,late,hybrid_exponential,1.25,780.0,0.11,True,hybrid_exponential,1.0,650.0,0.1,True
logistic_engineered,20242025,20252026,20252026,2025020236,2025-11-08,TBL,WSH,1,0.533897,0.466103,TBL,1,single,season_regime,late,hybrid_exponential,1.25,780.0,0.11,True,hybrid_exponential,1.0,650.0,0.1,True
logistic_engineered,20242025,20252026,20252026,2025020237,2025-11-08,NYR,NYI,0,0.595657,0.404343,NYR,0,single,season_regime,late,hybrid_exponential,1.25,780.0,0.11,True,hybrid_exponential,1.0,650.0,0.1,True
logistic_engineered,20242025,20252026,20252026,2025020238,2025-11-08,CAR,BUF,1,0.675553,0.324447,CAR,1,single,season_regime,late,hybrid_exponential,1.25,780.0,0.11,True,hybrid_exponential,1.0,650.0,0.1,True
logistic_engineered,20242025,20252026,20252026,2025020239,2025-11-08,STL,SEA,0,0.562523,0.437477,STL,0,single,season_regime,late,hybrid_exponential,1.25,780.0,0.11,True,hybrid_exponential,1.0,650.0,0.1,True
logistic_engineered,20242025,20252026,20252026,2025020240,2025-11-08,EDM,COL,0,0.232028,0.767972,COL,1,single,season_regime,late,hybrid_exponential,1.25,780.0,0.11,True,hybrid_exponential,1.0,650.0,0.1,True
logistic_engineered,20242025,20252026,20252026,2025020241,2025-11-08,VAN,CBJ,1,0.53111,0.46889,VAN,1,single,season_regime,late,hybrid_exponential,1.25,780.0,0.11,True,hybrid_exponential,1.0,650.0,0.1,True
logistic_engineered,20242025,20252026,20252026,2025020242,2025-11-08,VGK,ANA,0,0.603876,0.396124,VGK,0,single,season_regime,late,hybrid_exponential,1.25,780.0,0.11,True,hybrid_exponential,1.0,650.0,0.1,True
logistic_engineered,20242025,20252026,20252026,2025020243,2025-11-08,SJS,FLA,1,0.342054,0.657946,FLA,0,single,season_regime,late,hybrid_exponential,1.25,780.0,0.11,True,hybrid_exponential,1.0,650.0,0.1,True
logistic_engineered,20242025,20252026,20252026,2025020244,2025-11-09,DET,CHI,0,0.693366,0.306634,DET,0,single,season_regime,late,hybrid_exponential,1.25,780.0,0.11,True,hybrid_exponential,1.0,650.0,0.1,True
logistic_engineered,20242025,20252026,20252026,2025020245,2025-11-09,PIT,LAK,0,0.449259,0.550741,LAK,1,single,season_regime,late,hybrid_exponential,1.25,780.0,0.11,True,hybrid_exponential,1.0,650.0,0.1,True
logistic_engineered,20242025,20252026,20252026,2025020246,2025-11-09,TOR,CAR,0,0.529236,0.470764,TOR,0,single,season_regime,late,hybrid_exponential,1.25,780.0,0.11,True,hybrid_exponential,1.0,650.0,0.1,True
logistic_engineered,20242025,20252026,20252026,2025020247,2025-11-09,OTT,UTA,1,0.551543,0.448457,OTT,1,single,season_regime,late,hybrid_exponential,1.25,780.0,0.11,True,hybrid_exponential,1.0,650.0,0.1,True
logistic_engineered,20242025,20252026,20252026,2025020248,2025-11-09,DAL,SEA,1,0.633645,0.366355,DAL,1,single,season_regime,late,hybrid_exponential,1.25,780.0,0.11,True,hybrid_exponential,1.0,650.0,0.1,True
logistic_engineered,20242025,20252026,20252026,2025020249,2025-11-09,MIN,CGY,1,0.653184,0.346816,MIN,1,single,season_regime,late,hybrid_exponential,1.25,780.0,0.11,True,hybrid_exponential,1.0,650.0,0.1,True
logistic_engineered,20242025,20252026,20252026,2025020250,2025-11-09,VAN,COL,0,0.475964,0.524036,COL,1,single,season_regime,late,hybrid_exponential,1.25,780.0,0.11,True,hybrid_exponential,1.0,650.0,0.1,True
logistic_engineered,20242025,20252026,20252026,2025020251,2025-11-09,ANA,WPG,1,0.450783,0.549217,WPG,0,single,season_regime,late,hybrid_exponential,1.25,780.0,0.11,True,hybrid_exponential,1.0,650.0,0.1,True
logistic_engineered,20242025,20252026,20252026,2025020252,2025-11-10,NJD,NYI,0,0.678767,0.321233,NJD,0,single,season_regime,late,hybrid_exponential,1.25,780.0,0.11,True,hybrid_exponential,1.0,650.0,0.1,True
logistic_engineered,20242025,20252026,20252026,2025020253,2025-11-10,NYR,NSH,1,0.819751,0.180249,NYR,1,single,season_regime,late,hybrid_exponential,1.25,780.0,0.11,True,hybrid_exponential,1.0,650.0,0.1,True
logistic_engineered,20242025,20252026,20252026,2025020254,2025-11-10,EDM,CBJ,1,0.645656,0.354344,EDM,1,single,season_regime,late,hybrid_exponential,1.25,780.0,0.11,True,hybrid_exponential,1.0,650.0,0.1,True
logistic_engineered,20242025,20252026,20252026,2025020255,2025-11-10,VGK,FLA,0,0.681269,0.318731,VGK,0,single,season_regime,late,hybrid_exponential,1.25,780.0,0.11,True,hybrid_exponential,1.0,650.0,0.1,True
logistic_engineered,20242025,20252026,20252026,2025020256,2025-11-11,BOS,TOR,1,0.803721,0.196279,BOS,1,single,season_regime,late,hybrid_exponential,1.25,780.0,0.11,True,hybrid_exponential,1.0,650.0,0.1,True
logistic_engineered,20242025,20252026,20252026,2025020257,2025-11-11,MTL,LAK,0,0.678551,0.321449,MTL,0,single,season_regime,late,hybrid_exponential,1.25,780.0,0.11,True,hybrid_exponential,1.0,650.0,0.1,True
logistic_engineered,20242025,20252026,20252026,2025020258,2025-11-11,OTT,DAL,0,0.499353,0.500647,DAL,1,single,season_regime,late,hybrid_exponential,1.25,780.0,0.11,True,hybrid_exponential,1.0,650.0,0.1,True
logistic_engineered,20242025,20252026,20252026,2025020259,2025-11-11,CAR,WSH,0,0.214975,0.785025,WSH,1,single,season_regime,late,hybrid_exponential,1.25,780.0,0.11,True,hybrid_exponential,1.0,650.0,0.1,True
logistic_engineered,20242025,20252026,20252026,2025020260,2025-11-11,STL,CGY,1,0.643403,0.356597,STL,1,single,season_regime,late,hybrid_exponential,1.25,780.0,0.11,True,hybrid_exponential,1.0,650.0,0.1,True
logistic_engineered,20242025,20252026,20252026,2025020261,2025-11-11,MIN,SJS,0,0.718886,0.281114,MIN,0,single,season_regime,late,hybrid_exponential,1.25,780.0,0.11,True,hybrid_exponential,1.0,650.0,0.1,True
logistic_engineered,20242025,20252026,20252026,2025020262,2025-11-11,COL,ANA,1,0.515506,0.484494,COL,1,single,season_regime,late,hybrid_exponential,1.25,780.0,0.11,True,hybrid_exponential,1.0,650.0,0.1,True
logistic_engineered,20242025,20252026,20252026,2025020263,2025-11-11,VAN,WPG,0,0.122868,0.877132,WPG,1,single,season_regime,late,hybrid_exponential,1.25,780.0,0.11,True,hybrid_exponential,1.0,650.0,0.1,True
logistic_engineered,20242025,20252026,20252026,2025020264,2025-11-11,SEA,CBJ,0,0.654654,0.345346,SEA,0,single,season_regime,late,hybrid_exponential,1.25,780.0,0.11,True,hybrid_exponential,1.0,650.0,0.1,True
logistic_engineered,20242025,20252026,20252026,2025020265,2025-11-12,TBL,NYR,0,0.287767,0.712233,NYR,1,single,season_regime,late,hybrid_exponential,1.25,780.0,0.11,True,hybrid_exponential,1.0,650.0,0.1,True
logistic_engineered,20242025,20252026,20252026,2025020266,2025-11-12,PHI,EDM,0,0.5455,0.4545,PHI,0,single,season_regime,late,hybrid_exponential,1.25,780.0,0.11,True,hybrid_exponential,1.0,650.0,0.1,True
logistic_engineered,20242025,20252026,20252026,2025020267,2025-11-12,UTA,BUF,1,0.660154,0.339846,UTA,1,single,season_regime,late,hybrid_exponential,1.25,780.0,0.11,True,hybrid_exponential,1.0,650.0,0.1,True
logistic_engineered,20242025,20252026,20252026,2025020268,2025-11-12,CHI,NJD,0,0.462596,0.537404,NJD,1,single,season_regime,late,hybrid_exponential,1.25,780.0,0.11,True,hybrid_exponential,1.0,650.0,0.1,True
logistic_engineered,20242025,20252026,20252026,2025020269,2025-11-13,TOR,LAK,0,0.630157,0.369843,TOR,0,single,season_regime,late,hybrid_exponential,1.25,780.0,0.11,True,hybrid_exponential,1.0,650.0,0.1,True
logistic_engineered,20242025,20252026,20252026,2025020270,2025-11-13,MTL,DAL,0,0.206963,0.793037,DAL,1,single,season_regime,late,hybrid_exponential,1.25,780.0,0.11,True,hybrid_exponential,1.0,650.0,0.1,True
logistic_engineered,20242025,20252026,20252026,2025020271,2025-11-13,OTT,BOS,1,0.642927,0.357073,OTT,1,single,season_regime,late,hybrid_exponential,1.25,780.0,0.11,True,hybrid_exponential,1.0,650.0,0.1,True
logistic_engineered,20242025,20252026,20252026,2025020272,2025-11-13,DET,ANA,1,0.23013,0.76987,ANA,0,single,season_regime,late,hybrid_exponential,1.25,780.0,0.11,True,hybrid_exponential,1.0,650.0,0.1,True
logistic_engineered,20242025,20252026,20252026,2025020273,2025-11-13,FLA,WSH,1,0.528997,0.471003,FLA,1,single,season_regime,late,hybrid_exponential,1.25,780.0,0.11,True,hybrid_exponential,1.0,650.0,0.1,True
logistic_engineered,20242025,20252026,20252026,2025020274,2025-11-13,CBJ,EDM,1,0.482451,0.517549,EDM,0,single,season_regime,late,hybrid_exponential,1.25,780.0,0.11,True,hybrid_exponential,1.0,650.0,0.1,True
logistic_engineered,20242025,20252026,20252026,2025020275,2025-11-13,COL,BUF,1,0.942815,0.057185,COL,1,single,season_regime,late,hybrid_exponential,1.25,780.0,0.11,True,hybrid_exponential,1.0,650.0,0.1,True
logistic_engineered,20242025,20252026,20252026,2025020276,2025-11-13,CGY,SJS,1,0.565526,0.434474,CGY,1,single,season_regime,late,hybrid_exponential,1.25,780.0,0.11,True,hybrid_exponential,1.0,650.0,0.1,True
logistic_engineered,20242025,20252026,20252026,2025020277,2025-11-13,VGK,NYI,0,0.645036,0.354964,VGK,0,single,season_regime,late,hybrid_exponential,1.25,780.0,0.11,True,hybrid_exponential,1.0,650.0,0.1,True
logistic_engineered,20242025,20252026,20252026,2025020278,2025-11-13,SEA,WPG,1,0.498954,0.501046,WPG,0,single,season_regime,late,hybrid_exponential,1.25,780.0,0.11,True,hybrid_exponential,1.0,650.0,0.1,True
logistic_engineered,20242025,20252026,20252026,2025020279,2025-11-14,CAR,VAN,1,0.68741,0.31259,CAR,1,single,season_regime,late,hybrid_exponential,1.25,780.0,0.11,True,hybrid_exponential,1.0,650.0,0.1,True
logistic_engineered,20242025,20252026,20252026,2025020280,2025-11-14,STL,PHI,0,0.536848,0.463152,STL,0,single,season_regime,late,hybrid_exponential,1.25,780.0,0.11,True,hybrid_exponential,1.0,650.0,0.1,True
logistic_engineered,20242025,20252026,20252026,2025020281,2025-11-14,NSH,PIT,1,0.450739,0.549261,PIT,0,single,season_regime,late,hybrid_exponential,1.25,780.0,0.11,True,hybrid_exponential,1.0,650.0,0.1,True
logistic_engineered,20242025,20252026,20252026,2025020282,2025-11-14,UTA,NYI,0,0.750045,0.249955,UTA,0,single,season_regime,late,hybrid_exponential,1.25,780.0,0.11,True,hybrid_exponential,1.0,650.0,0.1,True
logistic_engineered,20242025,20252026,20252026,2025020283,2025-11-15,FLA,TBL,0,0.582397,0.417603,FLA,0,single,season_regime,late,hybrid_exponential,1.25,780.0,0.11,True,hybrid_exponential,1.0,650.0,0.1,True
logistic_engineered,20242025,20252026,20252026,2025020284,2025-11-15,MIN,ANA,1,0.566118,0.433882,MIN,1,single,season_regime,late,hybrid_exponential,1.25,780.0,0.11,True,hybrid_exponential,1.0,650.0,0.1,True
logistic_engineered,20242025,20252026,20252026,2025020285,2025-11-15,MTL,BOS,0,0.693595,0.306405,MTL,0,single,season_regime,late,hybrid_exponential,1.25,780.0,0.11,True,hybrid_exponential,1.0,650.0,0.1,True
logistic_engineered,20242025,20252026,20252026,2025020286,2025-11-15,OTT,LAK,0,0.595731,0.404269,OTT,0,single,season_regime,late,hybrid_exponential,1.25,780.0,0.11,True,hybrid_exponential,1.0,650.0,0.1,True
logistic_engineered,20242025,20252026,20252026,2025020287,2025-11-15,DET,BUF,0,0.709104,0.290896,DET,0,single,season_regime,late,hybrid_exponential,1.25,780.0,0.11,True,hybrid_exponential,1.0,650.0,0.1,True
logistic_engineered,20242025,20252026,20252026,2025020288,2025-11-15,WSH,NJD,0,0.673261,0.326739,WSH,0,single,season_regime,late,hybrid_exponential,1.25,780.0,0.11,True,hybrid_exponential,1.0,650.0,0.1,True
logistic_engineered,20242025,20252026,20252026,2025020289,2025-11-15,CAR,EDM,0,0.544681,0.455319,CAR,0,single,season_regime,late,hybrid_exponential,1.25,780.0,0.11,True,hybrid_exponential,1.0,650.0,0.1,True
logistic_engineered,20242025,20252026,20252026,2025020290,2025-11-15,CBJ,NYR,0,0.589134,0.410866,CBJ,0,single,season_regime,late,hybrid_exponential,1.25,780.0,0.11,True,hybrid_exponential,1.0,650.0,0.1,True
logistic_engineered,20242025,20252026,20252026,2025020291,2025-11-15,CHI,TOR,1,0.488799,0.511201,TOR,0,single,season_regime,late,hybrid_exponential,1.25,780.0,0.11,True,hybrid_exponential,1.0,650.0,0.1,True
logistic_engineered,20242025,20252026,20252026,2025020292,2025-11-15,STL,VGK,0,0.438457,0.561543,VGK,1,single,season_regime,late,hybrid_exponential,1.25,780.0,0.11,True,hybrid_exponential,1.0,650.0,0.1,True
logistic_engineered,20242025,20252026,20252026,2025020293,2025-11-15,DAL,PHI,1,0.761352,0.238648,DAL,1,single,season_regime,late,hybrid_exponential,1.25,780.0,0.11,True,hybrid_exponential,1.0,650.0,0.1,True
logistic_engineered,20242025,20252026,20252026,2025020294,2025-11-15,CGY,WPG,0,0.448328,0.551672,WPG,1,single,season_regime,late,hybrid_exponential,1.25,780.0,0.11,True,hybrid_exponential,1.0,650.0,0.1,True
logistic_engineered,20242025,20252026,20252026,2025020295,2025-11-15,SEA,SJS,1,0.317334,0.682666,SJS,0,single,season_regime,late,hybrid_exponential,1.25,780.0,0.11,True,hybrid_exponential,1.0,650.0,0.1,True
logistic_engineered,20242025,20252026,20252026,2025020296,2025-11-16,PIT,NSH,1,0.641671,0.358329,PIT,1,single,season_regime,late,hybrid_exponential,1.25,780.0,0.11,True,hybrid_exponential,1.0,650.0,0.1,True
logistic_engineered,20242025,20252026,20252026,2025020297,2025-11-16,TBL,VAN,0,0.489362,0.510638,VAN,1,single,season_regime,late,hybrid_exponential,1.25,780.0,0.11,True,hybrid_exponential,1.0,650.0,0.1,True
logistic_engineered,20242025,20252026,20252026,2025020298,2025-11-16,MIN,VGK,1,0.476729,0.523271,VGK,0,single,season_regime,late,hybrid_exponential,1.25,780.0,0.11,True,hybrid_exponential,1.0,650.0,0.1,True
logistic_engineered,20242025,20252026,20252026,2025020299,2025-11-16,NYR,DET,0,0.485236,0.514764,DET,1,single,season_regime,late,hybrid_exponential,1.25,780.0,0.11,True,hybrid_exponential,1.0,650.0,0.1,True
logistic_engineered,20242025,20252026,20252026,2025020300,2025-11-16,COL,NYI,1,0.72358,0.27642,COL,1,single,season_regime,late,hybrid_exponential,1.25,780.0,0.11,True,hybrid_exponential,1.0,650.0,0.1,True
logistic_engineered,20242025,20252026,20252026,2025020301,2025-11-17,BOS,CAR,0,0.385016,0.614984,CAR,1,single,season_regime,late,hybrid_exponential,1.25,780.0,0.11,True,hybrid_exponential,1.0,650.0,0.1,True
logistic_engineered,20242025,20252026,20252026,2025020302,2025-11-17,BUF,EDM,1,0.553993,0.446007,BUF,1,single,season_regime,late,hybrid_exponential,1.25,780.0,0.11,True,hybrid_exponential,1.0,650.0,0.1,True
logistic_engineered,20242025,20252026,20252026,2025020303,2025-11-17,FLA,VAN,1,0.669068,0.330932,FLA,1,single,season_regime,late,hybrid_exponential,1.25,780.0,0.11,True,hybrid_exponential,1.0,650.0,0.1,True
logistic_engineered,20242025,20252026,20252026,2025020304,2025-11-17,WSH,LAK,1,0.644563,0.355437,WSH,1,single,season_regime,late,hybrid_exponential,1.25,780.0,0.11,True,hybrid_exponential,1.0,650.0,0.1,True
logistic_engineered,20242025,20252026,20252026,2025020305,2025-11-17,CBJ,MTL,1,0.535662,0.464338,CBJ,1,single,season_regime,late,hybrid_exponential,1.25,780.0,0.11,True,hybrid_exponential,1.0,650.0,0.1,True
logistic_engineered,20242025,20252026,20252026,2025020306,2025-11-17,ANA,UTA,1,0.596856,0.403144,ANA,1,single,season_regime,late,hybrid_exponential,1.25,780.0,0.11,True,hybrid_exponential,1.0,650.0,0.1,True
logistic_engineered,20242025,20252026,20252026,2025020307,2025-11-18,TOR,STL,1,0.611144,0.388856,TOR,1,single,season_regime,late,hybrid_exponential,1.25,780.0,0.11,True,hybrid_exponential,1.0,650.0,0.1,True
logistic_engineered,20242025,20252026,20252026,2025020308,2025-11-18,DET,SEA,1,0.597416,0.402584,DET,1,single,season_regime,late,hybrid_exponential,1.25,780.0,0.11,True,hybrid_exponential,1.0,650.0,0.1,True
logistic_engineered,20242025,20252026,20252026,2025020309,2025-11-18,TBL,NJD,1,0.440603,0.559397,NJD,0,single,season_regime,late,hybrid_exponential,1.25,780.0,0.11,True,hybrid_exponential,1.0,650.0,0.1,True
logistic_engineered,20242025,20252026,20252026,2025020310,2025-11-18,DAL,NYI,0,0.74775,0.25225,DAL,0,single,season_regime,late,hybrid_exponential,1.25,780.0,0.11,True,hybrid_exponential,1.0,650.0,0.1,True
logistic_engineered,20242025,20252026,20252026,2025020311,2025-11-18,WPG,CBJ,1,0.724048,0.275952,WPG,1,single,season_regime,late,hybrid_exponential,1.25,780.0,0.11,True,hybrid_exponential,1.0,650.0,0.1,True
logistic_engineered,20242025,20252026,20252026,2025020312,2025-11-18,CHI,CGY,1,0.61169,0.38831,CHI,1,single,season_regime,late,hybrid_exponential,1.25,780.0,0.11,True,hybrid_exponential,1.0,650.0,0.1,True
logistic_engineered,20242025,20252026,20252026,2025020313,2025-11-18,VGK,NYR,1,0.528048,0.471952,VGK,1,single,season_regime,late,hybrid_exponential,1.25,780.0,0.11,True,hybrid_exponential,1.0,650.0,0.1,True
logistic_engineered,20242025,20252026,20252026,2025020314,2025-11-18,SJS,UTA,1,0.572766,0.427234,SJS,1,single,season_regime,late,hybrid_exponential,1.25,780.0,0.11,True,hybrid_exponential,1.0,650.0,0.1,True
logistic_engineered,20242025,20252026,20252026,2025020315,2025-11-19,WSH,EDM,1,0.641592,0.358408,WSH,1,single,season_regime,late,hybrid_exponential,1.25,780.0,0.11,True,hybrid_exponential,1.0,650.0,0.1,True
logistic_engineered,20242025,20252026,20252026,2025020316,2025-11-19,BUF,CGY,0,0.685819,0.314181,BUF,0,single,season_regime,late,hybrid_exponential,1.25,780.0,0.11,True,hybrid_exponential,1.0,650.0,0.1,True
logistic_engineered,20242025,20252026,20252026,2025020317,2025-11-19,MIN,CAR,1,0.454645,0.545355,CAR,0,single,season_regime,late,hybrid_exponential,1.25,780.0,0.11,True,hybrid_exponential,1.0,650.0,0.1,True
logistic_engineered,20242025,20252026,20252026,2025020318,2025-11-19,ANA,BOS,1,0.666045,0.333955,ANA,1,single,season_regime,late,hybrid_exponential,1.25,780.0,0.11,True,hybrid_exponential,1.0,650.0,0.1,True
logistic_engineered,20242025,20252026,20252026,2025020319,2025-11-20,TOR,CBJ,0,0.616122,0.383878,TOR,0,single,season_regime,late,hybrid_exponential,1.25,780.0,0.11,True,hybrid_exponential,1.0,650.0,0.1,True
logistic_engineered,20242025,20252026,20252026,2025020320,2025-11-20,MTL,WSH,0,0.232373,0.767627,WSH,1,single,season_regime,late,hybrid_exponential,1.25,780.0,0.11,True,hybrid_exponential,1.0,650.0,0.1,True
logistic_engineered,20242025,20252026,20252026,2025020321,2025-11-20,DET,NYI,0,0.711048,0.288952,DET,0,single,season_regime,late,hybrid_exponential,1.25,780.0,0.11,True,hybrid_exponential,1.0,650.0,0.1,True
logistic_engineered,20242025,20252026,20252026,2025020322,2025-11-20,TBL,EDM,1,0.621721,0.378279,TBL,1,single,season_regime,late,hybrid_exponential,1.25,780.0,0.11,True,hybrid_exponential,1.0,650.0,0.1,True
logistic_engineered,20242025,20252026,20252026,2025020323,2025-11-20,FLA,NJD,1,0.597586,0.402414,FLA,1,single,season_regime,late,hybrid_exponential,1.25,780.0,0.11,True,hybrid_exponential,1.0,650.0,0.1,True
logistic_engineered,20242025,20252026,20252026,2025020324,2025-11-20,PHI,STL,1,0.541802,0.458198,PHI,1,single,season_regime,late,hybrid_exponential,1.25,780.0,0.11,True,hybrid_exponential,1.0,650.0,0.1,True
logistic_engineered,20242025,20252026,20252026,2025020325,2025-11-20,CHI,SEA,0,0.522843,0.477157,CHI,0,single,season_regime,late,hybrid_exponential,1.25,780.0,0.11,True,hybrid_exponential,1.0,650.0,0.1,True
logistic_engineered,20242025,20252026,20252026,2025020326,2025-11-20,COL,NYR,1,0.679682,0.320318,COL,1,single,season_regime,late,hybrid_exponential,1.25,780.0,0.11,True,hybrid_exponential,1.0,650.0,0.1,True
logistic_engineered,20242025,20252026,20252026,2025020327,2025-11-20,UTA,VGK,0,0.423448,0.576552,VGK,1,single,season_regime,late,hybrid_exponential,1.25,780.0,0.11,True,hybrid_exponential,1.0,650.0,0.1,True
logistic_engineered,20242025,20252026,20252026,2025020328,2025-11-20,VAN,DAL,0,0.481142,0.518858,DAL,1,single,season_regime,late,hybrid_exponential,1.25,780.0,0.11,True,hybrid_exponential,1.0,650.0,0.1,True
logistic_engineered,20242025,20252026,20252026,2025020329,2025-11-20,ANA,OTT,0,0.335859,0.664141,OTT,1,single,season_regime,late,hybrid_exponential,1.25,780.0,0.11,True,hybrid_exponential,1.0,650.0,0.1,True
logistic_engineered,20242025,20252026,20252026,2025020330,2025-11-20,SJS,LAK,1,0.4288,0.5712,LAK,0,single,season_regime,late,hybrid_exponential,1.25,780.0,0.11,True,hybrid_exponential,1.0,650.0,0.1,True
logistic_engineered,20242025,20252026,20252026,2025020331,2025-11-21,BUF,CHI,1,0.634215,0.365785,BUF,1,single,season_regime,late,hybrid_exponential,1.25,780.0,0.11,True,hybrid_exponential,1.0,650.0,0.1,True
logistic_engineered,20242025,20252026,20252026,2025020332,2025-11-21,PIT,MIN,0,0.28604,0.71396,MIN,1,single,season_regime,late,hybrid_exponential,1.25,780.0,0.11,True,hybrid_exponential,1.0,650.0,0.1,True
logistic_engineered,20242025,20252026,20252026,2025020333,2025-11-21,WPG,CAR,0,0.653591,0.346409,WPG,0,single,season_regime,late,hybrid_exponential,1.25,780.0,0.11,True,hybrid_exponential,1.0,650.0,0.1,True
logistic_engineered,20242025,20252026,20252026,2025020334,2025-11-21,LAK,BOS,0,0.581532,0.418468,LAK,0,single,season_regime,late,hybrid_exponential,1.25,780.0,0.11,True,hybrid_exponential,1.0,650.0,0.1,True
logistic_engineered,20242025,20252026,20252026,2025020335,2025-11-22,DET,CBJ,1,0.609644,0.390356,DET,1,single,season_regime,late,hybrid_exponential,1.25,780.0,0.11,True,hybrid_exponential,1.0,650.0,0.1,True
logistic_engineered,20242025,20252026,20252026,2025020336,2025-11-22,NYI,STL,0,0.606342,0.393658,NYI,0,single,season_regime,late,hybrid_exponential,1.25,780.0,0.11,True,hybrid_exponential,1.0,650.0,0.1,True
logistic_engineered,20242025,20252026,20252026,2025020337,2025-11-22,MTL,TOR,1,0.635122,0.364878,MTL,1,single,season_regime,late,hybrid_exponential,1.25,780.0,0.11,True,hybrid_exponential,1.0,650.0,0.1,True
logistic_engineered,20242025,20252026,20252026,2025020338,2025-11-22,FLA,EDM,0,0.437263,0.562737,EDM,1,single,season_regime,late,hybrid_exponential,1.25,780.0,0.11,True,hybrid_exponential,1.0,650.0,0.1,True
logistic_engineered,20242025,20252026,20252026,2025020339,2025-11-22,PHI,NJD,1,0.555147,0.444853,PHI,1,single,season_regime,late,hybrid_exponential,1.25,780.0,0.11,True,hybrid_exponential,1.0,650.0,0.1,True
logistic_engineered,20242025,20252026,20252026,2025020340,2025-11-22,PIT,SEA,0,0.551297,0.448703,PIT,0,single,season_regime,late,hybrid_exponential,1.25,780.0,0.11,True,hybrid_exponential,1.0,650.0,0.1,True
logistic_engineered,20242025,20252026,20252026,2025020341,2025-11-22,WSH,TBL,0,0.236005,0.763995,TBL,1,single,season_regime,late,hybrid_exponential,1.25,780.0,0.11,True,hybrid_exponential,1.0,650.0,0.1,True
logistic_engineered,20242025,20252026,20252026,2025020342,2025-11-22,SJS,OTT,0,0.389067,0.610933,OTT,1,single,season_regime,late,hybrid_exponential,1.25,780.0,0.11,True,hybrid_exponential,1.0,650.0,0.1,True
logistic_engineered,20242025,20252026,20252026,2025020343,2025-11-22,NSH,COL,0,0.561836,0.438164,NSH,0,single,season_regime,late,hybrid_exponential,1.25,780.0,0.11,True,hybrid_exponential,1.0,650.0,0.1,True
logistic_engineered,20242025,20252026,20252026,2025020344,2025-11-22,UTA,NYR,1,0.594562,0.405438,UTA,1,single,season_regime,late,hybrid_exponential,1.25,780.0,0.11,True,hybrid_exponential,1.0,650.0,0.1,True
logistic_engineered,20242025,20252026,20252026,2025020345,2025-11-22,CGY,DAL,1,0.487876,0.512124,DAL,0,single,season_regime,late,hybrid_exponential,1.25,780.0,0.11,True,hybrid_exponential,1.0,650.0,0.1,True
logistic_engineered,20242025,20252026,20252026,2025020346,2025-11-22,ANA,VGK,1,0.443945,0.556055,VGK,0,single,season_regime,late,hybrid_exponential,1.25,780.0,0.11,True,hybrid_exponential,1.0,650.0,0.1,True
logistic_engineered,20242025,20252026,20252026,2025020347,2025-11-23,BUF,CAR,1,0.50737,0.49263,BUF,1,single,season_regime,late,hybrid_exponential,1.25,780.0,0.11,True,hybrid_exponential,1.0,650.0,0.1,True
logistic_engineered,20242025,20252026,20252026,2025020348,2025-11-23,WPG,MIN,0,0.692923,0.307077,WPG,0,single,season_regime,late,hybrid_exponential,1.25,780.0,0.11,True,hybrid_exponential,1.0,650.0,0.1,True
logistic_engineered,20242025,20252026,20252026,2025020349,2025-11-23,NYI,SEA,1,0.528589,0.471411,NYI,1,single,season_regime,late,hybrid_exponential,1.25,780.0,0.11,True,hybrid_exponential,1.0,650.0,0.1,True
logistic_engineered,20242025,20252026,20252026,2025020350,2025-11-23,CHI,COL,0,0.456151,0.543849,COL,1,single,season_regime,late,hybrid_exponential,1.25,780.0,0.11,True,hybrid_exponential,1.0,650.0,0.1,True
logistic_engineered,20242025,20252026,20252026,2025020351,2025-11-23,SJS,BOS,1,0.398991,0.601009,BOS,0,single,season_regime,late,hybrid_exponential,1.25,780.0,0.11,True,hybrid_exponential,1.0,650.0,0.1,True
logistic_engineered,20242025,20252026,20252026,2025020352,2025-11-23,VAN,CGY,0,0.730977,0.269023,VAN,0,single,season_regime,late,hybrid_exponential,1.25,780.0,0.11,True,hybrid_exponential,1.0,650.0,0.1,True
logistic_engineered,20242025,20252026,20252026,2025020353,2025-11-24,TBL,PHI,1,0.612413,0.387587,TBL,1,single,season_regime,late,hybrid_exponential,1.25,780.0,0.11,True,hybrid_exponential,1.0,650.0,0.1,True
logistic_engineered,20242025,20252026,20252026,2025020354,2025-11-24,NJD,DET,1,0.558796,0.441204,NJD,1,single,season_regime,late,hybrid_exponential,1.25,780.0,0.11,True,hybrid_exponential,1.0,650.0,0.1,True
logistic_engineered,20242025,20252026,20252026,2025020355,2025-11-24,NYR,STL,1,0.533785,0.466215,NYR,1,single,season_regime,late,hybrid_exponential,1.25,780.0,0.11,True,hybrid_exponential,1.0,650.0,0.1,True
logistic_engineered,20242025,20252026,20252026,2025020356,2025-11-24,WSH,CBJ,1,0.64905,0.35095,WSH,1,single,season_regime,late,hybrid_exponential,1.25,780.0,0.11,True,hybrid_exponential,1.0,650.0,0.1,True
logistic_engineered,20242025,20252026,20252026,2025020357,2025-11-24,NSH,FLA,0,0.174249,0.825751,FLA,1,single,season_regime,late,hybrid_exponential,1.25,780.0,0.11,True,hybrid_exponential,1.0,650.0,0.1,True
logistic_engineered,20242025,20252026,20252026,2025020358,2025-11-24,UTA,VGK,1,0.512695,0.487305,UTA,1,single,season_regime,late,hybrid_exponential,1.25,780.0,0.11,True,hybrid_exponential,1.0,650.0,0.1,True
logistic_engineered,20242025,20252026,20252026,2025020359,2025-11-24,LAK,OTT,1,0.564615,0.435385,LAK,1,single,season_regime,late,hybrid_exponential,1.25,780.0,0.11,True,hybrid_exponential,1.0,650.0,0.1,True
logistic_engineered,20242025,20252026,20252026,2025020360,2025-11-25,EDM,DAL,0,0.226157,0.773843,DAL,1,single,season_regime,late,hybrid_exponential,1.25,780.0,0.11,True,hybrid_exponential,1.0,650.0,0.1,True
logistic_engineered,20242025,20252026,20252026,2025020361,2025-11-26,DET,NSH,0,0.663685,0.336315,DET,0,single,season_regime,late,hybrid_exponential,1.25,780.0,0.11,True,hybrid_exponential,1.0,650.0,0.1,True
logistic_engineered,20242025,20252026,20252026,2025020362,2025-11-26,TBL,CGY,1,0.882117,0.117883,TBL,1,single,season_regime,late,hybrid_exponential,1.25,780.0,0.11,True,hybrid_exponential,1.0,650.0,0.1,True
logistic_engineered,20242025,20252026,20252026,2025020363,2025-11-26,FLA,PHI,0,0.646766,0.353234,FLA,0,single,season_regime,late,hybrid_exponential,1.25,780.0,0.11,True,hybrid_exponential,1.0,650.0,0.1,True
logistic_engineered,20242025,20252026,20252026,2025020364,2025-11-26,NJD,STL,1,0.685129,0.314871,NJD,1,single,season_regime,late,hybrid_exponential,1.25,780.0,0.11,True,hybrid_exponential,1.0,650.0,0.1,True
logistic_engineered,20242025,20252026,20252026,2025020365,2025-11-26,NYI,BOS,0,0.677487,0.322513,NYI,0,single,season_regime,late,hybrid_exponential,1.25,780.0,0.11,True,hybrid_exponential,1.0,650.0,0.1,True
logistic_engineered,20242025,20252026,20252026,2025020366,2025-11-26,PIT,BUF,1,0.483787,0.516213,BUF,0,single,season_regime,late,hybrid_exponential,1.25,780.0,0.11,True,hybrid_exponential,1.0,650.0,0.1,True
logistic_engineered,20242025,20252026,20252026,2025020367,2025-11-26,WSH,WPG,1,0.502881,0.497119,WSH,1,single,season_regime,late,hybrid_exponential,1.25,780.0,0.11,True,hybrid_exponential,1.0,650.0,0.1,True
logistic_engineered,20242025,20252026,20252026,2025020368,2025-11-26,CAR,NYR,0,0.653864,0.346136,CAR,0,single,season_regime,late,hybrid_exponential,1.25,780.0,0.11,True,hybrid_exponential,1.0,650.0,0.1,True
logistic_engineered,20242025,20252026,20252026,2025020369,2025-11-26,CBJ,TOR,0,0.448365,0.551635,TOR,1,single,season_regime,late,hybrid_exponential,1.25,780.0,0.11,True,hybrid_exponential,1.0,650.0,0.1,True
logistic_engineered,20242025,20252026,20252026,2025020370,2025-11-26,CHI,MIN,0,0.500293,0.499707,CHI,0,single,season_regime,late,hybrid_exponential,1.25,780.0,0.11,True,hybrid_exponential,1.0,650.0,0.1,True
logistic_engineered,20242025,20252026,20252026,2025020371,2025-11-26,COL,SJS,1,0.932136,0.067864,COL,1,single,season_regime,late,hybrid_exponential,1.25,780.0,0.11,True,hybrid_exponential,1.0,650.0,0.1,True
logistic_engineered,20242025,20252026,20252026,2025020372,2025-11-26,UTA,MTL,0,0.47076,0.52924,MTL,1,single,season_regime,late,hybrid_exponential,1.25,780.0,0.11,True,hybrid_exponential,1.0,650.0,0.1,True
logistic_engineered,20242025,20252026,20252026,2025020373,2025-11-26,VGK,OTT,0,0.652791,0.347209,VGK,0,single,season_regime,late,hybrid_exponential,1.25,780.0,0.11,True,hybrid_exponential,1.0,650.0,0.1,True
logistic_engineered,20242025,20252026,20252026,2025020374,2025-11-26,ANA,VAN,0,0.640409,0.359591,ANA,0,single,season_regime,late,hybrid_exponential,1.25,780.0,0.11,True,hybrid_exponential,1.0,650.0,0.1,True
logistic_engineered,20242025,20252026,20252026,2025020375,2025-11-26,SEA,DAL,0,0.668944,0.331056,SEA,0,single,season_regime,late,hybrid_exponential,1.25,780.0,0.11,True,hybrid_exponential,1.0,650.0,0.1,True
logistic_engineered,20242025,20252026,20252026,2025020376,2025-11-28,BOS,NYR,0,0.495048,0.504952,NYR,1,single,season_regime,late,hybrid_exponential,1.25,780.0,0.11,True,hybrid_exponential,1.0,650.0,0.1,True
logistic_engineered,20242025,20252026,20252026,2025020377,2025-11-28,DET,TBL,0,0.521017,0.478983,DET,0,single,season_regime,late,hybrid_exponential,1.25,780.0,0.11,True,hybrid_exponential,1.0,650.0,0.1,True
logistic_engineered,20242025,20252026,20252026,2025020378,2025-11-28,MIN,COL,1,0.524568,0.475432,MIN,1,single,season_regime,late,hybrid_exponential,1.25,780.0,0.11,True,hybrid_exponential,1.0,650.0,0.1,True
logistic_engineered,20242025,20252026,20252026,2025020379,2025-11-28,BUF,NJD,0,0.605966,0.394034,BUF,0,single,season_regime,late,hybrid_exponential,1.25,780.0,0.11,True,hybrid_exponential,1.0,650.0,0.1,True
logistic_engineered,20242025,20252026,20252026,2025020380,2025-11-28,FLA,CGY,0,0.671628,0.328372,FLA,0,single,season_regime,late,hybrid_exponential,1.25,780.0,0.11,True,hybrid_exponential,1.0,650.0,0.1,True
logistic_engineered,20242025,20252026,20252026,2025020381,2025-11-28,NYI,PHI,0,0.525402,0.474598,NYI,0,single,season_regime,late,hybrid_exponential,1.25,780.0,0.11,True,hybrid_exponential,1.0,650.0,0.1,True
logistic_engineered,20242025,20252026,20252026,2025020382,2025-11-28,STL,OTT,1,0.54616,0.45384,STL,1,single,season_regime,late,hybrid_exponential,1.25,780.0,0.11,True,hybrid_exponential,1.0,650.0,0.1,True
logistic_engineered,20242025,20252026,20252026,2025020383,2025-11-28,VGK,MTL,0,0.518151,0.481849,VGK,0,single,season_regime,late,hybrid_exponential,1.25,780.0,0.11,True,hybrid_exponential,1.0,650.0,0.1,True
logistic_engineered,20242025,20252026,20252026,2025020384,2025-11-28,ANA,LAK,1,0.558793,0.441207,ANA,1,single,season_regime,late,hybrid_exponential,1.25,780.0,0.11,True,hybrid_exponential,1.0,650.0,0.1,True
logistic_engineered,20242025,20252026,20252026,2025020385,2025-11-28,SJS,VAN,1,0.482307,0.517693,VAN,0,single,season_regime,late,hybrid_exponential,1.25,780.0,0.11,True,hybrid_exponential,1.0,650.0,0.1,True
logistic_engineered,20242025,20252026,20252026,2025020386,2025-11-28,WSH,TOR,1,0.620103,0.379897,WSH,1,single,season_regime,late,hybrid_exponential,1.25,780.0,0.11,True,hybrid_exponential,1.0,650.0,0.1,True
logistic_engineered,20242025,20252026,20252026,2025020387,2025-11-28,CAR,WPG,1,0.460648,0.539352,WPG,0,single,season_regime,late,hybrid_exponential,1.25,780.0,0.11,True,hybrid_exponential,1.0,650.0,0.1,True
logistic_engineered,20242025,20252026,20252026,2025020388,2025-11-28,CBJ,PIT,0,0.625768,0.374232,CBJ,0,single,season_regime,late,hybrid_exponential,1.25,780.0,0.11,True,hybrid_exponential,1.0,650.0,0.1,True
logistic_engineered,20242025,20252026,20252026,2025020389,2025-11-28,CHI,NSH,0,0.547343,0.452657,CHI,0,single,season_regime,late,hybrid_exponential,1.25,780.0,0.11,True,hybrid_exponential,1.0,650.0,0.1,True
logistic_engineered,20242025,20252026,20252026,2025020390,2025-11-28,DAL,UTA,1,0.595977,0.404023,DAL,1,single,season_regime,late,hybrid_exponential,1.25,780.0,0.11,True,hybrid_exponential,1.0,650.0,0.1,True
logistic_engineered,20242025,20252026,20252026,2025020391,2025-11-29,NYR,TBL,0,0.357963,0.642037,TBL,1,single,season_regime,late,hybrid_exponential,1.25,780.0,0.11,True,hybrid_exponential,1.0,650.0,0.1,True
logistic_engineered,20242025,20252026,20252026,2025020392,2025-11-29,COL,MTL,1,0.608994,0.391006,COL,1,single,season_regime,late,hybrid_exponential,1.25,780.0,0.11,True,hybrid_exponential,1.0,650.0,0.1,True
logistic_engineered,20242025,20252026,20252026,2025020393,2025-11-29,SEA,EDM,0,0.565828,0.434172,SEA,0,single,season_regime,late,hybrid_exponential,1.25,780.0,0.11,True,hybrid_exponential,1.0,650.0,0.1,True
logistic_engineered,20242025,20252026,20252026,2025020394,2025-11-29,BOS,DET,1,0.402152,0.597848,DET,0,single,season_regime,late,hybrid_exponential,1.25,780.0,0.11,True,hybrid_exponential,1.0,650.0,0.1,True
logistic_engineered,20242025,20252026,20252026,2025020395,2025-11-29,NJD,PHI,0,0.637503,0.362497,NJD,0,single,season_regime,late,hybrid_exponential,1.25,780.0,0.11,True,hybrid_exponential,1.0,650.0,0.1,True
logistic_engineered,20242025,20252026,20252026,2025020396,2025-11-29,PIT,TOR,0,0.138509,0.861491,TOR,1,single,season_regime,late,hybrid_exponential,1.25,780.0,0.11,True,hybrid_exponential,1.0,650.0,0.1,True
logistic_engineered,20242025,20252026,20252026,2025020397,2025-11-29,NSH,WPG,0,0.39046,0.60954,WPG,1,single,season_regime,late,hybrid_exponential,1.25,780.0,0.11,True,hybrid_exponential,1.0,650.0,0.1,True
logistic_engineered,20242025,20252026,20252026,2025020398,2025-11-29,STL,UTA,1,0.512189,0.487811,STL,1,single,season_regime,late,hybrid_exponential,1.25,780.0,0.11,True,hybrid_exponential,1.0,650.0,0.1,True
logistic_engineered,20242025,20252026,20252026,2025020399,2025-11-29,MIN,BUF,0,0.55662,0.44338,MIN,0,single,season_regime,late,hybrid_exponential,1.25,780.0,0.11,True,hybrid_exponential,1.0,650.0,0.1,True
logistic_engineered,20242025,20252026,20252026,2025020400,2025-11-29,VGK,SJS,1,0.653401,0.346599,VGK,1,single,season_regime,late,hybrid_exponential,1.25,780.0,0.11,True,hybrid_exponential,1.0,650.0,0.1,True
logistic_engineered,20242025,20252026,20252026,2025020401,2025-11-29,LAK,VAN,1,0.585995,0.414005,LAK,1,single,season_regime,late,hybrid_exponential,1.25,780.0,0.11,True,hybrid_exponential,1.0,650.0,0.1,True
logistic_engineered,20242025,20252026,20252026,2025020402,2025-11-30,NYI,WSH,0,0.432617,0.567383,WSH,1,single,season_regime,late,hybrid_exponential,1.25,780.0,0.11,True,hybrid_exponential,1.0,650.0,0.1,True
logistic_engineered,20242025,20252026,20252026,2025020403,2025-11-30,CHI,ANA,1,0.742955,0.257045,CHI,1,single,season_regime,late,hybrid_exponential,1.25,780.0,0.11,True,hybrid_exponential,1.0,650.0,0.1,True
logistic_engineered,20242025,20252026,20252026,2025020404,2025-11-30,CAR,CGY,1,0.766005,0.233995,CAR,1,single,season_regime,late,hybrid_exponential,1.25,780.0,0.11,True,hybrid_exponential,1.0,650.0,0.1,True
logistic_engineered,20242025,20252026,20252026,2025020405,2025-11-30,DAL,OTT,1,0.713827,0.286173,DAL,1,single,season_regime,late,hybrid_exponential,1.25,780.0,0.11,True,hybrid_exponential,1.0,650.0,0.1,True
logistic_engineered,20242025,20252026,20252026,2025020406,2025-12-01,NJD,CBJ,0,0.541029,0.458971,NJD,0,single,season_regime,late,hybrid_exponential,1.25,780.0,0.11,True,hybrid_exponential,1.0,650.0,0.1,True
logistic_engineered,20242025,20252026,20252026,2025020407,2025-12-01,PHI,PIT,0,0.554848,0.445152,PHI,0,single,season_regime,late,hybrid_exponential,1.25,780.0,0.11,True,hybrid_exponential,1.0,650.0,0.1,True
logistic_engineered,20242025,20252026,20252026,2025020408,2025-12-01,BUF,WPG,1,0.723324,0.276676,BUF,1,single,season_regime,late,hybrid_exponential,1.25,780.0,0.11,True,hybrid_exponential,1.0,650.0,0.1,True
logistic_engineered,20242025,20252026,20252026,2025020409,2025-12-01,STL,ANA,0,0.183932,0.816068,ANA,1,single,season_regime,late,hybrid_exponential,1.25,780.0,0.11,True,hybrid_exponential,1.0,650.0,0.1,True
logistic_engineered,20242025,20252026,20252026,2025020410,2025-12-01,SJS,UTA,1,0.704994,0.295006,SJS,1,single,season_regime,late,hybrid_exponential,1.25,780.0,0.11,True,hybrid_exponential,1.0,650.0,0.1,True
logistic_engineered,20242025,20252026,20252026,2025020411,2025-12-02,MTL,OTT,0,0.691999,0.308001,MTL,0,single,season_regime,late,hybrid_exponential,1.25,780.0,0.11,True,hybrid_exponential,1.0,650.0,0.1,True
logistic_engineered,20242025,20252026,20252026,2025020412,2025-12-02,DET,BOS,1,0.870092,0.129908,DET,1,single,season_regime,late,hybrid_exponential,1.25,780.0,0.11,True,hybrid_exponential,1.0,650.0,0.1,True
logistic_engineered,20242025,20252026,20252026,2025020413,2025-12-02,FLA,TOR,0,0.59651,0.40349,FLA,0,single,season_regime,late,hybrid_exponential,1.25,780.0,0.11,True,hybrid_exponential,1.0,650.0,0.1,True
logistic_engineered,20242025,20252026,20252026,2025020414,2025-12-02,NYI,TBL,1,0.435364,0.564636,TBL,0,single,season_regime,late,hybrid_exponential,1.25,780.0,0.11,True,hybrid_exponential,1.0,650.0,0.1,True
logistic_engineered,20242025,20252026,20252026,2025020415,2025-12-02,NYR,DAL,1,0.465693,0.534307,DAL,0,single,season_regime,late,hybrid_exponential,1.25,780.0,0.11,True,hybrid_exponential,1.0,650.0,0.1,True
logistic_engineered,20242025,20252026,20252026,2025020416,2025-12-02,NSH,CGY,1,0.834343,0.165657,NSH,1,single,season_regime,late,hybrid_exponential,1.25,780.0,0.11,True,hybrid_exponential,1.0,650.0,0.1,True
logistic_engineered,20242025,20252026,20252026,2025020417,2025-12-02,COL,VAN,1,0.384242,0.615758,VAN,0,single,season_regime,late,hybrid_exponential,1.25,780.0,0.11,True,hybrid_exponential,1.0,650.0,0.1,True
logistic_engineered,20242025,20252026,20252026,2025020418,2025-12-02,EDM,MIN,0,0.569911,0.430089,EDM,0,single,season_regime,late,hybrid_exponential,1.25,780.0,0.11,True,hybrid_exponential,1.0,650.0,0.1,True
logistic_engineered,20242025,20252026,20252026,2025020419,2025-12-02,VGK,CHI,1,0.671661,0.328339,VGK,1,single,season_regime,late,hybrid_exponential,1.25,780.0,0.11,True,hybrid_exponential,1.0,650.0,0.1,True
logistic_engineered,20242025,20252026,20252026,2025020420,2025-12-02,LAK,WSH,0,0.518141,0.481859,LAK,0,single,season_regime,late,hybrid_exponential,1.25,780.0,0.11,True,hybrid_exponential,1.0,650.0,0.1,True
logistic_engineered,20242025,20252026,20252026,2025020421,2025-12-03,NJD,DAL,0,0.601649,0.398351,NJD,0,single,season_regime,late,hybrid_exponential,1.25,780.0,0.11,True,hybrid_exponential,1.0,650.0,0.1,True
logistic_engineered,20242025,20252026,20252026,2025020422,2025-12-03,MTL,WPG,1,0.430958,0.569042,WPG,0,single,season_regime,late,hybrid_exponential,1.25,780.0,0.11,True,hybrid_exponential,1.0,650.0,0.1,True
logistic_engineered,20242025,20252026,20252026,2025020423,2025-12-03,PHI,BUF,1,0.576171,0.423829,PHI,1,single,season_regime,late,hybrid_exponential,1.25,780.0,0.11,True,hybrid_exponential,1.0,650.0,0.1,True
logistic_engineered,20242025,20252026,20252026,2025020424,2025-12-03,ANA,UTA,0,0.405779,0.594221,UTA,1,single,season_regime,late,hybrid_exponential,1.25,780.0,0.11,True,hybrid_exponential,1.0,650.0,0.1,True
logistic_engineered,20242025,20252026,20252026,2025020425,2025-12-03,SJS,WSH,0,0.132884,0.867116,WSH,1,single,season_regime,late,hybrid_exponential,1.25,780.0,0.11,True,hybrid_exponential,1.0,650.0,0.1,True
logistic_engineered,20242025,20252026,20252026,2025020426,2025-12-04,BOS,STL,1,0.579128,0.420872,BOS,1,single,season_regime,late,hybrid_exponential,1.25,780.0,0.11,True,hybrid_exponential,1.0,650.0,0.1,True
logistic_engineered,20242025,20252026,20252026,2025020427,2025-12-04,OTT,NYR,0,0.526968,0.473032,OTT,0,single,season_regime,late,hybrid_exponential,1.25,780.0,0.11,True,hybrid_exponential,1.0,650.0,0.1,True
logistic_engineered,20242025,20252026,20252026,2025020428,2025-12-04,TBL,PIT,0,0.747599,0.252401,TBL,0,single,season_regime,late,hybrid_exponential,1.25,780.0,0.11,True,hybrid_exponential,1.0,650.0,0.1,True
logistic_engineered,20242025,20252026,20252026,2025020429,2025-12-04,FLA,NSH,0,0.717145,0.282855,FLA,0,single,season_regime,late,hybrid_exponential,1.25,780.0,0.11,True,hybrid_exponential,1.0,650.0,0.1,True
logistic_engineered,20242025,20252026,20252026,2025020430,2025-12-04,NYI,COL,1,0.349719,0.650281,COL,0,single,season_regime,late,hybrid_exponential,1.25,780.0,0.11,True,hybrid_exponential,1.0,650.0,0.1,True
logistic_engineered,20242025,20252026,20252026,2025020431,2025-12-04,CAR,TOR,0,0.871986,0.128014,CAR,0,single,season_regime,late,hybrid_exponential,1.25,780.0,0.11,True,hybrid_exponential,1.0,650.0,0.1,True
logistic_engineered,20242025,20252026,20252026,2025020432,2025-12-04,CBJ,DET,1,0.6203,0.3797,CBJ,1,single,season_regime,late,hybrid_exponential,1.25,780.0,0.11,True,hybrid_exponential,1.0,650.0,0.1,True
logistic_engineered,20242025,20252026,20252026,2025020433,2025-12-04,CGY,MIN,1,0.511207,0.488793,CGY,1,single,season_regime,late,hybrid_exponential,1.25,780.0,0.11,True,hybrid_exponential,1.0,650.0,0.1,True
logistic_engineered,20242025,20252026,20252026,2025020434,2025-12-04,EDM,SEA,1,0.821224,0.178776,EDM,1,single,season_regime,late,hybrid_exponential,1.25,780.0,0.11,True,hybrid_exponential,1.0,650.0,0.1,True
logistic_engineered,20242025,20252026,20252026,2025020435,2025-12-04,LAK,CHI,0,0.570702,0.429298,LAK,0,single,season_regime,late,hybrid_exponential,1.25,780.0,0.11,True,hybrid_exponential,1.0,650.0,0.1,True
logistic_engineered,20242025,20252026,20252026,2025020436,2025-12-05,NJD,VGK,0,0.563564,0.436436,NJD,0,single,season_regime,late,hybrid_exponential,1.25,780.0,0.11,True,hybrid_exponential,1.0,650.0,0.1,True
logistic_engineered,20242025,20252026,20252026,2025020437,2025-12-05,WPG,BUF,1,0.692324,0.307676,WPG,1,single,season_regime,late,hybrid_exponential,1.25,780.0,0.11,True,hybrid_exponential,1.0,650.0,0.1,True
logistic_engineered,20242025,20252026,20252026,2025020438,2025-12-05,DAL,SJS,1,0.759531,0.240469,DAL,1,single,season_regime,late,hybrid_exponential,1.25,780.0,0.11,True,hybrid_exponential,1.0,650.0,0.1,True
logistic_engineered,20242025,20252026,20252026,2025020439,2025-12-05,VAN,UTA,0,0.6547,0.3453,VAN,0,single,season_regime,late,hybrid_exponential,1.25,780.0,0.11,True,hybrid_exponential,1.0,650.0,0.1,True
logistic_engineered,20242025,20252026,20252026,2025020440,2025-12-05,ANA,WSH,1,0.537309,0.462691,ANA,1,single,season_regime,late,hybrid_exponential,1.25,780.0,0.11,True,hybrid_exponential,1.0,650.0,0.1,True
logistic_engineered,20242025,20252026,20252026,2025020441,2025-12-06,NYR,COL,0,0.436806,0.563194,COL,1,single,season_regime,late,hybrid_exponential,1.25,780.0,0.11,True,hybrid_exponential,1.0,650.0,0.1,True
logistic_engineered,20242025,20252026,20252026,2025020442,2025-12-06,FLA,CBJ,1,0.538154,0.461846,FLA,1,single,season_regime,late,hybrid_exponential,1.25,780.0,0.11,True,hybrid_exponential,1.0,650.0,0.1,True
logistic_engineered,20242025,20252026,20252026,2025020443,2025-12-06,BOS,NJD,1,0.533695,0.466305,BOS,1,single,season_regime,late,hybrid_exponential,1.25,780.0,0.11,True,hybrid_exponential,1.0,650.0,0.1,True
logistic_engineered,20242025,20252026,20252026,2025020444,2025-12-06,TOR,MTL,0,0.696006,0.303994,TOR,0,single,season_regime,late,hybrid_exponential,1.25,780.0,0.11,True,hybrid_exponential,1.0,650.0,0.1,True
logistic_engineered,20242025,20252026,20252026,2025020445,2025-12-06,OTT,STL,0,0.563641,0.436359,OTT,0,single,season_regime,late,hybrid_exponential,1.25,780.0,0.11,True,hybrid_exponential,1.0,650.0,0.1,True
logistic_engineered,20242025,20252026,20252026,2025020446,2025-12-06,TBL,NYI,0,0.719192,0.280808,TBL,0,single,season_regime,late,hybrid_exponential,1.25,780.0,0.11,True,hybrid_exponential,1.0,650.0,0.1,True
logistic_engineered,20242025,20252026,20252026,2025020447,2025-12-06,CAR,NSH,1,0.889335,0.110665,CAR,1,single,season_regime,late,hybrid_exponential,1.25,780.0,0.11,True,hybrid_exponential,1.0,650.0,0.1,True
logistic_engineered,20242025,20252026,20252026,2025020448,2025-12-06,CGY,UTA,1,0.675659,0.324341,CGY,1,single,season_regime,late,hybrid_exponential,1.25,780.0,0.11,True,hybrid_exponential,1.0,650.0,0.1,True
logistic_engineered,20242025,20252026,20252026,2025020449,2025-12-06,LAK,CHI,1,0.573824,0.426176,LAK,1,single,season_regime,late,hybrid_exponential,1.25,780.0,0.11,True,hybrid_exponential,1.0,650.0,0.1,True
logistic_engineered,20242025,20252026,20252026,2025020450,2025-12-06,EDM,WPG,1,0.787979,0.212021,EDM,1,single,season_regime,late,hybrid_exponential,1.25,780.0,0.11,True,hybrid_exponential,1.0,650.0,0.1,True
logistic_engineered,20242025,20252026,20252026,2025020451,2025-12-06,VAN,MIN,1,0.485365,0.514635,MIN,0,single,season_regime,late,hybrid_exponential,1.25,780.0,0.11,True,hybrid_exponential,1.0,650.0,0.1,True
logistic_engineered,20242025,20252026,20252026,2025020452,2025-12-06,SEA,DET,0,0.511423,0.488577,SEA,0,single,season_regime,late,hybrid_exponential,1.25,780.0,0.11,True,hybrid_exponential,1.0,650.0,0.1,True
logistic_engineered,20242025,20252026,20252026,2025020453,2025-12-07,PHI,COL,0,0.497478,0.502522,COL,1,single,season_regime,late,hybrid_exponential,1.25,780.0,0.11,True,hybrid_exponential,1.0,650.0,0.1,True
logistic_engineered,20242025,20252026,20252026,2025020454,2025-12-07,FLA,NYI,1,0.567016,0.432984,FLA,1,single,season_regime,late,hybrid_exponential,1.25,780.0,0.11,True,hybrid_exponential,1.0,650.0,0.1,True
logistic_engineered,20242025,20252026,20252026,2025020455,2025-12-07,CAR,SJS,0,0.585605,0.414395,CAR,0,single,season_regime,late,hybrid_exponential,1.25,780.0,0.11,True,hybrid_exponential,1.0,650.0,0.1,True
logistic_engineered,20242025,20252026,20252026,2025020456,2025-12-07,DAL,PIT,1,0.682763,0.317237,DAL,1,single,season_regime,late,hybrid_exponential,1.25,780.0,0.11,True,hybrid_exponential,1.0,650.0,0.1,True
logistic_engineered,20242025,20252026,20252026,2025020457,2025-12-07,MTL,STL,0,0.635378,0.364622,MTL,0,single,season_regime,late,hybrid_exponential,1.25,780.0,0.11,True,hybrid_exponential,1.0,650.0,0.1,True
logistic_engineered,20242025,20252026,20252026,2025020458,2025-12-07,NYR,VGK,0,0.350638,0.649362,VGK,1,single,season_regime,late,hybrid_exponential,1.25,780.0,0.11,True,hybrid_exponential,1.0,650.0,0.1,True
logistic_engineered,20242025,20252026,20252026,2025020459,2025-12-07,WSH,CBJ,1,0.698257,0.301743,WSH,1,single,season_regime,late,hybrid_exponential,1.25,780.0,0.11,True,hybrid_exponential,1.0,650.0,0.1,True
logistic_engineered,20242025,20252026,20252026,2025020460,2025-12-07,ANA,CHI,1,0.760559,0.239441,ANA,1,single,season_regime,late,hybrid_exponential,1.25,780.0,0.11,True,hybrid_exponential,1.0,650.0,0.1,True
logistic_engineered,20242025,20252026,20252026,2025020461,2025-12-08,TOR,TBL,1,0.534629,0.465371,TOR,1,single,season_regime,late,hybrid_exponential,1.25,780.0,0.11,True,hybrid_exponential,1.0,650.0,0.1,True
logistic_engineered,20242025,20252026,20252026,2025020462,2025-12-08,UTA,LAK,0,0.506961,0.493039,UTA,0,single,season_regime,late,hybrid_exponential,1.25,780.0,0.11,True,hybrid_exponential,1.0,650.0,0.1,True
logistic_engineered,20242025,20252026,20252026,2025020463,2025-12-08,CGY,BUF,1,0.827817,0.172183,CGY,1,single,season_regime,late,hybrid_exponential,1.25,780.0,0.11,True,hybrid_exponential,1.0,650.0,0.1,True
logistic_engineered,20242025,20252026,20252026,2025020464,2025-12-08,VAN,DET,0,0.168083,0.831917,DET,1,single,season_regime,late,hybrid_exponential,1.25,780.0,0.11,True,hybrid_exponential,1.0,650.0,0.1,True
logistic_engineered,20242025,20252026,20252026,2025020465,2025-12-08,SEA,MIN,0,0.571787,0.428213,SEA,0,single,season_regime,late,hybrid_exponential,1.25,780.0,0.11,True,hybrid_exponential,1.0,650.0,0.1,True
logistic_engineered,20242025,20252026,20252026,2025020466,2025-12-09,MTL,TBL,0,0.171583,0.828417,TBL,1,single,season_regime,late,hybrid_exponential,1.25,780.0,0.11,True,hybrid_exponential,1.0,650.0,0.1,True
logistic_engineered,20242025,20252026,20252026,2025020467,2025-12-09,OTT,NJD,0,0.532313,0.467687,OTT,0,single,season_regime,late,hybrid_exponential,1.25,780.0,0.11,True,hybrid_exponential,1.0,650.0,0.1,True
logistic_engineered,20242025,20252026,20252026,2025020468,2025-12-09,NYI,VGK,1,0.409653,0.590347,VGK,0,single,season_regime,late,hybrid_exponential,1.25,780.0,0.11,True,hybrid_exponential,1.0,650.0,0.1,True
logistic_engineered,20242025,20252026,20252026,2025020469,2025-12-09,PHI,SJS,1,0.621637,0.378363,PHI,1,single,season_regime,late,hybrid_exponential,1.25,780.0,0.11,True,hybrid_exponential,1.0,650.0,0.1,True
logistic_engineered,20242025,20252026,20252026,2025020470,2025-12-09,PIT,ANA,0,0.513215,0.486785,PIT,0,single,season_regime,late,hybrid_exponential,1.25,780.0,0.11,True,hybrid_exponential,1.0,650.0,0.1,True
logistic_engineered,20242025,20252026,20252026,2025020471,2025-12-09,CAR,CBJ,1,0.511023,0.488977,CAR,1,single,season_regime,late,hybrid_exponential,1.25,780.0,0.11,True,hybrid_exponential,1.0,650.0,0.1,True
logistic_engineered,20242025,20252026,20252026,2025020472,2025-12-09,STL,BOS,0,0.496808,0.503192,BOS,1,single,season_regime,late,hybrid_exponential,1.25,780.0,0.11,True,hybrid_exponential,1.0,650.0,0.1,True
logistic_engineered,20242025,20252026,20252026,2025020473,2025-12-09,WPG,DAL,0,0.595855,0.404145,WPG,0,single,season_regime,late,hybrid_exponential,1.25,780.0,0.11,True,hybrid_exponential,1.0,650.0,0.1,True
logistic_engineered,20242025,20252026,20252026,2025020474,2025-12-09,EDM,BUF,0,0.916565,0.083435,EDM,0,single,season_regime,late,hybrid_exponential,1.25,780.0,0.11,True,hybrid_exponential,1.0,650.0,0.1,True
logistic_engineered,20242025,20252026,20252026,2025020475,2025-12-09,NSH,COL,1,0.663446,0.336554,NSH,1,single,season_regime,late,hybrid_exponential,1.25,780.0,0.11,True,hybrid_exponential,1.0,650.0,0.1,True
logistic_engineered,20242025,20252026,20252026,2025020476,2025-12-10,CHI,NYR,1,0.459563,0.540437,NYR,0,single,season_regime,late,hybrid_exponential,1.25,780.0,0.11,True,hybrid_exponential,1.0,650.0,0.1,True
logistic_engineered,20242025,20252026,20252026,2025020477,2025-12-10,CGY,DET,0,0.581375,0.418625,CGY,0,single,season_regime,late,hybrid_exponential,1.25,780.0,0.11,True,hybrid_exponential,1.0,650.0,0.1,True
logistic_engineered,20242025,20252026,20252026,2025020478,2025-12-10,UTA,FLA,0,0.481317,0.518683,FLA,1,single,season_regime,late,hybrid_exponential,1.25,780.0,0.11,True,hybrid_exponential,1.0,650.0,0.1,True
logistic_engineered,20242025,20252026,20252026,2025020479,2025-12-10,SEA,LAK,1,0.454924,0.545076,LAK,0,single,season_regime,late,hybrid_exponential,1.25,780.0,0.11,True,hybrid_exponential,1.0,650.0,0.1,True
logistic_engineered,20242025,20252026,20252026,2025020480,2025-12-11,TOR,SJS,0,0.776387,0.223613,TOR,0,single,season_regime,late,hybrid_exponential,1.25,780.0,0.11,True,hybrid_exponential,1.0,650.0,0.1,True
logistic_engineered,20242025,20252026,20252026,2025020481,2025-12-11,NJD,TBL,0,0.176371,0.823629,TBL,1,single,season_regime,late,hybrid_exponential,1.25,780.0,0.11,True,hybrid_exponential,1.0,650.0,0.1,True
logistic_engineered,20242025,20252026,20252026,2025020482,2025-12-11,NYI,ANA,1,0.521566,0.478434,NYI,1,single,season_regime,late,hybrid_exponential,1.25,780.0,0.11,True,hybrid_exponential,1.0,650.0,0.1,True
logistic_engineered,20242025,20252026,20252026,2025020483,2025-12-11,PHI,VGK,0,0.49842,0.50158,VGK,1,single,season_regime,late,hybrid_exponential,1.25,780.0,0.11,True,hybrid_exponential,1.0,650.0,0.1,True
logistic_engineered,20242025,20252026,20252026,2025020484,2025-12-11,PIT,MTL,0,0.510836,0.489164,PIT,0,single,season_regime,late,hybrid_exponential,1.25,780.0,0.11,True,hybrid_exponential,1.0,650.0,0.1,True
logistic_engineered,20242025,20252026,20252026,2025020485,2025-12-11,WSH,CAR,0,0.651551,0.348449,WSH,0,single,season_regime,late,hybrid_exponential,1.25,780.0,0.11,True,hybrid_exponential,1.0,650.0,0.1,True
logistic_engineered,20242025,20252026,20252026,2025020486,2025-12-11,CBJ,OTT,0,0.266981,0.733019,OTT,1,single,season_regime,late,hybrid_exponential,1.25,780.0,0.11,True,hybrid_exponential,1.0,650.0,0.1,True
logistic_engineered,20242025,20252026,20252026,2025020487,2025-12-11,NSH,STL,1,0.796929,0.203071,NSH,1,single,season_regime,late,hybrid_exponential,1.25,780.0,0.11,True,hybrid_exponential,1.0,650.0,0.1,True
logistic_engineered,20242025,20252026,20252026,2025020488,2025-12-11,MIN,DAL,1,0.461003,0.538997,DAL,0,single,season_regime,late,hybrid_exponential,1.25,780.0,0.11,True,hybrid_exponential,1.0,650.0,0.1,True
logistic_engineered,20242025,20252026,20252026,2025020489,2025-12-11,WPG,BOS,0,0.667564,0.332436,WPG,0,single,season_regime,late,hybrid_exponential,1.25,780.0,0.11,True,hybrid_exponential,1.0,650.0,0.1,True
logistic_engineered,20242025,20252026,20252026,2025020490,2025-12-11,COL,FLA,1,0.825477,0.174523,COL,1,single,season_regime,late,hybrid_exponential,1.25,780.0,0.11,True,hybrid_exponential,1.0,650.0,0.1,True
logistic_engineered,20242025,20252026,20252026,2025020491,2025-12-11,EDM,DET,1,0.69336,0.30664,EDM,1,single,season_regime,late,hybrid_exponential,1.25,780.0,0.11,True,hybrid_exponential,1.0,650.0,0.1,True
logistic_engineered,20242025,20252026,20252026,2025020492,2025-12-11,VAN,BUF,0,0.537186,0.462814,VAN,0,single,season_regime,late,hybrid_exponential,1.25,780.0,0.11,True,hybrid_exponential,1.0,650.0,0.1,True
logistic_engineered,20242025,20252026,20252026,2025020493,2025-12-12,STL,CHI,1,0.475306,0.524694,CHI,0,single,season_regime,late,hybrid_exponential,1.25,780.0,0.11,True,hybrid_exponential,1.0,650.0,0.1,True
logistic_engineered,20242025,20252026,20252026,2025020494,2025-12-12,UTA,SEA,1,0.653401,0.346599,UTA,1,single,season_regime,late,hybrid_exponential,1.25,780.0,0.11,True,hybrid_exponential,1.0,650.0,0.1,True
logistic_engineered,20242025,20252026,20252026,2025020495,2025-12-13,NJD,ANA,1,0.579785,0.420215,NJD,1,single,season_regime,late,hybrid_exponential,1.25,780.0,0.11,True,hybrid_exponential,1.0,650.0,0.1,True
logistic_engineered,20242025,20252026,20252026,2025020496,2025-12-13,MIN,OTT,1,0.491366,0.508634,OTT,0,single,season_regime,late,hybrid_exponential,1.25,780.0,0.11,True,hybrid_exponential,1.0,650.0,0.1,True
logistic_engineered,20242025,20252026,20252026,2025020497,2025-12-13,PIT,SJS,0,0.722356,0.277644,PIT,0,single,season_regime,late,hybrid_exponential,1.25,780.0,0.11,True,hybrid_exponential,1.0,650.0,0.1,True
logistic_engineered,20242025,20252026,20252026,2025020498,2025-12-13,NYI,TBL,1,0.770824,0.229176,NYI,1,single,season_regime,late,hybrid_exponential,1.25,780.0,0.11,True,hybrid_exponential,1.0,650.0,0.1,True
logistic_engineered,20242025,20252026,20252026,2025020499,2025-12-13,TOR,EDM,0,0.214045,0.785955,EDM,1,single,season_regime,late,hybrid_exponential,1.25,780.0,0.11,True,hybrid_exponential,1.0,650.0,0.1,True
logistic_engineered,20242025,20252026,20252026,2025020500,2025-12-13,NYR,MTL,1,0.578041,0.421959,NYR,1,single,season_regime,late,hybrid_exponential,1.25,780.0,0.11,True,hybrid_exponential,1.0,650.0,0.1,True
logistic_engineered,20242025,20252026,20252026,2025020501,2025-12-13,PHI,CAR,0,0.485241,0.514759,CAR,1,single,season_regime,late,hybrid_exponential,1.25,780.0,0.11,True,hybrid_exponential,1.0,650.0,0.1,True
logistic_engineered,20242025,20252026,20252026,2025020502,2025-12-13,CBJ,VGK,0,0.532854,0.467146,CBJ,0,single,season_regime,late,hybrid_exponential,1.25,780.0,0.11,True,hybrid_exponential,1.0,650.0,0.1,True
logistic_engineered,20242025,20252026,20252026,2025020503,2025-12-13,WPG,WSH,1,0.514046,0.485954,WPG,1,single,season_regime,late,hybrid_exponential,1.25,780.0,0.11,True,hybrid_exponential,1.0,650.0,0.1,True
logistic_engineered,20242025,20252026,20252026,2025020504,2025-12-13,CHI,DET,0,0.342561,0.657439,DET,1,single,season_regime,late,hybrid_exponential,1.25,780.0,0.11,True,hybrid_exponential,1.0,650.0,0.1,True
logistic_engineered,20242025,20252026,20252026,2025020505,2025-12-13,DAL,FLA,0,0.660721,0.339279,DAL,0,single,season_regime,late,hybrid_exponential,1.25,780.0,0.11,True,hybrid_exponential,1.0,650.0,0.1,True
logistic_engineered,20242025,20252026,20252026,2025020506,2025-12-13,COL,NSH,1,0.699652,0.300348,COL,1,single,season_regime,late,hybrid_exponential,1.25,780.0,0.11,True,hybrid_exponential,1.0,650.0,0.1,True
logistic_engineered,20242025,20252026,20252026,2025020507,2025-12-13,LAK,CGY,0,0.597102,0.402898,LAK,0,single,season_regime,late,hybrid_exponential,1.25,780.0,0.11,True,hybrid_exponential,1.0,650.0,0.1,True
logistic_engineered,20242025,20252026,20252026,2025020508,2025-12-14,NJD,VAN,0,0.45552,0.54448,VAN,1,single,season_regime,late,hybrid_exponential,1.25,780.0,0.11,True,hybrid_exponential,1.0,650.0,0.1,True
logistic_engineered,20242025,20252026,20252026,2025020509,2025-12-14,PIT,UTA,0,0.442288,0.557712,UTA,1,single,season_regime,late,hybrid_exponential,1.25,780.0,0.11,True,hybrid_exponential,1.0,650.0,0.1,True
logistic_engineered,20242025,20252026,20252026,2025020510,2025-12-14,CAR,PHI,1,0.547189,0.452811,CAR,1,single,season_regime,late,hybrid_exponential,1.25,780.0,0.11,True,hybrid_exponential,1.0,650.0,0.1,True
logistic_engineered,20242025,20252026,20252026,2025020511,2025-12-14,MIN,BOS,1,0.409926,0.590074,BOS,0,single,season_regime,late,hybrid_exponential,1.25,780.0,0.11,True,hybrid_exponential,1.0,650.0,0.1,True
logistic_engineered,20242025,20252026,20252026,2025020512,2025-12-14,MTL,EDM,1,0.395324,0.604676,EDM,0,single,season_regime,late,hybrid_exponential,1.25,780.0,0.11,True,hybrid_exponential,1.0,650.0,0.1,True
logistic_engineered,20242025,20252026,20252026,2025020513,2025-12-14,SEA,BUF,0,0.48898,0.51102,BUF,1,single,season_regime,late,hybrid_exponential,1.25,780.0,0.11,True,hybrid_exponential,1.0,650.0,0.1,True
logistic_engineered,20242025,20252026,20252026,2025020514,2025-12-15,TBL,FLA,0,0.670215,0.329785,TBL,0,single,season_regime,late,hybrid_exponential,1.25,780.0,0.11,True,hybrid_exponential,1.0,650.0,0.1,True
logistic_engineered,20242025,20252026,20252026,2025020515,2025-12-15,NYR,ANA,0,0.507953,0.492047,NYR,0,single,season_regime,late,hybrid_exponential,1.25,780.0,0.11,True,hybrid_exponential,1.0,650.0,0.1,True
logistic_engineered,20242025,20252026,20252026,2025020516,2025-12-15,WPG,OTT,0,0.624708,0.375292,WPG,0,single,season_regime,late,hybrid_exponential,1.25,780.0,0.11,True,hybrid_exponential,1.0,650.0,0.1,True
logistic_engineered,20242025,20252026,20252026,2025020517,2025-12-15,STL,NSH,0,0.68568,0.31432,STL,0,single,season_regime,late,hybrid_exponential,1.25,780.0,0.11,True,hybrid_exponential,1.0,650.0,0.1,True
logistic_engineered,20242025,20252026,20252026,2025020518,2025-12-15,DAL,LAK,1,0.861024,0.138976,DAL,1,single,season_regime,late,hybrid_exponential,1.25,780.0,0.11,True,hybrid_exponential,1.0,650.0,0.1,True
logistic_engineered,20242025,20252026,20252026,2025020519,2025-12-16,BOS,UTA,1,0.496334,0.503666,UTA,0,single,season_regime,late,hybrid_exponential,1.25,780.0,0.11,True,hybrid_exponential,1.0,650.0,0.1,True
logistic_engineered,20242025,20252026,20252026,2025020520,2025-12-16,TOR,CHI,1,0.710133,0.289867,TOR,1,single,season_regime,late,hybrid_exponential,1.25,780.0,0.11,True,hybrid_exponential,1.0,650.0,0.1,True
logistic_engineered,20242025,20252026,20252026,2025020521,2025-12-16,MTL,PHI,0,0.483821,0.516179,PHI,1,single,season_regime,late,hybrid_exponential,1.25,780.0,0.11,True,hybrid_exponential,1.0,650.0,0.1,True
logistic_engineered,20242025,20252026,20252026,2025020522,2025-12-16,DET,NYI,1,0.564179,0.435821,DET,1,single,season_regime,late,hybrid_exponential,1.25,780.0,0.11,True,hybrid_exponential,1.0,650.0,0.1,True
logistic_engineered,20242025,20252026,20252026,2025020523,2025-12-16,NYR,VAN,0,0.381389,0.618611,VAN,1,single,season_regime,late,hybrid_exponential,1.25,780.0,0.11,True,hybrid_exponential,1.0,650.0,0.1,True
logistic_engineered,20242025,20252026,20252026,2025020524,2025-12-16,PIT,EDM,0,0.395676,0.604324,EDM,1,single,season_regime,late,hybrid_exponential,1.25,780.0,0.11,True,hybrid_exponential,1.0,650.0,0.1,True
logistic_engineered,20242025,20252026,20252026,2025020525,2025-12-16,CBJ,ANA,1,0.696309,0.303691,CBJ,1,single,season_regime,late,hybrid_exponential,1.25,780.0,0.11,True,hybrid_exponential,1.0,650.0,0.1,True
logistic_engineered,20242025,20252026,20252026,2025020526,2025-12-16,MIN,WSH,1,0.299079,0.700921,WSH,0,single,season_regime,late,hybrid_exponential,1.25,780.0,0.11,True,hybrid_exponential,1.0,650.0,0.1,True
logistic_engineered,20242025,20252026,20252026,2025020527,2025-12-16,SJS,CGY,1,0.538985,0.461015,SJS,1,single,season_regime,late,hybrid_exponential,1.25,780.0,0.11,True,hybrid_exponential,1.0,650.0,0.1,True
logistic_engineered,20242025,20252026,20252026,2025020528,2025-12-16,SEA,COL,0,0.365163,0.634837,COL,1,single,season_regime,late,hybrid_exponential,1.25,780.0,0.11,True,hybrid_exponential,1.0,650.0,0.1,True
logistic_engineered,20242025,20252026,20252026,2025020529,2025-12-17,FLA,LAK,1,0.628925,0.371075,FLA,1,single,season_regime,late,hybrid_exponential,1.25,780.0,0.11,True,hybrid_exponential,1.0,650.0,0.1,True
logistic_engineered,20242025,20252026,20252026,2025020530,2025-12-17,DET,UTA,0,0.615447,0.384553,DET,0,single,season_regime,late,hybrid_exponential,1.25,780.0,0.11,True,hybrid_exponential,1.0,650.0,0.1,True
logistic_engineered,20242025,20252026,20252026,2025020531,2025-12-17,STL,WPG,1,0.48001,0.51999,WPG,0,single,season_regime,late,hybrid_exponential,1.25,780.0,0.11,True,hybrid_exponential,1.0,650.0,0.1,True
logistic_engineered,20242025,20252026,20252026,2025020532,2025-12-17,NSH,CAR,0,0.398122,0.601878,CAR,1,single,season_regime,late,hybrid_exponential,1.25,780.0,0.11,True,hybrid_exponential,1.0,650.0,0.1,True
logistic_engineered,20242025,20252026,20252026,2025020533,2025-12-17,VGK,NJD,0,0.625866,0.374134,VGK,0,single,season_regime,late,hybrid_exponential,1.25,780.0,0.11,True,hybrid_exponential,1.0,650.0,0.1,True
logistic_engineered,20242025,20252026,20252026,2025020534,2025-12-18,BOS,EDM,0,0.811994,0.188006,BOS,0,single,season_regime,late,hybrid_exponential,1.25,780.0,0.11,True,hybrid_exponential,1.0,650.0,0.1,True
logistic_engineered,20242025,20252026,20252026,2025020535,2025-12-18,BUF,PHI,1,0.64776,0.35224,BUF,1,single,season_regime,late,hybrid_exponential,1.25,780.0,0.11,True,hybrid_exponential,1.0,650.0,0.1,True
logistic_engineered,20242025,20252026,20252026,2025020536,2025-12-18,MTL,CHI,1,0.663693,0.336307,MTL,1,single,season_regime,late,hybrid_exponential,1.25,780.0,0.11,True,hybrid_exponential,1.0,650.0,0.1,True
logistic_engineered,20242025,20252026,20252026,2025020537,2025-12-18,OTT,PIT,1,0.527276,0.472724,OTT,1,single,season_regime,late,hybrid_exponential,1.25,780.0,0.11,True,hybrid_exponential,1.0,650.0,0.1,True
logistic_engineered,20242025,20252026,20252026,2025020538,2025-12-18,TBL,LAK,0,0.854295,0.145705,TBL,0,single,season_regime,late,hybrid_exponential,1.25,780.0,0.11,True,hybrid_exponential,1.0,650.0,0.1,True
logistic_engineered,20242025,20252026,20252026,2025020539,2025-12-18,WSH,TOR,1,0.53875,0.46125,WSH,1,single,season_regime,late,hybrid_exponential,1.25,780.0,0.11,True,hybrid_exponential,1.0,650.0,0.1,True
logistic_engineered,20242025,20252026,20252026,2025020540,2025-12-18,CBJ,MIN,0,0.594081,0.405919,CBJ,0,single,season_regime,late,hybrid_exponential,1.25,780.0,0.11,True,hybrid_exponential,1.0,650.0,0.1,True
logistic_engineered,20242025,20252026,20252026,2025020541,2025-12-18,STL,NYR,0,0.319951,0.680049,NYR,1,single,season_regime,late,hybrid_exponential,1.25,780.0,0.11,True,hybrid_exponential,1.0,650.0,0.1,True
logistic_engineered,20242025,20252026,20252026,2025020542,2025-12-18,CGY,SEA,1,0.568756,0.431244,CGY,1,single,season_regime,late,hybrid_exponential,1.25,780.0,0.11,True,hybrid_exponential,1.0,650.0,0.1,True
logistic_engineered,20242025,20252026,20252026,2025020543,2025-12-18,SJS,DAL,0,0.374118,0.625882,DAL,1,single,season_regime,late,hybrid_exponential,1.25,780.0,0.11,True,hybrid_exponential,1.0,650.0,0.1,True
logistic_engineered,20242025,20252026,20252026,2025020544,2025-12-19,FLA,CAR,1,0.634423,0.365577,FLA,1,single,season_regime,late,hybrid_exponential,1.25,780.0,0.11,True,hybrid_exponential,1.0,650.0,0.1,True
logistic_engineered,20242025,20252026,20252026,2025020545,2025-12-19,NYI,VAN,0,0.612736,0.387264,NYI,0,single,season_regime,late,hybrid_exponential,1.25,780.0,0.11,True,hybrid_exponential,1.0,650.0,0.1,True
logistic_engineered,20242025,20252026,20252026,2025020546,2025-12-19,COL,WPG,1,0.664701,0.335299,COL,1,single,season_regime,late,hybrid_exponential,1.25,780.0,0.11,True,hybrid_exponential,1.0,650.0,0.1,True
logistic_engineered,20242025,20252026,20252026,2025020547,2025-12-19,UTA,NJD,0,0.590392,0.409608,UTA,0,single,season_regime,late,hybrid_exponential,1.25,780.0,0.11,True,hybrid_exponential,1.0,650.0,0.1,True
logistic_engineered,20242025,20252026,20252026,2025020548,2025-12-19,ANA,DAL,0,0.306677,0.693323,DAL,1,single,season_regime,late,hybrid_exponential,1.25,780.0,0.11,True,hybrid_exponential,1.0,650.0,0.1,True
logistic_engineered,20242025,20252026,20252026,2025020549,2025-12-20,NYR,PHI,1,0.605295,0.394705,NYR,1,single,season_regime,late,hybrid_exponential,1.25,780.0,0.11,True,hybrid_exponential,1.0,650.0,0.1,True
logistic_engineered,20242025,20252026,20252026,2025020550,2025-12-20,WSH,DET,0,0.62374,0.37626,WSH,0,single,season_regime,late,hybrid_exponential,1.25,780.0,0.11,True,hybrid_exponential,1.0,650.0,0.1,True
logistic_engineered,20242025,20252026,20252026,2025020551,2025-12-20,OTT,CHI,1,0.772683,0.227317,OTT,1,single,season_regime,late,hybrid_exponential,1.25,780.0,0.11,True,hybrid_exponential,1.0,650.0,0.1,True
logistic_engineered,20242025,20252026,20252026,2025020552,2025-12-20,MIN,EDM,1,0.547494,0.452506,MIN,1,single,season_regime,late,hybrid_exponential,1.25,780.0,0.11,True,hybrid_exponential,1.0,650.0,0.1,True
logistic_engineered,20242025,20252026,20252026,2025020553,2025-12-20,BUF,NYI,1,0.684564,0.315436,BUF,1,single,season_regime,late,hybrid_exponential,1.25,780.0,0.11,True,hybrid_exponential,1.0,650.0,0.1,True
logistic_engineered,20242025,20252026,20252026,2025020554,2025-12-20,FLA,STL,0,0.49217,0.50783,STL,1,single,season_regime,late,hybrid_exponential,1.25,780.0,0.11,True,hybrid_exponential,1.0,650.0,0.1,True
logistic_engineered,20242025,20252026,20252026,2025020555,2025-12-20,BOS,VAN,0,0.70295,0.29705,BOS,0,single,season_regime,late,hybrid_exponential,1.25,780.0,0.11,True,hybrid_exponential,1.0,650.0,0.1,True
logistic_engineered,20242025,20252026,20252026,2025020556,2025-12-20,MTL,PIT,1,0.587104,0.412896,MTL,1,single,season_regime,late,hybrid_exponential,1.25,780.0,0.11,True,hybrid_exponential,1.0,650.0,0.1,True
logistic_engineered,20242025,20252026,20252026,2025020557,2025-12-20,TBL,CAR,1,0.675192,0.324808,TBL,1,single,season_regime,late,hybrid_exponential,1.25,780.0,0.11,True,hybrid_exponential,1.0,650.0,0.1,True
logistic_engineered,20242025,20252026,20252026,2025020558,2025-12-20,NSH,TOR,1,0.534125,0.465875,NSH,1,single,season_regime,late,hybrid_exponential,1.25,780.0,0.11,True,hybrid_exponential,1.0,650.0,0.1,True
logistic_engineered,20242025,20252026,20252026,2025020559,2025-12-20,CGY,VGK,1,0.550337,0.449663,CGY,1,single,season_regime,late,hybrid_exponential,1.25,780.0,0.11,True,hybrid_exponential,1.0,650.0,0.1,True
logistic_engineered,20242025,20252026,20252026,2025020560,2025-12-20,ANA,CBJ,1,0.445795,0.554205,CBJ,0,single,season_regime,late,hybrid_exponential,1.25,780.0,0.11,True,hybrid_exponential,1.0,650.0,0.1,True
logistic_engineered,20242025,20252026,20252026,2025020561,2025-12-20,SJS,SEA,0,0.507108,0.492892,SJS,0,single,season_regime,late,hybrid_exponential,1.25,780.0,0.11,True,hybrid_exponential,1.0,650.0,0.1,True
logistic_engineered,20242025,20252026,20252026,2025020562,2025-12-21,DET,WSH,1,0.450358,0.549642,WSH,0,single,season_regime,late,hybrid_exponential,1.25,780.0,0.11,True,hybrid_exponential,1.0,650.0,0.1,True
logistic_engineered,20242025,20252026,20252026,2025020563,2025-12-21,MIN,COL,0,0.363822,0.636178,COL,1,single,season_regime,late,hybrid_exponential,1.25,780.0,0.11,True,hybrid_exponential,1.0,650.0,0.1,True
logistic_engineered,20242025,20252026,20252026,2025020564,2025-12-21,BOS,OTT,0,0.161652,0.838348,OTT,1,single,season_regime,late,hybrid_exponential,1.25,780.0,0.11,True,hybrid_exponential,1.0,650.0,0.1,True
logistic_engineered,20242025,20252026,20252026,2025020565,2025-12-21,NJD,BUF,0,0.652171,0.347829,NJD,0,single,season_regime,late,hybrid_exponential,1.25,780.0,0.11,True,hybrid_exponential,1.0,650.0,0.1,True
logistic_engineered,20242025,20252026,20252026,2025020566,2025-12-21,PIT,MTL,1,0.499016,0.500984,MTL,0,single,season_regime,late,hybrid_exponential,1.25,780.0,0.11,True,hybrid_exponential,1.0,650.0,0.1,True
logistic_engineered,20242025,20252026,20252026,2025020567,2025-12-21,NSH,NYR,1,0.573024,0.426976,NSH,1,single,season_regime,late,hybrid_exponential,1.25,780.0,0.11,True,hybrid_exponential,1.0,650.0,0.1,True
logistic_engineered,20242025,20252026,20252026,2025020568,2025-12-21,DAL,TOR,1,0.701258,0.298742,DAL,1,single,season_regime,late,hybrid_exponential,1.25,780.0,0.11,True,hybrid_exponential,1.0,650.0,0.1,True
logistic_engineered,20242025,20252026,20252026,2025020569,2025-12-21,UTA,WPG,1,0.544409,0.455591,UTA,1,single,season_regime,late,hybrid_exponential,1.25,780.0,0.11,True,hybrid_exponential,1.0,650.0,0.1,True
logistic_engineered,20242025,20252026,20252026,2025020570,2025-12-21,EDM,VGK,1,0.611258,0.388742,EDM,1,single,season_regime,late,hybrid_exponential,1.25,780.0,0.11,True,hybrid_exponential,1.0,650.0,0.1,True
logistic_engineered,20242025,20252026,20252026,2025020571,2025-12-22,TBL,STL,1,0.648165,0.351835,TBL,1,single,season_regime,late,hybrid_exponential,1.25,780.0,0.11,True,hybrid_exponential,1.0,650.0,0.1,True
logistic_engineered,20242025,20252026,20252026,2025020572,2025-12-22,PHI,VAN,1,0.636087,0.363913,PHI,1,single,season_regime,late,hybrid_exponential,1.25,780.0,0.11,True,hybrid_exponential,1.0,650.0,0.1,True
logistic_engineered,20242025,20252026,20252026,2025020573,2025-12-22,ANA,SEA,0,0.535987,0.464013,ANA,0,single,season_regime,late,hybrid_exponential,1.25,780.0,0.11,True,hybrid_exponential,1.0,650.0,0.1,True
logistic_engineered,20242025,20252026,20252026,2025020574,2025-12-22,LAK,CBJ,0,0.684892,0.315108,LAK,0,single,season_regime,late,hybrid_exponential,1.25,780.0,0.11,True,hybrid_exponential,1.0,650.0,0.1,True
logistic_engineered,20242025,20252026,20252026,2025020575,2025-12-23,TOR,PIT,1,0.42732,0.57268,PIT,0,single,season_regime,late,hybrid_exponential,1.25,780.0,0.11,True,hybrid_exponential,1.0,650.0,0.1,True
logistic_engineered,20242025,20252026,20252026,2025020576,2025-12-23,WSH,NYR,0,0.569318,0.430682,WSH,0,single,season_regime,late,hybrid_exponential,1.25,780.0,0.11,True,hybrid_exponential,1.0,650.0,0.1,True
logistic_engineered,20242025,20252026,20252026,2025020577,2025-12-23,BOS,MTL,0,0.456916,0.543084,MTL,1,single,season_regime,late,hybrid_exponential,1.25,780.0,0.11,True,hybrid_exponential,1.0,650.0,0.1,True
logistic_engineered,20242025,20252026,20252026,2025020578,2025-12-23,OTT,BUF,0,0.588957,0.411043,OTT,0,single,season_regime,late,hybrid_exponential,1.25,780.0,0.11,True,hybrid_exponential,1.0,650.0,0.1,True
logistic_engineered,20242025,20252026,20252026,2025020579,2025-12-23,DET,DAL,1,0.426514,0.573486,DAL,0,single,season_regime,late,hybrid_exponential,1.25,780.0,0.11,True,hybrid_exponential,1.0,650.0,0.1,True
logistic_engineered,20242025,20252026,20252026,2025020580,2025-12-23,NYI,NJD,1,0.518656,0.481344,NYI,1,single,season_regime,late,hybrid_exponential,1.25,780.0,0.11,True,hybrid_exponential,1.0,650.0,0.1,True
logistic_engineered,20242025,20252026,20252026,2025020581,2025-12-23,CAR,FLA,0,0.59631,0.40369,CAR,0,single,season_regime,late,hybrid_exponential,1.25,780.0,0.11,True,hybrid_exponential,1.0,650.0,0.1,True
logistic_engineered,20242025,20252026,20252026,2025020582,2025-12-23,MIN,NSH,0,0.562852,0.437148,MIN,0,single,season_regime,late,hybrid_exponential,1.25,780.0,0.11,True,hybrid_exponential,1.0,650.0,0.1,True
logistic_engineered,20242025,20252026,20252026,2025020583,2025-12-23,CHI,PHI,0,0.508835,0.491165,CHI,0,single,season_regime,late,hybrid_exponential,1.25,780.0,0.11,True,hybrid_exponential,1.0,650.0,0.1,True
logistic_engineered,20242025,20252026,20252026,2025020584,2025-12-23,COL,UTA,1,0.705154,0.294846,COL,1,single,season_regime,late,hybrid_exponential,1.25,780.0,0.11,True,hybrid_exponential,1.0,650.0,0.1,True
logistic_engineered,20242025,20252026,20252026,2025020585,2025-12-23,EDM,CGY,1,0.625548,0.374452,EDM,1,single,season_regime,late,hybrid_exponential,1.25,780.0,0.11,True,hybrid_exponential,1.0,650.0,0.1,True
logistic_engineered,20242025,20252026,20252026,2025020586,2025-12-23,VGK,SJS,1,0.840535,0.159465,VGK,1,single,season_regime,late,hybrid_exponential,1.25,780.0,0.11,True,hybrid_exponential,1.0,650.0,0.1,True
logistic_engineered,20242025,20252026,20252026,2025020587,2025-12-23,LAK,SEA,0,0.695695,0.304305,LAK,0,single,season_regime,late,hybrid_exponential,1.25,780.0,0.11,True,hybrid_exponential,1.0,650.0,0.1,True
logistic_engineered,20242025,20252026,20252026,2025020588,2025-12-27,NYI,NYR,1,0.605741,0.394259,NYI,1,single,season_regime,late,hybrid_exponential,1.25,780.0,0.11,True,hybrid_exponential,1.0,650.0,0.1,True
logistic_engineered,20242025,20252026,20252026,2025020589,2025-12-27,BUF,BOS,1,0.612691,0.387309,BUF,1,single,season_regime,late,hybrid_exponential,1.25,780.0,0.11,True,hybrid_exponential,1.0,650.0,0.1,True
logistic_engineered,20242025,20252026,20252026,2025020590,2025-12-27,TOR,OTT,1,0.785287,0.214713,TOR,1,single,season_regime,late,hybrid_exponential,1.25,780.0,0.11,True,hybrid_exponential,1.0,650.0,0.1,True
logistic_engineered,20242025,20252026,20252026,2025020591,2025-12-27,FLA,TBL,0,0.506229,0.493771,FLA,0,single,season_regime,late,hybrid_exponential,1.25,780.0,0.11,True,hybrid_exponential,1.0,650.0,0.1,True
logistic_engineered,20242025,20252026,20252026,2025020592,2025-12-27,NJD,WSH,0,0.612864,0.387136,NJD,0,single,season_regime,late,hybrid_exponential,1.25,780.0,0.11,True,hybrid_exponential,1.0,650.0,0.1,True
logistic_engineered,20242025,20252026,20252026,2025020593,2025-12-27,CAR,DET,1,0.530893,0.469107,CAR,1,single,season_regime,late,hybrid_exponential,1.25,780.0,0.11,True,hybrid_exponential,1.0,650.0,0.1,True
logistic_engineered,20242025,20252026,20252026,2025020594,2025-12-27,WPG,MIN,0,0.649755,0.350245,WPG,0,single,season_regime,late,hybrid_exponential,1.25,780.0,0.11,True,hybrid_exponential,1.0,650.0,0.1,True
logistic_engineered,20242025,20252026,20252026,2025020595,2025-12-27,STL,NSH,1,0.616045,0.383955,STL,1,single,season_regime,late,hybrid_exponential,1.25,780.0,0.11,True,hybrid_exponential,1.0,650.0,0.1,True
logistic_engineered,20242025,20252026,20252026,2025020596,2025-12-27,DAL,CHI,0,0.778341,0.221659,DAL,0,single,season_regime,late,hybrid_exponential,1.25,780.0,0.11,True,hybrid_exponential,1.0,650.0,0.1,True
logistic_engineered,20242025,20252026,20252026,2025020597,2025-12-27,LAK,ANA,1,0.611612,0.388388,LAK,1,single,season_regime,late,hybrid_exponential,1.25,780.0,0.11,True,hybrid_exponential,1.0,650.0,0.1,True
logistic_engineered,20242025,20252026,20252026,2025020598,2025-12-27,CGY,EDM,1,0.4668,0.5332,EDM,0,single,season_regime,late,hybrid_exponential,1.25,780.0,0.11,True,hybrid_exponential,1.0,650.0,0.1,True
logistic_engineered,20242025,20252026,20252026,2025020599,2025-12-27,VAN,SJS,0,0.64527,0.35473,VAN,0,single,season_regime,late,hybrid_exponential,1.25,780.0,0.11,True,hybrid_exponential,1.0,650.0,0.1,True
logistic_engineered,20242025,20252026,20252026,2025020600,2025-12-27,VGK,COL,0,0.45062,0.54938,COL,1,single,season_regime,late,hybrid_exponential,1.25,780.0,0.11,True,hybrid_exponential,1.0,650.0,0.1,True
logistic_engineered,20242025,20252026,20252026,2025020601,2025-12-28,DET,TOR,1,0.63343,0.36657,DET,1,single,season_regime,late,hybrid_exponential,1.25,780.0,0.11,True,hybrid_exponential,1.0,650.0,0.1,True
logistic_engineered,20242025,20252026,20252026,2025020602,2025-12-28,TBL,MTL,1,0.538066,0.461934,TBL,1,single,season_regime,late,hybrid_exponential,1.25,780.0,0.11,True,hybrid_exponential,1.0,650.0,0.1,True
logistic_engineered,20242025,20252026,20252026,2025020603,2025-12-28,CBJ,NYI,1,0.75877,0.24123,CBJ,1,single,season_regime,late,hybrid_exponential,1.25,780.0,0.11,True,hybrid_exponential,1.0,650.0,0.1,True
logistic_engineered,20242025,20252026,20252026,2025020604,2025-12-28,CHI,PIT,0,0.088087,0.911913,PIT,1,single,season_regime,late,hybrid_exponential,1.25,780.0,0.11,True,hybrid_exponential,1.0,650.0,0.1,True
logistic_engineered,20242025,20252026,20252026,2025020605,2025-12-28,SEA,PHI,1,0.542038,0.457962,SEA,1,single,season_regime,late,hybrid_exponential,1.25,780.0,0.11,True,hybrid_exponential,1.0,650.0,0.1,True
logistic_engineered,20242025,20252026,20252026,2025020606,2025-12-29,OTT,CBJ,0,0.716394,0.283606,OTT,0,single,season_regime,late,hybrid_exponential,1.25,780.0,0.11,True,hybrid_exponential,1.0,650.0,0.1,True
logistic_engineered,20242025,20252026,20252026,2025020607,2025-12-29,FLA,WSH,1,0.565646,0.434354,FLA,1,single,season_regime,late,hybrid_exponential,1.25,780.0,0.11,True,hybrid_exponential,1.0,650.0,0.1,True
logistic_engineered,20242025,20252026,20252026,2025020608,2025-12-29,CAR,NYR,1,0.611608,0.388392,CAR,1,single,season_regime,late,hybrid_exponential,1.25,780.0,0.11,True,hybrid_exponential,1.0,650.0,0.1,True
logistic_engineered,20242025,20252026,20252026,2025020609,2025-12-29,WPG,EDM,0,0.645003,0.354997,WPG,0,single,season_regime,late,hybrid_exponential,1.25,780.0,0.11,True,hybrid_exponential,1.0,650.0,0.1,True
logistic_engineered,20242025,20252026,20252026,2025020610,2025-12-29,STL,BUF,0,0.537188,0.462812,STL,0,single,season_regime,late,hybrid_exponential,1.25,780.0,0.11,True,hybrid_exponential,1.0,650.0,0.1,True
logistic_engineered,20242025,20252026,20252026,2025020611,2025-12-29,COL,LAK,1,0.667321,0.332679,COL,1,single,season_regime,late,hybrid_exponential,1.25,780.0,0.11,True,hybrid_exponential,1.0,650.0,0.1,True
logistic_engineered,20242025,20252026,20252026,2025020612,2025-12-29,UTA,NSH,0,0.717426,0.282574,UTA,0,single,season_regime,late,hybrid_exponential,1.25,780.0,0.11,True,hybrid_exponential,1.0,650.0,0.1,True
logistic_engineered,20242025,20252026,20252026,2025020613,2025-12-29,CGY,BOS,1,0.491577,0.508423,BOS,0,single,season_regime,late,hybrid_exponential,1.25,780.0,0.11,True,hybrid_exponential,1.0,650.0,0.1,True
logistic_engineered,20242025,20252026,20252026,2025020614,2025-12-29,VGK,MIN,0,0.199747,0.800253,MIN,1,single,season_regime,late,hybrid_exponential,1.25,780.0,0.11,True,hybrid_exponential,1.0,650.0,0.1,True
logistic_engineered,20242025,20252026,20252026,2025020615,2025-12-29,ANA,SJS,0,0.262496,0.737504,SJS,1,single,season_regime,late,hybrid_exponential,1.25,780.0,0.11,True,hybrid_exponential,1.0,650.0,0.1,True
logistic_engineered,20242025,20252026,20252026,2025020616,2025-12-29,SEA,VAN,0,0.509963,0.490037,SEA,0,single,season_regime,late,hybrid_exponential,1.25,780.0,0.11,True,hybrid_exponential,1.0,650.0,0.1,True
logistic_engineered,20242025,20252026,20252026,2025020617,2025-12-30,TOR,NJD,1,0.406098,0.593902,NJD,0,single,season_regime,late,hybrid_exponential,1.25,780.0,0.11,True,hybrid_exponential,1.0,650.0,0.1,True
logistic_engineered,20242025,20252026,20252026,2025020618,2025-12-30,FLA,MTL,0,0.490865,0.509135,MTL,1,single,season_regime,late,hybrid_exponential,1.25,780.0,0.11,True,hybrid_exponential,1.0,650.0,0.1,True
logistic_engineered,20242025,20252026,20252026,2025020619,2025-12-30,PIT,CAR,1,0.625819,0.374181,PIT,1,single,season_regime,late,hybrid_exponential,1.25,780.0,0.11,True,hybrid_exponential,1.0,650.0,0.1,True
logistic_engineered,20242025,20252026,20252026,2025020620,2025-12-30,CHI,NYI,0,0.348379,0.651621,NYI,1,single,season_regime,late,hybrid_exponential,1.25,780.0,0.11,True,hybrid_exponential,1.0,650.0,0.1,True
logistic_engineered,20242025,20252026,20252026,2025020621,2025-12-30,VAN,PHI,0,0.334559,0.665441,PHI,1,single,season_regime,late,hybrid_exponential,1.25,780.0,0.11,True,hybrid_exponential,1.0,650.0,0.1,True
logistic_engineered,20242025,20252026,20252026,2025020622,2025-12-31,WSH,NYR,1,0.672408,0.327592,WSH,1,single,season_regime,late,hybrid_exponential,1.25,780.0,0.11,True,hybrid_exponential,1.0,650.0,0.1,True
logistic_engineered,20242025,20252026,20252026,2025020623,2025-12-31,VGK,NSH,0,0.66339,0.33661,VGK,0,single,season_regime,late,hybrid_exponential,1.25,780.0,0.11,True,hybrid_exponential,1.0,650.0,0.1,True
logistic_engineered,20242025,20252026,20252026,2025020624,2025-12-31,ANA,TBL,0,0.386947,0.613053,TBL,1,single,season_regime,late,hybrid_exponential,1.25,780.0,0.11,True,hybrid_exponential,1.0,650.0,0.1,True
logistic_engineered,20242025,20252026,20252026,2025020625,2025-12-31,SJS,MIN,1,0.472804,0.527196,MIN,0,single,season_regime,late,hybrid_exponential,1.25,780.0,0.11,True,hybrid_exponential,1.0,650.0,0.1,True
logistic_engineered,20242025,20252026,20252026,2025020626,2025-12-31,DET,WPG,1,0.483601,0.516399,WPG,0,single,season_regime,late,hybrid_exponential,1.25,780.0,0.11,True,hybrid_exponential,1.0,650.0,0.1,True
logistic_engineered,20242025,20252026,20252026,2025020627,2025-12-31,CBJ,NJD,0,0.582202,0.417798,CBJ,0,single,season_regime,late,hybrid_exponential,1.25,780.0,0.11,True,hybrid_exponential,1.0,650.0,0.1,True
logistic_engineered,20242025,20252026,20252026,2025020628,2025-12-31,DAL,BUF,0,0.708126,0.291874,DAL,0,single,season_regime,late,hybrid_exponential,1.25,780.0,0.11,True,hybrid_exponential,1.0,650.0,0.1,True
logistic_engineered,20242025,20252026,20252026,2025020629,2025-12-31,COL,STL,1,0.76468,0.23532,COL,1,single,season_regime,late,hybrid_exponential,1.25,780.0,0.11,True,hybrid_exponential,1.0,650.0,0.1,True
logistic_engineered,20242025,20252026,20252026,2025020630,2025-12-31,CGY,PHI,1,0.647866,0.352134,CGY,1,single,season_regime,late,hybrid_exponential,1.25,780.0,0.11,True,hybrid_exponential,1.0,650.0,0.1,True
logistic_engineered,20242025,20252026,20252026,2025020631,2025-12-31,EDM,BOS,0,0.652859,0.347141,EDM,0,single,season_regime,late,hybrid_exponential,1.25,780.0,0.11,True,hybrid_exponential,1.0,650.0,0.1,True
logistic_engineered,20242025,20252026,20252026,2025020632,2026-01-01,OTT,WSH,1,0.653647,0.346353,OTT,1,single,season_regime,late,hybrid_exponential,1.25,780.0,0.11,True,hybrid_exponential,1.0,650.0,0.1,True
logistic_engineered,20242025,20252026,20252026,2025020633,2026-01-01,NYI,UTA,0,0.221427,0.778573,UTA,1,single,season_regime,late,hybrid_exponential,1.25,780.0,0.11,True,hybrid_exponential,1.0,650.0,0.1,True
logistic_engineered,20242025,20252026,20252026,2025020634,2026-01-01,TOR,WPG,1,0.18323,0.81677,WPG,0,single,season_regime,late,hybrid_exponential,1.25,780.0,0.11,True,hybrid_exponential,1.0,650.0,0.1,True
logistic_engineered,20242025,20252026,20252026,2025020635,2026-01-01,PIT,DET,1,0.638211,0.361789,PIT,1,single,season_regime,late,hybrid_exponential,1.25,780.0,0.11,True,hybrid_exponential,1.0,650.0,0.1,True
logistic_engineered,20242025,20252026,20252026,2025020636,2026-01-01,CAR,MTL,0,0.561067,0.438933,CAR,0,single,season_regime,late,hybrid_exponential,1.25,780.0,0.11,True,hybrid_exponential,1.0,650.0,0.1,True
logistic_engineered,20242025,20252026,20252026,2025020637,2026-01-01,CHI,DAL,1,0.480311,0.519689,DAL,0,single,season_regime,late,hybrid_exponential,1.25,780.0,0.11,True,hybrid_exponential,1.0,650.0,0.1,True
logistic_engineered,20242025,20252026,20252026,2025020638,2026-01-01,SEA,NSH,1,0.656617,0.343383,SEA,1,single,season_regime,late,hybrid_exponential,1.25,780.0,0.11,True,hybrid_exponential,1.0,650.0,0.1,True
logistic_engineered,20242025,20252026,20252026,2025020639,2026-01-01,LAK,TBL,0,0.583465,0.416535,LAK,0,single,season_regime,late,hybrid_exponential,1.25,780.0,0.11,True,hybrid_exponential,1.0,650.0,0.1,True
logistic_engineered,20242025,20252026,20252026,2025020640,2026-01-02,STL,VGK,1,0.418811,0.581189,VGK,0,single,season_regime,late,hybrid_exponential,1.25,780.0,0.11,True,hybrid_exponential,1.0,650.0,0.1,True
logistic_engineered,20242025,20252026,20252026,2025020641,2026-01-02,FLA,NYR,0,0.715838,0.284162,FLA,0,single,season_regime,late,hybrid_exponential,1.25,780.0,0.11,True,hybrid_exponential,1.0,650.0,0.1,True
logistic_engineered,20242025,20252026,20252026,2025020642,2026-01-02,VAN,SEA,0,0.596984,0.403016,VAN,0,single,season_regime,late,hybrid_exponential,1.25,780.0,0.11,True,hybrid_exponential,1.0,650.0,0.1,True
logistic_engineered,20242025,20252026,20252026,2025020643,2026-01-02,ANA,MIN,0,0.527609,0.472391,ANA,0,single,season_regime,late,hybrid_exponential,1.25,780.0,0.11,True,hybrid_exponential,1.0,650.0,0.1,True
logistic_engineered,20242025,20252026,20252026,2025020644,2026-01-03,DET,PIT,0,0.540137,0.459863,DET,0,single,season_regime,late,hybrid_exponential,1.25,780.0,0.11,True,hybrid_exponential,1.0,650.0,0.1,True
logistic_engineered,20242025,20252026,20252026,2025020645,2026-01-03,NJD,UTA,1,0.55628,0.44372,NJD,1,single,season_regime,late,hybrid_exponential,1.25,780.0,0.11,True,hybrid_exponential,1.0,650.0,0.1,True
logistic_engineered,20242025,20252026,20252026,2025020646,2026-01-03,CBJ,BUF,1,0.607058,0.392942,CBJ,1,single,season_regime,late,hybrid_exponential,1.25,780.0,0.11,True,hybrid_exponential,1.0,650.0,0.1,True
logistic_engineered,20242025,20252026,20252026,2025020647,2026-01-03,EDM,PHI,0,0.677627,0.322373,EDM,0,single,season_regime,late,hybrid_exponential,1.25,780.0,0.11,True,hybrid_exponential,1.0,650.0,0.1,True
logistic_engineered,20242025,20252026,20252026,2025020648,2026-01-03,STL,MTL,1,0.405954,0.594046,MTL,0,single,season_regime,late,hybrid_exponential,1.25,780.0,0.11,True,hybrid_exponential,1.0,650.0,0.1,True
logistic_engineered,20242025,20252026,20252026,2025020649,2026-01-03,SJS,TBL,0,0.122635,0.877365,TBL,1,single,season_regime,late,hybrid_exponential,1.25,780.0,0.11,True,hybrid_exponential,1.0,650.0,0.1,True
logistic_engineered,20242025,20252026,20252026,2025020650,2026-01-03,OTT,WPG,1,0.533432,0.466568,OTT,1,single,season_regime,late,hybrid_exponential,1.25,780.0,0.11,True,hybrid_exponential,1.0,650.0,0.1,True
logistic_engineered,20242025,20252026,20252026,2025020651,2026-01-03,NYI,TOR,1,0.518021,0.481979,NYI,1,single,season_regime,late,hybrid_exponential,1.25,780.0,0.11,True,hybrid_exponential,1.0,650.0,0.1,True
logistic_engineered,20242025,20252026,20252026,2025020652,2026-01-03,WSH,CHI,0,0.708484,0.291516,WSH,0,single,season_regime,late,hybrid_exponential,1.25,780.0,0.11,True,hybrid_exponential,1.0,650.0,0.1,True
logistic_engineered,20242025,20252026,20252026,2025020653,2026-01-03,CAR,COL,0,0.498337,0.501663,COL,1,single,season_regime,late,hybrid_exponential,1.25,780.0,0.11,True,hybrid_exponential,1.0,650.0,0.1,True
logistic_engineered,20242025,20252026,20252026,2025020654,2026-01-03,CGY,NSH,0,0.652366,0.347634,CGY,0,single,season_regime,late,hybrid_exponential,1.25,780.0,0.11,True,hybrid_exponential,1.0,650.0,0.1,True
logistic_engineered,20242025,20252026,20252026,2025020655,2026-01-03,LAK,MIN,1,0.599981,0.400019,LAK,1,single,season_regime,late,hybrid_exponential,1.25,780.0,0.11,True,hybrid_exponential,1.0,650.0,0.1,True
logistic_engineered,20242025,20252026,20252026,2025020656,2026-01-03,VAN,BOS,0,0.397874,0.602126,BOS,1,single,season_regime,late,hybrid_exponential,1.25,780.0,0.11,True,hybrid_exponential,1.0,650.0,0.1,True
logistic_engineered,20242025,20252026,20252026,2025020657,2026-01-04,DAL,MTL,0,0.736613,0.263387,DAL,0,single,season_regime,late,hybrid_exponential,1.25,780.0,0.11,True,hybrid_exponential,1.0,650.0,0.1,True
logistic_engineered,20242025,20252026,20252026,2025020658,2026-01-04,CBJ,PIT,0,0.604643,0.395357,CBJ,0,single,season_regime,late,hybrid_exponential,1.25,780.0,0.11,True,hybrid_exponential,1.0,650.0,0.1,True
logistic_engineered,20242025,20252026,20252026,2025020659,2026-01-04,FLA,COL,1,0.547562,0.452438,FLA,1,single,season_regime,late,hybrid_exponential,1.25,780.0,0.11,True,hybrid_exponential,1.0,650.0,0.1,True
logistic_engineered,20242025,20252026,20252026,2025020660,2026-01-04,NJD,CAR,0,0.528103,0.471897,NJD,0,single,season_regime,late,hybrid_exponential,1.25,780.0,0.11,True,hybrid_exponential,1.0,650.0,0.1,True
logistic_engineered,20242025,20252026,20252026,2025020661,2026-01-04,CHI,VGK,1,0.278469,0.721531,VGK,0,single,season_regime,late,hybrid_exponential,1.25,780.0,0.11,True,hybrid_exponential,1.0,650.0,0.1,True
logistic_engineered,20242025,20252026,20252026,2025020662,2026-01-05,NYR,UTA,0,0.201943,0.798057,UTA,1,single,season_regime,late,hybrid_exponential,1.25,780.0,0.11,True,hybrid_exponential,1.0,650.0,0.1,True
logistic_engineered,20242025,20252026,20252026,2025020663,2026-01-05,WSH,ANA,1,0.848982,0.151018,WSH,1,single,season_regime,late,hybrid_exponential,1.25,780.0,0.11,True,hybrid_exponential,1.0,650.0,0.1,True
logistic_engineered,20242025,20252026,20252026,2025020664,2026-01-05,OTT,DET,0,0.266448,0.733552,DET,1,single,season_regime,late,hybrid_exponential,1.25,780.0,0.11,True,hybrid_exponential,1.0,650.0,0.1,True
logistic_engineered,20242025,20252026,20252026,2025020665,2026-01-05,CGY,SEA,0,0.607762,0.392238,CGY,0,single,season_regime,late,hybrid_exponential,1.25,780.0,0.11,True,hybrid_exponential,1.0,650.0,0.1,True
logistic_engineered,20242025,20252026,20252026,2025020666,2026-01-05,LAK,MIN,1,0.535564,0.464436,LAK,1,single,season_regime,late,hybrid_exponential,1.25,780.0,0.11,True,hybrid_exponential,1.0,650.0,0.1,True
logistic_engineered,20242025,20252026,20252026,2025020667,2026-01-06,BUF,VAN,1,0.684416,0.315584,BUF,1,single,season_regime,late,hybrid_exponential,1.25,780.0,0.11,True,hybrid_exponential,1.0,650.0,0.1,True
logistic_engineered,20242025,20252026,20252026,2025020668,2026-01-06,TBL,COL,1,0.556437,0.443563,TBL,1,single,season_regime,late,hybrid_exponential,1.25,780.0,0.11,True,hybrid_exponential,1.0,650.0,0.1,True
logistic_engineered,20242025,20252026,20252026,2025020669,2026-01-06,NYI,NJD,1,0.495634,0.504366,NJD,0,single,season_regime,late,hybrid_exponential,1.25,780.0,0.11,True,hybrid_exponential,1.0,650.0,0.1,True
logistic_engineered,20242025,20252026,20252026,2025020670,2026-01-06,PHI,ANA,1,0.624474,0.375526,PHI,1,single,season_regime,late,hybrid_exponential,1.25,780.0,0.11,True,hybrid_exponential,1.0,650.0,0.1,True
logistic_engineered,20242025,20252026,20252026,2025020671,2026-01-06,CAR,DAL,1,0.76762,0.23238,CAR,1,single,season_regime,late,hybrid_exponential,1.25,780.0,0.11,True,hybrid_exponential,1.0,650.0,0.1,True
logistic_engineered,20242025,20252026,20252026,2025020672,2026-01-06,TOR,FLA,1,0.587468,0.412532,TOR,1,single,season_regime,late,hybrid_exponential,1.25,780.0,0.11,True,hybrid_exponential,1.0,650.0,0.1,True
logistic_engineered,20242025,20252026,20252026,2025020673,2026-01-06,WPG,VGK,0,0.609068,0.390932,WPG,0,single,season_regime,late,hybrid_exponential,1.25,780.0,0.11,True,hybrid_exponential,1.0,650.0,0.1,True
logistic_engineered,20242025,20252026,20252026,2025020674,2026-01-06,EDM,NSH,1,0.664028,0.335972,EDM,1,single,season_regime,late,hybrid_exponential,1.25,780.0,0.11,True,hybrid_exponential,1.0,650.0,0.1,True
logistic_engineered,20242025,20252026,20252026,2025020675,2026-01-06,SJS,CBJ,1,0.488034,0.511966,CBJ,0,single,season_regime,late,hybrid_exponential,1.25,780.0,0.11,True,hybrid_exponential,1.0,650.0,0.1,True
logistic_engineered,20242025,20252026,20252026,2025020676,2026-01-06,SEA,BOS,1,0.516084,0.483916,SEA,1,single,season_regime,late,hybrid_exponential,1.25,780.0,0.11,True,hybrid_exponential,1.0,650.0,0.1,True
logistic_engineered,20242025,20252026,20252026,2025020677,2026-01-07,WSH,DAL,0,0.598256,0.401744,WSH,0,single,season_regime,late,hybrid_exponential,1.25,780.0,0.11,True,hybrid_exponential,1.0,650.0,0.1,True
logistic_engineered,20242025,20252026,20252026,2025020678,2026-01-07,MTL,CGY,1,0.660948,0.339052,MTL,1,single,season_regime,late,hybrid_exponential,1.25,780.0,0.11,True,hybrid_exponential,1.0,650.0,0.1,True
logistic_engineered,20242025,20252026,20252026,2025020679,2026-01-07,CHI,STL,1,0.511241,0.488759,CHI,1,single,season_regime,late,hybrid_exponential,1.25,780.0,0.11,True,hybrid_exponential,1.0,650.0,0.1,True
logistic_engineered,20242025,20252026,20252026,2025020680,2026-01-07,UTA,OTT,1,0.530436,0.469564,UTA,1,single,season_regime,late,hybrid_exponential,1.25,780.0,0.11,True,hybrid_exponential,1.0,650.0,0.1,True
logistic_engineered,20242025,20252026,20252026,2025020681,2026-01-07,LAK,SJS,0,0.731978,0.268022,LAK,0,single,season_regime,late,hybrid_exponential,1.25,780.0,0.11,True,hybrid_exponential,1.0,650.0,0.1,True
logistic_engineered,20242025,20252026,20252026,2025020682,2026-01-08,BOS,CGY,1,0.624849,0.375151,BOS,1,single,season_regime,late,hybrid_exponential,1.25,780.0,0.11,True,hybrid_exponential,1.0,650.0,0.1,True
logistic_engineered,20242025,20252026,20252026,2025020683,2026-01-08,MTL,FLA,1,0.550685,0.449315,MTL,1,single,season_regime,late,hybrid_exponential,1.25,780.0,0.11,True,hybrid_exponential,1.0,650.0,0.1,True
logistic_engineered,20242025,20252026,20252026,2025020684,2026-01-08,DET,VAN,1,0.701614,0.298386,DET,1,single,season_regime,late,hybrid_exponential,1.25,780.0,0.11,True,hybrid_exponential,1.0,650.0,0.1,True
logistic_engineered,20242025,20252026,20252026,2025020685,2026-01-08,NYR,BUF,0,0.622527,0.377473,NYR,0,single,season_regime,late,hybrid_exponential,1.25,780.0,0.11,True,hybrid_exponential,1.0,650.0,0.1,True
logistic_engineered,20242025,20252026,20252026,2025020686,2026-01-08,PHI,TOR,0,0.490711,0.509289,TOR,1,single,season_regime,late,hybrid_exponential,1.25,780.0,0.11,True,hybrid_exponential,1.0,650.0,0.1,True
logistic_engineered,20242025,20252026,20252026,2025020687,2026-01-08,PIT,NJD,1,0.719806,0.280194,PIT,1,single,season_regime,late,hybrid_exponential,1.25,780.0,0.11,True,hybrid_exponential,1.0,650.0,0.1,True
logistic_engineered,20242025,20252026,20252026,2025020688,2026-01-08,CAR,ANA,1,0.746336,0.253664,CAR,1,single,season_regime,late,hybrid_exponential,1.25,780.0,0.11,True,hybrid_exponential,1.0,650.0,0.1,True
logistic_engineered,20242025,20252026,20252026,2025020689,2026-01-08,NSH,NYI,1,0.529485,0.470515,NSH,1,single,season_regime,late,hybrid_exponential,1.25,780.0,0.11,True,hybrid_exponential,1.0,650.0,0.1,True
logistic_engineered,20242025,20252026,20252026,2025020690,2026-01-08,WPG,EDM,0,0.624968,0.375032,WPG,0,single,season_regime,late,hybrid_exponential,1.25,780.0,0.11,True,hybrid_exponential,1.0,650.0,0.1,True
logistic_engineered,20242025,20252026,20252026,2025020691,2026-01-08,COL,OTT,1,0.896804,0.103196,COL,1,single,season_regime,late,hybrid_exponential,1.25,780.0,0.11,True,hybrid_exponential,1.0,650.0,0.1,True
logistic_engineered,20242025,20252026,20252026,2025020692,2026-01-08,VGK,CBJ,1,0.34855,0.65145,CBJ,0,single,season_regime,late,hybrid_exponential,1.25,780.0,0.11,True,hybrid_exponential,1.0,650.0,0.1,True
logistic_engineered,20242025,20252026,20252026,2025020693,2026-01-08,SEA,MIN,0,0.435283,0.564717,MIN,1,single,season_regime,late,hybrid_exponential,1.25,780.0,0.11,True,hybrid_exponential,1.0,650.0,0.1,True
logistic_engineered,20242025,20252026,20252026,2025020694,2026-01-09,CHI,WSH,0,0.406367,0.593633,WSH,1,single,season_regime,late,hybrid_exponential,1.25,780.0,0.11,True,hybrid_exponential,1.0,650.0,0.1,True
logistic_engineered,20242025,20252026,20252026,2025020695,2026-01-09,WPG,LAK,1,0.794469,0.205531,WPG,1,single,season_regime,late,hybrid_exponential,1.25,780.0,0.11,True,hybrid_exponential,1.0,650.0,0.1,True
logistic_engineered,20242025,20252026,20252026,2025020696,2026-01-09,UTA,STL,1,0.702626,0.297374,UTA,1,single,season_regime,late,hybrid_exponential,1.25,780.0,0.11,True,hybrid_exponential,1.0,650.0,0.1,True
logistic_engineered,20242025,20252026,20252026,2025020697,2026-01-10,BOS,NYR,1,0.767487,0.232513,BOS,1,single,season_regime,late,hybrid_exponential,1.25,780.0,0.11,True,hybrid_exponential,1.0,650.0,0.1,True
logistic_engineered,20242025,20252026,20252026,2025020698,2026-01-10,PIT,CGY,0,0.600315,0.399685,PIT,0,single,season_regime,late,hybrid_exponential,1.25,780.0,0.11,True,hybrid_exponential,1.0,650.0,0.1,True
logistic_engineered,20242025,20252026,20252026,2025020699,2026-01-10,COL,CBJ,1,0.712635,0.287365,COL,1,single,season_regime,late,hybrid_exponential,1.25,780.0,0.11,True,hybrid_exponential,1.0,650.0,0.1,True
logistic_engineered,20242025,20252026,20252026,2025020700,2026-01-10,SJS,DAL,1,0.437919,0.562081,DAL,0,single,season_regime,late,hybrid_exponential,1.25,780.0,0.11,True,hybrid_exponential,1.0,650.0,0.1,True
logistic_engineered,20242025,20252026,20252026,2025020701,2026-01-10,BUF,ANA,1,0.600735,0.399265,BUF,1,single,season_regime,late,hybrid_exponential,1.25,780.0,0.11,True,hybrid_exponential,1.0,650.0,0.1,True
logistic_engineered,20242025,20252026,20252026,2025020702,2026-01-10,TOR,VAN,1,0.896209,0.103791,TOR,1,single,season_regime,late,hybrid_exponential,1.25,780.0,0.11,True,hybrid_exponential,1.0,650.0,0.1,True
logistic_engineered,20242025,20252026,20252026,2025020703,2026-01-10,MTL,DET,0,0.516463,0.483537,MTL,0,single,season_regime,late,hybrid_exponential,1.25,780.0,0.11,True,hybrid_exponential,1.0,650.0,0.1,True
logistic_engineered,20242025,20252026,20252026,2025020704,2026-01-10,OTT,FLA,0,0.563449,0.436551,OTT,0,single,season_regime,late,hybrid_exponential,1.25,780.0,0.11,True,hybrid_exponential,1.0,650.0,0.1,True
logistic_engineered,20242025,20252026,20252026,2025020705,2026-01-10,PHI,TBL,0,0.385201,0.614799,TBL,1,single,season_regime,late,hybrid_exponential,1.25,780.0,0.11,True,hybrid_exponential,1.0,650.0,0.1,True
logistic_engineered,20242025,20252026,20252026,2025020706,2026-01-10,CAR,SEA,1,0.682981,0.317019,CAR,1,single,season_regime,late,hybrid_exponential,1.25,780.0,0.11,True,hybrid_exponential,1.0,650.0,0.1,True
logistic_engineered,20242025,20252026,20252026,2025020707,2026-01-10,NSH,CHI,0,0.621702,0.378298,NSH,0,single,season_regime,late,hybrid_exponential,1.25,780.0,0.11,True,hybrid_exponential,1.0,650.0,0.1,True
logistic_engineered,20242025,20252026,20252026,2025020708,2026-01-10,MIN,NYI,0,0.669794,0.330206,MIN,0,single,season_regime,late,hybrid_exponential,1.25,780.0,0.11,True,hybrid_exponential,1.0,650.0,0.1,True
logistic_engineered,20242025,20252026,20252026,2025020709,2026-01-10,EDM,LAK,0,0.625573,0.374427,EDM,0,single,season_regime,late,hybrid_exponential,1.25,780.0,0.11,True,hybrid_exponential,1.0,650.0,0.1,True
logistic_engineered,20242025,20252026,20252026,2025020710,2026-01-10,VGK,STL,1,0.75849,0.24151,VGK,1,single,season_regime,late,hybrid_exponential,1.25,780.0,0.11,True,hybrid_exponential,1.0,650.0,0.1,True
logistic_engineered,20242025,20252026,20252026,2025020711,2026-01-11,WPG,NJD,1,0.607341,0.392659,WPG,1,single,season_regime,late,hybrid_exponential,1.25,780.0,0.11,True,hybrid_exponential,1.0,650.0,0.1,True
logistic_engineered,20242025,20252026,20252026,2025020712,2026-01-11,BOS,PIT,1,0.51283,0.48717,BOS,1,single,season_regime,late,hybrid_exponential,1.25,780.0,0.11,True,hybrid_exponential,1.0,650.0,0.1,True
logistic_engineered,20242025,20252026,20252026,2025020713,2026-01-11,NSH,WSH,1,0.314055,0.685945,WSH,0,single,season_regime,late,hybrid_exponential,1.25,780.0,0.11,True,hybrid_exponential,1.0,650.0,0.1,True
logistic_engineered,20242025,20252026,20252026,2025020714,2026-01-11,UTA,CBJ,0,0.712447,0.287553,UTA,0,single,season_regime,late,hybrid_exponential,1.25,780.0,0.11,True,hybrid_exponential,1.0,650.0,0.1,True
logistic_engineered,20242025,20252026,20252026,2025020715,2026-01-11,SJS,VGK,0,0.552728,0.447272,SJS,0,single,season_regime,late,hybrid_exponential,1.25,780.0,0.11,True,hybrid_exponential,1.0,650.0,0.1,True
logistic_engineered,20242025,20252026,20252026,2025020716,2026-01-12,BUF,FLA,0,0.641307,0.358693,BUF,0,single,season_regime,late,hybrid_exponential,1.25,780.0,0.11,True,hybrid_exponential,1.0,650.0,0.1,True
logistic_engineered,20242025,20252026,20252026,2025020717,2026-01-12,DET,CAR,1,0.555118,0.444882,DET,1,single,season_regime,late,hybrid_exponential,1.25,780.0,0.11,True,hybrid_exponential,1.0,650.0,0.1,True
logistic_engineered,20242025,20252026,20252026,2025020718,2026-01-12,NYR,SEA,0,0.619039,0.380961,NYR,0,single,season_regime,late,hybrid_exponential,1.25,780.0,0.11,True,hybrid_exponential,1.0,650.0,0.1,True
logistic_engineered,20242025,20252026,20252026,2025020719,2026-01-12,PHI,TBL,0,0.395827,0.604173,TBL,1,single,season_regime,late,hybrid_exponential,1.25,780.0,0.11,True,hybrid_exponential,1.0,650.0,0.1,True
logistic_engineered,20242025,20252026,20252026,2025020720,2026-01-12,MTL,VAN,1,0.663789,0.336211,MTL,1,single,season_regime,late,hybrid_exponential,1.25,780.0,0.11,True,hybrid_exponential,1.0,650.0,0.1,True
logistic_engineered,20242025,20252026,20252026,2025020721,2026-01-12,MIN,NJD,0,0.779942,0.220058,MIN,0,single,season_regime,late,hybrid_exponential,1.25,780.0,0.11,True,hybrid_exponential,1.0,650.0,0.1,True
logistic_engineered,20242025,20252026,20252026,2025020722,2026-01-12,CHI,EDM,0,0.404999,0.595001,EDM,1,single,season_regime,late,hybrid_exponential,1.25,780.0,0.11,True,hybrid_exponential,1.0,650.0,0.1,True
logistic_engineered,20242025,20252026,20252026,2025020723,2026-01-12,COL,TOR,0,0.658216,0.341784,COL,0,single,season_regime,late,hybrid_exponential,1.25,780.0,0.11,True,hybrid_exponential,1.0,650.0,0.1,True
logistic_engineered,20242025,20252026,20252026,2025020724,2026-01-12,LAK,DAL,0,0.507475,0.492525,LAK,0,single,season_regime,late,hybrid_exponential,1.25,780.0,0.11,True,hybrid_exponential,1.0,650.0,0.1,True
logistic_engineered,20242025,20252026,20252026,2025020725,2026-01-13,OTT,VAN,1,0.733804,0.266196,OTT,1,single,season_regime,late,hybrid_exponential,1.25,780.0,0.11,True,hybrid_exponential,1.0,650.0,0.1,True
logistic_engineered,20242025,20252026,20252026,2025020726,2026-01-13,PIT,TBL,0,0.441219,0.558781,TBL,1,single,season_regime,late,hybrid_exponential,1.25,780.0,0.11,True,hybrid_exponential,1.0,650.0,0.1,True
logistic_engineered,20242025,20252026,20252026,2025020727,2026-01-13,WSH,MTL,1,0.630223,0.369777,WSH,1,single,season_regime,late,hybrid_exponential,1.25,780.0,0.11,True,hybrid_exponential,1.0,650.0,0.1,True
logistic_engineered,20242025,20252026,20252026,2025020728,2026-01-13,CBJ,CGY,1,0.52657,0.47343,CBJ,1,single,season_regime,late,hybrid_exponential,1.25,780.0,0.11,True,hybrid_exponential,1.0,650.0,0.1,True
logistic_engineered,20242025,20252026,20252026,2025020729,2026-01-13,BOS,DET,1,0.498884,0.501116,DET,0,single,season_regime,late,hybrid_exponential,1.25,780.0,0.11,True,hybrid_exponential,1.0,650.0,0.1,True
logistic_engineered,20242025,20252026,20252026,2025020730,2026-01-13,STL,CAR,1,0.480626,0.519374,CAR,0,single,season_regime,late,hybrid_exponential,1.25,780.0,0.11,True,hybrid_exponential,1.0,650.0,0.1,True
logistic_engineered,20242025,20252026,20252026,2025020731,2026-01-13,NSH,EDM,1,0.532498,0.467502,NSH,1,single,season_regime,late,hybrid_exponential,1.25,780.0,0.11,True,hybrid_exponential,1.0,650.0,0.1,True
logistic_engineered,20242025,20252026,20252026,2025020732,2026-01-13,WPG,NYI,1,0.747381,0.252619,WPG,1,single,season_regime,late,hybrid_exponential,1.25,780.0,0.11,True,hybrid_exponential,1.0,650.0,0.1,True
logistic_engineered,20242025,20252026,20252026,2025020733,2026-01-13,UTA,TOR,1,0.567602,0.432398,UTA,1,single,season_regime,late,hybrid_exponential,1.25,780.0,0.11,True,hybrid_exponential,1.0,650.0,0.1,True
logistic_engineered,20242025,20252026,20252026,2025020734,2026-01-13,ANA,DAL,1,0.561475,0.438525,ANA,1,single,season_regime,late,hybrid_exponential,1.25,780.0,0.11,True,hybrid_exponential,1.0,650.0,0.1,True
logistic_engineered,20242025,20252026,20252026,2025020735,2026-01-14,NJD,SEA,1,0.416417,0.583583,SEA,0,single,season_regime,late,hybrid_exponential,1.25,780.0,0.11,True,hybrid_exponential,1.0,650.0,0.1,True
logistic_engineered,20242025,20252026,20252026,2025020736,2026-01-14,BUF,PHI,1,0.853945,0.146055,BUF,1,single,season_regime,late,hybrid_exponential,1.25,780.0,0.11,True,hybrid_exponential,1.0,650.0,0.1,True
logistic_engineered,20242025,20252026,20252026,2025020737,2026-01-14,NYR,OTT,0,0.272654,0.727346,OTT,1,single,season_regime,late,hybrid_exponential,1.25,780.0,0.11,True,hybrid_exponential,1.0,650.0,0.1,True
logistic_engineered,20242025,20252026,20252026,2025020738,2026-01-14,LAK,VGK,0,0.589821,0.410179,LAK,0,single,season_regime,late,hybrid_exponential,1.25,780.0,0.11,True,hybrid_exponential,1.0,650.0,0.1,True
logistic_engineered,20242025,20252026,20252026,2025020739,2026-01-15,BOS,SEA,1,0.614073,0.385927,BOS,1,single,season_regime,late,hybrid_exponential,1.25,780.0,0.11,True,hybrid_exponential,1.0,650.0,0.1,True
logistic_engineered,20242025,20252026,20252026,2025020740,2026-01-15,BUF,MTL,1,0.441941,0.558059,MTL,0,single,season_regime,late,hybrid_exponential,1.25,780.0,0.11,True,hybrid_exponential,1.0,650.0,0.1,True
logistic_engineered,20242025,20252026,20252026,2025020741,2026-01-15,PIT,PHI,1,0.851351,0.148649,PIT,1,single,season_regime,late,hybrid_exponential,1.25,780.0,0.11,True,hybrid_exponential,1.0,650.0,0.1,True
logistic_engineered,20242025,20252026,20252026,2025020742,2026-01-15,WSH,SJS,0,0.717317,0.282683,WSH,0,single,season_regime,late,hybrid_exponential,1.25,780.0,0.11,True,hybrid_exponential,1.0,650.0,0.1,True
logistic_engineered,20242025,20252026,20252026,2025020743,2026-01-15,CBJ,VAN,1,0.680871,0.319129,CBJ,1,single,season_regime,late,hybrid_exponential,1.25,780.0,0.11,True,hybrid_exponential,1.0,650.0,0.1,True
logistic_engineered,20242025,20252026,20252026,2025020744,2026-01-15,MIN,WPG,0,0.209246,0.790754,WPG,1,single,season_regime,late,hybrid_exponential,1.25,780.0,0.11,True,hybrid_exponential,1.0,650.0,0.1,True
logistic_engineered,20242025,20252026,20252026,2025020745,2026-01-15,CHI,CGY,0,0.551223,0.448777,CHI,0,single,season_regime,late,hybrid_exponential,1.25,780.0,0.11,True,hybrid_exponential,1.0,650.0,0.1,True
logistic_engineered,20242025,20252026,20252026,2025020746,2026-01-15,UTA,DAL,1,0.561335,0.438665,UTA,1,single,season_regime,late,hybrid_exponential,1.25,780.0,0.11,True,hybrid_exponential,1.0,650.0,0.1,True
logistic_engineered,20242025,20252026,20252026,2025020747,2026-01-15,EDM,NYI,0,0.595406,0.404594,EDM,0,single,season_regime,late,hybrid_exponential,1.25,780.0,0.11,True,hybrid_exponential,1.0,650.0,0.1,True
logistic_engineered,20242025,20252026,20252026,2025020748,2026-01-15,VGK,TOR,1,0.447711,0.552289,TOR,0,single,season_regime,late,hybrid_exponential,1.25,780.0,0.11,True,hybrid_exponential,1.0,650.0,0.1,True
logistic_engineered,20242025,20252026,20252026,2025020749,2026-01-16,DET,SJS,1,0.792081,0.207919,DET,1,single,season_regime,late,hybrid_exponential,1.25,780.0,0.11,True,hybrid_exponential,1.0,650.0,0.1,True
logistic_engineered,20242025,20252026,20252026,2025020750,2026-01-16,CAR,FLA,1,0.62817,0.37183,CAR,1,single,season_regime,late,hybrid_exponential,1.25,780.0,0.11,True,hybrid_exponential,1.0,650.0,0.1,True
logistic_engineered,20242025,20252026,20252026,2025020751,2026-01-16,STL,TBL,1,0.371517,0.628483,TBL,0,single,season_regime,late,hybrid_exponential,1.25,780.0,0.11,True,hybrid_exponential,1.0,650.0,0.1,True
logistic_engineered,20242025,20252026,20252026,2025020752,2026-01-16,COL,NSH,0,0.712029,0.287971,COL,0,single,season_regime,late,hybrid_exponential,1.25,780.0,0.11,True,hybrid_exponential,1.0,650.0,0.1,True
logistic_engineered,20242025,20252026,20252026,2025020753,2026-01-16,LAK,ANA,0,0.604102,0.395898,LAK,0,single,season_regime,late,hybrid_exponential,1.25,780.0,0.11,True,hybrid_exponential,1.0,650.0,0.1,True
logistic_engineered,20242025,20252026,20252026,2025020754,2026-01-17,BUF,MIN,0,0.463082,0.536918,MIN,1,single,season_regime,late,hybrid_exponential,1.25,780.0,0.11,True,hybrid_exponential,1.0,650.0,0.1,True
logistic_engineered,20242025,20252026,20252026,2025020755,2026-01-17,PHI,NYR,0,0.154049,0.845951,NYR,1,single,season_regime,late,hybrid_exponential,1.25,780.0,0.11,True,hybrid_exponential,1.0,650.0,0.1,True
logistic_engineered,20242025,20252026,20252026,2025020756,2026-01-17,CGY,NYI,1,0.552431,0.447569,CGY,1,single,season_regime,late,hybrid_exponential,1.25,780.0,0.11,True,hybrid_exponential,1.0,650.0,0.1,True
logistic_engineered,20242025,20252026,20252026,2025020757,2026-01-17,UTA,SEA,1,0.603118,0.396882,UTA,1,single,season_regime,late,hybrid_exponential,1.25,780.0,0.11,True,hybrid_exponential,1.0,650.0,0.1,True
logistic_engineered,20242025,20252026,20252026,2025020758,2026-01-17,OTT,MTL,0,0.59679,0.40321,OTT,0,single,season_regime,late,hybrid_exponential,1.25,780.0,0.11,True,hybrid_exponential,1.0,650.0,0.1,True
logistic_engineered,20242025,20252026,20252026,2025020759,2026-01-17,NJD,CAR,0,0.556317,0.443683,NJD,0,single,season_regime,late,hybrid_exponential,1.25,780.0,0.11,True,hybrid_exponential,1.0,650.0,0.1,True
logistic_engineered,20242025,20252026,20252026,2025020760,2026-01-17,PIT,CBJ,0,0.508343,0.491657,PIT,0,single,season_regime,late,hybrid_exponential,1.25,780.0,0.11,True,hybrid_exponential,1.0,650.0,0.1,True
logistic_engineered,20242025,20252026,20252026,2025020761,2026-01-17,WSH,FLA,0,0.796587,0.203413,WSH,0,single,season_regime,late,hybrid_exponential,1.25,780.0,0.11,True,hybrid_exponential,1.0,650.0,0.1,True
logistic_engineered,20242025,20252026,20252026,2025020762,2026-01-17,WPG,TOR,0,0.673864,0.326136,WPG,0,single,season_regime,late,hybrid_exponential,1.25,780.0,0.11,True,hybrid_exponential,1.0,650.0,0.1,True
logistic_engineered,20242025,20252026,20252026,2025020763,2026-01-17,CHI,BOS,0,0.510219,0.489781,CHI,0,single,season_regime,late,hybrid_exponential,1.25,780.0,0.11,True,hybrid_exponential,1.0,650.0,0.1,True
logistic_engineered,20242025,20252026,20252026,2025020764,2026-01-17,VAN,EDM,0,0.44536,0.55464,EDM,1,single,season_regime,late,hybrid_exponential,1.25,780.0,0.11,True,hybrid_exponential,1.0,650.0,0.1,True
logistic_engineered,20242025,20252026,20252026,2025020765,2026-01-17,VGK,NSH,1,0.665919,0.334081,VGK,1,single,season_regime,late,hybrid_exponential,1.25,780.0,0.11,True,hybrid_exponential,1.0,650.0,0.1,True
logistic_engineered,20242025,20252026,20252026,2025020766,2026-01-17,ANA,LAK,1,0.460028,0.539972,LAK,0,single,season_regime,late,hybrid_exponential,1.25,780.0,0.11,True,hybrid_exponential,1.0,650.0,0.1,True
logistic_engineered,20242025,20252026,20252026,2025020767,2026-01-18,DAL,TBL,0,0.593306,0.406694,DAL,0,single,season_regime,late,hybrid_exponential,1.25,780.0,0.11,True,hybrid_exponential,1.0,650.0,0.1,True
logistic_engineered,20242025,20252026,20252026,2025020768,2026-01-18,DET,OTT,1,0.72951,0.27049,DET,1,single,season_regime,late,hybrid_exponential,1.25,780.0,0.11,True,hybrid_exponential,1.0,650.0,0.1,True
logistic_engineered,20242025,20252026,20252026,2025020769,2026-01-18,EDM,STL,1,0.538109,0.461891,EDM,1,single,season_regime,late,hybrid_exponential,1.25,780.0,0.11,True,hybrid_exponential,1.0,650.0,0.1,True
logistic_engineered,20242025,20252026,20252026,2025020770,2026-01-19,CAR,BUF,1,0.554936,0.445064,CAR,1,single,season_regime,late,hybrid_exponential,1.25,780.0,0.11,True,hybrid_exponential,1.0,650.0,0.1,True
logistic_engineered,20242025,20252026,20252026,2025020771,2026-01-19,COL,WSH,1,0.575757,0.424243,COL,1,single,season_regime,late,hybrid_exponential,1.25,780.0,0.11,True,hybrid_exponential,1.0,650.0,0.1,True
logistic_engineered,20242025,20252026,20252026,2025020772,2026-01-19,SEA,PIT,0,0.576906,0.423094,SEA,0,single,season_regime,late,hybrid_exponential,1.25,780.0,0.11,True,hybrid_exponential,1.0,650.0,0.1,True
logistic_engineered,20242025,20252026,20252026,2025020773,2026-01-19,FLA,SJS,0,0.561851,0.438149,FLA,0,single,season_regime,late,hybrid_exponential,1.25,780.0,0.11,True,hybrid_exponential,1.0,650.0,0.1,True
logistic_engineered,20242025,20252026,20252026,2025020774,2026-01-19,TOR,MIN,0,0.153438,0.846562,MIN,1,single,season_regime,late,hybrid_exponential,1.25,780.0,0.11,True,hybrid_exponential,1.0,650.0,0.1,True
logistic_engineered,20242025,20252026,20252026,2025020775,2026-01-19,VGK,PHI,0,0.699322,0.300678,VGK,0,single,season_regime,late,hybrid_exponential,1.25,780.0,0.11,True,hybrid_exponential,1.0,650.0,0.1,True
logistic_engineered,20242025,20252026,20252026,2025020776,2026-01-19,CHI,WPG,1,0.342126,0.657874,WPG,0,single,season_regime,late,hybrid_exponential,1.25,780.0,0.11,True,hybrid_exponential,1.0,650.0,0.1,True
logistic_engineered,20242025,20252026,20252026,2025020777,2026-01-19,CGY,NJD,0,0.487262,0.512738,NJD,1,single,season_regime,late,hybrid_exponential,1.25,780.0,0.11,True,hybrid_exponential,1.0,650.0,0.1,True
logistic_engineered,20242025,20252026,20252026,2025020778,2026-01-19,VAN,NYI,0,0.496212,0.503788,NYI,1,single,season_regime,late,hybrid_exponential,1.25,780.0,0.11,True,hybrid_exponential,1.0,650.0,0.1,True
logistic_engineered,20242025,20252026,20252026,2025020779,2026-01-19,ANA,NYR,1,0.39129,0.60871,NYR,0,single,season_regime,late,hybrid_exponential,1.25,780.0,0.11,True,hybrid_exponential,1.0,650.0,0.1,True
logistic_engineered,20242025,20252026,20252026,2025020780,2026-01-20,MTL,MIN,1,0.626506,0.373494,MTL,1,single,season_regime,late,hybrid_exponential,1.25,780.0,0.11,True,hybrid_exponential,1.0,650.0,0.1,True
logistic_engineered,20242025,20252026,20252026,2025020781,2026-01-20,TBL,SJS,1,0.826792,0.173208,TBL,1,single,season_regime,late,hybrid_exponential,1.25,780.0,0.11,True,hybrid_exponential,1.0,650.0,0.1,True
logistic_engineered,20242025,20252026,20252026,2025020782,2026-01-20,CBJ,OTT,0,0.261455,0.738545,OTT,1,single,season_regime,late,hybrid_exponential,1.25,780.0,0.11,True,hybrid_exponential,1.0,650.0,0.1,True
logistic_engineered,20242025,20252026,20252026,2025020783,2026-01-20,DAL,BOS,1,0.870285,0.129715,DAL,1,single,season_regime,late,hybrid_exponential,1.25,780.0,0.11,True,hybrid_exponential,1.0,650.0,0.1,True
logistic_engineered,20242025,20252026,20252026,2025020784,2026-01-20,NSH,BUF,0,0.239632,0.760368,BUF,1,single,season_regime,late,hybrid_exponential,1.25,780.0,0.11,True,hybrid_exponential,1.0,650.0,0.1,True
logistic_engineered,20242025,20252026,20252026,2025020785,2026-01-20,WPG,STL,1,0.6674,0.3326,WPG,1,single,season_regime,late,hybrid_exponential,1.25,780.0,0.11,True,hybrid_exponential,1.0,650.0,0.1,True
logistic_engineered,20242025,20252026,20252026,2025020786,2026-01-20,EDM,NJD,0,0.660957,0.339043,EDM,0,single,season_regime,late,hybrid_exponential,1.25,780.0,0.11,True,hybrid_exponential,1.0,650.0,0.1,True
logistic_engineered,20242025,20252026,20252026,2025020787,2026-01-20,LAK,NYR,1,0.268874,0.731126,NYR,0,single,season_regime,late,hybrid_exponential,1.25,780.0,0.11,True,hybrid_exponential,1.0,650.0,0.1,True
logistic_engineered,20242025,20252026,20252026,2025020788,2026-01-21,TOR,DET,0,0.533362,0.466638,TOR,0,single,season_regime,late,hybrid_exponential,1.25,780.0,0.11,True,hybrid_exponential,1.0,650.0,0.1,True
logistic_engineered,20242025,20252026,20252026,2025020789,2026-01-21,COL,ANA,0,0.714339,0.285661,COL,0,single,season_regime,late,hybrid_exponential,1.25,780.0,0.11,True,hybrid_exponential,1.0,650.0,0.1,True
logistic_engineered,20242025,20252026,20252026,2025020790,2026-01-21,UTA,PHI,1,0.741083,0.258917,UTA,1,single,season_regime,late,hybrid_exponential,1.25,780.0,0.11,True,hybrid_exponential,1.0,650.0,0.1,True
logistic_engineered,20242025,20252026,20252026,2025020791,2026-01-21,CGY,PIT,0,0.555556,0.444444,CGY,0,single,season_regime,late,hybrid_exponential,1.25,780.0,0.11,True,hybrid_exponential,1.0,650.0,0.1,True
logistic_engineered,20242025,20252026,20252026,2025020792,2026-01-21,VAN,WSH,1,0.342899,0.657101,WSH,0,single,season_regime,late,hybrid_exponential,1.25,780.0,0.11,True,hybrid_exponential,1.0,650.0,0.1,True
logistic_engineered,20242025,20252026,20252026,2025020793,2026-01-21,SEA,NYI,1,0.633942,0.366058,SEA,1,single,season_regime,late,hybrid_exponential,1.25,780.0,0.11,True,hybrid_exponential,1.0,650.0,0.1,True
logistic_engineered,20242025,20252026,20252026,2025020794,2026-01-22,BOS,VGK,1,0.490007,0.509993,VGK,0,single,season_regime,late,hybrid_exponential,1.25,780.0,0.11,True,hybrid_exponential,1.0,650.0,0.1,True
logistic_engineered,20242025,20252026,20252026,2025020795,2026-01-22,MTL,BUF,0,0.552596,0.447404,MTL,0,single,season_regime,late,hybrid_exponential,1.25,780.0,0.11,True,hybrid_exponential,1.0,650.0,0.1,True
logistic_engineered,20242025,20252026,20252026,2025020796,2026-01-22,CAR,CHI,0,0.765271,0.234729,CAR,0,single,season_regime,late,hybrid_exponential,1.25,780.0,0.11,True,hybrid_exponential,1.0,650.0,0.1,True
logistic_engineered,20242025,20252026,20252026,2025020797,2026-01-22,CBJ,DAL,1,0.510556,0.489444,CBJ,1,single,season_regime,late,hybrid_exponential,1.25,780.0,0.11,True,hybrid_exponential,1.0,650.0,0.1,True
logistic_engineered,20242025,20252026,20252026,2025020798,2026-01-22,NSH,OTT,1,0.465343,0.534657,OTT,0,single,season_regime,late,hybrid_exponential,1.25,780.0,0.11,True,hybrid_exponential,1.0,650.0,0.1,True
logistic_engineered,20242025,20252026,20252026,2025020799,2026-01-22,WPG,FLA,0,0.534588,0.465412,WPG,0,single,season_regime,late,hybrid_exponential,1.25,780.0,0.11,True,hybrid_exponential,1.0,650.0,0.1,True
logistic_engineered,20242025,20252026,20252026,2025020800,2026-01-22,EDM,PIT,0,0.694203,0.305797,EDM,0,single,season_regime,late,hybrid_exponential,1.25,780.0,0.11,True,hybrid_exponential,1.0,650.0,0.1,True
logistic_engineered,20242025,20252026,20252026,2025020801,2026-01-22,MIN,DET,1,0.650113,0.349887,MIN,1,single,season_regime,late,hybrid_exponential,1.25,780.0,0.11,True,hybrid_exponential,1.0,650.0,0.1,True
logistic_engineered,20242025,20252026,20252026,2025020802,2026-01-23,TOR,VGK,0,0.600804,0.399196,TOR,0,single,season_regime,late,hybrid_exponential,1.25,780.0,0.11,True,hybrid_exponential,1.0,650.0,0.1,True
logistic_engineered,20242025,20252026,20252026,2025020803,2026-01-23,CHI,TBL,0,0.31173,0.68827,TBL,1,single,season_regime,late,hybrid_exponential,1.25,780.0,0.11,True,hybrid_exponential,1.0,650.0,0.1,True
logistic_engineered,20242025,20252026,20252026,2025020804,2026-01-23,DAL,STL,1,0.662965,0.337035,DAL,1,single,season_regime,late,hybrid_exponential,1.25,780.0,0.11,True,hybrid_exponential,1.0,650.0,0.1,True
logistic_engineered,20242025,20252026,20252026,2025020805,2026-01-23,COL,PHI,0,0.768,0.232,COL,0,single,season_regime,late,hybrid_exponential,1.25,780.0,0.11,True,hybrid_exponential,1.0,650.0,0.1,True
logistic_engineered,20242025,20252026,20252026,2025020806,2026-01-23,CGY,WSH,0,0.404102,0.595898,WSH,1,single,season_regime,late,hybrid_exponential,1.25,780.0,0.11,True,hybrid_exponential,1.0,650.0,0.1,True
logistic_engineered,20242025,20252026,20252026,2025020807,2026-01-23,VAN,NJD,0,0.467699,0.532301,NJD,1,single,season_regime,late,hybrid_exponential,1.25,780.0,0.11,True,hybrid_exponential,1.0,650.0,0.1,True
logistic_engineered,20242025,20252026,20252026,2025020808,2026-01-23,SJS,NYR,1,0.428758,0.571242,NYR,0,single,season_regime,late,hybrid_exponential,1.25,780.0,0.11,True,hybrid_exponential,1.0,650.0,0.1,True
logistic_engineered,20242025,20252026,20252026,2025020809,2026-01-23,SEA,ANA,0,0.624108,0.375892,SEA,0,single,season_regime,late,hybrid_exponential,1.25,780.0,0.11,True,hybrid_exponential,1.0,650.0,0.1,True
logistic_engineered,20242025,20252026,20252026,2025020810,2026-01-24,NYI,BUF,0,0.586912,0.413088,NYI,0,single,season_regime,late,hybrid_exponential,1.25,780.0,0.11,True,hybrid_exponential,1.0,650.0,0.1,True
logistic_engineered,20242025,20252026,20252026,2025020811,2026-01-24,NSH,UTA,0,0.536297,0.463703,NSH,0,single,season_regime,late,hybrid_exponential,1.25,780.0,0.11,True,hybrid_exponential,1.0,650.0,0.1,True
logistic_engineered,20242025,20252026,20252026,2025020812,2026-01-24,BOS,MTL,1,0.551857,0.448143,BOS,1,single,season_regime,late,hybrid_exponential,1.25,780.0,0.11,True,hybrid_exponential,1.0,650.0,0.1,True
logistic_engineered,20242025,20252026,20252026,2025020813,2026-01-24,OTT,CAR,0,0.532143,0.467857,OTT,0,single,season_regime,late,hybrid_exponential,1.25,780.0,0.11,True,hybrid_exponential,1.0,650.0,0.1,True
logistic_engineered,20242025,20252026,20252026,2025020814,2026-01-24,CBJ,TBL,1,0.646888,0.353112,CBJ,1,single,season_regime,late,hybrid_exponential,1.25,780.0,0.11,True,hybrid_exponential,1.0,650.0,0.1,True
logistic_engineered,20242025,20252026,20252026,2025020815,2026-01-24,WPG,DET,0,0.628608,0.371392,WPG,0,single,season_regime,late,hybrid_exponential,1.25,780.0,0.11,True,hybrid_exponential,1.0,650.0,0.1,True
logistic_engineered,20242025,20252026,20252026,2025020816,2026-01-24,STL,LAK,0,0.339551,0.660449,LAK,1,single,season_regime,late,hybrid_exponential,1.25,780.0,0.11,True,hybrid_exponential,1.0,650.0,0.1,True
logistic_engineered,20242025,20252026,20252026,2025020817,2026-01-24,MIN,FLA,0,0.653207,0.346793,MIN,0,single,season_regime,late,hybrid_exponential,1.25,780.0,0.11,True,hybrid_exponential,1.0,650.0,0.1,True
logistic_engineered,20242025,20252026,20252026,2025020818,2026-01-24,EDM,WSH,1,0.234101,0.765899,WSH,0,single,season_regime,late,hybrid_exponential,1.25,780.0,0.11,True,hybrid_exponential,1.0,650.0,0.1,True
logistic_engineered,20242025,20252026,20252026,2025020819,2026-01-25,TOR,COL,0,0.441076,0.558924,COL,1,single,season_regime,late,hybrid_exponential,1.25,780.0,0.11,True,hybrid_exponential,1.0,650.0,0.1,True
logistic_engineered,20242025,20252026,20252026,2025020820,2026-01-25,SEA,NJD,1,0.580477,0.419523,SEA,1,single,season_regime,late,hybrid_exponential,1.25,780.0,0.11,True,hybrid_exponential,1.0,650.0,0.1,True
logistic_engineered,20242025,20252026,20252026,2025020821,2026-01-25,OTT,VGK,1,0.437655,0.562345,VGK,0,single,season_regime,late,hybrid_exponential,1.25,780.0,0.11,True,hybrid_exponential,1.0,650.0,0.1,True
logistic_engineered,20242025,20252026,20252026,2025020822,2026-01-25,VAN,PIT,0,0.465617,0.534383,PIT,1,single,season_regime,late,hybrid_exponential,1.25,780.0,0.11,True,hybrid_exponential,1.0,650.0,0.1,True
logistic_engineered,20242025,20252026,20252026,2025020823,2026-01-25,CHI,FLA,0,0.401502,0.598498,FLA,1,single,season_regime,late,hybrid_exponential,1.25,780.0,0.11,True,hybrid_exponential,1.0,650.0,0.1,True
logistic_engineered,20242025,20252026,20252026,2025020824,2026-01-25,CGY,ANA,0,0.581247,0.418753,CGY,0,single,season_regime,late,hybrid_exponential,1.25,780.0,0.11,True,hybrid_exponential,1.0,650.0,0.1,True
logistic_engineered,20242025,20252026,20252026,2025020825,2026-01-26,TBL,UTA,1,0.579859,0.420141,TBL,1,single,season_regime,late,hybrid_exponential,1.25,780.0,0.11,True,hybrid_exponential,1.0,650.0,0.1,True
logistic_engineered,20242025,20252026,20252026,2025020826,2026-01-26,NYR,BOS,1,0.544932,0.455068,NYR,1,single,season_regime,late,hybrid_exponential,1.25,780.0,0.11,True,hybrid_exponential,1.0,650.0,0.1,True
logistic_engineered,20242025,20252026,20252026,2025020827,2026-01-26,PHI,NYI,0,0.472228,0.527772,NYI,1,single,season_regime,late,hybrid_exponential,1.25,780.0,0.11,True,hybrid_exponential,1.0,650.0,0.1,True
logistic_engineered,20242025,20252026,20252026,2025020829,2026-01-26,EDM,ANA,1,0.755734,0.244266,EDM,1,single,season_regime,late,hybrid_exponential,1.25,780.0,0.11,True,hybrid_exponential,1.0,650.0,0.1,True
logistic_engineered,20242025,20252026,20252026,2025020830,2026-01-27,BOS,NSH,1,0.446558,0.553442,NSH,0,single,season_regime,late,hybrid_exponential,1.25,780.0,0.11,True,hybrid_exponential,1.0,650.0,0.1,True
logistic_engineered,20242025,20252026,20252026,2025020831,2026-01-27,TOR,BUF,0,0.831339,0.168661,TOR,0,single,season_regime,late,hybrid_exponential,1.25,780.0,0.11,True,hybrid_exponential,1.0,650.0,0.1,True
logistic_engineered,20242025,20252026,20252026,2025020832,2026-01-27,MTL,VGK,1,0.549827,0.450173,MTL,1,single,season_regime,late,hybrid_exponential,1.25,780.0,0.11,True,hybrid_exponential,1.0,650.0,0.1,True
logistic_engineered,20242025,20252026,20252026,2025020833,2026-01-27,DET,LAK,0,0.567193,0.432807,DET,0,single,season_regime,late,hybrid_exponential,1.25,780.0,0.11,True,hybrid_exponential,1.0,650.0,0.1,True
logistic_engineered,20242025,20252026,20252026,2025020834,2026-01-27,FLA,UTA,0,0.618519,0.381481,FLA,0,single,season_regime,late,hybrid_exponential,1.25,780.0,0.11,True,hybrid_exponential,1.0,650.0,0.1,True
logistic_engineered,20242025,20252026,20252026,2025020835,2026-01-27,NJD,WPG,0,0.435426,0.564574,WPG,1,single,season_regime,late,hybrid_exponential,1.25,780.0,0.11,True,hybrid_exponential,1.0,650.0,0.1,True
logistic_engineered,20242025,20252026,20252026,2025020836,2026-01-27,STL,DAL,0,0.397555,0.602445,DAL,1,single,season_regime,late,hybrid_exponential,1.25,780.0,0.11,True,hybrid_exponential,1.0,650.0,0.1,True
logistic_engineered,20242025,20252026,20252026,2025020837,2026-01-27,MIN,CHI,1,0.746736,0.253264,MIN,1,single,season_regime,late,hybrid_exponential,1.25,780.0,0.11,True,hybrid_exponential,1.0,650.0,0.1,True
logistic_engineered,20242025,20252026,20252026,2025020838,2026-01-27,VAN,SJS,0,0.179306,0.820694,SJS,1,single,season_regime,late,hybrid_exponential,1.25,780.0,0.11,True,hybrid_exponential,1.0,650.0,0.1,True
logistic_engineered,20242025,20252026,20252026,2025020839,2026-01-27,SEA,WSH,1,0.460439,0.539561,WSH,0,single,season_regime,late,hybrid_exponential,1.25,780.0,0.11,True,hybrid_exponential,1.0,650.0,0.1,True
logistic_engineered,20242025,20252026,20252026,2025020840,2026-01-28,CBJ,PHI,1,0.736412,0.263588,CBJ,1,single,season_regime,late,hybrid_exponential,1.25,780.0,0.11,True,hybrid_exponential,1.0,650.0,0.1,True
logistic_engineered,20242025,20252026,20252026,2025020841,2026-01-28,OTT,COL,1,0.547365,0.452635,OTT,1,single,season_regime,late,hybrid_exponential,1.25,780.0,0.11,True,hybrid_exponential,1.0,650.0,0.1,True
logistic_engineered,20242025,20252026,20252026,2025020842,2026-01-28,NYI,NYR,1,0.555791,0.444209,NYI,1,single,season_regime,late,hybrid_exponential,1.25,780.0,0.11,True,hybrid_exponential,1.0,650.0,0.1,True
logistic_engineered,20242025,20252026,20252026,2025020843,2026-01-29,BOS,PHI,1,0.819511,0.180489,BOS,1,single,season_regime,late,hybrid_exponential,1.25,780.0,0.11,True,hybrid_exponential,1.0,650.0,0.1,True
logistic_engineered,20242025,20252026,20252026,2025020844,2026-01-29,BUF,LAK,1,0.55427,0.44573,BUF,1,single,season_regime,late,hybrid_exponential,1.25,780.0,0.11,True,hybrid_exponential,1.0,650.0,0.1,True
logistic_engineered,20242025,20252026,20252026,2025020845,2026-01-29,MTL,COL,1,0.614044,0.385956,MTL,1,single,season_regime,late,hybrid_exponential,1.25,780.0,0.11,True,hybrid_exponential,1.0,650.0,0.1,True
logistic_engineered,20242025,20252026,20252026,2025020846,2026-01-29,DET,WSH,0,0.62235,0.37765,DET,0,single,season_regime,late,hybrid_exponential,1.25,780.0,0.11,True,hybrid_exponential,1.0,650.0,0.1,True
logistic_engineered,20242025,20252026,20252026,2025020847,2026-01-29,TBL,WPG,1,0.599348,0.400652,TBL,1,single,season_regime,late,hybrid_exponential,1.25,780.0,0.11,True,hybrid_exponential,1.0,650.0,0.1,True
logistic_engineered,20242025,20252026,20252026,2025020848,2026-01-29,NJD,NSH,1,0.620522,0.379478,NJD,1,single,season_regime,late,hybrid_exponential,1.25,780.0,0.11,True,hybrid_exponential,1.0,650.0,0.1,True
logistic_engineered,20242025,20252026,20252026,2025020849,2026-01-29,NYR,NYI,0,0.509138,0.490862,NYR,0,single,season_regime,late,hybrid_exponential,1.25,780.0,0.11,True,hybrid_exponential,1.0,650.0,0.1,True
logistic_engineered,20242025,20252026,20252026,2025020850,2026-01-29,PIT,CHI,1,0.622934,0.377066,PIT,1,single,season_regime,late,hybrid_exponential,1.25,780.0,0.11,True,hybrid_exponential,1.0,650.0,0.1,True
logistic_engineered,20242025,20252026,20252026,2025020851,2026-01-29,CAR,UTA,1,0.665163,0.334837,CAR,1,single,season_regime,late,hybrid_exponential,1.25,780.0,0.11,True,hybrid_exponential,1.0,650.0,0.1,True
logistic_engineered,20242025,20252026,20252026,2025020852,2026-01-29,STL,FLA,1,0.417148,0.582852,FLA,0,single,season_regime,late,hybrid_exponential,1.25,780.0,0.11,True,hybrid_exponential,1.0,650.0,0.1,True
logistic_engineered,20242025,20252026,20252026,2025020853,2026-01-29,MIN,CGY,1,0.723338,0.276662,MIN,1,single,season_regime,late,hybrid_exponential,1.25,780.0,0.11,True,hybrid_exponential,1.0,650.0,0.1,True
logistic_engineered,20242025,20252026,20252026,2025020854,2026-01-29,EDM,SJS,1,0.714456,0.285544,EDM,1,single,season_regime,late,hybrid_exponential,1.25,780.0,0.11,True,hybrid_exponential,1.0,650.0,0.1,True
logistic_engineered,20242025,20252026,20252026,2025020855,2026-01-29,VAN,ANA,1,0.167235,0.832765,ANA,0,single,season_regime,late,hybrid_exponential,1.25,780.0,0.11,True,hybrid_exponential,1.0,650.0,0.1,True
logistic_engineered,20242025,20252026,20252026,2025020856,2026-01-29,VGK,DAL,0,0.581863,0.418137,VGK,0,single,season_regime,late,hybrid_exponential,1.25,780.0,0.11,True,hybrid_exponential,1.0,650.0,0.1,True
logistic_engineered,20242025,20252026,20252026,2025020857,2026-01-29,SEA,TOR,1,0.51371,0.48629,SEA,1,single,season_regime,late,hybrid_exponential,1.25,780.0,0.11,True,hybrid_exponential,1.0,650.0,0.1,True
logistic_engineered,20242025,20252026,20252026,2025020858,2026-01-30,CHI,CBJ,0,0.291588,0.708412,CBJ,1,single,season_regime,late,hybrid_exponential,1.25,780.0,0.11,True,hybrid_exponential,1.0,650.0,0.1,True
logistic_engineered,20242025,20252026,20252026,2025020859,2026-01-31,PHI,LAK,0,0.510178,0.489822,PHI,0,single,season_regime,late,hybrid_exponential,1.25,780.0,0.11,True,hybrid_exponential,1.0,650.0,0.1,True
logistic_engineered,20242025,20252026,20252026,2025020860,2026-01-31,DET,COL,0,0.230811,0.769189,COL,1,single,season_regime,late,hybrid_exponential,1.25,780.0,0.11,True,hybrid_exponential,1.0,650.0,0.1,True
logistic_engineered,20242025,20252026,20252026,2025020861,2026-01-31,PIT,NYR,1,0.532395,0.467605,PIT,1,single,season_regime,late,hybrid_exponential,1.25,780.0,0.11,True,hybrid_exponential,1.0,650.0,0.1,True
logistic_engineered,20242025,20252026,20252026,2025020862,2026-01-31,FLA,WPG,0,0.497009,0.502991,WPG,1,single,season_regime,late,hybrid_exponential,1.25,780.0,0.11,True,hybrid_exponential,1.0,650.0,0.1,True
logistic_engineered,20242025,20252026,20252026,2025020863,2026-01-31,CGY,SJS,1,0.672737,0.327263,CGY,1,single,season_regime,late,hybrid_exponential,1.25,780.0,0.11,True,hybrid_exponential,1.0,650.0,0.1,True
logistic_engineered,20242025,20252026,20252026,2025020864,2026-01-31,WSH,CAR,1,0.648798,0.351202,WSH,1,single,season_regime,late,hybrid_exponential,1.25,780.0,0.11,True,hybrid_exponential,1.0,650.0,0.1,True
logistic_engineered,20242025,20252026,20252026,2025020865,2026-01-31,BUF,MTL,0,0.610171,0.389829,BUF,0,single,season_regime,late,hybrid_exponential,1.25,780.0,0.11,True,hybrid_exponential,1.0,650.0,0.1,True
logistic_engineered,20242025,20252026,20252026,2025020866,2026-01-31,OTT,NJD,1,0.612603,0.387397,OTT,1,single,season_regime,late,hybrid_exponential,1.25,780.0,0.11,True,hybrid_exponential,1.0,650.0,0.1,True
logistic_engineered,20242025,20252026,20252026,2025020867,2026-01-31,NYI,NSH,0,0.543787,0.456213,NYI,0,single,season_regime,late,hybrid_exponential,1.25,780.0,0.11,True,hybrid_exponential,1.0,650.0,0.1,True
logistic_engineered,20242025,20252026,20252026,2025020868,2026-01-31,STL,CBJ,0,0.576385,0.423615,STL,0,single,season_regime,late,hybrid_exponential,1.25,780.0,0.11,True,hybrid_exponential,1.0,650.0,0.1,True
logistic_engineered,20242025,20252026,20252026,2025020869,2026-01-31,VAN,TOR,0,0.387271,0.612729,TOR,1,single,season_regime,late,hybrid_exponential,1.25,780.0,0.11,True,hybrid_exponential,1.0,650.0,0.1,True
logistic_engineered,20242025,20252026,20252026,2025020870,2026-01-31,UTA,DAL,0,0.585996,0.414004,UTA,0,single,season_regime,late,hybrid_exponential,1.25,780.0,0.11,True,hybrid_exponential,1.0,650.0,0.1,True
logistic_engineered,20242025,20252026,20252026,2025020871,2026-01-31,EDM,MIN,0,0.212497,0.787503,MIN,1,single,season_regime,late,hybrid_exponential,1.25,780.0,0.11,True,hybrid_exponential,1.0,650.0,0.1,True
logistic_engineered,20242025,20252026,20252026,2025020872,2026-01-31,VGK,SEA,0,0.616006,0.383994,VGK,0,single,season_regime,late,hybrid_exponential,1.25,780.0,0.11,True,hybrid_exponential,1.0,650.0,0.1,True
logistic_engineered,20242025,20252026,20252026,2025020873,2026-02-01,TBL,BOS,1,0.730674,0.269326,TBL,1,single,season_regime,late,hybrid_exponential,1.25,780.0,0.11,True,hybrid_exponential,1.0,650.0,0.1,True
logistic_engineered,20242025,20252026,20252026,2025020874,2026-02-01,CAR,LAK,1,0.525385,0.474615,CAR,1,single,season_regime,late,hybrid_exponential,1.25,780.0,0.11,True,hybrid_exponential,1.0,650.0,0.1,True
logistic_engineered,20242025,20252026,20252026,2025020875,2026-02-01,ANA,VGK,1,0.535232,0.464768,ANA,1,single,season_regime,late,hybrid_exponential,1.25,780.0,0.11,True,hybrid_exponential,1.0,650.0,0.1,True
logistic_engineered,20242025,20252026,20252026,2025020876,2026-02-02,FLA,BUF,0,0.599035,0.400965,FLA,0,single,season_regime,late,hybrid_exponential,1.25,780.0,0.11,True,hybrid_exponential,1.0,650.0,0.1,True
logistic_engineered,20242025,20252026,20252026,2025020877,2026-02-02,PIT,OTT,0,0.504365,0.495635,PIT,0,single,season_regime,late,hybrid_exponential,1.25,780.0,0.11,True,hybrid_exponential,1.0,650.0,0.1,True
logistic_engineered,20242025,20252026,20252026,2025020878,2026-02-02,WSH,NYI,1,0.70941,0.29059,WSH,1,single,season_regime,late,hybrid_exponential,1.25,780.0,0.11,True,hybrid_exponential,1.0,650.0,0.1,True
logistic_engineered,20242025,20252026,20252026,2025020879,2026-02-02,MIN,MTL,1,0.588691,0.411309,MIN,1,single,season_regime,late,hybrid_exponential,1.25,780.0,0.11,True,hybrid_exponential,1.0,650.0,0.1,True
logistic_engineered,20242025,20252026,20252026,2025020880,2026-02-02,NSH,STL,1,0.284057,0.715943,STL,0,single,season_regime,late,hybrid_exponential,1.25,780.0,0.11,True,hybrid_exponential,1.0,650.0,0.1,True
logistic_engineered,20242025,20252026,20252026,2025020881,2026-02-02,CHI,SJS,1,0.842996,0.157004,CHI,1,single,season_regime,late,hybrid_exponential,1.25,780.0,0.11,True,hybrid_exponential,1.0,650.0,0.1,True
logistic_engineered,20242025,20252026,20252026,2025020882,2026-02-02,DAL,WPG,1,0.627242,0.372758,DAL,1,single,season_regime,late,hybrid_exponential,1.25,780.0,0.11,True,hybrid_exponential,1.0,650.0,0.1,True
logistic_engineered,20242025,20252026,20252026,2025020883,2026-02-02,COL,DET,0,0.573468,0.426532,COL,0,single,season_regime,late,hybrid_exponential,1.25,780.0,0.11,True,hybrid_exponential,1.0,650.0,0.1,True
logistic_engineered,20242025,20252026,20252026,2025020884,2026-02-02,UTA,VAN,1,0.660367,0.339633,UTA,1,single,season_regime,late,hybrid_exponential,1.25,780.0,0.11,True,hybrid_exponential,1.0,650.0,0.1,True
logistic_engineered,20242025,20252026,20252026,2025020885,2026-02-02,CGY,TOR,0,0.518941,0.481059,CGY,0,single,season_regime,late,hybrid_exponential,1.25,780.0,0.11,True,hybrid_exponential,1.0,650.0,0.1,True
logistic_engineered,20242025,20252026,20252026,2025020886,2026-02-03,TBL,BUF,1,0.680898,0.319102,TBL,1,single,season_regime,late,hybrid_exponential,1.25,780.0,0.11,True,hybrid_exponential,1.0,650.0,0.1,True
logistic_engineered,20242025,20252026,20252026,2025020887,2026-02-03,NJD,CBJ,0,0.625334,0.374666,NJD,0,single,season_regime,late,hybrid_exponential,1.25,780.0,0.11,True,hybrid_exponential,1.0,650.0,0.1,True
logistic_engineered,20242025,20252026,20252026,2025020888,2026-02-03,NYI,PIT,1,0.519105,0.480895,NYI,1,single,season_regime,late,hybrid_exponential,1.25,780.0,0.11,True,hybrid_exponential,1.0,650.0,0.1,True
logistic_engineered,20242025,20252026,20252026,2025020889,2026-02-03,PHI,WSH,1,0.516332,0.483668,PHI,1,single,season_regime,late,hybrid_exponential,1.25,780.0,0.11,True,hybrid_exponential,1.0,650.0,0.1,True
logistic_engineered,20242025,20252026,20252026,2025020890,2026-02-03,CAR,OTT,1,0.619475,0.380525,CAR,1,single,season_regime,late,hybrid_exponential,1.25,780.0,0.11,True,hybrid_exponential,1.0,650.0,0.1,True
logistic_engineered,20242025,20252026,20252026,2025020891,2026-02-03,EDM,TOR,0,0.69465,0.30535,EDM,0,single,season_regime,late,hybrid_exponential,1.25,780.0,0.11,True,hybrid_exponential,1.0,650.0,0.1,True
logistic_engineered,20242025,20252026,20252026,2025020892,2026-02-03,ANA,SEA,1,0.548885,0.451115,ANA,1,single,season_regime,late,hybrid_exponential,1.25,780.0,0.11,True,hybrid_exponential,1.0,650.0,0.1,True
logistic_engineered,20242025,20252026,20252026,2025020893,2026-02-04,FLA,BOS,1,0.602888,0.397112,FLA,1,single,season_regime,late,hybrid_exponential,1.25,780.0,0.11,True,hybrid_exponential,1.0,650.0,0.1,True
logistic_engineered,20242025,20252026,20252026,2025020894,2026-02-04,CBJ,CHI,1,0.641722,0.358278,CBJ,1,single,season_regime,late,hybrid_exponential,1.25,780.0,0.11,True,hybrid_exponential,1.0,650.0,0.1,True
logistic_engineered,20242025,20252026,20252026,2025020895,2026-02-04,WPG,MTL,0,0.622301,0.377699,WPG,0,single,season_regime,late,hybrid_exponential,1.25,780.0,0.11,True,hybrid_exponential,1.0,650.0,0.1,True
logistic_engineered,20242025,20252026,20252026,2025020896,2026-02-04,NSH,MIN,0,0.488883,0.511117,MIN,1,single,season_regime,late,hybrid_exponential,1.25,780.0,0.11,True,hybrid_exponential,1.0,650.0,0.1,True
logistic_engineered,20242025,20252026,20252026,2025020897,2026-02-04,COL,SJS,1,0.765196,0.234804,COL,1,single,season_regime,late,hybrid_exponential,1.25,780.0,0.11,True,hybrid_exponential,1.0,650.0,0.1,True
logistic_engineered,20242025,20252026,20252026,2025020898,2026-02-04,UTA,DET,1,0.554943,0.445057,UTA,1,single,season_regime,late,hybrid_exponential,1.25,780.0,0.11,True,hybrid_exponential,1.0,650.0,0.1,True
logistic_engineered,20242025,20252026,20252026,2025020899,2026-02-04,DAL,STL,1,0.703392,0.296608,DAL,1,single,season_regime,late,hybrid_exponential,1.25,780.0,0.11,True,hybrid_exponential,1.0,650.0,0.1,True
logistic_engineered,20242025,20252026,20252026,2025020900,2026-02-04,CGY,EDM,1,0.48379,0.51621,EDM,0,single,season_regime,late,hybrid_exponential,1.25,780.0,0.11,True,hybrid_exponential,1.0,650.0,0.1,True
logistic_engineered,20242025,20252026,20252026,2025020901,2026-02-04,VGK,VAN,1,0.642488,0.357512,VGK,1,single,season_regime,late,hybrid_exponential,1.25,780.0,0.11,True,hybrid_exponential,1.0,650.0,0.1,True
logistic_engineered,20242025,20252026,20252026,2025020902,2026-02-04,LAK,SEA,0,0.74691,0.25309,LAK,0,single,season_regime,late,hybrid_exponential,1.25,780.0,0.11,True,hybrid_exponential,1.0,650.0,0.1,True
logistic_engineered,20242025,20252026,20252026,2025020903,2026-02-05,BUF,PIT,0,0.571222,0.428778,BUF,0,single,season_regime,late,hybrid_exponential,1.25,780.0,0.11,True,hybrid_exponential,1.0,650.0,0.1,True
logistic_engineered,20242025,20252026,20252026,2025020904,2026-02-05,TBL,FLA,1,0.897788,0.102212,TBL,1,single,season_regime,late,hybrid_exponential,1.25,780.0,0.11,True,hybrid_exponential,1.0,650.0,0.1,True
logistic_engineered,20242025,20252026,20252026,2025020905,2026-02-05,NJD,NYI,0,0.568141,0.431859,NJD,0,single,season_regime,late,hybrid_exponential,1.25,780.0,0.11,True,hybrid_exponential,1.0,650.0,0.1,True
logistic_engineered,20242025,20252026,20252026,2025020906,2026-02-05,NYR,CAR,0,0.525832,0.474168,NYR,0,single,season_regime,late,hybrid_exponential,1.25,780.0,0.11,True,hybrid_exponential,1.0,650.0,0.1,True
logistic_engineered,20242025,20252026,20252026,2025020907,2026-02-05,PHI,OTT,0,0.503517,0.496483,PHI,0,single,season_regime,late,hybrid_exponential,1.25,780.0,0.11,True,hybrid_exponential,1.0,650.0,0.1,True
logistic_engineered,20242025,20252026,20252026,2025020908,2026-02-05,WSH,NSH,1,0.666909,0.333091,WSH,1,single,season_regime,late,hybrid_exponential,1.25,780.0,0.11,True,hybrid_exponential,1.0,650.0,0.1,True
logistic_engineered,20242025,20252026,20252026,2025020909,2026-02-05,VGK,LAK,1,0.618848,0.381152,VGK,1,single,season_regime,late,hybrid_exponential,1.25,780.0,0.11,True,hybrid_exponential,1.0,650.0,0.1,True
logistic_engineered,20242025,20252026,20252026,2025020910,2026-02-25,NJD,BUF,0,0.514547,0.485453,NJD,0,single,season_regime,late,hybrid_exponential,1.25,780.0,0.11,True,hybrid_exponential,1.0,650.0,0.1,True
logistic_engineered,20242025,20252026,20252026,2025020911,2026-02-25,WSH,PHI,1,0.631891,0.368109,WSH,1,single,season_regime,late,hybrid_exponential,1.25,780.0,0.11,True,hybrid_exponential,1.0,650.0,0.1,True
logistic_engineered,20242025,20252026,20252026,2025020912,2026-02-25,TBL,TOR,1,0.672131,0.327869,TBL,1,single,season_regime,late,hybrid_exponential,1.25,780.0,0.11,True,hybrid_exponential,1.0,650.0,0.1,True
logistic_engineered,20242025,20252026,20252026,2025020913,2026-02-25,DAL,SEA,1,0.675925,0.324075,DAL,1,single,season_regime,late,hybrid_exponential,1.25,780.0,0.11,True,hybrid_exponential,1.0,650.0,0.1,True
logistic_engineered,20242025,20252026,20252026,2025020914,2026-02-25,UTA,COL,0,0.565337,0.434663,UTA,0,single,season_regime,late,hybrid_exponential,1.25,780.0,0.11,True,hybrid_exponential,1.0,650.0,0.1,True
logistic_engineered,20242025,20252026,20252026,2025020915,2026-02-25,VAN,WPG,0,0.35271,0.64729,WPG,1,single,season_regime,late,hybrid_exponential,1.25,780.0,0.11,True,hybrid_exponential,1.0,650.0,0.1,True
logistic_engineered,20242025,20252026,20252026,2025020916,2026-02-25,LAK,VGK,0,0.590055,0.409945,LAK,0,single,season_regime,late,hybrid_exponential,1.25,780.0,0.11,True,hybrid_exponential,1.0,650.0,0.1,True
logistic_engineered,20242025,20252026,20252026,2025020917,2026-02-25,ANA,EDM,1,0.765085,0.234915,ANA,1,single,season_regime,late,hybrid_exponential,1.25,780.0,0.11,True,hybrid_exponential,1.0,650.0,0.1,True
logistic_engineered,20242025,20252026,20252026,2025020918,2026-02-26,BOS,CBJ,1,0.226537,0.773463,CBJ,0,single,season_regime,late,hybrid_exponential,1.25,780.0,0.11,True,hybrid_exponential,1.0,650.0,0.1,True
logistic_engineered,20242025,20252026,20252026,2025020919,2026-02-26,MTL,NYI,0,0.65388,0.34612,MTL,0,single,season_regime,late,hybrid_exponential,1.25,780.0,0.11,True,hybrid_exponential,1.0,650.0,0.1,True
logistic_engineered,20242025,20252026,20252026,2025020920,2026-02-26,OTT,DET,0,0.617337,0.382663,OTT,0,single,season_regime,late,hybrid_exponential,1.25,780.0,0.11,True,hybrid_exponential,1.0,650.0,0.1,True
logistic_engineered,20242025,20252026,20252026,2025020921,2026-02-26,FLA,TOR,1,0.760492,0.239508,FLA,1,single,season_regime,late,hybrid_exponential,1.25,780.0,0.11,True,hybrid_exponential,1.0,650.0,0.1,True
logistic_engineered,20242025,20252026,20252026,2025020922,2026-02-26,PIT,NJD,1,0.673853,0.326147,PIT,1,single,season_regime,late,hybrid_exponential,1.25,780.0,0.11,True,hybrid_exponential,1.0,650.0,0.1,True
logistic_engineered,20242025,20252026,20252026,2025020923,2026-02-26,CAR,TBL,1,0.708935,0.291065,CAR,1,single,season_regime,late,hybrid_exponential,1.25,780.0,0.11,True,hybrid_exponential,1.0,650.0,0.1,True
logistic_engineered,20242025,20252026,20252026,2025020924,2026-02-26,NYR,PHI,0,0.707965,0.292035,NYR,0,single,season_regime,late,hybrid_exponential,1.25,780.0,0.11,True,hybrid_exponential,1.0,650.0,0.1,True
logistic_engineered,20242025,20252026,20252026,2025020925,2026-02-26,STL,SEA,1,0.754843,0.245157,STL,1,single,season_regime,late,hybrid_exponential,1.25,780.0,0.11,True,hybrid_exponential,1.0,650.0,0.1,True
logistic_engineered,20242025,20252026,20252026,2025020926,2026-02-26,NSH,CHI,1,0.647868,0.352132,NSH,1,single,season_regime,late,hybrid_exponential,1.25,780.0,0.11,True,hybrid_exponential,1.0,650.0,0.1,True
logistic_engineered,20242025,20252026,20252026,2025020927,2026-02-26,COL,MIN,0,0.740899,0.259101,COL,0,single,season_regime,late,hybrid_exponential,1.25,780.0,0.11,True,hybrid_exponential,1.0,650.0,0.1,True
logistic_engineered,20242025,20252026,20252026,2025020928,2026-02-26,SJS,CGY,0,0.499581,0.500419,CGY,1,single,season_regime,late,hybrid_exponential,1.25,780.0,0.11,True,hybrid_exponential,1.0,650.0,0.1,True
logistic_engineered,20242025,20252026,20252026,2025020929,2026-02-26,LAK,EDM,0,0.125539,0.874461,EDM,1,single,season_regime,late,hybrid_exponential,1.25,780.0,0.11,True,hybrid_exponential,1.0,650.0,0.1,True
logistic_engineered,20242025,20252026,20252026,2025020930,2026-02-27,FLA,BUF,0,0.46133,0.53867,BUF,1,single,season_regime,late,hybrid_exponential,1.25,780.0,0.11,True,hybrid_exponential,1.0,650.0,0.1,True
logistic_engineered,20242025,20252026,20252026,2025020931,2026-02-27,WSH,VGK,1,0.658722,0.341278,WSH,1,single,season_regime,late,hybrid_exponential,1.25,780.0,0.11,True,hybrid_exponential,1.0,650.0,0.1,True
logistic_engineered,20242025,20252026,20252026,2025020932,2026-02-27,UTA,MIN,1,0.653029,0.346971,UTA,1,single,season_regime,late,hybrid_exponential,1.25,780.0,0.11,True,hybrid_exponential,1.0,650.0,0.1,True
logistic_engineered,20242025,20252026,20252026,2025020933,2026-02-27,ANA,WPG,1,0.514705,0.485295,ANA,1,single,season_regime,late,hybrid_exponential,1.25,780.0,0.11,True,hybrid_exponential,1.0,650.0,0.1,True
logistic_engineered,20242025,20252026,20252026,2025020934,2026-02-28,NYR,PIT,1,0.585342,0.414658,NYR,1,single,season_regime,late,hybrid_exponential,1.25,780.0,0.11,True,hybrid_exponential,1.0,650.0,0.1,True
logistic_engineered,20242025,20252026,20252026,2025020935,2026-02-28,PHI,BOS,1,0.545149,0.454851,PHI,1,single,season_regime,late,hybrid_exponential,1.25,780.0,0.11,True,hybrid_exponential,1.0,650.0,0.1,True
logistic_engineered,20242025,20252026,20252026,2025020936,2026-02-28,SJS,EDM,1,0.330866,0.669134,EDM,0,single,season_regime,late,hybrid_exponential,1.25,780.0,0.11,True,hybrid_exponential,1.0,650.0,0.1,True
logistic_engineered,20242025,20252026,20252026,2025020937,2026-02-28,CBJ,NYI,0,0.63432,0.36568,CBJ,0,single,season_regime,late,hybrid_exponential,1.25,780.0,0.11,True,hybrid_exponential,1.0,650.0,0.1,True
logistic_engineered,20242025,20252026,20252026,2025020938,2026-02-28,COL,CHI,1,0.709026,0.290974,COL,1,single,season_regime,late,hybrid_exponential,1.25,780.0,0.11,True,hybrid_exponential,1.0,650.0,0.1,True
logistic_engineered,20242025,20252026,20252026,2025020939,2026-02-28,TOR,OTT,0,0.210667,0.789333,OTT,1,single,season_regime,late,hybrid_exponential,1.25,780.0,0.11,True,hybrid_exponential,1.0,650.0,0.1,True
logistic_engineered,20242025,20252026,20252026,2025020940,2026-02-28,MTL,WSH,1,0.615833,0.384167,MTL,1,single,season_regime,late,hybrid_exponential,1.25,780.0,0.11,True,hybrid_exponential,1.0,650.0,0.1,True
logistic_engineered,20242025,20252026,20252026,2025020941,2026-02-28,TBL,BUF,0,0.298576,0.701424,BUF,1,single,season_regime,late,hybrid_exponential,1.25,780.0,0.11,True,hybrid_exponential,1.0,650.0,0.1,True
logistic_engineered,20242025,20252026,20252026,2025020942,2026-02-28,CAR,DET,1,0.632533,0.367467,CAR,1,single,season_regime,late,hybrid_exponential,1.25,780.0,0.11,True,hybrid_exponential,1.0,650.0,0.1,True
logistic_engineered,20242025,20252026,20252026,2025020943,2026-02-28,STL,NJD,0,0.502998,0.497002,STL,0,single,season_regime,late,hybrid_exponential,1.25,780.0,0.11,True,hybrid_exponential,1.0,650.0,0.1,True
logistic_engineered,20242025,20252026,20252026,2025020944,2026-02-28,LAK,CGY,1,0.585189,0.414811,LAK,1,single,season_regime,late,hybrid_exponential,1.25,780.0,0.11,True,hybrid_exponential,1.0,650.0,0.1,True
logistic_engineered,20242025,20252026,20252026,2025020945,2026-02-28,DAL,NSH,1,0.700235,0.299765,DAL,1,single,season_regime,late,hybrid_exponential,1.25,780.0,0.11,True,hybrid_exponential,1.0,650.0,0.1,True
logistic_engineered,20242025,20252026,20252026,2025020946,2026-02-28,SEA,VAN,1,0.53029,0.46971,SEA,1,single,season_regime,late,hybrid_exponential,1.25,780.0,0.11,True,hybrid_exponential,1.0,650.0,0.1,True
logistic_engineered,20242025,20252026,20252026,2025020947,2026-03-01,PIT,VGK,1,0.358261,0.641739,VGK,0,single,season_regime,late,hybrid_exponential,1.25,780.0,0.11,True,hybrid_exponential,1.0,650.0,0.1,True
logistic_engineered,20242025,20252026,20252026,2025020948,2026-03-01,NYI,FLA,1,0.434881,0.565119,FLA,0,single,season_regime,late,hybrid_exponential,1.25,780.0,0.11,True,hybrid_exponential,1.0,650.0,0.1,True
logistic_engineered,20242025,20252026,20252026,2025020949,2026-03-01,UTA,CHI,0,0.783634,0.216366,UTA,0,single,season_regime,late,hybrid_exponential,1.25,780.0,0.11,True,hybrid_exponential,1.0,650.0,0.1,True
logistic_engineered,20242025,20252026,20252026,2025020950,2026-03-01,SJS,WPG,1,0.254227,0.745773,WPG,0,single,season_regime,late,hybrid_exponential,1.25,780.0,0.11,True,hybrid_exponential,1.0,650.0,0.1,True
logistic_engineered,20242025,20252026,20252026,2025020951,2026-03-01,MIN,STL,0,0.587852,0.412148,MIN,0,single,season_regime,late,hybrid_exponential,1.25,780.0,0.11,True,hybrid_exponential,1.0,650.0,0.1,True
logistic_engineered,20242025,20252026,20252026,2025020952,2026-03-01,ANA,CGY,1,0.751884,0.248116,ANA,1,single,season_regime,late,hybrid_exponential,1.25,780.0,0.11,True,hybrid_exponential,1.0,650.0,0.1,True
logistic_engineered,20242025,20252026,20252026,2025020953,2026-03-02,NYR,CBJ,0,0.575456,0.424544,NYR,0,single,season_regime,late,hybrid_exponential,1.25,780.0,0.11,True,hybrid_exponential,1.0,650.0,0.1,True
logistic_engineered,20242025,20252026,20252026,2025020954,2026-03-02,TOR,PHI,0,0.695919,0.304081,TOR,0,single,season_regime,late,hybrid_exponential,1.25,780.0,0.11,True,hybrid_exponential,1.0,650.0,0.1,True
logistic_engineered,20242025,20252026,20252026,2025020955,2026-03-02,NSH,DET,0,0.816605,0.183395,NSH,0,single,season_regime,late,hybrid_exponential,1.25,780.0,0.11,True,hybrid_exponential,1.0,650.0,0.1,True
logistic_engineered,20242025,20252026,20252026,2025020956,2026-03-02,VAN,DAL,0,0.379411,0.620589,DAL,1,single,season_regime,late,hybrid_exponential,1.25,780.0,0.11,True,hybrid_exponential,1.0,650.0,0.1,True
logistic_engineered,20242025,20252026,20252026,2025020957,2026-03-02,SEA,CAR,1,0.475742,0.524258,CAR,0,single,season_regime,late,hybrid_exponential,1.25,780.0,0.11,True,hybrid_exponential,1.0,650.0,0.1,True
logistic_engineered,20242025,20252026,20252026,2025020958,2026-03-02,LAK,COL,0,0.425032,0.574968,COL,1,single,season_regime,late,hybrid_exponential,1.25,780.0,0.11,True,hybrid_exponential,1.0,650.0,0.1,True
logistic_engineered,20242025,20252026,20252026,2025020959,2026-03-03,BOS,PIT,1,0.567998,0.432002,BOS,1,single,season_regime,late,hybrid_exponential,1.25,780.0,0.11,True,hybrid_exponential,1.0,650.0,0.1,True
logistic_engineered,20242025,20252026,20252026,2025020960,2026-03-03,BUF,VGK,1,0.614298,0.385702,BUF,1,single,season_regime,late,hybrid_exponential,1.25,780.0,0.11,True,hybrid_exponential,1.0,650.0,0.1,True
logistic_engineered,20242025,20252026,20252026,2025020961,2026-03-03,NJD,FLA,1,0.5632,0.4368,NJD,1,single,season_regime,late,hybrid_exponential,1.25,780.0,0.11,True,hybrid_exponential,1.0,650.0,0.1,True
logistic_engineered,20242025,20252026,20252026,2025020962,2026-03-03,WSH,UTA,0,0.570344,0.429656,WSH,0,single,season_regime,late,hybrid_exponential,1.25,780.0,0.11,True,hybrid_exponential,1.0,650.0,0.1,True
logistic_engineered,20242025,20252026,20252026,2025020963,2026-03-03,CBJ,NSH,1,0.166922,0.833078,NSH,0,single,season_regime,late,hybrid_exponential,1.25,780.0,0.11,True,hybrid_exponential,1.0,650.0,0.1,True
logistic_engineered,20242025,20252026,20252026,2025020964,2026-03-03,WPG,CHI,1,0.710365,0.289635,WPG,1,single,season_regime,late,hybrid_exponential,1.25,780.0,0.11,True,hybrid_exponential,1.0,650.0,0.1,True
logistic_engineered,20242025,20252026,20252026,2025020965,2026-03-03,CGY,DAL,0,0.177681,0.822319,DAL,1,single,season_regime,late,hybrid_exponential,1.25,780.0,0.11,True,hybrid_exponential,1.0,650.0,0.1,True
logistic_engineered,20242025,20252026,20252026,2025020966,2026-03-03,EDM,OTT,1,0.587264,0.412736,EDM,1,single,season_regime,late,hybrid_exponential,1.25,780.0,0.11,True,hybrid_exponential,1.0,650.0,0.1,True
logistic_engineered,20242025,20252026,20252026,2025020967,2026-03-03,MIN,TBL,1,0.415956,0.584044,TBL,0,single,season_regime,late,hybrid_exponential,1.25,780.0,0.11,True,hybrid_exponential,1.0,650.0,0.1,True
logistic_engineered,20242025,20252026,20252026,2025020968,2026-03-03,ANA,COL,0,0.550179,0.449821,ANA,0,single,season_regime,late,hybrid_exponential,1.25,780.0,0.11,True,hybrid_exponential,1.0,650.0,0.1,True
logistic_engineered,20242025,20252026,20252026,2025020969,2026-03-03,SJS,MTL,1,0.305672,0.694328,MTL,0,single,season_regime,late,hybrid_exponential,1.25,780.0,0.11,True,hybrid_exponential,1.0,650.0,0.1,True
logistic_engineered,20242025,20252026,20252026,2025020970,2026-03-04,DET,VGK,0,0.694722,0.305278,DET,0,single,season_regime,late,hybrid_exponential,1.25,780.0,0.11,True,hybrid_exponential,1.0,650.0,0.1,True
logistic_engineered,20242025,20252026,20252026,2025020971,2026-03-04,NJD,TOR,1,0.470175,0.529825,TOR,0,single,season_regime,late,hybrid_exponential,1.25,780.0,0.11,True,hybrid_exponential,1.0,650.0,0.1,True
logistic_engineered,20242025,20252026,20252026,2025020972,2026-03-04,VAN,CAR,0,0.144662,0.855338,CAR,1,single,season_regime,late,hybrid_exponential,1.25,780.0,0.11,True,hybrid_exponential,1.0,650.0,0.1,True
logistic_engineered,20242025,20252026,20252026,2025020973,2026-03-04,ANA,NYI,1,0.357302,0.642698,NYI,0,single,season_regime,late,hybrid_exponential,1.25,780.0,0.11,True,hybrid_exponential,1.0,650.0,0.1,True
logistic_engineered,20242025,20252026,20252026,2025020974,2026-03-04,SEA,STL,0,0.54133,0.45867,SEA,0,single,season_regime,late,hybrid_exponential,1.25,780.0,0.11,True,hybrid_exponential,1.0,650.0,0.1,True
logistic_engineered,20242025,20252026,20252026,2025020975,2026-03-05,NYR,TOR,1,0.553878,0.446122,NYR,1,single,season_regime,late,hybrid_exponential,1.25,780.0,0.11,True,hybrid_exponential,1.0,650.0,0.1,True
logistic_engineered,20242025,20252026,20252026,2025020976,2026-03-05,PHI,UTA,0,0.50531,0.49469,PHI,0,single,season_regime,late,hybrid_exponential,1.25,780.0,0.11,True,hybrid_exponential,1.0,650.0,0.1,True
logistic_engineered,20242025,20252026,20252026,2025020977,2026-03-05,PIT,BUF,0,0.51045,0.48955,PIT,0,single,season_regime,late,hybrid_exponential,1.25,780.0,0.11,True,hybrid_exponential,1.0,650.0,0.1,True
logistic_engineered,20242025,20252026,20252026,2025020978,2026-03-05,CBJ,FLA,1,0.595964,0.404036,CBJ,1,single,season_regime,late,hybrid_exponential,1.25,780.0,0.11,True,hybrid_exponential,1.0,650.0,0.1,True
logistic_engineered,20242025,20252026,20252026,2025020979,2026-03-05,NSH,BOS,1,0.471625,0.528375,BOS,0,single,season_regime,late,hybrid_exponential,1.25,780.0,0.11,True,hybrid_exponential,1.0,650.0,0.1,True
logistic_engineered,20242025,20252026,20252026,2025020980,2026-03-05,WPG,TBL,1,0.500004,0.499996,WPG,1,single,season_regime,late,hybrid_exponential,1.25,780.0,0.11,True,hybrid_exponential,1.0,650.0,0.1,True
logistic_engineered,20242025,20252026,20252026,2025020981,2026-03-05,CGY,OTT,0,0.528146,0.471854,CGY,0,single,season_regime,late,hybrid_exponential,1.25,780.0,0.11,True,hybrid_exponential,1.0,650.0,0.1,True
logistic_engineered,20242025,20252026,20252026,2025020982,2026-03-05,LAK,NYI,1,0.596339,0.403661,LAK,1,single,season_regime,late,hybrid_exponential,1.25,780.0,0.11,True,hybrid_exponential,1.0,650.0,0.1,True
logistic_engineered,20242025,20252026,20252026,2025020983,2026-03-06,DET,FLA,0,0.677191,0.322809,DET,0,single,season_regime,late,hybrid_exponential,1.25,780.0,0.11,True,hybrid_exponential,1.0,650.0,0.1,True
logistic_engineered,20242025,20252026,20252026,2025020984,2026-03-06,DAL,COL,0,0.870618,0.129382,DAL,0,single,season_regime,late,hybrid_exponential,1.25,780.0,0.11,True,hybrid_exponential,1.0,650.0,0.1,True
logistic_engineered,20242025,20252026,20252026,2025020985,2026-03-06,CHI,VAN,0,0.556096,0.443904,CHI,0,single,season_regime,late,hybrid_exponential,1.25,780.0,0.11,True,hybrid_exponential,1.0,650.0,0.1,True
logistic_engineered,20242025,20252026,20252026,2025020986,2026-03-06,EDM,CAR,0,0.683627,0.316373,EDM,0,single,season_regime,late,hybrid_exponential,1.25,780.0,0.11,True,hybrid_exponential,1.0,650.0,0.1,True
logistic_engineered,20242025,20252026,20252026,2025020987,2026-03-06,ANA,MTL,1,0.428791,0.571209,MTL,0,single,season_regime,late,hybrid_exponential,1.25,780.0,0.11,True,hybrid_exponential,1.0,650.0,0.1,True
logistic_engineered,20242025,20252026,20252026,2025020988,2026-03-06,VGK,MIN,0,0.486138,0.513862,MIN,1,single,season_regime,late,hybrid_exponential,1.25,780.0,0.11,True,hybrid_exponential,1.0,650.0,0.1,True
logistic_engineered,20242025,20252026,20252026,2025020989,2026-03-06,SJS,STL,0,0.552855,0.447145,SJS,0,single,season_regime,late,hybrid_exponential,1.25,780.0,0.11,True,hybrid_exponential,1.0,650.0,0.1,True
logistic_engineered,20242025,20252026,20252026,2025020990,2026-03-07,BOS,WSH,1,0.444419,0.555581,WSH,0,single,season_regime,late,hybrid_exponential,1.25,780.0,0.11,True,hybrid_exponential,1.0,650.0,0.1,True
logistic_engineered,20242025,20252026,20252026,2025020991,2026-03-07,NJD,NYR,1,0.703371,0.296629,NJD,1,single,season_regime,late,hybrid_exponential,1.25,780.0,0.11,True,hybrid_exponential,1.0,650.0,0.1,True
logistic_engineered,20242025,20252026,20252026,2025020992,2026-03-07,BUF,NSH,1,0.667318,0.332682,BUF,1,single,season_regime,late,hybrid_exponential,1.25,780.0,0.11,True,hybrid_exponential,1.0,650.0,0.1,True
logistic_engineered,20242025,20252026,20252026,2025020993,2026-03-07,PIT,PHI,0,0.618083,0.381917,PIT,0,single,season_regime,late,hybrid_exponential,1.25,780.0,0.11,True,hybrid_exponential,1.0,650.0,0.1,True
logistic_engineered,20242025,20252026,20252026,2025020994,2026-03-07,TOR,TBL,0,0.434172,0.565828,TBL,1,single,season_regime,late,hybrid_exponential,1.25,780.0,0.11,True,hybrid_exponential,1.0,650.0,0.1,True
logistic_engineered,20242025,20252026,20252026,2025020995,2026-03-07,CBJ,UTA,0,0.634977,0.365023,CBJ,0,single,season_regime,late,hybrid_exponential,1.25,780.0,0.11,True,hybrid_exponential,1.0,650.0,0.1,True
logistic_engineered,20242025,20252026,20252026,2025020996,2026-03-07,WPG,VAN,1,0.755877,0.244123,WPG,1,single,season_regime,late,hybrid_exponential,1.25,780.0,0.11,True,hybrid_exponential,1.0,650.0,0.1,True
logistic_engineered,20242025,20252026,20252026,2025020997,2026-03-07,LAK,MTL,0,0.580518,0.419482,LAK,0,single,season_regime,late,hybrid_exponential,1.25,780.0,0.11,True,hybrid_exponential,1.0,650.0,0.1,True
logistic_engineered,20242025,20252026,20252026,2025020998,2026-03-07,CGY,CAR,1,0.509916,0.490084,CGY,1,single,season_regime,late,hybrid_exponential,1.25,780.0,0.11,True,hybrid_exponential,1.0,650.0,0.1,True
logistic_engineered,20242025,20252026,20252026,2025020999,2026-03-07,SJS,NYI,0,0.360018,0.639982,NYI,1,single,season_regime,late,hybrid_exponential,1.25,780.0,0.11,True,hybrid_exponential,1.0,650.0,0.1,True
logistic_engineered,20242025,20252026,20252026,2025021000,2026-03-07,SEA,OTT,0,0.469846,0.530154,OTT,1,single,season_regime,late,hybrid_exponential,1.25,780.0,0.11,True,hybrid_exponential,1.0,650.0,0.1,True
logistic_engineered,20242025,20252026,20252026,2025021001,2026-03-08,COL,MIN,1,0.673828,0.326172,COL,1,single,season_regime,late,hybrid_exponential,1.25,780.0,0.11,True,hybrid_exponential,1.0,650.0,0.1,True
logistic_engineered,20242025,20252026,20252026,2025021002,2026-03-08,PIT,BOS,1,0.508795,0.491205,PIT,1,single,season_regime,late,hybrid_exponential,1.25,780.0,0.11,True,hybrid_exponential,1.0,650.0,0.1,True
logistic_engineered,20242025,20252026,20252026,2025021003,2026-03-08,BUF,TBL,1,0.471712,0.528288,TBL,0,single,season_regime,late,hybrid_exponential,1.25,780.0,0.11,True,hybrid_exponential,1.0,650.0,0.1,True
logistic_engineered,20242025,20252026,20252026,2025021004,2026-03-08,DAL,CHI,1,0.751404,0.248596,DAL,1,single,season_regime,late,hybrid_exponential,1.25,780.0,0.11,True,hybrid_exponential,1.0,650.0,0.1,True
logistic_engineered,20242025,20252026,20252026,2025021005,2026-03-08,NJD,DET,0,0.807672,0.192328,NJD,0,single,season_regime,late,hybrid_exponential,1.25,780.0,0.11,True,hybrid_exponential,1.0,650.0,0.1,True
logistic_engineered,20242025,20252026,20252026,2025021006,2026-03-08,ANA,STL,0,0.603421,0.396579,ANA,0,single,season_regime,late,hybrid_exponential,1.25,780.0,0.11,True,hybrid_exponential,1.0,650.0,0.1,True
logistic_engineered,20242025,20252026,20252026,2025021007,2026-03-08,VGK,EDM,0,0.526091,0.473909,VGK,0,single,season_regime,late,hybrid_exponential,1.25,780.0,0.11,True,hybrid_exponential,1.0,650.0,0.1,True
logistic_engineered,20242025,20252026,20252026,2025020828,2026-03-09,CBJ,LAK,0,0.554623,0.445377,CBJ,0,single,season_regime,late,hybrid_exponential,1.25,780.0,0.11,True,hybrid_exponential,1.0,650.0,0.1,True
logistic_engineered,20242025,20252026,20252026,2025021008,2026-03-09,PHI,NYR,0,0.24024,0.75976,NYR,1,single,season_regime,late,hybrid_exponential,1.25,780.0,0.11,True,hybrid_exponential,1.0,650.0,0.1,True
logistic_engineered,20242025,20252026,20252026,2025021009,2026-03-09,WSH,CGY,1,0.673128,0.326872,WSH,1,single,season_regime,late,hybrid_exponential,1.25,780.0,0.11,True,hybrid_exponential,1.0,650.0,0.1,True
logistic_engineered,20242025,20252026,20252026,2025021010,2026-03-09,CHI,UTA,1,0.345273,0.654727,UTA,0,single,season_regime,late,hybrid_exponential,1.25,780.0,0.11,True,hybrid_exponential,1.0,650.0,0.1,True
logistic_engineered,20242025,20252026,20252026,2025021011,2026-03-09,VAN,OTT,0,0.421372,0.578628,OTT,1,single,season_regime,late,hybrid_exponential,1.25,780.0,0.11,True,hybrid_exponential,1.0,650.0,0.1,True
logistic_engineered,20242025,20252026,20252026,2025021012,2026-03-10,BOS,LAK,1,0.539878,0.460122,BOS,1,single,season_regime,late,hybrid_exponential,1.25,780.0,0.11,True,hybrid_exponential,1.0,650.0,0.1,True
logistic_engineered,20242025,20252026,20252026,2025021013,2026-03-10,BUF,SJS,1,0.677061,0.322939,BUF,1,single,season_regime,late,hybrid_exponential,1.25,780.0,0.11,True,hybrid_exponential,1.0,650.0,0.1,True
logistic_engineered,20242025,20252026,20252026,2025021014,2026-03-10,MTL,TOR,1,0.565278,0.434722,MTL,1,single,season_regime,late,hybrid_exponential,1.25,780.0,0.11,True,hybrid_exponential,1.0,650.0,0.1,True
logistic_engineered,20242025,20252026,20252026,2025021015,2026-03-10,TBL,CBJ,0,0.611035,0.388965,TBL,0,single,season_regime,late,hybrid_exponential,1.25,780.0,0.11,True,hybrid_exponential,1.0,650.0,0.1,True
logistic_engineered,20242025,20252026,20252026,2025021016,2026-03-10,FLA,DET,1,0.578257,0.421743,FLA,1,single,season_regime,late,hybrid_exponential,1.25,780.0,0.11,True,hybrid_exponential,1.0,650.0,0.1,True
logistic_engineered,20242025,20252026,20252026,2025021017,2026-03-10,NYR,CGY,1,0.584518,0.415482,NYR,1,single,season_regime,late,hybrid_exponential,1.25,780.0,0.11,True,hybrid_exponential,1.0,650.0,0.1,True
logistic_engineered,20242025,20252026,20252026,2025021018,2026-03-10,CAR,PIT,1,0.624147,0.375853,CAR,1,single,season_regime,late,hybrid_exponential,1.25,780.0,0.11,True,hybrid_exponential,1.0,650.0,0.1,True
logistic_engineered,20242025,20252026,20252026,2025021019,2026-03-10,STL,NYI,0,0.602166,0.397834,STL,0,single,season_regime,late,hybrid_exponential,1.25,780.0,0.11,True,hybrid_exponential,1.0,650.0,0.1,True
logistic_engineered,20242025,20252026,20252026,2025021020,2026-03-10,DAL,VGK,1,0.63571,0.36429,DAL,1,single,season_regime,late,hybrid_exponential,1.25,780.0,0.11,True,hybrid_exponential,1.0,650.0,0.1,True
logistic_engineered,20242025,20252026,20252026,2025021021,2026-03-10,MIN,UTA,1,0.695853,0.304147,MIN,1,single,season_regime,late,hybrid_exponential,1.25,780.0,0.11,True,hybrid_exponential,1.0,650.0,0.1,True
logistic_engineered,20242025,20252026,20252026,2025021022,2026-03-10,WPG,ANA,0,0.713459,0.286541,WPG,0,single,season_regime,late,hybrid_exponential,1.25,780.0,0.11,True,hybrid_exponential,1.0,650.0,0.1,True
logistic_engineered,20242025,20252026,20252026,2025021023,2026-03-10,COL,EDM,0,0.861277,0.138723,COL,0,single,season_regime,late,hybrid_exponential,1.25,780.0,0.11,True,hybrid_exponential,1.0,650.0,0.1,True
logistic_engineered,20242025,20252026,20252026,2025021024,2026-03-10,SEA,NSH,0,0.521184,0.478816,SEA,0,single,season_regime,late,hybrid_exponential,1.25,780.0,0.11,True,hybrid_exponential,1.0,650.0,0.1,True
logistic_engineered,20242025,20252026,20252026,2025021025,2026-03-11,OTT,MTL,0,0.666213,0.333787,OTT,0,single,season_regime,late,hybrid_exponential,1.25,780.0,0.11,True,hybrid_exponential,1.0,650.0,0.1,True
logistic_engineered,20242025,20252026,20252026,2025021026,2026-03-11,PHI,WSH,1,0.536546,0.463454,PHI,1,single,season_regime,late,hybrid_exponential,1.25,780.0,0.11,True,hybrid_exponential,1.0,650.0,0.1,True
logistic_engineered,20242025,20252026,20252026,2025021027,2026-03-12,BOS,SJS,0,0.601499,0.398501,BOS,0,single,season_regime,late,hybrid_exponential,1.25,780.0,0.11,True,hybrid_exponential,1.0,650.0,0.1,True
logistic_engineered,20242025,20252026,20252026,2025021028,2026-03-12,BUF,WSH,0,0.629973,0.370027,BUF,0,single,season_regime,late,hybrid_exponential,1.25,780.0,0.11,True,hybrid_exponential,1.0,650.0,0.1,True
logistic_engineered,20242025,20252026,20252026,2025021029,2026-03-12,TOR,ANA,1,0.571175,0.428825,TOR,1,single,season_regime,late,hybrid_exponential,1.25,780.0,0.11,True,hybrid_exponential,1.0,650.0,0.1,True
logistic_engineered,20242025,20252026,20252026,2025021030,2026-03-12,TBL,DET,1,0.729405,0.270595,TBL,1,single,season_regime,late,hybrid_exponential,1.25,780.0,0.11,True,hybrid_exponential,1.0,650.0,0.1,True
logistic_engineered,20242025,20252026,20252026,2025021031,2026-03-12,FLA,CBJ,1,0.441951,0.558049,CBJ,0,single,season_regime,late,hybrid_exponential,1.25,780.0,0.11,True,hybrid_exponential,1.0,650.0,0.1,True
logistic_engineered,20242025,20252026,20252026,2025021032,2026-03-12,NJD,CGY,0,0.704686,0.295314,NJD,0,single,season_regime,late,hybrid_exponential,1.25,780.0,0.11,True,hybrid_exponential,1.0,650.0,0.1,True
logistic_engineered,20242025,20252026,20252026,2025021033,2026-03-12,CAR,STL,0,0.616005,0.383995,CAR,0,single,season_regime,late,hybrid_exponential,1.25,780.0,0.11,True,hybrid_exponential,1.0,650.0,0.1,True
logistic_engineered,20242025,20252026,20252026,2025021034,2026-03-12,DAL,EDM,1,0.575769,0.424231,DAL,1,single,season_regime,late,hybrid_exponential,1.25,780.0,0.11,True,hybrid_exponential,1.0,650.0,0.1,True
logistic_engineered,20242025,20252026,20252026,2025021035,2026-03-12,MIN,PHI,0,0.749623,0.250377,MIN,0,single,season_regime,late,hybrid_exponential,1.25,780.0,0.11,True,hybrid_exponential,1.0,650.0,0.1,True
logistic_engineered,20242025,20252026,20252026,2025021036,2026-03-12,WPG,NYR,0,0.594559,0.405441,WPG,0,single,season_regime,late,hybrid_exponential,1.25,780.0,0.11,True,hybrid_exponential,1.0,650.0,0.1,True
logistic_engineered,20242025,20252026,20252026,2025021037,2026-03-12,UTA,CHI,0,0.652683,0.347317,UTA,0,single,season_regime,late,hybrid_exponential,1.25,780.0,0.11,True,hybrid_exponential,1.0,650.0,0.1,True
logistic_engineered,20242025,20252026,20252026,2025021038,2026-03-12,VAN,NSH,1,0.607694,0.392306,VAN,1,single,season_regime,late,hybrid_exponential,1.25,780.0,0.11,True,hybrid_exponential,1.0,650.0,0.1,True
logistic_engineered,20242025,20252026,20252026,2025021039,2026-03-12,VGK,PIT,1,0.663015,0.336985,VGK,1,single,season_regime,late,hybrid_exponential,1.25,780.0,0.11,True,hybrid_exponential,1.0,650.0,0.1,True
logistic_engineered,20242025,20252026,20252026,2025021040,2026-03-12,SEA,COL,0,0.128429,0.871571,COL,1,single,season_regime,late,hybrid_exponential,1.25,780.0,0.11,True,hybrid_exponential,1.0,650.0,0.1,True
logistic_engineered,20242025,20252026,20252026,2025021041,2026-03-13,NYI,LAK,0,0.541428,0.458572,NYI,0,single,season_regime,late,hybrid_exponential,1.25,780.0,0.11,True,hybrid_exponential,1.0,650.0,0.1,True
logistic_engineered,20242025,20252026,20252026,2025021042,2026-03-13,STL,EDM,1,0.491074,0.508926,EDM,0,single,season_regime,late,hybrid_exponential,1.25,780.0,0.11,True,hybrid_exponential,1.0,650.0,0.1,True
logistic_engineered,20242025,20252026,20252026,2025021043,2026-03-14,OTT,ANA,1,0.682173,0.317827,OTT,1,single,season_regime,late,hybrid_exponential,1.25,780.0,0.11,True,hybrid_exponential,1.0,650.0,0.1,True
logistic_engineered,20242025,20252026,20252026,2025021044,2026-03-14,WSH,BOS,0,0.604057,0.395943,WSH,0,single,season_regime,late,hybrid_exponential,1.25,780.0,0.11,True,hybrid_exponential,1.0,650.0,0.1,True
logistic_engineered,20242025,20252026,20252026,2025021045,2026-03-14,WPG,COL,1,0.555931,0.444069,WPG,1,single,season_regime,late,hybrid_exponential,1.25,780.0,0.11,True,hybrid_exponential,1.0,650.0,0.1,True
logistic_engineered,20242025,20252026,20252026,2025021046,2026-03-14,MIN,NYR,0,0.603331,0.396669,MIN,0,single,season_regime,late,hybrid_exponential,1.25,780.0,0.11,True,hybrid_exponential,1.0,650.0,0.1,True
logistic_engineered,20242025,20252026,20252026,2025021047,2026-03-14,BUF,TOR,1,0.585516,0.414484,BUF,1,single,season_regime,late,hybrid_exponential,1.25,780.0,0.11,True,hybrid_exponential,1.0,650.0,0.1,True
logistic_engineered,20242025,20252026,20252026,2025021048,2026-03-14,MTL,SJS,0,0.704968,0.295032,MTL,0,single,season_regime,late,hybrid_exponential,1.25,780.0,0.11,True,hybrid_exponential,1.0,650.0,0.1,True
logistic_engineered,20242025,20252026,20252026,2025021049,2026-03-14,TBL,CAR,0,0.623694,0.376306,TBL,0,single,season_regime,late,hybrid_exponential,1.25,780.0,0.11,True,hybrid_exponential,1.0,650.0,0.1,True
logistic_engineered,20242025,20252026,20252026,2025021050,2026-03-14,NJD,LAK,1,0.615637,0.384363,NJD,1,single,season_regime,late,hybrid_exponential,1.25,780.0,0.11,True,hybrid_exponential,1.0,650.0,0.1,True
logistic_engineered,20242025,20252026,20252026,2025021051,2026-03-14,NYI,CGY,1,0.816855,0.183145,NYI,1,single,season_regime,late,hybrid_exponential,1.25,780.0,0.11,True,hybrid_exponential,1.0,650.0,0.1,True
logistic_engineered,20242025,20252026,20252026,2025021052,2026-03-14,PHI,CBJ,0,0.44514,0.55486,CBJ,1,single,season_regime,late,hybrid_exponential,1.25,780.0,0.11,True,hybrid_exponential,1.0,650.0,0.1,True
logistic_engineered,20242025,20252026,20252026,2025021053,2026-03-14,DAL,DET,1,0.616412,0.383588,DAL,1,single,season_regime,late,hybrid_exponential,1.25,780.0,0.11,True,hybrid_exponential,1.0,650.0,0.1,True
logistic_engineered,20242025,20252026,20252026,2025021054,2026-03-14,UTA,PIT,0,0.70797,0.29203,UTA,0,single,season_regime,late,hybrid_exponential,1.25,780.0,0.11,True,hybrid_exponential,1.0,650.0,0.1,True
logistic_engineered,20242025,20252026,20252026,2025021055,2026-03-14,VAN,SEA,0,0.572618,0.427382,VAN,0,single,season_regime,late,hybrid_exponential,1.25,780.0,0.11,True,hybrid_exponential,1.0,650.0,0.1,True
logistic_engineered,20242025,20252026,20252026,2025021056,2026-03-14,VGK,CHI,1,0.761817,0.238183,VGK,1,single,season_regime,late,hybrid_exponential,1.25,780.0,0.11,True,hybrid_exponential,1.0,650.0,0.1,True
logistic_engineered,20242025,20252026,20252026,2025021057,2026-03-15,WPG,STL,1,0.419453,0.580547,STL,0,single,season_regime,late,hybrid_exponential,1.25,780.0,0.11,True,hybrid_exponential,1.0,650.0,0.1,True
logistic_engineered,20242025,20252026,20252026,2025021058,2026-03-15,OTT,SJS,1,0.740313,0.259687,OTT,1,single,season_regime,late,hybrid_exponential,1.25,780.0,0.11,True,hybrid_exponential,1.0,650.0,0.1,True
logistic_engineered,20242025,20252026,20252026,2025021059,2026-03-15,MTL,ANA,0,0.591166,0.408834,MTL,0,single,season_regime,late,hybrid_exponential,1.25,780.0,0.11,True,hybrid_exponential,1.0,650.0,0.1,True
logistic_engineered,20242025,20252026,20252026,2025021060,2026-03-15,MIN,TOR,0,0.505375,0.494625,MIN,0,single,season_regime,late,hybrid_exponential,1.25,780.0,0.11,True,hybrid_exponential,1.0,650.0,0.1,True
logistic_engineered,20242025,20252026,20252026,2025021061,2026-03-15,EDM,NSH,1,0.580876,0.419124,EDM,1,single,season_regime,late,hybrid_exponential,1.25,780.0,0.11,True,hybrid_exponential,1.0,650.0,0.1,True
logistic_engineered,20242025,20252026,20252026,2025021062,2026-03-15,SEA,FLA,1,0.389991,0.610009,FLA,0,single,season_regime,late,hybrid_exponential,1.25,780.0,0.11,True,hybrid_exponential,1.0,650.0,0.1,True
logistic_engineered,20242025,20252026,20252026,2025021063,2026-03-16,DET,CGY,1,0.63482,0.36518,DET,1,single,season_regime,late,hybrid_exponential,1.25,780.0,0.11,True,hybrid_exponential,1.0,650.0,0.1,True
logistic_engineered,20242025,20252026,20252026,2025021064,2026-03-16,NJD,BOS,1,0.677015,0.322985,NJD,1,single,season_regime,late,hybrid_exponential,1.25,780.0,0.11,True,hybrid_exponential,1.0,650.0,0.1,True
logistic_engineered,20242025,20252026,20252026,2025021065,2026-03-16,NYR,LAK,0,0.536499,0.463501,NYR,0,single,season_regime,late,hybrid_exponential,1.25,780.0,0.11,True,hybrid_exponential,1.0,650.0,0.1,True
logistic_engineered,20242025,20252026,20252026,2025021066,2026-03-16,DAL,UTA,0,0.63583,0.36417,DAL,0,single,season_regime,late,hybrid_exponential,1.25,780.0,0.11,True,hybrid_exponential,1.0,650.0,0.1,True
logistic_engineered,20242025,20252026,20252026,2025021067,2026-03-16,COL,PIT,0,0.380865,0.619135,PIT,1,single,season_regime,late,hybrid_exponential,1.25,780.0,0.11,True,hybrid_exponential,1.0,650.0,0.1,True
logistic_engineered,20242025,20252026,20252026,2025021068,2026-03-17,TOR,NYI,0,0.517273,0.482727,TOR,0,single,season_regime,late,hybrid_exponential,1.25,780.0,0.11,True,hybrid_exponential,1.0,650.0,0.1,True
logistic_engineered,20242025,20252026,20252026,2025021069,2026-03-17,MTL,BOS,1,0.650897,0.349103,MTL,1,single,season_regime,late,hybrid_exponential,1.25,780.0,0.11,True,hybrid_exponential,1.0,650.0,0.1,True
logistic_engineered,20242025,20252026,20252026,2025021070,2026-03-17,CBJ,CAR,1,0.582119,0.417881,CBJ,1,single,season_regime,late,hybrid_exponential,1.25,780.0,0.11,True,hybrid_exponential,1.0,650.0,0.1,True
logistic_engineered,20242025,20252026,20252026,2025021071,2026-03-17,WPG,NSH,0,0.608546,0.391454,WPG,0,single,season_regime,late,hybrid_exponential,1.25,780.0,0.11,True,hybrid_exponential,1.0,650.0,0.1,True
logistic_engineered,20242025,20252026,20252026,2025021072,2026-03-17,CHI,MIN,0,0.724206,0.275794,CHI,0,single,season_regime,late,hybrid_exponential,1.25,780.0,0.11,True,hybrid_exponential,1.0,650.0,0.1,True
logistic_engineered,20242025,20252026,20252026,2025021073,2026-03-17,EDM,SJS,1,0.670611,0.329389,EDM,1,single,season_regime,late,hybrid_exponential,1.25,780.0,0.11,True,hybrid_exponential,1.0,650.0,0.1,True
logistic_engineered,20242025,20252026,20252026,2025021074,2026-03-17,VAN,FLA,1,0.528956,0.471044,VAN,1,single,season_regime,late,hybrid_exponential,1.25,780.0,0.11,True,hybrid_exponential,1.0,650.0,0.1,True
logistic_engineered,20242025,20252026,20252026,2025021075,2026-03-17,VGK,BUF,0,0.64291,0.35709,VGK,0,single,season_regime,late,hybrid_exponential,1.25,780.0,0.11,True,hybrid_exponential,1.0,650.0,0.1,True
logistic_engineered,20242025,20252026,20252026,2025021076,2026-03-17,SEA,TBL,0,0.392154,0.607846,TBL,1,single,season_regime,late,hybrid_exponential,1.25,780.0,0.11,True,hybrid_exponential,1.0,650.0,0.1,True
logistic_engineered,20242025,20252026,20252026,2025021077,2026-03-18,NYR,NJD,0,0.488402,0.511598,NJD,1,single,season_regime,late,hybrid_exponential,1.25,780.0,0.11,True,hybrid_exponential,1.0,650.0,0.1,True
logistic_engineered,20242025,20252026,20252026,2025021078,2026-03-18,CAR,PIT,1,0.67331,0.32669,CAR,1,single,season_regime,late,hybrid_exponential,1.25,780.0,0.11,True,hybrid_exponential,1.0,650.0,0.1,True
logistic_engineered,20242025,20252026,20252026,2025021079,2026-03-18,WSH,OTT,1,0.602161,0.397839,WSH,1,single,season_regime,late,hybrid_exponential,1.25,780.0,0.11,True,hybrid_exponential,1.0,650.0,0.1,True
logistic_engineered,20242025,20252026,20252026,2025021080,2026-03-18,COL,DAL,0,0.528054,0.471946,COL,0,single,season_regime,late,hybrid_exponential,1.25,780.0,0.11,True,hybrid_exponential,1.0,650.0,0.1,True
logistic_engineered,20242025,20252026,20252026,2025021081,2026-03-18,CGY,STL,1,0.64906,0.35094,CGY,1,single,season_regime,late,hybrid_exponential,1.25,780.0,0.11,True,hybrid_exponential,1.0,650.0,0.1,True
logistic_engineered,20242025,20252026,20252026,2025021082,2026-03-18,ANA,PHI,0,0.648891,0.351109,ANA,0,single,season_regime,late,hybrid_exponential,1.25,780.0,0.11,True,hybrid_exponential,1.0,650.0,0.1,True
logistic_engineered,20242025,20252026,20252026,2025021083,2026-03-19,BOS,WPG,1,0.460554,0.539446,WPG,0,single,season_regime,late,hybrid_exponential,1.25,780.0,0.11,True,hybrid_exponential,1.0,650.0,0.1,True
logistic_engineered,20242025,20252026,20252026,2025021084,2026-03-19,OTT,NYI,1,0.571303,0.428697,OTT,1,single,season_regime,late,hybrid_exponential,1.25,780.0,0.11,True,hybrid_exponential,1.0,650.0,0.1,True
logistic_engineered,20242025,20252026,20252026,2025021085,2026-03-19,DET,MTL,1,0.566953,0.433047,DET,1,single,season_regime,late,hybrid_exponential,1.25,780.0,0.11,True,hybrid_exponential,1.0,650.0,0.1,True
logistic_engineered,20242025,20252026,20252026,2025021086,2026-03-19,CBJ,NYR,1,0.721222,0.278778,CBJ,1,single,season_regime,late,hybrid_exponential,1.25,780.0,0.11,True,hybrid_exponential,1.0,650.0,0.1,True
logistic_engineered,20242025,20252026,20252026,2025021087,2026-03-19,NSH,SEA,1,0.641869,0.358131,NSH,1,single,season_regime,late,hybrid_exponential,1.25,780.0,0.11,True,hybrid_exponential,1.0,650.0,0.1,True
logistic_engineered,20242025,20252026,20252026,2025021088,2026-03-19,MIN,CHI,0,0.701777,0.298223,MIN,0,single,season_regime,late,hybrid_exponential,1.25,780.0,0.11,True,hybrid_exponential,1.0,650.0,0.1,True
logistic_engineered,20242025,20252026,20252026,2025021089,2026-03-19,EDM,FLA,0,0.67877,0.32123,EDM,0,single,season_regime,late,hybrid_exponential,1.25,780.0,0.11,True,hybrid_exponential,1.0,650.0,0.1,True
logistic_engineered,20242025,20252026,20252026,2025021090,2026-03-19,VAN,TBL,0,0.358967,0.641033,TBL,1,single,season_regime,late,hybrid_exponential,1.25,780.0,0.11,True,hybrid_exponential,1.0,650.0,0.1,True
logistic_engineered,20242025,20252026,20252026,2025021091,2026-03-19,VGK,UTA,0,0.218227,0.781773,UTA,1,single,season_regime,late,hybrid_exponential,1.25,780.0,0.11,True,hybrid_exponential,1.0,650.0,0.1,True
logistic_engineered,20242025,20252026,20252026,2025021092,2026-03-19,SJS,BUF,0,0.429726,0.570274,BUF,1,single,season_regime,late,hybrid_exponential,1.25,780.0,0.11,True,hybrid_exponential,1.0,650.0,0.1,True
logistic_engineered,20242025,20252026,20252026,2025021093,2026-03-19,LAK,PHI,0,0.74848,0.25152,LAK,0,single,season_regime,late,hybrid_exponential,1.25,780.0,0.11,True,hybrid_exponential,1.0,650.0,0.1,True
logistic_engineered,20242025,20252026,20252026,2025021094,2026-03-20,TOR,CAR,0,0.507454,0.492546,TOR,0,single,season_regime,late,hybrid_exponential,1.25,780.0,0.11,True,hybrid_exponential,1.0,650.0,0.1,True
logistic_engineered,20242025,20252026,20252026,2025021095,2026-03-20,WSH,NJD,1,0.620669,0.379331,WSH,1,single,season_regime,late,hybrid_exponential,1.25,780.0,0.11,True,hybrid_exponential,1.0,650.0,0.1,True
logistic_engineered,20242025,20252026,20252026,2025021096,2026-03-20,CHI,COL,0,0.320368,0.679632,COL,1,single,season_regime,late,hybrid_exponential,1.25,780.0,0.11,True,hybrid_exponential,1.0,650.0,0.1,True
logistic_engineered,20242025,20252026,20252026,2025021097,2026-03-20,CGY,FLA,1,0.657919,0.342081,CGY,1,single,season_regime,late,hybrid_exponential,1.25,780.0,0.11,True,hybrid_exponential,1.0,650.0,0.1,True
logistic_engineered,20242025,20252026,20252026,2025021098,2026-03-20,UTA,ANA,0,0.519678,0.480322,UTA,0,single,season_regime,late,hybrid_exponential,1.25,780.0,0.11,True,hybrid_exponential,1.0,650.0,0.1,True
logistic_engineered,20242025,20252026,20252026,2025021099,2026-03-21,PIT,WPG,1,0.536729,0.463271,PIT,1,single,season_regime,late,hybrid_exponential,1.25,780.0,0.11,True,hybrid_exponential,1.0,650.0,0.1,True
logistic_engineered,20242025,20252026,20252026,2025021100,2026-03-21,NSH,VGK,1,0.564271,0.435729,NSH,1,single,season_regime,late,hybrid_exponential,1.25,780.0,0.11,True,hybrid_exponential,1.0,650.0,0.1,True
logistic_engineered,20242025,20252026,20252026,2025021101,2026-03-21,MIN,DAL,1,0.567667,0.432333,MIN,1,single,season_regime,late,hybrid_exponential,1.25,780.0,0.11,True,hybrid_exponential,1.0,650.0,0.1,True
logistic_engineered,20242025,20252026,20252026,2025021102,2026-03-21,LAK,BUF,0,0.615234,0.384766,LAK,0,single,season_regime,late,hybrid_exponential,1.25,780.0,0.11,True,hybrid_exponential,1.0,650.0,0.1,True
logistic_engineered,20242025,20252026,20252026,2025021103,2026-03-21,SJS,PHI,0,0.473222,0.526778,PHI,1,single,season_regime,late,hybrid_exponential,1.25,780.0,0.11,True,hybrid_exponential,1.0,650.0,0.1,True
logistic_engineered,20242025,20252026,20252026,2025021104,2026-03-21,CBJ,SEA,1,0.695116,0.304884,CBJ,1,single,season_regime,late,hybrid_exponential,1.25,780.0,0.11,True,hybrid_exponential,1.0,650.0,0.1,True
logistic_engineered,20242025,20252026,20252026,2025021105,2026-03-21,MTL,NYI,1,0.83009,0.16991,MTL,1,single,season_regime,late,hybrid_exponential,1.25,780.0,0.11,True,hybrid_exponential,1.0,650.0,0.1,True
logistic_engineered,20242025,20252026,20252026,2025021106,2026-03-21,OTT,TOR,1,0.623799,0.376201,OTT,1,single,season_regime,late,hybrid_exponential,1.25,780.0,0.11,True,hybrid_exponential,1.0,650.0,0.1,True
logistic_engineered,20242025,20252026,20252026,2025021107,2026-03-21,VAN,STL,0,0.508059,0.491941,VAN,0,single,season_regime,late,hybrid_exponential,1.25,780.0,0.11,True,hybrid_exponential,1.0,650.0,0.1,True
logistic_engineered,20242025,20252026,20252026,2025021108,2026-03-21,DET,BOS,0,0.6208,0.3792,DET,0,single,season_regime,late,hybrid_exponential,1.25,780.0,0.11,True,hybrid_exponential,1.0,650.0,0.1,True
logistic_engineered,20242025,20252026,20252026,2025021109,2026-03-21,EDM,TBL,0,0.458279,0.541721,TBL,1,single,season_regime,late,hybrid_exponential,1.25,780.0,0.11,True,hybrid_exponential,1.0,650.0,0.1,True
logistic_engineered,20242025,20252026,20252026,2025021110,2026-03-22,NYR,WPG,0,0.642457,0.357543,NYR,0,single,season_regime,late,hybrid_exponential,1.25,780.0,0.11,True,hybrid_exponential,1.0,650.0,0.1,True
logistic_engineered,20242025,20252026,20252026,2025021111,2026-03-22,WSH,COL,0,0.539192,0.460808,WSH,0,single,season_regime,late,hybrid_exponential,1.25,780.0,0.11,True,hybrid_exponential,1.0,650.0,0.1,True
logistic_engineered,20242025,20252026,20252026,2025021112,2026-03-22,PIT,CAR,0,0.395181,0.604819,CAR,1,single,season_regime,late,hybrid_exponential,1.25,780.0,0.11,True,hybrid_exponential,1.0,650.0,0.1,True
logistic_engineered,20242025,20252026,20252026,2025021113,2026-03-22,CHI,NSH,0,0.570007,0.429993,CHI,0,single,season_regime,late,hybrid_exponential,1.25,780.0,0.11,True,hybrid_exponential,1.0,650.0,0.1,True
logistic_engineered,20242025,20252026,20252026,2025021114,2026-03-22,NYI,CBJ,1,0.444353,0.555647,CBJ,0,single,season_regime,late,hybrid_exponential,1.25,780.0,0.11,True,hybrid_exponential,1.0,650.0,0.1,True
logistic_engineered,20242025,20252026,20252026,2025021115,2026-03-22,DAL,VGK,0,0.646348,0.353652,DAL,0,single,season_regime,late,hybrid_exponential,1.25,780.0,0.11,True,hybrid_exponential,1.0,650.0,0.1,True
logistic_engineered,20242025,20252026,20252026,2025021116,2026-03-22,CGY,TBL,1,0.433757,0.566243,TBL,0,single,season_regime,late,hybrid_exponential,1.25,780.0,0.11,True,hybrid_exponential,1.0,650.0,0.1,True
logistic_engineered,20242025,20252026,20252026,2025021117,2026-03-22,ANA,BUF,1,0.645801,0.354199,ANA,1,single,season_regime,late,hybrid_exponential,1.25,780.0,0.11,True,hybrid_exponential,1.0,650.0,0.1,True
logistic_engineered,20242025,20252026,20252026,2025021118,2026-03-22,UTA,LAK,1,0.601783,0.398217,UTA,1,single,season_regime,late,hybrid_exponential,1.25,780.0,0.11,True,hybrid_exponential,1.0,650.0,0.1,True
logistic_engineered,20242025,20252026,20252026,2025021119,2026-03-23,NYR,OTT,0,0.414117,0.585883,OTT,1,single,season_regime,late,hybrid_exponential,1.25,780.0,0.11,True,hybrid_exponential,1.0,650.0,0.1,True
logistic_engineered,20242025,20252026,20252026,2025021120,2026-03-24,BOS,TOR,0,0.557396,0.442604,BOS,0,single,season_regime,late,hybrid_exponential,1.25,780.0,0.11,True,hybrid_exponential,1.0,650.0,0.1,True
logistic_engineered,20242025,20252026,20252026,2025021121,2026-03-24,MTL,CAR,1,0.57419,0.42581,MTL,1,single,season_regime,late,hybrid_exponential,1.25,780.0,0.11,True,hybrid_exponential,1.0,650.0,0.1,True
logistic_engineered,20242025,20252026,20252026,2025021122,2026-03-24,DET,OTT,0,0.699512,0.300488,DET,0,single,season_regime,late,hybrid_exponential,1.25,780.0,0.11,True,hybrid_exponential,1.0,650.0,0.1,True
logistic_engineered,20242025,20252026,20252026,2025021123,2026-03-24,FLA,SEA,1,0.509728,0.490272,FLA,1,single,season_regime,late,hybrid_exponential,1.25,780.0,0.11,True,hybrid_exponential,1.0,650.0,0.1,True
logistic_engineered,20242025,20252026,20252026,2025021124,2026-03-24,NYI,CHI,0,0.554841,0.445159,NYI,0,single,season_regime,late,hybrid_exponential,1.25,780.0,0.11,True,hybrid_exponential,1.0,650.0,0.1,True
logistic_engineered,20242025,20252026,20252026,2025021125,2026-03-24,PHI,CBJ,0,0.423291,0.576709,CBJ,1,single,season_regime,late,hybrid_exponential,1.25,780.0,0.11,True,hybrid_exponential,1.0,650.0,0.1,True
logistic_engineered,20242025,20252026,20252026,2025021126,2026-03-24,PIT,COL,0,0.445631,0.554369,COL,1,single,season_regime,late,hybrid_exponential,1.25,780.0,0.11,True,hybrid_exponential,1.0,650.0,0.1,True
logistic_engineered,20242025,20252026,20252026,2025021127,2026-03-24,TBL,MIN,1,0.577438,0.422562,TBL,1,single,season_regime,late,hybrid_exponential,1.25,780.0,0.11,True,hybrid_exponential,1.0,650.0,0.1,True
logistic_engineered,20242025,20252026,20252026,2025021128,2026-03-24,STL,WSH,1,0.429316,0.570684,WSH,0,single,season_regime,late,hybrid_exponential,1.25,780.0,0.11,True,hybrid_exponential,1.0,650.0,0.1,True
logistic_engineered,20242025,20252026,20252026,2025021129,2026-03-24,NSH,SJS,1,0.626348,0.373652,NSH,1,single,season_regime,late,hybrid_exponential,1.25,780.0,0.11,True,hybrid_exponential,1.0,650.0,0.1,True
logistic_engineered,20242025,20252026,20252026,2025021130,2026-03-24,DAL,NJD,0,0.170734,0.829266,NJD,1,single,season_regime,late,hybrid_exponential,1.25,780.0,0.11,True,hybrid_exponential,1.0,650.0,0.1,True
logistic_engineered,20242025,20252026,20252026,2025021131,2026-03-24,WPG,VGK,1,0.608333,0.391667,WPG,1,single,season_regime,late,hybrid_exponential,1.25,780.0,0.11,True,hybrid_exponential,1.0,650.0,0.1,True
logistic_engineered,20242025,20252026,20252026,2025021132,2026-03-24,UTA,EDM,0,0.204079,0.795921,EDM,1,single,season_regime,late,hybrid_exponential,1.25,780.0,0.11,True,hybrid_exponential,1.0,650.0,0.1,True
logistic_engineered,20242025,20252026,20252026,2025021133,2026-03-24,CGY,LAK,1,0.469886,0.530114,LAK,0,single,season_regime,late,hybrid_exponential,1.25,780.0,0.11,True,hybrid_exponential,1.0,650.0,0.1,True
logistic_engineered,20242025,20252026,20252026,2025021134,2026-03-24,VAN,ANA,0,0.493944,0.506056,ANA,1,single,season_regime,late,hybrid_exponential,1.25,780.0,0.11,True,hybrid_exponential,1.0,650.0,0.1,True
logistic_engineered,20242025,20252026,20252026,2025021135,2026-03-25,BUF,BOS,0,0.716804,0.283196,BUF,0,single,season_regime,late,hybrid_exponential,1.25,780.0,0.11,True,hybrid_exponential,1.0,650.0,0.1,True
logistic_engineered,20242025,20252026,20252026,2025021136,2026-03-25,TOR,NYR,1,0.500929,0.499071,TOR,1,single,season_regime,late,hybrid_exponential,1.25,780.0,0.11,True,hybrid_exponential,1.0,650.0,0.1,True
logistic_engineered,20242025,20252026,20252026,2025021137,2026-03-26,MTL,CBJ,1,0.546188,0.453812,MTL,1,single,season_regime,late,hybrid_exponential,1.25,780.0,0.11,True,hybrid_exponential,1.0,650.0,0.1,True
logistic_engineered,20242025,20252026,20252026,2025021138,2026-03-26,OTT,PIT,0,0.525668,0.474332,OTT,0,single,season_regime,late,hybrid_exponential,1.25,780.0,0.11,True,hybrid_exponential,1.0,650.0,0.1,True
logistic_engineered,20242025,20252026,20252026,2025021139,2026-03-26,TBL,SEA,0,0.687729,0.312271,TBL,0,single,season_regime,late,hybrid_exponential,1.25,780.0,0.11,True,hybrid_exponential,1.0,650.0,0.1,True
logistic_engineered,20242025,20252026,20252026,2025021140,2026-03-26,FLA,MIN,0,0.427366,0.572634,MIN,1,single,season_regime,late,hybrid_exponential,1.25,780.0,0.11,True,hybrid_exponential,1.0,650.0,0.1,True
logistic_engineered,20242025,20252026,20252026,2025021141,2026-03-26,NYI,DAL,1,0.517804,0.482196,NYI,1,single,season_regime,late,hybrid_exponential,1.25,780.0,0.11,True,hybrid_exponential,1.0,650.0,0.1,True
logistic_engineered,20242025,20252026,20252026,2025021142,2026-03-26,PHI,CHI,1,0.633305,0.366695,PHI,1,single,season_regime,late,hybrid_exponential,1.25,780.0,0.11,True,hybrid_exponential,1.0,650.0,0.1,True
logistic_engineered,20242025,20252026,20252026,2025021143,2026-03-26,STL,SJS,1,0.883494,0.116506,STL,1,single,season_regime,late,hybrid_exponential,1.25,780.0,0.11,True,hybrid_exponential,1.0,650.0,0.1,True
logistic_engineered,20242025,20252026,20252026,2025021144,2026-03-26,NSH,NJD,0,0.514554,0.485446,NSH,0,single,season_regime,late,hybrid_exponential,1.25,780.0,0.11,True,hybrid_exponential,1.0,650.0,0.1,True
logistic_engineered,20242025,20252026,20252026,2025021145,2026-03-26,WPG,COL,0,0.585804,0.414196,WPG,0,single,season_regime,late,hybrid_exponential,1.25,780.0,0.11,True,hybrid_exponential,1.0,650.0,0.1,True
logistic_engineered,20242025,20252026,20252026,2025021146,2026-03-26,UTA,WSH,0,0.208179,0.791821,WSH,1,single,season_regime,late,hybrid_exponential,1.25,780.0,0.11,True,hybrid_exponential,1.0,650.0,0.1,True
logistic_engineered,20242025,20252026,20252026,2025021147,2026-03-26,CGY,ANA,0,0.535657,0.464343,CGY,0,single,season_regime,late,hybrid_exponential,1.25,780.0,0.11,True,hybrid_exponential,1.0,650.0,0.1,True
logistic_engineered,20242025,20252026,20252026,2025021148,2026-03-26,VGK,EDM,0,0.628238,0.371762,VGK,0,single,season_regime,late,hybrid_exponential,1.25,780.0,0.11,True,hybrid_exponential,1.0,650.0,0.1,True
logistic_engineered,20242025,20252026,20252026,2025021149,2026-03-26,VAN,LAK,0,0.414539,0.585461,LAK,1,single,season_regime,late,hybrid_exponential,1.25,780.0,0.11,True,hybrid_exponential,1.0,650.0,0.1,True
logistic_engineered,20242025,20252026,20252026,2025021150,2026-03-27,BUF,DET,0,0.552522,0.447478,BUF,0,single,season_regime,late,hybrid_exponential,1.25,780.0,0.11,True,hybrid_exponential,1.0,650.0,0.1,True
logistic_engineered,20242025,20252026,20252026,2025021151,2026-03-27,NYR,CHI,1,0.734638,0.265362,NYR,1,single,season_regime,late,hybrid_exponential,1.25,780.0,0.11,True,hybrid_exponential,1.0,650.0,0.1,True
logistic_engineered,20242025,20252026,20252026,2025021152,2026-03-28,TBL,OTT,1,0.675174,0.324826,TBL,1,single,season_regime,late,hybrid_exponential,1.25,780.0,0.11,True,hybrid_exponential,1.0,650.0,0.1,True
logistic_engineered,20242025,20252026,20252026,2025021153,2026-03-28,NYI,FLA,1,0.665512,0.334488,NYI,1,single,season_regime,late,hybrid_exponential,1.25,780.0,0.11,True,hybrid_exponential,1.0,650.0,0.1,True
logistic_engineered,20242025,20252026,20252026,2025021154,2026-03-28,EDM,ANA,1,0.596609,0.403391,EDM,1,single,season_regime,late,hybrid_exponential,1.25,780.0,0.11,True,hybrid_exponential,1.0,650.0,0.1,True
logistic_engineered,20242025,20252026,20252026,2025021155,2026-03-28,BOS,MIN,1,0.554776,0.445224,BOS,1,single,season_regime,late,hybrid_exponential,1.25,780.0,0.11,True,hybrid_exponential,1.0,650.0,0.1,True
logistic_engineered,20242025,20252026,20252026,2025021156,2026-03-28,PIT,DAL,0,0.489795,0.510205,DAL,1,single,season_regime,late,hybrid_exponential,1.25,780.0,0.11,True,hybrid_exponential,1.0,650.0,0.1,True
logistic_engineered,20242025,20252026,20252026,2025021157,2026-03-28,CAR,NJD,1,0.684091,0.315909,CAR,1,single,season_regime,late,hybrid_exponential,1.25,780.0,0.11,True,hybrid_exponential,1.0,650.0,0.1,True
logistic_engineered,20242025,20252026,20252026,2025021158,2026-03-28,CBJ,SJS,0,0.719747,0.280253,CBJ,0,single,season_regime,late,hybrid_exponential,1.25,780.0,0.11,True,hybrid_exponential,1.0,650.0,0.1,True
logistic_engineered,20242025,20252026,20252026,2025021159,2026-03-28,BUF,SEA,1,0.444548,0.555452,SEA,0,single,season_regime,late,hybrid_exponential,1.25,780.0,0.11,True,hybrid_exponential,1.0,650.0,0.1,True
logistic_engineered,20242025,20252026,20252026,2025021160,2026-03-28,STL,TOR,1,0.479503,0.520497,TOR,0,single,season_regime,late,hybrid_exponential,1.25,780.0,0.11,True,hybrid_exponential,1.0,650.0,0.1,True
logistic_engineered,20242025,20252026,20252026,2025021161,2026-03-28,NSH,MTL,0,0.496834,0.503166,MTL,1,single,season_regime,late,hybrid_exponential,1.25,780.0,0.11,True,hybrid_exponential,1.0,650.0,0.1,True
logistic_engineered,20242025,20252026,20252026,2025021162,2026-03-28,COL,WPG,0,0.711685,0.288315,COL,0,single,season_regime,late,hybrid_exponential,1.25,780.0,0.11,True,hybrid_exponential,1.0,650.0,0.1,True
logistic_engineered,20242025,20252026,20252026,2025021163,2026-03-28,DET,PHI,0,0.269177,0.730823,PHI,1,single,season_regime,late,hybrid_exponential,1.25,780.0,0.11,True,hybrid_exponential,1.0,650.0,0.1,True
logistic_engineered,20242025,20252026,20252026,2025021164,2026-03-28,LAK,UTA,0,0.180137,0.819863,UTA,1,single,season_regime,late,hybrid_exponential,1.25,780.0,0.11,True,hybrid_exponential,1.0,650.0,0.1,True
logistic_engineered,20242025,20252026,20252026,2025021165,2026-03-28,CGY,VAN,1,0.808241,0.191759,CGY,1,single,season_regime,late,hybrid_exponential,1.25,780.0,0.11,True,hybrid_exponential,1.0,650.0,0.1,True
logistic_engineered,20242025,20252026,20252026,2025021166,2026-03-28,VGK,WSH,0,0.52299,0.47701,VGK,0,single,season_regime,late,hybrid_exponential,1.25,780.0,0.11,True,hybrid_exponential,1.0,650.0,0.1,True
logistic_engineered,20242025,20252026,20252026,2025021167,2026-03-29,NYR,FLA,1,0.669148,0.330852,NYR,1,single,season_regime,late,hybrid_exponential,1.25,780.0,0.11,True,hybrid_exponential,1.0,650.0,0.1,True
logistic_engineered,20242025,20252026,20252026,2025021168,2026-03-29,TBL,NSH,1,0.68155,0.31845,TBL,1,single,season_regime,late,hybrid_exponential,1.25,780.0,0.11,True,hybrid_exponential,1.0,650.0,0.1,True
logistic_engineered,20242025,20252026,20252026,2025021169,2026-03-29,CAR,MTL,0,0.673246,0.326754,CAR,0,single,season_regime,late,hybrid_exponential,1.25,780.0,0.11,True,hybrid_exponential,1.0,650.0,0.1,True
logistic_engineered,20242025,20252026,20252026,2025021170,2026-03-29,CBJ,BOS,0,0.576527,0.423473,CBJ,0,single,season_regime,late,hybrid_exponential,1.25,780.0,0.11,True,hybrid_exponential,1.0,650.0,0.1,True
logistic_engineered,20242025,20252026,20252026,2025021171,2026-03-29,NJD,CHI,1,0.573523,0.426477,NJD,1,single,season_regime,late,hybrid_exponential,1.25,780.0,0.11,True,hybrid_exponential,1.0,650.0,0.1,True
logistic_engineered,20242025,20252026,20252026,2025021172,2026-03-29,PHI,DAL,1,0.404028,0.595972,DAL,0,single,season_regime,late,hybrid_exponential,1.25,780.0,0.11,True,hybrid_exponential,1.0,650.0,0.1,True
logistic_engineered,20242025,20252026,20252026,2025021173,2026-03-30,NYI,PIT,0,0.221741,0.778259,PIT,1,single,season_regime,late,hybrid_exponential,1.25,780.0,0.11,True,hybrid_exponential,1.0,650.0,0.1,True
logistic_engineered,20242025,20252026,20252026,2025021174,2026-03-30,COL,CGY,1,0.906857,0.093143,COL,1,single,season_regime,late,hybrid_exponential,1.25,780.0,0.11,True,hybrid_exponential,1.0,650.0,0.1,True
logistic_engineered,20242025,20252026,20252026,2025021175,2026-03-30,VGK,VAN,1,0.642615,0.357385,VGK,1,single,season_regime,late,hybrid_exponential,1.25,780.0,0.11,True,hybrid_exponential,1.0,650.0,0.1,True
logistic_engineered,20242025,20252026,20252026,2025021176,2026-03-30,ANA,TOR,0,0.549057,0.450943,ANA,0,single,season_regime,late,hybrid_exponential,1.25,780.0,0.11,True,hybrid_exponential,1.0,650.0,0.1,True
logistic_engineered,20242025,20252026,20252026,2025021177,2026-03-30,SJS,STL,1,0.460686,0.539314,STL,0,single,season_regime,late,hybrid_exponential,1.25,780.0,0.11,True,hybrid_exponential,1.0,650.0,0.1,True
logistic_engineered,20242025,20252026,20252026,2025021178,2026-03-31,BOS,DAL,1,0.385657,0.614343,DAL,0,single,season_regime,late,hybrid_exponential,1.25,780.0,0.11,True,hybrid_exponential,1.0,650.0,0.1,True
logistic_engineered,20242025,20252026,20252026,2025021179,2026-03-31,BUF,NYI,1,0.638621,0.361379,BUF,1,single,season_regime,late,hybrid_exponential,1.25,780.0,0.11,True,hybrid_exponential,1.0,650.0,0.1,True
logistic_engineered,20242025,20252026,20252026,2025021180,2026-03-31,TBL,MTL,0,0.63527,0.36473,TBL,0,single,season_regime,late,hybrid_exponential,1.25,780.0,0.11,True,hybrid_exponential,1.0,650.0,0.1,True
logistic_engineered,20242025,20252026,20252026,2025021181,2026-03-31,FLA,OTT,1,0.739376,0.260624,FLA,1,single,season_regime,late,hybrid_exponential,1.25,780.0,0.11,True,hybrid_exponential,1.0,650.0,0.1,True
logistic_engineered,20242025,20252026,20252026,2025021182,2026-03-31,NYR,NJD,1,0.492737,0.507263,NJD,0,single,season_regime,late,hybrid_exponential,1.25,780.0,0.11,True,hybrid_exponential,1.0,650.0,0.1,True
logistic_engineered,20242025,20252026,20252026,2025021183,2026-03-31,PIT,DET,1,0.67924,0.32076,PIT,1,single,season_regime,late,hybrid_exponential,1.25,780.0,0.11,True,hybrid_exponential,1.0,650.0,0.1,True
logistic_engineered,20242025,20252026,20252026,2025021184,2026-03-31,WSH,PHI,1,0.627782,0.372218,WSH,1,single,season_regime,late,hybrid_exponential,1.25,780.0,0.11,True,hybrid_exponential,1.0,650.0,0.1,True
logistic_engineered,20242025,20252026,20252026,2025021185,2026-03-31,CBJ,CAR,0,0.445741,0.554259,CAR,1,single,season_regime,late,hybrid_exponential,1.25,780.0,0.11,True,hybrid_exponential,1.0,650.0,0.1,True
logistic_engineered,20242025,20252026,20252026,2025021186,2026-03-31,CHI,WPG,0,0.42394,0.57606,WPG,1,single,season_regime,late,hybrid_exponential,1.25,780.0,0.11,True,hybrid_exponential,1.0,650.0,0.1,True
logistic_engineered,20242025,20252026,20252026,2025021187,2026-03-31,EDM,SEA,1,0.575799,0.424201,EDM,1,single,season_regime,late,hybrid_exponential,1.25,780.0,0.11,True,hybrid_exponential,1.0,650.0,0.1,True
logistic_engineered,20242025,20252026,20252026,2025021188,2026-04-01,COL,VAN,0,0.411652,0.588348,VAN,1,single,season_regime,late,hybrid_exponential,1.25,780.0,0.11,True,hybrid_exponential,1.0,650.0,0.1,True
logistic_engineered,20242025,20252026,20252026,2025021189,2026-04-01,LAK,STL,1,0.685011,0.314989,LAK,1,single,season_regime,late,hybrid_exponential,1.25,780.0,0.11,True,hybrid_exponential,1.0,650.0,0.1,True
logistic_engineered,20242025,20252026,20252026,2025021190,2026-04-01,SJS,ANA,1,0.518837,0.481163,SJS,1,single,season_regime,late,hybrid_exponential,1.25,780.0,0.11,True,hybrid_exponential,1.0,650.0,0.1,True
logistic_engineered,20242025,20252026,20252026,2025021191,2026-04-02,OTT,BUF,1,0.569294,0.430706,OTT,1,single,season_regime,late,hybrid_exponential,1.25,780.0,0.11,True,hybrid_exponential,1.0,650.0,0.1,True
logistic_engineered,20242025,20252026,20252026,2025021192,2026-04-02,TBL,PIT,1,0.640468,0.359532,TBL,1,single,season_regime,late,hybrid_exponential,1.25,780.0,0.11,True,hybrid_exponential,1.0,650.0,0.1,True
logistic_engineered,20242025,20252026,20252026,2025021193,2026-04-02,FLA,BOS,1,0.634271,0.365729,FLA,1,single,season_regime,late,hybrid_exponential,1.25,780.0,0.11,True,hybrid_exponential,1.0,650.0,0.1,True
logistic_engineered,20242025,20252026,20252026,2025021194,2026-04-02,NJD,WSH,1,0.595155,0.404845,NJD,1,single,season_regime,late,hybrid_exponential,1.25,780.0,0.11,True,hybrid_exponential,1.0,650.0,0.1,True
logistic_engineered,20242025,20252026,20252026,2025021195,2026-04-02,NYR,MTL,0,0.567356,0.432644,NYR,0,single,season_regime,late,hybrid_exponential,1.25,780.0,0.11,True,hybrid_exponential,1.0,650.0,0.1,True
logistic_engineered,20242025,20252026,20252026,2025021196,2026-04-02,PHI,DET,0,0.454609,0.545391,DET,1,single,season_regime,late,hybrid_exponential,1.25,780.0,0.11,True,hybrid_exponential,1.0,650.0,0.1,True
logistic_engineered,20242025,20252026,20252026,2025021197,2026-04-02,CAR,CBJ,1,0.662122,0.337878,CAR,1,single,season_regime,late,hybrid_exponential,1.25,780.0,0.11,True,hybrid_exponential,1.0,650.0,0.1,True
logistic_engineered,20242025,20252026,20252026,2025021198,2026-04-02,DAL,WPG,1,0.652599,0.347401,DAL,1,single,season_regime,late,hybrid_exponential,1.25,780.0,0.11,True,hybrid_exponential,1.0,650.0,0.1,True
logistic_engineered,20242025,20252026,20252026,2025021199,2026-04-02,MIN,VAN,1,0.753847,0.246153,MIN,1,single,season_regime,late,hybrid_exponential,1.25,780.0,0.11,True,hybrid_exponential,1.0,650.0,0.1,True
logistic_engineered,20242025,20252026,20252026,2025021200,2026-04-02,EDM,CHI,1,0.89688,0.10312,EDM,1,single,season_regime,late,hybrid_exponential,1.25,780.0,0.11,True,hybrid_exponential,1.0,650.0,0.1,True
logistic_engineered,20242025,20252026,20252026,2025021201,2026-04-02,VGK,CGY,1,0.741506,0.258494,VGK,1,single,season_regime,late,hybrid_exponential,1.25,780.0,0.11,True,hybrid_exponential,1.0,650.0,0.1,True
logistic_engineered,20242025,20252026,20252026,2025021202,2026-04-02,SJS,TOR,1,0.351133,0.648867,TOR,0,single,season_regime,late,hybrid_exponential,1.25,780.0,0.11,True,hybrid_exponential,1.0,650.0,0.1,True
logistic_engineered,20242025,20252026,20252026,2025021203,2026-04-02,SEA,UTA,0,0.477991,0.522009,UTA,1,single,season_regime,late,hybrid_exponential,1.25,780.0,0.11,True,hybrid_exponential,1.0,650.0,0.1,True
logistic_engineered,20242025,20252026,20252026,2025021204,2026-04-02,LAK,NSH,0,0.542949,0.457051,LAK,0,single,season_regime,late,hybrid_exponential,1.25,780.0,0.11,True,hybrid_exponential,1.0,650.0,0.1,True
logistic_engineered,20242025,20252026,20252026,2025021205,2026-04-03,NYI,PHI,0,0.710313,0.289687,NYI,0,single,season_regime,late,hybrid_exponential,1.25,780.0,0.11,True,hybrid_exponential,1.0,650.0,0.1,True
logistic_engineered,20242025,20252026,20252026,2025021206,2026-04-03,ANA,STL,0,0.624069,0.375931,ANA,0,single,season_regime,late,hybrid_exponential,1.25,780.0,0.11,True,hybrid_exponential,1.0,650.0,0.1,True
logistic_engineered,20242025,20252026,20252026,2025021207,2026-04-04,NYR,DET,1,0.466584,0.533416,DET,0,single,season_regime,late,hybrid_exponential,1.25,780.0,0.11,True,hybrid_exponential,1.0,650.0,0.1,True
logistic_engineered,20242025,20252026,20252026,2025021208,2026-04-04,OTT,MIN,0,0.498904,0.501096,MIN,1,single,season_regime,late,hybrid_exponential,1.25,780.0,0.11,True,hybrid_exponential,1.0,650.0,0.1,True
logistic_engineered,20242025,20252026,20252026,2025021209,2026-04-04,DAL,COL,0,0.555565,0.444435,DAL,0,single,season_regime,late,hybrid_exponential,1.25,780.0,0.11,True,hybrid_exponential,1.0,650.0,0.1,True
logistic_engineered,20242025,20252026,20252026,2025021210,2026-04-04,TBL,BOS,1,0.705301,0.294699,TBL,1,single,season_regime,late,hybrid_exponential,1.25,780.0,0.11,True,hybrid_exponential,1.0,650.0,0.1,True
logistic_engineered,20242025,20252026,20252026,2025021211,2026-04-04,PIT,FLA,1,0.850052,0.149948,PIT,1,single,season_regime,late,hybrid_exponential,1.25,780.0,0.11,True,hybrid_exponential,1.0,650.0,0.1,True
logistic_engineered,20242025,20252026,20252026,2025021212,2026-04-04,NJD,MTL,0,0.633095,0.366905,NJD,0,single,season_regime,late,hybrid_exponential,1.25,780.0,0.11,True,hybrid_exponential,1.0,650.0,0.1,True
logistic_engineered,20242025,20252026,20252026,2025021213,2026-04-04,WSH,BUF,1,0.855008,0.144992,WSH,1,single,season_regime,late,hybrid_exponential,1.25,780.0,0.11,True,hybrid_exponential,1.0,650.0,0.1,True
logistic_engineered,20242025,20252026,20252026,2025021214,2026-04-04,CAR,NYI,1,0.730704,0.269296,CAR,1,single,season_regime,late,hybrid_exponential,1.25,780.0,0.11,True,hybrid_exponential,1.0,650.0,0.1,True
logistic_engineered,20242025,20252026,20252026,2025021215,2026-04-04,CBJ,WPG,0,0.460338,0.539662,WPG,1,single,season_regime,late,hybrid_exponential,1.25,780.0,0.11,True,hybrid_exponential,1.0,650.0,0.1,True
logistic_engineered,20242025,20252026,20252026,2025021216,2026-04-04,VAN,UTA,0,0.423033,0.576967,UTA,1,single,season_regime,late,hybrid_exponential,1.25,780.0,0.11,True,hybrid_exponential,1.0,650.0,0.1,True
logistic_engineered,20242025,20252026,20252026,2025021217,2026-04-04,LAK,TOR,1,0.585182,0.414818,LAK,1,single,season_regime,late,hybrid_exponential,1.25,780.0,0.11,True,hybrid_exponential,1.0,650.0,0.1,True
logistic_engineered,20242025,20252026,20252026,2025021218,2026-04-04,EDM,VGK,0,0.503711,0.496289,EDM,0,single,season_regime,late,hybrid_exponential,1.25,780.0,0.11,True,hybrid_exponential,1.0,650.0,0.1,True
logistic_engineered,20242025,20252026,20252026,2025021219,2026-04-04,ANA,CGY,0,0.538623,0.461377,ANA,0,single,season_regime,late,hybrid_exponential,1.25,780.0,0.11,True,hybrid_exponential,1.0,650.0,0.1,True
logistic_engineered,20242025,20252026,20252026,2025021220,2026-04-04,SJS,NSH,0,0.512138,0.487862,SJS,0,single,season_regime,late,hybrid_exponential,1.25,780.0,0.11,True,hybrid_exponential,1.0,650.0,0.1,True
logistic_engineered,20242025,20252026,20252026,2025021221,2026-04-04,SEA,CHI,0,0.584546,0.415454,SEA,0,single,season_regime,late,hybrid_exponential,1.25,780.0,0.11,True,hybrid_exponential,1.0,650.0,0.1,True
logistic_engineered,20242025,20252026,20252026,2025021222,2026-04-05,DET,MIN,0,0.550401,0.449599,DET,0,single,season_regime,late,hybrid_exponential,1.25,780.0,0.11,True,hybrid_exponential,1.0,650.0,0.1,True
logistic_engineered,20242025,20252026,20252026,2025021223,2026-04-05,PIT,FLA,1,0.545959,0.454041,PIT,1,single,season_regime,late,hybrid_exponential,1.25,780.0,0.11,True,hybrid_exponential,1.0,650.0,0.1,True
logistic_engineered,20242025,20252026,20252026,2025021224,2026-04-05,PHI,BOS,1,0.557116,0.442884,PHI,1,single,season_regime,late,hybrid_exponential,1.25,780.0,0.11,True,hybrid_exponential,1.0,650.0,0.1,True
logistic_engineered,20242025,20252026,20252026,2025021225,2026-04-05,OTT,CAR,1,0.467414,0.532586,CAR,0,single,season_regime,late,hybrid_exponential,1.25,780.0,0.11,True,hybrid_exponential,1.0,650.0,0.1,True
logistic_engineered,20242025,20252026,20252026,2025021226,2026-04-05,MTL,NJD,0,0.533404,0.466596,MTL,0,single,season_regime,late,hybrid_exponential,1.25,780.0,0.11,True,hybrid_exponential,1.0,650.0,0.1,True
logistic_engineered,20242025,20252026,20252026,2025021227,2026-04-05,NYR,WSH,1,0.475462,0.524538,WSH,0,single,season_regime,late,hybrid_exponential,1.25,780.0,0.11,True,hybrid_exponential,1.0,650.0,0.1,True
logistic_engineered,20242025,20252026,20252026,2025021228,2026-04-05,COL,STL,0,0.675834,0.324166,COL,0,single,season_regime,late,hybrid_exponential,1.25,780.0,0.11,True,hybrid_exponential,1.0,650.0,0.1,True
logistic_engineered,20242025,20252026,20252026,2025021229,2026-04-06,BUF,TBL,1,0.433598,0.566402,TBL,0,single,season_regime,late,hybrid_exponential,1.25,780.0,0.11,True,hybrid_exponential,1.0,650.0,0.1,True
logistic_engineered,20242025,20252026,20252026,2025021230,2026-04-06,WPG,SEA,1,0.887801,0.112199,WPG,1,single,season_regime,late,hybrid_exponential,1.25,780.0,0.11,True,hybrid_exponential,1.0,650.0,0.1,True
logistic_engineered,20242025,20252026,20252026,2025021231,2026-04-06,SJS,CHI,1,0.661828,0.338172,SJS,1,single,season_regime,late,hybrid_exponential,1.25,780.0,0.11,True,hybrid_exponential,1.0,650.0,0.1,True
logistic_engineered,20242025,20252026,20252026,2025021232,2026-04-06,LAK,NSH,1,0.689197,0.310803,LAK,1,single,season_regime,late,hybrid_exponential,1.25,780.0,0.11,True,hybrid_exponential,1.0,650.0,0.1,True
logistic_engineered,20242025,20252026,20252026,2025021233,2026-04-07,MTL,FLA,1,0.481021,0.518979,FLA,0,single,season_regime,late,hybrid_exponential,1.25,780.0,0.11,True,hybrid_exponential,1.0,650.0,0.1,True
logistic_engineered,20242025,20252026,20252026,2025021234,2026-04-07,OTT,TBL,1,0.491057,0.508943,TBL,0,single,season_regime,late,hybrid_exponential,1.25,780.0,0.11,True,hybrid_exponential,1.0,650.0,0.1,True
logistic_engineered,20242025,20252026,20252026,2025021235,2026-04-07,DET,CBJ,0,0.527883,0.472117,DET,0,single,season_regime,late,hybrid_exponential,1.25,780.0,0.11,True,hybrid_exponential,1.0,650.0,0.1,True
logistic_engineered,20242025,20252026,20252026,2025021236,2026-04-07,NJD,PHI,0,0.616777,0.383223,NJD,0,single,season_regime,late,hybrid_exponential,1.25,780.0,0.11,True,hybrid_exponential,1.0,650.0,0.1,True
logistic_engineered,20242025,20252026,20252026,2025021237,2026-04-07,CAR,BOS,1,0.828628,0.171372,CAR,1,single,season_regime,late,hybrid_exponential,1.25,780.0,0.11,True,hybrid_exponential,1.0,650.0,0.1,True
logistic_engineered,20242025,20252026,20252026,2025021238,2026-04-07,STL,COL,0,0.449069,0.550931,COL,1,single,season_regime,late,hybrid_exponential,1.25,780.0,0.11,True,hybrid_exponential,1.0,650.0,0.1,True
logistic_engineered,20242025,20252026,20252026,2025021239,2026-04-07,DAL,CGY,1,0.771484,0.228516,DAL,1,single,season_regime,late,hybrid_exponential,1.25,780.0,0.11,True,hybrid_exponential,1.0,650.0,0.1,True
logistic_engineered,20242025,20252026,20252026,2025021240,2026-04-07,MIN,SEA,1,0.629648,0.370352,MIN,1,single,season_regime,late,hybrid_exponential,1.25,780.0,0.11,True,hybrid_exponential,1.0,650.0,0.1,True
logistic_engineered,20242025,20252026,20252026,2025021241,2026-04-07,UTA,EDM,1,0.608911,0.391089,UTA,1,single,season_regime,late,hybrid_exponential,1.25,780.0,0.11,True,hybrid_exponential,1.0,650.0,0.1,True
logistic_engineered,20242025,20252026,20252026,2025021242,2026-04-07,VAN,VGK,0,0.411281,0.588719,VGK,1,single,season_regime,late,hybrid_exponential,1.25,780.0,0.11,True,hybrid_exponential,1.0,650.0,0.1,True
logistic_engineered,20242025,20252026,20252026,2025021243,2026-04-07,ANA,NSH,0,0.716485,0.283515,ANA,0,single,season_regime,late,hybrid_exponential,1.25,780.0,0.11,True,hybrid_exponential,1.0,650.0,0.1,True
logistic_engineered,20242025,20252026,20252026,2025021244,2026-04-08,NYR,BUF,0,0.634693,0.365307,NYR,0,single,season_regime,late,hybrid_exponential,1.25,780.0,0.11,True,hybrid_exponential,1.0,650.0,0.1,True
logistic_engineered,20242025,20252026,20252026,2025021245,2026-04-08,TOR,WSH,0,0.396003,0.603997,WSH,1,single,season_regime,late,hybrid_exponential,1.25,780.0,0.11,True,hybrid_exponential,1.0,650.0,0.1,True
logistic_engineered,20242025,20252026,20252026,2025021246,2026-04-08,SJS,EDM,0,0.860302,0.139698,SJS,0,single,season_regime,late,hybrid_exponential,1.25,780.0,0.11,True,hybrid_exponential,1.0,650.0,0.1,True
logistic_engineered,20242025,20252026,20252026,2025021247,2026-04-09,BUF,CBJ,1,0.440775,0.559225,CBJ,0,single,season_regime,late,hybrid_exponential,1.25,780.0,0.11,True,hybrid_exponential,1.0,650.0,0.1,True
logistic_engineered,20242025,20252026,20252026,2025021248,2026-04-09,MTL,TBL,1,0.472309,0.527691,TBL,0,single,season_regime,late,hybrid_exponential,1.25,780.0,0.11,True,hybrid_exponential,1.0,650.0,0.1,True
logistic_engineered,20242025,20252026,20252026,2025021249,2026-04-09,OTT,FLA,1,0.722665,0.277335,OTT,1,single,season_regime,late,hybrid_exponential,1.25,780.0,0.11,True,hybrid_exponential,1.0,650.0,0.1,True
logistic_engineered,20242025,20252026,20252026,2025021250,2026-04-09,DET,PHI,1,0.575644,0.424356,DET,1,single,season_regime,late,hybrid_exponential,1.25,780.0,0.11,True,hybrid_exponential,1.0,650.0,0.1,True
logistic_engineered,20242025,20252026,20252026,2025021251,2026-04-09,NJD,PIT,0,0.532519,0.467481,NJD,0,single,season_regime,late,hybrid_exponential,1.25,780.0,0.11,True,hybrid_exponential,1.0,650.0,0.1,True
logistic_engineered,20242025,20252026,20252026,2025021252,2026-04-09,NYI,TOR,1,0.687704,0.312296,NYI,1,single,season_regime,late,hybrid_exponential,1.25,780.0,0.11,True,hybrid_exponential,1.0,650.0,0.1,True
logistic_engineered,20242025,20252026,20252026,2025021253,2026-04-09,STL,WPG,0,0.474756,0.525244,WPG,1,single,season_regime,late,hybrid_exponential,1.25,780.0,0.11,True,hybrid_exponential,1.0,650.0,0.1,True
logistic_engineered,20242025,20252026,20252026,2025021254,2026-04-09,DAL,MIN,1,0.630009,0.369991,DAL,1,single,season_regime,late,hybrid_exponential,1.25,780.0,0.11,True,hybrid_exponential,1.0,650.0,0.1,True
logistic_engineered,20242025,20252026,20252026,2025021255,2026-04-09,CHI,CAR,0,0.522021,0.477979,CHI,0,single,season_regime,late,hybrid_exponential,1.25,780.0,0.11,True,hybrid_exponential,1.0,650.0,0.1,True
logistic_engineered,20242025,20252026,20252026,2025021256,2026-04-09,COL,CGY,1,0.775902,0.224098,COL,1,single,season_regime,late,hybrid_exponential,1.25,780.0,0.11,True,hybrid_exponential,1.0,650.0,0.1,True
logistic_engineered,20242025,20252026,20252026,2025021257,2026-04-09,UTA,NSH,1,0.714528,0.285472,UTA,1,single,season_regime,late,hybrid_exponential,1.25,780.0,0.11,True,hybrid_exponential,1.0,650.0,0.1,True
logistic_engineered,20242025,20252026,20252026,2025021258,2026-04-09,ANA,SJS,1,0.720924,0.279076,ANA,1,single,season_regime,late,hybrid_exponential,1.25,780.0,0.11,True,hybrid_exponential,1.0,650.0,0.1,True
logistic_engineered,20242025,20252026,20252026,2025021259,2026-04-09,SEA,VGK,1,0.553074,0.446926,SEA,1,single,season_regime,late,hybrid_exponential,1.25,780.0,0.11,True,hybrid_exponential,1.0,650.0,0.1,True
logistic_engineered,20242025,20252026,20252026,2025021260,2026-04-09,LAK,VAN,1,0.686887,0.313113,LAK,1,single,season_regime,late,hybrid_exponential,1.25,780.0,0.11,True,hybrid_exponential,1.0,650.0,0.1,True
logistic_engineered,20242025,20252026,20252026,2025021261,2026-04-11,BOS,TBL,0,0.558616,0.441384,BOS,0,single,season_regime,late,hybrid_exponential,1.25,780.0,0.11,True,hybrid_exponential,1.0,650.0,0.1,True
logistic_engineered,20242025,20252026,20252026,2025021262,2026-04-11,NYI,OTT,0,0.532299,0.467701,NYI,0,single,season_regime,late,hybrid_exponential,1.25,780.0,0.11,True,hybrid_exponential,1.0,650.0,0.1,True
logistic_engineered,20242025,20252026,20252026,2025021263,2026-04-11,PIT,WSH,0,0.468029,0.531971,WSH,1,single,season_regime,late,hybrid_exponential,1.25,780.0,0.11,True,hybrid_exponential,1.0,650.0,0.1,True
logistic_engineered,20242025,20252026,20252026,2025021264,2026-04-11,LAK,EDM,1,0.583689,0.416311,LAK,1,single,season_regime,late,hybrid_exponential,1.25,780.0,0.11,True,hybrid_exponential,1.0,650.0,0.1,True
logistic_engineered,20242025,20252026,20252026,2025021265,2026-04-11,DET,NJD,0,0.555227,0.444773,DET,0,single,season_regime,late,hybrid_exponential,1.25,780.0,0.11,True,hybrid_exponential,1.0,650.0,0.1,True
logistic_engineered,20242025,20252026,20252026,2025021266,2026-04-11,CHI,STL,0,0.525678,0.474322,CHI,0,single,season_regime,late,hybrid_exponential,1.25,780.0,0.11,True,hybrid_exponential,1.0,650.0,0.1,True
logistic_engineered,20242025,20252026,20252026,2025021267,2026-04-11,NSH,MIN,1,0.515874,0.484126,NSH,1,single,season_regime,late,hybrid_exponential,1.25,780.0,0.11,True,hybrid_exponential,1.0,650.0,0.1,True
logistic_engineered,20242025,20252026,20252026,2025021268,2026-04-11,DAL,NYR,1,0.588064,0.411936,DAL,1,single,season_regime,late,hybrid_exponential,1.25,780.0,0.11,True,hybrid_exponential,1.0,650.0,0.1,True
logistic_engineered,20242025,20252026,20252026,2025021269,2026-04-11,UTA,CAR,0,0.598673,0.401327,UTA,0,single,season_regime,late,hybrid_exponential,1.25,780.0,0.11,True,hybrid_exponential,1.0,650.0,0.1,True
logistic_engineered,20242025,20252026,20252026,2025021270,2026-04-11,TOR,FLA,0,0.609149,0.390851,TOR,0,single,season_regime,late,hybrid_exponential,1.25,780.0,0.11,True,hybrid_exponential,1.0,650.0,0.1,True
logistic_engineered,20242025,20252026,20252026,2025021271,2026-04-11,MTL,CBJ,0,0.558802,0.441198,MTL,0,single,season_regime,late,hybrid_exponential,1.25,780.0,0.11,True,hybrid_exponential,1.0,650.0,0.1,True
logistic_engineered,20242025,20252026,20252026,2025021272,2026-04-11,WPG,PHI,0,0.35315,0.64685,PHI,1,single,season_regime,late,hybrid_exponential,1.25,780.0,0.11,True,hybrid_exponential,1.0,650.0,0.1,True
logistic_engineered,20242025,20252026,20252026,2025021273,2026-04-11,SEA,CGY,1,0.766651,0.233349,SEA,1,single,season_regime,late,hybrid_exponential,1.25,780.0,0.11,True,hybrid_exponential,1.0,650.0,0.1,True
logistic_engineered,20242025,20252026,20252026,2025021274,2026-04-11,COL,VGK,0,0.615168,0.384832,COL,0,single,season_regime,late,hybrid_exponential,1.25,780.0,0.11,True,hybrid_exponential,1.0,650.0,0.1,True
logistic_engineered,20242025,20252026,20252026,2025021275,2026-04-11,SJS,VAN,0,0.448435,0.551565,VAN,1,single,season_regime,late,hybrid_exponential,1.25,780.0,0.11,True,hybrid_exponential,1.0,650.0,0.1,True
logistic_engineered,20242025,20252026,20252026,2025021276,2026-04-12,WSH,PIT,1,0.661178,0.338822,WSH,1,single,season_regime,late,hybrid_exponential,1.25,780.0,0.11,True,hybrid_exponential,1.0,650.0,0.1,True
logistic_engineered,20242025,20252026,20252026,2025021277,2026-04-12,NYI,MTL,0,0.515194,0.484806,NYI,0,single,season_regime,late,hybrid_exponential,1.25,780.0,0.11,True,hybrid_exponential,1.0,650.0,0.1,True
logistic_engineered,20242025,20252026,20252026,2025021278,2026-04-12,CBJ,BOS,0,0.607347,0.392653,CBJ,0,single,season_regime,late,hybrid_exponential,1.25,780.0,0.11,True,hybrid_exponential,1.0,650.0,0.1,True
logistic_engineered,20242025,20252026,20252026,2025021279,2026-04-12,NJD,OTT,1,0.524086,0.475914,NJD,1,single,season_regime,late,hybrid_exponential,1.25,780.0,0.11,True,hybrid_exponential,1.0,650.0,0.1,True
logistic_engineered,20242025,20252026,20252026,2025021280,2026-04-12,ANA,VAN,0,0.741344,0.258656,ANA,0,single,season_regime,late,hybrid_exponential,1.25,780.0,0.11,True,hybrid_exponential,1.0,650.0,0.1,True
logistic_engineered,20242025,20252026,20252026,2025021281,2026-04-12,CGY,UTA,1,0.319164,0.680836,UTA,0,single,season_regime,late,hybrid_exponential,1.25,780.0,0.11,True,hybrid_exponential,1.0,650.0,0.1,True
logistic_engineered,20242025,20252026,20252026,2025021282,2026-04-13,TBL,DET,1,0.640561,0.359439,TBL,1,single,season_regime,late,hybrid_exponential,1.25,780.0,0.11,True,hybrid_exponential,1.0,650.0,0.1,True
logistic_engineered,20242025,20252026,20252026,2025021283,2026-04-13,FLA,NYR,1,0.641166,0.358834,FLA,1,single,season_regime,late,hybrid_exponential,1.25,780.0,0.11,True,hybrid_exponential,1.0,650.0,0.1,True
logistic_engineered,20242025,20252026,20252026,2025021284,2026-04-13,PHI,CAR,1,0.650275,0.349725,PHI,1,single,season_regime,late,hybrid_exponential,1.25,780.0,0.11,True,hybrid_exponential,1.0,650.0,0.1,True
logistic_engineered,20242025,20252026,20252026,2025021285,2026-04-13,TOR,DAL,0,0.491752,0.508248,DAL,1,single,season_regime,late,hybrid_exponential,1.25,780.0,0.11,True,hybrid_exponential,1.0,650.0,0.1,True
logistic_engineered,20242025,20252026,20252026,2025021286,2026-04-13,STL,MIN,1,0.683335,0.316665,STL,1,single,season_regime,late,hybrid_exponential,1.25,780.0,0.11,True,hybrid_exponential,1.0,650.0,0.1,True
logistic_engineered,20242025,20252026,20252026,2025021287,2026-04-13,NSH,SJS,0,0.623158,0.376842,NSH,0,single,season_regime,late,hybrid_exponential,1.25,780.0,0.11,True,hybrid_exponential,1.0,650.0,0.1,True
logistic_engineered,20242025,20252026,20252026,2025021288,2026-04-13,CHI,BUF,0,0.442735,0.557265,BUF,1,single,season_regime,late,hybrid_exponential,1.25,780.0,0.11,True,hybrid_exponential,1.0,650.0,0.1,True
logistic_engineered,20242025,20252026,20252026,2025021289,2026-04-13,EDM,COL,0,0.406285,0.593715,COL,1,single,season_regime,late,hybrid_exponential,1.25,780.0,0.11,True,hybrid_exponential,1.0,650.0,0.1,True
logistic_engineered,20242025,20252026,20252026,2025021290,2026-04-13,VGK,WPG,1,0.67035,0.32965,VGK,1,single,season_regime,late,hybrid_exponential,1.25,780.0,0.11,True,hybrid_exponential,1.0,650.0,0.1,True
logistic_engineered,20242025,20252026,20252026,2025021291,2026-04-13,SEA,LAK,0,0.616764,0.383236,SEA,0,single,season_regime,late,hybrid_exponential,1.25,780.0,0.11,True,hybrid_exponential,1.0,650.0,0.1,True
logistic_engineered,20242025,20252026,20252026,2025021292,2026-04-14,BOS,NJD,1,0.400624,0.599376,NJD,0,single,season_regime,late,hybrid_exponential,1.25,780.0,0.11,True,hybrid_exponential,1.0,650.0,0.1,True
logistic_engineered,20242025,20252026,20252026,2025021293,2026-04-14,NYI,CAR,0,0.672191,0.327809,NYI,0,single,season_regime,late,hybrid_exponential,1.25,780.0,0.11,True,hybrid_exponential,1.0,650.0,0.1,True
logistic_engineered,20242025,20252026,20252026,2025021294,2026-04-14,PHI,MTL,1,0.310649,0.689351,MTL,0,single,season_regime,late,hybrid_exponential,1.25,780.0,0.11,True,hybrid_exponential,1.0,650.0,0.1,True
logistic_engineered,20242025,20252026,20252026,2025021295,2026-04-14,CBJ,WSH,0,0.543107,0.456893,CBJ,0,single,season_regime,late,hybrid_exponential,1.25,780.0,0.11,True,hybrid_exponential,1.0,650.0,0.1,True
logistic_engineered,20242025,20252026,20252026,2025021296,2026-04-14,MIN,ANA,1,0.326242,0.673758,ANA,0,single,season_regime,late,hybrid_exponential,1.25,780.0,0.11,True,hybrid_exponential,1.0,650.0,0.1,True
logistic_engineered,20242025,20252026,20252026,2025021297,2026-04-14,UTA,WPG,1,0.63261,0.36739,UTA,1,single,season_regime,late,hybrid_exponential,1.25,780.0,0.11,True,hybrid_exponential,1.0,650.0,0.1,True
logistic_engineered,20242025,20252026,20252026,2025021298,2026-04-14,CGY,COL,0,0.444327,0.555673,COL,1,single,season_regime,late,hybrid_exponential,1.25,780.0,0.11,True,hybrid_exponential,1.0,650.0,0.1,True
logistic_engineered,20242025,20252026,20252026,2025021299,2026-04-14,STL,PIT,1,0.818491,0.181509,STL,1,single,season_regime,late,hybrid_exponential,1.25,780.0,0.11,True,hybrid_exponential,1.0,650.0,0.1,True
logistic_engineered,20242025,20252026,20252026,2025021300,2026-04-14,VAN,LAK,1,0.541369,0.458631,VAN,1,single,season_regime,late,hybrid_exponential,1.25,780.0,0.11,True,hybrid_exponential,1.0,650.0,0.1,True
logistic_engineered,20242025,20252026,20252026,2025021301,2026-04-15,BUF,DAL,0,0.430779,0.569221,DAL,1,single,season_regime,late,hybrid_exponential,1.25,780.0,0.11,True,hybrid_exponential,1.0,650.0,0.1,True
logistic_engineered,20242025,20252026,20252026,2025021302,2026-04-15,TBL,NYR,0,0.721497,0.278503,TBL,0,single,season_regime,late,hybrid_exponential,1.25,780.0,0.11,True,hybrid_exponential,1.0,650.0,0.1,True
logistic_engineered,20242025,20252026,20252026,2025021303,2026-04-15,FLA,DET,1,0.842882,0.157118,FLA,1,single,season_regime,late,hybrid_exponential,1.25,780.0,0.11,True,hybrid_exponential,1.0,650.0,0.1,True
logistic_engineered,20242025,20252026,20252026,2025021304,2026-04-15,OTT,TOR,1,0.576028,0.423972,OTT,1,single,season_regime,late,hybrid_exponential,1.25,780.0,0.11,True,hybrid_exponential,1.0,650.0,0.1,True
logistic_engineered,20242025,20252026,20252026,2025021305,2026-04-15,CHI,SJS,1,0.611356,0.388644,CHI,1,single,season_regime,late,hybrid_exponential,1.25,780.0,0.11,True,hybrid_exponential,1.0,650.0,0.1,True
logistic_engineered,20242025,20252026,20252026,2025021306,2026-04-15,VGK,SEA,1,0.683746,0.316254,VGK,1,single,season_regime,late,hybrid_exponential,1.25,780.0,0.11,True,hybrid_exponential,1.0,650.0,0.1,True
logistic_engineered,20242025,20252026,20252026,2025021307,2026-04-16,NSH,ANA,0,0.518544,0.481456,NSH,0,single,season_regime,late,hybrid_exponential,1.25,780.0,0.11,True,hybrid_exponential,1.0,650.0,0.1,True
logistic_engineered,20242025,20252026,20252026,2025021308,2026-04-16,WPG,SJS,0,0.773761,0.226239,WPG,0,single,season_regime,late,hybrid_exponential,1.25,780.0,0.11,True,hybrid_exponential,1.0,650.0,0.1,True
logistic_engineered,20242025,20252026,20252026,2025021309,2026-04-16,UTA,STL,0,0.246164,0.753836,STL,1,single,season_regime,late,hybrid_exponential,1.25,780.0,0.11,True,hybrid_exponential,1.0,650.0,0.1,True
logistic_engineered,20242025,20252026,20252026,2025021310,2026-04-16,CGY,LAK,1,0.480965,0.519035,LAK,0,single,season_regime,late,hybrid_exponential,1.25,780.0,0.11,True,hybrid_exponential,1.0,650.0,0.1,True
logistic_engineered,20242025,20252026,20252026,2025021311,2026-04-16,EDM,VAN,1,0.640098,0.359902,EDM,1,single,season_regime,late,hybrid_exponential,1.25,780.0,0.11,True,hybrid_exponential,1.0,650.0,0.1,True
logistic_engineered,20242025,20252026,20252026,2025021312,2026-04-16,COL,SEA,1,0.712597,0.287403,COL,1,single,season_regime,late,hybrid_exponential,1.25,780.0,0.11,True,hybrid_exponential,1.0,650.0,0.1,True
