model_id,fold_train_end_season,fold_test_season,season,game_id,game_date,home_team_abbrev,away_team_abbrev,actual_home_win,home_win_probability,away_win_probability,predicted_winner_abbrev,is_correct_pick
logistic_engineered,20222023,20232024,20232024,2023020001,2023-10-10,TBL,NSH,1,0.623132,0.376868,TBL,1
logistic_engineered,20222023,20232024,20232024,2023020002,2023-10-10,PIT,CHI,0,0.583688,0.416312,PIT,0
logistic_engineered,20222023,20232024,20232024,2023020003,2023-10-10,VGK,SEA,1,0.512047,0.487953,VGK,1
logistic_engineered,20222023,20232024,20232024,2023020004,2023-10-11,CAR,OTT,1,0.396891,0.603109,OTT,0
logistic_engineered,20222023,20232024,20232024,2023020005,2023-10-11,TOR,MTL,1,0.638636,0.361364,TOR,1
logistic_engineered,20222023,20232024,20232024,2023020006,2023-10-11,BOS,CHI,1,0.715675,0.284325,BOS,1
logistic_engineered,20222023,20232024,20232024,2023020007,2023-10-11,CGY,WPG,1,0.468373,0.531627,WPG,0
logistic_engineered,20222023,20232024,20232024,2023020008,2023-10-11,LAK,COL,0,0.530336,0.469664,LAK,0
logistic_engineered,20222023,20232024,20232024,2023020009,2023-10-11,VAN,EDM,1,0.408471,0.591529,EDM,0
logistic_engineered,20222023,20232024,20232024,2023020010,2023-10-12,BUF,NYR,0,0.50858,0.49142,BUF,0
logistic_engineered,20222023,20232024,20232024,2023020011,2023-10-12,CBJ,PHI,0,0.565557,0.434443,CBJ,0
logistic_engineered,20222023,20232024,20232024,2023020012,2023-10-12,NJD,DET,1,0.618304,0.381696,NJD,1
logistic_engineered,20222023,20232024,20232024,2023020013,2023-10-12,DAL,STL,1,0.610388,0.389612,DAL,1
logistic_engineered,20222023,20232024,20232024,2023020014,2023-10-12,MIN,FLA,1,0.5092,0.4908,MIN,1
logistic_engineered,20222023,20232024,20232024,2023020015,2023-10-12,NSH,SEA,1,0.480024,0.519976,SEA,0
logistic_engineered,20222023,20232024,20232024,2023020016,2023-10-12,SJS,VGK,0,0.386388,0.613612,VGK,1
logistic_engineered,20222023,20232024,20232024,2023020017,2023-10-13,NJD,UTA,0,0.545933,0.454067,NJD,0
logistic_engineered,20222023,20232024,20232024,2023020018,2023-10-13,WSH,PIT,0,0.478904,0.521096,PIT,1
logistic_engineered,20222023,20232024,20232024,2023020019,2023-10-14,OTT,PHI,1,0.321921,0.678079,PHI,0
logistic_engineered,20222023,20232024,20232024,2023020020,2023-10-14,WPG,FLA,1,0.526017,0.473983,WPG,1
logistic_engineered,20222023,20232024,20232024,2023020021,2023-10-14,BOS,NSH,1,0.738681,0.261319,BOS,1
logistic_engineered,20222023,20232024,20232024,2023020022,2023-10-14,CBJ,NYR,1,0.065288,0.934712,NYR,0
logistic_engineered,20222023,20232024,20232024,2023020023,2023-10-14,DET,TBL,1,0.224348,0.775652,TBL,0
logistic_engineered,20222023,20232024,20232024,2023020024,2023-10-14,MTL,CHI,1,0.442593,0.557407,CHI,0
logistic_engineered,20222023,20232024,20232024,2023020025,2023-10-14,PIT,CGY,1,0.362367,0.637633,CGY,0
logistic_engineered,20222023,20232024,20232024,2023020026,2023-10-14,TOR,MIN,1,0.499304,0.500696,MIN,0
logistic_engineered,20222023,20232024,20232024,2023020027,2023-10-14,NYI,BUF,1,0.537189,0.462811,NYI,1
logistic_engineered,20222023,20232024,20232024,2023020028,2023-10-14,STL,SEA,1,0.472563,0.527437,SEA,0
logistic_engineered,20222023,20232024,20232024,2023020029,2023-10-14,EDM,VAN,0,0.282246,0.717754,VAN,1
logistic_engineered,20222023,20232024,20232024,2023020030,2023-10-14,SJS,COL,0,0.120985,0.879015,COL,1
logistic_engineered,20222023,20232024,20232024,2023020031,2023-10-14,VGK,ANA,1,0.604273,0.395727,VGK,1
logistic_engineered,20222023,20232024,20232024,2023020032,2023-10-14,LAK,CAR,0,0.240892,0.759108,CAR,1
logistic_engineered,20222023,20232024,20232024,2023020033,2023-10-15,OTT,TBL,1,0.533366,0.466634,OTT,1
logistic_engineered,20222023,20232024,20232024,2023020034,2023-10-15,ANA,CAR,1,0.192013,0.807987,CAR,0
logistic_engineered,20222023,20232024,20232024,2023020035,2023-10-16,CBJ,DET,0,0.546676,0.453324,CBJ,0
logistic_engineered,20222023,20232024,20232024,2023020036,2023-10-16,NJD,FLA,0,0.684324,0.315676,NJD,0
logistic_engineered,20222023,20232024,20232024,2023020037,2023-10-16,NYR,UTA,1,0.531362,0.468638,NYR,1
logistic_engineered,20222023,20232024,20232024,2023020038,2023-10-16,TOR,CHI,0,0.786866,0.213134,TOR,0
logistic_engineered,20222023,20232024,20232024,2023020039,2023-10-16,WSH,CGY,1,0.313261,0.686739,CGY,0
logistic_engineered,20222023,20232024,20232024,2023020040,2023-10-17,BUF,TBL,1,0.376625,0.623375,TBL,0
logistic_engineered,20222023,20232024,20232024,2023020041,2023-10-17,MTL,MIN,0,0.347848,0.652152,MIN,1
logistic_engineered,20222023,20232024,20232024,2023020042,2023-10-17,PHI,VAN,1,0.316683,0.683317,VAN,0
logistic_engineered,20222023,20232024,20232024,2023020043,2023-10-17,NYI,UTA,1,0.785689,0.214311,NYI,1
logistic_engineered,20222023,20232024,20232024,2023020044,2023-10-17,NSH,EDM,0,0.476805,0.523195,EDM,1
logistic_engineered,20222023,20232024,20232024,2023020045,2023-10-17,WPG,LAK,0,0.613783,0.386217,WPG,0
logistic_engineered,20222023,20232024,20232024,2023020046,2023-10-17,SEA,COL,0,0.241746,0.758254,COL,1
logistic_engineered,20222023,20232024,20232024,2023020047,2023-10-17,SJS,CAR,0,0.401283,0.598717,CAR,1
logistic_engineered,20222023,20232024,20232024,2023020048,2023-10-17,VGK,DAL,1,0.585911,0.414089,VGK,1
logistic_engineered,20222023,20232024,20232024,2023020049,2023-10-18,OTT,WSH,1,0.654479,0.345521,OTT,1
logistic_engineered,20222023,20232024,20232024,2023020050,2023-10-18,DET,PIT,1,0.466713,0.533287,PIT,0
logistic_engineered,20222023,20232024,20232024,2023020051,2023-10-19,BUF,CGY,0,0.558216,0.441784,BUF,0
logistic_engineered,20222023,20232024,20232024,2023020052,2023-10-19,FLA,TOR,1,0.398782,0.601218,TOR,0
logistic_engineered,20222023,20232024,20232024,2023020053,2023-10-19,NYR,NSH,0,0.571515,0.428485,NYR,0
logistic_engineered,20222023,20232024,20232024,2023020054,2023-10-19,PHI,EDM,1,0.532703,0.467297,PHI,1
logistic_engineered,20222023,20232024,20232024,2023020055,2023-10-19,TBL,VAN,1,0.498789,0.501211,VAN,0
logistic_engineered,20222023,20232024,20232024,2023020056,2023-10-19,MIN,LAK,0,0.534564,0.465436,MIN,0
logistic_engineered,20222023,20232024,20232024,2023020057,2023-10-19,STL,UTA,0,0.619152,0.380848,STL,0
logistic_engineered,20222023,20232024,20232024,2023020058,2023-10-19,WPG,VGK,0,0.276588,0.723412,VGK,1
logistic_engineered,20222023,20232024,20232024,2023020059,2023-10-19,ANA,DAL,0,0.549046,0.450954,ANA,0
logistic_engineered,20222023,20232024,20232024,2023020060,2023-10-19,SEA,CAR,1,0.412372,0.587628,CAR,0
logistic_engineered,20222023,20232024,20232024,2023020061,2023-10-19,COL,CHI,1,0.712678,0.287322,COL,1
logistic_engineered,20222023,20232024,20232024,2023020062,2023-10-19,SJS,BOS,0,0.194943,0.805057,BOS,1
logistic_engineered,20222023,20232024,20232024,2023020063,2023-10-20,CBJ,CGY,1,0.469349,0.530651,CGY,0
logistic_engineered,20222023,20232024,20232024,2023020064,2023-10-20,NYI,NJD,0,0.610144,0.389856,NYI,0
logistic_engineered,20222023,20232024,20232024,2023020065,2023-10-21,OTT,DET,0,0.588204,0.411796,OTT,0
logistic_engineered,20222023,20232024,20232024,2023020066,2023-10-21,UTA,ANA,1,0.564232,0.435768,UTA,1
logistic_engineered,20222023,20232024,20232024,2023020067,2023-10-21,BUF,NYI,1,0.455798,0.544202,NYI,0
logistic_engineered,20222023,20232024,20232024,2023020068,2023-10-21,FLA,VAN,0,0.594597,0.405403,FLA,0
logistic_engineered,20222023,20232024,20232024,2023020069,2023-10-21,MTL,WSH,1,0.59074,0.40926,MTL,1
logistic_engineered,20222023,20232024,20232024,2023020070,2023-10-21,TBL,TOR,0,0.725479,0.274521,TBL,0
logistic_engineered,20222023,20232024,20232024,2023020071,2023-10-21,CHI,VGK,0,0.257932,0.742068,VGK,1
logistic_engineered,20222023,20232024,20232024,2023020072,2023-10-21,DAL,PHI,1,0.619804,0.380196,DAL,1
logistic_engineered,20222023,20232024,20232024,2023020073,2023-10-21,MIN,CBJ,0,0.666285,0.333715,MIN,0
logistic_engineered,20222023,20232024,20232024,2023020074,2023-10-21,NSH,SJS,1,0.667463,0.332537,NSH,1
logistic_engineered,20222023,20232024,20232024,2023020075,2023-10-21,STL,PIT,1,0.370489,0.629511,PIT,0
logistic_engineered,20222023,20232024,20232024,2023020076,2023-10-21,COL,CAR,1,0.636266,0.363734,COL,1
logistic_engineered,20222023,20232024,20232024,2023020077,2023-10-21,EDM,WPG,0,0.50351,0.49649,EDM,0
logistic_engineered,20222023,20232024,20232024,2023020078,2023-10-21,SEA,NYR,0,0.416584,0.583416,NYR,1
logistic_engineered,20222023,20232024,20232024,2023020079,2023-10-21,LAK,BOS,0,0.340461,0.659539,BOS,1
logistic_engineered,20222023,20232024,20232024,2023020080,2023-10-22,DET,CGY,1,0.553357,0.446643,DET,1
logistic_engineered,20222023,20232024,20232024,2023020081,2023-10-22,ANA,BOS,0,0.228864,0.771136,BOS,1
logistic_engineered,20222023,20232024,20232024,2023020082,2023-10-23,BUF,MTL,0,0.579706,0.420294,BUF,0
logistic_engineered,20222023,20232024,20232024,2023020083,2023-10-24,WSH,TOR,0,0.32989,0.67011,TOR,1
logistic_engineered,20222023,20232024,20232024,2023020084,2023-10-24,CBJ,ANA,0,0.636053,0.363947,CBJ,0
logistic_engineered,20222023,20232024,20232024,2023020085,2023-10-24,OTT,BUF,0,0.529036,0.470964,OTT,0
logistic_engineered,20222023,20232024,20232024,2023020086,2023-10-24,TBL,CAR,1,0.481247,0.518753,CAR,0
logistic_engineered,20222023,20232024,20232024,2023020087,2023-10-24,MTL,NJD,0,0.307143,0.692857,NJD,1
logistic_engineered,20222023,20232024,20232024,2023020088,2023-10-24,PIT,DAL,0,0.43975,0.56025,DAL,1
logistic_engineered,20222023,20232024,20232024,2023020089,2023-10-24,FLA,SJS,1,0.734706,0.265294,FLA,1
logistic_engineered,20222023,20232024,20232024,2023020090,2023-10-24,NYI,COL,0,0.318267,0.681733,COL,1
logistic_engineered,20222023,20232024,20232024,2023020091,2023-10-24,DET,SEA,0,0.715202,0.284798,DET,0
logistic_engineered,20222023,20232024,20232024,2023020092,2023-10-24,CHI,BOS,0,0.200818,0.799182,BOS,1
logistic_engineered,20222023,20232024,20232024,2023020093,2023-10-24,WPG,STL,1,0.61861,0.38139,WPG,1
logistic_engineered,20222023,20232024,20232024,2023020094,2023-10-24,MIN,EDM,1,0.545671,0.454329,MIN,1
logistic_engineered,20222023,20232024,20232024,2023020095,2023-10-24,NSH,VAN,0,0.505596,0.494404,NSH,0
logistic_engineered,20222023,20232024,20232024,2023020096,2023-10-24,CGY,NYR,0,0.399871,0.600129,NYR,1
logistic_engineered,20222023,20232024,20232024,2023020097,2023-10-24,LAK,UTA,1,0.699779,0.300221,LAK,1
logistic_engineered,20222023,20232024,20232024,2023020098,2023-10-24,VGK,PHI,1,0.750327,0.249673,VGK,1
logistic_engineered,20222023,20232024,20232024,2023020099,2023-10-25,NJD,WSH,0,0.676434,0.323566,NJD,0
logistic_engineered,20222023,20232024,20232024,2023020100,2023-10-26,BOS,ANA,0,0.778381,0.221619,BOS,0
logistic_engineered,20222023,20232024,20232024,2023020101,2023-10-26,CAR,SEA,1,0.612683,0.387317,CAR,1
logistic_engineered,20222023,20232024,20232024,2023020102,2023-10-26,DET,WPG,0,0.538196,0.461804,DET,0
logistic_engineered,20222023,20232024,20232024,2023020103,2023-10-26,MTL,CBJ,1,0.481064,0.518936,CBJ,0
logistic_engineered,20222023,20232024,20232024,2023020104,2023-10-26,PHI,MIN,1,0.501522,0.498478,PHI,1
logistic_engineered,20222023,20232024,20232024,2023020105,2023-10-26,PIT,COL,1,0.393234,0.606766,COL,0
logistic_engineered,20222023,20232024,20232024,2023020106,2023-10-26,TBL,SJS,1,0.881629,0.118371,TBL,1
logistic_engineered,20222023,20232024,20232024,2023020107,2023-10-26,NYI,OTT,1,0.546915,0.453085,NYI,1
logistic_engineered,20222023,20232024,20232024,2023020108,2023-10-26,DAL,TOR,0,0.517934,0.482066,DAL,0
logistic_engineered,20222023,20232024,20232024,2023020109,2023-10-26,CGY,STL,0,0.636484,0.363516,CGY,0
logistic_engineered,20222023,20232024,20232024,2023020110,2023-10-26,EDM,NYR,0,0.319206,0.680794,NYR,1
logistic_engineered,20222023,20232024,20232024,2023020111,2023-10-27,VGK,CHI,0,0.81682,0.18318,VGK,0
logistic_engineered,20222023,20232024,20232024,2023020112,2023-10-27,CAR,SJS,1,0.804196,0.195804,CAR,1
logistic_engineered,20222023,20232024,20232024,2023020113,2023-10-27,NJD,BUF,1,0.732218,0.267782,NJD,1
logistic_engineered,20222023,20232024,20232024,2023020114,2023-10-27,WSH,MIN,1,0.470115,0.529885,MIN,0
logistic_engineered,20222023,20232024,20232024,2023020115,2023-10-27,UTA,LAK,0,0.559548,0.440452,UTA,0
logistic_engineered,20222023,20232024,20232024,2023020116,2023-10-27,VAN,STL,1,0.724812,0.275188,VAN,1
logistic_engineered,20222023,20232024,20232024,2023020117,2023-10-28,PHI,ANA,0,0.615781,0.384219,PHI,0
logistic_engineered,20222023,20232024,20232024,2023020118,2023-10-28,FLA,SEA,1,0.595946,0.404054,FLA,1
logistic_engineered,20222023,20232024,20232024,2023020119,2023-10-28,BOS,DET,1,0.625476,0.374524,BOS,1
logistic_engineered,20222023,20232024,20232024,2023020120,2023-10-28,CBJ,NYI,0,0.438795,0.561205,NYI,1
logistic_engineered,20222023,20232024,20232024,2023020121,2023-10-28,MTL,WPG,1,0.396902,0.603098,WPG,0
logistic_engineered,20222023,20232024,20232024,2023020122,2023-10-28,NSH,TOR,1,0.363534,0.636466,TOR,0
logistic_engineered,20222023,20232024,20232024,2023020123,2023-10-28,PIT,OTT,0,0.485594,0.514406,OTT,1
logistic_engineered,20222023,20232024,20232024,2023020124,2023-10-28,VAN,NYR,0,0.369389,0.630611,NYR,1
logistic_engineered,20222023,20232024,20232024,2023020125,2023-10-28,LAK,VGK,0,0.367167,0.632833,VGK,1
logistic_engineered,20222023,20232024,20232024,2023020126,2023-10-29,BUF,COL,1,0.298289,0.701711,COL,0
logistic_engineered,20222023,20232024,20232024,2023020127,2023-10-29,NJD,MIN,1,0.58392,0.41608,NJD,1
logistic_engineered,20222023,20232024,20232024,2023020128,2023-10-29,WSH,SJS,1,0.709627,0.290373,WSH,1
logistic_engineered,20222023,20232024,20232024,2023020129,2023-10-29,EDM,CGY,1,0.515689,0.484311,EDM,1
logistic_engineered,20222023,20232024,20232024,2023020130,2023-10-30,BOS,FLA,1,0.63448,0.36552,BOS,1
logistic_engineered,20222023,20232024,20232024,2023020131,2023-10-30,PHI,CAR,0,0.440685,0.559315,CAR,1
logistic_engineered,20222023,20232024,20232024,2023020132,2023-10-30,PIT,ANA,0,0.677765,0.322235,PIT,0
logistic_engineered,20222023,20232024,20232024,2023020133,2023-10-30,TBL,SEA,0,0.671758,0.328242,TBL,0
logistic_engineered,20222023,20232024,20232024,2023020134,2023-10-30,NYI,DET,0,0.579272,0.420728,NYI,0
logistic_engineered,20222023,20232024,20232024,2023020135,2023-10-30,WPG,NYR,0,0.394483,0.605517,NYR,1
logistic_engineered,20222023,20232024,20232024,2023020136,2023-10-30,DAL,CBJ,1,0.687876,0.312124,DAL,1
logistic_engineered,20222023,20232024,20232024,2023020137,2023-10-30,UTA,CHI,1,0.728025,0.271975,UTA,1
logistic_engineered,20222023,20232024,20232024,2023020138,2023-10-30,VGK,MTL,1,0.701478,0.298522,VGK,1
logistic_engineered,20222023,20232024,20232024,2023020139,2023-10-31,TOR,LAK,0,0.477707,0.522293,LAK,1
logistic_engineered,20222023,20232024,20232024,2023020140,2023-10-31,VAN,NSH,1,0.554666,0.445334,VAN,1
logistic_engineered,20222023,20232024,20232024,2023020141,2023-11-01,PHI,BUF,0,0.300049,0.699951,BUF,1
logistic_engineered,20222023,20232024,20232024,2023020142,2023-11-01,CGY,DAL,0,0.345669,0.654331,DAL,1
logistic_engineered,20222023,20232024,20232024,2023020143,2023-11-01,COL,STL,1,0.743176,0.256824,COL,1
logistic_engineered,20222023,20232024,20232024,2023020144,2023-11-01,ANA,UTA,1,0.496463,0.503537,UTA,0
logistic_engineered,20222023,20232024,20232024,2023020145,2023-11-02,BOS,TOR,1,0.651678,0.348322,BOS,1
logistic_engineered,20222023,20232024,20232024,2023020146,2023-11-02,CBJ,TBL,1,0.375488,0.624512,TBL,0
logistic_engineered,20222023,20232024,20232024,2023020147,2023-11-02,DET,FLA,0,0.511511,0.488489,DET,0
logistic_engineered,20222023,20232024,20232024,2023020148,2023-11-02,NYR,CAR,1,0.500487,0.499513,NYR,1
logistic_engineered,20222023,20232024,20232024,2023020149,2023-11-02,OTT,LAK,0,0.407332,0.592668,LAK,1
logistic_engineered,20222023,20232024,20232024,2023020150,2023-11-02,WSH,NYI,0,0.439823,0.560177,NYI,1
logistic_engineered,20222023,20232024,20232024,2023020151,2023-11-02,MIN,NJD,0,0.379662,0.620338,NJD,1
logistic_engineered,20222023,20232024,20232024,2023020152,2023-11-02,EDM,DAL,0,0.456627,0.543373,DAL,1
logistic_engineered,20222023,20232024,20232024,2023020153,2023-11-02,UTA,MTL,1,0.424124,0.575876,MTL,0
logistic_engineered,20222023,20232024,20232024,2023020154,2023-11-02,SEA,NSH,1,0.529933,0.470067,SEA,1
logistic_engineered,20222023,20232024,20232024,2023020155,2023-11-02,VGK,WPG,1,0.642434,0.357566,VGK,1
logistic_engineered,20222023,20232024,20232024,2023020156,2023-11-02,SJS,VAN,0,0.120945,0.879055,VAN,1
logistic_engineered,20222023,20232024,20232024,2023020157,2023-11-03,BUF,PHI,0,0.625755,0.374245,BUF,0
logistic_engineered,20222023,20232024,20232024,2023020158,2023-11-03,STL,NJD,1,0.35319,0.64681,NJD,0
logistic_engineered,20222023,20232024,20232024,2023020159,2023-11-04,EDM,NSH,0,0.600011,0.399989,EDM,0
logistic_engineered,20222023,20232024,20232024,2023020160,2023-11-04,UTA,WPG,0,0.500425,0.499575,UTA,0
logistic_engineered,20222023,20232024,20232024,2023020161,2023-11-04,DET,BOS,1,0.311247,0.688753,BOS,0
logistic_engineered,20222023,20232024,20232024,2023020162,2023-11-04,OTT,TBL,0,0.34606,0.65394,TBL,1
logistic_engineered,20222023,20232024,20232024,2023020163,2023-11-04,PHI,LAK,0,0.255572,0.744428,LAK,1
logistic_engineered,20222023,20232024,20232024,2023020164,2023-11-04,STL,MTL,1,0.453441,0.546559,MTL,0
logistic_engineered,20222023,20232024,20232024,2023020165,2023-11-04,TOR,BUF,0,0.641197,0.358803,TOR,0
logistic_engineered,20222023,20232024,20232024,2023020166,2023-11-04,WSH,CBJ,1,0.545696,0.454304,WSH,1
logistic_engineered,20222023,20232024,20232024,2023020167,2023-11-04,NYI,CAR,0,0.511795,0.488205,NYI,0
logistic_engineered,20222023,20232024,20232024,2023020168,2023-11-04,CHI,FLA,1,0.323927,0.676073,FLA,0
logistic_engineered,20222023,20232024,20232024,2023020169,2023-11-04,MIN,NYR,1,0.193215,0.806785,NYR,0
logistic_engineered,20222023,20232024,20232024,2023020170,2023-11-04,SEA,CGY,0,0.626369,0.373631,SEA,0
logistic_engineered,20222023,20232024,20232024,2023020171,2023-11-04,SJS,PIT,0,0.175808,0.824192,PIT,1
logistic_engineered,20222023,20232024,20232024,2023020172,2023-11-04,VAN,DAL,1,0.455405,0.544595,DAL,0
logistic_engineered,20222023,20232024,20232024,2023020173,2023-11-04,VGK,COL,1,0.563599,0.436401,VGK,1
logistic_engineered,20222023,20232024,20232024,2023020174,2023-11-05,CHI,NJD,0,0.248288,0.751712,NJD,1
logistic_engineered,20222023,20232024,20232024,2023020175,2023-11-05,ANA,VGK,1,0.37659,0.62341,VGK,0
logistic_engineered,20222023,20232024,20232024,2023020176,2023-11-06,FLA,CBJ,1,0.798947,0.201053,FLA,1
logistic_engineered,20222023,20232024,20232024,2023020177,2023-11-06,TOR,TBL,1,0.310465,0.689535,TBL,0
logistic_engineered,20222023,20232024,20232024,2023020178,2023-11-06,DAL,BOS,0,0.457744,0.542256,BOS,1
logistic_engineered,20222023,20232024,20232024,2023020179,2023-11-06,VAN,EDM,1,0.648023,0.351977,VAN,1
logistic_engineered,20222023,20232024,20232024,2023020180,2023-11-07,CAR,BUF,1,0.597149,0.402851,CAR,1
logistic_engineered,20222023,20232024,20232024,2023020181,2023-11-07,MTL,TBL,0,0.307817,0.692183,TBL,1
logistic_engineered,20222023,20232024,20232024,2023020182,2023-11-07,NYI,MIN,0,0.523791,0.476209,NYI,0
logistic_engineered,20222023,20232024,20232024,2023020183,2023-11-07,NYR,DET,1,0.618192,0.381808,NYR,1
logistic_engineered,20222023,20232024,20232024,2023020184,2023-11-07,STL,WPG,0,0.434051,0.565949,WPG,1
logistic_engineered,20222023,20232024,20232024,2023020185,2023-11-07,UTA,SEA,1,0.49933,0.50067,SEA,0
logistic_engineered,20222023,20232024,20232024,2023020186,2023-11-07,CGY,NSH,1,0.418119,0.581881,NSH,0
logistic_engineered,20222023,20232024,20232024,2023020187,2023-11-07,ANA,PIT,0,0.689776,0.310224,ANA,0
logistic_engineered,20222023,20232024,20232024,2023020188,2023-11-07,COL,NJD,1,0.559231,0.440769,COL,1
logistic_engineered,20222023,20232024,20232024,2023020189,2023-11-07,SJS,PHI,1,0.301795,0.698205,PHI,0
logistic_engineered,20222023,20232024,20232024,2023020190,2023-11-08,TOR,OTT,0,0.583945,0.416055,TOR,0
logistic_engineered,20222023,20232024,20232024,2023020191,2023-11-08,WSH,FLA,0,0.446404,0.553596,FLA,1
logistic_engineered,20222023,20232024,20232024,2023020192,2023-11-08,VGK,LAK,0,0.533143,0.466857,VGK,0
logistic_engineered,20222023,20232024,20232024,2023020193,2023-11-09,BOS,NYI,1,0.624592,0.375408,BOS,1
logistic_engineered,20222023,20232024,20232024,2023020194,2023-11-09,CBJ,DAL,0,0.322061,0.677939,DAL,1
logistic_engineered,20222023,20232024,20232024,2023020195,2023-11-09,DET,MTL,0,0.611833,0.388167,DET,0
logistic_engineered,20222023,20232024,20232024,2023020196,2023-11-09,NYR,MIN,1,0.619619,0.380381,NYR,1
logistic_engineered,20222023,20232024,20232024,2023020197,2023-11-09,OTT,VAN,0,0.338913,0.661087,VAN,1
logistic_engineered,20222023,20232024,20232024,2023020198,2023-11-09,TBL,CHI,0,0.698222,0.301778,TBL,0
logistic_engineered,20222023,20232024,20232024,2023020199,2023-11-09,STL,UTA,1,0.502011,0.497989,STL,1
logistic_engineered,20222023,20232024,20232024,2023020200,2023-11-09,WPG,NSH,1,0.599209,0.400791,WPG,1
logistic_engineered,20222023,20232024,20232024,2023020201,2023-11-09,COL,SEA,0,0.641936,0.358064,COL,0
logistic_engineered,20222023,20232024,20232024,2023020202,2023-11-09,LAK,PIT,0,0.495278,0.504722,PIT,1
logistic_engineered,20222023,20232024,20232024,2023020203,2023-11-09,SJS,EDM,1,0.323372,0.676628,EDM,0
logistic_engineered,20222023,20232024,20232024,2023020204,2023-11-10,BUF,MIN,1,0.621736,0.378264,BUF,1
logistic_engineered,20222023,20232024,20232024,2023020205,2023-11-10,FLA,CAR,1,0.494078,0.505922,CAR,0
logistic_engineered,20222023,20232024,20232024,2023020206,2023-11-10,NJD,WSH,0,0.446067,0.553933,WSH,1
logistic_engineered,20222023,20232024,20232024,2023020207,2023-11-10,TOR,CGY,1,0.569396,0.430604,TOR,1
logistic_engineered,20222023,20232024,20232024,2023020208,2023-11-10,ANA,PHI,0,0.590911,0.409089,ANA,0
logistic_engineered,20222023,20232024,20232024,2023020209,2023-11-10,VGK,SJS,1,0.873288,0.126712,VGK,1
logistic_engineered,20222023,20232024,20232024,2023020210,2023-11-11,DET,CBJ,1,0.609276,0.390724,DET,1
logistic_engineered,20222023,20232024,20232024,2023020211,2023-11-11,WPG,DAL,0,0.459305,0.540695,DAL,1
logistic_engineered,20222023,20232024,20232024,2023020212,2023-11-11,MTL,BOS,1,0.289009,0.710991,BOS,0
logistic_engineered,20222023,20232024,20232024,2023020213,2023-11-11,OTT,CGY,1,0.656124,0.343876,OTT,1
logistic_engineered,20222023,20232024,20232024,2023020214,2023-11-11,TBL,CAR,0,0.581507,0.418493,TBL,0
logistic_engineered,20222023,20232024,20232024,2023020215,2023-11-11,TOR,VAN,1,0.368047,0.631953,VAN,0
logistic_engineered,20222023,20232024,20232024,2023020216,2023-11-11,NYI,WSH,0,0.627425,0.372575,NYI,0
logistic_engineered,20222023,20232024,20232024,2023020217,2023-11-11,PIT,BUF,1,0.559448,0.440552,PIT,1
logistic_engineered,20222023,20232024,20232024,2023020218,2023-11-11,NSH,UTA,0,0.545407,0.454593,NSH,0
logistic_engineered,20222023,20232024,20232024,2023020219,2023-11-11,COL,STL,0,0.486636,0.513364,STL,1
logistic_engineered,20222023,20232024,20232024,2023020220,2023-11-11,SEA,EDM,0,0.379207,0.620793,EDM,1
logistic_engineered,20222023,20232024,20232024,2023020221,2023-11-11,LAK,PHI,0,0.717868,0.282132,LAK,0
logistic_engineered,20222023,20232024,20232024,2023020222,2023-11-12,FLA,CHI,1,0.68107,0.31893,FLA,1
logistic_engineered,20222023,20232024,20232024,2023020223,2023-11-12,MIN,DAL,0,0.450546,0.549454,DAL,1
logistic_engineered,20222023,20232024,20232024,2023020224,2023-11-12,MTL,VAN,0,0.380947,0.619053,VAN,1
logistic_engineered,20222023,20232024,20232024,2023020225,2023-11-12,NYR,CBJ,1,0.809683,0.190317,NYR,1
logistic_engineered,20222023,20232024,20232024,2023020226,2023-11-12,ANA,SJS,1,0.762992,0.237008,ANA,1
logistic_engineered,20222023,20232024,20232024,2023020227,2023-11-13,EDM,NYI,1,0.455847,0.544153,NYI,0
logistic_engineered,20222023,20232024,20232024,2023020228,2023-11-13,SEA,COL,0,0.433624,0.566376,COL,1
logistic_engineered,20222023,20232024,20232024,2023020229,2023-11-14,BUF,BOS,0,0.18888,0.81112,BOS,1
logistic_engineered,20222023,20232024,20232024,2023020230,2023-11-14,CBJ,PIT,0,0.327903,0.672097,PIT,1
logistic_engineered,20222023,20232024,20232024,2023020231,2023-11-14,MTL,CGY,0,0.492102,0.507898,CGY,1
logistic_engineered,20222023,20232024,20232024,2023020232,2023-11-14,WSH,VGK,1,0.318442,0.681558,VGK,0
logistic_engineered,20222023,20232024,20232024,2023020233,2023-11-14,DAL,UTA,1,0.655531,0.344469,DAL,1
logistic_engineered,20222023,20232024,20232024,2023020234,2023-11-14,NSH,ANA,0,0.48484,0.51516,ANA,1
logistic_engineered,20222023,20232024,20232024,2023020235,2023-11-14,STL,TBL,1,0.474554,0.525446,TBL,0
logistic_engineered,20222023,20232024,20232024,2023020236,2023-11-14,WPG,NJD,1,0.497126,0.502874,NJD,0
logistic_engineered,20222023,20232024,20232024,2023020237,2023-11-14,SJS,FLA,0,0.239206,0.760794,FLA,1
logistic_engineered,20222023,20232024,20232024,2023020238,2023-11-15,CAR,PHI,0,0.659461,0.340539,CAR,0
logistic_engineered,20222023,20232024,20232024,2023020239,2023-11-15,EDM,SEA,1,0.50614,0.49386,EDM,1
logistic_engineered,20222023,20232024,20232024,2023020240,2023-11-15,COL,ANA,1,0.654273,0.345727,COL,1
logistic_engineered,20222023,20232024,20232024,2023020241,2023-11-15,VAN,NYI,1,0.614307,0.385693,VAN,1
logistic_engineered,20222023,20232024,20232024,2023020242,2023-11-16,OTT,DET,1,0.535367,0.464633,OTT,1
logistic_engineered,20222023,20232024,20232024,2023020243,2023-11-16,CBJ,UTA,0,0.429252,0.570748,UTA,1
logistic_engineered,20222023,20232024,20232024,2023020244,2023-11-16,MTL,VGK,0,0.308961,0.691039,VGK,1
logistic_engineered,20222023,20232024,20232024,2023020245,2023-11-16,PIT,NJD,0,0.521411,0.478589,PIT,0
logistic_engineered,20222023,20232024,20232024,2023020246,2023-11-16,CHI,TBL,0,0.393767,0.606233,TBL,1
logistic_engineered,20222023,20232024,20232024,2023020247,2023-11-16,CGY,VAN,1,0.458713,0.541287,VAN,0
logistic_engineered,20222023,20232024,20232024,2023020248,2023-11-16,SEA,NYI,1,0.498834,0.501166,NYI,0
logistic_engineered,20222023,20232024,20232024,2023020249,2023-11-16,LAK,FLA,1,0.472121,0.527879,FLA,0
logistic_engineered,20222023,20232024,20232024,2023020250,2023-11-16,SJS,STL,1,0.498856,0.501144,STL,0
logistic_engineered,20222023,20232024,20232024,2023020251,2023-11-17,DET,TOR,0,0.300386,0.699614,TOR,1
logistic_engineered,20222023,20232024,20232024,2023020252,2023-11-17,WPG,BUF,1,0.631292,0.368708,WPG,1
logistic_engineered,20222023,20232024,20232024,2023020253,2023-11-17,ANA,FLA,0,0.464859,0.535141,FLA,1
logistic_engineered,20222023,20232024,20232024,2023020254,2023-11-18,OTT,MIN,1,0.534925,0.465075,OTT,1
logistic_engineered,20222023,20232024,20232024,2023020255,2023-11-18,PHI,VGK,1,0.342097,0.657903,VGK,0
logistic_engineered,20222023,20232024,20232024,2023020256,2023-11-18,NSH,CHI,1,0.55615,0.44385,NSH,1
logistic_engineered,20222023,20232024,20232024,2023020257,2023-11-18,TBL,EDM,1,0.532437,0.467563,TBL,1
logistic_engineered,20222023,20232024,20232024,2023020258,2023-11-18,BOS,MTL,1,0.749209,0.250791,BOS,1
logistic_engineered,20222023,20232024,20232024,2023020259,2023-11-18,CAR,PIT,1,0.550026,0.449974,CAR,1
logistic_engineered,20222023,20232024,20232024,2023020260,2023-11-18,CGY,NYI,0,0.5303,0.4697,CGY,0
logistic_engineered,20222023,20232024,20232024,2023020261,2023-11-18,NJD,NYR,0,0.399107,0.600893,NYR,1
logistic_engineered,20222023,20232024,20232024,2023020262,2023-11-18,WPG,UTA,1,0.542819,0.457181,WPG,1
logistic_engineered,20222023,20232024,20232024,2023020263,2023-11-18,WSH,CBJ,1,0.659771,0.340229,WSH,1
logistic_engineered,20222023,20232024,20232024,2023020264,2023-11-18,DAL,COL,0,0.480403,0.519597,COL,1
logistic_engineered,20222023,20232024,20232024,2023020265,2023-11-18,VAN,SEA,0,0.585689,0.414311,VAN,0
logistic_engineered,20222023,20232024,20232024,2023020266,2023-11-18,LAK,STL,1,0.626631,0.373369,LAK,1
logistic_engineered,20222023,20232024,20232024,2023020267,2023-11-19,MIN,TOR,0,0.310812,0.689188,TOR,1
logistic_engineered,20222023,20232024,20232024,2023020268,2023-11-19,PHI,CBJ,1,0.641594,0.358406,PHI,1
logistic_engineered,20222023,20232024,20232024,2023020269,2023-11-19,PIT,VGK,1,0.381506,0.618494,VGK,0
logistic_engineered,20222023,20232024,20232024,2023020270,2023-11-19,CHI,BUF,0,0.343618,0.656382,BUF,1
logistic_engineered,20222023,20232024,20232024,2023020271,2023-11-19,ANA,STL,0,0.602297,0.397703,ANA,0
logistic_engineered,20222023,20232024,20232024,2023020272,2023-11-20,FLA,EDM,1,0.613622,0.386378,FLA,1
logistic_engineered,20222023,20232024,20232024,2023020273,2023-11-20,TBL,BOS,1,0.381973,0.618027,BOS,0
logistic_engineered,20222023,20232024,20232024,2023020274,2023-11-20,DAL,NYR,1,0.425779,0.574221,NYR,0
logistic_engineered,20222023,20232024,20232024,2023020275,2023-11-20,NSH,COL,1,0.344712,0.655288,COL,0
logistic_engineered,20222023,20232024,20232024,2023020276,2023-11-20,UTA,LAK,0,0.339243,0.660757,LAK,1
logistic_engineered,20222023,20232024,20232024,2023020277,2023-11-20,SEA,CGY,0,0.341063,0.658937,CGY,1
logistic_engineered,20222023,20232024,20232024,2023020278,2023-11-20,VAN,SJS,1,0.751569,0.248431,VAN,1
logistic_engineered,20222023,20232024,20232024,2023020279,2023-11-22,CAR,EDM,1,0.65315,0.34685,CAR,1
logistic_engineered,20222023,20232024,20232024,2023020280,2023-11-22,CBJ,CHI,1,0.665881,0.334119,CBJ,1
logistic_engineered,20222023,20232024,20232024,2023020281,2023-11-22,DET,NJD,1,0.403712,0.596288,NJD,0
logistic_engineered,20222023,20232024,20232024,2023020282,2023-11-22,FLA,BOS,0,0.46416,0.53584,BOS,1
logistic_engineered,20222023,20232024,20232024,2023020283,2023-11-22,PIT,NYR,0,0.397253,0.602747,NYR,1
logistic_engineered,20222023,20232024,20232024,2023020284,2023-11-22,TBL,WPG,0,0.426225,0.573775,WPG,1
logistic_engineered,20222023,20232024,20232024,2023020285,2023-11-22,WSH,BUF,1,0.54614,0.45386,WSH,1
logistic_engineered,20222023,20232024,20232024,2023020286,2023-11-22,NYI,PHI,1,0.498732,0.501268,PHI,0
logistic_engineered,20222023,20232024,20232024,2023020287,2023-11-22,UTA,STL,0,0.493557,0.506443,STL,1
logistic_engineered,20222023,20232024,20232024,2023020288,2023-11-22,NSH,CGY,1,0.551319,0.448681,NSH,1
logistic_engineered,20222023,20232024,20232024,2023020289,2023-11-22,DAL,VGK,0,0.477492,0.522508,VGK,1
logistic_engineered,20222023,20232024,20232024,2023020290,2023-11-22,ANA,MTL,0,0.560319,0.439681,ANA,0
logistic_engineered,20222023,20232024,20232024,2023020291,2023-11-22,COL,VAN,1,0.570823,0.429177,COL,1
logistic_engineered,20222023,20232024,20232024,2023020292,2023-11-22,SEA,SJS,1,0.83163,0.16837,SEA,1
logistic_engineered,20222023,20232024,20232024,2023020293,2023-11-24,BOS,DET,0,0.700164,0.299836,BOS,0
logistic_engineered,20222023,20232024,20232024,2023020294,2023-11-24,PHI,NYR,0,0.364991,0.635009,NYR,1
logistic_engineered,20222023,20232024,20232024,2023020295,2023-11-24,CHI,TOR,1,0.28517,0.71483,TOR,0
logistic_engineered,20222023,20232024,20232024,2023020296,2023-11-24,NJD,CBJ,0,0.659771,0.340229,NJD,0
logistic_engineered,20222023,20232024,20232024,2023020297,2023-11-24,STL,NSH,0,0.345695,0.654305,NSH,1
logistic_engineered,20222023,20232024,20232024,2023020298,2023-11-24,WSH,EDM,0,0.558138,0.441862,WSH,0
logistic_engineered,20222023,20232024,20232024,2023020299,2023-11-24,ANA,LAK,0,0.295894,0.704106,LAK,1
logistic_engineered,20222023,20232024,20232024,2023020300,2023-11-24,SJS,MTL,0,0.403329,0.596671,MTL,1
logistic_engineered,20222023,20232024,20232024,2023020301,2023-11-24,BUF,PIT,1,0.496069,0.503931,PIT,0
logistic_engineered,20222023,20232024,20232024,2023020302,2023-11-24,OTT,NYI,0,0.522461,0.477539,OTT,0
logistic_engineered,20222023,20232024,20232024,2023020303,2023-11-24,CAR,TBL,0,0.592549,0.407451,CAR,0
logistic_engineered,20222023,20232024,20232024,2023020304,2023-11-24,FLA,WPG,0,0.475748,0.524252,WPG,1
logistic_engineered,20222023,20232024,20232024,2023020305,2023-11-24,DAL,CGY,0,0.631991,0.368009,DAL,0
logistic_engineered,20222023,20232024,20232024,2023020306,2023-11-24,MIN,COL,0,0.368305,0.631695,COL,1
logistic_engineered,20222023,20232024,20232024,2023020307,2023-11-24,SEA,VAN,0,0.513862,0.486138,SEA,0
logistic_engineered,20222023,20232024,20232024,2023020308,2023-11-25,NYR,BOS,1,0.487359,0.512641,BOS,0
logistic_engineered,20222023,20232024,20232024,2023020309,2023-11-25,LAK,MTL,1,0.669085,0.330915,LAK,1
logistic_engineered,20222023,20232024,20232024,2023020310,2023-11-25,NJD,BUF,1,0.532591,0.467409,NJD,1
logistic_engineered,20222023,20232024,20232024,2023020311,2023-11-25,PIT,TOR,1,0.410296,0.589704,TOR,0
logistic_engineered,20222023,20232024,20232024,2023020312,2023-11-25,NYI,PHI,0,0.553278,0.446722,NYI,0
logistic_engineered,20222023,20232024,20232024,2023020313,2023-11-25,COL,CGY,1,0.60829,0.39171,COL,1
logistic_engineered,20222023,20232024,20232024,2023020314,2023-11-25,SJS,VAN,1,0.286901,0.713099,VAN,0
logistic_engineered,20222023,20232024,20232024,2023020315,2023-11-25,VGK,UTA,0,0.691551,0.308449,VGK,0
logistic_engineered,20222023,20232024,20232024,2023020316,2023-11-26,DET,MIN,1,0.529906,0.470094,DET,1
logistic_engineered,20222023,20232024,20232024,2023020317,2023-11-26,CHI,STL,0,0.441516,0.558484,STL,1
logistic_engineered,20222023,20232024,20232024,2023020318,2023-11-26,CAR,CBJ,1,0.686918,0.313082,CAR,1
logistic_engineered,20222023,20232024,20232024,2023020319,2023-11-26,NSH,WPG,1,0.386573,0.613427,WPG,0
logistic_engineered,20222023,20232024,20232024,2023020320,2023-11-26,EDM,ANA,1,0.750903,0.249097,EDM,1
logistic_engineered,20222023,20232024,20232024,2023020321,2023-11-27,CBJ,BOS,1,0.381989,0.618011,BOS,0
logistic_engineered,20222023,20232024,20232024,2023020322,2023-11-27,NYR,BUF,0,0.700934,0.299066,NYR,0
logistic_engineered,20222023,20232024,20232024,2023020323,2023-11-27,OTT,FLA,0,0.441308,0.558692,FLA,1
logistic_engineered,20222023,20232024,20232024,2023020324,2023-11-27,COL,TBL,1,0.572815,0.427185,COL,1
logistic_engineered,20222023,20232024,20232024,2023020325,2023-11-27,CGY,VGK,1,0.415499,0.584501,VGK,0
logistic_engineered,20222023,20232024,20232024,2023020326,2023-11-27,SJS,WSH,1,0.339907,0.660093,WSH,0
logistic_engineered,20222023,20232024,20232024,2023020327,2023-11-28,NJD,NYI,1,0.336897,0.663103,NYI,0
logistic_engineered,20222023,20232024,20232024,2023020328,2023-11-28,PHI,CAR,0,0.439578,0.560422,CAR,1
logistic_engineered,20222023,20232024,20232024,2023020329,2023-11-28,TOR,FLA,1,0.585387,0.414613,TOR,1
logistic_engineered,20222023,20232024,20232024,2023020330,2023-11-28,MIN,STL,1,0.510109,0.489891,MIN,1
logistic_engineered,20222023,20232024,20232024,2023020331,2023-11-28,NSH,PIT,1,0.570643,0.429357,NSH,1
logistic_engineered,20222023,20232024,20232024,2023020332,2023-11-28,WPG,DAL,0,0.478566,0.521434,DAL,1
logistic_engineered,20222023,20232024,20232024,2023020333,2023-11-28,CHI,SEA,1,0.36426,0.63574,SEA,0
logistic_engineered,20222023,20232024,20232024,2023020334,2023-11-28,UTA,TBL,1,0.482607,0.517393,TBL,0
logistic_engineered,20222023,20232024,20232024,2023020335,2023-11-28,EDM,VGK,1,0.48842,0.51158,VGK,0
logistic_engineered,20222023,20232024,20232024,2023020336,2023-11-28,VAN,ANA,1,0.65924,0.34076,VAN,1
logistic_engineered,20222023,20232024,20232024,2023020337,2023-11-29,CBJ,MTL,0,0.512641,0.487359,CBJ,0
logistic_engineered,20222023,20232024,20232024,2023020338,2023-11-29,NYR,DET,1,0.63922,0.36078,NYR,1
logistic_engineered,20222023,20232024,20232024,2023020339,2023-11-29,LAK,WSH,0,0.656799,0.343201,LAK,0
logistic_engineered,20222023,20232024,20232024,2023020340,2023-11-30,BOS,SJS,1,0.777408,0.222592,BOS,1
logistic_engineered,20222023,20232024,20232024,2023020341,2023-11-30,CAR,NYI,0,0.588467,0.411533,CAR,0
logistic_engineered,20222023,20232024,20232024,2023020342,2023-11-30,DET,CHI,1,0.525011,0.474989,DET,1
logistic_engineered,20222023,20232024,20232024,2023020343,2023-11-30,MTL,FLA,0,0.303314,0.696686,FLA,1
logistic_engineered,20222023,20232024,20232024,2023020344,2023-11-30,PHI,NJD,0,0.41162,0.58838,NJD,1
logistic_engineered,20222023,20232024,20232024,2023020345,2023-11-30,TBL,PIT,0,0.548952,0.451048,TBL,0
logistic_engineered,20222023,20232024,20232024,2023020346,2023-11-30,TOR,SEA,1,0.574402,0.425598,TOR,1
logistic_engineered,20222023,20232024,20232024,2023020347,2023-11-30,NSH,MIN,0,0.371832,0.628168,MIN,1
logistic_engineered,20222023,20232024,20232024,2023020348,2023-11-30,STL,BUF,1,0.513259,0.486741,STL,1
logistic_engineered,20222023,20232024,20232024,2023020349,2023-11-30,WPG,EDM,0,0.537196,0.462804,WPG,0
logistic_engineered,20222023,20232024,20232024,2023020350,2023-11-30,UTA,COL,1,0.342006,0.657994,COL,0
logistic_engineered,20222023,20232024,20232024,2023020351,2023-11-30,CGY,DAL,1,0.393485,0.606515,DAL,0
logistic_engineered,20222023,20232024,20232024,2023020352,2023-11-30,ANA,WSH,0,0.482241,0.517759,WSH,1
logistic_engineered,20222023,20232024,20232024,2023020353,2023-11-30,VAN,VGK,0,0.674199,0.325801,VAN,0
logistic_engineered,20222023,20232024,20232024,2023020354,2023-12-01,CBJ,OTT,1,0.427536,0.572464,OTT,0
logistic_engineered,20222023,20232024,20232024,2023020355,2023-12-01,NJD,SJS,0,0.766487,0.233513,NJD,0
logistic_engineered,20222023,20232024,20232024,2023020356,2023-12-02,DAL,TBL,1,0.732943,0.267057,DAL,1
logistic_engineered,20222023,20232024,20232024,2023020357,2023-12-02,WPG,CHI,1,0.681045,0.318955,WPG,1
logistic_engineered,20222023,20232024,20232024,2023020358,2023-12-02,NSH,NYR,0,0.367669,0.632331,NYR,1
logistic_engineered,20222023,20232024,20232024,2023020359,2023-12-02,FLA,NYI,0,0.580721,0.419279,FLA,0
logistic_engineered,20222023,20232024,20232024,2023020360,2023-12-02,CAR,BUF,1,0.608863,0.391137,CAR,1
logistic_engineered,20222023,20232024,20232024,2023020361,2023-12-02,MTL,DET,0,0.4273,0.5727,DET,1
logistic_engineered,20222023,20232024,20232024,2023020362,2023-12-02,OTT,SEA,1,0.393381,0.606619,SEA,0
logistic_engineered,20222023,20232024,20232024,2023020363,2023-12-02,PIT,PHI,0,0.57793,0.42207,PIT,0
logistic_engineered,20222023,20232024,20232024,2023020364,2023-12-02,TOR,BOS,0,0.473078,0.526922,BOS,1
logistic_engineered,20222023,20232024,20232024,2023020365,2023-12-02,UTA,STL,1,0.517881,0.482119,UTA,1
logistic_engineered,20222023,20232024,20232024,2023020366,2023-12-02,ANA,COL,1,0.293943,0.706057,COL,0
logistic_engineered,20222023,20232024,20232024,2023020367,2023-12-02,CGY,VAN,0,0.501064,0.498936,CGY,0
logistic_engineered,20222023,20232024,20232024,2023020368,2023-12-02,VGK,WSH,1,0.597262,0.402738,VGK,1
logistic_engineered,20222023,20232024,20232024,2023020369,2023-12-03,MIN,CHI,1,0.711188,0.288812,MIN,1
logistic_engineered,20222023,20232024,20232024,2023020370,2023-12-03,NYR,SJS,1,0.715973,0.284027,NYR,1
logistic_engineered,20222023,20232024,20232024,2023020371,2023-12-03,BOS,CBJ,1,0.638254,0.361746,BOS,1
logistic_engineered,20222023,20232024,20232024,2023020372,2023-12-03,BUF,NSH,0,0.461137,0.538863,NSH,1
logistic_engineered,20222023,20232024,20232024,2023020373,2023-12-03,LAK,COL,1,0.588137,0.411863,LAK,1
logistic_engineered,20222023,20232024,20232024,2023020374,2023-12-04,PHI,PIT,1,0.453823,0.546177,PIT,0
logistic_engineered,20222023,20232024,20232024,2023020375,2023-12-04,TBL,DAL,1,0.397008,0.602992,DAL,0
logistic_engineered,20222023,20232024,20232024,2023020376,2023-12-04,MTL,SEA,1,0.412848,0.587152,SEA,0
logistic_engineered,20222023,20232024,20232024,2023020377,2023-12-04,WPG,CAR,1,0.490529,0.509471,CAR,0
logistic_engineered,20222023,20232024,20232024,2023020378,2023-12-04,UTA,WSH,1,0.688416,0.311584,UTA,1
logistic_engineered,20222023,20232024,20232024,2023020379,2023-12-04,VGK,STL,0,0.659991,0.340009,VGK,0
logistic_engineered,20222023,20232024,20232024,2023020380,2023-12-05,BUF,DET,0,0.46762,0.53238,DET,1
logistic_engineered,20222023,20232024,20232024,2023020381,2023-12-05,CBJ,LAK,0,0.270678,0.729322,LAK,1
logistic_engineered,20222023,20232024,20232024,2023020382,2023-12-05,OTT,NYR,1,0.33855,0.66145,NYR,0
logistic_engineered,20222023,20232024,20232024,2023020383,2023-12-05,NYI,SJS,0,0.697038,0.302962,NYI,0
logistic_engineered,20222023,20232024,20232024,2023020384,2023-12-05,CHI,NSH,0,0.39545,0.60455,NSH,1
logistic_engineered,20222023,20232024,20232024,2023020385,2023-12-05,CGY,MIN,0,0.316259,0.683741,MIN,1
logistic_engineered,20222023,20232024,20232024,2023020386,2023-12-05,COL,ANA,1,0.68408,0.31592,COL,1
logistic_engineered,20222023,20232024,20232024,2023020387,2023-12-05,VAN,NJD,0,0.471455,0.528545,NJD,1
logistic_engineered,20222023,20232024,20232024,2023020388,2023-12-06,FLA,DAL,1,0.464142,0.535858,DAL,0
logistic_engineered,20222023,20232024,20232024,2023020389,2023-12-06,TBL,PIT,1,0.544603,0.455397,TBL,1
logistic_engineered,20222023,20232024,20232024,2023020390,2023-12-06,STL,VGK,0,0.406462,0.593538,VGK,1
logistic_engineered,20222023,20232024,20232024,2023020391,2023-12-06,EDM,CAR,1,0.626691,0.373309,EDM,1
logistic_engineered,20222023,20232024,20232024,2023020392,2023-12-07,BOS,BUF,0,0.696338,0.303662,BOS,0
logistic_engineered,20222023,20232024,20232024,2023020393,2023-12-07,DET,SJS,0,0.820808,0.179192,DET,0
logistic_engineered,20222023,20232024,20232024,2023020394,2023-12-07,MTL,LAK,0,0.274725,0.725275,LAK,1
logistic_engineered,20222023,20232024,20232024,2023020395,2023-12-07,OTT,TOR,0,0.618184,0.381816,OTT,0
logistic_engineered,20222023,20232024,20232024,2023020396,2023-12-07,WSH,DAL,0,0.445999,0.554001,DAL,1
logistic_engineered,20222023,20232024,20232024,2023020397,2023-12-07,NYI,CBJ,1,0.64192,0.35808,NYI,1
logistic_engineered,20222023,20232024,20232024,2023020398,2023-12-07,NSH,TBL,1,0.565285,0.434715,NSH,1
logistic_engineered,20222023,20232024,20232024,2023020399,2023-12-07,CHI,ANA,1,0.488544,0.511456,ANA,0
logistic_engineered,20222023,20232024,20232024,2023020400,2023-12-07,UTA,PHI,0,0.549192,0.450808,UTA,0
logistic_engineered,20222023,20232024,20232024,2023020401,2023-12-07,CGY,CAR,1,0.5204,0.4796,CGY,1
logistic_engineered,20222023,20232024,20232024,2023020402,2023-12-07,COL,WPG,0,0.536492,0.463508,COL,0
logistic_engineered,20222023,20232024,20232024,2023020403,2023-12-07,SEA,NJD,0,0.454111,0.545889,NJD,1
logistic_engineered,20222023,20232024,20232024,2023020404,2023-12-07,VAN,MIN,1,0.502402,0.497598,VAN,1
logistic_engineered,20222023,20232024,20232024,2023020405,2023-12-08,CBJ,STL,1,0.368513,0.631487,STL,0
logistic_engineered,20222023,20232024,20232024,2023020406,2023-12-08,FLA,PIT,1,0.604965,0.395035,FLA,1
logistic_engineered,20222023,20232024,20232024,2023020407,2023-12-08,EDM,MIN,1,0.649726,0.350274,EDM,1
logistic_engineered,20222023,20232024,20232024,2023020408,2023-12-09,BOS,UTA,1,0.649118,0.350882,BOS,1
logistic_engineered,20222023,20232024,20232024,2023020409,2023-12-09,CGY,NJD,0,0.420482,0.579518,NJD,1
logistic_engineered,20222023,20232024,20232024,2023020410,2023-12-09,DAL,VGK,0,0.440564,0.559436,VGK,1
logistic_engineered,20222023,20232024,20232024,2023020411,2023-12-09,BUF,MTL,0,0.567655,0.432345,BUF,0
logistic_engineered,20222023,20232024,20232024,2023020412,2023-12-09,DET,OTT,0,0.465957,0.534043,OTT,1
logistic_engineered,20222023,20232024,20232024,2023020413,2023-12-09,TOR,NSH,1,0.576879,0.423121,TOR,1
logistic_engineered,20222023,20232024,20232024,2023020414,2023-12-09,WSH,NYR,1,0.333202,0.666798,NYR,0
logistic_engineered,20222023,20232024,20232024,2023020415,2023-12-09,NYI,LAK,1,0.360692,0.639308,LAK,0
logistic_engineered,20222023,20232024,20232024,2023020416,2023-12-09,CHI,STL,1,0.536932,0.463068,CHI,1
logistic_engineered,20222023,20232024,20232024,2023020417,2023-12-09,COL,PHI,0,0.620867,0.379133,COL,0
logistic_engineered,20222023,20232024,20232024,2023020418,2023-12-09,SEA,TBL,0,0.277223,0.722777,TBL,1
logistic_engineered,20222023,20232024,20232024,2023020419,2023-12-09,VAN,CAR,1,0.493818,0.506182,CAR,0
logistic_engineered,20222023,20232024,20232024,2023020420,2023-12-10,CBJ,FLA,0,0.345021,0.654979,FLA,1
logistic_engineered,20222023,20232024,20232024,2023020421,2023-12-10,EDM,NJD,1,0.557359,0.442641,EDM,1
logistic_engineered,20222023,20232024,20232024,2023020422,2023-12-10,CHI,WSH,0,0.42853,0.57147,WSH,1
logistic_engineered,20222023,20232024,20232024,2023020423,2023-12-10,MTL,NSH,0,0.425418,0.574582,NSH,1
logistic_engineered,20222023,20232024,20232024,2023020424,2023-12-10,NYR,LAK,1,0.421898,0.578102,LAK,0
logistic_engineered,20222023,20232024,20232024,2023020425,2023-12-10,ANA,WPG,0,0.319564,0.680436,WPG,1
logistic_engineered,20222023,20232024,20232024,2023020426,2023-12-10,SEA,MIN,0,0.357948,0.642052,MIN,1
logistic_engineered,20222023,20232024,20232024,2023020427,2023-12-10,VGK,SJS,1,0.66444,0.33556,VGK,1
logistic_engineered,20222023,20232024,20232024,2023020428,2023-12-11,BUF,UTA,1,0.506184,0.493816,BUF,1
logistic_engineered,20222023,20232024,20232024,2023020429,2023-12-11,NYI,TOR,1,0.472778,0.527222,TOR,0
logistic_engineered,20222023,20232024,20232024,2023020430,2023-12-11,DAL,DET,1,0.594491,0.405509,DAL,1
logistic_engineered,20222023,20232024,20232024,2023020431,2023-12-11,COL,CGY,1,0.400919,0.599081,CGY,0
logistic_engineered,20222023,20232024,20232024,2023020432,2023-12-12,NYR,TOR,0,0.595395,0.404605,NYR,0
logistic_engineered,20222023,20232024,20232024,2023020433,2023-12-12,OTT,CAR,0,0.471023,0.528977,CAR,1
logistic_engineered,20222023,20232024,20232024,2023020434,2023-12-12,PIT,UTA,1,0.623021,0.376979,PIT,1
logistic_engineered,20222023,20232024,20232024,2023020435,2023-12-12,NSH,PHI,1,0.527645,0.472355,NSH,1
logistic_engineered,20222023,20232024,20232024,2023020436,2023-12-12,STL,DET,0,0.584379,0.415621,STL,0
logistic_engineered,20222023,20232024,20232024,2023020437,2023-12-12,EDM,CHI,1,0.71817,0.28183,EDM,1
logistic_engineered,20222023,20232024,20232024,2023020438,2023-12-12,SEA,FLA,1,0.379093,0.620907,FLA,0
logistic_engineered,20222023,20232024,20232024,2023020439,2023-12-12,VAN,TBL,1,0.524929,0.475071,VAN,1
logistic_engineered,20222023,20232024,20232024,2023020440,2023-12-12,VGK,CGY,1,0.715559,0.284441,VGK,1
logistic_engineered,20222023,20232024,20232024,2023020441,2023-12-12,SJS,WPG,1,0.301492,0.698508,WPG,0
logistic_engineered,20222023,20232024,20232024,2023020442,2023-12-13,MTL,PIT,0,0.50723,0.49277,MTL,0
logistic_engineered,20222023,20232024,20232024,2023020443,2023-12-13,NJD,BOS,1,0.438693,0.561307,BOS,0
logistic_engineered,20222023,20232024,20232024,2023020444,2023-12-13,NYI,ANA,1,0.683039,0.316961,NYI,1
logistic_engineered,20222023,20232024,20232024,2023020445,2023-12-13,COL,BUF,1,0.623812,0.376188,COL,1
logistic_engineered,20222023,20232024,20232024,2023020446,2023-12-13,LAK,WPG,0,0.623761,0.376239,LAK,0
logistic_engineered,20222023,20232024,20232024,2023020447,2023-12-14,DET,CAR,0,0.449837,0.550163,CAR,1
logistic_engineered,20222023,20232024,20232024,2023020448,2023-12-14,PHI,WSH,1,0.508551,0.491449,PHI,1
logistic_engineered,20222023,20232024,20232024,2023020449,2023-12-14,TOR,CBJ,0,0.712262,0.287738,TOR,0
logistic_engineered,20222023,20232024,20232024,2023020450,2023-12-14,MIN,CGY,1,0.560554,0.439446,MIN,1
logistic_engineered,20222023,20232024,20232024,2023020451,2023-12-14,STL,OTT,1,0.453861,0.546139,OTT,0
logistic_engineered,20222023,20232024,20232024,2023020452,2023-12-14,EDM,TBL,0,0.597218,0.402782,EDM,0
logistic_engineered,20222023,20232024,20232024,2023020453,2023-12-14,SEA,CHI,1,0.778195,0.221805,SEA,1
logistic_engineered,20222023,20232024,20232024,2023020454,2023-12-14,VAN,FLA,1,0.670785,0.329215,VAN,1
logistic_engineered,20222023,20232024,20232024,2023020455,2023-12-15,CAR,NSH,0,0.493579,0.506421,NSH,1
logistic_engineered,20222023,20232024,20232024,2023020456,2023-12-15,NYR,ANA,1,0.750747,0.249253,NYR,1
logistic_engineered,20222023,20232024,20232024,2023020457,2023-12-15,NYI,BOS,0,0.479281,0.520719,BOS,1
logistic_engineered,20222023,20232024,20232024,2023020458,2023-12-15,DAL,OTT,1,0.510949,0.489051,DAL,1
logistic_engineered,20222023,20232024,20232024,2023020459,2023-12-15,UTA,SJS,1,0.612945,0.387055,UTA,1
logistic_engineered,20222023,20232024,20232024,2023020460,2023-12-15,VGK,BUF,0,0.683618,0.316382,VGK,0
logistic_engineered,20222023,20232024,20232024,2023020461,2023-12-16,MIN,VAN,1,0.501148,0.498852,MIN,1
logistic_engineered,20222023,20232024,20232024,2023020462,2023-12-16,BOS,NYR,0,0.497877,0.502123,NYR,1
logistic_engineered,20222023,20232024,20232024,2023020463,2023-12-16,CBJ,NJD,0,0.351187,0.648813,NJD,1
logistic_engineered,20222023,20232024,20232024,2023020464,2023-12-16,MTL,NYI,1,0.421586,0.578414,NYI,0
logistic_engineered,20222023,20232024,20232024,2023020465,2023-12-16,PHI,DET,1,0.685435,0.314565,PHI,1
logistic_engineered,20222023,20232024,20232024,2023020466,2023-12-16,TOR,PIT,1,0.747886,0.252114,TOR,1
logistic_engineered,20222023,20232024,20232024,2023020467,2023-12-16,WPG,COL,1,0.498248,0.501752,COL,0
logistic_engineered,20222023,20232024,20232024,2023020468,2023-12-16,NSH,WSH,1,0.505535,0.494465,NSH,1
logistic_engineered,20222023,20232024,20232024,2023020469,2023-12-16,STL,DAL,1,0.452712,0.547288,DAL,0
logistic_engineered,20222023,20232024,20232024,2023020470,2023-12-16,UTA,BUF,1,0.500025,0.499975,UTA,1
logistic_engineered,20222023,20232024,20232024,2023020471,2023-12-16,CGY,TBL,1,0.453183,0.546817,TBL,0
logistic_engineered,20222023,20232024,20232024,2023020472,2023-12-16,EDM,FLA,0,0.540169,0.459831,EDM,0
logistic_engineered,20222023,20232024,20232024,2023020473,2023-12-16,SEA,LAK,0,0.336814,0.663186,LAK,1
logistic_engineered,20222023,20232024,20232024,2023020474,2023-12-17,CHI,VAN,0,0.432803,0.567197,VAN,1
logistic_engineered,20222023,20232024,20232024,2023020475,2023-12-17,CAR,WSH,0,0.680594,0.319406,CAR,0
logistic_engineered,20222023,20232024,20232024,2023020476,2023-12-17,NJD,ANA,0,0.771015,0.228985,NJD,0
logistic_engineered,20222023,20232024,20232024,2023020477,2023-12-17,COL,SJS,1,0.635336,0.364664,COL,1
logistic_engineered,20222023,20232024,20232024,2023020478,2023-12-17,VGK,OTT,1,0.594208,0.405792,VGK,1
logistic_engineered,20222023,20232024,20232024,2023020479,2023-12-18,DET,ANA,0,0.463277,0.536723,ANA,1
logistic_engineered,20222023,20232024,20232024,2023020480,2023-12-18,PIT,MIN,1,0.459404,0.540596,MIN,0
logistic_engineered,20222023,20232024,20232024,2023020481,2023-12-18,WPG,MTL,0,0.678837,0.321163,WPG,0
logistic_engineered,20222023,20232024,20232024,2023020482,2023-12-18,DAL,SEA,1,0.583293,0.416707,DAL,1
logistic_engineered,20222023,20232024,20232024,2023020483,2023-12-18,CGY,FLA,1,0.443363,0.556637,FLA,0
logistic_engineered,20222023,20232024,20232024,2023020484,2023-12-19,BOS,MIN,0,0.661994,0.338006,BOS,0
logistic_engineered,20222023,20232024,20232024,2023020485,2023-12-19,BUF,CBJ,0,0.383077,0.616923,CBJ,1
logistic_engineered,20222023,20232024,20232024,2023020486,2023-12-19,CAR,VGK,1,0.627635,0.372365,CAR,1
logistic_engineered,20222023,20232024,20232024,2023020487,2023-12-19,NJD,PHI,0,0.566482,0.433518,NJD,0
logistic_engineered,20222023,20232024,20232024,2023020488,2023-12-19,TBL,STL,1,0.765967,0.234033,TBL,1
logistic_engineered,20222023,20232024,20232024,2023020489,2023-12-19,TOR,NYR,0,0.539586,0.460414,TOR,0
logistic_engineered,20222023,20232024,20232024,2023020490,2023-12-19,NYI,EDM,1,0.50525,0.49475,NYI,1
logistic_engineered,20222023,20232024,20232024,2023020491,2023-12-19,NSH,VAN,0,0.318959,0.681041,VAN,1
logistic_engineered,20222023,20232024,20232024,2023020492,2023-12-19,CHI,COL,1,0.296887,0.703113,COL,0
logistic_engineered,20222023,20232024,20232024,2023020493,2023-12-19,UTA,OTT,1,0.342234,0.657766,OTT,0
logistic_engineered,20222023,20232024,20232024,2023020494,2023-12-19,SJS,LAK,0,0.27575,0.72425,LAK,1
logistic_engineered,20222023,20232024,20232024,2023020495,2023-12-20,WPG,DET,1,0.638009,0.361991,WPG,1
logistic_engineered,20222023,20232024,20232024,2023020496,2023-12-20,WSH,NYI,1,0.561452,0.438548,WSH,1
logistic_engineered,20222023,20232024,20232024,2023020497,2023-12-20,LAK,SEA,0,0.563834,0.436166,LAK,0
logistic_engineered,20222023,20232024,20232024,2023020498,2023-12-21,BUF,TOR,1,0.547097,0.452903,BUF,1
logistic_engineered,20222023,20232024,20232024,2023020499,2023-12-21,CBJ,WSH,0,0.538209,0.461791,CBJ,0
logistic_engineered,20222023,20232024,20232024,2023020500,2023-12-21,FLA,STL,0,0.648911,0.351089,FLA,0
logistic_engineered,20222023,20232024,20232024,2023020501,2023-12-21,NJD,EDM,0,0.341311,0.658689,EDM,1
logistic_engineered,20222023,20232024,20232024,2023020502,2023-12-21,PHI,NSH,0,0.500235,0.499765,PHI,0
logistic_engineered,20222023,20232024,20232024,2023020503,2023-12-21,PIT,CAR,1,0.439726,0.560274,CAR,0
logistic_engineered,20222023,20232024,20232024,2023020504,2023-12-21,TBL,VGK,1,0.45108,0.54892,VGK,0
logistic_engineered,20222023,20232024,20232024,2023020505,2023-12-21,DAL,VAN,1,0.557823,0.442177,DAL,1
logistic_engineered,20222023,20232024,20232024,2023020506,2023-12-21,MIN,MTL,1,0.612126,0.387874,MIN,1
logistic_engineered,20222023,20232024,20232024,2023020507,2023-12-21,COL,OTT,1,0.658181,0.341819,COL,1
logistic_engineered,20222023,20232024,20232024,2023020508,2023-12-21,ANA,CGY,0,0.429025,0.570975,CGY,1
logistic_engineered,20222023,20232024,20232024,2023020509,2023-12-21,SJS,UTA,0,0.422372,0.577628,UTA,1
logistic_engineered,20222023,20232024,20232024,2023020510,2023-12-22,DET,PHI,1,0.575488,0.424512,DET,1
logistic_engineered,20222023,20232024,20232024,2023020511,2023-12-22,NYR,EDM,0,0.650804,0.349196,NYR,0
logistic_engineered,20222023,20232024,20232024,2023020512,2023-12-22,WPG,BOS,1,0.50757,0.49243,WPG,1
logistic_engineered,20222023,20232024,20232024,2023020513,2023-12-22,CHI,MTL,0,0.544027,0.455973,CHI,0
logistic_engineered,20222023,20232024,20232024,2023020514,2023-12-23,FLA,VGK,1,0.449742,0.550258,VGK,0
logistic_engineered,20222023,20232024,20232024,2023020515,2023-12-23,NSH,DAL,0,0.432539,0.567461,DAL,1
logistic_engineered,20222023,20232024,20232024,2023020516,2023-12-23,CAR,NYI,0,0.520467,0.479533,CAR,0
logistic_engineered,20222023,20232024,20232024,2023020517,2023-12-23,CBJ,TOR,0,0.366539,0.633461,TOR,1
logistic_engineered,20222023,20232024,20232024,2023020518,2023-12-23,MIN,BOS,1,0.555027,0.444973,MIN,1
logistic_engineered,20222023,20232024,20232024,2023020519,2023-12-23,NJD,DET,1,0.649992,0.350008,NJD,1
logistic_engineered,20222023,20232024,20232024,2023020520,2023-12-23,OTT,PIT,1,0.475036,0.524964,PIT,0
logistic_engineered,20222023,20232024,20232024,2023020521,2023-12-23,WSH,TBL,0,0.441845,0.558155,TBL,1
logistic_engineered,20222023,20232024,20232024,2023020522,2023-12-23,NYR,BUF,1,0.539457,0.460543,NYR,1
logistic_engineered,20222023,20232024,20232024,2023020523,2023-12-23,ANA,SEA,0,0.402753,0.597247,SEA,1
logistic_engineered,20222023,20232024,20232024,2023020524,2023-12-23,STL,CHI,1,0.693449,0.306551,STL,1
logistic_engineered,20222023,20232024,20232024,2023020525,2023-12-23,COL,UTA,1,0.641295,0.358705,COL,1
logistic_engineered,20222023,20232024,20232024,2023020526,2023-12-23,LAK,CGY,1,0.575898,0.424102,LAK,1
logistic_engineered,20222023,20232024,20232024,2023020527,2023-12-23,VAN,SJS,1,0.715281,0.284719,VAN,1
logistic_engineered,20222023,20232024,20232024,2023020528,2023-12-27,NJD,CBJ,1,0.633381,0.366619,NJD,1
logistic_engineered,20222023,20232024,20232024,2023020529,2023-12-27,NYR,WSH,1,0.642455,0.357545,NYR,1
logistic_engineered,20222023,20232024,20232024,2023020530,2023-12-27,TBL,FLA,0,0.536277,0.463723,TBL,0
logistic_engineered,20222023,20232024,20232024,2023020531,2023-12-27,TOR,OTT,0,0.622225,0.377775,TOR,0
logistic_engineered,20222023,20232024,20232024,2023020532,2023-12-27,BUF,BOS,0,0.423629,0.576371,BOS,1
logistic_engineered,20222023,20232024,20232024,2023020533,2023-12-27,NYI,PIT,0,0.384342,0.615658,PIT,1
logistic_engineered,20222023,20232024,20232024,2023020534,2023-12-27,MIN,DET,1,0.61713,0.38287,MIN,1
logistic_engineered,20222023,20232024,20232024,2023020535,2023-12-27,NSH,CAR,0,0.286059,0.713941,CAR,1
logistic_engineered,20222023,20232024,20232024,2023020536,2023-12-27,STL,DAL,1,0.400538,0.599462,DAL,0
logistic_engineered,20222023,20232024,20232024,2023020537,2023-12-27,UTA,COL,1,0.395254,0.604746,COL,0
logistic_engineered,20222023,20232024,20232024,2023020538,2023-12-27,CHI,WPG,1,0.275944,0.724056,WPG,0
logistic_engineered,20222023,20232024,20232024,2023020539,2023-12-27,CGY,SEA,0,0.489331,0.510669,SEA,1
logistic_engineered,20222023,20232024,20232024,2023020540,2023-12-27,ANA,VGK,1,0.326057,0.673943,VGK,0
logistic_engineered,20222023,20232024,20232024,2023020541,2023-12-27,LAK,SJS,1,0.750949,0.249051,LAK,1
logistic_engineered,20222023,20232024,20232024,2023020542,2023-12-28,CAR,MTL,1,0.544278,0.455722,CAR,1
logistic_engineered,20222023,20232024,20232024,2023020543,2023-12-28,VAN,PHI,0,0.757053,0.242947,VAN,0
logistic_engineered,20222023,20232024,20232024,2023020544,2023-12-28,VGK,LAK,1,0.448517,0.551483,LAK,0
logistic_engineered,20222023,20232024,20232024,2023020545,2023-12-28,SJS,EDM,0,0.119914,0.880086,EDM,1
logistic_engineered,20222023,20232024,20232024,2023020546,2023-12-29,CBJ,TOR,1,0.197764,0.802236,TOR,0
logistic_engineered,20222023,20232024,20232024,2023020547,2023-12-29,DET,NSH,1,0.459447,0.540553,NSH,0
logistic_engineered,20222023,20232024,20232024,2023020548,2023-12-29,FLA,NYR,1,0.441096,0.558904,NYR,0
logistic_engineered,20222023,20232024,20232024,2023020549,2023-12-29,OTT,NJD,0,0.431486,0.568514,NJD,1
logistic_engineered,20222023,20232024,20232024,2023020550,2023-12-29,NYI,WSH,1,0.743914,0.256086,NYI,1
logistic_engineered,20222023,20232024,20232024,2023020551,2023-12-29,DAL,CHI,1,0.719553,0.280447,DAL,1
logistic_engineered,20222023,20232024,20232024,2023020552,2023-12-29,STL,COL,0,0.413373,0.586627,COL,1
logistic_engineered,20222023,20232024,20232024,2023020553,2023-12-29,ANA,UTA,0,0.468218,0.531782,UTA,1
logistic_engineered,20222023,20232024,20232024,2023020554,2023-12-29,SEA,PHI,1,0.611999,0.388001,SEA,1
logistic_engineered,20222023,20232024,20232024,2023020555,2023-12-30,WPG,MIN,1,0.711785,0.288215,WPG,1
logistic_engineered,20222023,20232024,20232024,2023020556,2023-12-30,BUF,CBJ,1,0.650436,0.349564,BUF,1
logistic_engineered,20222023,20232024,20232024,2023020557,2023-12-30,BOS,NJD,1,0.645797,0.354203,BOS,1
logistic_engineered,20222023,20232024,20232024,2023020558,2023-12-30,FLA,MTL,1,0.551178,0.448822,FLA,1
logistic_engineered,20222023,20232024,20232024,2023020559,2023-12-30,PIT,STL,1,0.67083,0.32917,PIT,1
logistic_engineered,20222023,20232024,20232024,2023020560,2023-12-30,TBL,NYR,0,0.522029,0.477971,TBL,0
logistic_engineered,20222023,20232024,20232024,2023020561,2023-12-30,TOR,CAR,0,0.34196,0.65804,CAR,1
logistic_engineered,20222023,20232024,20232024,2023020562,2023-12-30,WSH,NSH,0,0.465004,0.534996,NSH,1
logistic_engineered,20222023,20232024,20232024,2023020563,2023-12-30,LAK,EDM,0,0.520052,0.479948,LAK,0
logistic_engineered,20222023,20232024,20232024,2023020564,2023-12-31,MIN,WPG,0,0.442323,0.557677,WPG,1
logistic_engineered,20222023,20232024,20232024,2023020565,2023-12-31,DET,BOS,0,0.463699,0.536301,BOS,1
logistic_engineered,20222023,20232024,20232024,2023020566,2023-12-31,OTT,BUF,1,0.582793,0.417207,OTT,1
logistic_engineered,20222023,20232024,20232024,2023020567,2023-12-31,PIT,NYI,1,0.391817,0.608183,NYI,0
logistic_engineered,20222023,20232024,20232024,2023020568,2023-12-31,TBL,MTL,1,0.616357,0.383643,TBL,1
logistic_engineered,20222023,20232024,20232024,2023020569,2023-12-31,ANA,EDM,0,0.410647,0.589353,EDM,1
logistic_engineered,20222023,20232024,20232024,2023020570,2023-12-31,CGY,PHI,1,0.5411,0.4589,CGY,1
logistic_engineered,20222023,20232024,20232024,2023020571,2023-12-31,COL,SJS,1,0.77235,0.22765,COL,1
logistic_engineered,20222023,20232024,20232024,2023020572,2023-12-31,DAL,CHI,1,0.848349,0.151651,DAL,1
logistic_engineered,20222023,20232024,20232024,2023020573,2024-01-01,SEA,VGK,1,0.439852,0.560148,VGK,0
logistic_engineered,20222023,20232024,20232024,2023020574,2024-01-02,CBJ,BOS,0,0.331546,0.668454,BOS,1
logistic_engineered,20222023,20232024,20232024,2023020575,2024-01-02,NYR,CAR,0,0.498871,0.501129,CAR,1
logistic_engineered,20222023,20232024,20232024,2023020576,2024-01-02,PIT,WSH,0,0.408726,0.591274,WSH,1
logistic_engineered,20222023,20232024,20232024,2023020577,2024-01-02,DAL,MTL,0,0.700207,0.299793,DAL,0
logistic_engineered,20222023,20232024,20232024,2023020578,2024-01-02,MIN,CGY,0,0.563305,0.436695,MIN,0
logistic_engineered,20222023,20232024,20232024,2023020579,2024-01-02,NSH,CHI,1,0.659358,0.340642,NSH,1
logistic_engineered,20222023,20232024,20232024,2023020580,2024-01-02,WPG,TBL,1,0.59691,0.40309,WPG,1
logistic_engineered,20222023,20232024,20232024,2023020581,2024-01-02,UTA,FLA,0,0.427957,0.572043,FLA,1
logistic_engineered,20222023,20232024,20232024,2023020582,2024-01-02,COL,NYI,1,0.752257,0.247743,COL,1
logistic_engineered,20222023,20232024,20232024,2023020583,2024-01-02,EDM,PHI,1,0.634679,0.365321,EDM,1
logistic_engineered,20222023,20232024,20232024,2023020584,2024-01-02,VAN,OTT,1,0.752897,0.247103,VAN,1
logistic_engineered,20222023,20232024,20232024,2023020585,2024-01-02,LAK,TOR,0,0.52825,0.47175,LAK,0
logistic_engineered,20222023,20232024,20232024,2023020586,2024-01-02,SJS,DET,0,0.389007,0.610993,DET,1
logistic_engineered,20222023,20232024,20232024,2023020587,2024-01-03,WSH,NJD,0,0.325666,0.674334,NJD,1
logistic_engineered,20222023,20232024,20232024,2023020588,2024-01-03,ANA,TOR,0,0.413829,0.586171,TOR,1
logistic_engineered,20222023,20232024,20232024,2023020589,2024-01-04,BOS,PIT,0,0.605407,0.394593,BOS,0
logistic_engineered,20222023,20232024,20232024,2023020590,2024-01-04,MTL,BUF,0,0.465394,0.534606,BUF,1
logistic_engineered,20222023,20232024,20232024,2023020591,2024-01-04,NYR,CHI,1,0.788299,0.211701,NYR,1
logistic_engineered,20222023,20232024,20232024,2023020592,2024-01-04,PHI,CBJ,0,0.59095,0.40905,PHI,0
logistic_engineered,20222023,20232024,20232024,2023020593,2024-01-04,DAL,COL,0,0.460125,0.539875,COL,1
logistic_engineered,20222023,20232024,20232024,2023020594,2024-01-04,MIN,TBL,0,0.535902,0.464098,MIN,0
logistic_engineered,20222023,20232024,20232024,2023020595,2024-01-04,NSH,CGY,0,0.367079,0.632921,CGY,1
logistic_engineered,20222023,20232024,20232024,2023020596,2024-01-04,STL,VAN,1,0.440431,0.559569,VAN,0
logistic_engineered,20222023,20232024,20232024,2023020597,2024-01-04,UTA,NYI,0,0.4626,0.5374,NYI,1
logistic_engineered,20222023,20232024,20232024,2023020598,2024-01-04,SEA,OTT,1,0.589923,0.410077,SEA,1
logistic_engineered,20222023,20232024,20232024,2023020599,2024-01-04,VGK,FLA,0,0.502451,0.497549,VGK,0
logistic_engineered,20222023,20232024,20232024,2023020600,2024-01-04,LAK,DET,0,0.620469,0.379531,LAK,0
logistic_engineered,20222023,20232024,20232024,2023020601,2024-01-04,SJS,WPG,0,0.244604,0.755396,WPG,1
logistic_engineered,20222023,20232024,20232024,2023020602,2024-01-05,NJD,CHI,1,0.776187,0.223813,NJD,1
logistic_engineered,20222023,20232024,20232024,2023020603,2024-01-05,WSH,CAR,0,0.376099,0.623901,CAR,1
logistic_engineered,20222023,20232024,20232024,2023020604,2024-01-05,ANA,WPG,0,0.354623,0.645377,WPG,1
logistic_engineered,20222023,20232024,20232024,2023020605,2024-01-06,PHI,CGY,1,0.444084,0.555916,CGY,0
logistic_engineered,20222023,20232024,20232024,2023020606,2024-01-06,COL,FLA,0,0.342907,0.657093,FLA,1
logistic_engineered,20222023,20232024,20232024,2023020607,2024-01-06,BOS,TBL,1,0.581006,0.418994,BOS,1
logistic_engineered,20222023,20232024,20232024,2023020608,2024-01-06,CAR,STL,0,0.5944,0.4056,CAR,0
logistic_engineered,20222023,20232024,20232024,2023020609,2024-01-06,CBJ,MIN,0,0.413022,0.586978,MIN,1
logistic_engineered,20222023,20232024,20232024,2023020610,2024-01-06,MTL,NYR,1,0.307952,0.692048,NYR,0
logistic_engineered,20222023,20232024,20232024,2023020611,2024-01-06,NJD,VAN,0,0.507085,0.492915,NJD,0
logistic_engineered,20222023,20232024,20232024,2023020612,2024-01-06,PIT,BUF,0,0.537901,0.462099,PIT,0
logistic_engineered,20222023,20232024,20232024,2023020613,2024-01-06,SJS,TOR,0,0.282575,0.717425,TOR,1
logistic_engineered,20222023,20232024,20232024,2023020614,2024-01-06,DAL,NSH,0,0.618585,0.381415,DAL,0
logistic_engineered,20222023,20232024,20232024,2023020615,2024-01-06,EDM,OTT,1,0.668273,0.331727,EDM,1
logistic_engineered,20222023,20232024,20232024,2023020616,2024-01-06,VGK,NYI,1,0.582087,0.417913,VGK,1
logistic_engineered,20222023,20232024,20232024,2023020617,2024-01-07,CHI,CGY,1,0.43144,0.56856,CGY,0
logistic_engineered,20222023,20232024,20232024,2023020618,2024-01-07,WSH,LAK,1,0.36406,0.63594,LAK,0
logistic_engineered,20222023,20232024,20232024,2023020619,2024-01-07,UTA,WPG,0,0.347009,0.652991,WPG,1
logistic_engineered,20222023,20232024,20232024,2023020620,2024-01-07,ANA,DET,0,0.426761,0.573239,DET,1
logistic_engineered,20222023,20232024,20232024,2023020621,2024-01-08,NYR,VAN,0,0.582464,0.417536,NYR,0
logistic_engineered,20222023,20232024,20232024,2023020622,2024-01-08,PHI,PIT,0,0.455726,0.544274,PIT,1
logistic_engineered,20222023,20232024,20232024,2023020623,2024-01-08,MIN,DAL,0,0.431105,0.568895,DAL,1
logistic_engineered,20222023,20232024,20232024,2023020624,2024-01-08,COL,BOS,1,0.536329,0.463671,COL,1
logistic_engineered,20222023,20232024,20232024,2023020625,2024-01-09,BUF,SEA,0,0.438121,0.561879,SEA,1
logistic_engineered,20222023,20232024,20232024,2023020626,2024-01-09,TBL,LAK,1,0.412507,0.587493,LAK,0
logistic_engineered,20222023,20232024,20232024,2023020627,2024-01-09,TOR,SJS,1,0.865747,0.134253,TOR,1
logistic_engineered,20222023,20232024,20232024,2023020628,2024-01-09,NYI,VAN,0,0.585902,0.414098,NYI,0
logistic_engineered,20222023,20232024,20232024,2023020629,2024-01-09,NSH,ANA,0,0.634491,0.365509,NSH,0
logistic_engineered,20222023,20232024,20232024,2023020630,2024-01-09,STL,FLA,0,0.364392,0.635608,FLA,1
logistic_engineered,20222023,20232024,20232024,2023020631,2024-01-09,WPG,CBJ,1,0.726475,0.273525,WPG,1
logistic_engineered,20222023,20232024,20232024,2023020632,2024-01-09,CHI,EDM,0,0.284296,0.715704,EDM,1
logistic_engineered,20222023,20232024,20232024,2023020633,2024-01-09,UTA,BOS,1,0.61771,0.38229,UTA,1
logistic_engineered,20222023,20232024,20232024,2023020634,2024-01-09,CGY,OTT,1,0.584925,0.415075,CGY,1
logistic_engineered,20222023,20232024,20232024,2023020635,2024-01-10,PHI,MTL,1,0.517425,0.482575,PHI,1
logistic_engineered,20222023,20232024,20232024,2023020636,2024-01-10,DAL,MIN,1,0.599176,0.400824,DAL,1
logistic_engineered,20222023,20232024,20232024,2023020637,2024-01-10,COL,VGK,1,0.531475,0.468525,COL,1
logistic_engineered,20222023,20232024,20232024,2023020638,2024-01-11,BUF,OTT,1,0.719877,0.280123,BUF,1
logistic_engineered,20222023,20232024,20232024,2023020639,2024-01-11,CAR,ANA,1,0.670781,0.329219,CAR,1
logistic_engineered,20222023,20232024,20232024,2023020640,2024-01-11,DET,EDM,0,0.377196,0.622804,EDM,1
logistic_engineered,20222023,20232024,20232024,2023020641,2024-01-11,FLA,LAK,1,0.550626,0.449374,FLA,1
logistic_engineered,20222023,20232024,20232024,2023020642,2024-01-11,MTL,SJS,0,0.556389,0.443611,MTL,0
logistic_engineered,20222023,20232024,20232024,2023020643,2024-01-11,PIT,VAN,0,0.303066,0.696934,VAN,1
logistic_engineered,20222023,20232024,20232024,2023020644,2024-01-11,TBL,NJD,1,0.519914,0.480086,TBL,1
logistic_engineered,20222023,20232024,20232024,2023020645,2024-01-11,WSH,SEA,0,0.41589,0.58411,SEA,1
logistic_engineered,20222023,20232024,20232024,2023020646,2024-01-11,NYI,TOR,1,0.428989,0.571011,TOR,0
logistic_engineered,20222023,20232024,20232024,2023020647,2024-01-11,STL,NYR,1,0.370526,0.629474,NYR,0
logistic_engineered,20222023,20232024,20232024,2023020648,2024-01-11,WPG,CHI,1,0.76648,0.23352,WPG,1
logistic_engineered,20222023,20232024,20232024,2023020649,2024-01-11,UTA,CGY,0,0.27195,0.72805,CGY,1
logistic_engineered,20222023,20232024,20232024,2023020650,2024-01-11,VGK,BOS,1,0.376901,0.623099,BOS,0
logistic_engineered,20222023,20232024,20232024,2023020651,2024-01-12,DAL,NSH,0,0.633073,0.366927,DAL,0
logistic_engineered,20222023,20232024,20232024,2023020652,2024-01-12,MIN,PHI,0,0.56265,0.43735,MIN,0
logistic_engineered,20222023,20232024,20232024,2023020653,2024-01-13,WSH,NYR,1,0.372981,0.627019,NYR,0
logistic_engineered,20222023,20232024,20232024,2023020654,2024-01-13,BUF,VAN,0,0.436265,0.563735,VAN,1
logistic_engineered,20222023,20232024,20232024,2023020655,2024-01-13,OTT,SJS,1,0.640138,0.359862,OTT,1
logistic_engineered,20222023,20232024,20232024,2023020656,2024-01-13,FLA,NJD,0,0.55726,0.44274,FLA,0
logistic_engineered,20222023,20232024,20232024,2023020657,2024-01-13,CAR,PIT,1,0.588145,0.411855,CAR,1
logistic_engineered,20222023,20232024,20232024,2023020658,2024-01-13,CBJ,SEA,0,0.338762,0.661238,SEA,1
logistic_engineered,20222023,20232024,20232024,2023020659,2024-01-13,DET,LAK,1,0.59304,0.40696,DET,1
logistic_engineered,20222023,20232024,20232024,2023020660,2024-01-13,MTL,EDM,0,0.358608,0.641392,EDM,1
logistic_engineered,20222023,20232024,20232024,2023020661,2024-01-13,TBL,ANA,1,0.708537,0.291463,TBL,1
logistic_engineered,20222023,20232024,20232024,2023020662,2024-01-13,TOR,COL,0,0.438606,0.561394,COL,1
logistic_engineered,20222023,20232024,20232024,2023020663,2024-01-13,WPG,PHI,0,0.740546,0.259454,WPG,0
logistic_engineered,20222023,20232024,20232024,2023020664,2024-01-13,CHI,DAL,0,0.537651,0.462349,CHI,0
logistic_engineered,20222023,20232024,20232024,2023020665,2024-01-13,MIN,UTA,0,0.307401,0.692599,UTA,1
logistic_engineered,20222023,20232024,20232024,2023020666,2024-01-13,NSH,NYI,1,0.415928,0.584072,NYI,0
logistic_engineered,20222023,20232024,20232024,2023020667,2024-01-13,STL,BOS,0,0.394088,0.605912,BOS,1
logistic_engineered,20222023,20232024,20232024,2023020668,2024-01-13,VGK,CGY,0,0.539504,0.460496,VGK,0
logistic_engineered,20222023,20232024,20232024,2023020669,2024-01-14,NYR,WSH,1,0.62879,0.37121,NYR,1
logistic_engineered,20222023,20232024,20232024,2023020670,2024-01-14,TOR,DET,0,0.596714,0.403286,TOR,0
logistic_engineered,20222023,20232024,20232024,2023020671,2024-01-15,BOS,NJD,1,0.529034,0.470966,BOS,1
logistic_engineered,20222023,20232024,20232024,2023020672,2024-01-15,BUF,SJS,1,0.659635,0.340365,BUF,1
logistic_engineered,20222023,20232024,20232024,2023020673,2024-01-15,CBJ,VAN,1,0.339696,0.660304,VAN,0
logistic_engineered,20222023,20232024,20232024,2023020674,2024-01-15,FLA,ANA,0,0.703899,0.296101,FLA,0
logistic_engineered,20222023,20232024,20232024,2023020675,2024-01-15,CAR,LAK,0,0.406308,0.593692,LAK,1
logistic_engineered,20222023,20232024,20232024,2023020676,2024-01-15,MIN,NYI,1,0.686037,0.313963,MIN,1
logistic_engineered,20222023,20232024,20232024,2023020677,2024-01-15,PIT,SEA,1,0.445255,0.554745,SEA,0
logistic_engineered,20222023,20232024,20232024,2023020678,2024-01-15,MTL,COL,1,0.317216,0.682784,COL,0
logistic_engineered,20222023,20232024,20232024,2023020679,2024-01-15,STL,PHI,0,0.515534,0.484466,STL,0
logistic_engineered,20222023,20232024,20232024,2023020680,2024-01-15,VGK,NSH,1,0.599313,0.400687,VGK,1
logistic_engineered,20222023,20232024,20232024,2023020681,2024-01-16,NYR,SEA,1,0.617701,0.382299,NYR,1
logistic_engineered,20222023,20232024,20232024,2023020682,2024-01-16,OTT,COL,0,0.462968,0.537032,COL,1
logistic_engineered,20222023,20232024,20232024,2023020683,2024-01-16,WSH,ANA,1,0.627086,0.372914,WSH,1
logistic_engineered,20222023,20232024,20232024,2023020684,2024-01-16,DAL,LAK,1,0.590232,0.409768,DAL,1
logistic_engineered,20222023,20232024,20232024,2023020685,2024-01-16,WPG,NYI,1,0.710156,0.289844,WPG,1
logistic_engineered,20222023,20232024,20232024,2023020686,2024-01-16,CHI,SJS,1,0.691825,0.308175,CHI,1
logistic_engineered,20222023,20232024,20232024,2023020687,2024-01-16,CGY,UTA,1,0.604909,0.395091,CGY,1
logistic_engineered,20222023,20232024,20232024,2023020688,2024-01-16,EDM,TOR,1,0.535577,0.464423,EDM,1
logistic_engineered,20222023,20232024,20232024,2023020689,2024-01-17,FLA,DET,0,0.622692,0.377308,FLA,0
logistic_engineered,20222023,20232024,20232024,2023020690,2024-01-17,NJD,MTL,0,0.641225,0.358775,NJD,0
logistic_engineered,20222023,20232024,20232024,2023020691,2024-01-18,BUF,CHI,1,0.637534,0.362466,BUF,1
logistic_engineered,20222023,20232024,20232024,2023020692,2024-01-18,BOS,COL,1,0.507517,0.492483,BOS,1
logistic_engineered,20222023,20232024,20232024,2023020693,2024-01-18,OTT,MTL,1,0.624239,0.375761,OTT,1
logistic_engineered,20222023,20232024,20232024,2023020694,2024-01-18,PHI,DAL,1,0.35456,0.64544,DAL,0
logistic_engineered,20222023,20232024,20232024,2023020695,2024-01-18,TBL,MIN,1,0.554804,0.445196,TBL,1
logistic_engineered,20222023,20232024,20232024,2023020696,2024-01-18,WSH,STL,1,0.486679,0.513321,STL,0
logistic_engineered,20222023,20232024,20232024,2023020697,2024-01-18,CGY,TOR,0,0.494356,0.505644,TOR,1
logistic_engineered,20222023,20232024,20232024,2023020698,2024-01-18,EDM,SEA,1,0.587729,0.412271,EDM,1
logistic_engineered,20222023,20232024,20232024,2023020699,2024-01-18,LAK,NSH,0,0.549021,0.450979,LAK,0
logistic_engineered,20222023,20232024,20232024,2023020700,2024-01-18,VAN,UTA,1,0.635424,0.364576,VAN,1
logistic_engineered,20222023,20232024,20232024,2023020701,2024-01-18,VGK,NYR,1,0.537799,0.462201,VGK,1
logistic_engineered,20222023,20232024,20232024,2023020702,2024-01-19,CAR,DET,1,0.616328,0.383672,CAR,1
logistic_engineered,20222023,20232024,20232024,2023020703,2024-01-19,CBJ,NJD,0,0.353087,0.646913,NJD,1
logistic_engineered,20222023,20232024,20232024,2023020704,2024-01-19,FLA,MIN,0,0.638311,0.361689,FLA,0
logistic_engineered,20222023,20232024,20232024,2023020705,2024-01-19,CHI,NYI,1,0.29,0.71,NYI,0
logistic_engineered,20222023,20232024,20232024,2023020706,2024-01-20,BUF,TBL,0,0.419273,0.580727,TBL,1
logistic_engineered,20222023,20232024,20232024,2023020707,2024-01-20,PHI,COL,0,0.234315,0.765685,COL,1
logistic_engineered,20222023,20232024,20232024,2023020708,2024-01-20,UTA,NSH,1,0.459531,0.540469,NSH,0
logistic_engineered,20222023,20232024,20232024,2023020709,2024-01-20,OTT,WPG,0,0.350586,0.649414,WPG,1
logistic_engineered,20222023,20232024,20232024,2023020710,2024-01-20,BOS,MTL,1,0.818967,0.181033,BOS,1
logistic_engineered,20222023,20232024,20232024,2023020711,2024-01-20,NJD,DAL,0,0.394111,0.605889,DAL,1
logistic_engineered,20222023,20232024,20232024,2023020712,2024-01-20,VAN,TOR,1,0.491406,0.508594,TOR,0
logistic_engineered,20222023,20232024,20232024,2023020713,2024-01-20,STL,WSH,1,0.543004,0.456996,STL,1
logistic_engineered,20222023,20232024,20232024,2023020714,2024-01-20,CGY,EDM,0,0.46932,0.53068,EDM,1
logistic_engineered,20222023,20232024,20232024,2023020715,2024-01-20,SJS,ANA,1,0.391652,0.608348,ANA,0
logistic_engineered,20222023,20232024,20232024,2023020716,2024-01-20,VGK,PIT,1,0.556155,0.443845,VGK,1
logistic_engineered,20222023,20232024,20232024,2023020717,2024-01-20,LAK,NYR,1,0.482954,0.517046,NYR,0
logistic_engineered,20222023,20232024,20232024,2023020718,2024-01-21,PHI,OTT,0,0.521225,0.478775,PHI,0
logistic_engineered,20222023,20232024,20232024,2023020719,2024-01-21,CAR,MIN,0,0.579367,0.420633,CAR,0
logistic_engineered,20222023,20232024,20232024,2023020720,2024-01-21,DET,TBL,1,0.479707,0.520293,TBL,0
logistic_engineered,20222023,20232024,20232024,2023020721,2024-01-21,NYI,DAL,1,0.466345,0.533655,DAL,0
logistic_engineered,20222023,20232024,20232024,2023020722,2024-01-21,ANA,NYR,0,0.316322,0.683678,NYR,1
logistic_engineered,20222023,20232024,20232024,2023020723,2024-01-21,SEA,TOR,0,0.543444,0.456556,SEA,0
logistic_engineered,20222023,20232024,20232024,2023020724,2024-01-22,BOS,WPG,1,0.523971,0.476029,BOS,1
logistic_engineered,20222023,20232024,20232024,2023020725,2024-01-22,NJD,VGK,1,0.47195,0.52805,VGK,0
logistic_engineered,20222023,20232024,20232024,2023020726,2024-01-22,NSH,FLA,0,0.464205,0.535795,FLA,1
logistic_engineered,20222023,20232024,20232024,2023020727,2024-01-22,UTA,PIT,1,0.458744,0.541256,PIT,0
logistic_engineered,20222023,20232024,20232024,2023020728,2024-01-22,VAN,CHI,1,0.710298,0.289702,VAN,1
logistic_engineered,20222023,20232024,20232024,2023020729,2024-01-22,LAK,SJS,0,0.703618,0.296382,LAK,0
logistic_engineered,20222023,20232024,20232024,2023020730,2024-01-23,DET,DAL,0,0.21254,0.78746,DAL,1
logistic_engineered,20222023,20232024,20232024,2023020731,2024-01-23,MTL,OTT,0,0.458042,0.541958,OTT,1
logistic_engineered,20222023,20232024,20232024,2023020732,2024-01-23,PHI,TBL,0,0.415192,0.584808,TBL,1
logistic_engineered,20222023,20232024,20232024,2023020733,2024-01-23,NYI,VGK,0,0.524378,0.475622,NYI,0
logistic_engineered,20222023,20232024,20232024,2023020734,2024-01-23,MIN,WSH,1,0.572496,0.427504,MIN,1
logistic_engineered,20222023,20232024,20232024,2023020735,2024-01-23,CGY,STL,0,0.605535,0.394465,CGY,0
logistic_engineered,20222023,20232024,20232024,2023020736,2024-01-23,EDM,CBJ,1,0.740874,0.259126,EDM,1
logistic_engineered,20222023,20232024,20232024,2023020737,2024-01-23,ANA,BUF,1,0.456423,0.543577,BUF,0
logistic_engineered,20222023,20232024,20232024,2023020738,2024-01-23,SJS,NYR,1,0.223357,0.776643,NYR,0
logistic_engineered,20222023,20232024,20232024,2023020739,2024-01-24,FLA,UTA,1,0.633252,0.366748,FLA,1
logistic_engineered,20222023,20232024,20232024,2023020740,2024-01-24,TOR,WPG,1,0.471949,0.528051,WPG,0
logistic_engineered,20222023,20232024,20232024,2023020741,2024-01-24,BOS,CAR,0,0.57138,0.42862,BOS,0
logistic_engineered,20222023,20232024,20232024,2023020742,2024-01-24,COL,WSH,1,0.748114,0.251886,COL,1
logistic_engineered,20222023,20232024,20232024,2023020743,2024-01-24,SEA,CHI,1,0.686439,0.313561,SEA,1
logistic_engineered,20222023,20232024,20232024,2023020744,2024-01-24,VAN,STL,0,0.702938,0.297062,VAN,0
logistic_engineered,20222023,20232024,20232024,2023020745,2024-01-24,LAK,BUF,0,0.646953,0.353047,LAK,0
logistic_engineered,20222023,20232024,20232024,2023020746,2024-01-25,CAR,NJD,1,0.630472,0.369528,CAR,1
logistic_engineered,20222023,20232024,20232024,2023020747,2024-01-25,DET,PHI,1,0.527228,0.472772,DET,1
logistic_engineered,20222023,20232024,20232024,2023020748,2024-01-25,MTL,NYI,1,0.414491,0.585509,NYI,0
logistic_engineered,20222023,20232024,20232024,2023020749,2024-01-25,OTT,BOS,0,0.458355,0.541645,BOS,1
logistic_engineered,20222023,20232024,20232024,2023020750,2024-01-25,TBL,UTA,1,0.7268,0.2732,TBL,1
logistic_engineered,20222023,20232024,20232024,2023020751,2024-01-25,DAL,ANA,1,0.70243,0.29757,DAL,1
logistic_engineered,20222023,20232024,20232024,2023020752,2024-01-25,MIN,NSH,0,0.58011,0.41989,MIN,0
logistic_engineered,20222023,20232024,20232024,2023020753,2024-01-25,CGY,CBJ,0,0.6582,0.3418,CGY,0
logistic_engineered,20222023,20232024,20232024,2023020754,2024-01-25,EDM,CHI,1,0.826346,0.173654,EDM,1
logistic_engineered,20222023,20232024,20232024,2023020755,2024-01-26,NYR,VGK,0,0.447746,0.552254,VGK,1
logistic_engineered,20222023,20232024,20232024,2023020756,2024-01-26,PIT,FLA,0,0.415376,0.584624,FLA,1
logistic_engineered,20222023,20232024,20232024,2023020757,2024-01-26,COL,LAK,1,0.752233,0.247767,COL,1
logistic_engineered,20222023,20232024,20232024,2023020758,2024-01-26,SEA,STL,0,0.596493,0.403507,SEA,0
logistic_engineered,20222023,20232024,20232024,2023020759,2024-01-27,PHI,BOS,0,0.18992,0.81008,BOS,1
logistic_engineered,20222023,20232024,20232024,2023020760,2024-01-27,DAL,WSH,1,0.669262,0.330738,DAL,1
logistic_engineered,20222023,20232024,20232024,2023020761,2024-01-27,EDM,NSH,1,0.654644,0.345356,EDM,1
logistic_engineered,20222023,20232024,20232024,2023020762,2024-01-27,SJS,BUF,0,0.444524,0.555476,BUF,1
logistic_engineered,20222023,20232024,20232024,2023020763,2024-01-27,CAR,UTA,1,0.657448,0.342552,CAR,1
logistic_engineered,20222023,20232024,20232024,2023020764,2024-01-27,DET,VGK,1,0.467983,0.532017,VGK,0
logistic_engineered,20222023,20232024,20232024,2023020765,2024-01-27,OTT,NYR,0,0.306282,0.693718,NYR,1
logistic_engineered,20222023,20232024,20232024,2023020766,2024-01-27,PIT,MTL,1,0.509833,0.490167,PIT,1
logistic_engineered,20222023,20232024,20232024,2023020767,2024-01-27,TBL,NJD,1,0.550977,0.449023,TBL,1
logistic_engineered,20222023,20232024,20232024,2023020768,2024-01-27,WPG,TOR,0,0.519243,0.480757,WPG,0
logistic_engineered,20222023,20232024,20232024,2023020769,2024-01-27,NYI,FLA,0,0.473425,0.526575,FLA,1
logistic_engineered,20222023,20232024,20232024,2023020770,2024-01-27,MIN,ANA,0,0.645736,0.354264,MIN,0
logistic_engineered,20222023,20232024,20232024,2023020771,2024-01-27,CGY,CHI,1,0.680499,0.319501,CGY,1
logistic_engineered,20222023,20232024,20232024,2023020772,2024-01-27,VAN,CBJ,1,0.670557,0.329443,VAN,1
logistic_engineered,20222023,20232024,20232024,2023020773,2024-01-28,STL,LAK,1,0.447867,0.552133,LAK,0
logistic_engineered,20222023,20232024,20232024,2023020774,2024-01-28,SEA,CBJ,1,0.72381,0.27619,SEA,1
logistic_engineered,20222023,20232024,20232024,2023020775,2024-01-29,OTT,NSH,1,0.280943,0.719057,NSH,0
logistic_engineered,20222023,20232024,20232024,2023020776,2024-01-30,STL,CBJ,0,0.627202,0.372798,STL,0
logistic_engineered,20222023,20232024,20232024,2023020777,2024-01-30,SJS,SEA,1,0.331045,0.668955,SEA,0
logistic_engineered,20222023,20232024,20232024,2023020778,2024-01-31,DET,OTT,0,0.543248,0.456752,DET,0
logistic_engineered,20222023,20232024,20232024,2023020779,2024-01-31,NSH,LAK,0,0.439992,0.560008,LAK,1
logistic_engineered,20222023,20232024,20232024,2023020780,2024-01-31,ANA,SJS,1,0.692456,0.307544,ANA,1
logistic_engineered,20222023,20232024,20232024,2023020781,2024-02-05,NYR,COL,1,0.415184,0.584816,COL,0
logistic_engineered,20222023,20232024,20232024,2023020782,2024-02-05,TOR,NYI,0,0.573807,0.426193,TOR,0
logistic_engineered,20222023,20232024,20232024,2023020783,2024-02-06,BOS,CGY,0,0.63365,0.36635,BOS,0
logistic_engineered,20222023,20232024,20232024,2023020784,2024-02-06,BUF,DAL,0,0.369222,0.630778,DAL,1
logistic_engineered,20222023,20232024,20232024,2023020785,2024-02-06,CAR,VAN,0,0.566352,0.433648,CAR,0
logistic_engineered,20222023,20232024,20232024,2023020786,2024-02-06,FLA,PHI,0,0.648755,0.351245,FLA,0
logistic_engineered,20222023,20232024,20232024,2023020787,2024-02-06,NJD,COL,1,0.504958,0.495042,NJD,1
logistic_engineered,20222023,20232024,20232024,2023020788,2024-02-06,PIT,WPG,1,0.417493,0.582507,WPG,0
logistic_engineered,20222023,20232024,20232024,2023020789,2024-02-06,WSH,MTL,0,0.502754,0.497246,WSH,0
logistic_engineered,20222023,20232024,20232024,2023020790,2024-02-06,VGK,EDM,1,0.511668,0.488332,VGK,1
logistic_engineered,20222023,20232024,20232024,2023020791,2024-02-07,NYR,TBL,1,0.503515,0.496485,NYR,1
logistic_engineered,20222023,20232024,20232024,2023020792,2024-02-07,TOR,DAL,1,0.559695,0.440305,TOR,1
logistic_engineered,20222023,20232024,20232024,2023020793,2024-02-07,CHI,MIN,0,0.348481,0.651519,MIN,1
logistic_engineered,20222023,20232024,20232024,2023020794,2024-02-08,BOS,VAN,1,0.588682,0.411318,BOS,1
logistic_engineered,20222023,20232024,20232024,2023020795,2024-02-08,FLA,WSH,1,0.654568,0.345432,FLA,1
logistic_engineered,20222023,20232024,20232024,2023020796,2024-02-08,NJD,CGY,0,0.542096,0.457904,NJD,0
logistic_engineered,20222023,20232024,20232024,2023020797,2024-02-08,PHI,WPG,1,0.385314,0.614686,WPG,0
logistic_engineered,20222023,20232024,20232024,2023020798,2024-02-08,NYI,TBL,1,0.520122,0.479878,NYI,1
logistic_engineered,20222023,20232024,20232024,2023020799,2024-02-08,CAR,COL,1,0.322563,0.677437,COL,0
logistic_engineered,20222023,20232024,20232024,2023020800,2024-02-08,UTA,VGK,0,0.223121,0.776879,VGK,1
logistic_engineered,20222023,20232024,20232024,2023020801,2024-02-09,MIN,PIT,1,0.532422,0.467578,MIN,1
logistic_engineered,20222023,20232024,20232024,2023020802,2024-02-09,CHI,NYR,0,0.28294,0.71706,NYR,1
logistic_engineered,20222023,20232024,20232024,2023020803,2024-02-09,ANA,EDM,0,0.17904,0.82096,EDM,1
logistic_engineered,20222023,20232024,20232024,2023020804,2024-02-10,BUF,STL,0,0.532545,0.467455,BUF,0
logistic_engineered,20222023,20232024,20232024,2023020805,2024-02-10,DET,VAN,1,0.483387,0.516613,VAN,0
logistic_engineered,20222023,20232024,20232024,2023020806,2024-02-10,MTL,DAL,0,0.322657,0.677343,DAL,1
logistic_engineered,20222023,20232024,20232024,2023020807,2024-02-10,NYI,CGY,0,0.514433,0.485567,NYI,0
logistic_engineered,20222023,20232024,20232024,2023020808,2024-02-10,BOS,WSH,0,0.686679,0.313321,BOS,0
logistic_engineered,20222023,20232024,20232024,2023020809,2024-02-10,FLA,COL,1,0.501933,0.498067,FLA,1
logistic_engineered,20222023,20232024,20232024,2023020810,2024-02-10,CAR,NJD,1,0.565889,0.434111,CAR,1
logistic_engineered,20222023,20232024,20232024,2023020811,2024-02-10,CBJ,TBL,0,0.35645,0.64355,TBL,1
logistic_engineered,20222023,20232024,20232024,2023020812,2024-02-10,OTT,TOR,1,0.415722,0.584278,TOR,0
logistic_engineered,20222023,20232024,20232024,2023020813,2024-02-10,PHI,SEA,1,0.429511,0.570489,SEA,0
logistic_engineered,20222023,20232024,20232024,2023020814,2024-02-10,WPG,PIT,1,0.656669,0.343331,WPG,1
logistic_engineered,20222023,20232024,20232024,2023020815,2024-02-10,NSH,UTA,1,0.575478,0.424522,NSH,1
logistic_engineered,20222023,20232024,20232024,2023020816,2024-02-10,LAK,EDM,1,0.503408,0.496592,LAK,1
logistic_engineered,20222023,20232024,20232024,2023020817,2024-02-11,MTL,STL,0,0.45132,0.54868,STL,1
logistic_engineered,20222023,20232024,20232024,2023020818,2024-02-11,WSH,VAN,0,0.39224,0.60776,VAN,1
logistic_engineered,20222023,20232024,20232024,2023020819,2024-02-12,NJD,SEA,1,0.521375,0.478625,NJD,1
logistic_engineered,20222023,20232024,20232024,2023020820,2024-02-12,NYR,CGY,1,0.587003,0.412997,NYR,1
logistic_engineered,20222023,20232024,20232024,2023020821,2024-02-12,PHI,UTA,1,0.566324,0.433676,PHI,1
logistic_engineered,20222023,20232024,20232024,2023020822,2024-02-12,VGK,MIN,0,0.582744,0.417256,VGK,0
logistic_engineered,20222023,20232024,20232024,2023020823,2024-02-13,BOS,TBL,0,0.553109,0.446891,BOS,0
logistic_engineered,20222023,20232024,20232024,2023020824,2024-02-13,BUF,LAK,1,0.595454,0.404546,BUF,1
logistic_engineered,20222023,20232024,20232024,2023020825,2024-02-13,MTL,ANA,1,0.514958,0.485042,MTL,1
logistic_engineered,20222023,20232024,20232024,2023020826,2024-02-13,OTT,CBJ,1,0.77846,0.22154,OTT,1
logistic_engineered,20222023,20232024,20232024,2023020827,2024-02-13,TOR,STL,1,0.576159,0.423841,TOR,1
logistic_engineered,20222023,20232024,20232024,2023020828,2024-02-13,WSH,COL,0,0.403823,0.596177,COL,1
logistic_engineered,20222023,20232024,20232024,2023020829,2024-02-13,NYI,SEA,0,0.590014,0.409986,NYI,0
logistic_engineered,20222023,20232024,20232024,2023020830,2024-02-13,DAL,CAR,1,0.465665,0.534335,CAR,0
logistic_engineered,20222023,20232024,20232024,2023020831,2024-02-13,NSH,NJD,0,0.516997,0.483003,NSH,0
logistic_engineered,20222023,20232024,20232024,2023020832,2024-02-13,CHI,VAN,0,0.353938,0.646062,VAN,1
logistic_engineered,20222023,20232024,20232024,2023020833,2024-02-13,EDM,DET,1,0.777098,0.222902,EDM,1
logistic_engineered,20222023,20232024,20232024,2023020834,2024-02-14,PIT,FLA,0,0.413047,0.586953,FLA,1
logistic_engineered,20222023,20232024,20232024,2023020835,2024-02-14,WPG,SJS,1,0.702436,0.297564,WPG,1
logistic_engineered,20222023,20232024,20232024,2023020836,2024-02-14,UTA,MIN,0,0.236877,0.763123,MIN,1
logistic_engineered,20222023,20232024,20232024,2023020837,2024-02-15,BOS,SEA,0,0.585195,0.414805,BOS,0
logistic_engineered,20222023,20232024,20232024,2023020838,2024-02-15,BUF,FLA,0,0.507362,0.492638,BUF,0
logistic_engineered,20222023,20232024,20232024,2023020839,2024-02-15,NJD,LAK,0,0.518677,0.481323,NJD,0
logistic_engineered,20222023,20232024,20232024,2023020840,2024-02-15,NYR,MTL,1,0.689424,0.310576,NYR,1
logistic_engineered,20222023,20232024,20232024,2023020841,2024-02-15,OTT,ANA,0,0.7619,0.2381,OTT,0
logistic_engineered,20222023,20232024,20232024,2023020842,2024-02-15,TBL,COL,1,0.499992,0.500008,COL,0
logistic_engineered,20222023,20232024,20232024,2023020843,2024-02-15,TOR,PHI,1,0.592296,0.407704,TOR,1
logistic_engineered,20222023,20232024,20232024,2023020844,2024-02-15,STL,EDM,1,0.377802,0.622198,EDM,0
logistic_engineered,20222023,20232024,20232024,2023020845,2024-02-15,CHI,PIT,0,0.461872,0.538128,PIT,1
logistic_engineered,20222023,20232024,20232024,2023020846,2024-02-15,CGY,SJS,0,0.74892,0.25108,CGY,0
logistic_engineered,20222023,20232024,20232024,2023020847,2024-02-15,NSH,DAL,0,0.349723,0.650277,DAL,1
logistic_engineered,20222023,20232024,20232024,2023020848,2024-02-15,VAN,DET,1,0.586472,0.413528,VAN,1
logistic_engineered,20222023,20232024,20232024,2023020849,2024-02-16,UTA,CAR,0,0.237615,0.762385,CAR,1
logistic_engineered,20222023,20232024,20232024,2023020850,2024-02-17,DAL,EDM,0,0.491386,0.508614,EDM,1
logistic_engineered,20222023,20232024,20232024,2023020851,2024-02-17,CHI,OTT,1,0.396201,0.603799,OTT,0
logistic_engineered,20222023,20232024,20232024,2023020852,2024-02-17,CGY,DET,0,0.36794,0.63206,DET,1
logistic_engineered,20222023,20232024,20232024,2023020853,2024-02-17,BOS,LAK,0,0.542238,0.457762,BOS,0
logistic_engineered,20222023,20232024,20232024,2023020854,2024-02-17,MIN,BUF,0,0.581833,0.418167,MIN,0
logistic_engineered,20222023,20232024,20232024,2023020855,2024-02-17,STL,NSH,0,0.533942,0.466058,STL,0
logistic_engineered,20222023,20232024,20232024,2023020856,2024-02-17,TBL,FLA,0,0.294947,0.705053,FLA,1
logistic_engineered,20222023,20232024,20232024,2023020857,2024-02-17,MTL,WSH,0,0.484522,0.515478,WSH,1
logistic_engineered,20222023,20232024,20232024,2023020858,2024-02-17,TOR,ANA,1,0.80032,0.19968,TOR,1
logistic_engineered,20222023,20232024,20232024,2023020859,2024-02-17,NJD,PHI,1,0.581829,0.418171,NJD,1
logistic_engineered,20222023,20232024,20232024,2023020860,2024-02-17,VAN,WPG,0,0.472086,0.527914,WPG,1
logistic_engineered,20222023,20232024,20232024,2023020861,2024-02-17,SJS,CBJ,0,0.453064,0.546936,CBJ,1
logistic_engineered,20222023,20232024,20232024,2023020862,2024-02-17,VGK,CAR,0,0.588342,0.411658,VGK,0
logistic_engineered,20222023,20232024,20232024,2023020863,2024-02-18,NYI,NYR,0,0.406396,0.593604,NYR,1
logistic_engineered,20222023,20232024,20232024,2023020864,2024-02-18,COL,UTA,1,0.7001,0.2999,COL,1
logistic_engineered,20222023,20232024,20232024,2023020865,2024-02-18,PIT,LAK,0,0.515805,0.484195,PIT,0
logistic_engineered,20222023,20232024,20232024,2023020866,2024-02-19,BUF,ANA,0,0.595948,0.404052,BUF,0
logistic_engineered,20222023,20232024,20232024,2023020867,2024-02-19,BOS,DAL,1,0.513364,0.486636,BOS,1
logistic_engineered,20222023,20232024,20232024,2023020868,2024-02-19,STL,TOR,0,0.402332,0.597668,TOR,1
logistic_engineered,20222023,20232024,20232024,2023020869,2024-02-19,MIN,VAN,1,0.336273,0.663727,VAN,0
logistic_engineered,20222023,20232024,20232024,2023020870,2024-02-19,SEA,DET,0,0.568523,0.431477,SEA,0
logistic_engineered,20222023,20232024,20232024,2023020871,2024-02-19,UTA,EDM,0,0.246888,0.753112,EDM,1
logistic_engineered,20222023,20232024,20232024,2023020872,2024-02-19,CGY,WPG,1,0.418166,0.581834,WPG,0
logistic_engineered,20222023,20232024,20232024,2023020873,2024-02-19,SJS,VGK,0,0.324933,0.675067,VGK,1
logistic_engineered,20222023,20232024,20232024,2023020874,2024-02-19,CAR,CHI,1,0.740733,0.259267,CAR,1
logistic_engineered,20222023,20232024,20232024,2023020875,2024-02-19,TBL,OTT,0,0.617189,0.382811,TBL,0
logistic_engineered,20222023,20232024,20232024,2023020876,2024-02-20,FLA,OTT,1,0.727832,0.272168,FLA,1
logistic_engineered,20222023,20232024,20232024,2023020877,2024-02-20,NYR,DAL,1,0.622025,0.377975,NYR,1
logistic_engineered,20222023,20232024,20232024,2023020878,2024-02-20,PIT,NYI,0,0.480072,0.519928,NYI,1
logistic_engineered,20222023,20232024,20232024,2023020879,2024-02-20,WSH,NJD,1,0.401557,0.598443,NJD,0
logistic_engineered,20222023,20232024,20232024,2023020880,2024-02-20,WPG,MIN,1,0.50586,0.49414,WPG,1
logistic_engineered,20222023,20232024,20232024,2023020881,2024-02-20,COL,VAN,1,0.675863,0.324137,COL,1
logistic_engineered,20222023,20232024,20232024,2023020882,2024-02-20,VGK,NSH,0,0.533976,0.466024,VGK,0
logistic_engineered,20222023,20232024,20232024,2023020883,2024-02-20,LAK,CBJ,1,0.653385,0.346615,LAK,1
logistic_engineered,20222023,20232024,20232024,2023020884,2024-02-21,MTL,BUF,0,0.452121,0.547879,BUF,1
logistic_engineered,20222023,20232024,20232024,2023020885,2024-02-21,CHI,PHI,0,0.414787,0.585213,PHI,1
logistic_engineered,20222023,20232024,20232024,2023020886,2024-02-21,ANA,CBJ,0,0.759475,0.240525,ANA,0
logistic_engineered,20222023,20232024,20232024,2023020887,2024-02-21,UTA,TOR,0,0.319044,0.680956,TOR,1
logistic_engineered,20222023,20232024,20232024,2023020888,2024-02-21,EDM,BOS,0,0.527981,0.472019,EDM,0
logistic_engineered,20222023,20232024,20232024,2023020889,2024-02-22,CAR,FLA,1,0.478299,0.521701,FLA,0
logistic_engineered,20222023,20232024,20232024,2023020890,2024-02-22,DET,COL,1,0.414626,0.585374,COL,0
logistic_engineered,20222023,20232024,20232024,2023020891,2024-02-22,NJD,NYR,0,0.421592,0.578408,NYR,1
logistic_engineered,20222023,20232024,20232024,2023020892,2024-02-22,OTT,DAL,1,0.555085,0.444915,OTT,1
logistic_engineered,20222023,20232024,20232024,2023020893,2024-02-22,PIT,MTL,1,0.669053,0.330947,PIT,1
logistic_engineered,20222023,20232024,20232024,2023020894,2024-02-22,TBL,WSH,0,0.608438,0.391562,TBL,0
logistic_engineered,20222023,20232024,20232024,2023020895,2024-02-22,STL,NYI,1,0.51154,0.48846,STL,1
logistic_engineered,20222023,20232024,20232024,2023020896,2024-02-22,CGY,BOS,1,0.496338,0.503662,BOS,0
logistic_engineered,20222023,20232024,20232024,2023020897,2024-02-22,SEA,VAN,1,0.54321,0.45679,SEA,1
logistic_engineered,20222023,20232024,20232024,2023020898,2024-02-22,VGK,TOR,0,0.400039,0.599961,TOR,1
logistic_engineered,20222023,20232024,20232024,2023020899,2024-02-22,LAK,NSH,0,0.555673,0.444327,LAK,0
logistic_engineered,20222023,20232024,20232024,2023020900,2024-02-23,CBJ,BUF,0,0.409968,0.590032,BUF,1
logistic_engineered,20222023,20232024,20232024,2023020901,2024-02-23,CHI,WPG,0,0.295064,0.704936,WPG,1
logistic_engineered,20222023,20232024,20232024,2023020902,2024-02-23,EDM,MIN,0,0.577453,0.422547,EDM,0
logistic_engineered,20222023,20232024,20232024,2023020903,2024-02-24,NJD,MTL,1,0.639343,0.360657,NJD,1
logistic_engineered,20222023,20232024,20232024,2023020904,2024-02-24,NYI,TBL,0,0.472164,0.527836,TBL,1
logistic_engineered,20222023,20232024,20232024,2023020905,2024-02-24,PHI,NYR,0,0.34065,0.65935,NYR,1
logistic_engineered,20222023,20232024,20232024,2023020906,2024-02-24,FLA,WSH,1,0.637,0.363,FLA,1
logistic_engineered,20222023,20232024,20232024,2023020907,2024-02-24,CAR,DAL,0,0.57146,0.42854,CAR,0
logistic_engineered,20222023,20232024,20232024,2023020908,2024-02-24,COL,TOR,0,0.519038,0.480962,COL,0
logistic_engineered,20222023,20232024,20232024,2023020909,2024-02-24,DET,STL,1,0.68024,0.31976,DET,1
logistic_engineered,20222023,20232024,20232024,2023020910,2024-02-24,OTT,VGK,1,0.406195,0.593805,VGK,0
logistic_engineered,20222023,20232024,20232024,2023020911,2024-02-24,VAN,BOS,1,0.42604,0.57396,BOS,0
logistic_engineered,20222023,20232024,20232024,2023020912,2024-02-24,EDM,CGY,0,0.508679,0.491321,EDM,0
logistic_engineered,20222023,20232024,20232024,2023020913,2024-02-24,SEA,MIN,0,0.347478,0.652522,MIN,1
logistic_engineered,20222023,20232024,20232024,2023020914,2024-02-24,SJS,NSH,0,0.379056,0.620944,NSH,1
logistic_engineered,20222023,20232024,20232024,2023020915,2024-02-24,LAK,ANA,1,0.639013,0.360987,LAK,1
logistic_engineered,20222023,20232024,20232024,2023020916,2024-02-25,NJD,TBL,0,0.530762,0.469238,NJD,0
logistic_engineered,20222023,20232024,20232024,2023020917,2024-02-25,PIT,PHI,1,0.633405,0.366595,PIT,1
logistic_engineered,20222023,20232024,20232024,2023020918,2024-02-25,BUF,CAR,1,0.470232,0.529768,CAR,0
logistic_engineered,20222023,20232024,20232024,2023020919,2024-02-25,CBJ,NYR,1,0.34957,0.65043,NYR,0
logistic_engineered,20222023,20232024,20232024,2023020920,2024-02-25,CHI,DET,0,0.456383,0.543617,DET,1
logistic_engineered,20222023,20232024,20232024,2023020921,2024-02-25,WPG,UTA,1,0.703936,0.296064,WPG,1
logistic_engineered,20222023,20232024,20232024,2023020922,2024-02-25,ANA,NSH,0,0.37506,0.62494,NSH,1
logistic_engineered,20222023,20232024,20232024,2023020923,2024-02-26,WSH,OTT,1,0.654499,0.345501,WSH,1
logistic_engineered,20222023,20232024,20232024,2023020924,2024-02-26,DAL,NYI,0,0.588719,0.411281,DAL,0
logistic_engineered,20222023,20232024,20232024,2023020925,2024-02-26,EDM,LAK,1,0.529072,0.470928,EDM,1
logistic_engineered,20222023,20232024,20232024,2023020926,2024-02-26,SEA,BOS,1,0.446022,0.553978,BOS,0
logistic_engineered,20222023,20232024,20232024,2023020927,2024-02-27,DET,WSH,1,0.645443,0.354557,DET,1
logistic_engineered,20222023,20232024,20232024,2023020928,2024-02-27,FLA,BUF,1,0.598842,0.401158,FLA,1
logistic_engineered,20222023,20232024,20232024,2023020929,2024-02-27,MTL,UTA,1,0.588522,0.411478,MTL,1
logistic_engineered,20222023,20232024,20232024,2023020930,2024-02-27,PHI,TBL,1,0.41219,0.58781,TBL,0
logistic_engineered,20222023,20232024,20232024,2023020931,2024-02-27,TOR,VGK,0,0.507268,0.492732,TOR,0
logistic_engineered,20222023,20232024,20232024,2023020932,2024-02-27,MIN,CAR,0,0.482901,0.517099,CAR,1
logistic_engineered,20222023,20232024,20232024,2023020933,2024-02-27,NSH,OTT,1,0.659277,0.340723,NSH,1
logistic_engineered,20222023,20232024,20232024,2023020934,2024-02-27,WPG,STL,1,0.659366,0.340634,WPG,1
logistic_engineered,20222023,20232024,20232024,2023020935,2024-02-27,CGY,LAK,1,0.553368,0.446632,CGY,1
logistic_engineered,20222023,20232024,20232024,2023020936,2024-02-27,COL,DAL,1,0.637646,0.362354,COL,1
logistic_engineered,20222023,20232024,20232024,2023020937,2024-02-27,VAN,PIT,0,0.523382,0.476618,VAN,0
logistic_engineered,20222023,20232024,20232024,2023020938,2024-02-27,SJS,NJD,0,0.180026,0.819974,NJD,1
logistic_engineered,20222023,20232024,20232024,2023020939,2024-02-28,NYR,CBJ,1,0.705766,0.294234,NYR,1
logistic_engineered,20222023,20232024,20232024,2023020940,2024-02-28,EDM,STL,1,0.733099,0.266901,EDM,1
logistic_engineered,20222023,20232024,20232024,2023020941,2024-02-29,BOS,VGK,1,0.505872,0.494128,BOS,1
logistic_engineered,20222023,20232024,20232024,2023020942,2024-02-29,CBJ,CAR,0,0.240584,0.759416,CAR,1
logistic_engineered,20222023,20232024,20232024,2023020943,2024-02-29,DET,NYI,0,0.499651,0.500349,NYI,1
logistic_engineered,20222023,20232024,20232024,2023020944,2024-02-29,FLA,MTL,1,0.701174,0.298826,FLA,1
logistic_engineered,20222023,20232024,20232024,2023020945,2024-02-29,TBL,BUF,0,0.591854,0.408146,TBL,0
logistic_engineered,20222023,20232024,20232024,2023020946,2024-02-29,TOR,UTA,1,0.713761,0.286239,TOR,1
logistic_engineered,20222023,20232024,20232024,2023020947,2024-02-29,DAL,WPG,1,0.473197,0.526803,WPG,0
logistic_engineered,20222023,20232024,20232024,2023020948,2024-02-29,NSH,MIN,1,0.469013,0.530987,MIN,0
logistic_engineered,20222023,20232024,20232024,2023020949,2024-02-29,CHI,COL,0,0.311023,0.688977,COL,1
logistic_engineered,20222023,20232024,20232024,2023020950,2024-02-29,SEA,PIT,1,0.534111,0.465889,SEA,1
logistic_engineered,20222023,20232024,20232024,2023020951,2024-02-29,VAN,LAK,0,0.462214,0.537786,LAK,1
logistic_engineered,20222023,20232024,20232024,2023020952,2024-02-29,SJS,ANA,0,0.415481,0.584519,ANA,1
logistic_engineered,20222023,20232024,20232024,2023020953,2024-03-01,OTT,UTA,0,0.691544,0.308456,OTT,0
logistic_engineered,20222023,20232024,20232024,2023020954,2024-03-01,WSH,PHI,1,0.52337,0.47663,WSH,1
logistic_engineered,20222023,20232024,20232024,2023020955,2024-03-01,ANA,NJD,1,0.447673,0.552327,NJD,0
logistic_engineered,20222023,20232024,20232024,2023020956,2024-03-02,CAR,WPG,0,0.504159,0.495841,CAR,0
logistic_engineered,20222023,20232024,20232024,2023020957,2024-03-02,NYI,BOS,1,0.448645,0.551355,BOS,0
logistic_engineered,20222023,20232024,20232024,2023020958,2024-03-02,SEA,EDM,0,0.437687,0.562313,EDM,1
logistic_engineered,20222023,20232024,20232024,2023020959,2024-03-02,NSH,COL,1,0.450875,0.549125,COL,0
logistic_engineered,20222023,20232024,20232024,2023020960,2024-03-02,BUF,VGK,1,0.418468,0.581532,VGK,0
logistic_engineered,20222023,20232024,20232024,2023020961,2024-03-02,DET,FLA,0,0.397017,0.602983,FLA,1
logistic_engineered,20222023,20232024,20232024,2023020962,2024-03-02,PHI,OTT,1,0.522078,0.477922,PHI,1
logistic_engineered,20222023,20232024,20232024,2023020963,2024-03-02,TBL,MTL,1,0.661693,0.338307,TBL,1
logistic_engineered,20222023,20232024,20232024,2023020964,2024-03-02,TOR,NYR,1,0.533152,0.466848,TOR,1
logistic_engineered,20222023,20232024,20232024,2023020965,2024-03-02,CHI,CBJ,0,0.481357,0.518643,CBJ,1
logistic_engineered,20222023,20232024,20232024,2023020966,2024-03-02,DAL,SJS,1,0.732823,0.267177,DAL,1
logistic_engineered,20222023,20232024,20232024,2023020967,2024-03-02,STL,MIN,1,0.429066,0.570934,MIN,0
logistic_engineered,20222023,20232024,20232024,2023020968,2024-03-02,CGY,PIT,1,0.497436,0.502564,PIT,0
logistic_engineered,20222023,20232024,20232024,2023020969,2024-03-03,WSH,UTA,0,0.601724,0.398276,WSH,0
logistic_engineered,20222023,20232024,20232024,2023020970,2024-03-03,LAK,NJD,1,0.667669,0.332331,LAK,1
logistic_engineered,20222023,20232024,20232024,2023020971,2024-03-03,BUF,WPG,0,0.390701,0.609299,WPG,1
logistic_engineered,20222023,20232024,20232024,2023020972,2024-03-03,MIN,SJS,1,0.683868,0.316132,MIN,1
logistic_engineered,20222023,20232024,20232024,2023020973,2024-03-03,ANA,VAN,0,0.430194,0.569806,VAN,1
logistic_engineered,20222023,20232024,20232024,2023020974,2024-03-03,EDM,PIT,1,0.600331,0.399669,EDM,1
logistic_engineered,20222023,20232024,20232024,2023020975,2024-03-04,CBJ,VGK,1,0.358937,0.641063,VGK,0
logistic_engineered,20222023,20232024,20232024,2023020976,2024-03-04,NYR,FLA,0,0.498695,0.501305,FLA,1
logistic_engineered,20222023,20232024,20232024,2023020977,2024-03-04,PHI,STL,0,0.532139,0.467861,PHI,0
logistic_engineered,20222023,20232024,20232024,2023020978,2024-03-04,TOR,BOS,0,0.536681,0.463319,TOR,0
logistic_engineered,20222023,20232024,20232024,2023020979,2024-03-04,COL,CHI,1,0.754391,0.245609,COL,1
logistic_engineered,20222023,20232024,20232024,2023020980,2024-03-04,CGY,SEA,0,0.52563,0.47437,CGY,0
logistic_engineered,20222023,20232024,20232024,2023020981,2024-03-05,BOS,EDM,0,0.391369,0.608631,EDM,1
logistic_engineered,20222023,20232024,20232024,2023020982,2024-03-05,NJD,FLA,0,0.494204,0.505796,FLA,1
logistic_engineered,20222023,20232024,20232024,2023020983,2024-03-05,PIT,CBJ,1,0.666923,0.333077,PIT,1
logistic_engineered,20222023,20232024,20232024,2023020984,2024-03-05,NYI,STL,1,0.67904,0.32096,NYI,1
logistic_engineered,20222023,20232024,20232024,2023020985,2024-03-05,NSH,MTL,0,0.647153,0.352847,NSH,0
logistic_engineered,20222023,20232024,20232024,2023020986,2024-03-05,WPG,SEA,0,0.676286,0.323714,WPG,0
logistic_engineered,20222023,20232024,20232024,2023020987,2024-03-05,UTA,CHI,0,0.707561,0.292439,UTA,0
logistic_engineered,20222023,20232024,20232024,2023020988,2024-03-05,LAK,VAN,0,0.574975,0.425025,LAK,0
logistic_engineered,20222023,20232024,20232024,2023020989,2024-03-05,SJS,DAL,0,0.278839,0.721161,DAL,1
logistic_engineered,20222023,20232024,20232024,2023020990,2024-03-06,TOR,BUF,1,0.602976,0.397024,TOR,1
logistic_engineered,20222023,20232024,20232024,2023020991,2024-03-06,COL,DET,1,0.780146,0.219854,COL,1
logistic_engineered,20222023,20232024,20232024,2023020992,2024-03-06,ANA,OTT,1,0.461114,0.538886,OTT,0
logistic_engineered,20222023,20232024,20232024,2023020993,2024-03-07,BOS,TOR,1,0.568945,0.431055,BOS,1
logistic_engineered,20222023,20232024,20232024,2023020994,2024-03-07,CAR,MTL,1,0.677068,0.322932,CAR,1
logistic_engineered,20222023,20232024,20232024,2023020995,2024-03-07,CBJ,EDM,1,0.30913,0.69087,EDM,0
logistic_engineered,20222023,20232024,20232024,2023020996,2024-03-07,FLA,PHI,0,0.671467,0.328533,FLA,0
logistic_engineered,20222023,20232024,20232024,2023020997,2024-03-07,NJD,STL,1,0.602593,0.397407,NJD,1
logistic_engineered,20222023,20232024,20232024,2023020998,2024-03-07,PIT,WSH,0,0.358882,0.641118,WSH,1
logistic_engineered,20222023,20232024,20232024,2023020999,2024-03-07,TBL,CGY,0,0.560655,0.439345,TBL,0
logistic_engineered,20222023,20232024,20232024,2023021000,2024-03-07,NSH,BUF,1,0.643349,0.356651,NSH,1
logistic_engineered,20222023,20232024,20232024,2023021001,2024-03-07,UTA,MIN,0,0.452381,0.547619,MIN,1
logistic_engineered,20222023,20232024,20232024,2023021002,2024-03-07,VGK,VAN,0,0.584787,0.415213,VGK,0
logistic_engineered,20222023,20232024,20232024,2023021003,2024-03-07,LAK,OTT,1,0.700001,0.299999,LAK,1
logistic_engineered,20222023,20232024,20232024,2023021004,2024-03-07,SJS,NYI,0,0.312059,0.687941,NYI,1
logistic_engineered,20222023,20232024,20232024,2023021005,2024-03-08,UTA,DET,1,0.377092,0.622908,DET,0
logistic_engineered,20222023,20232024,20232024,2023021006,2024-03-08,COL,MIN,1,0.66713,0.33287,COL,1
logistic_engineered,20222023,20232024,20232024,2023021007,2024-03-08,ANA,DAL,0,0.338166,0.661834,DAL,1
logistic_engineered,20222023,20232024,20232024,2023021008,2024-03-08,SEA,WPG,0,0.428078,0.571922,WPG,1
logistic_engineered,20222023,20232024,20232024,2023021009,2024-03-09,BUF,EDM,1,0.380091,0.619909,EDM,0
logistic_engineered,20222023,20232024,20232024,2023021010,2024-03-09,CBJ,NSH,0,0.588028,0.411972,CBJ,0
logistic_engineered,20222023,20232024,20232024,2023021011,2024-03-09,NJD,CAR,0,0.42711,0.57289,CAR,1
logistic_engineered,20222023,20232024,20232024,2023021012,2024-03-09,BOS,PIT,1,0.617753,0.382247,BOS,1
logistic_engineered,20222023,20232024,20232024,2023021013,2024-03-09,FLA,CGY,1,0.584716,0.415284,FLA,1
logistic_engineered,20222023,20232024,20232024,2023021014,2024-03-09,MTL,TOR,0,0.346338,0.653662,TOR,1
logistic_engineered,20222023,20232024,20232024,2023021015,2024-03-09,SJS,OTT,1,0.419656,0.580344,OTT,0
logistic_engineered,20222023,20232024,20232024,2023021016,2024-03-09,TBL,PHI,1,0.760902,0.239098,TBL,1
logistic_engineered,20222023,20232024,20232024,2023021017,2024-03-09,WSH,CHI,1,0.645999,0.354001,WSH,1
logistic_engineered,20222023,20232024,20232024,2023021018,2024-03-09,NYR,STL,1,0.682339,0.317661,NYR,1
logistic_engineered,20222023,20232024,20232024,2023021019,2024-03-09,VAN,WPG,1,0.29728,0.70272,WPG,0
logistic_engineered,20222023,20232024,20232024,2023021020,2024-03-09,VGK,DET,1,0.689209,0.310791,VGK,1
logistic_engineered,20222023,20232024,20232024,2023021021,2024-03-09,LAK,DAL,0,0.570617,0.429383,LAK,0
logistic_engineered,20222023,20232024,20232024,2023021022,2024-03-10,PIT,EDM,0,0.561817,0.438183,PIT,0
logistic_engineered,20222023,20232024,20232024,2023021023,2024-03-10,MIN,NSH,1,0.585105,0.414895,MIN,1
logistic_engineered,20222023,20232024,20232024,2023021024,2024-03-10,CAR,CGY,1,0.577651,0.422349,CAR,1
logistic_engineered,20222023,20232024,20232024,2023021025,2024-03-10,CHI,UTA,1,0.356051,0.643949,UTA,0
logistic_engineered,20222023,20232024,20232024,2023021026,2024-03-10,ANA,NYI,0,0.343365,0.656635,NYI,1
logistic_engineered,20222023,20232024,20232024,2023021027,2024-03-11,BOS,STL,0,0.671619,0.328381,BOS,0
logistic_engineered,20222023,20232024,20232024,2023021028,2024-03-11,NYR,NJD,1,0.577856,0.422144,NYR,1
logistic_engineered,20222023,20232024,20232024,2023021029,2024-03-11,WPG,WSH,1,0.629207,0.370793,WPG,1
logistic_engineered,20222023,20232024,20232024,2023021030,2024-03-11,LAK,NYI,1,0.576061,0.423939,LAK,1
logistic_engineered,20222023,20232024,20232024,2023021031,2024-03-12,BUF,DET,1,0.722209,0.277791,BUF,1
logistic_engineered,20222023,20232024,20232024,2023021032,2024-03-12,CAR,NYR,0,0.635542,0.364458,CAR,0
logistic_engineered,20222023,20232024,20232024,2023021033,2024-03-12,MTL,CBJ,1,0.678056,0.321944,MTL,1
logistic_engineered,20222023,20232024,20232024,2023021034,2024-03-12,OTT,PIT,1,0.543542,0.456458,OTT,1
logistic_engineered,20222023,20232024,20232024,2023021035,2024-03-12,PHI,SJS,1,0.623038,0.376962,PHI,1
logistic_engineered,20222023,20232024,20232024,2023021036,2024-03-12,DAL,FLA,0,0.504382,0.495618,DAL,0
logistic_engineered,20222023,20232024,20232024,2023021037,2024-03-12,MIN,UTA,1,0.638896,0.361104,MIN,1
logistic_engineered,20222023,20232024,20232024,2023021038,2024-03-12,CHI,ANA,1,0.679585,0.320415,CHI,1
logistic_engineered,20222023,20232024,20232024,2023021039,2024-03-12,CGY,COL,0,0.238879,0.761121,COL,1
logistic_engineered,20222023,20232024,20232024,2023021040,2024-03-12,SEA,VGK,0,0.468757,0.531243,VGK,1
logistic_engineered,20222023,20232024,20232024,2023021041,2024-03-13,STL,LAK,1,0.385964,0.614036,LAK,0
logistic_engineered,20222023,20232024,20232024,2023021042,2024-03-13,WPG,NSH,0,0.585951,0.414049,WPG,0
logistic_engineered,20222023,20232024,20232024,2023021043,2024-03-13,EDM,WSH,1,0.634567,0.365433,EDM,1
logistic_engineered,20222023,20232024,20232024,2023021044,2024-03-13,VAN,COL,0,0.498386,0.501614,COL,1
logistic_engineered,20222023,20232024,20232024,2023021045,2024-03-14,BUF,NYI,1,0.463762,0.536238,NYI,0
logistic_engineered,20222023,20232024,20232024,2023021046,2024-03-14,CAR,FLA,1,0.480819,0.519181,FLA,0
logistic_engineered,20222023,20232024,20232024,2023021047,2024-03-14,CBJ,OTT,0,0.479049,0.520951,OTT,1
logistic_engineered,20222023,20232024,20232024,2023021048,2024-03-14,DET,UTA,0,0.572298,0.427702,DET,0
logistic_engineered,20222023,20232024,20232024,2023021049,2024-03-14,MTL,BOS,0,0.346525,0.653475,BOS,1
logistic_engineered,20222023,20232024,20232024,2023021050,2024-03-14,PHI,TOR,0,0.214393,0.785607,TOR,1
logistic_engineered,20222023,20232024,20232024,2023021051,2024-03-14,PIT,SJS,1,0.64665,0.35335,PIT,1
logistic_engineered,20222023,20232024,20232024,2023021052,2024-03-14,TBL,NYR,1,0.460756,0.539244,NYR,0
logistic_engineered,20222023,20232024,20232024,2023021053,2024-03-14,DAL,NJD,0,0.340235,0.659765,NJD,1
logistic_engineered,20222023,20232024,20232024,2023021054,2024-03-14,MIN,ANA,1,0.712096,0.287904,MIN,1
logistic_engineered,20222023,20232024,20232024,2023021055,2024-03-14,CGY,VGK,1,0.445843,0.554157,VGK,0
logistic_engineered,20222023,20232024,20232024,2023021056,2024-03-14,SEA,WSH,0,0.652719,0.347281,SEA,0
logistic_engineered,20222023,20232024,20232024,2023021057,2024-03-15,WPG,ANA,1,0.770129,0.229871,WPG,1
logistic_engineered,20222023,20232024,20232024,2023021058,2024-03-15,CHI,LAK,0,0.22127,0.77873,LAK,1
logistic_engineered,20222023,20232024,20232024,2023021059,2024-03-16,DET,BUF,1,0.447416,0.552584,BUF,0
logistic_engineered,20222023,20232024,20232024,2023021060,2024-03-16,NYI,OTT,0,0.611538,0.388462,NYI,0
logistic_engineered,20222023,20232024,20232024,2023021061,2024-03-16,PIT,NYR,0,0.223007,0.776993,NYR,1
logistic_engineered,20222023,20232024,20232024,2023021062,2024-03-16,UTA,NJD,1,0.577058,0.422942,UTA,1
logistic_engineered,20222023,20232024,20232024,2023021063,2024-03-16,FLA,TBL,0,0.528675,0.471325,FLA,0
logistic_engineered,20222023,20232024,20232024,2023021064,2024-03-16,BOS,PHI,1,0.647647,0.352353,BOS,1
logistic_engineered,20222023,20232024,20232024,2023021065,2024-03-16,CBJ,SJS,1,0.619108,0.380892,CBJ,1
logistic_engineered,20222023,20232024,20232024,2023021066,2024-03-16,CGY,MTL,1,0.630829,0.369171,CGY,1
logistic_engineered,20222023,20232024,20232024,2023021067,2024-03-16,TOR,CAR,0,0.434839,0.565161,CAR,1
logistic_engineered,20222023,20232024,20232024,2023021068,2024-03-16,DAL,LAK,1,0.572307,0.427693,DAL,1
logistic_engineered,20222023,20232024,20232024,2023021069,2024-03-16,STL,MIN,1,0.418416,0.581584,MIN,0
logistic_engineered,20222023,20232024,20232024,2023021070,2024-03-16,EDM,COL,0,0.439338,0.560662,COL,1
logistic_engineered,20222023,20232024,20232024,2023021071,2024-03-16,SEA,NSH,0,0.506531,0.493469,SEA,0
logistic_engineered,20222023,20232024,20232024,2023021072,2024-03-16,VAN,WSH,0,0.621531,0.378469,VAN,0
logistic_engineered,20222023,20232024,20232024,2023021073,2024-03-17,NYR,NYI,1,0.566739,0.433261,NYR,1
logistic_engineered,20222023,20232024,20232024,2023021074,2024-03-17,VGK,NJD,1,0.602006,0.397994,VGK,1
logistic_engineered,20222023,20232024,20232024,2023021075,2024-03-17,CBJ,WPG,0,0.242681,0.757319,WPG,1
logistic_engineered,20222023,20232024,20232024,2023021076,2024-03-17,CHI,SJS,1,0.697589,0.302411,CHI,1
logistic_engineered,20222023,20232024,20232024,2023021077,2024-03-17,OTT,CAR,0,0.372632,0.627368,CAR,1
logistic_engineered,20222023,20232024,20232024,2023021078,2024-03-17,PIT,DET,1,0.533761,0.466239,PIT,1
logistic_engineered,20222023,20232024,20232024,2023021079,2024-03-17,STL,ANA,1,0.528148,0.471852,STL,1
logistic_engineered,20222023,20232024,20232024,2023021080,2024-03-18,CGY,WSH,0,0.571946,0.428054,CGY,0
logistic_engineered,20222023,20232024,20232024,2023021081,2024-03-18,SEA,BUF,0,0.345598,0.654402,BUF,1
logistic_engineered,20222023,20232024,20232024,2023021082,2024-03-19,BOS,OTT,1,0.654447,0.345553,BOS,1
logistic_engineered,20222023,20232024,20232024,2023021083,2024-03-19,DET,CBJ,1,0.59797,0.40203,DET,1
logistic_engineered,20222023,20232024,20232024,2023021084,2024-03-19,NJD,PIT,1,0.548404,0.451596,NJD,1
logistic_engineered,20222023,20232024,20232024,2023021085,2024-03-19,NYR,WPG,0,0.513061,0.486939,NYR,0
logistic_engineered,20222023,20232024,20232024,2023021086,2024-03-19,PHI,TOR,1,0.375943,0.624057,TOR,0
logistic_engineered,20222023,20232024,20232024,2023021087,2024-03-19,NYI,CAR,0,0.408932,0.591068,CAR,1
logistic_engineered,20222023,20232024,20232024,2023021088,2024-03-19,NSH,SJS,1,0.711463,0.288537,NSH,1
logistic_engineered,20222023,20232024,20232024,2023021089,2024-03-19,STL,COL,0,0.363874,0.636126,COL,1
logistic_engineered,20222023,20232024,20232024,2023021090,2024-03-19,EDM,MTL,1,0.712102,0.287898,EDM,1
logistic_engineered,20222023,20232024,20232024,2023021091,2024-03-19,ANA,MIN,0,0.341127,0.658873,MIN,1
logistic_engineered,20222023,20232024,20232024,2023021092,2024-03-19,LAK,CHI,1,0.681981,0.318019,LAK,1
logistic_engineered,20222023,20232024,20232024,2023021093,2024-03-19,VAN,BUF,1,0.588668,0.411332,VAN,1
logistic_engineered,20222023,20232024,20232024,2023021094,2024-03-19,VGK,TBL,0,0.492973,0.507027,TBL,1
logistic_engineered,20222023,20232024,20232024,2023021095,2024-03-20,WSH,TOR,0,0.481209,0.518791,TOR,1
logistic_engineered,20222023,20232024,20232024,2023021096,2024-03-20,DAL,UTA,1,0.679512,0.320488,DAL,1
logistic_engineered,20222023,20232024,20232024,2023021097,2024-03-20,LAK,MIN,1,0.704347,0.295653,LAK,1
logistic_engineered,20222023,20232024,20232024,2023021098,2024-03-21,BOS,NYR,0,0.512853,0.487147,BOS,0
logistic_engineered,20222023,20232024,20232024,2023021099,2024-03-21,CAR,PHI,1,0.661685,0.338315,CAR,1
logistic_engineered,20222023,20232024,20232024,2023021100,2024-03-21,DET,NYI,1,0.451152,0.548848,NYI,0
logistic_engineered,20222023,20232024,20232024,2023021101,2024-03-21,FLA,NSH,0,0.520534,0.479466,FLA,0
logistic_engineered,20222023,20232024,20232024,2023021102,2024-03-21,NJD,WPG,1,0.422045,0.577955,WPG,0
logistic_engineered,20222023,20232024,20232024,2023021103,2024-03-21,OTT,STL,0,0.528349,0.471651,OTT,0
logistic_engineered,20222023,20232024,20232024,2023021104,2024-03-21,EDM,BUF,1,0.618484,0.381516,EDM,1
logistic_engineered,20222023,20232024,20232024,2023021105,2024-03-21,ANA,CHI,1,0.50317,0.49683,ANA,1
logistic_engineered,20222023,20232024,20232024,2023021106,2024-03-21,VAN,MTL,1,0.641943,0.358057,VAN,1
logistic_engineered,20222023,20232024,20232024,2023021107,2024-03-21,VGK,SEA,1,0.57994,0.42006,VGK,1
logistic_engineered,20222023,20232024,20232024,2023021108,2024-03-21,SJS,TBL,0,0.266003,0.733997,TBL,1
logistic_engineered,20222023,20232024,20232024,2023021109,2024-03-22,WSH,CAR,1,0.235602,0.764398,CAR,0
logistic_engineered,20222023,20232024,20232024,2023021110,2024-03-22,DAL,PIT,1,0.784321,0.215679,DAL,1
logistic_engineered,20222023,20232024,20232024,2023021111,2024-03-22,COL,CBJ,1,0.747942,0.252058,COL,1
logistic_engineered,20222023,20232024,20232024,2023021112,2024-03-22,UTA,SEA,1,0.520502,0.479498,UTA,1
logistic_engineered,20222023,20232024,20232024,2023021113,2024-03-23,NYI,WPG,1,0.570414,0.429586,NYI,1
logistic_engineered,20222023,20232024,20232024,2023021114,2024-03-23,PHI,BOS,1,0.384408,0.615592,BOS,0
logistic_engineered,20222023,20232024,20232024,2023021115,2024-03-23,MIN,STL,0,0.589425,0.410575,MIN,0
logistic_engineered,20222023,20232024,20232024,2023021116,2024-03-23,NSH,DET,1,0.599227,0.400773,NSH,1
logistic_engineered,20222023,20232024,20232024,2023021117,2024-03-23,NJD,OTT,0,0.618221,0.381779,NJD,0
logistic_engineered,20222023,20232024,20232024,2023021118,2024-03-23,TOR,EDM,1,0.478273,0.521727,EDM,0
logistic_engineered,20222023,20232024,20232024,2023021119,2024-03-23,NYR,FLA,1,0.552158,0.447842,NYR,1
logistic_engineered,20222023,20232024,20232024,2023021120,2024-03-23,VAN,CGY,1,0.538283,0.461717,VAN,1
logistic_engineered,20222023,20232024,20232024,2023021121,2024-03-23,LAK,TBL,1,0.534198,0.465802,LAK,1
logistic_engineered,20222023,20232024,20232024,2023021122,2024-03-23,SJS,CHI,0,0.440542,0.559458,CHI,1
logistic_engineered,20222023,20232024,20232024,2023021123,2024-03-23,VGK,CBJ,1,0.58008,0.41992,VGK,1
logistic_engineered,20222023,20232024,20232024,2023021124,2024-03-24,WSH,WPG,1,0.461891,0.538109,WPG,0
logistic_engineered,20222023,20232024,20232024,2023021125,2024-03-24,COL,PIT,1,0.813969,0.186031,COL,1
logistic_engineered,20222023,20232024,20232024,2023021126,2024-03-24,NYI,NJD,0,0.473206,0.526794,NJD,1
logistic_engineered,20222023,20232024,20232024,2023021127,2024-03-24,CAR,TOR,1,0.637834,0.362166,CAR,1
logistic_engineered,20222023,20232024,20232024,2023021128,2024-03-24,OTT,EDM,1,0.354057,0.645943,EDM,0
logistic_engineered,20222023,20232024,20232024,2023021129,2024-03-24,PHI,FLA,0,0.396636,0.603364,FLA,1
logistic_engineered,20222023,20232024,20232024,2023021130,2024-03-24,UTA,DAL,0,0.389592,0.610408,DAL,1
logistic_engineered,20222023,20232024,20232024,2023021131,2024-03-24,ANA,TBL,0,0.392002,0.607998,TBL,1
logistic_engineered,20222023,20232024,20232024,2023021132,2024-03-24,CGY,BUF,0,0.391305,0.608695,BUF,1
logistic_engineered,20222023,20232024,20232024,2023021133,2024-03-24,SEA,MTL,0,0.406251,0.593749,MTL,1
logistic_engineered,20222023,20232024,20232024,2023021134,2024-03-25,STL,VGK,0,0.430964,0.569036,VGK,1
logistic_engineered,20222023,20232024,20232024,2023021135,2024-03-25,VAN,LAK,0,0.438664,0.561336,LAK,1
logistic_engineered,20222023,20232024,20232024,2023021136,2024-03-26,FLA,BOS,0,0.487832,0.512168,BOS,1
logistic_engineered,20222023,20232024,20232024,2023021137,2024-03-26,NYR,PHI,1,0.72573,0.27427,NYR,1
logistic_engineered,20222023,20232024,20232024,2023021138,2024-03-26,PIT,CAR,1,0.36549,0.63451,CAR,0
logistic_engineered,20222023,20232024,20232024,2023021139,2024-03-26,TOR,NJD,0,0.534704,0.465296,TOR,0
logistic_engineered,20222023,20232024,20232024,2023021140,2024-03-26,WSH,DET,1,0.50538,0.49462,WSH,1
logistic_engineered,20222023,20232024,20232024,2023021141,2024-03-26,NSH,VGK,1,0.566241,0.433759,NSH,1
logistic_engineered,20222023,20232024,20232024,2023021142,2024-03-26,WPG,EDM,0,0.497111,0.502889,EDM,1
logistic_engineered,20222023,20232024,20232024,2023021143,2024-03-26,CHI,CGY,1,0.395564,0.604436,CGY,0
logistic_engineered,20222023,20232024,20232024,2023021144,2024-03-26,COL,MTL,0,0.738938,0.261062,COL,0
logistic_engineered,20222023,20232024,20232024,2023021145,2024-03-26,UTA,CBJ,1,0.627192,0.372808,UTA,1
logistic_engineered,20222023,20232024,20232024,2023021146,2024-03-26,SEA,ANA,1,0.648746,0.351254,SEA,1
logistic_engineered,20222023,20232024,20232024,2023021147,2024-03-26,SJS,DAL,0,0.253238,0.746762,DAL,1
logistic_engineered,20222023,20232024,20232024,2023021148,2024-03-27,BUF,OTT,0,0.363338,0.636662,OTT,1
logistic_engineered,20222023,20232024,20232024,2023021149,2024-03-27,TBL,BOS,1,0.588426,0.411574,TBL,1
logistic_engineered,20222023,20232024,20232024,2023021150,2024-03-28,CAR,DET,1,0.660939,0.339061,CAR,1
logistic_engineered,20222023,20232024,20232024,2023021151,2024-03-28,FLA,NYI,0,0.581745,0.418255,FLA,0
logistic_engineered,20222023,20232024,20232024,2023021152,2024-03-28,MTL,PHI,1,0.508875,0.491125,MTL,1
logistic_engineered,20222023,20232024,20232024,2023021153,2024-03-28,OTT,CHI,1,0.535064,0.464936,OTT,1
logistic_engineered,20222023,20232024,20232024,2023021154,2024-03-28,PIT,CBJ,1,0.648214,0.351786,PIT,1
logistic_engineered,20222023,20232024,20232024,2023021155,2024-03-28,TOR,WSH,1,0.605797,0.394203,TOR,1
logistic_engineered,20222023,20232024,20232024,2023021156,2024-03-28,MIN,SJS,1,0.724756,0.275244,MIN,1
logistic_engineered,20222023,20232024,20232024,2023021157,2024-03-28,STL,CGY,1,0.500288,0.499712,STL,1
logistic_engineered,20222023,20232024,20232024,2023021158,2024-03-28,WPG,VGK,0,0.519113,0.480887,WPG,0
logistic_engineered,20222023,20232024,20232024,2023021159,2024-03-28,COL,NYR,0,0.561641,0.438359,COL,0
logistic_engineered,20222023,20232024,20232024,2023021160,2024-03-28,EDM,LAK,1,0.514383,0.485617,EDM,1
logistic_engineered,20222023,20232024,20232024,2023021161,2024-03-28,UTA,NSH,1,0.580969,0.419031,UTA,1
logistic_engineered,20222023,20232024,20232024,2023021162,2024-03-28,SEA,ANA,1,0.635511,0.364489,SEA,1
logistic_engineered,20222023,20232024,20232024,2023021163,2024-03-28,VAN,DAL,0,0.39423,0.60577,DAL,1
logistic_engineered,20222023,20232024,20232024,2023021164,2024-03-29,BUF,NJD,1,0.426649,0.573351,NJD,0
logistic_engineered,20222023,20232024,20232024,2023021165,2024-03-30,FLA,DET,1,0.635943,0.364057,FLA,1
logistic_engineered,20222023,20232024,20232024,2023021166,2024-03-30,MIN,VGK,0,0.470952,0.529048,VGK,1
logistic_engineered,20222023,20232024,20232024,2023021167,2024-03-30,EDM,ANA,1,0.73397,0.26603,EDM,1
logistic_engineered,20222023,20232024,20232024,2023021168,2024-03-30,UTA,NYR,0,0.348843,0.651157,NYR,1
logistic_engineered,20222023,20232024,20232024,2023021169,2024-03-30,COL,NSH,1,0.395103,0.604897,NSH,0
logistic_engineered,20222023,20232024,20232024,2023021170,2024-03-30,BUF,TOR,0,0.328446,0.671554,TOR,1
logistic_engineered,20222023,20232024,20232024,2023021171,2024-03-30,CBJ,PIT,1,0.462737,0.537263,PIT,0
logistic_engineered,20222023,20232024,20232024,2023021172,2024-03-30,MTL,CAR,0,0.328622,0.671378,CAR,1
logistic_engineered,20222023,20232024,20232024,2023021173,2024-03-30,PHI,CHI,0,0.597706,0.402294,PHI,0
logistic_engineered,20222023,20232024,20232024,2023021174,2024-03-30,TBL,NYI,1,0.590163,0.409837,TBL,1
logistic_engineered,20222023,20232024,20232024,2023021175,2024-03-30,WPG,OTT,0,0.607656,0.392344,WPG,0
logistic_engineered,20222023,20232024,20232024,2023021176,2024-03-30,WSH,BOS,0,0.397772,0.602228,BOS,1
logistic_engineered,20222023,20232024,20232024,2023021177,2024-03-30,STL,SJS,0,0.686165,0.313835,STL,0
logistic_engineered,20222023,20232024,20232024,2023021178,2024-03-30,CGY,LAK,1,0.40708,0.59292,LAK,0
logistic_engineered,20222023,20232024,20232024,2023021179,2024-03-30,SEA,DAL,0,0.366203,0.633797,DAL,1
logistic_engineered,20222023,20232024,20232024,2023021180,2024-03-31,VAN,ANA,1,0.738017,0.261983,VAN,1
logistic_engineered,20222023,20232024,20232024,2023021181,2024-04-01,CBJ,COL,1,0.298611,0.701389,COL,0
logistic_engineered,20222023,20232024,20232024,2023021182,2024-04-01,NYR,PIT,0,0.662921,0.337079,NYR,0
logistic_engineered,20222023,20232024,20232024,2023021183,2024-04-01,PHI,NYI,0,0.297103,0.702897,NYI,1
logistic_engineered,20222023,20232024,20232024,2023021184,2024-04-01,TBL,DET,0,0.668171,0.331829,TBL,0
logistic_engineered,20222023,20232024,20232024,2023021185,2024-04-01,TOR,FLA,1,0.677894,0.322106,TOR,1
logistic_engineered,20222023,20232024,20232024,2023021186,2024-04-01,STL,EDM,1,0.373785,0.626215,EDM,0
logistic_engineered,20222023,20232024,20232024,2023021187,2024-04-01,WPG,LAK,1,0.470141,0.529859,LAK,0
logistic_engineered,20222023,20232024,20232024,2023021188,2024-04-01,SJS,SEA,0,0.348803,0.651197,SEA,1
logistic_engineered,20222023,20232024,20232024,2023021189,2024-04-02,BUF,WSH,1,0.71157,0.28843,BUF,1
logistic_engineered,20222023,20232024,20232024,2023021190,2024-04-02,MTL,FLA,1,0.43057,0.56943,FLA,0
logistic_engineered,20222023,20232024,20232024,2023021191,2024-04-02,NJD,PIT,0,0.642066,0.357934,NJD,0
logistic_engineered,20222023,20232024,20232024,2023021192,2024-04-02,NYI,CHI,1,0.559237,0.440763,NYI,1
logistic_engineered,20222023,20232024,20232024,2023021193,2024-04-02,MIN,OTT,1,0.553788,0.446212,MIN,1
logistic_engineered,20222023,20232024,20232024,2023021194,2024-04-02,NSH,BOS,0,0.451638,0.548362,BOS,1
logistic_engineered,20222023,20232024,20232024,2023021195,2024-04-02,CGY,ANA,0,0.659175,0.340825,CGY,0
logistic_engineered,20222023,20232024,20232024,2023021196,2024-04-02,VGK,VAN,1,0.583001,0.416999,VGK,1
logistic_engineered,20222023,20232024,20232024,2023021197,2024-04-03,TOR,TBL,0,0.524541,0.475459,TOR,0
logistic_engineered,20222023,20232024,20232024,2023021198,2024-04-03,NYR,NJD,1,0.649785,0.350215,NYR,1
logistic_engineered,20222023,20232024,20232024,2023021199,2024-04-03,DAL,EDM,1,0.493639,0.506361,EDM,0
logistic_engineered,20222023,20232024,20232024,2023021200,2024-04-03,UTA,VAN,0,0.556529,0.443471,UTA,0
logistic_engineered,20222023,20232024,20232024,2023021201,2024-04-03,LAK,SEA,1,0.591913,0.408087,LAK,1
logistic_engineered,20222023,20232024,20232024,2023021202,2024-04-04,CAR,BOS,0,0.527538,0.472462,CAR,0
logistic_engineered,20222023,20232024,20232024,2023021203,2024-04-04,CBJ,NYI,0,0.217711,0.782289,NYI,1
logistic_engineered,20222023,20232024,20232024,2023021204,2024-04-04,MTL,TBL,0,0.423936,0.576064,TBL,1
logistic_engineered,20222023,20232024,20232024,2023021205,2024-04-04,OTT,FLA,0,0.243074,0.756926,FLA,1
logistic_engineered,20222023,20232024,20232024,2023021206,2024-04-04,WSH,PIT,0,0.477082,0.522918,PIT,1
logistic_engineered,20222023,20232024,20232024,2023021207,2024-04-04,MIN,COL,0,0.438112,0.561888,COL,1
logistic_engineered,20222023,20232024,20232024,2023021208,2024-04-04,NSH,STL,1,0.560547,0.439453,NSH,1
logistic_engineered,20222023,20232024,20232024,2023021209,2024-04-04,WPG,CGY,1,0.606347,0.393653,WPG,1
logistic_engineered,20222023,20232024,20232024,2023021210,2024-04-04,SJS,LAK,0,0.363531,0.636469,LAK,1
logistic_engineered,20222023,20232024,20232024,2023021211,2024-04-05,BUF,PHI,1,0.602751,0.397249,BUF,1
logistic_engineered,20222023,20232024,20232024,2023021212,2024-04-05,CAR,WSH,1,0.635412,0.364588,CAR,1
logistic_engineered,20222023,20232024,20232024,2023021213,2024-04-05,DET,NYR,0,0.360774,0.639226,NYR,1
logistic_engineered,20222023,20232024,20232024,2023021214,2024-04-05,EDM,COL,1,0.525912,0.474088,EDM,1
logistic_engineered,20222023,20232024,20232024,2023021215,2024-04-05,ANA,SEA,0,0.356746,0.643254,SEA,1
logistic_engineered,20222023,20232024,20232024,2023021216,2024-04-05,UTA,VGK,1,0.378704,0.621296,VGK,0
logistic_engineered,20222023,20232024,20232024,2023021217,2024-04-06,PIT,TBL,1,0.434763,0.565237,TBL,0
logistic_engineered,20222023,20232024,20232024,2023021218,2024-04-06,BOS,FLA,1,0.512852,0.487148,BOS,1
logistic_engineered,20222023,20232024,20232024,2023021219,2024-04-06,MIN,WPG,0,0.447565,0.552435,WPG,1
logistic_engineered,20222023,20232024,20232024,2023021220,2024-04-06,CHI,DAL,1,0.284957,0.715043,DAL,0
logistic_engineered,20222023,20232024,20232024,2023021221,2024-04-06,SJS,STL,1,0.456315,0.543685,STL,0
logistic_engineered,20222023,20232024,20232024,2023021222,2024-04-06,CBJ,PHI,1,0.560466,0.439534,CBJ,1
logistic_engineered,20222023,20232024,20232024,2023021223,2024-04-06,MTL,TOR,0,0.184996,0.815004,TOR,1
logistic_engineered,20222023,20232024,20232024,2023021224,2024-04-06,OTT,NJD,0,0.249111,0.750889,NJD,1
logistic_engineered,20222023,20232024,20232024,2023021225,2024-04-06,NYI,NSH,1,0.49592,0.50408,NSH,0
logistic_engineered,20222023,20232024,20232024,2023021226,2024-04-06,CGY,EDM,0,0.47523,0.52477,EDM,1
logistic_engineered,20222023,20232024,20232024,2023021227,2024-04-06,LAK,VAN,1,0.579553,0.420447,LAK,1
logistic_engineered,20222023,20232024,20232024,2023021228,2024-04-07,DET,BUF,1,0.46546,0.53454,BUF,0
logistic_engineered,20222023,20232024,20232024,2023021229,2024-04-07,CHI,MIN,0,0.366661,0.633339,MIN,1
logistic_engineered,20222023,20232024,20232024,2023021230,2024-04-07,CAR,CBJ,1,0.755092,0.244908,CAR,1
logistic_engineered,20222023,20232024,20232024,2023021231,2024-04-07,SJS,UTA,0,0.327822,0.672178,UTA,1
logistic_engineered,20222023,20232024,20232024,2023021232,2024-04-07,WSH,OTT,0,0.575307,0.424693,WSH,0
logistic_engineered,20222023,20232024,20232024,2023021233,2024-04-07,NJD,NSH,0,0.333965,0.666035,NSH,1
logistic_engineered,20222023,20232024,20232024,2023021234,2024-04-07,NYR,MTL,1,0.772577,0.227423,NYR,1
logistic_engineered,20222023,20232024,20232024,2023021235,2024-04-07,ANA,STL,0,0.522373,0.477627,ANA,0
logistic_engineered,20222023,20232024,20232024,2023021236,2024-04-07,COL,DAL,0,0.624026,0.375974,COL,0
logistic_engineered,20222023,20232024,20232024,2023021237,2024-04-08,TOR,PIT,1,0.585513,0.414487,TOR,1
logistic_engineered,20222023,20232024,20232024,2023021238,2024-04-08,VAN,VGK,1,0.426084,0.573916,VGK,0
logistic_engineered,20222023,20232024,20232024,2023021239,2024-04-09,BOS,CAR,0,0.502993,0.497007,BOS,0
logistic_engineered,20222023,20232024,20232024,2023021240,2024-04-09,DET,WSH,0,0.562404,0.437596,DET,0
logistic_engineered,20222023,20232024,20232024,2023021241,2024-04-09,FLA,OTT,1,0.622116,0.377884,FLA,1
logistic_engineered,20222023,20232024,20232024,2023021242,2024-04-09,MTL,PHI,1,0.705179,0.294821,MTL,1
logistic_engineered,20222023,20232024,20232024,2023021243,2024-04-09,NJD,TOR,0,0.512265,0.487735,NJD,0
logistic_engineered,20222023,20232024,20232024,2023021244,2024-04-09,NYI,NYR,1,0.410768,0.589232,NYR,0
logistic_engineered,20222023,20232024,20232024,2023021245,2024-04-09,TBL,CBJ,1,0.701947,0.298053,TBL,1
logistic_engineered,20222023,20232024,20232024,2023021246,2024-04-09,DAL,BUF,1,0.630113,0.369887,DAL,1
logistic_engineered,20222023,20232024,20232024,2023021247,2024-04-09,NSH,WPG,0,0.421528,0.578472,WPG,1
logistic_engineered,20222023,20232024,20232024,2023021248,2024-04-09,COL,MIN,1,0.581612,0.418388,COL,1
logistic_engineered,20222023,20232024,20232024,2023021249,2024-04-09,ANA,LAK,1,0.3028,0.6972,LAK,0
logistic_engineered,20222023,20232024,20232024,2023021250,2024-04-09,SEA,UTA,1,0.592329,0.407671,SEA,1
logistic_engineered,20222023,20232024,20232024,2023021251,2024-04-09,SJS,CGY,0,0.368782,0.631218,CGY,1
logistic_engineered,20222023,20232024,20232024,2023021252,2024-04-10,STL,CHI,1,0.772065,0.227935,STL,1
logistic_engineered,20222023,20232024,20232024,2023021253,2024-04-10,EDM,VGK,1,0.491892,0.508108,VGK,0
logistic_engineered,20222023,20232024,20232024,2023021254,2024-04-10,VAN,UTA,0,0.6777,0.3223,VAN,0
logistic_engineered,20222023,20232024,20232024,2023021255,2024-04-11,BUF,WSH,1,0.557231,0.442769,BUF,1
logistic_engineered,20222023,20232024,20232024,2023021256,2024-04-11,FLA,CBJ,1,0.691265,0.308735,FLA,1
logistic_engineered,20222023,20232024,20232024,2023021257,2024-04-11,NYR,PHI,0,0.709608,0.290392,NYR,0
logistic_engineered,20222023,20232024,20232024,2023021258,2024-04-11,PIT,DET,1,0.59094,0.40906,PIT,1
logistic_engineered,20222023,20232024,20232024,2023021259,2024-04-11,TBL,OTT,0,0.656585,0.343415,TBL,0
logistic_engineered,20222023,20232024,20232024,2023021260,2024-04-11,TOR,NJD,0,0.560647,0.439353,TOR,0
logistic_engineered,20222023,20232024,20232024,2023021261,2024-04-11,NYI,MTL,1,0.630209,0.369791,NYI,1
logistic_engineered,20222023,20232024,20232024,2023021262,2024-04-11,DAL,WPG,0,0.537293,0.462707,DAL,0
logistic_engineered,20222023,20232024,20232024,2023021263,2024-04-11,SEA,SJS,0,0.706424,0.293576,SEA,0
logistic_engineered,20222023,20232024,20232024,2023021264,2024-04-11,LAK,CGY,1,0.583552,0.416448,LAK,1
logistic_engineered,20222023,20232024,20232024,2023021265,2024-04-12,STL,CAR,0,0.387428,0.612572,CAR,1
logistic_engineered,20222023,20232024,20232024,2023021266,2024-04-12,CHI,NSH,0,0.430348,0.569652,NSH,1
logistic_engineered,20222023,20232024,20232024,2023021267,2024-04-12,EDM,UTA,0,0.669386,0.330614,EDM,0
logistic_engineered,20222023,20232024,20232024,2023021268,2024-04-12,ANA,CGY,0,0.550886,0.449114,ANA,0
logistic_engineered,20222023,20232024,20232024,2023021269,2024-04-12,VGK,MIN,1,0.555008,0.444992,VGK,1
logistic_engineered,20222023,20232024,20232024,2023021270,2024-04-13,NYR,NYI,1,0.556276,0.443724,NYR,1
logistic_engineered,20222023,20232024,20232024,2023021271,2024-04-13,DAL,SEA,1,0.585624,0.414376,DAL,1
logistic_engineered,20222023,20232024,20232024,2023021272,2024-04-13,COL,WPG,0,0.325133,0.674867,WPG,1
logistic_engineered,20222023,20232024,20232024,2023021273,2024-04-13,FLA,BUF,1,0.567243,0.432757,FLA,1
logistic_engineered,20222023,20232024,20232024,2023021274,2024-04-13,PHI,NJD,1,0.393192,0.606808,NJD,0
logistic_engineered,20222023,20232024,20232024,2023021275,2024-04-13,WSH,TBL,1,0.3735,0.6265,TBL,0
logistic_engineered,20222023,20232024,20232024,2023021276,2024-04-13,OTT,MTL,1,0.561583,0.438417,OTT,1
logistic_engineered,20222023,20232024,20232024,2023021277,2024-04-13,TOR,DET,0,0.650525,0.349475,TOR,0
logistic_engineered,20222023,20232024,20232024,2023021278,2024-04-13,NSH,CBJ,1,0.35922,0.64078,CBJ,0
logistic_engineered,20222023,20232024,20232024,2023021279,2024-04-13,PIT,BOS,0,0.266249,0.733751,BOS,1
logistic_engineered,20222023,20232024,20232024,2023021280,2024-04-13,EDM,VAN,0,0.520161,0.479839,EDM,0
logistic_engineered,20222023,20232024,20232024,2023021281,2024-04-13,LAK,ANA,1,0.745813,0.254187,LAK,1
logistic_engineered,20222023,20232024,20232024,2023021282,2024-04-13,SJS,MIN,0,0.435466,0.564534,MIN,1
logistic_engineered,20222023,20232024,20232024,2023021283,2024-04-14,STL,SEA,1,0.535237,0.464763,STL,1
logistic_engineered,20222023,20232024,20232024,2023021284,2024-04-14,VGK,COL,1,0.620317,0.379683,VGK,1
logistic_engineered,20222023,20232024,20232024,2023021285,2024-04-14,CHI,CAR,0,0.325806,0.674194,CAR,1
logistic_engineered,20222023,20232024,20232024,2023021286,2024-04-14,CGY,UTA,1,0.737089,0.262911,CGY,1
logistic_engineered,20222023,20232024,20232024,2023021287,2024-04-15,DET,MTL,1,0.569425,0.430575,DET,1
logistic_engineered,20222023,20232024,20232024,2023021288,2024-04-15,NJD,NYI,0,0.504962,0.495038,NJD,0
logistic_engineered,20222023,20232024,20232024,2023021289,2024-04-15,PIT,NSH,1,0.463011,0.536989,NSH,0
logistic_engineered,20222023,20232024,20232024,2023021290,2024-04-15,TBL,BUF,0,0.600019,0.399981,TBL,0
logistic_engineered,20222023,20232024,20232024,2023021291,2024-04-15,WSH,BOS,1,0.371188,0.628812,BOS,0
logistic_engineered,20222023,20232024,20232024,2023021292,2024-04-15,NYR,OTT,1,0.649138,0.350862,NYR,1
logistic_engineered,20222023,20232024,20232024,2023021293,2024-04-15,EDM,SJS,1,0.860563,0.139437,EDM,1
logistic_engineered,20222023,20232024,20232024,2023021294,2024-04-15,LAK,MIN,0,0.571706,0.428294,LAK,0
logistic_engineered,20222023,20232024,20232024,2023021295,2024-04-16,BOS,OTT,0,0.623858,0.376142,BOS,0
logistic_engineered,20222023,20232024,20232024,2023021296,2024-04-16,CBJ,CAR,1,0.367917,0.632083,CAR,0
logistic_engineered,20222023,20232024,20232024,2023021297,2024-04-16,FLA,TOR,1,0.504126,0.495874,FLA,1
logistic_engineered,20222023,20232024,20232024,2023021298,2024-04-16,MTL,DET,0,0.512701,0.487299,MTL,0
logistic_engineered,20222023,20232024,20232024,2023021299,2024-04-16,PHI,WSH,0,0.564037,0.435963,PHI,0
logistic_engineered,20222023,20232024,20232024,2023021300,2024-04-16,WPG,SEA,1,0.62709,0.37291,WPG,1
logistic_engineered,20222023,20232024,20232024,2023021301,2024-04-16,VGK,CHI,1,0.733249,0.266751,VGK,1
logistic_engineered,20222023,20232024,20232024,2023021302,2024-04-16,VAN,CGY,1,0.53328,0.46672,VAN,1
logistic_engineered,20222023,20232024,20232024,2023021303,2024-04-17,NYI,PIT,1,0.592603,0.407397,NYI,1
logistic_engineered,20222023,20232024,20232024,2023021304,2024-04-17,TBL,TOR,1,0.744512,0.255488,TBL,1
logistic_engineered,20222023,20232024,20232024,2023021305,2024-04-17,DAL,STL,1,0.656958,0.343042,DAL,1
logistic_engineered,20222023,20232024,20232024,2023021306,2024-04-17,UTA,EDM,1,0.408118,0.591882,EDM,0
logistic_engineered,20222023,20232024,20232024,2023021307,2024-04-18,MIN,SEA,0,0.56756,0.43244,MIN,0
logistic_engineered,20222023,20232024,20232024,2023021308,2024-04-18,WPG,VAN,1,0.667273,0.332727,WPG,1
logistic_engineered,20222023,20232024,20232024,2023021309,2024-04-18,CGY,SJS,1,0.813297,0.186703,CGY,1
logistic_engineered,20222023,20232024,20232024,2023021310,2024-04-18,COL,EDM,1,0.645763,0.354237,COL,1
logistic_engineered,20222023,20232024,20232024,2023021311,2024-04-18,VGK,ANA,0,0.693151,0.306849,VGK,0
logistic_engineered,20222023,20232024,20232024,2023021312,2024-04-18,LAK,CHI,1,0.733729,0.266271,LAK,1
logistic_engineered,20232024,20242025,20242025,2024020001,2024-10-04,BUF,NJD,0,0.573269,0.426731,BUF,0
logistic_engineered,20232024,20242025,20242025,2024020002,2024-10-05,NJD,BUF,1,0.754844,0.245156,NJD,1
logistic_engineered,20232024,20242025,20242025,2024020003,2024-10-08,SEA,STL,0,0.515382,0.484618,SEA,0
logistic_engineered,20232024,20242025,20242025,2024020004,2024-10-08,FLA,BOS,1,0.567527,0.432473,FLA,1
logistic_engineered,20232024,20242025,20242025,2024020005,2024-10-08,UTA,CHI,1,0.659249,0.340751,UTA,1
logistic_engineered,20232024,20242025,20242025,2024020006,2024-10-09,MTL,TOR,1,0.516369,0.483631,MTL,1
logistic_engineered,20232024,20242025,20242025,2024020007,2024-10-09,PIT,NYR,0,0.562068,0.437932,PIT,0
logistic_engineered,20232024,20242025,20242025,2024020008,2024-10-09,EDM,WPG,0,0.265572,0.734428,WPG,1
logistic_engineered,20232024,20242025,20242025,2024020009,2024-10-09,VAN,CGY,0,0.590126,0.409874,VAN,0
logistic_engineered,20232024,20242025,20242025,2024020010,2024-10-09,VGK,COL,1,0.507218,0.492782,VGK,1
logistic_engineered,20232024,20242025,20242025,2024020011,2024-10-10,BOS,MTL,1,0.475386,0.524614,MTL,0
logistic_engineered,20232024,20242025,20242025,2024020012,2024-10-10,BUF,LAK,0,0.549428,0.450572,BUF,0
logistic_engineered,20232024,20242025,20242025,2024020013,2024-10-10,OTT,FLA,1,0.437894,0.562106,FLA,0
logistic_engineered,20232024,20242025,20242025,2024020014,2024-10-10,DET,PIT,0,0.448696,0.551304,PIT,1
logistic_engineered,20232024,20242025,20242025,2024020015,2024-10-10,NJD,TOR,0,0.804161,0.195839,NJD,0
logistic_engineered,20232024,20242025,20242025,2024020016,2024-10-10,NYI,UTA,0,0.611434,0.388566,NYI,0
logistic_engineered,20232024,20242025,20242025,2024020017,2024-10-10,NSH,DAL,0,0.469886,0.530114,DAL,1
logistic_engineered,20232024,20242025,20242025,2024020018,2024-10-10,MIN,CBJ,1,0.569869,0.430131,MIN,1
logistic_engineered,20232024,20242025,20242025,2024020019,2024-10-10,SJS,STL,0,0.45368,0.54632,STL,1
logistic_engineered,20232024,20242025,20242025,2024020020,2024-10-11,CAR,TBL,0,0.517294,0.482706,CAR,0
logistic_engineered,20232024,20242025,20242025,2024020021,2024-10-11,WPG,CHI,1,0.881955,0.118045,WPG,1
logistic_engineered,20232024,20242025,20242025,2024020022,2024-10-11,VAN,PHI,0,0.598938,0.401062,VAN,0
logistic_engineered,20232024,20242025,20242025,2024020023,2024-10-11,VGK,STL,1,0.674561,0.325439,VGK,1
logistic_engineered,20232024,20242025,20242025,2024020024,2024-10-12,BOS,LAK,1,0.431051,0.568949,LAK,0
logistic_engineered,20232024,20242025,20242025,2024020025,2024-10-12,BUF,FLA,1,0.362313,0.637687,FLA,0
logistic_engineered,20232024,20242025,20242025,2024020026,2024-10-12,TOR,PIT,1,0.581985,0.418015,TOR,1
logistic_engineered,20232024,20242025,20242025,2024020027,2024-10-12,MTL,OTT,1,0.407079,0.592921,OTT,0
logistic_engineered,20232024,20242025,20242025,2024020028,2024-10-12,DET,NSH,1,0.491647,0.508353,NSH,0
logistic_engineered,20232024,20242025,20242025,2024020030,2024-10-12,NYR,UTA,0,0.718717,0.281283,NYR,0
logistic_engineered,20232024,20242025,20242025,2024020031,2024-10-12,WSH,NJD,0,0.507814,0.492186,WSH,0
logistic_engineered,20232024,20242025,20242025,2024020032,2024-10-12,DAL,NYI,1,0.734604,0.265396,DAL,1
logistic_engineered,20232024,20242025,20242025,2024020033,2024-10-12,MIN,SEA,0,0.68847,0.31153,MIN,0
logistic_engineered,20232024,20242025,20242025,2024020034,2024-10-12,COL,CBJ,0,0.258249,0.741751,CBJ,1
logistic_engineered,20232024,20242025,20242025,2024020035,2024-10-12,CGY,PHI,1,0.603216,0.396784,CGY,1
logistic_engineered,20232024,20242025,20242025,2024020036,2024-10-12,EDM,CHI,0,0.619637,0.380363,EDM,0
logistic_engineered,20232024,20242025,20242025,2024020037,2024-10-12,SJS,ANA,0,0.505345,0.494655,SJS,0
logistic_engineered,20232024,20242025,20242025,2024020038,2024-10-13,WPG,MIN,1,0.773448,0.226552,WPG,1
logistic_engineered,20232024,20242025,20242025,2024020039,2024-10-13,DAL,SEA,1,0.699281,0.300719,DAL,1
logistic_engineered,20232024,20242025,20242025,2024020040,2024-10-13,EDM,CGY,0,0.256015,0.743985,CGY,1
logistic_engineered,20232024,20242025,20242025,2024020041,2024-10-13,VGK,ANA,1,0.709197,0.290803,VGK,1
logistic_engineered,20232024,20242025,20242025,2024020042,2024-10-14,BOS,FLA,0,0.599957,0.400043,BOS,0
logistic_engineered,20232024,20242025,20242025,2024020043,2024-10-14,OTT,LAK,1,0.219012,0.780988,LAK,0
logistic_engineered,20232024,20242025,20242025,2024020044,2024-10-14,NJD,UTA,1,0.477588,0.522412,UTA,0
logistic_engineered,20232024,20242025,20242025,2024020045,2024-10-14,NYR,DET,1,0.638697,0.361303,NYR,1
logistic_engineered,20232024,20242025,20242025,2024020046,2024-10-14,MTL,PIT,0,0.585476,0.414524,MTL,0
logistic_engineered,20232024,20242025,20242025,2024020047,2024-10-14,COL,NYI,0,0.518045,0.481955,COL,0
logistic_engineered,20232024,20242025,20242025,2024020048,2024-10-15,TBL,VAN,1,0.725561,0.274439,TBL,1
logistic_engineered,20232024,20242025,20242025,2024020049,2024-10-15,WSH,VGK,1,0.26646,0.73354,VGK,0
logistic_engineered,20232024,20242025,20242025,2024020050,2024-10-15,CAR,NJD,1,0.389896,0.610104,NJD,0
logistic_engineered,20232024,20242025,20242025,2024020051,2024-10-15,CBJ,FLA,0,0.512894,0.487106,CBJ,0
logistic_engineered,20232024,20242025,20242025,2024020052,2024-10-15,STL,MIN,0,0.632936,0.367064,STL,0
logistic_engineered,20232024,20242025,20242025,2024020053,2024-10-15,NSH,SEA,0,0.507412,0.492588,NSH,0
logistic_engineered,20232024,20242025,20242025,2024020054,2024-10-15,DAL,SJS,1,0.851819,0.148181,DAL,1
logistic_engineered,20232024,20242025,20242025,2024020055,2024-10-15,CGY,CHI,1,0.741416,0.258584,CGY,1
logistic_engineered,20232024,20242025,20242025,2024020056,2024-10-15,EDM,PHI,1,0.477888,0.522112,PHI,0
logistic_engineered,20232024,20242025,20242025,2024020057,2024-10-16,PIT,BUF,1,0.265814,0.734186,BUF,0
logistic_engineered,20232024,20242025,20242025,2024020058,2024-10-16,TOR,LAK,1,0.86556,0.13444,TOR,1
logistic_engineered,20232024,20242025,20242025,2024020059,2024-10-16,COL,BOS,0,0.414776,0.585224,BOS,1
logistic_engineered,20232024,20242025,20242025,2024020060,2024-10-16,ANA,UTA,1,0.446256,0.553744,UTA,0
logistic_engineered,20232024,20242025,20242025,2024020061,2024-10-17,MTL,LAK,0,0.623953,0.376047,MTL,0
logistic_engineered,20232024,20242025,20242025,2024020062,2024-10-17,OTT,NJD,0,0.520246,0.479754,OTT,0
logistic_engineered,20232024,20242025,20242025,2024020063,2024-10-17,DET,NYR,0,0.129802,0.870198,NYR,1
logistic_engineered,20232024,20242025,20242025,2024020064,2024-10-17,TBL,VGK,1,0.63617,0.36383,TBL,1
logistic_engineered,20232024,20242025,20242025,2024020065,2024-10-17,FLA,VAN,0,0.660254,0.339746,FLA,0
logistic_engineered,20232024,20242025,20242025,2024020066,2024-10-17,WSH,DAL,1,0.30295,0.69705,DAL,0
logistic_engineered,20232024,20242025,20242025,2024020067,2024-10-17,CBJ,BUF,1,0.585847,0.414153,CBJ,1
logistic_engineered,20232024,20242025,20242025,2024020068,2024-10-17,STL,NYI,1,0.520391,0.479609,STL,1
logistic_engineered,20232024,20242025,20242025,2024020069,2024-10-17,NSH,EDM,0,0.492802,0.507198,EDM,1
logistic_engineered,20232024,20242025,20242025,2024020070,2024-10-17,CHI,SJS,1,0.622868,0.377132,CHI,1
logistic_engineered,20232024,20242025,20242025,2024020071,2024-10-17,SEA,PHI,1,0.813928,0.186072,SEA,1
logistic_engineered,20232024,20242025,20242025,2024020072,2024-10-18,PIT,CAR,0,0.501141,0.498859,PIT,0
logistic_engineered,20232024,20242025,20242025,2024020073,2024-10-18,WPG,SJS,1,0.967054,0.032946,WPG,1
logistic_engineered,20232024,20242025,20242025,2024020074,2024-10-18,COL,ANA,1,0.469942,0.530058,ANA,0
logistic_engineered,20232024,20242025,20242025,2024020075,2024-10-19,OTT,TBL,1,0.33173,0.66827,TBL,0
logistic_engineered,20232024,20242025,20242025,2024020076,2024-10-19,NSH,DET,0,0.516639,0.483361,NSH,0
logistic_engineered,20232024,20242025,20242025,2024020077,2024-10-19,DAL,EDM,1,0.636317,0.363683,DAL,1
logistic_engineered,20232024,20242025,20242025,2024020078,2024-10-19,FLA,VGK,1,0.798305,0.201695,FLA,1
logistic_engineered,20232024,20242025,20242025,2024020079,2024-10-19,TOR,NYR,0,0.479974,0.520026,NYR,1
logistic_engineered,20232024,20242025,20242025,2024020080,2024-10-19,NJD,WSH,0,0.583836,0.416164,NJD,0
logistic_engineered,20232024,20242025,20242025,2024020081,2024-10-19,NYI,MTL,1,0.617994,0.382006,NYI,1
logistic_engineered,20232024,20242025,20242025,2024020082,2024-10-19,PHI,VAN,0,0.443719,0.556281,VAN,1
logistic_engineered,20232024,20242025,20242025,2024020083,2024-10-19,CBJ,MIN,0,0.459859,0.540141,MIN,1
logistic_engineered,20232024,20242025,20242025,2024020084,2024-10-19,STL,CAR,1,0.509886,0.490114,STL,1
logistic_engineered,20232024,20242025,20242025,2024020085,2024-10-19,CHI,BUF,0,0.529157,0.470843,CHI,0
logistic_engineered,20232024,20242025,20242025,2024020086,2024-10-19,UTA,BOS,1,0.487957,0.512043,BOS,0
logistic_engineered,20232024,20242025,20242025,2024020087,2024-10-19,SEA,CGY,1,0.389827,0.610173,CGY,0
logistic_engineered,20232024,20242025,20242025,2024020088,2024-10-20,WPG,PIT,1,0.751655,0.248345,WPG,1
logistic_engineered,20232024,20242025,20242025,2024020089,2024-10-20,SJS,COL,0,0.370791,0.629209,COL,1
logistic_engineered,20232024,20242025,20242025,2024020090,2024-10-20,ANA,LAK,0,0.467236,0.532764,LAK,1
logistic_engineered,20232024,20242025,20242025,2024020091,2024-10-21,TOR,TBL,1,0.75905,0.24095,TOR,1
logistic_engineered,20232024,20242025,20242025,2024020092,2024-10-22,PHI,WSH,0,0.409632,0.590368,WSH,1
logistic_engineered,20232024,20242025,20242025,2024020093,2024-10-22,FLA,MIN,0,0.270628,0.729372,MIN,1
logistic_engineered,20232024,20242025,20242025,2024020094,2024-10-22,NJD,TBL,0,0.614949,0.385051,NJD,0
logistic_engineered,20232024,20242025,20242025,2024020095,2024-10-22,BUF,DAL,1,0.336527,0.663473,DAL,0
logistic_engineered,20232024,20242025,20242025,2024020096,2024-10-22,MTL,NYR,0,0.10302,0.89698,NYR,1
logistic_engineered,20232024,20242025,20242025,2024020097,2024-10-22,CBJ,TOR,1,0.428993,0.571007,TOR,0
logistic_engineered,20232024,20242025,20242025,2024020098,2024-10-22,NYI,DET,0,0.553392,0.446608,NYI,0
logistic_engineered,20232024,20242025,20242025,2024020099,2024-10-22,STL,WPG,0,0.339778,0.660222,WPG,1
logistic_engineered,20232024,20242025,20242025,2024020100,2024-10-22,CHI,VAN,0,0.384152,0.615848,VAN,1
logistic_engineered,20232024,20242025,20242025,2024020101,2024-10-22,NSH,BOS,1,0.464003,0.535997,BOS,0
logistic_engineered,20232024,20242025,20242025,2024020102,2024-10-22,CGY,PIT,1,0.667352,0.332648,CGY,1
logistic_engineered,20232024,20242025,20242025,2024020103,2024-10-22,EDM,CAR,0,0.475694,0.524306,CAR,1
logistic_engineered,20232024,20242025,20242025,2024020104,2024-10-22,UTA,OTT,0,0.305565,0.694435,OTT,1
logistic_engineered,20232024,20242025,20242025,2024020105,2024-10-22,ANA,SJS,1,0.709844,0.290156,ANA,1
logistic_engineered,20232024,20242025,20242025,2024020106,2024-10-22,SEA,COL,0,0.572517,0.427483,SEA,0
logistic_engineered,20232024,20242025,20242025,2024020107,2024-10-22,VGK,LAK,1,0.563324,0.436676,VGK,1
logistic_engineered,20232024,20242025,20242025,2024020108,2024-10-23,WSH,PHI,1,0.641676,0.358324,WSH,1
logistic_engineered,20232024,20242025,20242025,2024020109,2024-10-24,BOS,DAL,0,0.407666,0.592334,DAL,1
logistic_engineered,20232024,20242025,20242025,2024020110,2024-10-24,TOR,STL,0,0.606437,0.393563,TOR,0
logistic_engineered,20232024,20242025,20242025,2024020111,2024-10-24,DET,NJD,1,0.517297,0.482703,DET,1
logistic_engineered,20232024,20242025,20242025,2024020112,2024-10-24,TBL,MIN,0,0.548745,0.451255,TBL,0
logistic_engineered,20232024,20242025,20242025,2024020113,2024-10-24,NYR,FLA,0,0.636952,0.363048,NYR,0
logistic_engineered,20232024,20242025,20242025,2024020114,2024-10-24,CGY,CAR,0,0.551423,0.448577,CGY,0
logistic_engineered,20232024,20242025,20242025,2024020115,2024-10-24,UTA,COL,0,0.537973,0.462027,UTA,0
logistic_engineered,20232024,20242025,20242025,2024020116,2024-10-24,SEA,WPG,0,0.3267,0.6733,WPG,1
logistic_engineered,20232024,20242025,20242025,2024020117,2024-10-24,LAK,SJS,1,0.769573,0.230427,LAK,1
logistic_engineered,20232024,20242025,20242025,2024020118,2024-10-25,VGK,OTT,1,0.610451,0.389549,VGK,1
logistic_engineered,20232024,20242025,20242025,2024020119,2024-10-25,NJD,NYI,0,0.440684,0.559316,NYI,1
logistic_engineered,20232024,20242025,20242025,2024020120,2024-10-25,CHI,NSH,0,0.436419,0.563581,NSH,1
logistic_engineered,20232024,20242025,20242025,2024020121,2024-10-25,EDM,PIT,1,0.583989,0.416011,EDM,1
logistic_engineered,20232024,20242025,20242025,2024020122,2024-10-26,BUF,DET,1,0.505468,0.494532,BUF,1
logistic_engineered,20232024,20242025,20242025,2024020123,2024-10-26,PHI,MIN,1,0.343897,0.656103,MIN,0
logistic_engineered,20232024,20242025,20242025,2024020124,2024-10-26,LAK,UTA,1,0.550083,0.449917,LAK,1
logistic_engineered,20232024,20242025,20242025,2024020125,2024-10-26,BOS,TOR,1,0.493917,0.506083,TOR,0
logistic_engineered,20232024,20242025,20242025,2024020126,2024-10-26,MTL,STL,1,0.430315,0.569685,STL,0
logistic_engineered,20232024,20242025,20242025,2024020127,2024-10-26,TBL,WSH,1,0.554115,0.445885,TBL,1
logistic_engineered,20232024,20242025,20242025,2024020128,2024-10-26,NYR,ANA,1,0.749765,0.250235,NYR,1
logistic_engineered,20232024,20242025,20242025,2024020129,2024-10-26,CGY,WPG,0,0.380797,0.619203,WPG,1
logistic_engineered,20232024,20242025,20242025,2024020130,2024-10-26,NYI,FLA,0,0.385546,0.614454,FLA,1
logistic_engineered,20232024,20242025,20242025,2024020131,2024-10-26,NSH,CBJ,1,0.426021,0.573979,CBJ,0
logistic_engineered,20232024,20242025,20242025,2024020132,2024-10-26,DAL,CHI,1,0.84223,0.15777,DAL,1
logistic_engineered,20232024,20242025,20242025,2024020133,2024-10-26,VAN,PIT,1,0.698367,0.301633,VAN,1
logistic_engineered,20232024,20242025,20242025,2024020134,2024-10-26,VGK,SJS,1,0.783369,0.216631,VGK,1
logistic_engineered,20232024,20242025,20242025,2024020135,2024-10-26,SEA,CAR,0,0.439435,0.560565,CAR,1
logistic_engineered,20232024,20242025,20242025,2024020136,2024-10-27,DET,EDM,0,0.42037,0.57963,EDM,1
logistic_engineered,20232024,20242025,20242025,2024020137,2024-10-27,NJD,ANA,1,0.680026,0.319974,NJD,1
logistic_engineered,20232024,20242025,20242025,2024020138,2024-10-27,PHI,MTL,0,0.529992,0.470008,PHI,0
logistic_engineered,20232024,20242025,20242025,2024020139,2024-10-27,COL,OTT,1,0.82665,0.17335,COL,1
logistic_engineered,20232024,20242025,20242025,2024020140,2024-10-28,BUF,FLA,0,0.417775,0.582225,FLA,1
logistic_engineered,20232024,20242025,20242025,2024020141,2024-10-28,TBL,NSH,1,0.62673,0.37327,TBL,1
logistic_engineered,20232024,20242025,20242025,2024020142,2024-10-28,CBJ,EDM,1,0.524864,0.475136,CBJ,1
logistic_engineered,20232024,20242025,20242025,2024020143,2024-10-28,WPG,TOR,0,0.698063,0.301937,WPG,0
logistic_engineered,20232024,20242025,20242025,2024020144,2024-10-28,COL,CHI,0,0.678721,0.321279,COL,0
logistic_engineered,20232024,20242025,20242025,2024020145,2024-10-28,UTA,SJS,0,0.781145,0.218855,UTA,0
logistic_engineered,20232024,20242025,20242025,2024020146,2024-10-28,VAN,CAR,0,0.448077,0.551923,CAR,1
logistic_engineered,20232024,20242025,20242025,2024020147,2024-10-28,VGK,CGY,1,0.592695,0.407305,VGK,1
logistic_engineered,20232024,20242025,20242025,2024020148,2024-10-29,BOS,PHI,0,0.665357,0.334643,BOS,0
logistic_engineered,20232024,20242025,20242025,2024020149,2024-10-29,MTL,SEA,0,0.222944,0.777056,SEA,1
logistic_engineered,20232024,20242025,20242025,2024020150,2024-10-29,OTT,STL,1,0.768601,0.231399,OTT,1
logistic_engineered,20232024,20242025,20242025,2024020151,2024-10-29,WSH,NYR,1,0.386106,0.613894,NYR,0
logistic_engineered,20232024,20242025,20242025,2024020152,2024-10-29,NYI,ANA,0,0.659675,0.340325,NYI,0
logistic_engineered,20232024,20242025,20242025,2024020153,2024-10-29,PIT,MIN,0,0.434466,0.565534,MIN,1
logistic_engineered,20232024,20242025,20242025,2024020154,2024-10-29,SJS,LAK,1,0.242642,0.757358,LAK,0
logistic_engineered,20232024,20242025,20242025,2024020155,2024-10-30,CBJ,NYI,1,0.60136,0.39864,CBJ,1
logistic_engineered,20232024,20242025,20242025,2024020156,2024-10-30,DET,WPG,0,0.339224,0.660776,WPG,1
logistic_engineered,20232024,20242025,20242025,2024020157,2024-10-30,COL,TBL,0,0.442294,0.557706,TBL,1
logistic_engineered,20232024,20242025,20242025,2024020158,2024-10-30,UTA,CGY,1,0.512572,0.487428,UTA,1
logistic_engineered,20232024,20242025,20242025,2024020159,2024-10-30,VAN,NJD,0,0.570221,0.429779,VAN,0
logistic_engineered,20232024,20242025,20242025,2024020160,2024-10-30,LAK,VGK,1,0.356553,0.643447,VGK,0
logistic_engineered,20232024,20242025,20242025,2024020161,2024-10-31,TOR,SEA,1,0.576986,0.423014,TOR,1
logistic_engineered,20232024,20242025,20242025,2024020162,2024-10-31,PHI,STL,1,0.462088,0.537912,STL,0
logistic_engineered,20232024,20242025,20242025,2024020163,2024-10-31,PIT,ANA,1,0.59899,0.40101,PIT,1
logistic_engineered,20232024,20242025,20242025,2024020164,2024-10-31,WSH,MTL,1,0.683531,0.316469,WSH,1
logistic_engineered,20232024,20242025,20242025,2024020165,2024-10-31,CAR,BOS,1,0.85433,0.14567,CAR,1
logistic_engineered,20232024,20242025,20242025,2024020166,2024-10-31,NSH,EDM,0,0.523051,0.476949,NSH,0
logistic_engineered,20232024,20242025,20242025,2024020167,2024-10-31,SJS,CHI,1,0.47517,0.52483,CHI,0
logistic_engineered,20232024,20242025,20242025,2024020168,2024-11-01,DAL,FLA,0,0.574707,0.425293,DAL,0
logistic_engineered,20232024,20242025,20242025,2024020169,2024-11-01,BUF,NYI,0,0.589192,0.410808,BUF,0
logistic_engineered,20232024,20242025,20242025,2024020170,2024-11-01,NYR,OTT,1,0.672492,0.327508,NYR,1
logistic_engineered,20232024,20242025,20242025,2024020171,2024-11-01,CBJ,WPG,0,0.327294,0.672706,WPG,1
logistic_engineered,20232024,20242025,20242025,2024020172,2024-11-01,MIN,TBL,1,0.473997,0.526003,TBL,0
logistic_engineered,20232024,20242025,20242025,2024020173,2024-11-01,CGY,NJD,1,0.514007,0.485993,CGY,1
logistic_engineered,20232024,20242025,20242025,2024020174,2024-11-02,FLA,DAL,1,0.464588,0.535412,DAL,0
logistic_engineered,20232024,20242025,20242025,2024020175,2024-11-02,PHI,BOS,0,0.215053,0.784947,BOS,1
logistic_engineered,20232024,20242025,20242025,2024020176,2024-11-02,LAK,CHI,0,0.730112,0.269888,LAK,0
logistic_engineered,20232024,20242025,20242025,2024020177,2024-11-02,WSH,CBJ,1,0.683324,0.316676,WSH,1
logistic_engineered,20232024,20242025,20242025,2024020178,2024-11-02,OTT,SEA,1,0.452014,0.547986,SEA,0
logistic_engineered,20232024,20242025,20242025,2024020179,2024-11-02,DET,BUF,1,0.59949,0.40051,DET,1
logistic_engineered,20232024,20242025,20242025,2024020180,2024-11-02,PIT,MTL,1,0.609293,0.390707,PIT,1
logistic_engineered,20232024,20242025,20242025,2024020181,2024-11-02,STL,TOR,1,0.457597,0.542403,TOR,0
logistic_engineered,20232024,20242025,20242025,2024020182,2024-11-02,NSH,COL,1,0.491253,0.508747,COL,0
logistic_engineered,20232024,20242025,20242025,2024020183,2024-11-02,VGK,UTA,1,0.652651,0.347349,VGK,1
logistic_engineered,20232024,20242025,20242025,2024020184,2024-11-02,SJS,VAN,0,0.336887,0.663113,VAN,1
logistic_engineered,20232024,20242025,20242025,2024020185,2024-11-03,NYR,NYI,1,0.710826,0.289174,NYR,1
logistic_engineered,20232024,20242025,20242025,2024020186,2024-11-03,WPG,TBL,1,0.638165,0.361835,WPG,1
logistic_engineered,20232024,20242025,20242025,2024020187,2024-11-03,BOS,SEA,1,0.494344,0.505656,SEA,0
logistic_engineered,20232024,20242025,20242025,2024020188,2024-11-03,CAR,WSH,1,0.666582,0.333418,CAR,1
logistic_engineered,20232024,20242025,20242025,2024020189,2024-11-03,MIN,TOR,1,0.609996,0.390004,MIN,1
logistic_engineered,20232024,20242025,20242025,2024020190,2024-11-03,CGY,EDM,0,0.503296,0.496704,CGY,0
logistic_engineered,20232024,20242025,20242025,2024020191,2024-11-03,ANA,CHI,0,0.648167,0.351833,ANA,0
logistic_engineered,20232024,20242025,20242025,2024020192,2024-11-04,NSH,LAK,0,0.479241,0.520759,LAK,1
logistic_engineered,20232024,20242025,20242025,2024020193,2024-11-04,EDM,NJD,0,0.422549,0.577451,NJD,1
logistic_engineered,20232024,20242025,20242025,2024020194,2024-11-05,BUF,OTT,1,0.511045,0.488955,BUF,1
logistic_engineered,20232024,20242025,20242025,2024020195,2024-11-05,TOR,BOS,1,0.558885,0.441115,TOR,1
logistic_engineered,20232024,20242025,20242025,2024020196,2024-11-05,MTL,CGY,0,0.468832,0.531168,CGY,1
logistic_engineered,20232024,20242025,20242025,2024020197,2024-11-05,CAR,PHI,1,0.718647,0.281353,CAR,1
logistic_engineered,20232024,20242025,20242025,2024020198,2024-11-05,NYI,PIT,1,0.560987,0.439013,NYI,1
logistic_engineered,20232024,20242025,20242025,2024020199,2024-11-05,STL,TBL,1,0.464869,0.535131,TBL,0
logistic_engineered,20232024,20242025,20242025,2024020200,2024-11-05,MIN,LAK,0,0.612783,0.387217,MIN,0
logistic_engineered,20232024,20242025,20242025,2024020201,2024-11-05,WPG,UTA,1,0.751841,0.248159,WPG,1
logistic_engineered,20232024,20242025,20242025,2024020202,2024-11-05,COL,SEA,1,0.550683,0.449317,COL,1
logistic_engineered,20232024,20242025,20242025,2024020203,2024-11-05,ANA,VAN,0,0.383141,0.616859,VAN,1
logistic_engineered,20232024,20242025,20242025,2024020204,2024-11-05,SJS,CBJ,1,0.457983,0.542017,CBJ,0
logistic_engineered,20232024,20242025,20242025,2024020205,2024-11-06,WSH,NSH,1,0.62004,0.37996,WSH,1
logistic_engineered,20232024,20242025,20242025,2024020206,2024-11-06,CHI,DET,0,0.42485,0.57515,DET,1
logistic_engineered,20232024,20242025,20242025,2024020207,2024-11-06,EDM,VGK,0,0.441609,0.558391,VGK,1
logistic_engineered,20232024,20242025,20242025,2024020208,2024-11-07,BOS,CGY,1,0.521152,0.478848,BOS,1
logistic_engineered,20232024,20242025,20242025,2024020209,2024-11-07,OTT,NYI,0,0.556105,0.443895,OTT,0
logistic_engineered,20232024,20242025,20242025,2024020210,2024-11-07,TBL,PHI,0,0.652936,0.347064,TBL,0
logistic_engineered,20232024,20242025,20242025,2024020211,2024-11-07,FLA,NSH,1,0.734222,0.265778,FLA,1
logistic_engineered,20232024,20242025,20242025,2024020212,2024-11-07,NJD,MTL,1,0.685251,0.314749,NJD,1
logistic_engineered,20232024,20242025,20242025,2024020213,2024-11-07,NYR,BUF,0,0.418745,0.581255,BUF,1
logistic_engineered,20232024,20242025,20242025,2024020214,2024-11-07,CAR,PIT,1,0.710333,0.289667,CAR,1
logistic_engineered,20232024,20242025,20242025,2024020215,2024-11-07,STL,UTA,0,0.565828,0.434172,STL,0
logistic_engineered,20232024,20242025,20242025,2024020216,2024-11-07,DAL,CHI,1,0.823921,0.176079,DAL,1
logistic_engineered,20232024,20242025,20242025,2024020217,2024-11-07,WPG,COL,1,0.668936,0.331064,WPG,1
logistic_engineered,20232024,20242025,20242025,2024020218,2024-11-07,LAK,VAN,0,0.527668,0.472332,LAK,0
logistic_engineered,20232024,20242025,20242025,2024020219,2024-11-07,SJS,MIN,0,0.34049,0.65951,MIN,1
logistic_engineered,20232024,20242025,20242025,2024020220,2024-11-08,TOR,DET,1,0.575868,0.424132,TOR,1
logistic_engineered,20232024,20242025,20242025,2024020221,2024-11-08,WSH,PIT,0,0.721743,0.278257,WSH,0
logistic_engineered,20232024,20242025,20242025,2024020222,2024-11-08,ANA,MIN,0,0.410417,0.589583,MIN,1
logistic_engineered,20232024,20242025,20242025,2024020223,2024-11-08,SEA,VGK,1,0.431391,0.568609,VGK,0
logistic_engineered,20232024,20242025,20242025,2024020224,2024-11-09,BUF,CGY,1,0.579962,0.420038,BUF,1
logistic_engineered,20232024,20242025,20242025,2024020225,2024-11-09,FLA,PHI,1,0.709617,0.290383,FLA,1
logistic_engineered,20232024,20242025,20242025,2024020226,2024-11-09,BOS,OTT,0,0.552334,0.447666,BOS,0
logistic_engineered,20232024,20242025,20242025,2024020227,2024-11-09,TOR,MTL,1,0.628444,0.371556,TOR,1
logistic_engineered,20232024,20242025,20242025,2024020228,2024-11-09,DET,NYR,0,0.314745,0.685255,NYR,1
logistic_engineered,20232024,20242025,20242025,2024020229,2024-11-09,STL,WSH,0,0.529323,0.470677,STL,0
logistic_engineered,20232024,20242025,20242025,2024020230,2024-11-09,WPG,DAL,1,0.823906,0.176094,WPG,1
logistic_engineered,20232024,20242025,20242025,2024020231,2024-11-09,NYI,NJD,0,0.481886,0.518114,NJD,1
logistic_engineered,20232024,20242025,20242025,2024020232,2024-11-09,NSH,UTA,1,0.56777,0.43223,NSH,1
logistic_engineered,20232024,20242025,20242025,2024020233,2024-11-09,COL,CAR,1,0.377205,0.622795,CAR,0
logistic_engineered,20232024,20242025,20242025,2024020234,2024-11-09,LAK,CBJ,1,0.70853,0.29147,LAK,1
logistic_engineered,20232024,20242025,20242025,2024020235,2024-11-09,VAN,EDM,0,0.259238,0.740762,EDM,1
logistic_engineered,20232024,20242025,20242025,2024020236,2024-11-10,NJD,SJS,0,0.656451,0.343549,NJD,0
logistic_engineered,20232024,20242025,20242025,2024020237,2024-11-10,CHI,MIN,1,0.333758,0.666242,MIN,0
logistic_engineered,20232024,20242025,20242025,2024020238,2024-11-10,ANA,CBJ,1,0.584153,0.415847,ANA,1
logistic_engineered,20232024,20242025,20242025,2024020239,2024-11-11,BUF,MTL,0,0.677095,0.322905,BUF,0
logistic_engineered,20232024,20242025,20242025,2024020240,2024-11-11,PHI,SJS,1,0.707808,0.292192,PHI,1
logistic_engineered,20232024,20242025,20242025,2024020241,2024-11-11,PIT,DAL,0,0.151585,0.848415,DAL,1
logistic_engineered,20232024,20242025,20242025,2024020242,2024-11-11,CGY,LAK,1,0.473911,0.526089,LAK,0
logistic_engineered,20232024,20242025,20242025,2024020243,2024-11-11,COL,NSH,1,0.567642,0.432358,COL,1
logistic_engineered,20232024,20242025,20242025,2024020244,2024-11-11,VGK,CAR,0,0.222974,0.777026,CAR,1
logistic_engineered,20232024,20242025,20242025,2024020245,2024-11-12,TOR,OTT,0,0.605655,0.394345,TOR,0
logistic_engineered,20232024,20242025,20242025,2024020246,2024-11-12,FLA,NJD,0,0.62151,0.37849,FLA,0
logistic_engineered,20232024,20242025,20242025,2024020247,2024-11-12,NYR,WPG,0,0.439766,0.560234,WPG,1
logistic_engineered,20232024,20242025,20242025,2024020248,2024-11-12,STL,BOS,0,0.492309,0.507691,BOS,1
logistic_engineered,20232024,20242025,20242025,2024020249,2024-11-12,EDM,NYI,1,0.57862,0.42138,EDM,1
logistic_engineered,20232024,20242025,20242025,2024020250,2024-11-12,VAN,CGY,1,0.68714,0.31286,VAN,1
logistic_engineered,20232024,20242025,20242025,2024020251,2024-11-12,SEA,CBJ,1,0.650421,0.349579,SEA,1
logistic_engineered,20232024,20242025,20242025,2024020252,2024-11-13,PIT,DET,0,0.471161,0.528839,DET,1
logistic_engineered,20232024,20242025,20242025,2024020253,2024-11-13,WSH,TOR,0,0.630741,0.369259,WSH,0
logistic_engineered,20232024,20242025,20242025,2024020254,2024-11-13,UTA,CAR,1,0.653572,0.346428,UTA,1
logistic_engineered,20232024,20242025,20242025,2024020255,2024-11-13,COL,LAK,1,0.758338,0.241662,COL,1
logistic_engineered,20232024,20242025,20242025,2024020256,2024-11-13,ANA,VGK,0,0.352281,0.647719,VGK,1
logistic_engineered,20232024,20242025,20242025,2024020257,2024-11-14,BUF,STL,1,0.616494,0.383506,BUF,1
logistic_engineered,20232024,20242025,20242025,2024020258,2024-11-14,OTT,PHI,0,0.572175,0.427825,OTT,0
logistic_engineered,20232024,20242025,20242025,2024020259,2024-11-14,TBL,WPG,1,0.398609,0.601391,WPG,0
logistic_engineered,20232024,20242025,20242025,2024020260,2024-11-14,FLA,NJD,0,0.596454,0.403546,FLA,0
logistic_engineered,20232024,20242025,20242025,2024020261,2024-11-14,NYR,SJS,1,0.794134,0.205866,NYR,1
logistic_engineered,20232024,20242025,20242025,2024020262,2024-11-14,DAL,BOS,1,0.65235,0.34765,DAL,1
logistic_engineered,20232024,20242025,20242025,2024020263,2024-11-14,MIN,MTL,1,0.725936,0.274064,MIN,1
logistic_engineered,20232024,20242025,20242025,2024020264,2024-11-14,EDM,NSH,1,0.560981,0.439019,EDM,1
logistic_engineered,20232024,20242025,20242025,2024020265,2024-11-14,VAN,NYI,0,0.612375,0.387625,VAN,0
logistic_engineered,20232024,20242025,20242025,2024020266,2024-11-14,SEA,CHI,1,0.61937,0.38063,SEA,1
logistic_engineered,20232024,20242025,20242025,2024020267,2024-11-15,CBJ,PIT,1,0.490873,0.509127,PIT,0
logistic_engineered,20232024,20242025,20242025,2024020268,2024-11-15,COL,WSH,0,0.272503,0.727497,WSH,1
logistic_engineered,20232024,20242025,20242025,2024020269,2024-11-15,CGY,NSH,1,0.643987,0.356013,CGY,1
logistic_engineered,20232024,20242025,20242025,2024020270,2024-11-15,UTA,VGK,0,0.41002,0.58998,VGK,1
logistic_engineered,20232024,20242025,20242025,2024020271,2024-11-15,ANA,DET,1,0.418617,0.581383,DET,0
logistic_engineered,20232024,20242025,20242025,2024020272,2024-11-16,BOS,STL,0,0.588823,0.411177,BOS,0
logistic_engineered,20232024,20242025,20242025,2024020273,2024-11-16,SEA,NYI,1,0.52798,0.47202,SEA,1
logistic_engineered,20232024,20242025,20242025,2024020274,2024-11-16,TOR,EDM,1,0.515954,0.484046,TOR,1
logistic_engineered,20232024,20242025,20242025,2024020275,2024-11-16,MTL,CBJ,1,0.571865,0.428135,MTL,1
logistic_engineered,20232024,20242025,20242025,2024020276,2024-11-16,TBL,NJD,1,0.543194,0.456806,TBL,1
logistic_engineered,20232024,20242025,20242025,2024020277,2024-11-16,FLA,WPG,1,0.451191,0.548809,WPG,0
logistic_engineered,20232024,20242025,20242025,2024020278,2024-11-16,PHI,BUF,1,0.478024,0.521976,BUF,0
logistic_engineered,20232024,20242025,20242025,2024020279,2024-11-16,PIT,SJS,1,0.712931,0.287069,PIT,1
logistic_engineered,20232024,20242025,20242025,2024020280,2024-11-16,CAR,OTT,1,0.696427,0.303573,CAR,1
logistic_engineered,20232024,20242025,20242025,2024020281,2024-11-16,MIN,DAL,0,0.49343,0.50657,DAL,1
logistic_engineered,20232024,20242025,20242025,2024020282,2024-11-16,LAK,DET,1,0.677025,0.322975,LAK,1
logistic_engineered,20232024,20242025,20242025,2024020283,2024-11-16,VAN,CHI,1,0.722541,0.277459,VAN,1
logistic_engineered,20232024,20242025,20242025,2024020284,2024-11-17,CAR,STL,1,0.660181,0.339819,CAR,1
logistic_engineered,20232024,20242025,20242025,2024020285,2024-11-17,VAN,NSH,0,0.550087,0.449913,VAN,0
logistic_engineered,20232024,20242025,20242025,2024020286,2024-11-17,VGK,WSH,0,0.580034,0.419966,VGK,0
logistic_engineered,20232024,20242025,20242025,2024020287,2024-11-17,SEA,NYR,0,0.340139,0.659861,NYR,1
logistic_engineered,20232024,20242025,20242025,2024020288,2024-11-18,BOS,CBJ,0,0.632627,0.367373,BOS,0
logistic_engineered,20232024,20242025,20242025,2024020289,2024-11-18,PHI,COL,0,0.497169,0.502831,COL,1
logistic_engineered,20232024,20242025,20242025,2024020290,2024-11-18,MTL,EDM,1,0.378153,0.621847,EDM,0
logistic_engineered,20232024,20242025,20242025,2024020291,2024-11-18,DAL,ANA,0,0.762447,0.237553,DAL,0
logistic_engineered,20232024,20242025,20242025,2024020292,2024-11-18,UTA,WSH,0,0.224426,0.775574,WSH,1
logistic_engineered,20232024,20242025,20242025,2024020293,2024-11-18,SJS,DET,1,0.403293,0.596707,DET,0
logistic_engineered,20232024,20242025,20242025,2024020294,2024-11-19,OTT,EDM,0,0.556692,0.443308,OTT,0
logistic_engineered,20232024,20242025,20242025,2024020295,2024-11-19,PIT,TBL,0,0.448649,0.551351,TBL,1
logistic_engineered,20232024,20242025,20242025,2024020296,2024-11-19,STL,MIN,0,0.436949,0.563051,MIN,1
logistic_engineered,20232024,20242025,20242025,2024020297,2024-11-19,WPG,FLA,1,0.55956,0.44044,WPG,1
logistic_engineered,20232024,20242025,20242025,2024020298,2024-11-19,CHI,ANA,0,0.591841,0.408159,CHI,0
logistic_engineered,20232024,20242025,20242025,2024020299,2024-11-19,CGY,NYI,1,0.560074,0.439926,CGY,1
logistic_engineered,20232024,20242025,20242025,2024020300,2024-11-19,VAN,NYR,0,0.45334,0.54666,NYR,1
logistic_engineered,20232024,20242025,20242025,2024020301,2024-11-20,TOR,VGK,1,0.582602,0.417398,TOR,1
logistic_engineered,20232024,20242025,20242025,2024020302,2024-11-20,PHI,CAR,0,0.349966,0.650034,CAR,1
logistic_engineered,20232024,20242025,20242025,2024020303,2024-11-20,DAL,SJS,1,0.80262,0.19738,DAL,1
logistic_engineered,20232024,20242025,20242025,2024020304,2024-11-20,SEA,NSH,1,0.555002,0.444998,SEA,1
logistic_engineered,20232024,20242025,20242025,2024020305,2024-11-20,LAK,BUF,0,0.626818,0.373182,LAK,0
logistic_engineered,20232024,20242025,20242025,2024020306,2024-11-21,BOS,UTA,1,0.573703,0.426297,BOS,1
logistic_engineered,20232024,20242025,20242025,2024020307,2024-11-21,OTT,VGK,0,0.521523,0.478477,OTT,0
logistic_engineered,20232024,20242025,20242025,2024020308,2024-11-21,DET,NYI,1,0.534854,0.465146,DET,1
logistic_engineered,20232024,20242025,20242025,2024020309,2024-11-21,NJD,CAR,1,0.488582,0.511418,CAR,0
logistic_engineered,20232024,20242025,20242025,2024020310,2024-11-21,WSH,COL,0,0.562003,0.437997,WSH,0
logistic_engineered,20232024,20242025,20242025,2024020311,2024-11-21,CBJ,TBL,1,0.384017,0.615983,TBL,0
logistic_engineered,20232024,20242025,20242025,2024020312,2024-11-21,STL,SJS,1,0.756631,0.243369,STL,1
logistic_engineered,20232024,20242025,20242025,2024020313,2024-11-21,CHI,FLA,1,0.310784,0.689216,FLA,0
logistic_engineered,20232024,20242025,20242025,2024020314,2024-11-21,CGY,NYR,1,0.387556,0.612444,NYR,0
logistic_engineered,20232024,20242025,20242025,2024020315,2024-11-21,EDM,MIN,0,0.504496,0.495504,EDM,0
logistic_engineered,20232024,20242025,20242025,2024020316,2024-11-22,PIT,WPG,0,0.341353,0.658647,WPG,1
logistic_engineered,20232024,20242025,20242025,2024020317,2024-11-22,ANA,BUF,0,0.470031,0.529969,BUF,1
logistic_engineered,20232024,20242025,20242025,2024020318,2024-11-23,PHI,CHI,1,0.661275,0.338725,PHI,1
logistic_engineered,20232024,20242025,20242025,2024020319,2024-11-23,CGY,MIN,1,0.501325,0.498675,CGY,1
logistic_engineered,20232024,20242025,20242025,2024020320,2024-11-23,LAK,SEA,1,0.596803,0.403197,LAK,1
logistic_engineered,20232024,20242025,20242025,2024020321,2024-11-23,FLA,COL,0,0.578126,0.421874,FLA,0
logistic_engineered,20232024,20242025,20242025,2024020322,2024-11-23,MTL,VGK,0,0.17108,0.82892,VGK,1
logistic_engineered,20232024,20242025,20242025,2024020323,2024-11-23,OTT,VAN,0,0.430663,0.569337,VAN,1
logistic_engineered,20232024,20242025,20242025,2024020324,2024-11-23,DET,BOS,0,0.497616,0.502384,BOS,1
logistic_engineered,20232024,20242025,20242025,2024020325,2024-11-23,TBL,DAL,0,0.437546,0.562454,DAL,1
logistic_engineered,20232024,20242025,20242025,2024020326,2024-11-23,PIT,UTA,0,0.474792,0.525208,UTA,1
logistic_engineered,20232024,20242025,20242025,2024020327,2024-11-23,WSH,NJD,0,0.569284,0.430716,WSH,0
logistic_engineered,20232024,20242025,20242025,2024020328,2024-11-23,CBJ,CAR,1,0.618634,0.381366,CBJ,1
logistic_engineered,20232024,20242025,20242025,2024020329,2024-11-23,NSH,WPG,1,0.443125,0.556875,WPG,0
logistic_engineered,20232024,20242025,20242025,2024020330,2024-11-23,NYI,STL,1,0.556831,0.443169,NYI,1
logistic_engineered,20232024,20242025,20242025,2024020331,2024-11-23,SJS,BUF,0,0.431909,0.568091,BUF,1
logistic_engineered,20232024,20242025,20242025,2024020332,2024-11-23,EDM,NYR,1,0.467526,0.532474,NYR,0
logistic_engineered,20232024,20242025,20242025,2024020333,2024-11-24,TOR,UTA,1,0.725746,0.274254,TOR,1
logistic_engineered,20232024,20242025,20242025,2024020334,2024-11-25,TBL,COL,1,0.755656,0.244344,TBL,1
logistic_engineered,20232024,20242025,20242025,2024020335,2024-11-25,FLA,WSH,0,0.543624,0.456376,FLA,0
logistic_engineered,20232024,20242025,20242025,2024020336,2024-11-25,NJD,NSH,1,0.815352,0.184648,NJD,1
logistic_engineered,20232024,20242025,20242025,2024020337,2024-11-25,NYR,STL,0,0.723088,0.276912,NYR,0
logistic_engineered,20232024,20242025,20242025,2024020338,2024-11-25,PHI,VGK,0,0.433393,0.566607,VGK,1
logistic_engineered,20232024,20242025,20242025,2024020339,2024-11-25,CAR,DAL,1,0.534594,0.465406,CAR,1
logistic_engineered,20232024,20242025,20242025,2024020340,2024-11-25,OTT,CGY,1,0.489681,0.510319,CGY,0
logistic_engineered,20232024,20242025,20242025,2024020341,2024-11-25,NYI,DET,0,0.568144,0.431856,NYI,0
logistic_engineered,20232024,20242025,20242025,2024020342,2024-11-25,MIN,WPG,0,0.411245,0.588755,WPG,1
logistic_engineered,20232024,20242025,20242025,2024020343,2024-11-25,ANA,SEA,0,0.473827,0.526173,SEA,1
logistic_engineered,20232024,20242025,20242025,2024020344,2024-11-25,SJS,LAK,1,0.310433,0.689567,LAK,0
logistic_engineered,20232024,20242025,20242025,2024020345,2024-11-26,BOS,VAN,0,0.440861,0.559139,VAN,1
logistic_engineered,20232024,20242025,20242025,2024020346,2024-11-26,MTL,UTA,0,0.489659,0.510341,UTA,1
logistic_engineered,20232024,20242025,20242025,2024020347,2024-11-27,BUF,MIN,0,0.559604,0.440396,BUF,0
logistic_engineered,20232024,20242025,20242025,2024020348,2024-11-27,NJD,STL,0,0.593509,0.406491,NJD,0
logistic_engineered,20232024,20242025,20242025,2024020349,2024-11-27,CAR,NYR,1,0.56447,0.43553,CAR,1
logistic_engineered,20232024,20242025,20242025,2024020350,2024-11-27,DET,CGY,1,0.527188,0.472812,DET,1
logistic_engineered,20232024,20242025,20242025,2024020351,2024-11-27,TBL,WSH,0,0.520959,0.479041,TBL,0
logistic_engineered,20232024,20242025,20242025,2024020352,2024-11-27,FLA,TOR,1,0.508861,0.491139,FLA,1
logistic_engineered,20232024,20242025,20242025,2024020353,2024-11-27,NYI,BOS,0,0.600645,0.399355,NYI,0
logistic_engineered,20232024,20242025,20242025,2024020354,2024-11-27,PIT,VAN,1,0.487578,0.512422,VAN,0
logistic_engineered,20232024,20242025,20242025,2024020355,2024-11-27,CBJ,MTL,0,0.628197,0.371803,CBJ,0
logistic_engineered,20232024,20242025,20242025,2024020356,2024-11-27,NSH,PHI,0,0.612169,0.387831,NSH,0
logistic_engineered,20232024,20242025,20242025,2024020357,2024-11-27,CHI,DAL,1,0.296014,0.703986,DAL,0
logistic_engineered,20232024,20242025,20242025,2024020358,2024-11-27,COL,VGK,1,0.545132,0.454868,COL,1
logistic_engineered,20232024,20242025,20242025,2024020359,2024-11-27,LAK,WPG,1,0.394474,0.605526,WPG,0
logistic_engineered,20232024,20242025,20242025,2024020360,2024-11-27,SEA,ANA,0,0.638077,0.361923,SEA,0
logistic_engineered,20232024,20242025,20242025,2024020361,2024-11-27,SJS,OTT,0,0.389336,0.610664,OTT,1
logistic_engineered,20232024,20242025,20242025,2024020362,2024-11-29,PHI,NYR,1,0.407139,0.592861,NYR,0
logistic_engineered,20232024,20242025,20242025,2024020363,2024-11-29,MIN,CHI,1,0.728603,0.271397,MIN,1
logistic_engineered,20232024,20242025,20242025,2024020364,2024-11-29,BUF,VAN,0,0.505684,0.494316,BUF,0
logistic_engineered,20232024,20242025,20242025,2024020365,2024-11-29,DET,NJD,0,0.492808,0.507192,NJD,1
logistic_engineered,20232024,20242025,20242025,2024020366,2024-11-29,WSH,NYI,1,0.6348,0.3652,WSH,1
logistic_engineered,20232024,20242025,20242025,2024020367,2024-11-29,CAR,FLA,0,0.574852,0.425148,CAR,0
logistic_engineered,20232024,20242025,20242025,2024020368,2024-11-29,CBJ,CGY,1,0.495042,0.504958,CGY,0
logistic_engineered,20232024,20242025,20242025,2024020369,2024-11-29,NSH,TBL,0,0.453339,0.546661,TBL,1
logistic_engineered,20232024,20242025,20242025,2024020370,2024-11-29,ANA,LAK,0,0.719029,0.280971,ANA,0
logistic_engineered,20232024,20242025,20242025,2024020371,2024-11-29,SJS,SEA,1,0.347154,0.652846,SEA,0
logistic_engineered,20232024,20242025,20242025,2024020372,2024-11-29,BOS,PIT,0,0.559379,0.440621,BOS,0
logistic_engineered,20232024,20242025,20242025,2024020373,2024-11-29,DAL,COL,1,0.590462,0.409538,DAL,1
logistic_engineered,20232024,20242025,20242025,2024020374,2024-11-29,VGK,WPG,1,0.4321,0.5679,WPG,0
logistic_engineered,20232024,20242025,20242025,2024020375,2024-11-29,UTA,EDM,0,0.394736,0.605264,EDM,1
logistic_engineered,20232024,20242025,20242025,2024020376,2024-11-30,NYR,MTL,1,0.615573,0.384427,NYR,1
logistic_engineered,20232024,20242025,20242025,2024020377,2024-11-30,FLA,CAR,1,0.691888,0.308112,FLA,1
logistic_engineered,20232024,20242025,20242025,2024020378,2024-11-30,TBL,TOR,0,0.421088,0.578912,TOR,1
logistic_engineered,20232024,20242025,20242025,2024020379,2024-11-30,NJD,WSH,0,0.445229,0.554771,WSH,1
logistic_engineered,20232024,20242025,20242025,2024020380,2024-11-30,PIT,CGY,1,0.466537,0.533463,CGY,0
logistic_engineered,20232024,20242025,20242025,2024020381,2024-11-30,STL,PHI,0,0.616747,0.383253,STL,0
logistic_engineered,20232024,20242025,20242025,2024020382,2024-11-30,LAK,OTT,1,0.453038,0.546962,OTT,0
logistic_engineered,20232024,20242025,20242025,2024020383,2024-11-30,NYI,BUF,1,0.43938,0.56062,BUF,0
logistic_engineered,20232024,20242025,20242025,2024020384,2024-11-30,MIN,NSH,1,0.563783,0.436217,MIN,1
logistic_engineered,20232024,20242025,20242025,2024020385,2024-11-30,COL,EDM,0,0.459616,0.540384,EDM,1
logistic_engineered,20232024,20242025,20242025,2024020386,2024-11-30,VGK,UTA,0,0.604214,0.395786,VGK,0
logistic_engineered,20232024,20242025,20242025,2024020387,2024-11-30,SEA,SJS,0,0.670849,0.329151,SEA,0
logistic_engineered,20232024,20242025,20242025,2024020388,2024-12-01,DET,VAN,0,0.194651,0.805349,VAN,1
logistic_engineered,20232024,20242025,20242025,2024020389,2024-12-01,BOS,MTL,1,0.669496,0.330504,BOS,1
logistic_engineered,20232024,20242025,20242025,2024020390,2024-12-01,CHI,CBJ,0,0.465571,0.534429,CBJ,1
logistic_engineered,20232024,20242025,20242025,2024020391,2024-12-01,DAL,WPG,1,0.513211,0.486789,DAL,1
logistic_engineered,20232024,20242025,20242025,2024020392,2024-12-01,ANA,OTT,1,0.53556,0.46444,ANA,1
logistic_engineered,20232024,20242025,20242025,2024020393,2024-12-02,NYR,NJD,0,0.588162,0.411838,NYR,0
logistic_engineered,20232024,20242025,20242025,2024020394,2024-12-02,TOR,CHI,1,0.796509,0.203491,TOR,1
logistic_engineered,20232024,20242025,20242025,2024020395,2024-12-02,UTA,DAL,0,0.430354,0.569646,DAL,1
logistic_engineered,20232024,20242025,20242025,2024020396,2024-12-03,BOS,DET,1,0.514455,0.485545,BOS,1
logistic_engineered,20232024,20242025,20242025,2024020397,2024-12-03,BUF,COL,0,0.766587,0.233413,BUF,0
logistic_engineered,20232024,20242025,20242025,2024020398,2024-12-03,MTL,NYI,1,0.456378,0.543622,NYI,0
logistic_engineered,20232024,20242025,20242025,2024020399,2024-12-03,PIT,FLA,1,0.377896,0.622104,FLA,0
logistic_engineered,20232024,20242025,20242025,2024020400,2024-12-03,WSH,SJS,0,0.757824,0.242176,WSH,0
logistic_engineered,20232024,20242025,20242025,2024020401,2024-12-03,CAR,SEA,0,0.655738,0.344262,CAR,0
logistic_engineered,20232024,20242025,20242025,2024020402,2024-12-03,MIN,VAN,1,0.502889,0.497111,MIN,1
logistic_engineered,20232024,20242025,20242025,2024020403,2024-12-03,WPG,STL,0,0.658201,0.341799,WPG,0
logistic_engineered,20232024,20242025,20242025,2024020404,2024-12-03,CGY,CBJ,1,0.604952,0.395048,CGY,1
logistic_engineered,20232024,20242025,20242025,2024020405,2024-12-03,VGK,EDM,1,0.494509,0.505491,EDM,0
logistic_engineered,20232024,20242025,20242025,2024020406,2024-12-04,TOR,NSH,1,0.605148,0.394852,TOR,1
logistic_engineered,20232024,20242025,20242025,2024020407,2024-12-04,CHI,BOS,0,0.43078,0.56922,BOS,1
logistic_engineered,20232024,20242025,20242025,2024020408,2024-12-04,ANA,VGK,0,0.486038,0.513962,VGK,1
logistic_engineered,20232024,20242025,20242025,2024020409,2024-12-04,LAK,DAL,1,0.439528,0.560472,DAL,0
logistic_engineered,20232024,20242025,20242025,2024020410,2024-12-05,BUF,WPG,0,0.46858,0.53142,WPG,1
logistic_engineered,20232024,20242025,20242025,2024020411,2024-12-05,MTL,NSH,1,0.526579,0.473421,MTL,1
logistic_engineered,20232024,20242025,20242025,2024020412,2024-12-05,OTT,DET,1,0.553235,0.446765,OTT,1
logistic_engineered,20232024,20242025,20242025,2024020413,2024-12-05,TBL,SJS,1,0.919152,0.080848,TBL,1
logistic_engineered,20232024,20242025,20242025,2024020414,2024-12-05,PHI,FLA,0,0.201319,0.798681,FLA,1
logistic_engineered,20232024,20242025,20242025,2024020415,2024-12-05,CAR,COL,1,0.59794,0.40206,CAR,1
logistic_engineered,20232024,20242025,20242025,2024020416,2024-12-05,NYI,SEA,0,0.270604,0.729396,SEA,1
logistic_engineered,20232024,20242025,20242025,2024020417,2024-12-05,CGY,STL,0,0.545906,0.454094,CGY,0
logistic_engineered,20232024,20242025,20242025,2024020418,2024-12-05,EDM,CBJ,1,0.631737,0.368263,EDM,1
logistic_engineered,20232024,20242025,20242025,2024020419,2024-12-06,TOR,WSH,0,0.543569,0.456431,TOR,0
logistic_engineered,20232024,20242025,20242025,2024020420,2024-12-06,NJD,SEA,1,0.63934,0.36066,NJD,1
logistic_engineered,20232024,20242025,20242025,2024020421,2024-12-06,NYR,PIT,1,0.644405,0.355595,NYR,1
logistic_engineered,20232024,20242025,20242025,2024020422,2024-12-06,VAN,CBJ,1,0.70232,0.29768,VAN,1
logistic_engineered,20232024,20242025,20242025,2024020423,2024-12-06,VGK,DAL,1,0.460162,0.539838,DAL,0
logistic_engineered,20232024,20242025,20242025,2024020424,2024-12-06,ANA,MIN,0,0.390611,0.609389,MIN,1
logistic_engineered,20232024,20242025,20242025,2024020425,2024-12-07,BOS,PHI,1,0.587858,0.412142,BOS,1
logistic_engineered,20232024,20242025,20242025,2024020426,2024-12-07,BUF,UTA,0,0.528276,0.471724,BUF,0
logistic_engineered,20232024,20242025,20242025,2024020427,2024-12-07,CHI,WPG,0,0.109789,0.890211,WPG,1
logistic_engineered,20232024,20242025,20242025,2024020428,2024-12-07,NYI,CAR,1,0.389085,0.610915,CAR,0
logistic_engineered,20232024,20242025,20242025,2024020429,2024-12-07,FLA,SJS,1,0.770399,0.229601,FLA,1
logistic_engineered,20232024,20242025,20242025,2024020430,2024-12-07,MTL,WSH,0,0.479238,0.520762,WSH,1
logistic_engineered,20232024,20242025,20242025,2024020431,2024-12-07,OTT,NSH,1,0.557244,0.442756,OTT,1
logistic_engineered,20232024,20242025,20242025,2024020432,2024-12-07,DET,COL,0,0.473887,0.526113,COL,1
logistic_engineered,20232024,20242025,20242025,2024020433,2024-12-07,PIT,TOR,1,0.382152,0.617848,TOR,0
logistic_engineered,20232024,20242025,20242025,2024020434,2024-12-07,LAK,MIN,1,0.545839,0.454161,LAK,1
logistic_engineered,20232024,20242025,20242025,2024020435,2024-12-07,EDM,STL,1,0.60293,0.39707,EDM,1
logistic_engineered,20232024,20242025,20242025,2024020436,2024-12-08,NYR,SEA,0,0.595335,0.404665,NYR,0
logistic_engineered,20232024,20242025,20242025,2024020437,2024-12-08,VAN,TBL,0,0.509344,0.490656,VAN,0
logistic_engineered,20232024,20242025,20242025,2024020438,2024-12-08,OTT,NYI,0,0.498187,0.501813,NYI,1
logistic_engineered,20232024,20242025,20242025,2024020439,2024-12-08,WPG,CBJ,0,0.619973,0.380027,WPG,0
logistic_engineered,20232024,20242025,20242025,2024020440,2024-12-08,NJD,COL,0,0.578814,0.421186,NJD,0
logistic_engineered,20232024,20242025,20242025,2024020441,2024-12-08,PHI,UTA,0,0.47079,0.52921,UTA,1
logistic_engineered,20232024,20242025,20242025,2024020442,2024-12-08,DAL,CGY,1,0.664433,0.335567,DAL,1
logistic_engineered,20232024,20242025,20242025,2024020443,2024-12-09,BUF,DET,0,0.800597,0.199403,BUF,0
logistic_engineered,20232024,20242025,20242025,2024020444,2024-12-09,NYR,CHI,0,0.664273,0.335727,NYR,0
logistic_engineered,20232024,20242025,20242025,2024020445,2024-12-09,MTL,ANA,1,0.54352,0.45648,MTL,1
logistic_engineered,20232024,20242025,20242025,2024020446,2024-12-10,NJD,TOR,0,0.492292,0.507708,TOR,1
logistic_engineered,20232024,20242025,20242025,2024020447,2024-12-10,PIT,COL,0,0.471417,0.528583,COL,1
logistic_engineered,20232024,20242025,20242025,2024020448,2024-12-10,CAR,SJS,1,0.77548,0.22452,CAR,1
logistic_engineered,20232024,20242025,20242025,2024020449,2024-12-10,CBJ,PHI,0,0.556207,0.443793,CBJ,0
logistic_engineered,20232024,20242025,20242025,2024020450,2024-12-10,NYI,LAK,0,0.467372,0.532628,LAK,1
logistic_engineered,20232024,20242025,20242025,2024020451,2024-12-10,NSH,CGY,0,0.555356,0.444644,NSH,0
logistic_engineered,20232024,20242025,20242025,2024020452,2024-12-10,WPG,BOS,1,0.600967,0.399033,WPG,1
logistic_engineered,20232024,20242025,20242025,2024020453,2024-12-10,EDM,TBL,1,0.546642,0.453358,EDM,1
logistic_engineered,20232024,20242025,20242025,2024020454,2024-12-10,UTA,MIN,0,0.473103,0.526897,MIN,1
logistic_engineered,20232024,20242025,20242025,2024020455,2024-12-10,VAN,STL,0,0.575801,0.424199,VAN,0
logistic_engineered,20232024,20242025,20242025,2024020456,2024-12-10,SEA,FLA,0,0.442206,0.557794,FLA,1
logistic_engineered,20232024,20242025,20242025,2024020457,2024-12-11,BUF,NYR,0,0.467243,0.532757,NYR,1
logistic_engineered,20232024,20242025,20242025,2024020458,2024-12-11,OTT,ANA,1,0.627826,0.372174,OTT,1
logistic_engineered,20232024,20242025,20242025,2024020459,2024-12-12,TOR,ANA,1,0.496395,0.503605,ANA,0
logistic_engineered,20232024,20242025,20242025,2024020460,2024-12-12,MTL,PIT,0,0.236487,0.763513,PIT,1
logistic_engineered,20232024,20242025,20242025,2024020461,2024-12-12,NJD,LAK,1,0.500336,0.499664,NJD,1
logistic_engineered,20232024,20242025,20242025,2024020462,2024-12-12,PHI,DET,1,0.507536,0.492464,PHI,1
logistic_engineered,20232024,20242025,20242025,2024020463,2024-12-12,CBJ,WSH,0,0.406949,0.593051,WSH,1
logistic_engineered,20232024,20242025,20242025,2024020464,2024-12-12,NYI,CHI,1,0.868461,0.131539,NYI,1
logistic_engineered,20232024,20242025,20242025,2024020465,2024-12-12,STL,SJS,0,0.698725,0.301275,STL,0
logistic_engineered,20232024,20242025,20242025,2024020466,2024-12-12,DAL,NSH,0,0.740982,0.259018,DAL,0
logistic_engineered,20232024,20242025,20242025,2024020467,2024-12-12,MIN,EDM,0,0.209699,0.790301,EDM,1
logistic_engineered,20232024,20242025,20242025,2024020468,2024-12-12,WPG,VGK,0,0.566031,0.433969,WPG,0
logistic_engineered,20232024,20242025,20242025,2024020469,2024-12-12,COL,UTA,0,0.573027,0.426973,COL,0
logistic_engineered,20232024,20242025,20242025,2024020470,2024-12-12,CGY,TBL,0,0.461623,0.538377,TBL,1
logistic_engineered,20232024,20242025,20242025,2024020471,2024-12-12,VAN,FLA,1,0.502306,0.497694,VAN,1
logistic_engineered,20232024,20242025,20242025,2024020472,2024-12-12,SEA,BOS,1,0.547823,0.452177,SEA,1
logistic_engineered,20232024,20242025,20242025,2024020473,2024-12-13,CAR,OTT,0,0.692107,0.307893,CAR,0
logistic_engineered,20232024,20242025,20242025,2024020474,2024-12-14,NJD,CHI,1,0.746554,0.253446,NJD,1
logistic_engineered,20232024,20242025,20242025,2024020475,2024-12-14,NYR,LAK,0,0.268687,0.731313,LAK,1
logistic_engineered,20232024,20242025,20242025,2024020476,2024-12-14,MIN,PHI,1,0.603397,0.396603,MIN,1
logistic_engineered,20232024,20242025,20242025,2024020477,2024-12-14,EDM,VGK,1,0.544111,0.455889,EDM,1
logistic_engineered,20232024,20242025,20242025,2024020478,2024-12-14,OTT,PIT,1,0.409177,0.590823,PIT,0
logistic_engineered,20232024,20242025,20242025,2024020479,2024-12-14,DET,TOR,1,0.445027,0.554973,TOR,0
logistic_engineered,20232024,20242025,20242025,2024020480,2024-12-14,WSH,BUF,1,0.611385,0.388615,WSH,1
logistic_engineered,20232024,20242025,20242025,2024020481,2024-12-14,CBJ,ANA,0,0.615272,0.384728,CBJ,0
logistic_engineered,20232024,20242025,20242025,2024020482,2024-12-14,WPG,MTL,1,0.747809,0.252191,WPG,1
logistic_engineered,20232024,20242025,20242025,2024020483,2024-12-14,DAL,STL,1,0.654466,0.345534,DAL,1
logistic_engineered,20232024,20242025,20242025,2024020484,2024-12-14,COL,NSH,1,0.622701,0.377299,COL,1
logistic_engineered,20232024,20242025,20242025,2024020485,2024-12-14,CGY,FLA,1,0.411889,0.588111,FLA,0
logistic_engineered,20232024,20242025,20242025,2024020486,2024-12-14,VAN,BOS,0,0.581142,0.418858,VAN,0
logistic_engineered,20232024,20242025,20242025,2024020487,2024-12-14,SJS,UTA,0,0.41383,0.58617,UTA,1
logistic_engineered,20232024,20242025,20242025,2024020488,2024-12-14,SEA,TBL,0,0.480838,0.519162,TBL,1
logistic_engineered,20232024,20242025,20242025,2024020489,2024-12-15,CHI,NYI,1,0.306608,0.693392,NYI,0
logistic_engineered,20232024,20242025,20242025,2024020490,2024-12-15,TOR,BUF,1,0.56998,0.43002,TOR,1
logistic_engineered,20232024,20242025,20242025,2024020491,2024-12-15,CAR,CBJ,1,0.74953,0.25047,CAR,1
logistic_engineered,20232024,20242025,20242025,2024020492,2024-12-15,STL,NYR,1,0.43551,0.56449,NYR,0
logistic_engineered,20232024,20242025,20242025,2024020493,2024-12-15,MIN,VGK,0,0.481163,0.518837,VGK,1
logistic_engineered,20232024,20242025,20242025,2024020494,2024-12-16,DAL,WSH,1,0.576062,0.423938,DAL,1
logistic_engineered,20232024,20242025,20242025,2024020495,2024-12-16,EDM,FLA,0,0.510174,0.489826,EDM,0
logistic_engineered,20232024,20242025,20242025,2024020496,2024-12-16,VAN,COL,1,0.538185,0.461815,VAN,1
logistic_engineered,20232024,20242025,20242025,2024020497,2024-12-17,MTL,BUF,1,0.749594,0.250406,MTL,1
logistic_engineered,20232024,20242025,20242025,2024020498,2024-12-17,TBL,CBJ,1,0.700363,0.299637,TBL,1
logistic_engineered,20232024,20242025,20242025,2024020499,2024-12-17,PIT,LAK,1,0.476147,0.523853,LAK,0
logistic_engineered,20232024,20242025,20242025,2024020500,2024-12-17,CAR,NYI,1,0.846291,0.153709,CAR,1
logistic_engineered,20232024,20242025,20242025,2024020501,2024-12-17,STL,NJD,0,0.48927,0.51073,NJD,1
logistic_engineered,20232024,20242025,20242025,2024020502,2024-12-17,NSH,NYR,1,0.446527,0.553473,NYR,0
logistic_engineered,20232024,20242025,20242025,2024020503,2024-12-17,CHI,WSH,1,0.405771,0.594229,WSH,0
logistic_engineered,20232024,20242025,20242025,2024020504,2024-12-17,CGY,BOS,0,0.482913,0.517087,BOS,1
logistic_engineered,20232024,20242025,20242025,2024020505,2024-12-17,SEA,OTT,0,0.588246,0.411754,SEA,0
logistic_engineered,20232024,20242025,20242025,2024020506,2024-12-17,SJS,WPG,0,0.291583,0.708417,WPG,1
logistic_engineered,20232024,20242025,20242025,2024020507,2024-12-18,DET,PHI,1,0.543179,0.456821,DET,1
logistic_engineered,20232024,20242025,20242025,2024020508,2024-12-18,DAL,TOR,0,0.286188,0.713812,TOR,1
logistic_engineered,20232024,20242025,20242025,2024020509,2024-12-18,MIN,FLA,0,0.480924,0.519076,FLA,1
logistic_engineered,20232024,20242025,20242025,2024020510,2024-12-18,UTA,VAN,1,0.450937,0.549063,VAN,0
logistic_engineered,20232024,20242025,20242025,2024020511,2024-12-18,ANA,WPG,1,0.373339,0.626661,WPG,0
logistic_engineered,20232024,20242025,20242025,2024020512,2024-12-19,TBL,STL,1,0.824656,0.175344,TBL,1
logistic_engineered,20232024,20242025,20242025,2024020513,2024-12-19,PHI,LAK,0,0.35341,0.64659,LAK,1
logistic_engineered,20232024,20242025,20242025,2024020514,2024-12-19,CBJ,NJD,1,0.42143,0.57857,NJD,0
logistic_engineered,20232024,20242025,20242025,2024020515,2024-12-19,NSH,PIT,0,0.505819,0.494181,NSH,0
logistic_engineered,20232024,20242025,20242025,2024020516,2024-12-19,CHI,SEA,1,0.40524,0.59476,SEA,0
logistic_engineered,20232024,20242025,20242025,2024020517,2024-12-19,CGY,OTT,0,0.552479,0.447521,CGY,0
logistic_engineered,20232024,20242025,20242025,2024020518,2024-12-19,EDM,BOS,1,0.574629,0.425371,EDM,1
logistic_engineered,20232024,20242025,20242025,2024020519,2024-12-19,VGK,VAN,1,0.585227,0.414773,VGK,1
logistic_engineered,20232024,20242025,20242025,2024020520,2024-12-19,SJS,COL,0,0.348712,0.651288,COL,1
logistic_engineered,20232024,20242025,20242025,2024020521,2024-12-20,BUF,TOR,0,0.204618,0.795382,TOR,1
logistic_engineered,20232024,20242025,20242025,2024020522,2024-12-20,DET,MTL,0,0.60638,0.39362,DET,0
logistic_engineered,20232024,20242025,20242025,2024020523,2024-12-20,FLA,STL,1,0.695324,0.304676,FLA,1
logistic_engineered,20232024,20242025,20242025,2024020524,2024-12-20,WSH,CAR,1,0.485376,0.514624,CAR,0
logistic_engineered,20232024,20242025,20242025,2024020525,2024-12-20,DAL,NYR,0,0.573252,0.426748,DAL,0
logistic_engineered,20232024,20242025,20242025,2024020526,2024-12-20,MIN,UTA,0,0.570905,0.429095,MIN,0
logistic_engineered,20232024,20242025,20242025,2024020527,2024-12-20,ANA,COL,0,0.441138,0.558862,COL,1
logistic_engineered,20232024,20242025,20242025,2024020528,2024-12-21,NSH,LAK,1,0.460868,0.539132,LAK,0
logistic_engineered,20232024,20242025,20242025,2024020529,2024-12-21,CGY,CHI,1,0.649771,0.350229,CGY,1
logistic_engineered,20232024,20242025,20242025,2024020530,2024-12-21,EDM,SJS,1,0.773393,0.226607,EDM,1
logistic_engineered,20232024,20242025,20242025,2024020531,2024-12-21,BOS,BUF,1,0.680503,0.319497,BOS,1
logistic_engineered,20232024,20242025,20242025,2024020532,2024-12-21,TOR,NYI,0,0.469361,0.530639,NYI,1
logistic_engineered,20232024,20242025,20242025,2024020533,2024-12-21,MTL,DET,1,0.425789,0.574211,DET,0
logistic_engineered,20232024,20242025,20242025,2024020534,2024-12-21,NJD,PIT,1,0.553232,0.446768,NJD,1
logistic_engineered,20232024,20242025,20242025,2024020535,2024-12-21,PHI,CBJ,1,0.580437,0.419563,PHI,1
logistic_engineered,20232024,20242025,20242025,2024020536,2024-12-21,WPG,MIN,1,0.695102,0.304898,WPG,1
logistic_engineered,20232024,20242025,20242025,2024020537,2024-12-21,VAN,OTT,0,0.567162,0.432838,VAN,0
logistic_engineered,20232024,20242025,20242025,2024020538,2024-12-21,VGK,SEA,1,0.568728,0.431272,VGK,1
logistic_engineered,20232024,20242025,20242025,2024020539,2024-12-22,NYR,CAR,0,0.501045,0.498955,NYR,0
logistic_engineered,20232024,20242025,20242025,2024020540,2024-12-22,TBL,FLA,0,0.496453,0.503547,FLA,1
logistic_engineered,20232024,20242025,20242025,2024020541,2024-12-22,WSH,LAK,1,0.619815,0.380185,WSH,1
logistic_engineered,20232024,20242025,20242025,2024020542,2024-12-22,UTA,ANA,0,0.647119,0.352881,UTA,0
logistic_engineered,20232024,20242025,20242025,2024020543,2024-12-22,COL,SEA,1,0.664469,0.335531,COL,1
logistic_engineered,20232024,20242025,20242025,2024020544,2024-12-22,EDM,OTT,1,0.801262,0.198738,EDM,1
logistic_engineered,20232024,20242025,20242025,2024020545,2024-12-23,NJD,NYR,1,0.537011,0.462989,NJD,1
logistic_engineered,20232024,20242025,20242025,2024020546,2024-12-23,TOR,WPG,0,0.455691,0.544309,WPG,1
logistic_engineered,20232024,20242025,20242025,2024020547,2024-12-23,BOS,WSH,1,0.569042,0.430958,BOS,1
logistic_engineered,20232024,20242025,20242025,2024020548,2024-12-23,DET,STL,0,0.490363,0.509637,STL,1
logistic_engineered,20232024,20242025,20242025,2024020549,2024-12-23,FLA,TBL,0,0.50559,0.49441,FLA,0
logistic_engineered,20232024,20242025,20242025,2024020550,2024-12-23,PIT,PHI,1,0.803602,0.196398,PIT,1
logistic_engineered,20232024,20242025,20242025,2024020551,2024-12-23,CBJ,MTL,1,0.617765,0.382235,CBJ,1
logistic_engineered,20232024,20242025,20242025,2024020552,2024-12-23,NYI,BUF,0,0.576389,0.423611,NYI,0
logistic_engineered,20232024,20242025,20242025,2024020553,2024-12-23,NSH,CAR,1,0.464619,0.535381,CAR,0
logistic_engineered,20232024,20242025,20242025,2024020554,2024-12-23,MIN,CHI,1,0.704548,0.295452,MIN,1
logistic_engineered,20232024,20242025,20242025,2024020555,2024-12-23,VAN,SJS,1,0.776474,0.223526,VAN,1
logistic_engineered,20232024,20242025,20242025,2024020556,2024-12-23,UTA,DAL,0,0.321152,0.678848,DAL,1
logistic_engineered,20232024,20242025,20242025,2024020557,2024-12-23,VGK,ANA,1,0.894917,0.105083,VGK,1
logistic_engineered,20232024,20242025,20242025,2024020558,2024-12-27,BUF,CHI,1,0.865218,0.134782,BUF,1
logistic_engineered,20232024,20242025,20242025,2024020559,2024-12-27,DET,TOR,0,0.204921,0.795079,TOR,1
logistic_engineered,20232024,20242025,20242025,2024020560,2024-12-27,NJD,CAR,1,0.476651,0.523349,CAR,0
logistic_engineered,20232024,20242025,20242025,2024020561,2024-12-27,CBJ,BOS,1,0.420379,0.579621,BOS,0
logistic_engineered,20232024,20242025,20242025,2024020562,2024-12-27,STL,NSH,1,0.776556,0.223444,STL,1
logistic_engineered,20232024,20242025,20242025,2024020563,2024-12-27,DAL,MIN,0,0.622033,0.377967,DAL,0
logistic_engineered,20232024,20242025,20242025,2024020564,2024-12-27,UTA,COL,0,0.427047,0.572953,COL,1
logistic_engineered,20232024,20242025,20242025,2024020565,2024-12-27,SJS,VGK,0,0.328405,0.671595,VGK,1
logistic_engineered,20232024,20242025,20242025,2024020566,2024-12-28,FLA,MTL,0,0.709176,0.290824,FLA,0
logistic_engineered,20232024,20242025,20242025,2024020567,2024-12-28,VAN,SEA,0,0.572067,0.427933,VAN,0
logistic_engineered,20232024,20242025,20242025,2024020568,2024-12-28,ANA,PHI,0,0.457249,0.542751,PHI,1
logistic_engineered,20232024,20242025,20242025,2024020569,2024-12-28,LAK,EDM,1,0.484598,0.515402,EDM,0
logistic_engineered,20232024,20242025,20242025,2024020570,2024-12-28,BOS,CBJ,1,0.63899,0.36101,BOS,1
logistic_engineered,20232024,20242025,20242025,2024020571,2024-12-28,TOR,WSH,0,0.422639,0.577361,WSH,1
logistic_engineered,20232024,20242025,20242025,2024020572,2024-12-28,TBL,NYR,1,0.801035,0.198965,TBL,1
logistic_engineered,20232024,20242025,20242025,2024020573,2024-12-28,CAR,NJD,1,0.510486,0.489514,CAR,1
logistic_engineered,20232024,20242025,20242025,2024020574,2024-12-28,WPG,OTT,1,0.622797,0.377203,WPG,1
logistic_engineered,20232024,20242025,20242025,2024020575,2024-12-28,NYI,PIT,1,0.521273,0.478727,NYI,1
logistic_engineered,20232024,20242025,20242025,2024020576,2024-12-28,SJS,CGY,0,0.270193,0.729807,CGY,1
logistic_engineered,20232024,20242025,20242025,2024020577,2024-12-29,CHI,DAL,0,0.312018,0.687982,DAL,1
logistic_engineered,20232024,20242025,20242025,2024020578,2024-12-29,ANA,EDM,1,0.311673,0.688327,EDM,0
logistic_engineered,20232024,20242025,20242025,2024020579,2024-12-29,DET,WSH,1,0.526682,0.473318,DET,1
logistic_engineered,20232024,20242025,20242025,2024020580,2024-12-29,TBL,MTL,0,0.654601,0.345399,TBL,0
logistic_engineered,20232024,20242025,20242025,2024020581,2024-12-29,PIT,NYI,1,0.575424,0.424576,PIT,1
logistic_engineered,20232024,20242025,20242025,2024020582,2024-12-29,STL,BUF,0,0.524995,0.475005,STL,0
logistic_engineered,20232024,20242025,20242025,2024020583,2024-12-29,MIN,OTT,0,0.612831,0.387169,MIN,0
logistic_engineered,20232024,20242025,20242025,2024020584,2024-12-29,VGK,CGY,1,0.649429,0.350571,VGK,1
logistic_engineered,20232024,20242025,20242025,2024020585,2024-12-29,LAK,PHI,1,0.577367,0.422633,LAK,1
logistic_engineered,20232024,20242025,20242025,2024020586,2024-12-30,FLA,NYR,1,0.573671,0.426329,FLA,1
logistic_engineered,20232024,20242025,20242025,2024020587,2024-12-30,WPG,NSH,1,0.658681,0.341319,WPG,1
logistic_engineered,20232024,20242025,20242025,2024020588,2024-12-30,SEA,UTA,1,0.536299,0.463701,SEA,1
logistic_engineered,20232024,20242025,20242025,2024020589,2024-12-31,WSH,BOS,1,0.528599,0.471401,WSH,1
logistic_engineered,20232024,20242025,20242025,2024020590,2024-12-31,TOR,NYI,1,0.615233,0.384767,TOR,1
logistic_engineered,20232024,20242025,20242025,2024020591,2024-12-31,VGK,MTL,0,0.666211,0.333789,VGK,0
logistic_engineered,20232024,20242025,20242025,2024020592,2024-12-31,CHI,STL,0,0.457619,0.542381,STL,1
logistic_engineered,20232024,20242025,20242025,2024020593,2024-12-31,DET,PIT,1,0.524318,0.475682,DET,1
logistic_engineered,20232024,20242025,20242025,2024020594,2024-12-31,CBJ,CAR,1,0.403066,0.596934,CAR,0
logistic_engineered,20232024,20242025,20242025,2024020595,2024-12-31,DAL,BUF,1,0.619671,0.380329,DAL,1
logistic_engineered,20232024,20242025,20242025,2024020596,2024-12-31,MIN,NSH,1,0.63301,0.36699,MIN,1
logistic_engineered,20232024,20242025,20242025,2024020597,2024-12-31,COL,WPG,1,0.529483,0.470517,COL,1
logistic_engineered,20232024,20242025,20242025,2024020598,2024-12-31,ANA,NJD,1,0.41638,0.58362,NJD,0
logistic_engineered,20232024,20242025,20242025,2024020599,2024-12-31,SJS,PHI,0,0.680324,0.319676,SJS,0
logistic_engineered,20232024,20242025,20242025,2024020600,2024-12-31,CGY,VAN,1,0.477672,0.522328,VAN,0
logistic_engineered,20232024,20242025,20242025,2024020601,2024-12-31,EDM,UTA,1,0.709655,0.290345,EDM,1
logistic_engineered,20232024,20242025,20242025,2024020602,2025-01-01,LAK,NJD,1,0.623583,0.376417,LAK,1
logistic_engineered,20232024,20242025,20242025,2024020603,2025-01-02,FLA,CAR,0,0.570212,0.429788,FLA,0
logistic_engineered,20232024,20242025,20242025,2024020604,2025-01-02,NYR,BOS,1,0.54679,0.45321,NYR,1
logistic_engineered,20232024,20242025,20242025,2024020605,2025-01-02,WSH,MIN,0,0.552172,0.447828,WSH,0
logistic_engineered,20232024,20242025,20242025,2024020606,2025-01-02,CBJ,DET,0,0.471664,0.528336,DET,1
logistic_engineered,20232024,20242025,20242025,2024020607,2025-01-02,NYI,TOR,0,0.458661,0.541339,TOR,1
logistic_engineered,20232024,20242025,20242025,2024020608,2025-01-02,DAL,OTT,1,0.660917,0.339083,DAL,1
logistic_engineered,20232024,20242025,20242025,2024020609,2025-01-02,WPG,ANA,0,0.739398,0.260602,WPG,0
logistic_engineered,20232024,20242025,20242025,2024020610,2025-01-02,COL,BUF,1,0.318204,0.681796,BUF,0
logistic_engineered,20232024,20242025,20242025,2024020611,2025-01-02,CGY,UTA,0,0.586366,0.413634,CGY,0
logistic_engineered,20232024,20242025,20242025,2024020612,2025-01-02,VGK,PHI,1,0.648607,0.351393,VGK,1
logistic_engineered,20232024,20242025,20242025,2024020613,2025-01-02,SEA,VAN,0,0.746835,0.253165,SEA,0
logistic_engineered,20232024,20242025,20242025,2024020614,2025-01-02,SJS,TBL,1,0.266082,0.733918,TBL,0
logistic_engineered,20232024,20242025,20242025,2024020615,2025-01-03,FLA,PIT,1,0.528606,0.471394,FLA,1
logistic_engineered,20232024,20242025,20242025,2024020616,2025-01-03,CHI,MTL,1,0.521306,0.478694,CHI,1
logistic_engineered,20232024,20242025,20242025,2024020617,2025-01-03,STL,OTT,1,0.583863,0.416137,STL,1
logistic_engineered,20232024,20242025,20242025,2024020618,2025-01-03,EDM,ANA,1,0.766175,0.233825,EDM,1
logistic_engineered,20232024,20242025,20242025,2024020619,2025-01-03,VAN,NSH,0,0.476465,0.523535,NSH,1
logistic_engineered,20232024,20242025,20242025,2024020620,2025-01-04,WSH,NYR,1,0.526446,0.473554,WSH,1
logistic_engineered,20232024,20242025,20242025,2024020621,2025-01-04,WPG,DET,0,0.645605,0.354395,WPG,0
logistic_engineered,20232024,20242025,20242025,2024020622,2025-01-04,SJS,NJD,1,0.339554,0.660446,NJD,0
logistic_engineered,20232024,20242025,20242025,2024020623,2025-01-04,TOR,BOS,1,0.574492,0.425508,TOR,1
logistic_engineered,20232024,20242025,20242025,2024020624,2025-01-04,CAR,MIN,0,0.586387,0.413613,CAR,0
logistic_engineered,20232024,20242025,20242025,2024020625,2025-01-04,CBJ,STL,1,0.536236,0.463764,CBJ,1
logistic_engineered,20232024,20242025,20242025,2024020626,2025-01-04,COL,MTL,0,0.722871,0.277129,COL,0
logistic_engineered,20232024,20242025,20242025,2024020627,2025-01-04,CGY,NSH,0,0.611166,0.388834,CGY,0
logistic_engineered,20232024,20242025,20242025,2024020628,2025-01-04,DAL,UTA,1,0.655387,0.344613,DAL,1
logistic_engineered,20232024,20242025,20242025,2024020629,2025-01-04,LAK,TBL,1,0.525837,0.474163,LAK,1
logistic_engineered,20232024,20242025,20242025,2024020630,2025-01-04,VGK,BUF,1,0.635431,0.364569,VGK,1
logistic_engineered,20232024,20242025,20242025,2024020631,2025-01-04,SEA,EDM,0,0.467384,0.532616,EDM,1
logistic_engineered,20232024,20242025,20242025,2024020632,2025-01-05,CHI,NYR,0,0.451892,0.548108,NYR,1
logistic_engineered,20232024,20242025,20242025,2024020633,2025-01-05,BOS,NYI,0,0.493474,0.506526,NYI,1
logistic_engineered,20232024,20242025,20242025,2024020634,2025-01-05,CAR,PIT,1,0.518722,0.481278,CAR,1
logistic_engineered,20232024,20242025,20242025,2024020635,2025-01-05,TOR,PHI,1,0.547272,0.452728,TOR,1
logistic_engineered,20232024,20242025,20242025,2024020636,2025-01-05,ANA,TBL,1,0.423018,0.576982,TBL,0
logistic_engineered,20232024,20242025,20242025,2024020637,2025-01-06,BUF,WSH,1,0.489272,0.510728,WSH,0
logistic_engineered,20232024,20242025,20242025,2024020638,2025-01-06,MTL,VAN,1,0.434491,0.565509,VAN,0
logistic_engineered,20232024,20242025,20242025,2024020639,2025-01-06,COL,FLA,1,0.495381,0.504619,FLA,0
logistic_engineered,20232024,20242025,20242025,2024020640,2025-01-06,SEA,NJD,0,0.496282,0.503718,NJD,1
logistic_engineered,20232024,20242025,20242025,2024020029,2025-01-07,TBL,CAR,1,0.534148,0.465852,TBL,1
logistic_engineered,20232024,20242025,20242025,2024020641,2025-01-07,BOS,EDM,0,0.708714,0.291286,BOS,0
logistic_engineered,20232024,20242025,20242025,2024020642,2025-01-07,DET,OTT,1,0.23811,0.76189,OTT,0
logistic_engineered,20232024,20242025,20242025,2024020643,2025-01-07,NYR,DAL,0,0.425767,0.574233,DAL,1
logistic_engineered,20232024,20242025,20242025,2024020644,2025-01-07,PHI,TOR,0,0.421403,0.578597,TOR,1
logistic_engineered,20232024,20242025,20242025,2024020645,2025-01-07,PIT,CBJ,0,0.60063,0.39937,PIT,0
logistic_engineered,20232024,20242025,20242025,2024020646,2025-01-07,MIN,STL,1,0.277879,0.722121,STL,0
logistic_engineered,20232024,20242025,20242025,2024020647,2025-01-07,WPG,NSH,1,0.641634,0.358366,WPG,1
logistic_engineered,20232024,20242025,20242025,2024020648,2025-01-07,ANA,CGY,0,0.445088,0.554912,CGY,1
logistic_engineered,20232024,20242025,20242025,2024020649,2025-01-07,SJS,VGK,0,0.297769,0.702231,VGK,1
logistic_engineered,20232024,20242025,20242025,2024020650,2025-01-08,WSH,VAN,1,0.515082,0.484918,WSH,1
logistic_engineered,20232024,20242025,20242025,2024020651,2025-01-08,CHI,COL,1,0.367171,0.632829,COL,0
logistic_engineered,20232024,20242025,20242025,2024020652,2025-01-08,UTA,FLA,0,0.460401,0.539599,FLA,1
logistic_engineered,20232024,20242025,20242025,2024020654,2025-01-09,OTT,BUF,0,0.533239,0.466761,OTT,0
logistic_engineered,20232024,20242025,20242025,2024020655,2025-01-09,TBL,BOS,1,0.600968,0.399032,TBL,1
logistic_engineered,20232024,20242025,20242025,2024020656,2025-01-09,NYR,NJD,1,0.519548,0.480452,NYR,1
logistic_engineered,20232024,20242025,20242025,2024020657,2025-01-09,PHI,DAL,0,0.371608,0.628392,DAL,1
logistic_engineered,20232024,20242025,20242025,2024020658,2025-01-09,PIT,EDM,1,0.420573,0.579427,EDM,0
logistic_engineered,20232024,20242025,20242025,2024020659,2025-01-09,CAR,TOR,1,0.533222,0.466778,CAR,1
logistic_engineered,20232024,20242025,20242025,2024020660,2025-01-09,CBJ,SEA,1,0.665578,0.334422,CBJ,1
logistic_engineered,20232024,20242025,20242025,2024020661,2025-01-09,STL,ANA,1,0.827984,0.172016,STL,1
logistic_engineered,20232024,20242025,20242025,2024020662,2025-01-09,MIN,COL,0,0.535982,0.464018,MIN,0
logistic_engineered,20232024,20242025,20242025,2024020663,2025-01-09,VGK,NYI,0,0.606438,0.393562,VGK,0
logistic_engineered,20232024,20242025,20242025,2024020664,2025-01-10,DET,CHI,1,0.685708,0.314292,DET,1
logistic_engineered,20232024,20242025,20242025,2024020665,2025-01-10,WSH,MTL,0,0.375337,0.624663,MTL,1
logistic_engineered,20232024,20242025,20242025,2024020666,2025-01-10,CAR,VAN,1,0.471916,0.528084,VAN,0
logistic_engineered,20232024,20242025,20242025,2024020667,2025-01-10,WPG,LAK,0,0.536586,0.463414,WPG,0
logistic_engineered,20232024,20242025,20242025,2024020668,2025-01-10,UTA,SJS,1,0.696793,0.303207,UTA,1
logistic_engineered,20232024,20242025,20242025,2024020669,2025-01-11,FLA,BOS,0,0.603922,0.396078,FLA,0
logistic_engineered,20232024,20242025,20242025,2024020670,2025-01-11,BUF,SEA,0,0.590874,0.409126,BUF,0
logistic_engineered,20232024,20242025,20242025,2024020671,2025-01-11,PIT,OTT,0,0.261016,0.738984,OTT,1
logistic_engineered,20232024,20242025,20242025,2024020672,2025-01-11,TOR,VAN,0,0.616664,0.383336,TOR,0
logistic_engineered,20232024,20242025,20242025,2024020673,2025-01-11,MTL,DAL,0,0.274604,0.725396,DAL,1
logistic_engineered,20232024,20242025,20242025,2024020674,2025-01-11,NJD,TBL,1,0.491679,0.508321,TBL,0
logistic_engineered,20232024,20242025,20242025,2024020675,2025-01-11,PHI,ANA,1,0.628495,0.371505,PHI,1
logistic_engineered,20232024,20242025,20242025,2024020676,2025-01-11,CHI,EDM,0,0.230377,0.769623,EDM,1
logistic_engineered,20232024,20242025,20242025,2024020677,2025-01-11,STL,CBJ,0,0.605245,0.394755,STL,0
logistic_engineered,20232024,20242025,20242025,2024020678,2025-01-11,WPG,COL,1,0.469648,0.530352,COL,0
logistic_engineered,20232024,20242025,20242025,2024020679,2025-01-11,NSH,WSH,0,0.56884,0.43116,NSH,0
logistic_engineered,20232024,20242025,20242025,2024020680,2025-01-11,UTA,NYI,0,0.444091,0.555909,NYI,1
logistic_engineered,20232024,20242025,20242025,2024020681,2025-01-11,CGY,LAK,1,0.51305,0.48695,CGY,1
logistic_engineered,20232024,20242025,20242025,2024020682,2025-01-11,VGK,NYR,0,0.571125,0.428875,VGK,0
logistic_engineered,20232024,20242025,20242025,2024020683,2025-01-11,SJS,MIN,0,0.288598,0.711402,MIN,1
logistic_engineered,20232024,20242025,20242025,2024020684,2025-01-12,DET,SEA,1,0.82852,0.17148,DET,1
logistic_engineered,20232024,20242025,20242025,2024020685,2025-01-12,OTT,DAL,1,0.334129,0.665871,DAL,0
logistic_engineered,20232024,20242025,20242025,2024020686,2025-01-12,PIT,TBL,0,0.404844,0.595156,TBL,1
logistic_engineered,20232024,20242025,20242025,2024020687,2025-01-12,CAR,ANA,0,0.774085,0.225915,CAR,0
logistic_engineered,20232024,20242025,20242025,2024020688,2025-01-12,VGK,MIN,1,0.55871,0.44129,VGK,1
logistic_engineered,20232024,20242025,20242025,2024020689,2025-01-13,PHI,FLA,1,0.418846,0.581154,FLA,0
logistic_engineered,20232024,20242025,20242025,2024020690,2025-01-13,CHI,CGY,0,0.444626,0.555374,CGY,1
logistic_engineered,20232024,20242025,20242025,2024020691,2025-01-13,EDM,LAK,1,0.557722,0.442278,EDM,1
logistic_engineered,20232024,20242025,20242025,2024020692,2025-01-14,BOS,TBL,1,0.538361,0.461639,BOS,1
logistic_engineered,20232024,20242025,20242025,2024020693,2025-01-14,TOR,DAL,0,0.480011,0.519989,DAL,1
logistic_engineered,20232024,20242025,20242025,2024020694,2025-01-14,DET,SJS,0,0.70884,0.29116,DET,0
logistic_engineered,20232024,20242025,20242025,2024020695,2025-01-14,NJD,FLA,0,0.563026,0.436974,NJD,0
logistic_engineered,20232024,20242025,20242025,2024020696,2025-01-14,PIT,SEA,0,0.60183,0.39817,PIT,0
logistic_engineered,20232024,20242025,20242025,2024020697,2025-01-14,WSH,ANA,1,0.699857,0.300143,WSH,1
logistic_engineered,20232024,20242025,20242025,2024020698,2025-01-14,CBJ,PHI,1,0.600466,0.399534,CBJ,1
logistic_engineered,20232024,20242025,20242025,2024020699,2025-01-14,NYI,OTT,0,0.590584,0.409416,NYI,0
logistic_engineered,20232024,20242025,20242025,2024020700,2025-01-14,STL,CGY,1,0.602509,0.397491,STL,1
logistic_engineered,20232024,20242025,20242025,2024020701,2025-01-14,NSH,VGK,1,0.451831,0.548169,VGK,0
logistic_engineered,20232024,20242025,20242025,2024020702,2025-01-14,WPG,VAN,1,0.579341,0.420659,WPG,1
logistic_engineered,20232024,20242025,20242025,2024020703,2025-01-14,COL,NYR,1,0.55252,0.44748,COL,1
logistic_engineered,20232024,20242025,20242025,2024020704,2025-01-14,UTA,MTL,0,0.564913,0.435087,UTA,0
logistic_engineered,20232024,20242025,20242025,2024020705,2025-01-15,BUF,CAR,1,0.460723,0.539277,CAR,0
logistic_engineered,20232024,20242025,20242025,2024020706,2025-01-15,MIN,EDM,0,0.458242,0.541758,EDM,1
logistic_engineered,20232024,20242025,20242025,2024020707,2025-01-16,TOR,NJD,1,0.586188,0.413812,TOR,1
logistic_engineered,20232024,20242025,20242025,2024020708,2025-01-16,OTT,WSH,0,0.490716,0.509284,WSH,1
logistic_engineered,20232024,20242025,20242025,2024020709,2025-01-16,TBL,ANA,1,0.69636,0.30364,TBL,1
logistic_engineered,20232024,20242025,20242025,2024020710,2025-01-16,FLA,DET,0,0.309002,0.690998,DET,1
logistic_engineered,20232024,20242025,20242025,2024020711,2025-01-16,CBJ,SJS,1,0.684222,0.315778,CBJ,1
logistic_engineered,20232024,20242025,20242025,2024020712,2025-01-16,NYI,PHI,0,0.594977,0.405023,NYI,0
logistic_engineered,20232024,20242025,20242025,2024020713,2025-01-16,STL,CGY,1,0.567435,0.432565,STL,1
logistic_engineered,20232024,20242025,20242025,2024020714,2025-01-16,NSH,CHI,1,0.688827,0.311173,NSH,1
logistic_engineered,20232024,20242025,20242025,2024020715,2025-01-16,DAL,MTL,0,0.699457,0.300543,DAL,0
logistic_engineered,20232024,20242025,20242025,2024020716,2025-01-16,WPG,SEA,1,0.715814,0.284186,WPG,1
logistic_engineered,20232024,20242025,20242025,2024020717,2025-01-16,UTA,NYR,0,0.422541,0.577459,NYR,1
logistic_engineered,20232024,20242025,20242025,2024020718,2025-01-16,COL,EDM,0,0.553799,0.446201,COL,0
logistic_engineered,20232024,20242025,20242025,2024020719,2025-01-16,VAN,LAK,0,0.49616,0.50384,LAK,1
logistic_engineered,20232024,20242025,20242025,2024020720,2025-01-17,BUF,PIT,0,0.552348,0.447652,BUF,0
logistic_engineered,20232024,20242025,20242025,2024020721,2025-01-17,CAR,VGK,1,0.549325,0.450675,CAR,1
logistic_engineered,20232024,20242025,20242025,2024020722,2025-01-18,NJD,PHI,0,0.604462,0.395538,NJD,0
logistic_engineered,20232024,20242025,20242025,2024020723,2025-01-18,OTT,BOS,1,0.447154,0.552846,BOS,0
logistic_engineered,20232024,20242025,20242025,2024020724,2025-01-18,COL,DAL,1,0.482873,0.517127,DAL,0
logistic_engineered,20232024,20242025,20242025,2024020725,2025-01-18,FLA,ANA,1,0.693897,0.306103,FLA,1
logistic_engineered,20232024,20242025,20242025,2024020726,2025-01-18,MTL,TOR,0,0.427375,0.572625,TOR,1
logistic_engineered,20232024,20242025,20242025,2024020727,2025-01-18,TBL,DET,1,0.824643,0.175357,TBL,1
logistic_engineered,20232024,20242025,20242025,2024020728,2025-01-18,NYR,CBJ,1,0.614137,0.385863,NYR,1
logistic_engineered,20232024,20242025,20242025,2024020729,2025-01-18,WSH,PIT,1,0.652237,0.347763,WSH,1
logistic_engineered,20232024,20242025,20242025,2024020730,2025-01-18,WPG,CGY,0,0.674797,0.325203,WPG,0
logistic_engineered,20232024,20242025,20242025,2024020731,2025-01-18,NYI,SJS,1,0.70574,0.29426,NYI,1
logistic_engineered,20232024,20242025,20242025,2024020732,2025-01-18,CHI,VGK,1,0.417162,0.582838,VGK,0
logistic_engineered,20232024,20242025,20242025,2024020733,2025-01-18,NSH,MIN,1,0.52287,0.47713,NSH,1
logistic_engineered,20232024,20242025,20242025,2024020734,2025-01-18,UTA,STL,1,0.481221,0.518779,STL,0
logistic_engineered,20232024,20242025,20242025,2024020735,2025-01-18,VAN,EDM,1,0.450543,0.549457,EDM,0
logistic_engineered,20232024,20242025,20242025,2024020736,2025-01-18,SEA,LAK,1,0.3973,0.6027,LAK,0
logistic_engineered,20232024,20242025,20242025,2024020737,2025-01-19,NJD,OTT,0,0.508757,0.491243,NJD,0
logistic_engineered,20232024,20242025,20242025,2024020738,2025-01-19,MTL,NYR,1,0.348773,0.651227,NYR,0
logistic_engineered,20232024,20242025,20242025,2024020739,2025-01-19,DAL,DET,1,0.621207,0.378793,DAL,1
logistic_engineered,20232024,20242025,20242025,2024020740,2025-01-20,BOS,SJS,1,0.741718,0.258282,BOS,1
logistic_engineered,20232024,20242025,20242025,2024020741,2025-01-20,COL,MIN,0,0.589052,0.410948,COL,0
logistic_engineered,20232024,20242025,20242025,2024020742,2025-01-20,SEA,BUF,1,0.442673,0.557327,BUF,0
logistic_engineered,20232024,20242025,20242025,2024020743,2025-01-20,VGK,STL,0,0.571659,0.428341,VGK,0
logistic_engineered,20232024,20242025,20242025,2024020744,2025-01-20,TOR,TBL,1,0.52366,0.47634,TOR,1
logistic_engineered,20232024,20242025,20242025,2024020745,2025-01-20,NYI,CBJ,1,0.582335,0.417665,NYI,1
logistic_engineered,20232024,20242025,20242025,2024020746,2025-01-20,CHI,CAR,0,0.314017,0.685983,CAR,1
logistic_engineered,20232024,20242025,20242025,2024020747,2025-01-20,UTA,WPG,1,0.371352,0.628648,WPG,0
logistic_engineered,20232024,20242025,20242025,2024020748,2025-01-20,LAK,PIT,0,0.618227,0.381773,LAK,0
logistic_engineered,20232024,20242025,20242025,2024020749,2025-01-21,MTL,TBL,1,0.496399,0.503601,TBL,0
logistic_engineered,20232024,20242025,20242025,2024020750,2025-01-21,NYR,OTT,1,0.827933,0.172067,NYR,1
logistic_engineered,20232024,20242025,20242025,2024020751,2025-01-21,PHI,DET,1,0.574507,0.425493,PHI,1
logistic_engineered,20232024,20242025,20242025,2024020752,2025-01-21,NSH,SJS,1,0.516827,0.483173,NSH,1
logistic_engineered,20232024,20242025,20242025,2024020753,2025-01-21,DAL,CAR,0,0.588354,0.411646,DAL,0
logistic_engineered,20232024,20242025,20242025,2024020754,2025-01-21,EDM,WSH,0,0.559152,0.440848,EDM,0
logistic_engineered,20232024,20242025,20242025,2024020755,2025-01-21,VAN,BUF,0,0.657212,0.342788,VAN,0
logistic_engineered,20232024,20242025,20242025,2024020756,2025-01-21,ANA,FLA,0,0.35769,0.64231,FLA,1
logistic_engineered,20232024,20242025,20242025,2024020757,2025-01-22,TOR,CBJ,0,0.629178,0.370822,TOR,0
logistic_engineered,20232024,20242025,20242025,2024020758,2025-01-22,NJD,BOS,1,0.515112,0.484888,NJD,1
logistic_engineered,20232024,20242025,20242025,2024020759,2025-01-22,COL,WPG,0,0.484806,0.515194,WPG,1
logistic_engineered,20232024,20242025,20242025,2024020760,2025-01-22,LAK,FLA,1,0.556184,0.443816,LAK,1
logistic_engineered,20232024,20242025,20242025,2024020761,2025-01-23,BOS,OTT,1,0.474082,0.525918,OTT,0
logistic_engineered,20232024,20242025,20242025,2024020762,2025-01-23,DET,MTL,1,0.579884,0.420116,DET,1
logistic_engineered,20232024,20242025,20242025,2024020763,2025-01-23,NYR,PHI,1,0.609808,0.390192,NYR,1
logistic_engineered,20232024,20242025,20242025,2024020764,2025-01-23,CAR,CBJ,1,0.716119,0.283881,CAR,1
logistic_engineered,20232024,20242025,20242025,2024020765,2025-01-23,STL,VGK,0,0.519695,0.480305,STL,0
logistic_engineered,20232024,20242025,20242025,2024020766,2025-01-23,MIN,UTA,0,0.598166,0.401834,MIN,0
logistic_engineered,20232024,20242025,20242025,2024020767,2025-01-23,CGY,BUF,1,0.572995,0.427005,CGY,1
logistic_engineered,20232024,20242025,20242025,2024020768,2025-01-23,EDM,VAN,1,0.577985,0.422015,EDM,1
logistic_engineered,20232024,20242025,20242025,2024020769,2025-01-23,ANA,PIT,1,0.445695,0.554305,PIT,0
logistic_engineered,20232024,20242025,20242025,2024020770,2025-01-23,SEA,WSH,0,0.409981,0.590019,WSH,1
logistic_engineered,20232024,20242025,20242025,2024020771,2025-01-23,SJS,NSH,0,0.365685,0.634315,NSH,1
logistic_engineered,20232024,20242025,20242025,2024020772,2025-01-24,NYI,PHI,1,0.634617,0.365383,NYI,1
logistic_engineered,20232024,20242025,20242025,2024020773,2025-01-24,CHI,TBL,0,0.355879,0.644121,TBL,1
logistic_engineered,20232024,20242025,20242025,2024020774,2025-01-24,DAL,VGK,1,0.639334,0.360666,DAL,1
logistic_engineered,20232024,20242025,20242025,2024020775,2025-01-24,WPG,UTA,1,0.718213,0.281787,WPG,1
logistic_engineered,20232024,20242025,20242025,2024020776,2025-01-25,BOS,COL,1,0.463308,0.536692,COL,0
logistic_engineered,20232024,20242025,20242025,2024020777,2025-01-25,EDM,BUF,1,0.640578,0.359422,EDM,1
logistic_engineered,20232024,20242025,20242025,2024020778,2025-01-25,SEA,PIT,1,0.536363,0.463637,SEA,1
logistic_engineered,20232024,20242025,20242025,2024020779,2025-01-25,MTL,NJD,0,0.457027,0.542973,NJD,1
logistic_engineered,20232024,20242025,20242025,2024020780,2025-01-25,OTT,TOR,1,0.481252,0.518748,TOR,0
logistic_engineered,20232024,20242025,20242025,2024020781,2025-01-25,DET,TBL,1,0.534191,0.465809,DET,1
logistic_engineered,20232024,20242025,20242025,2024020782,2025-01-25,CBJ,LAK,1,0.456229,0.543771,LAK,0
logistic_engineered,20232024,20242025,20242025,2024020783,2025-01-25,STL,DAL,0,0.497851,0.502149,DAL,1
logistic_engineered,20232024,20242025,20242025,2024020784,2025-01-25,MIN,CGY,0,0.561755,0.438245,MIN,0
logistic_engineered,20232024,20242025,20242025,2024020785,2025-01-25,NYI,CAR,1,0.131663,0.868337,CAR,0
logistic_engineered,20232024,20242025,20242025,2024020786,2025-01-25,VAN,WSH,1,0.538948,0.461052,VAN,1
logistic_engineered,20232024,20242025,20242025,2024020787,2025-01-25,ANA,NSH,1,0.165744,0.834256,NSH,0
logistic_engineered,20232024,20242025,20242025,2024020788,2025-01-25,SJS,FLA,0,0.097662,0.902338,FLA,1
logistic_engineered,20232024,20242025,20242025,2024020789,2025-01-26,NYR,COL,0,0.57881,0.42119,NYR,0
logistic_engineered,20232024,20242025,20242025,2024020790,2025-01-26,OTT,UTA,1,0.446907,0.553093,UTA,0
logistic_engineered,20232024,20242025,20242025,2024020791,2025-01-26,WPG,CGY,1,0.705675,0.294325,WPG,1
logistic_engineered,20232024,20242025,20242025,2024020792,2025-01-26,CHI,MIN,0,0.438195,0.561805,MIN,1
logistic_engineered,20232024,20242025,20242025,2024020793,2025-01-26,VGK,FLA,1,0.576614,0.423386,VGK,1
logistic_engineered,20232024,20242025,20242025,2024020794,2025-01-27,DET,LAK,1,0.556233,0.443767,DET,1
logistic_engineered,20232024,20242025,20242025,2024020795,2025-01-27,PHI,NJD,1,0.517775,0.482225,PHI,1
logistic_engineered,20232024,20242025,20242025,2024020796,2025-01-27,STL,VAN,0,0.241708,0.758292,VAN,1
logistic_engineered,20232024,20242025,20242025,2024020797,2025-01-27,EDM,SEA,1,0.637671,0.362329,EDM,1
logistic_engineered,20232024,20242025,20242025,2024020798,2025-01-27,SJS,PIT,1,0.397836,0.602164,PIT,0
logistic_engineered,20232024,20242025,20242025,2024020799,2025-01-28,BUF,BOS,1,0.493396,0.506604,BOS,0
logistic_engineered,20232024,20242025,20242025,2024020800,2025-01-28,MTL,WPG,0,0.365075,0.634925,WPG,1
logistic_engineered,20232024,20242025,20242025,2024020801,2025-01-28,TBL,CHI,0,0.757383,0.242617,TBL,0
logistic_engineered,20232024,20242025,20242025,2024020802,2025-01-28,NYR,CAR,0,0.470546,0.529454,CAR,1
logistic_engineered,20232024,20242025,20242025,2024020803,2025-01-28,NYI,COL,1,0.449437,0.550563,COL,0
logistic_engineered,20232024,20242025,20242025,2024020804,2025-01-28,CGY,WSH,0,0.488065,0.511935,WSH,1
logistic_engineered,20232024,20242025,20242025,2024020805,2025-01-28,VGK,DAL,0,0.45641,0.54359,DAL,1
logistic_engineered,20232024,20242025,20242025,2024020806,2025-01-28,SEA,ANA,0,0.571756,0.428244,SEA,0
logistic_engineered,20232024,20242025,20242025,2024020807,2025-01-29,TOR,MIN,0,0.582003,0.417997,TOR,0
logistic_engineered,20232024,20242025,20242025,2024020808,2025-01-29,FLA,LAK,1,0.59274,0.40726,FLA,1
logistic_engineered,20232024,20242025,20242025,2024020809,2025-01-29,NJD,PHI,1,0.805397,0.194603,NJD,1
logistic_engineered,20232024,20242025,20242025,2024020810,2025-01-29,NSH,VAN,0,0.51034,0.48966,NSH,0
logistic_engineered,20232024,20242025,20242025,2024020811,2025-01-29,UTA,PIT,0,0.563666,0.436334,UTA,0
logistic_engineered,20232024,20242025,20242025,2024020812,2025-01-30,BOS,WPG,0,0.431135,0.568865,WPG,1
logistic_engineered,20232024,20242025,20242025,2024020813,2025-01-30,MTL,MIN,0,0.553628,0.446372,MTL,0
logistic_engineered,20232024,20242025,20242025,2024020814,2025-01-30,OTT,WSH,1,0.520254,0.479746,OTT,1
logistic_engineered,20232024,20242025,20242025,2024020815,2025-01-30,TBL,LAK,1,0.612831,0.387169,TBL,1
logistic_engineered,20232024,20242025,20242025,2024020816,2025-01-30,PHI,NYI,0,0.397598,0.602402,NYI,1
logistic_engineered,20232024,20242025,20242025,2024020817,2025-01-30,CAR,CHI,1,0.77498,0.22502,CAR,1
logistic_engineered,20232024,20242025,20242025,2024020818,2025-01-30,CGY,ANA,1,0.63174,0.36826,CGY,1
logistic_engineered,20232024,20242025,20242025,2024020819,2025-01-30,EDM,DET,0,0.618407,0.381593,EDM,0
logistic_engineered,20232024,20242025,20242025,2024020820,2025-01-30,VGK,CBJ,0,0.625072,0.374928,VGK,0
logistic_engineered,20232024,20242025,20242025,2024020821,2025-01-30,SEA,SJS,1,0.874867,0.125133,SEA,1
logistic_engineered,20232024,20242025,20242025,2024020822,2025-01-31,BUF,NSH,1,0.559658,0.440342,BUF,1
logistic_engineered,20232024,20242025,20242025,2024020823,2025-01-31,DAL,VAN,1,0.579843,0.420157,DAL,1
logistic_engineered,20232024,20242025,20242025,2024020824,2025-01-31,COL,STL,1,0.598404,0.401596,COL,1
logistic_engineered,20232024,20242025,20242025,2024020825,2025-01-31,UTA,CBJ,0,0.608268,0.391732,UTA,0
logistic_engineered,20232024,20242025,20242025,2024020826,2025-02-01,FLA,CHI,1,0.755003,0.244997,FLA,1
logistic_engineered,20232024,20242025,20242025,2024020827,2025-02-01,BOS,NYR,1,0.494913,0.505087,NYR,0
logistic_engineered,20232024,20242025,20242025,2024020828,2025-02-01,OTT,MIN,1,0.511603,0.488397,OTT,1
logistic_engineered,20232024,20242025,20242025,2024020829,2025-02-01,TBL,NYI,0,0.571213,0.428787,TBL,0
logistic_engineered,20232024,20242025,20242025,2024020830,2025-02-01,PIT,NSH,1,0.560871,0.439129,PIT,1
logistic_engineered,20232024,20242025,20242025,2024020831,2025-02-01,WSH,WPG,0,0.402687,0.597313,WPG,1
logistic_engineered,20232024,20242025,20242025,2024020832,2025-02-01,CAR,LAK,0,0.585831,0.414169,CAR,0
logistic_engineered,20232024,20242025,20242025,2024020833,2025-02-01,EDM,TOR,0,0.554593,0.445407,EDM,0
logistic_engineered,20232024,20242025,20242025,2024020834,2025-02-01,CGY,DET,0,0.497395,0.502605,DET,1
logistic_engineered,20232024,20242025,20242025,2024020835,2025-02-02,BUF,NJD,1,0.762842,0.237158,BUF,1
logistic_engineered,20232024,20242025,20242025,2024020836,2025-02-02,COL,PHI,1,0.641861,0.358139,COL,1
logistic_engineered,20232024,20242025,20242025,2024020837,2025-02-02,ANA,MTL,1,0.48528,0.51472,MTL,0
logistic_engineered,20232024,20242025,20242025,2024020838,2025-02-02,FLA,NYI,1,0.563901,0.436099,FLA,1
logistic_engineered,20232024,20242025,20242025,2024020839,2025-02-02,NYR,VGK,1,0.410372,0.589628,VGK,0
logistic_engineered,20232024,20242025,20242025,2024020840,2025-02-02,DAL,CBJ,1,0.67682,0.32318,DAL,1
logistic_engineered,20232024,20242025,20242025,2024020841,2025-02-02,UTA,STL,0,0.499926,0.500074,STL,1
logistic_engineered,20232024,20242025,20242025,2024020842,2025-02-02,VAN,DET,0,0.586758,0.413242,VAN,0
logistic_engineered,20232024,20242025,20242025,2024020843,2025-02-02,SEA,CGY,0,0.604169,0.395831,SEA,0
logistic_engineered,20232024,20242025,20242025,2024020844,2025-02-03,NSH,OTT,0,0.569824,0.430176,NSH,0
logistic_engineered,20232024,20242025,20242025,2024020845,2025-02-04,BOS,MIN,1,0.568773,0.431227,BOS,1
logistic_engineered,20232024,20242025,20242025,2024020846,2025-02-04,BUF,CBJ,1,0.601828,0.398172,BUF,1
logistic_engineered,20232024,20242025,20242025,2024020847,2025-02-04,TBL,OTT,1,0.660978,0.339022,TBL,1
logistic_engineered,20232024,20242025,20242025,2024020848,2025-02-04,PIT,NJD,0,0.515247,0.484753,PIT,0
logistic_engineered,20232024,20242025,20242025,2024020849,2025-02-04,WSH,FLA,1,0.45882,0.54118,FLA,0
logistic_engineered,20232024,20242025,20242025,2024020850,2025-02-04,NYI,VGK,1,0.468833,0.531167,VGK,0
logistic_engineered,20232024,20242025,20242025,2024020851,2025-02-04,STL,EDM,0,0.434078,0.565922,EDM,1
logistic_engineered,20232024,20242025,20242025,2024020852,2025-02-04,WPG,CAR,1,0.565302,0.434698,WPG,1
logistic_engineered,20232024,20242025,20242025,2024020853,2025-02-04,CGY,TOR,0,0.449929,0.550071,TOR,1
logistic_engineered,20232024,20242025,20242025,2024020854,2025-02-04,UTA,PHI,1,0.574757,0.425243,UTA,1
logistic_engineered,20232024,20242025,20242025,2024020855,2025-02-04,VAN,COL,1,0.491521,0.508479,COL,0
logistic_engineered,20232024,20242025,20242025,2024020856,2025-02-04,ANA,DAL,1,0.322684,0.677316,DAL,0
logistic_engineered,20232024,20242025,20242025,2024020857,2025-02-04,SEA,DET,0,0.471969,0.528031,DET,1
logistic_engineered,20232024,20242025,20242025,2024020858,2025-02-04,SJS,MTL,0,0.46553,0.53447,MTL,1
logistic_engineered,20232024,20242025,20242025,2024020859,2025-02-05,NYR,BOS,1,0.617441,0.382559,NYR,1
logistic_engineered,20232024,20242025,20242025,2024020860,2025-02-05,CHI,EDM,0,0.377303,0.622697,EDM,1
logistic_engineered,20232024,20242025,20242025,2024020861,2025-02-05,LAK,MTL,1,0.695057,0.304943,LAK,1
logistic_engineered,20232024,20242025,20242025,2024020862,2025-02-06,TBL,OTT,1,0.622586,0.377414,TBL,1
logistic_engineered,20232024,20242025,20242025,2024020863,2025-02-06,NJD,VGK,0,0.497965,0.502035,VGK,1
logistic_engineered,20232024,20242025,20242025,2024020864,2025-02-06,PHI,WSH,0,0.474058,0.525942,WSH,1
logistic_engineered,20232024,20242025,20242025,2024020865,2025-02-06,CBJ,UTA,0,0.522026,0.477974,CBJ,0
logistic_engineered,20232024,20242025,20242025,2024020866,2025-02-06,STL,FLA,0,0.448994,0.551006,FLA,1
logistic_engineered,20232024,20242025,20242025,2024020867,2025-02-06,MIN,CAR,1,0.456076,0.543924,CAR,0
logistic_engineered,20232024,20242025,20242025,2024020868,2025-02-06,CGY,COL,0,0.479156,0.520844,COL,1
logistic_engineered,20232024,20242025,20242025,2024020869,2025-02-06,SEA,TOR,0,0.434686,0.565314,TOR,1
logistic_engineered,20232024,20242025,20242025,2024020870,2025-02-06,SJS,VAN,0,0.329661,0.670339,VAN,1
logistic_engineered,20232024,20242025,20242025,2024020871,2025-02-07,NYR,PIT,0,0.627767,0.372233,NYR,0
logistic_engineered,20232024,20242025,20242025,2024020872,2025-02-07,WPG,NYI,1,0.669658,0.330342,WPG,1
logistic_engineered,20232024,20242025,20242025,2024020873,2025-02-07,CHI,NSH,1,0.376582,0.623418,NSH,0
logistic_engineered,20232024,20242025,20242025,2024020874,2025-02-07,EDM,COL,0,0.33518,0.66482,COL,1
logistic_engineered,20232024,20242025,20242025,2024020875,2025-02-07,LAK,DAL,1,0.448583,0.551417,DAL,0
logistic_engineered,20232024,20242025,20242025,2024020876,2025-02-08,MTL,NJD,0,0.480277,0.519723,NJD,1
logistic_engineered,20232024,20242025,20242025,2024020877,2025-02-08,DET,TBL,0,0.382642,0.617358,TBL,1
logistic_engineered,20232024,20242025,20242025,2024020878,2025-02-08,CAR,UTA,1,0.634673,0.365327,CAR,1
logistic_engineered,20232024,20242025,20242025,2024020879,2025-02-08,BOS,VGK,0,0.494823,0.505177,VGK,1
logistic_engineered,20232024,20242025,20242025,2024020880,2025-02-08,FLA,OTT,1,0.645802,0.354198,FLA,1
logistic_engineered,20232024,20242025,20242025,2024020881,2025-02-08,PHI,PIT,1,0.554559,0.445441,PHI,1
logistic_engineered,20232024,20242025,20242025,2024020882,2025-02-08,CBJ,NYR,0,0.475519,0.524481,NYR,1
logistic_engineered,20232024,20242025,20242025,2024020883,2025-02-08,STL,CHI,1,0.722094,0.277906,STL,1
logistic_engineered,20232024,20242025,20242025,2024020884,2025-02-08,VAN,TOR,1,0.210742,0.789258,TOR,0
logistic_engineered,20232024,20242025,20242025,2024020885,2025-02-08,NSH,BUF,1,0.404113,0.595887,BUF,0
logistic_engineered,20232024,20242025,20242025,2024020886,2025-02-08,MIN,NYI,1,0.616349,0.383651,MIN,1
logistic_engineered,20232024,20242025,20242025,2024020887,2025-02-08,CGY,SEA,0,0.552265,0.447735,CGY,0
logistic_engineered,20232024,20242025,20242025,2024020888,2025-02-08,LAK,ANA,0,0.551899,0.448101,LAK,0
logistic_engineered,20232024,20242025,20242025,2024020889,2025-02-08,SJS,DAL,0,0.327367,0.672633,DAL,1
logistic_engineered,20232024,20242025,20242025,2024020890,2025-02-09,WSH,UTA,0,0.860306,0.139694,WSH,0
logistic_engineered,20232024,20242025,20242025,2024020891,2025-02-09,MTL,TBL,0,0.149983,0.850017,TBL,1
logistic_engineered,20232024,20242025,20242025,2024020892,2025-02-22,PHI,EDM,1,0.37319,0.62681,EDM,0
logistic_engineered,20232024,20242025,20242025,2024020893,2025-02-22,PIT,WSH,0,0.20919,0.79081,WSH,1
logistic_engineered,20232024,20242025,20242025,2024020894,2025-02-22,DET,MIN,0,0.479126,0.520874,MIN,1
logistic_engineered,20232024,20242025,20242025,2024020895,2025-02-22,BUF,NYR,1,0.715162,0.284838,BUF,1
logistic_engineered,20232024,20242025,20242025,2024020896,2025-02-22,FLA,SEA,0,0.615875,0.384125,FLA,0
logistic_engineered,20232024,20242025,20242025,2024020897,2025-02-22,NJD,DAL,0,0.424363,0.575637,DAL,1
logistic_engineered,20232024,20242025,20242025,2024020898,2025-02-22,NSH,COL,1,0.434047,0.565953,COL,0
logistic_engineered,20232024,20242025,20242025,2024020899,2025-02-22,BOS,ANA,0,0.848852,0.151148,BOS,0
logistic_engineered,20232024,20242025,20242025,2024020900,2025-02-22,TOR,CAR,1,0.505498,0.494502,TOR,1
logistic_engineered,20232024,20242025,20242025,2024020901,2025-02-22,OTT,MTL,0,0.32256,0.67744,MTL,1
logistic_engineered,20232024,20242025,20242025,2024020902,2025-02-22,CBJ,CHI,1,0.710031,0.289969,CBJ,1
logistic_engineered,20232024,20242025,20242025,2024020903,2025-02-22,STL,WPG,0,0.35696,0.64304,WPG,1
logistic_engineered,20232024,20242025,20242025,2024020904,2025-02-22,LAK,UTA,1,0.602151,0.397849,LAK,1
logistic_engineered,20232024,20242025,20242025,2024020905,2025-02-22,VGK,VAN,1,0.533248,0.466752,VGK,1
logistic_engineered,20232024,20242025,20242025,2024020906,2025-02-23,WSH,EDM,1,0.454486,0.545514,EDM,0
logistic_engineered,20232024,20242025,20242025,2024020907,2025-02-23,PIT,NYR,0,0.383659,0.616341,NYR,1
logistic_engineered,20232024,20242025,20242025,2024020908,2025-02-23,DET,ANA,1,0.579189,0.420811,DET,1
logistic_engineered,20232024,20242025,20242025,2024020909,2025-02-23,TBL,SEA,1,0.696018,0.303982,TBL,1
logistic_engineered,20232024,20242025,20242025,2024020910,2025-02-23,STL,COL,1,0.41037,0.58963,COL,0
logistic_engineered,20232024,20242025,20242025,2024020911,2025-02-23,NSH,NJD,0,0.505706,0.494294,NSH,0
logistic_engineered,20232024,20242025,20242025,2024020912,2025-02-23,CHI,TOR,0,0.288644,0.711356,TOR,1
logistic_engineered,20232024,20242025,20242025,2024020913,2025-02-23,NYI,DAL,0,0.49177,0.50823,DAL,1
logistic_engineered,20232024,20242025,20242025,2024020914,2025-02-23,CGY,SJS,1,0.737188,0.262812,CGY,1
logistic_engineered,20232024,20242025,20242025,2024020915,2025-02-23,UTA,VAN,1,0.427483,0.572517,VAN,0
logistic_engineered,20232024,20242025,20242025,2024020916,2025-02-24,WPG,SJS,1,0.854906,0.145094,WPG,1
logistic_engineered,20232024,20242025,20242025,2024020917,2025-02-24,LAK,VGK,1,0.509807,0.490193,LAK,1
logistic_engineered,20232024,20242025,20242025,2024020918,2025-02-25,BOS,TOR,0,0.499696,0.500304,TOR,1
logistic_engineered,20232024,20242025,20242025,2024020919,2025-02-25,BUF,ANA,1,0.643411,0.356589,BUF,1
logistic_engineered,20232024,20242025,20242025,2024020920,2025-02-25,MTL,CAR,1,0.377552,0.622448,CAR,0
logistic_engineered,20232024,20242025,20242025,2024020921,2025-02-25,TBL,EDM,1,0.492788,0.507212,EDM,0
logistic_engineered,20232024,20242025,20242025,2024020922,2025-02-25,PHI,PIT,1,0.556743,0.443257,PHI,1
logistic_engineered,20232024,20242025,20242025,2024020923,2025-02-25,WSH,CGY,0,0.613526,0.386474,WSH,0
logistic_engineered,20232024,20242025,20242025,2024020924,2025-02-25,CBJ,DAL,1,0.378683,0.621317,DAL,0
logistic_engineered,20232024,20242025,20242025,2024020925,2025-02-25,NYI,NYR,0,0.203763,0.796237,NYR,1
logistic_engineered,20232024,20242025,20242025,2024020926,2025-02-25,STL,SEA,1,0.782832,0.217168,STL,1
logistic_engineered,20232024,20242025,20242025,2024020927,2025-02-25,NSH,FLA,0,0.428154,0.571846,FLA,1
logistic_engineered,20232024,20242025,20242025,2024020928,2025-02-25,MIN,DET,0,0.576715,0.423285,MIN,0
logistic_engineered,20232024,20242025,20242025,2024020929,2025-02-25,UTA,CHI,1,0.678627,0.321373,UTA,1
logistic_engineered,20232024,20242025,20242025,2024020930,2025-02-26,OTT,WPG,0,0.389357,0.610643,WPG,1
logistic_engineered,20232024,20242025,20242025,2024020931,2025-02-26,COL,NJD,1,0.819366,0.180634,COL,1
logistic_engineered,20232024,20242025,20242025,2024020932,2025-02-26,LAK,VAN,0,0.5178,0.4822,LAK,0
logistic_engineered,20232024,20242025,20242025,2024020933,2025-02-27,BOS,NYI,0,0.559001,0.440999,BOS,0
logistic_engineered,20232024,20242025,20242025,2024020934,2025-02-27,MTL,SJS,1,0.653752,0.346248,MTL,1
logistic_engineered,20232024,20242025,20242025,2024020935,2025-02-27,DET,CBJ,0,0.570631,0.429369,DET,0
logistic_engineered,20232024,20242025,20242025,2024020936,2025-02-27,TBL,CGY,1,0.61196,0.38804,TBL,1
logistic_engineered,20232024,20242025,20242025,2024020937,2025-02-27,FLA,EDM,1,0.531591,0.468409,FLA,1
logistic_engineered,20232024,20242025,20242025,2024020938,2025-02-27,PIT,PHI,1,0.272786,0.727214,PHI,0
logistic_engineered,20232024,20242025,20242025,2024020939,2025-02-27,WSH,STL,0,0.613062,0.386938,WSH,0
logistic_engineered,20232024,20242025,20242025,2024020940,2025-02-27,CAR,BUF,1,0.818003,0.181997,CAR,1
logistic_engineered,20232024,20242025,20242025,2024020941,2025-02-27,NSH,WPG,1,0.396112,0.603888,WPG,0
logistic_engineered,20232024,20242025,20242025,2024020942,2025-02-27,UTA,MIN,1,0.504985,0.495015,UTA,1
logistic_engineered,20232024,20242025,20242025,2024020943,2025-02-27,VGK,CHI,1,0.894837,0.105163,VGK,1
logistic_engineered,20232024,20242025,20242025,2024020944,2025-02-27,ANA,VAN,1,0.463935,0.536065,VAN,0
logistic_engineered,20232024,20242025,20242025,2024020945,2025-02-28,NYR,TOR,0,0.497119,0.502881,TOR,1
logistic_engineered,20232024,20242025,20242025,2024020946,2025-02-28,DAL,LAK,1,0.628317,0.371683,DAL,1
logistic_engineered,20232024,20242025,20242025,2024020947,2025-02-28,COL,MIN,1,0.659034,0.340966,COL,1
logistic_engineered,20232024,20242025,20242025,2024020948,2025-03-01,CBJ,DET,1,0.524529,0.475471,CBJ,1
logistic_engineered,20232024,20242025,20242025,2024020949,2025-03-01,NYI,NSH,1,0.557722,0.442278,NYI,1
logistic_engineered,20232024,20242025,20242025,2024020950,2025-03-01,WSH,TBL,0,0.506444,0.493556,WSH,0
logistic_engineered,20232024,20242025,20242025,2024020951,2025-03-01,FLA,CGY,1,0.643339,0.356661,FLA,1
logistic_engineered,20232024,20242025,20242025,2024020952,2025-03-01,PIT,BOS,0,0.486358,0.513642,BOS,1
logistic_engineered,20232024,20242025,20242025,2024020953,2025-03-01,BUF,MTL,0,0.621028,0.378972,BUF,0
logistic_engineered,20232024,20242025,20242025,2024020954,2025-03-01,OTT,SJS,1,0.763126,0.236874,OTT,1
logistic_engineered,20232024,20242025,20242025,2024020955,2025-03-01,CAR,EDM,0,0.539038,0.460962,CAR,0
logistic_engineered,20232024,20242025,20242025,2024020956,2025-03-01,WPG,PHI,0,0.722397,0.277603,WPG,0
logistic_engineered,20232024,20242025,20242025,2024020957,2025-03-01,STL,LAK,1,0.528049,0.471951,STL,1
logistic_engineered,20232024,20242025,20242025,2024020958,2025-03-01,UTA,NJD,0,0.513118,0.486882,UTA,0
logistic_engineered,20232024,20242025,20242025,2024020959,2025-03-01,ANA,CHI,0,0.637945,0.362055,ANA,0
logistic_engineered,20232024,20242025,20242025,2024020960,2025-03-01,SEA,VAN,1,0.493523,0.506477,VAN,0
logistic_engineered,20232024,20242025,20242025,2024020961,2025-03-02,PIT,TOR,0,0.324496,0.675504,TOR,1
logistic_engineered,20232024,20242025,20242025,2024020962,2025-03-02,MIN,BOS,1,0.572666,0.427334,MIN,1
logistic_engineered,20232024,20242025,20242025,2024020963,2025-03-02,CAR,CGY,1,0.580069,0.419931,CAR,1
logistic_engineered,20232024,20242025,20242025,2024020964,2025-03-02,DAL,STL,1,0.873827,0.126173,DAL,1
logistic_engineered,20232024,20242025,20242025,2024020965,2025-03-02,NYR,NSH,1,0.652193,0.347807,NYR,1
logistic_engineered,20232024,20242025,20242025,2024020966,2025-03-02,VGK,NJD,1,0.592062,0.407938,VGK,1
logistic_engineered,20232024,20242025,20242025,2024020967,2025-03-03,WSH,OTT,1,0.583862,0.416138,WSH,1
logistic_engineered,20232024,20242025,20242025,2024020968,2025-03-03,MTL,BUF,1,0.456803,0.543197,BUF,0
logistic_engineered,20232024,20242025,20242025,2024020969,2025-03-03,FLA,TBL,1,0.523197,0.476803,FLA,1
logistic_engineered,20232024,20242025,20242025,2024020970,2025-03-03,NYR,NYI,1,0.454541,0.545459,NYI,0
logistic_engineered,20232024,20242025,20242025,2024020971,2025-03-03,TOR,SJS,0,0.709812,0.290188,TOR,0
logistic_engineered,20232024,20242025,20242025,2024020972,2025-03-03,CHI,LAK,1,0.349931,0.650069,LAK,0
logistic_engineered,20232024,20242025,20242025,2024020973,2025-03-04,BOS,NSH,0,0.590326,0.409674,BOS,0
logistic_engineered,20232024,20242025,20242025,2024020974,2025-03-04,BUF,SJS,0,0.705294,0.294706,BUF,0
logistic_engineered,20232024,20242025,20242025,2024020975,2025-03-04,DET,CAR,0,0.499978,0.500022,CAR,1
logistic_engineered,20232024,20242025,20242025,2024020976,2025-03-04,TBL,CBJ,1,0.585982,0.414018,TBL,1
logistic_engineered,20232024,20242025,20242025,2024020977,2025-03-04,PHI,CGY,0,0.26122,0.73878,CGY,1
logistic_engineered,20232024,20242025,20242025,2024020978,2025-03-04,NYI,WPG,1,0.301528,0.698472,WPG,0
logistic_engineered,20232024,20242025,20242025,2024020979,2025-03-04,DAL,NJD,1,0.63818,0.36182,DAL,1
logistic_engineered,20232024,20242025,20242025,2024020980,2025-03-04,COL,PIT,1,0.655547,0.344453,COL,1
logistic_engineered,20232024,20242025,20242025,2024020981,2025-03-04,EDM,ANA,0,0.418481,0.581519,ANA,1
logistic_engineered,20232024,20242025,20242025,2024020982,2025-03-04,SEA,MIN,0,0.503808,0.496192,SEA,0
logistic_engineered,20232024,20242025,20242025,2024020983,2025-03-05,NYR,WSH,0,0.512649,0.487351,NYR,0
logistic_engineered,20232024,20242025,20242025,2024020984,2025-03-05,CHI,OTT,0,0.397199,0.602801,OTT,1
logistic_engineered,20232024,20242025,20242025,2024020985,2025-03-05,VGK,TOR,1,0.731209,0.268791,VGK,1
logistic_engineered,20232024,20242025,20242025,2024020986,2025-03-05,VAN,ANA,1,0.881999,0.118001,VAN,1
logistic_engineered,20232024,20242025,20242025,2024020987,2025-03-05,LAK,STL,0,0.593588,0.406412,LAK,0
logistic_engineered,20232024,20242025,20242025,2024020988,2025-03-06,DET,UTA,0,0.606993,0.393007,DET,0
logistic_engineered,20232024,20242025,20242025,2024020989,2025-03-06,TBL,BUF,1,0.609573,0.390427,TBL,1
logistic_engineered,20232024,20242025,20242025,2024020990,2025-03-06,FLA,CBJ,1,0.687137,0.312863,FLA,1
logistic_engineered,20232024,20242025,20242025,2024020991,2025-03-06,PHI,WPG,0,0.377985,0.622015,WPG,1
logistic_engineered,20232024,20242025,20242025,2024020992,2025-03-06,CAR,BOS,1,0.583044,0.416956,CAR,1
logistic_engineered,20232024,20242025,20242025,2024020993,2025-03-06,NSH,SEA,1,0.564893,0.435107,NSH,1
logistic_engineered,20232024,20242025,20242025,2024020994,2025-03-06,DAL,CGY,1,0.665683,0.334317,DAL,1
logistic_engineered,20232024,20242025,20242025,2024020995,2025-03-06,EDM,MTL,1,0.651112,0.348888,EDM,1
logistic_engineered,20232024,20242025,20242025,2024020996,2025-03-06,COL,SJS,1,0.78673,0.21327,COL,1
logistic_engineered,20232024,20242025,20242025,2024020997,2025-03-07,NJD,WPG,0,0.472465,0.527535,WPG,1
logistic_engineered,20232024,20242025,20242025,2024020998,2025-03-07,WSH,DET,1,0.661253,0.338747,WSH,1
logistic_engineered,20232024,20242025,20242025,2024020999,2025-03-07,CHI,UTA,1,0.46563,0.53437,UTA,0
logistic_engineered,20232024,20242025,20242025,2024021000,2025-03-07,VAN,MIN,1,0.521553,0.478447,VAN,1
logistic_engineered,20232024,20242025,20242025,2024021001,2025-03-07,VGK,PIT,1,0.579816,0.420184,VGK,1
logistic_engineered,20232024,20242025,20242025,2024021002,2025-03-07,ANA,STL,0,0.463991,0.536009,STL,1
logistic_engineered,20232024,20242025,20242025,2024021003,2025-03-08,OTT,NYR,1,0.501488,0.498512,OTT,1
logistic_engineered,20232024,20242025,20242025,2024021004,2025-03-08,PHI,SEA,0,0.522305,0.477695,PHI,0
logistic_engineered,20232024,20242025,20242025,2024021005,2025-03-08,TBL,BOS,0,0.593725,0.406275,TBL,0
logistic_engineered,20232024,20242025,20242025,2024021006,2025-03-08,FLA,BUF,1,0.628793,0.371207,FLA,1
logistic_engineered,20232024,20242025,20242025,2024021007,2025-03-08,COL,TOR,1,0.543514,0.456486,COL,1
logistic_engineered,20232024,20242025,20242025,2024021008,2025-03-08,CGY,MTL,1,0.569116,0.430884,CGY,1
logistic_engineered,20232024,20242025,20242025,2024021009,2025-03-08,NSH,CHI,1,0.733888,0.266112,NSH,1
logistic_engineered,20232024,20242025,20242025,2024021010,2025-03-08,LAK,STL,1,0.650437,0.349563,LAK,1
logistic_engineered,20232024,20242025,20242025,2024021011,2025-03-08,EDM,DAL,1,0.462972,0.537028,DAL,0
logistic_engineered,20232024,20242025,20242025,2024021012,2025-03-08,SJS,NYI,0,0.344839,0.655161,NYI,1
logistic_engineered,20232024,20242025,20242025,2024021013,2025-03-09,PHI,NJD,0,0.425437,0.574563,NJD,1
logistic_engineered,20232024,20242025,20242025,2024021014,2025-03-09,WSH,SEA,1,0.700981,0.299019,WSH,1
logistic_engineered,20232024,20242025,20242025,2024021015,2025-03-09,MIN,PIT,0,0.580804,0.419196,MIN,0
logistic_engineered,20232024,20242025,20242025,2024021016,2025-03-09,CAR,WPG,1,0.487153,0.512847,WPG,0
logistic_engineered,20232024,20242025,20242025,2024021017,2025-03-09,NYR,CBJ,0,0.537788,0.462212,NYR,0
logistic_engineered,20232024,20242025,20242025,2024021018,2025-03-09,VGK,LAK,0,0.558527,0.441473,VGK,0
logistic_engineered,20232024,20242025,20242025,2024021019,2025-03-09,VAN,DAL,0,0.495513,0.504487,DAL,1
logistic_engineered,20232024,20242025,20242025,2024021020,2025-03-09,ANA,NYI,1,0.530901,0.469099,ANA,1
logistic_engineered,20232024,20242025,20242025,2024021021,2025-03-10,BUF,EDM,1,0.476414,0.523586,EDM,0
logistic_engineered,20232024,20242025,20242025,2024021022,2025-03-10,OTT,DET,1,0.517988,0.482012,OTT,1
logistic_engineered,20232024,20242025,20242025,2024021023,2025-03-10,COL,CHI,1,0.760859,0.239141,COL,1
logistic_engineered,20232024,20242025,20242025,2024021024,2025-03-10,UTA,TOR,0,0.454074,0.545926,TOR,1
logistic_engineered,20232024,20242025,20242025,2024021025,2025-03-11,BOS,FLA,1,0.438454,0.561546,FLA,0
logistic_engineered,20232024,20242025,20242025,2024021026,2025-03-11,NJD,CBJ,1,0.58658,0.41342,NJD,1
logistic_engineered,20232024,20242025,20242025,2024021027,2025-03-11,PHI,OTT,0,0.58107,0.41893,PHI,0
logistic_engineered,20232024,20242025,20242025,2024021028,2025-03-11,PIT,VGK,1,0.461615,0.538385,VGK,0
logistic_engineered,20232024,20242025,20242025,2024021029,2025-03-11,CAR,TBL,1,0.525925,0.474075,CAR,1
logistic_engineered,20232024,20242025,20242025,2024021030,2025-03-11,MIN,COL,1,0.500461,0.499539,MIN,1
logistic_engineered,20232024,20242025,20242025,2024021031,2025-03-11,WPG,NYR,1,0.6246,0.3754,WPG,1
logistic_engineered,20232024,20242025,20242025,2024021032,2025-03-11,VAN,MTL,0,0.593274,0.406726,VAN,0
logistic_engineered,20232024,20242025,20242025,2024021033,2025-03-11,ANA,WSH,0,0.39494,0.60506,WSH,1
logistic_engineered,20232024,20242025,20242025,2024021034,2025-03-11,LAK,NYI,1,0.599308,0.400692,LAK,1
logistic_engineered,20232024,20242025,20242025,2024021035,2025-03-11,SJS,NSH,0,0.379832,0.620168,NSH,1
logistic_engineered,20232024,20242025,20242025,2024021036,2025-03-12,DET,BUF,1,0.541131,0.458869,DET,1
logistic_engineered,20232024,20242025,20242025,2024021037,2025-03-12,CGY,VAN,0,0.564349,0.435651,CGY,0
logistic_engineered,20232024,20242025,20242025,2024021038,2025-03-12,UTA,ANA,1,0.650364,0.349636,UTA,1
logistic_engineered,20232024,20242025,20242025,2024021039,2025-03-12,SEA,MTL,1,0.660733,0.339267,SEA,1
logistic_engineered,20232024,20242025,20242025,2024021040,2025-03-13,TOR,FLA,0,0.510106,0.489894,TOR,0
logistic_engineered,20232024,20242025,20242025,2024021041,2025-03-13,OTT,BOS,1,0.751144,0.248856,OTT,1
logistic_engineered,20232024,20242025,20242025,2024021042,2025-03-13,NJD,EDM,1,0.449148,0.550852,EDM,0
logistic_engineered,20232024,20242025,20242025,2024021043,2025-03-13,PHI,TBL,1,0.450319,0.549681,TBL,0
logistic_engineered,20232024,20242025,20242025,2024021044,2025-03-13,PIT,STL,1,0.72915,0.27085,PIT,1
logistic_engineered,20232024,20242025,20242025,2024021045,2025-03-13,CBJ,VGK,0,0.481301,0.518699,VGK,1
logistic_engineered,20232024,20242025,20242025,2024021046,2025-03-13,MIN,NYR,0,0.507662,0.492338,MIN,0
logistic_engineered,20232024,20242025,20242025,2024021047,2025-03-13,LAK,WSH,1,0.495526,0.504474,WSH,0
logistic_engineered,20232024,20242025,20242025,2024021048,2025-03-13,SJS,CHI,1,0.534517,0.465483,SJS,1
logistic_engineered,20232024,20242025,20242025,2024021049,2025-03-14,CAR,DET,1,0.618227,0.381773,CAR,1
logistic_engineered,20232024,20242025,20242025,2024021050,2025-03-14,NYI,EDM,0,0.52622,0.47378,NYI,0
logistic_engineered,20232024,20242025,20242025,2024021051,2025-03-14,WPG,DAL,1,0.503533,0.496467,WPG,1
logistic_engineered,20232024,20242025,20242025,2024021052,2025-03-14,CGY,COL,0,0.416752,0.583248,COL,1
logistic_engineered,20232024,20242025,20242025,2024021053,2025-03-14,ANA,NSH,1,0.459611,0.540389,NSH,0
logistic_engineered,20232024,20242025,20242025,2024021054,2025-03-14,SEA,UTA,1,0.56212,0.43788,SEA,1
logistic_engineered,20232024,20242025,20242025,2024021055,2025-03-15,BUF,VGK,1,0.496386,0.503614,VGK,0
logistic_engineered,20232024,20242025,20242025,2024021056,2025-03-15,PIT,NJD,1,0.507925,0.492075,PIT,1
logistic_engineered,20232024,20242025,20242025,2024021057,2025-03-15,SJS,WSH,0,0.137525,0.862475,WSH,1
logistic_engineered,20232024,20242025,20242025,2024021058,2025-03-15,BOS,TBL,0,0.477255,0.522745,TBL,1
logistic_engineered,20232024,20242025,20242025,2024021059,2025-03-15,TOR,OTT,0,0.59435,0.40565,TOR,0
logistic_engineered,20232024,20242025,20242025,2024021060,2025-03-15,MTL,FLA,1,0.413103,0.586897,FLA,0
logistic_engineered,20232024,20242025,20242025,2024021061,2025-03-15,PHI,CAR,0,0.504318,0.495682,PHI,0
logistic_engineered,20232024,20242025,20242025,2024021062,2025-03-15,CBJ,NYR,0,0.440732,0.559268,NYR,1
logistic_engineered,20232024,20242025,20242025,2024021063,2025-03-15,MIN,STL,0,0.529024,0.470976,MIN,0
logistic_engineered,20232024,20242025,20242025,2024021064,2025-03-15,LAK,NSH,1,0.633002,0.366998,LAK,1
logistic_engineered,20232024,20242025,20242025,2024021065,2025-03-15,VAN,CHI,1,0.712794,0.287206,VAN,1
logistic_engineered,20232024,20242025,20242025,2024021066,2025-03-16,DET,VGK,1,0.533957,0.466043,DET,1
logistic_engineered,20232024,20242025,20242025,2024021067,2025-03-16,COL,DAL,1,0.499106,0.500894,DAL,0
logistic_engineered,20232024,20242025,20242025,2024021068,2025-03-16,STL,ANA,1,0.791638,0.208362,STL,1
logistic_engineered,20232024,20242025,20242025,2024021069,2025-03-16,NYR,EDM,0,0.394023,0.605977,EDM,1
logistic_engineered,20232024,20242025,20242025,2024021070,2025-03-16,NYI,FLA,1,0.500581,0.499419,NYI,1
logistic_engineered,20232024,20242025,20242025,2024021071,2025-03-16,VAN,UTA,0,0.471288,0.528712,UTA,1
logistic_engineered,20232024,20242025,20242025,2024021072,2025-03-16,SEA,WPG,0,0.664551,0.335449,SEA,0
logistic_engineered,20232024,20242025,20242025,2024021073,2025-03-17,BOS,BUF,0,0.558526,0.441474,BOS,0
logistic_engineered,20232024,20242025,20242025,2024021074,2025-03-17,TBL,PHI,1,0.664872,0.335128,TBL,1
logistic_engineered,20232024,20242025,20242025,2024021075,2025-03-17,CBJ,NJD,0,0.527765,0.472235,CBJ,0
logistic_engineered,20232024,20242025,20242025,2024021076,2025-03-17,TOR,CGY,1,0.846486,0.153514,TOR,1
logistic_engineered,20232024,20242025,20242025,2024021077,2025-03-17,MIN,LAK,1,0.506317,0.493683,MIN,1
logistic_engineered,20232024,20242025,20242025,2024021078,2025-03-18,MTL,OTT,1,0.497085,0.502915,OTT,0
logistic_engineered,20232024,20242025,20242025,2024021079,2025-03-18,NYR,CGY,0,0.67752,0.32248,NYR,0
logistic_engineered,20232024,20242025,20242025,2024021080,2025-03-18,PIT,NYI,0,0.54761,0.45239,PIT,0
logistic_engineered,20232024,20242025,20242025,2024021081,2025-03-18,WSH,DET,1,0.592645,0.407355,WSH,1
logistic_engineered,20232024,20242025,20242025,2024021082,2025-03-18,NSH,STL,0,0.529399,0.470601,NSH,0
logistic_engineered,20232024,20242025,20242025,2024021083,2025-03-18,DAL,ANA,1,0.724195,0.275805,DAL,1
logistic_engineered,20232024,20242025,20242025,2024021084,2025-03-18,CHI,SEA,0,0.386441,0.613559,SEA,1
logistic_engineered,20232024,20242025,20242025,2024021085,2025-03-18,EDM,UTA,1,0.835567,0.164433,EDM,1
logistic_engineered,20232024,20242025,20242025,2024021086,2025-03-18,VAN,WPG,1,0.419935,0.580065,WPG,0
logistic_engineered,20232024,20242025,20242025,2024021087,2025-03-19,TOR,COL,1,0.495485,0.504515,COL,0
logistic_engineered,20232024,20242025,20242025,2024021088,2025-03-19,MIN,SEA,1,0.566293,0.433707,MIN,1
logistic_engineered,20232024,20242025,20242025,2024021089,2025-03-20,OTT,COL,0,0.222174,0.777826,COL,1
logistic_engineered,20232024,20242025,20242025,2024021090,2025-03-20,NJD,CGY,0,0.599301,0.400699,NJD,0
logistic_engineered,20232024,20242025,20242025,2024021091,2025-03-20,NYR,TOR,0,0.565657,0.434343,NYR,0
logistic_engineered,20232024,20242025,20242025,2024021092,2025-03-20,WSH,PHI,1,0.611264,0.388736,WSH,1
logistic_engineered,20232024,20242025,20242025,2024021093,2025-03-20,CBJ,FLA,0,0.397898,0.602102,FLA,1
logistic_engineered,20232024,20242025,20242025,2024021094,2025-03-20,NYI,MTL,1,0.567169,0.432831,NYI,1
logistic_engineered,20232024,20242025,20242025,2024021095,2025-03-20,STL,VAN,1,0.525238,0.474762,STL,1
logistic_engineered,20232024,20242025,20242025,2024021096,2025-03-20,NSH,ANA,0,0.634722,0.365278,NSH,0
logistic_engineered,20232024,20242025,20242025,2024021097,2025-03-20,DAL,TBL,0,0.54617,0.45383,DAL,0
logistic_engineered,20232024,20242025,20242025,2024021098,2025-03-20,CHI,LAK,0,0.347732,0.652268,LAK,1
logistic_engineered,20232024,20242025,20242025,2024021099,2025-03-20,EDM,WPG,0,0.21769,0.78231,WPG,1
logistic_engineered,20232024,20242025,20242025,2024021100,2025-03-20,UTA,BUF,1,0.518281,0.481719,UTA,1
logistic_engineered,20232024,20242025,20242025,2024021101,2025-03-20,VGK,BOS,1,0.598087,0.401913,VGK,1
logistic_engineered,20232024,20242025,20242025,2024021102,2025-03-20,SJS,CAR,0,0.340766,0.659234,CAR,1
logistic_engineered,20232024,20242025,20242025,2024021103,2025-03-21,PIT,CBJ,1,0.656697,0.343303,PIT,1
logistic_engineered,20232024,20242025,20242025,2024021104,2025-03-22,NYR,VAN,1,0.533869,0.466131,NYR,1
logistic_engineered,20232024,20242025,20242025,2024021105,2025-03-22,DAL,PHI,1,0.889142,0.110858,DAL,1
logistic_engineered,20232024,20242025,20242025,2024021106,2025-03-22,MIN,BUF,1,0.564256,0.435744,MIN,1
logistic_engineered,20232024,20242025,20242025,2024021107,2025-03-22,STL,CHI,1,0.730716,0.269284,STL,1
logistic_engineered,20232024,20242025,20242025,2024021108,2025-03-22,NYI,CGY,0,0.559696,0.440304,NYI,0
logistic_engineered,20232024,20242025,20242025,2024021109,2025-03-22,LAK,CAR,1,0.500201,0.499799,LAK,1
logistic_engineered,20232024,20242025,20242025,2024021110,2025-03-22,WSH,FLA,1,0.488397,0.511603,FLA,0
logistic_engineered,20232024,20242025,20242025,2024021111,2025-03-22,UTA,TBL,1,0.443317,0.556683,TBL,0
logistic_engineered,20232024,20242025,20242025,2024021112,2025-03-22,MTL,COL,0,0.389373,0.610627,COL,1
logistic_engineered,20232024,20242025,20242025,2024021113,2025-03-22,NJD,OTT,0,0.533449,0.466551,NJD,0
logistic_engineered,20232024,20242025,20242025,2024021114,2025-03-22,NSH,TOR,1,0.447715,0.552285,TOR,0
logistic_engineered,20232024,20242025,20242025,2024021115,2025-03-22,VGK,DET,1,0.572276,0.427724,VGK,1
logistic_engineered,20232024,20242025,20242025,2024021116,2025-03-22,EDM,SEA,1,0.619685,0.380315,EDM,1
logistic_engineered,20232024,20242025,20242025,2024021117,2025-03-22,SJS,BOS,1,0.404896,0.595104,BOS,0
logistic_engineered,20232024,20242025,20242025,2024021118,2025-03-23,CHI,PHI,1,0.411992,0.588008,PHI,0
logistic_engineered,20232024,20242025,20242025,2024021119,2025-03-23,WPG,BUF,0,0.71949,0.28051,WPG,0
logistic_engineered,20232024,20242025,20242025,2024021120,2025-03-23,FLA,PIT,1,0.544187,0.455813,FLA,1
logistic_engineered,20232024,20242025,20242025,2024021121,2025-03-23,STL,NSH,1,0.567527,0.432473,STL,1
logistic_engineered,20232024,20242025,20242025,2024021122,2025-03-23,VGK,TBL,1,0.506831,0.493169,VGK,1
logistic_engineered,20232024,20242025,20242025,2024021123,2025-03-23,ANA,CAR,0,0.49632,0.50368,CAR,1
logistic_engineered,20232024,20242025,20242025,2024021124,2025-03-23,LAK,BOS,1,0.538206,0.461794,LAK,1
logistic_engineered,20232024,20242025,20242025,2024021125,2025-03-24,NJD,VAN,0,0.555925,0.444075,NJD,0
logistic_engineered,20232024,20242025,20242025,2024021126,2025-03-24,NYI,CBJ,0,0.601518,0.398482,NYI,0
logistic_engineered,20232024,20242025,20242025,2024021127,2025-03-24,DAL,MIN,1,0.648031,0.351969,DAL,1
logistic_engineered,20232024,20242025,20242025,2024021128,2025-03-24,UTA,DET,0,0.769367,0.230633,UTA,0
logistic_engineered,20232024,20242025,20242025,2024021129,2025-03-25,BUF,OTT,1,0.512567,0.487433,BUF,1
logistic_engineered,20232024,20242025,20242025,2024021130,2025-03-25,TOR,PHI,1,0.699614,0.300386,TOR,1
logistic_engineered,20232024,20242025,20242025,2024021131,2025-03-25,TBL,PIT,1,0.839432,0.160568,TBL,1
logistic_engineered,20232024,20242025,20242025,2024021132,2025-03-25,CAR,NSH,0,0.603356,0.396644,CAR,0
logistic_engineered,20232024,20242025,20242025,2024021133,2025-03-25,STL,MTL,1,0.828961,0.171039,STL,1
logistic_engineered,20232024,20242025,20242025,2024021134,2025-03-25,MIN,VGK,0,0.369091,0.630909,VGK,1
logistic_engineered,20232024,20242025,20242025,2024021135,2025-03-25,WPG,WSH,1,0.565734,0.434266,WPG,1
logistic_engineered,20232024,20242025,20242025,2024021136,2025-03-25,COL,DET,1,0.670089,0.329911,COL,1
logistic_engineered,20232024,20242025,20242025,2024021137,2025-03-25,CGY,SEA,1,0.524304,0.475696,CGY,1
logistic_engineered,20232024,20242025,20242025,2024021138,2025-03-25,LAK,NYR,1,0.509134,0.490866,LAK,1
logistic_engineered,20232024,20242025,20242025,2024021139,2025-03-26,NYI,VAN,0,0.243005,0.756995,VAN,1
logistic_engineered,20232024,20242025,20242025,2024021140,2025-03-26,CHI,NJD,0,0.3879,0.6121,NJD,1
logistic_engineered,20232024,20242025,20242025,2024021141,2025-03-26,EDM,DAL,0,0.229185,0.770815,DAL,1
logistic_engineered,20232024,20242025,20242025,2024021142,2025-03-26,ANA,BOS,1,0.473669,0.526331,BOS,0
logistic_engineered,20232024,20242025,20242025,2024021143,2025-03-27,BUF,PIT,1,0.794951,0.205049,BUF,1
logistic_engineered,20232024,20242025,20242025,2024021144,2025-03-27,DET,OTT,0,0.241411,0.758589,OTT,1
logistic_engineered,20232024,20242025,20242025,2024021145,2025-03-27,TBL,UTA,1,0.836171,0.163829,TBL,1
logistic_engineered,20232024,20242025,20242025,2024021146,2025-03-27,PHI,MTL,1,0.785257,0.214743,PHI,1
logistic_engineered,20232024,20242025,20242025,2024021147,2025-03-27,NSH,STL,0,0.489225,0.510775,STL,1
logistic_engineered,20232024,20242025,20242025,2024021148,2025-03-27,MIN,WSH,1,0.486506,0.513494,WSH,0
logistic_engineered,20232024,20242025,20242025,2024021149,2025-03-27,COL,LAK,1,0.560873,0.439127,COL,1
logistic_engineered,20232024,20242025,20242025,2024021150,2025-03-27,CGY,DAL,0,0.446073,0.553927,DAL,1
logistic_engineered,20232024,20242025,20242025,2024021151,2025-03-27,SEA,EDM,1,0.775558,0.224442,SEA,1
logistic_engineered,20232024,20242025,20242025,2024021152,2025-03-27,SJS,TOR,1,0.401672,0.598328,TOR,0
logistic_engineered,20232024,20242025,20242025,2024021153,2025-03-28,FLA,UTA,1,0.740371,0.259629,FLA,1
logistic_engineered,20232024,20242025,20242025,2024021154,2025-03-28,CAR,MTL,1,0.707833,0.292167,CAR,1
logistic_engineered,20232024,20242025,20242025,2024021155,2025-03-28,CBJ,VAN,1,0.464669,0.535331,VAN,0
logistic_engineered,20232024,20242025,20242025,2024021156,2025-03-28,WPG,NJD,1,0.660453,0.339547,WPG,1
logistic_engineered,20232024,20242025,20242025,2024021157,2025-03-28,CHI,VGK,0,0.320137,0.679863,VGK,1
logistic_engineered,20232024,20242025,20242025,2024021158,2025-03-28,ANA,NYR,1,0.38738,0.61262,NYR,0
logistic_engineered,20232024,20242025,20242025,2024021159,2025-03-29,PHI,BUF,1,0.469223,0.530777,BUF,0
logistic_engineered,20232024,20242025,20242025,2024021160,2025-03-29,TBL,NYI,1,0.613507,0.386493,TBL,1
logistic_engineered,20232024,20242025,20242025,2024021161,2025-03-29,COL,STL,0,0.567683,0.432317,COL,0
logistic_engineered,20232024,20242025,20242025,2024021162,2025-03-29,MIN,NJD,0,0.58135,0.41865,MIN,0
logistic_engineered,20232024,20242025,20242025,2024021163,2025-03-29,NSH,VGK,0,0.514266,0.485734,NSH,0
logistic_engineered,20232024,20242025,20242025,2024021164,2025-03-29,OTT,CBJ,1,0.685269,0.314731,OTT,1
logistic_engineered,20232024,20242025,20242025,2024021165,2025-03-29,LAK,TOR,0,0.525993,0.474007,LAK,0
logistic_engineered,20232024,20242025,20242025,2024021166,2025-03-29,DET,BOS,1,0.531955,0.468045,DET,1
logistic_engineered,20232024,20242025,20242025,2024021167,2025-03-29,EDM,CGY,1,0.610755,0.389245,EDM,1
logistic_engineered,20232024,20242025,20242025,2024021168,2025-03-29,SJS,NYR,0,0.378626,0.621374,NYR,1
logistic_engineered,20232024,20242025,20242025,2024021169,2025-03-29,SEA,DAL,0,0.390073,0.609927,DAL,1
logistic_engineered,20232024,20242025,20242025,2024021170,2025-03-30,FLA,MTL,0,0.678537,0.321463,FLA,0
logistic_engineered,20232024,20242025,20242025,2024021171,2025-03-30,WSH,BUF,0,0.674137,0.325863,WSH,0
logistic_engineered,20232024,20242025,20242025,2024021172,2025-03-30,WPG,VAN,1,0.624449,0.375551,WPG,1
logistic_engineered,20232024,20242025,20242025,2024021173,2025-03-30,CHI,UTA,0,0.501955,0.498045,CHI,0
logistic_engineered,20232024,20242025,20242025,2024021174,2025-03-30,PIT,OTT,1,0.638285,0.361715,PIT,1
logistic_engineered,20232024,20242025,20242025,2024021175,2025-03-30,CAR,NYI,1,0.690367,0.309633,CAR,1
logistic_engineered,20232024,20242025,20242025,2024021176,2025-03-30,ANA,TOR,0,0.473018,0.526982,TOR,1
logistic_engineered,20232024,20242025,20242025,2024021177,2025-03-30,LAK,SJS,1,0.741971,0.258029,LAK,1
logistic_engineered,20232024,20242025,20242025,2024021178,2025-03-31,NJD,MIN,1,0.539476,0.460524,NJD,1
logistic_engineered,20232024,20242025,20242025,2024021179,2025-03-31,PHI,NSH,1,0.522562,0.477438,PHI,1
logistic_engineered,20232024,20242025,20242025,2024021180,2025-03-31,COL,CGY,0,0.631234,0.368766,COL,0
logistic_engineered,20232024,20242025,20242025,2024021181,2025-03-31,SEA,DAL,0,0.412267,0.587733,DAL,1
logistic_engineered,20232024,20242025,20242025,2024021182,2025-04-01,BOS,WSH,0,0.556947,0.443053,BOS,0
logistic_engineered,20232024,20242025,20242025,2024021183,2025-04-01,MTL,FLA,1,0.416453,0.583547,FLA,0
logistic_engineered,20232024,20242025,20242025,2024021184,2025-04-01,OTT,BUF,0,0.56921,0.43079,OTT,0
logistic_engineered,20232024,20242025,20242025,2024021185,2025-04-01,CBJ,NSH,1,0.790371,0.209629,CBJ,1
logistic_engineered,20232024,20242025,20242025,2024021186,2025-04-01,NYI,TBL,0,0.449258,0.550742,TBL,1
logistic_engineered,20232024,20242025,20242025,2024021187,2025-04-01,STL,DET,1,0.620787,0.379213,STL,1
logistic_engineered,20232024,20242025,20242025,2024021188,2025-04-01,UTA,CGY,1,0.539795,0.460205,UTA,1
logistic_engineered,20232024,20242025,20242025,2024021189,2025-04-01,VGK,EDM,0,0.516047,0.483953,VGK,0
logistic_engineered,20232024,20242025,20242025,2024021190,2025-04-01,ANA,SJS,1,0.687355,0.312645,ANA,1
logistic_engineered,20232024,20242025,20242025,2024021191,2025-04-01,LAK,WPG,1,0.470776,0.529224,WPG,0
logistic_engineered,20232024,20242025,20242025,2024021192,2025-04-02,NYR,MIN,1,0.655822,0.344178,NYR,1
logistic_engineered,20232024,20242025,20242025,2024021193,2025-04-02,CAR,WSH,1,0.840429,0.159571,CAR,1
logistic_engineered,20232024,20242025,20242025,2024021194,2025-04-02,TOR,FLA,1,0.585568,0.414432,TOR,1
logistic_engineered,20232024,20242025,20242025,2024021195,2025-04-02,CHI,COL,0,0.324856,0.675144,COL,1
logistic_engineered,20232024,20242025,20242025,2024021196,2025-04-02,VAN,SEA,0,0.564648,0.435352,VAN,0
logistic_engineered,20232024,20242025,20242025,2024021197,2025-04-03,MTL,BOS,1,0.519684,0.480316,MTL,1
logistic_engineered,20232024,20242025,20242025,2024021198,2025-04-03,OTT,TBL,1,0.448224,0.551776,TBL,0
logistic_engineered,20232024,20242025,20242025,2024021199,2025-04-03,CBJ,COL,0,0.187007,0.812993,COL,1
logistic_engineered,20232024,20242025,20242025,2024021200,2025-04-03,STL,PIT,1,0.568748,0.431252,STL,1
logistic_engineered,20232024,20242025,20242025,2024021201,2025-04-03,DAL,NSH,1,0.676069,0.323931,DAL,1
logistic_engineered,20232024,20242025,20242025,2024021202,2025-04-03,UTA,LAK,0,0.4039,0.5961,LAK,1
logistic_engineered,20232024,20242025,20242025,2024021203,2025-04-03,CGY,ANA,1,0.827712,0.172288,CGY,1
logistic_engineered,20232024,20242025,20242025,2024021204,2025-04-03,VGK,WPG,0,0.217561,0.782439,WPG,1
logistic_engineered,20232024,20242025,20242025,2024021205,2025-04-03,SJS,EDM,0,0.282136,0.717864,EDM,1
logistic_engineered,20232024,20242025,20242025,2024021206,2025-04-04,DET,CAR,1,0.446658,0.553342,CAR,0
logistic_engineered,20232024,20242025,20242025,2024021207,2025-04-04,WSH,CHI,1,0.737576,0.262424,WSH,1
logistic_engineered,20232024,20242025,20242025,2024021208,2025-04-04,NYI,MIN,1,0.555538,0.444462,NYI,1
logistic_engineered,20232024,20242025,20242025,2024021209,2025-04-05,NJD,NYR,1,0.474178,0.525822,NYR,0
logistic_engineered,20232024,20242025,20242025,2024021210,2025-04-05,OTT,FLA,1,0.42676,0.57324,FLA,0
logistic_engineered,20232024,20242025,20242025,2024021211,2025-04-05,DAL,PIT,0,0.659694,0.340306,DAL,0
logistic_engineered,20232024,20242025,20242025,2024021212,2025-04-05,VAN,ANA,1,0.673829,0.326171,VAN,1
logistic_engineered,20232024,20242025,20242025,2024021213,2025-04-05,LAK,EDM,1,0.515632,0.484368,LAK,1
logistic_engineered,20232024,20242025,20242025,2024021214,2025-04-05,BOS,CAR,1,0.515432,0.484568,BOS,1
logistic_engineered,20232024,20242025,20242025,2024021215,2025-04-05,BUF,TBL,1,0.510546,0.489454,BUF,1
logistic_engineered,20232024,20242025,20242025,2024021216,2025-04-05,TOR,CBJ,1,0.665759,0.334241,TOR,1
logistic_engineered,20232024,20242025,20242025,2024021217,2025-04-05,MTL,PHI,1,0.518348,0.481652,MTL,1
logistic_engineered,20232024,20242025,20242025,2024021218,2025-04-05,STL,COL,1,0.470818,0.529182,COL,0
logistic_engineered,20232024,20242025,20242025,2024021219,2025-04-05,UTA,WPG,1,0.358525,0.641475,WPG,0
logistic_engineered,20232024,20242025,20242025,2024021220,2025-04-05,CGY,VGK,0,0.487096,0.512904,VGK,1
logistic_engineered,20232024,20242025,20242025,2024021221,2025-04-05,SJS,SEA,0,0.139959,0.860041,SEA,1
logistic_engineered,20232024,20242025,20242025,2024021222,2025-04-06,NYI,WSH,1,0.504057,0.495943,NYI,1
logistic_engineered,20232024,20242025,20242025,2024021223,2025-04-06,MIN,DAL,1,0.474289,0.525711,DAL,0
logistic_engineered,20232024,20242025,20242025,2024021224,2025-04-06,OTT,CBJ,1,0.804443,0.195557,OTT,1
logistic_engineered,20232024,20242025,20242025,2024021225,2025-04-06,DET,FLA,1,0.522416,0.477584,DET,1
logistic_engineered,20232024,20242025,20242025,2024021226,2025-04-06,BUF,BOS,1,0.504923,0.495077,BUF,1
logistic_engineered,20232024,20242025,20242025,2024021227,2025-04-06,CHI,PIT,1,0.496544,0.503456,PIT,0
logistic_engineered,20232024,20242025,20242025,2024021228,2025-04-06,NSH,MTL,0,0.678292,0.321708,NSH,0
logistic_engineered,20232024,20242025,20242025,2024021229,2025-04-06,VAN,VGK,0,0.46767,0.53233,VGK,1
logistic_engineered,20232024,20242025,20242025,2024021230,2025-04-07,NYR,TBL,0,0.520072,0.479928,NYR,0
logistic_engineered,20232024,20242025,20242025,2024021231,2025-04-07,WPG,STL,1,0.567959,0.432041,WPG,1
logistic_engineered,20232024,20242025,20242025,2024021232,2025-04-07,ANA,EDM,1,0.162617,0.837383,EDM,0
logistic_engineered,20232024,20242025,20242025,2024021233,2025-04-07,LAK,SEA,0,0.609867,0.390133,LAK,0
logistic_engineered,20232024,20242025,20242025,2024021234,2025-04-07,SJS,CGY,0,0.369353,0.630647,CGY,1
logistic_engineered,20232024,20242025,20242025,2024021235,2025-04-08,BUF,CAR,1,0.430763,0.569237,CAR,0
logistic_engineered,20232024,20242025,20242025,2024021236,2025-04-08,MTL,DET,1,0.49984,0.50016,DET,0
logistic_engineered,20232024,20242025,20242025,2024021237,2025-04-08,FLA,TOR,1,0.527861,0.472139,FLA,1
logistic_engineered,20232024,20242025,20242025,2024021238,2025-04-08,NJD,BOS,0,0.253039,0.746961,BOS,1
logistic_engineered,20232024,20242025,20242025,2024021239,2025-04-08,CBJ,OTT,1,0.5254,0.4746,CBJ,1
logistic_engineered,20232024,20242025,20242025,2024021240,2025-04-08,PIT,CHI,1,0.692574,0.307426,PIT,1
logistic_engineered,20232024,20242025,20242025,2024021241,2025-04-08,NSH,NYI,1,0.78302,0.21698,NSH,1
logistic_engineered,20232024,20242025,20242025,2024021242,2025-04-08,DAL,VAN,0,0.598414,0.401586,DAL,0
logistic_engineered,20232024,20242025,20242025,2024021243,2025-04-08,UTA,SEA,1,0.812606,0.187394,UTA,1
logistic_engineered,20232024,20242025,20242025,2024021244,2025-04-08,COL,VGK,1,0.563532,0.436468,COL,1
logistic_engineered,20232024,20242025,20242025,2024021245,2025-04-09,TBL,TOR,0,0.597776,0.402224,TBL,0
logistic_engineered,20232024,20242025,20242025,2024021246,2025-04-09,NYR,PHI,0,0.61442,0.38558,NYR,0
logistic_engineered,20232024,20242025,20242025,2024021247,2025-04-09,MIN,SJS,1,0.765496,0.234504,MIN,1
logistic_engineered,20232024,20242025,20242025,2024021248,2025-04-09,EDM,STL,1,0.829209,0.170791,EDM,1
logistic_engineered,20232024,20242025,20242025,2024021249,2025-04-09,ANA,CGY,1,0.503702,0.496298,ANA,1
logistic_engineered,20232024,20242025,20242025,2024021250,2025-04-10,BOS,CHI,0,0.700931,0.299069,BOS,0
logistic_engineered,20232024,20242025,20242025,2024021251,2025-04-10,FLA,DET,1,0.627551,0.372449,FLA,1
logistic_engineered,20232024,20242025,20242025,2024021252,2025-04-10,WSH,CAR,1,0.524743,0.475257,WSH,1
logistic_engineered,20232024,20242025,20242025,2024021253,2025-04-10,CBJ,BUF,1,0.461921,0.538079,BUF,0
logistic_engineered,20232024,20242025,20242025,2024021254,2025-04-10,NYI,NYR,0,0.285238,0.714762,NYR,1
logistic_engineered,20232024,20242025,20242025,2024021255,2025-04-10,DAL,WPG,0,0.509278,0.490722,DAL,0
logistic_engineered,20232024,20242025,20242025,2024021256,2025-04-10,COL,VAN,0,0.523726,0.476274,COL,0
logistic_engineered,20232024,20242025,20242025,2024021257,2025-04-10,UTA,NSH,0,0.501891,0.498109,UTA,0
logistic_engineered,20232024,20242025,20242025,2024021258,2025-04-10,VGK,SEA,1,0.612815,0.387185,VGK,1
logistic_engineered,20232024,20242025,20242025,2024021259,2025-04-10,LAK,ANA,1,0.727464,0.272536,LAK,1
logistic_engineered,20232024,20242025,20242025,2024021260,2025-04-11,OTT,MTL,1,0.542079,0.457921,OTT,1
logistic_engineered,20232024,20242025,20242025,2024021261,2025-04-11,TBL,DET,0,0.671115,0.328885,TBL,0
logistic_engineered,20232024,20242025,20242025,2024021262,2025-04-11,NJD,PIT,0,0.545368,0.454632,NJD,0
logistic_engineered,20232024,20242025,20242025,2024021263,2025-04-11,EDM,SJS,1,0.793858,0.206142,EDM,1
logistic_engineered,20232024,20242025,20242025,2024021264,2025-04-11,CGY,MIN,1,0.758855,0.241145,CGY,1
logistic_engineered,20232024,20242025,20242025,2024021265,2025-04-12,PHI,NYI,1,0.554717,0.445283,PHI,1
logistic_engineered,20232024,20242025,20242025,2024021266,2025-04-12,CAR,NYR,1,0.560224,0.439776,CAR,1
logistic_engineered,20232024,20242025,20242025,2024021267,2025-04-12,LAK,COL,1,0.541811,0.458189,LAK,1
logistic_engineered,20232024,20242025,20242025,2024021268,2025-04-12,FLA,BUF,1,0.576204,0.423796,FLA,1
logistic_engineered,20232024,20242025,20242025,2024021269,2025-04-12,TOR,MTL,1,0.892285,0.107715,TOR,1
logistic_engineered,20232024,20242025,20242025,2024021270,2025-04-12,CBJ,WSH,1,0.47348,0.52652,WSH,0
logistic_engineered,20232024,20242025,20242025,2024021271,2025-04-12,CHI,WPG,0,0.283253,0.716747,WPG,1
logistic_engineered,20232024,20242025,20242025,2024021272,2025-04-12,DAL,UTA,0,0.692915,0.307085,DAL,0
logistic_engineered,20232024,20242025,20242025,2024021273,2025-04-12,VAN,MIN,0,0.681243,0.318757,VAN,0
logistic_engineered,20232024,20242025,20242025,2024021274,2025-04-12,VGK,NSH,1,0.609087,0.390913,VGK,1
logistic_engineered,20232024,20242025,20242025,2024021275,2025-04-12,SEA,STL,1,0.491856,0.508144,STL,0
logistic_engineered,20232024,20242025,20242025,2024021276,2025-04-13,OTT,PHI,1,0.584751,0.415249,OTT,1
logistic_engineered,20232024,20242025,20242025,2024021277,2025-04-13,NJD,NYI,0,0.657993,0.342007,NJD,0
logistic_engineered,20232024,20242025,20242025,2024021278,2025-04-13,PIT,BOS,0,0.48668,0.51332,BOS,1
logistic_engineered,20232024,20242025,20242025,2024021279,2025-04-13,CAR,TOR,0,0.501241,0.498759,CAR,0
logistic_engineered,20232024,20242025,20242025,2024021280,2025-04-13,TBL,BUF,1,0.656476,0.343524,TBL,1
logistic_engineered,20232024,20242025,20242025,2024021281,2025-04-13,WSH,CBJ,0,0.580675,0.419325,WSH,0
logistic_engineered,20232024,20242025,20242025,2024021282,2025-04-13,WPG,EDM,0,0.448837,0.551163,EDM,1
logistic_engineered,20232024,20242025,20242025,2024021283,2025-04-13,CGY,SJS,1,0.735038,0.264962,CGY,1
logistic_engineered,20232024,20242025,20242025,2024021284,2025-04-13,ANA,COL,0,0.518306,0.481694,ANA,0
logistic_engineered,20232024,20242025,20242025,2024021285,2025-04-14,MTL,CHI,0,0.703426,0.296574,MTL,0
logistic_engineered,20232024,20242025,20242025,2024021286,2025-04-14,DET,DAL,1,0.43424,0.56576,DAL,0
logistic_engineered,20232024,20242025,20242025,2024021287,2025-04-14,FLA,NYR,0,0.57343,0.42657,FLA,0
logistic_engineered,20232024,20242025,20242025,2024021288,2025-04-14,NSH,UTA,0,0.596868,0.403132,NSH,0
logistic_engineered,20232024,20242025,20242025,2024021289,2025-04-14,EDM,LAK,0,0.586913,0.413087,EDM,0
logistic_engineered,20232024,20242025,20242025,2024021290,2025-04-14,VAN,SJS,1,0.857685,0.142315,VAN,1
logistic_engineered,20232024,20242025,20242025,2024021291,2025-04-15,BOS,NJD,0,0.57518,0.42482,BOS,0
logistic_engineered,20232024,20242025,20242025,2024021292,2025-04-15,BUF,TOR,0,0.478248,0.521752,TOR,1
logistic_engineered,20232024,20242025,20242025,2024021293,2025-04-15,OTT,CHI,0,0.72343,0.27657,OTT,0
logistic_engineered,20232024,20242025,20242025,2024021294,2025-04-15,TBL,FLA,1,0.602341,0.397659,TBL,1
logistic_engineered,20232024,20242025,20242025,2024021295,2025-04-15,PHI,CBJ,0,0.571902,0.428098,PHI,0
logistic_engineered,20232024,20242025,20242025,2024021296,2025-04-15,NYI,WSH,0,0.462431,0.537569,WSH,1
logistic_engineered,20232024,20242025,20242025,2024021297,2025-04-15,STL,UTA,1,0.657691,0.342309,STL,1
logistic_engineered,20232024,20242025,20242025,2024021298,2025-04-15,MIN,ANA,1,0.537059,0.462941,MIN,1
logistic_engineered,20232024,20242025,20242025,2024021299,2025-04-15,CGY,VGK,1,0.45474,0.54526,VGK,0
logistic_engineered,20232024,20242025,20242025,2024021300,2025-04-15,SEA,LAK,0,0.571993,0.428007,SEA,0
logistic_engineered,20232024,20242025,20242025,2024021301,2025-04-16,MTL,CAR,1,0.425733,0.574267,CAR,0
logistic_engineered,20232024,20242025,20242025,2024021302,2025-04-16,WPG,ANA,1,0.787677,0.212323,WPG,1
logistic_engineered,20232024,20242025,20242025,2024021303,2025-04-16,NJD,DET,0,0.380263,0.619737,DET,1
logistic_engineered,20232024,20242025,20242025,2024021304,2025-04-16,NSH,DAL,1,0.692795,0.307205,NSH,1
logistic_engineered,20232024,20242025,20242025,2024021305,2025-04-16,VAN,VGK,0,0.322561,0.677439,VGK,1
logistic_engineered,20232024,20242025,20242025,2024021306,2025-04-16,SJS,EDM,0,0.125762,0.874238,EDM,1
logistic_engineered,20232024,20242025,20242025,2024020653,2025-04-17,LAK,CGY,0,0.651898,0.348102,LAK,0
logistic_engineered,20232024,20242025,20242025,2024021307,2025-04-17,BUF,PHI,1,0.584309,0.415691,BUF,1
logistic_engineered,20232024,20242025,20242025,2024021308,2025-04-17,TOR,DET,1,0.650785,0.349215,TOR,1
logistic_engineered,20232024,20242025,20242025,2024021309,2025-04-17,OTT,CAR,1,0.485453,0.514547,CAR,0
logistic_engineered,20232024,20242025,20242025,2024021310,2025-04-17,NYR,TBL,1,0.524186,0.475814,NYR,1
logistic_engineered,20232024,20242025,20242025,2024021311,2025-04-17,PIT,WSH,1,0.565612,0.434388,PIT,1
logistic_engineered,20232024,20242025,20242025,2024021312,2025-04-17,CBJ,NYI,1,0.564302,0.435698,CBJ,1
logistic_engineered,20242025,20252026,20252026,2025020001,2025-10-07,FLA,CHI,1,0.642786,0.357214,FLA,1
logistic_engineered,20242025,20252026,20252026,2025020002,2025-10-07,NYR,PIT,0,0.524851,0.475149,NYR,0
logistic_engineered,20242025,20252026,20252026,2025020003,2025-10-07,LAK,COL,0,0.554447,0.445553,LAK,0
logistic_engineered,20242025,20252026,20252026,2025020004,2025-10-08,TOR,MTL,1,0.59218,0.40782,TOR,1
logistic_engineered,20242025,20252026,20252026,2025020005,2025-10-08,WSH,BOS,0,0.630933,0.369067,WSH,0
logistic_engineered,20242025,20252026,20252026,2025020006,2025-10-08,EDM,CGY,0,0.626088,0.373912,EDM,0
logistic_engineered,20242025,20252026,20252026,2025020007,2025-10-08,VGK,LAK,0,0.599569,0.400431,VGK,0
logistic_engineered,20242025,20252026,20252026,2025020008,2025-10-09,BOS,CHI,1,0.570174,0.429826,BOS,1
logistic_engineered,20242025,20252026,20252026,2025020009,2025-10-09,BUF,NYR,0,0.545575,0.454425,BUF,0
logistic_engineered,20242025,20252026,20252026,2025020010,2025-10-09,DET,MTL,0,0.602581,0.397419,DET,0
logistic_engineered,20242025,20252026,20252026,2025020011,2025-10-09,TBL,OTT,0,0.605388,0.394612,TBL,0
logistic_engineered,20242025,20252026,20252026,2025020012,2025-10-09,FLA,PHI,1,0.57449,0.42551,FLA,1
logistic_engineered,20242025,20252026,20252026,2025020013,2025-10-09,PIT,NYI,1,0.605053,0.394947,PIT,1
logistic_engineered,20242025,20252026,20252026,2025020014,2025-10-09,CAR,NJD,1,0.564699,0.435301,CAR,1
logistic_engineered,20242025,20252026,20252026,2025020015,2025-10-09,STL,MIN,0,0.578126,0.421874,STL,0
logistic_engineered,20242025,20252026,20252026,2025020016,2025-10-09,NSH,CBJ,1,0.480703,0.519297,CBJ,0
logistic_engineered,20242025,20252026,20252026,2025020017,2025-10-09,WPG,DAL,0,0.560437,0.439563,WPG,0
logistic_engineered,20242025,20252026,20252026,2025020018,2025-10-09,COL,UTA,1,0.588562,0.411438,COL,1
logistic_engineered,20242025,20252026,20252026,2025020019,2025-10-09,VAN,CGY,1,0.590913,0.409087,VAN,1
logistic_engineered,20242025,20252026,20252026,2025020020,2025-10-09,SJS,VGK,0,0.486868,0.513132,VGK,1
logistic_engineered,20242025,20252026,20252026,2025020021,2025-10-09,SEA,ANA,1,0.566229,0.433771,SEA,1
logistic_engineered,20242025,20252026,20252026,2025020022,2025-10-11,WPG,LAK,1,0.487788,0.512212,LAK,0
logistic_engineered,20242025,20252026,20252026,2025020023,2025-10-11,CGY,STL,0,0.657056,0.342944,CGY,0
logistic_engineered,20242025,20252026,20252026,2025020024,2025-10-11,BOS,BUF,1,0.726427,0.273573,BOS,1
logistic_engineered,20242025,20252026,20252026,2025020025,2025-10-11,DET,TOR,1,0.265992,0.734008,TOR,0
logistic_engineered,20242025,20252026,20252026,2025020026,2025-10-11,TBL,NJD,0,0.670841,0.329159,TBL,0
logistic_engineered,20242025,20252026,20252026,2025020027,2025-10-11,FLA,OTT,1,0.569263,0.430737,FLA,1
logistic_engineered,20242025,20252026,20252026,2025020028,2025-10-11,NYI,WSH,0,0.482868,0.517132,WSH,1
logistic_engineered,20242025,20252026,20252026,2025020029,2025-10-11,PIT,NYR,0,0.621038,0.378962,PIT,0
logistic_engineered,20242025,20252026,20252026,2025020030,2025-10-11,CAR,PHI,1,0.791211,0.208789,CAR,1
logistic_engineered,20242025,20252026,20252026,2025020031,2025-10-11,CHI,MTL,0,0.41367,0.58633,MTL,1
logistic_engineered,20242025,20252026,20252026,2025020032,2025-10-11,NSH,UTA,0,0.649333,0.350667,NSH,0
logistic_engineered,20242025,20252026,20252026,2025020033,2025-10-11,MIN,CBJ,0,0.748291,0.251709,MIN,0
logistic_engineered,20242025,20252026,20252026,2025020034,2025-10-11,COL,DAL,0,0.545034,0.454966,COL,0
logistic_engineered,20242025,20252026,20252026,2025020035,2025-10-11,EDM,VAN,1,0.399196,0.600804,VAN,0
logistic_engineered,20242025,20252026,20252026,2025020036,2025-10-11,SJS,ANA,0,0.56485,0.43515,SJS,0
logistic_engineered,20242025,20252026,20252026,2025020037,2025-10-11,SEA,VGK,1,0.564704,0.435296,SEA,1
logistic_engineered,20242025,20252026,20252026,2025020038,2025-10-12,NYR,WSH,0,0.520337,0.479663,NYR,0
logistic_engineered,20242025,20252026,20252026,2025020039,2025-10-13,BUF,COL,0,0.283291,0.716709,COL,1
logistic_engineered,20242025,20252026,20252026,2025020040,2025-10-13,BOS,TBL,0,0.55912,0.44088,BOS,0
logistic_engineered,20242025,20252026,20252026,2025020041,2025-10-13,OTT,NSH,0,0.524424,0.475576,OTT,0
logistic_engineered,20242025,20252026,20252026,2025020042,2025-10-13,NYI,WPG,0,0.361303,0.638697,WPG,1
logistic_engineered,20242025,20252026,20252026,2025020043,2025-10-13,TOR,DET,0,0.597097,0.402903,TOR,0
logistic_engineered,20242025,20252026,20252026,2025020044,2025-10-13,PHI,FLA,1,0.382677,0.617323,FLA,0
logistic_engineered,20242025,20252026,20252026,2025020045,2025-10-13,CBJ,NJD,0,0.822439,0.177561,CBJ,0
logistic_engineered,20242025,20252026,20252026,2025020046,2025-10-13,VAN,STL,0,0.586612,0.413388,VAN,0
logistic_engineered,20242025,20252026,20252026,2025020047,2025-10-13,MIN,LAK,1,0.526817,0.473183,MIN,1
logistic_engineered,20242025,20252026,20252026,2025020048,2025-10-13,CHI,UTA,1,0.393219,0.606781,UTA,0
logistic_engineered,20242025,20252026,20252026,2025020049,2025-10-14,TOR,NSH,1,0.52269,0.47731,TOR,1
logistic_engineered,20242025,20252026,20252026,2025020050,2025-10-14,MTL,SEA,1,0.544182,0.455818,MTL,1
logistic_engineered,20242025,20252026,20252026,2025020051,2025-10-14,NYR,EDM,0,0.499427,0.500573,EDM,1
logistic_engineered,20242025,20252026,20252026,2025020052,2025-10-14,WSH,TBL,1,0.574635,0.425365,WSH,1
logistic_engineered,20242025,20252026,20252026,2025020053,2025-10-14,CGY,VGK,0,0.731642,0.268358,CGY,0
logistic_engineered,20242025,20252026,20252026,2025020054,2025-10-14,DAL,MIN,1,0.694987,0.305013,DAL,1
logistic_engineered,20242025,20252026,20252026,2025020055,2025-10-14,SJS,CAR,0,0.300076,0.699924,CAR,1
logistic_engineered,20242025,20252026,20252026,2025020056,2025-10-14,ANA,PIT,1,0.555947,0.444053,ANA,1
logistic_engineered,20242025,20252026,20252026,2025020057,2025-10-15,BUF,OTT,1,0.409421,0.590579,OTT,0
logistic_engineered,20242025,20252026,20252026,2025020058,2025-10-15,DET,FLA,1,0.539572,0.460428,DET,1
logistic_engineered,20242025,20252026,20252026,2025020059,2025-10-15,STL,CHI,0,0.290569,0.709431,CHI,1
logistic_engineered,20242025,20252026,20252026,2025020060,2025-10-15,UTA,CGY,1,0.656036,0.343964,UTA,1
logistic_engineered,20242025,20252026,20252026,2025020061,2025-10-16,TOR,NYR,1,0.587356,0.412644,TOR,1
logistic_engineered,20242025,20252026,20252026,2025020062,2025-10-16,MTL,NSH,1,0.618169,0.381831,MTL,1
logistic_engineered,20242025,20252026,20252026,2025020063,2025-10-16,OTT,SEA,1,0.416819,0.583181,SEA,0
logistic_engineered,20242025,20252026,20252026,2025020064,2025-10-16,NJD,FLA,1,0.647394,0.352606,NJD,1
logistic_engineered,20242025,20252026,20252026,2025020065,2025-10-16,NYI,EDM,1,0.31444,0.68556,EDM,0
logistic_engineered,20242025,20252026,20252026,2025020066,2025-10-16,PHI,WPG,0,0.443338,0.556662,WPG,1
logistic_engineered,20242025,20252026,20252026,2025020067,2025-10-16,CBJ,COL,0,0.453439,0.546561,COL,1
logistic_engineered,20242025,20252026,20252026,2025020068,2025-10-16,DAL,VAN,0,0.715656,0.284344,DAL,0
logistic_engineered,20242025,20252026,20252026,2025020069,2025-10-16,VGK,BOS,1,0.542553,0.457447,VGK,1
logistic_engineered,20242025,20252026,20252026,2025020070,2025-10-16,ANA,CAR,0,0.367439,0.632561,CAR,1
logistic_engineered,20242025,20252026,20252026,2025020071,2025-10-16,LAK,PIT,0,0.583539,0.416461,LAK,0
logistic_engineered,20242025,20252026,20252026,2025020072,2025-10-17,DET,TBL,1,0.540485,0.459515,DET,1
logistic_engineered,20242025,20252026,20252026,2025020073,2025-10-17,WSH,MIN,1,0.617371,0.382629,WSH,1
logistic_engineered,20242025,20252026,20252026,2025020074,2025-10-17,CHI,VAN,0,0.590101,0.409899,CHI,0
logistic_engineered,20242025,20252026,20252026,2025020075,2025-10-17,UTA,SJS,1,0.673681,0.326319,UTA,1
logistic_engineered,20242025,20252026,20252026,2025020076,2025-10-18,BUF,FLA,1,0.494637,0.505363,FLA,0
logistic_engineered,20242025,20252026,20252026,2025020077,2025-10-18,OTT,NYI,0,0.619169,0.380831,OTT,0
logistic_engineered,20242025,20252026,20252026,2025020078,2025-10-18,NJD,EDM,1,0.593448,0.406552,NJD,1
logistic_engineered,20242025,20252026,20252026,2025020079,2025-10-18,TOR,SEA,0,0.684595,0.315405,TOR,0
logistic_engineered,20242025,20252026,20252026,2025020080,2025-10-18,MTL,NYR,0,0.604975,0.395025,MTL,0
logistic_engineered,20242025,20252026,20252026,2025020081,2025-10-18,PHI,MIN,1,0.580701,0.419299,PHI,1
logistic_engineered,20242025,20252026,20252026,2025020082,2025-10-18,CBJ,TBL,1,0.573747,0.426253,CBJ,1
logistic_engineered,20242025,20252026,20252026,2025020083,2025-10-18,STL,DAL,1,0.386051,0.613949,DAL,0
logistic_engineered,20242025,20252026,20252026,2025020084,2025-10-18,WPG,NSH,1,0.71959,0.28041,WPG,1
logistic_engineered,20242025,20252026,20252026,2025020085,2025-10-18,COL,BOS,1,0.644592,0.355408,COL,1
logistic_engineered,20242025,20252026,20252026,2025020086,2025-10-18,LAK,CAR,0,0.353098,0.646902,CAR,1
logistic_engineered,20242025,20252026,20252026,2025020087,2025-10-18,VGK,CGY,1,0.895101,0.104899,VGK,1
logistic_engineered,20242025,20252026,20252026,2025020088,2025-10-18,SJS,PIT,0,0.29333,0.70667,PIT,1
logistic_engineered,20242025,20252026,20252026,2025020089,2025-10-19,WSH,VAN,0,0.648977,0.351023,WSH,0
logistic_engineered,20242025,20252026,20252026,2025020090,2025-10-19,DET,EDM,1,0.704635,0.295365,DET,1
logistic_engineered,20242025,20252026,20252026,2025020091,2025-10-19,CHI,ANA,1,0.536228,0.463772,CHI,1
logistic_engineered,20242025,20252026,20252026,2025020092,2025-10-19,UTA,BOS,1,0.722326,0.277674,UTA,1
logistic_engineered,20242025,20252026,20252026,2025020093,2025-10-20,NYR,MIN,0,0.563887,0.436113,NYR,0
logistic_engineered,20242025,20252026,20252026,2025020094,2025-10-20,PHI,SEA,1,0.795349,0.204651,PHI,1
logistic_engineered,20242025,20252026,20252026,2025020095,2025-10-20,MTL,BUF,1,0.640744,0.359256,MTL,1
logistic_engineered,20242025,20252026,20252026,2025020096,2025-10-20,CGY,WPG,0,0.25092,0.74908,WPG,1
logistic_engineered,20242025,20252026,20252026,2025020097,2025-10-20,VGK,CAR,1,0.365164,0.634836,CAR,0
logistic_engineered,20242025,20252026,20252026,2025020098,2025-10-21,TOR,NJD,0,0.530325,0.469675,TOR,0
logistic_engineered,20242025,20252026,20252026,2025020099,2025-10-21,OTT,EDM,0,0.539882,0.460118,OTT,0
logistic_engineered,20242025,20252026,20252026,2025020100,2025-10-21,NYI,SJS,1,0.69808,0.30192,NYI,1
logistic_engineered,20242025,20252026,20252026,2025020101,2025-10-21,PIT,VAN,1,0.537686,0.462314,PIT,1
logistic_engineered,20242025,20252026,20252026,2025020102,2025-10-21,WSH,SEA,1,0.73647,0.26353,WSH,1
logistic_engineered,20242025,20252026,20252026,2025020103,2025-10-21,BOS,FLA,0,0.523221,0.476779,BOS,0
logistic_engineered,20242025,20252026,20252026,2025020104,2025-10-21,STL,LAK,0,0.553754,0.446246,STL,0
logistic_engineered,20242025,20252026,20252026,2025020105,2025-10-21,NSH,ANA,0,0.570657,0.429343,NSH,0
logistic_engineered,20242025,20252026,20252026,2025020106,2025-10-21,DAL,CBJ,0,0.593858,0.406142,DAL,0
logistic_engineered,20242025,20252026,20252026,2025020107,2025-10-21,UTA,COL,1,0.48026,0.51974,COL,0
logistic_engineered,20242025,20252026,20252026,2025020108,2025-10-22,NJD,MIN,1,0.558172,0.441828,NJD,1
logistic_engineered,20242025,20252026,20252026,2025020109,2025-10-22,BUF,DET,1,0.383654,0.616346,DET,0
logistic_engineered,20242025,20252026,20252026,2025020110,2025-10-22,CGY,MTL,0,0.387273,0.612727,MTL,1
logistic_engineered,20242025,20252026,20252026,2025020111,2025-10-23,BOS,ANA,0,0.52606,0.47394,BOS,0
logistic_engineered,20242025,20252026,20252026,2025020112,2025-10-23,OTT,PHI,1,0.538803,0.461197,OTT,1
logistic_engineered,20242025,20252026,20252026,2025020113,2025-10-23,TBL,CHI,0,0.605154,0.394846,TBL,0
logistic_engineered,20242025,20252026,20252026,2025020114,2025-10-23,FLA,PIT,0,0.574065,0.425935,FLA,0
logistic_engineered,20242025,20252026,20252026,2025020115,2025-10-23,NYI,DET,1,0.597055,0.402945,NYI,1
logistic_engineered,20242025,20252026,20252026,2025020116,2025-10-23,NYR,SJS,0,0.716268,0.283732,NYR,0
logistic_engineered,20242025,20252026,20252026,2025020117,2025-10-23,STL,UTA,0,0.201227,0.798773,UTA,1
logistic_engineered,20242025,20252026,20252026,2025020118,2025-10-23,NSH,VAN,1,0.474598,0.525402,VAN,0
logistic_engineered,20242025,20252026,20252026,2025020119,2025-10-23,DAL,LAK,0,0.566874,0.433126,DAL,0
logistic_engineered,20242025,20252026,20252026,2025020120,2025-10-23,WPG,SEA,0,0.759689,0.240311,WPG,0
logistic_engineered,20242025,20252026,20252026,2025020121,2025-10-23,COL,CAR,0,0.373632,0.626368,CAR,1
logistic_engineered,20242025,20252026,20252026,2025020122,2025-10-23,EDM,MTL,1,0.588307,0.411693,EDM,1
logistic_engineered,20242025,20252026,20252026,2025020123,2025-10-24,BUF,TOR,1,0.502948,0.497052,BUF,1
logistic_engineered,20242025,20252026,20252026,2025020124,2025-10-24,NJD,SJS,1,0.848774,0.151226,NJD,1
logistic_engineered,20242025,20252026,20252026,2025020125,2025-10-24,CBJ,WSH,0,0.470589,0.529411,WSH,1
logistic_engineered,20242025,20252026,20252026,2025020126,2025-10-24,WPG,CGY,1,0.679875,0.320125,WPG,1
logistic_engineered,20242025,20252026,20252026,2025020127,2025-10-25,PHI,NYI,1,0.501496,0.498504,PHI,1
logistic_engineered,20242025,20252026,20252026,2025020128,2025-10-25,BOS,COL,1,0.368321,0.631679,COL,0
logistic_engineered,20242025,20252026,20252026,2025020129,2025-10-25,TBL,ANA,1,0.545433,0.454567,TBL,1
logistic_engineered,20242025,20252026,20252026,2025020130,2025-10-25,FLA,VGK,1,0.378429,0.621571,VGK,0
logistic_engineered,20242025,20252026,20252026,2025020131,2025-10-25,MIN,UTA,0,0.497268,0.502732,UTA,1
logistic_engineered,20242025,20252026,20252026,2025020132,2025-10-25,TOR,BUF,1,0.576158,0.423842,TOR,1
logistic_engineered,20242025,20252026,20252026,2025020133,2025-10-25,DET,STL,1,0.552686,0.447314,DET,1
logistic_engineered,20242025,20252026,20252026,2025020134,2025-10-25,PIT,CBJ,0,0.659719,0.340281,PIT,0
logistic_engineered,20242025,20252026,20252026,2025020135,2025-10-25,WSH,OTT,0,0.622037,0.377963,WSH,0
logistic_engineered,20242025,20252026,20252026,2025020136,2025-10-25,VAN,MTL,0,0.499627,0.500373,MTL,1
logistic_engineered,20242025,20252026,20252026,2025020137,2025-10-25,NSH,LAK,1,0.445008,0.554992,LAK,0
logistic_engineered,20242025,20252026,20252026,2025020138,2025-10-25,DAL,CAR,1,0.467521,0.532479,CAR,0
logistic_engineered,20242025,20252026,20252026,2025020139,2025-10-25,SEA,EDM,1,0.542464,0.457536,SEA,1
logistic_engineered,20242025,20252026,20252026,2025020140,2025-10-26,NJD,COL,1,0.7057,0.2943,NJD,1
logistic_engineered,20242025,20252026,20252026,2025020141,2025-10-26,TBL,VGK,1,0.476331,0.523669,VGK,0
logistic_engineered,20242025,20252026,20252026,2025020142,2025-10-26,MIN,SJS,0,0.566237,0.433763,MIN,0
logistic_engineered,20242025,20252026,20252026,2025020143,2025-10-26,WPG,UTA,0,0.676381,0.323619,WPG,0
logistic_engineered,20242025,20252026,20252026,2025020144,2025-10-26,CHI,LAK,0,0.584089,0.415911,CHI,0
logistic_engineered,20242025,20252026,20252026,2025020145,2025-10-26,NSH,DAL,0,0.435871,0.564129,DAL,1
logistic_engineered,20242025,20252026,20252026,2025020146,2025-10-26,CGY,NYR,1,0.374151,0.625849,NYR,0
logistic_engineered,20242025,20252026,20252026,2025020147,2025-10-26,VAN,EDM,1,0.423279,0.576721,EDM,0
logistic_engineered,20242025,20252026,20252026,2025020148,2025-10-27,PIT,STL,1,0.572712,0.427288,PIT,1
logistic_engineered,20242025,20252026,20252026,2025020149,2025-10-27,OTT,BOS,1,0.629421,0.370579,OTT,1
logistic_engineered,20242025,20252026,20252026,2025020150,2025-10-28,PHI,PIT,1,0.578547,0.421453,PHI,1
logistic_engineered,20242025,20252026,20252026,2025020151,2025-10-28,TOR,CGY,1,0.713791,0.286209,TOR,1
logistic_engineered,20242025,20252026,20252026,2025020152,2025-10-28,BUF,CBJ,0,0.504053,0.495947,BUF,0
logistic_engineered,20242025,20252026,20252026,2025020153,2025-10-28,FLA,ANA,0,0.540006,0.459994,FLA,0
logistic_engineered,20242025,20252026,20252026,2025020154,2025-10-28,BOS,NYI,1,0.331628,0.668372,NYI,0
logistic_engineered,20242025,20252026,20252026,2025020155,2025-10-28,CAR,VGK,0,0.595233,0.404767,CAR,0
logistic_engineered,20242025,20252026,20252026,2025020156,2025-10-28,NSH,TBL,0,0.421351,0.578649,TBL,1
logistic_engineered,20242025,20252026,20252026,2025020157,2025-10-28,MIN,WPG,0,0.352354,0.647646,WPG,1
logistic_engineered,20242025,20252026,20252026,2025020158,2025-10-28,STL,DET,0,0.34485,0.65515,DET,1
logistic_engineered,20242025,20252026,20252026,2025020159,2025-10-28,DAL,WSH,1,0.500615,0.499385,DAL,1
logistic_engineered,20242025,20252026,20252026,2025020160,2025-10-28,CHI,OTT,1,0.534195,0.465805,CHI,1
logistic_engineered,20242025,20252026,20252026,2025020161,2025-10-28,COL,NJD,1,0.462902,0.537098,NJD,0
logistic_engineered,20242025,20252026,20252026,2025020162,2025-10-28,EDM,UTA,1,0.478797,0.521203,UTA,0
logistic_engineered,20242025,20252026,20252026,2025020163,2025-10-28,VAN,NYR,0,0.520159,0.479841,VAN,0
logistic_engineered,20242025,20252026,20252026,2025020164,2025-10-28,SEA,MTL,0,0.560536,0.439464,SEA,0
logistic_engineered,20242025,20252026,20252026,2025020165,2025-10-28,SJS,LAK,0,0.353873,0.646127,LAK,1
logistic_engineered,20242025,20252026,20252026,2025020166,2025-10-29,CBJ,TOR,1,0.488891,0.511109,TOR,0
logistic_engineered,20242025,20252026,20252026,2025020167,2025-10-30,BOS,BUF,1,0.513195,0.486805,BOS,1
logistic_engineered,20242025,20252026,20252026,2025020168,2025-10-30,OTT,CGY,1,0.646914,0.353086,OTT,1
logistic_engineered,20242025,20252026,20252026,2025020169,2025-10-30,TBL,DAL,1,0.562631,0.437369,TBL,1
logistic_engineered,20242025,20252026,20252026,2025020170,2025-10-30,PHI,NSH,1,0.655786,0.344214,PHI,1
logistic_engineered,20242025,20252026,20252026,2025020171,2025-10-30,CAR,NYI,1,0.621809,0.378191,CAR,1
logistic_engineered,20242025,20252026,20252026,2025020172,2025-10-30,STL,VAN,0,0.503776,0.496224,STL,0
logistic_engineered,20242025,20252026,20252026,2025020173,2025-10-30,MIN,PIT,0,0.442382,0.557618,PIT,1
logistic_engineered,20242025,20252026,20252026,2025020174,2025-10-30,WPG,CHI,1,0.681821,0.318179,WPG,1
logistic_engineered,20242025,20252026,20252026,2025020175,2025-10-30,EDM,NYR,0,0.613424,0.386576,EDM,0
logistic_engineered,20242025,20252026,20252026,2025020176,2025-10-30,SJS,NJD,1,0.312177,0.687823,NJD,0
logistic_engineered,20242025,20252026,20252026,2025020177,2025-10-30,LAK,DET,0,0.547593,0.452407,LAK,0
logistic_engineered,20242025,20252026,20252026,2025020178,2025-10-31,VGK,COL,0,0.548017,0.451983,VGK,0
logistic_engineered,20242025,20252026,20252026,2025020179,2025-10-31,WSH,NYI,0,0.698978,0.301022,WSH,0
logistic_engineered,20242025,20252026,20252026,2025020180,2025-10-31,ANA,DET,1,0.641562,0.358438,ANA,1
logistic_engineered,20242025,20252026,20252026,2025020181,2025-11-01,BOS,CAR,1,0.467324,0.532676,CAR,0
logistic_engineered,20242025,20252026,20252026,2025020182,2025-11-01,WPG,PIT,1,0.629366,0.370634,WPG,1
logistic_engineered,20242025,20252026,20252026,2025020183,2025-11-01,NSH,CGY,1,0.801766,0.198234,NSH,1
logistic_engineered,20242025,20252026,20252026,2025020184,2025-11-01,SJS,COL,1,0.392573,0.607427,COL,0
logistic_engineered,20242025,20252026,20252026,2025020185,2025-11-01,FLA,DAL,1,0.497323,0.502677,DAL,0
logistic_engineered,20242025,20252026,20252026,2025020186,2025-11-01,BUF,WSH,1,0.544527,0.455473,BUF,1
logistic_engineered,20242025,20252026,20252026,2025020187,2025-11-01,MTL,OTT,1,0.631957,0.368043,MTL,1
logistic_engineered,20242025,20252026,20252026,2025020188,2025-11-01,PHI,TOR,0,0.228597,0.771403,TOR,1
logistic_engineered,20242025,20252026,20252026,2025020189,2025-11-01,CBJ,STL,1,0.616795,0.383205,CBJ,1
logistic_engineered,20242025,20252026,20252026,2025020190,2025-11-01,MIN,VAN,1,0.516228,0.483772,MIN,1
logistic_engineered,20242025,20252026,20252026,2025020191,2025-11-01,LAK,NJD,0,0.497912,0.502088,NJD,1
logistic_engineered,20242025,20252026,20252026,2025020192,2025-11-01,EDM,CHI,1,0.644414,0.355586,EDM,1
logistic_engineered,20242025,20252026,20252026,2025020193,2025-11-01,SEA,NYR,0,0.596182,0.403818,SEA,0
logistic_engineered,20242025,20252026,20252026,2025020194,2025-11-02,UTA,TBL,0,0.564976,0.435024,UTA,0
logistic_engineered,20242025,20252026,20252026,2025020195,2025-11-02,NYI,CBJ,1,0.595204,0.404796,NYI,1
logistic_engineered,20242025,20252026,20252026,2025020196,2025-11-02,PHI,CGY,0,0.581017,0.418983,PHI,0
logistic_engineered,20242025,20252026,20252026,2025020197,2025-11-02,ANA,NJD,1,0.5831,0.4169,ANA,1
logistic_engineered,20242025,20252026,20252026,2025020198,2025-11-02,SJS,DET,0,0.310203,0.689797,DET,1
logistic_engineered,20242025,20252026,20252026,2025020199,2025-11-03,TOR,PIT,1,0.564611,0.435389,TOR,1
logistic_engineered,20242025,20252026,20252026,2025020200,2025-11-03,STL,EDM,1,0.411011,0.588989,EDM,0
logistic_engineered,20242025,20252026,20252026,2025020201,2025-11-03,NSH,VAN,0,0.523656,0.476344,NSH,0
logistic_engineered,20242025,20252026,20252026,2025020202,2025-11-03,SEA,CHI,1,0.614012,0.385988,SEA,1
logistic_engineered,20242025,20252026,20252026,2025020203,2025-11-04,BUF,UTA,0,0.526773,0.473227,BUF,0
logistic_engineered,20242025,20252026,20252026,2025020204,2025-11-04,MTL,PHI,0,0.700332,0.299668,MTL,0
logistic_engineered,20242025,20252026,20252026,2025020205,2025-11-04,NYI,BOS,0,0.597174,0.402826,NYI,0
logistic_engineered,20242025,20252026,20252026,2025020206,2025-11-04,NYR,CAR,0,0.4751,0.5249,CAR,1
logistic_engineered,20242025,20252026,20252026,2025020207,2025-11-04,DAL,EDM,1,0.63237,0.36763,DAL,1
logistic_engineered,20242025,20252026,20252026,2025020208,2025-11-04,MIN,NSH,1,0.682002,0.317998,MIN,1
logistic_engineered,20242025,20252026,20252026,2025020209,2025-11-04,COL,TBL,1,0.572619,0.427381,COL,1
logistic_engineered,20242025,20252026,20252026,2025020210,2025-11-04,VGK,DET,1,0.635379,0.364621,VGK,1
logistic_engineered,20242025,20252026,20252026,2025020211,2025-11-04,ANA,FLA,1,0.59232,0.40768,ANA,1
logistic_engineered,20242025,20252026,20252026,2025020212,2025-11-04,LAK,WPG,1,0.364625,0.635375,WPG,0
logistic_engineered,20242025,20252026,20252026,2025020213,2025-11-05,TOR,UTA,1,0.651458,0.348542,TOR,1
logistic_engineered,20242025,20252026,20252026,2025020214,2025-11-05,WSH,STL,1,0.847871,0.152129,WSH,1
logistic_engineered,20242025,20252026,20252026,2025020215,2025-11-05,CGY,CBJ,1,0.451389,0.548611,CBJ,0
logistic_engineered,20242025,20252026,20252026,2025020216,2025-11-05,VAN,CHI,0,0.609712,0.390288,VAN,0
logistic_engineered,20242025,20252026,20252026,2025020217,2025-11-05,SEA,SJS,0,0.315928,0.684072,SJS,1
logistic_engineered,20242025,20252026,20252026,2025020218,2025-11-06,BOS,OTT,1,0.462815,0.537185,OTT,0
logistic_engineered,20242025,20252026,20252026,2025020219,2025-11-06,BUF,STL,0,0.617351,0.382649,BUF,0
logistic_engineered,20242025,20252026,20252026,2025020220,2025-11-06,NJD,MTL,1,0.605227,0.394773,NJD,1
logistic_engineered,20242025,20252026,20252026,2025020221,2025-11-06,PIT,WSH,1,0.568674,0.431326,PIT,1
logistic_engineered,20242025,20252026,20252026,2025020222,2025-11-06,CAR,MIN,1,0.637078,0.362922,CAR,1
logistic_engineered,20242025,20252026,20252026,2025020223,2025-11-06,NSH,PHI,0,0.5007,0.4993,NSH,0
logistic_engineered,20242025,20252026,20252026,2025020224,2025-11-06,DAL,ANA,0,0.586553,0.413447,DAL,0
logistic_engineered,20242025,20252026,20252026,2025020225,2025-11-06,VGK,TBL,0,0.557063,0.442937,VGK,0
logistic_engineered,20242025,20252026,20252026,2025020226,2025-11-06,LAK,FLA,0,0.567178,0.432822,LAK,0
logistic_engineered,20242025,20252026,20252026,2025020227,2025-11-07,DET,NYR,0,0.588688,0.411312,DET,0
logistic_engineered,20242025,20252026,20252026,2025020228,2025-11-07,NYI,MIN,0,0.617512,0.382488,NYI,0
logistic_engineered,20242025,20252026,20252026,2025020229,2025-11-07,CGY,CHI,0,0.561385,0.438615,CGY,0
logistic_engineered,20242025,20252026,20252026,2025020230,2025-11-07,SJS,WPG,1,0.267803,0.732197,WPG,0
logistic_engineered,20242025,20252026,20252026,2025020231,2025-11-08,NJD,PIT,1,0.617074,0.382926,NJD,1
logistic_engineered,20242025,20252026,20252026,2025020232,2025-11-08,PHI,OTT,0,0.520985,0.479015,PHI,0
logistic_engineered,20242025,20252026,20252026,2025020233,2025-11-08,NSH,DAL,0,0.420414,0.579586,DAL,1
logistic_engineered,20242025,20252026,20252026,2025020234,2025-11-08,TOR,BOS,0,0.302963,0.697037,BOS,1
logistic_engineered,20242025,20252026,20252026,2025020235,2025-11-08,MTL,UTA,1,0.585541,0.414459,MTL,1
logistic_engineered,20242025,20252026,20252026,2025020236,2025-11-08,TBL,WSH,1,0.5481,0.4519,TBL,1
logistic_engineered,20242025,20252026,20252026,2025020237,2025-11-08,NYR,NYI,0,0.536481,0.463519,NYR,0
logistic_engineered,20242025,20252026,20252026,2025020238,2025-11-08,CAR,BUF,1,0.678832,0.321168,CAR,1
logistic_engineered,20242025,20252026,20252026,2025020239,2025-11-08,STL,SEA,0,0.593224,0.406776,STL,0
logistic_engineered,20242025,20252026,20252026,2025020240,2025-11-08,EDM,COL,0,0.183568,0.816432,COL,1
logistic_engineered,20242025,20252026,20252026,2025020241,2025-11-08,VAN,CBJ,1,0.509182,0.490818,VAN,1
logistic_engineered,20242025,20252026,20252026,2025020242,2025-11-08,VGK,ANA,0,0.544574,0.455426,VGK,0
logistic_engineered,20242025,20252026,20252026,2025020243,2025-11-08,SJS,FLA,1,0.347459,0.652541,FLA,0
logistic_engineered,20242025,20252026,20252026,2025020244,2025-11-09,DET,CHI,0,0.605353,0.394647,DET,0
logistic_engineered,20242025,20252026,20252026,2025020245,2025-11-09,PIT,LAK,0,0.426091,0.573909,LAK,1
logistic_engineered,20242025,20252026,20252026,2025020246,2025-11-09,TOR,CAR,0,0.491702,0.508298,CAR,1
logistic_engineered,20242025,20252026,20252026,2025020247,2025-11-09,OTT,UTA,1,0.550239,0.449761,OTT,1
logistic_engineered,20242025,20252026,20252026,2025020248,2025-11-09,DAL,SEA,1,0.594414,0.405586,DAL,1
logistic_engineered,20242025,20252026,20252026,2025020249,2025-11-09,MIN,CGY,1,0.642202,0.357798,MIN,1
logistic_engineered,20242025,20252026,20252026,2025020250,2025-11-09,VAN,COL,0,0.395166,0.604834,COL,1
logistic_engineered,20242025,20252026,20252026,2025020251,2025-11-09,ANA,WPG,1,0.393928,0.606072,WPG,0
logistic_engineered,20242025,20252026,20252026,2025020252,2025-11-10,NJD,NYI,0,0.629039,0.370961,NJD,0
logistic_engineered,20242025,20252026,20252026,2025020253,2025-11-10,NYR,NSH,1,0.831756,0.168244,NYR,1
logistic_engineered,20242025,20252026,20252026,2025020254,2025-11-10,EDM,CBJ,1,0.557423,0.442577,EDM,1
logistic_engineered,20242025,20252026,20252026,2025020255,2025-11-10,VGK,FLA,0,0.582751,0.417249,VGK,0
logistic_engineered,20242025,20252026,20252026,2025020256,2025-11-11,BOS,TOR,1,0.791914,0.208086,BOS,1
logistic_engineered,20242025,20252026,20252026,2025020257,2025-11-11,MTL,LAK,0,0.658892,0.341108,MTL,0
logistic_engineered,20242025,20252026,20252026,2025020258,2025-11-11,OTT,DAL,0,0.563201,0.436799,OTT,0
logistic_engineered,20242025,20252026,20252026,2025020259,2025-11-11,CAR,WSH,0,0.23736,0.76264,WSH,1
logistic_engineered,20242025,20252026,20252026,2025020260,2025-11-11,STL,CGY,1,0.645074,0.354926,STL,1
logistic_engineered,20242025,20252026,20252026,2025020261,2025-11-11,MIN,SJS,0,0.623739,0.376261,MIN,0
logistic_engineered,20242025,20252026,20252026,2025020262,2025-11-11,COL,ANA,1,0.63267,0.36733,COL,1
logistic_engineered,20242025,20252026,20252026,2025020263,2025-11-11,VAN,WPG,0,0.13837,0.86163,WPG,1
logistic_engineered,20242025,20252026,20252026,2025020264,2025-11-11,SEA,CBJ,0,0.585848,0.414152,SEA,0
logistic_engineered,20242025,20252026,20252026,2025020265,2025-11-12,TBL,NYR,0,0.259453,0.740547,NYR,1
logistic_engineered,20242025,20252026,20252026,2025020266,2025-11-12,PHI,EDM,0,0.549762,0.450238,PHI,0
logistic_engineered,20242025,20252026,20252026,2025020267,2025-11-12,UTA,BUF,1,0.624386,0.375614,UTA,1
logistic_engineered,20242025,20252026,20252026,2025020268,2025-11-12,CHI,NJD,0,0.479361,0.520639,NJD,1
logistic_engineered,20242025,20252026,20252026,2025020269,2025-11-13,TOR,LAK,0,0.574471,0.425529,TOR,0
logistic_engineered,20242025,20252026,20252026,2025020270,2025-11-13,MTL,DAL,0,0.201436,0.798564,DAL,1
logistic_engineered,20242025,20252026,20252026,2025020271,2025-11-13,OTT,BOS,1,0.58842,0.41158,OTT,1
logistic_engineered,20242025,20252026,20252026,2025020272,2025-11-13,DET,ANA,1,0.219131,0.780869,ANA,0
logistic_engineered,20242025,20252026,20252026,2025020273,2025-11-13,FLA,WSH,1,0.533577,0.466423,FLA,1
logistic_engineered,20242025,20252026,20252026,2025020274,2025-11-13,CBJ,EDM,1,0.615901,0.384099,CBJ,1
logistic_engineered,20242025,20252026,20252026,2025020275,2025-11-13,COL,BUF,1,0.937959,0.062041,COL,1
logistic_engineered,20242025,20252026,20252026,2025020276,2025-11-13,CGY,SJS,1,0.539921,0.460079,CGY,1
logistic_engineered,20242025,20252026,20252026,2025020277,2025-11-13,VGK,NYI,0,0.583689,0.416311,VGK,0
logistic_engineered,20242025,20252026,20252026,2025020278,2025-11-13,SEA,WPG,1,0.361737,0.638263,WPG,0
logistic_engineered,20242025,20252026,20252026,2025020279,2025-11-14,CAR,VAN,1,0.638052,0.361948,CAR,1
logistic_engineered,20242025,20252026,20252026,2025020280,2025-11-14,STL,PHI,0,0.560258,0.439742,STL,0
logistic_engineered,20242025,20252026,20252026,2025020281,2025-11-14,NSH,PIT,1,0.436507,0.563493,PIT,0
logistic_engineered,20242025,20252026,20252026,2025020282,2025-11-14,UTA,NYI,0,0.656259,0.343741,UTA,0
logistic_engineered,20242025,20252026,20252026,2025020283,2025-11-15,FLA,TBL,0,0.550769,0.449231,FLA,0
logistic_engineered,20242025,20252026,20252026,2025020284,2025-11-15,MIN,ANA,1,0.551503,0.448497,MIN,1
logistic_engineered,20242025,20252026,20252026,2025020285,2025-11-15,MTL,BOS,0,0.586332,0.413668,MTL,0
logistic_engineered,20242025,20252026,20252026,2025020286,2025-11-15,OTT,LAK,0,0.565701,0.434299,OTT,0
logistic_engineered,20242025,20252026,20252026,2025020287,2025-11-15,DET,BUF,0,0.680337,0.319663,DET,0
logistic_engineered,20242025,20252026,20252026,2025020288,2025-11-15,WSH,NJD,0,0.558825,0.441175,WSH,0
logistic_engineered,20242025,20252026,20252026,2025020289,2025-11-15,CAR,EDM,0,0.545897,0.454103,CAR,0
logistic_engineered,20242025,20252026,20252026,2025020290,2025-11-15,CBJ,NYR,0,0.507452,0.492548,CBJ,0
logistic_engineered,20242025,20252026,20252026,2025020291,2025-11-15,CHI,TOR,1,0.500329,0.499671,CHI,1
logistic_engineered,20242025,20252026,20252026,2025020292,2025-11-15,STL,VGK,0,0.348029,0.651971,VGK,1
logistic_engineered,20242025,20252026,20252026,2025020293,2025-11-15,DAL,PHI,1,0.732188,0.267812,DAL,1
logistic_engineered,20242025,20252026,20252026,2025020294,2025-11-15,CGY,WPG,0,0.362967,0.637033,WPG,1
logistic_engineered,20242025,20252026,20252026,2025020295,2025-11-15,SEA,SJS,1,0.256819,0.743181,SJS,0
logistic_engineered,20242025,20252026,20252026,2025020296,2025-11-16,PIT,NSH,1,0.620295,0.379705,PIT,1
logistic_engineered,20242025,20252026,20252026,2025020297,2025-11-16,TBL,VAN,0,0.466289,0.533711,VAN,1
logistic_engineered,20242025,20252026,20252026,2025020298,2025-11-16,MIN,VGK,1,0.42659,0.57341,VGK,0
logistic_engineered,20242025,20252026,20252026,2025020299,2025-11-16,NYR,DET,0,0.501931,0.498069,NYR,0
logistic_engineered,20242025,20252026,20252026,2025020300,2025-11-16,COL,NYI,1,0.693884,0.306116,COL,1
logistic_engineered,20242025,20252026,20252026,2025020301,2025-11-17,BOS,CAR,0,0.410762,0.589238,CAR,1
logistic_engineered,20242025,20252026,20252026,2025020302,2025-11-17,BUF,EDM,1,0.476521,0.523479,EDM,0
logistic_engineered,20242025,20252026,20252026,2025020303,2025-11-17,FLA,VAN,1,0.655839,0.344161,FLA,1
logistic_engineered,20242025,20252026,20252026,2025020304,2025-11-17,WSH,LAK,1,0.60447,0.39553,WSH,1
logistic_engineered,20242025,20252026,20252026,2025020305,2025-11-17,CBJ,MTL,1,0.519514,0.480486,CBJ,1
logistic_engineered,20242025,20252026,20252026,2025020306,2025-11-17,ANA,UTA,1,0.565936,0.434064,ANA,1
logistic_engineered,20242025,20252026,20252026,2025020307,2025-11-18,TOR,STL,1,0.567761,0.432239,TOR,1
logistic_engineered,20242025,20252026,20252026,2025020308,2025-11-18,DET,SEA,1,0.532693,0.467307,DET,1
logistic_engineered,20242025,20252026,20252026,2025020309,2025-11-18,TBL,NJD,1,0.484398,0.515602,NJD,0
logistic_engineered,20242025,20252026,20252026,2025020310,2025-11-18,DAL,NYI,0,0.665696,0.334304,DAL,0
logistic_engineered,20242025,20252026,20252026,2025020311,2025-11-18,WPG,CBJ,1,0.729814,0.270186,WPG,1
logistic_engineered,20242025,20252026,20252026,2025020312,2025-11-18,CHI,CGY,1,0.590735,0.409265,CHI,1
logistic_engineered,20242025,20252026,20252026,2025020313,2025-11-18,VGK,NYR,1,0.595738,0.404262,VGK,1
logistic_engineered,20242025,20252026,20252026,2025020314,2025-11-18,SJS,UTA,1,0.511919,0.488081,SJS,1
logistic_engineered,20242025,20252026,20252026,2025020315,2025-11-19,WSH,EDM,1,0.605401,0.394599,WSH,1
logistic_engineered,20242025,20252026,20252026,2025020316,2025-11-19,BUF,CGY,0,0.653523,0.346477,BUF,0
logistic_engineered,20242025,20252026,20252026,2025020317,2025-11-19,MIN,CAR,1,0.48051,0.51949,CAR,0
logistic_engineered,20242025,20252026,20252026,2025020318,2025-11-19,ANA,BOS,1,0.643982,0.356018,ANA,1
logistic_engineered,20242025,20252026,20252026,2025020319,2025-11-20,TOR,CBJ,0,0.601044,0.398956,TOR,0
logistic_engineered,20242025,20252026,20252026,2025020320,2025-11-20,MTL,WSH,0,0.200802,0.799198,WSH,1
logistic_engineered,20242025,20252026,20252026,2025020321,2025-11-20,DET,NYI,0,0.590189,0.409811,DET,0
logistic_engineered,20242025,20252026,20252026,2025020322,2025-11-20,TBL,EDM,1,0.634242,0.365758,TBL,1
logistic_engineered,20242025,20252026,20252026,2025020323,2025-11-20,FLA,NJD,1,0.526195,0.473805,FLA,1
logistic_engineered,20242025,20252026,20252026,2025020324,2025-11-20,PHI,STL,1,0.576924,0.423076,PHI,1
logistic_engineered,20242025,20252026,20252026,2025020325,2025-11-20,CHI,SEA,0,0.525759,0.474241,CHI,0
logistic_engineered,20242025,20252026,20252026,2025020326,2025-11-20,COL,NYR,1,0.678663,0.321337,COL,1
logistic_engineered,20242025,20252026,20252026,2025020327,2025-11-20,UTA,VGK,0,0.503987,0.496013,UTA,0
logistic_engineered,20242025,20252026,20252026,2025020328,2025-11-20,VAN,DAL,0,0.445105,0.554895,DAL,1
logistic_engineered,20242025,20252026,20252026,2025020329,2025-11-20,ANA,OTT,0,0.399364,0.600636,OTT,1
logistic_engineered,20242025,20252026,20252026,2025020330,2025-11-20,SJS,LAK,1,0.392873,0.607127,LAK,0
logistic_engineered,20242025,20252026,20252026,2025020331,2025-11-21,BUF,CHI,1,0.590353,0.409647,BUF,1
logistic_engineered,20242025,20252026,20252026,2025020332,2025-11-21,PIT,MIN,0,0.264502,0.735498,MIN,1
logistic_engineered,20242025,20252026,20252026,2025020333,2025-11-21,WPG,CAR,0,0.60054,0.39946,WPG,0
logistic_engineered,20242025,20252026,20252026,2025020334,2025-11-21,LAK,BOS,0,0.501555,0.498445,LAK,0
logistic_engineered,20242025,20252026,20252026,2025020335,2025-11-22,DET,CBJ,1,0.5339,0.4661,DET,1
logistic_engineered,20242025,20252026,20252026,2025020336,2025-11-22,NYI,STL,0,0.581103,0.418897,NYI,0
logistic_engineered,20242025,20252026,20252026,2025020337,2025-11-22,MTL,TOR,1,0.584781,0.415219,MTL,1
logistic_engineered,20242025,20252026,20252026,2025020338,2025-11-22,FLA,EDM,0,0.42552,0.57448,EDM,1
logistic_engineered,20242025,20252026,20252026,2025020339,2025-11-22,PHI,NJD,1,0.470876,0.529124,NJD,0
logistic_engineered,20242025,20252026,20252026,2025020340,2025-11-22,PIT,SEA,0,0.406782,0.593218,SEA,1
logistic_engineered,20242025,20252026,20252026,2025020341,2025-11-22,WSH,TBL,0,0.271573,0.728427,TBL,1
logistic_engineered,20242025,20252026,20252026,2025020342,2025-11-22,SJS,OTT,0,0.3885,0.6115,OTT,1
logistic_engineered,20242025,20252026,20252026,2025020343,2025-11-22,NSH,COL,0,0.430764,0.569236,COL,1
logistic_engineered,20242025,20252026,20252026,2025020344,2025-11-22,UTA,NYR,1,0.539569,0.460431,UTA,1
logistic_engineered,20242025,20252026,20252026,2025020345,2025-11-22,CGY,DAL,1,0.408834,0.591166,DAL,0
logistic_engineered,20242025,20252026,20252026,2025020346,2025-11-22,ANA,VGK,1,0.498202,0.501798,VGK,0
logistic_engineered,20242025,20252026,20252026,2025020347,2025-11-23,BUF,CAR,1,0.412379,0.587621,CAR,0
logistic_engineered,20242025,20252026,20252026,2025020348,2025-11-23,WPG,MIN,0,0.663159,0.336841,WPG,0
logistic_engineered,20242025,20252026,20252026,2025020349,2025-11-23,NYI,SEA,1,0.51672,0.48328,NYI,1
logistic_engineered,20242025,20252026,20252026,2025020350,2025-11-23,CHI,COL,0,0.43314,0.56686,COL,1
logistic_engineered,20242025,20252026,20252026,2025020351,2025-11-23,SJS,BOS,1,0.373043,0.626957,BOS,0
logistic_engineered,20242025,20252026,20252026,2025020352,2025-11-23,VAN,CGY,0,0.680277,0.319723,VAN,0
logistic_engineered,20242025,20252026,20252026,2025020353,2025-11-24,TBL,PHI,1,0.606313,0.393687,TBL,1
logistic_engineered,20242025,20252026,20252026,2025020354,2025-11-24,NJD,DET,1,0.605623,0.394377,NJD,1
logistic_engineered,20242025,20252026,20252026,2025020355,2025-11-24,NYR,STL,1,0.545199,0.454801,NYR,1
logistic_engineered,20242025,20252026,20252026,2025020356,2025-11-24,WSH,CBJ,1,0.608481,0.391519,WSH,1
logistic_engineered,20242025,20252026,20252026,2025020357,2025-11-24,NSH,FLA,0,0.184061,0.815939,FLA,1
logistic_engineered,20242025,20252026,20252026,2025020358,2025-11-24,UTA,VGK,1,0.467066,0.532934,VGK,0
logistic_engineered,20242025,20252026,20252026,2025020359,2025-11-24,LAK,OTT,1,0.496985,0.503015,OTT,0
logistic_engineered,20242025,20252026,20252026,2025020360,2025-11-25,EDM,DAL,0,0.17493,0.82507,DAL,1
logistic_engineered,20242025,20252026,20252026,2025020361,2025-11-26,DET,NSH,0,0.659871,0.340129,DET,0
logistic_engineered,20242025,20252026,20252026,2025020362,2025-11-26,TBL,CGY,1,0.86493,0.13507,TBL,1
logistic_engineered,20242025,20252026,20252026,2025020363,2025-11-26,FLA,PHI,0,0.6097,0.3903,FLA,0
logistic_engineered,20242025,20252026,20252026,2025020364,2025-11-26,NJD,STL,1,0.622013,0.377987,NJD,1
logistic_engineered,20242025,20252026,20252026,2025020365,2025-11-26,NYI,BOS,0,0.598705,0.401295,NYI,0
logistic_engineered,20242025,20252026,20252026,2025020366,2025-11-26,PIT,BUF,1,0.552993,0.447007,PIT,1
logistic_engineered,20242025,20252026,20252026,2025020367,2025-11-26,WSH,WPG,1,0.479436,0.520564,WPG,0
logistic_engineered,20242025,20252026,20252026,2025020368,2025-11-26,CAR,NYR,0,0.604845,0.395155,CAR,0
logistic_engineered,20242025,20252026,20252026,2025020369,2025-11-26,CBJ,TOR,0,0.448909,0.551091,TOR,1
logistic_engineered,20242025,20252026,20252026,2025020370,2025-11-26,CHI,MIN,0,0.44358,0.55642,MIN,1
logistic_engineered,20242025,20252026,20252026,2025020371,2025-11-26,COL,SJS,1,0.927938,0.072062,COL,1
logistic_engineered,20242025,20252026,20252026,2025020372,2025-11-26,UTA,MTL,0,0.521621,0.478379,UTA,0
logistic_engineered,20242025,20252026,20252026,2025020373,2025-11-26,VGK,OTT,0,0.603522,0.396478,VGK,0
logistic_engineered,20242025,20252026,20252026,2025020374,2025-11-26,ANA,VAN,0,0.619409,0.380591,ANA,0
logistic_engineered,20242025,20252026,20252026,2025020375,2025-11-26,SEA,DAL,0,0.56856,0.43144,SEA,0
logistic_engineered,20242025,20252026,20252026,2025020376,2025-11-28,BOS,NYR,0,0.460611,0.539389,NYR,1
logistic_engineered,20242025,20252026,20252026,2025020377,2025-11-28,DET,TBL,0,0.476602,0.523398,TBL,1
logistic_engineered,20242025,20252026,20252026,2025020378,2025-11-28,MIN,COL,1,0.472394,0.527606,COL,0
logistic_engineered,20242025,20252026,20252026,2025020379,2025-11-28,BUF,NJD,0,0.552751,0.447249,BUF,0
logistic_engineered,20242025,20252026,20252026,2025020380,2025-11-28,FLA,CGY,0,0.661464,0.338536,FLA,0
logistic_engineered,20242025,20252026,20252026,2025020381,2025-11-28,NYI,PHI,0,0.522571,0.477429,NYI,0
logistic_engineered,20242025,20252026,20252026,2025020382,2025-11-28,STL,OTT,1,0.475747,0.524253,OTT,0
logistic_engineered,20242025,20252026,20252026,2025020383,2025-11-28,VGK,MTL,0,0.541018,0.458982,VGK,0
logistic_engineered,20242025,20252026,20252026,2025020384,2025-11-28,ANA,LAK,1,0.523351,0.476649,ANA,1
logistic_engineered,20242025,20252026,20252026,2025020385,2025-11-28,SJS,VAN,1,0.407128,0.592872,VAN,0
logistic_engineered,20242025,20252026,20252026,2025020386,2025-11-28,WSH,TOR,1,0.600906,0.399094,WSH,1
logistic_engineered,20242025,20252026,20252026,2025020387,2025-11-28,CAR,WPG,1,0.503728,0.496272,CAR,1
logistic_engineered,20242025,20252026,20252026,2025020388,2025-11-28,CBJ,PIT,0,0.543036,0.456964,CBJ,0
logistic_engineered,20242025,20252026,20252026,2025020389,2025-11-28,CHI,NSH,0,0.527792,0.472208,CHI,0
logistic_engineered,20242025,20252026,20252026,2025020390,2025-11-28,DAL,UTA,1,0.628835,0.371165,DAL,1
logistic_engineered,20242025,20252026,20252026,2025020391,2025-11-29,NYR,TBL,0,0.409105,0.590895,TBL,1
logistic_engineered,20242025,20252026,20252026,2025020392,2025-11-29,COL,MTL,1,0.576096,0.423904,COL,1
logistic_engineered,20242025,20252026,20252026,2025020393,2025-11-29,SEA,EDM,0,0.553613,0.446387,SEA,0
logistic_engineered,20242025,20252026,20252026,2025020394,2025-11-29,BOS,DET,1,0.447352,0.552648,DET,0
logistic_engineered,20242025,20252026,20252026,2025020395,2025-11-29,NJD,PHI,0,0.611466,0.388534,NJD,0
logistic_engineered,20242025,20252026,20252026,2025020396,2025-11-29,PIT,TOR,0,0.167017,0.832983,TOR,1
logistic_engineered,20242025,20252026,20252026,2025020397,2025-11-29,NSH,WPG,0,0.354725,0.645275,WPG,1
logistic_engineered,20242025,20252026,20252026,2025020398,2025-11-29,STL,UTA,1,0.504814,0.495186,STL,1
logistic_engineered,20242025,20252026,20252026,2025020399,2025-11-29,MIN,BUF,0,0.587793,0.412207,MIN,0
logistic_engineered,20242025,20252026,20252026,2025020400,2025-11-29,VGK,SJS,1,0.684892,0.315108,VGK,1
logistic_engineered,20242025,20252026,20252026,2025020401,2025-11-29,LAK,VAN,1,0.50614,0.49386,LAK,1
logistic_engineered,20242025,20252026,20252026,2025020402,2025-11-30,NYI,WSH,0,0.426339,0.573661,WSH,1
logistic_engineered,20242025,20252026,20252026,2025020403,2025-11-30,CHI,ANA,1,0.731295,0.268705,CHI,1
logistic_engineered,20242025,20252026,20252026,2025020404,2025-11-30,CAR,CGY,1,0.727428,0.272572,CAR,1
logistic_engineered,20242025,20252026,20252026,2025020405,2025-11-30,DAL,OTT,1,0.629468,0.370532,DAL,1
logistic_engineered,20242025,20252026,20252026,2025020406,2025-12-01,NJD,CBJ,0,0.606251,0.393749,NJD,0
logistic_engineered,20242025,20252026,20252026,2025020407,2025-12-01,PHI,PIT,0,0.616667,0.383333,PHI,0
logistic_engineered,20242025,20252026,20252026,2025020408,2025-12-01,BUF,WPG,1,0.730187,0.269813,BUF,1
logistic_engineered,20242025,20252026,20252026,2025020409,2025-12-01,STL,ANA,0,0.244559,0.755441,ANA,1
logistic_engineered,20242025,20252026,20252026,2025020410,2025-12-01,SJS,UTA,1,0.745326,0.254674,SJS,1
logistic_engineered,20242025,20252026,20252026,2025020411,2025-12-02,MTL,OTT,0,0.602004,0.397996,MTL,0
logistic_engineered,20242025,20252026,20252026,2025020412,2025-12-02,DET,BOS,1,0.84766,0.15234,DET,1
logistic_engineered,20242025,20252026,20252026,2025020413,2025-12-02,FLA,TOR,0,0.541913,0.458087,FLA,0
logistic_engineered,20242025,20252026,20252026,2025020414,2025-12-02,NYI,TBL,1,0.372526,0.627474,TBL,0
logistic_engineered,20242025,20252026,20252026,2025020415,2025-12-02,NYR,DAL,1,0.454404,0.545596,DAL,0
logistic_engineered,20242025,20252026,20252026,2025020416,2025-12-02,NSH,CGY,1,0.832852,0.167148,NSH,1
logistic_engineered,20242025,20252026,20252026,2025020417,2025-12-02,COL,VAN,1,0.310741,0.689259,VAN,0
logistic_engineered,20242025,20252026,20252026,2025020418,2025-12-02,EDM,MIN,0,0.53644,0.46356,EDM,0
logistic_engineered,20242025,20252026,20252026,2025020419,2025-12-02,VGK,CHI,1,0.675169,0.324831,VGK,1
logistic_engineered,20242025,20252026,20252026,2025020420,2025-12-02,LAK,WSH,0,0.493043,0.506957,WSH,1
logistic_engineered,20242025,20252026,20252026,2025020421,2025-12-03,NJD,DAL,0,0.580593,0.419407,NJD,0
logistic_engineered,20242025,20252026,20252026,2025020422,2025-12-03,MTL,WPG,1,0.349007,0.650993,WPG,0
logistic_engineered,20242025,20252026,20252026,2025020423,2025-12-03,PHI,BUF,1,0.532191,0.467809,PHI,1
logistic_engineered,20242025,20252026,20252026,2025020424,2025-12-03,ANA,UTA,0,0.366182,0.633818,UTA,1
logistic_engineered,20242025,20252026,20252026,2025020425,2025-12-03,SJS,WSH,0,0.143788,0.856212,WSH,1
logistic_engineered,20242025,20252026,20252026,2025020426,2025-12-04,BOS,STL,1,0.508929,0.491071,BOS,1
logistic_engineered,20242025,20252026,20252026,2025020427,2025-12-04,OTT,NYR,0,0.516336,0.483664,OTT,0
logistic_engineered,20242025,20252026,20252026,2025020428,2025-12-04,TBL,PIT,0,0.681745,0.318255,TBL,0
logistic_engineered,20242025,20252026,20252026,2025020429,2025-12-04,FLA,NSH,0,0.671314,0.328686,FLA,0
logistic_engineered,20242025,20252026,20252026,2025020430,2025-12-04,NYI,COL,1,0.389736,0.610264,COL,0
logistic_engineered,20242025,20252026,20252026,2025020431,2025-12-04,CAR,TOR,0,0.842867,0.157133,CAR,0
logistic_engineered,20242025,20252026,20252026,2025020432,2025-12-04,CBJ,DET,1,0.561227,0.438773,CBJ,1
logistic_engineered,20242025,20252026,20252026,2025020433,2025-12-04,CGY,MIN,1,0.455895,0.544105,MIN,0
logistic_engineered,20242025,20252026,20252026,2025020434,2025-12-04,EDM,SEA,1,0.785788,0.214212,EDM,1
logistic_engineered,20242025,20252026,20252026,2025020435,2025-12-04,LAK,CHI,0,0.570091,0.429909,LAK,0
logistic_engineered,20242025,20252026,20252026,2025020436,2025-12-05,NJD,VGK,0,0.519911,0.480089,NJD,0
logistic_engineered,20242025,20252026,20252026,2025020437,2025-12-05,WPG,BUF,1,0.665355,0.334645,WPG,1
logistic_engineered,20242025,20252026,20252026,2025020438,2025-12-05,DAL,SJS,1,0.74488,0.25512,DAL,1
logistic_engineered,20242025,20252026,20252026,2025020439,2025-12-05,VAN,UTA,0,0.535927,0.464073,VAN,0
logistic_engineered,20242025,20252026,20252026,2025020440,2025-12-05,ANA,WSH,1,0.461399,0.538601,WSH,0
logistic_engineered,20242025,20252026,20252026,2025020441,2025-12-06,NYR,COL,0,0.45425,0.54575,COL,1
logistic_engineered,20242025,20252026,20252026,2025020442,2025-12-06,FLA,CBJ,1,0.582357,0.417643,FLA,1
logistic_engineered,20242025,20252026,20252026,2025020443,2025-12-06,BOS,NJD,1,0.571338,0.428662,BOS,1
logistic_engineered,20242025,20252026,20252026,2025020444,2025-12-06,TOR,MTL,0,0.591373,0.408627,TOR,0
logistic_engineered,20242025,20252026,20252026,2025020445,2025-12-06,OTT,STL,0,0.580564,0.419436,OTT,0
logistic_engineered,20242025,20252026,20252026,2025020446,2025-12-06,TBL,NYI,0,0.667532,0.332468,TBL,0
logistic_engineered,20242025,20252026,20252026,2025020447,2025-12-06,CAR,NSH,1,0.864658,0.135342,CAR,1
logistic_engineered,20242025,20252026,20252026,2025020448,2025-12-06,CGY,UTA,1,0.582588,0.417412,CGY,1
logistic_engineered,20242025,20252026,20252026,2025020449,2025-12-06,LAK,CHI,1,0.566724,0.433276,LAK,1
logistic_engineered,20242025,20252026,20252026,2025020450,2025-12-06,EDM,WPG,1,0.808582,0.191418,EDM,1
logistic_engineered,20242025,20252026,20252026,2025020451,2025-12-06,VAN,MIN,1,0.386873,0.613127,MIN,0
logistic_engineered,20242025,20252026,20252026,2025020452,2025-12-06,SEA,DET,0,0.476489,0.523511,DET,1
logistic_engineered,20242025,20252026,20252026,2025020453,2025-12-07,PHI,COL,0,0.543253,0.456747,PHI,0
logistic_engineered,20242025,20252026,20252026,2025020454,2025-12-07,FLA,NYI,1,0.583261,0.416739,FLA,1
logistic_engineered,20242025,20252026,20252026,2025020455,2025-12-07,CAR,SJS,0,0.619564,0.380436,CAR,0
logistic_engineered,20242025,20252026,20252026,2025020456,2025-12-07,DAL,PIT,1,0.678213,0.321787,DAL,1
logistic_engineered,20242025,20252026,20252026,2025020457,2025-12-07,MTL,STL,0,0.555406,0.444594,MTL,0
logistic_engineered,20242025,20252026,20252026,2025020458,2025-12-07,NYR,VGK,0,0.383876,0.616124,VGK,1
logistic_engineered,20242025,20252026,20252026,2025020459,2025-12-07,WSH,CBJ,1,0.691777,0.308223,WSH,1
logistic_engineered,20242025,20252026,20252026,2025020460,2025-12-07,ANA,CHI,1,0.696932,0.303068,ANA,1
logistic_engineered,20242025,20252026,20252026,2025020461,2025-12-08,TOR,TBL,1,0.493146,0.506854,TBL,0
logistic_engineered,20242025,20252026,20252026,2025020462,2025-12-08,UTA,LAK,0,0.521461,0.478539,UTA,0
logistic_engineered,20242025,20252026,20252026,2025020463,2025-12-08,CGY,BUF,1,0.804604,0.195396,CGY,1
logistic_engineered,20242025,20252026,20252026,2025020464,2025-12-08,VAN,DET,0,0.185811,0.814189,DET,1
logistic_engineered,20242025,20252026,20252026,2025020465,2025-12-08,SEA,MIN,0,0.490024,0.509976,MIN,1
logistic_engineered,20242025,20252026,20252026,2025020466,2025-12-09,MTL,TBL,0,0.197828,0.802172,TBL,1
logistic_engineered,20242025,20252026,20252026,2025020467,2025-12-09,OTT,NJD,0,0.515289,0.484711,OTT,0
logistic_engineered,20242025,20252026,20252026,2025020468,2025-12-09,NYI,VGK,1,0.474003,0.525997,VGK,0
logistic_engineered,20242025,20252026,20252026,2025020469,2025-12-09,PHI,SJS,1,0.634376,0.365624,PHI,1
logistic_engineered,20242025,20252026,20252026,2025020470,2025-12-09,PIT,ANA,0,0.524491,0.475509,PIT,0
logistic_engineered,20242025,20252026,20252026,2025020471,2025-12-09,CAR,CBJ,1,0.580047,0.419953,CAR,1
logistic_engineered,20242025,20252026,20252026,2025020472,2025-12-09,STL,BOS,0,0.505865,0.494135,STL,0
logistic_engineered,20242025,20252026,20252026,2025020473,2025-12-09,WPG,DAL,0,0.557489,0.442511,WPG,0
logistic_engineered,20242025,20252026,20252026,2025020474,2025-12-09,EDM,BUF,0,0.889599,0.110401,EDM,0
logistic_engineered,20242025,20252026,20252026,2025020475,2025-12-09,NSH,COL,1,0.679464,0.320536,NSH,1
logistic_engineered,20242025,20252026,20252026,2025020476,2025-12-10,CHI,NYR,1,0.474147,0.525853,NYR,0
logistic_engineered,20242025,20252026,20252026,2025020477,2025-12-10,CGY,DET,0,0.492616,0.507384,DET,1
logistic_engineered,20242025,20252026,20252026,2025020478,2025-12-10,UTA,FLA,0,0.453613,0.546387,FLA,1
logistic_engineered,20242025,20252026,20252026,2025020479,2025-12-10,SEA,LAK,1,0.463498,0.536502,LAK,0
logistic_engineered,20242025,20252026,20252026,2025020480,2025-12-11,TOR,SJS,0,0.705383,0.294617,TOR,0
logistic_engineered,20242025,20252026,20252026,2025020481,2025-12-11,NJD,TBL,0,0.16848,0.83152,TBL,1
logistic_engineered,20242025,20252026,20252026,2025020482,2025-12-11,NYI,ANA,1,0.509054,0.490946,NYI,1
logistic_engineered,20242025,20252026,20252026,2025020483,2025-12-11,PHI,VGK,0,0.484923,0.515077,VGK,1
logistic_engineered,20242025,20252026,20252026,2025020484,2025-12-11,PIT,MTL,0,0.516071,0.483929,PIT,0
logistic_engineered,20242025,20252026,20252026,2025020485,2025-12-11,WSH,CAR,0,0.622786,0.377214,WSH,0
logistic_engineered,20242025,20252026,20252026,2025020486,2025-12-11,CBJ,OTT,0,0.225718,0.774282,OTT,1
logistic_engineered,20242025,20252026,20252026,2025020487,2025-12-11,NSH,STL,1,0.792332,0.207668,NSH,1
logistic_engineered,20242025,20252026,20252026,2025020488,2025-12-11,MIN,DAL,1,0.437156,0.562844,DAL,0
logistic_engineered,20242025,20252026,20252026,2025020489,2025-12-11,WPG,BOS,0,0.658759,0.341241,WPG,0
logistic_engineered,20242025,20252026,20252026,2025020490,2025-12-11,COL,FLA,1,0.724833,0.275167,COL,1
logistic_engineered,20242025,20252026,20252026,2025020491,2025-12-11,EDM,DET,1,0.642577,0.357423,EDM,1
logistic_engineered,20242025,20252026,20252026,2025020492,2025-12-11,VAN,BUF,0,0.561466,0.438534,VAN,0
logistic_engineered,20242025,20252026,20252026,2025020493,2025-12-12,STL,CHI,1,0.443506,0.556494,CHI,0
logistic_engineered,20242025,20252026,20252026,2025020494,2025-12-12,UTA,SEA,1,0.619129,0.380871,UTA,1
logistic_engineered,20242025,20252026,20252026,2025020495,2025-12-13,NJD,ANA,1,0.52916,0.47084,NJD,1
logistic_engineered,20242025,20252026,20252026,2025020496,2025-12-13,MIN,OTT,1,0.508691,0.491309,MIN,1
logistic_engineered,20242025,20252026,20252026,2025020497,2025-12-13,PIT,SJS,0,0.661653,0.338347,PIT,0
logistic_engineered,20242025,20252026,20252026,2025020498,2025-12-13,NYI,TBL,1,0.72753,0.27247,NYI,1
logistic_engineered,20242025,20252026,20252026,2025020499,2025-12-13,TOR,EDM,0,0.210732,0.789268,EDM,1
logistic_engineered,20242025,20252026,20252026,2025020500,2025-12-13,NYR,MTL,1,0.58213,0.41787,NYR,1
logistic_engineered,20242025,20252026,20252026,2025020501,2025-12-13,PHI,CAR,0,0.488287,0.511713,CAR,1
logistic_engineered,20242025,20252026,20252026,2025020502,2025-12-13,CBJ,VGK,0,0.435043,0.564957,VGK,1
logistic_engineered,20242025,20252026,20252026,2025020503,2025-12-13,WPG,WSH,1,0.543897,0.456103,WPG,1
logistic_engineered,20242025,20252026,20252026,2025020504,2025-12-13,CHI,DET,0,0.341025,0.658975,DET,1
logistic_engineered,20242025,20252026,20252026,2025020505,2025-12-13,DAL,FLA,0,0.602492,0.397508,DAL,0
logistic_engineered,20242025,20252026,20252026,2025020506,2025-12-13,COL,NSH,1,0.725769,0.274231,COL,1
logistic_engineered,20242025,20252026,20252026,2025020507,2025-12-13,LAK,CGY,0,0.599864,0.400136,LAK,0
logistic_engineered,20242025,20252026,20252026,2025020508,2025-12-14,NJD,VAN,0,0.484758,0.515242,VAN,1
logistic_engineered,20242025,20252026,20252026,2025020509,2025-12-14,PIT,UTA,0,0.434799,0.565201,UTA,1
logistic_engineered,20242025,20252026,20252026,2025020510,2025-12-14,CAR,PHI,1,0.58518,0.41482,CAR,1
logistic_engineered,20242025,20252026,20252026,2025020511,2025-12-14,MIN,BOS,1,0.450199,0.549801,BOS,0
logistic_engineered,20242025,20252026,20252026,2025020512,2025-12-14,MTL,EDM,1,0.445357,0.554643,EDM,0
logistic_engineered,20242025,20252026,20252026,2025020513,2025-12-14,SEA,BUF,0,0.498109,0.501891,BUF,1
logistic_engineered,20242025,20252026,20252026,2025020514,2025-12-15,TBL,FLA,0,0.588692,0.411308,TBL,0
logistic_engineered,20242025,20252026,20252026,2025020515,2025-12-15,NYR,ANA,0,0.499813,0.500187,ANA,1
logistic_engineered,20242025,20252026,20252026,2025020516,2025-12-15,WPG,OTT,0,0.597308,0.402692,WPG,0
logistic_engineered,20242025,20252026,20252026,2025020517,2025-12-15,STL,NSH,0,0.58027,0.41973,STL,0
logistic_engineered,20242025,20252026,20252026,2025020518,2025-12-15,DAL,LAK,1,0.847858,0.152142,DAL,1
logistic_engineered,20242025,20252026,20252026,2025020519,2025-12-16,BOS,UTA,1,0.529892,0.470108,BOS,1
logistic_engineered,20242025,20252026,20252026,2025020520,2025-12-16,TOR,CHI,1,0.689942,0.310058,TOR,1
logistic_engineered,20242025,20252026,20252026,2025020521,2025-12-16,MTL,PHI,0,0.535281,0.464719,MTL,0
logistic_engineered,20242025,20252026,20252026,2025020522,2025-12-16,DET,NYI,1,0.561867,0.438133,DET,1
logistic_engineered,20242025,20252026,20252026,2025020523,2025-12-16,NYR,VAN,0,0.444458,0.555542,VAN,1
logistic_engineered,20242025,20252026,20252026,2025020524,2025-12-16,PIT,EDM,0,0.480163,0.519837,EDM,1
logistic_engineered,20242025,20252026,20252026,2025020525,2025-12-16,CBJ,ANA,1,0.598089,0.401911,CBJ,1
logistic_engineered,20242025,20252026,20252026,2025020526,2025-12-16,MIN,WSH,1,0.448259,0.551741,WSH,0
logistic_engineered,20242025,20252026,20252026,2025020527,2025-12-16,SJS,CGY,1,0.526111,0.473889,SJS,1
logistic_engineered,20242025,20252026,20252026,2025020528,2025-12-16,SEA,COL,0,0.349427,0.650573,COL,1
logistic_engineered,20242025,20252026,20252026,2025020529,2025-12-17,FLA,LAK,1,0.59584,0.40416,FLA,1
logistic_engineered,20242025,20252026,20252026,2025020530,2025-12-17,DET,UTA,0,0.560601,0.439399,DET,0
logistic_engineered,20242025,20252026,20252026,2025020531,2025-12-17,STL,WPG,1,0.394806,0.605194,WPG,0
logistic_engineered,20242025,20252026,20252026,2025020532,2025-12-17,NSH,CAR,0,0.429857,0.570143,CAR,1
logistic_engineered,20242025,20252026,20252026,2025020533,2025-12-17,VGK,NJD,0,0.623199,0.376801,VGK,0
logistic_engineered,20242025,20252026,20252026,2025020534,2025-12-18,BOS,EDM,0,0.775191,0.224809,BOS,0
logistic_engineered,20242025,20252026,20252026,2025020535,2025-12-18,BUF,PHI,1,0.573272,0.426728,BUF,1
logistic_engineered,20242025,20252026,20252026,2025020536,2025-12-18,MTL,CHI,1,0.627946,0.372054,MTL,1
logistic_engineered,20242025,20252026,20252026,2025020537,2025-12-18,OTT,PIT,1,0.559433,0.440567,OTT,1
logistic_engineered,20242025,20252026,20252026,2025020538,2025-12-18,TBL,LAK,0,0.896739,0.103261,TBL,0
logistic_engineered,20242025,20252026,20252026,2025020539,2025-12-18,WSH,TOR,1,0.560754,0.439246,WSH,1
logistic_engineered,20242025,20252026,20252026,2025020540,2025-12-18,CBJ,MIN,0,0.491734,0.508266,MIN,1
logistic_engineered,20242025,20252026,20252026,2025020541,2025-12-18,STL,NYR,0,0.417198,0.582802,NYR,1
logistic_engineered,20242025,20252026,20252026,2025020542,2025-12-18,CGY,SEA,1,0.514674,0.485326,CGY,1
logistic_engineered,20242025,20252026,20252026,2025020543,2025-12-18,SJS,DAL,0,0.379751,0.620249,DAL,1
logistic_engineered,20242025,20252026,20252026,2025020544,2025-12-19,FLA,CAR,1,0.562676,0.437324,FLA,1
logistic_engineered,20242025,20252026,20252026,2025020545,2025-12-19,NYI,VAN,0,0.578036,0.421964,NYI,0
logistic_engineered,20242025,20252026,20252026,2025020546,2025-12-19,COL,WPG,1,0.646588,0.353412,COL,1
logistic_engineered,20242025,20252026,20252026,2025020547,2025-12-19,UTA,NJD,0,0.571211,0.428789,UTA,0
logistic_engineered,20242025,20252026,20252026,2025020548,2025-12-19,ANA,DAL,0,0.22407,0.77593,DAL,1
logistic_engineered,20242025,20252026,20252026,2025020549,2025-12-20,NYR,PHI,1,0.551402,0.448598,NYR,1
logistic_engineered,20242025,20252026,20252026,2025020550,2025-12-20,WSH,DET,0,0.620521,0.379479,WSH,0
logistic_engineered,20242025,20252026,20252026,2025020551,2025-12-20,OTT,CHI,1,0.706238,0.293762,OTT,1
logistic_engineered,20242025,20252026,20252026,2025020552,2025-12-20,MIN,EDM,1,0.588667,0.411333,MIN,1
logistic_engineered,20242025,20252026,20252026,2025020553,2025-12-20,BUF,NYI,1,0.621715,0.378285,BUF,1
logistic_engineered,20242025,20252026,20252026,2025020554,2025-12-20,FLA,STL,0,0.541394,0.458606,FLA,0
logistic_engineered,20242025,20252026,20252026,2025020555,2025-12-20,BOS,VAN,0,0.641881,0.358119,BOS,0
logistic_engineered,20242025,20252026,20252026,2025020556,2025-12-20,MTL,PIT,1,0.541333,0.458667,MTL,1
logistic_engineered,20242025,20252026,20252026,2025020557,2025-12-20,TBL,CAR,1,0.647624,0.352376,TBL,1
logistic_engineered,20242025,20252026,20252026,2025020558,2025-12-20,NSH,TOR,1,0.492551,0.507449,TOR,0
logistic_engineered,20242025,20252026,20252026,2025020559,2025-12-20,CGY,VGK,1,0.467256,0.532744,VGK,0
logistic_engineered,20242025,20252026,20252026,2025020560,2025-12-20,ANA,CBJ,1,0.427475,0.572525,CBJ,0
logistic_engineered,20242025,20252026,20252026,2025020561,2025-12-20,SJS,SEA,0,0.502356,0.497644,SJS,0
logistic_engineered,20242025,20252026,20252026,2025020562,2025-12-21,DET,WSH,1,0.429152,0.570848,WSH,0
logistic_engineered,20242025,20252026,20252026,2025020563,2025-12-21,MIN,COL,0,0.366252,0.633748,COL,1
logistic_engineered,20242025,20252026,20252026,2025020564,2025-12-21,BOS,OTT,0,0.151508,0.848492,OTT,1
logistic_engineered,20242025,20252026,20252026,2025020565,2025-12-21,NJD,BUF,0,0.645577,0.354423,NJD,0
logistic_engineered,20242025,20252026,20252026,2025020566,2025-12-21,PIT,MTL,1,0.544105,0.455895,PIT,1
logistic_engineered,20242025,20252026,20252026,2025020567,2025-12-21,NSH,NYR,1,0.499848,0.500152,NYR,0
logistic_engineered,20242025,20252026,20252026,2025020568,2025-12-21,DAL,TOR,1,0.718199,0.281801,DAL,1
logistic_engineered,20242025,20252026,20252026,2025020569,2025-12-21,UTA,WPG,1,0.47735,0.52265,WPG,0
logistic_engineered,20242025,20252026,20252026,2025020570,2025-12-21,EDM,VGK,1,0.576249,0.423751,EDM,1
logistic_engineered,20242025,20252026,20252026,2025020571,2025-12-22,TBL,STL,1,0.636863,0.363137,TBL,1
logistic_engineered,20242025,20252026,20252026,2025020572,2025-12-22,PHI,VAN,1,0.608037,0.391963,PHI,1
logistic_engineered,20242025,20252026,20252026,2025020573,2025-12-22,ANA,SEA,0,0.564501,0.435499,ANA,0
logistic_engineered,20242025,20252026,20252026,2025020574,2025-12-22,LAK,CBJ,0,0.639565,0.360435,LAK,0
logistic_engineered,20242025,20252026,20252026,2025020575,2025-12-23,TOR,PIT,1,0.51915,0.48085,TOR,1
logistic_engineered,20242025,20252026,20252026,2025020576,2025-12-23,WSH,NYR,0,0.603749,0.396251,WSH,0
logistic_engineered,20242025,20252026,20252026,2025020577,2025-12-23,BOS,MTL,0,0.533303,0.466697,BOS,0
logistic_engineered,20242025,20252026,20252026,2025020578,2025-12-23,OTT,BUF,0,0.61983,0.38017,OTT,0
logistic_engineered,20242025,20252026,20252026,2025020579,2025-12-23,DET,DAL,1,0.426752,0.573248,DAL,0
logistic_engineered,20242025,20252026,20252026,2025020580,2025-12-23,NYI,NJD,1,0.489606,0.510394,NJD,0
logistic_engineered,20242025,20252026,20252026,2025020581,2025-12-23,CAR,FLA,0,0.572549,0.427451,CAR,0
logistic_engineered,20242025,20252026,20252026,2025020582,2025-12-23,MIN,NSH,0,0.668033,0.331967,MIN,0
logistic_engineered,20242025,20252026,20252026,2025020583,2025-12-23,CHI,PHI,0,0.517462,0.482538,CHI,0
logistic_engineered,20242025,20252026,20252026,2025020584,2025-12-23,COL,UTA,1,0.702518,0.297482,COL,1
logistic_engineered,20242025,20252026,20252026,2025020585,2025-12-23,EDM,CGY,1,0.629907,0.370093,EDM,1
logistic_engineered,20242025,20252026,20252026,2025020586,2025-12-23,VGK,SJS,1,0.821203,0.178797,VGK,1
logistic_engineered,20242025,20252026,20252026,2025020587,2025-12-23,LAK,SEA,0,0.535755,0.464245,LAK,0
logistic_engineered,20242025,20252026,20252026,2025020588,2025-12-27,NYI,NYR,1,0.536636,0.463364,NYI,1
logistic_engineered,20242025,20252026,20252026,2025020589,2025-12-27,BUF,BOS,1,0.598948,0.401052,BUF,1
logistic_engineered,20242025,20252026,20252026,2025020590,2025-12-27,TOR,OTT,1,0.793282,0.206718,TOR,1
logistic_engineered,20242025,20252026,20252026,2025020591,2025-12-27,FLA,TBL,0,0.455565,0.544435,TBL,1
logistic_engineered,20242025,20252026,20252026,2025020592,2025-12-27,NJD,WSH,0,0.509186,0.490814,NJD,0
logistic_engineered,20242025,20252026,20252026,2025020593,2025-12-27,CAR,DET,1,0.579199,0.420801,CAR,1
logistic_engineered,20242025,20252026,20252026,2025020594,2025-12-27,WPG,MIN,0,0.588735,0.411265,WPG,0
logistic_engineered,20242025,20252026,20252026,2025020595,2025-12-27,STL,NSH,1,0.562081,0.437919,STL,1
logistic_engineered,20242025,20252026,20252026,2025020596,2025-12-27,DAL,CHI,0,0.734503,0.265497,DAL,0
logistic_engineered,20242025,20252026,20252026,2025020597,2025-12-27,LAK,ANA,1,0.54852,0.45148,LAK,1
logistic_engineered,20242025,20252026,20252026,2025020598,2025-12-27,CGY,EDM,1,0.461649,0.538351,EDM,0
logistic_engineered,20242025,20252026,20252026,2025020599,2025-12-27,VAN,SJS,0,0.569336,0.430664,VAN,0
logistic_engineered,20242025,20252026,20252026,2025020600,2025-12-27,VGK,COL,0,0.426133,0.573867,COL,1
logistic_engineered,20242025,20252026,20252026,2025020601,2025-12-28,DET,TOR,1,0.519266,0.480734,DET,1
logistic_engineered,20242025,20252026,20252026,2025020602,2025-12-28,TBL,MTL,1,0.502732,0.497268,TBL,1
logistic_engineered,20242025,20252026,20252026,2025020603,2025-12-28,CBJ,NYI,1,0.680627,0.319373,CBJ,1
logistic_engineered,20242025,20252026,20252026,2025020604,2025-12-28,CHI,PIT,0,0.081482,0.918518,PIT,1
logistic_engineered,20242025,20252026,20252026,2025020605,2025-12-28,SEA,PHI,1,0.534814,0.465186,SEA,1
logistic_engineered,20242025,20252026,20252026,2025020606,2025-12-29,OTT,CBJ,0,0.665856,0.334144,OTT,0
logistic_engineered,20242025,20252026,20252026,2025020607,2025-12-29,FLA,WSH,1,0.496581,0.503419,WSH,0
logistic_engineered,20242025,20252026,20252026,2025020608,2025-12-29,CAR,NYR,1,0.585194,0.414806,CAR,1
logistic_engineered,20242025,20252026,20252026,2025020609,2025-12-29,WPG,EDM,0,0.581983,0.418017,WPG,0
logistic_engineered,20242025,20252026,20252026,2025020610,2025-12-29,STL,BUF,0,0.536648,0.463352,STL,0
logistic_engineered,20242025,20252026,20252026,2025020611,2025-12-29,COL,LAK,1,0.690856,0.309144,COL,1
logistic_engineered,20242025,20252026,20252026,2025020612,2025-12-29,UTA,NSH,0,0.677484,0.322516,UTA,0
logistic_engineered,20242025,20252026,20252026,2025020613,2025-12-29,CGY,BOS,1,0.555762,0.444238,CGY,1
logistic_engineered,20242025,20252026,20252026,2025020614,2025-12-29,VGK,MIN,0,0.200875,0.799125,MIN,1
logistic_engineered,20242025,20252026,20252026,2025020615,2025-12-29,ANA,SJS,0,0.252818,0.747182,SJS,1
logistic_engineered,20242025,20252026,20252026,2025020616,2025-12-29,SEA,VAN,0,0.465847,0.534153,VAN,1
logistic_engineered,20242025,20252026,20252026,2025020617,2025-12-30,TOR,NJD,1,0.513749,0.486251,TOR,1
logistic_engineered,20242025,20252026,20252026,2025020618,2025-12-30,FLA,MTL,0,0.474284,0.525716,MTL,1
logistic_engineered,20242025,20252026,20252026,2025020619,2025-12-30,PIT,CAR,1,0.587289,0.412711,PIT,1
logistic_engineered,20242025,20252026,20252026,2025020620,2025-12-30,CHI,NYI,0,0.456014,0.543986,NYI,1
logistic_engineered,20242025,20252026,20252026,2025020621,2025-12-30,VAN,PHI,0,0.362981,0.637019,PHI,1
logistic_engineered,20242025,20252026,20252026,2025020622,2025-12-31,WSH,NYR,1,0.602779,0.397221,WSH,1
logistic_engineered,20242025,20252026,20252026,2025020623,2025-12-31,VGK,NSH,0,0.657351,0.342649,VGK,0
logistic_engineered,20242025,20252026,20252026,2025020624,2025-12-31,ANA,TBL,0,0.405156,0.594844,TBL,1
logistic_engineered,20242025,20252026,20252026,2025020625,2025-12-31,SJS,MIN,1,0.405334,0.594666,MIN,0
logistic_engineered,20242025,20252026,20252026,2025020626,2025-12-31,DET,WPG,1,0.483306,0.516694,WPG,0
logistic_engineered,20242025,20252026,20252026,2025020627,2025-12-31,CBJ,NJD,0,0.606939,0.393061,CBJ,0
logistic_engineered,20242025,20252026,20252026,2025020628,2025-12-31,DAL,BUF,0,0.690394,0.309606,DAL,0
logistic_engineered,20242025,20252026,20252026,2025020629,2025-12-31,COL,STL,1,0.721155,0.278845,COL,1
logistic_engineered,20242025,20252026,20252026,2025020630,2025-12-31,CGY,PHI,1,0.603883,0.396117,CGY,1
logistic_engineered,20242025,20252026,20252026,2025020631,2025-12-31,EDM,BOS,0,0.640035,0.359965,EDM,0
logistic_engineered,20242025,20252026,20252026,2025020632,2026-01-01,OTT,WSH,1,0.593342,0.406658,OTT,1
logistic_engineered,20242025,20252026,20252026,2025020633,2026-01-01,NYI,UTA,0,0.189073,0.810927,UTA,1
logistic_engineered,20242025,20252026,20252026,2025020634,2026-01-01,TOR,WPG,1,0.211626,0.788374,WPG,0
logistic_engineered,20242025,20252026,20252026,2025020635,2026-01-01,PIT,DET,1,0.610285,0.389715,PIT,1
logistic_engineered,20242025,20252026,20252026,2025020636,2026-01-01,CAR,MTL,0,0.565698,0.434302,CAR,0
logistic_engineered,20242025,20252026,20252026,2025020637,2026-01-01,CHI,DAL,1,0.397358,0.602642,DAL,0
logistic_engineered,20242025,20252026,20252026,2025020638,2026-01-01,SEA,NSH,1,0.644961,0.355039,SEA,1
logistic_engineered,20242025,20252026,20252026,2025020639,2026-01-01,LAK,TBL,0,0.496106,0.503894,TBL,1
logistic_engineered,20242025,20252026,20252026,2025020640,2026-01-02,STL,VGK,1,0.396821,0.603179,VGK,0
logistic_engineered,20242025,20252026,20252026,2025020641,2026-01-02,FLA,NYR,0,0.614923,0.385077,FLA,0
logistic_engineered,20242025,20252026,20252026,2025020642,2026-01-02,VAN,SEA,0,0.587674,0.412326,VAN,0
logistic_engineered,20242025,20252026,20252026,2025020643,2026-01-02,ANA,MIN,0,0.47023,0.52977,MIN,1
logistic_engineered,20242025,20252026,20252026,2025020644,2026-01-03,DET,PIT,0,0.560655,0.439345,DET,0
logistic_engineered,20242025,20252026,20252026,2025020645,2026-01-03,NJD,UTA,1,0.567714,0.432286,NJD,1
logistic_engineered,20242025,20252026,20252026,2025020646,2026-01-03,CBJ,BUF,1,0.528224,0.471776,CBJ,1
logistic_engineered,20242025,20252026,20252026,2025020647,2026-01-03,EDM,PHI,0,0.567812,0.432188,EDM,0
logistic_engineered,20242025,20252026,20252026,2025020648,2026-01-03,STL,MTL,1,0.394861,0.605139,MTL,0
logistic_engineered,20242025,20252026,20252026,2025020649,2026-01-03,SJS,TBL,0,0.110792,0.889208,TBL,1
logistic_engineered,20242025,20252026,20252026,2025020650,2026-01-03,OTT,WPG,1,0.498547,0.501453,WPG,0
logistic_engineered,20242025,20252026,20252026,2025020651,2026-01-03,NYI,TOR,1,0.483535,0.516465,TOR,0
logistic_engineered,20242025,20252026,20252026,2025020652,2026-01-03,WSH,CHI,0,0.727896,0.272104,WSH,0
logistic_engineered,20242025,20252026,20252026,2025020653,2026-01-03,CAR,COL,0,0.441689,0.558311,COL,1
logistic_engineered,20242025,20252026,20252026,2025020654,2026-01-03,CGY,NSH,0,0.609235,0.390765,CGY,0
logistic_engineered,20242025,20252026,20252026,2025020655,2026-01-03,LAK,MIN,1,0.540657,0.459343,LAK,1
logistic_engineered,20242025,20252026,20252026,2025020656,2026-01-03,VAN,BOS,0,0.368689,0.631311,BOS,1
logistic_engineered,20242025,20252026,20252026,2025020657,2026-01-04,DAL,MTL,0,0.706392,0.293608,DAL,0
logistic_engineered,20242025,20252026,20252026,2025020658,2026-01-04,CBJ,PIT,0,0.526891,0.473109,CBJ,0
logistic_engineered,20242025,20252026,20252026,2025020659,2026-01-04,FLA,COL,1,0.501354,0.498646,FLA,1
logistic_engineered,20242025,20252026,20252026,2025020660,2026-01-04,NJD,CAR,0,0.452815,0.547185,CAR,1
logistic_engineered,20242025,20252026,20252026,2025020661,2026-01-04,CHI,VGK,1,0.277065,0.722935,VGK,0
logistic_engineered,20242025,20252026,20252026,2025020662,2026-01-05,NYR,UTA,0,0.219599,0.780401,UTA,1
logistic_engineered,20242025,20252026,20252026,2025020663,2026-01-05,WSH,ANA,1,0.851268,0.148732,WSH,1
logistic_engineered,20242025,20252026,20252026,2025020664,2026-01-05,OTT,DET,0,0.248728,0.751272,DET,1
logistic_engineered,20242025,20252026,20252026,2025020665,2026-01-05,CGY,SEA,0,0.561783,0.438217,CGY,0
logistic_engineered,20242025,20252026,20252026,2025020666,2026-01-05,LAK,MIN,1,0.488721,0.511279,MIN,0
logistic_engineered,20242025,20252026,20252026,2025020667,2026-01-06,BUF,VAN,1,0.622907,0.377093,BUF,1
logistic_engineered,20242025,20252026,20252026,2025020668,2026-01-06,TBL,COL,1,0.588705,0.411295,TBL,1
logistic_engineered,20242025,20252026,20252026,2025020669,2026-01-06,NYI,NJD,1,0.522892,0.477108,NYI,1
logistic_engineered,20242025,20252026,20252026,2025020670,2026-01-06,PHI,ANA,1,0.637555,0.362445,PHI,1
logistic_engineered,20242025,20252026,20252026,2025020671,2026-01-06,CAR,DAL,1,0.784648,0.215352,CAR,1
logistic_engineered,20242025,20252026,20252026,2025020672,2026-01-06,TOR,FLA,1,0.587219,0.412781,TOR,1
logistic_engineered,20242025,20252026,20252026,2025020673,2026-01-06,WPG,VGK,0,0.52442,0.47558,WPG,0
logistic_engineered,20242025,20252026,20252026,2025020674,2026-01-06,EDM,NSH,1,0.632954,0.367046,EDM,1
logistic_engineered,20242025,20252026,20252026,2025020675,2026-01-06,SJS,CBJ,1,0.470649,0.529351,CBJ,0
logistic_engineered,20242025,20252026,20252026,2025020676,2026-01-06,SEA,BOS,1,0.414364,0.585636,BOS,0
logistic_engineered,20242025,20252026,20252026,2025020677,2026-01-07,WSH,DAL,0,0.621627,0.378373,WSH,0
logistic_engineered,20242025,20252026,20252026,2025020678,2026-01-07,MTL,CGY,1,0.619298,0.380702,MTL,1
logistic_engineered,20242025,20252026,20252026,2025020679,2026-01-07,CHI,STL,1,0.445566,0.554434,STL,0
logistic_engineered,20242025,20252026,20252026,2025020680,2026-01-07,UTA,OTT,1,0.539057,0.460943,UTA,1
logistic_engineered,20242025,20252026,20252026,2025020681,2026-01-07,LAK,SJS,0,0.696377,0.303623,LAK,0
logistic_engineered,20242025,20252026,20252026,2025020682,2026-01-08,BOS,CGY,1,0.634515,0.365485,BOS,1
logistic_engineered,20242025,20252026,20252026,2025020683,2026-01-08,MTL,FLA,1,0.437351,0.562649,FLA,0
logistic_engineered,20242025,20252026,20252026,2025020684,2026-01-08,DET,VAN,1,0.633234,0.366766,DET,1
logistic_engineered,20242025,20252026,20252026,2025020685,2026-01-08,NYR,BUF,0,0.556666,0.443334,NYR,0
logistic_engineered,20242025,20252026,20252026,2025020686,2026-01-08,PHI,TOR,0,0.462832,0.537168,TOR,1
logistic_engineered,20242025,20252026,20252026,2025020687,2026-01-08,PIT,NJD,1,0.64866,0.35134,PIT,1
logistic_engineered,20242025,20252026,20252026,2025020688,2026-01-08,CAR,ANA,1,0.693145,0.306855,CAR,1
logistic_engineered,20242025,20252026,20252026,2025020689,2026-01-08,NSH,NYI,1,0.514285,0.485715,NSH,1
logistic_engineered,20242025,20252026,20252026,2025020690,2026-01-08,WPG,EDM,0,0.59705,0.40295,WPG,0
logistic_engineered,20242025,20252026,20252026,2025020691,2026-01-08,COL,OTT,1,0.897949,0.102051,COL,1
logistic_engineered,20242025,20252026,20252026,2025020692,2026-01-08,VGK,CBJ,1,0.295334,0.704666,CBJ,0
logistic_engineered,20242025,20252026,20252026,2025020693,2026-01-08,SEA,MIN,0,0.429341,0.570659,MIN,1
logistic_engineered,20242025,20252026,20252026,2025020694,2026-01-09,CHI,WSH,0,0.395756,0.604244,WSH,1
logistic_engineered,20242025,20252026,20252026,2025020695,2026-01-09,WPG,LAK,1,0.769952,0.230048,WPG,1
logistic_engineered,20242025,20252026,20252026,2025020696,2026-01-09,UTA,STL,1,0.635369,0.364631,UTA,1
logistic_engineered,20242025,20252026,20252026,2025020697,2026-01-10,BOS,NYR,1,0.799266,0.200734,BOS,1
logistic_engineered,20242025,20252026,20252026,2025020698,2026-01-10,PIT,CGY,0,0.599131,0.400869,PIT,0
logistic_engineered,20242025,20252026,20252026,2025020699,2026-01-10,COL,CBJ,1,0.662052,0.337948,COL,1
logistic_engineered,20242025,20252026,20252026,2025020700,2026-01-10,SJS,DAL,1,0.369223,0.630777,DAL,0
logistic_engineered,20242025,20252026,20252026,2025020701,2026-01-10,BUF,ANA,1,0.586195,0.413805,BUF,1
logistic_engineered,20242025,20252026,20252026,2025020702,2026-01-10,TOR,VAN,1,0.870183,0.129817,TOR,1
logistic_engineered,20242025,20252026,20252026,2025020703,2026-01-10,MTL,DET,0,0.571751,0.428249,MTL,0
logistic_engineered,20242025,20252026,20252026,2025020704,2026-01-10,OTT,FLA,0,0.574833,0.425167,OTT,0
logistic_engineered,20242025,20252026,20252026,2025020705,2026-01-10,PHI,TBL,0,0.375128,0.624872,TBL,1
logistic_engineered,20242025,20252026,20252026,2025020706,2026-01-10,CAR,SEA,1,0.677722,0.322278,CAR,1
logistic_engineered,20242025,20252026,20252026,2025020707,2026-01-10,NSH,CHI,0,0.645173,0.354827,NSH,0
logistic_engineered,20242025,20252026,20252026,2025020708,2026-01-10,MIN,NYI,0,0.66866,0.33134,MIN,0
logistic_engineered,20242025,20252026,20252026,2025020709,2026-01-10,EDM,LAK,0,0.657416,0.342584,EDM,0
logistic_engineered,20242025,20252026,20252026,2025020710,2026-01-10,VGK,STL,1,0.702852,0.297148,VGK,1
logistic_engineered,20242025,20252026,20252026,2025020711,2026-01-11,WPG,NJD,1,0.673151,0.326849,WPG,1
logistic_engineered,20242025,20252026,20252026,2025020712,2026-01-11,BOS,PIT,1,0.545003,0.454997,BOS,1
logistic_engineered,20242025,20252026,20252026,2025020713,2026-01-11,NSH,WSH,1,0.280334,0.719666,WSH,0
logistic_engineered,20242025,20252026,20252026,2025020714,2026-01-11,UTA,CBJ,0,0.655516,0.344484,UTA,0
logistic_engineered,20242025,20252026,20252026,2025020715,2026-01-11,SJS,VGK,0,0.430241,0.569759,VGK,1
logistic_engineered,20242025,20252026,20252026,2025020716,2026-01-12,BUF,FLA,0,0.541631,0.458369,BUF,0
logistic_engineered,20242025,20252026,20252026,2025020717,2026-01-12,DET,CAR,1,0.474493,0.525507,CAR,0
logistic_engineered,20242025,20252026,20252026,2025020718,2026-01-12,NYR,SEA,0,0.571915,0.428085,NYR,0
logistic_engineered,20242025,20252026,20252026,2025020719,2026-01-12,PHI,TBL,0,0.368448,0.631552,TBL,1
logistic_engineered,20242025,20252026,20252026,2025020720,2026-01-12,MTL,VAN,1,0.61585,0.38415,MTL,1
logistic_engineered,20242025,20252026,20252026,2025020721,2026-01-12,MIN,NJD,0,0.716597,0.283403,MIN,0
logistic_engineered,20242025,20252026,20252026,2025020722,2026-01-12,CHI,EDM,0,0.416045,0.583955,EDM,1
logistic_engineered,20242025,20252026,20252026,2025020723,2026-01-12,COL,TOR,0,0.649961,0.350039,COL,0
logistic_engineered,20242025,20252026,20252026,2025020724,2026-01-12,LAK,DAL,0,0.487226,0.512774,DAL,1
logistic_engineered,20242025,20252026,20252026,2025020725,2026-01-13,OTT,VAN,1,0.708325,0.291675,OTT,1
logistic_engineered,20242025,20252026,20252026,2025020726,2026-01-13,PIT,TBL,0,0.48219,0.51781,TBL,1
logistic_engineered,20242025,20252026,20252026,2025020727,2026-01-13,WSH,MTL,1,0.664408,0.335592,WSH,1
logistic_engineered,20242025,20252026,20252026,2025020728,2026-01-13,CBJ,CGY,1,0.573951,0.426049,CBJ,1
logistic_engineered,20242025,20252026,20252026,2025020729,2026-01-13,BOS,DET,1,0.592381,0.407619,BOS,1
logistic_engineered,20242025,20252026,20252026,2025020730,2026-01-13,STL,CAR,1,0.494231,0.505769,CAR,0
logistic_engineered,20242025,20252026,20252026,2025020731,2026-01-13,NSH,EDM,1,0.541882,0.458118,NSH,1
logistic_engineered,20242025,20252026,20252026,2025020732,2026-01-13,WPG,NYI,1,0.684636,0.315364,WPG,1
logistic_engineered,20242025,20252026,20252026,2025020733,2026-01-13,UTA,TOR,1,0.599586,0.400414,UTA,1
logistic_engineered,20242025,20252026,20252026,2025020734,2026-01-13,ANA,DAL,1,0.486578,0.513422,DAL,0
logistic_engineered,20242025,20252026,20252026,2025020735,2026-01-14,NJD,SEA,1,0.525109,0.474891,NJD,1
logistic_engineered,20242025,20252026,20252026,2025020736,2026-01-14,BUF,PHI,1,0.842069,0.157931,BUF,1
logistic_engineered,20242025,20252026,20252026,2025020737,2026-01-14,NYR,OTT,0,0.240663,0.759337,OTT,1
logistic_engineered,20242025,20252026,20252026,2025020738,2026-01-14,LAK,VGK,0,0.546431,0.453569,LAK,0
logistic_engineered,20242025,20252026,20252026,2025020739,2026-01-15,BOS,SEA,1,0.616733,0.383267,BOS,1
logistic_engineered,20242025,20252026,20252026,2025020740,2026-01-15,BUF,MTL,1,0.423493,0.576507,MTL,0
logistic_engineered,20242025,20252026,20252026,2025020741,2026-01-15,PIT,PHI,1,0.84267,0.15733,PIT,1
logistic_engineered,20242025,20252026,20252026,2025020742,2026-01-15,WSH,SJS,0,0.676647,0.323353,WSH,0
logistic_engineered,20242025,20252026,20252026,2025020743,2026-01-15,CBJ,VAN,1,0.662665,0.337335,CBJ,1
logistic_engineered,20242025,20252026,20252026,2025020744,2026-01-15,MIN,WPG,0,0.187759,0.812241,WPG,1
logistic_engineered,20242025,20252026,20252026,2025020745,2026-01-15,CHI,CGY,0,0.499528,0.500472,CGY,1
logistic_engineered,20242025,20252026,20252026,2025020746,2026-01-15,UTA,DAL,1,0.444435,0.555565,DAL,0
logistic_engineered,20242025,20252026,20252026,2025020747,2026-01-15,EDM,NYI,0,0.600405,0.399595,EDM,0
logistic_engineered,20242025,20252026,20252026,2025020748,2026-01-15,VGK,TOR,1,0.441548,0.558452,TOR,0
logistic_engineered,20242025,20252026,20252026,2025020749,2026-01-16,DET,SJS,1,0.726134,0.273866,DET,1
logistic_engineered,20242025,20252026,20252026,2025020750,2026-01-16,CAR,FLA,1,0.57489,0.42511,CAR,1
logistic_engineered,20242025,20252026,20252026,2025020751,2026-01-16,STL,TBL,1,0.36121,0.63879,TBL,0
logistic_engineered,20242025,20252026,20252026,2025020752,2026-01-16,COL,NSH,0,0.732428,0.267572,COL,0
logistic_engineered,20242025,20252026,20252026,2025020753,2026-01-16,LAK,ANA,0,0.590448,0.409552,LAK,0
logistic_engineered,20242025,20252026,20252026,2025020754,2026-01-17,BUF,MIN,0,0.553562,0.446438,BUF,0
logistic_engineered,20242025,20252026,20252026,2025020755,2026-01-17,PHI,NYR,0,0.154742,0.845258,NYR,1
logistic_engineered,20242025,20252026,20252026,2025020756,2026-01-17,CGY,NYI,1,0.515892,0.484108,CGY,1
logistic_engineered,20242025,20252026,20252026,2025020757,2026-01-17,UTA,SEA,1,0.588033,0.411967,UTA,1
logistic_engineered,20242025,20252026,20252026,2025020758,2026-01-17,OTT,MTL,0,0.55514,0.44486,OTT,0
logistic_engineered,20242025,20252026,20252026,2025020759,2026-01-17,NJD,CAR,0,0.519254,0.480746,NJD,0
logistic_engineered,20242025,20252026,20252026,2025020760,2026-01-17,PIT,CBJ,0,0.485296,0.514704,CBJ,1
logistic_engineered,20242025,20252026,20252026,2025020761,2026-01-17,WSH,FLA,0,0.698184,0.301816,WSH,0
logistic_engineered,20242025,20252026,20252026,2025020762,2026-01-17,WPG,TOR,0,0.627273,0.372727,WPG,0
logistic_engineered,20242025,20252026,20252026,2025020763,2026-01-17,CHI,BOS,0,0.454657,0.545343,BOS,1
logistic_engineered,20242025,20252026,20252026,2025020764,2026-01-17,VAN,EDM,0,0.382982,0.617018,EDM,1
logistic_engineered,20242025,20252026,20252026,2025020765,2026-01-17,VGK,NSH,1,0.722284,0.277716,VGK,1
logistic_engineered,20242025,20252026,20252026,2025020766,2026-01-17,ANA,LAK,1,0.482786,0.517214,LAK,0
logistic_engineered,20242025,20252026,20252026,2025020767,2026-01-18,DAL,TBL,0,0.581977,0.418023,DAL,0
logistic_engineered,20242025,20252026,20252026,2025020768,2026-01-18,DET,OTT,1,0.645296,0.354704,DET,1
logistic_engineered,20242025,20252026,20252026,2025020769,2026-01-18,EDM,STL,1,0.538047,0.461953,EDM,1
logistic_engineered,20242025,20252026,20252026,2025020770,2026-01-19,CAR,BUF,1,0.595654,0.404346,CAR,1
logistic_engineered,20242025,20252026,20252026,2025020771,2026-01-19,COL,WSH,1,0.592291,0.407709,COL,1
logistic_engineered,20242025,20252026,20252026,2025020772,2026-01-19,SEA,PIT,0,0.568703,0.431297,SEA,0
logistic_engineered,20242025,20252026,20252026,2025020773,2026-01-19,FLA,SJS,0,0.625724,0.374276,FLA,0
logistic_engineered,20242025,20252026,20252026,2025020774,2026-01-19,TOR,MIN,0,0.206325,0.793675,MIN,1
logistic_engineered,20242025,20252026,20252026,2025020775,2026-01-19,VGK,PHI,0,0.710919,0.289081,VGK,0
logistic_engineered,20242025,20252026,20252026,2025020776,2026-01-19,CHI,WPG,1,0.31311,0.68689,WPG,0
logistic_engineered,20242025,20252026,20252026,2025020777,2026-01-19,CGY,NJD,0,0.52154,0.47846,CGY,0
logistic_engineered,20242025,20252026,20252026,2025020778,2026-01-19,VAN,NYI,0,0.450047,0.549953,NYI,1
logistic_engineered,20242025,20252026,20252026,2025020779,2026-01-19,ANA,NYR,1,0.496877,0.503123,NYR,0
logistic_engineered,20242025,20252026,20252026,2025020780,2026-01-20,MTL,MIN,1,0.599166,0.400834,MTL,1
logistic_engineered,20242025,20252026,20252026,2025020781,2026-01-20,TBL,SJS,1,0.767463,0.232537,TBL,1
logistic_engineered,20242025,20252026,20252026,2025020782,2026-01-20,CBJ,OTT,0,0.254552,0.745448,OTT,1
logistic_engineered,20242025,20252026,20252026,2025020783,2026-01-20,DAL,BOS,1,0.856259,0.143741,DAL,1
logistic_engineered,20242025,20252026,20252026,2025020784,2026-01-20,NSH,BUF,0,0.227034,0.772966,BUF,1
logistic_engineered,20242025,20252026,20252026,2025020785,2026-01-20,WPG,STL,1,0.634221,0.365779,WPG,1
logistic_engineered,20242025,20252026,20252026,2025020786,2026-01-20,EDM,NJD,0,0.665982,0.334018,EDM,0
logistic_engineered,20242025,20252026,20252026,2025020787,2026-01-20,LAK,NYR,1,0.263417,0.736583,NYR,0
logistic_engineered,20242025,20252026,20252026,2025020788,2026-01-21,TOR,DET,0,0.544637,0.455363,TOR,0
logistic_engineered,20242025,20252026,20252026,2025020789,2026-01-21,COL,ANA,0,0.711544,0.288456,COL,0
logistic_engineered,20242025,20252026,20252026,2025020790,2026-01-21,UTA,PHI,1,0.684633,0.315367,UTA,1
logistic_engineered,20242025,20252026,20252026,2025020791,2026-01-21,CGY,PIT,0,0.558359,0.441641,CGY,0
logistic_engineered,20242025,20252026,20252026,2025020792,2026-01-21,VAN,WSH,1,0.335331,0.664669,WSH,0
logistic_engineered,20242025,20252026,20252026,2025020793,2026-01-21,SEA,NYI,1,0.557945,0.442055,SEA,1
logistic_engineered,20242025,20252026,20252026,2025020794,2026-01-22,BOS,VGK,1,0.436584,0.563416,VGK,0
logistic_engineered,20242025,20252026,20252026,2025020795,2026-01-22,MTL,BUF,0,0.538013,0.461987,MTL,0
logistic_engineered,20242025,20252026,20252026,2025020796,2026-01-22,CAR,CHI,0,0.743993,0.256007,CAR,0
logistic_engineered,20242025,20252026,20252026,2025020797,2026-01-22,CBJ,DAL,1,0.43618,0.56382,DAL,0
logistic_engineered,20242025,20252026,20252026,2025020798,2026-01-22,NSH,OTT,1,0.478535,0.521465,OTT,0
logistic_engineered,20242025,20252026,20252026,2025020799,2026-01-22,WPG,FLA,0,0.60428,0.39572,WPG,0
logistic_engineered,20242025,20252026,20252026,2025020800,2026-01-22,EDM,PIT,0,0.677943,0.322057,EDM,0
logistic_engineered,20242025,20252026,20252026,2025020801,2026-01-22,MIN,DET,1,0.666348,0.333652,MIN,1
logistic_engineered,20242025,20252026,20252026,2025020802,2026-01-23,TOR,VGK,0,0.582507,0.417493,TOR,0
logistic_engineered,20242025,20252026,20252026,2025020803,2026-01-23,CHI,TBL,0,0.250131,0.749869,TBL,1
logistic_engineered,20242025,20252026,20252026,2025020804,2026-01-23,DAL,STL,1,0.614516,0.385484,DAL,1
logistic_engineered,20242025,20252026,20252026,2025020805,2026-01-23,COL,PHI,0,0.765773,0.234227,COL,0
logistic_engineered,20242025,20252026,20252026,2025020806,2026-01-23,CGY,WSH,0,0.408222,0.591778,WSH,1
logistic_engineered,20242025,20252026,20252026,2025020807,2026-01-23,VAN,NJD,0,0.454685,0.545315,NJD,1
logistic_engineered,20242025,20252026,20252026,2025020808,2026-01-23,SJS,NYR,1,0.43571,0.56429,NYR,0
logistic_engineered,20242025,20252026,20252026,2025020809,2026-01-23,SEA,ANA,0,0.591677,0.408323,SEA,0
logistic_engineered,20242025,20252026,20252026,2025020810,2026-01-24,NYI,BUF,0,0.545231,0.454769,NYI,0
logistic_engineered,20242025,20252026,20252026,2025020811,2026-01-24,NSH,UTA,0,0.49142,0.50858,UTA,1
logistic_engineered,20242025,20252026,20252026,2025020812,2026-01-24,BOS,MTL,1,0.527718,0.472282,BOS,1
logistic_engineered,20242025,20252026,20252026,2025020813,2026-01-24,OTT,CAR,0,0.520592,0.479408,OTT,0
logistic_engineered,20242025,20252026,20252026,2025020814,2026-01-24,CBJ,TBL,1,0.509619,0.490381,CBJ,1
logistic_engineered,20242025,20252026,20252026,2025020815,2026-01-24,WPG,DET,0,0.626922,0.373078,WPG,0
logistic_engineered,20242025,20252026,20252026,2025020816,2026-01-24,STL,LAK,0,0.295272,0.704728,LAK,1
logistic_engineered,20242025,20252026,20252026,2025020817,2026-01-24,MIN,FLA,0,0.592159,0.407841,MIN,0
logistic_engineered,20242025,20252026,20252026,2025020818,2026-01-24,EDM,WSH,1,0.199237,0.800763,WSH,0
logistic_engineered,20242025,20252026,20252026,2025020819,2026-01-25,TOR,COL,0,0.432341,0.567659,COL,1
logistic_engineered,20242025,20252026,20252026,2025020820,2026-01-25,SEA,NJD,1,0.549534,0.450466,SEA,1
logistic_engineered,20242025,20252026,20252026,2025020821,2026-01-25,OTT,VGK,1,0.405793,0.594207,VGK,0
logistic_engineered,20242025,20252026,20252026,2025020822,2026-01-25,VAN,PIT,0,0.457016,0.542984,PIT,1
logistic_engineered,20242025,20252026,20252026,2025020823,2026-01-25,CHI,FLA,0,0.47893,0.52107,FLA,1
logistic_engineered,20242025,20252026,20252026,2025020824,2026-01-25,CGY,ANA,0,0.581071,0.418929,CGY,0
logistic_engineered,20242025,20252026,20252026,2025020825,2026-01-26,TBL,UTA,1,0.609344,0.390656,TBL,1
logistic_engineered,20242025,20252026,20252026,2025020826,2026-01-26,NYR,BOS,1,0.587642,0.412358,NYR,1
logistic_engineered,20242025,20252026,20252026,2025020827,2026-01-26,PHI,NYI,0,0.473558,0.526442,NYI,1
logistic_engineered,20242025,20252026,20252026,2025020829,2026-01-26,EDM,ANA,1,0.701937,0.298063,EDM,1
logistic_engineered,20242025,20252026,20252026,2025020830,2026-01-27,BOS,NSH,1,0.441865,0.558135,NSH,0
logistic_engineered,20242025,20252026,20252026,2025020831,2026-01-27,TOR,BUF,0,0.779144,0.220856,TOR,0
logistic_engineered,20242025,20252026,20252026,2025020832,2026-01-27,MTL,VGK,1,0.551692,0.448308,MTL,1
logistic_engineered,20242025,20252026,20252026,2025020833,2026-01-27,DET,LAK,0,0.517927,0.482073,DET,0
logistic_engineered,20242025,20252026,20252026,2025020834,2026-01-27,FLA,UTA,0,0.678624,0.321376,FLA,0
logistic_engineered,20242025,20252026,20252026,2025020835,2026-01-27,NJD,WPG,0,0.476869,0.523131,WPG,1
logistic_engineered,20242025,20252026,20252026,2025020836,2026-01-27,STL,DAL,0,0.381421,0.618579,DAL,1
logistic_engineered,20242025,20252026,20252026,2025020837,2026-01-27,MIN,CHI,1,0.750758,0.249242,MIN,1
logistic_engineered,20242025,20252026,20252026,2025020838,2026-01-27,VAN,SJS,0,0.18811,0.81189,SJS,1
logistic_engineered,20242025,20252026,20252026,2025020839,2026-01-27,SEA,WSH,1,0.427726,0.572274,WSH,0
logistic_engineered,20242025,20252026,20252026,2025020840,2026-01-28,CBJ,PHI,1,0.669345,0.330655,CBJ,1
logistic_engineered,20242025,20252026,20252026,2025020841,2026-01-28,OTT,COL,1,0.457319,0.542681,COL,0
logistic_engineered,20242025,20252026,20252026,2025020842,2026-01-28,NYI,NYR,1,0.552418,0.447582,NYI,1
logistic_engineered,20242025,20252026,20252026,2025020843,2026-01-29,BOS,PHI,1,0.851902,0.148098,BOS,1
logistic_engineered,20242025,20252026,20252026,2025020844,2026-01-29,BUF,LAK,1,0.549224,0.450776,BUF,1
logistic_engineered,20242025,20252026,20252026,2025020845,2026-01-29,MTL,COL,1,0.567847,0.432153,MTL,1
logistic_engineered,20242025,20252026,20252026,2025020846,2026-01-29,DET,WSH,0,0.457291,0.542709,WSH,1
logistic_engineered,20242025,20252026,20252026,2025020847,2026-01-29,TBL,WPG,1,0.591456,0.408544,TBL,1
logistic_engineered,20242025,20252026,20252026,2025020848,2026-01-29,NJD,NSH,1,0.59962,0.40038,NJD,1
logistic_engineered,20242025,20252026,20252026,2025020849,2026-01-29,NYR,NYI,0,0.528879,0.471121,NYR,0
logistic_engineered,20242025,20252026,20252026,2025020850,2026-01-29,PIT,CHI,1,0.664828,0.335172,PIT,1
logistic_engineered,20242025,20252026,20252026,2025020851,2026-01-29,CAR,UTA,1,0.660718,0.339282,CAR,1
logistic_engineered,20242025,20252026,20252026,2025020852,2026-01-29,STL,FLA,1,0.477605,0.522395,FLA,0
logistic_engineered,20242025,20252026,20252026,2025020853,2026-01-29,MIN,CGY,1,0.639981,0.360019,MIN,1
logistic_engineered,20242025,20252026,20252026,2025020854,2026-01-29,EDM,SJS,1,0.688213,0.311787,EDM,1
logistic_engineered,20242025,20252026,20252026,2025020855,2026-01-29,VAN,ANA,1,0.177504,0.822496,ANA,0
logistic_engineered,20242025,20252026,20252026,2025020856,2026-01-29,VGK,DAL,0,0.512784,0.487216,VGK,0
logistic_engineered,20242025,20252026,20252026,2025020857,2026-01-29,SEA,TOR,1,0.530145,0.469855,SEA,1
logistic_engineered,20242025,20252026,20252026,2025020858,2026-01-30,CHI,CBJ,0,0.32637,0.67363,CBJ,1
logistic_engineered,20242025,20252026,20252026,2025020859,2026-01-31,PHI,LAK,0,0.485059,0.514941,LAK,1
logistic_engineered,20242025,20252026,20252026,2025020860,2026-01-31,DET,COL,0,0.170615,0.829385,COL,1
logistic_engineered,20242025,20252026,20252026,2025020861,2026-01-31,PIT,NYR,1,0.537912,0.462088,PIT,1
logistic_engineered,20242025,20252026,20252026,2025020862,2026-01-31,FLA,WPG,0,0.503818,0.496182,FLA,0
logistic_engineered,20242025,20252026,20252026,2025020863,2026-01-31,CGY,SJS,1,0.617589,0.382411,CGY,1
logistic_engineered,20242025,20252026,20252026,2025020864,2026-01-31,WSH,CAR,1,0.575559,0.424441,WSH,1
logistic_engineered,20242025,20252026,20252026,2025020865,2026-01-31,BUF,MTL,0,0.563054,0.436946,BUF,0
logistic_engineered,20242025,20252026,20252026,2025020866,2026-01-31,OTT,NJD,1,0.614131,0.385869,OTT,1
logistic_engineered,20242025,20252026,20252026,2025020867,2026-01-31,NYI,NSH,0,0.567706,0.432294,NYI,0
logistic_engineered,20242025,20252026,20252026,2025020868,2026-01-31,STL,CBJ,0,0.616519,0.383481,STL,0
logistic_engineered,20242025,20252026,20252026,2025020869,2026-01-31,VAN,TOR,0,0.395603,0.604397,TOR,1
logistic_engineered,20242025,20252026,20252026,2025020870,2026-01-31,UTA,DAL,0,0.498812,0.501188,DAL,1
logistic_engineered,20242025,20252026,20252026,2025020871,2026-01-31,EDM,MIN,0,0.207966,0.792034,MIN,1
logistic_engineered,20242025,20252026,20252026,2025020872,2026-01-31,VGK,SEA,0,0.592788,0.407212,VGK,0
logistic_engineered,20242025,20252026,20252026,2025020873,2026-02-01,TBL,BOS,1,0.675462,0.324538,TBL,1
logistic_engineered,20242025,20252026,20252026,2025020874,2026-02-01,CAR,LAK,1,0.56625,0.43375,CAR,1
logistic_engineered,20242025,20252026,20252026,2025020875,2026-02-01,ANA,VGK,1,0.507287,0.492713,ANA,1
logistic_engineered,20242025,20252026,20252026,2025020876,2026-02-02,FLA,BUF,0,0.562363,0.437637,FLA,0
logistic_engineered,20242025,20252026,20252026,2025020877,2026-02-02,PIT,OTT,0,0.509995,0.490005,PIT,0
logistic_engineered,20242025,20252026,20252026,2025020878,2026-02-02,WSH,NYI,1,0.62028,0.37972,WSH,1
logistic_engineered,20242025,20252026,20252026,2025020879,2026-02-02,MIN,MTL,1,0.624151,0.375849,MIN,1
logistic_engineered,20242025,20252026,20252026,2025020880,2026-02-02,NSH,STL,1,0.2179,0.7821,STL,0
logistic_engineered,20242025,20252026,20252026,2025020881,2026-02-02,CHI,SJS,1,0.794973,0.205027,CHI,1
logistic_engineered,20242025,20252026,20252026,2025020882,2026-02-02,DAL,WPG,1,0.605592,0.394408,DAL,1
logistic_engineered,20242025,20252026,20252026,2025020883,2026-02-02,COL,DET,0,0.620981,0.379019,COL,0
logistic_engineered,20242025,20252026,20252026,2025020884,2026-02-02,UTA,VAN,1,0.642378,0.357622,UTA,1
logistic_engineered,20242025,20252026,20252026,2025020885,2026-02-02,CGY,TOR,0,0.460603,0.539397,TOR,1
logistic_engineered,20242025,20252026,20252026,2025020886,2026-02-03,TBL,BUF,1,0.683681,0.316319,TBL,1
logistic_engineered,20242025,20252026,20252026,2025020887,2026-02-03,NJD,CBJ,0,0.547679,0.452321,NJD,0
logistic_engineered,20242025,20252026,20252026,2025020888,2026-02-03,NYI,PIT,1,0.521491,0.478509,NYI,1
logistic_engineered,20242025,20252026,20252026,2025020889,2026-02-03,PHI,WSH,1,0.526976,0.473024,PHI,1
logistic_engineered,20242025,20252026,20252026,2025020890,2026-02-03,CAR,OTT,1,0.667107,0.332893,CAR,1
logistic_engineered,20242025,20252026,20252026,2025020891,2026-02-03,EDM,TOR,0,0.655345,0.344655,EDM,0
logistic_engineered,20242025,20252026,20252026,2025020892,2026-02-03,ANA,SEA,1,0.480994,0.519006,SEA,0
logistic_engineered,20242025,20252026,20252026,2025020893,2026-02-04,FLA,BOS,1,0.603767,0.396233,FLA,1
logistic_engineered,20242025,20252026,20252026,2025020894,2026-02-04,CBJ,CHI,1,0.521002,0.478998,CBJ,1
logistic_engineered,20242025,20252026,20252026,2025020895,2026-02-04,WPG,MTL,0,0.566896,0.433104,WPG,0
logistic_engineered,20242025,20252026,20252026,2025020896,2026-02-04,NSH,MIN,0,0.455221,0.544779,MIN,1
logistic_engineered,20242025,20252026,20252026,2025020897,2026-02-04,COL,SJS,1,0.737751,0.262249,COL,1
logistic_engineered,20242025,20252026,20252026,2025020898,2026-02-04,UTA,DET,1,0.566139,0.433861,UTA,1
logistic_engineered,20242025,20252026,20252026,2025020899,2026-02-04,DAL,STL,1,0.66173,0.33827,DAL,1
logistic_engineered,20242025,20252026,20252026,2025020900,2026-02-04,CGY,EDM,1,0.505539,0.494461,CGY,1
logistic_engineered,20242025,20252026,20252026,2025020901,2026-02-04,VGK,VAN,1,0.672707,0.327293,VGK,1
logistic_engineered,20242025,20252026,20252026,2025020902,2026-02-04,LAK,SEA,0,0.659495,0.340505,LAK,0
logistic_engineered,20242025,20252026,20252026,2025020903,2026-02-05,BUF,PIT,0,0.613069,0.386931,BUF,0
logistic_engineered,20242025,20252026,20252026,2025020904,2026-02-05,TBL,FLA,1,0.894887,0.105113,TBL,1
logistic_engineered,20242025,20252026,20252026,2025020905,2026-02-05,NJD,NYI,0,0.543996,0.456004,NJD,0
logistic_engineered,20242025,20252026,20252026,2025020906,2026-02-05,NYR,CAR,0,0.511625,0.488375,NYR,0
logistic_engineered,20242025,20252026,20252026,2025020907,2026-02-05,PHI,OTT,0,0.474397,0.525603,OTT,1
logistic_engineered,20242025,20252026,20252026,2025020908,2026-02-05,WSH,NSH,1,0.740215,0.259785,WSH,1
logistic_engineered,20242025,20252026,20252026,2025020909,2026-02-05,VGK,LAK,1,0.609295,0.390705,VGK,1
logistic_engineered,20242025,20252026,20252026,2025020910,2026-02-25,NJD,BUF,0,0.489276,0.510724,BUF,1
logistic_engineered,20242025,20252026,20252026,2025020911,2026-02-25,WSH,PHI,1,0.660301,0.339699,WSH,1
logistic_engineered,20242025,20252026,20252026,2025020912,2026-02-25,TBL,TOR,1,0.593725,0.406275,TBL,1
logistic_engineered,20242025,20252026,20252026,2025020913,2026-02-25,DAL,SEA,1,0.63623,0.36377,DAL,1
logistic_engineered,20242025,20252026,20252026,2025020914,2026-02-25,UTA,COL,0,0.503295,0.496705,UTA,0
logistic_engineered,20242025,20252026,20252026,2025020915,2026-02-25,VAN,WPG,0,0.375459,0.624541,WPG,1
logistic_engineered,20242025,20252026,20252026,2025020916,2026-02-25,LAK,VGK,0,0.465215,0.534785,VGK,1
logistic_engineered,20242025,20252026,20252026,2025020917,2026-02-25,ANA,EDM,1,0.747279,0.252721,ANA,1
logistic_engineered,20242025,20252026,20252026,2025020918,2026-02-26,BOS,CBJ,1,0.210867,0.789133,CBJ,0
logistic_engineered,20242025,20252026,20252026,2025020919,2026-02-26,MTL,NYI,0,0.625782,0.374218,MTL,0
logistic_engineered,20242025,20252026,20252026,2025020920,2026-02-26,OTT,DET,0,0.576255,0.423745,OTT,0
logistic_engineered,20242025,20252026,20252026,2025020921,2026-02-26,FLA,TOR,1,0.661279,0.338721,FLA,1
logistic_engineered,20242025,20252026,20252026,2025020922,2026-02-26,PIT,NJD,1,0.680121,0.319879,PIT,1
logistic_engineered,20242025,20252026,20252026,2025020923,2026-02-26,CAR,TBL,1,0.616824,0.383176,CAR,1
logistic_engineered,20242025,20252026,20252026,2025020924,2026-02-26,NYR,PHI,0,0.676119,0.323881,NYR,0
logistic_engineered,20242025,20252026,20252026,2025020925,2026-02-26,STL,SEA,1,0.694748,0.305252,STL,1
logistic_engineered,20242025,20252026,20252026,2025020926,2026-02-26,NSH,CHI,1,0.583506,0.416494,NSH,1
logistic_engineered,20242025,20252026,20252026,2025020927,2026-02-26,COL,MIN,0,0.726472,0.273528,COL,0
logistic_engineered,20242025,20252026,20252026,2025020928,2026-02-26,SJS,CGY,0,0.46704,0.53296,CGY,1
logistic_engineered,20242025,20252026,20252026,2025020929,2026-02-26,LAK,EDM,0,0.109758,0.890242,EDM,1
logistic_engineered,20242025,20252026,20252026,2025020930,2026-02-27,FLA,BUF,0,0.427308,0.572692,BUF,1
logistic_engineered,20242025,20252026,20252026,2025020931,2026-02-27,WSH,VGK,1,0.549957,0.450043,WSH,1
logistic_engineered,20242025,20252026,20252026,2025020932,2026-02-27,UTA,MIN,1,0.599467,0.400533,UTA,1
logistic_engineered,20242025,20252026,20252026,2025020933,2026-02-27,ANA,WPG,1,0.470558,0.529442,WPG,0
logistic_engineered,20242025,20252026,20252026,2025020934,2026-02-28,NYR,PIT,1,0.498378,0.501622,PIT,0
logistic_engineered,20242025,20252026,20252026,2025020935,2026-02-28,PHI,BOS,1,0.500817,0.499183,PHI,1
logistic_engineered,20242025,20252026,20252026,2025020936,2026-02-28,SJS,EDM,1,0.343094,0.656906,EDM,0
logistic_engineered,20242025,20252026,20252026,2025020937,2026-02-28,CBJ,NYI,0,0.531077,0.468923,CBJ,0
logistic_engineered,20242025,20252026,20252026,2025020938,2026-02-28,COL,CHI,1,0.737178,0.262822,COL,1
logistic_engineered,20242025,20252026,20252026,2025020939,2026-02-28,TOR,OTT,0,0.23551,0.76449,OTT,1
logistic_engineered,20242025,20252026,20252026,2025020940,2026-02-28,MTL,WSH,1,0.595159,0.404841,MTL,1
logistic_engineered,20242025,20252026,20252026,2025020941,2026-02-28,TBL,BUF,0,0.329445,0.670555,BUF,1
logistic_engineered,20242025,20252026,20252026,2025020942,2026-02-28,CAR,DET,1,0.616608,0.383392,CAR,1
logistic_engineered,20242025,20252026,20252026,2025020943,2026-02-28,STL,NJD,0,0.563918,0.436082,STL,0
logistic_engineered,20242025,20252026,20252026,2025020944,2026-02-28,LAK,CGY,1,0.55659,0.44341,LAK,1
logistic_engineered,20242025,20252026,20252026,2025020945,2026-02-28,DAL,NSH,1,0.670668,0.329332,DAL,1
logistic_engineered,20242025,20252026,20252026,2025020946,2026-02-28,SEA,VAN,1,0.549504,0.450496,SEA,1
logistic_engineered,20242025,20252026,20252026,2025020947,2026-03-01,PIT,VGK,1,0.351375,0.648625,VGK,0
logistic_engineered,20242025,20252026,20252026,2025020948,2026-03-01,NYI,FLA,1,0.454223,0.545777,FLA,0
logistic_engineered,20242025,20252026,20252026,2025020949,2026-03-01,UTA,CHI,0,0.745091,0.254909,UTA,0
logistic_engineered,20242025,20252026,20252026,2025020950,2026-03-01,SJS,WPG,1,0.269788,0.730212,WPG,0
logistic_engineered,20242025,20252026,20252026,2025020951,2026-03-01,MIN,STL,0,0.637807,0.362193,MIN,0
logistic_engineered,20242025,20252026,20252026,2025020952,2026-03-01,ANA,CGY,1,0.665606,0.334394,ANA,1
logistic_engineered,20242025,20252026,20252026,2025020953,2026-03-02,NYR,CBJ,0,0.550915,0.449085,NYR,0
logistic_engineered,20242025,20252026,20252026,2025020954,2026-03-02,TOR,PHI,0,0.640462,0.359538,TOR,0
logistic_engineered,20242025,20252026,20252026,2025020955,2026-03-02,NSH,DET,0,0.802741,0.197259,NSH,0
logistic_engineered,20242025,20252026,20252026,2025020956,2026-03-02,VAN,DAL,0,0.357622,0.642378,DAL,1
logistic_engineered,20242025,20252026,20252026,2025020957,2026-03-02,SEA,CAR,1,0.480256,0.519744,CAR,0
logistic_engineered,20242025,20252026,20252026,2025020958,2026-03-02,LAK,COL,0,0.409608,0.590392,COL,1
logistic_engineered,20242025,20252026,20252026,2025020959,2026-03-03,BOS,PIT,1,0.559454,0.440546,BOS,1
logistic_engineered,20242025,20252026,20252026,2025020960,2026-03-03,BUF,VGK,1,0.56649,0.43351,BUF,1
logistic_engineered,20242025,20252026,20252026,2025020961,2026-03-03,NJD,FLA,1,0.541185,0.458815,NJD,1
logistic_engineered,20242025,20252026,20252026,2025020962,2026-03-03,WSH,UTA,0,0.544539,0.455461,WSH,0
logistic_engineered,20242025,20252026,20252026,2025020963,2026-03-03,CBJ,NSH,1,0.206295,0.793705,NSH,0
logistic_engineered,20242025,20252026,20252026,2025020964,2026-03-03,WPG,CHI,1,0.682113,0.317887,WPG,1
logistic_engineered,20242025,20252026,20252026,2025020965,2026-03-03,CGY,DAL,0,0.19328,0.80672,DAL,1
logistic_engineered,20242025,20252026,20252026,2025020966,2026-03-03,EDM,OTT,1,0.582542,0.417458,EDM,1
logistic_engineered,20242025,20252026,20252026,2025020967,2026-03-03,MIN,TBL,1,0.424115,0.575885,TBL,0
logistic_engineered,20242025,20252026,20252026,2025020968,2026-03-03,ANA,COL,0,0.515774,0.484226,ANA,0
logistic_engineered,20242025,20252026,20252026,2025020969,2026-03-03,SJS,MTL,1,0.398751,0.601249,MTL,0
logistic_engineered,20242025,20252026,20252026,2025020970,2026-03-04,DET,VGK,0,0.599081,0.400919,DET,0
logistic_engineered,20242025,20252026,20252026,2025020971,2026-03-04,NJD,TOR,1,0.431915,0.568085,TOR,0
logistic_engineered,20242025,20252026,20252026,2025020972,2026-03-04,VAN,CAR,0,0.135864,0.864136,CAR,1
logistic_engineered,20242025,20252026,20252026,2025020973,2026-03-04,ANA,NYI,1,0.402012,0.597988,NYI,0
logistic_engineered,20242025,20252026,20252026,2025020974,2026-03-04,SEA,STL,0,0.507885,0.492115,SEA,0
logistic_engineered,20242025,20252026,20252026,2025020975,2026-03-05,NYR,TOR,1,0.584447,0.415553,NYR,1
logistic_engineered,20242025,20252026,20252026,2025020976,2026-03-05,PHI,UTA,0,0.465825,0.534175,UTA,1
logistic_engineered,20242025,20252026,20252026,2025020977,2026-03-05,PIT,BUF,0,0.489267,0.510733,BUF,1
logistic_engineered,20242025,20252026,20252026,2025020978,2026-03-05,CBJ,FLA,1,0.535052,0.464948,CBJ,1
logistic_engineered,20242025,20252026,20252026,2025020979,2026-03-05,NSH,BOS,1,0.54305,0.45695,NSH,1
logistic_engineered,20242025,20252026,20252026,2025020980,2026-03-05,WPG,TBL,1,0.492007,0.507993,TBL,0
logistic_engineered,20242025,20252026,20252026,2025020981,2026-03-05,CGY,OTT,0,0.480051,0.519949,OTT,1
logistic_engineered,20242025,20252026,20252026,2025020982,2026-03-05,LAK,NYI,1,0.633518,0.366482,LAK,1
logistic_engineered,20242025,20252026,20252026,2025020983,2026-03-06,DET,FLA,0,0.600054,0.399946,DET,0
logistic_engineered,20242025,20252026,20252026,2025020984,2026-03-06,DAL,COL,0,0.820891,0.179109,DAL,0
logistic_engineered,20242025,20252026,20252026,2025020985,2026-03-06,CHI,VAN,0,0.548713,0.451287,CHI,0
logistic_engineered,20242025,20252026,20252026,2025020986,2026-03-06,EDM,CAR,0,0.596401,0.403599,EDM,0
logistic_engineered,20242025,20252026,20252026,2025020987,2026-03-06,ANA,MTL,1,0.503893,0.496107,ANA,1
logistic_engineered,20242025,20252026,20252026,2025020988,2026-03-06,VGK,MIN,0,0.550077,0.449923,VGK,0
logistic_engineered,20242025,20252026,20252026,2025020989,2026-03-06,SJS,STL,0,0.460771,0.539229,STL,1
logistic_engineered,20242025,20252026,20252026,2025020990,2026-03-07,BOS,WSH,1,0.473724,0.526276,WSH,0
logistic_engineered,20242025,20252026,20252026,2025020991,2026-03-07,NJD,NYR,1,0.594522,0.405478,NJD,1
logistic_engineered,20242025,20252026,20252026,2025020992,2026-03-07,BUF,NSH,1,0.655254,0.344746,BUF,1
logistic_engineered,20242025,20252026,20252026,2025020993,2026-03-07,PIT,PHI,0,0.618256,0.381744,PIT,0
logistic_engineered,20242025,20252026,20252026,2025020994,2026-03-07,TOR,TBL,0,0.392766,0.607234,TBL,1
logistic_engineered,20242025,20252026,20252026,2025020995,2026-03-07,CBJ,UTA,0,0.532267,0.467733,CBJ,0
logistic_engineered,20242025,20252026,20252026,2025020996,2026-03-07,WPG,VAN,1,0.738542,0.261458,WPG,1
logistic_engineered,20242025,20252026,20252026,2025020997,2026-03-07,LAK,MTL,0,0.602572,0.397428,LAK,0
logistic_engineered,20242025,20252026,20252026,2025020998,2026-03-07,CGY,CAR,1,0.502531,0.497469,CGY,1
logistic_engineered,20242025,20252026,20252026,2025020999,2026-03-07,SJS,NYI,0,0.350918,0.649082,NYI,1
logistic_engineered,20242025,20252026,20252026,2025021000,2026-03-07,SEA,OTT,0,0.500143,0.499857,SEA,0
logistic_engineered,20242025,20252026,20252026,2025021001,2026-03-08,COL,MIN,1,0.623108,0.376892,COL,1
logistic_engineered,20242025,20252026,20252026,2025021002,2026-03-08,PIT,BOS,1,0.506719,0.493281,PIT,1
logistic_engineered,20242025,20252026,20252026,2025021003,2026-03-08,BUF,TBL,1,0.466816,0.533184,TBL,0
logistic_engineered,20242025,20252026,20252026,2025021004,2026-03-08,DAL,CHI,1,0.717351,0.282649,DAL,1
logistic_engineered,20242025,20252026,20252026,2025021005,2026-03-08,NJD,DET,0,0.747961,0.252039,NJD,0
logistic_engineered,20242025,20252026,20252026,2025021006,2026-03-08,ANA,STL,0,0.546671,0.453329,ANA,0
logistic_engineered,20242025,20252026,20252026,2025021007,2026-03-08,VGK,EDM,0,0.524082,0.475918,VGK,0
logistic_engineered,20242025,20252026,20252026,2025020828,2026-03-09,CBJ,LAK,0,0.533343,0.466657,CBJ,0
logistic_engineered,20242025,20252026,20252026,2025021008,2026-03-09,PHI,NYR,0,0.172093,0.827907,NYR,1
logistic_engineered,20242025,20252026,20252026,2025021009,2026-03-09,WSH,CGY,1,0.632466,0.367534,WSH,1
logistic_engineered,20242025,20252026,20252026,2025021010,2026-03-09,CHI,UTA,1,0.331692,0.668308,UTA,0
logistic_engineered,20242025,20252026,20252026,2025021011,2026-03-09,VAN,OTT,0,0.461108,0.538892,OTT,1
logistic_engineered,20242025,20252026,20252026,2025021012,2026-03-10,BOS,LAK,1,0.572617,0.427383,BOS,1
logistic_engineered,20242025,20252026,20252026,2025021013,2026-03-10,BUF,SJS,1,0.67879,0.32121,BUF,1
logistic_engineered,20242025,20252026,20252026,2025021014,2026-03-10,MTL,TOR,1,0.565685,0.434315,MTL,1
logistic_engineered,20242025,20252026,20252026,2025021015,2026-03-10,TBL,CBJ,0,0.710891,0.289109,TBL,0
logistic_engineered,20242025,20252026,20252026,2025021016,2026-03-10,FLA,DET,1,0.614224,0.385776,FLA,1
logistic_engineered,20242025,20252026,20252026,2025021017,2026-03-10,NYR,CGY,1,0.583913,0.416087,NYR,1
logistic_engineered,20242025,20252026,20252026,2025021018,2026-03-10,CAR,PIT,1,0.638566,0.361434,CAR,1
logistic_engineered,20242025,20252026,20252026,2025021019,2026-03-10,STL,NYI,0,0.520492,0.479508,STL,0
logistic_engineered,20242025,20252026,20252026,2025021020,2026-03-10,DAL,VGK,1,0.600931,0.399069,DAL,1
logistic_engineered,20242025,20252026,20252026,2025021021,2026-03-10,MIN,UTA,1,0.652092,0.347908,MIN,1
logistic_engineered,20242025,20252026,20252026,2025021022,2026-03-10,WPG,ANA,0,0.654481,0.345519,WPG,0
logistic_engineered,20242025,20252026,20252026,2025021023,2026-03-10,COL,EDM,0,0.842891,0.157109,COL,0
logistic_engineered,20242025,20252026,20252026,2025021024,2026-03-10,SEA,NSH,0,0.562005,0.437995,SEA,0
logistic_engineered,20242025,20252026,20252026,2025021025,2026-03-11,OTT,MTL,0,0.628378,0.371622,OTT,0
logistic_engineered,20242025,20252026,20252026,2025021026,2026-03-11,PHI,WSH,1,0.456777,0.543223,WSH,0
logistic_engineered,20242025,20252026,20252026,2025021027,2026-03-12,BOS,SJS,0,0.649641,0.350359,BOS,0
logistic_engineered,20242025,20252026,20252026,2025021028,2026-03-12,BUF,WSH,0,0.647684,0.352316,BUF,0
logistic_engineered,20242025,20252026,20252026,2025021029,2026-03-12,TOR,ANA,1,0.577219,0.422781,TOR,1
logistic_engineered,20242025,20252026,20252026,2025021030,2026-03-12,TBL,DET,1,0.687464,0.312536,TBL,1
logistic_engineered,20242025,20252026,20252026,2025021031,2026-03-12,FLA,CBJ,1,0.529602,0.470398,FLA,1
logistic_engineered,20242025,20252026,20252026,2025021032,2026-03-12,NJD,CGY,0,0.651325,0.348675,NJD,0
logistic_engineered,20242025,20252026,20252026,2025021033,2026-03-12,CAR,STL,0,0.611285,0.388715,CAR,0
logistic_engineered,20242025,20252026,20252026,2025021034,2026-03-12,DAL,EDM,1,0.561512,0.438488,DAL,1
logistic_engineered,20242025,20252026,20252026,2025021035,2026-03-12,MIN,PHI,0,0.736621,0.263379,MIN,0
logistic_engineered,20242025,20252026,20252026,2025021036,2026-03-12,WPG,NYR,0,0.600192,0.399808,WPG,0
logistic_engineered,20242025,20252026,20252026,2025021037,2026-03-12,UTA,CHI,0,0.631283,0.368717,UTA,0
logistic_engineered,20242025,20252026,20252026,2025021038,2026-03-12,VAN,NSH,1,0.525637,0.474363,VAN,1
logistic_engineered,20242025,20252026,20252026,2025021039,2026-03-12,VGK,PIT,1,0.622462,0.377538,VGK,1
logistic_engineered,20242025,20252026,20252026,2025021040,2026-03-12,SEA,COL,0,0.149142,0.850858,COL,1
logistic_engineered,20242025,20252026,20252026,2025021041,2026-03-13,NYI,LAK,0,0.520745,0.479255,NYI,0
logistic_engineered,20242025,20252026,20252026,2025021042,2026-03-13,STL,EDM,1,0.476369,0.523631,EDM,0
logistic_engineered,20242025,20252026,20252026,2025021043,2026-03-14,OTT,ANA,1,0.616185,0.383815,OTT,1
logistic_engineered,20242025,20252026,20252026,2025021044,2026-03-14,WSH,BOS,0,0.622221,0.377779,WSH,0
logistic_engineered,20242025,20252026,20252026,2025021045,2026-03-14,WPG,COL,1,0.501508,0.498492,WPG,1
logistic_engineered,20242025,20252026,20252026,2025021046,2026-03-14,MIN,NYR,0,0.568987,0.431013,MIN,0
logistic_engineered,20242025,20252026,20252026,2025021047,2026-03-14,BUF,TOR,1,0.5528,0.4472,BUF,1
logistic_engineered,20242025,20252026,20252026,2025021048,2026-03-14,MTL,SJS,0,0.68809,0.31191,MTL,0
logistic_engineered,20242025,20252026,20252026,2025021049,2026-03-14,TBL,CAR,0,0.585644,0.414356,TBL,0
logistic_engineered,20242025,20252026,20252026,2025021050,2026-03-14,NJD,LAK,1,0.612527,0.387473,NJD,1
logistic_engineered,20242025,20252026,20252026,2025021051,2026-03-14,NYI,CGY,1,0.776225,0.223775,NYI,1
logistic_engineered,20242025,20252026,20252026,2025021052,2026-03-14,PHI,CBJ,0,0.463354,0.536646,CBJ,1
logistic_engineered,20242025,20252026,20252026,2025021053,2026-03-14,DAL,DET,1,0.647977,0.352023,DAL,1
logistic_engineered,20242025,20252026,20252026,2025021054,2026-03-14,UTA,PIT,0,0.588067,0.411933,UTA,0
logistic_engineered,20242025,20252026,20252026,2025021055,2026-03-14,VAN,SEA,0,0.499282,0.500718,SEA,1
logistic_engineered,20242025,20252026,20252026,2025021056,2026-03-14,VGK,CHI,1,0.70876,0.29124,VGK,1
logistic_engineered,20242025,20252026,20252026,2025021057,2026-03-15,WPG,STL,1,0.477517,0.522483,STL,0
logistic_engineered,20242025,20252026,20252026,2025021058,2026-03-15,OTT,SJS,1,0.68953,0.31047,OTT,1
logistic_engineered,20242025,20252026,20252026,2025021059,2026-03-15,MTL,ANA,0,0.546476,0.453524,MTL,0
logistic_engineered,20242025,20252026,20252026,2025021060,2026-03-15,MIN,TOR,0,0.546274,0.453726,MIN,0
logistic_engineered,20242025,20252026,20252026,2025021061,2026-03-15,EDM,NSH,1,0.622173,0.377827,EDM,1
logistic_engineered,20242025,20252026,20252026,2025021062,2026-03-15,SEA,FLA,1,0.390715,0.609285,FLA,0
logistic_engineered,20242025,20252026,20252026,2025021063,2026-03-16,DET,CGY,1,0.590221,0.409779,DET,1
logistic_engineered,20242025,20252026,20252026,2025021064,2026-03-16,NJD,BOS,1,0.593233,0.406767,NJD,1
logistic_engineered,20242025,20252026,20252026,2025021065,2026-03-16,NYR,LAK,0,0.548669,0.451331,NYR,0
logistic_engineered,20242025,20252026,20252026,2025021066,2026-03-16,DAL,UTA,0,0.64033,0.35967,DAL,0
logistic_engineered,20242025,20252026,20252026,2025021067,2026-03-16,COL,PIT,0,0.25478,0.74522,PIT,1
logistic_engineered,20242025,20252026,20252026,2025021068,2026-03-17,TOR,NYI,0,0.572047,0.427953,TOR,0
logistic_engineered,20242025,20252026,20252026,2025021069,2026-03-17,MTL,BOS,1,0.68059,0.31941,MTL,1
logistic_engineered,20242025,20252026,20252026,2025021070,2026-03-17,CBJ,CAR,1,0.498212,0.501788,CAR,0
logistic_engineered,20242025,20252026,20252026,2025021071,2026-03-17,WPG,NSH,0,0.614435,0.385565,WPG,0
logistic_engineered,20242025,20252026,20252026,2025021072,2026-03-17,CHI,MIN,0,0.725015,0.274985,CHI,0
logistic_engineered,20242025,20252026,20252026,2025021073,2026-03-17,EDM,SJS,1,0.669113,0.330887,EDM,1
logistic_engineered,20242025,20252026,20252026,2025021074,2026-03-17,VAN,FLA,1,0.471008,0.528992,FLA,0
logistic_engineered,20242025,20252026,20252026,2025021075,2026-03-17,VGK,BUF,0,0.588614,0.411386,VGK,0
logistic_engineered,20242025,20252026,20252026,2025021076,2026-03-17,SEA,TBL,0,0.380315,0.619685,TBL,1
logistic_engineered,20242025,20252026,20252026,2025021077,2026-03-18,NYR,NJD,0,0.483102,0.516898,NJD,1
logistic_engineered,20242025,20252026,20252026,2025021078,2026-03-18,CAR,PIT,1,0.535762,0.464238,CAR,1
logistic_engineered,20242025,20252026,20252026,2025021079,2026-03-18,WSH,OTT,1,0.56385,0.43615,WSH,1
logistic_engineered,20242025,20252026,20252026,2025021080,2026-03-18,COL,DAL,0,0.507001,0.492999,COL,0
logistic_engineered,20242025,20252026,20252026,2025021081,2026-03-18,CGY,STL,1,0.538977,0.461023,CGY,1
logistic_engineered,20242025,20252026,20252026,2025021082,2026-03-18,ANA,PHI,0,0.612336,0.387664,ANA,0
logistic_engineered,20242025,20252026,20252026,2025021083,2026-03-19,BOS,WPG,1,0.510017,0.489983,BOS,1
logistic_engineered,20242025,20252026,20252026,2025021084,2026-03-19,OTT,NYI,1,0.470441,0.529559,NYI,0
logistic_engineered,20242025,20252026,20252026,2025021085,2026-03-19,DET,MTL,1,0.543992,0.456008,DET,1
logistic_engineered,20242025,20252026,20252026,2025021086,2026-03-19,CBJ,NYR,1,0.676416,0.323584,CBJ,1
logistic_engineered,20242025,20252026,20252026,2025021087,2026-03-19,NSH,SEA,1,0.533644,0.466356,NSH,1
logistic_engineered,20242025,20252026,20252026,2025021088,2026-03-19,MIN,CHI,0,0.665547,0.334453,MIN,0
logistic_engineered,20242025,20252026,20252026,2025021089,2026-03-19,EDM,FLA,0,0.57869,0.42131,EDM,0
logistic_engineered,20242025,20252026,20252026,2025021090,2026-03-19,VAN,TBL,0,0.328531,0.671469,TBL,1
logistic_engineered,20242025,20252026,20252026,2025021091,2026-03-19,VGK,UTA,0,0.212535,0.787465,UTA,1
logistic_engineered,20242025,20252026,20252026,2025021092,2026-03-19,SJS,BUF,0,0.401181,0.598819,BUF,1
logistic_engineered,20242025,20252026,20252026,2025021093,2026-03-19,LAK,PHI,0,0.703779,0.296221,LAK,0
logistic_engineered,20242025,20252026,20252026,2025021094,2026-03-20,TOR,CAR,0,0.474345,0.525655,CAR,1
logistic_engineered,20242025,20252026,20252026,2025021095,2026-03-20,WSH,NJD,1,0.571894,0.428106,WSH,1
logistic_engineered,20242025,20252026,20252026,2025021096,2026-03-20,CHI,COL,0,0.297398,0.702602,COL,1
logistic_engineered,20242025,20252026,20252026,2025021097,2026-03-20,CGY,FLA,1,0.577293,0.422707,CGY,1
logistic_engineered,20242025,20252026,20252026,2025021098,2026-03-20,UTA,ANA,0,0.446005,0.553995,ANA,1
logistic_engineered,20242025,20252026,20252026,2025021099,2026-03-21,PIT,WPG,1,0.551244,0.448756,PIT,1
logistic_engineered,20242025,20252026,20252026,2025021100,2026-03-21,NSH,VGK,1,0.536209,0.463791,NSH,1
logistic_engineered,20242025,20252026,20252026,2025021101,2026-03-21,MIN,DAL,1,0.496367,0.503633,DAL,0
logistic_engineered,20242025,20252026,20252026,2025021102,2026-03-21,LAK,BUF,0,0.519634,0.480366,LAK,0
logistic_engineered,20242025,20252026,20252026,2025021103,2026-03-21,SJS,PHI,0,0.491549,0.508451,PHI,1
logistic_engineered,20242025,20252026,20252026,2025021104,2026-03-21,CBJ,SEA,1,0.605236,0.394764,CBJ,1
logistic_engineered,20242025,20252026,20252026,2025021105,2026-03-21,MTL,NYI,1,0.8197,0.1803,MTL,1
logistic_engineered,20242025,20252026,20252026,2025021106,2026-03-21,OTT,TOR,1,0.635543,0.364457,OTT,1
logistic_engineered,20242025,20252026,20252026,2025021107,2026-03-21,VAN,STL,0,0.465506,0.534494,STL,1
logistic_engineered,20242025,20252026,20252026,2025021108,2026-03-21,DET,BOS,0,0.591563,0.408437,DET,0
logistic_engineered,20242025,20252026,20252026,2025021109,2026-03-21,EDM,TBL,0,0.401239,0.598761,TBL,1
logistic_engineered,20242025,20252026,20252026,2025021110,2026-03-22,NYR,WPG,0,0.576086,0.423914,NYR,0
logistic_engineered,20242025,20252026,20252026,2025021111,2026-03-22,WSH,COL,0,0.518784,0.481216,WSH,0
logistic_engineered,20242025,20252026,20252026,2025021112,2026-03-22,PIT,CAR,0,0.361898,0.638102,CAR,1
logistic_engineered,20242025,20252026,20252026,2025021113,2026-03-22,CHI,NSH,0,0.556896,0.443104,CHI,0
logistic_engineered,20242025,20252026,20252026,2025021114,2026-03-22,NYI,CBJ,1,0.472332,0.527668,CBJ,0
logistic_engineered,20242025,20252026,20252026,2025021115,2026-03-22,DAL,VGK,0,0.589896,0.410104,DAL,0
logistic_engineered,20242025,20252026,20252026,2025021116,2026-03-22,CGY,TBL,1,0.411371,0.588629,TBL,0
logistic_engineered,20242025,20252026,20252026,2025021117,2026-03-22,ANA,BUF,1,0.600153,0.399847,ANA,1
logistic_engineered,20242025,20252026,20252026,2025021118,2026-03-22,UTA,LAK,1,0.613448,0.386552,UTA,1
logistic_engineered,20242025,20252026,20252026,2025021119,2026-03-23,NYR,OTT,0,0.386378,0.613622,OTT,1
logistic_engineered,20242025,20252026,20252026,2025021120,2026-03-24,BOS,TOR,0,0.550763,0.449237,BOS,0
logistic_engineered,20242025,20252026,20252026,2025021121,2026-03-24,MTL,CAR,1,0.50756,0.49244,MTL,1
logistic_engineered,20242025,20252026,20252026,2025021122,2026-03-24,DET,OTT,0,0.645712,0.354288,DET,0
logistic_engineered,20242025,20252026,20252026,2025021123,2026-03-24,FLA,SEA,1,0.528204,0.471796,FLA,1
logistic_engineered,20242025,20252026,20252026,2025021124,2026-03-24,NYI,CHI,0,0.525752,0.474248,NYI,0
logistic_engineered,20242025,20252026,20252026,2025021125,2026-03-24,PHI,CBJ,0,0.490409,0.509591,CBJ,1
logistic_engineered,20242025,20252026,20252026,2025021126,2026-03-24,PIT,COL,0,0.522886,0.477114,PIT,0
logistic_engineered,20242025,20252026,20252026,2025021127,2026-03-24,TBL,MIN,1,0.628735,0.371265,TBL,1
logistic_engineered,20242025,20252026,20252026,2025021128,2026-03-24,STL,WSH,1,0.497359,0.502641,WSH,0
logistic_engineered,20242025,20252026,20252026,2025021129,2026-03-24,NSH,SJS,1,0.610922,0.389078,NSH,1
logistic_engineered,20242025,20252026,20252026,2025021130,2026-03-24,DAL,NJD,0,0.224478,0.775522,NJD,1
logistic_engineered,20242025,20252026,20252026,2025021131,2026-03-24,WPG,VGK,1,0.597158,0.402842,WPG,1
logistic_engineered,20242025,20252026,20252026,2025021132,2026-03-24,UTA,EDM,0,0.196326,0.803674,EDM,1
logistic_engineered,20242025,20252026,20252026,2025021133,2026-03-24,CGY,LAK,1,0.485412,0.514588,LAK,0
logistic_engineered,20242025,20252026,20252026,2025021134,2026-03-24,VAN,ANA,0,0.470964,0.529036,ANA,1
logistic_engineered,20242025,20252026,20252026,2025021135,2026-03-25,BUF,BOS,0,0.667323,0.332677,BUF,0
logistic_engineered,20242025,20252026,20252026,2025021136,2026-03-25,TOR,NYR,1,0.469958,0.530042,NYR,0
logistic_engineered,20242025,20252026,20252026,2025021137,2026-03-26,MTL,CBJ,1,0.540578,0.459422,MTL,1
logistic_engineered,20242025,20252026,20252026,2025021138,2026-03-26,OTT,PIT,0,0.547778,0.452222,OTT,0
logistic_engineered,20242025,20252026,20252026,2025021139,2026-03-26,TBL,SEA,0,0.677509,0.322491,TBL,0
logistic_engineered,20242025,20252026,20252026,2025021140,2026-03-26,FLA,MIN,0,0.493968,0.506032,MIN,1
logistic_engineered,20242025,20252026,20252026,2025021141,2026-03-26,NYI,DAL,1,0.430805,0.569195,DAL,0
logistic_engineered,20242025,20252026,20252026,2025021142,2026-03-26,PHI,CHI,1,0.586684,0.413316,PHI,1
logistic_engineered,20242025,20252026,20252026,2025021143,2026-03-26,STL,SJS,1,0.849605,0.150395,STL,1
logistic_engineered,20242025,20252026,20252026,2025021144,2026-03-26,NSH,NJD,0,0.475069,0.524931,NJD,1
logistic_engineered,20242025,20252026,20252026,2025021145,2026-03-26,WPG,COL,0,0.554935,0.445065,WPG,0
logistic_engineered,20242025,20252026,20252026,2025021146,2026-03-26,UTA,WSH,0,0.194882,0.805118,WSH,1
logistic_engineered,20242025,20252026,20252026,2025021147,2026-03-26,CGY,ANA,0,0.507602,0.492398,CGY,0
logistic_engineered,20242025,20252026,20252026,2025021148,2026-03-26,VGK,EDM,0,0.53632,0.46368,VGK,0
logistic_engineered,20242025,20252026,20252026,2025021149,2026-03-26,VAN,LAK,0,0.416894,0.583106,LAK,1
logistic_engineered,20242025,20252026,20252026,2025021150,2026-03-27,BUF,DET,0,0.550989,0.449011,BUF,0
logistic_engineered,20242025,20252026,20252026,2025021151,2026-03-27,NYR,CHI,1,0.672174,0.327826,NYR,1
logistic_engineered,20242025,20252026,20252026,2025021152,2026-03-28,TBL,OTT,1,0.660465,0.339535,TBL,1
logistic_engineered,20242025,20252026,20252026,2025021153,2026-03-28,NYI,FLA,1,0.532522,0.467478,NYI,1
logistic_engineered,20242025,20252026,20252026,2025021154,2026-03-28,EDM,ANA,1,0.556002,0.443998,EDM,1
logistic_engineered,20242025,20252026,20252026,2025021155,2026-03-28,BOS,MIN,1,0.50146,0.49854,BOS,1
logistic_engineered,20242025,20252026,20252026,2025021156,2026-03-28,PIT,DAL,0,0.455056,0.544944,DAL,1
logistic_engineered,20242025,20252026,20252026,2025021157,2026-03-28,CAR,NJD,1,0.639625,0.360375,CAR,1
logistic_engineered,20242025,20252026,20252026,2025021158,2026-03-28,CBJ,SJS,0,0.644442,0.355558,CBJ,0
logistic_engineered,20242025,20252026,20252026,2025021159,2026-03-28,BUF,SEA,1,0.439654,0.560346,SEA,0
logistic_engineered,20242025,20252026,20252026,2025021160,2026-03-28,STL,TOR,1,0.501002,0.498998,STL,1
logistic_engineered,20242025,20252026,20252026,2025021161,2026-03-28,NSH,MTL,0,0.491021,0.508979,MTL,1
logistic_engineered,20242025,20252026,20252026,2025021162,2026-03-28,COL,WPG,0,0.611246,0.388754,COL,0
logistic_engineered,20242025,20252026,20252026,2025021163,2026-03-28,DET,PHI,0,0.196489,0.803511,PHI,1
logistic_engineered,20242025,20252026,20252026,2025021164,2026-03-28,LAK,UTA,0,0.219155,0.780845,UTA,1
logistic_engineered,20242025,20252026,20252026,2025021165,2026-03-28,CGY,VAN,1,0.805908,0.194092,CGY,1
logistic_engineered,20242025,20252026,20252026,2025021166,2026-03-28,VGK,WSH,0,0.566761,0.433239,VGK,0
logistic_engineered,20242025,20252026,20252026,2025021167,2026-03-29,NYR,FLA,1,0.654542,0.345458,NYR,1
logistic_engineered,20242025,20252026,20252026,2025021168,2026-03-29,TBL,NSH,1,0.698308,0.301692,TBL,1
logistic_engineered,20242025,20252026,20252026,2025021169,2026-03-29,CAR,MTL,0,0.609769,0.390231,CAR,0
logistic_engineered,20242025,20252026,20252026,2025021170,2026-03-29,CBJ,BOS,0,0.538953,0.461047,CBJ,0
logistic_engineered,20242025,20252026,20252026,2025021171,2026-03-29,NJD,CHI,1,0.563333,0.436667,NJD,1
logistic_engineered,20242025,20252026,20252026,2025021172,2026-03-29,PHI,DAL,1,0.39749,0.60251,DAL,0
logistic_engineered,20242025,20252026,20252026,2025021173,2026-03-30,NYI,PIT,0,0.174333,0.825667,PIT,1
logistic_engineered,20242025,20252026,20252026,2025021174,2026-03-30,COL,CGY,1,0.898049,0.101951,COL,1
logistic_engineered,20242025,20252026,20252026,2025021175,2026-03-30,VGK,VAN,1,0.689917,0.310083,VGK,1
logistic_engineered,20242025,20252026,20252026,2025021176,2026-03-30,ANA,TOR,0,0.53968,0.46032,ANA,0
logistic_engineered,20242025,20252026,20252026,2025021177,2026-03-30,SJS,STL,1,0.428706,0.571294,STL,0
logistic_engineered,20242025,20252026,20252026,2025021178,2026-03-31,BOS,DAL,1,0.453008,0.546992,DAL,0
logistic_engineered,20242025,20252026,20252026,2025021179,2026-03-31,BUF,NYI,1,0.682321,0.317679,BUF,1
logistic_engineered,20242025,20252026,20252026,2025021180,2026-03-31,TBL,MTL,0,0.670836,0.329164,TBL,0
logistic_engineered,20242025,20252026,20252026,2025021181,2026-03-31,FLA,OTT,1,0.778848,0.221152,FLA,1
logistic_engineered,20242025,20252026,20252026,2025021182,2026-03-31,NYR,NJD,1,0.512426,0.487574,NYR,1
logistic_engineered,20242025,20252026,20252026,2025021183,2026-03-31,PIT,DET,1,0.71164,0.28836,PIT,1
logistic_engineered,20242025,20252026,20252026,2025021184,2026-03-31,WSH,PHI,1,0.623429,0.376571,WSH,1
logistic_engineered,20242025,20252026,20252026,2025021185,2026-03-31,CBJ,CAR,0,0.47322,0.52678,CAR,1
logistic_engineered,20242025,20252026,20252026,2025021186,2026-03-31,CHI,WPG,0,0.360471,0.639529,WPG,1
logistic_engineered,20242025,20252026,20252026,2025021187,2026-03-31,EDM,SEA,1,0.566358,0.433642,EDM,1
logistic_engineered,20242025,20252026,20252026,2025021188,2026-04-01,COL,VAN,0,0.346965,0.653035,VAN,1
logistic_engineered,20242025,20252026,20252026,2025021189,2026-04-01,LAK,STL,1,0.604745,0.395255,LAK,1
logistic_engineered,20242025,20252026,20252026,2025021190,2026-04-01,SJS,ANA,1,0.434586,0.565414,ANA,0
logistic_engineered,20242025,20252026,20252026,2025021191,2026-04-02,OTT,BUF,1,0.54525,0.45475,OTT,1
logistic_engineered,20242025,20252026,20252026,2025021192,2026-04-02,TBL,PIT,1,0.646474,0.353526,TBL,1
logistic_engineered,20242025,20252026,20252026,2025021193,2026-04-02,FLA,BOS,1,0.599063,0.400937,FLA,1
logistic_engineered,20242025,20252026,20252026,2025021194,2026-04-02,NJD,WSH,1,0.542627,0.457373,NJD,1
logistic_engineered,20242025,20252026,20252026,2025021195,2026-04-02,NYR,MTL,0,0.514673,0.485327,NYR,0
logistic_engineered,20242025,20252026,20252026,2025021196,2026-04-02,PHI,DET,0,0.429956,0.570044,DET,1
logistic_engineered,20242025,20252026,20252026,2025021197,2026-04-02,CAR,CBJ,1,0.607216,0.392784,CAR,1
logistic_engineered,20242025,20252026,20252026,2025021198,2026-04-02,DAL,WPG,1,0.604166,0.395834,DAL,1
logistic_engineered,20242025,20252026,20252026,2025021199,2026-04-02,MIN,VAN,1,0.761603,0.238397,MIN,1
logistic_engineered,20242025,20252026,20252026,2025021200,2026-04-02,EDM,CHI,1,0.882911,0.117089,EDM,1
logistic_engineered,20242025,20252026,20252026,2025021201,2026-04-02,VGK,CGY,1,0.693168,0.306832,VGK,1
logistic_engineered,20242025,20252026,20252026,2025021202,2026-04-02,SJS,TOR,1,0.33071,0.66929,TOR,0
logistic_engineered,20242025,20252026,20252026,2025021203,2026-04-02,SEA,UTA,0,0.5042,0.4958,SEA,0
logistic_engineered,20242025,20252026,20252026,2025021204,2026-04-02,LAK,NSH,0,0.475671,0.524329,NSH,1
logistic_engineered,20242025,20252026,20252026,2025021205,2026-04-03,NYI,PHI,0,0.634446,0.365554,NYI,0
logistic_engineered,20242025,20252026,20252026,2025021206,2026-04-03,ANA,STL,0,0.573462,0.426538,ANA,0
logistic_engineered,20242025,20252026,20252026,2025021207,2026-04-04,NYR,DET,1,0.478051,0.521949,DET,0
logistic_engineered,20242025,20252026,20252026,2025021208,2026-04-04,OTT,MIN,0,0.510261,0.489739,OTT,0
logistic_engineered,20242025,20252026,20252026,2025021209,2026-04-04,DAL,COL,0,0.50765,0.49235,DAL,0
logistic_engineered,20242025,20252026,20252026,2025021210,2026-04-04,TBL,BOS,1,0.676321,0.323679,TBL,1
logistic_engineered,20242025,20252026,20252026,2025021211,2026-04-04,PIT,FLA,1,0.815636,0.184364,PIT,1
logistic_engineered,20242025,20252026,20252026,2025021212,2026-04-04,NJD,MTL,0,0.576796,0.423204,NJD,0
logistic_engineered,20242025,20252026,20252026,2025021213,2026-04-04,WSH,BUF,1,0.822286,0.177714,WSH,1
logistic_engineered,20242025,20252026,20252026,2025021214,2026-04-04,CAR,NYI,1,0.683801,0.316199,CAR,1
logistic_engineered,20242025,20252026,20252026,2025021215,2026-04-04,CBJ,WPG,0,0.464651,0.535349,WPG,1
logistic_engineered,20242025,20252026,20252026,2025021216,2026-04-04,VAN,UTA,0,0.46612,0.53388,UTA,1
logistic_engineered,20242025,20252026,20252026,2025021217,2026-04-04,LAK,TOR,1,0.574266,0.425734,LAK,1
logistic_engineered,20242025,20252026,20252026,2025021218,2026-04-04,EDM,VGK,0,0.479958,0.520042,VGK,1
logistic_engineered,20242025,20252026,20252026,2025021219,2026-04-04,ANA,CGY,0,0.486487,0.513513,CGY,1
logistic_engineered,20242025,20252026,20252026,2025021220,2026-04-04,SJS,NSH,0,0.509264,0.490736,SJS,0
logistic_engineered,20242025,20252026,20252026,2025021221,2026-04-04,SEA,CHI,0,0.622362,0.377638,SEA,0
logistic_engineered,20242025,20252026,20252026,2025021222,2026-04-05,DET,MIN,0,0.45432,0.54568,MIN,1
logistic_engineered,20242025,20252026,20252026,2025021223,2026-04-05,PIT,FLA,1,0.565906,0.434094,PIT,1
logistic_engineered,20242025,20252026,20252026,2025021224,2026-04-05,PHI,BOS,1,0.596166,0.403834,PHI,1
logistic_engineered,20242025,20252026,20252026,2025021225,2026-04-05,OTT,CAR,1,0.472541,0.527459,CAR,0
logistic_engineered,20242025,20252026,20252026,2025021226,2026-04-05,MTL,NJD,0,0.524717,0.475283,MTL,0
logistic_engineered,20242025,20252026,20252026,2025021227,2026-04-05,NYR,WSH,1,0.477935,0.522065,WSH,0
logistic_engineered,20242025,20252026,20252026,2025021228,2026-04-05,COL,STL,0,0.586197,0.413803,COL,0
logistic_engineered,20242025,20252026,20252026,2025021229,2026-04-06,BUF,TBL,1,0.410796,0.589204,TBL,0
logistic_engineered,20242025,20252026,20252026,2025021230,2026-04-06,WPG,SEA,1,0.85178,0.14822,WPG,1
logistic_engineered,20242025,20252026,20252026,2025021231,2026-04-06,SJS,CHI,1,0.552956,0.447044,SJS,1
logistic_engineered,20242025,20252026,20252026,2025021232,2026-04-06,LAK,NSH,1,0.59655,0.40345,LAK,1
logistic_engineered,20242025,20252026,20252026,2025021233,2026-04-07,MTL,FLA,1,0.55456,0.44544,MTL,1
logistic_engineered,20242025,20252026,20252026,2025021234,2026-04-07,OTT,TBL,1,0.543557,0.456443,OTT,1
logistic_engineered,20242025,20252026,20252026,2025021235,2026-04-07,DET,CBJ,0,0.529351,0.470649,DET,0
logistic_engineered,20242025,20252026,20252026,2025021236,2026-04-07,NJD,PHI,0,0.609883,0.390117,NJD,0
logistic_engineered,20242025,20252026,20252026,2025021237,2026-04-07,CAR,BOS,1,0.860934,0.139066,CAR,1
logistic_engineered,20242025,20252026,20252026,2025021238,2026-04-07,STL,COL,0,0.455798,0.544202,COL,1
logistic_engineered,20242025,20252026,20252026,2025021239,2026-04-07,DAL,CGY,1,0.707711,0.292289,DAL,1
logistic_engineered,20242025,20252026,20252026,2025021240,2026-04-07,MIN,SEA,1,0.663262,0.336738,MIN,1
logistic_engineered,20242025,20252026,20252026,2025021241,2026-04-07,UTA,EDM,1,0.586328,0.413672,UTA,1
logistic_engineered,20242025,20252026,20252026,2025021242,2026-04-07,VAN,VGK,0,0.378534,0.621466,VGK,1
logistic_engineered,20242025,20252026,20252026,2025021243,2026-04-07,ANA,NSH,0,0.679039,0.320961,ANA,0
logistic_engineered,20242025,20252026,20252026,2025021244,2026-04-08,NYR,BUF,0,0.583087,0.416913,NYR,0
logistic_engineered,20242025,20252026,20252026,2025021245,2026-04-08,TOR,WSH,0,0.384674,0.615326,WSH,1
logistic_engineered,20242025,20252026,20252026,2025021246,2026-04-08,SJS,EDM,0,0.811467,0.188533,SJS,0
logistic_engineered,20242025,20252026,20252026,2025021247,2026-04-09,BUF,CBJ,1,0.439997,0.560003,CBJ,0
logistic_engineered,20242025,20252026,20252026,2025021248,2026-04-09,MTL,TBL,1,0.426428,0.573572,TBL,0
logistic_engineered,20242025,20252026,20252026,2025021249,2026-04-09,OTT,FLA,1,0.615823,0.384177,OTT,1
logistic_engineered,20242025,20252026,20252026,2025021250,2026-04-09,DET,PHI,1,0.529505,0.470495,DET,1
logistic_engineered,20242025,20252026,20252026,2025021251,2026-04-09,NJD,PIT,0,0.492158,0.507842,PIT,1
logistic_engineered,20242025,20252026,20252026,2025021252,2026-04-09,NYI,TOR,1,0.707734,0.292266,NYI,1
logistic_engineered,20242025,20252026,20252026,2025021253,2026-04-09,STL,WPG,0,0.45899,0.54101,WPG,1
logistic_engineered,20242025,20252026,20252026,2025021254,2026-04-09,DAL,MIN,1,0.604127,0.395873,DAL,1
logistic_engineered,20242025,20252026,20252026,2025021255,2026-04-09,CHI,CAR,0,0.444112,0.555888,CAR,1
logistic_engineered,20242025,20252026,20252026,2025021256,2026-04-09,COL,CGY,1,0.701896,0.298104,COL,1
logistic_engineered,20242025,20252026,20252026,2025021257,2026-04-09,UTA,NSH,1,0.624238,0.375762,UTA,1
logistic_engineered,20242025,20252026,20252026,2025021258,2026-04-09,ANA,SJS,1,0.696266,0.303734,ANA,1
logistic_engineered,20242025,20252026,20252026,2025021259,2026-04-09,SEA,VGK,1,0.46134,0.53866,VGK,0
logistic_engineered,20242025,20252026,20252026,2025021260,2026-04-09,LAK,VAN,1,0.609995,0.390005,LAK,1
logistic_engineered,20242025,20252026,20252026,2025021261,2026-04-11,BOS,TBL,0,0.470528,0.529472,TBL,1
logistic_engineered,20242025,20252026,20252026,2025021262,2026-04-11,NYI,OTT,0,0.539861,0.460139,NYI,0
logistic_engineered,20242025,20252026,20252026,2025021263,2026-04-11,PIT,WSH,0,0.451311,0.548689,WSH,1
logistic_engineered,20242025,20252026,20252026,2025021264,2026-04-11,LAK,EDM,1,0.514067,0.485933,LAK,1
logistic_engineered,20242025,20252026,20252026,2025021265,2026-04-11,DET,NJD,0,0.550432,0.449568,DET,0
logistic_engineered,20242025,20252026,20252026,2025021266,2026-04-11,CHI,STL,0,0.425465,0.574535,STL,1
logistic_engineered,20242025,20252026,20252026,2025021267,2026-04-11,NSH,MIN,1,0.490047,0.509953,MIN,0
logistic_engineered,20242025,20252026,20252026,2025021268,2026-04-11,DAL,NYR,1,0.643336,0.356664,DAL,1
logistic_engineered,20242025,20252026,20252026,2025021269,2026-04-11,UTA,CAR,0,0.532438,0.467562,UTA,0
logistic_engineered,20242025,20252026,20252026,2025021270,2026-04-11,TOR,FLA,0,0.574532,0.425468,TOR,0
logistic_engineered,20242025,20252026,20252026,2025021271,2026-04-11,MTL,CBJ,0,0.526991,0.473009,MTL,0
logistic_engineered,20242025,20252026,20252026,2025021272,2026-04-11,WPG,PHI,0,0.282246,0.717754,PHI,1
logistic_engineered,20242025,20252026,20252026,2025021273,2026-04-11,SEA,CGY,1,0.635339,0.364661,SEA,1
logistic_engineered,20242025,20252026,20252026,2025021274,2026-04-11,COL,VGK,0,0.550285,0.449715,COL,0
logistic_engineered,20242025,20252026,20252026,2025021275,2026-04-11,SJS,VAN,0,0.481115,0.518885,VAN,1
logistic_engineered,20242025,20252026,20252026,2025021276,2026-04-12,WSH,PIT,1,0.578375,0.421625,WSH,1
logistic_engineered,20242025,20252026,20252026,2025021277,2026-04-12,NYI,MTL,0,0.542212,0.457788,NYI,0
logistic_engineered,20242025,20252026,20252026,2025021278,2026-04-12,CBJ,BOS,0,0.583305,0.416695,CBJ,0
logistic_engineered,20242025,20252026,20252026,2025021279,2026-04-12,NJD,OTT,1,0.553106,0.446894,NJD,1
logistic_engineered,20242025,20252026,20252026,2025021280,2026-04-12,ANA,VAN,0,0.691973,0.308027,ANA,0
logistic_engineered,20242025,20252026,20252026,2025021281,2026-04-12,CGY,UTA,1,0.463282,0.536718,UTA,0
logistic_engineered,20242025,20252026,20252026,2025021282,2026-04-13,TBL,DET,1,0.633513,0.366487,TBL,1
logistic_engineered,20242025,20252026,20252026,2025021283,2026-04-13,FLA,NYR,1,0.575011,0.424989,FLA,1
logistic_engineered,20242025,20252026,20252026,2025021284,2026-04-13,PHI,CAR,1,0.454968,0.545032,CAR,0
logistic_engineered,20242025,20252026,20252026,2025021285,2026-04-13,TOR,DAL,0,0.4292,0.5708,DAL,1
logistic_engineered,20242025,20252026,20252026,2025021286,2026-04-13,STL,MIN,1,0.577569,0.422431,STL,1
logistic_engineered,20242025,20252026,20252026,2025021287,2026-04-13,NSH,SJS,0,0.608794,0.391206,NSH,0
logistic_engineered,20242025,20252026,20252026,2025021288,2026-04-13,CHI,BUF,0,0.431444,0.568556,BUF,1
logistic_engineered,20242025,20252026,20252026,2025021289,2026-04-13,EDM,COL,0,0.434377,0.565623,COL,1
logistic_engineered,20242025,20252026,20252026,2025021290,2026-04-13,VGK,WPG,1,0.672511,0.327489,VGK,1
logistic_engineered,20242025,20252026,20252026,2025021291,2026-04-13,SEA,LAK,0,0.56893,0.43107,SEA,0
logistic_engineered,20242025,20252026,20252026,2025021292,2026-04-14,BOS,NJD,1,0.525673,0.474327,BOS,1
logistic_engineered,20242025,20252026,20252026,2025021293,2026-04-14,NYI,CAR,0,0.567658,0.432342,NYI,0
logistic_engineered,20242025,20252026,20252026,2025021294,2026-04-14,PHI,MTL,1,0.331984,0.668016,MTL,0
logistic_engineered,20242025,20252026,20252026,2025021295,2026-04-14,CBJ,WSH,0,0.542873,0.457127,CBJ,0
logistic_engineered,20242025,20252026,20252026,2025021296,2026-04-14,MIN,ANA,1,0.38177,0.61823,ANA,0
logistic_engineered,20242025,20252026,20252026,2025021297,2026-04-14,UTA,WPG,1,0.631027,0.368973,UTA,1
logistic_engineered,20242025,20252026,20252026,2025021298,2026-04-14,CGY,COL,0,0.504582,0.495418,CGY,0
logistic_engineered,20242025,20252026,20252026,2025021299,2026-04-14,STL,PIT,1,0.799552,0.200448,STL,1
logistic_engineered,20242025,20252026,20252026,2025021300,2026-04-14,VAN,LAK,1,0.555161,0.444839,VAN,1
logistic_engineered,20242025,20252026,20252026,2025021301,2026-04-15,BUF,DAL,0,0.454346,0.545654,DAL,1
logistic_engineered,20242025,20252026,20252026,2025021302,2026-04-15,TBL,NYR,0,0.700001,0.299999,TBL,0
logistic_engineered,20242025,20252026,20252026,2025021303,2026-04-15,FLA,DET,1,0.807165,0.192835,FLA,1
logistic_engineered,20242025,20252026,20252026,2025021304,2026-04-15,OTT,TOR,1,0.577614,0.422386,OTT,1
logistic_engineered,20242025,20252026,20252026,2025021305,2026-04-15,CHI,SJS,1,0.556559,0.443441,CHI,1
logistic_engineered,20242025,20252026,20252026,2025021306,2026-04-15,VGK,SEA,1,0.629057,0.370943,VGK,1
logistic_engineered,20242025,20252026,20252026,2025021307,2026-04-16,NSH,ANA,0,0.486662,0.513338,ANA,1
logistic_engineered,20242025,20252026,20252026,2025021308,2026-04-16,WPG,SJS,0,0.744577,0.255423,WPG,0
logistic_engineered,20242025,20252026,20252026,2025021309,2026-04-16,UTA,STL,0,0.232834,0.767166,STL,1
logistic_engineered,20242025,20252026,20252026,2025021310,2026-04-16,CGY,LAK,1,0.519845,0.480155,CGY,1
logistic_engineered,20242025,20252026,20252026,2025021311,2026-04-16,EDM,VAN,1,0.593109,0.406891,EDM,1
logistic_engineered,20242025,20252026,20252026,2025021312,2026-04-16,COL,SEA,1,0.767349,0.232651,COL,1
